ISO-10303-21;
HEADER;
/* Generated by software containing ST-Developer
 * from STEP Tools, Inc. (www.steptools.com) 
 */
/* OPTION: using custom schema-name function */

FILE_DESCRIPTION(
/* description */ (''),
/* implementation_level */ '2;1');

FILE_NAME(
/* name */ 'BU4862~1',
/* time_stamp */ '2025-10-10T11:45:43+02:00',
/* author */ (''),
/* organization */ (''),
/* preprocessor_version */ 'ST-DEVELOPER v15',
/* originating_system */ '',
/* authorisation */ '');

FILE_SCHEMA (('AUTOMOTIVE_DESIGN'));
ENDSEC;

DATA;
#10=SHAPE_REPRESENTATION_RELATIONSHIP('','',#1564,#101);
#11=FACE_BOUND('',#330,.T.);
#12=FACE_BOUND('',#341,.T.);
#13=(
BOUNDED_CURVE()
B_SPLINE_CURVE(2,(#1837,#1838,#1839,#1840,#1841),.UNSPECIFIED.,.F.,.F.)
B_SPLINE_CURVE_WITH_KNOTS((3,2,3),(-0.0226194671058465,-0.0169646003293849,
-0.0113097335529233),.UNSPECIFIED.)
CURVE()
GEOMETRIC_REPRESENTATION_ITEM()
RATIONAL_B_SPLINE_CURVE((1.,0.707106781186548,1.,0.707106781186548,1.))
REPRESENTATION_ITEM('')
);
#14=(
BOUNDED_CURVE()
B_SPLINE_CURVE(2,(#1842,#1843,#1844,#1845,#1846),.UNSPECIFIED.,.F.,.F.)
B_SPLINE_CURVE_WITH_KNOTS((3,2,3),(-0.0113097335529233,-0.00565486677646163,
0.),.UNSPECIFIED.)
CURVE()
GEOMETRIC_REPRESENTATION_ITEM()
RATIONAL_B_SPLINE_CURVE((1.,0.707106781186547,1.,0.707106781186547,1.))
REPRESENTATION_ITEM('')
);
#15=(
BOUNDED_CURVE()
B_SPLINE_CURVE(2,(#1849,#1850,#1851),.UNSPECIFIED.,.F.,.F.)
B_SPLINE_CURVE_WITH_KNOTS((3,3),(-0.0176473171546299,-0.0157928325679473),
 .UNSPECIFIED.)
CURVE()
GEOMETRIC_REPRESENTATION_ITEM()
RATIONAL_B_SPLINE_CURVE((1.,0.971139867799375,1.))
REPRESENTATION_ITEM('')
);
#16=(
BOUNDED_CURVE()
B_SPLINE_CURVE(2,(#1854,#1855,#1856),.UNSPECIFIED.,.F.,.F.)
B_SPLINE_CURVE_WITH_KNOTS((3,3),(-0.031266679844399,-0.0294121952577164),
 .UNSPECIFIED.)
CURVE()
GEOMETRIC_REPRESENTATION_ITEM()
RATIONAL_B_SPLINE_CURVE((1.,0.971139867799375,1.))
REPRESENTATION_ITEM('')
);
#17=(
BOUNDED_CURVE()
B_SPLINE_CURVE(2,(#1857,#1858,#1859,#1860,#1861),.UNSPECIFIED.,.F.,.F.)
B_SPLINE_CURVE_WITH_KNOTS((3,2,3),(-0.0289720745198949,-0.0247373905030782,
-0.0205027064862614),.UNSPECIFIED.)
CURVE()
GEOMETRIC_REPRESENTATION_ITEM()
RATIONAL_B_SPLINE_CURVE((1.,0.855352124035534,1.,0.855352124035534,1.))
REPRESENTATION_ITEM('')
);
#18=(
BOUNDED_CURVE()
B_SPLINE_CURVE(2,(#1864,#1865,#1866,#1867,#1868),.UNSPECIFIED.,.F.,.F.)
B_SPLINE_CURVE_WITH_KNOTS((3,2,3),(-0.0294121952577164,-0.0235297562061731,
-0.0176473171546299),.UNSPECIFIED.)
CURVE()
GEOMETRIC_REPRESENTATION_ITEM()
RATIONAL_B_SPLINE_CURVE((1.,0.707106781186547,1.,0.707106781186549,1.))
REPRESENTATION_ITEM('')
);
#19=(
BOUNDED_CURVE()
B_SPLINE_CURVE(2,(#2150,#2151,#2152),.UNSPECIFIED.,.F.,.F.)
B_SPLINE_CURVE_WITH_KNOTS((3,3),(0.,0.000505680883773999),.UNSPECIFIED.)
CURVE()
GEOMETRIC_REPRESENTATION_ITEM()
RATIONAL_B_SPLINE_CURVE((1.,0.992760646273836,1.))
REPRESENTATION_ITEM('')
);
#20=(
BOUNDED_CURVE()
B_SPLINE_CURVE(2,(#2155,#2156,#2157),.UNSPECIFIED.,.F.,.F.)
B_SPLINE_CURVE_WITH_KNOTS((3,3),(0.,0.000505680883773999),.UNSPECIFIED.)
CURVE()
GEOMETRIC_REPRESENTATION_ITEM()
RATIONAL_B_SPLINE_CURVE((1.,0.992760646273836,1.))
REPRESENTATION_ITEM('')
);
#21=(
BOUNDED_CURVE()
B_SPLINE_CURVE(2,(#2226,#2227,#2228,#2229,#2230),.UNSPECIFIED.,.F.,.F.)
B_SPLINE_CURVE_WITH_KNOTS((3,2,3),(0.,0.00304663251179446,0.00609326502358891),
 .UNSPECIFIED.)
CURVE()
GEOMETRIC_REPRESENTATION_ITEM()
RATIONAL_B_SPLINE_CURVE((1.,0.736387508002271,1.,0.736387508002271,1.))
REPRESENTATION_ITEM('')
);
#22=(
BOUNDED_CURVE()
B_SPLINE_CURVE(2,(#2233,#2234,#2235,#2236,#2237),.UNSPECIFIED.,.F.,.F.)
B_SPLINE_CURVE_WITH_KNOTS((3,2,3),(-0.00609326502358891,-0.00304663251179446,
0.),.UNSPECIFIED.)
CURVE()
GEOMETRIC_REPRESENTATION_ITEM()
RATIONAL_B_SPLINE_CURVE((1.,0.736387508002271,1.,0.736387508002271,1.))
REPRESENTATION_ITEM('')
);
#23=(
BOUNDED_CURVE()
B_SPLINE_CURVE(2,(#2248,#2249,#2250),.UNSPECIFIED.,.F.,.F.)
B_SPLINE_CURVE_WITH_KNOTS((3,3),(0.,0.000505680883774021),.UNSPECIFIED.)
CURVE()
GEOMETRIC_REPRESENTATION_ITEM()
RATIONAL_B_SPLINE_CURVE((1.,0.992760646273824,1.))
REPRESENTATION_ITEM('')
);
#24=(
BOUNDED_CURVE()
B_SPLINE_CURVE(2,(#2251,#2252,#2253),.UNSPECIFIED.,.F.,.F.)
B_SPLINE_CURVE_WITH_KNOTS((3,3),(0.,0.000505680883774021),.UNSPECIFIED.)
CURVE()
GEOMETRIC_REPRESENTATION_ITEM()
RATIONAL_B_SPLINE_CURVE((1.,0.992760646273824,1.))
REPRESENTATION_ITEM('')
);
#25=(
BOUNDED_CURVE()
B_SPLINE_CURVE(2,(#2262,#2263,#2264,#2265,#2266),.UNSPECIFIED.,.F.,.F.)
B_SPLINE_CURVE_WITH_KNOTS((3,2,3),(-0.00785398163397461,-0.0039269908169873,
0.),.UNSPECIFIED.)
CURVE()
GEOMETRIC_REPRESENTATION_ITEM()
RATIONAL_B_SPLINE_CURVE((1.,0.707106781186547,1.,0.707106781186547,1.))
REPRESENTATION_ITEM('')
);
#26=(
BOUNDED_CURVE()
B_SPLINE_CURVE(2,(#2267,#2268,#2269,#2270,#2271),.UNSPECIFIED.,.F.,.F.)
B_SPLINE_CURVE_WITH_KNOTS((3,2,3),(-0.0157079632679492,-0.0117809724509619,
-0.00785398163397461),.UNSPECIFIED.)
CURVE()
GEOMETRIC_REPRESENTATION_ITEM()
RATIONAL_B_SPLINE_CURVE((1.,0.707106781186548,1.,0.707106781186548,1.))
REPRESENTATION_ITEM('')
);
#27=(
BOUNDED_CURVE()
B_SPLINE_CURVE(2,(#2272,#2273,#2274,#2275,#2276),.UNSPECIFIED.,.F.,.F.)
B_SPLINE_CURVE_WITH_KNOTS((3,2,3),(0.,0.00289819870181856,0.00579639740363712),
 .UNSPECIFIED.)
CURVE()
GEOMETRIC_REPRESENTATION_ITEM()
RATIONAL_B_SPLINE_CURVE((1.,0.836660026534074,1.,0.836660026534074,1.))
REPRESENTATION_ITEM('')
);
#28=(
BOUNDED_CURVE()
B_SPLINE_CURVE(2,(#2279,#2280,#2281),.UNSPECIFIED.,.F.,.F.)
B_SPLINE_CURVE_WITH_KNOTS((3,3),(0.,0.00102879211516874),.UNSPECIFIED.)
CURVE()
GEOMETRIC_REPRESENTATION_ITEM()
RATIONAL_B_SPLINE_CURVE((1.,0.978906312930699,1.))
REPRESENTATION_ITEM('')
);
#29=(
BOUNDED_CURVE()
B_SPLINE_CURVE(2,(#2284,#2285,#2286,#2287,#2288),.UNSPECIFIED.,.F.,.F.)
B_SPLINE_CURVE_WITH_KNOTS((3,2,3),(0.,0.00289819870181858,0.00579639740363716),
 .UNSPECIFIED.)
CURVE()
GEOMETRIC_REPRESENTATION_ITEM()
RATIONAL_B_SPLINE_CURVE((1.,0.836660026534074,1.,0.836660026534074,1.))
REPRESENTATION_ITEM('')
);
#30=(
BOUNDED_CURVE()
B_SPLINE_CURVE(2,(#2291,#2292,#2293),.UNSPECIFIED.,.F.,.F.)
B_SPLINE_CURVE_WITH_KNOTS((3,3),(0.00102879211516873,0.00205758423033745),
 .UNSPECIFIED.)
CURVE()
GEOMETRIC_REPRESENTATION_ITEM()
RATIONAL_B_SPLINE_CURVE((1.,0.978906312930696,1.))
REPRESENTATION_ITEM('')
);
#31=(
BOUNDED_CURVE()
B_SPLINE_CURVE(2,(#2294,#2295,#2296),.UNSPECIFIED.,.F.,.F.)
B_SPLINE_CURVE_WITH_KNOTS((3,3),(0.,0.00102879211516873),.UNSPECIFIED.)
CURVE()
GEOMETRIC_REPRESENTATION_ITEM()
RATIONAL_B_SPLINE_CURVE((1.,0.978906312930696,1.))
REPRESENTATION_ITEM('')
);
#32=(
BOUNDED_CURVE()
B_SPLINE_CURVE(2,(#2343,#2344,#2345),.UNSPECIFIED.,.F.,.F.)
B_SPLINE_CURVE_WITH_KNOTS((3,3),(0.00102879211516874,0.00205758423033745),
 .UNSPECIFIED.)
CURVE()
GEOMETRIC_REPRESENTATION_ITEM()
RATIONAL_B_SPLINE_CURVE((1.,0.9789063129307,1.))
REPRESENTATION_ITEM('')
);
#33=(
BOUNDED_SURFACE()
B_SPLINE_SURFACE(2,1,((#1808,#1809),(#1810,#1811),(#1812,#1813),(#1814,
#1815),(#1816,#1817)),.UNSPECIFIED.,.F.,.F.,.F.)
B_SPLINE_SURFACE_WITH_KNOTS((3,2,3),(2,2),(0.,0.00565486677646163,0.0113097335529233),
(0.,0.00512181432724),.UNSPECIFIED.)
GEOMETRIC_REPRESENTATION_ITEM()
RATIONAL_B_SPLINE_SURFACE(((1.,1.),(0.707106781186548,0.707106781186548),
(1.,1.),(0.707106781186548,0.707106781186548),(1.,1.)))
REPRESENTATION_ITEM('')
SURFACE()
);
#34=(
BOUNDED_SURFACE()
B_SPLINE_SURFACE(2,1,((#1821,#1822),(#1823,#1824),(#1825,#1826),(#1827,
#1828),(#1829,#1830)),.UNSPECIFIED.,.F.,.F.,.F.)
B_SPLINE_SURFACE_WITH_KNOTS((3,2,3),(2,2),(0.0113097335529233,0.0169646003293849,
0.0226194671058465),(0.,0.00512181432724),.UNSPECIFIED.)
GEOMETRIC_REPRESENTATION_ITEM()
RATIONAL_B_SPLINE_SURFACE(((1.,1.),(0.707106781186548,0.707106781186548),
(1.,1.),(0.707106781186548,0.707106781186548),(1.,1.)))
REPRESENTATION_ITEM('')
SURFACE()
);
#35=(
BOUNDED_SURFACE()
B_SPLINE_SURFACE(1,2,((#1955,#1956,#1957,#1958,#1959,#1960,#1961,#1962,
#1963),(#1964,#1965,#1966,#1967,#1968,#1969,#1970,#1971,#1972)),
 .UNSPECIFIED.,.F.,.F.,.F.)
B_SPLINE_SURFACE_WITH_KNOTS((2,2),(3,2,2,2,3),(0.,0.00516),(0.,0.00329867228626928,
0.00659734457253857,0.00989601685880785,0.0131946891450771),
 .UNSPECIFIED.)
GEOMETRIC_REPRESENTATION_ITEM()
RATIONAL_B_SPLINE_SURFACE(((1.,0.707106781186548,1.,0.707106781186548,1.,
0.707106781186548,1.,0.707106781186548,1.),(1.,0.707106781186548,1.,0.707106781186548,
1.,0.707106781186548,1.,0.707106781186548,1.)))
REPRESENTATION_ITEM('')
SURFACE()
);
#36=(
BOUNDED_SURFACE()
B_SPLINE_SURFACE(1,2,((#1983,#1984,#1985,#1986,#1987,#1988,#1989,#1990,
#1991),(#1992,#1993,#1994,#1995,#1996,#1997,#1998,#1999,#2000)),
 .UNSPECIFIED.,.F.,.F.,.F.)
B_SPLINE_SURFACE_WITH_KNOTS((2,2),(3,2,2,2,3),(0.,0.00516),(0.,0.00322013246992954,
0.00644026493985908,0.00966039740978861,0.0128805298797182),
 .UNSPECIFIED.)
GEOMETRIC_REPRESENTATION_ITEM()
RATIONAL_B_SPLINE_SURFACE(((1.,0.707106781186548,1.,0.707106781186548,1.,
0.707106781186548,1.,0.707106781186548,1.),(1.,0.707106781186548,1.,0.707106781186548,
1.,0.707106781186548,1.,0.707106781186548,1.)))
REPRESENTATION_ITEM('')
SURFACE()
);
#37=(
BOUNDED_SURFACE()
B_SPLINE_SURFACE(1,2,((#2003,#2004,#2005,#2006,#2007,#2008,#2009,#2010,
#2011),(#2012,#2013,#2014,#2015,#2016,#2017,#2018,#2019,#2020)),
 .UNSPECIFIED.,.F.,.F.,.F.)
B_SPLINE_SURFACE_WITH_KNOTS((2,2),(3,2,2,2,3),(0.,0.00516),(0.,0.00329867228626928,
0.00659734457253857,0.00989601685880785,0.0131946891450771),
 .UNSPECIFIED.)
GEOMETRIC_REPRESENTATION_ITEM()
RATIONAL_B_SPLINE_SURFACE(((1.,0.707106781186548,1.,0.707106781186548,1.,
0.707106781186548,1.,0.707106781186548,1.),(1.,0.707106781186548,1.,0.707106781186548,
1.,0.707106781186548,1.,0.707106781186548,1.)))
REPRESENTATION_ITEM('')
SURFACE()
);
#38=(
BOUNDED_SURFACE()
B_SPLINE_SURFACE(1,2,((#2025,#2026,#2027,#2028,#2029),(#2030,#2031,#2032,
#2033,#2034)),.UNSPECIFIED.,.F.,.F.,.F.)
B_SPLINE_SURFACE_WITH_KNOTS((2,2),(3,2,3),(0.,0.00395999999999996),(0.,
0.00392699081698731,0.00785398163397461),.UNSPECIFIED.)
GEOMETRIC_REPRESENTATION_ITEM()
RATIONAL_B_SPLINE_SURFACE(((1.,0.707106781186548,1.,0.707106781186548,1.),
(1.,0.707106781186548,1.,0.707106781186548,1.)))
REPRESENTATION_ITEM('')
SURFACE()
);
#39=(
BOUNDED_SURFACE()
B_SPLINE_SURFACE(1,2,((#2048,#2049,#2050,#2051,#2052),(#2053,#2054,#2055,
#2056,#2057)),.UNSPECIFIED.,.F.,.F.,.F.)
B_SPLINE_SURFACE_WITH_KNOTS((2,2),(3,2,3),(0.,0.00395999999999996),(0.00785398163397461,
0.0117809724509619,0.0157079632679492),.UNSPECIFIED.)
GEOMETRIC_REPRESENTATION_ITEM()
RATIONAL_B_SPLINE_SURFACE(((1.,0.707106781186548,1.,0.707106781186548,1.),
(1.,0.707106781186548,1.,0.707106781186548,1.)))
REPRESENTATION_ITEM('')
SURFACE()
);
#40=COLOUR_RGB('',0.325490196078431,0.529411764705882,0.752941176470588);
#41=COLOUR_RGB('',0.325490196078431,0.529411764705882,0.752941176470588);
#42=COLOUR_RGB('',0.325490196078431,0.529411764705882,0.752941176470588);
#43=COLOUR_RGB('',0.325490196078431,0.529411764705882,0.752941176470588);
#44=COLOUR_RGB('',0.325490196078431,0.529411764705882,0.752941176470588);
#45=COLOUR_RGB('',0.,0.588235294117647,1.);
#46=FILL_AREA_STYLE_COLOUR('',#40);
#47=FILL_AREA_STYLE_COLOUR('',#41);
#48=FILL_AREA_STYLE_COLOUR('',#42);
#49=FILL_AREA_STYLE_COLOUR('',#43);
#50=FILL_AREA_STYLE_COLOUR('',#44);
#51=FILL_AREA_STYLE_COLOUR('',#45);
#52=FILL_AREA_STYLE('',(#46));
#53=FILL_AREA_STYLE('',(#47));
#54=FILL_AREA_STYLE('',(#48));
#55=FILL_AREA_STYLE('',(#49));
#56=FILL_AREA_STYLE('',(#50));
#57=FILL_AREA_STYLE('',(#51));
#58=SURFACE_STYLE_FILL_AREA(#52);
#59=SURFACE_STYLE_FILL_AREA(#53);
#60=SURFACE_STYLE_FILL_AREA(#54);
#61=SURFACE_STYLE_FILL_AREA(#55);
#62=SURFACE_STYLE_FILL_AREA(#56);
#63=SURFACE_STYLE_FILL_AREA(#57);
#64=SURFACE_SIDE_STYLE('Part 5',(#58));
#65=SURFACE_SIDE_STYLE('Part 4',(#59));
#66=SURFACE_SIDE_STYLE('Part 3',(#60));
#67=SURFACE_SIDE_STYLE('Part 2',(#61));
#68=SURFACE_SIDE_STYLE('Part 6',(#62));
#69=SURFACE_SIDE_STYLE('ramp',(#63));
#70=SURFACE_STYLE_USAGE(.BOTH.,#64);
#71=SURFACE_STYLE_USAGE(.BOTH.,#65);
#72=SURFACE_STYLE_USAGE(.BOTH.,#66);
#73=SURFACE_STYLE_USAGE(.BOTH.,#67);
#74=SURFACE_STYLE_USAGE(.BOTH.,#68);
#75=SURFACE_STYLE_USAGE(.BOTH.,#69);
#76=MECHANICAL_DESIGN_GEOMETRIC_PRESENTATION_REPRESENTATION('',(#83,#84,
#85,#86,#87,#88),#1563);
#77=PRESENTATION_STYLE_ASSIGNMENT((#70));
#78=PRESENTATION_STYLE_ASSIGNMENT((#71));
#79=PRESENTATION_STYLE_ASSIGNMENT((#72));
#80=PRESENTATION_STYLE_ASSIGNMENT((#73));
#81=PRESENTATION_STYLE_ASSIGNMENT((#74));
#82=PRESENTATION_STYLE_ASSIGNMENT((#75));
#83=STYLED_ITEM('',(#77),#95);
#84=STYLED_ITEM('',(#78),#96);
#85=STYLED_ITEM('',(#79),#97);
#86=STYLED_ITEM('',(#80),#98);
#87=STYLED_ITEM('',(#81),#99);
#88=STYLED_ITEM('',(#82),#100);
#89=PRESENTATION_LAYER_ASSIGNMENT('tops','',(#95));
#90=PRESENTATION_LAYER_ASSIGNMENT('tops','',(#96));
#91=PRESENTATION_LAYER_ASSIGNMENT('tops','',(#97));
#92=PRESENTATION_LAYER_ASSIGNMENT('tops','',(#98));
#93=PRESENTATION_LAYER_ASSIGNMENT('tops','',(#99));
#94=PRESENTATION_LAYER_ASSIGNMENT('tops','',(#100));
#95=MANIFOLD_SOLID_BREP('Part 5',#102);
#96=MANIFOLD_SOLID_BREP('Part 4',#103);
#97=MANIFOLD_SOLID_BREP('Part 3',#104);
#98=MANIFOLD_SOLID_BREP('Part 2',#105);
#99=MANIFOLD_SOLID_BREP('Part 6',#106);
#100=MANIFOLD_SOLID_BREP('ramp',#107);
#101=ADVANCED_BREP_SHAPE_REPRESENTATION('brep_rep_0',(#95,#96,#97,#98,#99,
#100,#1656),#1563);
#102=CLOSED_SHELL('',(#108,#109,#110,#111,#112,#113,#114,#115));
#103=CLOSED_SHELL('',(#116,#117,#118,#119,#120));
#104=CLOSED_SHELL('',(#121,#122,#123,#124,#125,#126,#127,#128,#129,#130,
#131,#132,#133));
#105=CLOSED_SHELL('',(#134,#135,#136,#137,#138,#139,#140,#141,#142,#143,
#144,#145,#146,#147,#148,#149,#150,#151,#152,#153,#154,#155,#156,#157,#158,
#159,#160,#161,#162,#163,#164,#165,#166,#167,#168,#169,#170));
#106=CLOSED_SHELL('',(#171,#172,#173,#174,#175,#176,#177,#178));
#107=CLOSED_SHELL('',(#179,#180,#181,#182,#183,#184,#185,#186,#187,#188,
#189,#190,#191,#192,#193,#194,#195,#196,#197,#198,#199,#200,#201,#202,#203,
#204));
#108=ADVANCED_FACE('',(#205),#1456,.T.);
#109=ADVANCED_FACE('',(#206),#1457,.T.);
#110=ADVANCED_FACE('',(#207),#1458,.T.);
#111=ADVANCED_FACE('',(#208),#1459,.T.);
#112=ADVANCED_FACE('',(#209),#1460,.T.);
#113=ADVANCED_FACE('',(#210),#1461,.T.);
#114=ADVANCED_FACE('',(#211),#1462,.T.);
#115=ADVANCED_FACE('',(#212),#1463,.T.);
#116=ADVANCED_FACE('',(#213),#33,.T.);
#117=ADVANCED_FACE('',(#214),#1464,.T.);
#118=ADVANCED_FACE('',(#215),#1465,.T.);
#119=ADVANCED_FACE('',(#216),#1466,.T.);
#120=ADVANCED_FACE('',(#217),#34,.T.);
#121=ADVANCED_FACE('',(#218),#1467,.T.);
#122=ADVANCED_FACE('',(#219),#1468,.T.);
#123=ADVANCED_FACE('',(#220),#1469,.T.);
#124=ADVANCED_FACE('',(#221),#1470,.T.);
#125=ADVANCED_FACE('',(#222),#1471,.T.);
#126=ADVANCED_FACE('',(#223),#1472,.T.);
#127=ADVANCED_FACE('',(#224),#1473,.T.);
#128=ADVANCED_FACE('',(#225),#1474,.T.);
#129=ADVANCED_FACE('',(#226),#1475,.T.);
#130=ADVANCED_FACE('',(#227),#1476,.T.);
#131=ADVANCED_FACE('',(#228),#1477,.T.);
#132=ADVANCED_FACE('',(#229),#1478,.T.);
#133=ADVANCED_FACE('',(#230),#1479,.T.);
#134=ADVANCED_FACE('',(#231),#1480,.T.);
#135=ADVANCED_FACE('',(#232,#11),#1481,.T.);
#136=ADVANCED_FACE('',(#233),#1482,.T.);
#137=ADVANCED_FACE('',(#234),#35,.T.);
#138=ADVANCED_FACE('',(#235),#1483,.T.);
#139=ADVANCED_FACE('',(#236),#1484,.T.);
#140=ADVANCED_FACE('',(#237),#1485,.T.);
#141=ADVANCED_FACE('',(#238),#1486,.T.);
#142=ADVANCED_FACE('',(#239),#1487,.T.);
#143=ADVANCED_FACE('',(#240),#1488,.T.);
#144=ADVANCED_FACE('',(#241),#1489,.T.);
#145=ADVANCED_FACE('',(#242,#12),#1490,.T.);
#146=ADVANCED_FACE('',(#243),#1491,.T.);
#147=ADVANCED_FACE('',(#244),#1492,.T.);
#148=ADVANCED_FACE('',(#245),#36,.T.);
#149=ADVANCED_FACE('',(#246),#1493,.T.);
#150=ADVANCED_FACE('',(#247),#1494,.T.);
#151=ADVANCED_FACE('',(#248),#37,.T.);
#152=ADVANCED_FACE('',(#249),#1495,.T.);
#153=ADVANCED_FACE('',(#250),#1496,.T.);
#154=ADVANCED_FACE('',(#251),#1497,.T.);
#155=ADVANCED_FACE('',(#252),#1498,.T.);
#156=ADVANCED_FACE('',(#253),#38,.T.);
#157=ADVANCED_FACE('',(#254),#1499,.T.);
#158=ADVANCED_FACE('',(#255),#1500,.T.);
#159=ADVANCED_FACE('',(#256),#1501,.T.);
#160=ADVANCED_FACE('',(#257),#1502,.T.);
#161=ADVANCED_FACE('',(#258),#1503,.T.);
#162=ADVANCED_FACE('',(#259),#1504,.T.);
#163=ADVANCED_FACE('',(#260),#1505,.T.);
#164=ADVANCED_FACE('',(#261),#1506,.T.);
#165=ADVANCED_FACE('',(#262),#1507,.T.);
#166=ADVANCED_FACE('',(#263),#1508,.T.);
#167=ADVANCED_FACE('',(#264),#1509,.T.);
#168=ADVANCED_FACE('',(#265),#1510,.T.);
#169=ADVANCED_FACE('',(#266),#1511,.T.);
#170=ADVANCED_FACE('',(#267),#39,.T.);
#171=ADVANCED_FACE('',(#268),#1512,.T.);
#172=ADVANCED_FACE('',(#269),#1513,.T.);
#173=ADVANCED_FACE('',(#270),#1514,.T.);
#174=ADVANCED_FACE('',(#271),#1515,.T.);
#175=ADVANCED_FACE('',(#272),#1516,.T.);
#176=ADVANCED_FACE('',(#273),#1517,.T.);
#177=ADVANCED_FACE('',(#274),#1518,.T.);
#178=ADVANCED_FACE('',(#275),#1519,.T.);
#179=ADVANCED_FACE('',(#276),#1520,.T.);
#180=ADVANCED_FACE('',(#277),#1521,.T.);
#181=ADVANCED_FACE('',(#278),#1522,.T.);
#182=ADVANCED_FACE('',(#279),#1523,.T.);
#183=ADVANCED_FACE('',(#280),#1524,.T.);
#184=ADVANCED_FACE('',(#281),#1525,.T.);
#185=ADVANCED_FACE('',(#282),#1526,.T.);
#186=ADVANCED_FACE('',(#283),#1527,.T.);
#187=ADVANCED_FACE('',(#284),#1528,.T.);
#188=ADVANCED_FACE('',(#285),#1529,.T.);
#189=ADVANCED_FACE('',(#286),#1530,.T.);
#190=ADVANCED_FACE('',(#287),#1531,.T.);
#191=ADVANCED_FACE('',(#288),#1532,.T.);
#192=ADVANCED_FACE('',(#289),#1533,.T.);
#193=ADVANCED_FACE('',(#290),#1534,.T.);
#194=ADVANCED_FACE('',(#291),#1535,.T.);
#195=ADVANCED_FACE('',(#292),#1536,.T.);
#196=ADVANCED_FACE('',(#293),#1537,.T.);
#197=ADVANCED_FACE('',(#294),#1538,.T.);
#198=ADVANCED_FACE('',(#295),#1539,.T.);
#199=ADVANCED_FACE('',(#296),#1540,.T.);
#200=ADVANCED_FACE('',(#297),#1541,.T.);
#201=ADVANCED_FACE('',(#298),#1542,.T.);
#202=ADVANCED_FACE('',(#299),#1543,.T.);
#203=ADVANCED_FACE('',(#300),#1544,.T.);
#204=ADVANCED_FACE('',(#301),#1545,.T.);
#205=FACE_OUTER_BOUND('',#302,.T.);
#206=FACE_OUTER_BOUND('',#303,.T.);
#207=FACE_OUTER_BOUND('',#304,.T.);
#208=FACE_OUTER_BOUND('',#305,.T.);
#209=FACE_OUTER_BOUND('',#306,.T.);
#210=FACE_OUTER_BOUND('',#307,.T.);
#211=FACE_OUTER_BOUND('',#308,.T.);
#212=FACE_OUTER_BOUND('',#309,.T.);
#213=FACE_OUTER_BOUND('',#310,.T.);
#214=FACE_OUTER_BOUND('',#311,.T.);
#215=FACE_OUTER_BOUND('',#312,.T.);
#216=FACE_OUTER_BOUND('',#313,.T.);
#217=FACE_OUTER_BOUND('',#314,.T.);
#218=FACE_OUTER_BOUND('',#315,.T.);
#219=FACE_OUTER_BOUND('',#316,.T.);
#220=FACE_OUTER_BOUND('',#317,.T.);
#221=FACE_OUTER_BOUND('',#318,.T.);
#222=FACE_OUTER_BOUND('',#319,.T.);
#223=FACE_OUTER_BOUND('',#320,.T.);
#224=FACE_OUTER_BOUND('',#321,.T.);
#225=FACE_OUTER_BOUND('',#322,.T.);
#226=FACE_OUTER_BOUND('',#323,.T.);
#227=FACE_OUTER_BOUND('',#324,.T.);
#228=FACE_OUTER_BOUND('',#325,.T.);
#229=FACE_OUTER_BOUND('',#326,.T.);
#230=FACE_OUTER_BOUND('',#327,.T.);
#231=FACE_OUTER_BOUND('',#328,.T.);
#232=FACE_OUTER_BOUND('',#329,.T.);
#233=FACE_OUTER_BOUND('',#331,.T.);
#234=FACE_OUTER_BOUND('',#332,.T.);
#235=FACE_OUTER_BOUND('',#333,.T.);
#236=FACE_OUTER_BOUND('',#334,.T.);
#237=FACE_OUTER_BOUND('',#335,.T.);
#238=FACE_OUTER_BOUND('',#336,.T.);
#239=FACE_OUTER_BOUND('',#337,.T.);
#240=FACE_OUTER_BOUND('',#338,.T.);
#241=FACE_OUTER_BOUND('',#339,.T.);
#242=FACE_OUTER_BOUND('',#340,.T.);
#243=FACE_OUTER_BOUND('',#342,.T.);
#244=FACE_OUTER_BOUND('',#343,.T.);
#245=FACE_OUTER_BOUND('',#344,.T.);
#246=FACE_OUTER_BOUND('',#345,.T.);
#247=FACE_OUTER_BOUND('',#346,.T.);
#248=FACE_OUTER_BOUND('',#347,.T.);
#249=FACE_OUTER_BOUND('',#348,.T.);
#250=FACE_OUTER_BOUND('',#349,.T.);
#251=FACE_OUTER_BOUND('',#350,.T.);
#252=FACE_OUTER_BOUND('',#351,.T.);
#253=FACE_OUTER_BOUND('',#352,.T.);
#254=FACE_OUTER_BOUND('',#353,.T.);
#255=FACE_OUTER_BOUND('',#354,.T.);
#256=FACE_OUTER_BOUND('',#355,.T.);
#257=FACE_OUTER_BOUND('',#356,.T.);
#258=FACE_OUTER_BOUND('',#357,.T.);
#259=FACE_OUTER_BOUND('',#358,.T.);
#260=FACE_OUTER_BOUND('',#359,.T.);
#261=FACE_OUTER_BOUND('',#360,.T.);
#262=FACE_OUTER_BOUND('',#361,.T.);
#263=FACE_OUTER_BOUND('',#362,.T.);
#264=FACE_OUTER_BOUND('',#363,.T.);
#265=FACE_OUTER_BOUND('',#364,.T.);
#266=FACE_OUTER_BOUND('',#365,.T.);
#267=FACE_OUTER_BOUND('',#366,.T.);
#268=FACE_OUTER_BOUND('',#367,.T.);
#269=FACE_OUTER_BOUND('',#368,.T.);
#270=FACE_OUTER_BOUND('',#369,.T.);
#271=FACE_OUTER_BOUND('',#370,.T.);
#272=FACE_OUTER_BOUND('',#371,.T.);
#273=FACE_OUTER_BOUND('',#372,.T.);
#274=FACE_OUTER_BOUND('',#373,.T.);
#275=FACE_OUTER_BOUND('',#374,.T.);
#276=FACE_OUTER_BOUND('',#375,.T.);
#277=FACE_OUTER_BOUND('',#376,.T.);
#278=FACE_OUTER_BOUND('',#377,.T.);
#279=FACE_OUTER_BOUND('',#378,.T.);
#280=FACE_OUTER_BOUND('',#379,.T.);
#281=FACE_OUTER_BOUND('',#380,.T.);
#282=FACE_OUTER_BOUND('',#381,.T.);
#283=FACE_OUTER_BOUND('',#382,.T.);
#284=FACE_OUTER_BOUND('',#383,.T.);
#285=FACE_OUTER_BOUND('',#384,.T.);
#286=FACE_OUTER_BOUND('',#385,.T.);
#287=FACE_OUTER_BOUND('',#386,.T.);
#288=FACE_OUTER_BOUND('',#387,.T.);
#289=FACE_OUTER_BOUND('',#388,.T.);
#290=FACE_OUTER_BOUND('',#389,.T.);
#291=FACE_OUTER_BOUND('',#390,.T.);
#292=FACE_OUTER_BOUND('',#391,.T.);
#293=FACE_OUTER_BOUND('',#392,.T.);
#294=FACE_OUTER_BOUND('',#393,.T.);
#295=FACE_OUTER_BOUND('',#394,.T.);
#296=FACE_OUTER_BOUND('',#395,.T.);
#297=FACE_OUTER_BOUND('',#396,.T.);
#298=FACE_OUTER_BOUND('',#397,.T.);
#299=FACE_OUTER_BOUND('',#398,.T.);
#300=FACE_OUTER_BOUND('',#399,.T.);
#301=FACE_OUTER_BOUND('',#400,.T.);
#302=EDGE_LOOP('',(#401,#402,#403,#404,#405,#406));
#303=EDGE_LOOP('',(#407,#408,#409,#410));
#304=EDGE_LOOP('',(#411,#412,#413,#414,#415,#416));
#305=EDGE_LOOP('',(#417,#418,#419,#420));
#306=EDGE_LOOP('',(#421,#422,#423,#424));
#307=EDGE_LOOP('',(#425,#426,#427,#428));
#308=EDGE_LOOP('',(#429,#430,#431,#432));
#309=EDGE_LOOP('',(#433,#434,#435,#436));
#310=EDGE_LOOP('',(#437,#438,#439,#440,#441,#442));
#311=EDGE_LOOP('',(#443,#444));
#312=EDGE_LOOP('',(#445,#446,#447,#448));
#313=EDGE_LOOP('',(#449,#450));
#314=EDGE_LOOP('',(#451,#452,#453,#454));
#315=EDGE_LOOP('',(#455,#456,#457,#458,#459,#460));
#316=EDGE_LOOP('',(#461,#462,#463,#464));
#317=EDGE_LOOP('',(#465,#466,#467,#468));
#318=EDGE_LOOP('',(#469,#470,#471,#472));
#319=EDGE_LOOP('',(#473,#474,#475,#476));
#320=EDGE_LOOP('',(#477,#478,#479,#480,#481,#482));
#321=EDGE_LOOP('',(#483,#484,#485,#486));
#322=EDGE_LOOP('',(#487,#488,#489,#490));
#323=EDGE_LOOP('',(#491,#492,#493));
#324=EDGE_LOOP('',(#494,#495,#496,#497));
#325=EDGE_LOOP('',(#498,#499,#500,#501));
#326=EDGE_LOOP('',(#502,#503,#504));
#327=EDGE_LOOP('',(#505,#506,#507,#508));
#328=EDGE_LOOP('',(#509,#510));
#329=EDGE_LOOP('',(#511,#512,#513,#514,#515,#516,#517,#518,#519,#520,#521,
#522,#523,#524));
#330=EDGE_LOOP('',(#525,#526,#527,#528));
#331=EDGE_LOOP('',(#529,#530));
#332=EDGE_LOOP('',(#531,#532,#533,#534));
#333=EDGE_LOOP('',(#535,#536,#537,#538));
#334=EDGE_LOOP('',(#539,#540,#541,#542,#543,#544));
#335=EDGE_LOOP('',(#545,#546,#547,#548,#549,#550,#551,#552));
#336=EDGE_LOOP('',(#553,#554,#555,#556));
#337=EDGE_LOOP('',(#557,#558,#559,#560,#561,#562,#563,#564));
#338=EDGE_LOOP('',(#565,#566,#567,#568,#569,#570,#571,#572,#573,#574));
#339=EDGE_LOOP('',(#575,#576,#577,#578));
#340=EDGE_LOOP('',(#579,#580,#581,#582));
#341=EDGE_LOOP('',(#583,#584));
#342=EDGE_LOOP('',(#585,#586,#587,#588));
#343=EDGE_LOOP('',(#589,#590,#591,#592));
#344=EDGE_LOOP('',(#593,#594,#595,#596));
#345=EDGE_LOOP('',(#597,#598,#599,#600));
#346=EDGE_LOOP('',(#601,#602,#603,#604));
#347=EDGE_LOOP('',(#605,#606,#607,#608));
#348=EDGE_LOOP('',(#609,#610,#611,#612,#613,#614,#615,#616,#617,#618));
#349=EDGE_LOOP('',(#619,#620,#621,#622));
#350=EDGE_LOOP('',(#623,#624,#625,#626));
#351=EDGE_LOOP('',(#627,#628,#629,#630));
#352=EDGE_LOOP('',(#631,#632,#633,#634,#635,#636,#637,#638));
#353=EDGE_LOOP('',(#639,#640,#641,#642,#643));
#354=EDGE_LOOP('',(#644,#645,#646,#647,#648));
#355=EDGE_LOOP('',(#649,#650,#651,#652,#653,#654,#655,#656));
#356=EDGE_LOOP('',(#657,#658,#659,#660,#661,#662,#663,#664));
#357=EDGE_LOOP('',(#665,#666,#667,#668));
#358=EDGE_LOOP('',(#669,#670,#671,#672));
#359=EDGE_LOOP('',(#673,#674,#675,#676));
#360=EDGE_LOOP('',(#677,#678,#679,#680));
#361=EDGE_LOOP('',(#681,#682,#683));
#362=EDGE_LOOP('',(#684,#685,#686,#687));
#363=EDGE_LOOP('',(#688,#689,#690,#691));
#364=EDGE_LOOP('',(#692,#693,#694));
#365=EDGE_LOOP('',(#695,#696,#697,#698));
#366=EDGE_LOOP('',(#699,#700,#701,#702,#703,#704,#705,#706));
#367=EDGE_LOOP('',(#707,#708,#709,#710,#711,#712));
#368=EDGE_LOOP('',(#713,#714,#715,#716));
#369=EDGE_LOOP('',(#717,#718,#719,#720,#721,#722));
#370=EDGE_LOOP('',(#723,#724,#725,#726));
#371=EDGE_LOOP('',(#727,#728,#729,#730));
#372=EDGE_LOOP('',(#731,#732,#733,#734));
#373=EDGE_LOOP('',(#735,#736,#737,#738));
#374=EDGE_LOOP('',(#739,#740,#741,#742));
#375=EDGE_LOOP('',(#743,#744,#745,#746));
#376=EDGE_LOOP('',(#747,#748,#749,#750));
#377=EDGE_LOOP('',(#751,#752,#753,#754));
#378=EDGE_LOOP('',(#755,#756,#757,#758));
#379=EDGE_LOOP('',(#759,#760,#761,#762));
#380=EDGE_LOOP('',(#763,#764,#765,#766));
#381=EDGE_LOOP('',(#767,#768,#769,#770,#771,#772));
#382=EDGE_LOOP('',(#773,#774,#775,#776,#777,#778,#779,#780,#781,#782));
#383=EDGE_LOOP('',(#783,#784,#785,#786));
#384=EDGE_LOOP('',(#787,#788,#789,#790));
#385=EDGE_LOOP('',(#791,#792,#793,#794,#795,#796,#797));
#386=EDGE_LOOP('',(#798,#799,#800,#801,#802,#803,#804));
#387=EDGE_LOOP('',(#805,#806,#807,#808));
#388=EDGE_LOOP('',(#809,#810,#811,#812));
#389=EDGE_LOOP('',(#813,#814,#815,#816));
#390=EDGE_LOOP('',(#817,#818,#819,#820));
#391=EDGE_LOOP('',(#821,#822,#823,#824,#825));
#392=EDGE_LOOP('',(#826,#827,#828,#829,#830));
#393=EDGE_LOOP('',(#831,#832,#833,#834));
#394=EDGE_LOOP('',(#835,#836,#837,#838,#839,#840));
#395=EDGE_LOOP('',(#841,#842,#843));
#396=EDGE_LOOP('',(#844,#845,#846,#847));
#397=EDGE_LOOP('',(#848,#849,#850,#851));
#398=EDGE_LOOP('',(#852,#853,#854,#855));
#399=EDGE_LOOP('',(#856,#857,#858));
#400=EDGE_LOOP('',(#859,#860,#861,#862,#863,#864));
#401=ORIENTED_EDGE('',*,*,#866,.F.);
#402=ORIENTED_EDGE('',*,*,#867,.F.);
#403=ORIENTED_EDGE('',*,*,#868,.F.);
#404=ORIENTED_EDGE('',*,*,#869,.F.);
#405=ORIENTED_EDGE('',*,*,#870,.F.);
#406=ORIENTED_EDGE('',*,*,#865,.F.);
#407=ORIENTED_EDGE('',*,*,#872,.F.);
#408=ORIENTED_EDGE('',*,*,#865,.T.);
#409=ORIENTED_EDGE('',*,*,#873,.F.);
#410=ORIENTED_EDGE('',*,*,#871,.F.);
#411=ORIENTED_EDGE('',*,*,#875,.F.);
#412=ORIENTED_EDGE('',*,*,#871,.T.);
#413=ORIENTED_EDGE('',*,*,#876,.F.);
#414=ORIENTED_EDGE('',*,*,#877,.F.);
#415=ORIENTED_EDGE('',*,*,#878,.F.);
#416=ORIENTED_EDGE('',*,*,#874,.F.);
#417=ORIENTED_EDGE('',*,*,#882,.F.);
#418=ORIENTED_EDGE('',*,*,#877,.T.);
#419=ORIENTED_EDGE('',*,*,#879,.T.);
#420=ORIENTED_EDGE('',*,*,#869,.T.);
#421=ORIENTED_EDGE('',*,*,#879,.F.);
#422=ORIENTED_EDGE('',*,*,#876,.T.);
#423=ORIENTED_EDGE('',*,*,#873,.T.);
#424=ORIENTED_EDGE('',*,*,#870,.T.);
#425=ORIENTED_EDGE('',*,*,#867,.T.);
#426=ORIENTED_EDGE('',*,*,#880,.T.);
#427=ORIENTED_EDGE('',*,*,#874,.T.);
#428=ORIENTED_EDGE('',*,*,#881,.T.);
#429=ORIENTED_EDGE('',*,*,#875,.T.);
#430=ORIENTED_EDGE('',*,*,#880,.F.);
#431=ORIENTED_EDGE('',*,*,#866,.T.);
#432=ORIENTED_EDGE('',*,*,#872,.T.);
#433=ORIENTED_EDGE('',*,*,#868,.T.);
#434=ORIENTED_EDGE('',*,*,#881,.F.);
#435=ORIENTED_EDGE('',*,*,#878,.T.);
#436=ORIENTED_EDGE('',*,*,#882,.T.);
#437=ORIENTED_EDGE('',*,*,#890,.T.);
#438=ORIENTED_EDGE('',*,*,#884,.T.);
#439=ORIENTED_EDGE('',*,*,#885,.F.);
#440=ORIENTED_EDGE('',*,*,#886,.T.);
#441=ORIENTED_EDGE('',*,*,#889,.T.);
#442=ORIENTED_EDGE('',*,*,#888,.T.);
#443=ORIENTED_EDGE('',*,*,#884,.F.);
#444=ORIENTED_EDGE('',*,*,#883,.F.);
#445=ORIENTED_EDGE('',*,*,#886,.F.);
#446=ORIENTED_EDGE('',*,*,#891,.F.);
#447=ORIENTED_EDGE('',*,*,#888,.F.);
#448=ORIENTED_EDGE('',*,*,#887,.T.);
#449=ORIENTED_EDGE('',*,*,#887,.F.);
#450=ORIENTED_EDGE('',*,*,#889,.F.);
#451=ORIENTED_EDGE('',*,*,#891,.T.);
#452=ORIENTED_EDGE('',*,*,#885,.T.);
#453=ORIENTED_EDGE('',*,*,#883,.T.);
#454=ORIENTED_EDGE('',*,*,#890,.F.);
#455=ORIENTED_EDGE('',*,*,#892,.T.);
#456=ORIENTED_EDGE('',*,*,#917,.T.);
#457=ORIENTED_EDGE('',*,*,#893,.T.);
#458=ORIENTED_EDGE('',*,*,#894,.T.);
#459=ORIENTED_EDGE('',*,*,#895,.T.);
#460=ORIENTED_EDGE('',*,*,#911,.T.);
#461=ORIENTED_EDGE('',*,*,#897,.F.);
#462=ORIENTED_EDGE('',*,*,#895,.F.);
#463=ORIENTED_EDGE('',*,*,#898,.F.);
#464=ORIENTED_EDGE('',*,*,#896,.F.);
#465=ORIENTED_EDGE('',*,*,#900,.F.);
#466=ORIENTED_EDGE('',*,*,#901,.F.);
#467=ORIENTED_EDGE('',*,*,#902,.F.);
#468=ORIENTED_EDGE('',*,*,#899,.F.);
#469=ORIENTED_EDGE('',*,*,#893,.F.);
#470=ORIENTED_EDGE('',*,*,#903,.T.);
#471=ORIENTED_EDGE('',*,*,#904,.T.);
#472=ORIENTED_EDGE('',*,*,#905,.T.);
#473=ORIENTED_EDGE('',*,*,#906,.T.);
#474=ORIENTED_EDGE('',*,*,#907,.T.);
#475=ORIENTED_EDGE('',*,*,#892,.F.);
#476=ORIENTED_EDGE('',*,*,#908,.T.);
#477=ORIENTED_EDGE('',*,*,#913,.F.);
#478=ORIENTED_EDGE('',*,*,#899,.T.);
#479=ORIENTED_EDGE('',*,*,#909,.F.);
#480=ORIENTED_EDGE('',*,*,#898,.T.);
#481=ORIENTED_EDGE('',*,*,#894,.F.);
#482=ORIENTED_EDGE('',*,*,#905,.F.);
#483=ORIENTED_EDGE('',*,*,#902,.T.);
#484=ORIENTED_EDGE('',*,*,#910,.F.);
#485=ORIENTED_EDGE('',*,*,#896,.T.);
#486=ORIENTED_EDGE('',*,*,#909,.T.);
#487=ORIENTED_EDGE('',*,*,#911,.F.);
#488=ORIENTED_EDGE('',*,*,#897,.T.);
#489=ORIENTED_EDGE('',*,*,#912,.T.);
#490=ORIENTED_EDGE('',*,*,#908,.F.);
#491=ORIENTED_EDGE('',*,*,#912,.F.);
#492=ORIENTED_EDGE('',*,*,#910,.T.);
#493=ORIENTED_EDGE('',*,*,#915,.T.);
#494=ORIENTED_EDGE('',*,*,#913,.T.);
#495=ORIENTED_EDGE('',*,*,#904,.F.);
#496=ORIENTED_EDGE('',*,*,#914,.T.);
#497=ORIENTED_EDGE('',*,*,#900,.T.);
#498=ORIENTED_EDGE('',*,*,#915,.F.);
#499=ORIENTED_EDGE('',*,*,#901,.T.);
#500=ORIENTED_EDGE('',*,*,#916,.T.);
#501=ORIENTED_EDGE('',*,*,#906,.F.);
#502=ORIENTED_EDGE('',*,*,#916,.F.);
#503=ORIENTED_EDGE('',*,*,#914,.F.);
#504=ORIENTED_EDGE('',*,*,#918,.T.);
#505=ORIENTED_EDGE('',*,*,#907,.F.);
#506=ORIENTED_EDGE('',*,*,#918,.F.);
#507=ORIENTED_EDGE('',*,*,#903,.F.);
#508=ORIENTED_EDGE('',*,*,#917,.F.);
#509=ORIENTED_EDGE('',*,*,#990,.T.);
#510=ORIENTED_EDGE('',*,*,#919,.T.);
#511=ORIENTED_EDGE('',*,*,#920,.F.);
#512=ORIENTED_EDGE('',*,*,#978,.F.);
#513=ORIENTED_EDGE('',*,*,#921,.F.);
#514=ORIENTED_EDGE('',*,*,#973,.F.);
#515=ORIENTED_EDGE('',*,*,#970,.F.);
#516=ORIENTED_EDGE('',*,*,#967,.F.);
#517=ORIENTED_EDGE('',*,*,#922,.F.);
#518=ORIENTED_EDGE('',*,*,#923,.F.);
#519=ORIENTED_EDGE('',*,*,#924,.F.);
#520=ORIENTED_EDGE('',*,*,#982,.F.);
#521=ORIENTED_EDGE('',*,*,#925,.F.);
#522=ORIENTED_EDGE('',*,*,#945,.F.);
#523=ORIENTED_EDGE('',*,*,#926,.F.);
#524=ORIENTED_EDGE('',*,*,#933,.F.);
#525=ORIENTED_EDGE('',*,*,#927,.F.);
#526=ORIENTED_EDGE('',*,*,#928,.F.);
#527=ORIENTED_EDGE('',*,*,#929,.F.);
#528=ORIENTED_EDGE('',*,*,#930,.F.);
#529=ORIENTED_EDGE('',*,*,#931,.T.);
#530=ORIENTED_EDGE('',*,*,#986,.T.);
#531=ORIENTED_EDGE('',*,*,#933,.T.);
#532=ORIENTED_EDGE('',*,*,#934,.F.);
#533=ORIENTED_EDGE('',*,*,#935,.F.);
#534=ORIENTED_EDGE('',*,*,#932,.F.);
#535=ORIENTED_EDGE('',*,*,#934,.T.);
#536=ORIENTED_EDGE('',*,*,#926,.T.);
#537=ORIENTED_EDGE('',*,*,#936,.T.);
#538=ORIENTED_EDGE('',*,*,#937,.T.);
#539=ORIENTED_EDGE('',*,*,#938,.T.);
#540=ORIENTED_EDGE('',*,*,#1015,.T.);
#541=ORIENTED_EDGE('',*,*,#939,.T.);
#542=ORIENTED_EDGE('',*,*,#935,.T.);
#543=ORIENTED_EDGE('',*,*,#937,.F.);
#544=ORIENTED_EDGE('',*,*,#946,.T.);
#545=ORIENTED_EDGE('',*,*,#940,.F.);
#546=ORIENTED_EDGE('',*,*,#941,.F.);
#547=ORIENTED_EDGE('',*,*,#942,.F.);
#548=ORIENTED_EDGE('',*,*,#943,.F.);
#549=ORIENTED_EDGE('',*,*,#944,.F.);
#550=ORIENTED_EDGE('',*,*,#920,.T.);
#551=ORIENTED_EDGE('',*,*,#932,.T.);
#552=ORIENTED_EDGE('',*,*,#939,.F.);
#553=ORIENTED_EDGE('',*,*,#936,.F.);
#554=ORIENTED_EDGE('',*,*,#945,.T.);
#555=ORIENTED_EDGE('',*,*,#949,.F.);
#556=ORIENTED_EDGE('',*,*,#946,.F.);
#557=ORIENTED_EDGE('',*,*,#947,.T.);
#558=ORIENTED_EDGE('',*,*,#948,.T.);
#559=ORIENTED_EDGE('',*,*,#938,.F.);
#560=ORIENTED_EDGE('',*,*,#949,.T.);
#561=ORIENTED_EDGE('',*,*,#925,.T.);
#562=ORIENTED_EDGE('',*,*,#950,.T.);
#563=ORIENTED_EDGE('',*,*,#951,.T.);
#564=ORIENTED_EDGE('',*,*,#952,.T.);
#565=ORIENTED_EDGE('',*,*,#1008,.F.);
#566=ORIENTED_EDGE('',*,*,#954,.F.);
#567=ORIENTED_EDGE('',*,*,#1012,.F.);
#568=ORIENTED_EDGE('',*,*,#952,.F.);
#569=ORIENTED_EDGE('',*,*,#955,.F.);
#570=ORIENTED_EDGE('',*,*,#956,.F.);
#571=ORIENTED_EDGE('',*,*,#923,.T.);
#572=ORIENTED_EDGE('',*,*,#957,.F.);
#573=ORIENTED_EDGE('',*,*,#958,.F.);
#574=ORIENTED_EDGE('',*,*,#953,.F.);
#575=ORIENTED_EDGE('',*,*,#959,.T.);
#576=ORIENTED_EDGE('',*,*,#960,.T.);
#577=ORIENTED_EDGE('',*,*,#961,.T.);
#578=ORIENTED_EDGE('',*,*,#953,.T.);
#579=ORIENTED_EDGE('',*,*,#954,.T.);
#580=ORIENTED_EDGE('',*,*,#962,.T.);
#581=ORIENTED_EDGE('',*,*,#963,.T.);
#582=ORIENTED_EDGE('',*,*,#964,.T.);
#583=ORIENTED_EDGE('',*,*,#984,.T.);
#584=ORIENTED_EDGE('',*,*,#985,.T.);
#585=ORIENTED_EDGE('',*,*,#965,.F.);
#586=ORIENTED_EDGE('',*,*,#966,.F.);
#587=ORIENTED_EDGE('',*,*,#957,.T.);
#588=ORIENTED_EDGE('',*,*,#922,.T.);
#589=ORIENTED_EDGE('',*,*,#965,.T.);
#590=ORIENTED_EDGE('',*,*,#967,.T.);
#591=ORIENTED_EDGE('',*,*,#968,.T.);
#592=ORIENTED_EDGE('',*,*,#969,.T.);
#593=ORIENTED_EDGE('',*,*,#971,.F.);
#594=ORIENTED_EDGE('',*,*,#972,.F.);
#595=ORIENTED_EDGE('',*,*,#968,.F.);
#596=ORIENTED_EDGE('',*,*,#970,.T.);
#597=ORIENTED_EDGE('',*,*,#974,.F.);
#598=ORIENTED_EDGE('',*,*,#975,.F.);
#599=ORIENTED_EDGE('',*,*,#971,.T.);
#600=ORIENTED_EDGE('',*,*,#973,.T.);
#601=ORIENTED_EDGE('',*,*,#974,.T.);
#602=ORIENTED_EDGE('',*,*,#921,.T.);
#603=ORIENTED_EDGE('',*,*,#976,.T.);
#604=ORIENTED_EDGE('',*,*,#977,.T.);
#605=ORIENTED_EDGE('',*,*,#978,.T.);
#606=ORIENTED_EDGE('',*,*,#944,.T.);
#607=ORIENTED_EDGE('',*,*,#979,.F.);
#608=ORIENTED_EDGE('',*,*,#976,.F.);
#609=ORIENTED_EDGE('',*,*,#943,.T.);
#610=ORIENTED_EDGE('',*,*,#1006,.T.);
#611=ORIENTED_EDGE('',*,*,#959,.F.);
#612=ORIENTED_EDGE('',*,*,#958,.T.);
#613=ORIENTED_EDGE('',*,*,#966,.T.);
#614=ORIENTED_EDGE('',*,*,#969,.F.);
#615=ORIENTED_EDGE('',*,*,#972,.T.);
#616=ORIENTED_EDGE('',*,*,#975,.T.);
#617=ORIENTED_EDGE('',*,*,#977,.F.);
#618=ORIENTED_EDGE('',*,*,#979,.T.);
#619=ORIENTED_EDGE('',*,*,#956,.T.);
#620=ORIENTED_EDGE('',*,*,#980,.F.);
#621=ORIENTED_EDGE('',*,*,#981,.F.);
#622=ORIENTED_EDGE('',*,*,#924,.T.);
#623=ORIENTED_EDGE('',*,*,#981,.T.);
#624=ORIENTED_EDGE('',*,*,#983,.F.);
#625=ORIENTED_EDGE('',*,*,#950,.F.);
#626=ORIENTED_EDGE('',*,*,#982,.T.);
#627=ORIENTED_EDGE('',*,*,#980,.T.);
#628=ORIENTED_EDGE('',*,*,#955,.T.);
#629=ORIENTED_EDGE('',*,*,#951,.F.);
#630=ORIENTED_EDGE('',*,*,#983,.T.);
#631=ORIENTED_EDGE('',*,*,#988,.F.);
#632=ORIENTED_EDGE('',*,*,#989,.F.);
#633=ORIENTED_EDGE('',*,*,#990,.F.);
#634=ORIENTED_EDGE('',*,*,#991,.F.);
#635=ORIENTED_EDGE('',*,*,#992,.F.);
#636=ORIENTED_EDGE('',*,*,#995,.T.);
#637=ORIENTED_EDGE('',*,*,#984,.F.);
#638=ORIENTED_EDGE('',*,*,#1016,.F.);
#639=ORIENTED_EDGE('',*,*,#996,.T.);
#640=ORIENTED_EDGE('',*,*,#997,.T.);
#641=ORIENTED_EDGE('',*,*,#993,.T.);
#642=ORIENTED_EDGE('',*,*,#992,.T.);
#643=ORIENTED_EDGE('',*,*,#998,.T.);
#644=ORIENTED_EDGE('',*,*,#999,.T.);
#645=ORIENTED_EDGE('',*,*,#1000,.T.);
#646=ORIENTED_EDGE('',*,*,#988,.T.);
#647=ORIENTED_EDGE('',*,*,#1017,.T.);
#648=ORIENTED_EDGE('',*,*,#1001,.T.);
#649=ORIENTED_EDGE('',*,*,#931,.F.);
#650=ORIENTED_EDGE('',*,*,#994,.T.);
#651=ORIENTED_EDGE('',*,*,#997,.F.);
#652=ORIENTED_EDGE('',*,*,#1002,.F.);
#653=ORIENTED_EDGE('',*,*,#930,.T.);
#654=ORIENTED_EDGE('',*,*,#1003,.F.);
#655=ORIENTED_EDGE('',*,*,#1001,.F.);
#656=ORIENTED_EDGE('',*,*,#987,.T.);
#657=ORIENTED_EDGE('',*,*,#989,.T.);
#658=ORIENTED_EDGE('',*,*,#1000,.F.);
#659=ORIENTED_EDGE('',*,*,#1004,.T.);
#660=ORIENTED_EDGE('',*,*,#928,.T.);
#661=ORIENTED_EDGE('',*,*,#1005,.T.);
#662=ORIENTED_EDGE('',*,*,#998,.F.);
#663=ORIENTED_EDGE('',*,*,#991,.T.);
#664=ORIENTED_EDGE('',*,*,#919,.F.);
#665=ORIENTED_EDGE('',*,*,#996,.F.);
#666=ORIENTED_EDGE('',*,*,#1005,.F.);
#667=ORIENTED_EDGE('',*,*,#927,.T.);
#668=ORIENTED_EDGE('',*,*,#1002,.T.);
#669=ORIENTED_EDGE('',*,*,#929,.T.);
#670=ORIENTED_EDGE('',*,*,#1004,.F.);
#671=ORIENTED_EDGE('',*,*,#999,.F.);
#672=ORIENTED_EDGE('',*,*,#1003,.T.);
#673=ORIENTED_EDGE('',*,*,#1006,.F.);
#674=ORIENTED_EDGE('',*,*,#942,.T.);
#675=ORIENTED_EDGE('',*,*,#1007,.T.);
#676=ORIENTED_EDGE('',*,*,#960,.F.);
#677=ORIENTED_EDGE('',*,*,#961,.F.);
#678=ORIENTED_EDGE('',*,*,#1009,.F.);
#679=ORIENTED_EDGE('',*,*,#962,.F.);
#680=ORIENTED_EDGE('',*,*,#1008,.T.);
#681=ORIENTED_EDGE('',*,*,#1009,.T.);
#682=ORIENTED_EDGE('',*,*,#1007,.F.);
#683=ORIENTED_EDGE('',*,*,#1010,.F.);
#684=ORIENTED_EDGE('',*,*,#1010,.T.);
#685=ORIENTED_EDGE('',*,*,#941,.T.);
#686=ORIENTED_EDGE('',*,*,#1011,.T.);
#687=ORIENTED_EDGE('',*,*,#963,.F.);
#688=ORIENTED_EDGE('',*,*,#964,.F.);
#689=ORIENTED_EDGE('',*,*,#1013,.F.);
#690=ORIENTED_EDGE('',*,*,#947,.F.);
#691=ORIENTED_EDGE('',*,*,#1012,.T.);
#692=ORIENTED_EDGE('',*,*,#1013,.T.);
#693=ORIENTED_EDGE('',*,*,#1011,.F.);
#694=ORIENTED_EDGE('',*,*,#1014,.F.);
#695=ORIENTED_EDGE('',*,*,#1014,.T.);
#696=ORIENTED_EDGE('',*,*,#940,.T.);
#697=ORIENTED_EDGE('',*,*,#1015,.F.);
#698=ORIENTED_EDGE('',*,*,#948,.F.);
#699=ORIENTED_EDGE('',*,*,#1016,.T.);
#700=ORIENTED_EDGE('',*,*,#985,.F.);
#701=ORIENTED_EDGE('',*,*,#995,.F.);
#702=ORIENTED_EDGE('',*,*,#993,.F.);
#703=ORIENTED_EDGE('',*,*,#994,.F.);
#704=ORIENTED_EDGE('',*,*,#986,.F.);
#705=ORIENTED_EDGE('',*,*,#987,.F.);
#706=ORIENTED_EDGE('',*,*,#1017,.F.);
#707=ORIENTED_EDGE('',*,*,#1019,.F.);
#708=ORIENTED_EDGE('',*,*,#1020,.F.);
#709=ORIENTED_EDGE('',*,*,#1021,.F.);
#710=ORIENTED_EDGE('',*,*,#1022,.F.);
#711=ORIENTED_EDGE('',*,*,#1023,.F.);
#712=ORIENTED_EDGE('',*,*,#1018,.F.);
#713=ORIENTED_EDGE('',*,*,#1024,.F.);
#714=ORIENTED_EDGE('',*,*,#1025,.F.);
#715=ORIENTED_EDGE('',*,*,#1026,.F.);
#716=ORIENTED_EDGE('',*,*,#1020,.T.);
#717=ORIENTED_EDGE('',*,*,#1027,.F.);
#718=ORIENTED_EDGE('',*,*,#1028,.F.);
#719=ORIENTED_EDGE('',*,*,#1029,.F.);
#720=ORIENTED_EDGE('',*,*,#1030,.F.);
#721=ORIENTED_EDGE('',*,*,#1031,.F.);
#722=ORIENTED_EDGE('',*,*,#1025,.T.);
#723=ORIENTED_EDGE('',*,*,#1033,.T.);
#724=ORIENTED_EDGE('',*,*,#1022,.T.);
#725=ORIENTED_EDGE('',*,*,#1032,.F.);
#726=ORIENTED_EDGE('',*,*,#1030,.T.);
#727=ORIENTED_EDGE('',*,*,#1035,.F.);
#728=ORIENTED_EDGE('',*,*,#1018,.T.);
#729=ORIENTED_EDGE('',*,*,#1034,.F.);
#730=ORIENTED_EDGE('',*,*,#1028,.T.);
#731=ORIENTED_EDGE('',*,*,#1021,.T.);
#732=ORIENTED_EDGE('',*,*,#1026,.T.);
#733=ORIENTED_EDGE('',*,*,#1031,.T.);
#734=ORIENTED_EDGE('',*,*,#1032,.T.);
#735=ORIENTED_EDGE('',*,*,#1033,.F.);
#736=ORIENTED_EDGE('',*,*,#1029,.T.);
#737=ORIENTED_EDGE('',*,*,#1034,.T.);
#738=ORIENTED_EDGE('',*,*,#1023,.T.);
#739=ORIENTED_EDGE('',*,*,#1024,.T.);
#740=ORIENTED_EDGE('',*,*,#1019,.T.);
#741=ORIENTED_EDGE('',*,*,#1035,.T.);
#742=ORIENTED_EDGE('',*,*,#1027,.T.);
#743=ORIENTED_EDGE('',*,*,#1036,.T.);
#744=ORIENTED_EDGE('',*,*,#1094,.T.);
#745=ORIENTED_EDGE('',*,*,#1037,.T.);
#746=ORIENTED_EDGE('',*,*,#1038,.T.);
#747=ORIENTED_EDGE('',*,*,#1085,.F.);
#748=ORIENTED_EDGE('',*,*,#1040,.F.);
#749=ORIENTED_EDGE('',*,*,#1038,.F.);
#750=ORIENTED_EDGE('',*,*,#1039,.F.);
#751=ORIENTED_EDGE('',*,*,#1042,.F.);
#752=ORIENTED_EDGE('',*,*,#1043,.F.);
#753=ORIENTED_EDGE('',*,*,#1044,.F.);
#754=ORIENTED_EDGE('',*,*,#1041,.F.);
#755=ORIENTED_EDGE('',*,*,#1045,.T.);
#756=ORIENTED_EDGE('',*,*,#1046,.T.);
#757=ORIENTED_EDGE('',*,*,#1047,.T.);
#758=ORIENTED_EDGE('',*,*,#1048,.T.);
#759=ORIENTED_EDGE('',*,*,#1050,.F.);
#760=ORIENTED_EDGE('',*,*,#1045,.F.);
#761=ORIENTED_EDGE('',*,*,#1051,.F.);
#762=ORIENTED_EDGE('',*,*,#1049,.F.);
#763=ORIENTED_EDGE('',*,*,#1052,.T.);
#764=ORIENTED_EDGE('',*,*,#1053,.T.);
#765=ORIENTED_EDGE('',*,*,#1054,.T.);
#766=ORIENTED_EDGE('',*,*,#1055,.T.);
#767=ORIENTED_EDGE('',*,*,#1093,.T.);
#768=ORIENTED_EDGE('',*,*,#1095,.T.);
#769=ORIENTED_EDGE('',*,*,#1036,.F.);
#770=ORIENTED_EDGE('',*,*,#1040,.T.);
#771=ORIENTED_EDGE('',*,*,#1084,.T.);
#772=ORIENTED_EDGE('',*,*,#1088,.T.);
#773=ORIENTED_EDGE('',*,*,#1089,.F.);
#774=ORIENTED_EDGE('',*,*,#1051,.T.);
#775=ORIENTED_EDGE('',*,*,#1048,.F.);
#776=ORIENTED_EDGE('',*,*,#1081,.F.);
#777=ORIENTED_EDGE('',*,*,#1044,.T.);
#778=ORIENTED_EDGE('',*,*,#1056,.F.);
#779=ORIENTED_EDGE('',*,*,#1062,.F.);
#780=ORIENTED_EDGE('',*,*,#1058,.F.);
#781=ORIENTED_EDGE('',*,*,#1057,.F.);
#782=ORIENTED_EDGE('',*,*,#1055,.F.);
#783=ORIENTED_EDGE('',*,*,#1059,.F.);
#784=ORIENTED_EDGE('',*,*,#1060,.F.);
#785=ORIENTED_EDGE('',*,*,#1061,.F.);
#786=ORIENTED_EDGE('',*,*,#1058,.T.);
#787=ORIENTED_EDGE('',*,*,#1062,.T.);
#788=ORIENTED_EDGE('',*,*,#1063,.T.);
#789=ORIENTED_EDGE('',*,*,#1064,.T.);
#790=ORIENTED_EDGE('',*,*,#1059,.T.);
#791=ORIENTED_EDGE('',*,*,#1043,.T.);
#792=ORIENTED_EDGE('',*,*,#1065,.T.);
#793=ORIENTED_EDGE('',*,*,#1066,.T.);
#794=ORIENTED_EDGE('',*,*,#1067,.T.);
#795=ORIENTED_EDGE('',*,*,#1068,.T.);
#796=ORIENTED_EDGE('',*,*,#1063,.F.);
#797=ORIENTED_EDGE('',*,*,#1056,.T.);
#798=ORIENTED_EDGE('',*,*,#1070,.F.);
#799=ORIENTED_EDGE('',*,*,#1052,.F.);
#800=ORIENTED_EDGE('',*,*,#1057,.T.);
#801=ORIENTED_EDGE('',*,*,#1061,.T.);
#802=ORIENTED_EDGE('',*,*,#1071,.F.);
#803=ORIENTED_EDGE('',*,*,#1072,.F.);
#804=ORIENTED_EDGE('',*,*,#1069,.F.);
#805=ORIENTED_EDGE('',*,*,#1073,.F.);
#806=ORIENTED_EDGE('',*,*,#1074,.F.);
#807=ORIENTED_EDGE('',*,*,#1064,.F.);
#808=ORIENTED_EDGE('',*,*,#1068,.F.);
#809=ORIENTED_EDGE('',*,*,#1074,.T.);
#810=ORIENTED_EDGE('',*,*,#1075,.T.);
#811=ORIENTED_EDGE('',*,*,#1071,.T.);
#812=ORIENTED_EDGE('',*,*,#1060,.T.);
#813=ORIENTED_EDGE('',*,*,#1076,.T.);
#814=ORIENTED_EDGE('',*,*,#1077,.T.);
#815=ORIENTED_EDGE('',*,*,#1072,.T.);
#816=ORIENTED_EDGE('',*,*,#1075,.F.);
#817=ORIENTED_EDGE('',*,*,#1067,.F.);
#818=ORIENTED_EDGE('',*,*,#1078,.T.);
#819=ORIENTED_EDGE('',*,*,#1076,.F.);
#820=ORIENTED_EDGE('',*,*,#1073,.T.);
#821=ORIENTED_EDGE('',*,*,#1037,.F.);
#822=ORIENTED_EDGE('',*,*,#1079,.T.);
#823=ORIENTED_EDGE('',*,*,#1069,.T.);
#824=ORIENTED_EDGE('',*,*,#1077,.F.);
#825=ORIENTED_EDGE('',*,*,#1080,.T.);
#826=ORIENTED_EDGE('',*,*,#1086,.F.);
#827=ORIENTED_EDGE('',*,*,#1039,.T.);
#828=ORIENTED_EDGE('',*,*,#1080,.F.);
#829=ORIENTED_EDGE('',*,*,#1078,.F.);
#830=ORIENTED_EDGE('',*,*,#1066,.F.);
#831=ORIENTED_EDGE('',*,*,#1081,.T.);
#832=ORIENTED_EDGE('',*,*,#1047,.F.);
#833=ORIENTED_EDGE('',*,*,#1082,.T.);
#834=ORIENTED_EDGE('',*,*,#1041,.T.);
#835=ORIENTED_EDGE('',*,*,#1065,.F.);
#836=ORIENTED_EDGE('',*,*,#1042,.T.);
#837=ORIENTED_EDGE('',*,*,#1083,.F.);
#838=ORIENTED_EDGE('',*,*,#1084,.F.);
#839=ORIENTED_EDGE('',*,*,#1085,.T.);
#840=ORIENTED_EDGE('',*,*,#1086,.T.);
#841=ORIENTED_EDGE('',*,*,#1083,.T.);
#842=ORIENTED_EDGE('',*,*,#1082,.F.);
#843=ORIENTED_EDGE('',*,*,#1087,.T.);
#844=ORIENTED_EDGE('',*,*,#1046,.F.);
#845=ORIENTED_EDGE('',*,*,#1091,.F.);
#846=ORIENTED_EDGE('',*,*,#1088,.F.);
#847=ORIENTED_EDGE('',*,*,#1087,.F.);
#848=ORIENTED_EDGE('',*,*,#1089,.T.);
#849=ORIENTED_EDGE('',*,*,#1054,.F.);
#850=ORIENTED_EDGE('',*,*,#1090,.T.);
#851=ORIENTED_EDGE('',*,*,#1049,.T.);
#852=ORIENTED_EDGE('',*,*,#1091,.T.);
#853=ORIENTED_EDGE('',*,*,#1050,.T.);
#854=ORIENTED_EDGE('',*,*,#1092,.F.);
#855=ORIENTED_EDGE('',*,*,#1093,.F.);
#856=ORIENTED_EDGE('',*,*,#1092,.T.);
#857=ORIENTED_EDGE('',*,*,#1090,.F.);
#858=ORIENTED_EDGE('',*,*,#1096,.T.);
#859=ORIENTED_EDGE('',*,*,#1095,.F.);
#860=ORIENTED_EDGE('',*,*,#1096,.F.);
#861=ORIENTED_EDGE('',*,*,#1053,.F.);
#862=ORIENTED_EDGE('',*,*,#1070,.T.);
#863=ORIENTED_EDGE('',*,*,#1079,.F.);
#864=ORIENTED_EDGE('',*,*,#1094,.F.);
#865=EDGE_CURVE('',#1309,#1310,#1097,.T.);
#866=EDGE_CURVE('',#1311,#1309,#1098,.T.);
#867=EDGE_CURVE('',#1312,#1311,#1099,.T.);
#868=EDGE_CURVE('',#1313,#1312,#1100,.T.);
#869=EDGE_CURVE('',#1314,#1313,#1101,.T.);
#870=EDGE_CURVE('',#1310,#1314,#1102,.T.);
#871=EDGE_CURVE('',#1315,#1316,#1103,.T.);
#872=EDGE_CURVE('',#1309,#1315,#1104,.T.);
#873=EDGE_CURVE('',#1316,#1310,#1105,.T.);
#874=EDGE_CURVE('',#1317,#1318,#1106,.T.);
#875=EDGE_CURVE('',#1315,#1317,#1107,.T.);
#876=EDGE_CURVE('',#1319,#1316,#1108,.T.);
#877=EDGE_CURVE('',#1320,#1319,#1109,.T.);
#878=EDGE_CURVE('',#1318,#1320,#1110,.T.);
#879=EDGE_CURVE('',#1319,#1314,#1111,.T.);
#880=EDGE_CURVE('',#1311,#1317,#1112,.T.);
#881=EDGE_CURVE('',#1318,#1312,#1113,.T.);
#882=EDGE_CURVE('',#1320,#1313,#1114,.T.);
#883=EDGE_CURVE('',#1321,#1322,#13,.T.);
#884=EDGE_CURVE('',#1322,#1321,#14,.T.);
#885=EDGE_CURVE('',#1324,#1321,#1115,.T.);
#886=EDGE_CURVE('',#1324,#1325,#15,.T.);
#887=EDGE_CURVE('',#1323,#1325,#1116,.T.);
#888=EDGE_CURVE('',#1323,#1326,#16,.T.);
#889=EDGE_CURVE('',#1325,#1323,#17,.T.);
#890=EDGE_CURVE('',#1326,#1322,#1117,.T.);
#891=EDGE_CURVE('',#1326,#1324,#18,.T.);
#892=EDGE_CURVE('',#1327,#1328,#1118,.T.);
#893=EDGE_CURVE('',#1329,#1330,#1119,.T.);
#894=EDGE_CURVE('',#1330,#1331,#1120,.T.);
#895=EDGE_CURVE('',#1331,#1332,#1121,.T.);
#896=EDGE_CURVE('',#1333,#1334,#1122,.T.);
#897=EDGE_CURVE('',#1332,#1333,#1123,.T.);
#898=EDGE_CURVE('',#1334,#1331,#1124,.T.);
#899=EDGE_CURVE('',#1335,#1336,#1125,.T.);
#900=EDGE_CURVE('',#1337,#1335,#1126,.T.);
#901=EDGE_CURVE('',#1338,#1337,#1127,.T.);
#902=EDGE_CURVE('',#1336,#1338,#1128,.T.);
#903=EDGE_CURVE('',#1329,#1339,#1129,.T.);
#904=EDGE_CURVE('',#1339,#1340,#1130,.T.);
#905=EDGE_CURVE('',#1340,#1330,#1131,.T.);
#906=EDGE_CURVE('',#1341,#1342,#1132,.T.);
#907=EDGE_CURVE('',#1342,#1328,#1133,.T.);
#908=EDGE_CURVE('',#1327,#1341,#1134,.T.);
#909=EDGE_CURVE('',#1334,#1336,#1135,.T.);
#910=EDGE_CURVE('',#1333,#1338,#1136,.T.);
#911=EDGE_CURVE('',#1332,#1327,#1137,.T.);
#912=EDGE_CURVE('',#1333,#1341,#1138,.T.);
#913=EDGE_CURVE('',#1335,#1340,#1139,.T.);
#914=EDGE_CURVE('',#1339,#1337,#1140,.T.);
#915=EDGE_CURVE('',#1338,#1341,#1141,.T.);
#916=EDGE_CURVE('',#1337,#1342,#1142,.T.);
#917=EDGE_CURVE('',#1328,#1329,#1143,.T.);
#918=EDGE_CURVE('',#1339,#1342,#1144,.T.);
#919=EDGE_CURVE('',#1344,#1343,#1145,.T.);
#920=EDGE_CURVE('',#1347,#1345,#1146,.T.);
#921=EDGE_CURVE('',#1349,#1348,#1147,.T.);
#922=EDGE_CURVE('',#1353,#1352,#1148,.T.);
#923=EDGE_CURVE('',#1354,#1353,#1149,.T.);
#924=EDGE_CURVE('',#1355,#1354,#1150,.T.);
#925=EDGE_CURVE('',#1357,#1356,#1151,.T.);
#926=EDGE_CURVE('',#1346,#1358,#1152,.T.);
#927=EDGE_CURVE('',#1359,#1360,#1153,.T.);
#928=EDGE_CURVE('',#1361,#1359,#1154,.T.);
#929=EDGE_CURVE('',#1362,#1361,#1155,.T.);
#930=EDGE_CURVE('',#1360,#1362,#1156,.T.);
#931=EDGE_CURVE('',#1363,#1364,#1157,.T.);
#932=EDGE_CURVE('',#1345,#1365,#1158,.T.);
#933=EDGE_CURVE('',#1345,#1346,#19,.T.);
#934=EDGE_CURVE('',#1366,#1346,#1159,.T.);
#935=EDGE_CURVE('',#1365,#1366,#20,.T.);
#936=EDGE_CURVE('',#1358,#1367,#1160,.T.);
#937=EDGE_CURVE('',#1367,#1366,#1161,.T.);
#938=EDGE_CURVE('',#1368,#1369,#1162,.T.);
#939=EDGE_CURVE('',#1370,#1365,#1163,.T.);
#940=EDGE_CURVE('',#1371,#1370,#1164,.T.);
#941=EDGE_CURVE('',#1372,#1371,#1165,.T.);
#942=EDGE_CURVE('',#1373,#1372,#1166,.T.);
#943=EDGE_CURVE('',#1374,#1373,#1167,.T.);
#944=EDGE_CURVE('',#1347,#1374,#1168,.T.);
#945=EDGE_CURVE('',#1358,#1357,#1169,.T.);
#946=EDGE_CURVE('',#1367,#1368,#1170,.T.);
#947=EDGE_CURVE('',#1375,#1376,#1171,.T.);
#948=EDGE_CURVE('',#1376,#1369,#1172,.T.);
#949=EDGE_CURVE('',#1368,#1357,#1173,.T.);
#950=EDGE_CURVE('',#1356,#1377,#1174,.T.);
#951=EDGE_CURVE('',#1377,#1378,#1175,.T.);
#952=EDGE_CURVE('',#1378,#1375,#1176,.T.);
#953=EDGE_CURVE('',#1379,#1380,#1177,.T.);
#954=EDGE_CURVE('',#1382,#1381,#1178,.T.);
#955=EDGE_CURVE('',#1383,#1378,#1179,.T.);
#956=EDGE_CURVE('',#1354,#1383,#1180,.T.);
#957=EDGE_CURVE('',#1384,#1353,#1181,.T.);
#958=EDGE_CURVE('',#1380,#1384,#1182,.T.);
#959=EDGE_CURVE('',#1380,#1385,#1183,.T.);
#960=EDGE_CURVE('',#1385,#1386,#1184,.T.);
#961=EDGE_CURVE('',#1386,#1379,#1185,.T.);
#962=EDGE_CURVE('',#1381,#1387,#1186,.T.);
#963=EDGE_CURVE('',#1387,#1388,#1187,.T.);
#964=EDGE_CURVE('',#1388,#1382,#1188,.T.);
#965=EDGE_CURVE('',#1391,#1352,#1189,.T.);
#966=EDGE_CURVE('',#1384,#1391,#1190,.T.);
#967=EDGE_CURVE('',#1352,#1351,#1191,.T.);
#968=EDGE_CURVE('',#1351,#1392,#1192,.T.);
#969=EDGE_CURVE('',#1392,#1391,#1193,.T.);
#970=EDGE_CURVE('',#1351,#1350,#21,.T.);
#971=EDGE_CURVE('',#1393,#1350,#1194,.T.);
#972=EDGE_CURVE('',#1392,#1393,#22,.T.);
#973=EDGE_CURVE('',#1350,#1349,#1195,.T.);
#974=EDGE_CURVE('',#1394,#1349,#1196,.T.);
#975=EDGE_CURVE('',#1393,#1394,#1197,.T.);
#976=EDGE_CURVE('',#1348,#1395,#1198,.T.);
#977=EDGE_CURVE('',#1395,#1394,#1199,.T.);
#978=EDGE_CURVE('',#1348,#1347,#23,.T.);
#979=EDGE_CURVE('',#1395,#1374,#24,.T.);
#980=EDGE_CURVE('',#1396,#1383,#1200,.T.);
#981=EDGE_CURVE('',#1355,#1396,#1201,.T.);
#982=EDGE_CURVE('',#1356,#1355,#1202,.T.);
#983=EDGE_CURVE('',#1377,#1396,#1203,.T.);
#984=EDGE_CURVE('',#1390,#1389,#25,.T.);
#985=EDGE_CURVE('',#1389,#1390,#26,.T.);
#986=EDGE_CURVE('',#1364,#1363,#27,.T.);
#987=EDGE_CURVE('',#1397,#1364,#1204,.T.);
#988=EDGE_CURVE('',#1398,#1406,#28,.T.);
#989=EDGE_CURVE('',#1344,#1398,#1205,.T.);
#990=EDGE_CURVE('',#1343,#1344,#29,.T.);
#991=EDGE_CURVE('',#1399,#1343,#1206,.T.);
#992=EDGE_CURVE('',#1400,#1399,#30,.T.);
#993=EDGE_CURVE('',#1401,#1400,#31,.T.);
#994=EDGE_CURVE('',#1363,#1401,#1207,.T.);
#995=EDGE_CURVE('',#1400,#1389,#1208,.T.);
#996=EDGE_CURVE('',#1402,#1403,#1209,.T.);
#997=EDGE_CURVE('',#1403,#1401,#1210,.T.);
#998=EDGE_CURVE('',#1399,#1402,#1211,.T.);
#999=EDGE_CURVE('',#1404,#1405,#1212,.T.);
#1000=EDGE_CURVE('',#1405,#1398,#1213,.T.);
#1001=EDGE_CURVE('',#1397,#1404,#1214,.T.);
#1002=EDGE_CURVE('',#1360,#1403,#1215,.T.);
#1003=EDGE_CURVE('',#1404,#1362,#1216,.T.);
#1004=EDGE_CURVE('',#1405,#1361,#1217,.T.);
#1005=EDGE_CURVE('',#1359,#1402,#1218,.T.);
#1006=EDGE_CURVE('',#1373,#1385,#1219,.T.);
#1007=EDGE_CURVE('',#1372,#1386,#1220,.T.);
#1008=EDGE_CURVE('',#1381,#1379,#1221,.T.);
#1009=EDGE_CURVE('',#1387,#1386,#1222,.T.);
#1010=EDGE_CURVE('',#1387,#1372,#1223,.T.);
#1011=EDGE_CURVE('',#1371,#1388,#1224,.T.);
#1012=EDGE_CURVE('',#1375,#1382,#1225,.T.);
#1013=EDGE_CURVE('',#1376,#1388,#1226,.T.);
#1014=EDGE_CURVE('',#1376,#1371,#1227,.T.);
#1015=EDGE_CURVE('',#1369,#1370,#1228,.T.);
#1016=EDGE_CURVE('',#1406,#1390,#1229,.T.);
#1017=EDGE_CURVE('',#1406,#1397,#32,.T.);
#1018=EDGE_CURVE('',#1407,#1408,#1230,.T.);
#1019=EDGE_CURVE('',#1409,#1407,#1231,.T.);
#1020=EDGE_CURVE('',#1410,#1409,#1232,.T.);
#1021=EDGE_CURVE('',#1411,#1410,#1233,.T.);
#1022=EDGE_CURVE('',#1412,#1411,#1234,.T.);
#1023=EDGE_CURVE('',#1408,#1412,#1235,.T.);
#1024=EDGE_CURVE('',#1413,#1409,#1236,.T.);
#1025=EDGE_CURVE('',#1414,#1413,#1237,.T.);
#1026=EDGE_CURVE('',#1410,#1414,#1238,.T.);
#1027=EDGE_CURVE('',#1415,#1413,#1239,.T.);
#1028=EDGE_CURVE('',#1416,#1415,#1240,.T.);
#1029=EDGE_CURVE('',#1417,#1416,#1241,.T.);
#1030=EDGE_CURVE('',#1418,#1417,#1242,.T.);
#1031=EDGE_CURVE('',#1414,#1418,#1243,.T.);
#1032=EDGE_CURVE('',#1418,#1411,#1244,.T.);
#1033=EDGE_CURVE('',#1417,#1412,#1245,.T.);
#1034=EDGE_CURVE('',#1416,#1408,#1246,.T.);
#1035=EDGE_CURVE('',#1407,#1415,#1247,.T.);
#1036=EDGE_CURVE('',#1419,#1420,#1248,.T.);
#1037=EDGE_CURVE('',#1421,#1422,#1249,.T.);
#1038=EDGE_CURVE('',#1422,#1419,#1250,.T.);
#1039=EDGE_CURVE('',#1423,#1422,#1251,.T.);
#1040=EDGE_CURVE('',#1419,#1424,#1252,.T.);
#1041=EDGE_CURVE('',#1425,#1426,#1253,.T.);
#1042=EDGE_CURVE('',#1427,#1425,#1254,.T.);
#1043=EDGE_CURVE('',#1428,#1427,#1255,.T.);
#1044=EDGE_CURVE('',#1426,#1428,#1256,.T.);
#1045=EDGE_CURVE('',#1429,#1430,#1257,.T.);
#1046=EDGE_CURVE('',#1430,#1431,#1258,.T.);
#1047=EDGE_CURVE('',#1431,#1432,#1259,.T.);
#1048=EDGE_CURVE('',#1432,#1429,#1260,.T.);
#1049=EDGE_CURVE('',#1433,#1434,#1261,.T.);
#1050=EDGE_CURVE('',#1430,#1433,#1262,.T.);
#1051=EDGE_CURVE('',#1434,#1429,#1263,.T.);
#1052=EDGE_CURVE('',#1435,#1436,#1264,.T.);
#1053=EDGE_CURVE('',#1436,#1437,#1265,.T.);
#1054=EDGE_CURVE('',#1437,#1438,#1266,.T.);
#1055=EDGE_CURVE('',#1438,#1435,#1267,.T.);
#1056=EDGE_CURVE('',#1442,#1428,#1268,.T.);
#1057=EDGE_CURVE('',#1435,#1444,#1269,.T.);
#1058=EDGE_CURVE('',#1444,#1443,#1270,.T.);
#1059=EDGE_CURVE('',#1445,#1443,#1271,.T.);
#1060=EDGE_CURVE('',#1446,#1445,#1272,.T.);
#1061=EDGE_CURVE('',#1444,#1446,#1273,.T.);
#1062=EDGE_CURVE('',#1443,#1442,#1274,.T.);
#1063=EDGE_CURVE('',#1442,#1447,#1275,.T.);
#1064=EDGE_CURVE('',#1447,#1445,#1276,.T.);
#1065=EDGE_CURVE('',#1427,#1448,#1277,.T.);
#1066=EDGE_CURVE('',#1448,#1449,#1278,.T.);
#1067=EDGE_CURVE('',#1449,#1450,#1279,.T.);
#1068=EDGE_CURVE('',#1450,#1447,#1280,.T.);
#1069=EDGE_CURVE('',#1451,#1452,#1281,.T.);
#1070=EDGE_CURVE('',#1436,#1451,#1282,.T.);
#1071=EDGE_CURVE('',#1453,#1446,#1283,.T.);
#1072=EDGE_CURVE('',#1452,#1453,#1284,.T.);
#1073=EDGE_CURVE('',#1454,#1450,#1285,.T.);
#1074=EDGE_CURVE('',#1445,#1454,#1286,.T.);
#1075=EDGE_CURVE('',#1454,#1453,#1287,.T.);
#1076=EDGE_CURVE('',#1454,#1455,#1288,.T.);
#1077=EDGE_CURVE('',#1455,#1452,#1289,.T.);
#1078=EDGE_CURVE('',#1449,#1455,#1290,.T.);
#1079=EDGE_CURVE('',#1421,#1451,#1291,.T.);
#1080=EDGE_CURVE('',#1455,#1422,#1292,.T.);
#1081=EDGE_CURVE('',#1426,#1432,#1293,.T.);
#1082=EDGE_CURVE('',#1431,#1425,#1294,.T.);
#1083=EDGE_CURVE('',#1441,#1425,#1295,.T.);
#1084=EDGE_CURVE('',#1424,#1441,#1296,.T.);
#1085=EDGE_CURVE('',#1424,#1423,#1297,.T.);
#1086=EDGE_CURVE('',#1423,#1448,#1298,.T.);
#1087=EDGE_CURVE('',#1431,#1441,#1299,.T.);
#1088=EDGE_CURVE('',#1441,#1439,#1300,.T.);
#1089=EDGE_CURVE('',#1434,#1438,#1301,.T.);
#1090=EDGE_CURVE('',#1437,#1433,#1302,.T.);
#1091=EDGE_CURVE('',#1439,#1430,#1303,.T.);
#1092=EDGE_CURVE('',#1440,#1433,#1304,.T.);
#1093=EDGE_CURVE('',#1439,#1440,#1305,.T.);
#1094=EDGE_CURVE('',#1420,#1421,#1306,.T.);
#1095=EDGE_CURVE('',#1440,#1420,#1307,.T.);
#1096=EDGE_CURVE('',#1437,#1440,#1308,.T.);
#1097=B_SPLINE_CURVE_WITH_KNOTS('',1,(#1772,#1773),.UNSPECIFIED.,.F.,.F.,
(2,2),(-0.00428459,0.),.UNSPECIFIED.);
#1098=B_SPLINE_CURVE_WITH_KNOTS('',1,(#1774,#1775),.UNSPECIFIED.,.F.,.F.,
(2,2),(-0.000707110773338785,0.),.UNSPECIFIED.);
#1099=B_SPLINE_CURVE_WITH_KNOTS('',1,(#1776,#1777),.UNSPECIFIED.,.F.,.F.,
(2,2),(-0.0421081751143428,0.),.UNSPECIFIED.);
#1100=B_SPLINE_CURVE_WITH_KNOTS('',1,(#1778,#1779),.UNSPECIFIED.,.F.,.F.,
(2,2),(-0.000894969026191809,0.),.UNSPECIFIED.);
#1101=B_SPLINE_CURVE_WITH_KNOTS('',1,(#1780,#1781),.UNSPECIFIED.,.F.,.F.,
(2,2),(0.,0.00428459),.UNSPECIFIED.);
#1102=B_SPLINE_CURVE_WITH_KNOTS('',1,(#1782,#1783),.UNSPECIFIED.,.F.,.F.,
(2,2),(0.,0.0433504539967299),.UNSPECIFIED.);
#1103=B_SPLINE_CURVE_WITH_KNOTS('',1,(#1784,#1785),.UNSPECIFIED.,.F.,.F.,
(2,2),(-0.00428459,0.),.UNSPECIFIED.);
#1104=B_SPLINE_CURVE_WITH_KNOTS('',1,(#1786,#1787),.UNSPECIFIED.,.F.,.F.,
(2,2),(-0.015000169372197,0.),.UNSPECIFIED.);
#1105=B_SPLINE_CURVE_WITH_KNOTS('',1,(#1788,#1789),.UNSPECIFIED.,.F.,.F.,
(2,2),(0.,0.015000169372197),.UNSPECIFIED.);
#1106=B_SPLINE_CURVE_WITH_KNOTS('',1,(#1790,#1791),.UNSPECIFIED.,.F.,.F.,
(2,2),(-0.0257212498715016,0.),.UNSPECIFIED.);
#1107=B_SPLINE_CURVE_WITH_KNOTS('',1,(#1792,#1793),.UNSPECIFIED.,.F.,.F.,
(2,2),(-0.000707110773338778,0.),.UNSPECIFIED.);
#1108=B_SPLINE_CURVE_WITH_KNOTS('',1,(#1794,#1795),.UNSPECIFIED.,.F.,.F.,
(2,2),(0.,0.0269635287538886),.UNSPECIFIED.);
#1109=B_SPLINE_CURVE_WITH_KNOTS('',1,(#1796,#1797),.UNSPECIFIED.,.F.,.F.,
(2,2),(-0.00428459,0.),.UNSPECIFIED.);
#1110=B_SPLINE_CURVE_WITH_KNOTS('',1,(#1798,#1799),.UNSPECIFIED.,.F.,.F.,
(2,2),(-0.000894969026191723,0.),.UNSPECIFIED.);
#1111=B_SPLINE_CURVE_WITH_KNOTS('',1,(#1800,#1801),.UNSPECIFIED.,.F.,.F.,
(2,2),(-0.0222681970994154,0.),.UNSPECIFIED.);
#1112=B_SPLINE_CURVE_WITH_KNOTS('',1,(#1802,#1803),.UNSPECIFIED.,.F.,.F.,
(2,2),(0.,0.015000169372197),.UNSPECIFIED.);
#1113=B_SPLINE_CURVE_WITH_KNOTS('',1,(#1804,#1805),.UNSPECIFIED.,.F.,.F.,
(2,2),(0.,0.0222681970994154),.UNSPECIFIED.);
#1114=B_SPLINE_CURVE_WITH_KNOTS('',1,(#1806,#1807),.UNSPECIFIED.,.F.,.F.,
(2,2),(-0.0222681970994154,0.),.UNSPECIFIED.);
#1115=B_SPLINE_CURVE_WITH_KNOTS('',1,(#1847,#1848),.UNSPECIFIED.,.F.,.F.,
(2,2),(0.00210926366864647,0.00369499646663666),.UNSPECIFIED.);
#1116=B_SPLINE_CURVE_WITH_KNOTS('',1,(#1852,#1853),.UNSPECIFIED.,.F.,.F.,
(2,2),(0.,0.0063808220567432),.UNSPECIFIED.);
#1117=B_SPLINE_CURVE_WITH_KNOTS('',1,(#1862,#1863),.UNSPECIFIED.,.F.,.F.,
(2,2),(0.0021092636686464,0.00369499646663666),.UNSPECIFIED.);
#1118=B_SPLINE_CURVE_WITH_KNOTS('',1,(#1898,#1899),.UNSPECIFIED.,.F.,.F.,
(2,2),(0.,0.0423243965224147),.UNSPECIFIED.);
#1119=B_SPLINE_CURVE_WITH_KNOTS('',1,(#1900,#1901),.UNSPECIFIED.,.F.,.F.,
(2,2),(0.,0.00428459),.UNSPECIFIED.);
#1120=B_SPLINE_CURVE_WITH_KNOTS('',1,(#1902,#1903),.UNSPECIFIED.,.F.,.F.,
(2,2),(-0.0433243965224147,0.),.UNSPECIFIED.);
#1121=B_SPLINE_CURVE_WITH_KNOTS('',1,(#1904,#1905),.UNSPECIFIED.,.F.,.F.,
(2,2),(-0.00428459,0.),.UNSPECIFIED.);
#1122=B_SPLINE_CURVE_WITH_KNOTS('',1,(#1906,#1907),.UNSPECIFIED.,.F.,.F.,
(2,2),(-0.00428459,0.),.UNSPECIFIED.);
#1123=B_SPLINE_CURVE_WITH_KNOTS('',1,(#1908,#1909),.UNSPECIFIED.,.F.,.F.,
(2,2),(-0.0128508080616594,0.),.UNSPECIFIED.);
#1124=B_SPLINE_CURVE_WITH_KNOTS('',1,(#1910,#1911),.UNSPECIFIED.,.F.,.F.,
(2,2),(-0.0128508080616594,0.),.UNSPECIFIED.);
#1125=B_SPLINE_CURVE_WITH_KNOTS('',1,(#1912,#1913),.UNSPECIFIED.,.F.,.F.,
(2,2),(-0.0423243965224147,0.),.UNSPECIFIED.);
#1126=B_SPLINE_CURVE_WITH_KNOTS('',1,(#1914,#1915),.UNSPECIFIED.,.F.,.F.,
(2,2),(-0.00428459,0.),.UNSPECIFIED.);
#1127=B_SPLINE_CURVE_WITH_KNOTS('',1,(#1916,#1917),.UNSPECIFIED.,.F.,.F.,
(2,2),(-0.0423243965224147,0.),.UNSPECIFIED.);
#1128=B_SPLINE_CURVE_WITH_KNOTS('',1,(#1918,#1919),.UNSPECIFIED.,.F.,.F.,
(2,2),(-0.00428459,0.),.UNSPECIFIED.);
#1129=B_SPLINE_CURVE_WITH_KNOTS('',1,(#1920,#1921),.UNSPECIFIED.,.F.,.F.,
(2,2),(0.,0.0128508080616594),.UNSPECIFIED.);
#1130=B_SPLINE_CURVE_WITH_KNOTS('',1,(#1922,#1923),.UNSPECIFIED.,.F.,.F.,
(2,2),(0.,0.00428459),.UNSPECIFIED.);
#1131=B_SPLINE_CURVE_WITH_KNOTS('',1,(#1924,#1925),.UNSPECIFIED.,.F.,.F.,
(2,2),(-0.0128508080616594,0.),.UNSPECIFIED.);
#1132=B_SPLINE_CURVE_WITH_KNOTS('',1,(#1926,#1927),.UNSPECIFIED.,.F.,.F.,
(2,2),(0.,0.0423243965224147),.UNSPECIFIED.);
#1133=B_SPLINE_CURVE_WITH_KNOTS('',1,(#1928,#1929),.UNSPECIFIED.,.F.,.F.,
(2,2),(0.,0.0128508080616594),.UNSPECIFIED.);
#1134=B_SPLINE_CURVE_WITH_KNOTS('',1,(#1930,#1931),.UNSPECIFIED.,.F.,.F.,
(2,2),(0.,0.0128508080616594),.UNSPECIFIED.);
#1135=B_SPLINE_CURVE_WITH_KNOTS('',1,(#1932,#1933),.UNSPECIFIED.,.F.,.F.,
(2,2),(0.,0.000707106781186548),.UNSPECIFIED.);
#1136=B_SPLINE_CURVE_WITH_KNOTS('',1,(#1934,#1935),.UNSPECIFIED.,.F.,.F.,
(2,2),(-0.000707106781186548,0.),.UNSPECIFIED.);
#1137=B_SPLINE_CURVE_WITH_KNOTS('',1,(#1936,#1937),.UNSPECIFIED.,.F.,.F.,
(2,2),(0.,0.000707106781186548),.UNSPECIFIED.);
#1138=B_SPLINE_CURVE_WITH_KNOTS('',1,(#1938,#1939),.UNSPECIFIED.,.F.,.F.,
(2,2),(-0.000707106781186548,0.),.UNSPECIFIED.);
#1139=B_SPLINE_CURVE_WITH_KNOTS('',1,(#1940,#1941),.UNSPECIFIED.,.F.,.F.,
(2,2),(-0.000707106781186548,0.),.UNSPECIFIED.);
#1140=B_SPLINE_CURVE_WITH_KNOTS('',1,(#1942,#1943),.UNSPECIFIED.,.F.,.F.,
(2,2),(-0.000707106781186541,0.),.UNSPECIFIED.);
#1141=B_SPLINE_CURVE_WITH_KNOTS('',1,(#1944,#1945),.UNSPECIFIED.,.F.,.F.,
(2,2),(0.,0.000707106781186548),.UNSPECIFIED.);
#1142=B_SPLINE_CURVE_WITH_KNOTS('',1,(#1946,#1947),.UNSPECIFIED.,.F.,.F.,
(2,2),(-0.000707106781186548,0.),.UNSPECIFIED.);
#1143=B_SPLINE_CURVE_WITH_KNOTS('',1,(#1948,#1949),.UNSPECIFIED.,.F.,.F.,
(2,2),(-0.000707106781186548,0.),.UNSPECIFIED.);
#1144=B_SPLINE_CURVE_WITH_KNOTS('',1,(#1950,#1951),.UNSPECIFIED.,.F.,.F.,
(2,2),(-0.000707106781186548,0.),.UNSPECIFIED.);
#1145=B_SPLINE_CURVE_WITH_KNOTS('',1,(#2122,#2123),.UNSPECIFIED.,.F.,.F.,
(2,2),(0.,0.0045825756949559),.UNSPECIFIED.);
#1146=B_SPLINE_CURVE_WITH_KNOTS('',1,(#2124,#2125),.UNSPECIFIED.,.F.,.F.,
(2,2),(-0.0040788190866363,0.),.UNSPECIFIED.);
#1147=B_SPLINE_CURVE_WITH_KNOTS('',1,(#2126,#2127),.UNSPECIFIED.,.F.,.F.,
(2,2),(0.,0.00335),.UNSPECIFIED.);
#1148=B_SPLINE_CURVE_WITH_KNOTS('',1,(#2128,#2129),.UNSPECIFIED.,.F.,.F.,
(2,2),(-0.0033,0.),.UNSPECIFIED.);
#1149=B_SPLINE_CURVE_WITH_KNOTS('',1,(#2130,#2131),.UNSPECIFIED.,.F.,.F.,
(2,2),(0.,0.0042),.UNSPECIFIED.);
#1150=B_SPLINE_CURVE_WITH_KNOTS('',1,(#2132,#2133),.UNSPECIFIED.,.F.,.F.,
(2,2),(-0.002968940483,0.),.UNSPECIFIED.);
#1151=B_SPLINE_CURVE_WITH_KNOTS('',1,(#2134,#2135),.UNSPECIFIED.,.F.,.F.,
(2,2),(0.,0.0051313174855008),.UNSPECIFIED.);
#1152=B_SPLINE_CURVE_WITH_KNOTS('',1,(#2136,#2137),.UNSPECIFIED.,.F.,.F.,
(2,2),(0.,0.003018940483),.UNSPECIFIED.);
#1153=B_SPLINE_CURVE_WITH_KNOTS('',1,(#2138,#2139),.UNSPECIFIED.,.F.,.F.,
(2,2),(0.,0.002),.UNSPECIFIED.);
#1154=B_SPLINE_CURVE_WITH_KNOTS('',1,(#2140,#2141),.UNSPECIFIED.,.F.,.F.,
(2,2),(0.,0.002),.UNSPECIFIED.);
#1155=B_SPLINE_CURVE_WITH_KNOTS('',1,(#2142,#2143),.UNSPECIFIED.,.F.,.F.,
(2,2),(-0.002,0.),.UNSPECIFIED.);
#1156=B_SPLINE_CURVE_WITH_KNOTS('',1,(#2144,#2145),.UNSPECIFIED.,.F.,.F.,
(2,2),(-0.002,0.),.UNSPECIFIED.);
#1157=B_SPLINE_CURVE_WITH_KNOTS('',1,(#2146,#2147),.UNSPECIFIED.,.F.,.F.,
(2,2),(-0.0045825756949558,0.),.UNSPECIFIED.);
#1158=B_SPLINE_CURVE_WITH_KNOTS('',1,(#2148,#2149),.UNSPECIFIED.,.F.,.F.,
(2,2),(0.,0.0023),.UNSPECIFIED.);
#1159=B_SPLINE_CURVE_WITH_KNOTS('',1,(#2153,#2154),.UNSPECIFIED.,.F.,.F.,
(2,2),(-0.0023,0.),.UNSPECIFIED.);
#1160=B_SPLINE_CURVE_WITH_KNOTS('',1,(#2158,#2159),.UNSPECIFIED.,.F.,.F.,
(2,2),(0.,0.0023),.UNSPECIFIED.);
#1161=B_SPLINE_CURVE_WITH_KNOTS('',1,(#2160,#2161),.UNSPECIFIED.,.F.,.F.,
(2,2),(-0.003018940483,0.),.UNSPECIFIED.);
#1162=B_SPLINE_CURVE_WITH_KNOTS('',1,(#2162,#2163),.UNSPECIFIED.,.F.,.F.,
(2,2),(0.,0.003885149318909),.UNSPECIFIED.);
#1163=B_SPLINE_CURVE_WITH_KNOTS('',1,(#2164,#2165),.UNSPECIFIED.,.F.,.F.,
(2,2),(-0.0088950789313142,0.),.UNSPECIFIED.);
#1164=B_SPLINE_CURVE_WITH_KNOTS('',1,(#2166,#2167),.UNSPECIFIED.,.F.,.F.,
(2,2),(-0.0043,0.),.UNSPECIFIED.);
#1165=B_SPLINE_CURVE_WITH_KNOTS('',1,(#2168,#2169),.UNSPECIFIED.,.F.,.F.,
(2,2),(-0.0423243891892004,0.),.UNSPECIFIED.);
#1166=B_SPLINE_CURVE_WITH_KNOTS('',1,(#2170,#2171),.UNSPECIFIED.,.F.,.F.,
(2,2),(-0.0043,0.),.UNSPECIFIED.);
#1167=B_SPLINE_CURVE_WITH_KNOTS('',1,(#2172,#2173),.UNSPECIFIED.,.F.,.F.,
(2,2),(-0.0293504911712499,0.),.UNSPECIFIED.);
#1168=B_SPLINE_CURVE_WITH_KNOTS('',1,(#2174,#2175),.UNSPECIFIED.,.F.,.F.,
(2,2),(0.,0.0023),.UNSPECIFIED.);
#1169=B_SPLINE_CURVE_WITH_KNOTS('',1,(#2176,#2177),.UNSPECIFIED.,.F.,.F.,
(2,2),(0.,0.00937451831205833),.UNSPECIFIED.);
#1170=B_SPLINE_CURVE_WITH_KNOTS('',1,(#2178,#2179),.UNSPECIFIED.,.F.,.F.,
(2,2),(0.,0.00937451831205833),.UNSPECIFIED.);
#1171=B_SPLINE_CURVE_WITH_KNOTS('',1,(#2180,#2181),.UNSPECIFIED.,.F.,.F.,
(2,2),(0.,0.0128508080616594),.UNSPECIFIED.);
#1172=B_SPLINE_CURVE_WITH_KNOTS('',1,(#2182,#2183),.UNSPECIFIED.,.F.,.F.,
(2,2),(0.,0.0043),.UNSPECIFIED.);
#1173=B_SPLINE_CURVE_WITH_KNOTS('',1,(#2184,#2185),.UNSPECIFIED.,.F.,.F.,
(2,2),(-0.0023,0.),.UNSPECIFIED.);
#1174=B_SPLINE_CURVE_WITH_KNOTS('',1,(#2186,#2187),.UNSPECIFIED.,.F.,.F.,
(2,2),(0.,0.0023),.UNSPECIFIED.);
#1175=B_SPLINE_CURVE_WITH_KNOTS('',1,(#2188,#2189),.UNSPECIFIED.,.F.,.F.,
(2,2),(-0.0038343412572496,0.),.UNSPECIFIED.);
#1176=B_SPLINE_CURVE_WITH_KNOTS('',1,(#2190,#2191),.UNSPECIFIED.,.F.,.F.,
(2,2),(-0.0043,0.),.UNSPECIFIED.);
#1177=B_SPLINE_CURVE_WITH_KNOTS('',1,(#2192,#2193),.UNSPECIFIED.,.F.,.F.,
(2,2),(0.,0.0043),.UNSPECIFIED.);
#1178=B_SPLINE_CURVE_WITH_KNOTS('',1,(#2194,#2195),.UNSPECIFIED.,.F.,.F.,
(2,2),(0.,0.0423243891892004),.UNSPECIFIED.);
#1179=B_SPLINE_CURVE_WITH_KNOTS('',1,(#2196,#2197),.UNSPECIFIED.,.F.,.F.,
(2,2),(0.,0.0093344884746324),.UNSPECIFIED.);
#1180=B_SPLINE_CURVE_WITH_KNOTS('',1,(#2198,#2199),.UNSPECIFIED.,.F.,.F.,
(2,2),(0.,0.0023),.UNSPECIFIED.);
#1181=B_SPLINE_CURVE_WITH_KNOTS('',1,(#2200,#2201),.UNSPECIFIED.,.F.,.F.,
(2,2),(-0.0023,0.),.UNSPECIFIED.);
#1182=B_SPLINE_CURVE_WITH_KNOTS('',1,(#2202,#2203),.UNSPECIFIED.,.F.,.F.,
(2,2),(0.,0.029789900714568),.UNSPECIFIED.);
#1183=B_SPLINE_CURVE_WITH_KNOTS('',1,(#2204,#2205),.UNSPECIFIED.,.F.,.F.,
(2,2),(0.,0.0128508080616594),.UNSPECIFIED.);
#1184=B_SPLINE_CURVE_WITH_KNOTS('',1,(#2206,#2207),.UNSPECIFIED.,.F.,.F.,
(2,2),(0.,0.0043),.UNSPECIFIED.);
#1185=B_SPLINE_CURVE_WITH_KNOTS('',1,(#2208,#2209),.UNSPECIFIED.,.F.,.F.,
(2,2),(0.,0.0128508080616594),.UNSPECIFIED.);
#1186=B_SPLINE_CURVE_WITH_KNOTS('',1,(#2210,#2211),.UNSPECIFIED.,.F.,.F.,
(2,2),(0.,0.0128508080616594),.UNSPECIFIED.);
#1187=B_SPLINE_CURVE_WITH_KNOTS('',1,(#2212,#2213),.UNSPECIFIED.,.F.,.F.,
(2,2),(0.,0.0423243891892004),.UNSPECIFIED.);
#1188=B_SPLINE_CURVE_WITH_KNOTS('',1,(#2214,#2215),.UNSPECIFIED.,.F.,.F.,
(2,2),(0.,0.0128508080616594),.UNSPECIFIED.);
#1189=B_SPLINE_CURVE_WITH_KNOTS('',1,(#2216,#2217),.UNSPECIFIED.,.F.,.F.,
(2,2),(-0.0023,0.),.UNSPECIFIED.);
#1190=B_SPLINE_CURVE_WITH_KNOTS('',1,(#2218,#2219),.UNSPECIFIED.,.F.,.F.,
(2,2),(-0.0033,0.),.UNSPECIFIED.);
#1191=B_SPLINE_CURVE_WITH_KNOTS('',1,(#2220,#2221),.UNSPECIFIED.,.F.,.F.,
(2,2),(0.,0.0125079682688614),.UNSPECIFIED.);
#1192=B_SPLINE_CURVE_WITH_KNOTS('',1,(#2222,#2223),.UNSPECIFIED.,.F.,.F.,
(2,2),(0.,0.0023),.UNSPECIFIED.);
#1193=B_SPLINE_CURVE_WITH_KNOTS('',1,(#2224,#2225),.UNSPECIFIED.,.F.,.F.,
(2,2),(-0.0125079682688614,0.),.UNSPECIFIED.);
#1194=B_SPLINE_CURVE_WITH_KNOTS('',1,(#2231,#2232),.UNSPECIFIED.,.F.,.F.,
(2,2),(-0.0023,0.),.UNSPECIFIED.);
#1195=B_SPLINE_CURVE_WITH_KNOTS('',1,(#2238,#2239),.UNSPECIFIED.,.F.,.F.,
(2,2),(-0.0125079682688614,0.),.UNSPECIFIED.);
#1196=B_SPLINE_CURVE_WITH_KNOTS('',1,(#2240,#2241),.UNSPECIFIED.,.F.,.F.,
(2,2),(-0.0023,0.),.UNSPECIFIED.);
#1197=B_SPLINE_CURVE_WITH_KNOTS('',1,(#2242,#2243),.UNSPECIFIED.,.F.,.F.,
(2,2),(-0.0125079682688614,0.),.UNSPECIFIED.);
#1198=B_SPLINE_CURVE_WITH_KNOTS('',1,(#2244,#2245),.UNSPECIFIED.,.F.,.F.,
(2,2),(0.,0.0023),.UNSPECIFIED.);
#1199=B_SPLINE_CURVE_WITH_KNOTS('',1,(#2246,#2247),.UNSPECIFIED.,.F.,.F.,
(2,2),(-0.00335,0.),.UNSPECIFIED.);
#1200=B_SPLINE_CURVE_WITH_KNOTS('',1,(#2254,#2255),.UNSPECIFIED.,.F.,.F.,
(2,2),(-0.002968940483,0.),.UNSPECIFIED.);
#1201=B_SPLINE_CURVE_WITH_KNOTS('',1,(#2256,#2257),.UNSPECIFIED.,.F.,.F.,
(2,2),(0.,0.0023),.UNSPECIFIED.);
#1202=B_SPLINE_CURVE_WITH_KNOTS('',1,(#2258,#2259),.UNSPECIFIED.,.F.,.F.,
(2,2),(-0.00937451831205833,0.),.UNSPECIFIED.);
#1203=B_SPLINE_CURVE_WITH_KNOTS('',1,(#2260,#2261),.UNSPECIFIED.,.F.,.F.,
(2,2),(-0.00937451831205833,0.),.UNSPECIFIED.);
#1204=B_SPLINE_CURVE_WITH_KNOTS('',1,(#2277,#2278),.UNSPECIFIED.,.F.,.F.,
(2,2),(0.,0.000400000000000005),.UNSPECIFIED.);
#1205=B_SPLINE_CURVE_WITH_KNOTS('',1,(#2282,#2283),.UNSPECIFIED.,.F.,.F.,
(2,2),(-0.000400000000000005,0.),.UNSPECIFIED.);
#1206=B_SPLINE_CURVE_WITH_KNOTS('',1,(#2289,#2290),.UNSPECIFIED.,.F.,.F.,
(2,2),(0.,0.000400000000000005),.UNSPECIFIED.);
#1207=B_SPLINE_CURVE_WITH_KNOTS('',1,(#2297,#2298),.UNSPECIFIED.,.F.,.F.,
(2,2),(-0.000400000000000005,0.),.UNSPECIFIED.);
#1208=B_SPLINE_CURVE_WITH_KNOTS('',1,(#2299,#2300),.UNSPECIFIED.,.F.,.F.,
(2,2),(0.00132999999999998,0.00262999999999999),.UNSPECIFIED.);
#1209=B_SPLINE_CURVE_WITH_KNOTS('',1,(#2301,#2302),.UNSPECIFIED.,.F.,.F.,
(2,2),(-0.002,0.),.UNSPECIFIED.);
#1210=B_SPLINE_CURVE_WITH_KNOTS('',1,(#2303,#2304),.UNSPECIFIED.,.F.,.F.,
(2,2),(-0.0012912878474779,0.),.UNSPECIFIED.);
#1211=B_SPLINE_CURVE_WITH_KNOTS('',1,(#2305,#2306),.UNSPECIFIED.,.F.,.F.,
(2,2),(0.,0.0012912878474779),.UNSPECIFIED.);
#1212=B_SPLINE_CURVE_WITH_KNOTS('',1,(#2307,#2308),.UNSPECIFIED.,.F.,.F.,
(2,2),(0.,0.002),.UNSPECIFIED.);
#1213=B_SPLINE_CURVE_WITH_KNOTS('',1,(#2309,#2310),.UNSPECIFIED.,.F.,.F.,
(2,2),(0.,0.0012912878474779),.UNSPECIFIED.);
#1214=B_SPLINE_CURVE_WITH_KNOTS('',1,(#2311,#2312),.UNSPECIFIED.,.F.,.F.,
(2,2),(-0.0012912878474779,0.),.UNSPECIFIED.);
#1215=B_SPLINE_CURVE_WITH_KNOTS('',1,(#2313,#2314),.UNSPECIFIED.,.F.,.F.,
(2,2),(0.,0.0012),.UNSPECIFIED.);
#1216=B_SPLINE_CURVE_WITH_KNOTS('',1,(#2315,#2316),.UNSPECIFIED.,.F.,.F.,
(2,2),(-0.0012,0.),.UNSPECIFIED.);
#1217=B_SPLINE_CURVE_WITH_KNOTS('',1,(#2317,#2318),.UNSPECIFIED.,.F.,.F.,
(2,2),(-0.0012,0.),.UNSPECIFIED.);
#1218=B_SPLINE_CURVE_WITH_KNOTS('',1,(#2319,#2320),.UNSPECIFIED.,.F.,.F.,
(2,2),(0.,0.0012),.UNSPECIFIED.);
#1219=B_SPLINE_CURVE_WITH_KNOTS('',1,(#2321,#2322),.UNSPECIFIED.,.F.,.F.,
(2,2),(0.,0.000707106781186548),.UNSPECIFIED.);
#1220=B_SPLINE_CURVE_WITH_KNOTS('',1,(#2323,#2324),.UNSPECIFIED.,.F.,.F.,
(2,2),(-0.000707106781186548,0.),.UNSPECIFIED.);
#1221=B_SPLINE_CURVE_WITH_KNOTS('',1,(#2325,#2326),.UNSPECIFIED.,.F.,.F.,
(2,2),(0.,0.000707106781186548),.UNSPECIFIED.);
#1222=B_SPLINE_CURVE_WITH_KNOTS('',1,(#2327,#2328),.UNSPECIFIED.,.F.,.F.,
(2,2),(-0.000707106781186548,0.),.UNSPECIFIED.);
#1223=B_SPLINE_CURVE_WITH_KNOTS('',1,(#2329,#2330),.UNSPECIFIED.,.F.,.F.,
(2,2),(-0.000707106781186548,0.),.UNSPECIFIED.);
#1224=B_SPLINE_CURVE_WITH_KNOTS('',1,(#2331,#2332),.UNSPECIFIED.,.F.,.F.,
(2,2),(-0.000707106781186548,0.),.UNSPECIFIED.);
#1225=B_SPLINE_CURVE_WITH_KNOTS('',1,(#2333,#2334),.UNSPECIFIED.,.F.,.F.,
(2,2),(0.,0.000707106781186548),.UNSPECIFIED.);
#1226=B_SPLINE_CURVE_WITH_KNOTS('',1,(#2335,#2336),.UNSPECIFIED.,.F.,.F.,
(2,2),(-0.000707106781186548,0.),.UNSPECIFIED.);
#1227=B_SPLINE_CURVE_WITH_KNOTS('',1,(#2337,#2338),.UNSPECIFIED.,.F.,.F.,
(2,2),(-0.000707106781186548,0.),.UNSPECIFIED.);
#1228=B_SPLINE_CURVE_WITH_KNOTS('',1,(#2339,#2340),.UNSPECIFIED.,.F.,.F.,
(2,2),(0.,0.000707106781186548),.UNSPECIFIED.);
#1229=B_SPLINE_CURVE_WITH_KNOTS('',1,(#2341,#2342),.UNSPECIFIED.,.F.,.F.,
(2,2),(0.00132999999999998,0.00262999999999999),.UNSPECIFIED.);
#1230=B_SPLINE_CURVE_WITH_KNOTS('',1,(#2366,#2367),.UNSPECIFIED.,.F.,.F.,
(2,2),(0.,0.0421118271327284),.UNSPECIFIED.);
#1231=B_SPLINE_CURVE_WITH_KNOTS('',1,(#2368,#2369),.UNSPECIFIED.,.F.,.F.,
(2,2),(0.,0.000707110773338785),.UNSPECIFIED.);
#1232=B_SPLINE_CURVE_WITH_KNOTS('',1,(#2370,#2371),.UNSPECIFIED.,.F.,.F.,
(2,2),(-0.0043,0.),.UNSPECIFIED.);
#1233=B_SPLINE_CURVE_WITH_KNOTS('',1,(#2372,#2373),.UNSPECIFIED.,.F.,.F.,
(2,2),(-0.0433541060151155,0.),.UNSPECIFIED.);
#1234=B_SPLINE_CURVE_WITH_KNOTS('',1,(#2374,#2375),.UNSPECIFIED.,.F.,.F.,
(2,2),(0.,0.0043),.UNSPECIFIED.);
#1235=B_SPLINE_CURVE_WITH_KNOTS('',1,(#2376,#2377),.UNSPECIFIED.,.F.,.F.,
(2,2),(0.,0.000894969026191809),.UNSPECIFIED.);
#1236=B_SPLINE_CURVE_WITH_KNOTS('',1,(#2378,#2379),.UNSPECIFIED.,.F.,.F.,
(2,2),(-0.015000169372197,0.),.UNSPECIFIED.);
#1237=B_SPLINE_CURVE_WITH_KNOTS('',1,(#2380,#2381),.UNSPECIFIED.,.F.,.F.,
(2,2),(-0.0043,0.),.UNSPECIFIED.);
#1238=B_SPLINE_CURVE_WITH_KNOTS('',1,(#2382,#2383),.UNSPECIFIED.,.F.,.F.,
(2,2),(-0.015000169372197,0.),.UNSPECIFIED.);
#1239=B_SPLINE_CURVE_WITH_KNOTS('',1,(#2384,#2385),.UNSPECIFIED.,.F.,.F.,
(2,2),(0.,0.000707110773338785),.UNSPECIFIED.);
#1240=B_SPLINE_CURVE_WITH_KNOTS('',1,(#2386,#2387),.UNSPECIFIED.,.F.,.F.,
(2,2),(0.,0.0257249018898872),.UNSPECIFIED.);
#1241=B_SPLINE_CURVE_WITH_KNOTS('',1,(#2388,#2389),.UNSPECIFIED.,.F.,.F.,
(2,2),(0.,0.000894969026191723),.UNSPECIFIED.);
#1242=B_SPLINE_CURVE_WITH_KNOTS('',1,(#2390,#2391),.UNSPECIFIED.,.F.,.F.,
(2,2),(-0.0043,0.),.UNSPECIFIED.);
#1243=B_SPLINE_CURVE_WITH_KNOTS('',1,(#2392,#2393),.UNSPECIFIED.,.F.,.F.,
(2,2),(-0.0269671807722742,0.),.UNSPECIFIED.);
#1244=B_SPLINE_CURVE_WITH_KNOTS('',1,(#2394,#2395),.UNSPECIFIED.,.F.,.F.,
(2,2),(-0.0222681970994154,0.),.UNSPECIFIED.);
#1245=B_SPLINE_CURVE_WITH_KNOTS('',1,(#2396,#2397),.UNSPECIFIED.,.F.,.F.,
(2,2),(0.,0.0222681970994154),.UNSPECIFIED.);
#1246=B_SPLINE_CURVE_WITH_KNOTS('',1,(#2398,#2399),.UNSPECIFIED.,.F.,.F.,
(2,2),(-0.0222681970994154,0.),.UNSPECIFIED.);
#1247=B_SPLINE_CURVE_WITH_KNOTS('',1,(#2400,#2401),.UNSPECIFIED.,.F.,.F.,
(2,2),(-0.015000169372197,0.),.UNSPECIFIED.);
#1248=B_SPLINE_CURVE_WITH_KNOTS('',1,(#2465,#2466),.UNSPECIFIED.,.F.,.F.,
(2,2),(0.,0.048050862488513),.UNSPECIFIED.);
#1249=B_SPLINE_CURVE_WITH_KNOTS('',1,(#2467,#2468),.UNSPECIFIED.,.F.,.F.,
(2,2),(0.,0.049050862488513),.UNSPECIFIED.);
#1250=B_SPLINE_CURVE_WITH_KNOTS('',1,(#2469,#2470),.UNSPECIFIED.,.F.,.F.,
(2,2),(-0.001,0.),.UNSPECIFIED.);
#1251=B_SPLINE_CURVE_WITH_KNOTS('',1,(#2471,#2472),.UNSPECIFIED.,.F.,.F.,
(2,2),(-0.049050862488513,0.),.UNSPECIFIED.);
#1252=B_SPLINE_CURVE_WITH_KNOTS('',1,(#2473,#2474),.UNSPECIFIED.,.F.,.F.,
(2,2),(0.,0.0480508624885129),.UNSPECIFIED.);
#1253=B_SPLINE_CURVE_WITH_KNOTS('',1,(#2475,#2476),.UNSPECIFIED.,.F.,.F.,
(2,2),(-0.0305,0.),.UNSPECIFIED.);
#1254=B_SPLINE_CURVE_WITH_KNOTS('',1,(#2477,#2478),.UNSPECIFIED.,.F.,.F.,
(2,2),(-0.00200000000000002,0.),.UNSPECIFIED.);
#1255=B_SPLINE_CURVE_WITH_KNOTS('',1,(#2479,#2480),.UNSPECIFIED.,.F.,.F.,
(2,2),(-0.0305,0.),.UNSPECIFIED.);
#1256=B_SPLINE_CURVE_WITH_KNOTS('',1,(#2481,#2482),.UNSPECIFIED.,.F.,.F.,
(2,2),(-0.00200000000000002,0.),.UNSPECIFIED.);
#1257=B_SPLINE_CURVE_WITH_KNOTS('',1,(#2483,#2484),.UNSPECIFIED.,.F.,.F.,
(2,2),(-0.0305,0.),.UNSPECIFIED.);
#1258=B_SPLINE_CURVE_WITH_KNOTS('',1,(#2485,#2486),.UNSPECIFIED.,.F.,.F.,
(2,2),(0.,0.0471847184143362),.UNSPECIFIED.);
#1259=B_SPLINE_CURVE_WITH_KNOTS('',1,(#2487,#2488),.UNSPECIFIED.,.F.,.F.,
(2,2),(0.,0.0305),.UNSPECIFIED.);
#1260=B_SPLINE_CURVE_WITH_KNOTS('',1,(#2489,#2490),.UNSPECIFIED.,.F.,.F.,
(2,2),(-0.0471847184143362,0.),.UNSPECIFIED.);
#1261=B_SPLINE_CURVE_WITH_KNOTS('',1,(#2491,#2492),.UNSPECIFIED.,.F.,.F.,
(2,2),(-0.0305,0.),.UNSPECIFIED.);
#1262=B_SPLINE_CURVE_WITH_KNOTS('',1,(#2493,#2494),.UNSPECIFIED.,.F.,.F.,
(2,2),(-0.0471847184143362,0.),.UNSPECIFIED.);
#1263=B_SPLINE_CURVE_WITH_KNOTS('',1,(#2495,#2496),.UNSPECIFIED.,.F.,.F.,
(2,2),(-0.0471847184143362,0.),.UNSPECIFIED.);
#1264=B_SPLINE_CURVE_WITH_KNOTS('',1,(#2497,#2498),.UNSPECIFIED.,.F.,.F.,
(2,2),(-0.0305,0.),.UNSPECIFIED.);
#1265=B_SPLINE_CURVE_WITH_KNOTS('',1,(#2499,#2500),.UNSPECIFIED.,.F.,.F.,
(2,2),(0.,0.002),.UNSPECIFIED.);
#1266=B_SPLINE_CURVE_WITH_KNOTS('',1,(#2501,#2502),.UNSPECIFIED.,.F.,.F.,
(2,2),(0.,0.0305),.UNSPECIFIED.);
#1267=B_SPLINE_CURVE_WITH_KNOTS('',1,(#2503,#2504),.UNSPECIFIED.,.F.,.F.,
(2,2),(-0.002,0.),.UNSPECIFIED.);
#1268=B_SPLINE_CURVE_WITH_KNOTS('',1,(#2505,#2506),.UNSPECIFIED.,.F.,.F.,
(2,2),(-0.04,0.),.UNSPECIFIED.);
#1269=B_SPLINE_CURVE_WITH_KNOTS('',1,(#2507,#2508),.UNSPECIFIED.,.F.,.F.,
(2,2),(0.,0.04),.UNSPECIFIED.);
#1270=B_SPLINE_CURVE_WITH_KNOTS('',1,(#2509,#2510),.UNSPECIFIED.,.F.,.F.,
(2,2),(0.,0.049550862488513),.UNSPECIFIED.);
#1271=B_SPLINE_CURVE_WITH_KNOTS('',1,(#2511,#2512),.UNSPECIFIED.,.F.,.F.,
(2,2),(0.,0.00129282331115376),.UNSPECIFIED.);
#1272=B_SPLINE_CURVE_WITH_KNOTS('',1,(#2513,#2514),.UNSPECIFIED.,.F.,.F.,
(2,2),(0.,0.049550862488513),.UNSPECIFIED.);
#1273=B_SPLINE_CURVE_WITH_KNOTS('',1,(#2515,#2516),.UNSPECIFIED.,.F.,.F.,
(2,2),(-0.00129282331115376,0.),.UNSPECIFIED.);
#1274=B_SPLINE_CURVE_WITH_KNOTS('',1,(#2517,#2518),.UNSPECIFIED.,.F.,.F.,
(2,2),(-0.049550862488513,0.),.UNSPECIFIED.);
#1275=B_SPLINE_CURVE_WITH_KNOTS('',1,(#2519,#2520),.UNSPECIFIED.,.F.,.F.,
(2,2),(-0.00129282331115376,0.),.UNSPECIFIED.);
#1276=B_SPLINE_CURVE_WITH_KNOTS('',1,(#2521,#2522),.UNSPECIFIED.,.F.,.F.,
(2,2),(0.,0.049550862488513),.UNSPECIFIED.);
#1277=B_SPLINE_CURVE_WITH_KNOTS('',1,(#2523,#2524),.UNSPECIFIED.,.F.,.F.,
(2,2),(0.,0.000233143120531884),.UNSPECIFIED.);
#1278=B_SPLINE_CURVE_WITH_KNOTS('',1,(#2525,#2526),.UNSPECIFIED.,.F.,.F.,
(2,2),(0.,0.0175395082058561),.UNSPECIFIED.);
#1279=B_SPLINE_CURVE_WITH_KNOTS('',1,(#2527,#2528),.UNSPECIFIED.,.F.,.F.,
(2,2),(-0.0147099392161,0.),.UNSPECIFIED.);
#1280=B_SPLINE_CURVE_WITH_KNOTS('',1,(#2529,#2530),.UNSPECIFIED.,.F.,.F.,
(2,2),(0.,0.0205927025935247),.UNSPECIFIED.);
#1281=B_SPLINE_CURVE_WITH_KNOTS('',1,(#2531,#2532),.UNSPECIFIED.,.F.,.F.,
(2,2),(0.,0.0175395082058561),.UNSPECIFIED.);
#1282=B_SPLINE_CURVE_WITH_KNOTS('',1,(#2533,#2534),.UNSPECIFIED.,.F.,.F.,
(2,2),(0.,0.000233143120531894),.UNSPECIFIED.);
#1283=B_SPLINE_CURVE_WITH_KNOTS('',1,(#2535,#2536),.UNSPECIFIED.,.F.,.F.,
(2,2),(0.,0.0205927025935247),.UNSPECIFIED.);
#1284=B_SPLINE_CURVE_WITH_KNOTS('',1,(#2537,#2538),.UNSPECIFIED.,.F.,.F.,
(2,2),(0.,0.0147099392161),.UNSPECIFIED.);
#1285=B_SPLINE_CURVE_WITH_KNOTS('',1,(#2539,#2540),.UNSPECIFIED.,.F.,.F.,
(2,2),(-0.0495508624885129,0.),.UNSPECIFIED.);
#1286=B_SPLINE_CURVE_WITH_KNOTS('',1,(#2541,#2542),.UNSPECIFIED.,.F.,.F.,
(2,2),(-0.0205927025935248,0.),.UNSPECIFIED.);
#1287=B_SPLINE_CURVE_WITH_KNOTS('',1,(#2543,#2544),.UNSPECIFIED.,.F.,.F.,
(2,2),(-0.049550862488513,0.),.UNSPECIFIED.);
#1288=B_SPLINE_CURVE_WITH_KNOTS('',1,(#2545,#2546),.UNSPECIFIED.,.F.,.F.,
(2,2),(0.,0.0147099392161),.UNSPECIFIED.);
#1289=B_SPLINE_CURVE_WITH_KNOTS('',1,(#2547,#2548),.UNSPECIFIED.,.F.,.F.,
(2,2),(-0.049550862488513,0.),.UNSPECIFIED.);
#1290=B_SPLINE_CURVE_WITH_KNOTS('',1,(#2549,#2550),.UNSPECIFIED.,.F.,.F.,
(2,2),(-0.0495508624885129,0.),.UNSPECIFIED.);
#1291=B_SPLINE_CURVE_WITH_KNOTS('',1,(#2551,#2552),.UNSPECIFIED.,.F.,.F.,
(2,2),(0.,0.000667413976773346),.UNSPECIFIED.);
#1292=B_SPLINE_CURVE_WITH_KNOTS('',1,(#2553,#2554),.UNSPECIFIED.,.F.,.F.,
(2,2),(-0.0180394067610869,0.),.UNSPECIFIED.);
#1293=B_SPLINE_CURVE_WITH_KNOTS('',1,(#2555,#2556),.UNSPECIFIED.,.F.,.F.,
(2,2),(-0.00212132034355963,0.),.UNSPECIFIED.);
#1294=B_SPLINE_CURVE_WITH_KNOTS('',1,(#2557,#2558),.UNSPECIFIED.,.F.,.F.,
(2,2),(-0.00212132034355963,0.),.UNSPECIFIED.);
#1295=B_SPLINE_CURVE_WITH_KNOTS('',1,(#2559,#2560),.UNSPECIFIED.,.F.,.F.,
(2,2),(0.,0.00212132034355961),.UNSPECIFIED.);
#1296=B_SPLINE_CURVE_WITH_KNOTS('',1,(#2561,#2562),.UNSPECIFIED.,.F.,.F.,
(2,2),(0.,0.00199999999999999),.UNSPECIFIED.);
#1297=B_SPLINE_CURVE_WITH_KNOTS('',1,(#2563,#2564),.UNSPECIFIED.,.F.,.F.,
(2,2),(-0.00141421356237314,0.),.UNSPECIFIED.);
#1298=B_SPLINE_CURVE_WITH_KNOTS('',1,(#2565,#2566),.UNSPECIFIED.,.F.,.F.,
(2,2),(-0.000667413976773338,0.),.UNSPECIFIED.);
#1299=B_SPLINE_CURVE_WITH_KNOTS('',1,(#2567,#2568),.UNSPECIFIED.,.F.,.F.,
(2,2),(-0.00212132034355965,0.),.UNSPECIFIED.);
#1300=B_SPLINE_CURVE_WITH_KNOTS('',1,(#2569,#2570),.UNSPECIFIED.,.F.,.F.,
(2,2),(0.,0.0475559230175548),.UNSPECIFIED.);
#1301=B_SPLINE_CURVE_WITH_KNOTS('',1,(#2571,#2572),.UNSPECIFIED.,.F.,.F.,
(2,2),(-0.00212132034355971,0.),.UNSPECIFIED.);
#1302=B_SPLINE_CURVE_WITH_KNOTS('',1,(#2573,#2574),.UNSPECIFIED.,.F.,.F.,
(2,2),(-0.00212132034355971,0.),.UNSPECIFIED.);
#1303=B_SPLINE_CURVE_WITH_KNOTS('',1,(#2575,#2576),.UNSPECIFIED.,.F.,.F.,
(2,2),(-0.00215355354181191,0.),.UNSPECIFIED.);
#1304=B_SPLINE_CURVE_WITH_KNOTS('',1,(#2577,#2578),.UNSPECIFIED.,.F.,.F.,
(2,2),(0.,0.00212132034355965),.UNSPECIFIED.);
#1305=B_SPLINE_CURVE_WITH_KNOTS('',1,(#2579,#2580),.UNSPECIFIED.,.F.,.F.,
(2,2),(0.,0.0475559230175548),.UNSPECIFIED.);
#1306=B_SPLINE_CURVE_WITH_KNOTS('',1,(#2581,#2582),.UNSPECIFIED.,.F.,.F.,
(2,2),(-0.00141421356237308,0.),.UNSPECIFIED.);
#1307=B_SPLINE_CURVE_WITH_KNOTS('',1,(#2583,#2584),.UNSPECIFIED.,.F.,.F.,
(2,2),(0.,0.00200000000000003),.UNSPECIFIED.);
#1308=B_SPLINE_CURVE_WITH_KNOTS('',1,(#2585,#2586),.UNSPECIFIED.,.F.,.F.,
(2,2),(-0.00212132034355969,0.),.UNSPECIFIED.);
#1309=VERTEX_POINT('',#1760);
#1310=VERTEX_POINT('',#1761);
#1311=VERTEX_POINT('',#1762);
#1312=VERTEX_POINT('',#1763);
#1313=VERTEX_POINT('',#1764);
#1314=VERTEX_POINT('',#1765);
#1315=VERTEX_POINT('',#1766);
#1316=VERTEX_POINT('',#1767);
#1317=VERTEX_POINT('',#1768);
#1318=VERTEX_POINT('',#1769);
#1319=VERTEX_POINT('',#1770);
#1320=VERTEX_POINT('',#1771);
#1321=VERTEX_POINT('',#1831);
#1322=VERTEX_POINT('',#1832);
#1323=VERTEX_POINT('',#1833);
#1324=VERTEX_POINT('',#1834);
#1325=VERTEX_POINT('',#1835);
#1326=VERTEX_POINT('',#1836);
#1327=VERTEX_POINT('',#1882);
#1328=VERTEX_POINT('',#1883);
#1329=VERTEX_POINT('',#1884);
#1330=VERTEX_POINT('',#1885);
#1331=VERTEX_POINT('',#1886);
#1332=VERTEX_POINT('',#1887);
#1333=VERTEX_POINT('',#1888);
#1334=VERTEX_POINT('',#1889);
#1335=VERTEX_POINT('',#1890);
#1336=VERTEX_POINT('',#1891);
#1337=VERTEX_POINT('',#1892);
#1338=VERTEX_POINT('',#1893);
#1339=VERTEX_POINT('',#1894);
#1340=VERTEX_POINT('',#1895);
#1341=VERTEX_POINT('',#1896);
#1342=VERTEX_POINT('',#1897);
#1343=VERTEX_POINT('',#2058);
#1344=VERTEX_POINT('',#2059);
#1345=VERTEX_POINT('',#2060);
#1346=VERTEX_POINT('',#2061);
#1347=VERTEX_POINT('',#2062);
#1348=VERTEX_POINT('',#2063);
#1349=VERTEX_POINT('',#2064);
#1350=VERTEX_POINT('',#2065);
#1351=VERTEX_POINT('',#2066);
#1352=VERTEX_POINT('',#2067);
#1353=VERTEX_POINT('',#2068);
#1354=VERTEX_POINT('',#2069);
#1355=VERTEX_POINT('',#2070);
#1356=VERTEX_POINT('',#2071);
#1357=VERTEX_POINT('',#2072);
#1358=VERTEX_POINT('',#2073);
#1359=VERTEX_POINT('',#2074);
#1360=VERTEX_POINT('',#2075);
#1361=VERTEX_POINT('',#2076);
#1362=VERTEX_POINT('',#2077);
#1363=VERTEX_POINT('',#2078);
#1364=VERTEX_POINT('',#2079);
#1365=VERTEX_POINT('',#2080);
#1366=VERTEX_POINT('',#2081);
#1367=VERTEX_POINT('',#2082);
#1368=VERTEX_POINT('',#2083);
#1369=VERTEX_POINT('',#2084);
#1370=VERTEX_POINT('',#2085);
#1371=VERTEX_POINT('',#2086);
#1372=VERTEX_POINT('',#2087);
#1373=VERTEX_POINT('',#2088);
#1374=VERTEX_POINT('',#2089);
#1375=VERTEX_POINT('',#2090);
#1376=VERTEX_POINT('',#2091);
#1377=VERTEX_POINT('',#2092);
#1378=VERTEX_POINT('',#2093);
#1379=VERTEX_POINT('',#2094);
#1380=VERTEX_POINT('',#2095);
#1381=VERTEX_POINT('',#2096);
#1382=VERTEX_POINT('',#2097);
#1383=VERTEX_POINT('',#2098);
#1384=VERTEX_POINT('',#2099);
#1385=VERTEX_POINT('',#2100);
#1386=VERTEX_POINT('',#2101);
#1387=VERTEX_POINT('',#2102);
#1388=VERTEX_POINT('',#2103);
#1389=VERTEX_POINT('',#2104);
#1390=VERTEX_POINT('',#2105);
#1391=VERTEX_POINT('',#2106);
#1392=VERTEX_POINT('',#2107);
#1393=VERTEX_POINT('',#2108);
#1394=VERTEX_POINT('',#2109);
#1395=VERTEX_POINT('',#2110);
#1396=VERTEX_POINT('',#2111);
#1397=VERTEX_POINT('',#2112);
#1398=VERTEX_POINT('',#2113);
#1399=VERTEX_POINT('',#2114);
#1400=VERTEX_POINT('',#2115);
#1401=VERTEX_POINT('',#2116);
#1402=VERTEX_POINT('',#2117);
#1403=VERTEX_POINT('',#2118);
#1404=VERTEX_POINT('',#2119);
#1405=VERTEX_POINT('',#2120);
#1406=VERTEX_POINT('',#2121);
#1407=VERTEX_POINT('',#2354);
#1408=VERTEX_POINT('',#2355);
#1409=VERTEX_POINT('',#2356);
#1410=VERTEX_POINT('',#2357);
#1411=VERTEX_POINT('',#2358);
#1412=VERTEX_POINT('',#2359);
#1413=VERTEX_POINT('',#2360);
#1414=VERTEX_POINT('',#2361);
#1415=VERTEX_POINT('',#2362);
#1416=VERTEX_POINT('',#2363);
#1417=VERTEX_POINT('',#2364);
#1418=VERTEX_POINT('',#2365);
#1419=VERTEX_POINT('',#2428);
#1420=VERTEX_POINT('',#2429);
#1421=VERTEX_POINT('',#2430);
#1422=VERTEX_POINT('',#2431);
#1423=VERTEX_POINT('',#2432);
#1424=VERTEX_POINT('',#2433);
#1425=VERTEX_POINT('',#2434);
#1426=VERTEX_POINT('',#2435);
#1427=VERTEX_POINT('',#2436);
#1428=VERTEX_POINT('',#2437);
#1429=VERTEX_POINT('',#2438);
#1430=VERTEX_POINT('',#2439);
#1431=VERTEX_POINT('',#2440);
#1432=VERTEX_POINT('',#2441);
#1433=VERTEX_POINT('',#2442);
#1434=VERTEX_POINT('',#2443);
#1435=VERTEX_POINT('',#2444);
#1436=VERTEX_POINT('',#2445);
#1437=VERTEX_POINT('',#2446);
#1438=VERTEX_POINT('',#2447);
#1439=VERTEX_POINT('',#2448);
#1440=VERTEX_POINT('',#2449);
#1441=VERTEX_POINT('',#2450);
#1442=VERTEX_POINT('',#2451);
#1443=VERTEX_POINT('',#2452);
#1444=VERTEX_POINT('',#2453);
#1445=VERTEX_POINT('',#2454);
#1446=VERTEX_POINT('',#2455);
#1447=VERTEX_POINT('',#2456);
#1448=VERTEX_POINT('',#2457);
#1449=VERTEX_POINT('',#2458);
#1450=VERTEX_POINT('',#2459);
#1451=VERTEX_POINT('',#2460);
#1452=VERTEX_POINT('',#2461);
#1453=VERTEX_POINT('',#2462);
#1454=VERTEX_POINT('',#2463);
#1455=VERTEX_POINT('',#2464);
#1456=PLANE('',#1566);
#1457=PLANE('',#1567);
#1458=PLANE('',#1568);
#1459=PLANE('',#1569);
#1460=PLANE('',#1570);
#1461=PLANE('',#1571);
#1462=PLANE('',#1572);
#1463=PLANE('',#1573);
#1464=PLANE('',#1574);
#1465=PLANE('',#1575);
#1466=PLANE('',#1576);
#1467=PLANE('',#1577);
#1468=PLANE('',#1578);
#1469=PLANE('',#1579);
#1470=PLANE('',#1580);
#1471=PLANE('',#1581);
#1472=PLANE('',#1582);
#1473=PLANE('',#1583);
#1474=PLANE('',#1584);
#1475=PLANE('',#1585);
#1476=PLANE('',#1586);
#1477=PLANE('',#1587);
#1478=PLANE('',#1588);
#1479=PLANE('',#1589);
#1480=PLANE('',#1590);
#1481=PLANE('',#1591);
#1482=PLANE('',#1592);
#1483=PLANE('',#1593);
#1484=PLANE('',#1594);
#1485=PLANE('',#1595);
#1486=PLANE('',#1596);
#1487=PLANE('',#1597);
#1488=PLANE('',#1598);
#1489=PLANE('',#1599);
#1490=PLANE('',#1600);
#1491=PLANE('',#1601);
#1492=PLANE('',#1602);
#1493=PLANE('',#1603);
#1494=PLANE('',#1604);
#1495=PLANE('',#1605);
#1496=PLANE('',#1606);
#1497=PLANE('',#1607);
#1498=PLANE('',#1608);
#1499=PLANE('',#1609);
#1500=PLANE('',#1610);
#1501=PLANE('',#1611);
#1502=PLANE('',#1612);
#1503=PLANE('',#1613);
#1504=PLANE('',#1614);
#1505=PLANE('',#1615);
#1506=PLANE('',#1616);
#1507=PLANE('',#1617);
#1508=PLANE('',#1618);
#1509=PLANE('',#1619);
#1510=PLANE('',#1620);
#1511=PLANE('',#1621);
#1512=PLANE('',#1622);
#1513=PLANE('',#1623);
#1514=PLANE('',#1624);
#1515=PLANE('',#1625);
#1516=PLANE('',#1626);
#1517=PLANE('',#1627);
#1518=PLANE('',#1628);
#1519=PLANE('',#1629);
#1520=PLANE('',#1630);
#1521=PLANE('',#1631);
#1522=PLANE('',#1632);
#1523=PLANE('',#1633);
#1524=PLANE('',#1634);
#1525=PLANE('',#1635);
#1526=PLANE('',#1636);
#1527=PLANE('',#1637);
#1528=PLANE('',#1638);
#1529=PLANE('',#1639);
#1530=PLANE('',#1640);
#1531=PLANE('',#1641);
#1532=PLANE('',#1642);
#1533=PLANE('',#1643);
#1534=PLANE('',#1644);
#1535=PLANE('',#1645);
#1536=PLANE('',#1646);
#1537=PLANE('',#1647);
#1538=PLANE('',#1648);
#1539=PLANE('',#1649);
#1540=PLANE('',#1650);
#1541=PLANE('',#1651);
#1542=PLANE('',#1652);
#1543=PLANE('',#1653);
#1544=PLANE('',#1654);
#1545=PLANE('',#1655);
#1546=SHAPE_DEFINITION_REPRESENTATION(#1547,#1564);
#1547=PRODUCT_DEFINITION_SHAPE('Document','',#1549);
#1548=PRODUCT_DEFINITION_CONTEXT('3D Mechanical Parts',#1553,'design');
#1549=PRODUCT_DEFINITION('A','First version',#1550,#1548);
#1550=PRODUCT_DEFINITION_FORMATION_WITH_SPECIFIED_SOURCE('A',
'First version',#1555,.MADE.);
#1551=PRODUCT_RELATED_PRODUCT_CATEGORY('tool','tool',(#1555));
#1552=APPLICATION_PROTOCOL_DEFINITION('Draft International Standard',
'automotive_design',1999,#1553);
#1553=APPLICATION_CONTEXT(
'data for automotive mechanical design processes');
#1554=PRODUCT_CONTEXT('3D Mechanical Parts',#1553,'mechanical');
#1555=PRODUCT('Document','Document','Rhino converted to STEP',(#1554));
#1556=(
LENGTH_UNIT()
NAMED_UNIT(*)
SI_UNIT(.MILLI.,.METRE.)
);
#1557=(
NAMED_UNIT(*)
PLANE_ANGLE_UNIT()
SI_UNIT($,.RADIAN.)
);
#1558=DIMENSIONAL_EXPONENTS(0.,0.,0.,0.,0.,0.,0.);
#1559=PLANE_ANGLE_MEASURE_WITH_UNIT(PLANE_ANGLE_MEASURE(0.01745329252),
#1557);
#1560=(
CONVERSION_BASED_UNIT('DEGREES',#1559)
NAMED_UNIT(#1558)
PLANE_ANGLE_UNIT()
);
#1561=(
NAMED_UNIT(*)
SI_UNIT($,.STERADIAN.)
SOLID_ANGLE_UNIT()
);
#1562=UNCERTAINTY_MEASURE_WITH_UNIT(LENGTH_MEASURE(0.001),#1556,
'DISTANCE_ACCURACY_VALUE',
'Maximum model space distance between geometric entities at asserted c
onnectivities');
#1563=(
GEOMETRIC_REPRESENTATION_CONTEXT(3)
GLOBAL_UNCERTAINTY_ASSIGNED_CONTEXT((#1562))
GLOBAL_UNIT_ASSIGNED_CONTEXT((#1561,#1560,#1556))
REPRESENTATION_CONTEXT('ID1','3D')
);
#1564=SHAPE_REPRESENTATION('Document',(#1565,#1656),#1563);
#1565=AXIS2_PLACEMENT_3D('',#1751,#1657,#1658);
#1566=AXIS2_PLACEMENT_3D('',#1752,#1659,$);
#1567=AXIS2_PLACEMENT_3D('',#1753,#1660,$);
#1568=AXIS2_PLACEMENT_3D('',#1754,#1661,$);
#1569=AXIS2_PLACEMENT_3D('',#1755,#1662,$);
#1570=AXIS2_PLACEMENT_3D('',#1756,#1663,$);
#1571=AXIS2_PLACEMENT_3D('',#1757,#1664,$);
#1572=AXIS2_PLACEMENT_3D('',#1758,#1665,$);
#1573=AXIS2_PLACEMENT_3D('',#1759,#1666,$);
#1574=AXIS2_PLACEMENT_3D('',#1818,#1667,$);
#1575=AXIS2_PLACEMENT_3D('',#1819,#1668,$);
#1576=AXIS2_PLACEMENT_3D('',#1820,#1669,$);
#1577=AXIS2_PLACEMENT_3D('',#1869,#1670,$);
#1578=AXIS2_PLACEMENT_3D('',#1870,#1671,$);
#1579=AXIS2_PLACEMENT_3D('',#1871,#1672,$);
#1580=AXIS2_PLACEMENT_3D('',#1872,#1673,$);
#1581=AXIS2_PLACEMENT_3D('',#1873,#1674,$);
#1582=AXIS2_PLACEMENT_3D('',#1874,#1675,$);
#1583=AXIS2_PLACEMENT_3D('',#1875,#1676,$);
#1584=AXIS2_PLACEMENT_3D('',#1876,#1677,$);
#1585=AXIS2_PLACEMENT_3D('',#1877,#1678,$);
#1586=AXIS2_PLACEMENT_3D('',#1878,#1679,$);
#1587=AXIS2_PLACEMENT_3D('',#1879,#1680,$);
#1588=AXIS2_PLACEMENT_3D('',#1880,#1681,$);
#1589=AXIS2_PLACEMENT_3D('',#1881,#1682,$);
#1590=AXIS2_PLACEMENT_3D('',#1952,#1683,$);
#1591=AXIS2_PLACEMENT_3D('',#1953,#1684,$);
#1592=AXIS2_PLACEMENT_3D('',#1954,#1685,$);
#1593=AXIS2_PLACEMENT_3D('',#1973,#1686,$);
#1594=AXIS2_PLACEMENT_3D('',#1974,#1687,$);
#1595=AXIS2_PLACEMENT_3D('',#1975,#1688,$);
#1596=AXIS2_PLACEMENT_3D('',#1976,#1689,$);
#1597=AXIS2_PLACEMENT_3D('',#1977,#1690,$);
#1598=AXIS2_PLACEMENT_3D('',#1978,#1691,$);
#1599=AXIS2_PLACEMENT_3D('',#1979,#1692,$);
#1600=AXIS2_PLACEMENT_3D('',#1980,#1693,$);
#1601=AXIS2_PLACEMENT_3D('',#1981,#1694,$);
#1602=AXIS2_PLACEMENT_3D('',#1982,#1695,$);
#1603=AXIS2_PLACEMENT_3D('',#2001,#1696,$);
#1604=AXIS2_PLACEMENT_3D('',#2002,#1697,$);
#1605=AXIS2_PLACEMENT_3D('',#2021,#1698,$);
#1606=AXIS2_PLACEMENT_3D('',#2022,#1699,$);
#1607=AXIS2_PLACEMENT_3D('',#2023,#1700,$);
#1608=AXIS2_PLACEMENT_3D('',#2024,#1701,$);
#1609=AXIS2_PLACEMENT_3D('',#2035,#1702,$);
#1610=AXIS2_PLACEMENT_3D('',#2036,#1703,$);
#1611=AXIS2_PLACEMENT_3D('',#2037,#1704,$);
#1612=AXIS2_PLACEMENT_3D('',#2038,#1705,$);
#1613=AXIS2_PLACEMENT_3D('',#2039,#1706,$);
#1614=AXIS2_PLACEMENT_3D('',#2040,#1707,$);
#1615=AXIS2_PLACEMENT_3D('',#2041,#1708,$);
#1616=AXIS2_PLACEMENT_3D('',#2042,#1709,$);
#1617=AXIS2_PLACEMENT_3D('',#2043,#1710,$);
#1618=AXIS2_PLACEMENT_3D('',#2044,#1711,$);
#1619=AXIS2_PLACEMENT_3D('',#2045,#1712,$);
#1620=AXIS2_PLACEMENT_3D('',#2046,#1713,$);
#1621=AXIS2_PLACEMENT_3D('',#2047,#1714,$);
#1622=AXIS2_PLACEMENT_3D('',#2346,#1715,$);
#1623=AXIS2_PLACEMENT_3D('',#2347,#1716,$);
#1624=AXIS2_PLACEMENT_3D('',#2348,#1717,$);
#1625=AXIS2_PLACEMENT_3D('',#2349,#1718,$);
#1626=AXIS2_PLACEMENT_3D('',#2350,#1719,$);
#1627=AXIS2_PLACEMENT_3D('',#2351,#1720,$);
#1628=AXIS2_PLACEMENT_3D('',#2352,#1721,$);
#1629=AXIS2_PLACEMENT_3D('',#2353,#1722,$);
#1630=AXIS2_PLACEMENT_3D('',#2402,#1723,$);
#1631=AXIS2_PLACEMENT_3D('',#2403,#1724,$);
#1632=AXIS2_PLACEMENT_3D('',#2404,#1725,$);
#1633=AXIS2_PLACEMENT_3D('',#2405,#1726,$);
#1634=AXIS2_PLACEMENT_3D('',#2406,#1727,$);
#1635=AXIS2_PLACEMENT_3D('',#2407,#1728,$);
#1636=AXIS2_PLACEMENT_3D('',#2408,#1729,$);
#1637=AXIS2_PLACEMENT_3D('',#2409,#1730,$);
#1638=AXIS2_PLACEMENT_3D('',#2410,#1731,$);
#1639=AXIS2_PLACEMENT_3D('',#2411,#1732,$);
#1640=AXIS2_PLACEMENT_3D('',#2412,#1733,$);
#1641=AXIS2_PLACEMENT_3D('',#2413,#1734,$);
#1642=AXIS2_PLACEMENT_3D('',#2414,#1735,$);
#1643=AXIS2_PLACEMENT_3D('',#2415,#1736,$);
#1644=AXIS2_PLACEMENT_3D('',#2416,#1737,$);
#1645=AXIS2_PLACEMENT_3D('',#2417,#1738,$);
#1646=AXIS2_PLACEMENT_3D('',#2418,#1739,$);
#1647=AXIS2_PLACEMENT_3D('',#2419,#1740,$);
#1648=AXIS2_PLACEMENT_3D('',#2420,#1741,$);
#1649=AXIS2_PLACEMENT_3D('',#2421,#1742,$);
#1650=AXIS2_PLACEMENT_3D('',#2422,#1743,$);
#1651=AXIS2_PLACEMENT_3D('',#2423,#1744,$);
#1652=AXIS2_PLACEMENT_3D('',#2424,#1745,$);
#1653=AXIS2_PLACEMENT_3D('',#2425,#1746,$);
#1654=AXIS2_PLACEMENT_3D('',#2426,#1747,$);
#1655=AXIS2_PLACEMENT_3D('',#2427,#1748,$);
#1656=AXIS2_PLACEMENT_3D('',#2587,#1749,#1750);
#1657=DIRECTION('',(0.,0.,1.));
#1658=DIRECTION('',(1.,0.,0.));
#1659=DIRECTION('',(0.,0.,1.));
#1660=DIRECTION('',(3.55267356385871E-18,-0.999988708647694,0.00475211291084599));
#1661=DIRECTION('',(0.,0.,-1.));
#1662=DIRECTION('',(0.,0.673606396289433,-0.739090267070243));
#1663=DIRECTION('',(-1.,0.,0.));
#1664=DIRECTION('',(1.,0.,0.));
#1665=DIRECTION('',(0.707106781186547,-0.707098796994764,0.00336025126422335));
#1666=DIRECTION('',(0.707106781186551,0.476311650666889,-0.522615739754343));
#1667=DIRECTION('',(1.,0.,0.));
#1668=DIRECTION('',(-0.925508395020484,0.37872709270213,0.));
#1669=DIRECTION('',(-0.842271558985037,-0.539053449042779,0.));
#1670=DIRECTION('',(0.,0.,-1.));
#1671=DIRECTION('',(0.,1.,0.));
#1672=DIRECTION('',(0.,0.,1.));
#1673=DIRECTION('',(0.,-1.,0.));
#1674=DIRECTION('',(1.,0.,0.));
#1675=DIRECTION('',(-1.,0.,0.));
#1676=DIRECTION('',(0.,0.707106781186547,0.707106781186547));
#1677=DIRECTION('',(0.707106781186547,0.707106781186547,0.));
#1678=DIRECTION('',(0.577350269189626,0.577350269189626,0.577350269189626));
#1679=DIRECTION('',(0.,-0.707106781186547,0.707106781186547));
#1680=DIRECTION('',(0.707106781186547,0.,0.707106781186547));
#1681=DIRECTION('',(0.577350269189626,-0.577350269189626,0.577350269189626));
#1682=DIRECTION('',(0.707106781186548,-0.707106781186547,0.));
#1683=DIRECTION('',(-1.,0.,0.));
#1684=DIRECTION('',(1.,0.,0.));
#1685=DIRECTION('',(-1.,0.,0.));
#1686=DIRECTION('',(0.,-1.,0.));
#1687=DIRECTION('',(1.,0.,0.));
#1688=DIRECTION('',(0.,0.,1.));
#1689=DIRECTION('',(0.,-0.0923141590257953,-0.995729931278236));
#1690=DIRECTION('',(0.,1.,0.));
#1691=DIRECTION('',(0.,0.,-1.));
#1692=DIRECTION('',(0.,-1.,0.));
#1693=DIRECTION('',(-1.,0.,0.));
#1694=DIRECTION('',(0.,1.,0.));
#1695=DIRECTION('',(0.,0.0845331239722542,0.996420669672951));
#1696=DIRECTION('',(0.,0.0845331239722542,-0.996420669672951));
#1697=DIRECTION('',(0.,1.,0.));
#1698=DIRECTION('',(1.,0.,0.));
#1699=DIRECTION('',(0.,-1.,0.));
#1700=DIRECTION('',(0.,-0.0923141590257953,0.995729931278236));
#1701=DIRECTION('',(1.,0.,0.));
#1702=DIRECTION('',(-1.,0.,0.));
#1703=DIRECTION('',(-1.,0.,0.));
#1704=DIRECTION('',(0.,-1.,0.));
#1705=DIRECTION('',(0.,1.,0.));
#1706=DIRECTION('',(0.,0.,1.));
#1707=DIRECTION('',(0.,0.,-1.));
#1708=DIRECTION('',(0.,-0.707106781186547,0.707106781186547));
#1709=DIRECTION('',(-0.707106781186547,-0.707106781186547,0.));
#1710=DIRECTION('',(-0.577350269189626,-0.577350269189626,0.577350269189626));
#1711=DIRECTION('',(-0.707106781186547,0.,0.707106781186547));
#1712=DIRECTION('',(-0.707106781186547,0.707106781186547,0.));
#1713=DIRECTION('',(-0.577350269189626,0.577350269189626,0.577350269189626));
#1714=DIRECTION('',(0.,0.707106781186547,0.707106781186547));
#1715=DIRECTION('',(0.,0.,1.));
#1716=DIRECTION('',(0.,-0.999988708647694,0.00475211291084599));
#1717=DIRECTION('',(0.,0.,-1.));
#1718=DIRECTION('',(0.,0.673606396289433,-0.739090267070243));
#1719=DIRECTION('',(-1.,0.,0.));
#1720=DIRECTION('',(1.,0.,0.));
#1721=DIRECTION('',(-0.707106781186551,0.476311650666889,-0.522615739754343));
#1722=DIRECTION('',(-0.707106781186547,-0.707098796994764,0.00336025126422333));
#1723=DIRECTION('',(-0.240223244743722,-0.970717668884624,0.));
#1724=DIRECTION('',(0.240223244743722,-0.970717668884624,0.));
#1725=DIRECTION('',(0.970717668884625,0.240223244743716,0.));
#1726=DIRECTION('',(-0.240223244743722,0.970717668884624,0.));
#1727=DIRECTION('',(0.240223244743722,0.970717668884624,0.));
#1728=DIRECTION('',(-0.970717668884623,0.240223244743724,0.));
#1729=DIRECTION('',(0.,0.,1.));
#1730=DIRECTION('',(0.,0.,-1.));
#1731=DIRECTION('',(-0.240223244743721,-0.970717668884624,-3.44868194049974E-18));
#1732=DIRECTION('',(0.240223244743722,-0.970717668884624,0.));
#1733=DIRECTION('',(1.,0.,0.));
#1734=DIRECTION('',(-1.,0.,0.));
#1735=DIRECTION('',(0.0582626948121747,-0.235433616556745,0.970142500145332));
#1736=DIRECTION('',(-0.0582626948121747,-0.235433616556745,0.970142500145332));
#1737=DIRECTION('',(-0.146005753742071,-0.589994382381472,0.794096309418773));
#1738=DIRECTION('',(0.146005753742071,-0.589994382381472,0.794096309418773));
#1739=DIRECTION('',(-0.215384752513234,-0.870347851208114,0.442836342549063));
#1740=DIRECTION('',(0.215384752513235,-0.870347851208114,0.442836342549063));
#1741=DIRECTION('',(0.516537560928996,0.856264531642835,0.));
#1742=DIRECTION('',(0.686401046285916,0.169863485356917,0.707106781186547));
#1743=DIRECTION('',(0.421751152419272,0.699137062456055,0.577350269189627));
#1744=DIRECTION('',(-0.169863485356921,0.686401046285915,0.707106781186548));
#1745=DIRECTION('',(-0.516537560928993,0.856264531642837,0.));
#1746=DIRECTION('',(0.169863485356922,0.686401046285916,0.707106781186547));
#1747=DIRECTION('',(-0.421751152419271,0.699137062456058,0.577350269189624));
#1748=DIRECTION('',(-0.686401046285916,0.169863485356923,0.707106781186547));
#1749=DIRECTION('',(0.,0.,1.));
#1750=DIRECTION('',(1.,0.,0.));
#1751=CARTESIAN_POINT('',(0.,0.,0.));
#1752=CARTESIAN_POINT('',(-564.89936251554,-660.363863205347,-16.8235219698695));
#1753=CARTESIAN_POINT('',(-564.84936251554,-57.76422587077,-634.522422530497));
#1754=CARTESIAN_POINT('',(-564.89936251554,575.959781325065,-31.8235219698695));
#1755=CARTESIAN_POINT('',(-564.84936251554,434.874549632394,389.982237613937));
#1756=CARTESIAN_POINT('',(36.7790964844598,-660.442273953739,-634.52352196987));
#1757=CARTESIAN_POINT('',(41.5636864844597,-659.818040419761,-634.52352196987));
#1758=CARTESIAN_POINT('',(-384.495995736602,-477.51955689532,587.900299913077));
#1759=CARTESIAN_POINT('',(-391.349812629115,-183.459003189213,-758.628389745198));
#1760=CARTESIAN_POINT('',(41.0636864844597,-54.8288178056738,-16.8235219698695));
#1761=CARTESIAN_POINT('',(36.7790964844597,-54.8288178056738,-16.8235219698695));
#1762=CARTESIAN_POINT('',(41.5636864844597,-54.3288121599339,-16.8235219698695));
#1763=CARTESIAN_POINT('',(41.5636864844597,-12.2206370455912,-16.8235219698695));
#1764=CARTESIAN_POINT('',(41.0636864844597,-11.478363808944,-16.8235219698695));
#1765=CARTESIAN_POINT('',(36.7790964844597,-11.478363808944,-16.8235219698695));
#1766=CARTESIAN_POINT('',(41.0636864844597,-54.9001003042123,-31.8235219698696));
#1767=CARTESIAN_POINT('',(36.7790964844597,-54.9001003042123,-31.8235219698696));
#1768=CARTESIAN_POINT('',(41.5636864844597,-54.4000946584724,-31.8235219698696));
#1769=CARTESIAN_POINT('',(41.5636864844597,-28.6788447869709,-31.8235219698695));
#1770=CARTESIAN_POINT('',(36.7790964844597,-27.9365715503238,-31.8235219698696));
#1771=CARTESIAN_POINT('',(41.0636864844597,-27.9365715503238,-31.8235219698696));
#1772=CARTESIAN_POINT('',(41.0636864844597,-54.8288178056738,-16.8235219698695));
#1773=CARTESIAN_POINT('',(36.7790964844597,-54.8288178056738,-16.8235219698695));
#1774=CARTESIAN_POINT('',(41.5636864844597,-54.3288121599339,-16.8235219698695));
#1775=CARTESIAN_POINT('',(41.0636864844597,-54.8288178056738,-16.8235219698695));
#1776=CARTESIAN_POINT('',(41.5636864844597,-12.2206370455912,-16.8235219698695));
#1777=CARTESIAN_POINT('',(41.5636864844597,-54.3288121599339,-16.8235219698695));
#1778=CARTESIAN_POINT('',(41.0636864844597,-11.478363808944,-16.8235219698695));
#1779=CARTESIAN_POINT('',(41.5636864844597,-12.2206370455912,-16.8235219698695));
#1780=CARTESIAN_POINT('',(36.7790964844597,-11.478363808944,-16.8235219698695));
#1781=CARTESIAN_POINT('',(41.0636864844597,-11.478363808944,-16.8235219698695));
#1782=CARTESIAN_POINT('',(36.7790964844597,-54.8288178056738,-16.8235219698695));
#1783=CARTESIAN_POINT('',(36.7790964844597,-11.478363808944,-16.8235219698695));
#1784=CARTESIAN_POINT('',(41.0636864844597,-54.9001003042123,-31.8235219698696));
#1785=CARTESIAN_POINT('',(36.7790964844597,-54.9001003042123,-31.8235219698696));
#1786=CARTESIAN_POINT('',(41.0636864844597,-54.8288178056738,-16.8235219698695));
#1787=CARTESIAN_POINT('',(41.0636864844597,-54.9001003042123,-31.8235219698696));
#1788=CARTESIAN_POINT('',(36.7790964844597,-54.9001003042123,-31.8235219698696));
#1789=CARTESIAN_POINT('',(36.7790964844597,-54.8288178056738,-16.8235219698695));
#1790=CARTESIAN_POINT('',(41.5636864844597,-54.4000946584724,-31.8235219698696));
#1791=CARTESIAN_POINT('',(41.5636864844597,-28.6788447869709,-31.8235219698695));
#1792=CARTESIAN_POINT('',(41.0636864844597,-54.9001003042123,-31.8235219698696));
#1793=CARTESIAN_POINT('',(41.5636864844597,-54.4000946584724,-31.8235219698696));
#1794=CARTESIAN_POINT('',(36.7790964844597,-27.9365715503238,-31.8235219698696));
#1795=CARTESIAN_POINT('',(36.7790964844597,-54.9001003042123,-31.8235219698696));
#1796=CARTESIAN_POINT('',(41.0636864844597,-27.9365715503238,-31.8235219698696));
#1797=CARTESIAN_POINT('',(36.7790964844597,-27.9365715503238,-31.8235219698696));
#1798=CARTESIAN_POINT('',(41.5636864844597,-28.6788447869709,-31.8235219698695));
#1799=CARTESIAN_POINT('',(41.0636864844597,-27.9365715503238,-31.8235219698696));
#1800=CARTESIAN_POINT('',(36.7790964844597,-27.9365715503238,-31.8235219698696));
#1801=CARTESIAN_POINT('',(36.7790964844597,-11.478363808944,-16.8235219698695));
#1802=CARTESIAN_POINT('',(41.5636864844597,-54.3288121599339,-16.8235219698695));
#1803=CARTESIAN_POINT('',(41.5636864844597,-54.4000946584724,-31.8235219698696));
#1804=CARTESIAN_POINT('',(41.5636864844597,-28.6788447869709,-31.8235219698695));
#1805=CARTESIAN_POINT('',(41.5636864844597,-12.2206370455912,-16.8235219698695));
#1806=CARTESIAN_POINT('',(41.0636864844597,-27.9365715503238,-31.8235219698696));
#1807=CARTESIAN_POINT('',(41.0636864844597,-11.478363808944,-16.8235219698695));
#1808=CARTESIAN_POINT('',(33.0841000178231,-22.9261810808919,-6.82352196986955));
#1809=CARTESIAN_POINT('',(38.2059143450631,-22.9261810808919,-6.82352196986955));
#1810=CARTESIAN_POINT('',(33.0841000178231,-26.5261810808918,-6.82352196986955));
#1811=CARTESIAN_POINT('',(38.2059143450631,-26.5261810808918,-6.82352196986955));
#1812=CARTESIAN_POINT('',(33.0841000178231,-26.5261810808918,-10.4235219698695));
#1813=CARTESIAN_POINT('',(38.2059143450631,-26.5261810808918,-10.4235219698695));
#1814=CARTESIAN_POINT('',(33.0841000178231,-26.5261810808918,-14.0235219698695));
#1815=CARTESIAN_POINT('',(38.2059143450631,-26.5261810808918,-14.0235219698695));
#1816=CARTESIAN_POINT('',(33.0841000178231,-22.9261810808919,-14.0235219698695));
#1817=CARTESIAN_POINT('',(38.2059143450631,-22.9261810808919,-14.0235219698695));
#1818=CARTESIAN_POINT('',(36.7790964844598,-628.446181080892,-615.943521969869));
#1819=CARTESIAN_POINT('',(264.711073820328,537.95412462735,-615.94352196987));
#1820=CARTESIAN_POINT('',(-289.938347239427,482.358407363453,-615.452015203916));
#1821=CARTESIAN_POINT('',(33.0841000178231,-22.9261810808919,-14.0235219698695));
#1822=CARTESIAN_POINT('',(38.2059143450631,-22.9261810808919,-14.0235219698695));
#1823=CARTESIAN_POINT('',(33.0841000178231,-19.3261810808919,-14.0235219698695));
#1824=CARTESIAN_POINT('',(38.2059143450631,-19.3261810808919,-14.0235219698695));
#1825=CARTESIAN_POINT('',(33.0841000178231,-19.3261810808919,-10.4235219698695));
#1826=CARTESIAN_POINT('',(38.2059143450631,-19.3261810808919,-10.4235219698695));
#1827=CARTESIAN_POINT('',(33.0841000178231,-19.3261810808919,-6.82352196986955));
#1828=CARTESIAN_POINT('',(38.2059143450631,-19.3261810808919,-6.82352196986955));
#1829=CARTESIAN_POINT('',(33.0841000178231,-22.9261810808919,-6.82352196986955));
#1830=CARTESIAN_POINT('',(38.2059143450631,-22.9261810808919,-6.82352196986955));
#1831=CARTESIAN_POINT('',(36.7790964844598,-22.9261810808919,-6.82352196986955));
#1832=CARTESIAN_POINT('',(36.7790964844598,-22.9261810808919,-14.0235219698695));
#1833=CARTESIAN_POINT('',(34.5109178784265,-24.593897324755,-13.6139329982411));
#1834=CARTESIAN_POINT('',(35.1933636864696,-22.9261810808919,-6.82352196986955));
#1835=CARTESIAN_POINT('',(34.5109178784265,-24.593897324755,-7.23311094149796));
#1836=CARTESIAN_POINT('',(35.1933636864695,-22.9261810808919,-14.0235219698695));
#1837=CARTESIAN_POINT('',(36.7790964844598,-22.9261810808918,-6.82352196986954));
#1838=CARTESIAN_POINT('',(36.7790964844598,-19.3261810808918,-6.82352196986955));
#1839=CARTESIAN_POINT('',(36.7790964844598,-19.3261810808919,-10.4235219698695));
#1840=CARTESIAN_POINT('',(36.7790964844598,-19.3261810808919,-14.0235219698695));
#1841=CARTESIAN_POINT('',(36.7790964844598,-22.9261810808919,-14.0235219698695));
#1842=CARTESIAN_POINT('',(36.7790964844598,-22.9261810808919,-14.0235219698695));
#1843=CARTESIAN_POINT('',(36.7790964844598,-26.5261810808919,-14.0235219698695));
#1844=CARTESIAN_POINT('',(36.7790964844598,-26.5261810808919,-10.4235219698695));
#1845=CARTESIAN_POINT('',(36.7790964844598,-26.5261810808919,-6.82352196986954));
#1846=CARTESIAN_POINT('',(36.7790964844598,-22.9261810808918,-6.82352196986954));
#1847=CARTESIAN_POINT('',(35.1933636864696,-22.9261810808919,-6.82352196986955));
#1848=CARTESIAN_POINT('',(36.7790964844598,-22.9261810808919,-6.82352196986955));
#1849=CARTESIAN_POINT('',(35.1933636864695,-22.9261810808918,-6.82352196986955));
#1850=CARTESIAN_POINT('',(34.831558650119,-23.810336466011,-6.82352196986955));
#1851=CARTESIAN_POINT('',(34.5109178784265,-24.593897324755,-7.23311094149795));
#1852=CARTESIAN_POINT('',(34.5109178784265,-24.593897324755,-13.6139329982411));
#1853=CARTESIAN_POINT('',(34.5109178784265,-24.593897324755,-7.23311094149796));
#1854=CARTESIAN_POINT('',(34.5109178784265,-24.593897324755,-13.6139329982411));
#1855=CARTESIAN_POINT('',(34.831558650119,-23.810336466011,-14.0235219698695));
#1856=CARTESIAN_POINT('',(35.1933636864695,-22.9261810808919,-14.0235219698695));
#1857=CARTESIAN_POINT('',(34.5109178784265,-24.593897324755,-7.23311094149795));
#1858=CARTESIAN_POINT('',(35.747578682372,-26.5261810808919,-8.24316920020048));
#1859=CARTESIAN_POINT('',(35.747578682372,-26.5261810808919,-10.4235219698696));
#1860=CARTESIAN_POINT('',(35.747578682372,-26.5261810808919,-12.6038747395386));
#1861=CARTESIAN_POINT('',(34.5109178784264,-24.593897324755,-13.6139329982411));
#1862=CARTESIAN_POINT('',(35.1933636864695,-22.9261810808919,-14.0235219698695));
#1863=CARTESIAN_POINT('',(36.7790964844597,-22.9261810808919,-14.0235219698695));
#1864=CARTESIAN_POINT('',(35.1933636864695,-22.9261810808919,-14.0235219698695));
#1865=CARTESIAN_POINT('',(36.66651891776,-19.3261810808919,-14.0235219698696));
#1866=CARTESIAN_POINT('',(36.66651891776,-19.3261810808919,-10.4235219698695));
#1867=CARTESIAN_POINT('',(36.66651891776,-19.3261810808919,-6.82352196986957));
#1868=CARTESIAN_POINT('',(35.1933636864695,-22.9261810808919,-6.82352196986955));
#1869=CARTESIAN_POINT('',(-564.89936251554,-660.358623565916,-16.8235219698695));
#1870=CARTESIAN_POINT('',(-564.84936251554,-11.5017873912595,598.512366897956));
#1871=CARTESIAN_POINT('',(-564.84936251554,-659.758623565916,-3.47271390821015));
#1872=CARTESIAN_POINT('',(-564.84936251554,-54.8261839136741,598.512366897956));
#1873=CARTESIAN_POINT('',(41.5636864844597,-659.758623565916,-619.308602776035));
#1874=CARTESIAN_POINT('',(36.7790964844598,-660.358623565916,-619.358602776035));
#1875=CARTESIAN_POINT('',(642.69214548446,-437.515856103188,422.041354803718));
#1876=CARTESIAN_POINT('',(467.077755196388,-437.515856103188,598.512366897956));
#1877=CARTESIAN_POINT('',(-450.667595405509,659.877922265654,-183.621141675154));
#1878=CARTESIAN_POINT('',(-564.84936251554,-480.340252625602,-429.486782620139));
#1879=CARTESIAN_POINT('',(467.077755196388,-659.758623565916,-429.486782620139));
#1880=CARTESIAN_POINT('',(-450.667595405509,125.32224385327,667.906995748703));
#1881=CARTESIAN_POINT('',(-384.450382227469,-480.340252625602,-619.308602776035));
#1882=CARTESIAN_POINT('',(41.5636864844597,-12.0017873912595,-16.8235219698695));
#1883=CARTESIAN_POINT('',(41.5636864844597,-54.3261839136741,-16.8235219698695));
#1884=CARTESIAN_POINT('',(41.0636864844597,-54.8261839136741,-16.8235219698695));
#1885=CARTESIAN_POINT('',(36.7790964844597,-54.8261839136741,-16.8235219698695));
#1886=CARTESIAN_POINT('',(36.7790964844597,-11.5017873912595,-16.8235219698695));
#1887=CARTESIAN_POINT('',(41.0636864844597,-11.5017873912595,-16.8235219698695));
#1888=CARTESIAN_POINT('',(41.0636864844597,-11.5017873912595,-3.97271390821015));
#1889=CARTESIAN_POINT('',(36.7790964844597,-11.5017873912595,-3.97271390821015));
#1890=CARTESIAN_POINT('',(36.7790964844597,-54.3261839136741,-3.47271390821015));
#1891=CARTESIAN_POINT('',(36.7790964844597,-12.0017873912595,-3.47271390821015));
#1892=CARTESIAN_POINT('',(41.0636864844597,-54.3261839136741,-3.47271390821015));
#1893=CARTESIAN_POINT('',(41.0636864844597,-12.0017873912595,-3.47271390821015));
#1894=CARTESIAN_POINT('',(41.0636864844597,-54.8261839136741,-3.97271390821015));
#1895=CARTESIAN_POINT('',(36.7790964844597,-54.8261839136741,-3.97271390821015));
#1896=CARTESIAN_POINT('',(41.5636864844597,-12.0017873912595,-3.97271390821015));
#1897=CARTESIAN_POINT('',(41.5636864844597,-54.3261839136741,-3.97271390821015));
#1898=CARTESIAN_POINT('',(41.5636864844597,-12.0017873912595,-16.8235219698695));
#1899=CARTESIAN_POINT('',(41.5636864844597,-54.3261839136741,-16.8235219698695));
#1900=CARTESIAN_POINT('',(41.0636864844597,-54.8261839136741,-16.8235219698695));
#1901=CARTESIAN_POINT('',(36.7790964844597,-54.8261839136741,-16.8235219698695));
#1902=CARTESIAN_POINT('',(36.7790964844597,-54.8261839136741,-16.8235219698695));
#1903=CARTESIAN_POINT('',(36.7790964844597,-11.5017873912595,-16.8235219698695));
#1904=CARTESIAN_POINT('',(36.7790964844597,-11.5017873912595,-16.8235219698695));
#1905=CARTESIAN_POINT('',(41.0636864844597,-11.5017873912595,-16.8235219698695));
#1906=CARTESIAN_POINT('',(41.0636864844597,-11.5017873912595,-3.97271390821015));
#1907=CARTESIAN_POINT('',(36.7790964844597,-11.5017873912595,-3.97271390821015));
#1908=CARTESIAN_POINT('',(41.0636864844597,-11.5017873912595,-16.8235219698695));
#1909=CARTESIAN_POINT('',(41.0636864844597,-11.5017873912595,-3.97271390821015));
#1910=CARTESIAN_POINT('',(36.7790964844597,-11.5017873912595,-3.97271390821015));
#1911=CARTESIAN_POINT('',(36.7790964844597,-11.5017873912595,-16.8235219698695));
#1912=CARTESIAN_POINT('',(36.7790964844597,-54.3261839136741,-3.47271390821015));
#1913=CARTESIAN_POINT('',(36.7790964844597,-12.0017873912595,-3.47271390821015));
#1914=CARTESIAN_POINT('',(41.0636864844597,-54.3261839136741,-3.47271390821015));
#1915=CARTESIAN_POINT('',(36.7790964844597,-54.3261839136741,-3.47271390821015));
#1916=CARTESIAN_POINT('',(41.0636864844597,-12.0017873912595,-3.47271390821015));
#1917=CARTESIAN_POINT('',(41.0636864844597,-54.3261839136741,-3.47271390821015));
#1918=CARTESIAN_POINT('',(36.7790964844597,-12.0017873912595,-3.47271390821015));
#1919=CARTESIAN_POINT('',(41.0636864844597,-12.0017873912595,-3.47271390821015));
#1920=CARTESIAN_POINT('',(41.0636864844597,-54.8261839136741,-16.8235219698695));
#1921=CARTESIAN_POINT('',(41.0636864844597,-54.8261839136741,-3.97271390821015));
#1922=CARTESIAN_POINT('',(41.0636864844597,-54.8261839136741,-3.97271390821015));
#1923=CARTESIAN_POINT('',(36.7790964844597,-54.8261839136741,-3.97271390821015));
#1924=CARTESIAN_POINT('',(36.7790964844597,-54.8261839136741,-3.97271390821015));
#1925=CARTESIAN_POINT('',(36.7790964844597,-54.8261839136741,-16.8235219698695));
#1926=CARTESIAN_POINT('',(41.5636864844597,-12.0017873912595,-3.97271390821015));
#1927=CARTESIAN_POINT('',(41.5636864844597,-54.3261839136741,-3.97271390821015));
#1928=CARTESIAN_POINT('',(41.5636864844597,-54.3261839136741,-3.97271390821015));
#1929=CARTESIAN_POINT('',(41.5636864844597,-54.3261839136741,-16.8235219698695));
#1930=CARTESIAN_POINT('',(41.5636864844597,-12.0017873912595,-16.8235219698695));
#1931=CARTESIAN_POINT('',(41.5636864844597,-12.0017873912595,-3.97271390821015));
#1932=CARTESIAN_POINT('',(36.7790964844597,-11.5017873912595,-3.97271390821015));
#1933=CARTESIAN_POINT('',(36.7790964844597,-12.0017873912595,-3.47271390821015));
#1934=CARTESIAN_POINT('',(41.0636864844597,-11.5017873912595,-3.97271390821015));
#1935=CARTESIAN_POINT('',(41.0636864844597,-12.0017873912595,-3.47271390821015));
#1936=CARTESIAN_POINT('',(41.0636864844597,-11.5017873912595,-16.8235219698695));
#1937=CARTESIAN_POINT('',(41.5636864844597,-12.0017873912595,-16.8235219698695));
#1938=CARTESIAN_POINT('',(41.0636864844597,-11.5017873912595,-3.97271390821015));
#1939=CARTESIAN_POINT('',(41.5636864844597,-12.0017873912595,-3.97271390821015));
#1940=CARTESIAN_POINT('',(36.7790964844597,-54.3261839136741,-3.47271390821015));
#1941=CARTESIAN_POINT('',(36.7790964844597,-54.8261839136741,-3.97271390821015));
#1942=CARTESIAN_POINT('',(41.0636864844597,-54.8261839136741,-3.97271390821015));
#1943=CARTESIAN_POINT('',(41.0636864844597,-54.3261839136741,-3.47271390821015));
#1944=CARTESIAN_POINT('',(41.0636864844597,-12.0017873912595,-3.47271390821015));
#1945=CARTESIAN_POINT('',(41.5636864844597,-12.0017873912595,-3.97271390821015));
#1946=CARTESIAN_POINT('',(41.0636864844597,-54.3261839136741,-3.47271390821015));
#1947=CARTESIAN_POINT('',(41.5636864844597,-54.3261839136741,-3.97271390821015));
#1948=CARTESIAN_POINT('',(41.5636864844597,-54.3261839136741,-16.8235219698695));
#1949=CARTESIAN_POINT('',(41.0636864844597,-54.8261839136741,-16.8235219698695));
#1950=CARTESIAN_POINT('',(41.0636864844597,-54.8261839136741,-3.97271390821015));
#1951=CARTESIAN_POINT('',(41.5636864844597,-54.3261839136741,-3.97271390821015));
#1952=CARTESIAN_POINT('',(-41.7706898421871,577.423818919108,593.526023447104));
#1953=CARTESIAN_POINT('',(-40.170689842187,592.485651977704,-619.358602776035));
#1954=CARTESIAN_POINT('',(-41.7706898421871,580.923818919108,593.526023447104));
#1955=CARTESIAN_POINT('',(-41.6006898421871,-22.9362758658919,-1.87352196986955));
#1956=CARTESIAN_POINT('',(-41.6006898421871,-25.0362758658919,-1.87352196986955));
#1957=CARTESIAN_POINT('',(-41.6006898421871,-25.0362758658919,-3.97352196986954));
#1958=CARTESIAN_POINT('',(-41.6006898421871,-25.0362758658919,-6.07352196986954));
#1959=CARTESIAN_POINT('',(-41.6006898421871,-22.9362758658919,-6.07352196986954));
#1960=CARTESIAN_POINT('',(-41.6006898421871,-20.8362758658919,-6.07352196986954));
#1961=CARTESIAN_POINT('',(-41.6006898421871,-20.8362758658919,-3.97352196986955));
#1962=CARTESIAN_POINT('',(-41.6006898421871,-20.8362758658919,-1.87352196986955));
#1963=CARTESIAN_POINT('',(-41.6006898421871,-22.9362758658919,-1.87352196986955));
#1964=CARTESIAN_POINT('',(-36.4406898421871,-22.9362758658919,-1.87352196986955));
#1965=CARTESIAN_POINT('',(-36.4406898421871,-25.0362758658919,-1.87352196986955));
#1966=CARTESIAN_POINT('',(-36.4406898421871,-25.0362758658919,-3.97352196986954));
#1967=CARTESIAN_POINT('',(-36.4406898421871,-25.0362758658919,-6.07352196986954));
#1968=CARTESIAN_POINT('',(-36.4406898421871,-22.9362758658919,-6.07352196986954));
#1969=CARTESIAN_POINT('',(-36.4406898421871,-20.8362758658919,-6.07352196986954));
#1970=CARTESIAN_POINT('',(-36.4406898421871,-20.8362758658919,-3.97352196986955));
#1971=CARTESIAN_POINT('',(-36.4406898421871,-20.8362758658919,-1.87352196986955));
#1972=CARTESIAN_POINT('',(-36.4406898421871,-22.9362758658919,-1.87352196986955));
#1973=CARTESIAN_POINT('',(-641.600689842187,-20.8362758658919,597.52837207843));
#1974=CARTESIAN_POINT('',(-37.8706898421871,-623.036374215705,-609.49637815901));
#1975=CARTESIAN_POINT('',(-643.800689842187,-659.75861549938,-3.47271390821015));
#1976=CARTESIAN_POINT('',(-641.600689842187,-620.507761161016,48.6031032902479));
#1977=CARTESIAN_POINT('',(-643.800689842187,-11.5017873912595,-619.308602776035));
#1978=CARTESIAN_POINT('',(-644.350689842187,594.030651527661,-16.8235219698695));
#1979=CARTESIAN_POINT('',(-643.800689842187,-54.8261765804598,598.512366897956));
#1980=CARTESIAN_POINT('',(-42.670689842187,593.430651527661,-619.308602776035));
#1981=CARTESIAN_POINT('',(-641.600689842187,-25.0362758658919,588.006478030131));
#1982=CARTESIAN_POINT('',(-641.600689842187,575.354947393289,-64.4587817977091));
#1983=CARTESIAN_POINT('',(-41.6006898421871,-37.3261810808919,-8.37352196986955));
#1984=CARTESIAN_POINT('',(-41.6006898421871,-39.3761810808919,-8.37352196986955));
#1985=CARTESIAN_POINT('',(-41.6006898421871,-39.3761810808919,-10.4235219698695));
#1986=CARTESIAN_POINT('',(-41.6006898421871,-39.3761810808919,-12.4735219698695));
#1987=CARTESIAN_POINT('',(-41.6006898421871,-37.3261810808919,-12.4735219698695));
#1988=CARTESIAN_POINT('',(-41.6006898421871,-35.2761810808919,-12.4735219698695));
#1989=CARTESIAN_POINT('',(-41.6006898421871,-35.2761810808919,-10.4235219698695));
#1990=CARTESIAN_POINT('',(-41.6006898421871,-35.2761810808919,-8.37352196986955));
#1991=CARTESIAN_POINT('',(-41.6006898421871,-37.3261810808919,-8.37352196986955));
#1992=CARTESIAN_POINT('',(-36.4406898421871,-37.3261810808919,-8.37352196986955));
#1993=CARTESIAN_POINT('',(-36.4406898421871,-39.3761810808919,-8.37352196986955));
#1994=CARTESIAN_POINT('',(-36.4406898421871,-39.3761810808919,-10.4235219698695));
#1995=CARTESIAN_POINT('',(-36.4406898421871,-39.3761810808919,-12.4735219698695));
#1996=CARTESIAN_POINT('',(-36.4406898421871,-37.3261810808919,-12.4735219698695));
#1997=CARTESIAN_POINT('',(-36.4406898421871,-35.2761810808919,-12.4735219698695));
#1998=CARTESIAN_POINT('',(-36.4406898421871,-35.2761810808919,-10.4235219698695));
#1999=CARTESIAN_POINT('',(-36.4406898421871,-35.2761810808919,-8.37352196986955));
#2000=CARTESIAN_POINT('',(-36.4406898421871,-37.3261810808919,-8.37352196986955));
#2001=CARTESIAN_POINT('',(-641.600689842187,575.354947393289,43.61173785797));
#2002=CARTESIAN_POINT('',(-641.600689842187,-25.0362758658919,-608.85852196987));
#2003=CARTESIAN_POINT('',(-41.6006898421871,-22.9362758658919,-1.87352196986955));
#2004=CARTESIAN_POINT('',(-41.6006898421871,-25.0362758658919,-1.87352196986955));
#2005=CARTESIAN_POINT('',(-41.6006898421871,-25.0362758658919,-3.97352196986954));
#2006=CARTESIAN_POINT('',(-41.6006898421871,-25.0362758658919,-6.07352196986954));
#2007=CARTESIAN_POINT('',(-41.6006898421871,-22.9362758658919,-6.07352196986954));
#2008=CARTESIAN_POINT('',(-41.6006898421871,-20.8362758658919,-6.07352196986954));
#2009=CARTESIAN_POINT('',(-41.6006898421871,-20.8362758658919,-3.97352196986955));
#2010=CARTESIAN_POINT('',(-41.6006898421871,-20.8362758658919,-1.87352196986955));
#2011=CARTESIAN_POINT('',(-41.6006898421871,-22.9362758658919,-1.87352196986955));
#2012=CARTESIAN_POINT('',(-36.4406898421871,-22.9362758658919,-1.87352196986955));
#2013=CARTESIAN_POINT('',(-36.4406898421871,-25.0362758658919,-1.87352196986955));
#2014=CARTESIAN_POINT('',(-36.4406898421871,-25.0362758658919,-3.97352196986954));
#2015=CARTESIAN_POINT('',(-36.4406898421871,-25.0362758658919,-6.07352196986954));
#2016=CARTESIAN_POINT('',(-36.4406898421871,-22.9362758658919,-6.07352196986954));
#2017=CARTESIAN_POINT('',(-36.4406898421871,-20.8362758658919,-6.07352196986954));
#2018=CARTESIAN_POINT('',(-36.4406898421871,-20.8362758658919,-3.97352196986955));
#2019=CARTESIAN_POINT('',(-36.4406898421871,-20.8362758658919,-1.87352196986955));
#2020=CARTESIAN_POINT('',(-36.4406898421871,-22.9362758658919,-1.87352196986955));
#2021=CARTESIAN_POINT('',(-37.8706898421871,-659.011225697585,-619.358602776035));
#2022=CARTESIAN_POINT('',(-641.600689842187,-20.8362758658919,-618.32041601817));
#2023=CARTESIAN_POINT('',(-641.600689842187,-620.507761161016,-69.450147229987));
#2024=CARTESIAN_POINT('',(-37.8706898421871,-622.969724713355,-618.406956095595));
#2025=CARTESIAN_POINT('',(-40.0406898421871,-22.9261810808919,-12.9235219698696));
#2026=CARTESIAN_POINT('',(-40.0406898421871,-25.4261810808919,-12.9235219698696));
#2027=CARTESIAN_POINT('',(-40.0406898421871,-25.4261810808919,-10.4235219698695));
#2028=CARTESIAN_POINT('',(-40.0406898421871,-25.4261810808919,-7.92352196986951));
#2029=CARTESIAN_POINT('',(-40.0406898421871,-22.9261810808919,-7.92352196986951));
#2030=CARTESIAN_POINT('',(-44.000689842187,-22.9261810808919,-12.9235219698696));
#2031=CARTESIAN_POINT('',(-44.000689842187,-25.4261810808919,-12.9235219698696));
#2032=CARTESIAN_POINT('',(-44.000689842187,-25.4261810808919,-10.4235219698695));
#2033=CARTESIAN_POINT('',(-44.000689842187,-25.4261810808919,-7.92352196986951));
#2034=CARTESIAN_POINT('',(-44.000689842187,-22.9261810808919,-7.92352196986951));
#2035=CARTESIAN_POINT('',(-41.3706898421871,579.473818919108,589.949250392925));
#2036=CARTESIAN_POINT('',(-41.3706898421871,579.473818919108,593.676974020875));
#2037=CARTESIAN_POINT('',(-643.130689842187,-21.9261810808919,-614.373067386843));
#2038=CARTESIAN_POINT('',(-643.130689842187,-23.9261810808919,-614.373067386843));
#2039=CARTESIAN_POINT('',(-642.690689842187,579.473818919108,-11.4235219698695));
#2040=CARTESIAN_POINT('',(-642.690689842187,579.473818919108,-9.42352196986955));
#2041=CARTESIAN_POINT('',(563.759310157813,371.187892131469,422.041354803718));
#2042=CARTESIAN_POINT('',(383.343378869741,-480.340245292388,598.512366897956));
#2043=CARTESIAN_POINT('',(-534.23530506549,617.22019974312,176.009047192067));
#2044=CARTESIAN_POINT('',(383.343378869741,-659.75861549938,422.041354803718));
#2045=CARTESIAN_POINT('',(-468.184758554115,-437.515856103188,598.512366897956));
#2046=CARTESIAN_POINT('',(-534.23530506549,167.979973709018,-675.51909023179));
#2047=CARTESIAN_POINT('',(563.759310157813,414.012281320669,-429.486782620139));
#2048=CARTESIAN_POINT('',(-40.0406898421871,-22.9261810808919,-7.92352196986951));
#2049=CARTESIAN_POINT('',(-40.0406898421871,-20.4261810808918,-7.92352196986951));
#2050=CARTESIAN_POINT('',(-40.0406898421871,-20.4261810808918,-10.4235219698695));
#2051=CARTESIAN_POINT('',(-40.0406898421871,-20.4261810808918,-12.9235219698696));
#2052=CARTESIAN_POINT('',(-40.0406898421871,-22.9261810808919,-12.9235219698696));
#2053=CARTESIAN_POINT('',(-44.000689842187,-22.9261810808919,-7.92352196986951));
#2054=CARTESIAN_POINT('',(-44.000689842187,-20.4261810808918,-7.92352196986951));
#2055=CARTESIAN_POINT('',(-44.000689842187,-20.4261810808918,-10.4235219698695));
#2056=CARTESIAN_POINT('',(-44.000689842187,-20.4261810808918,-12.9235219698696));
#2057=CARTESIAN_POINT('',(-44.000689842187,-22.9261810808919,-12.9235219698696));
#2058=CARTESIAN_POINT('',(-41.7706898421871,-23.9261810808919,-12.7148098173475));
#2059=CARTESIAN_POINT('',(-41.7706898421871,-23.9261810808919,-8.13223412239162));
#2060=CARTESIAN_POINT('',(-40.170689842187,-20.8968663225737,-3.47271390821016));
#2061=CARTESIAN_POINT('',(-40.170689842187,-20.8362758658919,-3.97352196986954));
#2062=CARTESIAN_POINT('',(-40.170689842187,-24.97568540921,-3.47271390821014));
#2063=CARTESIAN_POINT('',(-40.170689842187,-25.0362758658919,-3.97352196986954));
#2064=CARTESIAN_POINT('',(-40.170689842187,-25.0362758658919,-7.32352196986955));
#2065=CARTESIAN_POINT('',(-40.170689842187,-37.4994739848532,-8.3808595991826));
#2066=CARTESIAN_POINT('',(-40.170689842187,-37.4994739848532,-12.4661843405565));
#2067=CARTESIAN_POINT('',(-40.170689842187,-25.0362758658919,-13.5235219698695));
#2068=CARTESIAN_POINT('',(-40.170689842187,-25.0362758658919,-16.8235219698695));
#2069=CARTESIAN_POINT('',(-40.170689842187,-20.8362758658919,-16.8235219698695));
#2070=CARTESIAN_POINT('',(-40.170689842187,-20.8362758658919,-13.8545814868695));
#2071=CARTESIAN_POINT('',(-40.170689842187,-11.5017873912595,-12.98918071262));
#2072=CARTESIAN_POINT('',(-40.170689842187,-11.5017873912595,-7.85786322711914));
#2073=CARTESIAN_POINT('',(-40.170689842187,-20.8362758658919,-6.99246245286955));
#2074=CARTESIAN_POINT('',(-40.170689842187,-23.9261810808919,-11.4235219698695));
#2075=CARTESIAN_POINT('',(-40.170689842187,-21.9261810808919,-11.4235219698695));
#2076=CARTESIAN_POINT('',(-40.170689842187,-23.9261810808919,-9.42352196986955));
#2077=CARTESIAN_POINT('',(-40.170689842187,-21.9261810808919,-9.42352196986955));
#2078=CARTESIAN_POINT('',(-41.7706898421871,-21.9261810808919,-12.7148098173475));
#2079=CARTESIAN_POINT('',(-41.7706898421871,-21.9261810808919,-8.13223412239162));
#2080=CARTESIAN_POINT('',(-37.8706898421871,-20.8968663225737,-3.47271390821016));
#2081=CARTESIAN_POINT('',(-37.8706898421871,-20.8362758658919,-3.97352196986954));
#2082=CARTESIAN_POINT('',(-37.8706898421871,-20.8362758658919,-6.99246245286955));
#2083=CARTESIAN_POINT('',(-37.8706898421871,-11.5017873912595,-7.85786322711914));
#2084=CARTESIAN_POINT('',(-37.8706898421871,-11.5017873912595,-3.97271390821015));
#2085=CARTESIAN_POINT('',(-37.8706898421871,-12.0017873912595,-3.47271390821015));
#2086=CARTESIAN_POINT('',(-42.170689842187,-12.0017873912595,-3.47271390821015));
#2087=CARTESIAN_POINT('',(-42.170689842187,-54.3261765804598,-3.47271390821015));
#2088=CARTESIAN_POINT('',(-37.8706898421871,-54.3261765804598,-3.47271390821015));
#2089=CARTESIAN_POINT('',(-37.8706898421871,-24.97568540921,-3.47271390821014));
#2090=CARTESIAN_POINT('',(-42.170689842187,-11.5017873912595,-16.8235219698695));
#2091=CARTESIAN_POINT('',(-42.170689842187,-11.5017873912595,-3.97271390821015));
#2092=CARTESIAN_POINT('',(-37.8706898421871,-11.5017873912595,-12.98918071262));
#2093=CARTESIAN_POINT('',(-37.8706898421871,-11.5017873912595,-16.8235219698695));
#2094=CARTESIAN_POINT('',(-42.170689842187,-54.8261765804598,-16.8235219698695));
#2095=CARTESIAN_POINT('',(-37.8706898421871,-54.8261765804598,-16.8235219698695));
#2096=CARTESIAN_POINT('',(-42.670689842187,-54.3261765804598,-16.8235219698695));
#2097=CARTESIAN_POINT('',(-42.670689842187,-12.0017873912595,-16.8235219698695));
#2098=CARTESIAN_POINT('',(-37.8706898421871,-20.8362758658919,-16.8235219698695));
#2099=CARTESIAN_POINT('',(-37.8706898421871,-25.0362758658919,-16.8235219698695));
#2100=CARTESIAN_POINT('',(-37.8706898421871,-54.8261765804598,-3.97271390821015));
#2101=CARTESIAN_POINT('',(-42.170689842187,-54.8261765804598,-3.97271390821015));
#2102=CARTESIAN_POINT('',(-42.670689842187,-54.3261765804598,-3.97271390821015));
#2103=CARTESIAN_POINT('',(-42.670689842187,-12.0017873912594,-3.97271390821015));
#2104=CARTESIAN_POINT('',(-42.670689842187,-22.9261810808919,-12.9235219698696));
#2105=CARTESIAN_POINT('',(-42.670689842187,-22.9261810808919,-7.92352196986951));
#2106=CARTESIAN_POINT('',(-37.8706898421871,-25.0362758658919,-13.5235219698695));
#2107=CARTESIAN_POINT('',(-37.8706898421871,-37.4994739848532,-12.4661843405565));
#2108=CARTESIAN_POINT('',(-37.8706898421871,-37.4994739848532,-8.3808595991826));
#2109=CARTESIAN_POINT('',(-37.8706898421871,-25.0362758658919,-7.32352196986955));
#2110=CARTESIAN_POINT('',(-37.8706898421871,-25.0362758658919,-3.97352196986954));
#2111=CARTESIAN_POINT('',(-37.8706898421871,-20.8362758658919,-13.8545814868695));
#2112=CARTESIAN_POINT('',(-41.3706898421871,-21.9261810808919,-8.13223412239163));
#2113=CARTESIAN_POINT('',(-41.3706898421871,-23.9261810808919,-8.13223412239163));
#2114=CARTESIAN_POINT('',(-41.3706898421871,-23.9261810808919,-12.7148098173475));
#2115=CARTESIAN_POINT('',(-41.3706898421871,-22.9261810808919,-12.9235219698696));
#2116=CARTESIAN_POINT('',(-41.3706898421871,-21.9261810808919,-12.7148098173475));
#2117=CARTESIAN_POINT('',(-41.3706898421871,-23.9261810808919,-11.4235219698695));
#2118=CARTESIAN_POINT('',(-41.3706898421871,-21.9261810808919,-11.4235219698695));
#2119=CARTESIAN_POINT('',(-41.3706898421871,-21.9261810808919,-9.42352196986955));
#2120=CARTESIAN_POINT('',(-41.3706898421871,-23.9261810808919,-9.42352196986955));
#2121=CARTESIAN_POINT('',(-41.3706898421871,-22.9261810808919,-7.92352196986952));
#2122=CARTESIAN_POINT('',(-41.7706898421871,-23.9261810808919,-8.13223412239162));
#2123=CARTESIAN_POINT('',(-41.7706898421871,-23.9261810808919,-12.7148098173475));
#2124=CARTESIAN_POINT('',(-40.170689842187,-24.97568540921,-3.47271390821014));
#2125=CARTESIAN_POINT('',(-40.170689842187,-20.8968663225737,-3.47271390821016));
#2126=CARTESIAN_POINT('',(-40.170689842187,-25.0362758658919,-7.32352196986955));
#2127=CARTESIAN_POINT('',(-40.170689842187,-25.0362758658919,-3.97352196986954));
#2128=CARTESIAN_POINT('',(-40.170689842187,-25.0362758658919,-16.8235219698695));
#2129=CARTESIAN_POINT('',(-40.170689842187,-25.0362758658919,-13.5235219698695));
#2130=CARTESIAN_POINT('',(-40.170689842187,-20.8362758658919,-16.8235219698695));
#2131=CARTESIAN_POINT('',(-40.170689842187,-25.0362758658919,-16.8235219698695));
#2132=CARTESIAN_POINT('',(-40.170689842187,-20.8362758658919,-13.8545814868695));
#2133=CARTESIAN_POINT('',(-40.170689842187,-20.8362758658919,-16.8235219698695));
#2134=CARTESIAN_POINT('',(-40.170689842187,-11.5017873912595,-7.85786322711914));
#2135=CARTESIAN_POINT('',(-40.170689842187,-11.5017873912595,-12.98918071262));
#2136=CARTESIAN_POINT('',(-40.170689842187,-20.8362758658919,-3.97352196986954));
#2137=CARTESIAN_POINT('',(-40.170689842187,-20.8362758658919,-6.99246245286955));
#2138=CARTESIAN_POINT('',(-40.170689842187,-23.9261810808919,-11.4235219698695));
#2139=CARTESIAN_POINT('',(-40.170689842187,-21.9261810808919,-11.4235219698695));
#2140=CARTESIAN_POINT('',(-40.170689842187,-23.9261810808919,-9.42352196986955));
#2141=CARTESIAN_POINT('',(-40.170689842187,-23.9261810808919,-11.4235219698695));
#2142=CARTESIAN_POINT('',(-40.170689842187,-21.9261810808919,-9.42352196986955));
#2143=CARTESIAN_POINT('',(-40.170689842187,-23.9261810808919,-9.42352196986955));
#2144=CARTESIAN_POINT('',(-40.170689842187,-21.9261810808919,-11.4235219698695));
#2145=CARTESIAN_POINT('',(-40.170689842187,-21.9261810808919,-9.42352196986955));
#2146=CARTESIAN_POINT('',(-41.7706898421871,-21.9261810808919,-12.7148098173475));
#2147=CARTESIAN_POINT('',(-41.7706898421871,-21.9261810808919,-8.13223412239162));
#2148=CARTESIAN_POINT('',(-40.170689842187,-20.8968663225737,-3.47271390821016));
#2149=CARTESIAN_POINT('',(-37.8706898421871,-20.8968663225737,-3.47271390821016));
#2150=CARTESIAN_POINT('',(-40.1706898421871,-20.8968663225737,-3.47271390821016));
#2151=CARTESIAN_POINT('',(-40.1706898421871,-20.8362758658919,-3.71945265914325));
#2152=CARTESIAN_POINT('',(-40.1706898421871,-20.8362758658919,-3.97352196986955));
#2153=CARTESIAN_POINT('',(-37.8706898421871,-20.8362758658919,-3.97352196986954));
#2154=CARTESIAN_POINT('',(-40.170689842187,-20.8362758658919,-3.97352196986954));
#2155=CARTESIAN_POINT('',(-37.8706898421871,-20.8968663225737,-3.47271390821016));
#2156=CARTESIAN_POINT('',(-37.8706898421871,-20.8362758658919,-3.71945265914325));
#2157=CARTESIAN_POINT('',(-37.8706898421871,-20.8362758658919,-3.97352196986955));
#2158=CARTESIAN_POINT('',(-40.170689842187,-20.8362758658919,-6.99246245286955));
#2159=CARTESIAN_POINT('',(-37.8706898421871,-20.8362758658919,-6.99246245286955));
#2160=CARTESIAN_POINT('',(-37.8706898421871,-20.8362758658919,-6.99246245286955));
#2161=CARTESIAN_POINT('',(-37.8706898421871,-20.8362758658919,-3.97352196986954));
#2162=CARTESIAN_POINT('',(-37.8706898421871,-11.5017873912595,-7.85786322711914));
#2163=CARTESIAN_POINT('',(-37.8706898421871,-11.5017873912595,-3.97271390821015));
#2164=CARTESIAN_POINT('',(-37.8706898421871,-12.0017873912595,-3.47271390821015));
#2165=CARTESIAN_POINT('',(-37.8706898421871,-20.8968663225737,-3.47271390821016));
#2166=CARTESIAN_POINT('',(-42.170689842187,-12.0017873912595,-3.47271390821015));
#2167=CARTESIAN_POINT('',(-37.8706898421871,-12.0017873912595,-3.47271390821015));
#2168=CARTESIAN_POINT('',(-42.170689842187,-54.3261765804598,-3.47271390821015));
#2169=CARTESIAN_POINT('',(-42.170689842187,-12.0017873912595,-3.47271390821015));
#2170=CARTESIAN_POINT('',(-37.8706898421871,-54.3261765804598,-3.47271390821015));
#2171=CARTESIAN_POINT('',(-42.170689842187,-54.3261765804598,-3.47271390821015));
#2172=CARTESIAN_POINT('',(-37.8706898421871,-24.97568540921,-3.47271390821014));
#2173=CARTESIAN_POINT('',(-37.8706898421871,-54.3261765804598,-3.47271390821015));
#2174=CARTESIAN_POINT('',(-40.170689842187,-24.97568540921,-3.47271390821014));
#2175=CARTESIAN_POINT('',(-37.8706898421871,-24.97568540921,-3.47271390821014));
#2176=CARTESIAN_POINT('',(-40.170689842187,-20.8362758658919,-6.99246245286955));
#2177=CARTESIAN_POINT('',(-40.170689842187,-11.5017873912595,-7.85786322711914));
#2178=CARTESIAN_POINT('',(-37.8706898421871,-20.8362758658919,-6.99246245286955));
#2179=CARTESIAN_POINT('',(-37.8706898421871,-11.5017873912595,-7.85786322711914));
#2180=CARTESIAN_POINT('',(-42.170689842187,-11.5017873912595,-16.8235219698695));
#2181=CARTESIAN_POINT('',(-42.170689842187,-11.5017873912595,-3.97271390821015));
#2182=CARTESIAN_POINT('',(-42.170689842187,-11.5017873912595,-3.97271390821015));
#2183=CARTESIAN_POINT('',(-37.8706898421871,-11.5017873912595,-3.97271390821015));
#2184=CARTESIAN_POINT('',(-37.8706898421871,-11.5017873912595,-7.85786322711914));
#2185=CARTESIAN_POINT('',(-40.170689842187,-11.5017873912595,-7.85786322711914));
#2186=CARTESIAN_POINT('',(-40.170689842187,-11.5017873912595,-12.98918071262));
#2187=CARTESIAN_POINT('',(-37.8706898421871,-11.5017873912595,-12.98918071262));
#2188=CARTESIAN_POINT('',(-37.8706898421871,-11.5017873912595,-12.98918071262));
#2189=CARTESIAN_POINT('',(-37.8706898421871,-11.5017873912595,-16.8235219698695));
#2190=CARTESIAN_POINT('',(-37.8706898421871,-11.5017873912595,-16.8235219698695));
#2191=CARTESIAN_POINT('',(-42.170689842187,-11.5017873912595,-16.8235219698695));
#2192=CARTESIAN_POINT('',(-42.170689842187,-54.8261765804598,-16.8235219698695));
#2193=CARTESIAN_POINT('',(-37.8706898421871,-54.8261765804598,-16.8235219698695));
#2194=CARTESIAN_POINT('',(-42.670689842187,-12.0017873912595,-16.8235219698695));
#2195=CARTESIAN_POINT('',(-42.670689842187,-54.3261765804598,-16.8235219698695));
#2196=CARTESIAN_POINT('',(-37.8706898421871,-20.8362758658919,-16.8235219698695));
#2197=CARTESIAN_POINT('',(-37.8706898421871,-11.5017873912595,-16.8235219698695));
#2198=CARTESIAN_POINT('',(-40.170689842187,-20.8362758658919,-16.8235219698695));
#2199=CARTESIAN_POINT('',(-37.8706898421871,-20.8362758658919,-16.8235219698695));
#2200=CARTESIAN_POINT('',(-37.8706898421871,-25.0362758658919,-16.8235219698695));
#2201=CARTESIAN_POINT('',(-40.170689842187,-25.0362758658919,-16.8235219698695));
#2202=CARTESIAN_POINT('',(-37.8706898421871,-54.8261765804598,-16.8235219698695));
#2203=CARTESIAN_POINT('',(-37.8706898421871,-25.0362758658919,-16.8235219698695));
#2204=CARTESIAN_POINT('',(-37.8706898421871,-54.8261765804598,-16.8235219698695));
#2205=CARTESIAN_POINT('',(-37.8706898421871,-54.8261765804598,-3.97271390821015));
#2206=CARTESIAN_POINT('',(-37.8706898421871,-54.8261765804598,-3.97271390821015));
#2207=CARTESIAN_POINT('',(-42.170689842187,-54.8261765804598,-3.97271390821015));
#2208=CARTESIAN_POINT('',(-42.170689842187,-54.8261765804598,-3.97271390821015));
#2209=CARTESIAN_POINT('',(-42.170689842187,-54.8261765804598,-16.8235219698695));
#2210=CARTESIAN_POINT('',(-42.670689842187,-54.3261765804598,-16.8235219698695));
#2211=CARTESIAN_POINT('',(-42.670689842187,-54.3261765804598,-3.97271390821015));
#2212=CARTESIAN_POINT('',(-42.670689842187,-54.3261765804598,-3.97271390821015));
#2213=CARTESIAN_POINT('',(-42.670689842187,-12.0017873912594,-3.97271390821015));
#2214=CARTESIAN_POINT('',(-42.670689842187,-12.0017873912594,-3.97271390821015));
#2215=CARTESIAN_POINT('',(-42.670689842187,-12.0017873912595,-16.8235219698695));
#2216=CARTESIAN_POINT('',(-37.8706898421871,-25.0362758658919,-13.5235219698695));
#2217=CARTESIAN_POINT('',(-40.170689842187,-25.0362758658919,-13.5235219698695));
#2218=CARTESIAN_POINT('',(-37.8706898421871,-25.0362758658919,-16.8235219698695));
#2219=CARTESIAN_POINT('',(-37.8706898421871,-25.0362758658919,-13.5235219698695));
#2220=CARTESIAN_POINT('',(-40.170689842187,-25.0362758658919,-13.5235219698695));
#2221=CARTESIAN_POINT('',(-40.170689842187,-37.4994739848532,-12.4661843405565));
#2222=CARTESIAN_POINT('',(-40.170689842187,-37.4994739848532,-12.4661843405565));
#2223=CARTESIAN_POINT('',(-37.8706898421871,-37.4994739848532,-12.4661843405565));
#2224=CARTESIAN_POINT('',(-37.8706898421871,-37.4994739848532,-12.4661843405565));
#2225=CARTESIAN_POINT('',(-37.8706898421871,-25.0362758658919,-13.5235219698695));
#2226=CARTESIAN_POINT('',(-40.170689842187,-37.4994739848532,-12.4661843405565));
#2227=CARTESIAN_POINT('',(-40.170689842187,-39.3761810789092,-12.3069705485284));
#2228=CARTESIAN_POINT('',(-40.170689842187,-39.3761810789092,-10.4235219698696));
#2229=CARTESIAN_POINT('',(-40.1706898421871,-39.3761810789092,-8.54007339121073));
#2230=CARTESIAN_POINT('',(-40.1706898421871,-37.4994739848532,-8.3808595991826));
#2231=CARTESIAN_POINT('',(-37.8706898421871,-37.4994739848532,-8.3808595991826));
#2232=CARTESIAN_POINT('',(-40.170689842187,-37.4994739848532,-8.3808595991826));
#2233=CARTESIAN_POINT('',(-37.8706898421871,-37.4994739848532,-12.4661843405565));
#2234=CARTESIAN_POINT('',(-37.8706898421871,-39.3761810789092,-12.3069705485284));
#2235=CARTESIAN_POINT('',(-37.8706898421871,-39.3761810789092,-10.4235219698696));
#2236=CARTESIAN_POINT('',(-37.8706898421871,-39.3761810789092,-8.54007339121073));
#2237=CARTESIAN_POINT('',(-37.8706898421871,-37.4994739848532,-8.3808595991826));
#2238=CARTESIAN_POINT('',(-40.170689842187,-37.4994739848532,-8.3808595991826));
#2239=CARTESIAN_POINT('',(-40.170689842187,-25.0362758658919,-7.32352196986955));
#2240=CARTESIAN_POINT('',(-37.8706898421871,-25.0362758658919,-7.32352196986955));
#2241=CARTESIAN_POINT('',(-40.170689842187,-25.0362758658919,-7.32352196986955));
#2242=CARTESIAN_POINT('',(-37.8706898421871,-37.4994739848532,-8.3808595991826));
#2243=CARTESIAN_POINT('',(-37.8706898421871,-25.0362758658919,-7.32352196986955));
#2244=CARTESIAN_POINT('',(-40.170689842187,-25.0362758658919,-3.97352196986954));
#2245=CARTESIAN_POINT('',(-37.8706898421871,-25.0362758658919,-3.97352196986954));
#2246=CARTESIAN_POINT('',(-37.8706898421871,-25.0362758658919,-3.97352196986954));
#2247=CARTESIAN_POINT('',(-37.8706898421871,-25.0362758658919,-7.32352196986955));
#2248=CARTESIAN_POINT('',(-40.1706898421871,-25.0362758658919,-3.97352196986955));
#2249=CARTESIAN_POINT('',(-40.1706898421871,-25.0362758658919,-3.71945265914323));
#2250=CARTESIAN_POINT('',(-40.1706898421871,-24.97568540921,-3.47271390821014));
#2251=CARTESIAN_POINT('',(-37.8706898421871,-25.0362758658919,-3.97352196986955));
#2252=CARTESIAN_POINT('',(-37.8706898421871,-25.0362758658919,-3.71945265914323));
#2253=CARTESIAN_POINT('',(-37.870689842187,-24.97568540921,-3.47271390821014));
#2254=CARTESIAN_POINT('',(-37.8706898421871,-20.8362758658919,-13.8545814868695));
#2255=CARTESIAN_POINT('',(-37.8706898421871,-20.8362758658919,-16.8235219698695));
#2256=CARTESIAN_POINT('',(-40.170689842187,-20.8362758658919,-13.8545814868695));
#2257=CARTESIAN_POINT('',(-37.8706898421871,-20.8362758658919,-13.8545814868695));
#2258=CARTESIAN_POINT('',(-40.170689842187,-11.5017873912595,-12.98918071262));
#2259=CARTESIAN_POINT('',(-40.170689842187,-20.8362758658919,-13.8545814868695));
#2260=CARTESIAN_POINT('',(-37.8706898421871,-11.5017873912595,-12.98918071262));
#2261=CARTESIAN_POINT('',(-37.8706898421871,-20.8362758658919,-13.8545814868695));
#2262=CARTESIAN_POINT('',(-42.670689842187,-22.9261810808919,-7.92352196986951));
#2263=CARTESIAN_POINT('',(-42.670689842187,-25.4261810808919,-7.92352196986951));
#2264=CARTESIAN_POINT('',(-42.670689842187,-25.4261810808919,-10.4235219698695));
#2265=CARTESIAN_POINT('',(-42.670689842187,-25.4261810808919,-12.9235219698696));
#2266=CARTESIAN_POINT('',(-42.670689842187,-22.9261810808918,-12.9235219698696));
#2267=CARTESIAN_POINT('',(-42.670689842187,-22.9261810808918,-12.9235219698696));
#2268=CARTESIAN_POINT('',(-42.670689842187,-20.4261810808918,-12.9235219698696));
#2269=CARTESIAN_POINT('',(-42.670689842187,-20.4261810808918,-10.4235219698695));
#2270=CARTESIAN_POINT('',(-42.670689842187,-20.4261810808918,-7.92352196986951));
#2271=CARTESIAN_POINT('',(-42.670689842187,-22.9261810808919,-7.92352196986951));
#2272=CARTESIAN_POINT('',(-41.7706898421871,-21.9261810808918,-8.13223412239162));
#2273=CARTESIAN_POINT('',(-41.7706898421871,-20.4261810808918,-8.78688779309959));
#2274=CARTESIAN_POINT('',(-41.7706898421871,-20.4261810808918,-10.4235219698695));
#2275=CARTESIAN_POINT('',(-41.7706898421871,-20.4261810808918,-12.0601561466395));
#2276=CARTESIAN_POINT('',(-41.7706898421871,-21.9261810808918,-12.7148098173475));
#2277=CARTESIAN_POINT('',(-41.3706898421871,-21.9261810808919,-8.13223412239163));
#2278=CARTESIAN_POINT('',(-41.7706898421871,-21.9261810808919,-8.13223412239162));
#2279=CARTESIAN_POINT('',(-41.3706898421871,-23.9261810808919,-8.13223412239162));
#2280=CARTESIAN_POINT('',(-41.3706898421871,-23.4479614621971,-7.92352196986952));
#2281=CARTESIAN_POINT('',(-41.3706898421871,-22.9261810808919,-7.92352196986952));
#2282=CARTESIAN_POINT('',(-41.7706898421871,-23.9261810808919,-8.13223412239162));
#2283=CARTESIAN_POINT('',(-41.3706898421871,-23.9261810808919,-8.13223412239163));
#2284=CARTESIAN_POINT('',(-41.7706898421871,-23.9261810808918,-12.7148098173475));
#2285=CARTESIAN_POINT('',(-41.7706898421871,-25.4261810808919,-12.0601561466396));
#2286=CARTESIAN_POINT('',(-41.7706898421871,-25.4261810808919,-10.4235219698696));
#2287=CARTESIAN_POINT('',(-41.7706898421871,-25.4261810808919,-8.78688779309961));
#2288=CARTESIAN_POINT('',(-41.7706898421871,-23.9261810808919,-8.13223412239162));
#2289=CARTESIAN_POINT('',(-41.3706898421871,-23.9261810808919,-12.7148098173475));
#2290=CARTESIAN_POINT('',(-41.7706898421871,-23.9261810808919,-12.7148098173475));
#2291=CARTESIAN_POINT('',(-41.3706898421871,-22.9261810808919,-12.9235219698696));
#2292=CARTESIAN_POINT('',(-41.3706898421871,-23.4479614621971,-12.9235219698696));
#2293=CARTESIAN_POINT('',(-41.3706898421871,-23.9261810808919,-12.7148098173475));
#2294=CARTESIAN_POINT('',(-41.3706898421871,-21.9261810808918,-12.7148098173475));
#2295=CARTESIAN_POINT('',(-41.3706898421871,-22.4044006995866,-12.9235219698696));
#2296=CARTESIAN_POINT('',(-41.3706898421871,-22.9261810808918,-12.9235219698696));
#2297=CARTESIAN_POINT('',(-41.7706898421871,-21.9261810808919,-12.7148098173475));
#2298=CARTESIAN_POINT('',(-41.3706898421871,-21.9261810808919,-12.7148098173475));
#2299=CARTESIAN_POINT('',(-41.3706898421871,-22.9261810808919,-12.9235219698696));
#2300=CARTESIAN_POINT('',(-42.670689842187,-22.9261810808919,-12.9235219698696));
#2301=CARTESIAN_POINT('',(-41.3706898421871,-23.9261810808919,-11.4235219698695));
#2302=CARTESIAN_POINT('',(-41.3706898421871,-21.9261810808919,-11.4235219698695));
#2303=CARTESIAN_POINT('',(-41.3706898421871,-21.9261810808919,-11.4235219698695));
#2304=CARTESIAN_POINT('',(-41.3706898421871,-21.9261810808919,-12.7148098173475));
#2305=CARTESIAN_POINT('',(-41.3706898421871,-23.9261810808919,-12.7148098173475));
#2306=CARTESIAN_POINT('',(-41.3706898421871,-23.9261810808919,-11.4235219698695));
#2307=CARTESIAN_POINT('',(-41.3706898421871,-21.9261810808919,-9.42352196986955));
#2308=CARTESIAN_POINT('',(-41.3706898421871,-23.9261810808919,-9.42352196986955));
#2309=CARTESIAN_POINT('',(-41.3706898421871,-23.9261810808919,-9.42352196986955));
#2310=CARTESIAN_POINT('',(-41.3706898421871,-23.9261810808919,-8.13223412239163));
#2311=CARTESIAN_POINT('',(-41.3706898421871,-21.9261810808919,-8.13223412239163));
#2312=CARTESIAN_POINT('',(-41.3706898421871,-21.9261810808919,-9.42352196986955));
#2313=CARTESIAN_POINT('',(-40.170689842187,-21.9261810808919,-11.4235219698695));
#2314=CARTESIAN_POINT('',(-41.3706898421871,-21.9261810808919,-11.4235219698695));
#2315=CARTESIAN_POINT('',(-41.3706898421871,-21.9261810808919,-9.42352196986955));
#2316=CARTESIAN_POINT('',(-40.170689842187,-21.9261810808919,-9.42352196986955));
#2317=CARTESIAN_POINT('',(-41.3706898421871,-23.9261810808919,-9.42352196986955));
#2318=CARTESIAN_POINT('',(-40.170689842187,-23.9261810808919,-9.42352196986955));
#2319=CARTESIAN_POINT('',(-40.170689842187,-23.9261810808919,-11.4235219698695));
#2320=CARTESIAN_POINT('',(-41.3706898421871,-23.9261810808919,-11.4235219698695));
#2321=CARTESIAN_POINT('',(-37.8706898421871,-54.3261765804598,-3.47271390821015));
#2322=CARTESIAN_POINT('',(-37.8706898421871,-54.8261765804598,-3.97271390821015));
#2323=CARTESIAN_POINT('',(-42.170689842187,-54.3261765804598,-3.47271390821015));
#2324=CARTESIAN_POINT('',(-42.170689842187,-54.8261765804598,-3.97271390821015));
#2325=CARTESIAN_POINT('',(-42.670689842187,-54.3261765804598,-16.8235219698695));
#2326=CARTESIAN_POINT('',(-42.170689842187,-54.8261765804598,-16.8235219698695));
#2327=CARTESIAN_POINT('',(-42.670689842187,-54.3261765804598,-3.97271390821015));
#2328=CARTESIAN_POINT('',(-42.170689842187,-54.8261765804598,-3.97271390821015));
#2329=CARTESIAN_POINT('',(-42.670689842187,-54.3261765804598,-3.97271390821015));
#2330=CARTESIAN_POINT('',(-42.170689842187,-54.3261765804598,-3.47271390821015));
#2331=CARTESIAN_POINT('',(-42.170689842187,-12.0017873912595,-3.47271390821015));
#2332=CARTESIAN_POINT('',(-42.670689842187,-12.0017873912594,-3.97271390821015));
#2333=CARTESIAN_POINT('',(-42.170689842187,-11.5017873912595,-16.8235219698695));
#2334=CARTESIAN_POINT('',(-42.670689842187,-12.0017873912595,-16.8235219698695));
#2335=CARTESIAN_POINT('',(-42.170689842187,-11.5017873912595,-3.97271390821015));
#2336=CARTESIAN_POINT('',(-42.670689842187,-12.0017873912594,-3.97271390821015));
#2337=CARTESIAN_POINT('',(-42.170689842187,-11.5017873912595,-3.97271390821015));
#2338=CARTESIAN_POINT('',(-42.170689842187,-12.0017873912595,-3.47271390821015));
#2339=CARTESIAN_POINT('',(-37.8706898421871,-11.5017873912595,-3.97271390821015));
#2340=CARTESIAN_POINT('',(-37.8706898421871,-12.0017873912595,-3.47271390821015));
#2341=CARTESIAN_POINT('',(-41.3706898421871,-22.9261810808919,-7.92352196986951));
#2342=CARTESIAN_POINT('',(-42.6706898421871,-22.9261810808919,-7.92352196986951));
#2343=CARTESIAN_POINT('',(-41.3706898421871,-22.9261810808919,-7.92352196986952));
#2344=CARTESIAN_POINT('',(-41.3706898421871,-22.4044006995866,-7.92352196986953));
#2345=CARTESIAN_POINT('',(-41.3706898421871,-21.9261810808919,-8.13223412239163));
#2346=CARTESIAN_POINT('',(-644.36090351554,-660.367880425571,-16.8235219698695));
#2347=CARTESIAN_POINT('',(-643.81090351554,-57.7678778891556,-634.522422530497));
#2348=CARTESIAN_POINT('',(-644.36090351554,575.960146526904,-31.8235219698695));
#2349=CARTESIAN_POINT('',(-643.81090351554,434.874549632394,389.982237613937));
#2350=CARTESIAN_POINT('',(-42.6809035155403,-659.822057639985,-634.52352196987));
#2351=CARTESIAN_POINT('',(-37.8809035155403,-660.446291173963,-634.52352196987));
#2352=CARTESIAN_POINT('',(-475.094402629114,143.301794593298,709.981345805459));
#2353=CARTESIAN_POINT('',(-468.240585736602,368.286992412788,-636.547343852816));
#2354=CARTESIAN_POINT('',(-42.6809035155403,-54.3324641783196,-16.8235219698695));
#2355=CARTESIAN_POINT('',(-42.6809035155403,-12.2206370455912,-16.8235219698695));
#2356=CARTESIAN_POINT('',(-42.1809035155403,-54.8324698240595,-16.8235219698695));
#2357=CARTESIAN_POINT('',(-37.8809035155403,-54.8324698240595,-16.8235219698695));
#2358=CARTESIAN_POINT('',(-37.8809035155403,-11.478363808944,-16.8235219698695));
#2359=CARTESIAN_POINT('',(-42.1809035155403,-11.478363808944,-16.8235219698695));
#2360=CARTESIAN_POINT('',(-42.1809035155403,-54.903752322598,-31.8235219698696));
#2361=CARTESIAN_POINT('',(-37.8809035155403,-54.903752322598,-31.8235219698696));
#2362=CARTESIAN_POINT('',(-42.6809035155403,-54.403746676858,-31.8235219698696));
#2363=CARTESIAN_POINT('',(-42.6809035155403,-28.6788447869709,-31.8235219698695));
#2364=CARTESIAN_POINT('',(-42.1809035155403,-27.9365715503238,-31.8235219698696));
#2365=CARTESIAN_POINT('',(-37.8809035155403,-27.9365715503238,-31.8235219698696));
#2366=CARTESIAN_POINT('',(-42.6809035155403,-54.3324641783196,-16.8235219698695));
#2367=CARTESIAN_POINT('',(-42.6809035155403,-12.2206370455912,-16.8235219698695));
#2368=CARTESIAN_POINT('',(-42.1809035155403,-54.8324698240595,-16.8235219698695));
#2369=CARTESIAN_POINT('',(-42.6809035155403,-54.3324641783196,-16.8235219698695));
#2370=CARTESIAN_POINT('',(-37.8809035155403,-54.8324698240595,-16.8235219698695));
#2371=CARTESIAN_POINT('',(-42.1809035155403,-54.8324698240595,-16.8235219698695));
#2372=CARTESIAN_POINT('',(-37.8809035155403,-11.478363808944,-16.8235219698695));
#2373=CARTESIAN_POINT('',(-37.8809035155403,-54.8324698240595,-16.8235219698695));
#2374=CARTESIAN_POINT('',(-42.1809035155403,-11.478363808944,-16.8235219698695));
#2375=CARTESIAN_POINT('',(-37.8809035155403,-11.478363808944,-16.8235219698695));
#2376=CARTESIAN_POINT('',(-42.6809035155403,-12.2206370455912,-16.8235219698695));
#2377=CARTESIAN_POINT('',(-42.1809035155403,-11.478363808944,-16.8235219698695));
#2378=CARTESIAN_POINT('',(-42.1809035155403,-54.903752322598,-31.8235219698696));
#2379=CARTESIAN_POINT('',(-42.1809035155403,-54.8324698240595,-16.8235219698695));
#2380=CARTESIAN_POINT('',(-37.8809035155403,-54.903752322598,-31.8235219698696));
#2381=CARTESIAN_POINT('',(-42.1809035155403,-54.903752322598,-31.8235219698696));
#2382=CARTESIAN_POINT('',(-37.8809035155403,-54.8324698240595,-16.8235219698695));
#2383=CARTESIAN_POINT('',(-37.8809035155403,-54.903752322598,-31.8235219698696));
#2384=CARTESIAN_POINT('',(-42.6809035155403,-54.403746676858,-31.8235219698696));
#2385=CARTESIAN_POINT('',(-42.1809035155403,-54.903752322598,-31.8235219698696));
#2386=CARTESIAN_POINT('',(-42.6809035155403,-28.6788447869709,-31.8235219698695));
#2387=CARTESIAN_POINT('',(-42.6809035155403,-54.403746676858,-31.8235219698696));
#2388=CARTESIAN_POINT('',(-42.1809035155403,-27.9365715503238,-31.8235219698696));
#2389=CARTESIAN_POINT('',(-42.6809035155403,-28.6788447869709,-31.8235219698695));
#2390=CARTESIAN_POINT('',(-37.8809035155403,-27.9365715503238,-31.8235219698696));
#2391=CARTESIAN_POINT('',(-42.1809035155403,-27.9365715503238,-31.8235219698696));
#2392=CARTESIAN_POINT('',(-37.8809035155403,-54.903752322598,-31.8235219698696));
#2393=CARTESIAN_POINT('',(-37.8809035155403,-27.9365715503238,-31.8235219698696));
#2394=CARTESIAN_POINT('',(-37.8809035155403,-27.9365715503238,-31.8235219698696));
#2395=CARTESIAN_POINT('',(-37.8809035155403,-11.478363808944,-16.8235219698695));
#2396=CARTESIAN_POINT('',(-42.1809035155403,-27.9365715503238,-31.8235219698696));
#2397=CARTESIAN_POINT('',(-42.1809035155403,-11.478363808944,-16.8235219698695));
#2398=CARTESIAN_POINT('',(-42.6809035155403,-28.6788447869709,-31.8235219698695));
#2399=CARTESIAN_POINT('',(-42.6809035155403,-12.2206370455912,-16.8235219698695));
#2400=CARTESIAN_POINT('',(-42.6809035155403,-54.3324641783196,-16.8235219698695));
#2401=CARTESIAN_POINT('',(-42.6809035155403,-54.403746676858,-31.8235219698696));
#2402=CARTESIAN_POINT('',(-636.217172200568,92.8627344498041,-602.12352196987));
#2403=CARTESIAN_POINT('',(636.217172200568,92.8627344498041,-602.12352196987));
#2404=CARTESIAN_POINT('',(-96.9116156451517,533.298266396261,-636.073521969869));
#2405=CARTESIAN_POINT('',(634.224523272532,95.9751939276908,-636.073521969869));
#2406=CARTESIAN_POINT('',(-634.224523272531,95.9751939276907,-636.073521969869));
#2407=CARTESIAN_POINT('',(96.9116156451564,533.298266396259,-636.073521969869));
#2408=CARTESIAN_POINT('',(-657.172585467294,-667.130197805652,0.176478030130454));
#2409=CARTESIAN_POINT('',(-658.919877271286,-711.275805455984,-31.8235219698695));
#2410=CARTESIAN_POINT('',(588.651169192383,-250.255109991377,-633.152804300985));
#2411=CARTESIAN_POINT('',(-588.651169192383,-250.255109991377,-633.152804300985));
#2412=CARTESIAN_POINT('',(48.0998977260718,-697.878491895062,602.986380894173));
#2413=CARTESIAN_POINT('',(-48.0998977260719,-697.878491895062,602.986380894173));
#2414=CARTESIAN_POINT('',(-737.612777229759,349.682393549958,124.007795276056));
#2415=CARTESIAN_POINT('',(-785.712674955831,-526.930795925339,-180.212728405368));
#2416=CARTESIAN_POINT('',(708.871151722432,254.372682977182,356.487839957251));
#2417=CARTESIAN_POINT('',(519.835178385323,558.440313470388,356.487839957251));
#2418=CARTESIAN_POINT('',(655.595305997709,51.2727825843216,545.741794415511));
#2419=CARTESIAN_POINT('',(-655.59530599771,51.2727825843212,545.74179441551));
#2420=CARTESIAN_POINT('',(-469.547898345604,261.24172041338,-636.073521969869));
#2421=CARTESIAN_POINT('',(-512.014111305154,431.005363439126,426.196938028016));
#2422=CARTESIAN_POINT('',(-500.450554455288,529.536269247793,-303.638150077649));
#2423=CARTESIAN_POINT('',(-692.711541202307,212.987432274006,-433.670256183986));
#2424=CARTESIAN_POINT('',(-562.970389448332,-361.620091891752,-636.073521969869));
#2425=CARTESIAN_POINT('',(-738.864518976125,-325.108163699231,432.566492649734));
#2426=CARTESIAN_POINT('',(-593.61404735573,137.141503758938,-627.679365526486));
#2427=CARTESIAN_POINT('',(-606.277383764487,-534.781246758591,-427.343981967755));
#2428=CARTESIAN_POINT('',(-2.8421709430404E-14,-64.5817608619023,0.176478030130454));
#2429=CARTESIAN_POINT('',(-46.6438212227449,-53.0388267621774,0.176478030130454));
#2430=CARTESIAN_POINT('',(-47.6145388916296,-52.7986035174336,-0.823521969869542));
#2431=CARTESIAN_POINT('',(-2.8421709430404E-14,-64.5817608619023,-0.823521969869539));
#2432=CARTESIAN_POINT('',(47.6145388916295,-52.7986035174336,-0.823521969869546));
#2433=CARTESIAN_POINT('',(46.6438212227448,-53.0388267621773,0.176478030130468));
#2434=CARTESIAN_POINT('',(47.6194512365844,-50.7370565572925,-1.32352196986953));
#2435=CARTESIAN_POINT('',(47.6194512365844,-50.7370565572925,-31.8235219698695));
#2436=CARTESIAN_POINT('',(48.0998977260718,-52.6784918950618,-1.32352196986955));
#2437=CARTESIAN_POINT('',(48.0998977260718,-52.6784918950618,-31.8235219698695));
#2438=CARTESIAN_POINT('',(-2.8421709430404E-14,-60.9761810808919,-31.8235219698695));
#2439=CARTESIAN_POINT('',(-2.8421709430404E-14,-60.9761810808919,-1.32352196986955));
#2440=CARTESIAN_POINT('',(45.8030398661419,-49.6413149210812,-1.32352196986955));
#2441=CARTESIAN_POINT('',(45.8030398661418,-49.6413149210812,-31.8235219698695));
#2442=CARTESIAN_POINT('',(-45.8030398661419,-49.6413149210811,-1.32352196986954));
#2443=CARTESIAN_POINT('',(-45.8030398661419,-49.6413149210812,-31.8235219698695));
#2444=CARTESIAN_POINT('',(-48.0998977260719,-52.6784918950618,-31.8235219698695));
#2445=CARTESIAN_POINT('',(-48.0998977260719,-52.6784918950618,-1.32352196986955));
#2446=CARTESIAN_POINT('',(-47.6194512365845,-50.7370565572925,-1.32352196986955));
#2447=CARTESIAN_POINT('',(-47.6194512365844,-50.7370565572925,-31.8235219698695));
#2448=CARTESIAN_POINT('',(-2.8421709430404E-14,-62.5214295584677,0.176478030130454));
#2449=CARTESIAN_POINT('',(-46.1633747332575,-51.0973914244081,0.176478030130468));
#2450=CARTESIAN_POINT('',(46.1633747332575,-51.0973914244081,0.176478030130454));
#2451=CARTESIAN_POINT('',(48.0998977260718,-92.6784918950618,-31.8235219698695));
#2452=CARTESIAN_POINT('',(-2.8421709430404E-14,-104.581760861902,-31.8235219698695));
#2453=CARTESIAN_POINT('',(-48.0998977260719,-92.6784918950618,-31.8235219698695));
#2454=CARTESIAN_POINT('',(0.,-104.581760861902,-30.5306986587158));
#2455=CARTESIAN_POINT('',(-48.0998977260719,-92.6784918950618,-30.5306986587158));
#2456=CARTESIAN_POINT('',(48.0998977260718,-92.6784918950618,-30.5306986587158));
#2457=CARTESIAN_POINT('',(48.0998977260718,-52.905185815492,-1.26906482074006));
#2458=CARTESIAN_POINT('',(48.0998977260718,-60.8589993162485,-16.901441444225));
#2459=CARTESIAN_POINT('',(48.0998977260718,-72.6666415134786,-25.6742344705962));
#2460=CARTESIAN_POINT('',(-48.0998977260719,-52.905185815492,-1.26906482074006));
#2461=CARTESIAN_POINT('',(-48.0998977260719,-60.8589993162485,-16.901441444225));
#2462=CARTESIAN_POINT('',(-48.0998977260719,-72.6666415134786,-25.6742344705962));
#2463=CARTESIAN_POINT('',(2.8421709430404E-14,-84.5699104803191,-25.6742344705962));
#2464=CARTESIAN_POINT('',(2.8421709430404E-14,-72.762268283089,-16.9014414442249));
#2465=CARTESIAN_POINT('',(-2.8421709430404E-14,-64.5817608619023,0.176478030130454));
#2466=CARTESIAN_POINT('',(-46.6438212227449,-53.0388267621774,0.176478030130454));
#2467=CARTESIAN_POINT('',(-47.6145388916296,-52.7986035174336,-0.823521969869542));
#2468=CARTESIAN_POINT('',(-2.8421709430404E-14,-64.5817608619023,-0.823521969869539));
#2469=CARTESIAN_POINT('',(-2.8421709430404E-14,-64.5817608619023,-0.823521969869539));
#2470=CARTESIAN_POINT('',(-2.8421709430404E-14,-64.5817608619023,0.176478030130454));
#2471=CARTESIAN_POINT('',(47.6145388916295,-52.7986035174336,-0.823521969869546));
#2472=CARTESIAN_POINT('',(-2.8421709430404E-14,-64.5817608619023,-0.823521969869539));
#2473=CARTESIAN_POINT('',(-2.8421709430404E-14,-64.5817608619023,0.176478030130454));
#2474=CARTESIAN_POINT('',(46.6438212227448,-53.0388267621773,0.176478030130468));
#2475=CARTESIAN_POINT('',(47.6194512365844,-50.7370565572925,-1.32352196986953));
#2476=CARTESIAN_POINT('',(47.6194512365844,-50.7370565572925,-31.8235219698695));
#2477=CARTESIAN_POINT('',(48.0998977260718,-52.6784918950618,-1.32352196986955));
#2478=CARTESIAN_POINT('',(47.6194512365844,-50.7370565572925,-1.32352196986953));
#2479=CARTESIAN_POINT('',(48.0998977260718,-52.6784918950618,-31.8235219698695));
#2480=CARTESIAN_POINT('',(48.0998977260718,-52.6784918950618,-1.32352196986955));
#2481=CARTESIAN_POINT('',(47.6194512365844,-50.7370565572925,-31.8235219698695));
#2482=CARTESIAN_POINT('',(48.0998977260718,-52.6784918950618,-31.8235219698695));
#2483=CARTESIAN_POINT('',(-2.8421709430404E-14,-60.9761810808919,-31.8235219698695));
#2484=CARTESIAN_POINT('',(-2.8421709430404E-14,-60.9761810808919,-1.32352196986955));
#2485=CARTESIAN_POINT('',(-2.8421709430404E-14,-60.9761810808919,-1.32352196986955));
#2486=CARTESIAN_POINT('',(45.8030398661419,-49.6413149210812,-1.32352196986955));
#2487=CARTESIAN_POINT('',(45.8030398661419,-49.6413149210812,-1.32352196986955));
#2488=CARTESIAN_POINT('',(45.8030398661418,-49.6413149210812,-31.8235219698695));
#2489=CARTESIAN_POINT('',(45.8030398661418,-49.6413149210812,-31.8235219698695));
#2490=CARTESIAN_POINT('',(-2.8421709430404E-14,-60.9761810808919,-31.8235219698695));
#2491=CARTESIAN_POINT('',(-45.8030398661419,-49.6413149210811,-1.32352196986954));
#2492=CARTESIAN_POINT('',(-45.8030398661419,-49.6413149210812,-31.8235219698695));
#2493=CARTESIAN_POINT('',(-2.8421709430404E-14,-60.9761810808919,-1.32352196986955));
#2494=CARTESIAN_POINT('',(-45.8030398661419,-49.6413149210811,-1.32352196986954));
#2495=CARTESIAN_POINT('',(-45.8030398661419,-49.6413149210812,-31.8235219698695));
#2496=CARTESIAN_POINT('',(-2.8421709430404E-14,-60.9761810808919,-31.8235219698695));
#2497=CARTESIAN_POINT('',(-48.0998977260719,-52.6784918950618,-31.8235219698695));
#2498=CARTESIAN_POINT('',(-48.0998977260719,-52.6784918950618,-1.32352196986955));
#2499=CARTESIAN_POINT('',(-48.0998977260719,-52.6784918950618,-1.32352196986955));
#2500=CARTESIAN_POINT('',(-47.6194512365845,-50.7370565572925,-1.32352196986955));
#2501=CARTESIAN_POINT('',(-47.6194512365845,-50.7370565572925,-1.32352196986955));
#2502=CARTESIAN_POINT('',(-47.6194512365844,-50.7370565572925,-31.8235219698695));
#2503=CARTESIAN_POINT('',(-47.6194512365844,-50.7370565572925,-31.8235219698695));
#2504=CARTESIAN_POINT('',(-48.0998977260719,-52.6784918950618,-31.8235219698695));
#2505=CARTESIAN_POINT('',(48.0998977260718,-92.6784918950618,-31.8235219698695));
#2506=CARTESIAN_POINT('',(48.0998977260718,-52.6784918950618,-31.8235219698695));
#2507=CARTESIAN_POINT('',(-48.0998977260719,-52.6784918950618,-31.8235219698695));
#2508=CARTESIAN_POINT('',(-48.0998977260719,-92.6784918950618,-31.8235219698695));
#2509=CARTESIAN_POINT('',(-48.0998977260719,-92.6784918950618,-31.8235219698695));
#2510=CARTESIAN_POINT('',(-2.8421709430404E-14,-104.581760861902,-31.8235219698695));
#2511=CARTESIAN_POINT('',(0.,-104.581760861902,-30.5306986587158));
#2512=CARTESIAN_POINT('',(-2.8421709430404E-14,-104.581760861902,-31.8235219698695));
#2513=CARTESIAN_POINT('',(-48.0998977260719,-92.6784918950618,-30.5306986587158));
#2514=CARTESIAN_POINT('',(0.,-104.581760861902,-30.5306986587158));
#2515=CARTESIAN_POINT('',(-48.0998977260719,-92.6784918950618,-31.8235219698695));
#2516=CARTESIAN_POINT('',(-48.0998977260719,-92.6784918950618,-30.5306986587158));
#2517=CARTESIAN_POINT('',(-2.8421709430404E-14,-104.581760861902,-31.8235219698695));
#2518=CARTESIAN_POINT('',(48.0998977260718,-92.6784918950618,-31.8235219698695));
#2519=CARTESIAN_POINT('',(48.0998977260718,-92.6784918950618,-31.8235219698695));
#2520=CARTESIAN_POINT('',(48.0998977260718,-92.6784918950618,-30.5306986587158));
#2521=CARTESIAN_POINT('',(48.0998977260718,-92.6784918950618,-30.5306986587158));
#2522=CARTESIAN_POINT('',(0.,-104.581760861902,-30.5306986587158));
#2523=CARTESIAN_POINT('',(48.0998977260718,-52.6784918950618,-1.32352196986955));
#2524=CARTESIAN_POINT('',(48.0998977260718,-52.905185815492,-1.26906482074006));
#2525=CARTESIAN_POINT('',(48.0998977260718,-52.905185815492,-1.26906482074006));
#2526=CARTESIAN_POINT('',(48.0998977260718,-60.8589993162485,-16.901441444225));
#2527=CARTESIAN_POINT('',(48.0998977260718,-60.8589993162485,-16.901441444225));
#2528=CARTESIAN_POINT('',(48.0998977260718,-72.6666415134786,-25.6742344705962));
#2529=CARTESIAN_POINT('',(48.0998977260718,-72.6666415134786,-25.6742344705962));
#2530=CARTESIAN_POINT('',(48.0998977260718,-92.6784918950618,-30.5306986587158));
#2531=CARTESIAN_POINT('',(-48.0998977260719,-52.905185815492,-1.26906482074006));
#2532=CARTESIAN_POINT('',(-48.0998977260719,-60.8589993162485,-16.901441444225));
#2533=CARTESIAN_POINT('',(-48.0998977260719,-52.6784918950618,-1.32352196986955));
#2534=CARTESIAN_POINT('',(-48.0998977260719,-52.905185815492,-1.26906482074006));
#2535=CARTESIAN_POINT('',(-48.0998977260719,-72.6666415134786,-25.6742344705962));
#2536=CARTESIAN_POINT('',(-48.0998977260719,-92.6784918950618,-30.5306986587158));
#2537=CARTESIAN_POINT('',(-48.0998977260719,-60.8589993162485,-16.901441444225));
#2538=CARTESIAN_POINT('',(-48.0998977260719,-72.6666415134786,-25.6742344705962));
#2539=CARTESIAN_POINT('',(2.8421709430404E-14,-84.5699104803191,-25.6742344705962));
#2540=CARTESIAN_POINT('',(48.0998977260718,-72.6666415134786,-25.6742344705962));
#2541=CARTESIAN_POINT('',(0.,-104.581760861902,-30.5306986587158));
#2542=CARTESIAN_POINT('',(2.8421709430404E-14,-84.5699104803191,-25.6742344705962));
#2543=CARTESIAN_POINT('',(2.8421709430404E-14,-84.5699104803191,-25.6742344705962));
#2544=CARTESIAN_POINT('',(-48.0998977260719,-72.6666415134786,-25.6742344705962));
#2545=CARTESIAN_POINT('',(2.8421709430404E-14,-84.5699104803191,-25.6742344705962));
#2546=CARTESIAN_POINT('',(2.8421709430404E-14,-72.762268283089,-16.9014414442249));
#2547=CARTESIAN_POINT('',(2.8421709430404E-14,-72.762268283089,-16.9014414442249));
#2548=CARTESIAN_POINT('',(-48.0998977260719,-60.8589993162485,-16.901441444225));
#2549=CARTESIAN_POINT('',(48.0998977260718,-60.8589993162485,-16.901441444225));
#2550=CARTESIAN_POINT('',(2.8421709430404E-14,-72.762268283089,-16.9014414442249));
#2551=CARTESIAN_POINT('',(-47.6145388916296,-52.7986035174336,-0.823521969869542));
#2552=CARTESIAN_POINT('',(-48.0998977260719,-52.905185815492,-1.26906482074006));
#2553=CARTESIAN_POINT('',(2.8421709430404E-14,-72.762268283089,-16.9014414442249));
#2554=CARTESIAN_POINT('',(-2.8421709430404E-14,-64.5817608619023,-0.823521969869539));
#2555=CARTESIAN_POINT('',(47.6194512365844,-50.7370565572925,-31.8235219698695));
#2556=CARTESIAN_POINT('',(45.8030398661418,-49.6413149210812,-31.8235219698695));
#2557=CARTESIAN_POINT('',(45.8030398661419,-49.6413149210812,-1.32352196986955));
#2558=CARTESIAN_POINT('',(47.6194512365844,-50.7370565572925,-1.32352196986953));
#2559=CARTESIAN_POINT('',(46.1633747332575,-51.0973914244081,0.176478030130454));
#2560=CARTESIAN_POINT('',(47.6194512365844,-50.7370565572925,-1.32352196986953));
#2561=CARTESIAN_POINT('',(46.6438212227448,-53.0388267621773,0.176478030130468));
#2562=CARTESIAN_POINT('',(46.1633747332575,-51.0973914244081,0.176478030130454));
#2563=CARTESIAN_POINT('',(46.6438212227448,-53.0388267621773,0.176478030130468));
#2564=CARTESIAN_POINT('',(47.6145388916295,-52.7986035174336,-0.823521969869546));
#2565=CARTESIAN_POINT('',(47.6145388916295,-52.7986035174336,-0.823521969869546));
#2566=CARTESIAN_POINT('',(48.0998977260718,-52.905185815492,-1.26906482074006));
#2567=CARTESIAN_POINT('',(45.8030398661419,-49.6413149210812,-1.32352196986955));
#2568=CARTESIAN_POINT('',(46.1633747332575,-51.0973914244081,0.176478030130454));
#2569=CARTESIAN_POINT('',(46.1633747332575,-51.0973914244081,0.176478030130454));
#2570=CARTESIAN_POINT('',(-2.8421709430404E-14,-62.5214295584677,0.176478030130454));
#2571=CARTESIAN_POINT('',(-45.8030398661419,-49.6413149210812,-31.8235219698695));
#2572=CARTESIAN_POINT('',(-47.6194512365844,-50.7370565572925,-31.8235219698695));
#2573=CARTESIAN_POINT('',(-47.6194512365845,-50.7370565572925,-1.32352196986955));
#2574=CARTESIAN_POINT('',(-45.8030398661419,-49.6413149210811,-1.32352196986954));
#2575=CARTESIAN_POINT('',(-2.8421709430404E-14,-62.5214295584677,0.176478030130454));
#2576=CARTESIAN_POINT('',(-2.8421709430404E-14,-60.9761810808919,-1.32352196986955));
#2577=CARTESIAN_POINT('',(-46.1633747332575,-51.0973914244081,0.176478030130468));
#2578=CARTESIAN_POINT('',(-45.8030398661419,-49.6413149210811,-1.32352196986954));
#2579=CARTESIAN_POINT('',(-2.8421709430404E-14,-62.5214295584677,0.176478030130454));
#2580=CARTESIAN_POINT('',(-46.1633747332575,-51.0973914244081,0.176478030130468));
#2581=CARTESIAN_POINT('',(-46.6438212227449,-53.0388267621774,0.176478030130454));
#2582=CARTESIAN_POINT('',(-47.6145388916296,-52.7986035174336,-0.823521969869542));
#2583=CARTESIAN_POINT('',(-46.1633747332575,-51.0973914244081,0.176478030130468));
#2584=CARTESIAN_POINT('',(-46.6438212227449,-53.0388267621774,0.176478030130454));
#2585=CARTESIAN_POINT('',(-47.6194512365845,-50.7370565572925,-1.32352196986955));
#2586=CARTESIAN_POINT('',(-46.1633747332575,-51.0973914244081,0.176478030130468));
#2587=CARTESIAN_POINT('',(0.,0.,0.));
ENDSEC;
END-ISO-10303-21;
