ISO-10303-21;
HEADER;
/* Generated by software containing ST-Developer
 * from STEP Tools, Inc. (www.steptools.com) 
 */
/* OPTION: using custom schema-name function */

FILE_DESCRIPTION(
/* description */ (''),
/* implementation_level */ '2;1');

FILE_NAME(
/* name */ 'BUMPER~2',
/* time_stamp */ '2025-10-10T11:46:22+02:00',
/* author */ (''),
/* organization */ (''),
/* preprocessor_version */ 'ST-DEVELOPER v15',
/* originating_system */ '',
/* authorisation */ '');

FILE_SCHEMA (('AUTOMOTIVE_DESIGN'));
ENDSEC;

DATA;
#10=SHAPE_REPRESENTATION_RELATIONSHIP('','',#1084,#22);
#11=COLOUR_RGB('',1.,0.,0.);
#12=FILL_AREA_STYLE_COLOUR('',#11);
#13=FILL_AREA_STYLE('',(#12));
#14=SURFACE_STYLE_FILL_AREA(#13);
#15=SURFACE_SIDE_STYLE('bumper',(#14));
#16=SURFACE_STYLE_USAGE(.BOTH.,#15);
#17=MECHANICAL_DESIGN_GEOMETRIC_PRESENTATION_REPRESENTATION('',(#19),#1083);
#18=PRESENTATION_STYLE_ASSIGNMENT((#16));
#19=STYLED_ITEM('',(#18),#21);
#20=PRESENTATION_LAYER_ASSIGNMENT('tops','',(#21));
#21=MANIFOLD_SOLID_BREP('bumper',#23);
#22=ADVANCED_BREP_SHAPE_REPRESENTATION('brep_rep_0',(#21,#1132),#1083);
#23=CLOSED_SHELL('',(#26,#27,#28,#29,#30,#31,#32,#33,#34,#35,#36,#37,#38,
#39,#40,#41,#42,#43,#44,#45,#46,#47,#48,#49,#50,#51,#52,#53,#54,#55,#56,
#57,#58,#59,#60,#61,#62,#63,#64,#65,#66,#67,#68,#69,#70,#71,#72,#73,#74,
#75,#76,#77,#78,#79,#80,#81,#82,#83,#84,#85,#86,#87,#88));
#24=FACE_BOUND('',#167,.T.);
#25=FACE_BOUND('',#169,.T.);
#26=ADVANCED_FACE('',(#89),#1020,.T.);
#27=ADVANCED_FACE('',(#90),#1021,.T.);
#28=ADVANCED_FACE('',(#91),#1022,.T.);
#29=ADVANCED_FACE('',(#92),#1023,.T.);
#30=ADVANCED_FACE('',(#93),#1024,.T.);
#31=ADVANCED_FACE('',(#94),#1025,.T.);
#32=ADVANCED_FACE('',(#95),#1026,.T.);
#33=ADVANCED_FACE('',(#96),#1027,.T.);
#34=ADVANCED_FACE('',(#97),#1028,.T.);
#35=ADVANCED_FACE('',(#98),#1029,.T.);
#36=ADVANCED_FACE('',(#99),#1030,.T.);
#37=ADVANCED_FACE('',(#100),#1031,.T.);
#38=ADVANCED_FACE('',(#101),#1032,.T.);
#39=ADVANCED_FACE('',(#102),#1003,.T.);
#40=ADVANCED_FACE('',(#103,#24),#1033,.T.);
#41=ADVANCED_FACE('',(#104,#25),#1034,.T.);
#42=ADVANCED_FACE('',(#105),#1035,.T.);
#43=ADVANCED_FACE('',(#106),#1036,.T.);
#44=ADVANCED_FACE('',(#107),#1037,.T.);
#45=ADVANCED_FACE('',(#108),#1038,.T.);
#46=ADVANCED_FACE('',(#109),#1039,.T.);
#47=ADVANCED_FACE('',(#110),#1040,.T.);
#48=ADVANCED_FACE('',(#111),#1041,.T.);
#49=ADVANCED_FACE('',(#112),#1042,.T.);
#50=ADVANCED_FACE('',(#113),#1043,.T.);
#51=ADVANCED_FACE('',(#114),#1044,.T.);
#52=ADVANCED_FACE('',(#115),#1045,.T.);
#53=ADVANCED_FACE('',(#116),#1004,.T.);
#54=ADVANCED_FACE('',(#117),#1046,.T.);
#55=ADVANCED_FACE('',(#118),#1047,.T.);
#56=ADVANCED_FACE('',(#119),#1048,.T.);
#57=ADVANCED_FACE('',(#120),#1049,.T.);
#58=ADVANCED_FACE('',(#121),#1050,.T.);
#59=ADVANCED_FACE('',(#122),#1051,.T.);
#60=ADVANCED_FACE('',(#123),#1052,.T.);
#61=ADVANCED_FACE('',(#124),#1053,.T.);
#62=ADVANCED_FACE('',(#125),#1054,.T.);
#63=ADVANCED_FACE('',(#126),#1055,.T.);
#64=ADVANCED_FACE('',(#127),#1056,.T.);
#65=ADVANCED_FACE('',(#128),#1057,.T.);
#66=ADVANCED_FACE('',(#129),#1058,.T.);
#67=ADVANCED_FACE('',(#130),#1059,.T.);
#68=ADVANCED_FACE('',(#131),#1060,.T.);
#69=ADVANCED_FACE('',(#132),#1005,.T.);
#70=ADVANCED_FACE('',(#133),#1006,.T.);
#71=ADVANCED_FACE('',(#134),#1007,.T.);
#72=ADVANCED_FACE('',(#135),#1008,.T.);
#73=ADVANCED_FACE('',(#136),#1009,.T.);
#74=ADVANCED_FACE('',(#137),#1010,.T.);
#75=ADVANCED_FACE('',(#138),#1011,.T.);
#76=ADVANCED_FACE('',(#139),#1012,.T.);
#77=ADVANCED_FACE('',(#140),#1061,.T.);
#78=ADVANCED_FACE('',(#141),#1062,.T.);
#79=ADVANCED_FACE('',(#142),#1063,.T.);
#80=ADVANCED_FACE('',(#143),#1064,.T.);
#81=ADVANCED_FACE('',(#144),#1065,.T.);
#82=ADVANCED_FACE('',(#145),#1013,.T.);
#83=ADVANCED_FACE('',(#146),#1014,.T.);
#84=ADVANCED_FACE('',(#147),#1015,.T.);
#85=ADVANCED_FACE('',(#148),#1016,.T.);
#86=ADVANCED_FACE('',(#149),#1017,.T.);
#87=ADVANCED_FACE('',(#150),#1018,.T.);
#88=ADVANCED_FACE('',(#151),#1019,.T.);
#89=FACE_OUTER_BOUND('',#152,.T.);
#90=FACE_OUTER_BOUND('',#153,.T.);
#91=FACE_OUTER_BOUND('',#154,.T.);
#92=FACE_OUTER_BOUND('',#155,.T.);
#93=FACE_OUTER_BOUND('',#156,.T.);
#94=FACE_OUTER_BOUND('',#157,.T.);
#95=FACE_OUTER_BOUND('',#158,.T.);
#96=FACE_OUTER_BOUND('',#159,.T.);
#97=FACE_OUTER_BOUND('',#160,.T.);
#98=FACE_OUTER_BOUND('',#161,.T.);
#99=FACE_OUTER_BOUND('',#162,.T.);
#100=FACE_OUTER_BOUND('',#163,.T.);
#101=FACE_OUTER_BOUND('',#164,.T.);
#102=FACE_OUTER_BOUND('',#165,.T.);
#103=FACE_OUTER_BOUND('',#166,.T.);
#104=FACE_OUTER_BOUND('',#168,.T.);
#105=FACE_OUTER_BOUND('',#170,.T.);
#106=FACE_OUTER_BOUND('',#171,.T.);
#107=FACE_OUTER_BOUND('',#172,.T.);
#108=FACE_OUTER_BOUND('',#173,.T.);
#109=FACE_OUTER_BOUND('',#174,.T.);
#110=FACE_OUTER_BOUND('',#175,.T.);
#111=FACE_OUTER_BOUND('',#176,.T.);
#112=FACE_OUTER_BOUND('',#177,.T.);
#113=FACE_OUTER_BOUND('',#178,.T.);
#114=FACE_OUTER_BOUND('',#179,.T.);
#115=FACE_OUTER_BOUND('',#180,.T.);
#116=FACE_OUTER_BOUND('',#181,.T.);
#117=FACE_OUTER_BOUND('',#182,.T.);
#118=FACE_OUTER_BOUND('',#183,.T.);
#119=FACE_OUTER_BOUND('',#184,.T.);
#120=FACE_OUTER_BOUND('',#185,.T.);
#121=FACE_OUTER_BOUND('',#186,.T.);
#122=FACE_OUTER_BOUND('',#187,.T.);
#123=FACE_OUTER_BOUND('',#188,.T.);
#124=FACE_OUTER_BOUND('',#189,.T.);
#125=FACE_OUTER_BOUND('',#190,.T.);
#126=FACE_OUTER_BOUND('',#191,.T.);
#127=FACE_OUTER_BOUND('',#192,.T.);
#128=FACE_OUTER_BOUND('',#193,.T.);
#129=FACE_OUTER_BOUND('',#194,.T.);
#130=FACE_OUTER_BOUND('',#195,.T.);
#131=FACE_OUTER_BOUND('',#196,.T.);
#132=FACE_OUTER_BOUND('',#197,.T.);
#133=FACE_OUTER_BOUND('',#198,.T.);
#134=FACE_OUTER_BOUND('',#199,.T.);
#135=FACE_OUTER_BOUND('',#200,.T.);
#136=FACE_OUTER_BOUND('',#201,.T.);
#137=FACE_OUTER_BOUND('',#202,.T.);
#138=FACE_OUTER_BOUND('',#203,.T.);
#139=FACE_OUTER_BOUND('',#204,.T.);
#140=FACE_OUTER_BOUND('',#205,.T.);
#141=FACE_OUTER_BOUND('',#206,.T.);
#142=FACE_OUTER_BOUND('',#207,.T.);
#143=FACE_OUTER_BOUND('',#208,.T.);
#144=FACE_OUTER_BOUND('',#209,.T.);
#145=FACE_OUTER_BOUND('',#210,.T.);
#146=FACE_OUTER_BOUND('',#211,.T.);
#147=FACE_OUTER_BOUND('',#212,.T.);
#148=FACE_OUTER_BOUND('',#213,.T.);
#149=FACE_OUTER_BOUND('',#214,.T.);
#150=FACE_OUTER_BOUND('',#215,.T.);
#151=FACE_OUTER_BOUND('',#216,.T.);
#152=EDGE_LOOP('',(#217,#218,#219,#220));
#153=EDGE_LOOP('',(#221,#222,#223,#224));
#154=EDGE_LOOP('',(#225,#226,#227,#228,#229));
#155=EDGE_LOOP('',(#230,#231,#232,#233,#234));
#156=EDGE_LOOP('',(#235,#236,#237,#238,#239,#240));
#157=EDGE_LOOP('',(#241,#242,#243,#244,#245));
#158=EDGE_LOOP('',(#246,#247,#248,#249,#250,#251));
#159=EDGE_LOOP('',(#252,#253,#254,#255,#256));
#160=EDGE_LOOP('',(#257,#258,#259,#260,#261,#262,#263,#264,#265));
#161=EDGE_LOOP('',(#266,#267,#268,#269));
#162=EDGE_LOOP('',(#270,#271,#272));
#163=EDGE_LOOP('',(#273,#274,#275));
#164=EDGE_LOOP('',(#276,#277,#278));
#165=EDGE_LOOP('',(#279,#280,#281,#282,#283));
#166=EDGE_LOOP('',(#284,#285,#286,#287,#288,#289));
#167=EDGE_LOOP('',(#290,#291));
#168=EDGE_LOOP('',(#292,#293,#294,#295,#296,#297));
#169=EDGE_LOOP('',(#298,#299));
#170=EDGE_LOOP('',(#300,#301,#302,#303));
#171=EDGE_LOOP('',(#304,#305,#306,#307,#308,#309));
#172=EDGE_LOOP('',(#310,#311,#312,#313,#314,#315));
#173=EDGE_LOOP('',(#316,#317,#318,#319,#320,#321,#322,#323,#324,#325,#326,
#327,#328,#329,#330,#331,#332,#333,#334,#335,#336,#337,#338,#339,#340,#341,
#342,#343));
#174=EDGE_LOOP('',(#344,#345,#346,#347,#348));
#175=EDGE_LOOP('',(#349,#350,#351,#352,#353,#354,#355,#356,#357));
#176=EDGE_LOOP('',(#358,#359,#360,#361));
#177=EDGE_LOOP('',(#362,#363,#364,#365,#366,#367));
#178=EDGE_LOOP('',(#368,#369,#370,#371,#372));
#179=EDGE_LOOP('',(#373,#374,#375,#376,#377,#378));
#180=EDGE_LOOP('',(#379,#380,#381,#382,#383,#384));
#181=EDGE_LOOP('',(#385,#386,#387,#388,#389));
#182=EDGE_LOOP('',(#390,#391,#392));
#183=EDGE_LOOP('',(#393,#394,#395));
#184=EDGE_LOOP('',(#396,#397,#398));
#185=EDGE_LOOP('',(#399,#400,#401,#402));
#186=EDGE_LOOP('',(#403,#404,#405,#406));
#187=EDGE_LOOP('',(#407,#408,#409,#410));
#188=EDGE_LOOP('',(#411,#412,#413,#414));
#189=EDGE_LOOP('',(#415,#416,#417,#418));
#190=EDGE_LOOP('',(#419,#420,#421,#422));
#191=EDGE_LOOP('',(#423,#424,#425,#426));
#192=EDGE_LOOP('',(#427,#428,#429,#430,#431,#432,#433,#434,#435,#436,#437,
#438,#439,#440,#441,#442,#443,#444,#445,#446,#447,#448,#449,#450,#451,#452,
#453,#454));
#193=EDGE_LOOP('',(#455,#456,#457,#458));
#194=EDGE_LOOP('',(#459,#460,#461,#462));
#195=EDGE_LOOP('',(#463,#464,#465,#466,#467));
#196=EDGE_LOOP('',(#468,#469,#470,#471,#472));
#197=EDGE_LOOP('',(#473,#474,#475,#476));
#198=EDGE_LOOP('',(#477,#478,#479,#480));
#199=EDGE_LOOP('',(#481,#482,#483,#484));
#200=EDGE_LOOP('',(#485,#486,#487,#488));
#201=EDGE_LOOP('',(#489,#490,#491,#492));
#202=EDGE_LOOP('',(#493,#494,#495,#496));
#203=EDGE_LOOP('',(#497,#498,#499,#500));
#204=EDGE_LOOP('',(#501,#502,#503,#504));
#205=EDGE_LOOP('',(#505,#506,#507,#508));
#206=EDGE_LOOP('',(#509,#510,#511,#512));
#207=EDGE_LOOP('',(#513,#514,#515,#516));
#208=EDGE_LOOP('',(#517,#518,#519,#520));
#209=EDGE_LOOP('',(#521,#522,#523,#524));
#210=EDGE_LOOP('',(#525,#526,#527,#528));
#211=EDGE_LOOP('',(#529,#530,#531,#532));
#212=EDGE_LOOP('',(#533,#534,#535,#536));
#213=EDGE_LOOP('',(#537,#538,#539,#540));
#214=EDGE_LOOP('',(#541,#542,#543,#544));
#215=EDGE_LOOP('',(#545,#546,#547,#548,#549));
#216=EDGE_LOOP('',(#550,#551,#552,#553,#554));
#217=ORIENTED_EDGE('',*,*,#555,.T.);
#218=ORIENTED_EDGE('',*,*,#556,.T.);
#219=ORIENTED_EDGE('',*,*,#557,.T.);
#220=ORIENTED_EDGE('',*,*,#558,.T.);
#221=ORIENTED_EDGE('',*,*,#560,.F.);
#222=ORIENTED_EDGE('',*,*,#561,.F.);
#223=ORIENTED_EDGE('',*,*,#562,.F.);
#224=ORIENTED_EDGE('',*,*,#559,.F.);
#225=ORIENTED_EDGE('',*,*,#563,.T.);
#226=ORIENTED_EDGE('',*,*,#564,.T.);
#227=ORIENTED_EDGE('',*,*,#559,.T.);
#228=ORIENTED_EDGE('',*,*,#565,.T.);
#229=ORIENTED_EDGE('',*,*,#566,.T.);
#230=ORIENTED_EDGE('',*,*,#567,.T.);
#231=ORIENTED_EDGE('',*,*,#568,.T.);
#232=ORIENTED_EDGE('',*,*,#569,.T.);
#233=ORIENTED_EDGE('',*,*,#570,.T.);
#234=ORIENTED_EDGE('',*,*,#557,.F.);
#235=ORIENTED_EDGE('',*,*,#653,.F.);
#236=ORIENTED_EDGE('',*,*,#572,.F.);
#237=ORIENTED_EDGE('',*,*,#558,.F.);
#238=ORIENTED_EDGE('',*,*,#570,.F.);
#239=ORIENTED_EDGE('',*,*,#573,.F.);
#240=ORIENTED_EDGE('',*,*,#571,.F.);
#241=ORIENTED_EDGE('',*,*,#569,.F.);
#242=ORIENTED_EDGE('',*,*,#574,.F.);
#243=ORIENTED_EDGE('',*,*,#575,.F.);
#244=ORIENTED_EDGE('',*,*,#576,.F.);
#245=ORIENTED_EDGE('',*,*,#573,.T.);
#246=ORIENTED_EDGE('',*,*,#577,.T.);
#247=ORIENTED_EDGE('',*,*,#655,.T.);
#248=ORIENTED_EDGE('',*,*,#578,.T.);
#249=ORIENTED_EDGE('',*,*,#579,.T.);
#250=ORIENTED_EDGE('',*,*,#565,.F.);
#251=ORIENTED_EDGE('',*,*,#562,.T.);
#252=ORIENTED_EDGE('',*,*,#580,.T.);
#253=ORIENTED_EDGE('',*,*,#566,.F.);
#254=ORIENTED_EDGE('',*,*,#579,.F.);
#255=ORIENTED_EDGE('',*,*,#581,.T.);
#256=ORIENTED_EDGE('',*,*,#582,.T.);
#257=ORIENTED_EDGE('',*,*,#583,.T.);
#258=ORIENTED_EDGE('',*,*,#584,.T.);
#259=ORIENTED_EDGE('',*,*,#585,.T.);
#260=ORIENTED_EDGE('',*,*,#586,.T.);
#261=ORIENTED_EDGE('',*,*,#587,.T.);
#262=ORIENTED_EDGE('',*,*,#652,.T.);
#263=ORIENTED_EDGE('',*,*,#588,.T.);
#264=ORIENTED_EDGE('',*,*,#589,.T.);
#265=ORIENTED_EDGE('',*,*,#590,.T.);
#266=ORIENTED_EDGE('',*,*,#583,.F.);
#267=ORIENTED_EDGE('',*,*,#592,.F.);
#268=ORIENTED_EDGE('',*,*,#593,.F.);
#269=ORIENTED_EDGE('',*,*,#591,.F.);
#270=ORIENTED_EDGE('',*,*,#631,.T.);
#271=ORIENTED_EDGE('',*,*,#594,.T.);
#272=ORIENTED_EDGE('',*,*,#587,.F.);
#273=ORIENTED_EDGE('',*,*,#597,.F.);
#274=ORIENTED_EDGE('',*,*,#596,.F.);
#275=ORIENTED_EDGE('',*,*,#595,.F.);
#276=ORIENTED_EDGE('',*,*,#721,.F.);
#277=ORIENTED_EDGE('',*,*,#598,.F.);
#278=ORIENTED_EDGE('',*,*,#595,.T.);
#279=ORIENTED_EDGE('',*,*,#720,.T.);
#280=ORIENTED_EDGE('',*,*,#599,.T.);
#281=ORIENTED_EDGE('',*,*,#601,.F.);
#282=ORIENTED_EDGE('',*,*,#597,.T.);
#283=ORIENTED_EDGE('',*,*,#598,.T.);
#284=ORIENTED_EDGE('',*,*,#656,.F.);
#285=ORIENTED_EDGE('',*,*,#603,.F.);
#286=ORIENTED_EDGE('',*,*,#604,.F.);
#287=ORIENTED_EDGE('',*,*,#605,.F.);
#288=ORIENTED_EDGE('',*,*,#606,.F.);
#289=ORIENTED_EDGE('',*,*,#602,.F.);
#290=ORIENTED_EDGE('',*,*,#646,.F.);
#291=ORIENTED_EDGE('',*,*,#645,.F.);
#292=ORIENTED_EDGE('',*,*,#607,.F.);
#293=ORIENTED_EDGE('',*,*,#654,.F.);
#294=ORIENTED_EDGE('',*,*,#608,.F.);
#295=ORIENTED_EDGE('',*,*,#609,.F.);
#296=ORIENTED_EDGE('',*,*,#610,.F.);
#297=ORIENTED_EDGE('',*,*,#593,.T.);
#298=ORIENTED_EDGE('',*,*,#599,.F.);
#299=ORIENTED_EDGE('',*,*,#600,.F.);
#300=ORIENTED_EDGE('',*,*,#629,.T.);
#301=ORIENTED_EDGE('',*,*,#604,.T.);
#302=ORIENTED_EDGE('',*,*,#611,.F.);
#303=ORIENTED_EDGE('',*,*,#589,.F.);
#304=ORIENTED_EDGE('',*,*,#578,.F.);
#305=ORIENTED_EDGE('',*,*,#612,.T.);
#306=ORIENTED_EDGE('',*,*,#602,.T.);
#307=ORIENTED_EDGE('',*,*,#626,.T.);
#308=ORIENTED_EDGE('',*,*,#613,.T.);
#309=ORIENTED_EDGE('',*,*,#581,.F.);
#310=ORIENTED_EDGE('',*,*,#614,.F.);
#311=ORIENTED_EDGE('',*,*,#571,.T.);
#312=ORIENTED_EDGE('',*,*,#576,.T.);
#313=ORIENTED_EDGE('',*,*,#615,.F.);
#314=ORIENTED_EDGE('',*,*,#638,.F.);
#315=ORIENTED_EDGE('',*,*,#608,.T.);
#316=ORIENTED_EDGE('',*,*,#683,.T.);
#317=ORIENTED_EDGE('',*,*,#687,.T.);
#318=ORIENTED_EDGE('',*,*,#616,.T.);
#319=ORIENTED_EDGE('',*,*,#704,.T.);
#320=ORIENTED_EDGE('',*,*,#617,.T.);
#321=ORIENTED_EDGE('',*,*,#686,.T.);
#322=ORIENTED_EDGE('',*,*,#677,.T.);
#323=ORIENTED_EDGE('',*,*,#689,.T.);
#324=ORIENTED_EDGE('',*,*,#618,.T.);
#325=ORIENTED_EDGE('',*,*,#694,.T.);
#326=ORIENTED_EDGE('',*,*,#675,.T.);
#327=ORIENTED_EDGE('',*,*,#698,.T.);
#328=ORIENTED_EDGE('',*,*,#619,.T.);
#329=ORIENTED_EDGE('',*,*,#701,.T.);
#330=ORIENTED_EDGE('',*,*,#620,.T.);
#331=ORIENTED_EDGE('',*,*,#697,.T.);
#332=ORIENTED_EDGE('',*,*,#680,.T.);
#333=ORIENTED_EDGE('',*,*,#555,.F.);
#334=ORIENTED_EDGE('',*,*,#572,.T.);
#335=ORIENTED_EDGE('',*,*,#621,.T.);
#336=ORIENTED_EDGE('',*,*,#607,.T.);
#337=ORIENTED_EDGE('',*,*,#592,.T.);
#338=ORIENTED_EDGE('',*,*,#590,.F.);
#339=ORIENTED_EDGE('',*,*,#611,.T.);
#340=ORIENTED_EDGE('',*,*,#603,.T.);
#341=ORIENTED_EDGE('',*,*,#622,.T.);
#342=ORIENTED_EDGE('',*,*,#577,.F.);
#343=ORIENTED_EDGE('',*,*,#561,.T.);
#344=ORIENTED_EDGE('',*,*,#624,.F.);
#345=ORIENTED_EDGE('',*,*,#625,.F.);
#346=ORIENTED_EDGE('',*,*,#626,.F.);
#347=ORIENTED_EDGE('',*,*,#606,.T.);
#348=ORIENTED_EDGE('',*,*,#623,.F.);
#349=ORIENTED_EDGE('',*,*,#628,.F.);
#350=ORIENTED_EDGE('',*,*,#623,.T.);
#351=ORIENTED_EDGE('',*,*,#605,.T.);
#352=ORIENTED_EDGE('',*,*,#629,.F.);
#353=ORIENTED_EDGE('',*,*,#588,.F.);
#354=ORIENTED_EDGE('',*,*,#630,.F.);
#355=ORIENTED_EDGE('',*,*,#631,.F.);
#356=ORIENTED_EDGE('',*,*,#586,.F.);
#357=ORIENTED_EDGE('',*,*,#627,.F.);
#358=ORIENTED_EDGE('',*,*,#633,.F.);
#359=ORIENTED_EDGE('',*,*,#627,.T.);
#360=ORIENTED_EDGE('',*,*,#585,.F.);
#361=ORIENTED_EDGE('',*,*,#632,.F.);
#362=ORIENTED_EDGE('',*,*,#634,.T.);
#363=ORIENTED_EDGE('',*,*,#635,.T.);
#364=ORIENTED_EDGE('',*,*,#632,.T.);
#365=ORIENTED_EDGE('',*,*,#584,.F.);
#366=ORIENTED_EDGE('',*,*,#591,.T.);
#367=ORIENTED_EDGE('',*,*,#610,.T.);
#368=ORIENTED_EDGE('',*,*,#636,.T.);
#369=ORIENTED_EDGE('',*,*,#637,.T.);
#370=ORIENTED_EDGE('',*,*,#634,.F.);
#371=ORIENTED_EDGE('',*,*,#609,.T.);
#372=ORIENTED_EDGE('',*,*,#638,.T.);
#373=ORIENTED_EDGE('',*,*,#640,.F.);
#374=ORIENTED_EDGE('',*,*,#636,.F.);
#375=ORIENTED_EDGE('',*,*,#615,.T.);
#376=ORIENTED_EDGE('',*,*,#575,.T.);
#377=ORIENTED_EDGE('',*,*,#641,.F.);
#378=ORIENTED_EDGE('',*,*,#639,.F.);
#379=ORIENTED_EDGE('',*,*,#625,.T.);
#380=ORIENTED_EDGE('',*,*,#642,.T.);
#381=ORIENTED_EDGE('',*,*,#643,.T.);
#382=ORIENTED_EDGE('',*,*,#644,.T.);
#383=ORIENTED_EDGE('',*,*,#582,.F.);
#384=ORIENTED_EDGE('',*,*,#613,.F.);
#385=ORIENTED_EDGE('',*,*,#722,.T.);
#386=ORIENTED_EDGE('',*,*,#646,.T.);
#387=ORIENTED_EDGE('',*,*,#647,.F.);
#388=ORIENTED_EDGE('',*,*,#650,.T.);
#389=ORIENTED_EDGE('',*,*,#649,.T.);
#390=ORIENTED_EDGE('',*,*,#723,.F.);
#391=ORIENTED_EDGE('',*,*,#649,.F.);
#392=ORIENTED_EDGE('',*,*,#648,.F.);
#393=ORIENTED_EDGE('',*,*,#650,.F.);
#394=ORIENTED_EDGE('',*,*,#651,.F.);
#395=ORIENTED_EDGE('',*,*,#648,.T.);
#396=ORIENTED_EDGE('',*,*,#594,.F.);
#397=ORIENTED_EDGE('',*,*,#630,.T.);
#398=ORIENTED_EDGE('',*,*,#652,.F.);
#399=ORIENTED_EDGE('',*,*,#653,.T.);
#400=ORIENTED_EDGE('',*,*,#614,.T.);
#401=ORIENTED_EDGE('',*,*,#654,.T.);
#402=ORIENTED_EDGE('',*,*,#621,.F.);
#403=ORIENTED_EDGE('',*,*,#622,.F.);
#404=ORIENTED_EDGE('',*,*,#656,.T.);
#405=ORIENTED_EDGE('',*,*,#612,.F.);
#406=ORIENTED_EDGE('',*,*,#655,.F.);
#407=ORIENTED_EDGE('',*,*,#657,.F.);
#408=ORIENTED_EDGE('',*,*,#658,.F.);
#409=ORIENTED_EDGE('',*,*,#659,.F.);
#410=ORIENTED_EDGE('',*,*,#616,.F.);
#411=ORIENTED_EDGE('',*,*,#661,.F.);
#412=ORIENTED_EDGE('',*,*,#617,.F.);
#413=ORIENTED_EDGE('',*,*,#662,.F.);
#414=ORIENTED_EDGE('',*,*,#660,.F.);
#415=ORIENTED_EDGE('',*,*,#663,.F.);
#416=ORIENTED_EDGE('',*,*,#664,.F.);
#417=ORIENTED_EDGE('',*,*,#665,.F.);
#418=ORIENTED_EDGE('',*,*,#618,.F.);
#419=ORIENTED_EDGE('',*,*,#666,.F.);
#420=ORIENTED_EDGE('',*,*,#667,.F.);
#421=ORIENTED_EDGE('',*,*,#668,.F.);
#422=ORIENTED_EDGE('',*,*,#619,.F.);
#423=ORIENTED_EDGE('',*,*,#670,.F.);
#424=ORIENTED_EDGE('',*,*,#620,.F.);
#425=ORIENTED_EDGE('',*,*,#671,.F.);
#426=ORIENTED_EDGE('',*,*,#669,.F.);
#427=ORIENTED_EDGE('',*,*,#714,.T.);
#428=ORIENTED_EDGE('',*,*,#672,.T.);
#429=ORIENTED_EDGE('',*,*,#641,.T.);
#430=ORIENTED_EDGE('',*,*,#574,.T.);
#431=ORIENTED_EDGE('',*,*,#568,.F.);
#432=ORIENTED_EDGE('',*,*,#679,.T.);
#433=ORIENTED_EDGE('',*,*,#695,.T.);
#434=ORIENTED_EDGE('',*,*,#669,.T.);
#435=ORIENTED_EDGE('',*,*,#702,.T.);
#436=ORIENTED_EDGE('',*,*,#667,.T.);
#437=ORIENTED_EDGE('',*,*,#700,.T.);
#438=ORIENTED_EDGE('',*,*,#676,.T.);
#439=ORIENTED_EDGE('',*,*,#692,.T.);
#440=ORIENTED_EDGE('',*,*,#664,.T.);
#441=ORIENTED_EDGE('',*,*,#691,.T.);
#442=ORIENTED_EDGE('',*,*,#678,.T.);
#443=ORIENTED_EDGE('',*,*,#684,.T.);
#444=ORIENTED_EDGE('',*,*,#660,.T.);
#445=ORIENTED_EDGE('',*,*,#703,.T.);
#446=ORIENTED_EDGE('',*,*,#658,.T.);
#447=ORIENTED_EDGE('',*,*,#688,.T.);
#448=ORIENTED_EDGE('',*,*,#681,.T.);
#449=ORIENTED_EDGE('',*,*,#563,.F.);
#450=ORIENTED_EDGE('',*,*,#580,.F.);
#451=ORIENTED_EDGE('',*,*,#644,.F.);
#452=ORIENTED_EDGE('',*,*,#673,.T.);
#453=ORIENTED_EDGE('',*,*,#709,.T.);
#454=ORIENTED_EDGE('',*,*,#674,.T.);
#455=ORIENTED_EDGE('',*,*,#675,.F.);
#456=ORIENTED_EDGE('',*,*,#693,.T.);
#457=ORIENTED_EDGE('',*,*,#676,.F.);
#458=ORIENTED_EDGE('',*,*,#699,.T.);
#459=ORIENTED_EDGE('',*,*,#677,.F.);
#460=ORIENTED_EDGE('',*,*,#685,.T.);
#461=ORIENTED_EDGE('',*,*,#678,.F.);
#462=ORIENTED_EDGE('',*,*,#690,.T.);
#463=ORIENTED_EDGE('',*,*,#567,.F.);
#464=ORIENTED_EDGE('',*,*,#556,.F.);
#465=ORIENTED_EDGE('',*,*,#680,.F.);
#466=ORIENTED_EDGE('',*,*,#696,.F.);
#467=ORIENTED_EDGE('',*,*,#679,.F.);
#468=ORIENTED_EDGE('',*,*,#682,.F.);
#469=ORIENTED_EDGE('',*,*,#683,.F.);
#470=ORIENTED_EDGE('',*,*,#560,.T.);
#471=ORIENTED_EDGE('',*,*,#564,.F.);
#472=ORIENTED_EDGE('',*,*,#681,.F.);
#473=ORIENTED_EDGE('',*,*,#685,.F.);
#474=ORIENTED_EDGE('',*,*,#686,.F.);
#475=ORIENTED_EDGE('',*,*,#661,.T.);
#476=ORIENTED_EDGE('',*,*,#684,.F.);
#477=ORIENTED_EDGE('',*,*,#687,.F.);
#478=ORIENTED_EDGE('',*,*,#682,.T.);
#479=ORIENTED_EDGE('',*,*,#688,.F.);
#480=ORIENTED_EDGE('',*,*,#657,.T.);
#481=ORIENTED_EDGE('',*,*,#690,.F.);
#482=ORIENTED_EDGE('',*,*,#691,.F.);
#483=ORIENTED_EDGE('',*,*,#663,.T.);
#484=ORIENTED_EDGE('',*,*,#689,.F.);
#485=ORIENTED_EDGE('',*,*,#693,.F.);
#486=ORIENTED_EDGE('',*,*,#694,.F.);
#487=ORIENTED_EDGE('',*,*,#665,.T.);
#488=ORIENTED_EDGE('',*,*,#692,.F.);
#489=ORIENTED_EDGE('',*,*,#695,.F.);
#490=ORIENTED_EDGE('',*,*,#696,.T.);
#491=ORIENTED_EDGE('',*,*,#697,.F.);
#492=ORIENTED_EDGE('',*,*,#670,.T.);
#493=ORIENTED_EDGE('',*,*,#699,.F.);
#494=ORIENTED_EDGE('',*,*,#700,.F.);
#495=ORIENTED_EDGE('',*,*,#666,.T.);
#496=ORIENTED_EDGE('',*,*,#698,.F.);
#497=ORIENTED_EDGE('',*,*,#671,.T.);
#498=ORIENTED_EDGE('',*,*,#701,.F.);
#499=ORIENTED_EDGE('',*,*,#668,.T.);
#500=ORIENTED_EDGE('',*,*,#702,.F.);
#501=ORIENTED_EDGE('',*,*,#703,.F.);
#502=ORIENTED_EDGE('',*,*,#662,.T.);
#503=ORIENTED_EDGE('',*,*,#704,.F.);
#504=ORIENTED_EDGE('',*,*,#659,.T.);
#505=ORIENTED_EDGE('',*,*,#643,.F.);
#506=ORIENTED_EDGE('',*,*,#705,.T.);
#507=ORIENTED_EDGE('',*,*,#706,.T.);
#508=ORIENTED_EDGE('',*,*,#673,.F.);
#509=ORIENTED_EDGE('',*,*,#706,.F.);
#510=ORIENTED_EDGE('',*,*,#707,.T.);
#511=ORIENTED_EDGE('',*,*,#708,.T.);
#512=ORIENTED_EDGE('',*,*,#709,.F.);
#513=ORIENTED_EDGE('',*,*,#708,.F.);
#514=ORIENTED_EDGE('',*,*,#710,.T.);
#515=ORIENTED_EDGE('',*,*,#711,.T.);
#516=ORIENTED_EDGE('',*,*,#674,.F.);
#517=ORIENTED_EDGE('',*,*,#712,.F.);
#518=ORIENTED_EDGE('',*,*,#713,.F.);
#519=ORIENTED_EDGE('',*,*,#714,.F.);
#520=ORIENTED_EDGE('',*,*,#711,.F.);
#521=ORIENTED_EDGE('',*,*,#715,.F.);
#522=ORIENTED_EDGE('',*,*,#639,.T.);
#523=ORIENTED_EDGE('',*,*,#672,.F.);
#524=ORIENTED_EDGE('',*,*,#713,.T.);
#525=ORIENTED_EDGE('',*,*,#642,.F.);
#526=ORIENTED_EDGE('',*,*,#624,.T.);
#527=ORIENTED_EDGE('',*,*,#716,.T.);
#528=ORIENTED_EDGE('',*,*,#705,.F.);
#529=ORIENTED_EDGE('',*,*,#716,.F.);
#530=ORIENTED_EDGE('',*,*,#628,.T.);
#531=ORIENTED_EDGE('',*,*,#717,.F.);
#532=ORIENTED_EDGE('',*,*,#707,.F.);
#533=ORIENTED_EDGE('',*,*,#717,.T.);
#534=ORIENTED_EDGE('',*,*,#633,.T.);
#535=ORIENTED_EDGE('',*,*,#718,.T.);
#536=ORIENTED_EDGE('',*,*,#710,.F.);
#537=ORIENTED_EDGE('',*,*,#718,.F.);
#538=ORIENTED_EDGE('',*,*,#635,.F.);
#539=ORIENTED_EDGE('',*,*,#719,.F.);
#540=ORIENTED_EDGE('',*,*,#712,.T.);
#541=ORIENTED_EDGE('',*,*,#640,.T.);
#542=ORIENTED_EDGE('',*,*,#715,.T.);
#543=ORIENTED_EDGE('',*,*,#719,.T.);
#544=ORIENTED_EDGE('',*,*,#637,.F.);
#545=ORIENTED_EDGE('',*,*,#721,.T.);
#546=ORIENTED_EDGE('',*,*,#596,.T.);
#547=ORIENTED_EDGE('',*,*,#601,.T.);
#548=ORIENTED_EDGE('',*,*,#600,.T.);
#549=ORIENTED_EDGE('',*,*,#720,.F.);
#550=ORIENTED_EDGE('',*,*,#723,.T.);
#551=ORIENTED_EDGE('',*,*,#651,.T.);
#552=ORIENTED_EDGE('',*,*,#647,.T.);
#553=ORIENTED_EDGE('',*,*,#645,.T.);
#554=ORIENTED_EDGE('',*,*,#722,.F.);
#555=EDGE_CURVE('',#893,#894,#754,.T.);
#556=EDGE_CURVE('',#894,#895,#755,.T.);
#557=EDGE_CURVE('',#895,#896,#756,.T.);
#558=EDGE_CURVE('',#896,#893,#757,.T.);
#559=EDGE_CURVE('',#897,#898,#758,.T.);
#560=EDGE_CURVE('',#899,#897,#759,.T.);
#561=EDGE_CURVE('',#900,#899,#760,.T.);
#562=EDGE_CURVE('',#898,#900,#761,.T.);
#563=EDGE_CURVE('',#901,#902,#762,.T.);
#564=EDGE_CURVE('',#902,#897,#763,.T.);
#565=EDGE_CURVE('',#898,#903,#764,.T.);
#566=EDGE_CURVE('',#903,#901,#765,.T.);
#567=EDGE_CURVE('',#895,#904,#766,.T.);
#568=EDGE_CURVE('',#904,#905,#767,.T.);
#569=EDGE_CURVE('',#905,#906,#768,.T.);
#570=EDGE_CURVE('',#906,#896,#769,.T.);
#571=EDGE_CURVE('',#907,#908,#770,.T.);
#572=EDGE_CURVE('',#893,#909,#771,.T.);
#573=EDGE_CURVE('',#908,#906,#772,.T.);
#574=EDGE_CURVE('',#910,#905,#773,.T.);
#575=EDGE_CURVE('',#911,#910,#774,.T.);
#576=EDGE_CURVE('',#908,#911,#775,.T.);
#577=EDGE_CURVE('',#900,#912,#776,.T.);
#578=EDGE_CURVE('',#913,#914,#777,.T.);
#579=EDGE_CURVE('',#914,#903,#778,.T.);
#580=EDGE_CURVE('',#915,#901,#779,.T.);
#581=EDGE_CURVE('',#914,#916,#780,.T.);
#582=EDGE_CURVE('',#916,#915,#781,.T.);
#583=EDGE_CURVE('',#917,#918,#782,.T.);
#584=EDGE_CURVE('',#918,#919,#783,.T.);
#585=EDGE_CURVE('',#919,#920,#784,.T.);
#586=EDGE_CURVE('',#920,#921,#785,.T.);
#587=EDGE_CURVE('',#921,#922,#786,.T.);
#588=EDGE_CURVE('',#923,#924,#787,.T.);
#589=EDGE_CURVE('',#924,#925,#788,.T.);
#590=EDGE_CURVE('',#925,#917,#789,.T.);
#591=EDGE_CURVE('',#918,#926,#790,.T.);
#592=EDGE_CURVE('',#927,#917,#791,.T.);
#593=EDGE_CURVE('',#926,#927,#792,.T.);
#594=EDGE_CURVE('',#928,#922,#793,.T.);
#595=EDGE_CURVE('',#929,#930,#794,.T.);
#596=EDGE_CURVE('',#930,#931,#724,.T.);
#597=EDGE_CURVE('',#931,#929,#725,.T.);
#598=EDGE_CURVE('',#929,#1001,#726,.T.);
#599=EDGE_CURVE('',#932,#933,#727,.T.);
#600=EDGE_CURVE('',#933,#932,#728,.T.);
#601=EDGE_CURVE('',#931,#933,#795,.T.);
#602=EDGE_CURVE('',#934,#935,#796,.T.);
#603=EDGE_CURVE('',#937,#936,#797,.T.);
#604=EDGE_CURVE('',#938,#937,#798,.T.);
#605=EDGE_CURVE('',#939,#938,#799,.T.);
#606=EDGE_CURVE('',#935,#939,#800,.T.);
#607=EDGE_CURVE('',#942,#927,#801,.T.);
#608=EDGE_CURVE('',#944,#943,#802,.T.);
#609=EDGE_CURVE('',#945,#944,#803,.T.);
#610=EDGE_CURVE('',#926,#945,#804,.T.);
#611=EDGE_CURVE('',#925,#937,#805,.T.);
#612=EDGE_CURVE('',#913,#934,#806,.T.);
#613=EDGE_CURVE('',#946,#916,#807,.T.);
#614=EDGE_CURVE('',#907,#943,#808,.T.);
#615=EDGE_CURVE('',#947,#911,#809,.T.);
#616=EDGE_CURVE('',#949,#950,#810,.T.);
#617=EDGE_CURVE('',#951,#952,#811,.T.);
#618=EDGE_CURVE('',#955,#956,#812,.T.);
#619=EDGE_CURVE('',#959,#960,#813,.T.);
#620=EDGE_CURVE('',#961,#962,#814,.T.);
#621=EDGE_CURVE('',#909,#942,#815,.T.);
#622=EDGE_CURVE('',#936,#912,#816,.T.);
#623=EDGE_CURVE('',#964,#939,#817,.T.);
#624=EDGE_CURVE('',#965,#964,#818,.T.);
#625=EDGE_CURVE('',#946,#965,#819,.T.);
#626=EDGE_CURVE('',#935,#946,#820,.T.);
#627=EDGE_CURVE('',#966,#920,#821,.T.);
#628=EDGE_CURVE('',#964,#966,#822,.T.);
#629=EDGE_CURVE('',#924,#938,#823,.T.);
#630=EDGE_CURVE('',#928,#923,#824,.T.);
#631=EDGE_CURVE('',#921,#928,#825,.T.);
#632=EDGE_CURVE('',#967,#919,#826,.T.);
#633=EDGE_CURVE('',#966,#967,#827,.T.);
#634=EDGE_CURVE('',#945,#968,#828,.T.);
#635=EDGE_CURVE('',#968,#967,#829,.T.);
#636=EDGE_CURVE('',#947,#969,#830,.T.);
#637=EDGE_CURVE('',#969,#968,#831,.T.);
#638=EDGE_CURVE('',#944,#947,#832,.T.);
#639=EDGE_CURVE('',#970,#971,#833,.T.);
#640=EDGE_CURVE('',#969,#970,#729,.T.);
#641=EDGE_CURVE('',#971,#910,#834,.T.);
#642=EDGE_CURVE('',#965,#972,#730,.T.);
#643=EDGE_CURVE('',#972,#973,#835,.T.);
#644=EDGE_CURVE('',#973,#915,#836,.T.);
#645=EDGE_CURVE('',#941,#940,#731,.T.);
#646=EDGE_CURVE('',#940,#941,#732,.T.);
#647=EDGE_CURVE('',#975,#941,#837,.T.);
#648=EDGE_CURVE('',#974,#976,#838,.T.);
#649=EDGE_CURVE('',#976,#1002,#733,.T.);
#650=EDGE_CURVE('',#975,#976,#734,.T.);
#651=EDGE_CURVE('',#974,#975,#735,.T.);
#652=EDGE_CURVE('',#922,#923,#839,.T.);
#653=EDGE_CURVE('',#909,#907,#840,.T.);
#654=EDGE_CURVE('',#943,#942,#841,.T.);
#655=EDGE_CURVE('',#912,#913,#842,.T.);
#656=EDGE_CURVE('',#936,#934,#843,.T.);
#657=EDGE_CURVE('',#977,#949,#844,.T.);
#658=EDGE_CURVE('',#978,#977,#845,.T.);
#659=EDGE_CURVE('',#950,#978,#846,.T.);
#660=EDGE_CURVE('',#979,#980,#847,.T.);
#661=EDGE_CURVE('',#952,#979,#848,.T.);
#662=EDGE_CURVE('',#980,#951,#849,.T.);
#663=EDGE_CURVE('',#981,#955,#850,.T.);
#664=EDGE_CURVE('',#982,#981,#851,.T.);
#665=EDGE_CURVE('',#956,#982,#852,.T.);
#666=EDGE_CURVE('',#983,#959,#853,.T.);
#667=EDGE_CURVE('',#984,#983,#854,.T.);
#668=EDGE_CURVE('',#960,#984,#855,.T.);
#669=EDGE_CURVE('',#985,#986,#856,.T.);
#670=EDGE_CURVE('',#962,#985,#857,.T.);
#671=EDGE_CURVE('',#986,#961,#858,.T.);
#672=EDGE_CURVE('',#988,#971,#859,.T.);
#673=EDGE_CURVE('',#973,#995,#860,.T.);
#674=EDGE_CURVE('',#996,#987,#861,.T.);
#675=EDGE_CURVE('',#957,#958,#862,.T.);
#676=EDGE_CURVE('',#990,#991,#863,.T.);
#677=EDGE_CURVE('',#953,#954,#864,.T.);
#678=EDGE_CURVE('',#992,#993,#865,.T.);
#679=EDGE_CURVE('',#904,#989,#866,.T.);
#680=EDGE_CURVE('',#963,#894,#867,.T.);
#681=EDGE_CURVE('',#994,#902,#868,.T.);
#682=EDGE_CURVE('',#948,#994,#869,.T.);
#683=EDGE_CURVE('',#899,#948,#870,.T.);
#684=EDGE_CURVE('',#993,#979,#736,.T.);
#685=EDGE_CURVE('',#953,#993,#871,.T.);
#686=EDGE_CURVE('',#952,#953,#737,.T.);
#687=EDGE_CURVE('',#948,#949,#738,.T.);
#688=EDGE_CURVE('',#977,#994,#739,.T.);
#689=EDGE_CURVE('',#954,#955,#740,.T.);
#690=EDGE_CURVE('',#992,#954,#872,.T.);
#691=EDGE_CURVE('',#981,#992,#741,.T.);
#692=EDGE_CURVE('',#991,#982,#742,.T.);
#693=EDGE_CURVE('',#957,#991,#873,.T.);
#694=EDGE_CURVE('',#956,#957,#743,.T.);
#695=EDGE_CURVE('',#989,#985,#744,.T.);
#696=EDGE_CURVE('',#989,#963,#874,.T.);
#697=EDGE_CURVE('',#962,#963,#745,.T.);
#698=EDGE_CURVE('',#958,#959,#746,.T.);
#699=EDGE_CURVE('',#990,#958,#875,.T.);
#700=EDGE_CURVE('',#983,#990,#747,.T.);
#701=EDGE_CURVE('',#960,#961,#748,.T.);
#702=EDGE_CURVE('',#986,#984,#749,.T.);
#703=EDGE_CURVE('',#980,#978,#750,.T.);
#704=EDGE_CURVE('',#950,#951,#751,.T.);
#705=EDGE_CURVE('',#972,#997,#876,.T.);
#706=EDGE_CURVE('',#997,#995,#877,.T.);
#707=EDGE_CURVE('',#997,#998,#878,.T.);
#708=EDGE_CURVE('',#998,#996,#879,.T.);
#709=EDGE_CURVE('',#995,#996,#880,.T.);
#710=EDGE_CURVE('',#998,#999,#881,.T.);
#711=EDGE_CURVE('',#999,#987,#882,.T.);
#712=EDGE_CURVE('',#1000,#999,#883,.T.);
#713=EDGE_CURVE('',#988,#1000,#884,.T.);
#714=EDGE_CURVE('',#987,#988,#885,.T.);
#715=EDGE_CURVE('',#970,#1000,#886,.T.);
#716=EDGE_CURVE('',#964,#997,#887,.T.);
#717=EDGE_CURVE('',#998,#966,#888,.T.);
#718=EDGE_CURVE('',#967,#999,#889,.T.);
#719=EDGE_CURVE('',#1000,#968,#890,.T.);
#720=EDGE_CURVE('',#1001,#932,#891,.T.);
#721=EDGE_CURVE('',#1001,#930,#752,.T.);
#722=EDGE_CURVE('',#1002,#940,#892,.T.);
#723=EDGE_CURVE('',#1002,#974,#753,.T.);
#724=(
BOUNDED_CURVE()
B_SPLINE_CURVE(2,(#1696,#1697,#1698,#1699,#1700),.UNSPECIFIED.,.F.,.F.)
B_SPLINE_CURVE_WITH_KNOTS((3,2,3),(-0.0311155618733466,-0.029235667852829,
-0.0233885342822632),.UNSPECIFIED.)
CURVE()
GEOMETRIC_REPRESENTATION_ITEM()
RATIONAL_B_SPLINE_CURVE((1.,0.96991999780077,1.,0.707106781186547,1.))
REPRESENTATION_ITEM('')
);
#725=(
BOUNDED_CURVE()
B_SPLINE_CURVE(2,(#1701,#1702,#1703,#1704,#1705),.UNSPECIFIED.,.F.,.F.)
B_SPLINE_CURVE_WITH_KNOTS((3,2,3),(-0.0233885342822632,-0.0175414007116974,
-0.0156615066911798),.UNSPECIFIED.)
CURVE()
GEOMETRIC_REPRESENTATION_ITEM()
RATIONAL_B_SPLINE_CURVE((1.,0.707106781186548,1.,0.969919997800771,1.))
REPRESENTATION_ITEM('')
);
#726=(
BOUNDED_CURVE()
B_SPLINE_CURVE(2,(#1706,#1707,#1708),.UNSPECIFIED.,.F.,.F.)
B_SPLINE_CURVE_WITH_KNOTS((3,3),(0.0202355245367349,0.0243690889754098),
 .UNSPECIFIED.)
CURVE()
GEOMETRIC_REPRESENTATION_ITEM()
RATIONAL_B_SPLINE_CURVE((1.,0.857963702076611,1.))
REPRESENTATION_ITEM('')
);
#727=(
BOUNDED_CURVE()
B_SPLINE_CURVE(2,(#1709,#1710,#1711,#1712,#1713),.UNSPECIFIED.,.F.,.F.)
B_SPLINE_CURVE_WITH_KNOTS((3,2,3),(0.,0.00565486677646163,0.0113097335529233),
 .UNSPECIFIED.)
CURVE()
GEOMETRIC_REPRESENTATION_ITEM()
RATIONAL_B_SPLINE_CURVE((1.,0.707106781186548,1.,0.707106781186548,1.))
REPRESENTATION_ITEM('')
);
#728=(
BOUNDED_CURVE()
B_SPLINE_CURVE(2,(#1714,#1715,#1716,#1717,#1718),.UNSPECIFIED.,.F.,.F.)
B_SPLINE_CURVE_WITH_KNOTS((3,2,3),(0.0113097335529233,0.0169646003293849,
0.0226194671058465),.UNSPECIFIED.)
CURVE()
GEOMETRIC_REPRESENTATION_ITEM()
RATIONAL_B_SPLINE_CURVE((1.,0.707106781186548,1.,0.707106781186548,1.))
REPRESENTATION_ITEM('')
);
#729=(
BOUNDED_CURVE()
B_SPLINE_CURVE(2,(#1797,#1798,#1799,#1800,#1801),.UNSPECIFIED.,.F.,.F.)
B_SPLINE_CURVE_WITH_KNOTS((3,2,3),(0.000379223779587408,0.000758447590097431,
0.000955561657640616),.UNSPECIFIED.)
CURVE()
GEOMETRIC_REPRESENTATION_ITEM()
RATIONAL_B_SPLINE_CURVE((1.,0.923879532511287,1.,0.98078529003425,1.))
REPRESENTATION_ITEM('')
);
#730=(
BOUNDED_CURVE()
B_SPLINE_CURVE(2,(#1804,#1805,#1806,#1807,#1808),.UNSPECIFIED.,.F.,.F.)
B_SPLINE_CURVE_WITH_KNOTS((3,2,3),(0.00189611889793704,0.00227534270844706,
0.00247245677599025),.UNSPECIFIED.)
CURVE()
GEOMETRIC_REPRESENTATION_ITEM()
RATIONAL_B_SPLINE_CURVE((1.,0.923879532511287,1.,0.980785290034251,1.))
REPRESENTATION_ITEM('')
);
#731=(
BOUNDED_CURVE()
B_SPLINE_CURVE(2,(#1813,#1814,#1815,#1816,#1817),.UNSPECIFIED.,.F.,.F.)
B_SPLINE_CURVE_WITH_KNOTS((3,2,3),(-0.0226194671058465,-0.0169646003293849,
-0.0113097335529233),.UNSPECIFIED.)
CURVE()
GEOMETRIC_REPRESENTATION_ITEM()
RATIONAL_B_SPLINE_CURVE((1.,0.707106781186548,1.,0.707106781186548,1.))
REPRESENTATION_ITEM('')
);
#732=(
BOUNDED_CURVE()
B_SPLINE_CURVE(2,(#1818,#1819,#1820,#1821,#1822),.UNSPECIFIED.,.F.,.F.)
B_SPLINE_CURVE_WITH_KNOTS((3,2,3),(-0.0113097335529233,-0.00565486677646163,
0.),.UNSPECIFIED.)
CURVE()
GEOMETRIC_REPRESENTATION_ITEM()
RATIONAL_B_SPLINE_CURVE((1.,0.707106781186548,1.,0.707106781186548,1.))
REPRESENTATION_ITEM('')
);
#733=(
BOUNDED_CURVE()
B_SPLINE_CURVE(2,(#1827,#1828,#1829,#1830,#1831),.UNSPECIFIED.,.F.,.F.)
B_SPLINE_CURVE_WITH_KNOTS((3,2,3),(0.0156615066911798,0.0175414007116974,
0.0233885342822632),.UNSPECIFIED.)
CURVE()
GEOMETRIC_REPRESENTATION_ITEM()
RATIONAL_B_SPLINE_CURVE((1.,0.969919997800771,1.,0.707106781186548,1.))
REPRESENTATION_ITEM('')
);
#734=(
BOUNDED_CURVE()
B_SPLINE_CURVE(2,(#1832,#1833,#1834),.UNSPECIFIED.,.F.,.F.)
B_SPLINE_CURVE_WITH_KNOTS((3,3),(-0.0243690889754096,-0.0202355245367349),
 .UNSPECIFIED.)
CURVE()
GEOMETRIC_REPRESENTATION_ITEM()
RATIONAL_B_SPLINE_CURVE((1.,0.85796370207662,1.))
REPRESENTATION_ITEM('')
);
#735=(
BOUNDED_CURVE()
B_SPLINE_CURVE(2,(#1835,#1836,#1837),.UNSPECIFIED.,.F.,.F.)
B_SPLINE_CURVE_WITH_KNOTS((3,3),(-0.0285026534140844,-0.0243690889754096),
 .UNSPECIFIED.)
CURVE()
GEOMETRIC_REPRESENTATION_ITEM()
RATIONAL_B_SPLINE_CURVE((1.,0.85796370207662,1.))
REPRESENTATION_ITEM('')
);
#736=(
BOUNDED_CURVE()
B_SPLINE_CURVE(2,(#1902,#1903,#1904),.UNSPECIFIED.,.F.,.F.)
B_SPLINE_CURVE_WITH_KNOTS((3,3),(-0.00117809724509617,0.),.UNSPECIFIED.)
CURVE()
GEOMETRIC_REPRESENTATION_ITEM()
RATIONAL_B_SPLINE_CURVE((1.,0.92387953251128,1.))
REPRESENTATION_ITEM('')
);
#737=(
BOUNDED_CURVE()
B_SPLINE_CURVE(2,(#1907,#1908,#1909),.UNSPECIFIED.,.F.,.F.)
B_SPLINE_CURVE_WITH_KNOTS((3,3),(-0.00117809724509617,0.),.UNSPECIFIED.)
CURVE()
GEOMETRIC_REPRESENTATION_ITEM()
RATIONAL_B_SPLINE_CURVE((1.,0.92387953251128,1.))
REPRESENTATION_ITEM('')
);
#738=(
BOUNDED_CURVE()
B_SPLINE_CURVE(2,(#1910,#1911,#1912),.UNSPECIFIED.,.F.,.F.)
B_SPLINE_CURVE_WITH_KNOTS((3,3),(0.,0.00117809724509617),.UNSPECIFIED.)
CURVE()
GEOMETRIC_REPRESENTATION_ITEM()
RATIONAL_B_SPLINE_CURVE((1.,0.923879532511287,1.))
REPRESENTATION_ITEM('')
);
#739=(
BOUNDED_CURVE()
B_SPLINE_CURVE(2,(#1913,#1914,#1915),.UNSPECIFIED.,.F.,.F.)
B_SPLINE_CURVE_WITH_KNOTS((3,3),(0.,0.00117809724509617),.UNSPECIFIED.)
CURVE()
GEOMETRIC_REPRESENTATION_ITEM()
RATIONAL_B_SPLINE_CURVE((1.,0.923879532511284,1.))
REPRESENTATION_ITEM('')
);
#740=(
BOUNDED_CURVE()
B_SPLINE_CURVE(2,(#1916,#1917,#1918),.UNSPECIFIED.,.F.,.F.)
B_SPLINE_CURVE_WITH_KNOTS((3,3),(-0.00117809724509615,0.),.UNSPECIFIED.)
CURVE()
GEOMETRIC_REPRESENTATION_ITEM()
RATIONAL_B_SPLINE_CURVE((1.,0.923879532511295,1.))
REPRESENTATION_ITEM('')
);
#741=(
BOUNDED_CURVE()
B_SPLINE_CURVE(2,(#1921,#1922,#1923),.UNSPECIFIED.,.F.,.F.)
B_SPLINE_CURVE_WITH_KNOTS((3,3),(-0.00117809724509615,0.),.UNSPECIFIED.)
CURVE()
GEOMETRIC_REPRESENTATION_ITEM()
RATIONAL_B_SPLINE_CURVE((1.,0.923879532511295,1.))
REPRESENTATION_ITEM('')
);
#742=(
BOUNDED_CURVE()
B_SPLINE_CURVE(2,(#1924,#1925,#1926),.UNSPECIFIED.,.F.,.F.)
B_SPLINE_CURVE_WITH_KNOTS((3,3),(-0.00117809724509614,0.),.UNSPECIFIED.)
CURVE()
GEOMETRIC_REPRESENTATION_ITEM()
RATIONAL_B_SPLINE_CURVE((1.,0.923879532511296,1.))
REPRESENTATION_ITEM('')
);
#743=(
BOUNDED_CURVE()
B_SPLINE_CURVE(2,(#1929,#1930,#1931),.UNSPECIFIED.,.F.,.F.)
B_SPLINE_CURVE_WITH_KNOTS((3,3),(-0.00117809724509614,0.),.UNSPECIFIED.)
CURVE()
GEOMETRIC_REPRESENTATION_ITEM()
RATIONAL_B_SPLINE_CURVE((1.,0.923879532511296,1.))
REPRESENTATION_ITEM('')
);
#744=(
BOUNDED_CURVE()
B_SPLINE_CURVE(2,(#1932,#1933,#1934),.UNSPECIFIED.,.F.,.F.)
B_SPLINE_CURVE_WITH_KNOTS((3,3),(0.,0.00117809724509617),.UNSPECIFIED.)
CURVE()
GEOMETRIC_REPRESENTATION_ITEM()
RATIONAL_B_SPLINE_CURVE((1.,0.923879532511286,1.))
REPRESENTATION_ITEM('')
);
#745=(
BOUNDED_CURVE()
B_SPLINE_CURVE(2,(#1937,#1938,#1939),.UNSPECIFIED.,.F.,.F.)
B_SPLINE_CURVE_WITH_KNOTS((3,3),(0.,0.00117809724509617),.UNSPECIFIED.)
CURVE()
GEOMETRIC_REPRESENTATION_ITEM()
RATIONAL_B_SPLINE_CURVE((1.,0.923879532511284,1.))
REPRESENTATION_ITEM('')
);
#746=(
BOUNDED_CURVE()
B_SPLINE_CURVE(2,(#1940,#1941,#1942),.UNSPECIFIED.,.F.,.F.)
B_SPLINE_CURVE_WITH_KNOTS((3,3),(-0.00117809724509617,0.),.UNSPECIFIED.)
CURVE()
GEOMETRIC_REPRESENTATION_ITEM()
RATIONAL_B_SPLINE_CURVE((1.,0.92387953251128,1.))
REPRESENTATION_ITEM('')
);
#747=(
BOUNDED_CURVE()
B_SPLINE_CURVE(2,(#1945,#1946,#1947),.UNSPECIFIED.,.F.,.F.)
B_SPLINE_CURVE_WITH_KNOTS((3,3),(-0.00117809724509617,0.),.UNSPECIFIED.)
CURVE()
GEOMETRIC_REPRESENTATION_ITEM()
RATIONAL_B_SPLINE_CURVE((1.,0.92387953251128,1.))
REPRESENTATION_ITEM('')
);
#748=(
BOUNDED_CURVE()
B_SPLINE_CURVE(2,(#1948,#1949,#1950,#1951,#1952),.UNSPECIFIED.,.F.,.F.)
B_SPLINE_CURVE_WITH_KNOTS((3,2,3),(0.,0.00235619449019234,0.00471238898038469),
 .UNSPECIFIED.)
CURVE()
GEOMETRIC_REPRESENTATION_ITEM()
RATIONAL_B_SPLINE_CURVE((1.,0.707106781186548,1.,0.707106781186548,1.))
REPRESENTATION_ITEM('')
);
#749=(
BOUNDED_CURVE()
B_SPLINE_CURVE(2,(#1953,#1954,#1955,#1956,#1957),.UNSPECIFIED.,.F.,.F.)
B_SPLINE_CURVE_WITH_KNOTS((3,2,3),(0.,0.00235619449019234,0.00471238898038469),
 .UNSPECIFIED.)
CURVE()
GEOMETRIC_REPRESENTATION_ITEM()
RATIONAL_B_SPLINE_CURVE((1.,0.707106781186548,1.,0.707106781186548,1.))
REPRESENTATION_ITEM('')
);
#750=(
BOUNDED_CURVE()
B_SPLINE_CURVE(2,(#1958,#1959,#1960,#1961,#1962),.UNSPECIFIED.,.F.,.F.)
B_SPLINE_CURVE_WITH_KNOTS((3,2,3),(0.,0.00235619449019234,0.00471238898038469),
 .UNSPECIFIED.)
CURVE()
GEOMETRIC_REPRESENTATION_ITEM()
RATIONAL_B_SPLINE_CURVE((1.,0.707106781186548,1.,0.707106781186548,1.))
REPRESENTATION_ITEM('')
);
#751=(
BOUNDED_CURVE()
B_SPLINE_CURVE(2,(#1963,#1964,#1965,#1966,#1967),.UNSPECIFIED.,.F.,.F.)
B_SPLINE_CURVE_WITH_KNOTS((3,2,3),(0.,0.00235619449019234,0.00471238898038469),
 .UNSPECIFIED.)
CURVE()
GEOMETRIC_REPRESENTATION_ITEM()
RATIONAL_B_SPLINE_CURVE((1.,0.707106781186548,1.,0.707106781186548,1.))
REPRESENTATION_ITEM('')
);
#752=(
BOUNDED_CURVE()
B_SPLINE_CURVE(2,(#2008,#2009,#2010),.UNSPECIFIED.,.F.,.F.)
B_SPLINE_CURVE_WITH_KNOTS((3,3),(0.0243690889754098,0.0285026534140844),
 .UNSPECIFIED.)
CURVE()
GEOMETRIC_REPRESENTATION_ITEM()
RATIONAL_B_SPLINE_CURVE((1.,0.857963702076628,1.))
REPRESENTATION_ITEM('')
);
#753=(
BOUNDED_CURVE()
B_SPLINE_CURVE(2,(#2013,#2014,#2015,#2016,#2017),.UNSPECIFIED.,.F.,.F.)
B_SPLINE_CURVE_WITH_KNOTS((3,2,3),(0.0233885342822632,0.029235667852829,
0.0311155618733466),.UNSPECIFIED.)
CURVE()
GEOMETRIC_REPRESENTATION_ITEM()
RATIONAL_B_SPLINE_CURVE((1.,0.707106781186547,1.,0.969919997800771,1.))
REPRESENTATION_ITEM('')
);
#754=B_SPLINE_CURVE_WITH_KNOTS('',1,(#1614,#1615),.UNSPECIFIED.,.F.,.F.,
(2,2),(0.,0.00759718926420765),.UNSPECIFIED.);
#755=B_SPLINE_CURVE_WITH_KNOTS('',1,(#1616,#1617),.UNSPECIFIED.,.F.,.F.,
(2,2),(-0.0118175668815183,0.),.UNSPECIFIED.);
#756=B_SPLINE_CURVE_WITH_KNOTS('',1,(#1618,#1619),.UNSPECIFIED.,.F.,.F.,
(2,2),(0.,0.00759738302804114),.UNSPECIFIED.);
#757=B_SPLINE_CURVE_WITH_KNOTS('',1,(#1620,#1621),.UNSPECIFIED.,.F.,.F.,
(2,2),(-0.0117633067803794,0.),.UNSPECIFIED.);
#758=B_SPLINE_CURVE_WITH_KNOTS('',1,(#1622,#1623),.UNSPECIFIED.,.F.,.F.,
(2,2),(0.,0.00759738302804115),.UNSPECIFIED.);
#759=B_SPLINE_CURVE_WITH_KNOTS('',1,(#1624,#1625),.UNSPECIFIED.,.F.,.F.,
(2,2),(0.,0.0118175668815184),.UNSPECIFIED.);
#760=B_SPLINE_CURVE_WITH_KNOTS('',1,(#1626,#1627),.UNSPECIFIED.,.F.,.F.,
(2,2),(0.,0.00759718926420765),.UNSPECIFIED.);
#761=B_SPLINE_CURVE_WITH_KNOTS('',1,(#1628,#1629),.UNSPECIFIED.,.F.,.F.,
(2,2),(-0.0117633067803794,0.),.UNSPECIFIED.);
#762=B_SPLINE_CURVE_WITH_KNOTS('',1,(#1630,#1631),.UNSPECIFIED.,.F.,.F.,
(2,2),(0.,0.00724144617028906),.UNSPECIFIED.);
#763=B_SPLINE_CURVE_WITH_KNOTS('',1,(#1632,#1633),.UNSPECIFIED.,.F.,.F.,
(2,2),(-0.0114658289896781,0.),.UNSPECIFIED.);
#764=B_SPLINE_CURVE_WITH_KNOTS('',1,(#1634,#1635),.UNSPECIFIED.,.F.,.F.,
(2,2),(-0.00771218133276285,0.),.UNSPECIFIED.);
#765=B_SPLINE_CURVE_WITH_KNOTS('',1,(#1636,#1637),.UNSPECIFIED.,.F.,.F.,
(2,2),(-0.00575155781590495,0.),.UNSPECIFIED.);
#766=B_SPLINE_CURVE_WITH_KNOTS('',1,(#1638,#1639),.UNSPECIFIED.,.F.,.F.,
(2,2),(-0.0114658289896781,0.),.UNSPECIFIED.);
#767=B_SPLINE_CURVE_WITH_KNOTS('',1,(#1640,#1641),.UNSPECIFIED.,.F.,.F.,
(2,2),(0.,0.00724144617028904),.UNSPECIFIED.);
#768=B_SPLINE_CURVE_WITH_KNOTS('',1,(#1642,#1643),.UNSPECIFIED.,.F.,.F.,
(2,2),(0.,0.00575155781590495),.UNSPECIFIED.);
#769=B_SPLINE_CURVE_WITH_KNOTS('',1,(#1644,#1645),.UNSPECIFIED.,.F.,.F.,
(2,2),(0.,0.00771218133276284),.UNSPECIFIED.);
#770=B_SPLINE_CURVE_WITH_KNOTS('',1,(#1646,#1647),.UNSPECIFIED.,.F.,.F.,
(2,2),(0.,0.015),.UNSPECIFIED.);
#771=B_SPLINE_CURVE_WITH_KNOTS('',1,(#1648,#1649),.UNSPECIFIED.,.F.,.F.,
(2,2),(0.,0.0155564999744924),.UNSPECIFIED.);
#772=B_SPLINE_CURVE_WITH_KNOTS('',1,(#1650,#1651),.UNSPECIFIED.,.F.,.F.,
(2,2),(-0.0140198273398675,0.),.UNSPECIFIED.);
#773=B_SPLINE_CURVE_WITH_KNOTS('',1,(#1652,#1653),.UNSPECIFIED.,.F.,.F.,
(2,2),(0.,0.0120592585832393),.UNSPECIFIED.);
#774=B_SPLINE_CURVE_WITH_KNOTS('',1,(#1654,#1655),.UNSPECIFIED.,.F.,.F.,
(2,2),(0.,0.00519615242270663),.UNSPECIFIED.);
#775=B_SPLINE_CURVE_WITH_KNOTS('',1,(#1656,#1657),.UNSPECIFIED.,.F.,.F.,
(2,2),(-0.0014142135623731,0.),.UNSPECIFIED.);
#776=B_SPLINE_CURVE_WITH_KNOTS('',1,(#1658,#1659),.UNSPECIFIED.,.F.,.F.,
(2,2),(0.,0.0155564999744924),.UNSPECIFIED.);
#777=B_SPLINE_CURVE_WITH_KNOTS('',1,(#1660,#1661),.UNSPECIFIED.,.F.,.F.,
(2,2),(0.,0.015),.UNSPECIFIED.);
#778=B_SPLINE_CURVE_WITH_KNOTS('',1,(#1662,#1663),.UNSPECIFIED.,.F.,.F.,
(2,2),(0.,0.0140198273398675),.UNSPECIFIED.);
#779=B_SPLINE_CURVE_WITH_KNOTS('',1,(#1664,#1665),.UNSPECIFIED.,.F.,.F.,
(2,2),(-0.0120592585832392,0.),.UNSPECIFIED.);
#780=B_SPLINE_CURVE_WITH_KNOTS('',1,(#1666,#1667),.UNSPECIFIED.,.F.,.F.,
(2,2),(-0.0014142135623731,0.),.UNSPECIFIED.);
#781=B_SPLINE_CURVE_WITH_KNOTS('',1,(#1668,#1669),.UNSPECIFIED.,.F.,.F.,
(2,2),(-0.00519615242270663,0.),.UNSPECIFIED.);
#782=B_SPLINE_CURVE_WITH_KNOTS('',1,(#1670,#1671),.UNSPECIFIED.,.F.,.F.,
(2,2),(0.,0.0146460894756599),.UNSPECIFIED.);
#783=B_SPLINE_CURVE_WITH_KNOTS('',1,(#1672,#1673),.UNSPECIFIED.,.F.,.F.,
(2,2),(0.,0.00425029770538498),.UNSPECIFIED.);
#784=B_SPLINE_CURVE_WITH_KNOTS('',1,(#1674,#1675),.UNSPECIFIED.,.F.,.F.,
(2,2),(-0.0570592929112564,0.),.UNSPECIFIED.);
#785=B_SPLINE_CURVE_WITH_KNOTS('',1,(#1676,#1677),.UNSPECIFIED.,.F.,.F.,
(2,2),(-0.000173205080756797,0.),.UNSPECIFIED.);
#786=B_SPLINE_CURVE_WITH_KNOTS('',1,(#1678,#1679),.UNSPECIFIED.,.F.,.F.,
(2,2),(-0.000257190958418002,0.),.UNSPECIFIED.);
#787=B_SPLINE_CURVE_WITH_KNOTS('',1,(#1680,#1681),.UNSPECIFIED.,.F.,.F.,
(2,2),(-0.00384084764416017,0.),.UNSPECIFIED.);
#788=B_SPLINE_CURVE_WITH_KNOTS('',1,(#1682,#1683),.UNSPECIFIED.,.F.,.F.,
(2,2),(-0.0146460894756599,0.),.UNSPECIFIED.);
#789=B_SPLINE_CURVE_WITH_KNOTS('',1,(#1684,#1685),.UNSPECIFIED.,.F.,.F.,
(2,2),(0.,0.064),.UNSPECIFIED.);
#790=B_SPLINE_CURVE_WITH_KNOTS('',1,(#1686,#1687),.UNSPECIFIED.,.F.,.F.,
(2,2),(0.,0.00700107134658692),.UNSPECIFIED.);
#791=B_SPLINE_CURVE_WITH_KNOTS('',1,(#1688,#1689),.UNSPECIFIED.,.F.,.F.,
(2,2),(0.,0.00700071424927487),.UNSPECIFIED.);
#792=B_SPLINE_CURVE_WITH_KNOTS('',1,(#1690,#1691),.UNSPECIFIED.,.F.,.F.,
(2,2),(-0.0145753787975413,0.),.UNSPECIFIED.);
#793=B_SPLINE_CURVE_WITH_KNOTS('',1,(#1692,#1693),.UNSPECIFIED.,.F.,.F.,
(2,2),(0.,0.000203327305550587),.UNSPECIFIED.);
#794=B_SPLINE_CURVE_WITH_KNOTS('',1,(#1694,#1695),.UNSPECIFIED.,.F.,.F.,
(2,2),(-0.0063467251507274,0.),.UNSPECIFIED.);
#795=B_SPLINE_CURVE_WITH_KNOTS('',1,(#1719,#1720),.UNSPECIFIED.,.F.,.F.,
(2,2),(0.00340872209082068,0.00363372209082068),.UNSPECIFIED.);
#796=B_SPLINE_CURVE_WITH_KNOTS('',1,(#1721,#1722),.UNSPECIFIED.,.F.,.F.,
(2,2),(0.,0.014),.UNSPECIFIED.);
#797=B_SPLINE_CURVE_WITH_KNOTS('',1,(#1723,#1724),.UNSPECIFIED.,.F.,.F.,
(2,2),(0.,0.0134),.UNSPECIFIED.);
#798=B_SPLINE_CURVE_WITH_KNOTS('',1,(#1725,#1726),.UNSPECIFIED.,.F.,.F.,
(2,2),(-0.0145753787975413,0.),.UNSPECIFIED.);
#799=B_SPLINE_CURVE_WITH_KNOTS('',1,(#1727,#1728),.UNSPECIFIED.,.F.,.F.,
(2,2),(-0.00419956711176727,0.),.UNSPECIFIED.);
#800=B_SPLINE_CURVE_WITH_KNOTS('',1,(#1729,#1730),.UNSPECIFIED.,.F.,.F.,
(2,2),(0.,0.0129710678118655),.UNSPECIFIED.);
#801=B_SPLINE_CURVE_WITH_KNOTS('',1,(#1731,#1732),.UNSPECIFIED.,.F.,.F.,
(2,2),(0.,0.0134),.UNSPECIFIED.);
#802=B_SPLINE_CURVE_WITH_KNOTS('',1,(#1733,#1734),.UNSPECIFIED.,.F.,.F.,
(2,2),(-0.014,0.),.UNSPECIFIED.);
#803=B_SPLINE_CURVE_WITH_KNOTS('',1,(#1735,#1736),.UNSPECIFIED.,.F.,.F.,
(2,2),(-0.0129710678118654,0.),.UNSPECIFIED.);
#804=B_SPLINE_CURVE_WITH_KNOTS('',1,(#1737,#1738),.UNSPECIFIED.,.F.,.F.,
(2,2),(-0.00419956711176729,0.),.UNSPECIFIED.);
#805=B_SPLINE_CURVE_WITH_KNOTS('',1,(#1739,#1740),.UNSPECIFIED.,.F.,.F.,
(2,2),(-0.00700071424927486,0.),.UNSPECIFIED.);
#806=B_SPLINE_CURVE_WITH_KNOTS('',1,(#1741,#1742),.UNSPECIFIED.,.F.,.F.,
(2,2),(0.,0.0028),.UNSPECIFIED.);
#807=B_SPLINE_CURVE_WITH_KNOTS('',1,(#1743,#1744),.UNSPECIFIED.,.F.,.F.,
(2,2),(0.,0.0038),.UNSPECIFIED.);
#808=B_SPLINE_CURVE_WITH_KNOTS('',1,(#1745,#1746),.UNSPECIFIED.,.F.,.F.,
(2,2),(-0.0028,0.),.UNSPECIFIED.);
#809=B_SPLINE_CURVE_WITH_KNOTS('',1,(#1747,#1748),.UNSPECIFIED.,.F.,.F.,
(2,2),(-0.0038,0.),.UNSPECIFIED.);
#810=B_SPLINE_CURVE_WITH_KNOTS('',1,(#1749,#1750),.UNSPECIFIED.,.F.,.F.,
(2,2),(0.,0.0298786796564404),.UNSPECIFIED.);
#811=B_SPLINE_CURVE_WITH_KNOTS('',1,(#1751,#1752),.UNSPECIFIED.,.F.,.F.,
(2,2),(0.,0.0278786796564404),.UNSPECIFIED.);
#812=B_SPLINE_CURVE_WITH_KNOTS('',1,(#1753,#1754),.UNSPECIFIED.,.F.,.F.,
(2,2),(0.,0.0583573593128806),.UNSPECIFIED.);
#813=B_SPLINE_CURVE_WITH_KNOTS('',1,(#1755,#1756),.UNSPECIFIED.,.F.,.F.,
(2,2),(0.,0.0278786796564404),.UNSPECIFIED.);
#814=B_SPLINE_CURVE_WITH_KNOTS('',1,(#1757,#1758),.UNSPECIFIED.,.F.,.F.,
(2,2),(0.,0.0298786796564404),.UNSPECIFIED.);
#815=B_SPLINE_CURVE_WITH_KNOTS('',1,(#1759,#1760),.UNSPECIFIED.,.F.,.F.,
(2,2),(0.,0.0028),.UNSPECIFIED.);
#816=B_SPLINE_CURVE_WITH_KNOTS('',1,(#1761,#1762),.UNSPECIFIED.,.F.,.F.,
(2,2),(0.,0.0028),.UNSPECIFIED.);
#817=B_SPLINE_CURVE_WITH_KNOTS('',1,(#1763,#1764),.UNSPECIFIED.,.F.,.F.,
(2,2),(-0.00557871344564861,0.),.UNSPECIFIED.);
#818=B_SPLINE_CURVE_WITH_KNOTS('',1,(#1765,#1766),.UNSPECIFIED.,.F.,.F.,
(2,2),(-0.00961727145516773,0.),.UNSPECIFIED.);
#819=B_SPLINE_CURVE_WITH_KNOTS('',1,(#1767,#1768),.UNSPECIFIED.,.F.,.F.,
(2,2),(0.,0.00309293301520278),.UNSPECIFIED.);
#820=B_SPLINE_CURVE_WITH_KNOTS('',1,(#1769,#1770),.UNSPECIFIED.,.F.,.F.,
(2,2),(-0.00282842712474619,0.),.UNSPECIFIED.);
#821=B_SPLINE_CURVE_WITH_KNOTS('',1,(#1771,#1772),.UNSPECIFIED.,.F.,.F.,
(2,2),(0.,0.00543135086982786),.UNSPECIFIED.);
#822=B_SPLINE_CURVE_WITH_KNOTS('',1,(#1773,#1774),.UNSPECIFIED.,.F.,.F.,
(2,2),(-0.00878412892121312,0.),.UNSPECIFIED.);
#823=B_SPLINE_CURVE_WITH_KNOTS('',1,(#1775,#1776),.UNSPECIFIED.,.F.,.F.,
(2,2),(-0.00700107134658691,0.),.UNSPECIFIED.);
#824=B_SPLINE_CURVE_WITH_KNOTS('',1,(#1777,#1778),.UNSPECIFIED.,.F.,.F.,
(2,2),(0.,0.000236244980467988),.UNSPECIFIED.);
#825=B_SPLINE_CURVE_WITH_KNOTS('',1,(#1779,#1780),.UNSPECIFIED.,.F.,.F.,
(2,2),(0.,0.000272792206135819),.UNSPECIFIED.);
#826=B_SPLINE_CURVE_WITH_KNOTS('',1,(#1781,#1782),.UNSPECIFIED.,.F.,.F.,
(2,2),(-0.00543135086982787,0.),.UNSPECIFIED.);
#827=B_SPLINE_CURVE_WITH_KNOTS('',1,(#1783,#1784),.UNSPECIFIED.,.F.,.F.,
(2,2),(-0.054005954328161,0.),.UNSPECIFIED.);
#828=B_SPLINE_CURVE_WITH_KNOTS('',1,(#1785,#1786),.UNSPECIFIED.,.F.,.F.,
(2,2),(0.,0.00557871344564861),.UNSPECIFIED.);
#829=B_SPLINE_CURVE_WITH_KNOTS('',1,(#1787,#1788),.UNSPECIFIED.,.F.,.F.,
(2,2),(-0.00878412892121313,0.),.UNSPECIFIED.);
#830=B_SPLINE_CURVE_WITH_KNOTS('',1,(#1789,#1790),.UNSPECIFIED.,.F.,.F.,
(2,2),(-0.00309293301520278,0.),.UNSPECIFIED.);
#831=B_SPLINE_CURVE_WITH_KNOTS('',1,(#1791,#1792),.UNSPECIFIED.,.F.,.F.,
(2,2),(-0.00961727145516772,0.),.UNSPECIFIED.);
#832=B_SPLINE_CURVE_WITH_KNOTS('',1,(#1793,#1794),.UNSPECIFIED.,.F.,.F.,
(2,2),(-0.00282842712474619,0.),.UNSPECIFIED.);
#833=B_SPLINE_CURVE_WITH_KNOTS('',1,(#1795,#1796),.UNSPECIFIED.,.F.,.F.,
(2,2),(-0.00114703817349782,0.),.UNSPECIFIED.);
#834=B_SPLINE_CURVE_WITH_KNOTS('',1,(#1802,#1803),.UNSPECIFIED.,.F.,.F.,
(2,2),(0.,0.00235),.UNSPECIFIED.);
#835=B_SPLINE_CURVE_WITH_KNOTS('',1,(#1809,#1810),.UNSPECIFIED.,.F.,.F.,
(2,2),(0.,0.00114703817349782),.UNSPECIFIED.);
#836=B_SPLINE_CURVE_WITH_KNOTS('',1,(#1811,#1812),.UNSPECIFIED.,.F.,.F.,
(2,2),(-0.00235,0.),.UNSPECIFIED.);
#837=B_SPLINE_CURVE_WITH_KNOTS('',1,(#1823,#1824),.UNSPECIFIED.,.F.,.F.,
(2,2),(0.00251825203698273,0.00363372209082068),.UNSPECIFIED.);
#838=B_SPLINE_CURVE_WITH_KNOTS('',1,(#1825,#1826),.UNSPECIFIED.,.F.,.F.,
(2,2),(0.,0.0063467251507274),.UNSPECIFIED.);
#839=B_SPLINE_CURVE_WITH_KNOTS('',1,(#1838,#1839),.UNSPECIFIED.,.F.,.F.,
(2,2),(0.,0.000150791565580952),.UNSPECIFIED.);
#840=B_SPLINE_CURVE_WITH_KNOTS('',1,(#1840,#1841),.UNSPECIFIED.,.F.,.F.,
(2,2),(-0.00424264068711928,0.),.UNSPECIFIED.);
#841=B_SPLINE_CURVE_WITH_KNOTS('',1,(#1842,#1843),.UNSPECIFIED.,.F.,.F.,
(2,2),(-0.00424264068711928,0.),.UNSPECIFIED.);
#842=B_SPLINE_CURVE_WITH_KNOTS('',1,(#1844,#1845),.UNSPECIFIED.,.F.,.F.,
(2,2),(-0.00424264068711928,0.),.UNSPECIFIED.);
#843=B_SPLINE_CURVE_WITH_KNOTS('',1,(#1846,#1847),.UNSPECIFIED.,.F.,.F.,
(2,2),(0.,0.00424264068711928),.UNSPECIFIED.);
#844=B_SPLINE_CURVE_WITH_KNOTS('',1,(#1848,#1849),.UNSPECIFIED.,.F.,.F.,
(2,2),(0.,0.022),.UNSPECIFIED.);
#845=B_SPLINE_CURVE_WITH_KNOTS('',1,(#1850,#1851),.UNSPECIFIED.,.F.,.F.,
(2,2),(-0.0298786796564404,0.),.UNSPECIFIED.);
#846=B_SPLINE_CURVE_WITH_KNOTS('',1,(#1852,#1853),.UNSPECIFIED.,.F.,.F.,
(2,2),(0.,0.022),.UNSPECIFIED.);
#847=B_SPLINE_CURVE_WITH_KNOTS('',1,(#1854,#1855),.UNSPECIFIED.,.F.,.F.,
(2,2),(0.,0.0278786796564404),.UNSPECIFIED.);
#848=B_SPLINE_CURVE_WITH_KNOTS('',1,(#1856,#1857),.UNSPECIFIED.,.F.,.F.,
(2,2),(0.,0.022),.UNSPECIFIED.);
#849=B_SPLINE_CURVE_WITH_KNOTS('',1,(#1858,#1859),.UNSPECIFIED.,.F.,.F.,
(2,2),(-0.022,0.),.UNSPECIFIED.);
#850=B_SPLINE_CURVE_WITH_KNOTS('',1,(#1860,#1861),.UNSPECIFIED.,.F.,.F.,
(2,2),(0.,0.022),.UNSPECIFIED.);
#851=B_SPLINE_CURVE_WITH_KNOTS('',1,(#1862,#1863),.UNSPECIFIED.,.F.,.F.,
(2,2),(-0.0583573593128806,0.),.UNSPECIFIED.);
#852=B_SPLINE_CURVE_WITH_KNOTS('',1,(#1864,#1865),.UNSPECIFIED.,.F.,.F.,
(2,2),(0.,0.022),.UNSPECIFIED.);
#853=B_SPLINE_CURVE_WITH_KNOTS('',1,(#1866,#1867),.UNSPECIFIED.,.F.,.F.,
(2,2),(0.,0.022),.UNSPECIFIED.);
#854=B_SPLINE_CURVE_WITH_KNOTS('',1,(#1868,#1869),.UNSPECIFIED.,.F.,.F.,
(2,2),(-0.0278786796564404,0.),.UNSPECIFIED.);
#855=B_SPLINE_CURVE_WITH_KNOTS('',1,(#1870,#1871),.UNSPECIFIED.,.F.,.F.,
(2,2),(0.,0.022),.UNSPECIFIED.);
#856=B_SPLINE_CURVE_WITH_KNOTS('',1,(#1872,#1873),.UNSPECIFIED.,.F.,.F.,
(2,2),(0.,0.0298786796564404),.UNSPECIFIED.);
#857=B_SPLINE_CURVE_WITH_KNOTS('',1,(#1874,#1875),.UNSPECIFIED.,.F.,.F.,
(2,2),(0.,0.022),.UNSPECIFIED.);
#858=B_SPLINE_CURVE_WITH_KNOTS('',1,(#1876,#1877),.UNSPECIFIED.,.F.,.F.,
(2,2),(-0.022,0.),.UNSPECIFIED.);
#859=B_SPLINE_CURVE_WITH_KNOTS('',1,(#1878,#1879),.UNSPECIFIED.,.F.,.F.,
(2,2),(0.,0.00850060966544096),.UNSPECIFIED.);
#860=B_SPLINE_CURVE_WITH_KNOTS('',1,(#1880,#1881),.UNSPECIFIED.,.F.,.F.,
(2,2),(0.,0.00850060966544098),.UNSPECIFIED.);
#861=B_SPLINE_CURVE_WITH_KNOTS('',1,(#1882,#1883),.UNSPECIFIED.,.F.,.F.,
(2,2),(0.,0.054201219330882),.UNSPECIFIED.);
#862=B_SPLINE_CURVE_WITH_KNOTS('',1,(#1884,#1885),.UNSPECIFIED.,.F.,.F.,
(2,2),(-0.00865685424949242,0.),.UNSPECIFIED.);
#863=B_SPLINE_CURVE_WITH_KNOTS('',1,(#1886,#1887),.UNSPECIFIED.,.F.,.F.,
(2,2),(-0.00865685424949242,0.),.UNSPECIFIED.);
#864=B_SPLINE_CURVE_WITH_KNOTS('',1,(#1888,#1889),.UNSPECIFIED.,.F.,.F.,
(2,2),(-0.00865685424949241,0.),.UNSPECIFIED.);
#865=B_SPLINE_CURVE_WITH_KNOTS('',1,(#1890,#1891),.UNSPECIFIED.,.F.,.F.,
(2,2),(-0.00865685424949241,0.),.UNSPECIFIED.);
#866=B_SPLINE_CURVE_WITH_KNOTS('',1,(#1892,#1893),.UNSPECIFIED.,.F.,.F.,
(2,2),(-0.0123232024451525,0.),.UNSPECIFIED.);
#867=B_SPLINE_CURVE_WITH_KNOTS('',1,(#1894,#1895),.UNSPECIFIED.,.F.,.F.,
(2,2),(-0.00705221674908099,0.),.UNSPECIFIED.);
#868=B_SPLINE_CURVE_WITH_KNOTS('',1,(#1896,#1897),.UNSPECIFIED.,.F.,.F.,
(2,2),(-0.0123232024451525,0.),.UNSPECIFIED.);
#869=B_SPLINE_CURVE_WITH_KNOTS('',1,(#1898,#1899),.UNSPECIFIED.,.F.,.F.,
(2,2),(0.,0.022),.UNSPECIFIED.);
#870=B_SPLINE_CURVE_WITH_KNOTS('',1,(#1900,#1901),.UNSPECIFIED.,.F.,.F.,
(2,2),(-0.00705221674908099,0.),.UNSPECIFIED.);
#871=B_SPLINE_CURVE_WITH_KNOTS('',1,(#1905,#1906),.UNSPECIFIED.,.F.,.F.,
(2,2),(-0.022,0.),.UNSPECIFIED.);
#872=B_SPLINE_CURVE_WITH_KNOTS('',1,(#1919,#1920),.UNSPECIFIED.,.F.,.F.,
(2,2),(-0.022,0.),.UNSPECIFIED.);
#873=B_SPLINE_CURVE_WITH_KNOTS('',1,(#1927,#1928),.UNSPECIFIED.,.F.,.F.,
(2,2),(-0.022,0.),.UNSPECIFIED.);
#874=B_SPLINE_CURVE_WITH_KNOTS('',1,(#1935,#1936),.UNSPECIFIED.,.F.,.F.,
(2,2),(0.,0.022),.UNSPECIFIED.);
#875=B_SPLINE_CURVE_WITH_KNOTS('',1,(#1943,#1944),.UNSPECIFIED.,.F.,.F.,
(2,2),(-0.022,0.),.UNSPECIFIED.);
#876=B_SPLINE_CURVE_WITH_KNOTS('',1,(#1968,#1969),.UNSPECIFIED.,.F.,.F.,
(2,2),(0.,0.00914543928432637),.UNSPECIFIED.);
#877=B_SPLINE_CURVE_WITH_KNOTS('',1,(#1970,#1971),.UNSPECIFIED.,.F.,.F.,
(2,2),(0.,0.00085302940478969),.UNSPECIFIED.);
#878=B_SPLINE_CURVE_WITH_KNOTS('',1,(#1972,#1973),.UNSPECIFIED.,.F.,.F.,
(2,2),(0.,0.00871229675037177),.UNSPECIFIED.);
#879=B_SPLINE_CURVE_WITH_KNOTS('',1,(#1974,#1975),.UNSPECIFIED.,.F.,.F.,
(2,2),(0.,0.000853029404789701),.UNSPECIFIED.);
#880=B_SPLINE_CURVE_WITH_KNOTS('',1,(#1976,#1977),.UNSPECIFIED.,.F.,.F.,
(2,2),(0.,0.008979393923934),.UNSPECIFIED.);
#881=B_SPLINE_CURVE_WITH_KNOTS('',1,(#1978,#1979),.UNSPECIFIED.,.F.,.F.,
(2,2),(0.,0.0539341221573197),.UNSPECIFIED.);
#882=B_SPLINE_CURVE_WITH_KNOTS('',1,(#1980,#1981),.UNSPECIFIED.,.F.,.F.,
(2,2),(-0.00085302940478971,0.),.UNSPECIFIED.);
#883=B_SPLINE_CURVE_WITH_KNOTS('',1,(#1982,#1983),.UNSPECIFIED.,.F.,.F.,
(2,2),(0.,0.00871229675037185),.UNSPECIFIED.);
#884=B_SPLINE_CURVE_WITH_KNOTS('',1,(#1984,#1985),.UNSPECIFIED.,.F.,.F.,
(2,2),(-0.000853029404789688,0.),.UNSPECIFIED.);
#885=B_SPLINE_CURVE_WITH_KNOTS('',1,(#1986,#1987),.UNSPECIFIED.,.F.,.F.,
(2,2),(0.,0.00897939392393401),.UNSPECIFIED.);
#886=B_SPLINE_CURVE_WITH_KNOTS('',1,(#1988,#1989),.UNSPECIFIED.,.F.,.F.,
(2,2),(0.,0.00914543928432636),.UNSPECIFIED.);
#887=B_SPLINE_CURVE_WITH_KNOTS('',3,(#1990,#1991,#1992,#1993),
 .UNSPECIFIED.,.F.,.F.,(4,4),(-0.00294391261724907,-0.00244678944609543),
 .UNSPECIFIED.);
#888=B_SPLINE_CURVE_WITH_KNOTS('',3,(#1994,#1995,#1996,#1997),
 .UNSPECIFIED.,.F.,.F.,(4,4),(0.00244678944609543,0.00294391261724907),
 .UNSPECIFIED.);
#889=B_SPLINE_CURVE_WITH_KNOTS('',3,(#1998,#1999,#2000,#2001),
 .UNSPECIFIED.,.F.,.F.,(4,4),(-0.00294391261724907,-0.00244678944609544),
 .UNSPECIFIED.);
#890=B_SPLINE_CURVE_WITH_KNOTS('',3,(#2002,#2003,#2004,#2005),
 .UNSPECIFIED.,.F.,.F.,(4,4),(0.00244678944609543,0.00294391261724907),
 .UNSPECIFIED.);
#891=B_SPLINE_CURVE_WITH_KNOTS('',1,(#2006,#2007),.UNSPECIFIED.,.F.,.F.,
(2,2),(0.00251825203698278,0.00363372209082068),.UNSPECIFIED.);
#892=B_SPLINE_CURVE_WITH_KNOTS('',1,(#2011,#2012),.UNSPECIFIED.,.F.,.F.,
(2,2),(0.00340872209082067,0.00363372209082067),.UNSPECIFIED.);
#893=VERTEX_POINT('',#1504);
#894=VERTEX_POINT('',#1505);
#895=VERTEX_POINT('',#1506);
#896=VERTEX_POINT('',#1507);
#897=VERTEX_POINT('',#1508);
#898=VERTEX_POINT('',#1509);
#899=VERTEX_POINT('',#1510);
#900=VERTEX_POINT('',#1511);
#901=VERTEX_POINT('',#1512);
#902=VERTEX_POINT('',#1513);
#903=VERTEX_POINT('',#1514);
#904=VERTEX_POINT('',#1515);
#905=VERTEX_POINT('',#1516);
#906=VERTEX_POINT('',#1517);
#907=VERTEX_POINT('',#1518);
#908=VERTEX_POINT('',#1519);
#909=VERTEX_POINT('',#1520);
#910=VERTEX_POINT('',#1521);
#911=VERTEX_POINT('',#1522);
#912=VERTEX_POINT('',#1523);
#913=VERTEX_POINT('',#1524);
#914=VERTEX_POINT('',#1525);
#915=VERTEX_POINT('',#1526);
#916=VERTEX_POINT('',#1527);
#917=VERTEX_POINT('',#1528);
#918=VERTEX_POINT('',#1529);
#919=VERTEX_POINT('',#1530);
#920=VERTEX_POINT('',#1531);
#921=VERTEX_POINT('',#1532);
#922=VERTEX_POINT('',#1533);
#923=VERTEX_POINT('',#1534);
#924=VERTEX_POINT('',#1535);
#925=VERTEX_POINT('',#1536);
#926=VERTEX_POINT('',#1537);
#927=VERTEX_POINT('',#1538);
#928=VERTEX_POINT('',#1539);
#929=VERTEX_POINT('',#1540);
#930=VERTEX_POINT('',#1541);
#931=VERTEX_POINT('',#1542);
#932=VERTEX_POINT('',#1543);
#933=VERTEX_POINT('',#1544);
#934=VERTEX_POINT('',#1545);
#935=VERTEX_POINT('',#1546);
#936=VERTEX_POINT('',#1547);
#937=VERTEX_POINT('',#1548);
#938=VERTEX_POINT('',#1549);
#939=VERTEX_POINT('',#1550);
#940=VERTEX_POINT('',#1551);
#941=VERTEX_POINT('',#1552);
#942=VERTEX_POINT('',#1553);
#943=VERTEX_POINT('',#1554);
#944=VERTEX_POINT('',#1555);
#945=VERTEX_POINT('',#1556);
#946=VERTEX_POINT('',#1557);
#947=VERTEX_POINT('',#1558);
#948=VERTEX_POINT('',#1559);
#949=VERTEX_POINT('',#1560);
#950=VERTEX_POINT('',#1561);
#951=VERTEX_POINT('',#1562);
#952=VERTEX_POINT('',#1563);
#953=VERTEX_POINT('',#1564);
#954=VERTEX_POINT('',#1565);
#955=VERTEX_POINT('',#1566);
#956=VERTEX_POINT('',#1567);
#957=VERTEX_POINT('',#1568);
#958=VERTEX_POINT('',#1569);
#959=VERTEX_POINT('',#1570);
#960=VERTEX_POINT('',#1571);
#961=VERTEX_POINT('',#1572);
#962=VERTEX_POINT('',#1573);
#963=VERTEX_POINT('',#1574);
#964=VERTEX_POINT('',#1575);
#965=VERTEX_POINT('',#1576);
#966=VERTEX_POINT('',#1577);
#967=VERTEX_POINT('',#1578);
#968=VERTEX_POINT('',#1579);
#969=VERTEX_POINT('',#1580);
#970=VERTEX_POINT('',#1581);
#971=VERTEX_POINT('',#1582);
#972=VERTEX_POINT('',#1583);
#973=VERTEX_POINT('',#1584);
#974=VERTEX_POINT('',#1585);
#975=VERTEX_POINT('',#1586);
#976=VERTEX_POINT('',#1587);
#977=VERTEX_POINT('',#1588);
#978=VERTEX_POINT('',#1589);
#979=VERTEX_POINT('',#1590);
#980=VERTEX_POINT('',#1591);
#981=VERTEX_POINT('',#1592);
#982=VERTEX_POINT('',#1593);
#983=VERTEX_POINT('',#1594);
#984=VERTEX_POINT('',#1595);
#985=VERTEX_POINT('',#1596);
#986=VERTEX_POINT('',#1597);
#987=VERTEX_POINT('',#1598);
#988=VERTEX_POINT('',#1599);
#989=VERTEX_POINT('',#1600);
#990=VERTEX_POINT('',#1601);
#991=VERTEX_POINT('',#1602);
#992=VERTEX_POINT('',#1603);
#993=VERTEX_POINT('',#1604);
#994=VERTEX_POINT('',#1605);
#995=VERTEX_POINT('',#1606);
#996=VERTEX_POINT('',#1607);
#997=VERTEX_POINT('',#1608);
#998=VERTEX_POINT('',#1609);
#999=VERTEX_POINT('',#1610);
#1000=VERTEX_POINT('',#1611);
#1001=VERTEX_POINT('',#1612);
#1002=VERTEX_POINT('',#1613);
#1003=(
BOUNDED_SURFACE()
B_SPLINE_SURFACE(2,1,((#1197,#1198),(#1199,#1200),(#1201,#1202),(#1203,
#1204),(#1205,#1206)),.UNSPECIFIED.,.F.,.F.,.F.)
B_SPLINE_SURFACE_WITH_KNOTS((3,2,3),(2,2),(0.,0.00565486677646163,0.0113097335529233),
(0.,0.00505496955362256),.UNSPECIFIED.)
GEOMETRIC_REPRESENTATION_ITEM()
RATIONAL_B_SPLINE_SURFACE(((1.,1.),(0.707106781186548,0.707106781186548),
(1.,1.),(0.707106781186548,0.707106781186548),(1.,1.)))
REPRESENTATION_ITEM('')
SURFACE()
);
#1004=(
BOUNDED_SURFACE()
B_SPLINE_SURFACE(2,1,((#1220,#1221),(#1222,#1223),(#1224,#1225),(#1226,
#1227),(#1228,#1229)),.UNSPECIFIED.,.F.,.F.,.F.)
B_SPLINE_SURFACE_WITH_KNOTS((3,2,3),(2,2),(0.,0.00565486677646163,0.0113097335529233),
(0.,0.00505496955362256),.UNSPECIFIED.)
GEOMETRIC_REPRESENTATION_ITEM()
RATIONAL_B_SPLINE_SURFACE(((1.,1.),(0.707106781186548,0.707106781186548),
(1.,1.),(0.707106781186548,0.707106781186548),(1.,1.)))
REPRESENTATION_ITEM('')
SURFACE()
);
#1005=(
BOUNDED_SURFACE()
B_SPLINE_SURFACE(1,2,((#1245,#1246,#1247,#1248,#1249,#1250,#1251,#1252,
#1253),(#1254,#1255,#1256,#1257,#1258,#1259,#1260,#1261,#1262)),
 .UNSPECIFIED.,.F.,.F.,.F.)
B_SPLINE_SURFACE_WITH_KNOTS((2,2),(3,2,2,2,3),(0.,0.0288),(0.,0.00235619449019235,
0.00471238898038469,0.00706858347057704,0.00942477796076939),
 .UNSPECIFIED.)
GEOMETRIC_REPRESENTATION_ITEM()
RATIONAL_B_SPLINE_SURFACE(((1.,0.707106781186548,1.,0.707106781186548,1.,
0.707106781186548,1.,0.707106781186548,1.),(1.,0.707106781186548,1.,0.707106781186548,
1.,0.707106781186548,1.,0.707106781186548,1.)))
REPRESENTATION_ITEM('')
SURFACE()
);
#1006=(
BOUNDED_SURFACE()
B_SPLINE_SURFACE(2,1,((#1263,#1264),(#1265,#1266),(#1267,#1268),(#1269,
#1270),(#1271,#1272),(#1273,#1274),(#1275,#1276),(#1277,#1278),(#1279,#1280)),
 .UNSPECIFIED.,.T.,.F.,.F.)
B_SPLINE_SURFACE_WITH_KNOTS((3,2,2,2,3),(2,2),(0.,0.00235619449019235,0.00471238898038469,
0.00706858347057704,0.00942477796076939),(0.,0.0288),.UNSPECIFIED.)
GEOMETRIC_REPRESENTATION_ITEM()
RATIONAL_B_SPLINE_SURFACE(((1.,1.),(0.707106781186548,0.707106781186548),
(1.,1.),(0.707106781186548,0.707106781186548),(1.,1.),(0.707106781186548,
0.707106781186548),(1.,1.),(0.707106781186548,0.707106781186548),(1.,1.)))
REPRESENTATION_ITEM('')
SURFACE()
);
#1007=(
BOUNDED_SURFACE()
B_SPLINE_SURFACE(1,2,((#1281,#1282,#1283,#1284,#1285,#1286,#1287,#1288,
#1289),(#1290,#1291,#1292,#1293,#1294,#1295,#1296,#1297,#1298)),
 .UNSPECIFIED.,.F.,.F.,.F.)
B_SPLINE_SURFACE_WITH_KNOTS((2,2),(3,2,2,2,3),(0.,0.0288),(0.,0.00235619449019235,
0.00471238898038469,0.00706858347057704,0.00942477796076939),
 .UNSPECIFIED.)
GEOMETRIC_REPRESENTATION_ITEM()
RATIONAL_B_SPLINE_SURFACE(((1.,0.707106781186548,1.,0.707106781186548,1.,
0.707106781186548,1.,0.707106781186548,1.),(1.,0.707106781186548,1.,0.707106781186548,
1.,0.707106781186548,1.,0.707106781186548,1.)))
REPRESENTATION_ITEM('')
SURFACE()
);
#1008=(
BOUNDED_SURFACE()
B_SPLINE_SURFACE(1,2,((#1299,#1300,#1301,#1302,#1303,#1304,#1305,#1306,
#1307),(#1308,#1309,#1310,#1311,#1312,#1313,#1314,#1315,#1316)),
 .UNSPECIFIED.,.F.,.F.,.F.)
B_SPLINE_SURFACE_WITH_KNOTS((2,2),(3,2,2,2,3),(0.,0.0288),(0.,0.00235619449019235,
0.00471238898038469,0.00706858347057704,0.00942477796076939),
 .UNSPECIFIED.)
GEOMETRIC_REPRESENTATION_ITEM()
RATIONAL_B_SPLINE_SURFACE(((1.,0.707106781186548,1.,0.707106781186548,1.,
0.707106781186548,1.,0.707106781186548,1.),(1.,0.707106781186548,1.,0.707106781186548,
1.,0.707106781186548,1.,0.707106781186548,1.)))
REPRESENTATION_ITEM('')
SURFACE()
);
#1009=(
BOUNDED_SURFACE()
B_SPLINE_SURFACE(2,1,((#1317,#1318),(#1319,#1320),(#1321,#1322),(#1323,
#1324),(#1325,#1326),(#1327,#1328),(#1329,#1330),(#1331,#1332),(#1333,#1334)),
 .UNSPECIFIED.,.T.,.F.,.F.)
B_SPLINE_SURFACE_WITH_KNOTS((3,2,2,2,3),(2,2),(0.,0.00235619449019235,0.00471238898038469,
0.00706858347057704,0.00942477796076939),(0.,0.0288),.UNSPECIFIED.)
GEOMETRIC_REPRESENTATION_ITEM()
RATIONAL_B_SPLINE_SURFACE(((1.,1.),(0.707106781186548,0.707106781186548),
(1.,1.),(0.707106781186548,0.707106781186548),(1.,1.),(0.707106781186548,
0.707106781186548),(1.,1.),(0.707106781186548,0.707106781186548),(1.,1.)))
REPRESENTATION_ITEM('')
SURFACE()
);
#1010=(
BOUNDED_SURFACE()
B_SPLINE_SURFACE(1,2,((#1335,#1336,#1337,#1338,#1339,#1340,#1341,#1342,
#1343),(#1344,#1345,#1346,#1347,#1348,#1349,#1350,#1351,#1352)),
 .UNSPECIFIED.,.F.,.F.,.F.)
B_SPLINE_SURFACE_WITH_KNOTS((2,2),(3,2,2,2,3),(0.,0.0288),(0.,0.00235619449019235,
0.00471238898038469,0.00706858347057704,0.00942477796076939),
 .UNSPECIFIED.)
GEOMETRIC_REPRESENTATION_ITEM()
RATIONAL_B_SPLINE_SURFACE(((1.,0.707106781186548,1.,0.707106781186548,1.,
0.707106781186548,1.,0.707106781186548,1.),(1.,0.707106781186548,1.,0.707106781186548,
1.,0.707106781186548,1.,0.707106781186548,1.)))
REPRESENTATION_ITEM('')
SURFACE()
);
#1011=(
BOUNDED_SURFACE()
B_SPLINE_SURFACE(2,1,((#1353,#1354),(#1355,#1356),(#1357,#1358),(#1359,
#1360),(#1361,#1362),(#1363,#1364),(#1365,#1366),(#1367,#1368),(#1369,#1370)),
 .UNSPECIFIED.,.T.,.F.,.F.)
B_SPLINE_SURFACE_WITH_KNOTS((3,2,2,2,3),(2,2),(0.,0.00235619449019235,0.00471238898038469,
0.00706858347057704,0.00942477796076939),(0.,0.0288),.UNSPECIFIED.)
GEOMETRIC_REPRESENTATION_ITEM()
RATIONAL_B_SPLINE_SURFACE(((1.,1.),(0.707106781186548,0.707106781186548),
(1.,1.),(0.707106781186548,0.707106781186548),(1.,1.),(0.707106781186548,
0.707106781186548),(1.,1.),(0.707106781186548,0.707106781186548),(1.,1.)))
REPRESENTATION_ITEM('')
SURFACE()
);
#1012=(
BOUNDED_SURFACE()
B_SPLINE_SURFACE(2,1,((#1371,#1372),(#1373,#1374),(#1375,#1376),(#1377,
#1378),(#1379,#1380),(#1381,#1382),(#1383,#1384),(#1385,#1386),(#1387,#1388)),
 .UNSPECIFIED.,.T.,.F.,.F.)
B_SPLINE_SURFACE_WITH_KNOTS((3,2,2,2,3),(2,2),(0.,0.00235619449019235,0.00471238898038469,
0.00706858347057704,0.00942477796076939),(0.,0.0288),.UNSPECIFIED.)
GEOMETRIC_REPRESENTATION_ITEM()
RATIONAL_B_SPLINE_SURFACE(((1.,1.),(0.707106781186548,0.707106781186548),
(1.,1.),(0.707106781186548,0.707106781186548),(1.,1.),(0.707106781186548,
0.707106781186548),(1.,1.),(0.707106781186548,0.707106781186548),(1.,1.)))
REPRESENTATION_ITEM('')
SURFACE()
);
#1013=(
BOUNDED_SURFACE()
B_SPLINE_SURFACE(2,1,((#1394,#1395),(#1396,#1397),(#1398,#1399),(#1400,
#1401),(#1402,#1403),(#1404,#1405),(#1406,#1407),(#1408,#1409),(#1410,#1411)),
 .UNSPECIFIED.,.T.,.F.,.F.)
B_SPLINE_SURFACE_WITH_KNOTS((3,2,2,2,3),(2,2),(0.,0.000628318530717959,
0.00125663706143592,0.00188495559215388,0.00251327412287183),(0.,0.0139407257462013),
 .UNSPECIFIED.)
GEOMETRIC_REPRESENTATION_ITEM()
RATIONAL_B_SPLINE_SURFACE(((1.,1.),(0.707106781186548,0.707106781186548),
(1.,1.),(0.707106781186548,0.707106781186548),(1.,1.),(0.707106781186548,
0.707106781186548),(1.,1.),(0.707106781186548,0.707106781186548),(1.,1.)))
REPRESENTATION_ITEM('')
SURFACE()
);
#1014=(
BOUNDED_SURFACE()
B_SPLINE_SURFACE(2,1,((#1412,#1413),(#1414,#1415),(#1416,#1417),(#1418,
#1419),(#1420,#1421),(#1422,#1423),(#1424,#1425),(#1426,#1427),(#1428,#1429)),
 .UNSPECIFIED.,.T.,.F.,.F.)
B_SPLINE_SURFACE_WITH_KNOTS((3,2,2,2,3),(2,2),(0.,0.000628318530717971,
0.00125663706143594,0.00188495559215391,0.00251327412287188),(0.,0.014017422235273),
 .UNSPECIFIED.)
GEOMETRIC_REPRESENTATION_ITEM()
RATIONAL_B_SPLINE_SURFACE(((1.,1.),(0.707106781186548,0.707106781186548),
(1.,1.),(0.707106781186548,0.707106781186548),(1.,1.),(0.707106781186548,
0.707106781186548),(1.,1.),(0.707106781186548,0.707106781186548),(1.,1.)))
REPRESENTATION_ITEM('')
SURFACE()
);
#1015=(
BOUNDED_SURFACE()
B_SPLINE_SURFACE(2,1,((#1430,#1431),(#1432,#1433),(#1434,#1435),(#1436,
#1437),(#1438,#1439),(#1440,#1441),(#1442,#1443),(#1444,#1445),(#1446,#1447)),
 .UNSPECIFIED.,.T.,.F.,.F.)
B_SPLINE_SURFACE_WITH_KNOTS((3,2,2,2,3),(2,2),(0.,0.000628318530717959,
0.00125663706143592,0.00188495559215388,0.00251327412287184),(0.,0.0672071451937933),
 .UNSPECIFIED.)
GEOMETRIC_REPRESENTATION_ITEM()
RATIONAL_B_SPLINE_SURFACE(((1.,1.),(0.707106781186548,0.707106781186548),
(1.,1.),(0.707106781186548,0.707106781186548),(1.,1.),(0.707106781186548,
0.707106781186548),(1.,1.),(0.707106781186548,0.707106781186548),(1.,1.)))
REPRESENTATION_ITEM('')
SURFACE()
);
#1016=(
BOUNDED_SURFACE()
B_SPLINE_SURFACE(2,1,((#1448,#1449),(#1450,#1451),(#1452,#1453),(#1454,
#1455),(#1456,#1457),(#1458,#1459),(#1460,#1461),(#1462,#1463),(#1464,#1465)),
 .UNSPECIFIED.,.T.,.F.,.F.)
B_SPLINE_SURFACE_WITH_KNOTS((3,2,2,2,3),(2,2),(0.,0.000628318530717963,
0.00125663706143593,0.00188495559215389,0.00251327412287185),(0.,0.014017422235273),
 .UNSPECIFIED.)
GEOMETRIC_REPRESENTATION_ITEM()
RATIONAL_B_SPLINE_SURFACE(((1.,1.),(0.707106781186548,0.707106781186548),
(1.,1.),(0.707106781186548,0.707106781186548),(1.,1.),(0.707106781186548,
0.707106781186548),(1.,1.),(0.707106781186548,0.707106781186548),(1.,1.)))
REPRESENTATION_ITEM('')
SURFACE()
);
#1017=(
BOUNDED_SURFACE()
B_SPLINE_SURFACE(2,1,((#1466,#1467),(#1468,#1469),(#1470,#1471),(#1472,
#1473),(#1474,#1475),(#1476,#1477),(#1478,#1479),(#1480,#1481),(#1482,#1483)),
 .UNSPECIFIED.,.T.,.F.,.F.)
B_SPLINE_SURFACE_WITH_KNOTS((3,2,2,2,3),(2,2),(0.,0.000628318530717959,
0.00125663706143592,0.00188495559215388,0.00251327412287183),(0.,0.0139407257462013),
 .UNSPECIFIED.)
GEOMETRIC_REPRESENTATION_ITEM()
RATIONAL_B_SPLINE_SURFACE(((1.,1.),(0.707106781186548,0.707106781186548),
(1.,1.),(0.707106781186548,0.707106781186548),(1.,1.),(0.707106781186548,
0.707106781186548),(1.,1.),(0.707106781186548,0.707106781186548),(1.,1.)))
REPRESENTATION_ITEM('')
SURFACE()
);
#1018=(
BOUNDED_SURFACE()
B_SPLINE_SURFACE(2,1,((#1484,#1485),(#1486,#1487),(#1488,#1489),(#1490,
#1491),(#1492,#1493)),.UNSPECIFIED.,.F.,.F.,.F.)
B_SPLINE_SURFACE_WITH_KNOTS((3,2,3),(2,2),(0.0113097335529233,0.0169646003293849,
0.0226194671058465),(0.,0.00505496955362256),.UNSPECIFIED.)
GEOMETRIC_REPRESENTATION_ITEM()
RATIONAL_B_SPLINE_SURFACE(((1.,1.),(0.707106781186548,0.707106781186548),
(1.,1.),(0.707106781186548,0.707106781186548),(1.,1.)))
REPRESENTATION_ITEM('')
SURFACE()
);
#1019=(
BOUNDED_SURFACE()
B_SPLINE_SURFACE(2,1,((#1494,#1495),(#1496,#1497),(#1498,#1499),(#1500,
#1501),(#1502,#1503)),.UNSPECIFIED.,.F.,.F.,.F.)
B_SPLINE_SURFACE_WITH_KNOTS((3,2,3),(2,2),(0.0113097335529233,0.0169646003293849,
0.0226194671058465),(0.,0.00505496955362256),.UNSPECIFIED.)
GEOMETRIC_REPRESENTATION_ITEM()
RATIONAL_B_SPLINE_SURFACE(((1.,1.),(0.707106781186548,0.707106781186548),
(1.,1.),(0.707106781186548,0.707106781186548),(1.,1.)))
REPRESENTATION_ITEM('')
SURFACE()
);
#1020=PLANE('',#1086);
#1021=PLANE('',#1087);
#1022=PLANE('',#1088);
#1023=PLANE('',#1089);
#1024=PLANE('',#1090);
#1025=PLANE('',#1091);
#1026=PLANE('',#1092);
#1027=PLANE('',#1093);
#1028=PLANE('',#1094);
#1029=PLANE('',#1095);
#1030=PLANE('',#1096);
#1031=PLANE('',#1097);
#1032=PLANE('',#1098);
#1033=PLANE('',#1099);
#1034=PLANE('',#1100);
#1035=PLANE('',#1101);
#1036=PLANE('',#1102);
#1037=PLANE('',#1103);
#1038=PLANE('',#1104);
#1039=PLANE('',#1105);
#1040=PLANE('',#1106);
#1041=PLANE('',#1107);
#1042=PLANE('',#1108);
#1043=PLANE('',#1109);
#1044=PLANE('',#1110);
#1045=PLANE('',#1111);
#1046=PLANE('',#1112);
#1047=PLANE('',#1113);
#1048=PLANE('',#1114);
#1049=PLANE('',#1115);
#1050=PLANE('',#1116);
#1051=PLANE('',#1117);
#1052=PLANE('',#1118);
#1053=PLANE('',#1119);
#1054=PLANE('',#1120);
#1055=PLANE('',#1121);
#1056=PLANE('',#1122);
#1057=PLANE('',#1123);
#1058=PLANE('',#1124);
#1059=PLANE('',#1125);
#1060=PLANE('',#1126);
#1061=PLANE('',#1127);
#1062=PLANE('',#1128);
#1063=PLANE('',#1129);
#1064=PLANE('',#1130);
#1065=PLANE('',#1131);
#1066=SHAPE_DEFINITION_REPRESENTATION(#1067,#1084);
#1067=PRODUCT_DEFINITION_SHAPE('Document','',#1069);
#1068=PRODUCT_DEFINITION_CONTEXT('3D Mechanical Parts',#1073,'design');
#1069=PRODUCT_DEFINITION('A','First version',#1070,#1068);
#1070=PRODUCT_DEFINITION_FORMATION_WITH_SPECIFIED_SOURCE('A',
'First version',#1075,.MADE.);
#1071=PRODUCT_RELATED_PRODUCT_CATEGORY('tool','tool',(#1075));
#1072=APPLICATION_PROTOCOL_DEFINITION('Draft International Standard',
'automotive_design',1999,#1073);
#1073=APPLICATION_CONTEXT(
'data for automotive mechanical design processes');
#1074=PRODUCT_CONTEXT('3D Mechanical Parts',#1073,'mechanical');
#1075=PRODUCT('Document','Document','Rhino converted to STEP',(#1074));
#1076=(
LENGTH_UNIT()
NAMED_UNIT(*)
SI_UNIT(.MILLI.,.METRE.)
);
#1077=(
NAMED_UNIT(*)
PLANE_ANGLE_UNIT()
SI_UNIT($,.RADIAN.)
);
#1078=DIMENSIONAL_EXPONENTS(0.,0.,0.,0.,0.,0.,0.);
#1079=PLANE_ANGLE_MEASURE_WITH_UNIT(PLANE_ANGLE_MEASURE(0.01745329252),
#1077);
#1080=(
CONVERSION_BASED_UNIT('DEGREES',#1079)
NAMED_UNIT(#1078)
PLANE_ANGLE_UNIT()
);
#1081=(
NAMED_UNIT(*)
SI_UNIT($,.STERADIAN.)
SOLID_ANGLE_UNIT()
);
#1082=UNCERTAINTY_MEASURE_WITH_UNIT(LENGTH_MEASURE(0.001),#1076,
'DISTANCE_ACCURACY_VALUE',
'Maximum model space distance between geometric entities at asserted c
onnectivities');
#1083=(
GEOMETRIC_REPRESENTATION_CONTEXT(3)
GLOBAL_UNCERTAINTY_ASSIGNED_CONTEXT((#1082))
GLOBAL_UNIT_ASSIGNED_CONTEXT((#1081,#1080,#1076))
REPRESENTATION_CONTEXT('ID1','3D')
);
#1084=SHAPE_REPRESENTATION('Document',(#1085,#1132),#1083);
#1085=AXIS2_PLACEMENT_3D('',#1183,#1133,#1134);
#1086=AXIS2_PLACEMENT_3D('',#1184,#1135,$);
#1087=AXIS2_PLACEMENT_3D('',#1185,#1136,$);
#1088=AXIS2_PLACEMENT_3D('',#1186,#1137,$);
#1089=AXIS2_PLACEMENT_3D('',#1187,#1138,$);
#1090=AXIS2_PLACEMENT_3D('',#1188,#1139,$);
#1091=AXIS2_PLACEMENT_3D('',#1189,#1140,$);
#1092=AXIS2_PLACEMENT_3D('',#1190,#1141,$);
#1093=AXIS2_PLACEMENT_3D('',#1191,#1142,$);
#1094=AXIS2_PLACEMENT_3D('',#1192,#1143,$);
#1095=AXIS2_PLACEMENT_3D('',#1193,#1144,$);
#1096=AXIS2_PLACEMENT_3D('',#1194,#1145,$);
#1097=AXIS2_PLACEMENT_3D('',#1195,#1146,$);
#1098=AXIS2_PLACEMENT_3D('',#1196,#1147,$);
#1099=AXIS2_PLACEMENT_3D('',#1207,#1148,$);
#1100=AXIS2_PLACEMENT_3D('',#1208,#1149,$);
#1101=AXIS2_PLACEMENT_3D('',#1209,#1150,$);
#1102=AXIS2_PLACEMENT_3D('',#1210,#1151,$);
#1103=AXIS2_PLACEMENT_3D('',#1211,#1152,$);
#1104=AXIS2_PLACEMENT_3D('',#1212,#1153,$);
#1105=AXIS2_PLACEMENT_3D('',#1213,#1154,$);
#1106=AXIS2_PLACEMENT_3D('',#1214,#1155,$);
#1107=AXIS2_PLACEMENT_3D('',#1215,#1156,$);
#1108=AXIS2_PLACEMENT_3D('',#1216,#1157,$);
#1109=AXIS2_PLACEMENT_3D('',#1217,#1158,$);
#1110=AXIS2_PLACEMENT_3D('',#1218,#1159,$);
#1111=AXIS2_PLACEMENT_3D('',#1219,#1160,$);
#1112=AXIS2_PLACEMENT_3D('',#1230,#1161,$);
#1113=AXIS2_PLACEMENT_3D('',#1231,#1162,$);
#1114=AXIS2_PLACEMENT_3D('',#1232,#1163,$);
#1115=AXIS2_PLACEMENT_3D('',#1233,#1164,$);
#1116=AXIS2_PLACEMENT_3D('',#1234,#1165,$);
#1117=AXIS2_PLACEMENT_3D('',#1235,#1166,$);
#1118=AXIS2_PLACEMENT_3D('',#1236,#1167,$);
#1119=AXIS2_PLACEMENT_3D('',#1237,#1168,$);
#1120=AXIS2_PLACEMENT_3D('',#1238,#1169,$);
#1121=AXIS2_PLACEMENT_3D('',#1239,#1170,$);
#1122=AXIS2_PLACEMENT_3D('',#1240,#1171,$);
#1123=AXIS2_PLACEMENT_3D('',#1241,#1172,$);
#1124=AXIS2_PLACEMENT_3D('',#1242,#1173,$);
#1125=AXIS2_PLACEMENT_3D('',#1243,#1174,$);
#1126=AXIS2_PLACEMENT_3D('',#1244,#1175,$);
#1127=AXIS2_PLACEMENT_3D('',#1389,#1176,$);
#1128=AXIS2_PLACEMENT_3D('',#1390,#1177,$);
#1129=AXIS2_PLACEMENT_3D('',#1391,#1178,$);
#1130=AXIS2_PLACEMENT_3D('',#1392,#1179,$);
#1131=AXIS2_PLACEMENT_3D('',#1393,#1180,$);
#1132=AXIS2_PLACEMENT_3D('',#2018,#1181,#1182);
#1133=DIRECTION('',(0.,0.,1.));
#1134=DIRECTION('',(1.,0.,0.));
#1135=DIRECTION('',(0.699928582359658,-0.714212839142507,0.));
#1136=DIRECTION('',(-0.699928582359657,-0.714212839142507,0.));
#1137=DIRECTION('',(-0.623927412448201,-0.631969756221861,-0.459705135077447));
#1138=DIRECTION('',(0.623927412448201,-0.631969756221864,-0.459705135077444));
#1139=DIRECTION('',(1.,0.,0.));
#1140=DIRECTION('',(0.707106781186548,0.,-0.707106781186547));
#1141=DIRECTION('',(-1.,0.,0.));
#1142=DIRECTION('',(-0.707106781186548,0.,-0.707106781186547));
#1143=DIRECTION('',(0.,1.,0.));
#1144=DIRECTION('',(-0.699928582359658,0.714212839142507,0.));
#1145=DIRECTION('',(0.,0.,1.));
#1146=DIRECTION('',(-0.936329177569045,0.351123441588391,0.));
#1147=DIRECTION('',(-0.866025403784439,-0.5,0.));
#1148=DIRECTION('',(1.,0.,0.));
#1149=DIRECTION('',(-1.,0.,0.));
#1150=DIRECTION('',(0.699928582359657,0.714212839142507,0.));
#1151=DIRECTION('',(0.,1.,0.));
#1152=DIRECTION('',(0.,1.,0.));
#1153=DIRECTION('',(0.,0.,1.));
#1154=DIRECTION('',(0.707106781186548,0.,0.707106781186547));
#1155=DIRECTION('',(0.5,0.5,0.707106781186547));
#1156=DIRECTION('',(0.,0.707106781186548,0.707106781186547));
#1157=DIRECTION('',(-0.5,0.5,0.707106781186548));
#1158=DIRECTION('',(-0.707106781186548,0.,0.707106781186547));
#1159=DIRECTION('',(0.,0.707106781186547,-0.707106781186548));
#1160=DIRECTION('',(0.,0.707106781186547,-0.707106781186547));
#1161=DIRECTION('',(0.936329177569045,0.351123441588391,0.));
#1162=DIRECTION('',(0.866025403784439,-0.5,0.));
#1163=DIRECTION('',(0.866025403784438,-0.288675134594813,-0.408248290463863));
#1164=DIRECTION('',(0.,0.707106781186547,0.707106781186548));
#1165=DIRECTION('',(0.,0.707106781186547,0.707106781186547));
#1166=DIRECTION('',(-1.,0.,0.));
#1167=DIRECTION('',(1.,0.,0.));
#1168=DIRECTION('',(0.,-1.,0.));
#1169=DIRECTION('',(-1.,0.,0.));
#1170=DIRECTION('',(1.,0.,0.));
#1171=DIRECTION('',(0.,0.,-1.));
#1172=DIRECTION('',(-0.707106781186547,-0.707106781186547,0.));
#1173=DIRECTION('',(0.707106781186548,-0.707106781186547,0.));
#1174=DIRECTION('',(0.707106781186548,0.707106781186547,0.));
#1175=DIRECTION('',(-0.707106781186548,0.707106781186547,0.));
#1176=DIRECTION('',(0.923879532511285,0.,-0.382683432365095));
#1177=DIRECTION('',(0.653281482438187,0.653281482438188,-0.382683432365092));
#1178=DIRECTION('',(0.,0.923879532511286,-0.382683432365091));
#1179=DIRECTION('',(-0.653281482438189,0.653281482438188,-0.382683432365089));
#1180=DIRECTION('',(-0.923879532511285,0.,-0.382683432365094));
#1181=DIRECTION('',(0.,0.,1.));
#1182=DIRECTION('',(1.,0.,0.));
#1183=CARTESIAN_POINT('',(0.,0.,0.));
#1184=CARTESIAN_POINT('',(-395.908312162306,-460.161691385869,-616.364869270772));
#1185=CARTESIAN_POINT('',(395.908312162306,-460.161691385869,-616.364869270773));
#1186=CARTESIAN_POINT('',(-513.2695740769,633.72663501515,-288.118320512927));
#1187=CARTESIAN_POINT('',(-442.503536403634,16.6389509540259,-736.997992938829));
#1188=CARTESIAN_POINT('',(39.8,588.444604505133,600.834454298898));
#1189=CARTESIAN_POINT('',(465.664068711928,-632.376229933879,405.698523010826));
#1190=CARTESIAN_POINT('',(-39.8,588.444604505133,600.834454298898));
#1191=CARTESIAN_POINT('',(390.064068711928,588.094880366008,-450.029614413031));
#1192=CARTESIAN_POINT('',(639.6,-35.9110454923161,600.744454298898));
#1193=CARTESIAN_POINT('',(-398.239701037024,-457.545952508601,-619.476244124328));
#1194=CARTESIAN_POINT('',(572.554651283976,565.501137048379,-19.1655457011024));
#1195=CARTESIAN_POINT('',(248.190278169261,544.363029625715,595.354454298898));
#1196=CARTESIAN_POINT('',(336.813845645851,-547.835909771112,594.842489389334));
#1197=CARTESIAN_POINT('',(33.3662779091793,-19.4110454923161,-10.1655457011024));
#1198=CARTESIAN_POINT('',(38.4212474628019,-19.4110454923161,-10.1655457011024));
#1199=CARTESIAN_POINT('',(33.3662779091793,-19.4110454923161,-6.5655457011024));
#1200=CARTESIAN_POINT('',(38.4212474628019,-19.4110454923161,-6.5655457011024));
#1201=CARTESIAN_POINT('',(33.3662779091793,-23.0110454923161,-6.5655457011024));
#1202=CARTESIAN_POINT('',(38.4212474628019,-23.0110454923161,-6.5655457011024));
#1203=CARTESIAN_POINT('',(33.3662779091793,-26.6110454923161,-6.5655457011024));
#1204=CARTESIAN_POINT('',(38.4212474628019,-26.6110454923161,-6.5655457011024));
#1205=CARTESIAN_POINT('',(33.3662779091793,-26.6110454923161,-10.1655457011024));
#1206=CARTESIAN_POINT('',(38.4212474628019,-26.6110454923161,-10.1655457011024));
#1207=CARTESIAN_POINT('',(-37.0000000000006,588.228954507684,-622.065545701102));
#1208=CARTESIAN_POINT('',(37.,588.228954507684,-622.065545701102));
#1209=CARTESIAN_POINT('',(398.239701037024,-457.5459525086,-619.476244124328));
#1210=CARTESIAN_POINT('',(566.68,-14.6110454923161,597.634454298898));
#1211=CARTESIAN_POINT('',(641.48,-14.6110454923161,-623.965545701102));
#1212=CARTESIAN_POINT('',(648.96,589.418954507684,-2.1655457011024));
#1213=CARTESIAN_POINT('',(392.628344991732,587.88606128887,-448.793890692835));
#1214=CARTESIAN_POINT('',(-158.271905435184,705.63161389946,-451.873757565229));
#1215=CARTESIAN_POINT('',(-635.435575746754,393.607299499416,-448.783890692835));
#1216=CARTESIAN_POINT('',(-93.9410989893512,-767.884511329925,411.717961040174));
#1217=CARTESIAN_POINT('',(462.84263928282,-630.079220085368,406.677093581718));
#1218=CARTESIAN_POINT('',(640.570286299644,411.153023219613,404.598523010826));
#1219=CARTESIAN_POINT('',(568.673149296082,-443.375114204244,-449.929614413031));
#1220=CARTESIAN_POINT('',(-33.3662779091793,-26.6110454923161,-10.1655457011024));
#1221=CARTESIAN_POINT('',(-38.4212474628019,-26.6110454923161,-10.1655457011024));
#1222=CARTESIAN_POINT('',(-33.3662779091793,-26.6110454923161,-6.5655457011024));
#1223=CARTESIAN_POINT('',(-38.4212474628019,-26.6110454923161,-6.56554570110241));
#1224=CARTESIAN_POINT('',(-33.3662779091793,-23.0110454923161,-6.5655457011024));
#1225=CARTESIAN_POINT('',(-38.4212474628019,-23.0110454923161,-6.56554570110241));
#1226=CARTESIAN_POINT('',(-33.3662779091793,-19.4110454923161,-6.5655457011024));
#1227=CARTESIAN_POINT('',(-38.4212474628019,-19.4110454923161,-6.56554570110241));
#1228=CARTESIAN_POINT('',(-33.3662779091793,-19.4110454923161,-10.1655457011024));
#1229=CARTESIAN_POINT('',(-38.4212474628019,-19.4110454923161,-10.1655457011024));
#1230=CARTESIAN_POINT('',(-248.190278169261,544.363029625715,-615.685545701102));
#1231=CARTESIAN_POINT('',(-336.813845645851,-547.835909771112,-615.173580791539));
#1232=CARTESIAN_POINT('',(384.812928079761,540.300430501909,451.069008859382));
#1233=CARTESIAN_POINT('',(-564.48,-443.375114204245,423.598523010826));
#1234=CARTESIAN_POINT('',(-641.28,411.153023219612,-430.929614413031));
#1235=CARTESIAN_POINT('',(-39.8,559.655502129768,-627.565545701102));
#1236=CARTESIAN_POINT('',(-36.8,557.455502129768,601.234454298898));
#1237=CARTESIAN_POINT('',(636.214415587728,-38.911045492316,-627.565545701102));
#1238=CARTESIAN_POINT('',(36.8,557.455502129768,-627.565545701102));
#1239=CARTESIAN_POINT('',(39.8,559.655502129768,601.234454298898));
#1240=CARTESIAN_POINT('',(-648.96,589.418954507684,-24.1655457011024));
#1241=CARTESIAN_POINT('',(462.436860918064,-471.54790641038,-627.565545701102));
#1242=CARTESIAN_POINT('',(395.836860918064,386.725815425748,-627.565545701102));
#1243=CARTESIAN_POINT('',(-395.688610556541,391.577565064225,601.234454298898));
#1244=CARTESIAN_POINT('',(-465.696110885198,-469.807156377515,601.234454298898));
#1245=CARTESIAN_POINT('',(-33.8,-46.5323658358757,-27.5655457011024));
#1246=CARTESIAN_POINT('',(-33.8,-45.0323658358757,-27.5655457011024));
#1247=CARTESIAN_POINT('',(-35.3,-45.0323658358757,-27.5655457011024));
#1248=CARTESIAN_POINT('',(-36.8,-45.0323658358757,-27.5655457011024));
#1249=CARTESIAN_POINT('',(-36.8,-46.5323658358757,-27.5655457011024));
#1250=CARTESIAN_POINT('',(-36.8,-48.0323658358756,-27.5655457011024));
#1251=CARTESIAN_POINT('',(-35.3,-48.0323658358757,-27.5655457011024));
#1252=CARTESIAN_POINT('',(-33.8,-48.0323658358756,-27.5655457011024));
#1253=CARTESIAN_POINT('',(-33.8,-46.5323658358757,-27.5655457011024));
#1254=CARTESIAN_POINT('',(-33.8,-46.5323658358757,1.2344542988976));
#1255=CARTESIAN_POINT('',(-33.8,-45.0323658358757,1.2344542988976));
#1256=CARTESIAN_POINT('',(-35.3,-45.0323658358757,1.2344542988976));
#1257=CARTESIAN_POINT('',(-36.8,-45.0323658358757,1.2344542988976));
#1258=CARTESIAN_POINT('',(-36.8,-46.5323658358757,1.2344542988976));
#1259=CARTESIAN_POINT('',(-36.8,-48.0323658358756,1.2344542988976));
#1260=CARTESIAN_POINT('',(-35.3,-48.0323658358757,1.2344542988976));
#1261=CARTESIAN_POINT('',(-33.8,-48.0323658358756,1.2344542988976));
#1262=CARTESIAN_POINT('',(-33.8,-46.5323658358757,1.2344542988976));
#1263=CARTESIAN_POINT('',(-36.8,-44.5323658358757,1.2344542988976));
#1264=CARTESIAN_POINT('',(-36.8,-44.5323658358757,-27.5655457011024));
#1265=CARTESIAN_POINT('',(-36.8,-46.0323658358757,1.2344542988976));
#1266=CARTESIAN_POINT('',(-36.8,-46.0323658358757,-27.5655457011024));
#1267=CARTESIAN_POINT('',(-38.3,-46.0323658358757,1.2344542988976));
#1268=CARTESIAN_POINT('',(-38.3,-46.0323658358757,-27.5655457011024));
#1269=CARTESIAN_POINT('',(-39.8,-46.0323658358757,1.2344542988976));
#1270=CARTESIAN_POINT('',(-39.8,-46.0323658358757,-27.5655457011024));
#1271=CARTESIAN_POINT('',(-39.8,-44.5323658358757,1.2344542988976));
#1272=CARTESIAN_POINT('',(-39.8,-44.5323658358757,-27.5655457011024));
#1273=CARTESIAN_POINT('',(-39.8,-43.0323658358757,1.2344542988976));
#1274=CARTESIAN_POINT('',(-39.8,-43.0323658358757,-27.5655457011024));
#1275=CARTESIAN_POINT('',(-38.3,-43.0323658358757,1.2344542988976));
#1276=CARTESIAN_POINT('',(-38.3,-43.0323658358757,-27.5655457011024));
#1277=CARTESIAN_POINT('',(-36.8,-43.0323658358757,1.2344542988976));
#1278=CARTESIAN_POINT('',(-36.8,-43.0323658358757,-27.5655457011024));
#1279=CARTESIAN_POINT('',(-36.8,-44.5323658358757,1.2344542988976));
#1280=CARTESIAN_POINT('',(-36.8,-44.5323658358757,-27.5655457011024));
#1281=CARTESIAN_POINT('',(-27.6786796564403,-40.4110454923161,1.2344542988976));
#1282=CARTESIAN_POINT('',(-27.6786796564403,-41.9110454923161,1.2344542988976));
#1283=CARTESIAN_POINT('',(-29.1786796564403,-41.9110454923161,1.2344542988976));
#1284=CARTESIAN_POINT('',(-30.6786796564403,-41.9110454923161,1.2344542988976));
#1285=CARTESIAN_POINT('',(-30.6786796564403,-40.4110454923161,1.2344542988976));
#1286=CARTESIAN_POINT('',(-30.6786796564403,-38.9110454923161,1.2344542988976));
#1287=CARTESIAN_POINT('',(-29.1786796564403,-38.9110454923161,1.2344542988976));
#1288=CARTESIAN_POINT('',(-27.6786796564403,-38.9110454923161,1.2344542988976));
#1289=CARTESIAN_POINT('',(-27.6786796564403,-40.4110454923161,1.2344542988976));
#1290=CARTESIAN_POINT('',(-27.6786796564403,-40.4110454923161,-27.5655457011024));
#1291=CARTESIAN_POINT('',(-27.6786796564403,-41.9110454923161,-27.5655457011024));
#1292=CARTESIAN_POINT('',(-29.1786796564403,-41.9110454923161,-27.5655457011024));
#1293=CARTESIAN_POINT('',(-30.6786796564403,-41.9110454923161,-27.5655457011024));
#1294=CARTESIAN_POINT('',(-30.6786796564403,-40.4110454923161,-27.5655457011024));
#1295=CARTESIAN_POINT('',(-30.6786796564403,-38.9110454923161,-27.5655457011024));
#1296=CARTESIAN_POINT('',(-29.1786796564403,-38.9110454923161,-27.5655457011024));
#1297=CARTESIAN_POINT('',(-27.6786796564403,-38.9110454923161,-27.5655457011024));
#1298=CARTESIAN_POINT('',(-27.6786796564403,-40.4110454923161,-27.5655457011024));
#1299=CARTESIAN_POINT('',(27.6786796564403,-40.4110454923161,-27.5655457011024));
#1300=CARTESIAN_POINT('',(27.6786796564403,-41.9110454923161,-27.5655457011024));
#1301=CARTESIAN_POINT('',(29.1786796564403,-41.9110454923161,-27.5655457011024));
#1302=CARTESIAN_POINT('',(30.6786796564403,-41.9110454923161,-27.5655457011024));
#1303=CARTESIAN_POINT('',(30.6786796564403,-40.4110454923161,-27.5655457011024));
#1304=CARTESIAN_POINT('',(30.6786796564403,-38.9110454923161,-27.5655457011024));
#1305=CARTESIAN_POINT('',(29.1786796564403,-38.9110454923161,-27.5655457011024));
#1306=CARTESIAN_POINT('',(27.6786796564403,-38.9110454923161,-27.5655457011024));
#1307=CARTESIAN_POINT('',(27.6786796564403,-40.4110454923161,-27.5655457011024));
#1308=CARTESIAN_POINT('',(27.6786796564403,-40.4110454923161,1.2344542988976));
#1309=CARTESIAN_POINT('',(27.6786796564403,-41.9110454923161,1.2344542988976));
#1310=CARTESIAN_POINT('',(29.1786796564403,-41.9110454923161,1.2344542988976));
#1311=CARTESIAN_POINT('',(30.6786796564403,-41.9110454923161,1.2344542988976));
#1312=CARTESIAN_POINT('',(30.6786796564403,-40.4110454923161,1.2344542988976));
#1313=CARTESIAN_POINT('',(30.6786796564403,-38.9110454923161,1.2344542988976));
#1314=CARTESIAN_POINT('',(29.1786796564403,-38.9110454923161,1.2344542988976));
#1315=CARTESIAN_POINT('',(27.6786796564403,-38.9110454923161,1.2344542988976));
#1316=CARTESIAN_POINT('',(27.6786796564403,-40.4110454923161,1.2344542988976));
#1317=CARTESIAN_POINT('',(36.8,-44.5323658358757,-27.5655457011024));
#1318=CARTESIAN_POINT('',(36.8,-44.5323658358757,1.2344542988976));
#1319=CARTESIAN_POINT('',(36.8,-46.0323658358757,-27.5655457011024));
#1320=CARTESIAN_POINT('',(36.8,-46.0323658358757,1.2344542988976));
#1321=CARTESIAN_POINT('',(38.3,-46.0323658358757,-27.5655457011024));
#1322=CARTESIAN_POINT('',(38.3,-46.0323658358757,1.2344542988976));
#1323=CARTESIAN_POINT('',(39.8,-46.0323658358757,-27.5655457011024));
#1324=CARTESIAN_POINT('',(39.8,-46.0323658358757,1.2344542988976));
#1325=CARTESIAN_POINT('',(39.8,-44.5323658358757,-27.5655457011024));
#1326=CARTESIAN_POINT('',(39.8,-44.5323658358757,1.2344542988976));
#1327=CARTESIAN_POINT('',(39.8,-43.0323658358757,-27.5655457011024));
#1328=CARTESIAN_POINT('',(39.8,-43.0323658358757,1.2344542988976));
#1329=CARTESIAN_POINT('',(38.3,-43.0323658358757,-27.5655457011024));
#1330=CARTESIAN_POINT('',(38.3,-43.0323658358757,1.2344542988976));
#1331=CARTESIAN_POINT('',(36.8,-43.0323658358757,-27.5655457011024));
#1332=CARTESIAN_POINT('',(36.8,-43.0323658358757,1.2344542988976));
#1333=CARTESIAN_POINT('',(36.8,-44.5323658358757,-27.5655457011024));
#1334=CARTESIAN_POINT('',(36.8,-44.5323658358757,1.2344542988976));
#1335=CARTESIAN_POINT('',(33.8,-46.5323658358757,1.2344542988976));
#1336=CARTESIAN_POINT('',(33.8,-45.0323658358757,1.2344542988976));
#1337=CARTESIAN_POINT('',(35.3,-45.0323658358757,1.2344542988976));
#1338=CARTESIAN_POINT('',(36.8,-45.0323658358757,1.2344542988976));
#1339=CARTESIAN_POINT('',(36.8,-46.5323658358757,1.2344542988976));
#1340=CARTESIAN_POINT('',(36.8,-48.0323658358756,1.2344542988976));
#1341=CARTESIAN_POINT('',(35.3,-48.0323658358757,1.2344542988976));
#1342=CARTESIAN_POINT('',(33.8,-48.0323658358756,1.2344542988976));
#1343=CARTESIAN_POINT('',(33.8,-46.5323658358757,1.2344542988976));
#1344=CARTESIAN_POINT('',(33.8,-46.5323658358757,-27.5655457011024));
#1345=CARTESIAN_POINT('',(33.8,-45.0323658358757,-27.5655457011024));
#1346=CARTESIAN_POINT('',(35.3,-45.0323658358757,-27.5655457011024));
#1347=CARTESIAN_POINT('',(36.8,-45.0323658358757,-27.5655457011024));
#1348=CARTESIAN_POINT('',(36.8,-46.5323658358757,-27.5655457011024));
#1349=CARTESIAN_POINT('',(36.8,-48.0323658358756,-27.5655457011024));
#1350=CARTESIAN_POINT('',(35.3,-48.0323658358757,-27.5655457011024));
#1351=CARTESIAN_POINT('',(33.8,-48.0323658358756,-27.5655457011024));
#1352=CARTESIAN_POINT('',(33.8,-46.5323658358757,-27.5655457011024));
#1353=CARTESIAN_POINT('',(38.3,-72.9110454923161,1.2344542988976));
#1354=CARTESIAN_POINT('',(38.3,-72.9110454923161,-27.5655457011024));
#1355=CARTESIAN_POINT('',(39.8,-72.9110454923161,1.2344542988976));
#1356=CARTESIAN_POINT('',(39.8,-72.9110454923161,-27.5655457011024));
#1357=CARTESIAN_POINT('',(39.8,-74.4110454923161,1.2344542988976));
#1358=CARTESIAN_POINT('',(39.8,-74.4110454923161,-27.5655457011024));
#1359=CARTESIAN_POINT('',(39.8,-75.9110454923161,1.2344542988976));
#1360=CARTESIAN_POINT('',(39.8,-75.9110454923161,-27.5655457011024));
#1361=CARTESIAN_POINT('',(38.3,-75.9110454923161,1.2344542988976));
#1362=CARTESIAN_POINT('',(38.3,-75.9110454923161,-27.5655457011024));
#1363=CARTESIAN_POINT('',(36.8,-75.9110454923161,1.2344542988976));
#1364=CARTESIAN_POINT('',(36.8,-75.9110454923161,-27.5655457011024));
#1365=CARTESIAN_POINT('',(36.8,-74.4110454923161,1.2344542988976));
#1366=CARTESIAN_POINT('',(36.8,-74.4110454923161,-27.5655457011024));
#1367=CARTESIAN_POINT('',(36.8,-72.9110454923161,1.2344542988976));
#1368=CARTESIAN_POINT('',(36.8,-72.9110454923161,-27.5655457011024));
#1369=CARTESIAN_POINT('',(38.3,-72.9110454923161,1.2344542988976));
#1370=CARTESIAN_POINT('',(38.3,-72.9110454923161,-27.5655457011024));
#1371=CARTESIAN_POINT('',(-38.3,-72.911045492316,1.2344542988976));
#1372=CARTESIAN_POINT('',(-38.3,-72.911045492316,-27.5655457011024));
#1373=CARTESIAN_POINT('',(-36.8,-72.911045492316,1.2344542988976));
#1374=CARTESIAN_POINT('',(-36.8,-72.911045492316,-27.5655457011024));
#1375=CARTESIAN_POINT('',(-36.8,-74.411045492316,1.2344542988976));
#1376=CARTESIAN_POINT('',(-36.8,-74.411045492316,-27.5655457011024));
#1377=CARTESIAN_POINT('',(-36.8,-75.911045492316,1.2344542988976));
#1378=CARTESIAN_POINT('',(-36.8,-75.911045492316,-27.5655457011024));
#1379=CARTESIAN_POINT('',(-38.3,-75.911045492316,1.2344542988976));
#1380=CARTESIAN_POINT('',(-38.3,-75.911045492316,-27.5655457011024));
#1381=CARTESIAN_POINT('',(-39.8,-75.911045492316,1.2344542988976));
#1382=CARTESIAN_POINT('',(-39.8,-75.911045492316,-27.5655457011024));
#1383=CARTESIAN_POINT('',(-39.8,-74.411045492316,1.2344542988976));
#1384=CARTESIAN_POINT('',(-39.8,-74.411045492316,-27.5655457011024));
#1385=CARTESIAN_POINT('',(-39.8,-72.911045492316,1.2344542988976));
#1386=CARTESIAN_POINT('',(-39.8,-72.911045492316,-27.5655457011024));
#1387=CARTESIAN_POINT('',(-38.3,-72.911045492316,1.2344542988976));
#1388=CARTESIAN_POINT('',(-38.3,-72.911045492316,-27.5655457011024));
#1389=CARTESIAN_POINT('',(-263.692300900001,-628.239553944868,-580.019631165864));
#1390=CARTESIAN_POINT('',(235.664638016173,-622.054071605609,-582.095462541954));
#1391=CARTESIAN_POINT('',(633.720731598529,-262.703346392315,-580.019631165865));
#1392=CARTESIAN_POINT('',(296.001095392472,563.695523244677,534.495532789751));
#1393=CARTESIAN_POINT('',(-197.114715709443,585.295231500461,532.466917969326));
#1394=CARTESIAN_POINT('',(-33.4971370035618,-14.2350240557121,-22.8340941224898));
#1395=CARTESIAN_POINT('',(-33.4971370035618,-28.1757498019134,-22.8340941224898));
#1396=CARTESIAN_POINT('',(-33.8971370035618,-14.2350240557121,-22.8340941224898));
#1397=CARTESIAN_POINT('',(-33.8971370035618,-28.1757498019134,-22.8340941224898));
#1398=CARTESIAN_POINT('',(-33.8971370035618,-14.2350240557121,-23.2340941224898));
#1399=CARTESIAN_POINT('',(-33.8971370035618,-28.1757498019134,-23.2340941224898));
#1400=CARTESIAN_POINT('',(-33.8971370035618,-14.2350240557121,-23.6340941224898));
#1401=CARTESIAN_POINT('',(-33.8971370035618,-28.1757498019134,-23.6340941224898));
#1402=CARTESIAN_POINT('',(-33.4971370035618,-14.2350240557121,-23.6340941224898));
#1403=CARTESIAN_POINT('',(-33.4971370035618,-28.1757498019134,-23.6340941224898));
#1404=CARTESIAN_POINT('',(-33.0971370035618,-14.2350240557121,-23.6340941224898));
#1405=CARTESIAN_POINT('',(-33.0971370035618,-28.1757498019134,-23.6340941224898));
#1406=CARTESIAN_POINT('',(-33.0971370035618,-14.2350240557121,-23.2340941224898));
#1407=CARTESIAN_POINT('',(-33.0971370035618,-28.1757498019134,-23.2340941224898));
#1408=CARTESIAN_POINT('',(-33.0971370035618,-14.2350240557121,-22.8340941224898));
#1409=CARTESIAN_POINT('',(-33.0971370035618,-28.1757498019134,-22.8340941224898));
#1410=CARTESIAN_POINT('',(-33.4971370035618,-14.2350240557121,-22.8340941224898));
#1411=CARTESIAN_POINT('',(-33.4971370035618,-28.1757498019134,-22.8340941224898));
#1412=CARTESIAN_POINT('',(-35.5473855987168,-24.6466167737162,-23.2340941224898));
#1413=CARTESIAN_POINT('',(-25.6355712814001,-34.5584310910328,-23.2340941224898));
#1414=CARTESIAN_POINT('',(-35.5473855987168,-24.6466167737162,-23.6340941224898));
#1415=CARTESIAN_POINT('',(-25.6355712814001,-34.5584310910328,-23.6340941224898));
#1416=CARTESIAN_POINT('',(-35.2645428862421,-24.3637740612416,-23.6340941224898));
#1417=CARTESIAN_POINT('',(-25.3527285689255,-34.2755883785582,-23.6340941224898));
#1418=CARTESIAN_POINT('',(-34.9817001737675,-24.0809313487669,-23.6340941224898));
#1419=CARTESIAN_POINT('',(-25.0698858564509,-33.9927456660836,-23.6340941224898));
#1420=CARTESIAN_POINT('',(-34.9817001737675,-24.080931348767,-23.2340941224898));
#1421=CARTESIAN_POINT('',(-25.0698858564509,-33.9927456660836,-23.2340941224898));
#1422=CARTESIAN_POINT('',(-34.9817001737675,-24.0809313487669,-22.8340941224898));
#1423=CARTESIAN_POINT('',(-25.0698858564509,-33.9927456660836,-22.8340941224898));
#1424=CARTESIAN_POINT('',(-35.2645428862421,-24.3637740612416,-22.8340941224898));
#1425=CARTESIAN_POINT('',(-25.3527285689255,-34.2755883785582,-22.8340941224898));
#1426=CARTESIAN_POINT('',(-35.5473855987168,-24.6466167737162,-22.8340941224898));
#1427=CARTESIAN_POINT('',(-25.6355712814001,-34.5584310910328,-22.8340941224898));
#1428=CARTESIAN_POINT('',(-35.5473855987168,-24.6466167737162,-23.2340941224898));
#1429=CARTESIAN_POINT('',(-25.6355712814001,-34.5584310910328,-23.2340941224898));
#1430=CARTESIAN_POINT('',(-33.6035725968966,-32.9081824958779,-23.2340941224898));
#1431=CARTESIAN_POINT('',(33.6035725968966,-32.9081824958779,-23.2340941224898));
#1432=CARTESIAN_POINT('',(-33.6035725968966,-32.9081824958779,-23.6340941224898));
#1433=CARTESIAN_POINT('',(33.6035725968966,-32.9081824958779,-23.6340941224898));
#1434=CARTESIAN_POINT('',(-33.6035725968966,-32.5081824958779,-23.6340941224898));
#1435=CARTESIAN_POINT('',(33.6035725968966,-32.5081824958779,-23.6340941224898));
#1436=CARTESIAN_POINT('',(-33.6035725968966,-32.1081824958779,-23.6340941224898));
#1437=CARTESIAN_POINT('',(33.6035725968966,-32.1081824958779,-23.6340941224898));
#1438=CARTESIAN_POINT('',(-33.6035725968966,-32.1081824958779,-23.2340941224898));
#1439=CARTESIAN_POINT('',(33.6035725968966,-32.1081824958779,-23.2340941224898));
#1440=CARTESIAN_POINT('',(-33.6035725968966,-32.1081824958779,-22.8340941224898));
#1441=CARTESIAN_POINT('',(33.6035725968966,-32.1081824958779,-22.8340941224898));
#1442=CARTESIAN_POINT('',(-33.6035725968966,-32.5081824958779,-22.8340941224898));
#1443=CARTESIAN_POINT('',(33.6035725968966,-32.5081824958779,-22.8340941224898));
#1444=CARTESIAN_POINT('',(-33.6035725968966,-32.9081824958779,-22.8340941224898));
#1445=CARTESIAN_POINT('',(33.6035725968966,-32.9081824958779,-22.8340941224898));
#1446=CARTESIAN_POINT('',(-33.6035725968966,-32.9081824958779,-23.2340941224898));
#1447=CARTESIAN_POINT('',(33.6035725968966,-32.9081824958779,-23.2340941224898));
#1448=CARTESIAN_POINT('',(25.6355712814002,-34.5584310910328,-23.2340941224898));
#1449=CARTESIAN_POINT('',(35.5473855987168,-24.6466167737162,-23.2340941224898));
#1450=CARTESIAN_POINT('',(25.6355712814002,-34.5584310910328,-23.6340941224898));
#1451=CARTESIAN_POINT('',(35.5473855987168,-24.6466167737162,-23.6340941224898));
#1452=CARTESIAN_POINT('',(25.3527285689255,-34.2755883785582,-23.6340941224898));
#1453=CARTESIAN_POINT('',(35.2645428862422,-24.3637740612416,-23.6340941224898));
#1454=CARTESIAN_POINT('',(25.0698858564509,-33.9927456660836,-23.6340941224898));
#1455=CARTESIAN_POINT('',(34.9817001737675,-24.0809313487669,-23.6340941224898));
#1456=CARTESIAN_POINT('',(25.0698858564509,-33.9927456660836,-23.2340941224898));
#1457=CARTESIAN_POINT('',(34.9817001737675,-24.080931348767,-23.2340941224898));
#1458=CARTESIAN_POINT('',(25.0698858564509,-33.9927456660836,-22.8340941224898));
#1459=CARTESIAN_POINT('',(34.9817001737675,-24.0809313487669,-22.8340941224898));
#1460=CARTESIAN_POINT('',(25.3527285689255,-34.2755883785582,-22.8340941224898));
#1461=CARTESIAN_POINT('',(35.2645428862422,-24.3637740612416,-22.8340941224898));
#1462=CARTESIAN_POINT('',(25.6355712814002,-34.5584310910328,-22.8340941224898));
#1463=CARTESIAN_POINT('',(35.5473855987168,-24.6466167737162,-22.8340941224898));
#1464=CARTESIAN_POINT('',(25.6355712814002,-34.5584310910328,-23.2340941224898));
#1465=CARTESIAN_POINT('',(35.5473855987168,-24.6466167737162,-23.2340941224898));
#1466=CARTESIAN_POINT('',(33.4971370035618,-28.1757498019134,-23.6340941224898));
#1467=CARTESIAN_POINT('',(33.4971370035618,-14.2350240557121,-23.6340941224898));
#1468=CARTESIAN_POINT('',(33.0971370035618,-28.1757498019134,-23.6340941224898));
#1469=CARTESIAN_POINT('',(33.0971370035618,-14.2350240557121,-23.6340941224898));
#1470=CARTESIAN_POINT('',(33.0971370035618,-28.1757498019134,-23.2340941224898));
#1471=CARTESIAN_POINT('',(33.0971370035618,-14.2350240557121,-23.2340941224898));
#1472=CARTESIAN_POINT('',(33.0971370035618,-28.1757498019134,-22.8340941224898));
#1473=CARTESIAN_POINT('',(33.0971370035618,-14.2350240557121,-22.8340941224898));
#1474=CARTESIAN_POINT('',(33.4971370035618,-28.1757498019134,-22.8340941224898));
#1475=CARTESIAN_POINT('',(33.4971370035618,-14.2350240557121,-22.8340941224898));
#1476=CARTESIAN_POINT('',(33.8971370035618,-28.1757498019134,-22.8340941224898));
#1477=CARTESIAN_POINT('',(33.8971370035618,-14.2350240557121,-22.8340941224898));
#1478=CARTESIAN_POINT('',(33.8971370035618,-28.1757498019134,-23.2340941224898));
#1479=CARTESIAN_POINT('',(33.8971370035618,-14.2350240557121,-23.2340941224898));
#1480=CARTESIAN_POINT('',(33.8971370035618,-28.1757498019134,-23.6340941224898));
#1481=CARTESIAN_POINT('',(33.8971370035618,-14.2350240557121,-23.6340941224898));
#1482=CARTESIAN_POINT('',(33.4971370035618,-28.1757498019134,-23.6340941224898));
#1483=CARTESIAN_POINT('',(33.4971370035618,-14.2350240557121,-23.6340941224898));
#1484=CARTESIAN_POINT('',(33.3662779091793,-26.6110454923161,-10.1655457011024));
#1485=CARTESIAN_POINT('',(38.4212474628019,-26.6110454923161,-10.1655457011024));
#1486=CARTESIAN_POINT('',(33.3662779091793,-26.6110454923161,-13.7655457011024));
#1487=CARTESIAN_POINT('',(38.4212474628019,-26.6110454923161,-13.7655457011024));
#1488=CARTESIAN_POINT('',(33.3662779091793,-23.0110454923161,-13.7655457011024));
#1489=CARTESIAN_POINT('',(38.4212474628019,-23.0110454923161,-13.7655457011024));
#1490=CARTESIAN_POINT('',(33.3662779091793,-19.4110454923161,-13.7655457011024));
#1491=CARTESIAN_POINT('',(38.4212474628019,-19.4110454923161,-13.7655457011024));
#1492=CARTESIAN_POINT('',(33.3662779091793,-19.4110454923161,-10.1655457011024));
#1493=CARTESIAN_POINT('',(38.4212474628019,-19.4110454923161,-10.1655457011024));
#1494=CARTESIAN_POINT('',(-33.3662779091793,-19.4110454923161,-10.1655457011024));
#1495=CARTESIAN_POINT('',(-38.4212474628019,-19.4110454923161,-10.1655457011024));
#1496=CARTESIAN_POINT('',(-33.3662779091793,-19.4110454923161,-13.7655457011024));
#1497=CARTESIAN_POINT('',(-38.4212474628019,-19.4110454923161,-13.7655457011024));
#1498=CARTESIAN_POINT('',(-33.3662779091793,-23.0110454923161,-13.7655457011024));
#1499=CARTESIAN_POINT('',(-38.4212474628019,-23.0110454923161,-13.7655457011024));
#1500=CARTESIAN_POINT('',(-33.3662779091793,-26.6110454923161,-13.7655457011024));
#1501=CARTESIAN_POINT('',(-38.4212474628019,-26.6110454923161,-13.7655457011024));
#1502=CARTESIAN_POINT('',(-33.3662779091793,-26.6110454923161,-10.1655457011024));
#1503=CARTESIAN_POINT('',(-38.4212474628019,-26.6110454923161,-10.1655457011024));
#1504=CARTESIAN_POINT('',(39.8,-33.1675454668084,-2.1655457011024));
#1505=CARTESIAN_POINT('',(34.3739898861073,-38.4850353784233,-2.1655457011024));
#1506=CARTESIAN_POINT('',(34.3739898861073,-38.4850353784233,-13.9831125826207));
#1507=CARTESIAN_POINT('',(39.8,-33.1675454668084,-13.9288524814818));
#1508=CARTESIAN_POINT('',(-34.3739898861073,-38.4850353784233,-13.9831125826208));
#1509=CARTESIAN_POINT('',(-39.8,-33.1675454668084,-13.9288524814818));
#1510=CARTESIAN_POINT('',(-34.3739898861073,-38.4850353784233,-2.1655457011024));
#1511=CARTESIAN_POINT('',(-39.8,-33.1675454668084,-2.1655457011024));
#1512=CARTESIAN_POINT('',(-35.8,-29.6703040755553,-24.1655457011024));
#1513=CARTESIAN_POINT('',(-30.6468401568778,-34.7578856491939,-24.1655457011024));
#1514=CARTESIAN_POINT('',(-39.8,-28.6308728321836,-20.1655457011024));
#1515=CARTESIAN_POINT('',(30.6468401568778,-34.7578856491939,-24.1655457011024));
#1516=CARTESIAN_POINT('',(35.8,-29.6703040755553,-24.1655457011024));
#1517=CARTESIAN_POINT('',(39.8,-28.6308728321836,-20.1655457011024));
#1518=CARTESIAN_POINT('',(39.8,-14.6110454923161,-5.1655457011024));
#1519=CARTESIAN_POINT('',(39.8,-14.6110454923161,-20.1655457011024));
#1520=CARTESIAN_POINT('',(39.8,-17.6110454923161,-2.1655457011024));
#1521=CARTESIAN_POINT('',(35.8,-17.6110454923161,-24.1655457011024));
#1522=CARTESIAN_POINT('',(38.8,-14.6110454923161,-21.1655457011024));
#1523=CARTESIAN_POINT('',(-39.8,-17.6110454923161,-2.1655457011024));
#1524=CARTESIAN_POINT('',(-39.8,-14.6110454923161,-5.1655457011024));
#1525=CARTESIAN_POINT('',(-39.8,-14.6110454923161,-20.1655457011024));
#1526=CARTESIAN_POINT('',(-35.8,-17.6110454923161,-24.1655457011024));
#1527=CARTESIAN_POINT('',(-38.8,-14.6110454923161,-21.1655457011024));
#1528=CARTESIAN_POINT('',(32.,-35.9110454923161,-2.1655457011024));
#1529=CARTESIAN_POINT('',(32.,-35.9110454923161,-16.8116351767623));
#1530=CARTESIAN_POINT('',(28.5296464556282,-35.911045492316,-19.2655457011024));
#1531=CARTESIAN_POINT('',(-28.5296464556282,-35.911045492316,-19.2655457011024));
#1532=CARTESIAN_POINT('',(-28.6710678118654,-35.9110454923161,-19.1655457011024));
#1533=CARTESIAN_POINT('',(-28.9282587702834,-35.9110454923161,-19.1655457011024));
#1534=CARTESIAN_POINT('',(-28.8639610306789,-35.9110454923161,-19.0291495980345));
#1535=CARTESIAN_POINT('',(-32.,-35.9110454923161,-16.8116351767623));
#1536=CARTESIAN_POINT('',(-32.,-35.9110454923161,-2.1655457011024));
#1537=CARTESIAN_POINT('',(37.,-31.011045492316,-16.7409244986437));
#1538=CARTESIAN_POINT('',(37.,-31.011045492316,-2.1655457011024));
#1539=CARTESIAN_POINT('',(-28.8639610306789,-35.7181522735026,-19.1655457011024));
#1540=CARTESIAN_POINT('',(34.7875253719812,-24.7109778336994,-6.9921831257387));
#1541=CARTESIAN_POINT('',(34.7875253719812,-24.7109778336994,-13.3389082764661));
#1542=CARTESIAN_POINT('',(36.775,-19.4110454923161,-10.1655457011024));
#1543=CARTESIAN_POINT('',(37.,-26.6110454923161,-10.1655457011024));
#1544=CARTESIAN_POINT('',(37.,-19.4110454923161,-10.1655457011024));
#1545=CARTESIAN_POINT('',(-37.,-14.6110454923161,-5.1655457011024));
#1546=CARTESIAN_POINT('',(-37.,-14.6110454923161,-19.1655457011024));
#1547=CARTESIAN_POINT('',(-37.,-17.6110454923161,-2.1655457011024));
#1548=CARTESIAN_POINT('',(-37.,-31.0110454923161,-2.1655457011024));
#1549=CARTESIAN_POINT('',(-37.,-31.011045492316,-16.7409244986437));
#1550=CARTESIAN_POINT('',(-37.,-27.5821133041815,-19.1655457011024));
#1551=CARTESIAN_POINT('',(-37.,-19.4110454923161,-10.1655457011024));
#1552=CARTESIAN_POINT('',(-37.,-26.6110454923161,-10.1655457011024));
#1553=CARTESIAN_POINT('',(37.,-17.6110454923161,-2.1655457011024));
#1554=CARTESIAN_POINT('',(37.,-14.6110454923161,-5.1655457011024));
#1555=CARTESIAN_POINT('',(37.,-14.6110454923161,-19.1655457011024));
#1556=CARTESIAN_POINT('',(37.,-27.5821133041815,-19.1655457011024));
#1557=CARTESIAN_POINT('',(-35.,-14.6110454923161,-21.1655457011024));
#1558=CARTESIAN_POINT('',(35.,-14.6110454923161,-21.1655457011024));
#1559=CARTESIAN_POINT('',(-39.3606601717798,-43.4717056640959,-2.1655457011024));
#1560=CARTESIAN_POINT('',(-39.8,-44.5323658358757,-2.1655457011024));
#1561=CARTESIAN_POINT('',(-39.8,-74.411045492316,-2.1655457011024));
#1562=CARTESIAN_POINT('',(-36.8,-74.411045492316,-2.1655457011024));
#1563=CARTESIAN_POINT('',(-36.8,-46.5323658358757,-2.1655457011024));
#1564=CARTESIAN_POINT('',(-36.3606601717798,-45.4717056640959,-2.1655457011024));
#1565=CARTESIAN_POINT('',(-30.2393398282201,-39.3503853205362,-2.1655457011024));
#1566=CARTESIAN_POINT('',(-29.1786796564403,-38.9110454923161,-2.1655457011024));
#1567=CARTESIAN_POINT('',(29.1786796564403,-38.911045492316,-2.1655457011024));
#1568=CARTESIAN_POINT('',(30.2393398282201,-39.3503853205362,-2.1655457011024));
#1569=CARTESIAN_POINT('',(36.3606601717798,-45.4717056640959,-2.1655457011024));
#1570=CARTESIAN_POINT('',(36.8,-46.5323658358757,-2.1655457011024));
#1571=CARTESIAN_POINT('',(36.8,-74.4110454923161,-2.1655457011024));
#1572=CARTESIAN_POINT('',(39.8,-74.4110454923161,-2.1655457011024));
#1573=CARTESIAN_POINT('',(39.8,-44.5323658358757,-2.1655457011024));
#1574=CARTESIAN_POINT('',(39.3606601717798,-43.4717056640959,-2.1655457011024));
#1575=CARTESIAN_POINT('',(-33.2142942910872,-26.0140226563966,-22.9512514100152));
#1576=CARTESIAN_POINT('',(-33.2142942910872,-16.3967512012289,-22.9512514100152));
#1577=CARTESIAN_POINT('',(-27.0029771640805,-32.2253397834032,-22.9512514100152));
#1578=CARTESIAN_POINT('',(27.0029771640805,-32.2253397834032,-22.9512514100152));
#1579=CARTESIAN_POINT('',(33.2142942910872,-26.0140226563966,-22.9512514100152));
#1580=CARTESIAN_POINT('',(33.2142942910872,-16.3967512012289,-22.9512514100152));
#1581=CARTESIAN_POINT('',(33.1275851905584,-16.8326672866523,-23.3871674954386));
#1582=CARTESIAN_POINT('',(33.45,-17.6110454923161,-24.1655457011024));
#1583=CARTESIAN_POINT('',(-33.1275851905584,-16.8326672866523,-23.3871674954386));
#1584=CARTESIAN_POINT('',(-33.45,-17.6110454923161,-24.1655457011024));
#1585=CARTESIAN_POINT('',(-34.7875253719812,-24.7109778336994,-13.3389082764661));
#1586=CARTESIAN_POINT('',(-35.884529946162,-26.6110454923161,-10.1655457011024));
#1587=CARTESIAN_POINT('',(-34.7875253719812,-24.7109778336994,-6.9921831257387));
#1588=CARTESIAN_POINT('',(-39.8,-44.5323658358757,-24.1655457011024));
#1589=CARTESIAN_POINT('',(-39.8,-74.411045492316,-24.1655457011024));
#1590=CARTESIAN_POINT('',(-36.8,-46.5323658358757,-24.1655457011024));
#1591=CARTESIAN_POINT('',(-36.8,-74.411045492316,-24.1655457011024));
#1592=CARTESIAN_POINT('',(-29.1786796564403,-38.9110454923161,-24.1655457011024));
#1593=CARTESIAN_POINT('',(29.1786796564403,-38.911045492316,-24.1655457011024));
#1594=CARTESIAN_POINT('',(36.8,-46.5323658358757,-24.1655457011024));
#1595=CARTESIAN_POINT('',(36.8,-74.4110454923161,-24.1655457011024));
#1596=CARTESIAN_POINT('',(39.8,-44.5323658358757,-24.1655457011024));
#1597=CARTESIAN_POINT('',(39.8,-74.4110454923161,-24.1655457011024));
#1598=CARTESIAN_POINT('',(27.100609665441,-32.4610454923161,-24.1655457011024));
#1599=CARTESIAN_POINT('',(33.45,-26.111655157757,-24.1655457011024));
#1600=CARTESIAN_POINT('',(39.3606601717798,-43.4717056640959,-24.1655457011024));
#1601=CARTESIAN_POINT('',(36.3606601717798,-45.4717056640959,-24.1655457011024));
#1602=CARTESIAN_POINT('',(30.2393398282201,-39.3503853205362,-24.1655457011024));
#1603=CARTESIAN_POINT('',(-30.2393398282201,-39.3503853205362,-24.1655457011024));
#1604=CARTESIAN_POINT('',(-36.3606601717798,-45.4717056640959,-24.1655457011024));
#1605=CARTESIAN_POINT('',(-39.3606601717798,-43.4717056640959,-24.1655457011024));
#1606=CARTESIAN_POINT('',(-33.45,-26.111655157757,-24.1655457011024));
#1607=CARTESIAN_POINT('',(-27.100609665441,-32.4610454923161,-24.1655457011024));
#1608=CARTESIAN_POINT('',(-33.1275851905573,-25.9781065709759,-23.3871674954359));
#1609=CARTESIAN_POINT('',(-26.9670610786599,-32.1386306828733,-23.3871674954359));
#1610=CARTESIAN_POINT('',(26.9670610786598,-32.1386306828734,-23.3871674954359));
#1611=CARTESIAN_POINT('',(33.1275851905573,-25.9781065709759,-23.3871674954359));
#1612=CARTESIAN_POINT('',(35.8845299461621,-26.6110454923161,-10.1655457011025));
#1613=CARTESIAN_POINT('',(-36.775,-19.411045492316,-10.1655457011024));
#1614=CARTESIAN_POINT('',(39.8,-33.1675454668084,-2.1655457011024));
#1615=CARTESIAN_POINT('',(34.3739898861073,-38.4850353784233,-2.1655457011024));
#1616=CARTESIAN_POINT('',(34.3739898861073,-38.4850353784233,-2.1655457011024));
#1617=CARTESIAN_POINT('',(34.3739898861073,-38.4850353784233,-13.9831125826207));
#1618=CARTESIAN_POINT('',(34.3739898861073,-38.4850353784233,-13.9831125826207));
#1619=CARTESIAN_POINT('',(39.8,-33.1675454668084,-13.9288524814818));
#1620=CARTESIAN_POINT('',(39.8,-33.1675454668084,-13.9288524814818));
#1621=CARTESIAN_POINT('',(39.8,-33.1675454668084,-2.1655457011024));
#1622=CARTESIAN_POINT('',(-34.3739898861073,-38.4850353784233,-13.9831125826208));
#1623=CARTESIAN_POINT('',(-39.8,-33.1675454668084,-13.9288524814818));
#1624=CARTESIAN_POINT('',(-34.3739898861073,-38.4850353784233,-2.1655457011024));
#1625=CARTESIAN_POINT('',(-34.3739898861073,-38.4850353784233,-13.9831125826208));
#1626=CARTESIAN_POINT('',(-39.8,-33.1675454668084,-2.1655457011024));
#1627=CARTESIAN_POINT('',(-34.3739898861073,-38.4850353784233,-2.1655457011024));
#1628=CARTESIAN_POINT('',(-39.8,-33.1675454668084,-13.9288524814818));
#1629=CARTESIAN_POINT('',(-39.8,-33.1675454668084,-2.1655457011024));
#1630=CARTESIAN_POINT('',(-35.8,-29.6703040755553,-24.1655457011024));
#1631=CARTESIAN_POINT('',(-30.6468401568778,-34.7578856491939,-24.1655457011024));
#1632=CARTESIAN_POINT('',(-30.6468401568778,-34.7578856491939,-24.1655457011024));
#1633=CARTESIAN_POINT('',(-34.3739898861073,-38.4850353784233,-13.9831125826208));
#1634=CARTESIAN_POINT('',(-39.8,-33.1675454668084,-13.9288524814818));
#1635=CARTESIAN_POINT('',(-39.8,-28.6308728321836,-20.1655457011024));
#1636=CARTESIAN_POINT('',(-39.8,-28.6308728321836,-20.1655457011024));
#1637=CARTESIAN_POINT('',(-35.8,-29.6703040755553,-24.1655457011024));
#1638=CARTESIAN_POINT('',(34.3739898861073,-38.4850353784233,-13.9831125826207));
#1639=CARTESIAN_POINT('',(30.6468401568778,-34.7578856491939,-24.1655457011024));
#1640=CARTESIAN_POINT('',(30.6468401568778,-34.7578856491939,-24.1655457011024));
#1641=CARTESIAN_POINT('',(35.8,-29.6703040755553,-24.1655457011024));
#1642=CARTESIAN_POINT('',(35.8,-29.6703040755553,-24.1655457011024));
#1643=CARTESIAN_POINT('',(39.8,-28.6308728321836,-20.1655457011024));
#1644=CARTESIAN_POINT('',(39.8,-28.6308728321836,-20.1655457011024));
#1645=CARTESIAN_POINT('',(39.8,-33.1675454668084,-13.9288524814818));
#1646=CARTESIAN_POINT('',(39.8,-14.6110454923161,-5.1655457011024));
#1647=CARTESIAN_POINT('',(39.8,-14.6110454923161,-20.1655457011024));
#1648=CARTESIAN_POINT('',(39.8,-33.1675454668084,-2.1655457011024));
#1649=CARTESIAN_POINT('',(39.8,-17.6110454923161,-2.1655457011024));
#1650=CARTESIAN_POINT('',(39.8,-14.6110454923161,-20.1655457011024));
#1651=CARTESIAN_POINT('',(39.8,-28.6308728321836,-20.1655457011024));
#1652=CARTESIAN_POINT('',(35.8,-17.6110454923161,-24.1655457011024));
#1653=CARTESIAN_POINT('',(35.8,-29.6703040755553,-24.1655457011024));
#1654=CARTESIAN_POINT('',(38.8,-14.6110454923161,-21.1655457011024));
#1655=CARTESIAN_POINT('',(35.8,-17.6110454923161,-24.1655457011024));
#1656=CARTESIAN_POINT('',(39.8,-14.6110454923161,-20.1655457011024));
#1657=CARTESIAN_POINT('',(38.8,-14.6110454923161,-21.1655457011024));
#1658=CARTESIAN_POINT('',(-39.8,-33.1675454668084,-2.1655457011024));
#1659=CARTESIAN_POINT('',(-39.8,-17.6110454923161,-2.1655457011024));
#1660=CARTESIAN_POINT('',(-39.8,-14.6110454923161,-5.1655457011024));
#1661=CARTESIAN_POINT('',(-39.8,-14.6110454923161,-20.1655457011024));
#1662=CARTESIAN_POINT('',(-39.8,-14.6110454923161,-20.1655457011024));
#1663=CARTESIAN_POINT('',(-39.8,-28.6308728321836,-20.1655457011024));
#1664=CARTESIAN_POINT('',(-35.8,-17.6110454923161,-24.1655457011024));
#1665=CARTESIAN_POINT('',(-35.8,-29.6703040755553,-24.1655457011024));
#1666=CARTESIAN_POINT('',(-39.8,-14.6110454923161,-20.1655457011024));
#1667=CARTESIAN_POINT('',(-38.8,-14.6110454923161,-21.1655457011024));
#1668=CARTESIAN_POINT('',(-38.8,-14.6110454923161,-21.1655457011024));
#1669=CARTESIAN_POINT('',(-35.8,-17.6110454923161,-24.1655457011024));
#1670=CARTESIAN_POINT('',(32.,-35.9110454923161,-2.1655457011024));
#1671=CARTESIAN_POINT('',(32.,-35.9110454923161,-16.8116351767623));
#1672=CARTESIAN_POINT('',(32.,-35.9110454923161,-16.8116351767623));
#1673=CARTESIAN_POINT('',(28.5296464556282,-35.911045492316,-19.2655457011024));
#1674=CARTESIAN_POINT('',(28.5296464556282,-35.911045492316,-19.2655457011024));
#1675=CARTESIAN_POINT('',(-28.5296464556282,-35.911045492316,-19.2655457011024));
#1676=CARTESIAN_POINT('',(-28.5296464556282,-35.911045492316,-19.2655457011024));
#1677=CARTESIAN_POINT('',(-28.6710678118654,-35.9110454923161,-19.1655457011024));
#1678=CARTESIAN_POINT('',(-28.6710678118654,-35.9110454923161,-19.1655457011024));
#1679=CARTESIAN_POINT('',(-28.9282587702834,-35.9110454923161,-19.1655457011024));
#1680=CARTESIAN_POINT('',(-28.8639610306789,-35.9110454923161,-19.0291495980345));
#1681=CARTESIAN_POINT('',(-32.,-35.9110454923161,-16.8116351767623));
#1682=CARTESIAN_POINT('',(-32.,-35.9110454923161,-16.8116351767623));
#1683=CARTESIAN_POINT('',(-32.,-35.9110454923161,-2.1655457011024));
#1684=CARTESIAN_POINT('',(-32.,-35.9110454923161,-2.1655457011024));
#1685=CARTESIAN_POINT('',(32.,-35.9110454923161,-2.1655457011024));
#1686=CARTESIAN_POINT('',(32.,-35.9110454923161,-16.8116351767623));
#1687=CARTESIAN_POINT('',(37.,-31.011045492316,-16.7409244986437));
#1688=CARTESIAN_POINT('',(37.,-31.011045492316,-2.1655457011024));
#1689=CARTESIAN_POINT('',(32.,-35.9110454923161,-2.1655457011024));
#1690=CARTESIAN_POINT('',(37.,-31.011045492316,-16.7409244986437));
#1691=CARTESIAN_POINT('',(37.,-31.011045492316,-2.1655457011024));
#1692=CARTESIAN_POINT('',(-28.8639610306789,-35.7181522735026,-19.1655457011024));
#1693=CARTESIAN_POINT('',(-28.9282587702834,-35.9110454923161,-19.1655457011024));
#1694=CARTESIAN_POINT('',(34.7875253719812,-24.7109778336994,-6.9921831257387));
#1695=CARTESIAN_POINT('',(34.7875253719812,-24.7109778336994,-13.3389082764661));
#1696=CARTESIAN_POINT('',(34.7875253719812,-24.7109778336994,-13.3389082764661));
#1697=CARTESIAN_POINT('',(35.0861862076873,-23.9145489384831,-13.7655457011024));
#1698=CARTESIAN_POINT('',(35.425,-23.0110454923161,-13.7655457011024));
#1699=CARTESIAN_POINT('',(36.775,-19.4110454923161,-13.7655457011024));
#1700=CARTESIAN_POINT('',(36.775,-19.4110454923161,-10.1655457011024));
#1701=CARTESIAN_POINT('',(36.775,-19.4110454923161,-10.1655457011024));
#1702=CARTESIAN_POINT('',(36.775,-19.4110454923161,-6.5655457011024));
#1703=CARTESIAN_POINT('',(35.425,-23.0110454923161,-6.5655457011024));
#1704=CARTESIAN_POINT('',(35.0861862076873,-23.9145489384831,-6.5655457011024));
#1705=CARTESIAN_POINT('',(34.7875253719812,-24.7109778336994,-6.9921831257387));
#1706=CARTESIAN_POINT('',(34.7875253719812,-24.7109778336994,-6.9921831257387));
#1707=CARTESIAN_POINT('',(35.8845299461621,-26.6110454923162,-8.01002662360276));
#1708=CARTESIAN_POINT('',(35.8845299461621,-26.6110454923161,-10.1655457011025));
#1709=CARTESIAN_POINT('',(37.,-26.6110454923161,-10.1655457011024));
#1710=CARTESIAN_POINT('',(37.,-26.6110454923161,-6.5655457011024));
#1711=CARTESIAN_POINT('',(37.,-23.0110454923161,-6.5655457011024));
#1712=CARTESIAN_POINT('',(37.,-19.4110454923161,-6.5655457011024));
#1713=CARTESIAN_POINT('',(37.,-19.4110454923161,-10.1655457011024));
#1714=CARTESIAN_POINT('',(37.,-19.4110454923161,-10.1655457011024));
#1715=CARTESIAN_POINT('',(37.,-19.4110454923161,-13.7655457011024));
#1716=CARTESIAN_POINT('',(37.,-23.0110454923161,-13.7655457011024));
#1717=CARTESIAN_POINT('',(37.,-26.6110454923161,-13.7655457011024));
#1718=CARTESIAN_POINT('',(37.,-26.6110454923161,-10.1655457011024));
#1719=CARTESIAN_POINT('',(36.775,-19.4110454923161,-10.1655457011024));
#1720=CARTESIAN_POINT('',(37.,-19.4110454923161,-10.1655457011024));
#1721=CARTESIAN_POINT('',(-37.,-14.6110454923161,-5.1655457011024));
#1722=CARTESIAN_POINT('',(-37.,-14.6110454923161,-19.1655457011024));
#1723=CARTESIAN_POINT('',(-37.,-31.0110454923161,-2.1655457011024));
#1724=CARTESIAN_POINT('',(-37.,-17.6110454923161,-2.1655457011024));
#1725=CARTESIAN_POINT('',(-37.,-31.011045492316,-16.7409244986437));
#1726=CARTESIAN_POINT('',(-37.,-31.0110454923161,-2.1655457011024));
#1727=CARTESIAN_POINT('',(-37.,-27.5821133041815,-19.1655457011024));
#1728=CARTESIAN_POINT('',(-37.,-31.011045492316,-16.7409244986437));
#1729=CARTESIAN_POINT('',(-37.,-14.6110454923161,-19.1655457011024));
#1730=CARTESIAN_POINT('',(-37.,-27.5821133041815,-19.1655457011024));
#1731=CARTESIAN_POINT('',(37.,-17.6110454923161,-2.1655457011024));
#1732=CARTESIAN_POINT('',(37.,-31.011045492316,-2.1655457011024));
#1733=CARTESIAN_POINT('',(37.,-14.6110454923161,-19.1655457011024));
#1734=CARTESIAN_POINT('',(37.,-14.6110454923161,-5.1655457011024));
#1735=CARTESIAN_POINT('',(37.,-27.5821133041815,-19.1655457011024));
#1736=CARTESIAN_POINT('',(37.,-14.6110454923161,-19.1655457011024));
#1737=CARTESIAN_POINT('',(37.,-31.011045492316,-16.7409244986437));
#1738=CARTESIAN_POINT('',(37.,-27.5821133041815,-19.1655457011024));
#1739=CARTESIAN_POINT('',(-32.,-35.9110454923161,-2.1655457011024));
#1740=CARTESIAN_POINT('',(-37.,-31.0110454923161,-2.1655457011024));
#1741=CARTESIAN_POINT('',(-39.8,-14.6110454923161,-5.1655457011024));
#1742=CARTESIAN_POINT('',(-37.,-14.6110454923161,-5.1655457011024));
#1743=CARTESIAN_POINT('',(-35.,-14.6110454923161,-21.1655457011024));
#1744=CARTESIAN_POINT('',(-38.8,-14.6110454923161,-21.1655457011024));
#1745=CARTESIAN_POINT('',(39.8,-14.6110454923161,-5.1655457011024));
#1746=CARTESIAN_POINT('',(37.,-14.6110454923161,-5.1655457011024));
#1747=CARTESIAN_POINT('',(35.,-14.6110454923161,-21.1655457011024));
#1748=CARTESIAN_POINT('',(38.8,-14.6110454923161,-21.1655457011024));
#1749=CARTESIAN_POINT('',(-39.8,-44.5323658358757,-2.1655457011024));
#1750=CARTESIAN_POINT('',(-39.8,-74.411045492316,-2.1655457011024));
#1751=CARTESIAN_POINT('',(-36.8,-74.411045492316,-2.1655457011024));
#1752=CARTESIAN_POINT('',(-36.8,-46.5323658358757,-2.1655457011024));
#1753=CARTESIAN_POINT('',(-29.1786796564403,-38.9110454923161,-2.1655457011024));
#1754=CARTESIAN_POINT('',(29.1786796564403,-38.911045492316,-2.1655457011024));
#1755=CARTESIAN_POINT('',(36.8,-46.5323658358757,-2.1655457011024));
#1756=CARTESIAN_POINT('',(36.8,-74.4110454923161,-2.1655457011024));
#1757=CARTESIAN_POINT('',(39.8,-74.4110454923161,-2.1655457011024));
#1758=CARTESIAN_POINT('',(39.8,-44.5323658358757,-2.1655457011024));
#1759=CARTESIAN_POINT('',(39.8,-17.6110454923161,-2.1655457011024));
#1760=CARTESIAN_POINT('',(37.,-17.6110454923161,-2.1655457011024));
#1761=CARTESIAN_POINT('',(-37.,-17.6110454923161,-2.1655457011024));
#1762=CARTESIAN_POINT('',(-39.8,-17.6110454923161,-2.1655457011024));
#1763=CARTESIAN_POINT('',(-33.2142942910872,-26.0140226563966,-22.9512514100152));
#1764=CARTESIAN_POINT('',(-37.,-27.5821133041815,-19.1655457011024));
#1765=CARTESIAN_POINT('',(-33.2142942910872,-16.3967512012289,-22.9512514100152));
#1766=CARTESIAN_POINT('',(-33.2142942910872,-26.0140226563966,-22.9512514100152));
#1767=CARTESIAN_POINT('',(-35.,-14.6110454923161,-21.1655457011024));
#1768=CARTESIAN_POINT('',(-33.2142942910872,-16.3967512012289,-22.9512514100152));
#1769=CARTESIAN_POINT('',(-37.,-14.6110454923161,-19.1655457011024));
#1770=CARTESIAN_POINT('',(-35.,-14.6110454923161,-21.1655457011024));
#1771=CARTESIAN_POINT('',(-27.0029771640805,-32.2253397834032,-22.9512514100152));
#1772=CARTESIAN_POINT('',(-28.5296464556282,-35.911045492316,-19.2655457011024));
#1773=CARTESIAN_POINT('',(-33.2142942910872,-26.0140226563966,-22.9512514100152));
#1774=CARTESIAN_POINT('',(-27.0029771640805,-32.2253397834032,-22.9512514100152));
#1775=CARTESIAN_POINT('',(-32.,-35.9110454923161,-16.8116351767623));
#1776=CARTESIAN_POINT('',(-37.,-31.011045492316,-16.7409244986437));
#1777=CARTESIAN_POINT('',(-28.8639610306789,-35.7181522735026,-19.1655457011024));
#1778=CARTESIAN_POINT('',(-28.8639610306789,-35.9110454923161,-19.0291495980345));
#1779=CARTESIAN_POINT('',(-28.6710678118654,-35.9110454923161,-19.1655457011024));
#1780=CARTESIAN_POINT('',(-28.8639610306789,-35.7181522735026,-19.1655457011024));
#1781=CARTESIAN_POINT('',(27.0029771640805,-32.2253397834032,-22.9512514100152));
#1782=CARTESIAN_POINT('',(28.5296464556282,-35.911045492316,-19.2655457011024));
#1783=CARTESIAN_POINT('',(-27.0029771640805,-32.2253397834032,-22.9512514100152));
#1784=CARTESIAN_POINT('',(27.0029771640805,-32.2253397834032,-22.9512514100152));
#1785=CARTESIAN_POINT('',(37.,-27.5821133041815,-19.1655457011024));
#1786=CARTESIAN_POINT('',(33.2142942910872,-26.0140226563966,-22.9512514100152));
#1787=CARTESIAN_POINT('',(33.2142942910872,-26.0140226563966,-22.9512514100152));
#1788=CARTESIAN_POINT('',(27.0029771640805,-32.2253397834032,-22.9512514100152));
#1789=CARTESIAN_POINT('',(35.,-14.6110454923161,-21.1655457011024));
#1790=CARTESIAN_POINT('',(33.2142942910872,-16.3967512012289,-22.9512514100152));
#1791=CARTESIAN_POINT('',(33.2142942910872,-16.3967512012289,-22.9512514100152));
#1792=CARTESIAN_POINT('',(33.2142942910872,-26.0140226563966,-22.9512514100152));
#1793=CARTESIAN_POINT('',(37.,-14.6110454923161,-19.1655457011024));
#1794=CARTESIAN_POINT('',(35.,-14.6110454923161,-21.1655457011024));
#1795=CARTESIAN_POINT('',(33.1275851905584,-16.8326672866523,-23.3871674954386));
#1796=CARTESIAN_POINT('',(33.45,-17.6110454923161,-24.1655457011024));
#1797=CARTESIAN_POINT('',(33.2142942910872,-16.3967512012289,-22.9512514100152));
#1798=CARTESIAN_POINT('',(33.0971370035616,-16.5139084887538,-23.0684086975402));
#1799=CARTESIAN_POINT('',(33.0971370035614,-16.6795939137026,-23.2340941224889));
#1800=CARTESIAN_POINT('',(33.0971370035613,-16.7591588401261,-23.3136590489124));
#1801=CARTESIAN_POINT('',(33.1275851905584,-16.8326672866523,-23.3871674954386));
#1802=CARTESIAN_POINT('',(33.45,-17.6110454923161,-24.1655457011024));
#1803=CARTESIAN_POINT('',(35.8,-17.6110454923161,-24.1655457011024));
#1804=CARTESIAN_POINT('',(-33.2142942910872,-16.3967512012289,-22.9512514100152));
#1805=CARTESIAN_POINT('',(-33.0971370035616,-16.5139084887538,-23.0684086975402));
#1806=CARTESIAN_POINT('',(-33.0971370035614,-16.6795939137026,-23.2340941224889));
#1807=CARTESIAN_POINT('',(-33.0971370035613,-16.7591588401261,-23.3136590489124));
#1808=CARTESIAN_POINT('',(-33.1275851905584,-16.8326672866523,-23.3871674954386));
#1809=CARTESIAN_POINT('',(-33.1275851905584,-16.8326672866523,-23.3871674954386));
#1810=CARTESIAN_POINT('',(-33.45,-17.6110454923161,-24.1655457011024));
#1811=CARTESIAN_POINT('',(-33.45,-17.6110454923161,-24.1655457011024));
#1812=CARTESIAN_POINT('',(-35.8,-17.6110454923161,-24.1655457011024));
#1813=CARTESIAN_POINT('',(-37.,-26.6110454923161,-10.1655457011024));
#1814=CARTESIAN_POINT('',(-37.,-26.6110454923161,-13.7655457011024));
#1815=CARTESIAN_POINT('',(-37.,-23.0110454923161,-13.7655457011024));
#1816=CARTESIAN_POINT('',(-37.,-19.4110454923161,-13.7655457011024));
#1817=CARTESIAN_POINT('',(-37.,-19.4110454923161,-10.1655457011024));
#1818=CARTESIAN_POINT('',(-37.,-19.4110454923161,-10.1655457011024));
#1819=CARTESIAN_POINT('',(-37.,-19.4110454923161,-6.5655457011024));
#1820=CARTESIAN_POINT('',(-37.,-23.0110454923161,-6.5655457011024));
#1821=CARTESIAN_POINT('',(-37.,-26.6110454923161,-6.5655457011024));
#1822=CARTESIAN_POINT('',(-37.,-26.6110454923161,-10.1655457011024));
#1823=CARTESIAN_POINT('',(-35.884529946162,-26.6110454923161,-10.1655457011024));
#1824=CARTESIAN_POINT('',(-37.,-26.6110454923161,-10.1655457011024));
#1825=CARTESIAN_POINT('',(-34.7875253719812,-24.7109778336994,-13.3389082764661));
#1826=CARTESIAN_POINT('',(-34.7875253719812,-24.7109778336994,-6.9921831257387));
#1827=CARTESIAN_POINT('',(-34.7875253719812,-24.7109778336994,-6.9921831257387));
#1828=CARTESIAN_POINT('',(-35.0861862076873,-23.9145489384831,-6.5655457011024));
#1829=CARTESIAN_POINT('',(-35.425,-23.0110454923161,-6.5655457011024));
#1830=CARTESIAN_POINT('',(-36.775,-19.411045492316,-6.5655457011024));
#1831=CARTESIAN_POINT('',(-36.775,-19.411045492316,-10.1655457011024));
#1832=CARTESIAN_POINT('',(-35.884529946162,-26.6110454923161,-10.1655457011024));
#1833=CARTESIAN_POINT('',(-35.884529946162,-26.6110454923161,-8.01002662360272));
#1834=CARTESIAN_POINT('',(-34.7875253719812,-24.7109778336994,-6.9921831257387));
#1835=CARTESIAN_POINT('',(-34.7875253719812,-24.7109778336994,-13.3389082764661));
#1836=CARTESIAN_POINT('',(-35.8845299461621,-26.6110454923161,-12.3210647786021));
#1837=CARTESIAN_POINT('',(-35.8845299461621,-26.6110454923161,-10.1655457011024));
#1838=CARTESIAN_POINT('',(-28.9282587702834,-35.9110454923161,-19.1655457011024));
#1839=CARTESIAN_POINT('',(-28.8639610306789,-35.9110454923161,-19.0291495980345));
#1840=CARTESIAN_POINT('',(39.8,-17.6110454923161,-2.1655457011024));
#1841=CARTESIAN_POINT('',(39.8,-14.6110454923161,-5.1655457011024));
#1842=CARTESIAN_POINT('',(37.,-14.6110454923161,-5.1655457011024));
#1843=CARTESIAN_POINT('',(37.,-17.6110454923161,-2.1655457011024));
#1844=CARTESIAN_POINT('',(-39.8,-17.6110454923161,-2.1655457011024));
#1845=CARTESIAN_POINT('',(-39.8,-14.6110454923161,-5.1655457011024));
#1846=CARTESIAN_POINT('',(-37.,-17.6110454923161,-2.1655457011024));
#1847=CARTESIAN_POINT('',(-37.,-14.6110454923161,-5.1655457011024));
#1848=CARTESIAN_POINT('',(-39.8,-44.5323658358757,-24.1655457011024));
#1849=CARTESIAN_POINT('',(-39.8,-44.5323658358757,-2.1655457011024));
#1850=CARTESIAN_POINT('',(-39.8,-74.411045492316,-24.1655457011024));
#1851=CARTESIAN_POINT('',(-39.8,-44.5323658358757,-24.1655457011024));
#1852=CARTESIAN_POINT('',(-39.8,-74.411045492316,-2.1655457011024));
#1853=CARTESIAN_POINT('',(-39.8,-74.411045492316,-24.1655457011024));
#1854=CARTESIAN_POINT('',(-36.8,-46.5323658358757,-24.1655457011024));
#1855=CARTESIAN_POINT('',(-36.8,-74.411045492316,-24.1655457011024));
#1856=CARTESIAN_POINT('',(-36.8,-46.5323658358757,-2.1655457011024));
#1857=CARTESIAN_POINT('',(-36.8,-46.5323658358757,-24.1655457011024));
#1858=CARTESIAN_POINT('',(-36.8,-74.411045492316,-24.1655457011024));
#1859=CARTESIAN_POINT('',(-36.8,-74.411045492316,-2.1655457011024));
#1860=CARTESIAN_POINT('',(-29.1786796564403,-38.9110454923161,-24.1655457011024));
#1861=CARTESIAN_POINT('',(-29.1786796564403,-38.9110454923161,-2.1655457011024));
#1862=CARTESIAN_POINT('',(29.1786796564403,-38.911045492316,-24.1655457011024));
#1863=CARTESIAN_POINT('',(-29.1786796564403,-38.9110454923161,-24.1655457011024));
#1864=CARTESIAN_POINT('',(29.1786796564403,-38.911045492316,-2.1655457011024));
#1865=CARTESIAN_POINT('',(29.1786796564403,-38.911045492316,-24.1655457011024));
#1866=CARTESIAN_POINT('',(36.8,-46.5323658358757,-24.1655457011024));
#1867=CARTESIAN_POINT('',(36.8,-46.5323658358757,-2.1655457011024));
#1868=CARTESIAN_POINT('',(36.8,-74.4110454923161,-24.1655457011024));
#1869=CARTESIAN_POINT('',(36.8,-46.5323658358757,-24.1655457011024));
#1870=CARTESIAN_POINT('',(36.8,-74.4110454923161,-2.1655457011024));
#1871=CARTESIAN_POINT('',(36.8,-74.4110454923161,-24.1655457011024));
#1872=CARTESIAN_POINT('',(39.8,-44.5323658358757,-24.1655457011024));
#1873=CARTESIAN_POINT('',(39.8,-74.4110454923161,-24.1655457011024));
#1874=CARTESIAN_POINT('',(39.8,-44.5323658358757,-2.1655457011024));
#1875=CARTESIAN_POINT('',(39.8,-44.5323658358757,-24.1655457011024));
#1876=CARTESIAN_POINT('',(39.8,-74.4110454923161,-24.1655457011024));
#1877=CARTESIAN_POINT('',(39.8,-74.4110454923161,-2.1655457011024));
#1878=CARTESIAN_POINT('',(33.45,-26.111655157757,-24.1655457011024));
#1879=CARTESIAN_POINT('',(33.45,-17.6110454923161,-24.1655457011024));
#1880=CARTESIAN_POINT('',(-33.45,-17.6110454923161,-24.1655457011024));
#1881=CARTESIAN_POINT('',(-33.45,-26.111655157757,-24.1655457011024));
#1882=CARTESIAN_POINT('',(-27.100609665441,-32.4610454923161,-24.1655457011024));
#1883=CARTESIAN_POINT('',(27.100609665441,-32.4610454923161,-24.1655457011024));
#1884=CARTESIAN_POINT('',(30.2393398282201,-39.3503853205362,-2.1655457011024));
#1885=CARTESIAN_POINT('',(36.3606601717798,-45.4717056640959,-2.1655457011024));
#1886=CARTESIAN_POINT('',(36.3606601717798,-45.4717056640959,-24.1655457011024));
#1887=CARTESIAN_POINT('',(30.2393398282201,-39.3503853205362,-24.1655457011024));
#1888=CARTESIAN_POINT('',(-36.3606601717798,-45.4717056640959,-2.1655457011024));
#1889=CARTESIAN_POINT('',(-30.2393398282201,-39.3503853205362,-2.1655457011024));
#1890=CARTESIAN_POINT('',(-30.2393398282201,-39.3503853205362,-24.1655457011024));
#1891=CARTESIAN_POINT('',(-36.3606601717798,-45.4717056640959,-24.1655457011024));
#1892=CARTESIAN_POINT('',(30.6468401568778,-34.7578856491939,-24.1655457011024));
#1893=CARTESIAN_POINT('',(39.3606601717798,-43.4717056640959,-24.1655457011024));
#1894=CARTESIAN_POINT('',(39.3606601717798,-43.4717056640959,-2.1655457011024));
#1895=CARTESIAN_POINT('',(34.3739898861073,-38.4850353784233,-2.1655457011024));
#1896=CARTESIAN_POINT('',(-39.3606601717798,-43.4717056640959,-24.1655457011024));
#1897=CARTESIAN_POINT('',(-30.6468401568778,-34.7578856491939,-24.1655457011024));
#1898=CARTESIAN_POINT('',(-39.3606601717798,-43.4717056640959,-2.1655457011024));
#1899=CARTESIAN_POINT('',(-39.3606601717798,-43.4717056640959,-24.1655457011024));
#1900=CARTESIAN_POINT('',(-34.3739898861073,-38.4850353784233,-2.1655457011024));
#1901=CARTESIAN_POINT('',(-39.3606601717798,-43.4717056640959,-2.1655457011024));
#1902=CARTESIAN_POINT('',(-36.3606601717798,-45.4717056640959,-24.1655457011024));
#1903=CARTESIAN_POINT('',(-36.8,-45.911045492316,-24.1655457011024));
#1904=CARTESIAN_POINT('',(-36.8,-46.5323658358757,-24.1655457011024));
#1905=CARTESIAN_POINT('',(-36.3606601717798,-45.4717056640959,-2.1655457011024));
#1906=CARTESIAN_POINT('',(-36.3606601717798,-45.4717056640959,-24.1655457011024));
#1907=CARTESIAN_POINT('',(-36.8,-46.5323658358757,-2.1655457011024));
#1908=CARTESIAN_POINT('',(-36.8,-45.911045492316,-2.1655457011024));
#1909=CARTESIAN_POINT('',(-36.3606601717798,-45.4717056640959,-2.1655457011024));
#1910=CARTESIAN_POINT('',(-39.3606601717798,-43.4717056640959,-2.1655457011024));
#1911=CARTESIAN_POINT('',(-39.8,-43.911045492316,-2.1655457011024));
#1912=CARTESIAN_POINT('',(-39.8,-44.5323658358757,-2.1655457011024));
#1913=CARTESIAN_POINT('',(-39.8,-44.5323658358757,-24.1655457011024));
#1914=CARTESIAN_POINT('',(-39.8,-43.911045492316,-24.1655457011024));
#1915=CARTESIAN_POINT('',(-39.3606601717798,-43.4717056640959,-24.1655457011024));
#1916=CARTESIAN_POINT('',(-30.2393398282201,-39.3503853205362,-2.1655457011024));
#1917=CARTESIAN_POINT('',(-29.7999999999999,-38.9110454923161,-2.1655457011024));
#1918=CARTESIAN_POINT('',(-29.1786796564403,-38.9110454923161,-2.1655457011024));
#1919=CARTESIAN_POINT('',(-30.2393398282201,-39.3503853205362,-24.1655457011024));
#1920=CARTESIAN_POINT('',(-30.2393398282201,-39.3503853205362,-2.1655457011024));
#1921=CARTESIAN_POINT('',(-29.1786796564403,-38.911045492316,-24.1655457011024));
#1922=CARTESIAN_POINT('',(-29.7999999999999,-38.911045492316,-24.1655457011024));
#1923=CARTESIAN_POINT('',(-30.2393398282201,-39.3503853205362,-24.1655457011024));
#1924=CARTESIAN_POINT('',(30.2393398282201,-39.3503853205362,-24.1655457011024));
#1925=CARTESIAN_POINT('',(29.7999999999999,-38.9110454923161,-24.1655457011024));
#1926=CARTESIAN_POINT('',(29.1786796564403,-38.9110454923161,-24.1655457011024));
#1927=CARTESIAN_POINT('',(30.2393398282201,-39.3503853205362,-2.1655457011024));
#1928=CARTESIAN_POINT('',(30.2393398282201,-39.3503853205362,-24.1655457011024));
#1929=CARTESIAN_POINT('',(29.1786796564403,-38.9110454923161,-2.1655457011024));
#1930=CARTESIAN_POINT('',(29.7999999999999,-38.9110454923161,-2.1655457011024));
#1931=CARTESIAN_POINT('',(30.2393398282201,-39.3503853205362,-2.1655457011024));
#1932=CARTESIAN_POINT('',(39.3606601717798,-43.4717056640959,-24.1655457011024));
#1933=CARTESIAN_POINT('',(39.8,-43.911045492316,-24.1655457011024));
#1934=CARTESIAN_POINT('',(39.8,-44.5323658358757,-24.1655457011024));
#1935=CARTESIAN_POINT('',(39.3606601717798,-43.4717056640959,-24.1655457011024));
#1936=CARTESIAN_POINT('',(39.3606601717798,-43.4717056640959,-2.1655457011024));
#1937=CARTESIAN_POINT('',(39.8,-44.5323658358757,-2.1655457011024));
#1938=CARTESIAN_POINT('',(39.8,-43.911045492316,-2.1655457011024));
#1939=CARTESIAN_POINT('',(39.3606601717798,-43.4717056640959,-2.1655457011024));
#1940=CARTESIAN_POINT('',(36.3606601717798,-45.4717056640959,-2.1655457011024));
#1941=CARTESIAN_POINT('',(36.8,-45.911045492316,-2.1655457011024));
#1942=CARTESIAN_POINT('',(36.8,-46.5323658358757,-2.1655457011024));
#1943=CARTESIAN_POINT('',(36.3606601717798,-45.4717056640959,-24.1655457011024));
#1944=CARTESIAN_POINT('',(36.3606601717798,-45.4717056640959,-2.1655457011024));
#1945=CARTESIAN_POINT('',(36.8,-46.5323658358757,-24.1655457011024));
#1946=CARTESIAN_POINT('',(36.8,-45.911045492316,-24.1655457011024));
#1947=CARTESIAN_POINT('',(36.3606601717798,-45.4717056640959,-24.1655457011024));
#1948=CARTESIAN_POINT('',(36.8,-74.4110454923161,-2.1655457011024));
#1949=CARTESIAN_POINT('',(36.8,-75.9110454923161,-2.1655457011024));
#1950=CARTESIAN_POINT('',(38.3,-75.9110454923161,-2.1655457011024));
#1951=CARTESIAN_POINT('',(39.8,-75.9110454923161,-2.1655457011024));
#1952=CARTESIAN_POINT('',(39.8,-74.4110454923161,-2.1655457011024));
#1953=CARTESIAN_POINT('',(39.8,-74.4110454923161,-24.1655457011024));
#1954=CARTESIAN_POINT('',(39.8,-75.9110454923161,-24.1655457011024));
#1955=CARTESIAN_POINT('',(38.3,-75.9110454923161,-24.1655457011024));
#1956=CARTESIAN_POINT('',(36.8,-75.9110454923161,-24.1655457011024));
#1957=CARTESIAN_POINT('',(36.8,-74.4110454923161,-24.1655457011024));
#1958=CARTESIAN_POINT('',(-36.8,-74.411045492316,-24.1655457011024));
#1959=CARTESIAN_POINT('',(-36.8,-75.911045492316,-24.1655457011024));
#1960=CARTESIAN_POINT('',(-38.3,-75.9110454923161,-24.1655457011024));
#1961=CARTESIAN_POINT('',(-39.8,-75.911045492316,-24.1655457011024));
#1962=CARTESIAN_POINT('',(-39.8,-74.411045492316,-24.1655457011024));
#1963=CARTESIAN_POINT('',(-39.8,-74.411045492316,-2.1655457011024));
#1964=CARTESIAN_POINT('',(-39.8,-75.911045492316,-2.1655457011024));
#1965=CARTESIAN_POINT('',(-38.3,-75.911045492316,-2.1655457011024));
#1966=CARTESIAN_POINT('',(-36.8,-75.911045492316,-2.1655457011024));
#1967=CARTESIAN_POINT('',(-36.8,-74.411045492316,-2.1655457011024));
#1968=CARTESIAN_POINT('',(-33.1275851905584,-16.8326672866523,-23.3871674954386));
#1969=CARTESIAN_POINT('',(-33.1275851905573,-25.9781065709759,-23.3871674954359));
#1970=CARTESIAN_POINT('',(-33.1275851905573,-25.9781065709759,-23.3871674954359));
#1971=CARTESIAN_POINT('',(-33.45,-26.111655157757,-24.1655457011024));
#1972=CARTESIAN_POINT('',(-33.1275851905573,-25.9781065709759,-23.3871674954359));
#1973=CARTESIAN_POINT('',(-26.9670610786599,-32.1386306828733,-23.3871674954359));
#1974=CARTESIAN_POINT('',(-26.9670610786599,-32.1386306828733,-23.3871674954359));
#1975=CARTESIAN_POINT('',(-27.100609665441,-32.4610454923161,-24.1655457011024));
#1976=CARTESIAN_POINT('',(-33.45,-26.111655157757,-24.1655457011024));
#1977=CARTESIAN_POINT('',(-27.100609665441,-32.4610454923161,-24.1655457011024));
#1978=CARTESIAN_POINT('',(-26.9670610786599,-32.1386306828733,-23.3871674954359));
#1979=CARTESIAN_POINT('',(26.9670610786598,-32.1386306828734,-23.3871674954359));
#1980=CARTESIAN_POINT('',(26.9670610786598,-32.1386306828734,-23.3871674954359));
#1981=CARTESIAN_POINT('',(27.100609665441,-32.4610454923161,-24.1655457011024));
#1982=CARTESIAN_POINT('',(33.1275851905573,-25.9781065709759,-23.3871674954359));
#1983=CARTESIAN_POINT('',(26.9670610786598,-32.1386306828734,-23.3871674954359));
#1984=CARTESIAN_POINT('',(33.45,-26.111655157757,-24.1655457011024));
#1985=CARTESIAN_POINT('',(33.1275851905573,-25.9781065709759,-23.3871674954359));
#1986=CARTESIAN_POINT('',(27.100609665441,-32.4610454923161,-24.1655457011024));
#1987=CARTESIAN_POINT('',(33.45,-26.111655157757,-24.1655457011024));
#1988=CARTESIAN_POINT('',(33.1275851905584,-16.8326672866523,-23.3871674954386));
#1989=CARTESIAN_POINT('',(33.1275851905573,-25.9781065709759,-23.3871674954359));
#1990=CARTESIAN_POINT('',(-33.2142942910872,-26.0140226563966,-22.9512514100152));
#1991=CARTESIAN_POINT('',(-33.1027954186203,-25.9678383112315,-23.062750282482));
#1992=CARTESIAN_POINT('',(-33.064860707668,-25.9521252394703,-23.2357371981516));
#1993=CARTESIAN_POINT('',(-33.1275851905573,-25.9781065709759,-23.3871674954359));
#1994=CARTESIAN_POINT('',(-26.9670610786599,-32.1386306828733,-23.3871674954359));
#1995=CARTESIAN_POINT('',(-26.9410797471543,-32.075906199984,-23.2357371981516));
#1996=CARTESIAN_POINT('',(-26.9567928189154,-32.1138409109364,-23.0627502824821));
#1997=CARTESIAN_POINT('',(-27.0029771640805,-32.2253397834032,-22.9512514100152));
#1998=CARTESIAN_POINT('',(27.0029771640805,-32.2253397834032,-22.9512514100152));
#1999=CARTESIAN_POINT('',(26.9567928189154,-32.1138409109364,-23.0627502824821));
#2000=CARTESIAN_POINT('',(26.9410797471543,-32.075906199984,-23.2357371981516));
#2001=CARTESIAN_POINT('',(26.9670610786598,-32.1386306828734,-23.3871674954359));
#2002=CARTESIAN_POINT('',(33.1275851905573,-25.9781065709759,-23.3871674954359));
#2003=CARTESIAN_POINT('',(33.064860707668,-25.9521252394703,-23.2357371981516));
#2004=CARTESIAN_POINT('',(33.1027954186203,-25.9678383112315,-23.0627502824821));
#2005=CARTESIAN_POINT('',(33.2142942910872,-26.0140226563966,-22.9512514100152));
#2006=CARTESIAN_POINT('',(35.8845299461621,-26.6110454923161,-10.1655457011024));
#2007=CARTESIAN_POINT('',(37.,-26.6110454923161,-10.1655457011024));
#2008=CARTESIAN_POINT('',(35.8845299461621,-26.6110454923161,-10.1655457011025));
#2009=CARTESIAN_POINT('',(35.884529946162,-26.611045492316,-12.3210647786021));
#2010=CARTESIAN_POINT('',(34.7875253719812,-24.7109778336994,-13.3389082764661));
#2011=CARTESIAN_POINT('',(-36.775,-19.4110454923161,-10.1655457011024));
#2012=CARTESIAN_POINT('',(-37.,-19.4110454923161,-10.1655457011024));
#2013=CARTESIAN_POINT('',(-36.775,-19.411045492316,-10.1655457011024));
#2014=CARTESIAN_POINT('',(-36.775,-19.411045492316,-13.7655457011024));
#2015=CARTESIAN_POINT('',(-35.425,-23.0110454923161,-13.7655457011024));
#2016=CARTESIAN_POINT('',(-35.0861862076873,-23.9145489384831,-13.7655457011024));
#2017=CARTESIAN_POINT('',(-34.7875253719812,-24.7109778336994,-13.3389082764661));
#2018=CARTESIAN_POINT('',(0.,0.,0.));
ENDSEC;
END-ISO-10303-21;
