ISO-10303-21;
HEADER;
/* Generated by software containing ST-Developer
 * from STEP Tools, Inc. (www.steptools.com) 
 */
/* OPTION: using custom schema-name function */

FILE_DESCRIPTION(
/* description */ (''),
/* implementation_level */ '2;1');

FILE_NAME(
/* name */ 'BUMPER~3',
/* time_stamp */ '2025-10-10T11:45:57+02:00',
/* author */ (''),
/* organization */ (''),
/* preprocessor_version */ 'ST-DEVELOPER v15',
/* originating_system */ '',
/* authorisation */ '');

FILE_SCHEMA (('AUTOMOTIVE_DESIGN'));
ENDSEC;

DATA;
#10=SHAPE_REPRESENTATION_RELATIONSHIP('','',#1539,#101);
#11=FACE_BOUND('',#338,.T.);
#12=FACE_BOUND('',#349,.T.);
#13=(
BOUNDED_CURVE()
B_SPLINE_CURVE(2,(#2151,#2152,#2153),.UNSPECIFIED.,.F.,.F.)
B_SPLINE_CURVE_WITH_KNOTS((3,3),(0.,0.000505680883773999),.UNSPECIFIED.)
CURVE()
GEOMETRIC_REPRESENTATION_ITEM()
RATIONAL_B_SPLINE_CURVE((1.,0.992760646273836,1.))
REPRESENTATION_ITEM('')
);
#14=(
BOUNDED_CURVE()
B_SPLINE_CURVE(2,(#2156,#2157,#2158),.UNSPECIFIED.,.F.,.F.)
B_SPLINE_CURVE_WITH_KNOTS((3,3),(0.,0.000505680883773999),.UNSPECIFIED.)
CURVE()
GEOMETRIC_REPRESENTATION_ITEM()
RATIONAL_B_SPLINE_CURVE((1.,0.992760646273836,1.))
REPRESENTATION_ITEM('')
);
#15=(
BOUNDED_CURVE()
B_SPLINE_CURVE(2,(#2227,#2228,#2229,#2230,#2231),.UNSPECIFIED.,.F.,.F.)
B_SPLINE_CURVE_WITH_KNOTS((3,2,3),(0.,0.00304663251179446,0.00609326502358891),
 .UNSPECIFIED.)
CURVE()
GEOMETRIC_REPRESENTATION_ITEM()
RATIONAL_B_SPLINE_CURVE((1.,0.736387508002271,1.,0.736387508002271,1.))
REPRESENTATION_ITEM('')
);
#16=(
BOUNDED_CURVE()
B_SPLINE_CURVE(2,(#2234,#2235,#2236,#2237,#2238),.UNSPECIFIED.,.F.,.F.)
B_SPLINE_CURVE_WITH_KNOTS((3,2,3),(-0.00609326502358891,-0.00304663251179446,
0.),.UNSPECIFIED.)
CURVE()
GEOMETRIC_REPRESENTATION_ITEM()
RATIONAL_B_SPLINE_CURVE((1.,0.736387508002271,1.,0.736387508002271,1.))
REPRESENTATION_ITEM('')
);
#17=(
BOUNDED_CURVE()
B_SPLINE_CURVE(2,(#2249,#2250,#2251),.UNSPECIFIED.,.F.,.F.)
B_SPLINE_CURVE_WITH_KNOTS((3,3),(0.,0.000505680883774021),.UNSPECIFIED.)
CURVE()
GEOMETRIC_REPRESENTATION_ITEM()
RATIONAL_B_SPLINE_CURVE((1.,0.992760646273824,1.))
REPRESENTATION_ITEM('')
);
#18=(
BOUNDED_CURVE()
B_SPLINE_CURVE(2,(#2252,#2253,#2254),.UNSPECIFIED.,.F.,.F.)
B_SPLINE_CURVE_WITH_KNOTS((3,3),(0.,0.000505680883774021),.UNSPECIFIED.)
CURVE()
GEOMETRIC_REPRESENTATION_ITEM()
RATIONAL_B_SPLINE_CURVE((1.,0.992760646273824,1.))
REPRESENTATION_ITEM('')
);
#19=(
BOUNDED_CURVE()
B_SPLINE_CURVE(2,(#2263,#2264,#2265,#2266,#2267),.UNSPECIFIED.,.F.,.F.)
B_SPLINE_CURVE_WITH_KNOTS((3,2,3),(-0.00785398163397461,-0.0039269908169873,
0.),.UNSPECIFIED.)
CURVE()
GEOMETRIC_REPRESENTATION_ITEM()
RATIONAL_B_SPLINE_CURVE((1.,0.707106781186547,1.,0.707106781186547,1.))
REPRESENTATION_ITEM('')
);
#20=(
BOUNDED_CURVE()
B_SPLINE_CURVE(2,(#2268,#2269,#2270,#2271,#2272),.UNSPECIFIED.,.F.,.F.)
B_SPLINE_CURVE_WITH_KNOTS((3,2,3),(-0.0157079632679492,-0.0117809724509619,
-0.00785398163397461),.UNSPECIFIED.)
CURVE()
GEOMETRIC_REPRESENTATION_ITEM()
RATIONAL_B_SPLINE_CURVE((1.,0.707106781186548,1.,0.707106781186548,1.))
REPRESENTATION_ITEM('')
);
#21=(
BOUNDED_CURVE()
B_SPLINE_CURVE(2,(#2273,#2274,#2275,#2276,#2277),.UNSPECIFIED.,.F.,.F.)
B_SPLINE_CURVE_WITH_KNOTS((3,2,3),(0.,0.00289819870181856,0.00579639740363712),
 .UNSPECIFIED.)
CURVE()
GEOMETRIC_REPRESENTATION_ITEM()
RATIONAL_B_SPLINE_CURVE((1.,0.836660026534074,1.,0.836660026534074,1.))
REPRESENTATION_ITEM('')
);
#22=(
BOUNDED_CURVE()
B_SPLINE_CURVE(2,(#2280,#2281,#2282),.UNSPECIFIED.,.F.,.F.)
B_SPLINE_CURVE_WITH_KNOTS((3,3),(0.,0.00102879211516872),.UNSPECIFIED.)
CURVE()
GEOMETRIC_REPRESENTATION_ITEM()
RATIONAL_B_SPLINE_CURVE((1.,0.978906312930699,1.))
REPRESENTATION_ITEM('')
);
#23=(
BOUNDED_CURVE()
B_SPLINE_CURVE(2,(#2285,#2286,#2287,#2288,#2289),.UNSPECIFIED.,.F.,.F.)
B_SPLINE_CURVE_WITH_KNOTS((3,2,3),(0.,0.00289819870181858,0.00579639740363716),
 .UNSPECIFIED.)
CURVE()
GEOMETRIC_REPRESENTATION_ITEM()
RATIONAL_B_SPLINE_CURVE((1.,0.836660026534074,1.,0.836660026534074,1.))
REPRESENTATION_ITEM('')
);
#24=(
BOUNDED_CURVE()
B_SPLINE_CURVE(2,(#2292,#2293,#2294),.UNSPECIFIED.,.F.,.F.)
B_SPLINE_CURVE_WITH_KNOTS((3,3),(0.00102879211516873,0.00205758423033745),
 .UNSPECIFIED.)
CURVE()
GEOMETRIC_REPRESENTATION_ITEM()
RATIONAL_B_SPLINE_CURVE((1.,0.978906312930696,1.))
REPRESENTATION_ITEM('')
);
#25=(
BOUNDED_CURVE()
B_SPLINE_CURVE(2,(#2295,#2296,#2297),.UNSPECIFIED.,.F.,.F.)
B_SPLINE_CURVE_WITH_KNOTS((3,3),(0.,0.00102879211516873),.UNSPECIFIED.)
CURVE()
GEOMETRIC_REPRESENTATION_ITEM()
RATIONAL_B_SPLINE_CURVE((1.,0.978906312930696,1.))
REPRESENTATION_ITEM('')
);
#26=(
BOUNDED_CURVE()
B_SPLINE_CURVE(2,(#2344,#2345,#2346),.UNSPECIFIED.,.F.,.F.)
B_SPLINE_CURVE_WITH_KNOTS((3,3),(0.00102879211516872,0.00205758423033745),
 .UNSPECIFIED.)
CURVE()
GEOMETRIC_REPRESENTATION_ITEM()
RATIONAL_B_SPLINE_CURVE((1.,0.978906312930699,1.))
REPRESENTATION_ITEM('')
);
#27=(
BOUNDED_CURVE()
B_SPLINE_CURVE(2,(#2459,#2460,#2461,#2462,#2463),.UNSPECIFIED.,.F.,.F.)
B_SPLINE_CURVE_WITH_KNOTS((3,2,3),(-0.0226194671058465,-0.0169646003293849,
-0.0113097335529233),.UNSPECIFIED.)
CURVE()
GEOMETRIC_REPRESENTATION_ITEM()
RATIONAL_B_SPLINE_CURVE((1.,0.707106781186548,1.,0.707106781186548,1.))
REPRESENTATION_ITEM('')
);
#28=(
BOUNDED_CURVE()
B_SPLINE_CURVE(2,(#2464,#2465,#2466,#2467,#2468),.UNSPECIFIED.,.F.,.F.)
B_SPLINE_CURVE_WITH_KNOTS((3,2,3),(-0.0113097335529233,-0.00565486677646163,
0.),.UNSPECIFIED.)
CURVE()
GEOMETRIC_REPRESENTATION_ITEM()
RATIONAL_B_SPLINE_CURVE((1.,0.707106781186547,1.,0.707106781186547,1.))
REPRESENTATION_ITEM('')
);
#29=(
BOUNDED_CURVE()
B_SPLINE_CURVE(2,(#2471,#2472,#2473),.UNSPECIFIED.,.F.,.F.)
B_SPLINE_CURVE_WITH_KNOTS((3,3),(-0.0176473171546299,-0.0157928325679473),
 .UNSPECIFIED.)
CURVE()
GEOMETRIC_REPRESENTATION_ITEM()
RATIONAL_B_SPLINE_CURVE((1.,0.971139867799375,1.))
REPRESENTATION_ITEM('')
);
#30=(
BOUNDED_CURVE()
B_SPLINE_CURVE(2,(#2476,#2477,#2478),.UNSPECIFIED.,.F.,.F.)
B_SPLINE_CURVE_WITH_KNOTS((3,3),(-0.031266679844399,-0.0294121952577164),
 .UNSPECIFIED.)
CURVE()
GEOMETRIC_REPRESENTATION_ITEM()
RATIONAL_B_SPLINE_CURVE((1.,0.971139867799375,1.))
REPRESENTATION_ITEM('')
);
#31=(
BOUNDED_CURVE()
B_SPLINE_CURVE(2,(#2479,#2480,#2481,#2482,#2483),.UNSPECIFIED.,.F.,.F.)
B_SPLINE_CURVE_WITH_KNOTS((3,2,3),(-0.0289720745198949,-0.0247373905030782,
-0.0205027064862614),.UNSPECIFIED.)
CURVE()
GEOMETRIC_REPRESENTATION_ITEM()
RATIONAL_B_SPLINE_CURVE((1.,0.855352124035534,1.,0.855352124035534,1.))
REPRESENTATION_ITEM('')
);
#32=(
BOUNDED_CURVE()
B_SPLINE_CURVE(2,(#2486,#2487,#2488,#2489,#2490),.UNSPECIFIED.,.F.,.F.)
B_SPLINE_CURVE_WITH_KNOTS((3,2,3),(-0.0294121952577164,-0.0235297562061731,
-0.0176473171546299),.UNSPECIFIED.)
CURVE()
GEOMETRIC_REPRESENTATION_ITEM()
RATIONAL_B_SPLINE_CURVE((1.,0.707106781186548,1.,0.707106781186549,1.))
REPRESENTATION_ITEM('')
);
#33=(
BOUNDED_SURFACE()
B_SPLINE_SURFACE(1,2,((#1956,#1957,#1958,#1959,#1960,#1961,#1962,#1963,
#1964),(#1965,#1966,#1967,#1968,#1969,#1970,#1971,#1972,#1973)),
 .UNSPECIFIED.,.F.,.F.,.F.)
B_SPLINE_SURFACE_WITH_KNOTS((2,2),(3,2,2,2,3),(0.,0.00516),(0.,0.00329867228626928,
0.00659734457253857,0.00989601685880785,0.0131946891450771),
 .UNSPECIFIED.)
GEOMETRIC_REPRESENTATION_ITEM()
RATIONAL_B_SPLINE_SURFACE(((1.,0.707106781186548,1.,0.707106781186548,1.,
0.707106781186548,1.,0.707106781186548,1.),(1.,0.707106781186548,1.,0.707106781186548,
1.,0.707106781186548,1.,0.707106781186548,1.)))
REPRESENTATION_ITEM('')
SURFACE()
);
#34=(
BOUNDED_SURFACE()
B_SPLINE_SURFACE(1,2,((#1984,#1985,#1986,#1987,#1988,#1989,#1990,#1991,
#1992),(#1993,#1994,#1995,#1996,#1997,#1998,#1999,#2000,#2001)),
 .UNSPECIFIED.,.F.,.F.,.F.)
B_SPLINE_SURFACE_WITH_KNOTS((2,2),(3,2,2,2,3),(0.,0.00516),(0.,0.00322013246992954,
0.00644026493985908,0.00966039740978861,0.0128805298797182),
 .UNSPECIFIED.)
GEOMETRIC_REPRESENTATION_ITEM()
RATIONAL_B_SPLINE_SURFACE(((1.,0.707106781186548,1.,0.707106781186548,1.,
0.707106781186548,1.,0.707106781186548,1.),(1.,0.707106781186548,1.,0.707106781186548,
1.,0.707106781186548,1.,0.707106781186548,1.)))
REPRESENTATION_ITEM('')
SURFACE()
);
#35=(
BOUNDED_SURFACE()
B_SPLINE_SURFACE(1,2,((#2004,#2005,#2006,#2007,#2008,#2009,#2010,#2011,
#2012),(#2013,#2014,#2015,#2016,#2017,#2018,#2019,#2020,#2021)),
 .UNSPECIFIED.,.F.,.F.,.F.)
B_SPLINE_SURFACE_WITH_KNOTS((2,2),(3,2,2,2,3),(0.,0.00516),(0.,0.00329867228626928,
0.00659734457253857,0.00989601685880785,0.0131946891450771),
 .UNSPECIFIED.)
GEOMETRIC_REPRESENTATION_ITEM()
RATIONAL_B_SPLINE_SURFACE(((1.,0.707106781186548,1.,0.707106781186548,1.,
0.707106781186548,1.,0.707106781186548,1.),(1.,0.707106781186548,1.,0.707106781186548,
1.,0.707106781186548,1.,0.707106781186548,1.)))
REPRESENTATION_ITEM('')
SURFACE()
);
#36=(
BOUNDED_SURFACE()
B_SPLINE_SURFACE(1,2,((#2026,#2027,#2028,#2029,#2030),(#2031,#2032,#2033,
#2034,#2035)),.UNSPECIFIED.,.F.,.F.,.F.)
B_SPLINE_SURFACE_WITH_KNOTS((2,2),(3,2,3),(0.,0.00395999999999996),(0.,
0.00392699081698731,0.00785398163397461),.UNSPECIFIED.)
GEOMETRIC_REPRESENTATION_ITEM()
RATIONAL_B_SPLINE_SURFACE(((1.,0.707106781186548,1.,0.707106781186548,1.),
(1.,0.707106781186548,1.,0.707106781186548,1.)))
REPRESENTATION_ITEM('')
SURFACE()
);
#37=(
BOUNDED_SURFACE()
B_SPLINE_SURFACE(1,2,((#2049,#2050,#2051,#2052,#2053),(#2054,#2055,#2056,
#2057,#2058)),.UNSPECIFIED.,.F.,.F.,.F.)
B_SPLINE_SURFACE_WITH_KNOTS((2,2),(3,2,3),(0.,0.00395999999999996),(0.00785398163397461,
0.0117809724509619,0.0157079632679492),.UNSPECIFIED.)
GEOMETRIC_REPRESENTATION_ITEM()
RATIONAL_B_SPLINE_SURFACE(((1.,0.707106781186548,1.,0.707106781186548,1.),
(1.,0.707106781186548,1.,0.707106781186548,1.)))
REPRESENTATION_ITEM('')
SURFACE()
);
#38=(
BOUNDED_SURFACE()
B_SPLINE_SURFACE(2,1,((#2430,#2431),(#2432,#2433),(#2434,#2435),(#2436,
#2437),(#2438,#2439)),.UNSPECIFIED.,.F.,.F.,.F.)
B_SPLINE_SURFACE_WITH_KNOTS((3,2,3),(2,2),(0.,0.00565486677646163,0.0113097335529233),
(0.,0.00512181432724),.UNSPECIFIED.)
GEOMETRIC_REPRESENTATION_ITEM()
RATIONAL_B_SPLINE_SURFACE(((1.,1.),(0.707106781186548,0.707106781186548),
(1.,1.),(0.707106781186548,0.707106781186548),(1.,1.)))
REPRESENTATION_ITEM('')
SURFACE()
);
#39=(
BOUNDED_SURFACE()
B_SPLINE_SURFACE(2,1,((#2443,#2444),(#2445,#2446),(#2447,#2448),(#2449,
#2450),(#2451,#2452)),.UNSPECIFIED.,.F.,.F.,.F.)
B_SPLINE_SURFACE_WITH_KNOTS((3,2,3),(2,2),(0.0113097335529233,0.0169646003293849,
0.0226194671058465),(0.,0.00512181432724),.UNSPECIFIED.)
GEOMETRIC_REPRESENTATION_ITEM()
RATIONAL_B_SPLINE_SURFACE(((1.,1.),(0.707106781186548,0.707106781186548),
(1.,1.),(0.707106781186548,0.707106781186548),(1.,1.)))
REPRESENTATION_ITEM('')
SURFACE()
);
#40=COLOUR_RGB('',0.,0.588235294117647,1.);
#41=COLOUR_RGB('',0.325490196078431,0.529411764705882,0.752941176470588);
#42=COLOUR_RGB('',0.325490196078431,0.529411764705882,0.752941176470588);
#43=COLOUR_RGB('',0.325490196078431,0.529411764705882,0.752941176470588);
#44=COLOUR_RGB('',0.325490196078431,0.529411764705882,0.752941176470588);
#45=COLOUR_RGB('',0.325490196078431,0.529411764705882,0.752941176470588);
#46=FILL_AREA_STYLE_COLOUR('',#40);
#47=FILL_AREA_STYLE_COLOUR('',#41);
#48=FILL_AREA_STYLE_COLOUR('',#42);
#49=FILL_AREA_STYLE_COLOUR('',#43);
#50=FILL_AREA_STYLE_COLOUR('',#44);
#51=FILL_AREA_STYLE_COLOUR('',#45);
#52=FILL_AREA_STYLE('',(#46));
#53=FILL_AREA_STYLE('',(#47));
#54=FILL_AREA_STYLE('',(#48));
#55=FILL_AREA_STYLE('',(#49));
#56=FILL_AREA_STYLE('',(#50));
#57=FILL_AREA_STYLE('',(#51));
#58=SURFACE_STYLE_FILL_AREA(#52);
#59=SURFACE_STYLE_FILL_AREA(#53);
#60=SURFACE_STYLE_FILL_AREA(#54);
#61=SURFACE_STYLE_FILL_AREA(#55);
#62=SURFACE_STYLE_FILL_AREA(#56);
#63=SURFACE_STYLE_FILL_AREA(#57);
#64=SURFACE_SIDE_STYLE('collector',(#58));
#65=SURFACE_SIDE_STYLE('Part 6',(#59));
#66=SURFACE_SIDE_STYLE('Part 2',(#60));
#67=SURFACE_SIDE_STYLE('Part 3',(#61));
#68=SURFACE_SIDE_STYLE('Part 4',(#62));
#69=SURFACE_SIDE_STYLE('Part 5',(#63));
#70=SURFACE_STYLE_USAGE(.BOTH.,#64);
#71=SURFACE_STYLE_USAGE(.BOTH.,#65);
#72=SURFACE_STYLE_USAGE(.BOTH.,#66);
#73=SURFACE_STYLE_USAGE(.BOTH.,#67);
#74=SURFACE_STYLE_USAGE(.BOTH.,#68);
#75=SURFACE_STYLE_USAGE(.BOTH.,#69);
#76=MECHANICAL_DESIGN_GEOMETRIC_PRESENTATION_REPRESENTATION('',(#83,#84,
#85,#86,#87,#88),#1538);
#77=PRESENTATION_STYLE_ASSIGNMENT((#70));
#78=PRESENTATION_STYLE_ASSIGNMENT((#71));
#79=PRESENTATION_STYLE_ASSIGNMENT((#72));
#80=PRESENTATION_STYLE_ASSIGNMENT((#73));
#81=PRESENTATION_STYLE_ASSIGNMENT((#74));
#82=PRESENTATION_STYLE_ASSIGNMENT((#75));
#83=STYLED_ITEM('',(#77),#95);
#84=STYLED_ITEM('',(#78),#96);
#85=STYLED_ITEM('',(#79),#97);
#86=STYLED_ITEM('',(#80),#98);
#87=STYLED_ITEM('',(#81),#99);
#88=STYLED_ITEM('',(#82),#100);
#89=PRESENTATION_LAYER_ASSIGNMENT('tops','',(#95));
#90=PRESENTATION_LAYER_ASSIGNMENT('tops','',(#96));
#91=PRESENTATION_LAYER_ASSIGNMENT('tops','',(#97));
#92=PRESENTATION_LAYER_ASSIGNMENT('tops','',(#98));
#93=PRESENTATION_LAYER_ASSIGNMENT('tops','',(#99));
#94=PRESENTATION_LAYER_ASSIGNMENT('tops','',(#100));
#95=MANIFOLD_SOLID_BREP('collector',#102);
#96=MANIFOLD_SOLID_BREP('Part 6',#103);
#97=MANIFOLD_SOLID_BREP('Part 2',#104);
#98=MANIFOLD_SOLID_BREP('Part 3',#105);
#99=MANIFOLD_SOLID_BREP('Part 4',#106);
#100=MANIFOLD_SOLID_BREP('Part 5',#107);
#101=ADVANCED_BREP_SHAPE_REPRESENTATION('brep_rep_0',(#95,#96,#97,#98,#99,
#100,#1631),#1538);
#102=CLOSED_SHELL('',(#108,#109,#110,#111,#112,#113,#114,#115,#116,#117,
#118,#119,#120,#121,#122,#123,#124,#125,#126,#127,#128,#129,#130,#131,#132,
#133));
#103=CLOSED_SHELL('',(#134,#135,#136,#137,#138,#139,#140,#141));
#104=CLOSED_SHELL('',(#142,#143,#144,#145,#146,#147,#148,#149,#150,#151,
#152,#153,#154,#155,#156,#157,#158,#159,#160,#161,#162,#163,#164,#165,#166,
#167,#168,#169,#170,#171,#172,#173,#174,#175,#176,#177,#178));
#105=CLOSED_SHELL('',(#179,#180,#181,#182,#183,#184,#185,#186,#187,#188,
#189,#190,#191));
#106=CLOSED_SHELL('',(#192,#193,#194,#195,#196));
#107=CLOSED_SHELL('',(#197,#198,#199,#200,#201,#202,#203,#204));
#108=ADVANCED_FACE('',(#205),#1431,.T.);
#109=ADVANCED_FACE('',(#206),#1432,.T.);
#110=ADVANCED_FACE('',(#207),#1433,.T.);
#111=ADVANCED_FACE('',(#208),#1434,.T.);
#112=ADVANCED_FACE('',(#209),#1435,.T.);
#113=ADVANCED_FACE('',(#210),#1436,.T.);
#114=ADVANCED_FACE('',(#211),#1437,.T.);
#115=ADVANCED_FACE('',(#212),#1438,.T.);
#116=ADVANCED_FACE('',(#213),#1439,.T.);
#117=ADVANCED_FACE('',(#214),#1440,.T.);
#118=ADVANCED_FACE('',(#215),#1441,.T.);
#119=ADVANCED_FACE('',(#216),#1442,.T.);
#120=ADVANCED_FACE('',(#217),#1443,.T.);
#121=ADVANCED_FACE('',(#218),#1444,.T.);
#122=ADVANCED_FACE('',(#219),#1445,.T.);
#123=ADVANCED_FACE('',(#220),#1446,.T.);
#124=ADVANCED_FACE('',(#221),#1447,.T.);
#125=ADVANCED_FACE('',(#222),#1448,.T.);
#126=ADVANCED_FACE('',(#223),#1449,.T.);
#127=ADVANCED_FACE('',(#224),#1450,.T.);
#128=ADVANCED_FACE('',(#225),#1451,.T.);
#129=ADVANCED_FACE('',(#226),#1452,.T.);
#130=ADVANCED_FACE('',(#227),#1453,.T.);
#131=ADVANCED_FACE('',(#228),#1454,.T.);
#132=ADVANCED_FACE('',(#229),#1455,.T.);
#133=ADVANCED_FACE('',(#230),#1456,.T.);
#134=ADVANCED_FACE('',(#231),#1457,.T.);
#135=ADVANCED_FACE('',(#232),#1458,.T.);
#136=ADVANCED_FACE('',(#233),#1459,.T.);
#137=ADVANCED_FACE('',(#234),#1460,.T.);
#138=ADVANCED_FACE('',(#235),#1461,.T.);
#139=ADVANCED_FACE('',(#236),#1462,.T.);
#140=ADVANCED_FACE('',(#237),#1463,.T.);
#141=ADVANCED_FACE('',(#238),#1464,.T.);
#142=ADVANCED_FACE('',(#239),#1465,.T.);
#143=ADVANCED_FACE('',(#240,#11),#1466,.T.);
#144=ADVANCED_FACE('',(#241),#1467,.T.);
#145=ADVANCED_FACE('',(#242),#33,.T.);
#146=ADVANCED_FACE('',(#243),#1468,.T.);
#147=ADVANCED_FACE('',(#244),#1469,.T.);
#148=ADVANCED_FACE('',(#245),#1470,.T.);
#149=ADVANCED_FACE('',(#246),#1471,.T.);
#150=ADVANCED_FACE('',(#247),#1472,.T.);
#151=ADVANCED_FACE('',(#248),#1473,.T.);
#152=ADVANCED_FACE('',(#249),#1474,.T.);
#153=ADVANCED_FACE('',(#250,#12),#1475,.T.);
#154=ADVANCED_FACE('',(#251),#1476,.T.);
#155=ADVANCED_FACE('',(#252),#1477,.T.);
#156=ADVANCED_FACE('',(#253),#34,.T.);
#157=ADVANCED_FACE('',(#254),#1478,.T.);
#158=ADVANCED_FACE('',(#255),#1479,.T.);
#159=ADVANCED_FACE('',(#256),#35,.T.);
#160=ADVANCED_FACE('',(#257),#1480,.T.);
#161=ADVANCED_FACE('',(#258),#1481,.T.);
#162=ADVANCED_FACE('',(#259),#1482,.T.);
#163=ADVANCED_FACE('',(#260),#1483,.T.);
#164=ADVANCED_FACE('',(#261),#36,.T.);
#165=ADVANCED_FACE('',(#262),#1484,.T.);
#166=ADVANCED_FACE('',(#263),#1485,.T.);
#167=ADVANCED_FACE('',(#264),#1486,.T.);
#168=ADVANCED_FACE('',(#265),#1487,.T.);
#169=ADVANCED_FACE('',(#266),#1488,.T.);
#170=ADVANCED_FACE('',(#267),#1489,.T.);
#171=ADVANCED_FACE('',(#268),#1490,.T.);
#172=ADVANCED_FACE('',(#269),#1491,.T.);
#173=ADVANCED_FACE('',(#270),#1492,.T.);
#174=ADVANCED_FACE('',(#271),#1493,.T.);
#175=ADVANCED_FACE('',(#272),#1494,.T.);
#176=ADVANCED_FACE('',(#273),#1495,.T.);
#177=ADVANCED_FACE('',(#274),#1496,.T.);
#178=ADVANCED_FACE('',(#275),#37,.T.);
#179=ADVANCED_FACE('',(#276),#1497,.T.);
#180=ADVANCED_FACE('',(#277),#1498,.T.);
#181=ADVANCED_FACE('',(#278),#1499,.T.);
#182=ADVANCED_FACE('',(#279),#1500,.T.);
#183=ADVANCED_FACE('',(#280),#1501,.T.);
#184=ADVANCED_FACE('',(#281),#1502,.T.);
#185=ADVANCED_FACE('',(#282),#1503,.T.);
#186=ADVANCED_FACE('',(#283),#1504,.T.);
#187=ADVANCED_FACE('',(#284),#1505,.T.);
#188=ADVANCED_FACE('',(#285),#1506,.T.);
#189=ADVANCED_FACE('',(#286),#1507,.T.);
#190=ADVANCED_FACE('',(#287),#1508,.T.);
#191=ADVANCED_FACE('',(#288),#1509,.T.);
#192=ADVANCED_FACE('',(#289),#38,.T.);
#193=ADVANCED_FACE('',(#290),#1510,.T.);
#194=ADVANCED_FACE('',(#291),#1511,.T.);
#195=ADVANCED_FACE('',(#292),#1512,.T.);
#196=ADVANCED_FACE('',(#293),#39,.T.);
#197=ADVANCED_FACE('',(#294),#1513,.T.);
#198=ADVANCED_FACE('',(#295),#1514,.T.);
#199=ADVANCED_FACE('',(#296),#1515,.T.);
#200=ADVANCED_FACE('',(#297),#1516,.T.);
#201=ADVANCED_FACE('',(#298),#1517,.T.);
#202=ADVANCED_FACE('',(#299),#1518,.T.);
#203=ADVANCED_FACE('',(#300),#1519,.T.);
#204=ADVANCED_FACE('',(#301),#1520,.T.);
#205=FACE_OUTER_BOUND('',#302,.T.);
#206=FACE_OUTER_BOUND('',#303,.T.);
#207=FACE_OUTER_BOUND('',#304,.T.);
#208=FACE_OUTER_BOUND('',#305,.T.);
#209=FACE_OUTER_BOUND('',#306,.T.);
#210=FACE_OUTER_BOUND('',#307,.T.);
#211=FACE_OUTER_BOUND('',#308,.T.);
#212=FACE_OUTER_BOUND('',#309,.T.);
#213=FACE_OUTER_BOUND('',#310,.T.);
#214=FACE_OUTER_BOUND('',#311,.T.);
#215=FACE_OUTER_BOUND('',#312,.T.);
#216=FACE_OUTER_BOUND('',#313,.T.);
#217=FACE_OUTER_BOUND('',#314,.T.);
#218=FACE_OUTER_BOUND('',#315,.T.);
#219=FACE_OUTER_BOUND('',#316,.T.);
#220=FACE_OUTER_BOUND('',#317,.T.);
#221=FACE_OUTER_BOUND('',#318,.T.);
#222=FACE_OUTER_BOUND('',#319,.T.);
#223=FACE_OUTER_BOUND('',#320,.T.);
#224=FACE_OUTER_BOUND('',#321,.T.);
#225=FACE_OUTER_BOUND('',#322,.T.);
#226=FACE_OUTER_BOUND('',#323,.T.);
#227=FACE_OUTER_BOUND('',#324,.T.);
#228=FACE_OUTER_BOUND('',#325,.T.);
#229=FACE_OUTER_BOUND('',#326,.T.);
#230=FACE_OUTER_BOUND('',#327,.T.);
#231=FACE_OUTER_BOUND('',#328,.T.);
#232=FACE_OUTER_BOUND('',#329,.T.);
#233=FACE_OUTER_BOUND('',#330,.T.);
#234=FACE_OUTER_BOUND('',#331,.T.);
#235=FACE_OUTER_BOUND('',#332,.T.);
#236=FACE_OUTER_BOUND('',#333,.T.);
#237=FACE_OUTER_BOUND('',#334,.T.);
#238=FACE_OUTER_BOUND('',#335,.T.);
#239=FACE_OUTER_BOUND('',#336,.T.);
#240=FACE_OUTER_BOUND('',#337,.T.);
#241=FACE_OUTER_BOUND('',#339,.T.);
#242=FACE_OUTER_BOUND('',#340,.T.);
#243=FACE_OUTER_BOUND('',#341,.T.);
#244=FACE_OUTER_BOUND('',#342,.T.);
#245=FACE_OUTER_BOUND('',#343,.T.);
#246=FACE_OUTER_BOUND('',#344,.T.);
#247=FACE_OUTER_BOUND('',#345,.T.);
#248=FACE_OUTER_BOUND('',#346,.T.);
#249=FACE_OUTER_BOUND('',#347,.T.);
#250=FACE_OUTER_BOUND('',#348,.T.);
#251=FACE_OUTER_BOUND('',#350,.T.);
#252=FACE_OUTER_BOUND('',#351,.T.);
#253=FACE_OUTER_BOUND('',#352,.T.);
#254=FACE_OUTER_BOUND('',#353,.T.);
#255=FACE_OUTER_BOUND('',#354,.T.);
#256=FACE_OUTER_BOUND('',#355,.T.);
#257=FACE_OUTER_BOUND('',#356,.T.);
#258=FACE_OUTER_BOUND('',#357,.T.);
#259=FACE_OUTER_BOUND('',#358,.T.);
#260=FACE_OUTER_BOUND('',#359,.T.);
#261=FACE_OUTER_BOUND('',#360,.T.);
#262=FACE_OUTER_BOUND('',#361,.T.);
#263=FACE_OUTER_BOUND('',#362,.T.);
#264=FACE_OUTER_BOUND('',#363,.T.);
#265=FACE_OUTER_BOUND('',#364,.T.);
#266=FACE_OUTER_BOUND('',#365,.T.);
#267=FACE_OUTER_BOUND('',#366,.T.);
#268=FACE_OUTER_BOUND('',#367,.T.);
#269=FACE_OUTER_BOUND('',#368,.T.);
#270=FACE_OUTER_BOUND('',#369,.T.);
#271=FACE_OUTER_BOUND('',#370,.T.);
#272=FACE_OUTER_BOUND('',#371,.T.);
#273=FACE_OUTER_BOUND('',#372,.T.);
#274=FACE_OUTER_BOUND('',#373,.T.);
#275=FACE_OUTER_BOUND('',#374,.T.);
#276=FACE_OUTER_BOUND('',#375,.T.);
#277=FACE_OUTER_BOUND('',#376,.T.);
#278=FACE_OUTER_BOUND('',#377,.T.);
#279=FACE_OUTER_BOUND('',#378,.T.);
#280=FACE_OUTER_BOUND('',#379,.T.);
#281=FACE_OUTER_BOUND('',#380,.T.);
#282=FACE_OUTER_BOUND('',#381,.T.);
#283=FACE_OUTER_BOUND('',#382,.T.);
#284=FACE_OUTER_BOUND('',#383,.T.);
#285=FACE_OUTER_BOUND('',#384,.T.);
#286=FACE_OUTER_BOUND('',#385,.T.);
#287=FACE_OUTER_BOUND('',#386,.T.);
#288=FACE_OUTER_BOUND('',#387,.T.);
#289=FACE_OUTER_BOUND('',#388,.T.);
#290=FACE_OUTER_BOUND('',#389,.T.);
#291=FACE_OUTER_BOUND('',#390,.T.);
#292=FACE_OUTER_BOUND('',#391,.T.);
#293=FACE_OUTER_BOUND('',#392,.T.);
#294=FACE_OUTER_BOUND('',#393,.T.);
#295=FACE_OUTER_BOUND('',#394,.T.);
#296=FACE_OUTER_BOUND('',#395,.T.);
#297=FACE_OUTER_BOUND('',#396,.T.);
#298=FACE_OUTER_BOUND('',#397,.T.);
#299=FACE_OUTER_BOUND('',#398,.T.);
#300=FACE_OUTER_BOUND('',#399,.T.);
#301=FACE_OUTER_BOUND('',#400,.T.);
#302=EDGE_LOOP('',(#401,#402,#403,#404));
#303=EDGE_LOOP('',(#405,#406,#407,#408));
#304=EDGE_LOOP('',(#409,#410,#411,#412));
#305=EDGE_LOOP('',(#413,#414,#415,#416));
#306=EDGE_LOOP('',(#417,#418,#419,#420));
#307=EDGE_LOOP('',(#421,#422,#423,#424,#425,#426,#427,#428));
#308=EDGE_LOOP('',(#429,#430,#431,#432,#433,#434,#435,#436,#437,#438,#439,
#440));
#309=EDGE_LOOP('',(#441,#442,#443,#444));
#310=EDGE_LOOP('',(#445,#446,#447,#448));
#311=EDGE_LOOP('',(#449,#450,#451,#452));
#312=EDGE_LOOP('',(#453,#454,#455,#456));
#313=EDGE_LOOP('',(#457,#458,#459,#460));
#314=EDGE_LOOP('',(#461,#462,#463,#464));
#315=EDGE_LOOP('',(#465,#466,#467));
#316=EDGE_LOOP('',(#468,#469,#470));
#317=EDGE_LOOP('',(#471,#472,#473,#474));
#318=EDGE_LOOP('',(#475,#476,#477,#478));
#319=EDGE_LOOP('',(#479,#480,#481,#482));
#320=EDGE_LOOP('',(#483,#484,#485,#486));
#321=EDGE_LOOP('',(#487,#488,#489,#490));
#322=EDGE_LOOP('',(#491,#492,#493,#494));
#323=EDGE_LOOP('',(#495,#496,#497,#498));
#324=EDGE_LOOP('',(#499,#500,#501,#502));
#325=EDGE_LOOP('',(#503,#504,#505));
#326=EDGE_LOOP('',(#506,#507,#508));
#327=EDGE_LOOP('',(#509,#510,#511,#512));
#328=EDGE_LOOP('',(#513,#514,#515,#516,#517,#518));
#329=EDGE_LOOP('',(#519,#520,#521,#522));
#330=EDGE_LOOP('',(#523,#524,#525,#526,#527,#528));
#331=EDGE_LOOP('',(#529,#530,#531,#532));
#332=EDGE_LOOP('',(#533,#534,#535,#536));
#333=EDGE_LOOP('',(#537,#538,#539,#540));
#334=EDGE_LOOP('',(#541,#542,#543,#544));
#335=EDGE_LOOP('',(#545,#546,#547,#548));
#336=EDGE_LOOP('',(#549,#550));
#337=EDGE_LOOP('',(#551,#552,#553,#554,#555,#556,#557,#558,#559,#560,#561,
#562,#563,#564));
#338=EDGE_LOOP('',(#565,#566,#567,#568));
#339=EDGE_LOOP('',(#569,#570));
#340=EDGE_LOOP('',(#571,#572,#573,#574));
#341=EDGE_LOOP('',(#575,#576,#577,#578));
#342=EDGE_LOOP('',(#579,#580,#581,#582,#583,#584));
#343=EDGE_LOOP('',(#585,#586,#587,#588,#589,#590,#591,#592));
#344=EDGE_LOOP('',(#593,#594,#595,#596));
#345=EDGE_LOOP('',(#597,#598,#599,#600,#601,#602,#603,#604));
#346=EDGE_LOOP('',(#605,#606,#607,#608,#609,#610,#611,#612,#613,#614));
#347=EDGE_LOOP('',(#615,#616,#617,#618));
#348=EDGE_LOOP('',(#619,#620,#621,#622));
#349=EDGE_LOOP('',(#623,#624));
#350=EDGE_LOOP('',(#625,#626,#627,#628));
#351=EDGE_LOOP('',(#629,#630,#631,#632));
#352=EDGE_LOOP('',(#633,#634,#635,#636));
#353=EDGE_LOOP('',(#637,#638,#639,#640));
#354=EDGE_LOOP('',(#641,#642,#643,#644));
#355=EDGE_LOOP('',(#645,#646,#647,#648));
#356=EDGE_LOOP('',(#649,#650,#651,#652,#653,#654,#655,#656,#657,#658));
#357=EDGE_LOOP('',(#659,#660,#661,#662));
#358=EDGE_LOOP('',(#663,#664,#665,#666));
#359=EDGE_LOOP('',(#667,#668,#669,#670));
#360=EDGE_LOOP('',(#671,#672,#673,#674,#675,#676,#677,#678));
#361=EDGE_LOOP('',(#679,#680,#681,#682,#683));
#362=EDGE_LOOP('',(#684,#685,#686,#687,#688));
#363=EDGE_LOOP('',(#689,#690,#691,#692,#693,#694,#695,#696));
#364=EDGE_LOOP('',(#697,#698,#699,#700,#701,#702,#703,#704));
#365=EDGE_LOOP('',(#705,#706,#707,#708));
#366=EDGE_LOOP('',(#709,#710,#711,#712));
#367=EDGE_LOOP('',(#713,#714,#715,#716));
#368=EDGE_LOOP('',(#717,#718,#719,#720));
#369=EDGE_LOOP('',(#721,#722,#723));
#370=EDGE_LOOP('',(#724,#725,#726,#727));
#371=EDGE_LOOP('',(#728,#729,#730,#731));
#372=EDGE_LOOP('',(#732,#733,#734));
#373=EDGE_LOOP('',(#735,#736,#737,#738));
#374=EDGE_LOOP('',(#739,#740,#741,#742,#743,#744,#745,#746));
#375=EDGE_LOOP('',(#747,#748,#749,#750,#751,#752));
#376=EDGE_LOOP('',(#753,#754,#755,#756));
#377=EDGE_LOOP('',(#757,#758,#759,#760));
#378=EDGE_LOOP('',(#761,#762,#763,#764));
#379=EDGE_LOOP('',(#765,#766,#767,#768));
#380=EDGE_LOOP('',(#769,#770,#771,#772,#773,#774));
#381=EDGE_LOOP('',(#775,#776,#777,#778));
#382=EDGE_LOOP('',(#779,#780,#781,#782));
#383=EDGE_LOOP('',(#783,#784,#785));
#384=EDGE_LOOP('',(#786,#787,#788,#789));
#385=EDGE_LOOP('',(#790,#791,#792,#793));
#386=EDGE_LOOP('',(#794,#795,#796));
#387=EDGE_LOOP('',(#797,#798,#799,#800));
#388=EDGE_LOOP('',(#801,#802,#803,#804,#805,#806));
#389=EDGE_LOOP('',(#807,#808));
#390=EDGE_LOOP('',(#809,#810,#811,#812));
#391=EDGE_LOOP('',(#813,#814));
#392=EDGE_LOOP('',(#815,#816,#817,#818));
#393=EDGE_LOOP('',(#819,#820,#821,#822,#823,#824));
#394=EDGE_LOOP('',(#825,#826,#827,#828));
#395=EDGE_LOOP('',(#829,#830,#831,#832,#833,#834));
#396=EDGE_LOOP('',(#835,#836,#837,#838));
#397=EDGE_LOOP('',(#839,#840,#841,#842));
#398=EDGE_LOOP('',(#843,#844,#845,#846));
#399=EDGE_LOOP('',(#847,#848,#849,#850));
#400=EDGE_LOOP('',(#851,#852,#853,#854));
#401=ORIENTED_EDGE('',*,*,#855,.T.);
#402=ORIENTED_EDGE('',*,*,#856,.T.);
#403=ORIENTED_EDGE('',*,*,#857,.T.);
#404=ORIENTED_EDGE('',*,*,#858,.T.);
#405=ORIENTED_EDGE('',*,*,#860,.F.);
#406=ORIENTED_EDGE('',*,*,#861,.F.);
#407=ORIENTED_EDGE('',*,*,#862,.F.);
#408=ORIENTED_EDGE('',*,*,#859,.F.);
#409=ORIENTED_EDGE('',*,*,#864,.F.);
#410=ORIENTED_EDGE('',*,*,#859,.T.);
#411=ORIENTED_EDGE('',*,*,#865,.F.);
#412=ORIENTED_EDGE('',*,*,#863,.F.);
#413=ORIENTED_EDGE('',*,*,#867,.F.);
#414=ORIENTED_EDGE('',*,*,#868,.F.);
#415=ORIENTED_EDGE('',*,*,#869,.F.);
#416=ORIENTED_EDGE('',*,*,#866,.F.);
#417=ORIENTED_EDGE('',*,*,#858,.F.);
#418=ORIENTED_EDGE('',*,*,#870,.T.);
#419=ORIENTED_EDGE('',*,*,#871,.T.);
#420=ORIENTED_EDGE('',*,*,#872,.T.);
#421=ORIENTED_EDGE('',*,*,#873,.T.);
#422=ORIENTED_EDGE('',*,*,#905,.T.);
#423=ORIENTED_EDGE('',*,*,#909,.T.);
#424=ORIENTED_EDGE('',*,*,#902,.T.);
#425=ORIENTED_EDGE('',*,*,#874,.T.);
#426=ORIENTED_EDGE('',*,*,#881,.T.);
#427=ORIENTED_EDGE('',*,*,#888,.T.);
#428=ORIENTED_EDGE('',*,*,#882,.T.);
#429=ORIENTED_EDGE('',*,*,#855,.F.);
#430=ORIENTED_EDGE('',*,*,#872,.F.);
#431=ORIENTED_EDGE('',*,*,#884,.F.);
#432=ORIENTED_EDGE('',*,*,#868,.T.);
#433=ORIENTED_EDGE('',*,*,#878,.F.);
#434=ORIENTED_EDGE('',*,*,#865,.T.);
#435=ORIENTED_EDGE('',*,*,#862,.T.);
#436=ORIENTED_EDGE('',*,*,#890,.F.);
#437=ORIENTED_EDGE('',*,*,#899,.F.);
#438=ORIENTED_EDGE('',*,*,#894,.F.);
#439=ORIENTED_EDGE('',*,*,#906,.F.);
#440=ORIENTED_EDGE('',*,*,#896,.F.);
#441=ORIENTED_EDGE('',*,*,#874,.F.);
#442=ORIENTED_EDGE('',*,*,#901,.F.);
#443=ORIENTED_EDGE('',*,*,#860,.T.);
#444=ORIENTED_EDGE('',*,*,#875,.T.);
#445=ORIENTED_EDGE('',*,*,#876,.F.);
#446=ORIENTED_EDGE('',*,*,#873,.F.);
#447=ORIENTED_EDGE('',*,*,#877,.F.);
#448=ORIENTED_EDGE('',*,*,#857,.F.);
#449=ORIENTED_EDGE('',*,*,#867,.T.);
#450=ORIENTED_EDGE('',*,*,#879,.F.);
#451=ORIENTED_EDGE('',*,*,#863,.T.);
#452=ORIENTED_EDGE('',*,*,#878,.T.);
#453=ORIENTED_EDGE('',*,*,#875,.F.);
#454=ORIENTED_EDGE('',*,*,#864,.T.);
#455=ORIENTED_EDGE('',*,*,#880,.T.);
#456=ORIENTED_EDGE('',*,*,#881,.F.);
#457=ORIENTED_EDGE('',*,*,#882,.F.);
#458=ORIENTED_EDGE('',*,*,#883,.F.);
#459=ORIENTED_EDGE('',*,*,#870,.F.);
#460=ORIENTED_EDGE('',*,*,#877,.T.);
#461=ORIENTED_EDGE('',*,*,#884,.T.);
#462=ORIENTED_EDGE('',*,*,#871,.F.);
#463=ORIENTED_EDGE('',*,*,#885,.F.);
#464=ORIENTED_EDGE('',*,*,#869,.T.);
#465=ORIENTED_EDGE('',*,*,#880,.F.);
#466=ORIENTED_EDGE('',*,*,#879,.T.);
#467=ORIENTED_EDGE('',*,*,#886,.T.);
#468=ORIENTED_EDGE('',*,*,#885,.T.);
#469=ORIENTED_EDGE('',*,*,#883,.T.);
#470=ORIENTED_EDGE('',*,*,#887,.T.);
#471=ORIENTED_EDGE('',*,*,#886,.F.);
#472=ORIENTED_EDGE('',*,*,#866,.T.);
#473=ORIENTED_EDGE('',*,*,#887,.F.);
#474=ORIENTED_EDGE('',*,*,#888,.F.);
#475=ORIENTED_EDGE('',*,*,#890,.T.);
#476=ORIENTED_EDGE('',*,*,#861,.T.);
#477=ORIENTED_EDGE('',*,*,#891,.F.);
#478=ORIENTED_EDGE('',*,*,#889,.F.);
#479=ORIENTED_EDGE('',*,*,#893,.F.);
#480=ORIENTED_EDGE('',*,*,#894,.T.);
#481=ORIENTED_EDGE('',*,*,#895,.F.);
#482=ORIENTED_EDGE('',*,*,#892,.F.);
#483=ORIENTED_EDGE('',*,*,#856,.F.);
#484=ORIENTED_EDGE('',*,*,#896,.T.);
#485=ORIENTED_EDGE('',*,*,#897,.T.);
#486=ORIENTED_EDGE('',*,*,#898,.T.);
#487=ORIENTED_EDGE('',*,*,#889,.T.);
#488=ORIENTED_EDGE('',*,*,#900,.F.);
#489=ORIENTED_EDGE('',*,*,#895,.T.);
#490=ORIENTED_EDGE('',*,*,#899,.T.);
#491=ORIENTED_EDGE('',*,*,#901,.T.);
#492=ORIENTED_EDGE('',*,*,#902,.F.);
#493=ORIENTED_EDGE('',*,*,#903,.F.);
#494=ORIENTED_EDGE('',*,*,#891,.T.);
#495=ORIENTED_EDGE('',*,*,#898,.F.);
#496=ORIENTED_EDGE('',*,*,#904,.F.);
#497=ORIENTED_EDGE('',*,*,#905,.F.);
#498=ORIENTED_EDGE('',*,*,#876,.T.);
#499=ORIENTED_EDGE('',*,*,#906,.T.);
#500=ORIENTED_EDGE('',*,*,#893,.T.);
#501=ORIENTED_EDGE('',*,*,#907,.T.);
#502=ORIENTED_EDGE('',*,*,#897,.F.);
#503=ORIENTED_EDGE('',*,*,#903,.T.);
#504=ORIENTED_EDGE('',*,*,#908,.T.);
#505=ORIENTED_EDGE('',*,*,#900,.T.);
#506=ORIENTED_EDGE('',*,*,#907,.F.);
#507=ORIENTED_EDGE('',*,*,#910,.F.);
#508=ORIENTED_EDGE('',*,*,#904,.T.);
#509=ORIENTED_EDGE('',*,*,#908,.F.);
#510=ORIENTED_EDGE('',*,*,#909,.F.);
#511=ORIENTED_EDGE('',*,*,#910,.T.);
#512=ORIENTED_EDGE('',*,*,#892,.T.);
#513=ORIENTED_EDGE('',*,*,#912,.F.);
#514=ORIENTED_EDGE('',*,*,#913,.F.);
#515=ORIENTED_EDGE('',*,*,#914,.F.);
#516=ORIENTED_EDGE('',*,*,#915,.F.);
#517=ORIENTED_EDGE('',*,*,#916,.F.);
#518=ORIENTED_EDGE('',*,*,#911,.F.);
#519=ORIENTED_EDGE('',*,*,#917,.F.);
#520=ORIENTED_EDGE('',*,*,#918,.F.);
#521=ORIENTED_EDGE('',*,*,#919,.F.);
#522=ORIENTED_EDGE('',*,*,#913,.T.);
#523=ORIENTED_EDGE('',*,*,#920,.F.);
#524=ORIENTED_EDGE('',*,*,#921,.F.);
#525=ORIENTED_EDGE('',*,*,#922,.F.);
#526=ORIENTED_EDGE('',*,*,#923,.F.);
#527=ORIENTED_EDGE('',*,*,#924,.F.);
#528=ORIENTED_EDGE('',*,*,#918,.T.);
#529=ORIENTED_EDGE('',*,*,#926,.T.);
#530=ORIENTED_EDGE('',*,*,#915,.T.);
#531=ORIENTED_EDGE('',*,*,#925,.F.);
#532=ORIENTED_EDGE('',*,*,#923,.T.);
#533=ORIENTED_EDGE('',*,*,#928,.F.);
#534=ORIENTED_EDGE('',*,*,#911,.T.);
#535=ORIENTED_EDGE('',*,*,#927,.F.);
#536=ORIENTED_EDGE('',*,*,#921,.T.);
#537=ORIENTED_EDGE('',*,*,#914,.T.);
#538=ORIENTED_EDGE('',*,*,#919,.T.);
#539=ORIENTED_EDGE('',*,*,#924,.T.);
#540=ORIENTED_EDGE('',*,*,#925,.T.);
#541=ORIENTED_EDGE('',*,*,#926,.F.);
#542=ORIENTED_EDGE('',*,*,#922,.T.);
#543=ORIENTED_EDGE('',*,*,#927,.T.);
#544=ORIENTED_EDGE('',*,*,#916,.T.);
#545=ORIENTED_EDGE('',*,*,#917,.T.);
#546=ORIENTED_EDGE('',*,*,#912,.T.);
#547=ORIENTED_EDGE('',*,*,#928,.T.);
#548=ORIENTED_EDGE('',*,*,#920,.T.);
#549=ORIENTED_EDGE('',*,*,#1000,.T.);
#550=ORIENTED_EDGE('',*,*,#929,.T.);
#551=ORIENTED_EDGE('',*,*,#930,.F.);
#552=ORIENTED_EDGE('',*,*,#988,.F.);
#553=ORIENTED_EDGE('',*,*,#931,.F.);
#554=ORIENTED_EDGE('',*,*,#983,.F.);
#555=ORIENTED_EDGE('',*,*,#980,.F.);
#556=ORIENTED_EDGE('',*,*,#977,.F.);
#557=ORIENTED_EDGE('',*,*,#932,.F.);
#558=ORIENTED_EDGE('',*,*,#933,.F.);
#559=ORIENTED_EDGE('',*,*,#934,.F.);
#560=ORIENTED_EDGE('',*,*,#992,.F.);
#561=ORIENTED_EDGE('',*,*,#935,.F.);
#562=ORIENTED_EDGE('',*,*,#955,.F.);
#563=ORIENTED_EDGE('',*,*,#936,.F.);
#564=ORIENTED_EDGE('',*,*,#943,.F.);
#565=ORIENTED_EDGE('',*,*,#937,.F.);
#566=ORIENTED_EDGE('',*,*,#938,.F.);
#567=ORIENTED_EDGE('',*,*,#939,.F.);
#568=ORIENTED_EDGE('',*,*,#940,.F.);
#569=ORIENTED_EDGE('',*,*,#941,.T.);
#570=ORIENTED_EDGE('',*,*,#996,.T.);
#571=ORIENTED_EDGE('',*,*,#943,.T.);
#572=ORIENTED_EDGE('',*,*,#944,.F.);
#573=ORIENTED_EDGE('',*,*,#945,.F.);
#574=ORIENTED_EDGE('',*,*,#942,.F.);
#575=ORIENTED_EDGE('',*,*,#944,.T.);
#576=ORIENTED_EDGE('',*,*,#936,.T.);
#577=ORIENTED_EDGE('',*,*,#946,.T.);
#578=ORIENTED_EDGE('',*,*,#947,.T.);
#579=ORIENTED_EDGE('',*,*,#948,.T.);
#580=ORIENTED_EDGE('',*,*,#1025,.T.);
#581=ORIENTED_EDGE('',*,*,#949,.T.);
#582=ORIENTED_EDGE('',*,*,#945,.T.);
#583=ORIENTED_EDGE('',*,*,#947,.F.);
#584=ORIENTED_EDGE('',*,*,#956,.T.);
#585=ORIENTED_EDGE('',*,*,#950,.F.);
#586=ORIENTED_EDGE('',*,*,#951,.F.);
#587=ORIENTED_EDGE('',*,*,#952,.F.);
#588=ORIENTED_EDGE('',*,*,#953,.F.);
#589=ORIENTED_EDGE('',*,*,#954,.F.);
#590=ORIENTED_EDGE('',*,*,#930,.T.);
#591=ORIENTED_EDGE('',*,*,#942,.T.);
#592=ORIENTED_EDGE('',*,*,#949,.F.);
#593=ORIENTED_EDGE('',*,*,#946,.F.);
#594=ORIENTED_EDGE('',*,*,#955,.T.);
#595=ORIENTED_EDGE('',*,*,#959,.F.);
#596=ORIENTED_EDGE('',*,*,#956,.F.);
#597=ORIENTED_EDGE('',*,*,#957,.T.);
#598=ORIENTED_EDGE('',*,*,#958,.T.);
#599=ORIENTED_EDGE('',*,*,#948,.F.);
#600=ORIENTED_EDGE('',*,*,#959,.T.);
#601=ORIENTED_EDGE('',*,*,#935,.T.);
#602=ORIENTED_EDGE('',*,*,#960,.T.);
#603=ORIENTED_EDGE('',*,*,#961,.T.);
#604=ORIENTED_EDGE('',*,*,#962,.T.);
#605=ORIENTED_EDGE('',*,*,#1018,.F.);
#606=ORIENTED_EDGE('',*,*,#964,.F.);
#607=ORIENTED_EDGE('',*,*,#1022,.F.);
#608=ORIENTED_EDGE('',*,*,#962,.F.);
#609=ORIENTED_EDGE('',*,*,#965,.F.);
#610=ORIENTED_EDGE('',*,*,#966,.F.);
#611=ORIENTED_EDGE('',*,*,#933,.T.);
#612=ORIENTED_EDGE('',*,*,#967,.F.);
#613=ORIENTED_EDGE('',*,*,#968,.F.);
#614=ORIENTED_EDGE('',*,*,#963,.F.);
#615=ORIENTED_EDGE('',*,*,#969,.T.);
#616=ORIENTED_EDGE('',*,*,#970,.T.);
#617=ORIENTED_EDGE('',*,*,#971,.T.);
#618=ORIENTED_EDGE('',*,*,#963,.T.);
#619=ORIENTED_EDGE('',*,*,#964,.T.);
#620=ORIENTED_EDGE('',*,*,#972,.T.);
#621=ORIENTED_EDGE('',*,*,#973,.T.);
#622=ORIENTED_EDGE('',*,*,#974,.T.);
#623=ORIENTED_EDGE('',*,*,#994,.T.);
#624=ORIENTED_EDGE('',*,*,#995,.T.);
#625=ORIENTED_EDGE('',*,*,#975,.F.);
#626=ORIENTED_EDGE('',*,*,#976,.F.);
#627=ORIENTED_EDGE('',*,*,#967,.T.);
#628=ORIENTED_EDGE('',*,*,#932,.T.);
#629=ORIENTED_EDGE('',*,*,#975,.T.);
#630=ORIENTED_EDGE('',*,*,#977,.T.);
#631=ORIENTED_EDGE('',*,*,#978,.T.);
#632=ORIENTED_EDGE('',*,*,#979,.T.);
#633=ORIENTED_EDGE('',*,*,#981,.F.);
#634=ORIENTED_EDGE('',*,*,#982,.F.);
#635=ORIENTED_EDGE('',*,*,#978,.F.);
#636=ORIENTED_EDGE('',*,*,#980,.T.);
#637=ORIENTED_EDGE('',*,*,#984,.F.);
#638=ORIENTED_EDGE('',*,*,#985,.F.);
#639=ORIENTED_EDGE('',*,*,#981,.T.);
#640=ORIENTED_EDGE('',*,*,#983,.T.);
#641=ORIENTED_EDGE('',*,*,#984,.T.);
#642=ORIENTED_EDGE('',*,*,#931,.T.);
#643=ORIENTED_EDGE('',*,*,#986,.T.);
#644=ORIENTED_EDGE('',*,*,#987,.T.);
#645=ORIENTED_EDGE('',*,*,#988,.T.);
#646=ORIENTED_EDGE('',*,*,#954,.T.);
#647=ORIENTED_EDGE('',*,*,#989,.F.);
#648=ORIENTED_EDGE('',*,*,#986,.F.);
#649=ORIENTED_EDGE('',*,*,#953,.T.);
#650=ORIENTED_EDGE('',*,*,#1016,.T.);
#651=ORIENTED_EDGE('',*,*,#969,.F.);
#652=ORIENTED_EDGE('',*,*,#968,.T.);
#653=ORIENTED_EDGE('',*,*,#976,.T.);
#654=ORIENTED_EDGE('',*,*,#979,.F.);
#655=ORIENTED_EDGE('',*,*,#982,.T.);
#656=ORIENTED_EDGE('',*,*,#985,.T.);
#657=ORIENTED_EDGE('',*,*,#987,.F.);
#658=ORIENTED_EDGE('',*,*,#989,.T.);
#659=ORIENTED_EDGE('',*,*,#966,.T.);
#660=ORIENTED_EDGE('',*,*,#990,.F.);
#661=ORIENTED_EDGE('',*,*,#991,.F.);
#662=ORIENTED_EDGE('',*,*,#934,.T.);
#663=ORIENTED_EDGE('',*,*,#991,.T.);
#664=ORIENTED_EDGE('',*,*,#993,.F.);
#665=ORIENTED_EDGE('',*,*,#960,.F.);
#666=ORIENTED_EDGE('',*,*,#992,.T.);
#667=ORIENTED_EDGE('',*,*,#990,.T.);
#668=ORIENTED_EDGE('',*,*,#965,.T.);
#669=ORIENTED_EDGE('',*,*,#961,.F.);
#670=ORIENTED_EDGE('',*,*,#993,.T.);
#671=ORIENTED_EDGE('',*,*,#998,.F.);
#672=ORIENTED_EDGE('',*,*,#999,.F.);
#673=ORIENTED_EDGE('',*,*,#1000,.F.);
#674=ORIENTED_EDGE('',*,*,#1001,.F.);
#675=ORIENTED_EDGE('',*,*,#1002,.F.);
#676=ORIENTED_EDGE('',*,*,#1005,.T.);
#677=ORIENTED_EDGE('',*,*,#994,.F.);
#678=ORIENTED_EDGE('',*,*,#1026,.F.);
#679=ORIENTED_EDGE('',*,*,#1006,.T.);
#680=ORIENTED_EDGE('',*,*,#1007,.T.);
#681=ORIENTED_EDGE('',*,*,#1003,.T.);
#682=ORIENTED_EDGE('',*,*,#1002,.T.);
#683=ORIENTED_EDGE('',*,*,#1008,.T.);
#684=ORIENTED_EDGE('',*,*,#1009,.T.);
#685=ORIENTED_EDGE('',*,*,#1010,.T.);
#686=ORIENTED_EDGE('',*,*,#998,.T.);
#687=ORIENTED_EDGE('',*,*,#1027,.T.);
#688=ORIENTED_EDGE('',*,*,#1011,.T.);
#689=ORIENTED_EDGE('',*,*,#941,.F.);
#690=ORIENTED_EDGE('',*,*,#1004,.T.);
#691=ORIENTED_EDGE('',*,*,#1007,.F.);
#692=ORIENTED_EDGE('',*,*,#1012,.F.);
#693=ORIENTED_EDGE('',*,*,#940,.T.);
#694=ORIENTED_EDGE('',*,*,#1013,.F.);
#695=ORIENTED_EDGE('',*,*,#1011,.F.);
#696=ORIENTED_EDGE('',*,*,#997,.T.);
#697=ORIENTED_EDGE('',*,*,#999,.T.);
#698=ORIENTED_EDGE('',*,*,#1010,.F.);
#699=ORIENTED_EDGE('',*,*,#1014,.T.);
#700=ORIENTED_EDGE('',*,*,#938,.T.);
#701=ORIENTED_EDGE('',*,*,#1015,.T.);
#702=ORIENTED_EDGE('',*,*,#1008,.F.);
#703=ORIENTED_EDGE('',*,*,#1001,.T.);
#704=ORIENTED_EDGE('',*,*,#929,.F.);
#705=ORIENTED_EDGE('',*,*,#1006,.F.);
#706=ORIENTED_EDGE('',*,*,#1015,.F.);
#707=ORIENTED_EDGE('',*,*,#937,.T.);
#708=ORIENTED_EDGE('',*,*,#1012,.T.);
#709=ORIENTED_EDGE('',*,*,#939,.T.);
#710=ORIENTED_EDGE('',*,*,#1014,.F.);
#711=ORIENTED_EDGE('',*,*,#1009,.F.);
#712=ORIENTED_EDGE('',*,*,#1013,.T.);
#713=ORIENTED_EDGE('',*,*,#1016,.F.);
#714=ORIENTED_EDGE('',*,*,#952,.T.);
#715=ORIENTED_EDGE('',*,*,#1017,.T.);
#716=ORIENTED_EDGE('',*,*,#970,.F.);
#717=ORIENTED_EDGE('',*,*,#971,.F.);
#718=ORIENTED_EDGE('',*,*,#1019,.F.);
#719=ORIENTED_EDGE('',*,*,#972,.F.);
#720=ORIENTED_EDGE('',*,*,#1018,.T.);
#721=ORIENTED_EDGE('',*,*,#1019,.T.);
#722=ORIENTED_EDGE('',*,*,#1017,.F.);
#723=ORIENTED_EDGE('',*,*,#1020,.F.);
#724=ORIENTED_EDGE('',*,*,#1020,.T.);
#725=ORIENTED_EDGE('',*,*,#951,.T.);
#726=ORIENTED_EDGE('',*,*,#1021,.T.);
#727=ORIENTED_EDGE('',*,*,#973,.F.);
#728=ORIENTED_EDGE('',*,*,#974,.F.);
#729=ORIENTED_EDGE('',*,*,#1023,.F.);
#730=ORIENTED_EDGE('',*,*,#957,.F.);
#731=ORIENTED_EDGE('',*,*,#1022,.T.);
#732=ORIENTED_EDGE('',*,*,#1023,.T.);
#733=ORIENTED_EDGE('',*,*,#1021,.F.);
#734=ORIENTED_EDGE('',*,*,#1024,.F.);
#735=ORIENTED_EDGE('',*,*,#1024,.T.);
#736=ORIENTED_EDGE('',*,*,#950,.T.);
#737=ORIENTED_EDGE('',*,*,#1025,.F.);
#738=ORIENTED_EDGE('',*,*,#958,.F.);
#739=ORIENTED_EDGE('',*,*,#1026,.T.);
#740=ORIENTED_EDGE('',*,*,#995,.F.);
#741=ORIENTED_EDGE('',*,*,#1005,.F.);
#742=ORIENTED_EDGE('',*,*,#1003,.F.);
#743=ORIENTED_EDGE('',*,*,#1004,.F.);
#744=ORIENTED_EDGE('',*,*,#996,.F.);
#745=ORIENTED_EDGE('',*,*,#997,.F.);
#746=ORIENTED_EDGE('',*,*,#1027,.F.);
#747=ORIENTED_EDGE('',*,*,#1028,.T.);
#748=ORIENTED_EDGE('',*,*,#1053,.T.);
#749=ORIENTED_EDGE('',*,*,#1029,.T.);
#750=ORIENTED_EDGE('',*,*,#1030,.T.);
#751=ORIENTED_EDGE('',*,*,#1031,.T.);
#752=ORIENTED_EDGE('',*,*,#1047,.T.);
#753=ORIENTED_EDGE('',*,*,#1033,.F.);
#754=ORIENTED_EDGE('',*,*,#1031,.F.);
#755=ORIENTED_EDGE('',*,*,#1034,.F.);
#756=ORIENTED_EDGE('',*,*,#1032,.F.);
#757=ORIENTED_EDGE('',*,*,#1036,.F.);
#758=ORIENTED_EDGE('',*,*,#1037,.F.);
#759=ORIENTED_EDGE('',*,*,#1038,.F.);
#760=ORIENTED_EDGE('',*,*,#1035,.F.);
#761=ORIENTED_EDGE('',*,*,#1029,.F.);
#762=ORIENTED_EDGE('',*,*,#1039,.T.);
#763=ORIENTED_EDGE('',*,*,#1040,.T.);
#764=ORIENTED_EDGE('',*,*,#1041,.T.);
#765=ORIENTED_EDGE('',*,*,#1042,.T.);
#766=ORIENTED_EDGE('',*,*,#1043,.T.);
#767=ORIENTED_EDGE('',*,*,#1028,.F.);
#768=ORIENTED_EDGE('',*,*,#1044,.T.);
#769=ORIENTED_EDGE('',*,*,#1049,.F.);
#770=ORIENTED_EDGE('',*,*,#1035,.T.);
#771=ORIENTED_EDGE('',*,*,#1045,.F.);
#772=ORIENTED_EDGE('',*,*,#1034,.T.);
#773=ORIENTED_EDGE('',*,*,#1030,.F.);
#774=ORIENTED_EDGE('',*,*,#1041,.F.);
#775=ORIENTED_EDGE('',*,*,#1038,.T.);
#776=ORIENTED_EDGE('',*,*,#1046,.F.);
#777=ORIENTED_EDGE('',*,*,#1032,.T.);
#778=ORIENTED_EDGE('',*,*,#1045,.T.);
#779=ORIENTED_EDGE('',*,*,#1047,.F.);
#780=ORIENTED_EDGE('',*,*,#1033,.T.);
#781=ORIENTED_EDGE('',*,*,#1048,.T.);
#782=ORIENTED_EDGE('',*,*,#1044,.F.);
#783=ORIENTED_EDGE('',*,*,#1048,.F.);
#784=ORIENTED_EDGE('',*,*,#1046,.T.);
#785=ORIENTED_EDGE('',*,*,#1051,.T.);
#786=ORIENTED_EDGE('',*,*,#1049,.T.);
#787=ORIENTED_EDGE('',*,*,#1040,.F.);
#788=ORIENTED_EDGE('',*,*,#1050,.T.);
#789=ORIENTED_EDGE('',*,*,#1036,.T.);
#790=ORIENTED_EDGE('',*,*,#1051,.F.);
#791=ORIENTED_EDGE('',*,*,#1037,.T.);
#792=ORIENTED_EDGE('',*,*,#1052,.T.);
#793=ORIENTED_EDGE('',*,*,#1042,.F.);
#794=ORIENTED_EDGE('',*,*,#1052,.F.);
#795=ORIENTED_EDGE('',*,*,#1050,.F.);
#796=ORIENTED_EDGE('',*,*,#1054,.T.);
#797=ORIENTED_EDGE('',*,*,#1043,.F.);
#798=ORIENTED_EDGE('',*,*,#1054,.F.);
#799=ORIENTED_EDGE('',*,*,#1039,.F.);
#800=ORIENTED_EDGE('',*,*,#1053,.F.);
#801=ORIENTED_EDGE('',*,*,#1062,.T.);
#802=ORIENTED_EDGE('',*,*,#1056,.T.);
#803=ORIENTED_EDGE('',*,*,#1057,.F.);
#804=ORIENTED_EDGE('',*,*,#1058,.T.);
#805=ORIENTED_EDGE('',*,*,#1061,.T.);
#806=ORIENTED_EDGE('',*,*,#1060,.T.);
#807=ORIENTED_EDGE('',*,*,#1056,.F.);
#808=ORIENTED_EDGE('',*,*,#1055,.F.);
#809=ORIENTED_EDGE('',*,*,#1058,.F.);
#810=ORIENTED_EDGE('',*,*,#1063,.F.);
#811=ORIENTED_EDGE('',*,*,#1060,.F.);
#812=ORIENTED_EDGE('',*,*,#1059,.T.);
#813=ORIENTED_EDGE('',*,*,#1059,.F.);
#814=ORIENTED_EDGE('',*,*,#1061,.F.);
#815=ORIENTED_EDGE('',*,*,#1063,.T.);
#816=ORIENTED_EDGE('',*,*,#1057,.T.);
#817=ORIENTED_EDGE('',*,*,#1055,.T.);
#818=ORIENTED_EDGE('',*,*,#1062,.F.);
#819=ORIENTED_EDGE('',*,*,#1065,.F.);
#820=ORIENTED_EDGE('',*,*,#1066,.F.);
#821=ORIENTED_EDGE('',*,*,#1067,.F.);
#822=ORIENTED_EDGE('',*,*,#1068,.F.);
#823=ORIENTED_EDGE('',*,*,#1069,.F.);
#824=ORIENTED_EDGE('',*,*,#1064,.F.);
#825=ORIENTED_EDGE('',*,*,#1071,.F.);
#826=ORIENTED_EDGE('',*,*,#1064,.T.);
#827=ORIENTED_EDGE('',*,*,#1072,.F.);
#828=ORIENTED_EDGE('',*,*,#1070,.F.);
#829=ORIENTED_EDGE('',*,*,#1074,.F.);
#830=ORIENTED_EDGE('',*,*,#1070,.T.);
#831=ORIENTED_EDGE('',*,*,#1075,.F.);
#832=ORIENTED_EDGE('',*,*,#1076,.F.);
#833=ORIENTED_EDGE('',*,*,#1077,.F.);
#834=ORIENTED_EDGE('',*,*,#1073,.F.);
#835=ORIENTED_EDGE('',*,*,#1081,.F.);
#836=ORIENTED_EDGE('',*,*,#1076,.T.);
#837=ORIENTED_EDGE('',*,*,#1078,.T.);
#838=ORIENTED_EDGE('',*,*,#1068,.T.);
#839=ORIENTED_EDGE('',*,*,#1078,.F.);
#840=ORIENTED_EDGE('',*,*,#1075,.T.);
#841=ORIENTED_EDGE('',*,*,#1072,.T.);
#842=ORIENTED_EDGE('',*,*,#1069,.T.);
#843=ORIENTED_EDGE('',*,*,#1066,.T.);
#844=ORIENTED_EDGE('',*,*,#1079,.T.);
#845=ORIENTED_EDGE('',*,*,#1073,.T.);
#846=ORIENTED_EDGE('',*,*,#1080,.T.);
#847=ORIENTED_EDGE('',*,*,#1074,.T.);
#848=ORIENTED_EDGE('',*,*,#1079,.F.);
#849=ORIENTED_EDGE('',*,*,#1065,.T.);
#850=ORIENTED_EDGE('',*,*,#1071,.T.);
#851=ORIENTED_EDGE('',*,*,#1067,.T.);
#852=ORIENTED_EDGE('',*,*,#1080,.F.);
#853=ORIENTED_EDGE('',*,*,#1077,.T.);
#854=ORIENTED_EDGE('',*,*,#1081,.T.);
#855=EDGE_CURVE('',#1289,#1290,#1082,.T.);
#856=EDGE_CURVE('',#1290,#1291,#1083,.T.);
#857=EDGE_CURVE('',#1291,#1292,#1084,.T.);
#858=EDGE_CURVE('',#1292,#1289,#1085,.T.);
#859=EDGE_CURVE('',#1293,#1294,#1086,.T.);
#860=EDGE_CURVE('',#1295,#1293,#1087,.T.);
#861=EDGE_CURVE('',#1296,#1295,#1088,.T.);
#862=EDGE_CURVE('',#1294,#1296,#1089,.T.);
#863=EDGE_CURVE('',#1297,#1298,#1090,.T.);
#864=EDGE_CURVE('',#1293,#1297,#1091,.T.);
#865=EDGE_CURVE('',#1298,#1294,#1092,.T.);
#866=EDGE_CURVE('',#1299,#1300,#1093,.T.);
#867=EDGE_CURVE('',#1301,#1299,#1094,.T.);
#868=EDGE_CURVE('',#1302,#1301,#1095,.T.);
#869=EDGE_CURVE('',#1300,#1302,#1096,.T.);
#870=EDGE_CURVE('',#1292,#1303,#1097,.T.);
#871=EDGE_CURVE('',#1303,#1304,#1098,.T.);
#872=EDGE_CURVE('',#1304,#1289,#1099,.T.);
#873=EDGE_CURVE('',#1305,#1306,#1100,.T.);
#874=EDGE_CURVE('',#1309,#1310,#1101,.T.);
#875=EDGE_CURVE('',#1293,#1310,#1102,.T.);
#876=EDGE_CURVE('',#1306,#1291,#1103,.T.);
#877=EDGE_CURVE('',#1292,#1305,#1104,.T.);
#878=EDGE_CURVE('',#1298,#1301,#1105,.T.);
#879=EDGE_CURVE('',#1297,#1299,#1106,.T.);
#880=EDGE_CURVE('',#1297,#1311,#1107,.T.);
#881=EDGE_CURVE('',#1310,#1311,#1108,.T.);
#882=EDGE_CURVE('',#1312,#1305,#1109,.T.);
#883=EDGE_CURVE('',#1303,#1312,#1110,.T.);
#884=EDGE_CURVE('',#1302,#1304,#1111,.T.);
#885=EDGE_CURVE('',#1300,#1303,#1112,.T.);
#886=EDGE_CURVE('',#1299,#1311,#1113,.T.);
#887=EDGE_CURVE('',#1312,#1300,#1114,.T.);
#888=EDGE_CURVE('',#1311,#1312,#1115,.T.);
#889=EDGE_CURVE('',#1314,#1317,#1116,.T.);
#890=EDGE_CURVE('',#1314,#1296,#1117,.T.);
#891=EDGE_CURVE('',#1317,#1295,#1118,.T.);
#892=EDGE_CURVE('',#1318,#1319,#1119,.T.);
#893=EDGE_CURVE('',#1316,#1318,#1120,.T.);
#894=EDGE_CURVE('',#1316,#1315,#1121,.T.);
#895=EDGE_CURVE('',#1319,#1315,#1122,.T.);
#896=EDGE_CURVE('',#1290,#1313,#1123,.T.);
#897=EDGE_CURVE('',#1313,#1320,#1124,.T.);
#898=EDGE_CURVE('',#1320,#1291,#1125,.T.);
#899=EDGE_CURVE('',#1315,#1314,#1126,.T.);
#900=EDGE_CURVE('',#1319,#1317,#1127,.T.);
#901=EDGE_CURVE('',#1295,#1309,#1128,.T.);
#902=EDGE_CURVE('',#1308,#1309,#1129,.T.);
#903=EDGE_CURVE('',#1317,#1308,#1130,.T.);
#904=EDGE_CURVE('',#1307,#1320,#1131,.T.);
#905=EDGE_CURVE('',#1306,#1307,#1132,.T.);
#906=EDGE_CURVE('',#1313,#1316,#1133,.T.);
#907=EDGE_CURVE('',#1318,#1320,#1134,.T.);
#908=EDGE_CURVE('',#1308,#1319,#1135,.T.);
#909=EDGE_CURVE('',#1307,#1308,#1136,.T.);
#910=EDGE_CURVE('',#1307,#1318,#1137,.T.);
#911=EDGE_CURVE('',#1321,#1322,#1138,.T.);
#912=EDGE_CURVE('',#1323,#1321,#1139,.T.);
#913=EDGE_CURVE('',#1324,#1323,#1140,.T.);
#914=EDGE_CURVE('',#1325,#1324,#1141,.T.);
#915=EDGE_CURVE('',#1326,#1325,#1142,.T.);
#916=EDGE_CURVE('',#1322,#1326,#1143,.T.);
#917=EDGE_CURVE('',#1327,#1323,#1144,.T.);
#918=EDGE_CURVE('',#1328,#1327,#1145,.T.);
#919=EDGE_CURVE('',#1324,#1328,#1146,.T.);
#920=EDGE_CURVE('',#1329,#1327,#1147,.T.);
#921=EDGE_CURVE('',#1330,#1329,#1148,.T.);
#922=EDGE_CURVE('',#1331,#1330,#1149,.T.);
#923=EDGE_CURVE('',#1332,#1331,#1150,.T.);
#924=EDGE_CURVE('',#1328,#1332,#1151,.T.);
#925=EDGE_CURVE('',#1332,#1325,#1152,.T.);
#926=EDGE_CURVE('',#1331,#1326,#1153,.T.);
#927=EDGE_CURVE('',#1330,#1322,#1154,.T.);
#928=EDGE_CURVE('',#1321,#1329,#1155,.T.);
#929=EDGE_CURVE('',#1334,#1333,#1156,.T.);
#930=EDGE_CURVE('',#1337,#1335,#1157,.T.);
#931=EDGE_CURVE('',#1339,#1338,#1158,.T.);
#932=EDGE_CURVE('',#1343,#1342,#1159,.T.);
#933=EDGE_CURVE('',#1344,#1343,#1160,.T.);
#934=EDGE_CURVE('',#1345,#1344,#1161,.T.);
#935=EDGE_CURVE('',#1347,#1346,#1162,.T.);
#936=EDGE_CURVE('',#1336,#1348,#1163,.T.);
#937=EDGE_CURVE('',#1349,#1350,#1164,.T.);
#938=EDGE_CURVE('',#1351,#1349,#1165,.T.);
#939=EDGE_CURVE('',#1352,#1351,#1166,.T.);
#940=EDGE_CURVE('',#1350,#1352,#1167,.T.);
#941=EDGE_CURVE('',#1353,#1354,#1168,.T.);
#942=EDGE_CURVE('',#1335,#1355,#1169,.T.);
#943=EDGE_CURVE('',#1335,#1336,#13,.T.);
#944=EDGE_CURVE('',#1356,#1336,#1170,.T.);
#945=EDGE_CURVE('',#1355,#1356,#14,.T.);
#946=EDGE_CURVE('',#1348,#1357,#1171,.T.);
#947=EDGE_CURVE('',#1357,#1356,#1172,.T.);
#948=EDGE_CURVE('',#1358,#1359,#1173,.T.);
#949=EDGE_CURVE('',#1360,#1355,#1174,.T.);
#950=EDGE_CURVE('',#1361,#1360,#1175,.T.);
#951=EDGE_CURVE('',#1362,#1361,#1176,.T.);
#952=EDGE_CURVE('',#1363,#1362,#1177,.T.);
#953=EDGE_CURVE('',#1364,#1363,#1178,.T.);
#954=EDGE_CURVE('',#1337,#1364,#1179,.T.);
#955=EDGE_CURVE('',#1348,#1347,#1180,.T.);
#956=EDGE_CURVE('',#1357,#1358,#1181,.T.);
#957=EDGE_CURVE('',#1365,#1366,#1182,.T.);
#958=EDGE_CURVE('',#1366,#1359,#1183,.T.);
#959=EDGE_CURVE('',#1358,#1347,#1184,.T.);
#960=EDGE_CURVE('',#1346,#1367,#1185,.T.);
#961=EDGE_CURVE('',#1367,#1368,#1186,.T.);
#962=EDGE_CURVE('',#1368,#1365,#1187,.T.);
#963=EDGE_CURVE('',#1369,#1370,#1188,.T.);
#964=EDGE_CURVE('',#1372,#1371,#1189,.T.);
#965=EDGE_CURVE('',#1373,#1368,#1190,.T.);
#966=EDGE_CURVE('',#1344,#1373,#1191,.T.);
#967=EDGE_CURVE('',#1374,#1343,#1192,.T.);
#968=EDGE_CURVE('',#1370,#1374,#1193,.T.);
#969=EDGE_CURVE('',#1370,#1375,#1194,.T.);
#970=EDGE_CURVE('',#1375,#1376,#1195,.T.);
#971=EDGE_CURVE('',#1376,#1369,#1196,.T.);
#972=EDGE_CURVE('',#1371,#1377,#1197,.T.);
#973=EDGE_CURVE('',#1377,#1378,#1198,.T.);
#974=EDGE_CURVE('',#1378,#1372,#1199,.T.);
#975=EDGE_CURVE('',#1381,#1342,#1200,.T.);
#976=EDGE_CURVE('',#1374,#1381,#1201,.T.);
#977=EDGE_CURVE('',#1342,#1341,#1202,.T.);
#978=EDGE_CURVE('',#1341,#1382,#1203,.T.);
#979=EDGE_CURVE('',#1382,#1381,#1204,.T.);
#980=EDGE_CURVE('',#1341,#1340,#15,.T.);
#981=EDGE_CURVE('',#1383,#1340,#1205,.T.);
#982=EDGE_CURVE('',#1382,#1383,#16,.T.);
#983=EDGE_CURVE('',#1340,#1339,#1206,.T.);
#984=EDGE_CURVE('',#1384,#1339,#1207,.T.);
#985=EDGE_CURVE('',#1383,#1384,#1208,.T.);
#986=EDGE_CURVE('',#1338,#1385,#1209,.T.);
#987=EDGE_CURVE('',#1385,#1384,#1210,.T.);
#988=EDGE_CURVE('',#1338,#1337,#17,.T.);
#989=EDGE_CURVE('',#1385,#1364,#18,.T.);
#990=EDGE_CURVE('',#1386,#1373,#1211,.T.);
#991=EDGE_CURVE('',#1345,#1386,#1212,.T.);
#992=EDGE_CURVE('',#1346,#1345,#1213,.T.);
#993=EDGE_CURVE('',#1367,#1386,#1214,.T.);
#994=EDGE_CURVE('',#1380,#1379,#19,.T.);
#995=EDGE_CURVE('',#1379,#1380,#20,.T.);
#996=EDGE_CURVE('',#1354,#1353,#21,.T.);
#997=EDGE_CURVE('',#1387,#1354,#1215,.T.);
#998=EDGE_CURVE('',#1388,#1396,#22,.T.);
#999=EDGE_CURVE('',#1334,#1388,#1216,.T.);
#1000=EDGE_CURVE('',#1333,#1334,#23,.T.);
#1001=EDGE_CURVE('',#1389,#1333,#1217,.T.);
#1002=EDGE_CURVE('',#1390,#1389,#24,.T.);
#1003=EDGE_CURVE('',#1391,#1390,#25,.T.);
#1004=EDGE_CURVE('',#1353,#1391,#1218,.T.);
#1005=EDGE_CURVE('',#1390,#1379,#1219,.T.);
#1006=EDGE_CURVE('',#1392,#1393,#1220,.T.);
#1007=EDGE_CURVE('',#1393,#1391,#1221,.T.);
#1008=EDGE_CURVE('',#1389,#1392,#1222,.T.);
#1009=EDGE_CURVE('',#1394,#1395,#1223,.T.);
#1010=EDGE_CURVE('',#1395,#1388,#1224,.T.);
#1011=EDGE_CURVE('',#1387,#1394,#1225,.T.);
#1012=EDGE_CURVE('',#1350,#1393,#1226,.T.);
#1013=EDGE_CURVE('',#1394,#1352,#1227,.T.);
#1014=EDGE_CURVE('',#1395,#1351,#1228,.T.);
#1015=EDGE_CURVE('',#1349,#1392,#1229,.T.);
#1016=EDGE_CURVE('',#1363,#1375,#1230,.T.);
#1017=EDGE_CURVE('',#1362,#1376,#1231,.T.);
#1018=EDGE_CURVE('',#1371,#1369,#1232,.T.);
#1019=EDGE_CURVE('',#1377,#1376,#1233,.T.);
#1020=EDGE_CURVE('',#1377,#1362,#1234,.T.);
#1021=EDGE_CURVE('',#1361,#1378,#1235,.T.);
#1022=EDGE_CURVE('',#1365,#1372,#1236,.T.);
#1023=EDGE_CURVE('',#1366,#1378,#1237,.T.);
#1024=EDGE_CURVE('',#1366,#1361,#1238,.T.);
#1025=EDGE_CURVE('',#1359,#1360,#1239,.T.);
#1026=EDGE_CURVE('',#1396,#1380,#1240,.T.);
#1027=EDGE_CURVE('',#1396,#1387,#26,.T.);
#1028=EDGE_CURVE('',#1397,#1398,#1241,.T.);
#1029=EDGE_CURVE('',#1399,#1400,#1242,.T.);
#1030=EDGE_CURVE('',#1400,#1401,#1243,.T.);
#1031=EDGE_CURVE('',#1401,#1402,#1244,.T.);
#1032=EDGE_CURVE('',#1403,#1404,#1245,.T.);
#1033=EDGE_CURVE('',#1402,#1403,#1246,.T.);
#1034=EDGE_CURVE('',#1404,#1401,#1247,.T.);
#1035=EDGE_CURVE('',#1405,#1406,#1248,.T.);
#1036=EDGE_CURVE('',#1407,#1405,#1249,.T.);
#1037=EDGE_CURVE('',#1408,#1407,#1250,.T.);
#1038=EDGE_CURVE('',#1406,#1408,#1251,.T.);
#1039=EDGE_CURVE('',#1399,#1409,#1252,.T.);
#1040=EDGE_CURVE('',#1409,#1410,#1253,.T.);
#1041=EDGE_CURVE('',#1410,#1400,#1254,.T.);
#1042=EDGE_CURVE('',#1411,#1412,#1255,.T.);
#1043=EDGE_CURVE('',#1412,#1398,#1256,.T.);
#1044=EDGE_CURVE('',#1397,#1411,#1257,.T.);
#1045=EDGE_CURVE('',#1404,#1406,#1258,.T.);
#1046=EDGE_CURVE('',#1403,#1408,#1259,.T.);
#1047=EDGE_CURVE('',#1402,#1397,#1260,.T.);
#1048=EDGE_CURVE('',#1403,#1411,#1261,.T.);
#1049=EDGE_CURVE('',#1405,#1410,#1262,.T.);
#1050=EDGE_CURVE('',#1409,#1407,#1263,.T.);
#1051=EDGE_CURVE('',#1408,#1411,#1264,.T.);
#1052=EDGE_CURVE('',#1407,#1412,#1265,.T.);
#1053=EDGE_CURVE('',#1398,#1399,#1266,.T.);
#1054=EDGE_CURVE('',#1409,#1412,#1267,.T.);
#1055=EDGE_CURVE('',#1413,#1414,#27,.T.);
#1056=EDGE_CURVE('',#1414,#1413,#28,.T.);
#1057=EDGE_CURVE('',#1416,#1413,#1268,.T.);
#1058=EDGE_CURVE('',#1416,#1417,#29,.T.);
#1059=EDGE_CURVE('',#1415,#1417,#1269,.T.);
#1060=EDGE_CURVE('',#1415,#1418,#30,.T.);
#1061=EDGE_CURVE('',#1417,#1415,#31,.T.);
#1062=EDGE_CURVE('',#1418,#1414,#1270,.T.);
#1063=EDGE_CURVE('',#1418,#1416,#32,.T.);
#1064=EDGE_CURVE('',#1419,#1420,#1271,.T.);
#1065=EDGE_CURVE('',#1421,#1419,#1272,.T.);
#1066=EDGE_CURVE('',#1422,#1421,#1273,.T.);
#1067=EDGE_CURVE('',#1423,#1422,#1274,.T.);
#1068=EDGE_CURVE('',#1424,#1423,#1275,.T.);
#1069=EDGE_CURVE('',#1420,#1424,#1276,.T.);
#1070=EDGE_CURVE('',#1425,#1426,#1277,.T.);
#1071=EDGE_CURVE('',#1419,#1425,#1278,.T.);
#1072=EDGE_CURVE('',#1426,#1420,#1279,.T.);
#1073=EDGE_CURVE('',#1427,#1428,#1280,.T.);
#1074=EDGE_CURVE('',#1425,#1427,#1281,.T.);
#1075=EDGE_CURVE('',#1429,#1426,#1282,.T.);
#1076=EDGE_CURVE('',#1430,#1429,#1283,.T.);
#1077=EDGE_CURVE('',#1428,#1430,#1284,.T.);
#1078=EDGE_CURVE('',#1429,#1424,#1285,.T.);
#1079=EDGE_CURVE('',#1421,#1427,#1286,.T.);
#1080=EDGE_CURVE('',#1428,#1422,#1287,.T.);
#1081=EDGE_CURVE('',#1430,#1423,#1288,.T.);
#1082=B_SPLINE_CURVE_WITH_KNOTS('',1,(#1785,#1786),.UNSPECIFIED.,.F.,.F.,
(2,2),(-0.075,0.),.UNSPECIFIED.);
#1083=B_SPLINE_CURVE_WITH_KNOTS('',1,(#1787,#1788),.UNSPECIFIED.,.F.,.F.,
(2,2),(-0.03525,0.),.UNSPECIFIED.);
#1084=B_SPLINE_CURVE_WITH_KNOTS('',1,(#1789,#1790),.UNSPECIFIED.,.F.,.F.,
(2,2),(0.,0.075),.UNSPECIFIED.);
#1085=B_SPLINE_CURVE_WITH_KNOTS('',1,(#1791,#1792),.UNSPECIFIED.,.F.,.F.,
(2,2),(0.,0.03525),.UNSPECIFIED.);
#1086=B_SPLINE_CURVE_WITH_KNOTS('',1,(#1793,#1794),.UNSPECIFIED.,.F.,.F.,
(2,2),(0.,0.03525),.UNSPECIFIED.);
#1087=B_SPLINE_CURVE_WITH_KNOTS('',1,(#1795,#1796),.UNSPECIFIED.,.F.,.F.,
(2,2),(-0.0728895276585807,0.),.UNSPECIFIED.);
#1088=B_SPLINE_CURVE_WITH_KNOTS('',1,(#1797,#1798),.UNSPECIFIED.,.F.,.F.,
(2,2),(-0.03525,0.),.UNSPECIFIED.);
#1089=B_SPLINE_CURVE_WITH_KNOTS('',1,(#1799,#1800),.UNSPECIFIED.,.F.,.F.,
(2,2),(-0.0728895276585807,0.),.UNSPECIFIED.);
#1090=B_SPLINE_CURVE_WITH_KNOTS('',1,(#1801,#1802),.UNSPECIFIED.,.F.,.F.,
(2,2),(-0.03525,0.),.UNSPECIFIED.);
#1091=B_SPLINE_CURVE_WITH_KNOTS('',1,(#1803,#1804),.UNSPECIFIED.,.F.,.F.,
(2,2),(-0.0387993887849409,0.),.UNSPECIFIED.);
#1092=B_SPLINE_CURVE_WITH_KNOTS('',1,(#1805,#1806),.UNSPECIFIED.,.F.,.F.,
(2,2),(-0.0387993887849409,0.),.UNSPECIFIED.);
#1093=B_SPLINE_CURVE_WITH_KNOTS('',1,(#1807,#1808),.UNSPECIFIED.,.F.,.F.,
(2,2),(-0.000749999999999967,0.),.UNSPECIFIED.);
#1094=B_SPLINE_CURVE_WITH_KNOTS('',1,(#1809,#1810),.UNSPECIFIED.,.F.,.F.,
(2,2),(-0.03525,0.),.UNSPECIFIED.);
#1095=B_SPLINE_CURVE_WITH_KNOTS('',1,(#1811,#1812),.UNSPECIFIED.,.F.,.F.,
(2,2),(-0.000749999999999967,0.),.UNSPECIFIED.);
#1096=B_SPLINE_CURVE_WITH_KNOTS('',1,(#1813,#1814),.UNSPECIFIED.,.F.,.F.,
(2,2),(-0.03525,0.),.UNSPECIFIED.);
#1097=B_SPLINE_CURVE_WITH_KNOTS('',1,(#1815,#1816),.UNSPECIFIED.,.F.,.F.,
(2,2),(0.,0.0398546249556505),.UNSPECIFIED.);
#1098=B_SPLINE_CURVE_WITH_KNOTS('',1,(#1817,#1818),.UNSPECIFIED.,.F.,.F.,
(2,2),(0.,0.03525),.UNSPECIFIED.);
#1099=B_SPLINE_CURVE_WITH_KNOTS('',1,(#1819,#1820),.UNSPECIFIED.,.F.,.F.,
(2,2),(-0.0398546249556505,0.),.UNSPECIFIED.);
#1100=B_SPLINE_CURVE_WITH_KNOTS('',1,(#1821,#1822),.UNSPECIFIED.,.F.,.F.,
(2,2),(0.,0.0740955118536775),.UNSPECIFIED.);
#1101=B_SPLINE_CURVE_WITH_KNOTS('',1,(#1823,#1824),.UNSPECIFIED.,.F.,.F.,
(2,2),(0.,0.0737940158049032),.UNSPECIFIED.);
#1102=B_SPLINE_CURVE_WITH_KNOTS('',1,(#1825,#1826),.UNSPECIFIED.,.F.,.F.,
(2,2),(0.,0.00321395779401497),.UNSPECIFIED.);
#1103=B_SPLINE_CURVE_WITH_KNOTS('',1,(#1827,#1828),.UNSPECIFIED.,.F.,.F.,
(2,2),(0.,0.00321395779401496),.UNSPECIFIED.);
#1104=B_SPLINE_CURVE_WITH_KNOTS('',1,(#1829,#1830),.UNSPECIFIED.,.F.,.F.,
(2,2),(-0.00321395779401494,0.),.UNSPECIFIED.);
#1105=B_SPLINE_CURVE_WITH_KNOTS('',1,(#1831,#1832),.UNSPECIFIED.,.F.,.F.,
(2,2),(0.,0.00318198051533949),.UNSPECIFIED.);
#1106=B_SPLINE_CURVE_WITH_KNOTS('',1,(#1833,#1834),.UNSPECIFIED.,.F.,.F.,
(2,2),(-0.00318198051533949,0.),.UNSPECIFIED.);
#1107=B_SPLINE_CURVE_WITH_KNOTS('',1,(#1835,#1836),.UNSPECIFIED.,.F.,.F.,
(2,2),(-0.00318198051533948,0.),.UNSPECIFIED.);
#1108=B_SPLINE_CURVE_WITH_KNOTS('',1,(#1837,#1838),.UNSPECIFIED.,.F.,.F.,
(2,2),(0.,0.0392516328581022),.UNSPECIFIED.);
#1109=B_SPLINE_CURVE_WITH_KNOTS('',1,(#1839,#1840),.UNSPECIFIED.,.F.,.F.,
(2,2),(0.,0.0394023808824892),.UNSPECIFIED.);
#1110=B_SPLINE_CURVE_WITH_KNOTS('',1,(#1841,#1842),.UNSPECIFIED.,.F.,.F.,
(2,2),(-0.00318198051533946,0.),.UNSPECIFIED.);
#1111=B_SPLINE_CURVE_WITH_KNOTS('',1,(#1843,#1844),.UNSPECIFIED.,.F.,.F.,
(2,2),(-0.00318198051533954,0.),.UNSPECIFIED.);
#1112=B_SPLINE_CURVE_WITH_KNOTS('',1,(#1845,#1846),.UNSPECIFIED.,.F.,.F.,
(2,2),(0.,0.00318198051533954),.UNSPECIFIED.);
#1113=B_SPLINE_CURVE_WITH_KNOTS('',1,(#1847,#1848),.UNSPECIFIED.,.F.,.F.,
(2,2),(0.,0.00318198051533947),.UNSPECIFIED.);
#1114=B_SPLINE_CURVE_WITH_KNOTS('',1,(#1849,#1850),.UNSPECIFIED.,.F.,.F.,
(2,2),(0.,0.00318198051533948),.UNSPECIFIED.);
#1115=B_SPLINE_CURVE_WITH_KNOTS('',1,(#1851,#1852),.UNSPECIFIED.,.F.,.F.,
(2,2),(0.,0.000749999999999962),.UNSPECIFIED.);
#1116=B_SPLINE_CURVE_WITH_KNOTS('',1,(#1853,#1854),.UNSPECIFIED.,.F.,.F.,
(2,2),(0.,0.03525),.UNSPECIFIED.);
#1117=B_SPLINE_CURVE_WITH_KNOTS('',1,(#1855,#1856),.UNSPECIFIED.,.F.,.F.,
(2,2),(-0.0387993887849408,0.),.UNSPECIFIED.);
#1118=B_SPLINE_CURVE_WITH_KNOTS('',1,(#1857,#1858),.UNSPECIFIED.,.F.,.F.,
(2,2),(0.,0.0387993887849408),.UNSPECIFIED.);
#1119=B_SPLINE_CURVE_WITH_KNOTS('',1,(#1859,#1860),.UNSPECIFIED.,.F.,.F.,
(2,2),(0.,0.000749999999999962),.UNSPECIFIED.);
#1120=B_SPLINE_CURVE_WITH_KNOTS('',1,(#1861,#1862),.UNSPECIFIED.,.F.,.F.,
(2,2),(0.,0.03525),.UNSPECIFIED.);
#1121=B_SPLINE_CURVE_WITH_KNOTS('',1,(#1863,#1864),.UNSPECIFIED.,.F.,.F.,
(2,2),(-0.000749999999999962,0.),.UNSPECIFIED.);
#1122=B_SPLINE_CURVE_WITH_KNOTS('',1,(#1865,#1866),.UNSPECIFIED.,.F.,.F.,
(2,2),(0.,0.03525),.UNSPECIFIED.);
#1123=B_SPLINE_CURVE_WITH_KNOTS('',1,(#1867,#1868),.UNSPECIFIED.,.F.,.F.,
(2,2),(0.,0.0398546249556505),.UNSPECIFIED.);
#1124=B_SPLINE_CURVE_WITH_KNOTS('',1,(#1869,#1870),.UNSPECIFIED.,.F.,.F.,
(2,2),(-0.03525,0.),.UNSPECIFIED.);
#1125=B_SPLINE_CURVE_WITH_KNOTS('',1,(#1871,#1872),.UNSPECIFIED.,.F.,.F.,
(2,2),(-0.0398546249556505,0.),.UNSPECIFIED.);
#1126=B_SPLINE_CURVE_WITH_KNOTS('',1,(#1873,#1874),.UNSPECIFIED.,.F.,.F.,
(2,2),(-0.00318198051533951,0.),.UNSPECIFIED.);
#1127=B_SPLINE_CURVE_WITH_KNOTS('',1,(#1875,#1876),.UNSPECIFIED.,.F.,.F.,
(2,2),(0.,0.00318198051533951),.UNSPECIFIED.);
#1128=B_SPLINE_CURVE_WITH_KNOTS('',1,(#1877,#1878),.UNSPECIFIED.,.F.,.F.,
(2,2),(0.,0.00321395779401496),.UNSPECIFIED.);
#1129=B_SPLINE_CURVE_WITH_KNOTS('',1,(#1879,#1880),.UNSPECIFIED.,.F.,.F.,
(2,2),(-0.0392516328581022,0.),.UNSPECIFIED.);
#1130=B_SPLINE_CURVE_WITH_KNOTS('',1,(#1881,#1882),.UNSPECIFIED.,.F.,.F.,
(2,2),(-0.00318198051533948,0.),.UNSPECIFIED.);
#1131=B_SPLINE_CURVE_WITH_KNOTS('',1,(#1883,#1884),.UNSPECIFIED.,.F.,.F.,
(2,2),(0.,0.00318198051533946),.UNSPECIFIED.);
#1132=B_SPLINE_CURVE_WITH_KNOTS('',1,(#1885,#1886),.UNSPECIFIED.,.F.,.F.,
(2,2),(-0.0394023808824893,0.),.UNSPECIFIED.);
#1133=B_SPLINE_CURVE_WITH_KNOTS('',1,(#1887,#1888),.UNSPECIFIED.,.F.,.F.,
(2,2),(0.,0.00318198051533954),.UNSPECIFIED.);
#1134=B_SPLINE_CURVE_WITH_KNOTS('',1,(#1889,#1890),.UNSPECIFIED.,.F.,.F.,
(2,2),(0.,0.00318198051533954),.UNSPECIFIED.);
#1135=B_SPLINE_CURVE_WITH_KNOTS('',1,(#1891,#1892),.UNSPECIFIED.,.F.,.F.,
(2,2),(-0.00318198051533948,0.),.UNSPECIFIED.);
#1136=B_SPLINE_CURVE_WITH_KNOTS('',1,(#1893,#1894),.UNSPECIFIED.,.F.,.F.,
(2,2),(-0.000749999999999962,0.),.UNSPECIFIED.);
#1137=B_SPLINE_CURVE_WITH_KNOTS('',1,(#1895,#1896),.UNSPECIFIED.,.F.,.F.,
(2,2),(0.,0.00318198051533948),.UNSPECIFIED.);
#1138=B_SPLINE_CURVE_WITH_KNOTS('',1,(#1917,#1918),.UNSPECIFIED.,.F.,.F.,
(2,2),(0.,0.0421118271327284),.UNSPECIFIED.);
#1139=B_SPLINE_CURVE_WITH_KNOTS('',1,(#1919,#1920),.UNSPECIFIED.,.F.,.F.,
(2,2),(0.,0.000707110773338785),.UNSPECIFIED.);
#1140=B_SPLINE_CURVE_WITH_KNOTS('',1,(#1921,#1922),.UNSPECIFIED.,.F.,.F.,
(2,2),(-0.0043,0.),.UNSPECIFIED.);
#1141=B_SPLINE_CURVE_WITH_KNOTS('',1,(#1923,#1924),.UNSPECIFIED.,.F.,.F.,
(2,2),(-0.0433541060151155,0.),.UNSPECIFIED.);
#1142=B_SPLINE_CURVE_WITH_KNOTS('',1,(#1925,#1926),.UNSPECIFIED.,.F.,.F.,
(2,2),(0.,0.0043),.UNSPECIFIED.);
#1143=B_SPLINE_CURVE_WITH_KNOTS('',1,(#1927,#1928),.UNSPECIFIED.,.F.,.F.,
(2,2),(0.,0.000894969026191809),.UNSPECIFIED.);
#1144=B_SPLINE_CURVE_WITH_KNOTS('',1,(#1929,#1930),.UNSPECIFIED.,.F.,.F.,
(2,2),(-0.015000169372197,0.),.UNSPECIFIED.);
#1145=B_SPLINE_CURVE_WITH_KNOTS('',1,(#1931,#1932),.UNSPECIFIED.,.F.,.F.,
(2,2),(-0.0043,0.),.UNSPECIFIED.);
#1146=B_SPLINE_CURVE_WITH_KNOTS('',1,(#1933,#1934),.UNSPECIFIED.,.F.,.F.,
(2,2),(-0.015000169372197,0.),.UNSPECIFIED.);
#1147=B_SPLINE_CURVE_WITH_KNOTS('',1,(#1935,#1936),.UNSPECIFIED.,.F.,.F.,
(2,2),(0.,0.000707110773338785),.UNSPECIFIED.);
#1148=B_SPLINE_CURVE_WITH_KNOTS('',1,(#1937,#1938),.UNSPECIFIED.,.F.,.F.,
(2,2),(0.,0.0257249018898872),.UNSPECIFIED.);
#1149=B_SPLINE_CURVE_WITH_KNOTS('',1,(#1939,#1940),.UNSPECIFIED.,.F.,.F.,
(2,2),(0.,0.000894969026191723),.UNSPECIFIED.);
#1150=B_SPLINE_CURVE_WITH_KNOTS('',1,(#1941,#1942),.UNSPECIFIED.,.F.,.F.,
(2,2),(-0.0043,0.),.UNSPECIFIED.);
#1151=B_SPLINE_CURVE_WITH_KNOTS('',1,(#1943,#1944),.UNSPECIFIED.,.F.,.F.,
(2,2),(-0.0269671807722742,0.),.UNSPECIFIED.);
#1152=B_SPLINE_CURVE_WITH_KNOTS('',1,(#1945,#1946),.UNSPECIFIED.,.F.,.F.,
(2,2),(-0.0222681970994154,0.),.UNSPECIFIED.);
#1153=B_SPLINE_CURVE_WITH_KNOTS('',1,(#1947,#1948),.UNSPECIFIED.,.F.,.F.,
(2,2),(0.,0.0222681970994154),.UNSPECIFIED.);
#1154=B_SPLINE_CURVE_WITH_KNOTS('',1,(#1949,#1950),.UNSPECIFIED.,.F.,.F.,
(2,2),(-0.0222681970994154,0.),.UNSPECIFIED.);
#1155=B_SPLINE_CURVE_WITH_KNOTS('',1,(#1951,#1952),.UNSPECIFIED.,.F.,.F.,
(2,2),(-0.015000169372197,0.),.UNSPECIFIED.);
#1156=B_SPLINE_CURVE_WITH_KNOTS('',1,(#2123,#2124),.UNSPECIFIED.,.F.,.F.,
(2,2),(0.,0.0045825756949559),.UNSPECIFIED.);
#1157=B_SPLINE_CURVE_WITH_KNOTS('',1,(#2125,#2126),.UNSPECIFIED.,.F.,.F.,
(2,2),(-0.0040788190866363,0.),.UNSPECIFIED.);
#1158=B_SPLINE_CURVE_WITH_KNOTS('',1,(#2127,#2128),.UNSPECIFIED.,.F.,.F.,
(2,2),(0.,0.00335),.UNSPECIFIED.);
#1159=B_SPLINE_CURVE_WITH_KNOTS('',1,(#2129,#2130),.UNSPECIFIED.,.F.,.F.,
(2,2),(-0.0033,0.),.UNSPECIFIED.);
#1160=B_SPLINE_CURVE_WITH_KNOTS('',1,(#2131,#2132),.UNSPECIFIED.,.F.,.F.,
(2,2),(0.,0.0042),.UNSPECIFIED.);
#1161=B_SPLINE_CURVE_WITH_KNOTS('',1,(#2133,#2134),.UNSPECIFIED.,.F.,.F.,
(2,2),(-0.002968940483,0.),.UNSPECIFIED.);
#1162=B_SPLINE_CURVE_WITH_KNOTS('',1,(#2135,#2136),.UNSPECIFIED.,.F.,.F.,
(2,2),(0.,0.0051313174855008),.UNSPECIFIED.);
#1163=B_SPLINE_CURVE_WITH_KNOTS('',1,(#2137,#2138),.UNSPECIFIED.,.F.,.F.,
(2,2),(0.,0.003018940483),.UNSPECIFIED.);
#1164=B_SPLINE_CURVE_WITH_KNOTS('',1,(#2139,#2140),.UNSPECIFIED.,.F.,.F.,
(2,2),(0.,0.002),.UNSPECIFIED.);
#1165=B_SPLINE_CURVE_WITH_KNOTS('',1,(#2141,#2142),.UNSPECIFIED.,.F.,.F.,
(2,2),(0.,0.002),.UNSPECIFIED.);
#1166=B_SPLINE_CURVE_WITH_KNOTS('',1,(#2143,#2144),.UNSPECIFIED.,.F.,.F.,
(2,2),(-0.002,0.),.UNSPECIFIED.);
#1167=B_SPLINE_CURVE_WITH_KNOTS('',1,(#2145,#2146),.UNSPECIFIED.,.F.,.F.,
(2,2),(-0.002,0.),.UNSPECIFIED.);
#1168=B_SPLINE_CURVE_WITH_KNOTS('',1,(#2147,#2148),.UNSPECIFIED.,.F.,.F.,
(2,2),(-0.0045825756949558,0.),.UNSPECIFIED.);
#1169=B_SPLINE_CURVE_WITH_KNOTS('',1,(#2149,#2150),.UNSPECIFIED.,.F.,.F.,
(2,2),(0.,0.0023),.UNSPECIFIED.);
#1170=B_SPLINE_CURVE_WITH_KNOTS('',1,(#2154,#2155),.UNSPECIFIED.,.F.,.F.,
(2,2),(-0.0023,0.),.UNSPECIFIED.);
#1171=B_SPLINE_CURVE_WITH_KNOTS('',1,(#2159,#2160),.UNSPECIFIED.,.F.,.F.,
(2,2),(0.,0.0023),.UNSPECIFIED.);
#1172=B_SPLINE_CURVE_WITH_KNOTS('',1,(#2161,#2162),.UNSPECIFIED.,.F.,.F.,
(2,2),(-0.003018940483,0.),.UNSPECIFIED.);
#1173=B_SPLINE_CURVE_WITH_KNOTS('',1,(#2163,#2164),.UNSPECIFIED.,.F.,.F.,
(2,2),(0.,0.003885149318909),.UNSPECIFIED.);
#1174=B_SPLINE_CURVE_WITH_KNOTS('',1,(#2165,#2166),.UNSPECIFIED.,.F.,.F.,
(2,2),(-0.0088950789313142,0.),.UNSPECIFIED.);
#1175=B_SPLINE_CURVE_WITH_KNOTS('',1,(#2167,#2168),.UNSPECIFIED.,.F.,.F.,
(2,2),(-0.0043,0.),.UNSPECIFIED.);
#1176=B_SPLINE_CURVE_WITH_KNOTS('',1,(#2169,#2170),.UNSPECIFIED.,.F.,.F.,
(2,2),(-0.0423243891892004,0.),.UNSPECIFIED.);
#1177=B_SPLINE_CURVE_WITH_KNOTS('',1,(#2171,#2172),.UNSPECIFIED.,.F.,.F.,
(2,2),(-0.0043,0.),.UNSPECIFIED.);
#1178=B_SPLINE_CURVE_WITH_KNOTS('',1,(#2173,#2174),.UNSPECIFIED.,.F.,.F.,
(2,2),(-0.0293504911712499,0.),.UNSPECIFIED.);
#1179=B_SPLINE_CURVE_WITH_KNOTS('',1,(#2175,#2176),.UNSPECIFIED.,.F.,.F.,
(2,2),(0.,0.0023),.UNSPECIFIED.);
#1180=B_SPLINE_CURVE_WITH_KNOTS('',1,(#2177,#2178),.UNSPECIFIED.,.F.,.F.,
(2,2),(0.,0.00937451831205833),.UNSPECIFIED.);
#1181=B_SPLINE_CURVE_WITH_KNOTS('',1,(#2179,#2180),.UNSPECIFIED.,.F.,.F.,
(2,2),(0.,0.00937451831205833),.UNSPECIFIED.);
#1182=B_SPLINE_CURVE_WITH_KNOTS('',1,(#2181,#2182),.UNSPECIFIED.,.F.,.F.,
(2,2),(0.,0.0128508080616594),.UNSPECIFIED.);
#1183=B_SPLINE_CURVE_WITH_KNOTS('',1,(#2183,#2184),.UNSPECIFIED.,.F.,.F.,
(2,2),(0.,0.0043),.UNSPECIFIED.);
#1184=B_SPLINE_CURVE_WITH_KNOTS('',1,(#2185,#2186),.UNSPECIFIED.,.F.,.F.,
(2,2),(-0.0023,0.),.UNSPECIFIED.);
#1185=B_SPLINE_CURVE_WITH_KNOTS('',1,(#2187,#2188),.UNSPECIFIED.,.F.,.F.,
(2,2),(0.,0.0023),.UNSPECIFIED.);
#1186=B_SPLINE_CURVE_WITH_KNOTS('',1,(#2189,#2190),.UNSPECIFIED.,.F.,.F.,
(2,2),(-0.0038343412572496,0.),.UNSPECIFIED.);
#1187=B_SPLINE_CURVE_WITH_KNOTS('',1,(#2191,#2192),.UNSPECIFIED.,.F.,.F.,
(2,2),(-0.0043,0.),.UNSPECIFIED.);
#1188=B_SPLINE_CURVE_WITH_KNOTS('',1,(#2193,#2194),.UNSPECIFIED.,.F.,.F.,
(2,2),(0.,0.0043),.UNSPECIFIED.);
#1189=B_SPLINE_CURVE_WITH_KNOTS('',1,(#2195,#2196),.UNSPECIFIED.,.F.,.F.,
(2,2),(0.,0.0423243891892004),.UNSPECIFIED.);
#1190=B_SPLINE_CURVE_WITH_KNOTS('',1,(#2197,#2198),.UNSPECIFIED.,.F.,.F.,
(2,2),(0.,0.0093344884746324),.UNSPECIFIED.);
#1191=B_SPLINE_CURVE_WITH_KNOTS('',1,(#2199,#2200),.UNSPECIFIED.,.F.,.F.,
(2,2),(0.,0.0023),.UNSPECIFIED.);
#1192=B_SPLINE_CURVE_WITH_KNOTS('',1,(#2201,#2202),.UNSPECIFIED.,.F.,.F.,
(2,2),(-0.0023,0.),.UNSPECIFIED.);
#1193=B_SPLINE_CURVE_WITH_KNOTS('',1,(#2203,#2204),.UNSPECIFIED.,.F.,.F.,
(2,2),(0.,0.029789900714568),.UNSPECIFIED.);
#1194=B_SPLINE_CURVE_WITH_KNOTS('',1,(#2205,#2206),.UNSPECIFIED.,.F.,.F.,
(2,2),(0.,0.0128508080616594),.UNSPECIFIED.);
#1195=B_SPLINE_CURVE_WITH_KNOTS('',1,(#2207,#2208),.UNSPECIFIED.,.F.,.F.,
(2,2),(0.,0.0043),.UNSPECIFIED.);
#1196=B_SPLINE_CURVE_WITH_KNOTS('',1,(#2209,#2210),.UNSPECIFIED.,.F.,.F.,
(2,2),(0.,0.0128508080616594),.UNSPECIFIED.);
#1197=B_SPLINE_CURVE_WITH_KNOTS('',1,(#2211,#2212),.UNSPECIFIED.,.F.,.F.,
(2,2),(0.,0.0128508080616594),.UNSPECIFIED.);
#1198=B_SPLINE_CURVE_WITH_KNOTS('',1,(#2213,#2214),.UNSPECIFIED.,.F.,.F.,
(2,2),(0.,0.0423243891892004),.UNSPECIFIED.);
#1199=B_SPLINE_CURVE_WITH_KNOTS('',1,(#2215,#2216),.UNSPECIFIED.,.F.,.F.,
(2,2),(0.,0.0128508080616594),.UNSPECIFIED.);
#1200=B_SPLINE_CURVE_WITH_KNOTS('',1,(#2217,#2218),.UNSPECIFIED.,.F.,.F.,
(2,2),(-0.0023,0.),.UNSPECIFIED.);
#1201=B_SPLINE_CURVE_WITH_KNOTS('',1,(#2219,#2220),.UNSPECIFIED.,.F.,.F.,
(2,2),(-0.0033,0.),.UNSPECIFIED.);
#1202=B_SPLINE_CURVE_WITH_KNOTS('',1,(#2221,#2222),.UNSPECIFIED.,.F.,.F.,
(2,2),(0.,0.0125079682688614),.UNSPECIFIED.);
#1203=B_SPLINE_CURVE_WITH_KNOTS('',1,(#2223,#2224),.UNSPECIFIED.,.F.,.F.,
(2,2),(0.,0.0023),.UNSPECIFIED.);
#1204=B_SPLINE_CURVE_WITH_KNOTS('',1,(#2225,#2226),.UNSPECIFIED.,.F.,.F.,
(2,2),(-0.0125079682688614,0.),.UNSPECIFIED.);
#1205=B_SPLINE_CURVE_WITH_KNOTS('',1,(#2232,#2233),.UNSPECIFIED.,.F.,.F.,
(2,2),(-0.0023,0.),.UNSPECIFIED.);
#1206=B_SPLINE_CURVE_WITH_KNOTS('',1,(#2239,#2240),.UNSPECIFIED.,.F.,.F.,
(2,2),(-0.0125079682688614,0.),.UNSPECIFIED.);
#1207=B_SPLINE_CURVE_WITH_KNOTS('',1,(#2241,#2242),.UNSPECIFIED.,.F.,.F.,
(2,2),(-0.0023,0.),.UNSPECIFIED.);
#1208=B_SPLINE_CURVE_WITH_KNOTS('',1,(#2243,#2244),.UNSPECIFIED.,.F.,.F.,
(2,2),(-0.0125079682688614,0.),.UNSPECIFIED.);
#1209=B_SPLINE_CURVE_WITH_KNOTS('',1,(#2245,#2246),.UNSPECIFIED.,.F.,.F.,
(2,2),(0.,0.0023),.UNSPECIFIED.);
#1210=B_SPLINE_CURVE_WITH_KNOTS('',1,(#2247,#2248),.UNSPECIFIED.,.F.,.F.,
(2,2),(-0.00335,0.),.UNSPECIFIED.);
#1211=B_SPLINE_CURVE_WITH_KNOTS('',1,(#2255,#2256),.UNSPECIFIED.,.F.,.F.,
(2,2),(-0.002968940483,0.),.UNSPECIFIED.);
#1212=B_SPLINE_CURVE_WITH_KNOTS('',1,(#2257,#2258),.UNSPECIFIED.,.F.,.F.,
(2,2),(0.,0.0023),.UNSPECIFIED.);
#1213=B_SPLINE_CURVE_WITH_KNOTS('',1,(#2259,#2260),.UNSPECIFIED.,.F.,.F.,
(2,2),(-0.00937451831205833,0.),.UNSPECIFIED.);
#1214=B_SPLINE_CURVE_WITH_KNOTS('',1,(#2261,#2262),.UNSPECIFIED.,.F.,.F.,
(2,2),(-0.00937451831205833,0.),.UNSPECIFIED.);
#1215=B_SPLINE_CURVE_WITH_KNOTS('',1,(#2278,#2279),.UNSPECIFIED.,.F.,.F.,
(2,2),(0.,0.000400000000000005),.UNSPECIFIED.);
#1216=B_SPLINE_CURVE_WITH_KNOTS('',1,(#2283,#2284),.UNSPECIFIED.,.F.,.F.,
(2,2),(-0.000400000000000005,0.),.UNSPECIFIED.);
#1217=B_SPLINE_CURVE_WITH_KNOTS('',1,(#2290,#2291),.UNSPECIFIED.,.F.,.F.,
(2,2),(0.,0.000400000000000005),.UNSPECIFIED.);
#1218=B_SPLINE_CURVE_WITH_KNOTS('',1,(#2298,#2299),.UNSPECIFIED.,.F.,.F.,
(2,2),(-0.000400000000000005,0.),.UNSPECIFIED.);
#1219=B_SPLINE_CURVE_WITH_KNOTS('',1,(#2300,#2301),.UNSPECIFIED.,.F.,.F.,
(2,2),(0.00132999999999998,0.00262999999999999),.UNSPECIFIED.);
#1220=B_SPLINE_CURVE_WITH_KNOTS('',1,(#2302,#2303),.UNSPECIFIED.,.F.,.F.,
(2,2),(-0.002,0.),.UNSPECIFIED.);
#1221=B_SPLINE_CURVE_WITH_KNOTS('',1,(#2304,#2305),.UNSPECIFIED.,.F.,.F.,
(2,2),(-0.0012912878474779,0.),.UNSPECIFIED.);
#1222=B_SPLINE_CURVE_WITH_KNOTS('',1,(#2306,#2307),.UNSPECIFIED.,.F.,.F.,
(2,2),(0.,0.0012912878474779),.UNSPECIFIED.);
#1223=B_SPLINE_CURVE_WITH_KNOTS('',1,(#2308,#2309),.UNSPECIFIED.,.F.,.F.,
(2,2),(0.,0.002),.UNSPECIFIED.);
#1224=B_SPLINE_CURVE_WITH_KNOTS('',1,(#2310,#2311),.UNSPECIFIED.,.F.,.F.,
(2,2),(0.,0.0012912878474779),.UNSPECIFIED.);
#1225=B_SPLINE_CURVE_WITH_KNOTS('',1,(#2312,#2313),.UNSPECIFIED.,.F.,.F.,
(2,2),(-0.0012912878474779,0.),.UNSPECIFIED.);
#1226=B_SPLINE_CURVE_WITH_KNOTS('',1,(#2314,#2315),.UNSPECIFIED.,.F.,.F.,
(2,2),(0.,0.0012),.UNSPECIFIED.);
#1227=B_SPLINE_CURVE_WITH_KNOTS('',1,(#2316,#2317),.UNSPECIFIED.,.F.,.F.,
(2,2),(-0.0012,0.),.UNSPECIFIED.);
#1228=B_SPLINE_CURVE_WITH_KNOTS('',1,(#2318,#2319),.UNSPECIFIED.,.F.,.F.,
(2,2),(-0.0012,0.),.UNSPECIFIED.);
#1229=B_SPLINE_CURVE_WITH_KNOTS('',1,(#2320,#2321),.UNSPECIFIED.,.F.,.F.,
(2,2),(0.,0.0012),.UNSPECIFIED.);
#1230=B_SPLINE_CURVE_WITH_KNOTS('',1,(#2322,#2323),.UNSPECIFIED.,.F.,.F.,
(2,2),(0.,0.000707106781186548),.UNSPECIFIED.);
#1231=B_SPLINE_CURVE_WITH_KNOTS('',1,(#2324,#2325),.UNSPECIFIED.,.F.,.F.,
(2,2),(-0.000707106781186548,0.),.UNSPECIFIED.);
#1232=B_SPLINE_CURVE_WITH_KNOTS('',1,(#2326,#2327),.UNSPECIFIED.,.F.,.F.,
(2,2),(0.,0.000707106781186548),.UNSPECIFIED.);
#1233=B_SPLINE_CURVE_WITH_KNOTS('',1,(#2328,#2329),.UNSPECIFIED.,.F.,.F.,
(2,2),(-0.000707106781186548,0.),.UNSPECIFIED.);
#1234=B_SPLINE_CURVE_WITH_KNOTS('',1,(#2330,#2331),.UNSPECIFIED.,.F.,.F.,
(2,2),(-0.000707106781186548,0.),.UNSPECIFIED.);
#1235=B_SPLINE_CURVE_WITH_KNOTS('',1,(#2332,#2333),.UNSPECIFIED.,.F.,.F.,
(2,2),(-0.000707106781186548,0.),.UNSPECIFIED.);
#1236=B_SPLINE_CURVE_WITH_KNOTS('',1,(#2334,#2335),.UNSPECIFIED.,.F.,.F.,
(2,2),(0.,0.000707106781186548),.UNSPECIFIED.);
#1237=B_SPLINE_CURVE_WITH_KNOTS('',1,(#2336,#2337),.UNSPECIFIED.,.F.,.F.,
(2,2),(-0.000707106781186548,0.),.UNSPECIFIED.);
#1238=B_SPLINE_CURVE_WITH_KNOTS('',1,(#2338,#2339),.UNSPECIFIED.,.F.,.F.,
(2,2),(-0.000707106781186548,0.),.UNSPECIFIED.);
#1239=B_SPLINE_CURVE_WITH_KNOTS('',1,(#2340,#2341),.UNSPECIFIED.,.F.,.F.,
(2,2),(0.,0.000707106781186548),.UNSPECIFIED.);
#1240=B_SPLINE_CURVE_WITH_KNOTS('',1,(#2342,#2343),.UNSPECIFIED.,.F.,.F.,
(2,2),(0.00132999999999998,0.00262999999999999),.UNSPECIFIED.);
#1241=B_SPLINE_CURVE_WITH_KNOTS('',1,(#2376,#2377),.UNSPECIFIED.,.F.,.F.,
(2,2),(0.,0.0423243965224147),.UNSPECIFIED.);
#1242=B_SPLINE_CURVE_WITH_KNOTS('',1,(#2378,#2379),.UNSPECIFIED.,.F.,.F.,
(2,2),(0.,0.00428459),.UNSPECIFIED.);
#1243=B_SPLINE_CURVE_WITH_KNOTS('',1,(#2380,#2381),.UNSPECIFIED.,.F.,.F.,
(2,2),(-0.0433243965224147,0.),.UNSPECIFIED.);
#1244=B_SPLINE_CURVE_WITH_KNOTS('',1,(#2382,#2383),.UNSPECIFIED.,.F.,.F.,
(2,2),(-0.00428459,0.),.UNSPECIFIED.);
#1245=B_SPLINE_CURVE_WITH_KNOTS('',1,(#2384,#2385),.UNSPECIFIED.,.F.,.F.,
(2,2),(-0.00428459,0.),.UNSPECIFIED.);
#1246=B_SPLINE_CURVE_WITH_KNOTS('',1,(#2386,#2387),.UNSPECIFIED.,.F.,.F.,
(2,2),(-0.0128508080616594,0.),.UNSPECIFIED.);
#1247=B_SPLINE_CURVE_WITH_KNOTS('',1,(#2388,#2389),.UNSPECIFIED.,.F.,.F.,
(2,2),(-0.0128508080616594,0.),.UNSPECIFIED.);
#1248=B_SPLINE_CURVE_WITH_KNOTS('',1,(#2390,#2391),.UNSPECIFIED.,.F.,.F.,
(2,2),(-0.0423243965224147,0.),.UNSPECIFIED.);
#1249=B_SPLINE_CURVE_WITH_KNOTS('',1,(#2392,#2393),.UNSPECIFIED.,.F.,.F.,
(2,2),(-0.00428459,0.),.UNSPECIFIED.);
#1250=B_SPLINE_CURVE_WITH_KNOTS('',1,(#2394,#2395),.UNSPECIFIED.,.F.,.F.,
(2,2),(-0.0423243965224147,0.),.UNSPECIFIED.);
#1251=B_SPLINE_CURVE_WITH_KNOTS('',1,(#2396,#2397),.UNSPECIFIED.,.F.,.F.,
(2,2),(-0.00428459,0.),.UNSPECIFIED.);
#1252=B_SPLINE_CURVE_WITH_KNOTS('',1,(#2398,#2399),.UNSPECIFIED.,.F.,.F.,
(2,2),(0.,0.0128508080616594),.UNSPECIFIED.);
#1253=B_SPLINE_CURVE_WITH_KNOTS('',1,(#2400,#2401),.UNSPECIFIED.,.F.,.F.,
(2,2),(0.,0.00428459),.UNSPECIFIED.);
#1254=B_SPLINE_CURVE_WITH_KNOTS('',1,(#2402,#2403),.UNSPECIFIED.,.F.,.F.,
(2,2),(-0.0128508080616594,0.),.UNSPECIFIED.);
#1255=B_SPLINE_CURVE_WITH_KNOTS('',1,(#2404,#2405),.UNSPECIFIED.,.F.,.F.,
(2,2),(0.,0.0423243965224147),.UNSPECIFIED.);
#1256=B_SPLINE_CURVE_WITH_KNOTS('',1,(#2406,#2407),.UNSPECIFIED.,.F.,.F.,
(2,2),(0.,0.0128508080616594),.UNSPECIFIED.);
#1257=B_SPLINE_CURVE_WITH_KNOTS('',1,(#2408,#2409),.UNSPECIFIED.,.F.,.F.,
(2,2),(0.,0.0128508080616594),.UNSPECIFIED.);
#1258=B_SPLINE_CURVE_WITH_KNOTS('',1,(#2410,#2411),.UNSPECIFIED.,.F.,.F.,
(2,2),(0.,0.000707106781186548),.UNSPECIFIED.);
#1259=B_SPLINE_CURVE_WITH_KNOTS('',1,(#2412,#2413),.UNSPECIFIED.,.F.,.F.,
(2,2),(-0.000707106781186548,0.),.UNSPECIFIED.);
#1260=B_SPLINE_CURVE_WITH_KNOTS('',1,(#2414,#2415),.UNSPECIFIED.,.F.,.F.,
(2,2),(0.,0.000707106781186548),.UNSPECIFIED.);
#1261=B_SPLINE_CURVE_WITH_KNOTS('',1,(#2416,#2417),.UNSPECIFIED.,.F.,.F.,
(2,2),(-0.000707106781186548,0.),.UNSPECIFIED.);
#1262=B_SPLINE_CURVE_WITH_KNOTS('',1,(#2418,#2419),.UNSPECIFIED.,.F.,.F.,
(2,2),(-0.000707106781186548,0.),.UNSPECIFIED.);
#1263=B_SPLINE_CURVE_WITH_KNOTS('',1,(#2420,#2421),.UNSPECIFIED.,.F.,.F.,
(2,2),(-0.000707106781186541,0.),.UNSPECIFIED.);
#1264=B_SPLINE_CURVE_WITH_KNOTS('',1,(#2422,#2423),.UNSPECIFIED.,.F.,.F.,
(2,2),(0.,0.000707106781186548),.UNSPECIFIED.);
#1265=B_SPLINE_CURVE_WITH_KNOTS('',1,(#2424,#2425),.UNSPECIFIED.,.F.,.F.,
(2,2),(-0.000707106781186548,0.),.UNSPECIFIED.);
#1266=B_SPLINE_CURVE_WITH_KNOTS('',1,(#2426,#2427),.UNSPECIFIED.,.F.,.F.,
(2,2),(-0.000707106781186548,0.),.UNSPECIFIED.);
#1267=B_SPLINE_CURVE_WITH_KNOTS('',1,(#2428,#2429),.UNSPECIFIED.,.F.,.F.,
(2,2),(-0.000707106781186548,0.),.UNSPECIFIED.);
#1268=B_SPLINE_CURVE_WITH_KNOTS('',1,(#2469,#2470),.UNSPECIFIED.,.F.,.F.,
(2,2),(0.00210926366864647,0.00369499646663666),.UNSPECIFIED.);
#1269=B_SPLINE_CURVE_WITH_KNOTS('',1,(#2474,#2475),.UNSPECIFIED.,.F.,.F.,
(2,2),(0.,0.0063808220567432),.UNSPECIFIED.);
#1270=B_SPLINE_CURVE_WITH_KNOTS('',1,(#2484,#2485),.UNSPECIFIED.,.F.,.F.,
(2,2),(0.00210926366864644,0.00369499646663666),.UNSPECIFIED.);
#1271=B_SPLINE_CURVE_WITH_KNOTS('',1,(#2511,#2512),.UNSPECIFIED.,.F.,.F.,
(2,2),(-0.00428459,0.),.UNSPECIFIED.);
#1272=B_SPLINE_CURVE_WITH_KNOTS('',1,(#2513,#2514),.UNSPECIFIED.,.F.,.F.,
(2,2),(-0.000707110773338785,0.),.UNSPECIFIED.);
#1273=B_SPLINE_CURVE_WITH_KNOTS('',1,(#2515,#2516),.UNSPECIFIED.,.F.,.F.,
(2,2),(-0.0421081751143428,0.),.UNSPECIFIED.);
#1274=B_SPLINE_CURVE_WITH_KNOTS('',1,(#2517,#2518),.UNSPECIFIED.,.F.,.F.,
(2,2),(-0.000894969026191809,0.),.UNSPECIFIED.);
#1275=B_SPLINE_CURVE_WITH_KNOTS('',1,(#2519,#2520),.UNSPECIFIED.,.F.,.F.,
(2,2),(0.,0.00428459),.UNSPECIFIED.);
#1276=B_SPLINE_CURVE_WITH_KNOTS('',1,(#2521,#2522),.UNSPECIFIED.,.F.,.F.,
(2,2),(0.,0.0433504539967299),.UNSPECIFIED.);
#1277=B_SPLINE_CURVE_WITH_KNOTS('',1,(#2523,#2524),.UNSPECIFIED.,.F.,.F.,
(2,2),(-0.00428459,0.),.UNSPECIFIED.);
#1278=B_SPLINE_CURVE_WITH_KNOTS('',1,(#2525,#2526),.UNSPECIFIED.,.F.,.F.,
(2,2),(-0.015000169372197,0.),.UNSPECIFIED.);
#1279=B_SPLINE_CURVE_WITH_KNOTS('',1,(#2527,#2528),.UNSPECIFIED.,.F.,.F.,
(2,2),(0.,0.015000169372197),.UNSPECIFIED.);
#1280=B_SPLINE_CURVE_WITH_KNOTS('',1,(#2529,#2530),.UNSPECIFIED.,.F.,.F.,
(2,2),(-0.0257212498715016,0.),.UNSPECIFIED.);
#1281=B_SPLINE_CURVE_WITH_KNOTS('',1,(#2531,#2532),.UNSPECIFIED.,.F.,.F.,
(2,2),(-0.000707110773338778,0.),.UNSPECIFIED.);
#1282=B_SPLINE_CURVE_WITH_KNOTS('',1,(#2533,#2534),.UNSPECIFIED.,.F.,.F.,
(2,2),(0.,0.0269635287538886),.UNSPECIFIED.);
#1283=B_SPLINE_CURVE_WITH_KNOTS('',1,(#2535,#2536),.UNSPECIFIED.,.F.,.F.,
(2,2),(-0.00428459,0.),.UNSPECIFIED.);
#1284=B_SPLINE_CURVE_WITH_KNOTS('',1,(#2537,#2538),.UNSPECIFIED.,.F.,.F.,
(2,2),(-0.000894969026191723,0.),.UNSPECIFIED.);
#1285=B_SPLINE_CURVE_WITH_KNOTS('',1,(#2539,#2540),.UNSPECIFIED.,.F.,.F.,
(2,2),(-0.0222681970994154,0.),.UNSPECIFIED.);
#1286=B_SPLINE_CURVE_WITH_KNOTS('',1,(#2541,#2542),.UNSPECIFIED.,.F.,.F.,
(2,2),(0.,0.015000169372197),.UNSPECIFIED.);
#1287=B_SPLINE_CURVE_WITH_KNOTS('',1,(#2543,#2544),.UNSPECIFIED.,.F.,.F.,
(2,2),(0.,0.0222681970994154),.UNSPECIFIED.);
#1288=B_SPLINE_CURVE_WITH_KNOTS('',1,(#2545,#2546),.UNSPECIFIED.,.F.,.F.,
(2,2),(-0.0222681970994154,0.),.UNSPECIFIED.);
#1289=VERTEX_POINT('',#1753);
#1290=VERTEX_POINT('',#1754);
#1291=VERTEX_POINT('',#1755);
#1292=VERTEX_POINT('',#1756);
#1293=VERTEX_POINT('',#1757);
#1294=VERTEX_POINT('',#1758);
#1295=VERTEX_POINT('',#1759);
#1296=VERTEX_POINT('',#1760);
#1297=VERTEX_POINT('',#1761);
#1298=VERTEX_POINT('',#1762);
#1299=VERTEX_POINT('',#1763);
#1300=VERTEX_POINT('',#1764);
#1301=VERTEX_POINT('',#1765);
#1302=VERTEX_POINT('',#1766);
#1303=VERTEX_POINT('',#1767);
#1304=VERTEX_POINT('',#1768);
#1305=VERTEX_POINT('',#1769);
#1306=VERTEX_POINT('',#1770);
#1307=VERTEX_POINT('',#1771);
#1308=VERTEX_POINT('',#1772);
#1309=VERTEX_POINT('',#1773);
#1310=VERTEX_POINT('',#1774);
#1311=VERTEX_POINT('',#1775);
#1312=VERTEX_POINT('',#1776);
#1313=VERTEX_POINT('',#1777);
#1314=VERTEX_POINT('',#1778);
#1315=VERTEX_POINT('',#1779);
#1316=VERTEX_POINT('',#1780);
#1317=VERTEX_POINT('',#1781);
#1318=VERTEX_POINT('',#1782);
#1319=VERTEX_POINT('',#1783);
#1320=VERTEX_POINT('',#1784);
#1321=VERTEX_POINT('',#1905);
#1322=VERTEX_POINT('',#1906);
#1323=VERTEX_POINT('',#1907);
#1324=VERTEX_POINT('',#1908);
#1325=VERTEX_POINT('',#1909);
#1326=VERTEX_POINT('',#1910);
#1327=VERTEX_POINT('',#1911);
#1328=VERTEX_POINT('',#1912);
#1329=VERTEX_POINT('',#1913);
#1330=VERTEX_POINT('',#1914);
#1331=VERTEX_POINT('',#1915);
#1332=VERTEX_POINT('',#1916);
#1333=VERTEX_POINT('',#2059);
#1334=VERTEX_POINT('',#2060);
#1335=VERTEX_POINT('',#2061);
#1336=VERTEX_POINT('',#2062);
#1337=VERTEX_POINT('',#2063);
#1338=VERTEX_POINT('',#2064);
#1339=VERTEX_POINT('',#2065);
#1340=VERTEX_POINT('',#2066);
#1341=VERTEX_POINT('',#2067);
#1342=VERTEX_POINT('',#2068);
#1343=VERTEX_POINT('',#2069);
#1344=VERTEX_POINT('',#2070);
#1345=VERTEX_POINT('',#2071);
#1346=VERTEX_POINT('',#2072);
#1347=VERTEX_POINT('',#2073);
#1348=VERTEX_POINT('',#2074);
#1349=VERTEX_POINT('',#2075);
#1350=VERTEX_POINT('',#2076);
#1351=VERTEX_POINT('',#2077);
#1352=VERTEX_POINT('',#2078);
#1353=VERTEX_POINT('',#2079);
#1354=VERTEX_POINT('',#2080);
#1355=VERTEX_POINT('',#2081);
#1356=VERTEX_POINT('',#2082);
#1357=VERTEX_POINT('',#2083);
#1358=VERTEX_POINT('',#2084);
#1359=VERTEX_POINT('',#2085);
#1360=VERTEX_POINT('',#2086);
#1361=VERTEX_POINT('',#2087);
#1362=VERTEX_POINT('',#2088);
#1363=VERTEX_POINT('',#2089);
#1364=VERTEX_POINT('',#2090);
#1365=VERTEX_POINT('',#2091);
#1366=VERTEX_POINT('',#2092);
#1367=VERTEX_POINT('',#2093);
#1368=VERTEX_POINT('',#2094);
#1369=VERTEX_POINT('',#2095);
#1370=VERTEX_POINT('',#2096);
#1371=VERTEX_POINT('',#2097);
#1372=VERTEX_POINT('',#2098);
#1373=VERTEX_POINT('',#2099);
#1374=VERTEX_POINT('',#2100);
#1375=VERTEX_POINT('',#2101);
#1376=VERTEX_POINT('',#2102);
#1377=VERTEX_POINT('',#2103);
#1378=VERTEX_POINT('',#2104);
#1379=VERTEX_POINT('',#2105);
#1380=VERTEX_POINT('',#2106);
#1381=VERTEX_POINT('',#2107);
#1382=VERTEX_POINT('',#2108);
#1383=VERTEX_POINT('',#2109);
#1384=VERTEX_POINT('',#2110);
#1385=VERTEX_POINT('',#2111);
#1386=VERTEX_POINT('',#2112);
#1387=VERTEX_POINT('',#2113);
#1388=VERTEX_POINT('',#2114);
#1389=VERTEX_POINT('',#2115);
#1390=VERTEX_POINT('',#2116);
#1391=VERTEX_POINT('',#2117);
#1392=VERTEX_POINT('',#2118);
#1393=VERTEX_POINT('',#2119);
#1394=VERTEX_POINT('',#2120);
#1395=VERTEX_POINT('',#2121);
#1396=VERTEX_POINT('',#2122);
#1397=VERTEX_POINT('',#2360);
#1398=VERTEX_POINT('',#2361);
#1399=VERTEX_POINT('',#2362);
#1400=VERTEX_POINT('',#2363);
#1401=VERTEX_POINT('',#2364);
#1402=VERTEX_POINT('',#2365);
#1403=VERTEX_POINT('',#2366);
#1404=VERTEX_POINT('',#2367);
#1405=VERTEX_POINT('',#2368);
#1406=VERTEX_POINT('',#2369);
#1407=VERTEX_POINT('',#2370);
#1408=VERTEX_POINT('',#2371);
#1409=VERTEX_POINT('',#2372);
#1410=VERTEX_POINT('',#2373);
#1411=VERTEX_POINT('',#2374);
#1412=VERTEX_POINT('',#2375);
#1413=VERTEX_POINT('',#2453);
#1414=VERTEX_POINT('',#2454);
#1415=VERTEX_POINT('',#2455);
#1416=VERTEX_POINT('',#2456);
#1417=VERTEX_POINT('',#2457);
#1418=VERTEX_POINT('',#2458);
#1419=VERTEX_POINT('',#2499);
#1420=VERTEX_POINT('',#2500);
#1421=VERTEX_POINT('',#2501);
#1422=VERTEX_POINT('',#2502);
#1423=VERTEX_POINT('',#2503);
#1424=VERTEX_POINT('',#2504);
#1425=VERTEX_POINT('',#2505);
#1426=VERTEX_POINT('',#2506);
#1427=VERTEX_POINT('',#2507);
#1428=VERTEX_POINT('',#2508);
#1429=VERTEX_POINT('',#2509);
#1430=VERTEX_POINT('',#2510);
#1431=PLANE('',#1541);
#1432=PLANE('',#1542);
#1433=PLANE('',#1543);
#1434=PLANE('',#1544);
#1435=PLANE('',#1545);
#1436=PLANE('',#1546);
#1437=PLANE('',#1547);
#1438=PLANE('',#1548);
#1439=PLANE('',#1549);
#1440=PLANE('',#1550);
#1441=PLANE('',#1551);
#1442=PLANE('',#1552);
#1443=PLANE('',#1553);
#1444=PLANE('',#1554);
#1445=PLANE('',#1555);
#1446=PLANE('',#1556);
#1447=PLANE('',#1557);
#1448=PLANE('',#1558);
#1449=PLANE('',#1559);
#1450=PLANE('',#1560);
#1451=PLANE('',#1561);
#1452=PLANE('',#1562);
#1453=PLANE('',#1563);
#1454=PLANE('',#1564);
#1455=PLANE('',#1565);
#1456=PLANE('',#1566);
#1457=PLANE('',#1567);
#1458=PLANE('',#1568);
#1459=PLANE('',#1569);
#1460=PLANE('',#1570);
#1461=PLANE('',#1571);
#1462=PLANE('',#1572);
#1463=PLANE('',#1573);
#1464=PLANE('',#1574);
#1465=PLANE('',#1575);
#1466=PLANE('',#1576);
#1467=PLANE('',#1577);
#1468=PLANE('',#1578);
#1469=PLANE('',#1579);
#1470=PLANE('',#1580);
#1471=PLANE('',#1581);
#1472=PLANE('',#1582);
#1473=PLANE('',#1583);
#1474=PLANE('',#1584);
#1475=PLANE('',#1585);
#1476=PLANE('',#1586);
#1477=PLANE('',#1587);
#1478=PLANE('',#1588);
#1479=PLANE('',#1589);
#1480=PLANE('',#1590);
#1481=PLANE('',#1591);
#1482=PLANE('',#1592);
#1483=PLANE('',#1593);
#1484=PLANE('',#1594);
#1485=PLANE('',#1595);
#1486=PLANE('',#1596);
#1487=PLANE('',#1597);
#1488=PLANE('',#1598);
#1489=PLANE('',#1599);
#1490=PLANE('',#1600);
#1491=PLANE('',#1601);
#1492=PLANE('',#1602);
#1493=PLANE('',#1603);
#1494=PLANE('',#1604);
#1495=PLANE('',#1605);
#1496=PLANE('',#1606);
#1497=PLANE('',#1607);
#1498=PLANE('',#1608);
#1499=PLANE('',#1609);
#1500=PLANE('',#1610);
#1501=PLANE('',#1611);
#1502=PLANE('',#1612);
#1503=PLANE('',#1613);
#1504=PLANE('',#1614);
#1505=PLANE('',#1615);
#1506=PLANE('',#1616);
#1507=PLANE('',#1617);
#1508=PLANE('',#1618);
#1509=PLANE('',#1619);
#1510=PLANE('',#1620);
#1511=PLANE('',#1621);
#1512=PLANE('',#1622);
#1513=PLANE('',#1623);
#1514=PLANE('',#1624);
#1515=PLANE('',#1625);
#1516=PLANE('',#1626);
#1517=PLANE('',#1627);
#1518=PLANE('',#1628);
#1519=PLANE('',#1629);
#1520=PLANE('',#1630);
#1521=SHAPE_DEFINITION_REPRESENTATION(#1522,#1539);
#1522=PRODUCT_DEFINITION_SHAPE('Document','',#1524);
#1523=PRODUCT_DEFINITION_CONTEXT('3D Mechanical Parts',#1528,'design');
#1524=PRODUCT_DEFINITION('A','First version',#1525,#1523);
#1525=PRODUCT_DEFINITION_FORMATION_WITH_SPECIFIED_SOURCE('A',
'First version',#1530,.MADE.);
#1526=PRODUCT_RELATED_PRODUCT_CATEGORY('tool','tool',(#1530));
#1527=APPLICATION_PROTOCOL_DEFINITION('Draft International Standard',
'automotive_design',1999,#1528);
#1528=APPLICATION_CONTEXT(
'data for automotive mechanical design processes');
#1529=PRODUCT_CONTEXT('3D Mechanical Parts',#1528,'mechanical');
#1530=PRODUCT('Document','Document','Rhino converted to STEP',(#1529));
#1531=(
LENGTH_UNIT()
NAMED_UNIT(*)
SI_UNIT(.MILLI.,.METRE.)
);
#1532=(
NAMED_UNIT(*)
PLANE_ANGLE_UNIT()
SI_UNIT($,.RADIAN.)
);
#1533=DIMENSIONAL_EXPONENTS(0.,0.,0.,0.,0.,0.,0.);
#1534=PLANE_ANGLE_MEASURE_WITH_UNIT(PLANE_ANGLE_MEASURE(0.01745329252),
#1532);
#1535=(
CONVERSION_BASED_UNIT('DEGREES',#1534)
NAMED_UNIT(#1533)
PLANE_ANGLE_UNIT()
);
#1536=(
NAMED_UNIT(*)
SI_UNIT($,.STERADIAN.)
SOLID_ANGLE_UNIT()
);
#1537=UNCERTAINTY_MEASURE_WITH_UNIT(LENGTH_MEASURE(0.001),#1531,
'DISTANCE_ACCURACY_VALUE',
'Maximum model space distance between geometric entities at asserted c
onnectivities');
#1538=(
GEOMETRIC_REPRESENTATION_CONTEXT(3)
GLOBAL_UNCERTAINTY_ASSIGNED_CONTEXT((#1537))
GLOBAL_UNIT_ASSIGNED_CONTEXT((#1536,#1535,#1531))
REPRESENTATION_CONTEXT('ID1','3D')
);
#1539=SHAPE_REPRESENTATION('Document',(#1540,#1631),#1538);
#1540=AXIS2_PLACEMENT_3D('',#1726,#1632,#1633);
#1541=AXIS2_PLACEMENT_3D('',#1727,#1634,$);
#1542=AXIS2_PLACEMENT_3D('',#1728,#1635,$);
#1543=AXIS2_PLACEMENT_3D('',#1729,#1636,$);
#1544=AXIS2_PLACEMENT_3D('',#1730,#1637,$);
#1545=AXIS2_PLACEMENT_3D('',#1731,#1638,$);
#1546=AXIS2_PLACEMENT_3D('',#1732,#1639,$);
#1547=AXIS2_PLACEMENT_3D('',#1733,#1640,$);
#1548=AXIS2_PLACEMENT_3D('',#1734,#1641,$);
#1549=AXIS2_PLACEMENT_3D('',#1735,#1642,$);
#1550=AXIS2_PLACEMENT_3D('',#1736,#1643,$);
#1551=AXIS2_PLACEMENT_3D('',#1737,#1644,$);
#1552=AXIS2_PLACEMENT_3D('',#1738,#1645,$);
#1553=AXIS2_PLACEMENT_3D('',#1739,#1646,$);
#1554=AXIS2_PLACEMENT_3D('',#1740,#1647,$);
#1555=AXIS2_PLACEMENT_3D('',#1741,#1648,$);
#1556=AXIS2_PLACEMENT_3D('',#1742,#1649,$);
#1557=AXIS2_PLACEMENT_3D('',#1743,#1650,$);
#1558=AXIS2_PLACEMENT_3D('',#1744,#1651,$);
#1559=AXIS2_PLACEMENT_3D('',#1745,#1652,$);
#1560=AXIS2_PLACEMENT_3D('',#1746,#1653,$);
#1561=AXIS2_PLACEMENT_3D('',#1747,#1654,$);
#1562=AXIS2_PLACEMENT_3D('',#1748,#1655,$);
#1563=AXIS2_PLACEMENT_3D('',#1749,#1656,$);
#1564=AXIS2_PLACEMENT_3D('',#1750,#1657,$);
#1565=AXIS2_PLACEMENT_3D('',#1751,#1658,$);
#1566=AXIS2_PLACEMENT_3D('',#1752,#1659,$);
#1567=AXIS2_PLACEMENT_3D('',#1897,#1660,$);
#1568=AXIS2_PLACEMENT_3D('',#1898,#1661,$);
#1569=AXIS2_PLACEMENT_3D('',#1899,#1662,$);
#1570=AXIS2_PLACEMENT_3D('',#1900,#1663,$);
#1571=AXIS2_PLACEMENT_3D('',#1901,#1664,$);
#1572=AXIS2_PLACEMENT_3D('',#1902,#1665,$);
#1573=AXIS2_PLACEMENT_3D('',#1903,#1666,$);
#1574=AXIS2_PLACEMENT_3D('',#1904,#1667,$);
#1575=AXIS2_PLACEMENT_3D('',#1953,#1668,$);
#1576=AXIS2_PLACEMENT_3D('',#1954,#1669,$);
#1577=AXIS2_PLACEMENT_3D('',#1955,#1670,$);
#1578=AXIS2_PLACEMENT_3D('',#1974,#1671,$);
#1579=AXIS2_PLACEMENT_3D('',#1975,#1672,$);
#1580=AXIS2_PLACEMENT_3D('',#1976,#1673,$);
#1581=AXIS2_PLACEMENT_3D('',#1977,#1674,$);
#1582=AXIS2_PLACEMENT_3D('',#1978,#1675,$);
#1583=AXIS2_PLACEMENT_3D('',#1979,#1676,$);
#1584=AXIS2_PLACEMENT_3D('',#1980,#1677,$);
#1585=AXIS2_PLACEMENT_3D('',#1981,#1678,$);
#1586=AXIS2_PLACEMENT_3D('',#1982,#1679,$);
#1587=AXIS2_PLACEMENT_3D('',#1983,#1680,$);
#1588=AXIS2_PLACEMENT_3D('',#2002,#1681,$);
#1589=AXIS2_PLACEMENT_3D('',#2003,#1682,$);
#1590=AXIS2_PLACEMENT_3D('',#2022,#1683,$);
#1591=AXIS2_PLACEMENT_3D('',#2023,#1684,$);
#1592=AXIS2_PLACEMENT_3D('',#2024,#1685,$);
#1593=AXIS2_PLACEMENT_3D('',#2025,#1686,$);
#1594=AXIS2_PLACEMENT_3D('',#2036,#1687,$);
#1595=AXIS2_PLACEMENT_3D('',#2037,#1688,$);
#1596=AXIS2_PLACEMENT_3D('',#2038,#1689,$);
#1597=AXIS2_PLACEMENT_3D('',#2039,#1690,$);
#1598=AXIS2_PLACEMENT_3D('',#2040,#1691,$);
#1599=AXIS2_PLACEMENT_3D('',#2041,#1692,$);
#1600=AXIS2_PLACEMENT_3D('',#2042,#1693,$);
#1601=AXIS2_PLACEMENT_3D('',#2043,#1694,$);
#1602=AXIS2_PLACEMENT_3D('',#2044,#1695,$);
#1603=AXIS2_PLACEMENT_3D('',#2045,#1696,$);
#1604=AXIS2_PLACEMENT_3D('',#2046,#1697,$);
#1605=AXIS2_PLACEMENT_3D('',#2047,#1698,$);
#1606=AXIS2_PLACEMENT_3D('',#2048,#1699,$);
#1607=AXIS2_PLACEMENT_3D('',#2347,#1700,$);
#1608=AXIS2_PLACEMENT_3D('',#2348,#1701,$);
#1609=AXIS2_PLACEMENT_3D('',#2349,#1702,$);
#1610=AXIS2_PLACEMENT_3D('',#2350,#1703,$);
#1611=AXIS2_PLACEMENT_3D('',#2351,#1704,$);
#1612=AXIS2_PLACEMENT_3D('',#2352,#1705,$);
#1613=AXIS2_PLACEMENT_3D('',#2353,#1706,$);
#1614=AXIS2_PLACEMENT_3D('',#2354,#1707,$);
#1615=AXIS2_PLACEMENT_3D('',#2355,#1708,$);
#1616=AXIS2_PLACEMENT_3D('',#2356,#1709,$);
#1617=AXIS2_PLACEMENT_3D('',#2357,#1710,$);
#1618=AXIS2_PLACEMENT_3D('',#2358,#1711,$);
#1619=AXIS2_PLACEMENT_3D('',#2359,#1712,$);
#1620=AXIS2_PLACEMENT_3D('',#2440,#1713,$);
#1621=AXIS2_PLACEMENT_3D('',#2441,#1714,$);
#1622=AXIS2_PLACEMENT_3D('',#2442,#1715,$);
#1623=AXIS2_PLACEMENT_3D('',#2491,#1716,$);
#1624=AXIS2_PLACEMENT_3D('',#2492,#1717,$);
#1625=AXIS2_PLACEMENT_3D('',#2493,#1718,$);
#1626=AXIS2_PLACEMENT_3D('',#2494,#1719,$);
#1627=AXIS2_PLACEMENT_3D('',#2495,#1720,$);
#1628=AXIS2_PLACEMENT_3D('',#2496,#1721,$);
#1629=AXIS2_PLACEMENT_3D('',#2497,#1722,$);
#1630=AXIS2_PLACEMENT_3D('',#2498,#1723,$);
#1631=AXIS2_PLACEMENT_3D('',#2547,#1724,#1725);
#1632=DIRECTION('',(0.,0.,1.));
#1633=DIRECTION('',(1.,0.,0.));
#1634=DIRECTION('',(0.,1.,0.));
#1635=DIRECTION('',(0.,-1.,0.));
#1636=DIRECTION('',(-0.386384808213483,-0.922337671344844,0.));
#1637=DIRECTION('',(0.922337671344844,-0.386384808213484,0.));
#1638=DIRECTION('',(0.386384808213483,0.922337671344844,0.));
#1639=DIRECTION('',(0.,0.,1.));
#1640=DIRECTION('',(0.,0.,-1.));
#1641=DIRECTION('',(0.,-0.707106781186548,0.707106781186547));
#1642=DIRECTION('',(0.,0.707106781186548,0.707106781186547));
#1643=DIRECTION('',(0.378975903916529,-0.925406539986967,0.));
#1644=DIRECTION('',(-0.273215318035218,-0.65219122195175,0.707106781186546));
#1645=DIRECTION('',(0.273215318035218,0.652191221951749,0.707106781186546));
#1646=DIRECTION('',(0.925406539986966,0.378975903916531,0.));
#1647=DIRECTION('',(0.30943252980184,-0.755591275867517,0.577350269189623));
#1648=DIRECTION('',(0.755591275867517,0.309432529801842,0.577350269189623));
#1649=DIRECTION('',(0.652191221951749,-0.273215318035218,0.707106781186547));
#1650=DIRECTION('',(0.386384808213484,-0.922337671344844,0.));
#1651=DIRECTION('',(-0.922337671344844,-0.386384808213484,0.));
#1652=DIRECTION('',(-0.386384808213484,0.922337671344844,0.));
#1653=DIRECTION('',(-0.378975903916528,-0.925406539986967,0.));
#1654=DIRECTION('',(0.273215318035219,-0.65219122195175,0.707106781186546));
#1655=DIRECTION('',(-0.273215318035218,0.652191221951749,0.707106781186547));
#1656=DIRECTION('',(-0.925406539986967,0.37897590391653,0.));
#1657=DIRECTION('',(-0.30943252980184,-0.755591275867517,0.577350269189623));
#1658=DIRECTION('',(-0.755591275867517,0.309432529801841,0.577350269189623));
#1659=DIRECTION('',(-0.652191221951749,-0.273215318035218,0.707106781186547));
#1660=DIRECTION('',(0.,0.,1.));
#1661=DIRECTION('',(-3.55267356385871E-18,-0.999988708647694,0.00475211291084599));
#1662=DIRECTION('',(0.,0.,-1.));
#1663=DIRECTION('',(0.,0.673606396289433,-0.739090267070243));
#1664=DIRECTION('',(-1.,0.,0.));
#1665=DIRECTION('',(1.,0.,0.));
#1666=DIRECTION('',(-0.707106781186551,0.476311650666889,-0.522615739754343));
#1667=DIRECTION('',(-0.707106781186547,-0.707098796994764,0.00336025126422335));
#1668=DIRECTION('',(-1.,0.,0.));
#1669=DIRECTION('',(1.,0.,0.));
#1670=DIRECTION('',(-1.,0.,0.));
#1671=DIRECTION('',(0.,-1.,0.));
#1672=DIRECTION('',(1.,0.,0.));
#1673=DIRECTION('',(0.,0.,1.));
#1674=DIRECTION('',(0.,-0.0923141590257953,-0.995729931278236));
#1675=DIRECTION('',(0.,1.,0.));
#1676=DIRECTION('',(0.,0.,-1.));
#1677=DIRECTION('',(0.,-1.,0.));
#1678=DIRECTION('',(-1.,0.,0.));
#1679=DIRECTION('',(0.,1.,0.));
#1680=DIRECTION('',(0.,0.0845331239722542,0.996420669672951));
#1681=DIRECTION('',(0.,0.0845331239722542,-0.996420669672951));
#1682=DIRECTION('',(0.,1.,0.));
#1683=DIRECTION('',(1.,0.,0.));
#1684=DIRECTION('',(0.,-1.,0.));
#1685=DIRECTION('',(0.,-0.0923141590257953,0.995729931278236));
#1686=DIRECTION('',(1.,0.,0.));
#1687=DIRECTION('',(-1.,0.,0.));
#1688=DIRECTION('',(-1.,0.,0.));
#1689=DIRECTION('',(0.,-1.,0.));
#1690=DIRECTION('',(0.,1.,0.));
#1691=DIRECTION('',(0.,0.,1.));
#1692=DIRECTION('',(0.,0.,-1.));
#1693=DIRECTION('',(0.,-0.707106781186547,0.707106781186547));
#1694=DIRECTION('',(-0.707106781186547,-0.707106781186547,0.));
#1695=DIRECTION('',(-0.577350269189626,-0.577350269189626,0.577350269189626));
#1696=DIRECTION('',(-0.707106781186547,0.,0.707106781186547));
#1697=DIRECTION('',(-0.707106781186547,0.707106781186548,0.));
#1698=DIRECTION('',(-0.577350269189626,0.577350269189626,0.577350269189626));
#1699=DIRECTION('',(0.,0.707106781186547,0.707106781186547));
#1700=DIRECTION('',(0.,0.,-1.));
#1701=DIRECTION('',(0.,1.,0.));
#1702=DIRECTION('',(0.,0.,1.));
#1703=DIRECTION('',(0.,-1.,0.));
#1704=DIRECTION('',(1.,0.,0.));
#1705=DIRECTION('',(-1.,0.,0.));
#1706=DIRECTION('',(0.,0.707106781186547,0.707106781186548));
#1707=DIRECTION('',(0.707106781186547,0.707106781186547,0.));
#1708=DIRECTION('',(0.577350269189626,0.577350269189626,0.577350269189626));
#1709=DIRECTION('',(0.,-0.707106781186547,0.707106781186547));
#1710=DIRECTION('',(0.707106781186547,0.,0.707106781186547));
#1711=DIRECTION('',(0.577350269189626,-0.577350269189626,0.577350269189626));
#1712=DIRECTION('',(0.707106781186547,-0.707106781186547,0.));
#1713=DIRECTION('',(1.,0.,0.));
#1714=DIRECTION('',(-0.925508395020484,0.37872709270213,0.));
#1715=DIRECTION('',(-0.842271558985037,-0.539053449042779,0.));
#1716=DIRECTION('',(0.,0.,1.));
#1717=DIRECTION('',(3.55267356385871E-18,-0.999988708647694,0.00475211291084599));
#1718=DIRECTION('',(0.,0.,-1.));
#1719=DIRECTION('',(0.,0.673606396289433,-0.739090267070243));
#1720=DIRECTION('',(-1.,0.,0.));
#1721=DIRECTION('',(1.,0.,0.));
#1722=DIRECTION('',(0.707106781186547,-0.707098796994764,0.00336025126422333));
#1723=DIRECTION('',(0.707106781186551,0.476311650666889,-0.522615739754343));
#1724=DIRECTION('',(0.,0.,1.));
#1725=DIRECTION('',(1.,0.,0.));
#1726=CARTESIAN_POINT('',(0.,0.,0.));
#1727=CARTESIAN_POINT('',(-646.2,-51.4263543586818,-636.31063039535));
#1728=CARTESIAN_POINT('',(-644.933716595148,-56.6763543586818,-636.31063039535));
#1729=CARTESIAN_POINT('',(630.660619180932,-305.604687701811,-636.31063039535));
#1730=CARTESIAN_POINT('',(307.931984285791,485.150077427739,-636.31063039535));
#1731=CARTESIAN_POINT('',(632.786467831294,-300.803187649794,-636.31063039535));
#1732=CARTESIAN_POINT('',(-689.268067386524,549.115269104713,5.91436960465035));
#1733=CARTESIAN_POINT('',(-691.758379099155,551.797795080765,-31.5856303953496));
#1734=CARTESIAN_POINT('',(645.476409482942,371.262714353246,431.603438316579));
#1735=CARTESIAN_POINT('',(-646.2,374.262714353246,-422.024699107278));
#1736=CARTESIAN_POINT('',(632.162414712962,157.637372351893,608.38936960465));
#1737=CARTESIAN_POINT('',(800.21489045028,96.629867370045,440.173647050241));
#1738=CARTESIAN_POINT('',(-353.683196816615,583.412138874072,-430.723843445393));
#1739=CARTESIAN_POINT('',(-153.839905189084,490.161311424568,-636.31063039535));
#1740=CARTESIAN_POINT('',(-500.658936650447,147.550713473234,597.602579066069));
#1741=CARTESIAN_POINT('',(292.123413269662,505.865559413186,-588.394586993567));
#1742=CARTESIAN_POINT('',(-86.7193160759677,651.520258742371,431.949041573227));
#1743=CARTESIAN_POINT('',(-630.660619180932,-305.604687701812,608.38936960465));
#1744=CARTESIAN_POINT('',(-307.931984285791,485.150077427739,608.38936960465));
#1745=CARTESIAN_POINT('',(-632.786467831294,-300.803187649795,608.38936960465));
#1746=CARTESIAN_POINT('',(484.755985672364,-299.767175916151,608.38936960465));
#1747=CARTESIAN_POINT('',(-463.79428609457,-706.438447475372,-430.514323088157));
#1748=CARTESIAN_POINT('',(690.203438689923,-219.894020301675,440.221997901911));
#1749=CARTESIAN_POINT('',(-303.564643078962,-626.757088960757,-636.31063039535));
#1750=CARTESIAN_POINT('',(-647.86666270158,444.515079724227,370.690937454158));
#1751=CARTESIAN_POINT('',(-589.087779520656,-642.66003993884,-361.482945381655));
#1752=CARTESIAN_POINT('',(-701.25159819588,321.424242882145,-422.370302363926));
#1753=CARTESIAN_POINT('',(37.5,-51.4263543586818,-31.5856303953496));
#1754=CARTESIAN_POINT('',(-37.5,-51.4263543586818,-31.5856303953496));
#1755=CARTESIAN_POINT('',(-37.5,-51.4263543586818,3.66436960465035));
#1756=CARTESIAN_POINT('',(37.5,-51.4263543586818,3.66436960465035));
#1757=CARTESIAN_POINT('',(36.4447638292903,-56.6763543586818,3.66436960465034));
#1758=CARTESIAN_POINT('',(36.4447638292903,-56.6763543586818,-31.5856303953496));
#1759=CARTESIAN_POINT('',(-36.4447638292904,-56.6763543586818,3.66436960465035));
#1760=CARTESIAN_POINT('',(-36.4447638292904,-56.6763543586818,-31.5856303953496));
#1761=CARTESIAN_POINT('',(72.230901730796,-71.6678487531516,3.66436960465035));
#1762=CARTESIAN_POINT('',(72.230901730796,-71.6678487531516,-31.5856303953496));
#1763=CARTESIAN_POINT('',(75.1755273098022,-70.4619548111061,3.66436960465034));
#1764=CARTESIAN_POINT('',(75.4653159159624,-69.7702015575975,3.66436960465034));
#1765=CARTESIAN_POINT('',(75.1755273098022,-70.461954811106,-31.5856303953496));
#1766=CARTESIAN_POINT('',(75.4653159159624,-69.7702015575975,-31.5856303953496));
#1767=CARTESIAN_POINT('',(74.2594219739168,-66.8255759785912,3.66436960465035));
#1768=CARTESIAN_POINT('',(74.2594219739168,-66.8255759785912,-31.5856303953496));
#1769=CARTESIAN_POINT('',(37.0477559268388,-53.6763543586818,5.91436960465034));
#1770=CARTESIAN_POINT('',(-37.0477559268387,-53.6763543586818,5.91436960465036));
#1771=CARTESIAN_POINT('',(-73.3900561554365,-68.9008357391171,5.91436960465034));
#1772=CARTESIAN_POINT('',(-73.1002675492764,-69.5925889926257,5.91436960465036));
#1773=CARTESIAN_POINT('',(-36.8970079024516,-54.4263543586818,5.91436960465034));
#1774=CARTESIAN_POINT('',(36.8970079024516,-54.4263543586818,5.91436960465034));
#1775=CARTESIAN_POINT('',(73.1002675492764,-69.5925889926257,5.91436960465035));
#1776=CARTESIAN_POINT('',(73.3900561554365,-68.9008357391171,5.91436960465034));
#1777=CARTESIAN_POINT('',(-74.2594219739168,-66.8255759785912,-31.5856303953496));
#1778=CARTESIAN_POINT('',(-72.230901730796,-71.6678487531516,-31.5856303953496));
#1779=CARTESIAN_POINT('',(-75.1755273098023,-70.4619548111061,-31.5856303953496));
#1780=CARTESIAN_POINT('',(-75.4653159159624,-69.7702015575975,-31.5856303953496));
#1781=CARTESIAN_POINT('',(-72.230901730796,-71.6678487531516,3.66436960465037));
#1782=CARTESIAN_POINT('',(-75.4653159159624,-69.7702015575975,3.66436960465034));
#1783=CARTESIAN_POINT('',(-75.1755273098023,-70.4619548111061,3.66436960465034));
#1784=CARTESIAN_POINT('',(-74.2594219739168,-66.8255759785912,3.66436960465035));
#1785=CARTESIAN_POINT('',(37.5,-51.4263543586818,-31.5856303953496));
#1786=CARTESIAN_POINT('',(-37.5,-51.4263543586818,-31.5856303953496));
#1787=CARTESIAN_POINT('',(-37.5,-51.4263543586818,-31.5856303953496));
#1788=CARTESIAN_POINT('',(-37.5,-51.4263543586818,3.66436960465035));
#1789=CARTESIAN_POINT('',(-37.5,-51.4263543586818,3.66436960465035));
#1790=CARTESIAN_POINT('',(37.5,-51.4263543586818,3.66436960465035));
#1791=CARTESIAN_POINT('',(37.5,-51.4263543586818,3.66436960465035));
#1792=CARTESIAN_POINT('',(37.5,-51.4263543586818,-31.5856303953496));
#1793=CARTESIAN_POINT('',(36.4447638292903,-56.6763543586818,3.66436960465034));
#1794=CARTESIAN_POINT('',(36.4447638292903,-56.6763543586818,-31.5856303953496));
#1795=CARTESIAN_POINT('',(-36.4447638292904,-56.6763543586818,3.66436960465035));
#1796=CARTESIAN_POINT('',(36.4447638292903,-56.6763543586818,3.66436960465034));
#1797=CARTESIAN_POINT('',(-36.4447638292904,-56.6763543586818,-31.5856303953496));
#1798=CARTESIAN_POINT('',(-36.4447638292904,-56.6763543586818,3.66436960465035));
#1799=CARTESIAN_POINT('',(36.4447638292903,-56.6763543586818,-31.5856303953496));
#1800=CARTESIAN_POINT('',(-36.4447638292904,-56.6763543586818,-31.5856303953496));
#1801=CARTESIAN_POINT('',(72.230901730796,-71.6678487531516,3.66436960465035));
#1802=CARTESIAN_POINT('',(72.230901730796,-71.6678487531516,-31.5856303953496));
#1803=CARTESIAN_POINT('',(36.4447638292903,-56.6763543586818,3.66436960465034));
#1804=CARTESIAN_POINT('',(72.230901730796,-71.6678487531516,3.66436960465035));
#1805=CARTESIAN_POINT('',(72.230901730796,-71.6678487531516,-31.5856303953496));
#1806=CARTESIAN_POINT('',(36.4447638292903,-56.6763543586818,-31.5856303953496));
#1807=CARTESIAN_POINT('',(75.1755273098022,-70.4619548111061,3.66436960465034));
#1808=CARTESIAN_POINT('',(75.4653159159624,-69.7702015575975,3.66436960465034));
#1809=CARTESIAN_POINT('',(75.1755273098022,-70.461954811106,-31.5856303953496));
#1810=CARTESIAN_POINT('',(75.1755273098022,-70.4619548111061,3.66436960465034));
#1811=CARTESIAN_POINT('',(75.4653159159624,-69.7702015575975,-31.5856303953496));
#1812=CARTESIAN_POINT('',(75.1755273098022,-70.461954811106,-31.5856303953496));
#1813=CARTESIAN_POINT('',(75.4653159159624,-69.7702015575975,3.66436960465034));
#1814=CARTESIAN_POINT('',(75.4653159159624,-69.7702015575975,-31.5856303953496));
#1815=CARTESIAN_POINT('',(37.5,-51.4263543586818,3.66436960465035));
#1816=CARTESIAN_POINT('',(74.2594219739168,-66.8255759785912,3.66436960465035));
#1817=CARTESIAN_POINT('',(74.2594219739168,-66.8255759785912,3.66436960465035));
#1818=CARTESIAN_POINT('',(74.2594219739168,-66.8255759785912,-31.5856303953496));
#1819=CARTESIAN_POINT('',(74.2594219739168,-66.8255759785912,-31.5856303953496));
#1820=CARTESIAN_POINT('',(37.5,-51.4263543586818,-31.5856303953496));
#1821=CARTESIAN_POINT('',(37.0477559268388,-53.6763543586818,5.91436960465034));
#1822=CARTESIAN_POINT('',(-37.0477559268387,-53.6763543586818,5.91436960465036));
#1823=CARTESIAN_POINT('',(-36.8970079024516,-54.4263543586818,5.91436960465034));
#1824=CARTESIAN_POINT('',(36.8970079024516,-54.4263543586818,5.91436960465034));
#1825=CARTESIAN_POINT('',(36.4447638292903,-56.6763543586818,3.66436960465034));
#1826=CARTESIAN_POINT('',(36.8970079024516,-54.4263543586818,5.91436960465034));
#1827=CARTESIAN_POINT('',(-37.0477559268387,-53.6763543586818,5.91436960465036));
#1828=CARTESIAN_POINT('',(-37.5,-51.4263543586818,3.66436960465035));
#1829=CARTESIAN_POINT('',(37.5,-51.4263543586818,3.66436960465035));
#1830=CARTESIAN_POINT('',(37.0477559268388,-53.6763543586818,5.91436960465034));
#1831=CARTESIAN_POINT('',(72.230901730796,-71.6678487531516,-31.5856303953496));
#1832=CARTESIAN_POINT('',(75.1755273098022,-70.461954811106,-31.5856303953496));
#1833=CARTESIAN_POINT('',(72.230901730796,-71.6678487531516,3.66436960465035));
#1834=CARTESIAN_POINT('',(75.1755273098022,-70.4619548111061,3.66436960465034));
#1835=CARTESIAN_POINT('',(72.230901730796,-71.6678487531516,3.66436960465035));
#1836=CARTESIAN_POINT('',(73.1002675492764,-69.5925889926257,5.91436960465035));
#1837=CARTESIAN_POINT('',(36.8970079024516,-54.4263543586818,5.91436960465034));
#1838=CARTESIAN_POINT('',(73.1002675492764,-69.5925889926257,5.91436960465035));
#1839=CARTESIAN_POINT('',(73.3900561554365,-68.9008357391171,5.91436960465034));
#1840=CARTESIAN_POINT('',(37.0477559268388,-53.6763543586818,5.91436960465034));
#1841=CARTESIAN_POINT('',(74.2594219739168,-66.8255759785912,3.66436960465035));
#1842=CARTESIAN_POINT('',(73.3900561554365,-68.9008357391171,5.91436960465034));
#1843=CARTESIAN_POINT('',(75.4653159159624,-69.7702015575975,-31.5856303953496));
#1844=CARTESIAN_POINT('',(74.2594219739168,-66.8255759785912,-31.5856303953496));
#1845=CARTESIAN_POINT('',(75.4653159159624,-69.7702015575975,3.66436960465034));
#1846=CARTESIAN_POINT('',(74.2594219739168,-66.8255759785912,3.66436960465035));
#1847=CARTESIAN_POINT('',(75.1755273098022,-70.4619548111061,3.66436960465034));
#1848=CARTESIAN_POINT('',(73.1002675492764,-69.5925889926257,5.91436960465035));
#1849=CARTESIAN_POINT('',(73.3900561554365,-68.9008357391171,5.91436960465034));
#1850=CARTESIAN_POINT('',(75.4653159159624,-69.7702015575975,3.66436960465034));
#1851=CARTESIAN_POINT('',(73.1002675492764,-69.5925889926257,5.91436960465035));
#1852=CARTESIAN_POINT('',(73.3900561554365,-68.9008357391171,5.91436960465034));
#1853=CARTESIAN_POINT('',(-72.230901730796,-71.6678487531516,-31.5856303953496));
#1854=CARTESIAN_POINT('',(-72.230901730796,-71.6678487531516,3.66436960465037));
#1855=CARTESIAN_POINT('',(-72.230901730796,-71.6678487531516,-31.5856303953496));
#1856=CARTESIAN_POINT('',(-36.4447638292904,-56.6763543586818,-31.5856303953496));
#1857=CARTESIAN_POINT('',(-72.230901730796,-71.6678487531516,3.66436960465037));
#1858=CARTESIAN_POINT('',(-36.4447638292904,-56.6763543586818,3.66436960465035));
#1859=CARTESIAN_POINT('',(-75.4653159159624,-69.7702015575975,3.66436960465034));
#1860=CARTESIAN_POINT('',(-75.1755273098023,-70.4619548111061,3.66436960465034));
#1861=CARTESIAN_POINT('',(-75.4653159159624,-69.7702015575975,-31.5856303953496));
#1862=CARTESIAN_POINT('',(-75.4653159159624,-69.7702015575975,3.66436960465034));
#1863=CARTESIAN_POINT('',(-75.4653159159624,-69.7702015575975,-31.5856303953496));
#1864=CARTESIAN_POINT('',(-75.1755273098023,-70.4619548111061,-31.5856303953496));
#1865=CARTESIAN_POINT('',(-75.1755273098023,-70.4619548111061,3.66436960465034));
#1866=CARTESIAN_POINT('',(-75.1755273098023,-70.4619548111061,-31.5856303953496));
#1867=CARTESIAN_POINT('',(-37.5,-51.4263543586818,-31.5856303953496));
#1868=CARTESIAN_POINT('',(-74.2594219739168,-66.8255759785912,-31.5856303953496));
#1869=CARTESIAN_POINT('',(-74.2594219739168,-66.8255759785912,-31.5856303953496));
#1870=CARTESIAN_POINT('',(-74.2594219739168,-66.8255759785912,3.66436960465035));
#1871=CARTESIAN_POINT('',(-74.2594219739168,-66.8255759785912,3.66436960465035));
#1872=CARTESIAN_POINT('',(-37.5,-51.4263543586818,3.66436960465035));
#1873=CARTESIAN_POINT('',(-75.1755273098023,-70.4619548111061,-31.5856303953496));
#1874=CARTESIAN_POINT('',(-72.230901730796,-71.6678487531516,-31.5856303953496));
#1875=CARTESIAN_POINT('',(-75.1755273098023,-70.4619548111061,3.66436960465034));
#1876=CARTESIAN_POINT('',(-72.230901730796,-71.6678487531516,3.66436960465037));
#1877=CARTESIAN_POINT('',(-36.4447638292904,-56.6763543586818,3.66436960465035));
#1878=CARTESIAN_POINT('',(-36.8970079024516,-54.4263543586818,5.91436960465034));
#1879=CARTESIAN_POINT('',(-73.1002675492764,-69.5925889926257,5.91436960465036));
#1880=CARTESIAN_POINT('',(-36.8970079024516,-54.4263543586818,5.91436960465034));
#1881=CARTESIAN_POINT('',(-72.230901730796,-71.6678487531516,3.66436960465037));
#1882=CARTESIAN_POINT('',(-73.1002675492764,-69.5925889926257,5.91436960465036));
#1883=CARTESIAN_POINT('',(-73.3900561554365,-68.9008357391171,5.91436960465034));
#1884=CARTESIAN_POINT('',(-74.2594219739168,-66.8255759785912,3.66436960465035));
#1885=CARTESIAN_POINT('',(-37.0477559268387,-53.6763543586818,5.91436960465036));
#1886=CARTESIAN_POINT('',(-73.3900561554365,-68.9008357391171,5.91436960465034));
#1887=CARTESIAN_POINT('',(-74.2594219739168,-66.8255759785912,-31.5856303953496));
#1888=CARTESIAN_POINT('',(-75.4653159159624,-69.7702015575975,-31.5856303953496));
#1889=CARTESIAN_POINT('',(-75.4653159159624,-69.7702015575975,3.66436960465034));
#1890=CARTESIAN_POINT('',(-74.2594219739168,-66.8255759785912,3.66436960465035));
#1891=CARTESIAN_POINT('',(-73.1002675492764,-69.5925889926257,5.91436960465036));
#1892=CARTESIAN_POINT('',(-75.1755273098023,-70.4619548111061,3.66436960465034));
#1893=CARTESIAN_POINT('',(-73.3900561554365,-68.9008357391171,5.91436960465034));
#1894=CARTESIAN_POINT('',(-73.1002675492764,-69.5925889926257,5.91436960465036));
#1895=CARTESIAN_POINT('',(-73.3900561554365,-68.9008357391171,5.91436960465034));
#1896=CARTESIAN_POINT('',(-75.4653159159624,-69.7702015575975,3.66436960465034));
#1897=CARTESIAN_POINT('',(-643.66442551003,-660.561189999037,-16.5856303953496));
#1898=CARTESIAN_POINT('',(-643.11442551003,-57.9611874626218,-634.284530955977));
#1899=CARTESIAN_POINT('',(-643.66442551003,575.766836953438,-31.5856303953496));
#1900=CARTESIAN_POINT('',(-643.11442551003,434.681240058928,390.220129188457));
#1901=CARTESIAN_POINT('',(-41.9844255100298,-660.015367213451,-634.28563039535));
#1902=CARTESIAN_POINT('',(-37.1844255100298,-660.63960074743,-634.28563039535));
#1903=CARTESIAN_POINT('',(-474.397924623604,143.108485019832,710.219237379979));
#1904=CARTESIAN_POINT('',(-467.544107731091,368.093682839322,-636.309452278296));
#1905=CARTESIAN_POINT('',(-41.9844255100298,-54.5257737517858,-16.5856303953496));
#1906=CARTESIAN_POINT('',(-41.9844255100298,-12.4139466190574,-16.5856303953496));
#1907=CARTESIAN_POINT('',(-41.4844255100298,-55.0257793975257,-16.5856303953496));
#1908=CARTESIAN_POINT('',(-37.1844255100298,-55.0257793975257,-16.5856303953496));
#1909=CARTESIAN_POINT('',(-37.1844255100298,-11.6716733824102,-16.5856303953496));
#1910=CARTESIAN_POINT('',(-41.4844255100298,-11.6716733824102,-16.5856303953496));
#1911=CARTESIAN_POINT('',(-41.4844255100298,-55.0970618960642,-31.5856303953496));
#1912=CARTESIAN_POINT('',(-37.1844255100298,-55.0970618960642,-31.5856303953496));
#1913=CARTESIAN_POINT('',(-41.9844255100298,-54.5970562503243,-31.5856303953496));
#1914=CARTESIAN_POINT('',(-41.9844255100298,-28.8721543604371,-31.5856303953496));
#1915=CARTESIAN_POINT('',(-41.4844255100298,-28.12988112379,-31.5856303953497));
#1916=CARTESIAN_POINT('',(-37.1844255100298,-28.12988112379,-31.5856303953497));
#1917=CARTESIAN_POINT('',(-41.9844255100298,-54.5257737517858,-16.5856303953496));
#1918=CARTESIAN_POINT('',(-41.9844255100298,-12.4139466190574,-16.5856303953496));
#1919=CARTESIAN_POINT('',(-41.4844255100298,-55.0257793975257,-16.5856303953496));
#1920=CARTESIAN_POINT('',(-41.9844255100298,-54.5257737517858,-16.5856303953496));
#1921=CARTESIAN_POINT('',(-37.1844255100298,-55.0257793975257,-16.5856303953496));
#1922=CARTESIAN_POINT('',(-41.4844255100298,-55.0257793975257,-16.5856303953496));
#1923=CARTESIAN_POINT('',(-37.1844255100298,-11.6716733824102,-16.5856303953496));
#1924=CARTESIAN_POINT('',(-37.1844255100298,-55.0257793975257,-16.5856303953496));
#1925=CARTESIAN_POINT('',(-41.4844255100298,-11.6716733824102,-16.5856303953496));
#1926=CARTESIAN_POINT('',(-37.1844255100298,-11.6716733824102,-16.5856303953496));
#1927=CARTESIAN_POINT('',(-41.9844255100298,-12.4139466190574,-16.5856303953496));
#1928=CARTESIAN_POINT('',(-41.4844255100298,-11.6716733824102,-16.5856303953496));
#1929=CARTESIAN_POINT('',(-41.4844255100298,-55.0970618960642,-31.5856303953496));
#1930=CARTESIAN_POINT('',(-41.4844255100298,-55.0257793975257,-16.5856303953496));
#1931=CARTESIAN_POINT('',(-37.1844255100298,-55.0970618960642,-31.5856303953496));
#1932=CARTESIAN_POINT('',(-41.4844255100298,-55.0970618960642,-31.5856303953496));
#1933=CARTESIAN_POINT('',(-37.1844255100298,-55.0257793975257,-16.5856303953496));
#1934=CARTESIAN_POINT('',(-37.1844255100298,-55.0970618960642,-31.5856303953496));
#1935=CARTESIAN_POINT('',(-41.9844255100298,-54.5970562503243,-31.5856303953496));
#1936=CARTESIAN_POINT('',(-41.4844255100298,-55.0970618960642,-31.5856303953496));
#1937=CARTESIAN_POINT('',(-41.9844255100298,-28.8721543604371,-31.5856303953496));
#1938=CARTESIAN_POINT('',(-41.9844255100298,-54.5970562503243,-31.5856303953496));
#1939=CARTESIAN_POINT('',(-41.4844255100298,-28.12988112379,-31.5856303953497));
#1940=CARTESIAN_POINT('',(-41.9844255100298,-28.8721543604371,-31.5856303953496));
#1941=CARTESIAN_POINT('',(-37.1844255100298,-28.12988112379,-31.5856303953497));
#1942=CARTESIAN_POINT('',(-41.4844255100298,-28.12988112379,-31.5856303953497));
#1943=CARTESIAN_POINT('',(-37.1844255100298,-55.0970618960642,-31.5856303953496));
#1944=CARTESIAN_POINT('',(-37.1844255100298,-28.12988112379,-31.5856303953497));
#1945=CARTESIAN_POINT('',(-37.1844255100298,-28.12988112379,-31.5856303953497));
#1946=CARTESIAN_POINT('',(-37.1844255100298,-11.6716733824102,-16.5856303953496));
#1947=CARTESIAN_POINT('',(-41.4844255100298,-28.12988112379,-31.5856303953497));
#1948=CARTESIAN_POINT('',(-41.4844255100298,-11.6716733824102,-16.5856303953496));
#1949=CARTESIAN_POINT('',(-41.9844255100298,-28.8721543604371,-31.5856303953496));
#1950=CARTESIAN_POINT('',(-41.9844255100298,-12.4139466190574,-16.5856303953496));
#1951=CARTESIAN_POINT('',(-41.9844255100298,-54.5257737517858,-16.5856303953496));
#1952=CARTESIAN_POINT('',(-41.9844255100298,-54.5970562503243,-31.5856303953496));
#1953=CARTESIAN_POINT('',(-41.0742118366766,577.230509345642,593.763915021624));
#1954=CARTESIAN_POINT('',(-39.4742118366766,592.292342404238,-619.120711201516));
#1955=CARTESIAN_POINT('',(-41.0742118366766,580.730509345642,593.763915021624));
#1956=CARTESIAN_POINT('',(-40.9042118366766,-23.1295854393581,-1.63563039534965));
#1957=CARTESIAN_POINT('',(-40.9042118366766,-25.2295854393581,-1.63563039534965));
#1958=CARTESIAN_POINT('',(-40.9042118366766,-25.2295854393581,-3.73563039534965));
#1959=CARTESIAN_POINT('',(-40.9042118366766,-25.2295854393581,-5.83563039534965));
#1960=CARTESIAN_POINT('',(-40.9042118366766,-23.1295854393581,-5.83563039534964));
#1961=CARTESIAN_POINT('',(-40.9042118366766,-21.0295854393581,-5.83563039534965));
#1962=CARTESIAN_POINT('',(-40.9042118366766,-21.0295854393581,-3.73563039534965));
#1963=CARTESIAN_POINT('',(-40.9042118366766,-21.0295854393581,-1.63563039534965));
#1964=CARTESIAN_POINT('',(-40.9042118366766,-23.1295854393581,-1.63563039534965));
#1965=CARTESIAN_POINT('',(-35.7442118366766,-23.1295854393581,-1.63563039534965));
#1966=CARTESIAN_POINT('',(-35.7442118366766,-25.2295854393581,-1.63563039534965));
#1967=CARTESIAN_POINT('',(-35.7442118366766,-25.2295854393581,-3.73563039534965));
#1968=CARTESIAN_POINT('',(-35.7442118366766,-25.2295854393581,-5.83563039534965));
#1969=CARTESIAN_POINT('',(-35.7442118366766,-23.1295854393581,-5.83563039534964));
#1970=CARTESIAN_POINT('',(-35.7442118366766,-21.0295854393581,-5.83563039534965));
#1971=CARTESIAN_POINT('',(-35.7442118366766,-21.0295854393581,-3.73563039534965));
#1972=CARTESIAN_POINT('',(-35.7442118366766,-21.0295854393581,-1.63563039534965));
#1973=CARTESIAN_POINT('',(-35.7442118366766,-23.1295854393581,-1.63563039534965));
#1974=CARTESIAN_POINT('',(-640.904211836677,-21.0295854393581,597.76626365295));
#1975=CARTESIAN_POINT('',(-37.1742118366766,-623.229683789171,-609.25848658449));
#1976=CARTESIAN_POINT('',(-643.104211836677,-659.951925072846,-3.23482233369025));
#1977=CARTESIAN_POINT('',(-640.904211836677,-620.701070734482,48.8409948647678));
#1978=CARTESIAN_POINT('',(-643.104211836677,-11.6950969647257,-619.070711201516));
#1979=CARTESIAN_POINT('',(-643.654211836677,593.837341954194,-16.5856303953496));
#1980=CARTESIAN_POINT('',(-643.104211836676,-55.0194861539261,598.750258472476));
#1981=CARTESIAN_POINT('',(-41.9742118366766,593.237341954194,-619.070711201516));
#1982=CARTESIAN_POINT('',(-640.904211836677,-25.2295854393581,588.24436960465));
#1983=CARTESIAN_POINT('',(-640.904211836677,575.161637819822,-64.2208902231892));
#1984=CARTESIAN_POINT('',(-40.9042118366766,-37.5194906543581,-8.13563039534965));
#1985=CARTESIAN_POINT('',(-40.9042118366766,-39.5694906543581,-8.13563039534965));
#1986=CARTESIAN_POINT('',(-40.9042118366766,-39.5694906543581,-10.1856303953497));
#1987=CARTESIAN_POINT('',(-40.9042118366766,-39.5694906543581,-12.2356303953497));
#1988=CARTESIAN_POINT('',(-40.9042118366766,-37.5194906543581,-12.2356303953497));
#1989=CARTESIAN_POINT('',(-40.9042118366766,-35.4694906543581,-12.2356303953497));
#1990=CARTESIAN_POINT('',(-40.9042118366766,-35.4694906543581,-10.1856303953497));
#1991=CARTESIAN_POINT('',(-40.9042118366766,-35.4694906543581,-8.13563039534965));
#1992=CARTESIAN_POINT('',(-40.9042118366766,-37.5194906543581,-8.13563039534965));
#1993=CARTESIAN_POINT('',(-35.7442118366766,-37.5194906543581,-8.13563039534965));
#1994=CARTESIAN_POINT('',(-35.7442118366766,-39.5694906543581,-8.13563039534965));
#1995=CARTESIAN_POINT('',(-35.7442118366766,-39.5694906543581,-10.1856303953497));
#1996=CARTESIAN_POINT('',(-35.7442118366766,-39.5694906543581,-12.2356303953497));
#1997=CARTESIAN_POINT('',(-35.7442118366766,-37.5194906543581,-12.2356303953497));
#1998=CARTESIAN_POINT('',(-35.7442118366766,-35.4694906543581,-12.2356303953497));
#1999=CARTESIAN_POINT('',(-35.7442118366766,-35.4694906543581,-10.1856303953497));
#2000=CARTESIAN_POINT('',(-35.7442118366766,-35.4694906543581,-8.13563039534965));
#2001=CARTESIAN_POINT('',(-35.7442118366766,-37.5194906543581,-8.13563039534965));
#2002=CARTESIAN_POINT('',(-640.904211836677,575.161637819822,43.8496294324899));
#2003=CARTESIAN_POINT('',(-640.904211836677,-25.2295854393581,-608.62063039535));
#2004=CARTESIAN_POINT('',(-40.9042118366766,-23.1295854393581,-1.63563039534965));
#2005=CARTESIAN_POINT('',(-40.9042118366766,-25.2295854393581,-1.63563039534965));
#2006=CARTESIAN_POINT('',(-40.9042118366766,-25.2295854393581,-3.73563039534965));
#2007=CARTESIAN_POINT('',(-40.9042118366766,-25.2295854393581,-5.83563039534965));
#2008=CARTESIAN_POINT('',(-40.9042118366766,-23.1295854393581,-5.83563039534964));
#2009=CARTESIAN_POINT('',(-40.9042118366766,-21.0295854393581,-5.83563039534965));
#2010=CARTESIAN_POINT('',(-40.9042118366766,-21.0295854393581,-3.73563039534965));
#2011=CARTESIAN_POINT('',(-40.9042118366766,-21.0295854393581,-1.63563039534965));
#2012=CARTESIAN_POINT('',(-40.9042118366766,-23.1295854393581,-1.63563039534965));
#2013=CARTESIAN_POINT('',(-35.7442118366766,-23.1295854393581,-1.63563039534965));
#2014=CARTESIAN_POINT('',(-35.7442118366766,-25.2295854393581,-1.63563039534965));
#2015=CARTESIAN_POINT('',(-35.7442118366766,-25.2295854393581,-3.73563039534965));
#2016=CARTESIAN_POINT('',(-35.7442118366766,-25.2295854393581,-5.83563039534965));
#2017=CARTESIAN_POINT('',(-35.7442118366766,-23.1295854393581,-5.83563039534964));
#2018=CARTESIAN_POINT('',(-35.7442118366766,-21.0295854393581,-5.83563039534965));
#2019=CARTESIAN_POINT('',(-35.7442118366766,-21.0295854393581,-3.73563039534965));
#2020=CARTESIAN_POINT('',(-35.7442118366766,-21.0295854393581,-1.63563039534965));
#2021=CARTESIAN_POINT('',(-35.7442118366766,-23.1295854393581,-1.63563039534965));
#2022=CARTESIAN_POINT('',(-37.1742118366766,-659.204535271051,-619.120711201516));
#2023=CARTESIAN_POINT('',(-640.904211836677,-21.0295854393581,-618.08252444365));
#2024=CARTESIAN_POINT('',(-640.904211836677,-620.701070734482,-69.2122556554671));
#2025=CARTESIAN_POINT('',(-37.1742118366766,-623.163034286821,-618.169064521075));
#2026=CARTESIAN_POINT('',(-39.3442118366766,-23.1194906543581,-12.6856303953497));
#2027=CARTESIAN_POINT('',(-39.3442118366766,-25.6194906543581,-12.6856303953497));
#2028=CARTESIAN_POINT('',(-39.3442118366766,-25.6194906543581,-10.1856303953497));
#2029=CARTESIAN_POINT('',(-39.3442118366766,-25.6194906543581,-7.68563039534961));
#2030=CARTESIAN_POINT('',(-39.3442118366766,-23.1194906543581,-7.68563039534961));
#2031=CARTESIAN_POINT('',(-43.3042118366766,-23.1194906543581,-12.6856303953497));
#2032=CARTESIAN_POINT('',(-43.3042118366766,-25.6194906543581,-12.6856303953497));
#2033=CARTESIAN_POINT('',(-43.3042118366766,-25.6194906543581,-10.1856303953497));
#2034=CARTESIAN_POINT('',(-43.3042118366766,-25.6194906543581,-7.68563039534961));
#2035=CARTESIAN_POINT('',(-43.3042118366766,-23.1194906543581,-7.68563039534961));
#2036=CARTESIAN_POINT('',(-40.6742118366766,579.280509345642,590.187141967445));
#2037=CARTESIAN_POINT('',(-40.6742118366766,579.280509345642,593.914865595395));
#2038=CARTESIAN_POINT('',(-642.434211836677,-22.1194906543581,-614.135175812323));
#2039=CARTESIAN_POINT('',(-642.434211836677,-24.1194906543581,-614.135175812323));
#2040=CARTESIAN_POINT('',(-641.994211836676,579.280509345642,-11.1856303953496));
#2041=CARTESIAN_POINT('',(-641.994211836676,579.280509345642,-9.18563039534965));
#2042=CARTESIAN_POINT('',(564.455788163323,370.994582558002,422.279246378238));
#2043=CARTESIAN_POINT('',(384.039856875252,-480.533554865854,598.750258472476));
#2044=CARTESIAN_POINT('',(-533.538827059979,617.026890169654,176.246938766587));
#2045=CARTESIAN_POINT('',(384.039856875252,-659.951925072846,422.279246378238));
#2046=CARTESIAN_POINT('',(-467.488280548605,-437.709165676654,598.750258472476));
#2047=CARTESIAN_POINT('',(-533.538827059979,167.786664135551,-675.28119865727));
#2048=CARTESIAN_POINT('',(564.455788163323,413.818971747203,-429.248891045619));
#2049=CARTESIAN_POINT('',(-39.3442118366766,-23.1194906543581,-7.68563039534961));
#2050=CARTESIAN_POINT('',(-39.3442118366766,-20.619490654358,-7.68563039534961));
#2051=CARTESIAN_POINT('',(-39.3442118366766,-20.619490654358,-10.1856303953497));
#2052=CARTESIAN_POINT('',(-39.3442118366766,-20.619490654358,-12.6856303953497));
#2053=CARTESIAN_POINT('',(-39.3442118366766,-23.1194906543581,-12.6856303953497));
#2054=CARTESIAN_POINT('',(-43.3042118366766,-23.1194906543581,-7.68563039534961));
#2055=CARTESIAN_POINT('',(-43.3042118366766,-20.619490654358,-7.68563039534961));
#2056=CARTESIAN_POINT('',(-43.3042118366766,-20.619490654358,-10.1856303953497));
#2057=CARTESIAN_POINT('',(-43.3042118366766,-20.619490654358,-12.6856303953497));
#2058=CARTESIAN_POINT('',(-43.3042118366766,-23.1194906543581,-12.6856303953497));
#2059=CARTESIAN_POINT('',(-41.0742118366766,-24.1194906543581,-12.4769182428276));
#2060=CARTESIAN_POINT('',(-41.0742118366766,-24.1194906543581,-7.89434254787172));
#2061=CARTESIAN_POINT('',(-39.4742118366766,-21.0901758960399,-3.23482233369026));
#2062=CARTESIAN_POINT('',(-39.4742118366766,-21.0295854393581,-3.73563039534965));
#2063=CARTESIAN_POINT('',(-39.4742118366766,-25.1689949826762,-3.23482233369024));
#2064=CARTESIAN_POINT('',(-39.4742118366766,-25.2295854393581,-3.73563039534965));
#2065=CARTESIAN_POINT('',(-39.4742118366766,-25.2295854393581,-7.08563039534965));
#2066=CARTESIAN_POINT('',(-39.4742118366766,-37.6927835583194,-8.1429680246627));
#2067=CARTESIAN_POINT('',(-39.4742118366766,-37.6927835583194,-12.2282927660366));
#2068=CARTESIAN_POINT('',(-39.4742118366766,-25.2295854393581,-13.2856303953496));
#2069=CARTESIAN_POINT('',(-39.4742118366766,-25.2295854393581,-16.5856303953496));
#2070=CARTESIAN_POINT('',(-39.4742118366766,-21.0295854393581,-16.5856303953496));
#2071=CARTESIAN_POINT('',(-39.4742118366766,-21.0295854393581,-13.6166899123497));
#2072=CARTESIAN_POINT('',(-39.4742118366766,-11.6950969647257,-12.7512891381001));
#2073=CARTESIAN_POINT('',(-39.4742118366766,-11.6950969647257,-7.61997165259924));
#2074=CARTESIAN_POINT('',(-39.4742118366766,-21.0295854393581,-6.75457087834965));
#2075=CARTESIAN_POINT('',(-39.4742118366766,-24.1194906543581,-11.1856303953496));
#2076=CARTESIAN_POINT('',(-39.4742118366766,-22.1194906543581,-11.1856303953496));
#2077=CARTESIAN_POINT('',(-39.4742118366766,-24.1194906543581,-9.18563039534965));
#2078=CARTESIAN_POINT('',(-39.4742118366766,-22.1194906543581,-9.18563039534965));
#2079=CARTESIAN_POINT('',(-41.0742118366766,-22.1194906543581,-12.4769182428276));
#2080=CARTESIAN_POINT('',(-41.0742118366766,-22.1194906543581,-7.89434254787172));
#2081=CARTESIAN_POINT('',(-37.1742118366766,-21.0901758960399,-3.23482233369026));
#2082=CARTESIAN_POINT('',(-37.1742118366766,-21.0295854393581,-3.73563039534965));
#2083=CARTESIAN_POINT('',(-37.1742118366766,-21.0295854393581,-6.75457087834965));
#2084=CARTESIAN_POINT('',(-37.1742118366766,-11.6950969647257,-7.61997165259924));
#2085=CARTESIAN_POINT('',(-37.1742118366766,-11.6950969647257,-3.73482233369025));
#2086=CARTESIAN_POINT('',(-37.1742118366766,-12.1950969647257,-3.23482233369025));
#2087=CARTESIAN_POINT('',(-41.4742118366766,-12.1950969647257,-3.23482233369025));
#2088=CARTESIAN_POINT('',(-41.4742118366766,-54.5194861539261,-3.23482233369025));
#2089=CARTESIAN_POINT('',(-37.1742118366766,-54.5194861539261,-3.23482233369025));
#2090=CARTESIAN_POINT('',(-37.1742118366766,-25.1689949826762,-3.23482233369024));
#2091=CARTESIAN_POINT('',(-41.4742118366766,-11.6950969647257,-16.5856303953496));
#2092=CARTESIAN_POINT('',(-41.4742118366766,-11.6950969647257,-3.73482233369025));
#2093=CARTESIAN_POINT('',(-37.1742118366766,-11.6950969647257,-12.7512891381001));
#2094=CARTESIAN_POINT('',(-37.1742118366766,-11.6950969647257,-16.5856303953496));
#2095=CARTESIAN_POINT('',(-41.4742118366766,-55.0194861539261,-16.5856303953496));
#2096=CARTESIAN_POINT('',(-37.1742118366766,-55.0194861539261,-16.5856303953496));
#2097=CARTESIAN_POINT('',(-41.9742118366766,-54.5194861539261,-16.5856303953496));
#2098=CARTESIAN_POINT('',(-41.9742118366766,-12.1950969647257,-16.5856303953496));
#2099=CARTESIAN_POINT('',(-37.1742118366766,-21.0295854393581,-16.5856303953496));
#2100=CARTESIAN_POINT('',(-37.1742118366766,-25.2295854393581,-16.5856303953496));
#2101=CARTESIAN_POINT('',(-37.1742118366766,-55.0194861539261,-3.73482233369025));
#2102=CARTESIAN_POINT('',(-41.4742118366766,-55.0194861539261,-3.73482233369025));
#2103=CARTESIAN_POINT('',(-41.9742118366766,-54.5194861539261,-3.73482233369025));
#2104=CARTESIAN_POINT('',(-41.9742118366766,-12.1950969647257,-3.73482233369025));
#2105=CARTESIAN_POINT('',(-41.9742118366766,-23.1194906543581,-12.6856303953497));
#2106=CARTESIAN_POINT('',(-41.9742118366766,-23.1194906543581,-7.68563039534961));
#2107=CARTESIAN_POINT('',(-37.1742118366766,-25.2295854393581,-13.2856303953496));
#2108=CARTESIAN_POINT('',(-37.1742118366766,-37.6927835583194,-12.2282927660366));
#2109=CARTESIAN_POINT('',(-37.1742118366766,-37.6927835583194,-8.1429680246627));
#2110=CARTESIAN_POINT('',(-37.1742118366766,-25.2295854393581,-7.08563039534965));
#2111=CARTESIAN_POINT('',(-37.1742118366766,-25.2295854393581,-3.73563039534965));
#2112=CARTESIAN_POINT('',(-37.1742118366766,-21.0295854393581,-13.6166899123497));
#2113=CARTESIAN_POINT('',(-40.6742118366766,-22.1194906543581,-7.89434254787173));
#2114=CARTESIAN_POINT('',(-40.6742118366766,-24.1194906543581,-7.89434254787173));
#2115=CARTESIAN_POINT('',(-40.6742118366766,-24.1194906543581,-12.4769182428276));
#2116=CARTESIAN_POINT('',(-40.6742118366766,-23.1194906543581,-12.6856303953497));
#2117=CARTESIAN_POINT('',(-40.6742118366766,-22.1194906543581,-12.4769182428276));
#2118=CARTESIAN_POINT('',(-40.6742118366766,-24.1194906543581,-11.1856303953496));
#2119=CARTESIAN_POINT('',(-40.6742118366766,-22.1194906543581,-11.1856303953496));
#2120=CARTESIAN_POINT('',(-40.6742118366766,-22.1194906543581,-9.18563039534965));
#2121=CARTESIAN_POINT('',(-40.6742118366766,-24.1194906543581,-9.18563039534965));
#2122=CARTESIAN_POINT('',(-40.6742118366766,-23.1194906543581,-7.68563039534963));
#2123=CARTESIAN_POINT('',(-41.0742118366766,-24.1194906543581,-7.89434254787172));
#2124=CARTESIAN_POINT('',(-41.0742118366766,-24.1194906543581,-12.4769182428276));
#2125=CARTESIAN_POINT('',(-39.4742118366766,-25.1689949826762,-3.23482233369024));
#2126=CARTESIAN_POINT('',(-39.4742118366766,-21.0901758960399,-3.23482233369026));
#2127=CARTESIAN_POINT('',(-39.4742118366766,-25.2295854393581,-7.08563039534965));
#2128=CARTESIAN_POINT('',(-39.4742118366766,-25.2295854393581,-3.73563039534965));
#2129=CARTESIAN_POINT('',(-39.4742118366766,-25.2295854393581,-16.5856303953496));
#2130=CARTESIAN_POINT('',(-39.4742118366766,-25.2295854393581,-13.2856303953496));
#2131=CARTESIAN_POINT('',(-39.4742118366766,-21.0295854393581,-16.5856303953496));
#2132=CARTESIAN_POINT('',(-39.4742118366766,-25.2295854393581,-16.5856303953496));
#2133=CARTESIAN_POINT('',(-39.4742118366766,-21.0295854393581,-13.6166899123497));
#2134=CARTESIAN_POINT('',(-39.4742118366766,-21.0295854393581,-16.5856303953496));
#2135=CARTESIAN_POINT('',(-39.4742118366766,-11.6950969647257,-7.61997165259924));
#2136=CARTESIAN_POINT('',(-39.4742118366766,-11.6950969647257,-12.7512891381001));
#2137=CARTESIAN_POINT('',(-39.4742118366766,-21.0295854393581,-3.73563039534965));
#2138=CARTESIAN_POINT('',(-39.4742118366766,-21.0295854393581,-6.75457087834965));
#2139=CARTESIAN_POINT('',(-39.4742118366766,-24.1194906543581,-11.1856303953496));
#2140=CARTESIAN_POINT('',(-39.4742118366766,-22.1194906543581,-11.1856303953496));
#2141=CARTESIAN_POINT('',(-39.4742118366766,-24.1194906543581,-9.18563039534965));
#2142=CARTESIAN_POINT('',(-39.4742118366766,-24.1194906543581,-11.1856303953496));
#2143=CARTESIAN_POINT('',(-39.4742118366766,-22.1194906543581,-9.18563039534965));
#2144=CARTESIAN_POINT('',(-39.4742118366766,-24.1194906543581,-9.18563039534965));
#2145=CARTESIAN_POINT('',(-39.4742118366766,-22.1194906543581,-11.1856303953496));
#2146=CARTESIAN_POINT('',(-39.4742118366766,-22.1194906543581,-9.18563039534965));
#2147=CARTESIAN_POINT('',(-41.0742118366766,-22.1194906543581,-12.4769182428276));
#2148=CARTESIAN_POINT('',(-41.0742118366766,-22.1194906543581,-7.89434254787172));
#2149=CARTESIAN_POINT('',(-39.4742118366766,-21.0901758960399,-3.23482233369026));
#2150=CARTESIAN_POINT('',(-37.1742118366766,-21.0901758960399,-3.23482233369026));
#2151=CARTESIAN_POINT('',(-39.4742118366766,-21.0901758960399,-3.23482233369026));
#2152=CARTESIAN_POINT('',(-39.4742118366766,-21.0295854393581,-3.48156108462335));
#2153=CARTESIAN_POINT('',(-39.4742118366766,-21.0295854393581,-3.73563039534965));
#2154=CARTESIAN_POINT('',(-37.1742118366766,-21.0295854393581,-3.73563039534965));
#2155=CARTESIAN_POINT('',(-39.4742118366766,-21.0295854393581,-3.73563039534965));
#2156=CARTESIAN_POINT('',(-37.1742118366766,-21.0901758960399,-3.23482233369026));
#2157=CARTESIAN_POINT('',(-37.1742118366766,-21.0295854393581,-3.48156108462335));
#2158=CARTESIAN_POINT('',(-37.1742118366766,-21.0295854393581,-3.73563039534965));
#2159=CARTESIAN_POINT('',(-39.4742118366766,-21.0295854393581,-6.75457087834965));
#2160=CARTESIAN_POINT('',(-37.1742118366766,-21.0295854393581,-6.75457087834965));
#2161=CARTESIAN_POINT('',(-37.1742118366766,-21.0295854393581,-6.75457087834965));
#2162=CARTESIAN_POINT('',(-37.1742118366766,-21.0295854393581,-3.73563039534965));
#2163=CARTESIAN_POINT('',(-37.1742118366766,-11.6950969647257,-7.61997165259924));
#2164=CARTESIAN_POINT('',(-37.1742118366766,-11.6950969647257,-3.73482233369025));
#2165=CARTESIAN_POINT('',(-37.1742118366766,-12.1950969647257,-3.23482233369025));
#2166=CARTESIAN_POINT('',(-37.1742118366766,-21.0901758960399,-3.23482233369026));
#2167=CARTESIAN_POINT('',(-41.4742118366766,-12.1950969647257,-3.23482233369025));
#2168=CARTESIAN_POINT('',(-37.1742118366766,-12.1950969647257,-3.23482233369025));
#2169=CARTESIAN_POINT('',(-41.4742118366766,-54.5194861539261,-3.23482233369025));
#2170=CARTESIAN_POINT('',(-41.4742118366766,-12.1950969647257,-3.23482233369025));
#2171=CARTESIAN_POINT('',(-37.1742118366766,-54.5194861539261,-3.23482233369025));
#2172=CARTESIAN_POINT('',(-41.4742118366766,-54.5194861539261,-3.23482233369025));
#2173=CARTESIAN_POINT('',(-37.1742118366766,-25.1689949826762,-3.23482233369024));
#2174=CARTESIAN_POINT('',(-37.1742118366766,-54.5194861539261,-3.23482233369025));
#2175=CARTESIAN_POINT('',(-39.4742118366766,-25.1689949826762,-3.23482233369024));
#2176=CARTESIAN_POINT('',(-37.1742118366766,-25.1689949826762,-3.23482233369024));
#2177=CARTESIAN_POINT('',(-39.4742118366766,-21.0295854393581,-6.75457087834965));
#2178=CARTESIAN_POINT('',(-39.4742118366766,-11.6950969647257,-7.61997165259924));
#2179=CARTESIAN_POINT('',(-37.1742118366766,-21.0295854393581,-6.75457087834965));
#2180=CARTESIAN_POINT('',(-37.1742118366766,-11.6950969647257,-7.61997165259924));
#2181=CARTESIAN_POINT('',(-41.4742118366766,-11.6950969647257,-16.5856303953496));
#2182=CARTESIAN_POINT('',(-41.4742118366766,-11.6950969647257,-3.73482233369025));
#2183=CARTESIAN_POINT('',(-41.4742118366766,-11.6950969647257,-3.73482233369025));
#2184=CARTESIAN_POINT('',(-37.1742118366766,-11.6950969647257,-3.73482233369025));
#2185=CARTESIAN_POINT('',(-37.1742118366766,-11.6950969647257,-7.61997165259924));
#2186=CARTESIAN_POINT('',(-39.4742118366766,-11.6950969647257,-7.61997165259924));
#2187=CARTESIAN_POINT('',(-39.4742118366766,-11.6950969647257,-12.7512891381001));
#2188=CARTESIAN_POINT('',(-37.1742118366766,-11.6950969647257,-12.7512891381001));
#2189=CARTESIAN_POINT('',(-37.1742118366766,-11.6950969647257,-12.7512891381001));
#2190=CARTESIAN_POINT('',(-37.1742118366766,-11.6950969647257,-16.5856303953496));
#2191=CARTESIAN_POINT('',(-37.1742118366766,-11.6950969647257,-16.5856303953496));
#2192=CARTESIAN_POINT('',(-41.4742118366766,-11.6950969647257,-16.5856303953496));
#2193=CARTESIAN_POINT('',(-41.4742118366766,-55.0194861539261,-16.5856303953496));
#2194=CARTESIAN_POINT('',(-37.1742118366766,-55.0194861539261,-16.5856303953496));
#2195=CARTESIAN_POINT('',(-41.9742118366766,-12.1950969647257,-16.5856303953496));
#2196=CARTESIAN_POINT('',(-41.9742118366766,-54.5194861539261,-16.5856303953496));
#2197=CARTESIAN_POINT('',(-37.1742118366766,-21.0295854393581,-16.5856303953496));
#2198=CARTESIAN_POINT('',(-37.1742118366766,-11.6950969647257,-16.5856303953496));
#2199=CARTESIAN_POINT('',(-39.4742118366766,-21.0295854393581,-16.5856303953496));
#2200=CARTESIAN_POINT('',(-37.1742118366766,-21.0295854393581,-16.5856303953496));
#2201=CARTESIAN_POINT('',(-37.1742118366766,-25.2295854393581,-16.5856303953496));
#2202=CARTESIAN_POINT('',(-39.4742118366766,-25.2295854393581,-16.5856303953496));
#2203=CARTESIAN_POINT('',(-37.1742118366766,-55.0194861539261,-16.5856303953496));
#2204=CARTESIAN_POINT('',(-37.1742118366766,-25.2295854393581,-16.5856303953496));
#2205=CARTESIAN_POINT('',(-37.1742118366766,-55.0194861539261,-16.5856303953496));
#2206=CARTESIAN_POINT('',(-37.1742118366766,-55.0194861539261,-3.73482233369025));
#2207=CARTESIAN_POINT('',(-37.1742118366766,-55.0194861539261,-3.73482233369025));
#2208=CARTESIAN_POINT('',(-41.4742118366766,-55.0194861539261,-3.73482233369025));
#2209=CARTESIAN_POINT('',(-41.4742118366766,-55.0194861539261,-3.73482233369025));
#2210=CARTESIAN_POINT('',(-41.4742118366766,-55.0194861539261,-16.5856303953496));
#2211=CARTESIAN_POINT('',(-41.9742118366766,-54.5194861539261,-16.5856303953496));
#2212=CARTESIAN_POINT('',(-41.9742118366766,-54.5194861539261,-3.73482233369025));
#2213=CARTESIAN_POINT('',(-41.9742118366766,-54.5194861539261,-3.73482233369025));
#2214=CARTESIAN_POINT('',(-41.9742118366766,-12.1950969647257,-3.73482233369025));
#2215=CARTESIAN_POINT('',(-41.9742118366766,-12.1950969647257,-3.73482233369025));
#2216=CARTESIAN_POINT('',(-41.9742118366766,-12.1950969647257,-16.5856303953496));
#2217=CARTESIAN_POINT('',(-37.1742118366766,-25.2295854393581,-13.2856303953496));
#2218=CARTESIAN_POINT('',(-39.4742118366766,-25.2295854393581,-13.2856303953496));
#2219=CARTESIAN_POINT('',(-37.1742118366766,-25.2295854393581,-16.5856303953496));
#2220=CARTESIAN_POINT('',(-37.1742118366766,-25.2295854393581,-13.2856303953496));
#2221=CARTESIAN_POINT('',(-39.4742118366766,-25.2295854393581,-13.2856303953496));
#2222=CARTESIAN_POINT('',(-39.4742118366766,-37.6927835583194,-12.2282927660366));
#2223=CARTESIAN_POINT('',(-39.4742118366766,-37.6927835583194,-12.2282927660366));
#2224=CARTESIAN_POINT('',(-37.1742118366766,-37.6927835583194,-12.2282927660366));
#2225=CARTESIAN_POINT('',(-37.1742118366766,-37.6927835583194,-12.2282927660366));
#2226=CARTESIAN_POINT('',(-37.1742118366766,-25.2295854393581,-13.2856303953496));
#2227=CARTESIAN_POINT('',(-39.4742118366766,-37.6927835583194,-12.2282927660366));
#2228=CARTESIAN_POINT('',(-39.4742118366766,-39.5694906523754,-12.0690789740085));
#2229=CARTESIAN_POINT('',(-39.4742118366766,-39.5694906523754,-10.1856303953497));
#2230=CARTESIAN_POINT('',(-39.4742118366766,-39.5694906523754,-8.30218181669084));
#2231=CARTESIAN_POINT('',(-39.4742118366766,-37.6927835583194,-8.1429680246627));
#2232=CARTESIAN_POINT('',(-37.1742118366766,-37.6927835583194,-8.1429680246627));
#2233=CARTESIAN_POINT('',(-39.4742118366766,-37.6927835583194,-8.1429680246627));
#2234=CARTESIAN_POINT('',(-37.1742118366766,-37.6927835583194,-12.2282927660366));
#2235=CARTESIAN_POINT('',(-37.1742118366766,-39.5694906523754,-12.0690789740085));
#2236=CARTESIAN_POINT('',(-37.1742118366766,-39.5694906523754,-10.1856303953497));
#2237=CARTESIAN_POINT('',(-37.1742118366766,-39.5694906523754,-8.30218181669084));
#2238=CARTESIAN_POINT('',(-37.1742118366766,-37.6927835583194,-8.1429680246627));
#2239=CARTESIAN_POINT('',(-39.4742118366766,-37.6927835583194,-8.1429680246627));
#2240=CARTESIAN_POINT('',(-39.4742118366766,-25.2295854393581,-7.08563039534965));
#2241=CARTESIAN_POINT('',(-37.1742118366766,-25.2295854393581,-7.08563039534965));
#2242=CARTESIAN_POINT('',(-39.4742118366766,-25.2295854393581,-7.08563039534965));
#2243=CARTESIAN_POINT('',(-37.1742118366766,-37.6927835583194,-8.1429680246627));
#2244=CARTESIAN_POINT('',(-37.1742118366766,-25.2295854393581,-7.08563039534965));
#2245=CARTESIAN_POINT('',(-39.4742118366766,-25.2295854393581,-3.73563039534965));
#2246=CARTESIAN_POINT('',(-37.1742118366766,-25.2295854393581,-3.73563039534965));
#2247=CARTESIAN_POINT('',(-37.1742118366766,-25.2295854393581,-3.73563039534965));
#2248=CARTESIAN_POINT('',(-37.1742118366766,-25.2295854393581,-7.08563039534965));
#2249=CARTESIAN_POINT('',(-39.4742118366766,-25.2295854393581,-3.73563039534965));
#2250=CARTESIAN_POINT('',(-39.4742118366766,-25.2295854393581,-3.48156108462334));
#2251=CARTESIAN_POINT('',(-39.4742118366766,-25.1689949826762,-3.23482233369024));
#2252=CARTESIAN_POINT('',(-37.1742118366766,-25.2295854393581,-3.73563039534965));
#2253=CARTESIAN_POINT('',(-37.1742118366766,-25.2295854393581,-3.48156108462334));
#2254=CARTESIAN_POINT('',(-37.1742118366766,-25.1689949826762,-3.23482233369024));
#2255=CARTESIAN_POINT('',(-37.1742118366766,-21.0295854393581,-13.6166899123497));
#2256=CARTESIAN_POINT('',(-37.1742118366766,-21.0295854393581,-16.5856303953496));
#2257=CARTESIAN_POINT('',(-39.4742118366766,-21.0295854393581,-13.6166899123497));
#2258=CARTESIAN_POINT('',(-37.1742118366766,-21.0295854393581,-13.6166899123497));
#2259=CARTESIAN_POINT('',(-39.4742118366766,-11.6950969647257,-12.7512891381001));
#2260=CARTESIAN_POINT('',(-39.4742118366766,-21.0295854393581,-13.6166899123497));
#2261=CARTESIAN_POINT('',(-37.1742118366766,-11.6950969647257,-12.7512891381001));
#2262=CARTESIAN_POINT('',(-37.1742118366766,-21.0295854393581,-13.6166899123497));
#2263=CARTESIAN_POINT('',(-41.9742118366766,-23.1194906543581,-7.68563039534961));
#2264=CARTESIAN_POINT('',(-41.9742118366766,-25.6194906543581,-7.68563039534961));
#2265=CARTESIAN_POINT('',(-41.9742118366766,-25.6194906543581,-10.1856303953497));
#2266=CARTESIAN_POINT('',(-41.9742118366766,-25.6194906543581,-12.6856303953497));
#2267=CARTESIAN_POINT('',(-41.9742118366766,-23.1194906543581,-12.6856303953497));
#2268=CARTESIAN_POINT('',(-41.9742118366766,-23.1194906543581,-12.6856303953497));
#2269=CARTESIAN_POINT('',(-41.9742118366766,-20.619490654358,-12.6856303953497));
#2270=CARTESIAN_POINT('',(-41.9742118366766,-20.619490654358,-10.1856303953496));
#2271=CARTESIAN_POINT('',(-41.9742118366766,-20.619490654358,-7.68563039534961));
#2272=CARTESIAN_POINT('',(-41.9742118366766,-23.1194906543581,-7.68563039534961));
#2273=CARTESIAN_POINT('',(-41.0742118366766,-22.1194906543581,-7.89434254787172));
#2274=CARTESIAN_POINT('',(-41.0742118366766,-20.619490654358,-8.54899621857969));
#2275=CARTESIAN_POINT('',(-41.0742118366766,-20.619490654358,-10.1856303953496));
#2276=CARTESIAN_POINT('',(-41.0742118366766,-20.619490654358,-11.8222645721196));
#2277=CARTESIAN_POINT('',(-41.0742118366766,-22.1194906543581,-12.4769182428276));
#2278=CARTESIAN_POINT('',(-40.6742118366766,-22.1194906543581,-7.89434254787173));
#2279=CARTESIAN_POINT('',(-41.0742118366766,-22.1194906543581,-7.89434254787172));
#2280=CARTESIAN_POINT('',(-40.6742118366766,-24.1194906543581,-7.89434254787173));
#2281=CARTESIAN_POINT('',(-40.6742118366766,-23.6412710356633,-7.68563039534962));
#2282=CARTESIAN_POINT('',(-40.6742118366766,-23.1194906543581,-7.68563039534963));
#2283=CARTESIAN_POINT('',(-41.0742118366766,-24.1194906543581,-7.89434254787172));
#2284=CARTESIAN_POINT('',(-40.6742118366766,-24.1194906543581,-7.89434254787173));
#2285=CARTESIAN_POINT('',(-41.0742118366766,-24.1194906543581,-12.4769182428276));
#2286=CARTESIAN_POINT('',(-41.0742118366766,-25.6194906543581,-11.8222645721197));
#2287=CARTESIAN_POINT('',(-41.0742118366766,-25.6194906543581,-10.1856303953497));
#2288=CARTESIAN_POINT('',(-41.0742118366766,-25.6194906543581,-8.54899621857972));
#2289=CARTESIAN_POINT('',(-41.0742118366766,-24.1194906543581,-7.89434254787172));
#2290=CARTESIAN_POINT('',(-40.6742118366766,-24.1194906543581,-12.4769182428276));
#2291=CARTESIAN_POINT('',(-41.0742118366766,-24.1194906543581,-12.4769182428276));
#2292=CARTESIAN_POINT('',(-40.6742118366766,-23.1194906543581,-12.6856303953497));
#2293=CARTESIAN_POINT('',(-40.6742118366766,-23.6412710356633,-12.6856303953497));
#2294=CARTESIAN_POINT('',(-40.6742118366766,-24.1194906543581,-12.4769182428276));
#2295=CARTESIAN_POINT('',(-40.6742118366766,-22.1194906543581,-12.4769182428276));
#2296=CARTESIAN_POINT('',(-40.6742118366766,-22.5977102730529,-12.6856303953497));
#2297=CARTESIAN_POINT('',(-40.6742118366766,-23.1194906543581,-12.6856303953497));
#2298=CARTESIAN_POINT('',(-41.0742118366766,-22.1194906543581,-12.4769182428276));
#2299=CARTESIAN_POINT('',(-40.6742118366766,-22.1194906543581,-12.4769182428276));
#2300=CARTESIAN_POINT('',(-40.6742118366766,-23.1194906543581,-12.6856303953497));
#2301=CARTESIAN_POINT('',(-41.9742118366766,-23.1194906543581,-12.6856303953497));
#2302=CARTESIAN_POINT('',(-40.6742118366766,-24.1194906543581,-11.1856303953496));
#2303=CARTESIAN_POINT('',(-40.6742118366766,-22.1194906543581,-11.1856303953496));
#2304=CARTESIAN_POINT('',(-40.6742118366766,-22.1194906543581,-11.1856303953496));
#2305=CARTESIAN_POINT('',(-40.6742118366766,-22.1194906543581,-12.4769182428276));
#2306=CARTESIAN_POINT('',(-40.6742118366766,-24.1194906543581,-12.4769182428276));
#2307=CARTESIAN_POINT('',(-40.6742118366766,-24.1194906543581,-11.1856303953496));
#2308=CARTESIAN_POINT('',(-40.6742118366766,-22.1194906543581,-9.18563039534965));
#2309=CARTESIAN_POINT('',(-40.6742118366766,-24.1194906543581,-9.18563039534965));
#2310=CARTESIAN_POINT('',(-40.6742118366766,-24.1194906543581,-9.18563039534965));
#2311=CARTESIAN_POINT('',(-40.6742118366766,-24.1194906543581,-7.89434254787173));
#2312=CARTESIAN_POINT('',(-40.6742118366766,-22.1194906543581,-7.89434254787173));
#2313=CARTESIAN_POINT('',(-40.6742118366766,-22.1194906543581,-9.18563039534965));
#2314=CARTESIAN_POINT('',(-39.4742118366766,-22.1194906543581,-11.1856303953496));
#2315=CARTESIAN_POINT('',(-40.6742118366766,-22.1194906543581,-11.1856303953496));
#2316=CARTESIAN_POINT('',(-40.6742118366766,-22.1194906543581,-9.18563039534965));
#2317=CARTESIAN_POINT('',(-39.4742118366766,-22.1194906543581,-9.18563039534965));
#2318=CARTESIAN_POINT('',(-40.6742118366766,-24.1194906543581,-9.18563039534965));
#2319=CARTESIAN_POINT('',(-39.4742118366766,-24.1194906543581,-9.18563039534965));
#2320=CARTESIAN_POINT('',(-39.4742118366766,-24.1194906543581,-11.1856303953496));
#2321=CARTESIAN_POINT('',(-40.6742118366766,-24.1194906543581,-11.1856303953496));
#2322=CARTESIAN_POINT('',(-37.1742118366766,-54.5194861539261,-3.23482233369025));
#2323=CARTESIAN_POINT('',(-37.1742118366766,-55.0194861539261,-3.73482233369025));
#2324=CARTESIAN_POINT('',(-41.4742118366766,-54.5194861539261,-3.23482233369025));
#2325=CARTESIAN_POINT('',(-41.4742118366766,-55.0194861539261,-3.73482233369025));
#2326=CARTESIAN_POINT('',(-41.9742118366766,-54.5194861539261,-16.5856303953496));
#2327=CARTESIAN_POINT('',(-41.4742118366766,-55.0194861539261,-16.5856303953496));
#2328=CARTESIAN_POINT('',(-41.9742118366766,-54.5194861539261,-3.73482233369025));
#2329=CARTESIAN_POINT('',(-41.4742118366766,-55.0194861539261,-3.73482233369025));
#2330=CARTESIAN_POINT('',(-41.9742118366766,-54.5194861539261,-3.73482233369025));
#2331=CARTESIAN_POINT('',(-41.4742118366766,-54.5194861539261,-3.23482233369025));
#2332=CARTESIAN_POINT('',(-41.4742118366766,-12.1950969647257,-3.23482233369025));
#2333=CARTESIAN_POINT('',(-41.9742118366766,-12.1950969647257,-3.73482233369025));
#2334=CARTESIAN_POINT('',(-41.4742118366766,-11.6950969647257,-16.5856303953496));
#2335=CARTESIAN_POINT('',(-41.9742118366766,-12.1950969647257,-16.5856303953496));
#2336=CARTESIAN_POINT('',(-41.4742118366766,-11.6950969647257,-3.73482233369025));
#2337=CARTESIAN_POINT('',(-41.9742118366766,-12.1950969647257,-3.73482233369025));
#2338=CARTESIAN_POINT('',(-41.4742118366766,-11.6950969647257,-3.73482233369025));
#2339=CARTESIAN_POINT('',(-41.4742118366766,-12.1950969647257,-3.23482233369025));
#2340=CARTESIAN_POINT('',(-37.1742118366766,-11.6950969647257,-3.73482233369025));
#2341=CARTESIAN_POINT('',(-37.1742118366766,-12.1950969647257,-3.23482233369025));
#2342=CARTESIAN_POINT('',(-40.6742118366766,-23.1194906543581,-7.68563039534961));
#2343=CARTESIAN_POINT('',(-41.9742118366766,-23.1194906543581,-7.68563039534961));
#2344=CARTESIAN_POINT('',(-40.6742118366766,-23.1194906543581,-7.68563039534963));
#2345=CARTESIAN_POINT('',(-40.6742118366766,-22.5977102730529,-7.68563039534962));
#2346=CARTESIAN_POINT('',(-40.6742118366766,-22.1194906543581,-7.89434254787173));
#2347=CARTESIAN_POINT('',(-564.20288451003,-660.551933139382,-16.5856303953496));
#2348=CARTESIAN_POINT('',(-564.15288451003,-11.6950969647257,598.750258472476));
#2349=CARTESIAN_POINT('',(-564.15288451003,-659.951933139382,-3.23482233369025));
#2350=CARTESIAN_POINT('',(-564.15288451003,-55.0194934871403,598.750258472476));
#2351=CARTESIAN_POINT('',(42.2601644899702,-659.951933139382,-619.070711201516));
#2352=CARTESIAN_POINT('',(37.4755744899702,-660.551933139382,-619.120711201516));
#2353=CARTESIAN_POINT('',(643.38862348997,-437.709165676654,422.279246378238));
#2354=CARTESIAN_POINT('',(467.774233201899,-437.709165676654,598.750258472476));
#2355=CARTESIAN_POINT('',(-449.971117399999,659.684612692187,-183.383250100634));
#2356=CARTESIAN_POINT('',(-564.15288451003,-480.533562199069,-429.248891045619));
#2357=CARTESIAN_POINT('',(467.774233201899,-659.951933139382,-429.248891045619));
#2358=CARTESIAN_POINT('',(-449.971117399999,125.128934279803,668.144887323223));
#2359=CARTESIAN_POINT('',(-383.753904221958,-480.533562199069,-619.070711201516));
#2360=CARTESIAN_POINT('',(42.2601644899702,-12.1950969647257,-16.5856303953496));
#2361=CARTESIAN_POINT('',(42.2601644899702,-54.5194934871403,-16.5856303953496));
#2362=CARTESIAN_POINT('',(41.7601644899702,-55.0194934871403,-16.5856303953496));
#2363=CARTESIAN_POINT('',(37.4755744899702,-55.0194934871403,-16.5856303953496));
#2364=CARTESIAN_POINT('',(37.4755744899702,-11.6950969647257,-16.5856303953496));
#2365=CARTESIAN_POINT('',(41.7601644899702,-11.6950969647257,-16.5856303953496));
#2366=CARTESIAN_POINT('',(41.7601644899702,-11.6950969647257,-3.73482233369025));
#2367=CARTESIAN_POINT('',(37.4755744899702,-11.6950969647257,-3.73482233369025));
#2368=CARTESIAN_POINT('',(37.4755744899702,-54.5194934871403,-3.23482233369025));
#2369=CARTESIAN_POINT('',(37.4755744899702,-12.1950969647257,-3.23482233369025));
#2370=CARTESIAN_POINT('',(41.7601644899702,-54.5194934871403,-3.23482233369026));
#2371=CARTESIAN_POINT('',(41.7601644899702,-12.1950969647257,-3.23482233369025));
#2372=CARTESIAN_POINT('',(41.7601644899702,-55.0194934871403,-3.73482233369025));
#2373=CARTESIAN_POINT('',(37.4755744899702,-55.0194934871403,-3.73482233369025));
#2374=CARTESIAN_POINT('',(42.2601644899702,-12.1950969647257,-3.73482233369025));
#2375=CARTESIAN_POINT('',(42.2601644899702,-54.5194934871403,-3.73482233369025));
#2376=CARTESIAN_POINT('',(42.2601644899702,-12.1950969647257,-16.5856303953496));
#2377=CARTESIAN_POINT('',(42.2601644899702,-54.5194934871403,-16.5856303953496));
#2378=CARTESIAN_POINT('',(41.7601644899702,-55.0194934871403,-16.5856303953496));
#2379=CARTESIAN_POINT('',(37.4755744899702,-55.0194934871403,-16.5856303953496));
#2380=CARTESIAN_POINT('',(37.4755744899702,-55.0194934871403,-16.5856303953496));
#2381=CARTESIAN_POINT('',(37.4755744899702,-11.6950969647257,-16.5856303953496));
#2382=CARTESIAN_POINT('',(37.4755744899702,-11.6950969647257,-16.5856303953496));
#2383=CARTESIAN_POINT('',(41.7601644899702,-11.6950969647257,-16.5856303953496));
#2384=CARTESIAN_POINT('',(41.7601644899702,-11.6950969647257,-3.73482233369025));
#2385=CARTESIAN_POINT('',(37.4755744899702,-11.6950969647257,-3.73482233369025));
#2386=CARTESIAN_POINT('',(41.7601644899702,-11.6950969647257,-16.5856303953496));
#2387=CARTESIAN_POINT('',(41.7601644899702,-11.6950969647257,-3.73482233369025));
#2388=CARTESIAN_POINT('',(37.4755744899702,-11.6950969647257,-3.73482233369025));
#2389=CARTESIAN_POINT('',(37.4755744899702,-11.6950969647257,-16.5856303953496));
#2390=CARTESIAN_POINT('',(37.4755744899702,-54.5194934871403,-3.23482233369025));
#2391=CARTESIAN_POINT('',(37.4755744899702,-12.1950969647257,-3.23482233369025));
#2392=CARTESIAN_POINT('',(41.7601644899702,-54.5194934871403,-3.23482233369026));
#2393=CARTESIAN_POINT('',(37.4755744899702,-54.5194934871403,-3.23482233369025));
#2394=CARTESIAN_POINT('',(41.7601644899702,-12.1950969647257,-3.23482233369025));
#2395=CARTESIAN_POINT('',(41.7601644899702,-54.5194934871403,-3.23482233369026));
#2396=CARTESIAN_POINT('',(37.4755744899702,-12.1950969647257,-3.23482233369025));
#2397=CARTESIAN_POINT('',(41.7601644899702,-12.1950969647257,-3.23482233369025));
#2398=CARTESIAN_POINT('',(41.7601644899702,-55.0194934871403,-16.5856303953496));
#2399=CARTESIAN_POINT('',(41.7601644899702,-55.0194934871403,-3.73482233369025));
#2400=CARTESIAN_POINT('',(41.7601644899702,-55.0194934871403,-3.73482233369025));
#2401=CARTESIAN_POINT('',(37.4755744899702,-55.0194934871403,-3.73482233369025));
#2402=CARTESIAN_POINT('',(37.4755744899702,-55.0194934871403,-3.73482233369025));
#2403=CARTESIAN_POINT('',(37.4755744899702,-55.0194934871403,-16.5856303953496));
#2404=CARTESIAN_POINT('',(42.2601644899702,-12.1950969647257,-3.73482233369025));
#2405=CARTESIAN_POINT('',(42.2601644899702,-54.5194934871403,-3.73482233369025));
#2406=CARTESIAN_POINT('',(42.2601644899702,-54.5194934871403,-3.73482233369025));
#2407=CARTESIAN_POINT('',(42.2601644899702,-54.5194934871403,-16.5856303953496));
#2408=CARTESIAN_POINT('',(42.2601644899702,-12.1950969647257,-16.5856303953496));
#2409=CARTESIAN_POINT('',(42.2601644899702,-12.1950969647257,-3.73482233369025));
#2410=CARTESIAN_POINT('',(37.4755744899702,-11.6950969647257,-3.73482233369025));
#2411=CARTESIAN_POINT('',(37.4755744899702,-12.1950969647257,-3.23482233369025));
#2412=CARTESIAN_POINT('',(41.7601644899702,-11.6950969647257,-3.73482233369025));
#2413=CARTESIAN_POINT('',(41.7601644899702,-12.1950969647257,-3.23482233369025));
#2414=CARTESIAN_POINT('',(41.7601644899702,-11.6950969647257,-16.5856303953496));
#2415=CARTESIAN_POINT('',(42.2601644899702,-12.1950969647257,-16.5856303953496));
#2416=CARTESIAN_POINT('',(41.7601644899702,-11.6950969647257,-3.73482233369025));
#2417=CARTESIAN_POINT('',(42.2601644899702,-12.1950969647257,-3.73482233369025));
#2418=CARTESIAN_POINT('',(37.4755744899702,-54.5194934871403,-3.23482233369025));
#2419=CARTESIAN_POINT('',(37.4755744899702,-55.0194934871403,-3.73482233369025));
#2420=CARTESIAN_POINT('',(41.7601644899702,-55.0194934871403,-3.73482233369025));
#2421=CARTESIAN_POINT('',(41.7601644899702,-54.5194934871403,-3.23482233369026));
#2422=CARTESIAN_POINT('',(41.7601644899702,-12.1950969647257,-3.23482233369025));
#2423=CARTESIAN_POINT('',(42.2601644899702,-12.1950969647257,-3.73482233369025));
#2424=CARTESIAN_POINT('',(41.7601644899702,-54.5194934871403,-3.23482233369026));
#2425=CARTESIAN_POINT('',(42.2601644899702,-54.5194934871403,-3.73482233369025));
#2426=CARTESIAN_POINT('',(42.2601644899702,-54.5194934871403,-16.5856303953496));
#2427=CARTESIAN_POINT('',(41.7601644899702,-55.0194934871403,-16.5856303953496));
#2428=CARTESIAN_POINT('',(41.7601644899702,-55.0194934871403,-3.73482233369025));
#2429=CARTESIAN_POINT('',(42.2601644899702,-54.5194934871403,-3.73482233369025));
#2430=CARTESIAN_POINT('',(33.7805780233335,-23.1194906543581,-6.58563039534965));
#2431=CARTESIAN_POINT('',(38.9023923505735,-23.1194906543581,-6.58563039534965));
#2432=CARTESIAN_POINT('',(33.7805780233335,-26.7194906543581,-6.58563039534965));
#2433=CARTESIAN_POINT('',(38.9023923505735,-26.7194906543581,-6.58563039534965));
#2434=CARTESIAN_POINT('',(33.7805780233335,-26.7194906543581,-10.1856303953497));
#2435=CARTESIAN_POINT('',(38.9023923505735,-26.7194906543581,-10.1856303953497));
#2436=CARTESIAN_POINT('',(33.7805780233335,-26.7194906543581,-13.7856303953496));
#2437=CARTESIAN_POINT('',(38.9023923505735,-26.7194906543581,-13.7856303953496));
#2438=CARTESIAN_POINT('',(33.7805780233335,-23.1194906543581,-13.7856303953496));
#2439=CARTESIAN_POINT('',(38.9023923505735,-23.1194906543581,-13.7856303953496));
#2440=CARTESIAN_POINT('',(37.4755744899702,-628.639490654358,-615.70563039535));
#2441=CARTESIAN_POINT('',(265.407551825839,537.760815053884,-615.70563039535));
#2442=CARTESIAN_POINT('',(-289.241869233917,482.165097789987,-615.214123629396));
#2443=CARTESIAN_POINT('',(33.7805780233335,-23.1194906543581,-13.7856303953496));
#2444=CARTESIAN_POINT('',(38.9023923505735,-23.1194906543581,-13.7856303953496));
#2445=CARTESIAN_POINT('',(33.7805780233335,-19.5194906543581,-13.7856303953496));
#2446=CARTESIAN_POINT('',(38.9023923505735,-19.5194906543581,-13.7856303953496));
#2447=CARTESIAN_POINT('',(33.7805780233335,-19.5194906543581,-10.1856303953497));
#2448=CARTESIAN_POINT('',(38.9023923505735,-19.5194906543581,-10.1856303953497));
#2449=CARTESIAN_POINT('',(33.7805780233335,-19.5194906543581,-6.58563039534965));
#2450=CARTESIAN_POINT('',(38.9023923505735,-19.5194906543581,-6.58563039534965));
#2451=CARTESIAN_POINT('',(33.7805780233335,-23.1194906543581,-6.58563039534965));
#2452=CARTESIAN_POINT('',(38.9023923505735,-23.1194906543581,-6.58563039534965));
#2453=CARTESIAN_POINT('',(37.4755744899702,-23.1194906543581,-6.58563039534965));
#2454=CARTESIAN_POINT('',(37.4755744899702,-23.1194906543581,-13.7856303953496));
#2455=CARTESIAN_POINT('',(35.2073958839369,-24.7872068982212,-13.3760414237212));
#2456=CARTESIAN_POINT('',(35.88984169198,-23.1194906543581,-6.58563039534965));
#2457=CARTESIAN_POINT('',(35.2073958839369,-24.7872068982212,-6.99521936697806));
#2458=CARTESIAN_POINT('',(35.88984169198,-23.1194906543581,-13.7856303953496));
#2459=CARTESIAN_POINT('',(37.4755744899702,-23.1194906543581,-6.58563039534964));
#2460=CARTESIAN_POINT('',(37.4755744899702,-19.5194906543581,-6.58563039534965));
#2461=CARTESIAN_POINT('',(37.4755744899702,-19.5194906543581,-10.1856303953496));
#2462=CARTESIAN_POINT('',(37.4755744899702,-19.5194906543581,-13.7856303953496));
#2463=CARTESIAN_POINT('',(37.4755744899702,-23.1194906543581,-13.7856303953496));
#2464=CARTESIAN_POINT('',(37.4755744899702,-23.1194906543581,-13.7856303953496));
#2465=CARTESIAN_POINT('',(37.4755744899702,-26.7194906543581,-13.7856303953496));
#2466=CARTESIAN_POINT('',(37.4755744899702,-26.7194906543581,-10.1856303953496));
#2467=CARTESIAN_POINT('',(37.4755744899702,-26.7194906543581,-6.58563039534964));
#2468=CARTESIAN_POINT('',(37.4755744899702,-23.1194906543581,-6.58563039534964));
#2469=CARTESIAN_POINT('',(35.88984169198,-23.1194906543581,-6.58563039534965));
#2470=CARTESIAN_POINT('',(37.4755744899702,-23.1194906543581,-6.58563039534965));
#2471=CARTESIAN_POINT('',(35.88984169198,-23.1194906543581,-6.58563039534965));
#2472=CARTESIAN_POINT('',(35.5280366556294,-24.0036460394772,-6.58563039534966));
#2473=CARTESIAN_POINT('',(35.2073958839369,-24.7872068982212,-6.99521936697806));
#2474=CARTESIAN_POINT('',(35.2073958839369,-24.7872068982212,-13.3760414237212));
#2475=CARTESIAN_POINT('',(35.2073958839369,-24.7872068982212,-6.99521936697806));
#2476=CARTESIAN_POINT('',(35.2073958839369,-24.7872068982212,-13.3760414237212));
#2477=CARTESIAN_POINT('',(35.5280366556294,-24.0036460394772,-13.7856303953496));
#2478=CARTESIAN_POINT('',(35.88984169198,-23.1194906543581,-13.7856303953496));
#2479=CARTESIAN_POINT('',(35.2073958839369,-24.7872068982212,-6.99521936697806));
#2480=CARTESIAN_POINT('',(36.4440566878825,-26.7194906543581,-8.00527762568057));
#2481=CARTESIAN_POINT('',(36.4440566878825,-26.7194906543581,-10.1856303953497));
#2482=CARTESIAN_POINT('',(36.4440566878824,-26.7194906543581,-12.3659831650187));
#2483=CARTESIAN_POINT('',(35.2073958839369,-24.7872068982212,-13.3760414237212));
#2484=CARTESIAN_POINT('',(35.88984169198,-23.1194906543581,-13.7856303953496));
#2485=CARTESIAN_POINT('',(37.4755744899702,-23.1194906543581,-13.7856303953496));
#2486=CARTESIAN_POINT('',(35.88984169198,-23.1194906543581,-13.7856303953496));
#2487=CARTESIAN_POINT('',(37.3629969232705,-19.5194906543581,-13.7856303953496));
#2488=CARTESIAN_POINT('',(37.3629969232705,-19.5194906543581,-10.1856303953497));
#2489=CARTESIAN_POINT('',(37.3629969232705,-19.5194906543581,-6.58563039534966));
#2490=CARTESIAN_POINT('',(35.88984169198,-23.1194906543581,-6.58563039534965));
#2491=CARTESIAN_POINT('',(-564.20288451003,-660.557172778813,-16.5856303953496));
#2492=CARTESIAN_POINT('',(-564.15288451003,-57.9575354442362,-634.284530955977));
#2493=CARTESIAN_POINT('',(-564.20288451003,575.766471751599,-31.5856303953496));
#2494=CARTESIAN_POINT('',(-564.15288451003,434.681240058928,390.220129188457));
#2495=CARTESIAN_POINT('',(37.4755744899702,-660.635583527205,-634.28563039535));
#2496=CARTESIAN_POINT('',(42.2601644899702,-660.011349993227,-634.28563039535));
#2497=CARTESIAN_POINT('',(-383.799517731091,-477.712866468786,588.138191487597));
#2498=CARTESIAN_POINT('',(-390.653334623604,-183.652312762679,-758.390498170678));
#2499=CARTESIAN_POINT('',(41.7601644899702,-55.0221273791401,-16.5856303953496));
#2500=CARTESIAN_POINT('',(37.4755744899702,-55.0221273791401,-16.5856303953496));
#2501=CARTESIAN_POINT('',(42.2601644899702,-54.5221217334001,-16.5856303953496));
#2502=CARTESIAN_POINT('',(42.2601644899702,-12.4139466190574,-16.5856303953496));
#2503=CARTESIAN_POINT('',(41.7601644899702,-11.6716733824102,-16.5856303953496));
#2504=CARTESIAN_POINT('',(37.4755744899702,-11.6716733824102,-16.5856303953496));
#2505=CARTESIAN_POINT('',(41.7601644899702,-55.0934098776786,-31.5856303953496));
#2506=CARTESIAN_POINT('',(37.4755744899702,-55.0934098776786,-31.5856303953496));
#2507=CARTESIAN_POINT('',(42.2601644899702,-54.5934042319386,-31.5856303953496));
#2508=CARTESIAN_POINT('',(42.2601644899702,-28.8721543604371,-31.5856303953496));
#2509=CARTESIAN_POINT('',(37.4755744899702,-28.12988112379,-31.5856303953497));
#2510=CARTESIAN_POINT('',(41.7601644899702,-28.12988112379,-31.5856303953497));
#2511=CARTESIAN_POINT('',(41.7601644899702,-55.0221273791401,-16.5856303953496));
#2512=CARTESIAN_POINT('',(37.4755744899702,-55.0221273791401,-16.5856303953496));
#2513=CARTESIAN_POINT('',(42.2601644899702,-54.5221217334001,-16.5856303953496));
#2514=CARTESIAN_POINT('',(41.7601644899702,-55.0221273791401,-16.5856303953496));
#2515=CARTESIAN_POINT('',(42.2601644899702,-12.4139466190574,-16.5856303953496));
#2516=CARTESIAN_POINT('',(42.2601644899702,-54.5221217334001,-16.5856303953496));
#2517=CARTESIAN_POINT('',(41.7601644899702,-11.6716733824102,-16.5856303953496));
#2518=CARTESIAN_POINT('',(42.2601644899702,-12.4139466190574,-16.5856303953496));
#2519=CARTESIAN_POINT('',(37.4755744899702,-11.6716733824102,-16.5856303953496));
#2520=CARTESIAN_POINT('',(41.7601644899702,-11.6716733824102,-16.5856303953496));
#2521=CARTESIAN_POINT('',(37.4755744899702,-55.0221273791401,-16.5856303953496));
#2522=CARTESIAN_POINT('',(37.4755744899702,-11.6716733824102,-16.5856303953496));
#2523=CARTESIAN_POINT('',(41.7601644899702,-55.0934098776786,-31.5856303953496));
#2524=CARTESIAN_POINT('',(37.4755744899702,-55.0934098776786,-31.5856303953496));
#2525=CARTESIAN_POINT('',(41.7601644899702,-55.0221273791401,-16.5856303953496));
#2526=CARTESIAN_POINT('',(41.7601644899702,-55.0934098776786,-31.5856303953496));
#2527=CARTESIAN_POINT('',(37.4755744899702,-55.0934098776786,-31.5856303953496));
#2528=CARTESIAN_POINT('',(37.4755744899702,-55.0221273791401,-16.5856303953496));
#2529=CARTESIAN_POINT('',(42.2601644899702,-54.5934042319386,-31.5856303953496));
#2530=CARTESIAN_POINT('',(42.2601644899702,-28.8721543604371,-31.5856303953496));
#2531=CARTESIAN_POINT('',(41.7601644899702,-55.0934098776786,-31.5856303953496));
#2532=CARTESIAN_POINT('',(42.2601644899702,-54.5934042319386,-31.5856303953496));
#2533=CARTESIAN_POINT('',(37.4755744899702,-28.12988112379,-31.5856303953497));
#2534=CARTESIAN_POINT('',(37.4755744899702,-55.0934098776786,-31.5856303953496));
#2535=CARTESIAN_POINT('',(41.7601644899702,-28.12988112379,-31.5856303953497));
#2536=CARTESIAN_POINT('',(37.4755744899702,-28.12988112379,-31.5856303953497));
#2537=CARTESIAN_POINT('',(42.2601644899702,-28.8721543604371,-31.5856303953496));
#2538=CARTESIAN_POINT('',(41.7601644899702,-28.12988112379,-31.5856303953497));
#2539=CARTESIAN_POINT('',(37.4755744899702,-28.12988112379,-31.5856303953497));
#2540=CARTESIAN_POINT('',(37.4755744899702,-11.6716733824102,-16.5856303953496));
#2541=CARTESIAN_POINT('',(42.2601644899702,-54.5221217334001,-16.5856303953496));
#2542=CARTESIAN_POINT('',(42.2601644899702,-54.5934042319386,-31.5856303953496));
#2543=CARTESIAN_POINT('',(42.2601644899702,-28.8721543604371,-31.5856303953496));
#2544=CARTESIAN_POINT('',(42.2601644899702,-12.4139466190574,-16.5856303953496));
#2545=CARTESIAN_POINT('',(41.7601644899702,-28.12988112379,-31.5856303953497));
#2546=CARTESIAN_POINT('',(41.7601644899702,-11.6716733824102,-16.5856303953496));
#2547=CARTESIAN_POINT('',(0.,0.,0.));
ENDSEC;
END-ISO-10303-21;
