ISO-10303-21;
HEADER;
/* Generated by software containing ST-Developer
 * from STEP Tools, Inc. (www.steptools.com) 
 */
/* OPTION: using custom schema-name function */

FILE_DESCRIPTION(
/* description */ (''),
/* implementation_level */ '2;1');

FILE_NAME(
/* name */ 'BUMPER~1',
/* time_stamp */ '2025-10-10T11:46:41+02:00',
/* author */ (''),
/* organization */ (''),
/* preprocessor_version */ 'ST-DEVELOPER v15',
/* originating_system */ '',
/* authorisation */ '');

FILE_SCHEMA (('AUTOMOTIVE_DESIGN'));
ENDSEC;

DATA;
#10=SHAPE_REPRESENTATION_RELATIONSHIP('','',#1710,#22);
#11=COLOUR_RGB('',0.,0.588235294117647,1.);
#12=FILL_AREA_STYLE_COLOUR('',#11);
#13=FILL_AREA_STYLE('',(#12));
#14=SURFACE_STYLE_FILL_AREA(#13);
#15=SURFACE_SIDE_STYLE('bumper long',(#14));
#16=SURFACE_STYLE_USAGE(.BOTH.,#15);
#17=MECHANICAL_DESIGN_GEOMETRIC_PRESENTATION_REPRESENTATION('',(#19),#1709);
#18=PRESENTATION_STYLE_ASSIGNMENT((#16));
#19=STYLED_ITEM('',(#18),#21);
#20=PRESENTATION_LAYER_ASSIGNMENT('tops','',(#21));
#21=MANIFOLD_SOLID_BREP('bumper long',#23);
#22=ADVANCED_BREP_SHAPE_REPRESENTATION('brep_rep_0',(#21,#1788),#1709);
#23=CLOSED_SHELL('',(#27,#28,#29,#30,#31,#32,#33,#34,#35,#36,#37,#38,#39,
#40,#41,#42,#43,#44,#45,#46,#47,#48,#49,#50,#51,#52,#53,#54,#55,#56,#57,
#58,#59,#60,#61,#62,#63,#64,#65,#66,#67,#68,#69,#70,#71,#72,#73,#74,#75,
#76,#77,#78,#79,#80,#81,#82,#83,#84,#85,#86,#87,#88,#89,#90,#91,#92,#93,
#94,#95,#96,#97,#98,#99,#100,#101,#102,#103,#104,#105,#106,#107,#108,#109,
#110,#111,#112,#113,#114,#115,#116,#117,#118,#119,#120,#121,#122,#123,#124,
#125,#126,#127,#128,#129,#130));
#24=FACE_BOUND('',#241,.T.);
#25=FACE_BOUND('',#259,.T.);
#26=FACE_BOUND('',#263,.T.);
#27=ADVANCED_FACE('',(#131),#1616,.T.);
#28=ADVANCED_FACE('',(#132),#1617,.T.);
#29=ADVANCED_FACE('',(#133),#1618,.T.);
#30=ADVANCED_FACE('',(#134),#1619,.T.);
#31=ADVANCED_FACE('',(#135),#1590,.T.);
#32=ADVANCED_FACE('',(#136,#24),#1620,.T.);
#33=ADVANCED_FACE('',(#137),#1621,.T.);
#34=ADVANCED_FACE('',(#138),#1622,.T.);
#35=ADVANCED_FACE('',(#139),#1623,.T.);
#36=ADVANCED_FACE('',(#140),#1624,.T.);
#37=ADVANCED_FACE('',(#141),#1591,.T.);
#38=ADVANCED_FACE('',(#142),#1625,.T.);
#39=ADVANCED_FACE('',(#143),#1626,.T.);
#40=ADVANCED_FACE('',(#144),#1627,.T.);
#41=ADVANCED_FACE('',(#145),#1628,.T.);
#42=ADVANCED_FACE('',(#146),#1629,.T.);
#43=ADVANCED_FACE('',(#147),#1592,.T.);
#44=ADVANCED_FACE('',(#148),#1630,.T.);
#45=ADVANCED_FACE('',(#149),#1631,.T.);
#46=ADVANCED_FACE('',(#150),#1632,.T.);
#47=ADVANCED_FACE('',(#151),#1633,.T.);
#48=ADVANCED_FACE('',(#152),#1634,.T.);
#49=ADVANCED_FACE('',(#153,#25),#1635,.T.);
#50=ADVANCED_FACE('',(#154),#1636,.T.);
#51=ADVANCED_FACE('',(#155),#1637,.T.);
#52=ADVANCED_FACE('',(#156,#26),#1638,.T.);
#53=ADVANCED_FACE('',(#157),#1639,.T.);
#54=ADVANCED_FACE('',(#158),#1640,.T.);
#55=ADVANCED_FACE('',(#159),#1641,.T.);
#56=ADVANCED_FACE('',(#160),#1642,.T.);
#57=ADVANCED_FACE('',(#161),#1643,.T.);
#58=ADVANCED_FACE('',(#162),#1644,.T.);
#59=ADVANCED_FACE('',(#163),#1593,.T.);
#60=ADVANCED_FACE('',(#164),#1645,.T.);
#61=ADVANCED_FACE('',(#165),#1646,.T.);
#62=ADVANCED_FACE('',(#166),#1647,.T.);
#63=ADVANCED_FACE('',(#167),#1594,.T.);
#64=ADVANCED_FACE('',(#168),#1595,.T.);
#65=ADVANCED_FACE('',(#169),#1648,.T.);
#66=ADVANCED_FACE('',(#170),#1649,.T.);
#67=ADVANCED_FACE('',(#171),#1650,.T.);
#68=ADVANCED_FACE('',(#172),#1651,.T.);
#69=ADVANCED_FACE('',(#173),#1652,.T.);
#70=ADVANCED_FACE('',(#174),#1653,.T.);
#71=ADVANCED_FACE('',(#175),#1654,.T.);
#72=ADVANCED_FACE('',(#176),#1655,.T.);
#73=ADVANCED_FACE('',(#177),#1596,.T.);
#74=ADVANCED_FACE('',(#178),#1597,.T.);
#75=ADVANCED_FACE('',(#179),#1598,.T.);
#76=ADVANCED_FACE('',(#180),#1599,.T.);
#77=ADVANCED_FACE('',(#181),#1656,.T.);
#78=ADVANCED_FACE('',(#182),#1657,.T.);
#79=ADVANCED_FACE('',(#183),#1658,.T.);
#80=ADVANCED_FACE('',(#184),#1659,.T.);
#81=ADVANCED_FACE('',(#185),#1660,.T.);
#82=ADVANCED_FACE('',(#186),#1661,.T.);
#83=ADVANCED_FACE('',(#187),#1662,.T.);
#84=ADVANCED_FACE('',(#188),#1663,.T.);
#85=ADVANCED_FACE('',(#189),#1664,.T.);
#86=ADVANCED_FACE('',(#190),#1665,.T.);
#87=ADVANCED_FACE('',(#191),#1666,.T.);
#88=ADVANCED_FACE('',(#192),#1600,.T.);
#89=ADVANCED_FACE('',(#193),#1601,.T.);
#90=ADVANCED_FACE('',(#194),#1602,.T.);
#91=ADVANCED_FACE('',(#195),#1603,.T.);
#92=ADVANCED_FACE('',(#196),#1667,.T.);
#93=ADVANCED_FACE('',(#197),#1668,.T.);
#94=ADVANCED_FACE('',(#198),#1669,.T.);
#95=ADVANCED_FACE('',(#199),#1604,.T.);
#96=ADVANCED_FACE('',(#200),#1605,.T.);
#97=ADVANCED_FACE('',(#201),#1670,.T.);
#98=ADVANCED_FACE('',(#202),#1606,.T.);
#99=ADVANCED_FACE('',(#203),#1607,.T.);
#100=ADVANCED_FACE('',(#204),#1671,.T.);
#101=ADVANCED_FACE('',(#205),#1672,.T.);
#102=ADVANCED_FACE('',(#206),#1608,.T.);
#103=ADVANCED_FACE('',(#207),#1609,.T.);
#104=ADVANCED_FACE('',(#208),#1673,.T.);
#105=ADVANCED_FACE('',(#209),#1674,.T.);
#106=ADVANCED_FACE('',(#210),#1675,.T.);
#107=ADVANCED_FACE('',(#211),#1676,.T.);
#108=ADVANCED_FACE('',(#212),#1677,.T.);
#109=ADVANCED_FACE('',(#213),#1678,.T.);
#110=ADVANCED_FACE('',(#214),#1610,.T.);
#111=ADVANCED_FACE('',(#215),#1611,.T.);
#112=ADVANCED_FACE('',(#216),#1679,.T.);
#113=ADVANCED_FACE('',(#217),#1680,.T.);
#114=ADVANCED_FACE('',(#218),#1612,.T.);
#115=ADVANCED_FACE('',(#219),#1613,.T.);
#116=ADVANCED_FACE('',(#220),#1681,.T.);
#117=ADVANCED_FACE('',(#221),#1682,.T.);
#118=ADVANCED_FACE('',(#222),#1683,.T.);
#119=ADVANCED_FACE('',(#223),#1684,.T.);
#120=ADVANCED_FACE('',(#224),#1685,.T.);
#121=ADVANCED_FACE('',(#225),#1686,.T.);
#122=ADVANCED_FACE('',(#226),#1588,.T.);
#123=ADVANCED_FACE('',(#227),#1687,.T.);
#124=ADVANCED_FACE('',(#228),#1589,.T.);
#125=ADVANCED_FACE('',(#229),#1688,.T.);
#126=ADVANCED_FACE('',(#230),#1689,.T.);
#127=ADVANCED_FACE('',(#231),#1690,.T.);
#128=ADVANCED_FACE('',(#232),#1691,.T.);
#129=ADVANCED_FACE('',(#233),#1614,.T.);
#130=ADVANCED_FACE('',(#234),#1615,.T.);
#131=FACE_OUTER_BOUND('',#235,.T.);
#132=FACE_OUTER_BOUND('',#236,.T.);
#133=FACE_OUTER_BOUND('',#237,.T.);
#134=FACE_OUTER_BOUND('',#238,.T.);
#135=FACE_OUTER_BOUND('',#239,.T.);
#136=FACE_OUTER_BOUND('',#240,.T.);
#137=FACE_OUTER_BOUND('',#242,.T.);
#138=FACE_OUTER_BOUND('',#243,.T.);
#139=FACE_OUTER_BOUND('',#244,.T.);
#140=FACE_OUTER_BOUND('',#245,.T.);
#141=FACE_OUTER_BOUND('',#246,.T.);
#142=FACE_OUTER_BOUND('',#247,.T.);
#143=FACE_OUTER_BOUND('',#248,.T.);
#144=FACE_OUTER_BOUND('',#249,.T.);
#145=FACE_OUTER_BOUND('',#250,.T.);
#146=FACE_OUTER_BOUND('',#251,.T.);
#147=FACE_OUTER_BOUND('',#252,.T.);
#148=FACE_OUTER_BOUND('',#253,.T.);
#149=FACE_OUTER_BOUND('',#254,.T.);
#150=FACE_OUTER_BOUND('',#255,.T.);
#151=FACE_OUTER_BOUND('',#256,.T.);
#152=FACE_OUTER_BOUND('',#257,.T.);
#153=FACE_OUTER_BOUND('',#258,.T.);
#154=FACE_OUTER_BOUND('',#260,.T.);
#155=FACE_OUTER_BOUND('',#261,.T.);
#156=FACE_OUTER_BOUND('',#262,.T.);
#157=FACE_OUTER_BOUND('',#264,.T.);
#158=FACE_OUTER_BOUND('',#265,.T.);
#159=FACE_OUTER_BOUND('',#266,.T.);
#160=FACE_OUTER_BOUND('',#267,.T.);
#161=FACE_OUTER_BOUND('',#268,.T.);
#162=FACE_OUTER_BOUND('',#269,.T.);
#163=FACE_OUTER_BOUND('',#270,.T.);
#164=FACE_OUTER_BOUND('',#271,.T.);
#165=FACE_OUTER_BOUND('',#272,.T.);
#166=FACE_OUTER_BOUND('',#273,.T.);
#167=FACE_OUTER_BOUND('',#274,.T.);
#168=FACE_OUTER_BOUND('',#275,.T.);
#169=FACE_OUTER_BOUND('',#276,.T.);
#170=FACE_OUTER_BOUND('',#277,.T.);
#171=FACE_OUTER_BOUND('',#278,.T.);
#172=FACE_OUTER_BOUND('',#279,.T.);
#173=FACE_OUTER_BOUND('',#280,.T.);
#174=FACE_OUTER_BOUND('',#281,.T.);
#175=FACE_OUTER_BOUND('',#282,.T.);
#176=FACE_OUTER_BOUND('',#283,.T.);
#177=FACE_OUTER_BOUND('',#284,.T.);
#178=FACE_OUTER_BOUND('',#285,.T.);
#179=FACE_OUTER_BOUND('',#286,.T.);
#180=FACE_OUTER_BOUND('',#287,.T.);
#181=FACE_OUTER_BOUND('',#288,.T.);
#182=FACE_OUTER_BOUND('',#289,.T.);
#183=FACE_OUTER_BOUND('',#290,.T.);
#184=FACE_OUTER_BOUND('',#291,.T.);
#185=FACE_OUTER_BOUND('',#292,.T.);
#186=FACE_OUTER_BOUND('',#293,.T.);
#187=FACE_OUTER_BOUND('',#294,.T.);
#188=FACE_OUTER_BOUND('',#295,.T.);
#189=FACE_OUTER_BOUND('',#296,.T.);
#190=FACE_OUTER_BOUND('',#297,.T.);
#191=FACE_OUTER_BOUND('',#298,.T.);
#192=FACE_OUTER_BOUND('',#299,.T.);
#193=FACE_OUTER_BOUND('',#300,.T.);
#194=FACE_OUTER_BOUND('',#301,.T.);
#195=FACE_OUTER_BOUND('',#302,.T.);
#196=FACE_OUTER_BOUND('',#303,.T.);
#197=FACE_OUTER_BOUND('',#304,.T.);
#198=FACE_OUTER_BOUND('',#305,.T.);
#199=FACE_OUTER_BOUND('',#306,.T.);
#200=FACE_OUTER_BOUND('',#307,.T.);
#201=FACE_OUTER_BOUND('',#308,.T.);
#202=FACE_OUTER_BOUND('',#309,.T.);
#203=FACE_OUTER_BOUND('',#310,.T.);
#204=FACE_OUTER_BOUND('',#311,.T.);
#205=FACE_OUTER_BOUND('',#312,.T.);
#206=FACE_OUTER_BOUND('',#313,.T.);
#207=FACE_OUTER_BOUND('',#314,.T.);
#208=FACE_OUTER_BOUND('',#315,.T.);
#209=FACE_OUTER_BOUND('',#316,.T.);
#210=FACE_OUTER_BOUND('',#317,.T.);
#211=FACE_OUTER_BOUND('',#318,.T.);
#212=FACE_OUTER_BOUND('',#319,.T.);
#213=FACE_OUTER_BOUND('',#320,.T.);
#214=FACE_OUTER_BOUND('',#321,.T.);
#215=FACE_OUTER_BOUND('',#322,.T.);
#216=FACE_OUTER_BOUND('',#323,.T.);
#217=FACE_OUTER_BOUND('',#324,.T.);
#218=FACE_OUTER_BOUND('',#325,.T.);
#219=FACE_OUTER_BOUND('',#326,.T.);
#220=FACE_OUTER_BOUND('',#327,.T.);
#221=FACE_OUTER_BOUND('',#328,.T.);
#222=FACE_OUTER_BOUND('',#329,.T.);
#223=FACE_OUTER_BOUND('',#330,.T.);
#224=FACE_OUTER_BOUND('',#331,.T.);
#225=FACE_OUTER_BOUND('',#332,.T.);
#226=FACE_OUTER_BOUND('',#333,.T.);
#227=FACE_OUTER_BOUND('',#334,.T.);
#228=FACE_OUTER_BOUND('',#335,.T.);
#229=FACE_OUTER_BOUND('',#336,.T.);
#230=FACE_OUTER_BOUND('',#337,.T.);
#231=FACE_OUTER_BOUND('',#338,.T.);
#232=FACE_OUTER_BOUND('',#339,.T.);
#233=FACE_OUTER_BOUND('',#340,.T.);
#234=FACE_OUTER_BOUND('',#341,.T.);
#235=EDGE_LOOP('',(#342,#343,#344,#345));
#236=EDGE_LOOP('',(#346,#347,#348,#349,#350,#351,#352));
#237=EDGE_LOOP('',(#353,#354,#355,#356,#357,#358,#359,#360,#361,#362,#363,
#364,#365,#366));
#238=EDGE_LOOP('',(#367,#368,#369,#370,#371));
#239=EDGE_LOOP('',(#372,#373,#374,#375));
#240=EDGE_LOOP('',(#376,#377,#378,#379));
#241=EDGE_LOOP('',(#380,#381,#382,#383,#384,#385));
#242=EDGE_LOOP('',(#386,#387,#388,#389,#390,#391,#392));
#243=EDGE_LOOP('',(#393,#394,#395,#396,#397,#398,#399,#400));
#244=EDGE_LOOP('',(#401,#402,#403,#404,#405,#406,#407,#408,#409,#410,#411,
#412,#413,#414));
#245=EDGE_LOOP('',(#415,#416,#417,#418,#419));
#246=EDGE_LOOP('',(#420,#421,#422,#423));
#247=EDGE_LOOP('',(#424,#425,#426,#427,#428,#429,#430,#431));
#248=EDGE_LOOP('',(#432,#433,#434,#435,#436));
#249=EDGE_LOOP('',(#437,#438,#439,#440));
#250=EDGE_LOOP('',(#441,#442,#443));
#251=EDGE_LOOP('',(#444,#445,#446));
#252=EDGE_LOOP('',(#447,#448,#449,#450,#451));
#253=EDGE_LOOP('',(#452,#453,#454,#455));
#254=EDGE_LOOP('',(#456,#457,#458,#459,#460));
#255=EDGE_LOOP('',(#461,#462,#463,#464));
#256=EDGE_LOOP('',(#465,#466,#467,#468,#469,#470,#471));
#257=EDGE_LOOP('',(#472,#473,#474,#475));
#258=EDGE_LOOP('',(#476,#477,#478,#479,#480,#481,#482,#483));
#259=EDGE_LOOP('',(#484,#485));
#260=EDGE_LOOP('',(#486,#487,#488,#489,#490));
#261=EDGE_LOOP('',(#491,#492,#493,#494,#495));
#262=EDGE_LOOP('',(#496,#497,#498,#499,#500,#501,#502,#503));
#263=EDGE_LOOP('',(#504,#505));
#264=EDGE_LOOP('',(#506,#507,#508,#509));
#265=EDGE_LOOP('',(#510,#511,#512,#513,#514,#515,#516));
#266=EDGE_LOOP('',(#517,#518,#519,#520));
#267=EDGE_LOOP('',(#521,#522,#523,#524,#525,#526,#527,#528,#529,#530,#531,
#532,#533,#534,#535,#536,#537,#538,#539,#540,#541,#542,#543,#544,#545,#546,
#547,#548));
#268=EDGE_LOOP('',(#549,#550,#551,#552));
#269=EDGE_LOOP('',(#553,#554,#555,#556));
#270=EDGE_LOOP('',(#557,#558,#559,#560,#561));
#271=EDGE_LOOP('',(#562,#563,#564));
#272=EDGE_LOOP('',(#565,#566,#567));
#273=EDGE_LOOP('',(#568,#569,#570,#571,#572,#573,#574,#575,#576,#577,#578,
#579,#580,#581));
#274=EDGE_LOOP('',(#582,#583,#584,#585));
#275=EDGE_LOOP('',(#586,#587,#588,#589));
#276=EDGE_LOOP('',(#590,#591,#592,#593,#594,#595,#596,#597));
#277=EDGE_LOOP('',(#598,#599,#600,#601,#602,#603));
#278=EDGE_LOOP('',(#604,#605,#606,#607,#608,#609,#610,#611));
#279=EDGE_LOOP('',(#612,#613,#614,#615,#616,#617,#618,#619));
#280=EDGE_LOOP('',(#620,#621,#622,#623));
#281=EDGE_LOOP('',(#624,#625,#626,#627));
#282=EDGE_LOOP('',(#628,#629,#630,#631));
#283=EDGE_LOOP('',(#632,#633,#634,#635,#636));
#284=EDGE_LOOP('',(#637,#638,#639,#640));
#285=EDGE_LOOP('',(#641,#642,#643,#644,#645));
#286=EDGE_LOOP('',(#646,#647,#648,#649));
#287=EDGE_LOOP('',(#650,#651,#652,#653));
#288=EDGE_LOOP('',(#654,#655,#656,#657,#658,#659));
#289=EDGE_LOOP('',(#660,#661,#662,#663));
#290=EDGE_LOOP('',(#664,#665,#666,#667,#668));
#291=EDGE_LOOP('',(#669,#670,#671,#672));
#292=EDGE_LOOP('',(#673,#674,#675,#676));
#293=EDGE_LOOP('',(#677,#678,#679,#680));
#294=EDGE_LOOP('',(#681,#682,#683,#684));
#295=EDGE_LOOP('',(#685,#686,#687,#688));
#296=EDGE_LOOP('',(#689,#690,#691,#692));
#297=EDGE_LOOP('',(#693,#694,#695,#696));
#298=EDGE_LOOP('',(#697,#698,#699,#700,#701));
#299=EDGE_LOOP('',(#702,#703,#704,#705));
#300=EDGE_LOOP('',(#706,#707,#708,#709,#710));
#301=EDGE_LOOP('',(#711,#712,#713,#714));
#302=EDGE_LOOP('',(#715,#716,#717,#718));
#303=EDGE_LOOP('',(#719,#720,#721,#722));
#304=EDGE_LOOP('',(#723,#724,#725,#726));
#305=EDGE_LOOP('',(#727,#728,#729));
#306=EDGE_LOOP('',(#730,#731,#732,#733,#734));
#307=EDGE_LOOP('',(#735,#736,#737,#738,#739));
#308=EDGE_LOOP('',(#740,#741,#742,#743));
#309=EDGE_LOOP('',(#744,#745,#746,#747));
#310=EDGE_LOOP('',(#748,#749,#750,#751));
#311=EDGE_LOOP('',(#752,#753,#754,#755));
#312=EDGE_LOOP('',(#756,#757,#758,#759));
#313=EDGE_LOOP('',(#760,#761,#762,#763));
#314=EDGE_LOOP('',(#764,#765,#766,#767));
#315=EDGE_LOOP('',(#768,#769,#770,#771));
#316=EDGE_LOOP('',(#772,#773,#774,#775));
#317=EDGE_LOOP('',(#776,#777,#778,#779));
#318=EDGE_LOOP('',(#780,#781,#782,#783));
#319=EDGE_LOOP('',(#784,#785,#786,#787));
#320=EDGE_LOOP('',(#788,#789,#790,#791));
#321=EDGE_LOOP('',(#792,#793,#794,#795));
#322=EDGE_LOOP('',(#796,#797,#798,#799));
#323=EDGE_LOOP('',(#800,#801,#802,#803));
#324=EDGE_LOOP('',(#804,#805,#806,#807));
#325=EDGE_LOOP('',(#808,#809,#810,#811));
#326=EDGE_LOOP('',(#812,#813,#814,#815));
#327=EDGE_LOOP('',(#816,#817,#818,#819));
#328=EDGE_LOOP('',(#820,#821,#822,#823));
#329=EDGE_LOOP('',(#824,#825,#826,#827));
#330=EDGE_LOOP('',(#828,#829,#830,#831));
#331=EDGE_LOOP('',(#832,#833,#834,#835));
#332=EDGE_LOOP('',(#836,#837,#838,#839));
#333=EDGE_LOOP('',(#840,#841,#842,#843));
#334=EDGE_LOOP('',(#844,#845,#846,#847));
#335=EDGE_LOOP('',(#848,#849,#850,#851));
#336=EDGE_LOOP('',(#852,#853,#854,#855));
#337=EDGE_LOOP('',(#856,#857,#858,#859));
#338=EDGE_LOOP('',(#860,#861,#862,#863,#864,#865));
#339=EDGE_LOOP('',(#866,#867,#868,#869));
#340=EDGE_LOOP('',(#870,#871,#872,#873,#874));
#341=EDGE_LOOP('',(#875,#876,#877,#878,#879));
#342=ORIENTED_EDGE('',*,*,#880,.T.);
#343=ORIENTED_EDGE('',*,*,#881,.T.);
#344=ORIENTED_EDGE('',*,*,#882,.T.);
#345=ORIENTED_EDGE('',*,*,#883,.T.);
#346=ORIENTED_EDGE('',*,*,#884,.T.);
#347=ORIENTED_EDGE('',*,*,#1106,.T.);
#348=ORIENTED_EDGE('',*,*,#885,.T.);
#349=ORIENTED_EDGE('',*,*,#1084,.T.);
#350=ORIENTED_EDGE('',*,*,#940,.T.);
#351=ORIENTED_EDGE('',*,*,#886,.T.);
#352=ORIENTED_EDGE('',*,*,#1103,.T.);
#353=ORIENTED_EDGE('',*,*,#1075,.F.);
#354=ORIENTED_EDGE('',*,*,#888,.F.);
#355=ORIENTED_EDGE('',*,*,#1077,.F.);
#356=ORIENTED_EDGE('',*,*,#1069,.F.);
#357=ORIENTED_EDGE('',*,*,#1079,.F.);
#358=ORIENTED_EDGE('',*,*,#889,.F.);
#359=ORIENTED_EDGE('',*,*,#1076,.F.);
#360=ORIENTED_EDGE('',*,*,#890,.F.);
#361=ORIENTED_EDGE('',*,*,#891,.F.);
#362=ORIENTED_EDGE('',*,*,#884,.F.);
#363=ORIENTED_EDGE('',*,*,#892,.F.);
#364=ORIENTED_EDGE('',*,*,#893,.F.);
#365=ORIENTED_EDGE('',*,*,#894,.F.);
#366=ORIENTED_EDGE('',*,*,#887,.F.);
#367=ORIENTED_EDGE('',*,*,#895,.T.);
#368=ORIENTED_EDGE('',*,*,#896,.T.);
#369=ORIENTED_EDGE('',*,*,#890,.T.);
#370=ORIENTED_EDGE('',*,*,#897,.T.);
#371=ORIENTED_EDGE('',*,*,#898,.T.);
#372=ORIENTED_EDGE('',*,*,#899,.F.);
#373=ORIENTED_EDGE('',*,*,#900,.F.);
#374=ORIENTED_EDGE('',*,*,#901,.F.);
#375=ORIENTED_EDGE('',*,*,#894,.T.);
#376=ORIENTED_EDGE('',*,*,#902,.T.);
#377=ORIENTED_EDGE('',*,*,#903,.T.);
#378=ORIENTED_EDGE('',*,*,#904,.T.);
#379=ORIENTED_EDGE('',*,*,#905,.T.);
#380=ORIENTED_EDGE('',*,*,#910,.T.);
#381=ORIENTED_EDGE('',*,*,#906,.T.);
#382=ORIENTED_EDGE('',*,*,#907,.T.);
#383=ORIENTED_EDGE('',*,*,#908,.T.);
#384=ORIENTED_EDGE('',*,*,#880,.F.);
#385=ORIENTED_EDGE('',*,*,#909,.T.);
#386=ORIENTED_EDGE('',*,*,#911,.T.);
#387=ORIENTED_EDGE('',*,*,#1126,.T.);
#388=ORIENTED_EDGE('',*,*,#912,.T.);
#389=ORIENTED_EDGE('',*,*,#1122,.T.);
#390=ORIENTED_EDGE('',*,*,#913,.T.);
#391=ORIENTED_EDGE('',*,*,#916,.T.);
#392=ORIENTED_EDGE('',*,*,#1085,.T.);
#393=ORIENTED_EDGE('',*,*,#914,.T.);
#394=ORIENTED_EDGE('',*,*,#1138,.T.);
#395=ORIENTED_EDGE('',*,*,#915,.T.);
#396=ORIENTED_EDGE('',*,*,#916,.F.);
#397=ORIENTED_EDGE('',*,*,#917,.T.);
#398=ORIENTED_EDGE('',*,*,#918,.T.);
#399=ORIENTED_EDGE('',*,*,#919,.T.);
#400=ORIENTED_EDGE('',*,*,#920,.T.);
#401=ORIENTED_EDGE('',*,*,#1043,.F.);
#402=ORIENTED_EDGE('',*,*,#922,.F.);
#403=ORIENTED_EDGE('',*,*,#923,.F.);
#404=ORIENTED_EDGE('',*,*,#924,.F.);
#405=ORIENTED_EDGE('',*,*,#925,.F.);
#406=ORIENTED_EDGE('',*,*,#912,.F.);
#407=ORIENTED_EDGE('',*,*,#926,.F.);
#408=ORIENTED_EDGE('',*,*,#927,.F.);
#409=ORIENTED_EDGE('',*,*,#1045,.F.);
#410=ORIENTED_EDGE('',*,*,#928,.F.);
#411=ORIENTED_EDGE('',*,*,#1049,.F.);
#412=ORIENTED_EDGE('',*,*,#1041,.F.);
#413=ORIENTED_EDGE('',*,*,#1047,.F.);
#414=ORIENTED_EDGE('',*,*,#921,.F.);
#415=ORIENTED_EDGE('',*,*,#929,.F.);
#416=ORIENTED_EDGE('',*,*,#930,.F.);
#417=ORIENTED_EDGE('',*,*,#931,.F.);
#418=ORIENTED_EDGE('',*,*,#932,.F.);
#419=ORIENTED_EDGE('',*,*,#927,.T.);
#420=ORIENTED_EDGE('',*,*,#933,.T.);
#421=ORIENTED_EDGE('',*,*,#919,.F.);
#422=ORIENTED_EDGE('',*,*,#934,.F.);
#423=ORIENTED_EDGE('',*,*,#923,.T.);
#424=ORIENTED_EDGE('',*,*,#935,.T.);
#425=ORIENTED_EDGE('',*,*,#1127,.T.);
#426=ORIENTED_EDGE('',*,*,#936,.T.);
#427=ORIENTED_EDGE('',*,*,#937,.T.);
#428=ORIENTED_EDGE('',*,*,#900,.T.);
#429=ORIENTED_EDGE('',*,*,#938,.T.);
#430=ORIENTED_EDGE('',*,*,#939,.T.);
#431=ORIENTED_EDGE('',*,*,#940,.F.);
#432=ORIENTED_EDGE('',*,*,#941,.F.);
#433=ORIENTED_EDGE('',*,*,#942,.F.);
#434=ORIENTED_EDGE('',*,*,#943,.F.);
#435=ORIENTED_EDGE('',*,*,#944,.F.);
#436=ORIENTED_EDGE('',*,*,#936,.F.);
#437=ORIENTED_EDGE('',*,*,#945,.T.);
#438=ORIENTED_EDGE('',*,*,#946,.T.);
#439=ORIENTED_EDGE('',*,*,#947,.T.);
#440=ORIENTED_EDGE('',*,*,#948,.T.);
#441=ORIENTED_EDGE('',*,*,#951,.F.);
#442=ORIENTED_EDGE('',*,*,#950,.F.);
#443=ORIENTED_EDGE('',*,*,#949,.F.);
#444=ORIENTED_EDGE('',*,*,#952,.T.);
#445=ORIENTED_EDGE('',*,*,#1146,.T.);
#446=ORIENTED_EDGE('',*,*,#949,.T.);
#447=ORIENTED_EDGE('',*,*,#1145,.T.);
#448=ORIENTED_EDGE('',*,*,#953,.T.);
#449=ORIENTED_EDGE('',*,*,#955,.F.);
#450=ORIENTED_EDGE('',*,*,#951,.T.);
#451=ORIENTED_EDGE('',*,*,#1146,.F.);
#452=ORIENTED_EDGE('',*,*,#956,.F.);
#453=ORIENTED_EDGE('',*,*,#957,.F.);
#454=ORIENTED_EDGE('',*,*,#958,.F.);
#455=ORIENTED_EDGE('',*,*,#943,.T.);
#456=ORIENTED_EDGE('',*,*,#960,.F.);
#457=ORIENTED_EDGE('',*,*,#914,.F.);
#458=ORIENTED_EDGE('',*,*,#961,.F.);
#459=ORIENTED_EDGE('',*,*,#962,.F.);
#460=ORIENTED_EDGE('',*,*,#959,.F.);
#461=ORIENTED_EDGE('',*,*,#963,.T.);
#462=ORIENTED_EDGE('',*,*,#964,.T.);
#463=ORIENTED_EDGE('',*,*,#962,.T.);
#464=ORIENTED_EDGE('',*,*,#965,.T.);
#465=ORIENTED_EDGE('',*,*,#1017,.F.);
#466=ORIENTED_EDGE('',*,*,#967,.F.);
#467=ORIENTED_EDGE('',*,*,#1014,.F.);
#468=ORIENTED_EDGE('',*,*,#963,.F.);
#469=ORIENTED_EDGE('',*,*,#968,.F.);
#470=ORIENTED_EDGE('',*,*,#999,.F.);
#471=ORIENTED_EDGE('',*,*,#966,.F.);
#472=ORIENTED_EDGE('',*,*,#970,.F.);
#473=ORIENTED_EDGE('',*,*,#966,.T.);
#474=ORIENTED_EDGE('',*,*,#971,.F.);
#475=ORIENTED_EDGE('',*,*,#969,.F.);
#476=ORIENTED_EDGE('',*,*,#972,.F.);
#477=ORIENTED_EDGE('',*,*,#1018,.F.);
#478=ORIENTED_EDGE('',*,*,#969,.T.);
#479=ORIENTED_EDGE('',*,*,#1000,.F.);
#480=ORIENTED_EDGE('',*,*,#973,.F.);
#481=ORIENTED_EDGE('',*,*,#974,.F.);
#482=ORIENTED_EDGE('',*,*,#975,.F.);
#483=ORIENTED_EDGE('',*,*,#1010,.F.);
#484=ORIENTED_EDGE('',*,*,#953,.F.);
#485=ORIENTED_EDGE('',*,*,#954,.F.);
#486=ORIENTED_EDGE('',*,*,#976,.F.);
#487=ORIENTED_EDGE('',*,*,#1144,.F.);
#488=ORIENTED_EDGE('',*,*,#974,.T.);
#489=ORIENTED_EDGE('',*,*,#977,.T.);
#490=ORIENTED_EDGE('',*,*,#904,.F.);
#491=ORIENTED_EDGE('',*,*,#978,.T.);
#492=ORIENTED_EDGE('',*,*,#1140,.T.);
#493=ORIENTED_EDGE('',*,*,#979,.T.);
#494=ORIENTED_EDGE('',*,*,#902,.F.);
#495=ORIENTED_EDGE('',*,*,#980,.T.);
#496=ORIENTED_EDGE('',*,*,#981,.F.);
#497=ORIENTED_EDGE('',*,*,#1016,.F.);
#498=ORIENTED_EDGE('',*,*,#945,.F.);
#499=ORIENTED_EDGE('',*,*,#1012,.F.);
#500=ORIENTED_EDGE('',*,*,#982,.F.);
#501=ORIENTED_EDGE('',*,*,#978,.F.);
#502=ORIENTED_EDGE('',*,*,#983,.F.);
#503=ORIENTED_EDGE('',*,*,#1002,.F.);
#504=ORIENTED_EDGE('',*,*,#1003,.F.);
#505=ORIENTED_EDGE('',*,*,#1004,.F.);
#506=ORIENTED_EDGE('',*,*,#984,.T.);
#507=ORIENTED_EDGE('',*,*,#985,.T.);
#508=ORIENTED_EDGE('',*,*,#981,.T.);
#509=ORIENTED_EDGE('',*,*,#986,.T.);
#510=ORIENTED_EDGE('',*,*,#947,.F.);
#511=ORIENTED_EDGE('',*,*,#1015,.F.);
#512=ORIENTED_EDGE('',*,*,#984,.F.);
#513=ORIENTED_EDGE('',*,*,#1001,.T.);
#514=ORIENTED_EDGE('',*,*,#987,.T.);
#515=ORIENTED_EDGE('',*,*,#957,.T.);
#516=ORIENTED_EDGE('',*,*,#1013,.F.);
#517=ORIENTED_EDGE('',*,*,#967,.T.);
#518=ORIENTED_EDGE('',*,*,#988,.T.);
#519=ORIENTED_EDGE('',*,*,#972,.T.);
#520=ORIENTED_EDGE('',*,*,#989,.T.);
#521=ORIENTED_EDGE('',*,*,#991,.F.);
#522=ORIENTED_EDGE('',*,*,#992,.F.);
#523=ORIENTED_EDGE('',*,*,#887,.T.);
#524=ORIENTED_EDGE('',*,*,#901,.T.);
#525=ORIENTED_EDGE('',*,*,#937,.F.);
#526=ORIENTED_EDGE('',*,*,#944,.T.);
#527=ORIENTED_EDGE('',*,*,#958,.T.);
#528=ORIENTED_EDGE('',*,*,#987,.F.);
#529=ORIENTED_EDGE('',*,*,#993,.F.);
#530=ORIENTED_EDGE('',*,*,#983,.T.);
#531=ORIENTED_EDGE('',*,*,#980,.F.);
#532=ORIENTED_EDGE('',*,*,#905,.F.);
#533=ORIENTED_EDGE('',*,*,#977,.F.);
#534=ORIENTED_EDGE('',*,*,#973,.T.);
#535=ORIENTED_EDGE('',*,*,#994,.F.);
#536=ORIENTED_EDGE('',*,*,#968,.T.);
#537=ORIENTED_EDGE('',*,*,#965,.F.);
#538=ORIENTED_EDGE('',*,*,#961,.T.);
#539=ORIENTED_EDGE('',*,*,#920,.F.);
#540=ORIENTED_EDGE('',*,*,#933,.F.);
#541=ORIENTED_EDGE('',*,*,#922,.T.);
#542=ORIENTED_EDGE('',*,*,#995,.F.);
#543=ORIENTED_EDGE('',*,*,#996,.F.);
#544=ORIENTED_EDGE('',*,*,#997,.F.);
#545=ORIENTED_EDGE('',*,*,#931,.T.);
#546=ORIENTED_EDGE('',*,*,#998,.F.);
#547=ORIENTED_EDGE('',*,*,#898,.F.);
#548=ORIENTED_EDGE('',*,*,#990,.F.);
#549=ORIENTED_EDGE('',*,*,#994,.T.);
#550=ORIENTED_EDGE('',*,*,#1000,.T.);
#551=ORIENTED_EDGE('',*,*,#971,.T.);
#552=ORIENTED_EDGE('',*,*,#999,.T.);
#553=ORIENTED_EDGE('',*,*,#1001,.F.);
#554=ORIENTED_EDGE('',*,*,#986,.F.);
#555=ORIENTED_EDGE('',*,*,#1002,.T.);
#556=ORIENTED_EDGE('',*,*,#993,.T.);
#557=ORIENTED_EDGE('',*,*,#1147,.T.);
#558=ORIENTED_EDGE('',*,*,#1004,.T.);
#559=ORIENTED_EDGE('',*,*,#1005,.F.);
#560=ORIENTED_EDGE('',*,*,#1007,.T.);
#561=ORIENTED_EDGE('',*,*,#1006,.T.);
#562=ORIENTED_EDGE('',*,*,#1148,.F.);
#563=ORIENTED_EDGE('',*,*,#1006,.F.);
#564=ORIENTED_EDGE('',*,*,#1008,.F.);
#565=ORIENTED_EDGE('',*,*,#1007,.F.);
#566=ORIENTED_EDGE('',*,*,#1009,.F.);
#567=ORIENTED_EDGE('',*,*,#1008,.T.);
#568=ORIENTED_EDGE('',*,*,#1010,.T.);
#569=ORIENTED_EDGE('',*,*,#1143,.T.);
#570=ORIENTED_EDGE('',*,*,#1011,.T.);
#571=ORIENTED_EDGE('',*,*,#1139,.T.);
#572=ORIENTED_EDGE('',*,*,#1012,.T.);
#573=ORIENTED_EDGE('',*,*,#948,.F.);
#574=ORIENTED_EDGE('',*,*,#1013,.T.);
#575=ORIENTED_EDGE('',*,*,#956,.T.);
#576=ORIENTED_EDGE('',*,*,#942,.T.);
#577=ORIENTED_EDGE('',*,*,#1024,.F.);
#578=ORIENTED_EDGE('',*,*,#959,.T.);
#579=ORIENTED_EDGE('',*,*,#964,.F.);
#580=ORIENTED_EDGE('',*,*,#1014,.T.);
#581=ORIENTED_EDGE('',*,*,#989,.F.);
#582=ORIENTED_EDGE('',*,*,#1015,.T.);
#583=ORIENTED_EDGE('',*,*,#946,.F.);
#584=ORIENTED_EDGE('',*,*,#1016,.T.);
#585=ORIENTED_EDGE('',*,*,#985,.F.);
#586=ORIENTED_EDGE('',*,*,#1017,.T.);
#587=ORIENTED_EDGE('',*,*,#970,.T.);
#588=ORIENTED_EDGE('',*,*,#1018,.T.);
#589=ORIENTED_EDGE('',*,*,#988,.F.);
#590=ORIENTED_EDGE('',*,*,#1019,.T.);
#591=ORIENTED_EDGE('',*,*,#1020,.T.);
#592=ORIENTED_EDGE('',*,*,#1021,.T.);
#593=ORIENTED_EDGE('',*,*,#1022,.T.);
#594=ORIENTED_EDGE('',*,*,#895,.F.);
#595=ORIENTED_EDGE('',*,*,#998,.T.);
#596=ORIENTED_EDGE('',*,*,#930,.T.);
#597=ORIENTED_EDGE('',*,*,#1023,.T.);
#598=ORIENTED_EDGE('',*,*,#1136,.T.);
#599=ORIENTED_EDGE('',*,*,#1137,.T.);
#600=ORIENTED_EDGE('',*,*,#1024,.T.);
#601=ORIENTED_EDGE('',*,*,#1128,.T.);
#602=ORIENTED_EDGE('',*,*,#1132,.T.);
#603=ORIENTED_EDGE('',*,*,#1025,.T.);
#604=ORIENTED_EDGE('',*,*,#1026,.F.);
#605=ORIENTED_EDGE('',*,*,#1118,.F.);
#606=ORIENTED_EDGE('',*,*,#1027,.F.);
#607=ORIENTED_EDGE('',*,*,#1111,.F.);
#608=ORIENTED_EDGE('',*,*,#1108,.F.);
#609=ORIENTED_EDGE('',*,*,#1109,.F.);
#610=ORIENTED_EDGE('',*,*,#1028,.F.);
#611=ORIENTED_EDGE('',*,*,#1117,.F.);
#612=ORIENTED_EDGE('',*,*,#1100,.T.);
#613=ORIENTED_EDGE('',*,*,#1029,.T.);
#614=ORIENTED_EDGE('',*,*,#1096,.T.);
#615=ORIENTED_EDGE('',*,*,#1030,.T.);
#616=ORIENTED_EDGE('',*,*,#1088,.T.);
#617=ORIENTED_EDGE('',*,*,#1086,.T.);
#618=ORIENTED_EDGE('',*,*,#1093,.T.);
#619=ORIENTED_EDGE('',*,*,#1031,.T.);
#620=ORIENTED_EDGE('',*,*,#1033,.F.);
#621=ORIENTED_EDGE('',*,*,#1034,.F.);
#622=ORIENTED_EDGE('',*,*,#928,.T.);
#623=ORIENTED_EDGE('',*,*,#1032,.F.);
#624=ORIENTED_EDGE('',*,*,#1036,.F.);
#625=ORIENTED_EDGE('',*,*,#1037,.F.);
#626=ORIENTED_EDGE('',*,*,#921,.T.);
#627=ORIENTED_EDGE('',*,*,#1035,.F.);
#628=ORIENTED_EDGE('',*,*,#1039,.F.);
#629=ORIENTED_EDGE('',*,*,#1040,.F.);
#630=ORIENTED_EDGE('',*,*,#1041,.T.);
#631=ORIENTED_EDGE('',*,*,#1038,.F.);
#632=ORIENTED_EDGE('',*,*,#1042,.T.);
#633=ORIENTED_EDGE('',*,*,#1123,.T.);
#634=ORIENTED_EDGE('',*,*,#924,.T.);
#635=ORIENTED_EDGE('',*,*,#934,.T.);
#636=ORIENTED_EDGE('',*,*,#918,.F.);
#637=ORIENTED_EDGE('',*,*,#1037,.T.);
#638=ORIENTED_EDGE('',*,*,#1120,.F.);
#639=ORIENTED_EDGE('',*,*,#995,.T.);
#640=ORIENTED_EDGE('',*,*,#1043,.T.);
#641=ORIENTED_EDGE('',*,*,#997,.T.);
#642=ORIENTED_EDGE('',*,*,#1044,.T.);
#643=ORIENTED_EDGE('',*,*,#1032,.T.);
#644=ORIENTED_EDGE('',*,*,#1045,.T.);
#645=ORIENTED_EDGE('',*,*,#932,.T.);
#646=ORIENTED_EDGE('',*,*,#1040,.T.);
#647=ORIENTED_EDGE('',*,*,#1046,.T.);
#648=ORIENTED_EDGE('',*,*,#1035,.T.);
#649=ORIENTED_EDGE('',*,*,#1047,.T.);
#650=ORIENTED_EDGE('',*,*,#1034,.T.);
#651=ORIENTED_EDGE('',*,*,#1048,.T.);
#652=ORIENTED_EDGE('',*,*,#1038,.T.);
#653=ORIENTED_EDGE('',*,*,#1049,.T.);
#654=ORIENTED_EDGE('',*,*,#1050,.T.);
#655=ORIENTED_EDGE('',*,*,#1051,.T.);
#656=ORIENTED_EDGE('',*,*,#882,.F.);
#657=ORIENTED_EDGE('',*,*,#1052,.T.);
#658=ORIENTED_EDGE('',*,*,#1053,.T.);
#659=ORIENTED_EDGE('',*,*,#906,.F.);
#660=ORIENTED_EDGE('',*,*,#1053,.F.);
#661=ORIENTED_EDGE('',*,*,#1054,.T.);
#662=ORIENTED_EDGE('',*,*,#1082,.T.);
#663=ORIENTED_EDGE('',*,*,#907,.F.);
#664=ORIENTED_EDGE('',*,*,#1062,.F.);
#665=ORIENTED_EDGE('',*,*,#1055,.F.);
#666=ORIENTED_EDGE('',*,*,#1050,.F.);
#667=ORIENTED_EDGE('',*,*,#910,.F.);
#668=ORIENTED_EDGE('',*,*,#1058,.F.);
#669=ORIENTED_EDGE('',*,*,#1056,.T.);
#670=ORIENTED_EDGE('',*,*,#1057,.T.);
#671=ORIENTED_EDGE('',*,*,#1058,.T.);
#672=ORIENTED_EDGE('',*,*,#909,.F.);
#673=ORIENTED_EDGE('',*,*,#1055,.T.);
#674=ORIENTED_EDGE('',*,*,#1059,.T.);
#675=ORIENTED_EDGE('',*,*,#1060,.T.);
#676=ORIENTED_EDGE('',*,*,#1051,.F.);
#677=ORIENTED_EDGE('',*,*,#1061,.F.);
#678=ORIENTED_EDGE('',*,*,#1056,.F.);
#679=ORIENTED_EDGE('',*,*,#883,.F.);
#680=ORIENTED_EDGE('',*,*,#1060,.F.);
#681=ORIENTED_EDGE('',*,*,#1059,.F.);
#682=ORIENTED_EDGE('',*,*,#1062,.T.);
#683=ORIENTED_EDGE('',*,*,#1057,.F.);
#684=ORIENTED_EDGE('',*,*,#1061,.T.);
#685=ORIENTED_EDGE('',*,*,#1063,.T.);
#686=ORIENTED_EDGE('',*,*,#1064,.T.);
#687=ORIENTED_EDGE('',*,*,#1065,.T.);
#688=ORIENTED_EDGE('',*,*,#889,.T.);
#689=ORIENTED_EDGE('',*,*,#1066,.T.);
#690=ORIENTED_EDGE('',*,*,#1067,.T.);
#691=ORIENTED_EDGE('',*,*,#1068,.T.);
#692=ORIENTED_EDGE('',*,*,#1069,.T.);
#693=ORIENTED_EDGE('',*,*,#1070,.T.);
#694=ORIENTED_EDGE('',*,*,#1071,.T.);
#695=ORIENTED_EDGE('',*,*,#1072,.T.);
#696=ORIENTED_EDGE('',*,*,#888,.T.);
#697=ORIENTED_EDGE('',*,*,#893,.T.);
#698=ORIENTED_EDGE('',*,*,#1102,.T.);
#699=ORIENTED_EDGE('',*,*,#1073,.T.);
#700=ORIENTED_EDGE('',*,*,#938,.F.);
#701=ORIENTED_EDGE('',*,*,#899,.T.);
#702=ORIENTED_EDGE('',*,*,#992,.T.);
#703=ORIENTED_EDGE('',*,*,#1074,.T.);
#704=ORIENTED_EDGE('',*,*,#1070,.F.);
#705=ORIENTED_EDGE('',*,*,#1075,.T.);
#706=ORIENTED_EDGE('',*,*,#1065,.F.);
#707=ORIENTED_EDGE('',*,*,#1098,.F.);
#708=ORIENTED_EDGE('',*,*,#990,.T.);
#709=ORIENTED_EDGE('',*,*,#897,.F.);
#710=ORIENTED_EDGE('',*,*,#1076,.T.);
#711=ORIENTED_EDGE('',*,*,#1072,.F.);
#712=ORIENTED_EDGE('',*,*,#1091,.F.);
#713=ORIENTED_EDGE('',*,*,#1066,.F.);
#714=ORIENTED_EDGE('',*,*,#1077,.T.);
#715=ORIENTED_EDGE('',*,*,#1068,.F.);
#716=ORIENTED_EDGE('',*,*,#1078,.T.);
#717=ORIENTED_EDGE('',*,*,#1063,.F.);
#718=ORIENTED_EDGE('',*,*,#1079,.T.);
#719=ORIENTED_EDGE('',*,*,#1052,.F.);
#720=ORIENTED_EDGE('',*,*,#1080,.F.);
#721=ORIENTED_EDGE('',*,*,#1081,.F.);
#722=ORIENTED_EDGE('',*,*,#1054,.F.);
#723=ORIENTED_EDGE('',*,*,#1081,.T.);
#724=ORIENTED_EDGE('',*,*,#1083,.T.);
#725=ORIENTED_EDGE('',*,*,#908,.F.);
#726=ORIENTED_EDGE('',*,*,#1082,.F.);
#727=ORIENTED_EDGE('',*,*,#1083,.F.);
#728=ORIENTED_EDGE('',*,*,#1080,.T.);
#729=ORIENTED_EDGE('',*,*,#881,.F.);
#730=ORIENTED_EDGE('',*,*,#1021,.F.);
#731=ORIENTED_EDGE('',*,*,#1130,.T.);
#732=ORIENTED_EDGE('',*,*,#935,.F.);
#733=ORIENTED_EDGE('',*,*,#1084,.F.);
#734=ORIENTED_EDGE('',*,*,#1104,.T.);
#735=ORIENTED_EDGE('',*,*,#915,.F.);
#736=ORIENTED_EDGE('',*,*,#1134,.T.);
#737=ORIENTED_EDGE('',*,*,#1019,.F.);
#738=ORIENTED_EDGE('',*,*,#1124,.T.);
#739=ORIENTED_EDGE('',*,*,#1085,.F.);
#740=ORIENTED_EDGE('',*,*,#1086,.F.);
#741=ORIENTED_EDGE('',*,*,#1087,.F.);
#742=ORIENTED_EDGE('',*,*,#1067,.F.);
#743=ORIENTED_EDGE('',*,*,#1090,.F.);
#744=ORIENTED_EDGE('',*,*,#1087,.T.);
#745=ORIENTED_EDGE('',*,*,#1088,.F.);
#746=ORIENTED_EDGE('',*,*,#1089,.T.);
#747=ORIENTED_EDGE('',*,*,#1078,.F.);
#748=ORIENTED_EDGE('',*,*,#1090,.T.);
#749=ORIENTED_EDGE('',*,*,#1091,.T.);
#750=ORIENTED_EDGE('',*,*,#1092,.T.);
#751=ORIENTED_EDGE('',*,*,#1093,.F.);
#752=ORIENTED_EDGE('',*,*,#1030,.F.);
#753=ORIENTED_EDGE('',*,*,#1095,.F.);
#754=ORIENTED_EDGE('',*,*,#1064,.F.);
#755=ORIENTED_EDGE('',*,*,#1089,.F.);
#756=ORIENTED_EDGE('',*,*,#1071,.F.);
#757=ORIENTED_EDGE('',*,*,#1094,.F.);
#758=ORIENTED_EDGE('',*,*,#1031,.F.);
#759=ORIENTED_EDGE('',*,*,#1092,.F.);
#760=ORIENTED_EDGE('',*,*,#1095,.T.);
#761=ORIENTED_EDGE('',*,*,#1096,.F.);
#762=ORIENTED_EDGE('',*,*,#1097,.T.);
#763=ORIENTED_EDGE('',*,*,#1098,.T.);
#764=ORIENTED_EDGE('',*,*,#1094,.T.);
#765=ORIENTED_EDGE('',*,*,#1074,.F.);
#766=ORIENTED_EDGE('',*,*,#1099,.T.);
#767=ORIENTED_EDGE('',*,*,#1100,.F.);
#768=ORIENTED_EDGE('',*,*,#1097,.F.);
#769=ORIENTED_EDGE('',*,*,#1029,.F.);
#770=ORIENTED_EDGE('',*,*,#1099,.F.);
#771=ORIENTED_EDGE('',*,*,#991,.T.);
#772=ORIENTED_EDGE('',*,*,#939,.F.);
#773=ORIENTED_EDGE('',*,*,#1073,.F.);
#774=ORIENTED_EDGE('',*,*,#1101,.T.);
#775=ORIENTED_EDGE('',*,*,#886,.F.);
#776=ORIENTED_EDGE('',*,*,#1102,.F.);
#777=ORIENTED_EDGE('',*,*,#892,.T.);
#778=ORIENTED_EDGE('',*,*,#1103,.F.);
#779=ORIENTED_EDGE('',*,*,#1101,.F.);
#780=ORIENTED_EDGE('',*,*,#885,.F.);
#781=ORIENTED_EDGE('',*,*,#1105,.F.);
#782=ORIENTED_EDGE('',*,*,#1022,.F.);
#783=ORIENTED_EDGE('',*,*,#1104,.F.);
#784=ORIENTED_EDGE('',*,*,#1106,.F.);
#785=ORIENTED_EDGE('',*,*,#891,.T.);
#786=ORIENTED_EDGE('',*,*,#896,.F.);
#787=ORIENTED_EDGE('',*,*,#1105,.T.);
#788=ORIENTED_EDGE('',*,*,#1039,.T.);
#789=ORIENTED_EDGE('',*,*,#1107,.F.);
#790=ORIENTED_EDGE('',*,*,#1108,.T.);
#791=ORIENTED_EDGE('',*,*,#1110,.F.);
#792=ORIENTED_EDGE('',*,*,#1107,.T.);
#793=ORIENTED_EDGE('',*,*,#1048,.F.);
#794=ORIENTED_EDGE('',*,*,#1112,.T.);
#795=ORIENTED_EDGE('',*,*,#1109,.T.);
#796=ORIENTED_EDGE('',*,*,#1110,.T.);
#797=ORIENTED_EDGE('',*,*,#1111,.T.);
#798=ORIENTED_EDGE('',*,*,#1114,.T.);
#799=ORIENTED_EDGE('',*,*,#1046,.F.);
#800=ORIENTED_EDGE('',*,*,#1033,.T.);
#801=ORIENTED_EDGE('',*,*,#1113,.F.);
#802=ORIENTED_EDGE('',*,*,#1028,.T.);
#803=ORIENTED_EDGE('',*,*,#1112,.F.);
#804=ORIENTED_EDGE('',*,*,#1027,.T.);
#805=ORIENTED_EDGE('',*,*,#1115,.F.);
#806=ORIENTED_EDGE('',*,*,#1036,.T.);
#807=ORIENTED_EDGE('',*,*,#1114,.F.);
#808=ORIENTED_EDGE('',*,*,#1113,.T.);
#809=ORIENTED_EDGE('',*,*,#1044,.F.);
#810=ORIENTED_EDGE('',*,*,#1116,.T.);
#811=ORIENTED_EDGE('',*,*,#1117,.T.);
#812=ORIENTED_EDGE('',*,*,#1115,.T.);
#813=ORIENTED_EDGE('',*,*,#1118,.T.);
#814=ORIENTED_EDGE('',*,*,#1119,.T.);
#815=ORIENTED_EDGE('',*,*,#1120,.T.);
#816=ORIENTED_EDGE('',*,*,#996,.T.);
#817=ORIENTED_EDGE('',*,*,#1119,.F.);
#818=ORIENTED_EDGE('',*,*,#1026,.T.);
#819=ORIENTED_EDGE('',*,*,#1116,.F.);
#820=ORIENTED_EDGE('',*,*,#913,.F.);
#821=ORIENTED_EDGE('',*,*,#1121,.F.);
#822=ORIENTED_EDGE('',*,*,#1042,.F.);
#823=ORIENTED_EDGE('',*,*,#917,.F.);
#824=ORIENTED_EDGE('',*,*,#1121,.T.);
#825=ORIENTED_EDGE('',*,*,#1122,.F.);
#826=ORIENTED_EDGE('',*,*,#925,.T.);
#827=ORIENTED_EDGE('',*,*,#1123,.F.);
#828=ORIENTED_EDGE('',*,*,#1023,.F.);
#829=ORIENTED_EDGE('',*,*,#1125,.F.);
#830=ORIENTED_EDGE('',*,*,#911,.F.);
#831=ORIENTED_EDGE('',*,*,#1124,.F.);
#832=ORIENTED_EDGE('',*,*,#1125,.T.);
#833=ORIENTED_EDGE('',*,*,#929,.T.);
#834=ORIENTED_EDGE('',*,*,#926,.T.);
#835=ORIENTED_EDGE('',*,*,#1126,.F.);
#836=ORIENTED_EDGE('',*,*,#1127,.F.);
#837=ORIENTED_EDGE('',*,*,#1129,.F.);
#838=ORIENTED_EDGE('',*,*,#1128,.F.);
#839=ORIENTED_EDGE('',*,*,#941,.T.);
#840=ORIENTED_EDGE('',*,*,#1129,.T.);
#841=ORIENTED_EDGE('',*,*,#1130,.F.);
#842=ORIENTED_EDGE('',*,*,#1131,.T.);
#843=ORIENTED_EDGE('',*,*,#1132,.F.);
#844=ORIENTED_EDGE('',*,*,#1020,.F.);
#845=ORIENTED_EDGE('',*,*,#1133,.F.);
#846=ORIENTED_EDGE('',*,*,#1025,.F.);
#847=ORIENTED_EDGE('',*,*,#1131,.F.);
#848=ORIENTED_EDGE('',*,*,#1133,.T.);
#849=ORIENTED_EDGE('',*,*,#1134,.F.);
#850=ORIENTED_EDGE('',*,*,#1135,.T.);
#851=ORIENTED_EDGE('',*,*,#1136,.F.);
#852=ORIENTED_EDGE('',*,*,#1137,.F.);
#853=ORIENTED_EDGE('',*,*,#1135,.F.);
#854=ORIENTED_EDGE('',*,*,#1138,.F.);
#855=ORIENTED_EDGE('',*,*,#960,.T.);
#856=ORIENTED_EDGE('',*,*,#1139,.F.);
#857=ORIENTED_EDGE('',*,*,#1141,.T.);
#858=ORIENTED_EDGE('',*,*,#1140,.F.);
#859=ORIENTED_EDGE('',*,*,#982,.T.);
#860=ORIENTED_EDGE('',*,*,#1011,.F.);
#861=ORIENTED_EDGE('',*,*,#1142,.F.);
#862=ORIENTED_EDGE('',*,*,#976,.T.);
#863=ORIENTED_EDGE('',*,*,#903,.F.);
#864=ORIENTED_EDGE('',*,*,#979,.F.);
#865=ORIENTED_EDGE('',*,*,#1141,.F.);
#866=ORIENTED_EDGE('',*,*,#1142,.T.);
#867=ORIENTED_EDGE('',*,*,#1143,.F.);
#868=ORIENTED_EDGE('',*,*,#975,.T.);
#869=ORIENTED_EDGE('',*,*,#1144,.T.);
#870=ORIENTED_EDGE('',*,*,#952,.F.);
#871=ORIENTED_EDGE('',*,*,#950,.T.);
#872=ORIENTED_EDGE('',*,*,#955,.T.);
#873=ORIENTED_EDGE('',*,*,#954,.T.);
#874=ORIENTED_EDGE('',*,*,#1145,.F.);
#875=ORIENTED_EDGE('',*,*,#1148,.T.);
#876=ORIENTED_EDGE('',*,*,#1009,.T.);
#877=ORIENTED_EDGE('',*,*,#1005,.T.);
#878=ORIENTED_EDGE('',*,*,#1003,.T.);
#879=ORIENTED_EDGE('',*,*,#1147,.F.);
#880=EDGE_CURVE('',#1418,#1419,#1199,.T.);
#881=EDGE_CURVE('',#1419,#1420,#1200,.T.);
#882=EDGE_CURVE('',#1420,#1421,#1201,.T.);
#883=EDGE_CURVE('',#1421,#1418,#1202,.T.);
#884=EDGE_CURVE('',#1422,#1423,#1203,.T.);
#885=EDGE_CURVE('',#1424,#1425,#1204,.T.);
#886=EDGE_CURVE('',#1427,#1428,#1205,.T.);
#887=EDGE_CURVE('',#1429,#1430,#1206,.T.);
#888=EDGE_CURVE('',#1432,#1431,#1207,.T.);
#889=EDGE_CURVE('',#1436,#1435,#1208,.T.);
#890=EDGE_CURVE('',#1438,#1437,#1209,.T.);
#891=EDGE_CURVE('',#1423,#1438,#1210,.T.);
#892=EDGE_CURVE('',#1439,#1422,#1211,.T.);
#893=EDGE_CURVE('',#1440,#1439,#1212,.T.);
#894=EDGE_CURVE('',#1430,#1440,#1213,.T.);
#895=EDGE_CURVE('',#1441,#1442,#1214,.T.);
#896=EDGE_CURVE('',#1442,#1438,#1215,.T.);
#897=EDGE_CURVE('',#1437,#1443,#1149,.T.);
#898=EDGE_CURVE('',#1443,#1441,#1216,.T.);
#899=EDGE_CURVE('',#1444,#1440,#1150,.T.);
#900=EDGE_CURVE('',#1445,#1444,#1217,.T.);
#901=EDGE_CURVE('',#1430,#1445,#1151,.T.);
#902=EDGE_CURVE('',#1446,#1447,#1218,.T.);
#903=EDGE_CURVE('',#1447,#1448,#1219,.T.);
#904=EDGE_CURVE('',#1448,#1449,#1220,.T.);
#905=EDGE_CURVE('',#1449,#1446,#1221,.T.);
#906=EDGE_CURVE('',#1450,#1451,#1222,.T.);
#907=EDGE_CURVE('',#1451,#1452,#1223,.T.);
#908=EDGE_CURVE('',#1452,#1419,#1224,.T.);
#909=EDGE_CURVE('',#1418,#1453,#1225,.T.);
#910=EDGE_CURVE('',#1453,#1450,#1226,.T.);
#911=EDGE_CURVE('',#1454,#1455,#1227,.T.);
#912=EDGE_CURVE('',#1456,#1457,#1228,.T.);
#913=EDGE_CURVE('',#1458,#1459,#1229,.T.);
#914=EDGE_CURVE('',#1461,#1462,#1230,.T.);
#915=EDGE_CURVE('',#1463,#1460,#1231,.T.);
#916=EDGE_CURVE('',#1459,#1460,#1232,.T.);
#917=EDGE_CURVE('',#1459,#1464,#1233,.T.);
#918=EDGE_CURVE('',#1464,#1465,#1234,.T.);
#919=EDGE_CURVE('',#1465,#1466,#1235,.T.);
#920=EDGE_CURVE('',#1466,#1461,#1236,.T.);
#921=EDGE_CURVE('',#1467,#1468,#1237,.T.);
#922=EDGE_CURVE('',#1470,#1469,#1238,.T.);
#923=EDGE_CURVE('',#1471,#1470,#1239,.T.);
#924=EDGE_CURVE('',#1472,#1471,#1240,.T.);
#925=EDGE_CURVE('',#1457,#1472,#1241,.T.);
#926=EDGE_CURVE('',#1473,#1456,#1242,.T.);
#927=EDGE_CURVE('',#1474,#1473,#1243,.T.);
#928=EDGE_CURVE('',#1476,#1475,#1244,.T.);
#929=EDGE_CURVE('',#1479,#1473,#1245,.T.);
#930=EDGE_CURVE('',#1480,#1479,#1246,.T.);
#931=EDGE_CURVE('',#1481,#1480,#1247,.T.);
#932=EDGE_CURVE('',#1474,#1481,#1152,.T.);
#933=EDGE_CURVE('',#1470,#1466,#1153,.T.);
#934=EDGE_CURVE('',#1471,#1465,#1154,.T.);
#935=EDGE_CURVE('',#1426,#1482,#1248,.T.);
#936=EDGE_CURVE('',#1483,#1484,#1249,.T.);
#937=EDGE_CURVE('',#1484,#1445,#1250,.T.);
#938=EDGE_CURVE('',#1444,#1485,#1251,.T.);
#939=EDGE_CURVE('',#1485,#1427,#1252,.T.);
#940=EDGE_CURVE('',#1426,#1427,#1253,.T.);
#941=EDGE_CURVE('',#1486,#1483,#1254,.T.);
#942=EDGE_CURVE('',#1487,#1486,#1255,.T.);
#943=EDGE_CURVE('',#1488,#1487,#1256,.T.);
#944=EDGE_CURVE('',#1484,#1488,#1257,.T.);
#945=EDGE_CURVE('',#1489,#1490,#1258,.T.);
#946=EDGE_CURVE('',#1490,#1491,#1259,.T.);
#947=EDGE_CURVE('',#1491,#1492,#1260,.T.);
#948=EDGE_CURVE('',#1492,#1489,#1261,.T.);
#949=EDGE_CURVE('',#1493,#1494,#1262,.T.);
#950=EDGE_CURVE('',#1494,#1495,#1155,.T.);
#951=EDGE_CURVE('',#1495,#1493,#1156,.T.);
#952=EDGE_CURVE('',#1494,#1586,#1157,.T.);
#953=EDGE_CURVE('',#1496,#1497,#1158,.T.);
#954=EDGE_CURVE('',#1497,#1496,#1159,.T.);
#955=EDGE_CURVE('',#1495,#1497,#1263,.T.);
#956=EDGE_CURVE('',#1498,#1487,#1264,.T.);
#957=EDGE_CURVE('',#1499,#1498,#1265,.T.);
#958=EDGE_CURVE('',#1488,#1499,#1266,.T.);
#959=EDGE_CURVE('',#1500,#1501,#1267,.T.);
#960=EDGE_CURVE('',#1462,#1500,#1268,.T.);
#961=EDGE_CURVE('',#1502,#1461,#1269,.T.);
#962=EDGE_CURVE('',#1501,#1502,#1270,.T.);
#963=EDGE_CURVE('',#1503,#1504,#1271,.T.);
#964=EDGE_CURVE('',#1504,#1501,#1272,.T.);
#965=EDGE_CURVE('',#1502,#1503,#1273,.T.);
#966=EDGE_CURVE('',#1505,#1506,#1274,.T.);
#967=EDGE_CURVE('',#1508,#1507,#1275,.T.);
#968=EDGE_CURVE('',#1509,#1503,#1276,.T.);
#969=EDGE_CURVE('',#1510,#1511,#1277,.T.);
#970=EDGE_CURVE('',#1505,#1510,#1278,.T.);
#971=EDGE_CURVE('',#1511,#1506,#1279,.T.);
#972=EDGE_CURVE('',#1512,#1513,#1280,.T.);
#973=EDGE_CURVE('',#1515,#1514,#1281,.T.);
#974=EDGE_CURVE('',#1516,#1515,#1282,.T.);
#975=EDGE_CURVE('',#1517,#1516,#1283,.T.);
#976=EDGE_CURVE('',#1518,#1448,#1284,.T.);
#977=EDGE_CURVE('',#1515,#1449,#1285,.T.);
#978=EDGE_CURVE('',#1519,#1520,#1286,.T.);
#979=EDGE_CURVE('',#1521,#1447,#1287,.T.);
#980=EDGE_CURVE('',#1446,#1519,#1288,.T.);
#981=EDGE_CURVE('',#1524,#1525,#1289,.T.);
#982=EDGE_CURVE('',#1520,#1526,#1290,.T.);
#983=EDGE_CURVE('',#1527,#1519,#1291,.T.);
#984=EDGE_CURVE('',#1528,#1529,#1292,.T.);
#985=EDGE_CURVE('',#1529,#1524,#1293,.T.);
#986=EDGE_CURVE('',#1525,#1528,#1294,.T.);
#987=EDGE_CURVE('',#1530,#1499,#1295,.T.);
#988=EDGE_CURVE('',#1507,#1512,#1296,.T.);
#989=EDGE_CURVE('',#1513,#1508,#1297,.T.);
#990=EDGE_CURVE('',#1531,#1443,#1298,.T.);
#991=EDGE_CURVE('',#1532,#1531,#1299,.T.);
#992=EDGE_CURVE('',#1429,#1532,#1300,.T.);
#993=EDGE_CURVE('',#1527,#1530,#1301,.T.);
#994=EDGE_CURVE('',#1509,#1514,#1302,.T.);
#995=EDGE_CURVE('',#1533,#1469,#1303,.T.);
#996=EDGE_CURVE('',#1534,#1533,#1304,.T.);
#997=EDGE_CURVE('',#1481,#1534,#1305,.T.);
#998=EDGE_CURVE('',#1441,#1480,#1306,.T.);
#999=EDGE_CURVE('',#1506,#1509,#1307,.T.);
#1000=EDGE_CURVE('',#1514,#1511,#1308,.T.);
#1001=EDGE_CURVE('',#1528,#1530,#1309,.T.);
#1002=EDGE_CURVE('',#1525,#1527,#1310,.T.);
#1003=EDGE_CURVE('',#1523,#1522,#1160,.T.);
#1004=EDGE_CURVE('',#1522,#1523,#1161,.T.);
#1005=EDGE_CURVE('',#1536,#1523,#1311,.T.);
#1006=EDGE_CURVE('',#1537,#1587,#1162,.T.);
#1007=EDGE_CURVE('',#1536,#1537,#1163,.T.);
#1008=EDGE_CURVE('',#1535,#1537,#1312,.T.);
#1009=EDGE_CURVE('',#1535,#1536,#1164,.T.);
#1010=EDGE_CURVE('',#1513,#1517,#1313,.T.);
#1011=EDGE_CURVE('',#1538,#1539,#1314,.T.);
#1012=EDGE_CURVE('',#1526,#1489,#1315,.T.);
#1013=EDGE_CURVE('',#1492,#1498,#1316,.T.);
#1014=EDGE_CURVE('',#1504,#1508,#1317,.T.);
#1015=EDGE_CURVE('',#1529,#1491,#1165,.T.);
#1016=EDGE_CURVE('',#1490,#1524,#1166,.T.);
#1017=EDGE_CURVE('',#1507,#1505,#1167,.T.);
#1018=EDGE_CURVE('',#1510,#1512,#1168,.T.);
#1019=EDGE_CURVE('',#1540,#1541,#1318,.T.);
#1020=EDGE_CURVE('',#1541,#1542,#1319,.T.);
#1021=EDGE_CURVE('',#1542,#1543,#1320,.T.);
#1022=EDGE_CURVE('',#1543,#1442,#1321,.T.);
#1023=EDGE_CURVE('',#1479,#1540,#1322,.T.);
#1024=EDGE_CURVE('',#1500,#1486,#1323,.T.);
#1025=EDGE_CURVE('',#1547,#1544,#1324,.T.);
#1026=EDGE_CURVE('',#1550,#1548,#1325,.T.);
#1027=EDGE_CURVE('',#1552,#1551,#1326,.T.);
#1028=EDGE_CURVE('',#1549,#1555,#1327,.T.);
#1029=EDGE_CURVE('',#1557,#1558,#1328,.T.);
#1030=EDGE_CURVE('',#1559,#1560,#1329,.T.);
#1031=EDGE_CURVE('',#1563,#1556,#1330,.T.);
#1032=EDGE_CURVE('',#1564,#1475,#1331,.T.);
#1033=EDGE_CURVE('',#1565,#1564,#1332,.T.);
#1034=EDGE_CURVE('',#1476,#1565,#1333,.T.);
#1035=EDGE_CURVE('',#1566,#1468,#1334,.T.);
#1036=EDGE_CURVE('',#1567,#1566,#1335,.T.);
#1037=EDGE_CURVE('',#1467,#1567,#1336,.T.);
#1038=EDGE_CURVE('',#1568,#1477,#1337,.T.);
#1039=EDGE_CURVE('',#1569,#1568,#1338,.T.);
#1040=EDGE_CURVE('',#1478,#1569,#1339,.T.);
#1041=EDGE_CURVE('',#1478,#1477,#1340,.T.);
#1042=EDGE_CURVE('',#1464,#1570,#1341,.T.);
#1043=EDGE_CURVE('',#1469,#1467,#1169,.T.);
#1044=EDGE_CURVE('',#1534,#1564,#1170,.T.);
#1045=EDGE_CURVE('',#1475,#1474,#1171,.T.);
#1046=EDGE_CURVE('',#1569,#1566,#1172,.T.);
#1047=EDGE_CURVE('',#1468,#1478,#1173,.T.);
#1048=EDGE_CURVE('',#1565,#1568,#1174,.T.);
#1049=EDGE_CURVE('',#1477,#1476,#1175,.T.);
#1050=EDGE_CURVE('',#1450,#1571,#1342,.T.);
#1051=EDGE_CURVE('',#1571,#1421,#1343,.T.);
#1052=EDGE_CURVE('',#1420,#1572,#1344,.T.);
#1053=EDGE_CURVE('',#1572,#1451,#1345,.T.);
#1054=EDGE_CURVE('',#1572,#1573,#1346,.T.);
#1055=EDGE_CURVE('',#1571,#1575,#1347,.T.);
#1056=EDGE_CURVE('',#1418,#1576,#1348,.T.);
#1057=EDGE_CURVE('',#1576,#1574,#1349,.T.);
#1058=EDGE_CURVE('',#1574,#1453,#1350,.T.);
#1059=EDGE_CURVE('',#1575,#1577,#1351,.T.);
#1060=EDGE_CURVE('',#1577,#1421,#1352,.T.);
#1061=EDGE_CURVE('',#1576,#1577,#1353,.T.);
#1062=EDGE_CURVE('',#1575,#1574,#1354,.T.);
#1063=EDGE_CURVE('',#1435,#1578,#1355,.T.);
#1064=EDGE_CURVE('',#1578,#1579,#1356,.T.);
#1065=EDGE_CURVE('',#1579,#1436,#1357,.T.);
#1066=EDGE_CURVE('',#1433,#1580,#1358,.T.);
#1067=EDGE_CURVE('',#1580,#1581,#1359,.T.);
#1068=EDGE_CURVE('',#1581,#1434,#1360,.T.);
#1069=EDGE_CURVE('',#1434,#1433,#1361,.T.);
#1070=EDGE_CURVE('',#1431,#1582,#1362,.T.);
#1071=EDGE_CURVE('',#1582,#1583,#1363,.T.);
#1072=EDGE_CURVE('',#1583,#1432,#1364,.T.);
#1073=EDGE_CURVE('',#1584,#1485,#1365,.T.);
#1074=EDGE_CURVE('',#1532,#1582,#1176,.T.);
#1075=EDGE_CURVE('',#1431,#1429,#1177,.T.);
#1076=EDGE_CURVE('',#1437,#1436,#1178,.T.);
#1077=EDGE_CURVE('',#1433,#1432,#1179,.T.);
#1078=EDGE_CURVE('',#1581,#1578,#1180,.T.);
#1079=EDGE_CURVE('',#1435,#1434,#1181,.T.);
#1080=EDGE_CURVE('',#1585,#1420,#1366,.T.);
#1081=EDGE_CURVE('',#1573,#1585,#1367,.T.);
#1082=EDGE_CURVE('',#1573,#1452,#1368,.T.);
#1083=EDGE_CURVE('',#1585,#1419,#1369,.T.);
#1084=EDGE_CURVE('',#1425,#1426,#1182,.T.);
#1085=EDGE_CURVE('',#1460,#1454,#1183,.T.);
#1086=EDGE_CURVE('',#1561,#1562,#1370,.T.);
#1087=EDGE_CURVE('',#1581,#1561,#1371,.T.);
#1088=EDGE_CURVE('',#1560,#1561,#1184,.T.);
#1089=EDGE_CURVE('',#1560,#1578,#1372,.T.);
#1090=EDGE_CURVE('',#1562,#1580,#1373,.T.);
#1091=EDGE_CURVE('',#1580,#1583,#1185,.T.);
#1092=EDGE_CURVE('',#1583,#1563,#1374,.T.);
#1093=EDGE_CURVE('',#1562,#1563,#1186,.T.);
#1094=EDGE_CURVE('',#1556,#1582,#1375,.T.);
#1095=EDGE_CURVE('',#1579,#1559,#1376,.T.);
#1096=EDGE_CURVE('',#1558,#1559,#1187,.T.);
#1097=EDGE_CURVE('',#1558,#1531,#1377,.T.);
#1098=EDGE_CURVE('',#1531,#1579,#1188,.T.);
#1099=EDGE_CURVE('',#1532,#1557,#1378,.T.);
#1100=EDGE_CURVE('',#1556,#1557,#1189,.T.);
#1101=EDGE_CURVE('',#1584,#1428,#1379,.T.);
#1102=EDGE_CURVE('',#1439,#1584,#1380,.T.);
#1103=EDGE_CURVE('',#1428,#1422,#1381,.T.);
#1104=EDGE_CURVE('',#1425,#1543,#1190,.T.);
#1105=EDGE_CURVE('',#1442,#1424,#1382,.T.);
#1106=EDGE_CURVE('',#1423,#1424,#1383,.T.);
#1107=EDGE_CURVE('',#1554,#1568,#1384,.T.);
#1108=EDGE_CURVE('',#1554,#1553,#1385,.T.);
#1109=EDGE_CURVE('',#1555,#1554,#1191,.T.);
#1110=EDGE_CURVE('',#1569,#1553,#1386,.T.);
#1111=EDGE_CURVE('',#1553,#1552,#1192,.T.);
#1112=EDGE_CURVE('',#1565,#1555,#1387,.T.);
#1113=EDGE_CURVE('',#1549,#1564,#1388,.T.);
#1114=EDGE_CURVE('',#1552,#1566,#1389,.T.);
#1115=EDGE_CURVE('',#1567,#1551,#1390,.T.);
#1116=EDGE_CURVE('',#1534,#1548,#1391,.T.);
#1117=EDGE_CURVE('',#1548,#1549,#1193,.T.);
#1118=EDGE_CURVE('',#1551,#1550,#1194,.T.);
#1119=EDGE_CURVE('',#1550,#1533,#1392,.T.);
#1120=EDGE_CURVE('',#1533,#1567,#1195,.T.);
#1121=EDGE_CURVE('',#1570,#1458,#1393,.T.);
#1122=EDGE_CURVE('',#1457,#1458,#1394,.T.);
#1123=EDGE_CURVE('',#1570,#1472,#1395,.T.);
#1124=EDGE_CURVE('',#1540,#1454,#1196,.T.);
#1125=EDGE_CURVE('',#1455,#1479,#1396,.T.);
#1126=EDGE_CURVE('',#1455,#1456,#1397,.T.);
#1127=EDGE_CURVE('',#1482,#1483,#1398,.T.);
#1128=EDGE_CURVE('',#1486,#1546,#1399,.T.);
#1129=EDGE_CURVE('',#1546,#1482,#1400,.T.);
#1130=EDGE_CURVE('',#1542,#1482,#1401,.T.);
#1131=EDGE_CURVE('',#1542,#1547,#1402,.T.);
#1132=EDGE_CURVE('',#1546,#1547,#1403,.T.);
#1133=EDGE_CURVE('',#1544,#1541,#1404,.T.);
#1134=EDGE_CURVE('',#1463,#1541,#1405,.T.);
#1135=EDGE_CURVE('',#1463,#1545,#1406,.T.);
#1136=EDGE_CURVE('',#1544,#1545,#1407,.T.);
#1137=EDGE_CURVE('',#1545,#1500,#1408,.T.);
#1138=EDGE_CURVE('',#1462,#1463,#1409,.T.);
#1139=EDGE_CURVE('',#1539,#1526,#1410,.T.);
#1140=EDGE_CURVE('',#1520,#1521,#1411,.T.);
#1141=EDGE_CURVE('',#1539,#1521,#1412,.T.);
#1142=EDGE_CURVE('',#1518,#1538,#1413,.T.);
#1143=EDGE_CURVE('',#1517,#1538,#1414,.T.);
#1144=EDGE_CURVE('',#1516,#1518,#1415,.T.);
#1145=EDGE_CURVE('',#1586,#1496,#1416,.T.);
#1146=EDGE_CURVE('',#1586,#1493,#1197,.T.);
#1147=EDGE_CURVE('',#1587,#1522,#1417,.T.);
#1148=EDGE_CURVE('',#1587,#1535,#1198,.T.);
#1149=(
BOUNDED_CURVE()
B_SPLINE_CURVE(2,(#2610,#2611,#2612),.UNSPECIFIED.,.F.,.F.)
B_SPLINE_CURVE_WITH_KNOTS((3,3),(-0.0255801239292487,-0.0240701890757566),
 .UNSPECIFIED.)
CURVE()
GEOMETRIC_REPRESENTATION_ITEM()
RATIONAL_B_SPLINE_CURVE((1.,0.990227983591328,1.))
REPRESENTATION_ITEM('')
);
#1150=(
BOUNDED_CURVE()
B_SPLINE_CURVE(2,(#2615,#2616,#2617),.UNSPECIFIED.,.F.,.F.)
B_SPLINE_CURVE_WITH_KNOTS((3,3),(-0.0331164612562936,0.),.UNSPECIFIED.)
CURVE()
GEOMETRIC_REPRESENTATION_ITEM()
RATIONAL_B_SPLINE_CURVE((1.,0.997299624511383,1.))
REPRESENTATION_ITEM('')
);
#1151=(
BOUNDED_CURVE()
B_SPLINE_CURVE(2,(#2620,#2621,#2622),.UNSPECIFIED.,.F.,.F.)
B_SPLINE_CURVE_WITH_KNOTS((3,3),(-0.0331164612562936,0.),.UNSPECIFIED.)
CURVE()
GEOMETRIC_REPRESENTATION_ITEM()
RATIONAL_B_SPLINE_CURVE((1.,0.997299624511382,1.))
REPRESENTATION_ITEM('')
);
#1152=(
BOUNDED_CURVE()
B_SPLINE_CURVE(2,(#2683,#2684,#2685),.UNSPECIFIED.,.F.,.F.)
B_SPLINE_CURVE_WITH_KNOTS((3,3),(-0.00953333121207763,-0.00802339635858552),
 .UNSPECIFIED.)
CURVE()
GEOMETRIC_REPRESENTATION_ITEM()
RATIONAL_B_SPLINE_CURVE((1.,0.990227983591327,1.))
REPRESENTATION_ITEM('')
);
#1153=(
BOUNDED_CURVE()
B_SPLINE_CURVE(2,(#2686,#2687,#2688),.UNSPECIFIED.,.F.,.F.)
B_SPLINE_CURVE_WITH_KNOTS((3,3),(0.,0.0331164612562936),.UNSPECIFIED.)
CURVE()
GEOMETRIC_REPRESENTATION_ITEM()
RATIONAL_B_SPLINE_CURVE((1.,0.997299624511383,1.))
REPRESENTATION_ITEM('')
);
#1154=(
BOUNDED_CURVE()
B_SPLINE_CURVE(2,(#2689,#2690,#2691),.UNSPECIFIED.,.F.,.F.)
B_SPLINE_CURVE_WITH_KNOTS((3,3),(0.,0.0331164612562936),.UNSPECIFIED.)
CURVE()
GEOMETRIC_REPRESENTATION_ITEM()
RATIONAL_B_SPLINE_CURVE((1.,0.997299624511383,1.))
REPRESENTATION_ITEM('')
);
#1155=(
BOUNDED_CURVE()
B_SPLINE_CURVE(2,(#2722,#2723,#2724,#2725,#2726),.UNSPECIFIED.,.F.,.F.)
B_SPLINE_CURVE_WITH_KNOTS((3,2,3),(-0.0310201188739954,-0.0296077165993407,
-0.0236861732794726),.UNSPECIFIED.)
CURVE()
GEOMETRIC_REPRESENTATION_ITEM()
RATIONAL_B_SPLINE_CURVE((1.,0.983955002600056,1.,0.707106781186548,1.))
REPRESENTATION_ITEM('')
);
#1156=(
BOUNDED_CURVE()
B_SPLINE_CURVE(2,(#2727,#2728,#2729,#2730,#2731),.UNSPECIFIED.,.F.,.F.)
B_SPLINE_CURVE_WITH_KNOTS((3,2,3),(-0.0236861732794726,-0.0177646299596044,
-0.0163522276849496),.UNSPECIFIED.)
CURVE()
GEOMETRIC_REPRESENTATION_ITEM()
RATIONAL_B_SPLINE_CURVE((1.,0.707106781186547,1.,0.983955002600056,1.))
REPRESENTATION_ITEM('')
);
#1157=(
BOUNDED_CURVE()
B_SPLINE_CURVE(2,(#2732,#2733,#2734),.UNSPECIFIED.,.F.,.F.)
B_SPLINE_CURVE_WITH_KNOTS((3,3),(-0.0290082368038479,-0.0243690889754097),
 .UNSPECIFIED.)
CURVE()
GEOMETRIC_REPRESENTATION_ITEM()
RATIONAL_B_SPLINE_CURVE((1.,0.82192098058129,1.))
REPRESENTATION_ITEM('')
);
#1158=(
BOUNDED_CURVE()
B_SPLINE_CURVE(2,(#2735,#2736,#2737,#2738,#2739),.UNSPECIFIED.,.F.,.F.)
B_SPLINE_CURVE_WITH_KNOTS((3,2,3),(0.,0.00565486677646163,0.0113097335529233),
 .UNSPECIFIED.)
CURVE()
GEOMETRIC_REPRESENTATION_ITEM()
RATIONAL_B_SPLINE_CURVE((1.,0.707106781186548,1.,0.707106781186548,1.))
REPRESENTATION_ITEM('')
);
#1159=(
BOUNDED_CURVE()
B_SPLINE_CURVE(2,(#2740,#2741,#2742,#2743,#2744),.UNSPECIFIED.,.F.,.F.)
B_SPLINE_CURVE_WITH_KNOTS((3,2,3),(0.0113097335529233,0.0169646003293849,
0.0226194671058465),.UNSPECIFIED.)
CURVE()
GEOMETRIC_REPRESENTATION_ITEM()
RATIONAL_B_SPLINE_CURVE((1.,0.707106781186547,1.,0.707106781186547,1.))
REPRESENTATION_ITEM('')
);
#1160=(
BOUNDED_CURVE()
B_SPLINE_CURVE(2,(#2841,#2842,#2843,#2844,#2845),.UNSPECIFIED.,.F.,.F.)
B_SPLINE_CURVE_WITH_KNOTS((3,2,3),(-0.0226194671058465,-0.0169646003293849,
-0.0113097335529233),.UNSPECIFIED.)
CURVE()
GEOMETRIC_REPRESENTATION_ITEM()
RATIONAL_B_SPLINE_CURVE((1.,0.707106781186547,1.,0.707106781186547,1.))
REPRESENTATION_ITEM('')
);
#1161=(
BOUNDED_CURVE()
B_SPLINE_CURVE(2,(#2846,#2847,#2848,#2849,#2850),.UNSPECIFIED.,.F.,.F.)
B_SPLINE_CURVE_WITH_KNOTS((3,2,3),(-0.0113097335529233,-0.00565486677646163,
0.),.UNSPECIFIED.)
CURVE()
GEOMETRIC_REPRESENTATION_ITEM()
RATIONAL_B_SPLINE_CURVE((1.,0.707106781186548,1.,0.707106781186548,1.))
REPRESENTATION_ITEM('')
);
#1162=(
BOUNDED_CURVE()
B_SPLINE_CURVE(2,(#2853,#2854,#2855,#2856,#2857),.UNSPECIFIED.,.F.,.F.)
B_SPLINE_CURVE_WITH_KNOTS((3,2,3),(0.0163522276849496,0.0177646299596044,
0.0236861732794726),.UNSPECIFIED.)
CURVE()
GEOMETRIC_REPRESENTATION_ITEM()
RATIONAL_B_SPLINE_CURVE((1.,0.983955002600055,1.,0.707106781186545,1.))
REPRESENTATION_ITEM('')
);
#1163=(
BOUNDED_CURVE()
B_SPLINE_CURVE(2,(#2858,#2859,#2860),.UNSPECIFIED.,.F.,.F.)
B_SPLINE_CURVE_WITH_KNOTS((3,3),(-0.0243690889754096,-0.0197299411469714),
 .UNSPECIFIED.)
CURVE()
GEOMETRIC_REPRESENTATION_ITEM()
RATIONAL_B_SPLINE_CURVE((1.,0.82192098058129,1.))
REPRESENTATION_ITEM('')
);
#1164=(
BOUNDED_CURVE()
B_SPLINE_CURVE(2,(#2863,#2864,#2865),.UNSPECIFIED.,.F.,.F.)
B_SPLINE_CURVE_WITH_KNOTS((3,3),(-0.0290082368038479,-0.0243690889754096),
 .UNSPECIFIED.)
CURVE()
GEOMETRIC_REPRESENTATION_ITEM()
RATIONAL_B_SPLINE_CURVE((1.,0.821920980581288,1.))
REPRESENTATION_ITEM('')
);
#1165=(
BOUNDED_CURVE()
B_SPLINE_CURVE(2,(#2876,#2877,#2878),.UNSPECIFIED.,.F.,.F.)
B_SPLINE_CURVE_WITH_KNOTS((3,3),(-0.00628318530717959,0.),.UNSPECIFIED.)
CURVE()
GEOMETRIC_REPRESENTATION_ITEM()
RATIONAL_B_SPLINE_CURVE((1.,0.707106781186547,1.))
REPRESENTATION_ITEM('')
);
#1166=(
BOUNDED_CURVE()
B_SPLINE_CURVE(2,(#2879,#2880,#2881),.UNSPECIFIED.,.F.,.F.)
B_SPLINE_CURVE_WITH_KNOTS((3,3),(0.,0.00628318530717959),.UNSPECIFIED.)
CURVE()
GEOMETRIC_REPRESENTATION_ITEM()
RATIONAL_B_SPLINE_CURVE((1.,0.707106781186548,1.))
REPRESENTATION_ITEM('')
);
#1167=(
BOUNDED_CURVE()
B_SPLINE_CURVE(2,(#2882,#2883,#2884),.UNSPECIFIED.,.F.,.F.)
B_SPLINE_CURVE_WITH_KNOTS((3,3),(0.,0.00628318530717959),.UNSPECIFIED.)
CURVE()
GEOMETRIC_REPRESENTATION_ITEM()
RATIONAL_B_SPLINE_CURVE((1.,0.707106781186548,1.))
REPRESENTATION_ITEM('')
);
#1168=(
BOUNDED_CURVE()
B_SPLINE_CURVE(2,(#2885,#2886,#2887),.UNSPECIFIED.,.F.,.F.)
B_SPLINE_CURVE_WITH_KNOTS((3,3),(0.,0.00628318530717959),.UNSPECIFIED.)
CURVE()
GEOMETRIC_REPRESENTATION_ITEM()
RATIONAL_B_SPLINE_CURVE((1.,0.707106781186547,1.))
REPRESENTATION_ITEM('')
);
#1169=(
BOUNDED_CURVE()
B_SPLINE_CURVE(2,(#2936,#2937,#2938),.UNSPECIFIED.,.F.,.F.)
B_SPLINE_CURVE_WITH_KNOTS((3,3),(0.,0.00471238898038469),.UNSPECIFIED.)
CURVE()
GEOMETRIC_REPRESENTATION_ITEM()
RATIONAL_B_SPLINE_CURVE((1.,0.707106781186545,1.))
REPRESENTATION_ITEM('')
);
#1170=(
BOUNDED_CURVE()
B_SPLINE_CURVE(2,(#2939,#2940,#2941),.UNSPECIFIED.,.F.,.F.)
B_SPLINE_CURVE_WITH_KNOTS((3,3),(0.,0.00471238898038469),.UNSPECIFIED.)
CURVE()
GEOMETRIC_REPRESENTATION_ITEM()
RATIONAL_B_SPLINE_CURVE((1.,0.707106781186547,1.))
REPRESENTATION_ITEM('')
);
#1171=(
BOUNDED_CURVE()
B_SPLINE_CURVE(2,(#2942,#2943,#2944),.UNSPECIFIED.,.F.,.F.)
B_SPLINE_CURVE_WITH_KNOTS((3,3),(0.,0.00387290456446001),.UNSPECIFIED.)
CURVE()
GEOMETRIC_REPRESENTATION_ITEM()
RATIONAL_B_SPLINE_CURVE((1.,0.798808636717985,1.))
REPRESENTATION_ITEM('')
);
#1172=(
BOUNDED_CURVE()
B_SPLINE_CURVE(2,(#2945,#2946,#2947,#2948,#2949),.UNSPECIFIED.,.F.,.F.)
B_SPLINE_CURVE_WITH_KNOTS((3,2,3),(0.,0.00283882032178732,0.00567764064357464),
 .UNSPECIFIED.)
CURVE()
GEOMETRIC_REPRESENTATION_ITEM()
RATIONAL_B_SPLINE_CURVE((1.,0.890143326847919,1.,0.890143326847919,1.))
REPRESENTATION_ITEM('')
);
#1173=(
BOUNDED_CURVE()
B_SPLINE_CURVE(2,(#2950,#2951,#2952,#2953,#2954),.UNSPECIFIED.,.F.,.F.)
B_SPLINE_CURVE_WITH_KNOTS((3,2,3),(0.,0.00283882032178731,0.00567764064357463),
 .UNSPECIFIED.)
CURVE()
GEOMETRIC_REPRESENTATION_ITEM()
RATIONAL_B_SPLINE_CURVE((1.,0.890143326847919,1.,0.890143326847919,1.))
REPRESENTATION_ITEM('')
);
#1174=(
BOUNDED_CURVE()
B_SPLINE_CURVE(2,(#2955,#2956,#2957),.UNSPECIFIED.,.F.,.F.)
B_SPLINE_CURVE_WITH_KNOTS((3,3),(0.,0.00374713731719478),.UNSPECIFIED.)
CURVE()
GEOMETRIC_REPRESENTATION_ITEM()
RATIONAL_B_SPLINE_CURVE((1.,0.81124218517556,1.))
REPRESENTATION_ITEM('')
);
#1175=(
BOUNDED_CURVE()
B_SPLINE_CURVE(2,(#2958,#2959,#2960),.UNSPECIFIED.,.F.,.F.)
B_SPLINE_CURVE_WITH_KNOTS((3,3),(0.,0.00374713731719478),.UNSPECIFIED.)
CURVE()
GEOMETRIC_REPRESENTATION_ITEM()
RATIONAL_B_SPLINE_CURVE((1.,0.811242185175558,1.))
REPRESENTATION_ITEM('')
);
#1176=(
BOUNDED_CURVE()
B_SPLINE_CURVE(2,(#3009,#3010,#3011),.UNSPECIFIED.,.F.,.F.)
B_SPLINE_CURVE_WITH_KNOTS((3,3),(-0.00471238898038469,0.),.UNSPECIFIED.)
CURVE()
GEOMETRIC_REPRESENTATION_ITEM()
RATIONAL_B_SPLINE_CURVE((1.,0.707106781186547,1.))
REPRESENTATION_ITEM('')
);
#1177=(
BOUNDED_CURVE()
B_SPLINE_CURVE(2,(#3012,#3013,#3014),.UNSPECIFIED.,.F.,.F.)
B_SPLINE_CURVE_WITH_KNOTS((3,3),(0.,0.00471238898038469),.UNSPECIFIED.)
CURVE()
GEOMETRIC_REPRESENTATION_ITEM()
RATIONAL_B_SPLINE_CURVE((1.,0.707106781186548,1.))
REPRESENTATION_ITEM('')
);
#1178=(
BOUNDED_CURVE()
B_SPLINE_CURVE(2,(#3015,#3016,#3017),.UNSPECIFIED.,.F.,.F.)
B_SPLINE_CURVE_WITH_KNOTS((3,3),(0.,0.00387290456446001),.UNSPECIFIED.)
CURVE()
GEOMETRIC_REPRESENTATION_ITEM()
RATIONAL_B_SPLINE_CURVE((1.,0.798808636717988,1.))
REPRESENTATION_ITEM('')
);
#1179=(
BOUNDED_CURVE()
B_SPLINE_CURVE(2,(#3018,#3019,#3020,#3021,#3022),.UNSPECIFIED.,.F.,.F.)
B_SPLINE_CURVE_WITH_KNOTS((3,2,3),(0.,0.00283882032178731,0.00567764064357463),
 .UNSPECIFIED.)
CURVE()
GEOMETRIC_REPRESENTATION_ITEM()
RATIONAL_B_SPLINE_CURVE((1.,0.890143326847919,1.,0.890143326847919,1.))
REPRESENTATION_ITEM('')
);
#1180=(
BOUNDED_CURVE()
B_SPLINE_CURVE(2,(#3023,#3024,#3025),.UNSPECIFIED.,.F.,.F.)
B_SPLINE_CURVE_WITH_KNOTS((3,3),(-0.00374713731719478,0.),.UNSPECIFIED.)
CURVE()
GEOMETRIC_REPRESENTATION_ITEM()
RATIONAL_B_SPLINE_CURVE((1.,0.811242185175558,1.))
REPRESENTATION_ITEM('')
);
#1181=(
BOUNDED_CURVE()
B_SPLINE_CURVE(2,(#3026,#3027,#3028),.UNSPECIFIED.,.F.,.F.)
B_SPLINE_CURVE_WITH_KNOTS((3,3),(0.,0.00374713731719478),.UNSPECIFIED.)
CURVE()
GEOMETRIC_REPRESENTATION_ITEM()
RATIONAL_B_SPLINE_CURVE((1.,0.811242185175558,1.))
REPRESENTATION_ITEM('')
);
#1182=(
BOUNDED_CURVE()
B_SPLINE_CURVE(2,(#3037,#3038,#3039),.UNSPECIFIED.,.F.,.F.)
B_SPLINE_CURVE_WITH_KNOTS((3,3),(-0.00217030799276982,0.),.UNSPECIFIED.)
CURVE()
GEOMETRIC_REPRESENTATION_ITEM()
RATIONAL_B_SPLINE_CURVE((1.,0.976541114105727,1.))
REPRESENTATION_ITEM('')
);
#1183=(
BOUNDED_CURVE()
B_SPLINE_CURVE(2,(#3040,#3041,#3042),.UNSPECIFIED.,.F.,.F.)
B_SPLINE_CURVE_WITH_KNOTS((3,3),(-0.00217030799276981,0.),.UNSPECIFIED.)
CURVE()
GEOMETRIC_REPRESENTATION_ITEM()
RATIONAL_B_SPLINE_CURVE((1.,0.976541114105725,1.))
REPRESENTATION_ITEM('')
);
#1184=(
BOUNDED_CURVE()
B_SPLINE_CURVE(2,(#3047,#3048,#3049),.UNSPECIFIED.,.F.,.F.)
B_SPLINE_CURVE_WITH_KNOTS((3,3),(0.,0.0012490457723982),.UNSPECIFIED.)
CURVE()
GEOMETRIC_REPRESENTATION_ITEM()
RATIONAL_B_SPLINE_CURVE((1.,0.811242185175583,1.))
REPRESENTATION_ITEM('')
);
#1185=(
BOUNDED_CURVE()
B_SPLINE_CURVE(2,(#3054,#3055,#3056,#3057,#3058),.UNSPECIFIED.,.F.,.F.)
B_SPLINE_CURVE_WITH_KNOTS((3,2,3),(0.,0.00283882032178732,0.00567764064357464),
 .UNSPECIFIED.)
CURVE()
GEOMETRIC_REPRESENTATION_ITEM()
RATIONAL_B_SPLINE_CURVE((1.,0.890143326847919,1.,0.890143326847919,1.))
REPRESENTATION_ITEM('')
);
#1186=(
BOUNDED_CURVE()
B_SPLINE_CURVE(2,(#3061,#3062,#3063,#3064,#3065),.UNSPECIFIED.,.F.,.F.)
B_SPLINE_CURVE_WITH_KNOTS((3,2,3),(0.,0.000946273440595773,0.00189254688119155),
 .UNSPECIFIED.)
CURVE()
GEOMETRIC_REPRESENTATION_ITEM()
RATIONAL_B_SPLINE_CURVE((1.,0.890143326847919,1.,0.890143326847919,1.))
REPRESENTATION_ITEM('')
);
#1187=(
BOUNDED_CURVE()
B_SPLINE_CURVE(2,(#3070,#3071,#3072),.UNSPECIFIED.,.F.,.F.)
B_SPLINE_CURVE_WITH_KNOTS((3,3),(0.,0.0015707963267949),.UNSPECIFIED.)
CURVE()
GEOMETRIC_REPRESENTATION_ITEM()
RATIONAL_B_SPLINE_CURVE((1.,0.707106781186548,1.))
REPRESENTATION_ITEM('')
);
#1188=(
BOUNDED_CURVE()
B_SPLINE_CURVE(2,(#3075,#3076,#3077),.UNSPECIFIED.,.F.,.F.)
B_SPLINE_CURVE_WITH_KNOTS((3,3),(0.,0.00471238898038469),.UNSPECIFIED.)
CURVE()
GEOMETRIC_REPRESENTATION_ITEM()
RATIONAL_B_SPLINE_CURVE((1.,0.707106781186546,1.))
REPRESENTATION_ITEM('')
);
#1189=(
BOUNDED_CURVE()
B_SPLINE_CURVE(2,(#3080,#3081,#3082),.UNSPECIFIED.,.F.,.F.)
B_SPLINE_CURVE_WITH_KNOTS((3,3),(0.,0.0015707963267949),.UNSPECIFIED.)
CURVE()
GEOMETRIC_REPRESENTATION_ITEM()
RATIONAL_B_SPLINE_CURVE((1.,0.707106781186548,1.))
REPRESENTATION_ITEM('')
);
#1190=(
BOUNDED_CURVE()
B_SPLINE_CURVE(2,(#3089,#3090,#3091),.UNSPECIFIED.,.F.,.F.)
B_SPLINE_CURVE_WITH_KNOTS((3,3),(-0.00555360367269823,0.),.UNSPECIFIED.)
CURVE()
GEOMETRIC_REPRESENTATION_ITEM()
RATIONAL_B_SPLINE_CURVE((1.,0.894427190999905,1.))
REPRESENTATION_ITEM('')
);
#1191=(
BOUNDED_CURVE()
B_SPLINE_CURVE(2,(#3100,#3101,#3102),.UNSPECIFIED.,.F.,.F.)
B_SPLINE_CURVE_WITH_KNOTS((3,3),(0.,0.0012490457723982),.UNSPECIFIED.)
CURVE()
GEOMETRIC_REPRESENTATION_ITEM()
RATIONAL_B_SPLINE_CURVE((1.,0.811242185175576,1.))
REPRESENTATION_ITEM('')
);
#1192=(
BOUNDED_CURVE()
B_SPLINE_CURVE(2,(#3105,#3106,#3107,#3108,#3109),.UNSPECIFIED.,.F.,.F.)
B_SPLINE_CURVE_WITH_KNOTS((3,2,3),(0.,0.000946273440595773,0.00189254688119155),
 .UNSPECIFIED.)
CURVE()
GEOMETRIC_REPRESENTATION_ITEM()
RATIONAL_B_SPLINE_CURVE((1.,0.890143326847919,1.,0.890143326847919,1.))
REPRESENTATION_ITEM('')
);
#1193=(
BOUNDED_CURVE()
B_SPLINE_CURVE(2,(#3120,#3121,#3122),.UNSPECIFIED.,.F.,.F.)
B_SPLINE_CURVE_WITH_KNOTS((3,3),(0.,0.0015707963267949),.UNSPECIFIED.)
CURVE()
GEOMETRIC_REPRESENTATION_ITEM()
RATIONAL_B_SPLINE_CURVE((1.,0.707106781186548,1.))
REPRESENTATION_ITEM('')
);
#1194=(
BOUNDED_CURVE()
B_SPLINE_CURVE(2,(#3123,#3124,#3125),.UNSPECIFIED.,.F.,.F.)
B_SPLINE_CURVE_WITH_KNOTS((3,3),(0.,0.0015707963267949),.UNSPECIFIED.)
CURVE()
GEOMETRIC_REPRESENTATION_ITEM()
RATIONAL_B_SPLINE_CURVE((1.,0.707106781186552,1.))
REPRESENTATION_ITEM('')
);
#1195=(
BOUNDED_CURVE()
B_SPLINE_CURVE(2,(#3128,#3129,#3130),.UNSPECIFIED.,.F.,.F.)
B_SPLINE_CURVE_WITH_KNOTS((3,3),(-0.00471238898038469,0.),.UNSPECIFIED.)
CURVE()
GEOMETRIC_REPRESENTATION_ITEM()
RATIONAL_B_SPLINE_CURVE((1.,0.707106781186549,1.))
REPRESENTATION_ITEM('')
);
#1196=(
BOUNDED_CURVE()
B_SPLINE_CURVE(2,(#3137,#3138,#3139),.UNSPECIFIED.,.F.,.F.)
B_SPLINE_CURVE_WITH_KNOTS((3,3),(-0.0379223779587408,-0.0323687742860425),
 .UNSPECIFIED.)
CURVE()
GEOMETRIC_REPRESENTATION_ITEM()
RATIONAL_B_SPLINE_CURVE((1.,0.894427190999905,1.))
REPRESENTATION_ITEM('')
);
#1197=(
BOUNDED_CURVE()
B_SPLINE_CURVE(2,(#3198,#3199,#3200),.UNSPECIFIED.,.F.,.F.)
B_SPLINE_CURVE_WITH_KNOTS((3,3),(-0.0243690889754097,-0.0197299411469714),
 .UNSPECIFIED.)
CURVE()
GEOMETRIC_REPRESENTATION_ITEM()
RATIONAL_B_SPLINE_CURVE((1.,0.821920980581289,1.))
REPRESENTATION_ITEM('')
);
#1198=(
BOUNDED_CURVE()
B_SPLINE_CURVE(2,(#3203,#3204,#3205,#3206,#3207),.UNSPECIFIED.,.F.,.F.)
B_SPLINE_CURVE_WITH_KNOTS((3,2,3),(0.0236861732794726,0.0296077165993407,
0.0310201188739954),.UNSPECIFIED.)
CURVE()
GEOMETRIC_REPRESENTATION_ITEM()
RATIONAL_B_SPLINE_CURVE((1.,0.707106781186551,1.,0.983955002600056,1.))
REPRESENTATION_ITEM('')
);
#1199=B_SPLINE_CURVE_WITH_KNOTS('',1,(#2576,#2577),.UNSPECIFIED.,.F.,.F.,
(2,2),(-0.046,0.),.UNSPECIFIED.);
#1200=B_SPLINE_CURVE_WITH_KNOTS('',1,(#2578,#2579),.UNSPECIFIED.,.F.,.F.,
(2,2),(0.,0.00707106781186547),.UNSPECIFIED.);
#1201=B_SPLINE_CURVE_WITH_KNOTS('',1,(#2580,#2581),.UNSPECIFIED.,.F.,.F.,
(2,2),(0.,0.046),.UNSPECIFIED.);
#1202=B_SPLINE_CURVE_WITH_KNOTS('',1,(#2582,#2583),.UNSPECIFIED.,.F.,.F.,
(2,2),(-0.00707106781186547,0.),.UNSPECIFIED.);
#1203=B_SPLINE_CURVE_WITH_KNOTS('',1,(#2584,#2585),.UNSPECIFIED.,.F.,.F.,
(2,2),(0.,0.006597216481678),.UNSPECIFIED.);
#1204=B_SPLINE_CURVE_WITH_KNOTS('',1,(#2586,#2587),.UNSPECIFIED.,.F.,.F.,
(2,2),(0.,0.0231134498147516),.UNSPECIFIED.);
#1205=B_SPLINE_CURVE_WITH_KNOTS('',1,(#2588,#2589),.UNSPECIFIED.,.F.,.F.,
(2,2),(-0.0200576661017459,0.),.UNSPECIFIED.);
#1206=B_SPLINE_CURVE_WITH_KNOTS('',1,(#2590,#2591),.UNSPECIFIED.,.F.,.F.,
(2,2),(-0.0068724114949831,0.),.UNSPECIFIED.);
#1207=B_SPLINE_CURVE_WITH_KNOTS('',1,(#2592,#2593),.UNSPECIFIED.,.F.,.F.,
(2,2),(0.,0.0118377223398316),.UNSPECIFIED.);
#1208=B_SPLINE_CURVE_WITH_KNOTS('',1,(#2594,#2595),.UNSPECIFIED.,.F.,.F.,
(2,2),(0.,0.00383772233983162),.UNSPECIFIED.);
#1209=B_SPLINE_CURVE_WITH_KNOTS('',1,(#2596,#2597),.UNSPECIFIED.,.F.,.F.,
(2,2),(0.,0.000883308756924081),.UNSPECIFIED.);
#1210=B_SPLINE_CURVE_WITH_KNOTS('',1,(#2598,#2599),.UNSPECIFIED.,.F.,.F.,
(2,2),(0.,0.00297252726940342),.UNSPECIFIED.);
#1211=B_SPLINE_CURVE_WITH_KNOTS('',1,(#2600,#2601),.UNSPECIFIED.,.F.,.F.,
(2,2),(0.,0.00297252726940334),.UNSPECIFIED.);
#1212=B_SPLINE_CURVE_WITH_KNOTS('',1,(#2602,#2603),.UNSPECIFIED.,.F.,.F.,
(2,2),(-0.0069607991307919,0.),.UNSPECIFIED.);
#1213=B_SPLINE_CURVE_WITH_KNOTS('',1,(#2604,#2605),.UNSPECIFIED.,.F.,.F.,
(2,2),(-0.005,0.),.UNSPECIFIED.);
#1214=B_SPLINE_CURVE_WITH_KNOTS('',1,(#2606,#2607),.UNSPECIFIED.,.F.,.F.,
(2,2),(-0.001,0.),.UNSPECIFIED.);
#1215=B_SPLINE_CURVE_WITH_KNOTS('',1,(#2608,#2609),.UNSPECIFIED.,.F.,.F.,
(2,2),(0.,0.0148437370837752),.UNSPECIFIED.);
#1216=B_SPLINE_CURVE_WITH_KNOTS('',1,(#2613,#2614),.UNSPECIFIED.,.F.,.F.,
(2,2),(-0.0168366462292821,0.),.UNSPECIFIED.);
#1217=B_SPLINE_CURVE_WITH_KNOTS('',1,(#2618,#2619),.UNSPECIFIED.,.F.,.F.,
(2,2),(-0.005,0.),.UNSPECIFIED.);
#1218=B_SPLINE_CURVE_WITH_KNOTS('',1,(#2623,#2624),.UNSPECIFIED.,.F.,.F.,
(2,2),(-0.0155,0.),.UNSPECIFIED.);
#1219=B_SPLINE_CURVE_WITH_KNOTS('',1,(#2625,#2626),.UNSPECIFIED.,.F.,.F.,
(2,2),(0.,0.0622),.UNSPECIFIED.);
#1220=B_SPLINE_CURVE_WITH_KNOTS('',1,(#2627,#2628),.UNSPECIFIED.,.F.,.F.,
(2,2),(0.,0.0155),.UNSPECIFIED.);
#1221=B_SPLINE_CURVE_WITH_KNOTS('',1,(#2629,#2630),.UNSPECIFIED.,.F.,.F.,
(2,2),(-0.0622,0.),.UNSPECIFIED.);
#1222=B_SPLINE_CURVE_WITH_KNOTS('',1,(#2631,#2632),.UNSPECIFIED.,.F.,.F.,
(2,2),(-0.052,0.),.UNSPECIFIED.);
#1223=B_SPLINE_CURVE_WITH_KNOTS('',1,(#2633,#2634),.UNSPECIFIED.,.F.,.F.,
(2,2),(0.,0.01),.UNSPECIFIED.);
#1224=B_SPLINE_CURVE_WITH_KNOTS('',1,(#2635,#2636),.UNSPECIFIED.,.F.,.F.,
(2,2),(0.,0.003),.UNSPECIFIED.);
#1225=B_SPLINE_CURVE_WITH_KNOTS('',1,(#2637,#2638),.UNSPECIFIED.,.F.,.F.,
(2,2),(0.,0.003),.UNSPECIFIED.);
#1226=B_SPLINE_CURVE_WITH_KNOTS('',1,(#2639,#2640),.UNSPECIFIED.,.F.,.F.,
(2,2),(-0.01,0.),.UNSPECIFIED.);
#1227=B_SPLINE_CURVE_WITH_KNOTS('',1,(#2641,#2642),.UNSPECIFIED.,.F.,.F.,
(2,2),(0.,0.0231134498147516),.UNSPECIFIED.);
#1228=B_SPLINE_CURVE_WITH_KNOTS('',1,(#2643,#2644),.UNSPECIFIED.,.F.,.F.,
(2,2),(0.,0.006597216481678),.UNSPECIFIED.);
#1229=B_SPLINE_CURVE_WITH_KNOTS('',1,(#2645,#2646),.UNSPECIFIED.,.F.,.F.,
(2,2),(0.,0.0200576661017459),.UNSPECIFIED.);
#1230=B_SPLINE_CURVE_WITH_KNOTS('',1,(#2647,#2648),.UNSPECIFIED.,.F.,.F.,
(2,2),(0.,0.0124222822869077),.UNSPECIFIED.);
#1231=B_SPLINE_CURVE_WITH_KNOTS('',1,(#2649,#2650),.UNSPECIFIED.,.F.,.F.,
(2,2),(0.,0.00074242946887807),.UNSPECIFIED.);
#1232=B_SPLINE_CURVE_WITH_KNOTS('',1,(#2651,#2652),.UNSPECIFIED.,.F.,.F.,
(2,2),(0.,0.00412980459294521),.UNSPECIFIED.);
#1233=B_SPLINE_CURVE_WITH_KNOTS('',1,(#2653,#2654),.UNSPECIFIED.,.F.,.F.,
(2,2),(0.,0.00286019600161176),.UNSPECIFIED.);
#1234=B_SPLINE_CURVE_WITH_KNOTS('',1,(#2655,#2656),.UNSPECIFIED.,.F.,.F.,
(2,2),(-0.00998624739592341,0.),.UNSPECIFIED.);
#1235=B_SPLINE_CURVE_WITH_KNOTS('',1,(#2657,#2658),.UNSPECIFIED.,.F.,.F.,
(2,2),(0.,0.005),.UNSPECIFIED.);
#1236=B_SPLINE_CURVE_WITH_KNOTS('',1,(#2659,#2660),.UNSPECIFIED.,.F.,.F.,
(2,2),(-0.0104605645013772,0.),.UNSPECIFIED.);
#1237=B_SPLINE_CURVE_WITH_KNOTS('',1,(#2661,#2662),.UNSPECIFIED.,.F.,.F.,
(2,2),(-0.0118377223398316,0.),.UNSPECIFIED.);
#1238=B_SPLINE_CURVE_WITH_KNOTS('',1,(#2663,#2664),.UNSPECIFIED.,.F.,.F.,
(2,2),(0.,0.0068724114949832),.UNSPECIFIED.);
#1239=B_SPLINE_CURVE_WITH_KNOTS('',1,(#2665,#2666),.UNSPECIFIED.,.F.,.F.,
(2,2),(0.,0.005),.UNSPECIFIED.);
#1240=B_SPLINE_CURVE_WITH_KNOTS('',1,(#2667,#2668),.UNSPECIFIED.,.F.,.F.,
(2,2),(0.,0.0069607991307919),.UNSPECIFIED.);
#1241=B_SPLINE_CURVE_WITH_KNOTS('',1,(#2669,#2670),.UNSPECIFIED.,.F.,.F.,
(2,2),(-0.00297252726940334,0.),.UNSPECIFIED.);
#1242=B_SPLINE_CURVE_WITH_KNOTS('',1,(#2671,#2672),.UNSPECIFIED.,.F.,.F.,
(2,2),(-0.00297252726940342,0.),.UNSPECIFIED.);
#1243=B_SPLINE_CURVE_WITH_KNOTS('',1,(#2673,#2674),.UNSPECIFIED.,.F.,.F.,
(2,2),(-0.000883308756924081,0.),.UNSPECIFIED.);
#1244=B_SPLINE_CURVE_WITH_KNOTS('',1,(#2675,#2676),.UNSPECIFIED.,.F.,.F.,
(2,2),(-0.00383772233983162,0.),.UNSPECIFIED.);
#1245=B_SPLINE_CURVE_WITH_KNOTS('',1,(#2677,#2678),.UNSPECIFIED.,.F.,.F.,
(2,2),(-0.0148437370837752,0.),.UNSPECIFIED.);
#1246=B_SPLINE_CURVE_WITH_KNOTS('',1,(#2679,#2680),.UNSPECIFIED.,.F.,.F.,
(2,2),(-0.001,0.),.UNSPECIFIED.);
#1247=B_SPLINE_CURVE_WITH_KNOTS('',1,(#2681,#2682),.UNSPECIFIED.,.F.,.F.,
(2,2),(-0.0168366462292821,0.),.UNSPECIFIED.);
#1248=B_SPLINE_CURVE_WITH_KNOTS('',1,(#2692,#2693),.UNSPECIFIED.,.F.,.F.,
(2,2),(-0.00074242946887806,0.),.UNSPECIFIED.);
#1249=B_SPLINE_CURVE_WITH_KNOTS('',1,(#2694,#2695),.UNSPECIFIED.,.F.,.F.,
(2,2),(0.,0.0124222822869077),.UNSPECIFIED.);
#1250=B_SPLINE_CURVE_WITH_KNOTS('',1,(#2696,#2697),.UNSPECIFIED.,.F.,.F.,
(2,2),(-0.0104605645013772,0.),.UNSPECIFIED.);
#1251=B_SPLINE_CURVE_WITH_KNOTS('',1,(#2698,#2699),.UNSPECIFIED.,.F.,.F.,
(2,2),(0.,0.00998624739592341),.UNSPECIFIED.);
#1252=B_SPLINE_CURVE_WITH_KNOTS('',1,(#2700,#2701),.UNSPECIFIED.,.F.,.F.,
(2,2),(0.,0.00286019600161176),.UNSPECIFIED.);
#1253=B_SPLINE_CURVE_WITH_KNOTS('',1,(#2702,#2703),.UNSPECIFIED.,.F.,.F.,
(2,2),(0.,0.00412980459294521),.UNSPECIFIED.);
#1254=B_SPLINE_CURVE_WITH_KNOTS('',1,(#2704,#2705),.UNSPECIFIED.,.F.,.F.,
(2,2),(0.,0.00219788154214938),.UNSPECIFIED.);
#1255=B_SPLINE_CURVE_WITH_KNOTS('',1,(#2706,#2707),.UNSPECIFIED.,.F.,.F.,
(2,2),(-0.0187032434462878,0.),.UNSPECIFIED.);
#1256=B_SPLINE_CURVE_WITH_KNOTS('',1,(#2708,#2709),.UNSPECIFIED.,.F.,.F.,
(2,2),(-0.014,0.),.UNSPECIFIED.);
#1257=B_SPLINE_CURVE_WITH_KNOTS('',1,(#2710,#2711),.UNSPECIFIED.,.F.,.F.,
(2,2),(-0.0171730506182051,0.),.UNSPECIFIED.);
#1258=B_SPLINE_CURVE_WITH_KNOTS('',1,(#2712,#2713),.UNSPECIFIED.,.F.,.F.,
(2,2),(0.,0.0047),.UNSPECIFIED.);
#1259=B_SPLINE_CURVE_WITH_KNOTS('',1,(#2714,#2715),.UNSPECIFIED.,.F.,.F.,
(2,2),(-0.0035,0.),.UNSPECIFIED.);
#1260=B_SPLINE_CURVE_WITH_KNOTS('',1,(#2716,#2717),.UNSPECIFIED.,.F.,.F.,
(2,2),(-0.0047,0.),.UNSPECIFIED.);
#1261=B_SPLINE_CURVE_WITH_KNOTS('',1,(#2718,#2719),.UNSPECIFIED.,.F.,.F.,
(2,2),(0.,0.0035),.UNSPECIFIED.);
#1262=B_SPLINE_CURVE_WITH_KNOTS('',1,(#2720,#2721),.UNSPECIFIED.,.F.,.F.,
(2,2),(-0.0067416112388401,0.),.UNSPECIFIED.);
#1263=B_SPLINE_CURVE_WITH_KNOTS('',1,(#2745,#2746),.UNSPECIFIED.,.F.,.F.,
(2,2),(0.00363128375941872,0.00416461709275202),.UNSPECIFIED.);
#1264=B_SPLINE_CURVE_WITH_KNOTS('',1,(#2747,#2748),.UNSPECIFIED.,.F.,.F.,
(2,2),(-0.0125578057525992,0.),.UNSPECIFIED.);
#1265=B_SPLINE_CURVE_WITH_KNOTS('',1,(#2749,#2750),.UNSPECIFIED.,.F.,.F.,
(2,2),(-0.0212502525316942,0.),.UNSPECIFIED.);
#1266=B_SPLINE_CURVE_WITH_KNOTS('',1,(#2751,#2752),.UNSPECIFIED.,.F.,.F.,
(2,2),(-0.0102534054609518,0.),.UNSPECIFIED.);
#1267=B_SPLINE_CURVE_WITH_KNOTS('',1,(#2753,#2754),.UNSPECIFIED.,.F.,.F.,
(2,2),(-0.0187032434462878,0.),.UNSPECIFIED.);
#1268=B_SPLINE_CURVE_WITH_KNOTS('',1,(#2755,#2756),.UNSPECIFIED.,.F.,.F.,
(2,2),(0.,0.00219788154214938),.UNSPECIFIED.);
#1269=B_SPLINE_CURVE_WITH_KNOTS('',1,(#2757,#2758),.UNSPECIFIED.,.F.,.F.,
(2,2),(-0.0171730506182051,0.),.UNSPECIFIED.);
#1270=B_SPLINE_CURVE_WITH_KNOTS('',1,(#2759,#2760),.UNSPECIFIED.,.F.,.F.,
(2,2),(0.,0.014),.UNSPECIFIED.);
#1271=B_SPLINE_CURVE_WITH_KNOTS('',1,(#2761,#2762),.UNSPECIFIED.,.F.,.F.,
(2,2),(-0.0212502525316942,0.),.UNSPECIFIED.);
#1272=B_SPLINE_CURVE_WITH_KNOTS('',1,(#2763,#2764),.UNSPECIFIED.,.F.,.F.,
(2,2),(0.,0.0125578057525992),.UNSPECIFIED.);
#1273=B_SPLINE_CURVE_WITH_KNOTS('',1,(#2765,#2766),.UNSPECIFIED.,.F.,.F.,
(2,2),(-0.0102534054609518,0.),.UNSPECIFIED.);
#1274=B_SPLINE_CURVE_WITH_KNOTS('',1,(#2767,#2768),.UNSPECIFIED.,.F.,.F.,
(2,2),(0.,0.019),.UNSPECIFIED.);
#1275=B_SPLINE_CURVE_WITH_KNOTS('',1,(#2769,#2770),.UNSPECIFIED.,.F.,.F.,
(2,2),(0.,0.0047),.UNSPECIFIED.);
#1276=B_SPLINE_CURVE_WITH_KNOTS('',1,(#2771,#2772),.UNSPECIFIED.,.F.,.F.,
(2,2),(-0.0104497474683058,0.),.UNSPECIFIED.);
#1277=B_SPLINE_CURVE_WITH_KNOTS('',1,(#2773,#2774),.UNSPECIFIED.,.F.,.F.,
(2,2),(0.,0.019),.UNSPECIFIED.);
#1278=B_SPLINE_CURVE_WITH_KNOTS('',1,(#2775,#2776),.UNSPECIFIED.,.F.,.F.,
(2,2),(0.,0.0035),.UNSPECIFIED.);
#1279=B_SPLINE_CURVE_WITH_KNOTS('',1,(#2777,#2778),.UNSPECIFIED.,.F.,.F.,
(2,2),(-0.0035,0.),.UNSPECIFIED.);
#1280=B_SPLINE_CURVE_WITH_KNOTS('',1,(#2779,#2780),.UNSPECIFIED.,.F.,.F.,
(2,2),(0.,0.0047),.UNSPECIFIED.);
#1281=B_SPLINE_CURVE_WITH_KNOTS('',1,(#2781,#2782),.UNSPECIFIED.,.F.,.F.,
(2,2),(-0.009,0.),.UNSPECIFIED.);
#1282=B_SPLINE_CURVE_WITH_KNOTS('',1,(#2783,#2784),.UNSPECIFIED.,.F.,.F.,
(2,2),(0.,0.0209426406871193),.UNSPECIFIED.);
#1283=B_SPLINE_CURVE_WITH_KNOTS('',1,(#2785,#2786),.UNSPECIFIED.,.F.,.F.,
(2,2),(-0.00175735931288072,0.),.UNSPECIFIED.);
#1284=B_SPLINE_CURVE_WITH_KNOTS('',1,(#2787,#2788),.UNSPECIFIED.,.F.,.F.,
(2,2),(0.,0.000252834208383797),.UNSPECIFIED.);
#1285=B_SPLINE_CURVE_WITH_KNOTS('',1,(#2789,#2790),.UNSPECIFIED.,.F.,.F.,
(2,2),(0.,0.00735391052434009),.UNSPECIFIED.);
#1286=B_SPLINE_CURVE_WITH_KNOTS('',1,(#2791,#2792),.UNSPECIFIED.,.F.,.F.,
(2,2),(-0.0209426406871193,0.),.UNSPECIFIED.);
#1287=B_SPLINE_CURVE_WITH_KNOTS('',1,(#2793,#2794),.UNSPECIFIED.,.F.,.F.,
(2,2),(-0.000252834208383804,0.),.UNSPECIFIED.);
#1288=B_SPLINE_CURVE_WITH_KNOTS('',1,(#2795,#2796),.UNSPECIFIED.,.F.,.F.,
(2,2),(-0.00735391052434009,0.),.UNSPECIFIED.);
#1289=B_SPLINE_CURVE_WITH_KNOTS('',1,(#2797,#2798),.UNSPECIFIED.,.F.,.F.,
(2,2),(0.,0.019),.UNSPECIFIED.);
#1290=B_SPLINE_CURVE_WITH_KNOTS('',1,(#2799,#2800),.UNSPECIFIED.,.F.,.F.,
(2,2),(0.,0.00175735931288074),.UNSPECIFIED.);
#1291=B_SPLINE_CURVE_WITH_KNOTS('',1,(#2801,#2802),.UNSPECIFIED.,.F.,.F.,
(2,2),(-0.00900000000000001,0.),.UNSPECIFIED.);
#1292=B_SPLINE_CURVE_WITH_KNOTS('',1,(#2803,#2804),.UNSPECIFIED.,.F.,.F.,
(2,2),(-0.019,0.),.UNSPECIFIED.);
#1293=B_SPLINE_CURVE_WITH_KNOTS('',1,(#2805,#2806),.UNSPECIFIED.,.F.,.F.,
(2,2),(0.,0.0035),.UNSPECIFIED.);
#1294=B_SPLINE_CURVE_WITH_KNOTS('',1,(#2807,#2808),.UNSPECIFIED.,.F.,.F.,
(2,2),(0.,0.0035),.UNSPECIFIED.);
#1295=B_SPLINE_CURVE_WITH_KNOTS('',1,(#2809,#2810),.UNSPECIFIED.,.F.,.F.,
(2,2),(-0.0104497474683059,0.),.UNSPECIFIED.);
#1296=B_SPLINE_CURVE_WITH_KNOTS('',1,(#2811,#2812),.UNSPECIFIED.,.F.,.F.,
(2,2),(0.,0.0035),.UNSPECIFIED.);
#1297=B_SPLINE_CURVE_WITH_KNOTS('',1,(#2813,#2814),.UNSPECIFIED.,.F.,.F.,
(2,2),(0.,0.0035),.UNSPECIFIED.);
#1298=B_SPLINE_CURVE_WITH_KNOTS('',1,(#2815,#2816),.UNSPECIFIED.,.F.,.F.,
(2,2),(-0.0001875,0.),.UNSPECIFIED.);
#1299=B_SPLINE_CURVE_WITH_KNOTS('',1,(#2817,#2818),.UNSPECIFIED.,.F.,.F.,
(2,2),(-0.024,0.),.UNSPECIFIED.);
#1300=B_SPLINE_CURVE_WITH_KNOTS('',1,(#2819,#2820),.UNSPECIFIED.,.F.,.F.,
(2,2),(0.,0.002),.UNSPECIFIED.);
#1301=B_SPLINE_CURVE_WITH_KNOTS('',1,(#2821,#2822),.UNSPECIFIED.,.F.,.F.,
(2,2),(-0.0035,0.),.UNSPECIFIED.);
#1302=B_SPLINE_CURVE_WITH_KNOTS('',1,(#2823,#2824),.UNSPECIFIED.,.F.,.F.,
(2,2),(-0.0035,0.),.UNSPECIFIED.);
#1303=B_SPLINE_CURVE_WITH_KNOTS('',1,(#2825,#2826),.UNSPECIFIED.,.F.,.F.,
(2,2),(-0.002,0.),.UNSPECIFIED.);
#1304=B_SPLINE_CURVE_WITH_KNOTS('',1,(#2827,#2828),.UNSPECIFIED.,.F.,.F.,
(2,2),(-0.024,0.),.UNSPECIFIED.);
#1305=B_SPLINE_CURVE_WITH_KNOTS('',1,(#2829,#2830),.UNSPECIFIED.,.F.,.F.,
(2,2),(0.,0.0001875),.UNSPECIFIED.);
#1306=B_SPLINE_CURVE_WITH_KNOTS('',1,(#2831,#2832),.UNSPECIFIED.,.F.,.F.,
(2,2),(0.,0.065),.UNSPECIFIED.);
#1307=B_SPLINE_CURVE_WITH_KNOTS('',1,(#2833,#2834),.UNSPECIFIED.,.F.,.F.,
(2,2),(0.,0.00424264068711928),.UNSPECIFIED.);
#1308=B_SPLINE_CURVE_WITH_KNOTS('',1,(#2835,#2836),.UNSPECIFIED.,.F.,.F.,
(2,2),(0.,0.00424264068711928),.UNSPECIFIED.);
#1309=B_SPLINE_CURVE_WITH_KNOTS('',1,(#2837,#2838),.UNSPECIFIED.,.F.,.F.,
(2,2),(0.,0.00424264068711928),.UNSPECIFIED.);
#1310=B_SPLINE_CURVE_WITH_KNOTS('',1,(#2839,#2840),.UNSPECIFIED.,.F.,.F.,
(2,2),(-0.00424264068711928,0.),.UNSPECIFIED.);
#1311=B_SPLINE_CURVE_WITH_KNOTS('',1,(#2851,#2852),.UNSPECIFIED.,.F.,.F.,
(2,2),(0.00281820693123827,0.00416461709275202),.UNSPECIFIED.);
#1312=B_SPLINE_CURVE_WITH_KNOTS('',1,(#2861,#2862),.UNSPECIFIED.,.F.,.F.,
(2,2),(0.,0.0067416112388401),.UNSPECIFIED.);
#1313=B_SPLINE_CURVE_WITH_KNOTS('',1,(#2866,#2867),.UNSPECIFIED.,.F.,.F.,
(2,2),(-0.00715218613006978,0.),.UNSPECIFIED.);
#1314=B_SPLINE_CURVE_WITH_KNOTS('',1,(#2868,#2869),.UNSPECIFIED.,.F.,.F.,
(2,2),(0.,0.0628862915010152),.UNSPECIFIED.);
#1315=B_SPLINE_CURVE_WITH_KNOTS('',1,(#2870,#2871),.UNSPECIFIED.,.F.,.F.,
(2,2),(-0.0071521861300698,0.),.UNSPECIFIED.);
#1316=B_SPLINE_CURVE_WITH_KNOTS('',1,(#2872,#2873),.UNSPECIFIED.,.F.,.F.,
(2,2),(-0.00671715728752537,0.),.UNSPECIFIED.);
#1317=B_SPLINE_CURVE_WITH_KNOTS('',1,(#2874,#2875),.UNSPECIFIED.,.F.,.F.,
(2,2),(-0.00671715728752536,0.),.UNSPECIFIED.);
#1318=B_SPLINE_CURVE_WITH_KNOTS('',1,(#2888,#2889),.UNSPECIFIED.,.F.,.F.,
(2,2),(0.,0.00184528057780825),.UNSPECIFIED.);
#1319=B_SPLINE_CURVE_WITH_KNOTS('',1,(#2890,#2891),.UNSPECIFIED.,.F.,.F.,
(2,2),(0.,0.00990215966804992),.UNSPECIFIED.);
#1320=B_SPLINE_CURVE_WITH_KNOTS('',1,(#2892,#2893),.UNSPECIFIED.,.F.,.F.,
(2,2),(0.,0.00184528057780825),.UNSPECIFIED.);
#1321=B_SPLINE_CURVE_WITH_KNOTS('',1,(#2894,#2895),.UNSPECIFIED.,.F.,.F.,
(2,2),(0.,0.027548920165975),.UNSPECIFIED.);
#1322=B_SPLINE_CURVE_WITH_KNOTS('',1,(#2896,#2897),.UNSPECIFIED.,.F.,.F.,
(2,2),(0.,0.027548920165975),.UNSPECIFIED.);
#1323=B_SPLINE_CURVE_WITH_KNOTS('',1,(#2898,#2899),.UNSPECIFIED.,.F.,.F.,
(2,2),(-0.027693008044036,0.),.UNSPECIFIED.);
#1324=B_SPLINE_CURVE_WITH_KNOTS('',1,(#2900,#2901),.UNSPECIFIED.,.F.,.F.,
(2,2),(0.,0.00990215966804993),.UNSPECIFIED.);
#1325=B_SPLINE_CURVE_WITH_KNOTS('',1,(#2902,#2903),.UNSPECIFIED.,.F.,.F.,
(2,2),(-0.024,0.),.UNSPECIFIED.);
#1326=B_SPLINE_CURVE_WITH_KNOTS('',1,(#2904,#2905),.UNSPECIFIED.,.F.,.F.,
(2,2),(-0.0118377223398316,0.),.UNSPECIFIED.);
#1327=B_SPLINE_CURVE_WITH_KNOTS('',1,(#2906,#2907),.UNSPECIFIED.,.F.,.F.,
(2,2),(-0.00383772233983162,0.),.UNSPECIFIED.);
#1328=B_SPLINE_CURVE_WITH_KNOTS('',1,(#2908,#2909),.UNSPECIFIED.,.F.,.F.,
(2,2),(0.,0.024),.UNSPECIFIED.);
#1329=B_SPLINE_CURVE_WITH_KNOTS('',1,(#2910,#2911),.UNSPECIFIED.,.F.,.F.,
(2,2),(0.,0.00383772233983162),.UNSPECIFIED.);
#1330=B_SPLINE_CURVE_WITH_KNOTS('',1,(#2912,#2913),.UNSPECIFIED.,.F.,.F.,
(2,2),(0.,0.0118377223398316),.UNSPECIFIED.);
#1331=B_SPLINE_CURVE_WITH_KNOTS('',1,(#2914,#2915),.UNSPECIFIED.,.F.,.F.,
(2,2),(-0.002,0.),.UNSPECIFIED.);
#1332=B_SPLINE_CURVE_WITH_KNOTS('',1,(#2916,#2917),.UNSPECIFIED.,.F.,.F.,
(2,2),(-0.00383772233983162,0.),.UNSPECIFIED.);
#1333=B_SPLINE_CURVE_WITH_KNOTS('',1,(#2918,#2919),.UNSPECIFIED.,.F.,.F.,
(2,2),(0.,0.002),.UNSPECIFIED.);
#1334=B_SPLINE_CURVE_WITH_KNOTS('',1,(#2920,#2921),.UNSPECIFIED.,.F.,.F.,
(2,2),(-0.002,0.),.UNSPECIFIED.);
#1335=B_SPLINE_CURVE_WITH_KNOTS('',1,(#2922,#2923),.UNSPECIFIED.,.F.,.F.,
(2,2),(-0.0118377223398316,0.),.UNSPECIFIED.);
#1336=B_SPLINE_CURVE_WITH_KNOTS('',1,(#2924,#2925),.UNSPECIFIED.,.F.,.F.,
(2,2),(0.,0.002),.UNSPECIFIED.);
#1337=B_SPLINE_CURVE_WITH_KNOTS('',1,(#2926,#2927),.UNSPECIFIED.,.F.,.F.,
(2,2),(-0.002,0.),.UNSPECIFIED.);
#1338=B_SPLINE_CURVE_WITH_KNOTS('',1,(#2928,#2929),.UNSPECIFIED.,.F.,.F.,
(2,2),(-0.025298221281347,0.),.UNSPECIFIED.);
#1339=B_SPLINE_CURVE_WITH_KNOTS('',1,(#2930,#2931),.UNSPECIFIED.,.F.,.F.,
(2,2),(0.,0.002),.UNSPECIFIED.);
#1340=B_SPLINE_CURVE_WITH_KNOTS('',1,(#2932,#2933),.UNSPECIFIED.,.F.,.F.,
(2,2),(-0.025298221281347,0.),.UNSPECIFIED.);
#1341=B_SPLINE_CURVE_WITH_KNOTS('',1,(#2934,#2935),.UNSPECIFIED.,.F.,.F.,
(2,2),(0.,0.0191970826271825),.UNSPECIFIED.);
#1342=B_SPLINE_CURVE_WITH_KNOTS('',1,(#2961,#2962),.UNSPECIFIED.,.F.,.F.,
(2,2),(-0.00707106781186548,0.),.UNSPECIFIED.);
#1343=B_SPLINE_CURVE_WITH_KNOTS('',1,(#2963,#2964),.UNSPECIFIED.,.F.,.F.,
(2,2),(-0.003,0.),.UNSPECIFIED.);
#1344=B_SPLINE_CURVE_WITH_KNOTS('',1,(#2965,#2966),.UNSPECIFIED.,.F.,.F.,
(2,2),(-0.003,0.),.UNSPECIFIED.);
#1345=B_SPLINE_CURVE_WITH_KNOTS('',1,(#2967,#2968),.UNSPECIFIED.,.F.,.F.,
(2,2),(0.,0.00707106781186548),.UNSPECIFIED.);
#1346=B_SPLINE_CURVE_WITH_KNOTS('',1,(#2969,#2970),.UNSPECIFIED.,.F.,.F.,
(2,2),(-0.002,0.),.UNSPECIFIED.);
#1347=B_SPLINE_CURVE_WITH_KNOTS('',1,(#2971,#2972),.UNSPECIFIED.,.F.,.F.,
(2,2),(-0.001,0.),.UNSPECIFIED.);
#1348=B_SPLINE_CURVE_WITH_KNOTS('',1,(#2973,#2974),.UNSPECIFIED.,.F.,.F.,
(2,2),(0.,0.00760232526704263),.UNSPECIFIED.);
#1349=B_SPLINE_CURVE_WITH_KNOTS('',1,(#2975,#2976),.UNSPECIFIED.,.F.,.F.,
(2,2),(0.,0.003),.UNSPECIFIED.);
#1350=B_SPLINE_CURVE_WITH_KNOTS('',1,(#2977,#2978),.UNSPECIFIED.,.F.,.F.,
(2,2),(-0.00760232526704263,0.),.UNSPECIFIED.);
#1351=B_SPLINE_CURVE_WITH_KNOTS('',1,(#2979,#2980),.UNSPECIFIED.,.F.,.F.,
(2,2),(0.,0.003),.UNSPECIFIED.);
#1352=B_SPLINE_CURVE_WITH_KNOTS('',1,(#2981,#2982),.UNSPECIFIED.,.F.,.F.,
(2,2),(0.,0.001),.UNSPECIFIED.);
#1353=B_SPLINE_CURVE_WITH_KNOTS('',1,(#2983,#2984),.UNSPECIFIED.,.F.,.F.,
(2,2),(0.,0.000610354862015971),.UNSPECIFIED.);
#1354=B_SPLINE_CURVE_WITH_KNOTS('',1,(#2985,#2986),.UNSPECIFIED.,.F.,.F.,
(2,2),(0.,0.000610354862015971),.UNSPECIFIED.);
#1355=B_SPLINE_CURVE_WITH_KNOTS('',1,(#2987,#2988),.UNSPECIFIED.,.F.,.F.,
(2,2),(0.,0.002),.UNSPECIFIED.);
#1356=B_SPLINE_CURVE_WITH_KNOTS('',1,(#2989,#2990),.UNSPECIFIED.,.F.,.F.,
(2,2),(0.,0.00383772233983162),.UNSPECIFIED.);
#1357=B_SPLINE_CURVE_WITH_KNOTS('',1,(#2991,#2992),.UNSPECIFIED.,.F.,.F.,
(2,2),(-0.002,0.),.UNSPECIFIED.);
#1358=B_SPLINE_CURVE_WITH_KNOTS('',1,(#2993,#2994),.UNSPECIFIED.,.F.,.F.,
(2,2),(0.,0.002),.UNSPECIFIED.);
#1359=B_SPLINE_CURVE_WITH_KNOTS('',1,(#2995,#2996),.UNSPECIFIED.,.F.,.F.,
(2,2),(0.,0.025298221281347),.UNSPECIFIED.);
#1360=B_SPLINE_CURVE_WITH_KNOTS('',1,(#2997,#2998),.UNSPECIFIED.,.F.,.F.,
(2,2),(-0.002,0.),.UNSPECIFIED.);
#1361=B_SPLINE_CURVE_WITH_KNOTS('',1,(#2999,#3000),.UNSPECIFIED.,.F.,.F.,
(2,2),(0.,0.025298221281347),.UNSPECIFIED.);
#1362=B_SPLINE_CURVE_WITH_KNOTS('',1,(#3001,#3002),.UNSPECIFIED.,.F.,.F.,
(2,2),(0.,0.002),.UNSPECIFIED.);
#1363=B_SPLINE_CURVE_WITH_KNOTS('',1,(#3003,#3004),.UNSPECIFIED.,.F.,.F.,
(2,2),(0.,0.0118377223398316),.UNSPECIFIED.);
#1364=B_SPLINE_CURVE_WITH_KNOTS('',1,(#3005,#3006),.UNSPECIFIED.,.F.,.F.,
(2,2),(-0.002,0.),.UNSPECIFIED.);
#1365=B_SPLINE_CURVE_WITH_KNOTS('',1,(#3007,#3008),.UNSPECIFIED.,.F.,.F.,
(2,2),(0.,0.0191970826271825),.UNSPECIFIED.);
#1366=B_SPLINE_CURVE_WITH_KNOTS('',1,(#3029,#3030),.UNSPECIFIED.,.F.,.F.,
(2,2),(0.,0.002),.UNSPECIFIED.);
#1367=B_SPLINE_CURVE_WITH_KNOTS('',1,(#3031,#3032),.UNSPECIFIED.,.F.,.F.,
(2,2),(-0.003,0.),.UNSPECIFIED.);
#1368=B_SPLINE_CURVE_WITH_KNOTS('',1,(#3033,#3034),.UNSPECIFIED.,.F.,.F.,
(2,2),(-0.00860232526704263,0.),.UNSPECIFIED.);
#1369=B_SPLINE_CURVE_WITH_KNOTS('',1,(#3035,#3036),.UNSPECIFIED.,.F.,.F.,
(2,2),(-0.00860232526704263,0.),.UNSPECIFIED.);
#1370=B_SPLINE_CURVE_WITH_KNOTS('',1,(#3043,#3044),.UNSPECIFIED.,.F.,.F.,
(2,2),(0.,0.0252982212813471),.UNSPECIFIED.);
#1371=B_SPLINE_CURVE_WITH_KNOTS('',1,(#3045,#3046),.UNSPECIFIED.,.F.,.F.,
(2,2),(0.,0.00282842712474617),.UNSPECIFIED.);
#1372=B_SPLINE_CURVE_WITH_KNOTS('',1,(#3050,#3051),.UNSPECIFIED.,.F.,.F.,
(2,2),(-0.00282842712474619,0.),.UNSPECIFIED.);
#1373=B_SPLINE_CURVE_WITH_KNOTS('',1,(#3052,#3053),.UNSPECIFIED.,.F.,.F.,
(2,2),(0.,0.00282842712474617),.UNSPECIFIED.);
#1374=B_SPLINE_CURVE_WITH_KNOTS('',1,(#3059,#3060),.UNSPECIFIED.,.F.,.F.,
(2,2),(-0.00282842712474619,0.),.UNSPECIFIED.);
#1375=B_SPLINE_CURVE_WITH_KNOTS('',1,(#3066,#3067),.UNSPECIFIED.,.F.,.F.,
(2,2),(0.,0.00282842712474619),.UNSPECIFIED.);
#1376=B_SPLINE_CURVE_WITH_KNOTS('',1,(#3068,#3069),.UNSPECIFIED.,.F.,.F.,
(2,2),(0.,0.00282842712474619),.UNSPECIFIED.);
#1377=B_SPLINE_CURVE_WITH_KNOTS('',1,(#3073,#3074),.UNSPECIFIED.,.F.,.F.,
(2,2),(-0.00282842712474619,0.),.UNSPECIFIED.);
#1378=B_SPLINE_CURVE_WITH_KNOTS('',1,(#3078,#3079),.UNSPECIFIED.,.F.,.F.,
(2,2),(-0.00282842712474619,0.),.UNSPECIFIED.);
#1379=B_SPLINE_CURVE_WITH_KNOTS('',1,(#3083,#3084),.UNSPECIFIED.,.F.,.F.,
(2,2),(-0.0028617537327301,0.),.UNSPECIFIED.);
#1380=B_SPLINE_CURVE_WITH_KNOTS('',1,(#3085,#3086),.UNSPECIFIED.,.F.,.F.,
(2,2),(0.,0.0172378138990865),.UNSPECIFIED.);
#1381=B_SPLINE_CURVE_WITH_KNOTS('',1,(#3087,#3088),.UNSPECIFIED.,.F.,.F.,
(2,2),(0.,0.0167589985360243),.UNSPECIFIED.);
#1382=B_SPLINE_CURVE_WITH_KNOTS('',1,(#3092,#3093),.UNSPECIFIED.,.F.,.F.,
(2,2),(-0.0028617537327301,0.),.UNSPECIFIED.);
#1383=B_SPLINE_CURVE_WITH_KNOTS('',1,(#3094,#3095),.UNSPECIFIED.,.F.,.F.,
(2,2),(0.,0.0153225524468374),.UNSPECIFIED.);
#1384=B_SPLINE_CURVE_WITH_KNOTS('',1,(#3096,#3097),.UNSPECIFIED.,.F.,.F.,
(2,2),(0.,0.00282842712474617),.UNSPECIFIED.);
#1385=B_SPLINE_CURVE_WITH_KNOTS('',1,(#3098,#3099),.UNSPECIFIED.,.F.,.F.,
(2,2),(-0.0252982212813471,0.),.UNSPECIFIED.);
#1386=B_SPLINE_CURVE_WITH_KNOTS('',1,(#3103,#3104),.UNSPECIFIED.,.F.,.F.,
(2,2),(0.,0.00282842712474617),.UNSPECIFIED.);
#1387=B_SPLINE_CURVE_WITH_KNOTS('',1,(#3110,#3111),.UNSPECIFIED.,.F.,.F.,
(2,2),(-0.00282842712474619,0.),.UNSPECIFIED.);
#1388=B_SPLINE_CURVE_WITH_KNOTS('',1,(#3112,#3113),.UNSPECIFIED.,.F.,.F.,
(2,2),(0.,0.00282842712474619),.UNSPECIFIED.);
#1389=B_SPLINE_CURVE_WITH_KNOTS('',1,(#3114,#3115),.UNSPECIFIED.,.F.,.F.,
(2,2),(-0.00282842712474619,0.),.UNSPECIFIED.);
#1390=B_SPLINE_CURVE_WITH_KNOTS('',1,(#3116,#3117),.UNSPECIFIED.,.F.,.F.,
(2,2),(0.,0.00282842712474619),.UNSPECIFIED.);
#1391=B_SPLINE_CURVE_WITH_KNOTS('',1,(#3118,#3119),.UNSPECIFIED.,.F.,.F.,
(2,2),(-0.00282842712474619,0.),.UNSPECIFIED.);
#1392=B_SPLINE_CURVE_WITH_KNOTS('',1,(#3126,#3127),.UNSPECIFIED.,.F.,.F.,
(2,2),(-0.00282842712474619,0.),.UNSPECIFIED.);
#1393=B_SPLINE_CURVE_WITH_KNOTS('',1,(#3131,#3132),.UNSPECIFIED.,.F.,.F.,
(2,2),(0.,0.0028617537327301),.UNSPECIFIED.);
#1394=B_SPLINE_CURVE_WITH_KNOTS('',1,(#3133,#3134),.UNSPECIFIED.,.F.,.F.,
(2,2),(-0.0167589985360243,0.),.UNSPECIFIED.);
#1395=B_SPLINE_CURVE_WITH_KNOTS('',1,(#3135,#3136),.UNSPECIFIED.,.F.,.F.,
(2,2),(0.,0.0172378138990865),.UNSPECIFIED.);
#1396=B_SPLINE_CURVE_WITH_KNOTS('',1,(#3140,#3141),.UNSPECIFIED.,.F.,.F.,
(2,2),(0.,0.0028617537327301),.UNSPECIFIED.);
#1397=B_SPLINE_CURVE_WITH_KNOTS('',1,(#3142,#3143),.UNSPECIFIED.,.F.,.F.,
(2,2),(0.,0.0153225524468374),.UNSPECIFIED.);
#1398=B_SPLINE_CURVE_WITH_KNOTS('',1,(#3144,#3145),.UNSPECIFIED.,.F.,.F.,
(2,2),(0.,0.028000595263468),.UNSPECIFIED.);
#1399=B_SPLINE_CURVE_WITH_KNOTS('',1,(#3146,#3147),.UNSPECIFIED.,.F.,.F.,
(2,2),(0.,0.0281871957739138),.UNSPECIFIED.);
#1400=B_SPLINE_CURVE_WITH_KNOTS('',1,(#3148,#3149),.UNSPECIFIED.,.F.,.F.,
(2,2),(-1.,0.),.UNSPECIFIED.);
#1401=B_SPLINE_CURVE_WITH_KNOTS('',3,(#3150,#3151,#3152,#3153,#3154,#3155),
 .UNSPECIFIED.,.F.,.F.,(4,2,4),(0.,0.5,1.),.UNSPECIFIED.);
#1402=B_SPLINE_CURVE_WITH_KNOTS('',1,(#3156,#3157),.UNSPECIFIED.,.F.,.F.,
(2,2),(-1.,0.),.UNSPECIFIED.);
#1403=B_SPLINE_CURVE_WITH_KNOTS('',3,(#3158,#3159,#3160,#3161,#3162,#3163),
 .UNSPECIFIED.,.F.,.F.,(4,2,4),(0.,0.5,1.),.UNSPECIFIED.);
#1404=B_SPLINE_CURVE_WITH_KNOTS('',1,(#3164,#3165),.UNSPECIFIED.,.F.,.F.,
(2,2),(-1.,0.),.UNSPECIFIED.);
#1405=B_SPLINE_CURVE_WITH_KNOTS('',3,(#3166,#3167,#3168,#3169,#3170,#3171),
 .UNSPECIFIED.,.F.,.F.,(4,2,4),(0.,0.500000000000001,1.),.UNSPECIFIED.);
#1406=B_SPLINE_CURVE_WITH_KNOTS('',1,(#3172,#3173),.UNSPECIFIED.,.F.,.F.,
(2,2),(-1.,0.),.UNSPECIFIED.);
#1407=B_SPLINE_CURVE_WITH_KNOTS('',3,(#3174,#3175,#3176,#3177,#3178,#3179),
 .UNSPECIFIED.,.F.,.F.,(4,2,4),(0.,0.499999999999999,1.),.UNSPECIFIED.);
#1408=B_SPLINE_CURVE_WITH_KNOTS('',1,(#3180,#3181),.UNSPECIFIED.,.F.,.F.,
(2,2),(0.,0.0281871957739138),.UNSPECIFIED.);
#1409=B_SPLINE_CURVE_WITH_KNOTS('',1,(#3182,#3183),.UNSPECIFIED.,.F.,.F.,
(2,2),(-0.028000595263468,0.),.UNSPECIFIED.);
#1410=B_SPLINE_CURVE_WITH_KNOTS('',1,(#3184,#3185),.UNSPECIFIED.,.F.,.F.,
(2,2),(0.,0.00841231832507762),.UNSPECIFIED.);
#1411=B_SPLINE_CURVE_WITH_KNOTS('',1,(#3186,#3187),.UNSPECIFIED.,.F.,.F.,
(2,2),(0.,0.00930383713649842),.UNSPECIFIED.);
#1412=B_SPLINE_CURVE_WITH_KNOTS('',1,(#3188,#3189),.UNSPECIFIED.,.F.,.F.,
(2,2),(0.,0.00144014804957536),.UNSPECIFIED.);
#1413=B_SPLINE_CURVE_WITH_KNOTS('',1,(#3190,#3191),.UNSPECIFIED.,.F.,.F.,
(2,2),(0.,0.00144014804957536),.UNSPECIFIED.);
#1414=B_SPLINE_CURVE_WITH_KNOTS('',1,(#3192,#3193),.UNSPECIFIED.,.F.,.F.,
(2,2),(0.,0.00841231832507763),.UNSPECIFIED.);
#1415=B_SPLINE_CURVE_WITH_KNOTS('',1,(#3194,#3195),.UNSPECIFIED.,.F.,.F.,
(2,2),(-0.00930383713649842,0.),.UNSPECIFIED.);
#1416=B_SPLINE_CURVE_WITH_KNOTS('',1,(#3196,#3197),.UNSPECIFIED.,.F.,.F.,
(2,2),(0.00281820693123829,0.00416461709275202),.UNSPECIFIED.);
#1417=B_SPLINE_CURVE_WITH_KNOTS('',1,(#3201,#3202),.UNSPECIFIED.,.F.,.F.,
(2,2),(0.00363128375941873,0.00416461709275202),.UNSPECIFIED.);
#1418=VERTEX_POINT('',#2406);
#1419=VERTEX_POINT('',#2407);
#1420=VERTEX_POINT('',#2408);
#1421=VERTEX_POINT('',#2409);
#1422=VERTEX_POINT('',#2410);
#1423=VERTEX_POINT('',#2411);
#1424=VERTEX_POINT('',#2412);
#1425=VERTEX_POINT('',#2413);
#1426=VERTEX_POINT('',#2414);
#1427=VERTEX_POINT('',#2415);
#1428=VERTEX_POINT('',#2416);
#1429=VERTEX_POINT('',#2417);
#1430=VERTEX_POINT('',#2418);
#1431=VERTEX_POINT('',#2419);
#1432=VERTEX_POINT('',#2420);
#1433=VERTEX_POINT('',#2421);
#1434=VERTEX_POINT('',#2422);
#1435=VERTEX_POINT('',#2423);
#1436=VERTEX_POINT('',#2424);
#1437=VERTEX_POINT('',#2425);
#1438=VERTEX_POINT('',#2426);
#1439=VERTEX_POINT('',#2427);
#1440=VERTEX_POINT('',#2428);
#1441=VERTEX_POINT('',#2429);
#1442=VERTEX_POINT('',#2430);
#1443=VERTEX_POINT('',#2431);
#1444=VERTEX_POINT('',#2432);
#1445=VERTEX_POINT('',#2433);
#1446=VERTEX_POINT('',#2434);
#1447=VERTEX_POINT('',#2435);
#1448=VERTEX_POINT('',#2436);
#1449=VERTEX_POINT('',#2437);
#1450=VERTEX_POINT('',#2438);
#1451=VERTEX_POINT('',#2439);
#1452=VERTEX_POINT('',#2440);
#1453=VERTEX_POINT('',#2441);
#1454=VERTEX_POINT('',#2442);
#1455=VERTEX_POINT('',#2443);
#1456=VERTEX_POINT('',#2444);
#1457=VERTEX_POINT('',#2445);
#1458=VERTEX_POINT('',#2446);
#1459=VERTEX_POINT('',#2447);
#1460=VERTEX_POINT('',#2448);
#1461=VERTEX_POINT('',#2449);
#1462=VERTEX_POINT('',#2450);
#1463=VERTEX_POINT('',#2451);
#1464=VERTEX_POINT('',#2452);
#1465=VERTEX_POINT('',#2453);
#1466=VERTEX_POINT('',#2454);
#1467=VERTEX_POINT('',#2455);
#1468=VERTEX_POINT('',#2456);
#1469=VERTEX_POINT('',#2457);
#1470=VERTEX_POINT('',#2458);
#1471=VERTEX_POINT('',#2459);
#1472=VERTEX_POINT('',#2460);
#1473=VERTEX_POINT('',#2461);
#1474=VERTEX_POINT('',#2462);
#1475=VERTEX_POINT('',#2463);
#1476=VERTEX_POINT('',#2464);
#1477=VERTEX_POINT('',#2465);
#1478=VERTEX_POINT('',#2466);
#1479=VERTEX_POINT('',#2467);
#1480=VERTEX_POINT('',#2468);
#1481=VERTEX_POINT('',#2469);
#1482=VERTEX_POINT('',#2470);
#1483=VERTEX_POINT('',#2471);
#1484=VERTEX_POINT('',#2472);
#1485=VERTEX_POINT('',#2473);
#1486=VERTEX_POINT('',#2474);
#1487=VERTEX_POINT('',#2475);
#1488=VERTEX_POINT('',#2476);
#1489=VERTEX_POINT('',#2477);
#1490=VERTEX_POINT('',#2478);
#1491=VERTEX_POINT('',#2479);
#1492=VERTEX_POINT('',#2480);
#1493=VERTEX_POINT('',#2481);
#1494=VERTEX_POINT('',#2482);
#1495=VERTEX_POINT('',#2483);
#1496=VERTEX_POINT('',#2484);
#1497=VERTEX_POINT('',#2485);
#1498=VERTEX_POINT('',#2486);
#1499=VERTEX_POINT('',#2487);
#1500=VERTEX_POINT('',#2488);
#1501=VERTEX_POINT('',#2489);
#1502=VERTEX_POINT('',#2490);
#1503=VERTEX_POINT('',#2491);
#1504=VERTEX_POINT('',#2492);
#1505=VERTEX_POINT('',#2493);
#1506=VERTEX_POINT('',#2494);
#1507=VERTEX_POINT('',#2495);
#1508=VERTEX_POINT('',#2496);
#1509=VERTEX_POINT('',#2497);
#1510=VERTEX_POINT('',#2498);
#1511=VERTEX_POINT('',#2499);
#1512=VERTEX_POINT('',#2500);
#1513=VERTEX_POINT('',#2501);
#1514=VERTEX_POINT('',#2502);
#1515=VERTEX_POINT('',#2503);
#1516=VERTEX_POINT('',#2504);
#1517=VERTEX_POINT('',#2505);
#1518=VERTEX_POINT('',#2506);
#1519=VERTEX_POINT('',#2507);
#1520=VERTEX_POINT('',#2508);
#1521=VERTEX_POINT('',#2509);
#1522=VERTEX_POINT('',#2510);
#1523=VERTEX_POINT('',#2511);
#1524=VERTEX_POINT('',#2512);
#1525=VERTEX_POINT('',#2513);
#1526=VERTEX_POINT('',#2514);
#1527=VERTEX_POINT('',#2515);
#1528=VERTEX_POINT('',#2516);
#1529=VERTEX_POINT('',#2517);
#1530=VERTEX_POINT('',#2518);
#1531=VERTEX_POINT('',#2519);
#1532=VERTEX_POINT('',#2520);
#1533=VERTEX_POINT('',#2521);
#1534=VERTEX_POINT('',#2522);
#1535=VERTEX_POINT('',#2523);
#1536=VERTEX_POINT('',#2524);
#1537=VERTEX_POINT('',#2525);
#1538=VERTEX_POINT('',#2526);
#1539=VERTEX_POINT('',#2527);
#1540=VERTEX_POINT('',#2528);
#1541=VERTEX_POINT('',#2529);
#1542=VERTEX_POINT('',#2530);
#1543=VERTEX_POINT('',#2531);
#1544=VERTEX_POINT('',#2532);
#1545=VERTEX_POINT('',#2533);
#1546=VERTEX_POINT('',#2534);
#1547=VERTEX_POINT('',#2535);
#1548=VERTEX_POINT('',#2536);
#1549=VERTEX_POINT('',#2537);
#1550=VERTEX_POINT('',#2538);
#1551=VERTEX_POINT('',#2539);
#1552=VERTEX_POINT('',#2540);
#1553=VERTEX_POINT('',#2541);
#1554=VERTEX_POINT('',#2542);
#1555=VERTEX_POINT('',#2543);
#1556=VERTEX_POINT('',#2544);
#1557=VERTEX_POINT('',#2545);
#1558=VERTEX_POINT('',#2546);
#1559=VERTEX_POINT('',#2547);
#1560=VERTEX_POINT('',#2548);
#1561=VERTEX_POINT('',#2549);
#1562=VERTEX_POINT('',#2550);
#1563=VERTEX_POINT('',#2551);
#1564=VERTEX_POINT('',#2552);
#1565=VERTEX_POINT('',#2553);
#1566=VERTEX_POINT('',#2554);
#1567=VERTEX_POINT('',#2555);
#1568=VERTEX_POINT('',#2556);
#1569=VERTEX_POINT('',#2557);
#1570=VERTEX_POINT('',#2558);
#1571=VERTEX_POINT('',#2559);
#1572=VERTEX_POINT('',#2560);
#1573=VERTEX_POINT('',#2561);
#1574=VERTEX_POINT('',#2562);
#1575=VERTEX_POINT('',#2563);
#1576=VERTEX_POINT('',#2564);
#1577=VERTEX_POINT('',#2565);
#1578=VERTEX_POINT('',#2566);
#1579=VERTEX_POINT('',#2567);
#1580=VERTEX_POINT('',#2568);
#1581=VERTEX_POINT('',#2569);
#1582=VERTEX_POINT('',#2570);
#1583=VERTEX_POINT('',#2571);
#1584=VERTEX_POINT('',#2572);
#1585=VERTEX_POINT('',#2573);
#1586=VERTEX_POINT('',#2574);
#1587=VERTEX_POINT('',#2575);
#1588=B_SPLINE_SURFACE_WITH_KNOTS('',1,3,((#2357,#2358,#2359,#2360,#2361,
#2362),(#2363,#2364,#2365,#2366,#2367,#2368)),.UNSPECIFIED.,.F.,.F.,.F.,
(2,2),(4,2,4),(0.,0.00218994600911127),(0.,0.00350737973441294,0.00701475946882588),
 .UNSPECIFIED.);
#1589=B_SPLINE_SURFACE_WITH_KNOTS('',1,3,((#2370,#2371,#2372,#2373,#2374,
#2375),(#2376,#2377,#2378,#2379,#2380,#2381)),.UNSPECIFIED.,.F.,.F.,.F.,
(2,2),(4,2,4),(-1.00288700954909E-18,0.00218994600911126),(-6.50521303491303E-19,
0.00350737973441294,0.00701475946882588),.UNSPECIFIED.);
#1590=(
BOUNDED_SURFACE()
B_SPLINE_SURFACE(1,2,((#1874,#1875,#1876,#1877,#1878,#1879,#1880,#1881,
#1882),(#1883,#1884,#1885,#1886,#1887,#1888,#1889,#1890,#1891)),
 .UNSPECIFIED.,.F.,.F.,.F.)
B_SPLINE_SURFACE_WITH_KNOTS((2,2),(3,2,2,2,3),(0.,0.0084),(0.,1.5707963267949,
3.14159265358979,4.71238898038469,6.28318530717959),.UNSPECIFIED.)
GEOMETRIC_REPRESENTATION_ITEM()
RATIONAL_B_SPLINE_SURFACE(((1.,0.707106781186548,1.,0.707106781186548,1.,
0.707106781186548,1.,0.707106781186548,1.),(1.,0.707106781186548,1.,0.707106781186548,
1.,0.707106781186548,1.,0.707106781186548,1.)))
REPRESENTATION_ITEM('')
SURFACE()
);
#1591=(
BOUNDED_SURFACE()
B_SPLINE_SURFACE(1,2,((#1897,#1898,#1899,#1900,#1901,#1902,#1903,#1904,
#1905),(#1906,#1907,#1908,#1909,#1910,#1911,#1912,#1913,#1914)),
 .UNSPECIFIED.,.F.,.F.,.F.)
B_SPLINE_SURFACE_WITH_KNOTS((2,2),(3,2,2,2,3),(0.,0.0084),(0.,1.5707963267949,
3.14159265358979,4.71238898038469,6.28318530717959),.UNSPECIFIED.)
GEOMETRIC_REPRESENTATION_ITEM()
RATIONAL_B_SPLINE_SURFACE(((1.,0.707106781186548,1.,0.707106781186548,1.,
0.707106781186548,1.,0.707106781186548,1.),(1.,0.707106781186548,1.,0.707106781186548,
1.,0.707106781186548,1.,0.707106781186548,1.)))
REPRESENTATION_ITEM('')
SURFACE()
);
#1592=(
BOUNDED_SURFACE()
B_SPLINE_SURFACE(2,1,((#1920,#1921),(#1922,#1923),(#1924,#1925),(#1926,
#1927),(#1928,#1929)),.UNSPECIFIED.,.F.,.F.,.F.)
B_SPLINE_SURFACE_WITH_KNOTS((3,2,3),(2,2),(0.,0.00565486677646163,0.0113097335529233),
(0.,0.00563412773754766),.UNSPECIFIED.)
GEOMETRIC_REPRESENTATION_ITEM()
RATIONAL_B_SPLINE_SURFACE(((1.,1.),(0.707106781186548,0.707106781186548),
(1.,1.),(0.707106781186548,0.707106781186548),(1.,1.)))
REPRESENTATION_ITEM('')
SURFACE()
);
#1593=(
BOUNDED_SURFACE()
B_SPLINE_SURFACE(2,1,((#1945,#1946),(#1947,#1948),(#1949,#1950),(#1951,
#1952),(#1953,#1954)),.UNSPECIFIED.,.F.,.F.,.F.)
B_SPLINE_SURFACE_WITH_KNOTS((3,2,3),(2,2),(0.,0.00565486677646163,0.0113097335529233),
(0.,0.00563412773754766),.UNSPECIFIED.)
GEOMETRIC_REPRESENTATION_ITEM()
RATIONAL_B_SPLINE_SURFACE(((1.,1.),(0.707106781186548,0.707106781186548),
(1.,1.),(0.707106781186548,0.707106781186548),(1.,1.)))
REPRESENTATION_ITEM('')
SURFACE()
);
#1594=(
BOUNDED_SURFACE()
B_SPLINE_SURFACE(2,1,((#1958,#1959),(#1960,#1961),(#1962,#1963),(#1964,
#1965),(#1966,#1967),(#1968,#1969),(#1970,#1971),(#1972,#1973),(#1974,#1975)),
 .UNSPECIFIED.,.T.,.F.,.F.)
B_SPLINE_SURFACE_WITH_KNOTS((3,2,2,2,3),(2,2),(0.,0.00628318530717959,0.0125663706143592,
0.0188495559215388,0.0251327412287184),(0.,0.00660000000000001),
 .UNSPECIFIED.)
GEOMETRIC_REPRESENTATION_ITEM()
RATIONAL_B_SPLINE_SURFACE(((1.,1.),(0.707106781186548,0.707106781186548),
(1.,1.),(0.707106781186548,0.707106781186548),(1.,1.),(0.707106781186548,
0.707106781186548),(1.,1.),(0.707106781186548,0.707106781186548),(1.,1.)))
REPRESENTATION_ITEM('')
SURFACE()
);
#1595=(
BOUNDED_SURFACE()
B_SPLINE_SURFACE(2,1,((#1976,#1977),(#1978,#1979),(#1980,#1981),(#1982,
#1983),(#1984,#1985),(#1986,#1987),(#1988,#1989),(#1990,#1991),(#1992,#1993)),
 .UNSPECIFIED.,.T.,.F.,.F.)
B_SPLINE_SURFACE_WITH_KNOTS((3,2,2,2,3),(2,2),(0.,0.00628318530717959,0.0125663706143592,
0.0188495559215388,0.0251327412287184),(0.,0.00660000000000001),
 .UNSPECIFIED.)
GEOMETRIC_REPRESENTATION_ITEM()
RATIONAL_B_SPLINE_SURFACE(((1.,1.),(0.707106781186548,0.707106781186548),
(1.,1.),(0.707106781186548,0.707106781186548),(1.,1.),(0.707106781186548,
0.707106781186548),(1.,1.),(0.707106781186548,0.707106781186548),(1.,1.)))
REPRESENTATION_ITEM('')
SURFACE()
);
#1596=(
BOUNDED_SURFACE()
B_SPLINE_SURFACE(2,1,((#2002,#2003),(#2004,#2005),(#2006,#2007),(#2008,
#2009),(#2010,#2011),(#2012,#2013),(#2014,#2015),(#2016,#2017),(#2018,#2019)),
 .UNSPECIFIED.,.T.,.F.,.F.)
B_SPLINE_SURFACE_WITH_KNOTS((3,2,2,2,3),(2,2),(0.,0.00471238898038469,0.00942477796076938,
0.0141371669411541,0.0188495559215388),(0.,0.0048),.UNSPECIFIED.)
GEOMETRIC_REPRESENTATION_ITEM()
RATIONAL_B_SPLINE_SURFACE(((1.,1.),(0.707106781186548,0.707106781186548),
(1.,1.),(0.707106781186548,0.707106781186548),(1.,1.),(0.707106781186548,
0.707106781186548),(1.,1.),(0.707106781186548,0.707106781186548),(1.,1.)))
REPRESENTATION_ITEM('')
SURFACE()
);
#1597=(
BOUNDED_SURFACE()
B_SPLINE_SURFACE(2,1,((#2020,#2021),(#2022,#2023),(#2024,#2025),(#2026,
#2027),(#2028,#2029),(#2030,#2031),(#2032,#2033),(#2034,#2035),(#2036,#2037)),
 .UNSPECIFIED.,.T.,.F.,.F.)
B_SPLINE_SURFACE_WITH_KNOTS((3,2,2,2,3),(2,2),(0.,0.0047123889803847,0.0094247779607694,
0.0141371669411541,0.0188495559215388),(0.,0.00480000000000005),
 .UNSPECIFIED.)
GEOMETRIC_REPRESENTATION_ITEM()
RATIONAL_B_SPLINE_SURFACE(((1.,1.),(0.707106781186548,0.707106781186548),
(1.,1.),(0.707106781186548,0.707106781186548),(1.,1.),(0.707106781186548,
0.707106781186548),(1.,1.),(0.707106781186548,0.707106781186548),(1.,1.)))
REPRESENTATION_ITEM('')
SURFACE()
);
#1598=(
BOUNDED_SURFACE()
B_SPLINE_SURFACE(2,1,((#2038,#2039),(#2040,#2041),(#2042,#2043),(#2044,
#2045),(#2046,#2047),(#2048,#2049),(#2050,#2051),(#2052,#2053),(#2054,#2055)),
 .UNSPECIFIED.,.T.,.F.,.F.)
B_SPLINE_SURFACE_WITH_KNOTS((3,2,2,2,3),(2,2),(0.,0.00471238898038469,0.00942477796076938,
0.0141371669411541,0.0188495559215388),(0.,0.00480000000000001),
 .UNSPECIFIED.)
GEOMETRIC_REPRESENTATION_ITEM()
RATIONAL_B_SPLINE_SURFACE(((1.,1.),(0.707106781186548,0.707106781186548),
(1.,1.),(0.707106781186548,0.707106781186548),(1.,1.),(0.707106781186548,
0.707106781186548),(1.,1.),(0.707106781186548,0.707106781186548),(1.,1.)))
REPRESENTATION_ITEM('')
SURFACE()
);
#1599=(
BOUNDED_SURFACE()
B_SPLINE_SURFACE(2,1,((#2056,#2057),(#2058,#2059),(#2060,#2061),(#2062,
#2063),(#2064,#2065),(#2066,#2067),(#2068,#2069),(#2070,#2071),(#2072,#2073)),
 .UNSPECIFIED.,.T.,.F.,.F.)
B_SPLINE_SURFACE_WITH_KNOTS((3,2,2,2,3),(2,2),(0.,0.0047123889803847,0.00942477796076941,
0.0141371669411541,0.0188495559215388),(0.,0.00480000000000001),
 .UNSPECIFIED.)
GEOMETRIC_REPRESENTATION_ITEM()
RATIONAL_B_SPLINE_SURFACE(((1.,1.),(0.707106781186548,0.707106781186548),
(1.,1.),(0.707106781186548,0.707106781186548),(1.,1.),(0.707106781186548,
0.707106781186548),(1.,1.),(0.707106781186548,0.707106781186548),(1.,1.)))
REPRESENTATION_ITEM('')
SURFACE()
);
#1600=(
BOUNDED_SURFACE()
B_SPLINE_SURFACE(2,1,((#2085,#2086),(#2087,#2088),(#2089,#2090),(#2091,
#2092),(#2093,#2094),(#2095,#2096),(#2097,#2098),(#2099,#2100),(#2101,#2102)),
 .UNSPECIFIED.,.T.,.F.,.F.)
B_SPLINE_SURFACE_WITH_KNOTS((3,2,2,2,3),(2,2),(0.,0.00471238898038469,0.00942477796076938,
0.0141371669411541,0.0188495559215388),(0.,0.00480000000000001),
 .UNSPECIFIED.)
GEOMETRIC_REPRESENTATION_ITEM()
RATIONAL_B_SPLINE_SURFACE(((1.,1.),(0.707106781186548,0.707106781186548),
(1.,1.),(0.707106781186548,0.707106781186548),(1.,1.),(0.707106781186548,
0.707106781186548),(1.,1.),(0.707106781186548,0.707106781186548),(1.,1.)))
REPRESENTATION_ITEM('')
SURFACE()
);
#1601=(
BOUNDED_SURFACE()
B_SPLINE_SURFACE(2,1,((#2103,#2104),(#2105,#2106),(#2107,#2108),(#2109,
#2110),(#2111,#2112),(#2113,#2114),(#2115,#2116),(#2117,#2118),(#2119,#2120)),
 .UNSPECIFIED.,.T.,.F.,.F.)
B_SPLINE_SURFACE_WITH_KNOTS((3,2,2,2,3),(2,2),(0.,0.0047123889803847,0.0094247779607694,
0.0141371669411541,0.0188495559215388),(0.,0.00480000000000005),
 .UNSPECIFIED.)
GEOMETRIC_REPRESENTATION_ITEM()
RATIONAL_B_SPLINE_SURFACE(((1.,1.),(0.707106781186548,0.707106781186548),
(1.,1.),(0.707106781186548,0.707106781186548),(1.,1.),(0.707106781186548,
0.707106781186548),(1.,1.),(0.707106781186548,0.707106781186548),(1.,1.)))
REPRESENTATION_ITEM('')
SURFACE()
);
#1602=(
BOUNDED_SURFACE()
B_SPLINE_SURFACE(2,1,((#2121,#2122),(#2123,#2124),(#2125,#2126),(#2127,
#2128),(#2129,#2130),(#2131,#2132),(#2133,#2134),(#2135,#2136),(#2137,#2138)),
 .UNSPECIFIED.,.T.,.F.,.F.)
B_SPLINE_SURFACE_WITH_KNOTS((3,2,2,2,3),(2,2),(0.,0.00471238898038469,0.00942477796076939,
0.0141371669411541,0.0188495559215388),(0.,0.00480000000000001),
 .UNSPECIFIED.)
GEOMETRIC_REPRESENTATION_ITEM()
RATIONAL_B_SPLINE_SURFACE(((1.,1.),(0.707106781186548,0.707106781186548),
(1.,1.),(0.707106781186548,0.707106781186548),(1.,1.),(0.707106781186548,
0.707106781186548),(1.,1.),(0.707106781186548,0.707106781186548),(1.,1.)))
REPRESENTATION_ITEM('')
SURFACE()
);
#1603=(
BOUNDED_SURFACE()
B_SPLINE_SURFACE(2,1,((#2139,#2140),(#2141,#2142),(#2143,#2144),(#2145,
#2146),(#2147,#2148),(#2149,#2150),(#2151,#2152),(#2153,#2154),(#2155,#2156)),
 .UNSPECIFIED.,.T.,.F.,.F.)
B_SPLINE_SURFACE_WITH_KNOTS((3,2,2,2,3),(2,2),(0.,0.0047123889803847,0.00942477796076941,
0.0141371669411541,0.0188495559215388),(0.,0.00480000000000001),
 .UNSPECIFIED.)
GEOMETRIC_REPRESENTATION_ITEM()
RATIONAL_B_SPLINE_SURFACE(((1.,1.),(0.707106781186548,0.707106781186548),
(1.,1.),(0.707106781186548,0.707106781186548),(1.,1.),(0.707106781186548,
0.707106781186548),(1.,1.),(0.707106781186548,0.707106781186548),(1.,1.)))
REPRESENTATION_ITEM('')
SURFACE()
);
#1604=(
BOUNDED_SURFACE()
B_SPLINE_SURFACE(2,1,((#2160,#2161),(#2162,#2163),(#2164,#2165),(#2166,
#2167),(#2168,#2169),(#2170,#2171),(#2172,#2173),(#2174,#2175),(#2176,#2177)),
 .UNSPECIFIED.,.T.,.F.,.F.)
B_SPLINE_SURFACE_WITH_KNOTS((3,2,2,2,3),(2,2),(0.,0.00785398163397448,0.015707963267949,
0.0235619449019235,0.0314159265358979),(0.,0.00569091536265367),
 .UNSPECIFIED.)
GEOMETRIC_REPRESENTATION_ITEM()
RATIONAL_B_SPLINE_SURFACE(((1.,1.),(0.707106781186548,0.707106781186548),
(1.,1.),(0.707106781186548,0.707106781186548),(1.,1.),(0.707106781186548,
0.707106781186548),(1.,1.),(0.707106781186548,0.707106781186548),(1.,1.)))
REPRESENTATION_ITEM('')
SURFACE()
);
#1605=(
BOUNDED_SURFACE()
B_SPLINE_SURFACE(2,1,((#2178,#2179),(#2180,#2181),(#2182,#2183),(#2184,
#2185),(#2186,#2187),(#2188,#2189),(#2190,#2191),(#2192,#2193),(#2194,#2195)),
 .UNSPECIFIED.,.T.,.F.,.F.)
B_SPLINE_SURFACE_WITH_KNOTS((3,2,2,2,3),(2,2),(0.,0.00785398163397448,0.015707963267949,
0.0235619449019235,0.0314159265358979),(0.,0.00569091536265368),
 .UNSPECIFIED.)
GEOMETRIC_REPRESENTATION_ITEM()
RATIONAL_B_SPLINE_SURFACE(((1.,1.),(0.707106781186548,0.707106781186548),
(1.,1.),(0.707106781186548,0.707106781186548),(1.,1.),(0.707106781186548,
0.707106781186548),(1.,1.),(0.707106781186548,0.707106781186548),(1.,1.)))
REPRESENTATION_ITEM('')
SURFACE()
);
#1606=(
BOUNDED_SURFACE()
B_SPLINE_SURFACE(2,1,((#2197,#2198),(#2199,#2200),(#2201,#2202),(#2203,
#2204),(#2205,#2206),(#2207,#2208),(#2209,#2210),(#2211,#2212),(#2213,#2214)),
 .UNSPECIFIED.,.T.,.F.,.F.)
B_SPLINE_SURFACE_WITH_KNOTS((3,2,2,2,3),(2,2),(0.,0.00706858347057702,0.014137166941154,
0.0212057504117311,0.0282743338823081),(0.,0.00636396103067893),
 .UNSPECIFIED.)
GEOMETRIC_REPRESENTATION_ITEM()
RATIONAL_B_SPLINE_SURFACE(((1.,1.),(0.707106781186548,0.707106781186548),
(1.,1.),(0.707106781186548,0.707106781186548),(1.,1.),(0.707106781186548,
0.707106781186548),(1.,1.),(0.707106781186548,0.707106781186548),(1.,1.)))
REPRESENTATION_ITEM('')
SURFACE()
);
#1607=(
BOUNDED_SURFACE()
B_SPLINE_SURFACE(2,1,((#2215,#2216),(#2217,#2218),(#2219,#2220),(#2221,
#2222),(#2223,#2224),(#2225,#2226),(#2227,#2228),(#2229,#2230),(#2231,#2232)),
 .UNSPECIFIED.,.T.,.F.,.F.)
B_SPLINE_SURFACE_WITH_KNOTS((3,2,2,2,3),(2,2),(0.,0.00706858347057704,0.0141371669411541,
0.0212057504117311,0.0282743338823082),(0.,0.00636396103067894),
 .UNSPECIFIED.)
GEOMETRIC_REPRESENTATION_ITEM()
RATIONAL_B_SPLINE_SURFACE(((1.,1.),(0.707106781186548,0.707106781186548),
(1.,1.),(0.707106781186548,0.707106781186548),(1.,1.),(0.707106781186548,
0.707106781186548),(1.,1.),(0.707106781186548,0.707106781186548),(1.,1.)))
REPRESENTATION_ITEM('')
SURFACE()
);
#1608=(
BOUNDED_SURFACE()
B_SPLINE_SURFACE(2,1,((#2235,#2236),(#2237,#2238),(#2239,#2240),(#2241,
#2242),(#2243,#2244),(#2245,#2246),(#2247,#2248),(#2249,#2250),(#2251,#2252)),
 .UNSPECIFIED.,.T.,.F.,.F.)
B_SPLINE_SURFACE_WITH_KNOTS((3,2,2,2,3),(2,2),(0.,0.00706858347057704,0.0141371669411541,
0.0212057504117311,0.0282743338823081),(0.,0.00636396103067893),
 .UNSPECIFIED.)
GEOMETRIC_REPRESENTATION_ITEM()
RATIONAL_B_SPLINE_SURFACE(((1.,1.),(0.707106781186548,0.707106781186548),
(1.,1.),(0.707106781186548,0.707106781186548),(1.,1.),(0.707106781186548,
0.707106781186548),(1.,1.),(0.707106781186548,0.707106781186548),(1.,1.)))
REPRESENTATION_ITEM('')
SURFACE()
);
#1609=(
BOUNDED_SURFACE()
B_SPLINE_SURFACE(2,1,((#2253,#2254),(#2255,#2256),(#2257,#2258),(#2259,
#2260),(#2261,#2262),(#2263,#2264),(#2265,#2266),(#2267,#2268),(#2269,#2270)),
 .UNSPECIFIED.,.T.,.F.,.F.)
B_SPLINE_SURFACE_WITH_KNOTS((3,2,2,2,3),(2,2),(0.,0.00706858347057704,0.0141371669411541,
0.0212057504117311,0.0282743338823082),(0.,0.00636396103067894),
 .UNSPECIFIED.)
GEOMETRIC_REPRESENTATION_ITEM()
RATIONAL_B_SPLINE_SURFACE(((1.,1.),(0.707106781186548,0.707106781186548),
(1.,1.),(0.707106781186548,0.707106781186548),(1.,1.),(0.707106781186548,
0.707106781186548),(1.,1.),(0.707106781186548,0.707106781186548),(1.,1.)))
REPRESENTATION_ITEM('')
SURFACE()
);
#1610=(
BOUNDED_SURFACE()
B_SPLINE_SURFACE(2,1,((#2277,#2278),(#2279,#2280),(#2281,#2282),(#2283,
#2284),(#2285,#2286),(#2287,#2288),(#2289,#2290),(#2291,#2292),(#2293,#2294)),
 .UNSPECIFIED.,.T.,.F.,.F.)
B_SPLINE_SURFACE_WITH_KNOTS((3,2,2,2,3),(2,2),(0.,0.00706858347057705,0.0141371669411541,
0.0212057504117312,0.0282743338823082),(0.,0.00636396103067894),
 .UNSPECIFIED.)
GEOMETRIC_REPRESENTATION_ITEM()
RATIONAL_B_SPLINE_SURFACE(((1.,1.),(0.707106781186548,0.707106781186548),
(1.,1.),(0.707106781186548,0.707106781186548),(1.,1.),(0.707106781186548,
0.707106781186548),(1.,1.),(0.707106781186548,0.707106781186548),(1.,1.)))
REPRESENTATION_ITEM('')
SURFACE()
);
#1611=(
BOUNDED_SURFACE()
B_SPLINE_SURFACE(2,1,((#2295,#2296),(#2297,#2298),(#2299,#2300),(#2301,
#2302),(#2303,#2304),(#2305,#2306),(#2307,#2308),(#2309,#2310),(#2311,#2312)),
 .UNSPECIFIED.,.T.,.F.,.F.)
B_SPLINE_SURFACE_WITH_KNOTS((3,2,2,2,3),(2,2),(0.,0.00706858347057704,0.0141371669411541,
0.0212057504117311,0.0282743338823082),(0.,0.00636396103067893),
 .UNSPECIFIED.)
GEOMETRIC_REPRESENTATION_ITEM()
RATIONAL_B_SPLINE_SURFACE(((1.,1.),(0.707106781186548,0.707106781186548),
(1.,1.),(0.707106781186548,0.707106781186548),(1.,1.),(0.707106781186548,
0.707106781186548),(1.,1.),(0.707106781186548,0.707106781186548),(1.,1.)))
REPRESENTATION_ITEM('')
SURFACE()
);
#1612=(
BOUNDED_SURFACE()
B_SPLINE_SURFACE(2,1,((#2315,#2316),(#2317,#2318),(#2319,#2320),(#2321,
#2322),(#2323,#2324),(#2325,#2326),(#2327,#2328),(#2329,#2330),(#2331,#2332)),
 .UNSPECIFIED.,.T.,.F.,.F.)
B_SPLINE_SURFACE_WITH_KNOTS((3,2,2,2,3),(2,2),(0.,0.00706858347057705,0.0141371669411541,
0.0212057504117312,0.0282743338823082),(0.,0.00636396103067894),
 .UNSPECIFIED.)
GEOMETRIC_REPRESENTATION_ITEM()
RATIONAL_B_SPLINE_SURFACE(((1.,1.),(0.707106781186548,0.707106781186548),
(1.,1.),(0.707106781186548,0.707106781186548),(1.,1.),(0.707106781186548,
0.707106781186548),(1.,1.),(0.707106781186548,0.707106781186548),(1.,1.)))
REPRESENTATION_ITEM('')
SURFACE()
);
#1613=(
BOUNDED_SURFACE()
B_SPLINE_SURFACE(2,1,((#2333,#2334),(#2335,#2336),(#2337,#2338),(#2339,
#2340),(#2341,#2342),(#2343,#2344),(#2345,#2346),(#2347,#2348),(#2349,#2350)),
 .UNSPECIFIED.,.T.,.F.,.F.)
B_SPLINE_SURFACE_WITH_KNOTS((3,2,2,2,3),(2,2),(0.,0.00706858347057704,0.0141371669411541,
0.0212057504117311,0.0282743338823082),(0.,0.00636396103067893),
 .UNSPECIFIED.)
GEOMETRIC_REPRESENTATION_ITEM()
RATIONAL_B_SPLINE_SURFACE(((1.,1.),(0.707106781186548,0.707106781186548),
(1.,1.),(0.707106781186548,0.707106781186548),(1.,1.),(0.707106781186548,
0.707106781186548),(1.,1.),(0.707106781186548,0.707106781186548),(1.,1.)))
REPRESENTATION_ITEM('')
SURFACE()
);
#1614=(
BOUNDED_SURFACE()
B_SPLINE_SURFACE(2,1,((#2386,#2387),(#2388,#2389),(#2390,#2391),(#2392,
#2393),(#2394,#2395)),.UNSPECIFIED.,.F.,.F.,.F.)
B_SPLINE_SURFACE_WITH_KNOTS((3,2,3),(2,2),(0.0113097335529233,0.0169646003293849,
0.0226194671058465),(0.,0.00563412773754766),.UNSPECIFIED.)
GEOMETRIC_REPRESENTATION_ITEM()
RATIONAL_B_SPLINE_SURFACE(((1.,1.),(0.707106781186548,0.707106781186548),
(1.,1.),(0.707106781186548,0.707106781186548),(1.,1.)))
REPRESENTATION_ITEM('')
SURFACE()
);
#1615=(
BOUNDED_SURFACE()
B_SPLINE_SURFACE(2,1,((#2396,#2397),(#2398,#2399),(#2400,#2401),(#2402,
#2403),(#2404,#2405)),.UNSPECIFIED.,.F.,.F.,.F.)
B_SPLINE_SURFACE_WITH_KNOTS((3,2,3),(2,2),(0.0113097335529233,0.0169646003293849,
0.0226194671058465),(0.,0.00563412773754766),.UNSPECIFIED.)
GEOMETRIC_REPRESENTATION_ITEM()
RATIONAL_B_SPLINE_SURFACE(((1.,1.),(0.707106781186548,0.707106781186548),
(1.,1.),(0.707106781186548,0.707106781186548),(1.,1.)))
REPRESENTATION_ITEM('')
SURFACE()
);
#1616=PLANE('',#1712);
#1617=PLANE('',#1713);
#1618=PLANE('',#1714);
#1619=PLANE('',#1715);
#1620=PLANE('',#1716);
#1621=PLANE('',#1717);
#1622=PLANE('',#1718);
#1623=PLANE('',#1719);
#1624=PLANE('',#1720);
#1625=PLANE('',#1721);
#1626=PLANE('',#1722);
#1627=PLANE('',#1723);
#1628=PLANE('',#1724);
#1629=PLANE('',#1725);
#1630=PLANE('',#1726);
#1631=PLANE('',#1727);
#1632=PLANE('',#1728);
#1633=PLANE('',#1729);
#1634=PLANE('',#1730);
#1635=PLANE('',#1731);
#1636=PLANE('',#1732);
#1637=PLANE('',#1733);
#1638=PLANE('',#1734);
#1639=PLANE('',#1735);
#1640=PLANE('',#1736);
#1641=PLANE('',#1737);
#1642=PLANE('',#1738);
#1643=PLANE('',#1739);
#1644=PLANE('',#1740);
#1645=PLANE('',#1741);
#1646=PLANE('',#1742);
#1647=PLANE('',#1743);
#1648=PLANE('',#1744);
#1649=PLANE('',#1745);
#1650=PLANE('',#1746);
#1651=PLANE('',#1747);
#1652=PLANE('',#1748);
#1653=PLANE('',#1749);
#1654=PLANE('',#1750);
#1655=PLANE('',#1751);
#1656=PLANE('',#1752);
#1657=PLANE('',#1753);
#1658=PLANE('',#1754);
#1659=PLANE('',#1755);
#1660=PLANE('',#1756);
#1661=PLANE('',#1757);
#1662=PLANE('',#1758);
#1663=PLANE('',#1759);
#1664=PLANE('',#1760);
#1665=PLANE('',#1761);
#1666=PLANE('',#1762);
#1667=PLANE('',#1763);
#1668=PLANE('',#1764);
#1669=PLANE('',#1765);
#1670=PLANE('',#1766);
#1671=PLANE('',#1767);
#1672=PLANE('',#1768);
#1673=PLANE('',#1769);
#1674=PLANE('',#1770);
#1675=PLANE('',#1771);
#1676=PLANE('',#1772);
#1677=PLANE('',#1773);
#1678=PLANE('',#1774);
#1679=PLANE('',#1775);
#1680=PLANE('',#1776);
#1681=PLANE('',#1777);
#1682=PLANE('',#1778);
#1683=PLANE('',#1779);
#1684=PLANE('',#1780);
#1685=PLANE('',#1781);
#1686=PLANE('',#1782);
#1687=PLANE('',#1783);
#1688=PLANE('',#1784);
#1689=PLANE('',#1785);
#1690=PLANE('',#1786);
#1691=PLANE('',#1787);
#1692=SHAPE_DEFINITION_REPRESENTATION(#1693,#1710);
#1693=PRODUCT_DEFINITION_SHAPE('Document','',#1695);
#1694=PRODUCT_DEFINITION_CONTEXT('3D Mechanical Parts',#1699,'design');
#1695=PRODUCT_DEFINITION('A','First version',#1696,#1694);
#1696=PRODUCT_DEFINITION_FORMATION_WITH_SPECIFIED_SOURCE('A',
'First version',#1701,.MADE.);
#1697=PRODUCT_RELATED_PRODUCT_CATEGORY('tool','tool',(#1701));
#1698=APPLICATION_PROTOCOL_DEFINITION('Draft International Standard',
'automotive_design',1999,#1699);
#1699=APPLICATION_CONTEXT(
'data for automotive mechanical design processes');
#1700=PRODUCT_CONTEXT('3D Mechanical Parts',#1699,'mechanical');
#1701=PRODUCT('Document','Document','Rhino converted to STEP',(#1700));
#1702=(
LENGTH_UNIT()
NAMED_UNIT(*)
SI_UNIT(.MILLI.,.METRE.)
);
#1703=(
NAMED_UNIT(*)
PLANE_ANGLE_UNIT()
SI_UNIT($,.RADIAN.)
);
#1704=DIMENSIONAL_EXPONENTS(0.,0.,0.,0.,0.,0.,0.);
#1705=PLANE_ANGLE_MEASURE_WITH_UNIT(PLANE_ANGLE_MEASURE(0.01745329252),
#1703);
#1706=(
CONVERSION_BASED_UNIT('DEGREES',#1705)
NAMED_UNIT(#1704)
PLANE_ANGLE_UNIT()
);
#1707=(
NAMED_UNIT(*)
SI_UNIT($,.STERADIAN.)
SOLID_ANGLE_UNIT()
);
#1708=UNCERTAINTY_MEASURE_WITH_UNIT(LENGTH_MEASURE(0.001),#1702,
'DISTANCE_ACCURACY_VALUE',
'Maximum model space distance between geometric entities at asserted c
onnectivities');
#1709=(
GEOMETRIC_REPRESENTATION_CONTEXT(3)
GLOBAL_UNCERTAINTY_ASSIGNED_CONTEXT((#1708))
GLOBAL_UNIT_ASSIGNED_CONTEXT((#1707,#1706,#1702))
REPRESENTATION_CONTEXT('ID1','3D')
);
#1710=SHAPE_REPRESENTATION('Document',(#1711,#1788),#1709);
#1711=AXIS2_PLACEMENT_3D('',#1869,#1789,#1790);
#1712=AXIS2_PLACEMENT_3D('',#1870,#1791,$);
#1713=AXIS2_PLACEMENT_3D('',#1871,#1792,$);
#1714=AXIS2_PLACEMENT_3D('',#1872,#1793,$);
#1715=AXIS2_PLACEMENT_3D('',#1873,#1794,$);
#1716=AXIS2_PLACEMENT_3D('',#1892,#1795,$);
#1717=AXIS2_PLACEMENT_3D('',#1893,#1796,$);
#1718=AXIS2_PLACEMENT_3D('',#1894,#1797,$);
#1719=AXIS2_PLACEMENT_3D('',#1895,#1798,$);
#1720=AXIS2_PLACEMENT_3D('',#1896,#1799,$);
#1721=AXIS2_PLACEMENT_3D('',#1915,#1800,$);
#1722=AXIS2_PLACEMENT_3D('',#1916,#1801,$);
#1723=AXIS2_PLACEMENT_3D('',#1917,#1802,$);
#1724=AXIS2_PLACEMENT_3D('',#1918,#1803,$);
#1725=AXIS2_PLACEMENT_3D('',#1919,#1804,$);
#1726=AXIS2_PLACEMENT_3D('',#1930,#1805,$);
#1727=AXIS2_PLACEMENT_3D('',#1931,#1806,$);
#1728=AXIS2_PLACEMENT_3D('',#1932,#1807,$);
#1729=AXIS2_PLACEMENT_3D('',#1933,#1808,$);
#1730=AXIS2_PLACEMENT_3D('',#1934,#1809,$);
#1731=AXIS2_PLACEMENT_3D('',#1935,#1810,$);
#1732=AXIS2_PLACEMENT_3D('',#1936,#1811,$);
#1733=AXIS2_PLACEMENT_3D('',#1937,#1812,$);
#1734=AXIS2_PLACEMENT_3D('',#1938,#1813,$);
#1735=AXIS2_PLACEMENT_3D('',#1939,#1814,$);
#1736=AXIS2_PLACEMENT_3D('',#1940,#1815,$);
#1737=AXIS2_PLACEMENT_3D('',#1941,#1816,$);
#1738=AXIS2_PLACEMENT_3D('',#1942,#1817,$);
#1739=AXIS2_PLACEMENT_3D('',#1943,#1818,$);
#1740=AXIS2_PLACEMENT_3D('',#1944,#1819,$);
#1741=AXIS2_PLACEMENT_3D('',#1955,#1820,$);
#1742=AXIS2_PLACEMENT_3D('',#1956,#1821,$);
#1743=AXIS2_PLACEMENT_3D('',#1957,#1822,$);
#1744=AXIS2_PLACEMENT_3D('',#1994,#1823,$);
#1745=AXIS2_PLACEMENT_3D('',#1995,#1824,$);
#1746=AXIS2_PLACEMENT_3D('',#1996,#1825,$);
#1747=AXIS2_PLACEMENT_3D('',#1997,#1826,$);
#1748=AXIS2_PLACEMENT_3D('',#1998,#1827,$);
#1749=AXIS2_PLACEMENT_3D('',#1999,#1828,$);
#1750=AXIS2_PLACEMENT_3D('',#2000,#1829,$);
#1751=AXIS2_PLACEMENT_3D('',#2001,#1830,$);
#1752=AXIS2_PLACEMENT_3D('',#2074,#1831,$);
#1753=AXIS2_PLACEMENT_3D('',#2075,#1832,$);
#1754=AXIS2_PLACEMENT_3D('',#2076,#1833,$);
#1755=AXIS2_PLACEMENT_3D('',#2077,#1834,$);
#1756=AXIS2_PLACEMENT_3D('',#2078,#1835,$);
#1757=AXIS2_PLACEMENT_3D('',#2079,#1836,$);
#1758=AXIS2_PLACEMENT_3D('',#2080,#1837,$);
#1759=AXIS2_PLACEMENT_3D('',#2081,#1838,$);
#1760=AXIS2_PLACEMENT_3D('',#2082,#1839,$);
#1761=AXIS2_PLACEMENT_3D('',#2083,#1840,$);
#1762=AXIS2_PLACEMENT_3D('',#2084,#1841,$);
#1763=AXIS2_PLACEMENT_3D('',#2157,#1842,$);
#1764=AXIS2_PLACEMENT_3D('',#2158,#1843,$);
#1765=AXIS2_PLACEMENT_3D('',#2159,#1844,$);
#1766=AXIS2_PLACEMENT_3D('',#2196,#1845,$);
#1767=AXIS2_PLACEMENT_3D('',#2233,#1846,$);
#1768=AXIS2_PLACEMENT_3D('',#2234,#1847,$);
#1769=AXIS2_PLACEMENT_3D('',#2271,#1848,$);
#1770=AXIS2_PLACEMENT_3D('',#2272,#1849,$);
#1771=AXIS2_PLACEMENT_3D('',#2273,#1850,$);
#1772=AXIS2_PLACEMENT_3D('',#2274,#1851,$);
#1773=AXIS2_PLACEMENT_3D('',#2275,#1852,$);
#1774=AXIS2_PLACEMENT_3D('',#2276,#1853,$);
#1775=AXIS2_PLACEMENT_3D('',#2313,#1854,$);
#1776=AXIS2_PLACEMENT_3D('',#2314,#1855,$);
#1777=AXIS2_PLACEMENT_3D('',#2351,#1856,$);
#1778=AXIS2_PLACEMENT_3D('',#2352,#1857,$);
#1779=AXIS2_PLACEMENT_3D('',#2353,#1858,$);
#1780=AXIS2_PLACEMENT_3D('',#2354,#1859,$);
#1781=AXIS2_PLACEMENT_3D('',#2355,#1860,$);
#1782=AXIS2_PLACEMENT_3D('',#2356,#1861,$);
#1783=AXIS2_PLACEMENT_3D('',#2369,#1862,$);
#1784=AXIS2_PLACEMENT_3D('',#2382,#1863,$);
#1785=AXIS2_PLACEMENT_3D('',#2383,#1864,$);
#1786=AXIS2_PLACEMENT_3D('',#2384,#1865,$);
#1787=AXIS2_PLACEMENT_3D('',#2385,#1866,$);
#1788=AXIS2_PLACEMENT_3D('',#3208,#1867,#1868);
#1789=DIRECTION('',(0.,0.,1.));
#1790=DIRECTION('',(1.,0.,0.));
#1791=DIRECTION('',(0.,0.707106781186547,-0.707106781186547));
#1792=DIRECTION('',(0.,0.,1.));
#1793=DIRECTION('',(1.,0.,0.));
#1794=DIRECTION('',(-0.415759760267794,-0.9094744755858,0.));
#1795=DIRECTION('',(0.,1.,0.));
#1796=DIRECTION('',(0.,0.,1.));
#1797=DIRECTION('',(0.978147600733806,-0.207911690817759,0.));
#1798=DIRECTION('',(-1.,0.,0.));
#1799=DIRECTION('',(0.415759760267795,-0.9094744755858,0.));
#1800=DIRECTION('',(-0.978147600733806,-0.207911690817759,0.));
#1801=DIRECTION('',(0.,-1.,0.));
#1802=DIRECTION('',(0.,0.,1.));
#1803=DIRECTION('',(-0.913811548620257,0.406138466053448,0.));
#1804=DIRECTION('',(-0.866025403784439,-0.5,0.));
#1805=DIRECTION('',(-0.707106781186547,-0.707106781186547,0.));
#1806=DIRECTION('',(0.,-1.,0.));
#1807=DIRECTION('',(0.707106781186548,-0.707106781186547,0.));
#1808=DIRECTION('',(1.,0.,0.));
#1809=DIRECTION('',(0.,1.,0.));
#1810=DIRECTION('',(-1.,0.,0.));
#1811=DIRECTION('',(-0.707106781186548,0.707106781186547,0.));
#1812=DIRECTION('',(0.707106781186548,0.707106781186547,0.));
#1813=DIRECTION('',(1.,0.,0.));
#1814=DIRECTION('',(0.,1.,0.));
#1815=DIRECTION('',(-1.,0.,0.));
#1816=DIRECTION('',(0.,0.,1.));
#1817=DIRECTION('',(0.,0.,-1.));
#1818=DIRECTION('',(0.,0.707106781186547,-0.707106781186548));
#1819=DIRECTION('',(0.,0.707106781186547,-0.707106781186548));
#1820=DIRECTION('',(0.913811548620257,0.406138466053448,0.));
#1821=DIRECTION('',(0.866025403784439,-0.5,0.));
#1822=DIRECTION('',(1.20583100826914E-16,-0.707106781186548,0.707106781186547));
#1823=DIRECTION('',(0.,-1.,0.));
#1824=DIRECTION('',(0.,-0.316227766016838,0.948683298050514));
#1825=DIRECTION('',(1.,0.,0.));
#1826=DIRECTION('',(-1.,0.,0.));
#1827=DIRECTION('',(0.,-1.,0.));
#1828=DIRECTION('',(0.,1.,0.));
#1829=DIRECTION('',(1.34816005193345E-16,-0.316227766016838,0.948683298050514));
#1830=DIRECTION('',(0.,0.,1.));
#1831=DIRECTION('',(0.,0.707106781186548,0.707106781186547));
#1832=DIRECTION('',(-1.,0.,0.));
#1833=DIRECTION('',(1.,0.,0.));
#1834=DIRECTION('',(0.,0.581238193719096,-0.813733471206735));
#1835=DIRECTION('',(0.,0.,1.));
#1836=DIRECTION('',(-1.,0.,0.));
#1837=DIRECTION('',(0.,0.952295508549404,0.305177431007984));
#1838=DIRECTION('',(0.,-1.,0.));
#1839=DIRECTION('',(-1.34816005193345E-16,-0.316227766016838,0.948683298050514));
#1840=DIRECTION('',(0.,1.,0.));
#1841=DIRECTION('',(0.,0.,1.));
#1842=DIRECTION('',(0.,0.,1.));
#1843=DIRECTION('',(0.,0.581238193719096,-0.813733471206735));
#1844=DIRECTION('',(1.,0.,0.));
#1845=DIRECTION('',(-0.707106781186547,-0.223606797749979,0.670820393249937));
#1846=DIRECTION('',(-0.707106781186547,-0.707106781186547,0.));
#1847=DIRECTION('',(-0.707106781186547,0.707106781186548,2.41166201653828E-16));
#1848=DIRECTION('',(-0.707106781186547,-3.01457752067284E-16,-0.707106781186548));
#1849=DIRECTION('',(-1.80874651240371E-16,-0.707106781186547,0.707106781186548));
#1850=DIRECTION('',(-0.293986545829851,-0.643095569002799,0.707106781186547));
#1851=DIRECTION('',(0.,-0.707106781186547,0.707106781186548));
#1852=DIRECTION('',(-0.29398654582985,-0.643095569002798,0.707106781186548));
#1853=DIRECTION('',(0.707106781186547,-0.223606797749979,0.670820393249937));
#1854=DIRECTION('',(0.707106781186547,-0.707106781186547,0.));
#1855=DIRECTION('',(0.707106781186547,0.707106781186548,2.41166201653828E-16));
#1856=DIRECTION('',(0.707106781186547,3.21554935538437E-16,-0.707106781186547));
#1857=DIRECTION('',(1.40680284298066E-16,-0.707106781186547,0.707106781186548));
#1858=DIRECTION('',(0.293986545829851,-0.643095569002799,0.707106781186547));
#1859=DIRECTION('',(0.,-0.707106781186547,0.707106781186548));
#1860=DIRECTION('',(0.293986545829851,-0.643095569002799,0.707106781186547));
#1861=DIRECTION('',(-0.669980627374526,-0.359008478739143,0.649799100596671));
#1862=DIRECTION('',(0.,-0.811242185175561,0.584710284663765));
#1863=DIRECTION('',(0.669980627374527,-0.359008478739143,0.64979910059667));
#1864=DIRECTION('',(0.707106781186547,-1.83186799063151E-15,0.707106781186548));
#1865=DIRECTION('',(-1.49952331599513E-17,0.38268343236509,0.923879532511287));
#1866=DIRECTION('',(-0.70710678118655,3.24740234702858E-15,0.707106781186545));
#1867=DIRECTION('',(0.,0.,1.));
#1868=DIRECTION('',(1.,0.,0.));
#1869=CARTESIAN_POINT('',(0.,0.,0.));
#1870=CARTESIAN_POINT('',(628.8,394.732047761805,401.909147857105));
#1871=CARTESIAN_POINT('',(595.953812182573,547.732467984909,-29.1549208548231));
#1872=CARTESIAN_POINT('',(-46.0000000000002,-669.932020950124,589.031441771437));
#1873=CARTESIAN_POINT('',(-596.474755405498,188.085010092389,-633.454920854823));
#1874=CARTESIAN_POINT('',(225.262589679232,174.911404421531,-25.4549208548231));
#1875=CARTESIAN_POINT('',(225.262589679232,-50.3511852577006,-25.4549208548231));
#1876=CARTESIAN_POINT('',(2.08987828285168E-14,-50.3511852577007,-25.4549208548231));
#1877=CARTESIAN_POINT('',(-225.262589679232,-50.3511852577007,-25.4549208548231));
#1878=CARTESIAN_POINT('',(-225.262589679232,174.911404421531,-25.4549208548231));
#1879=CARTESIAN_POINT('',(-225.262589679232,400.173994100763,-25.4549208548231));
#1880=CARTESIAN_POINT('',(-3.42746390551463E-14,400.173994100763,-25.4549208548231));
#1881=CARTESIAN_POINT('',(225.262589679232,400.173994100763,-25.4549208548231));
#1882=CARTESIAN_POINT('',(225.262589679232,174.911404421531,-25.4549208548231));
#1883=CARTESIAN_POINT('',(225.262589679232,174.911404421531,-33.8549208548231));
#1884=CARTESIAN_POINT('',(225.262589679232,-50.3511852577006,-33.8549208548231));
#1885=CARTESIAN_POINT('',(2.08987828285168E-14,-50.3511852577007,-33.8549208548231));
#1886=CARTESIAN_POINT('',(-225.262589679232,-50.3511852577007,-33.8549208548231));
#1887=CARTESIAN_POINT('',(-225.262589679232,174.911404421531,-33.8549208548231));
#1888=CARTESIAN_POINT('',(-225.262589679232,400.173994100763,-33.8549208548231));
#1889=CARTESIAN_POINT('',(-3.42746390551463E-14,400.173994100763,-33.8549208548231));
#1890=CARTESIAN_POINT('',(225.262589679232,400.173994100763,-33.8549208548231));
#1891=CARTESIAN_POINT('',(225.262589679232,174.911404421531,-33.8549208548231));
#1892=CARTESIAN_POINT('',(638.52,-36.2320209501236,-634.904920854823));
#1893=CARTESIAN_POINT('',(650.904892016598,547.732467984909,-29.1549208548231));
#1894=CARTESIAN_POINT('',(140.973113953257,551.152664596,582.709589660775));
#1895=CARTESIAN_POINT('',(46.0000000000002,-669.932020950124,-635.171862911756));
#1896=CARTESIAN_POINT('',(596.474755405498,188.08501009239,-633.454920854823));
#1897=CARTESIAN_POINT('',(225.262589679232,174.911404421531,-25.4549208548231));
#1898=CARTESIAN_POINT('',(225.262589679232,-50.3511852577006,-25.4549208548231));
#1899=CARTESIAN_POINT('',(2.08987828285168E-14,-50.3511852577007,-25.4549208548231));
#1900=CARTESIAN_POINT('',(-225.262589679232,-50.3511852577007,-25.4549208548231));
#1901=CARTESIAN_POINT('',(-225.262589679232,174.911404421531,-25.4549208548231));
#1902=CARTESIAN_POINT('',(-225.262589679232,400.173994100763,-25.4549208548231));
#1903=CARTESIAN_POINT('',(-3.42746390551463E-14,400.173994100763,-25.4549208548231));
#1904=CARTESIAN_POINT('',(225.262589679232,400.173994100763,-25.4549208548231));
#1905=CARTESIAN_POINT('',(225.262589679232,174.911404421531,-25.4549208548231));
#1906=CARTESIAN_POINT('',(225.262589679232,174.911404421531,-33.8549208548231));
#1907=CARTESIAN_POINT('',(225.262589679232,-50.3511852577006,-33.8549208548231));
#1908=CARTESIAN_POINT('',(2.08987828285168E-14,-50.3511852577007,-33.8549208548231));
#1909=CARTESIAN_POINT('',(-225.262589679232,-50.3511852577007,-33.8549208548231));
#1910=CARTESIAN_POINT('',(-225.262589679232,174.911404421531,-33.8549208548231));
#1911=CARTESIAN_POINT('',(-225.262589679232,400.173994100763,-33.8549208548231));
#1912=CARTESIAN_POINT('',(-3.42746390551463E-14,400.173994100763,-33.8549208548231));
#1913=CARTESIAN_POINT('',(225.262589679232,400.173994100763,-33.8549208548231));
#1914=CARTESIAN_POINT('',(225.262589679232,174.911404421531,-33.8549208548231));
#1915=CARTESIAN_POINT('',(-140.973113953257,551.152664596,-634.597149083514));
#1916=CARTESIAN_POINT('',(589.223820322611,-39.7320209501236,-634.754920854823));
#1917=CARTESIAN_POINT('',(565.25,578.637979049876,-6.15492085482314));
#1918=CARTESIAN_POINT('',(280.30922257927,530.788729853233,595.365079145177));
#1919=CARTESIAN_POINT('',(335.908074709401,-547.900479512268,595.090045888481));
#1920=CARTESIAN_POINT('',(32.135382907248,-19.4320209501237,-10.1549208548231));
#1921=CARTESIAN_POINT('',(37.7695106447956,-19.4320209501237,-10.1549208548231));
#1922=CARTESIAN_POINT('',(32.135382907248,-19.4320209501237,-6.55492085482312));
#1923=CARTESIAN_POINT('',(37.7695106447956,-19.4320209501237,-6.55492085482311));
#1924=CARTESIAN_POINT('',(32.135382907248,-23.0320209501237,-6.55492085482312));
#1925=CARTESIAN_POINT('',(37.7695106447956,-23.0320209501237,-6.55492085482311));
#1926=CARTESIAN_POINT('',(32.135382907248,-26.6320209501237,-6.55492085482312));
#1927=CARTESIAN_POINT('',(37.7695106447956,-26.6320209501237,-6.55492085482311));
#1928=CARTESIAN_POINT('',(32.135382907248,-26.6320209501237,-10.1549208548231));
#1929=CARTESIAN_POINT('',(37.7695106447956,-26.6320209501237,-10.1549208548231));
#1930=CARTESIAN_POINT('',(393.639346496792,-465.921114915221,-635.479946107993));
#1931=CARTESIAN_POINT('',(635.620071812935,-39.7320209501236,-634.754920854823));
#1932=CARTESIAN_POINT('',(-393.639346496792,-465.921114915222,-635.479946107993));
#1933=CARTESIAN_POINT('',(39.7999999999997,583.512953796707,-635.954920854823));
#1934=CARTESIAN_POINT('',(641.35,-19.0320209501237,-632.254920854823));
#1935=CARTESIAN_POINT('',(36.3,583.543714981165,-635.954920854823));
#1936=CARTESIAN_POINT('',(-395.072798874707,-462.404819824832,-635.449184923535));
#1937=CARTESIAN_POINT('',(395.072798874708,-462.404819824831,-635.449184923535));
#1938=CARTESIAN_POINT('',(-36.3000000000005,583.543714981165,-635.954920854823));
#1939=CARTESIAN_POINT('',(565.25,-19.0320209501237,592.945079145177));
#1940=CARTESIAN_POINT('',(-39.8000000000003,583.512953796707,-635.954920854823));
#1941=CARTESIAN_POINT('',(641.35,578.637979049876,-6.15492085482314));
#1942=CARTESIAN_POINT('',(658.8,583.937979049876,-32.1549208548231));
#1943=CARTESIAN_POINT('',(641.35,406.732047761805,396.609147857105));
#1944=CARTESIAN_POINT('',(565.25,-447.796089662053,-457.918989566751));
#1945=CARTESIAN_POINT('',(-32.135382907248,-26.6320209501237,-10.1549208548231));
#1946=CARTESIAN_POINT('',(-37.7695106447956,-26.6320209501237,-10.1549208548231));
#1947=CARTESIAN_POINT('',(-32.135382907248,-26.6320209501237,-6.55492085482317));
#1948=CARTESIAN_POINT('',(-37.7695106447956,-26.6320209501237,-6.55492085482318));
#1949=CARTESIAN_POINT('',(-32.135382907248,-23.0320209501237,-6.55492085482317));
#1950=CARTESIAN_POINT('',(-37.7695106447956,-23.0320209501237,-6.55492085482318));
#1951=CARTESIAN_POINT('',(-32.135382907248,-19.4320209501237,-6.55492085482317));
#1952=CARTESIAN_POINT('',(-37.7695106447956,-19.4320209501238,-6.55492085482318));
#1953=CARTESIAN_POINT('',(-32.135382907248,-19.4320209501237,-10.1549208548231));
#1954=CARTESIAN_POINT('',(-37.7695106447956,-19.4320209501237,-10.1549208548231));
#1955=CARTESIAN_POINT('',(-280.30922257927,530.788729853233,-615.674920854823));
#1956=CARTESIAN_POINT('',(-335.908074709401,-547.900479512268,-615.399887598127));
#1957=CARTESIAN_POINT('',(648.96,398.932047761805,420.509147857105));
#1958=CARTESIAN_POINT('',(-41.35,-27.0320209501237,-10.1549208548231));
#1959=CARTESIAN_POINT('',(-34.75,-27.0320209501237,-10.1549208548231));
#1960=CARTESIAN_POINT('',(-41.35,-27.0320209501237,-14.1549208548231));
#1961=CARTESIAN_POINT('',(-34.75,-27.0320209501237,-14.1549208548231));
#1962=CARTESIAN_POINT('',(-41.35,-23.0320209501237,-14.1549208548231));
#1963=CARTESIAN_POINT('',(-34.75,-23.0320209501237,-14.1549208548231));
#1964=CARTESIAN_POINT('',(-41.35,-19.0320209501237,-14.1549208548231));
#1965=CARTESIAN_POINT('',(-34.75,-19.0320209501237,-14.1549208548231));
#1966=CARTESIAN_POINT('',(-41.35,-19.0320209501237,-10.1549208548231));
#1967=CARTESIAN_POINT('',(-34.75,-19.0320209501237,-10.1549208548231));
#1968=CARTESIAN_POINT('',(-41.35,-19.0320209501237,-6.15492085482314));
#1969=CARTESIAN_POINT('',(-34.75,-19.0320209501237,-6.15492085482314));
#1970=CARTESIAN_POINT('',(-41.35,-23.0320209501237,-6.15492085482314));
#1971=CARTESIAN_POINT('',(-34.75,-23.0320209501237,-6.15492085482314));
#1972=CARTESIAN_POINT('',(-41.35,-27.0320209501237,-6.15492085482314));
#1973=CARTESIAN_POINT('',(-34.75,-27.0320209501237,-6.15492085482314));
#1974=CARTESIAN_POINT('',(-41.35,-27.0320209501237,-10.1549208548231));
#1975=CARTESIAN_POINT('',(-34.75,-27.0320209501237,-10.1549208548231));
#1976=CARTESIAN_POINT('',(34.75,-27.0320209501237,-10.1549208548231));
#1977=CARTESIAN_POINT('',(41.35,-27.0320209501237,-10.1549208548231));
#1978=CARTESIAN_POINT('',(34.75,-27.0320209501237,-14.1549208548231));
#1979=CARTESIAN_POINT('',(41.35,-27.0320209501237,-14.1549208548231));
#1980=CARTESIAN_POINT('',(34.75,-23.0320209501237,-14.1549208548231));
#1981=CARTESIAN_POINT('',(41.35,-23.0320209501237,-14.1549208548231));
#1982=CARTESIAN_POINT('',(34.75,-19.0320209501237,-14.1549208548231));
#1983=CARTESIAN_POINT('',(41.35,-19.0320209501237,-14.1549208548231));
#1984=CARTESIAN_POINT('',(34.75,-19.0320209501237,-10.1549208548231));
#1985=CARTESIAN_POINT('',(41.35,-19.0320209501237,-10.1549208548231));
#1986=CARTESIAN_POINT('',(34.75,-19.0320209501237,-6.15492085482314));
#1987=CARTESIAN_POINT('',(41.35,-19.0320209501237,-6.15492085482314));
#1988=CARTESIAN_POINT('',(34.75,-23.0320209501237,-6.15492085482314));
#1989=CARTESIAN_POINT('',(41.35,-23.0320209501237,-6.15492085482314));
#1990=CARTESIAN_POINT('',(34.75,-27.0320209501237,-6.15492085482314));
#1991=CARTESIAN_POINT('',(41.35,-27.0320209501237,-6.15492085482314));
#1992=CARTESIAN_POINT('',(34.75,-27.0320209501237,-10.1549208548231));
#1993=CARTESIAN_POINT('',(41.35,-27.0320209501237,-10.1549208548231));
#1994=CARTESIAN_POINT('',(640.2,-69.7320209501237,-633.639448912604));
#1995=CARTESIAN_POINT('',(617.815804826422,-642.179264477599,-218.970668697315));
#1996=CARTESIAN_POINT('',(49.9999999999997,566.067979049876,-632.749749696456));
#1997=CARTESIAN_POINT('',(-50.0000000000002,566.067979049876,-632.749749696456));
#1998=CARTESIAN_POINT('',(649.4,-65.7320209501234,-630.738693088806));
#1999=CARTESIAN_POINT('',(-555.4,-35.7320209501238,-631.538693088806));
#2000=CARTESIAN_POINT('',(649.4,533.369274582134,176.545510989263));
#2001=CARTESIAN_POINT('',(650.68744343833,557.008326405395,-27.1549208548231));
#2002=CARTESIAN_POINT('',(44.6,-41.7320209501237,-29.1549208548231));
#2003=CARTESIAN_POINT('',(49.4,-41.7320209501237,-29.1549208548231));
#2004=CARTESIAN_POINT('',(44.6,-41.7320209501237,-32.1549208548231));
#2005=CARTESIAN_POINT('',(49.4,-41.7320209501237,-32.1549208548231));
#2006=CARTESIAN_POINT('',(44.6,-38.7320209501237,-32.1549208548231));
#2007=CARTESIAN_POINT('',(49.4,-38.7320209501237,-32.1549208548231));
#2008=CARTESIAN_POINT('',(44.6,-35.7320209501237,-32.1549208548231));
#2009=CARTESIAN_POINT('',(49.4,-35.7320209501237,-32.1549208548231));
#2010=CARTESIAN_POINT('',(44.6,-35.7320209501237,-29.1549208548231));
#2011=CARTESIAN_POINT('',(49.4,-35.7320209501237,-29.1549208548231));
#2012=CARTESIAN_POINT('',(44.6,-35.7320209501237,-26.1549208548232));
#2013=CARTESIAN_POINT('',(49.4,-35.7320209501237,-26.1549208548232));
#2014=CARTESIAN_POINT('',(44.6,-38.7320209501237,-26.1549208548232));
#2015=CARTESIAN_POINT('',(49.4,-38.7320209501237,-26.1549208548232));
#2016=CARTESIAN_POINT('',(44.6,-41.7320209501237,-26.1549208548232));
#2017=CARTESIAN_POINT('',(49.4,-41.7320209501237,-26.1549208548232));
#2018=CARTESIAN_POINT('',(44.6,-41.7320209501237,-29.1549208548231));
#2019=CARTESIAN_POINT('',(49.4,-41.7320209501237,-29.1549208548231));
#2020=CARTESIAN_POINT('',(44.6,-59.7320209501237,-29.1549208548231));
#2021=CARTESIAN_POINT('',(49.4,-59.7320209501237,-29.1549208548231));
#2022=CARTESIAN_POINT('',(44.6,-59.7320209501237,-26.1549208548232));
#2023=CARTESIAN_POINT('',(49.4,-59.7320209501237,-26.1549208548232));
#2024=CARTESIAN_POINT('',(44.6,-62.7320209501237,-26.1549208548232));
#2025=CARTESIAN_POINT('',(49.4,-62.7320209501237,-26.1549208548232));
#2026=CARTESIAN_POINT('',(44.6,-65.7320209501237,-26.1549208548232));
#2027=CARTESIAN_POINT('',(49.4,-65.7320209501237,-26.1549208548232));
#2028=CARTESIAN_POINT('',(44.6,-65.7320209501237,-29.1549208548231));
#2029=CARTESIAN_POINT('',(49.4,-65.7320209501237,-29.1549208548231));
#2030=CARTESIAN_POINT('',(44.6,-65.7320209501237,-32.1549208548231));
#2031=CARTESIAN_POINT('',(49.4,-65.7320209501237,-32.1549208548231));
#2032=CARTESIAN_POINT('',(44.6,-62.7320209501237,-32.1549208548231));
#2033=CARTESIAN_POINT('',(49.4,-62.7320209501237,-32.1549208548231));
#2034=CARTESIAN_POINT('',(44.6,-59.7320209501237,-32.1549208548231));
#2035=CARTESIAN_POINT('',(49.4,-59.7320209501237,-32.1549208548231));
#2036=CARTESIAN_POINT('',(44.6,-59.7320209501237,-29.1549208548231));
#2037=CARTESIAN_POINT('',(49.4,-59.7320209501237,-29.1549208548231));
#2038=CARTESIAN_POINT('',(44.6,-41.7320209501237,-17.3171985149915));
#2039=CARTESIAN_POINT('',(49.4,-41.7320209501237,-17.3171985149915));
#2040=CARTESIAN_POINT('',(44.6,-41.7320209501237,-20.3171985149915));
#2041=CARTESIAN_POINT('',(49.4,-41.7320209501237,-20.3171985149915));
#2042=CARTESIAN_POINT('',(44.6,-38.7320209501237,-20.3171985149915));
#2043=CARTESIAN_POINT('',(49.4,-38.7320209501237,-20.3171985149915));
#2044=CARTESIAN_POINT('',(44.6,-35.7320209501237,-20.3171985149915));
#2045=CARTESIAN_POINT('',(49.4,-35.7320209501237,-20.3171985149915));
#2046=CARTESIAN_POINT('',(44.6,-35.7320209501237,-17.3171985149915));
#2047=CARTESIAN_POINT('',(49.4,-35.7320209501237,-17.3171985149915));
#2048=CARTESIAN_POINT('',(44.6,-35.7320209501237,-14.3171985149915));
#2049=CARTESIAN_POINT('',(49.4,-35.7320209501237,-14.3171985149915));
#2050=CARTESIAN_POINT('',(44.6,-38.7320209501237,-14.3171985149915));
#2051=CARTESIAN_POINT('',(49.4,-38.7320209501237,-14.3171985149915));
#2052=CARTESIAN_POINT('',(44.6,-41.7320209501237,-14.3171985149915));
#2053=CARTESIAN_POINT('',(49.4,-41.7320209501237,-14.3171985149915));
#2054=CARTESIAN_POINT('',(44.6,-41.7320209501237,-17.3171985149915));
#2055=CARTESIAN_POINT('',(49.4,-41.7320209501237,-17.3171985149915));
#2056=CARTESIAN_POINT('',(44.6,-59.7320209501237,-25.3171985149915));
#2057=CARTESIAN_POINT('',(49.4,-59.7320209501237,-25.3171985149915));
#2058=CARTESIAN_POINT('',(44.6,-59.7320209501237,-22.3171985149915));
#2059=CARTESIAN_POINT('',(49.4,-59.7320209501237,-22.3171985149915));
#2060=CARTESIAN_POINT('',(44.6,-62.7320209501237,-22.3171985149915));
#2061=CARTESIAN_POINT('',(49.4,-62.7320209501237,-22.3171985149915));
#2062=CARTESIAN_POINT('',(44.6,-65.7320209501237,-22.3171985149915));
#2063=CARTESIAN_POINT('',(49.4,-65.7320209501237,-22.3171985149915));
#2064=CARTESIAN_POINT('',(44.6,-65.7320209501237,-25.3171985149915));
#2065=CARTESIAN_POINT('',(49.4,-65.7320209501237,-25.3171985149915));
#2066=CARTESIAN_POINT('',(44.6,-65.7320209501237,-28.3171985149915));
#2067=CARTESIAN_POINT('',(49.4,-65.7320209501237,-28.3171985149915));
#2068=CARTESIAN_POINT('',(44.6,-62.7320209501237,-28.3171985149915));
#2069=CARTESIAN_POINT('',(49.4,-62.7320209501237,-28.3171985149915));
#2070=CARTESIAN_POINT('',(44.6,-59.7320209501237,-28.3171985149915));
#2071=CARTESIAN_POINT('',(49.4,-59.7320209501237,-28.3171985149915));
#2072=CARTESIAN_POINT('',(44.6,-59.7320209501237,-25.3171985149915));
#2073=CARTESIAN_POINT('',(49.4,-59.7320209501237,-25.3171985149915));
#2074=CARTESIAN_POINT('',(632.4,-462.196089662052,406.909147857106));
#2075=CARTESIAN_POINT('',(-26.,572.667979049876,-631.254920854823));
#2076=CARTESIAN_POINT('',(26.,571.772872231549,-631.254920854823));
#2077=CARTESIAN_POINT('',(627.5,460.175117117752,325.521606336517));
#2078=CARTESIAN_POINT('',(627.5,571.067979049876,-24.0549208548231));
#2079=CARTESIAN_POINT('',(23.,-638.050647603003,-630.754920854823));
#2080=CARTESIAN_POINT('',(-578.5,153.539833669847,-597.508570996512));
#2081=CARTESIAN_POINT('',(-649.4,-65.7320209501234,-630.738693088806));
#2082=CARTESIAN_POINT('',(555.4,-636.730683078482,-213.487808230943));
#2083=CARTESIAN_POINT('',(555.4,-35.7320209501238,-631.538693088806));
#2084=CARTESIAN_POINT('',(-650.68744343833,-662.344779800625,-27.1549208548231));
#2085=CARTESIAN_POINT('',(-49.4,-41.7320209501237,-29.1549208548231));
#2086=CARTESIAN_POINT('',(-44.6,-41.7320209501237,-29.1549208548231));
#2087=CARTESIAN_POINT('',(-49.4,-41.7320209501237,-32.1549208548231));
#2088=CARTESIAN_POINT('',(-44.6,-41.7320209501237,-32.1549208548231));
#2089=CARTESIAN_POINT('',(-49.4,-38.7320209501237,-32.1549208548231));
#2090=CARTESIAN_POINT('',(-44.6,-38.7320209501237,-32.1549208548231));
#2091=CARTESIAN_POINT('',(-49.4,-35.7320209501237,-32.1549208548231));
#2092=CARTESIAN_POINT('',(-44.6,-35.7320209501237,-32.1549208548231));
#2093=CARTESIAN_POINT('',(-49.4,-35.7320209501237,-29.1549208548231));
#2094=CARTESIAN_POINT('',(-44.6,-35.7320209501237,-29.1549208548231));
#2095=CARTESIAN_POINT('',(-49.4,-35.7320209501237,-26.1549208548231));
#2096=CARTESIAN_POINT('',(-44.6,-35.7320209501237,-26.1549208548231));
#2097=CARTESIAN_POINT('',(-49.4,-38.7320209501237,-26.1549208548231));
#2098=CARTESIAN_POINT('',(-44.6,-38.7320209501237,-26.1549208548231));
#2099=CARTESIAN_POINT('',(-49.4,-41.7320209501237,-26.1549208548231));
#2100=CARTESIAN_POINT('',(-44.6,-41.7320209501237,-26.1549208548231));
#2101=CARTESIAN_POINT('',(-49.4,-41.7320209501237,-29.1549208548231));
#2102=CARTESIAN_POINT('',(-44.6,-41.7320209501237,-29.1549208548231));
#2103=CARTESIAN_POINT('',(-49.4,-59.7320209501237,-29.1549208548231));
#2104=CARTESIAN_POINT('',(-44.5999999999999,-59.7320209501237,-29.1549208548231));
#2105=CARTESIAN_POINT('',(-49.4,-59.7320209501237,-26.1549208548232));
#2106=CARTESIAN_POINT('',(-44.5999999999999,-59.7320209501237,-26.1549208548232));
#2107=CARTESIAN_POINT('',(-49.4,-62.7320209501237,-26.1549208548232));
#2108=CARTESIAN_POINT('',(-44.5999999999999,-62.7320209501237,-26.1549208548232));
#2109=CARTESIAN_POINT('',(-49.4,-65.7320209501236,-26.1549208548232));
#2110=CARTESIAN_POINT('',(-44.5999999999999,-65.7320209501236,-26.1549208548232));
#2111=CARTESIAN_POINT('',(-49.4,-65.7320209501236,-29.1549208548231));
#2112=CARTESIAN_POINT('',(-44.5999999999999,-65.7320209501236,-29.1549208548231));
#2113=CARTESIAN_POINT('',(-49.4,-65.7320209501236,-32.1549208548231));
#2114=CARTESIAN_POINT('',(-44.5999999999999,-65.7320209501236,-32.1549208548231));
#2115=CARTESIAN_POINT('',(-49.4,-62.7320209501237,-32.1549208548231));
#2116=CARTESIAN_POINT('',(-44.5999999999999,-62.7320209501237,-32.1549208548231));
#2117=CARTESIAN_POINT('',(-49.4,-59.7320209501237,-32.1549208548231));
#2118=CARTESIAN_POINT('',(-44.5999999999999,-59.7320209501237,-32.1549208548231));
#2119=CARTESIAN_POINT('',(-49.4,-59.7320209501237,-29.1549208548231));
#2120=CARTESIAN_POINT('',(-44.5999999999999,-59.7320209501237,-29.1549208548231));
#2121=CARTESIAN_POINT('',(-44.6,-41.7320209501237,-17.3171985149915));
#2122=CARTESIAN_POINT('',(-49.4,-41.7320209501237,-17.3171985149915));
#2123=CARTESIAN_POINT('',(-44.6,-41.7320209501237,-14.3171985149915));
#2124=CARTESIAN_POINT('',(-49.4,-41.7320209501237,-14.3171985149915));
#2125=CARTESIAN_POINT('',(-44.6,-38.7320209501237,-14.3171985149915));
#2126=CARTESIAN_POINT('',(-49.4,-38.7320209501237,-14.3171985149915));
#2127=CARTESIAN_POINT('',(-44.6,-35.7320209501237,-14.3171985149915));
#2128=CARTESIAN_POINT('',(-49.4,-35.7320209501237,-14.3171985149915));
#2129=CARTESIAN_POINT('',(-44.6,-35.7320209501237,-17.3171985149915));
#2130=CARTESIAN_POINT('',(-49.4,-35.7320209501237,-17.3171985149915));
#2131=CARTESIAN_POINT('',(-44.6,-35.7320209501237,-20.3171985149915));
#2132=CARTESIAN_POINT('',(-49.4,-35.7320209501237,-20.3171985149915));
#2133=CARTESIAN_POINT('',(-44.6,-38.7320209501237,-20.3171985149915));
#2134=CARTESIAN_POINT('',(-49.4,-38.7320209501237,-20.3171985149915));
#2135=CARTESIAN_POINT('',(-44.6,-41.7320209501237,-20.3171985149915));
#2136=CARTESIAN_POINT('',(-49.4,-41.7320209501237,-20.3171985149915));
#2137=CARTESIAN_POINT('',(-44.6,-41.7320209501237,-17.3171985149915));
#2138=CARTESIAN_POINT('',(-49.4,-41.7320209501237,-17.3171985149915));
#2139=CARTESIAN_POINT('',(-44.6,-59.7320209501237,-25.3171985149915));
#2140=CARTESIAN_POINT('',(-49.4,-59.7320209501237,-25.3171985149915));
#2141=CARTESIAN_POINT('',(-44.6,-59.7320209501237,-28.3171985149915));
#2142=CARTESIAN_POINT('',(-49.4,-59.7320209501237,-28.3171985149915));
#2143=CARTESIAN_POINT('',(-44.6,-62.7320209501237,-28.3171985149915));
#2144=CARTESIAN_POINT('',(-49.4,-62.7320209501237,-28.3171985149915));
#2145=CARTESIAN_POINT('',(-44.6,-65.7320209501237,-28.3171985149915));
#2146=CARTESIAN_POINT('',(-49.4,-65.7320209501237,-28.3171985149915));
#2147=CARTESIAN_POINT('',(-44.6,-65.7320209501237,-25.3171985149915));
#2148=CARTESIAN_POINT('',(-49.4,-65.7320209501237,-25.3171985149915));
#2149=CARTESIAN_POINT('',(-44.6,-65.7320209501237,-22.3171985149915));
#2150=CARTESIAN_POINT('',(-49.4,-65.7320209501237,-22.3171985149915));
#2151=CARTESIAN_POINT('',(-44.6,-62.7320209501237,-22.3171985149915));
#2152=CARTESIAN_POINT('',(-49.4,-62.7320209501237,-22.3171985149915));
#2153=CARTESIAN_POINT('',(-44.6,-59.7320209501237,-22.3171985149915));
#2154=CARTESIAN_POINT('',(-49.4,-59.7320209501237,-22.3171985149915));
#2155=CARTESIAN_POINT('',(-44.6,-59.7320209501237,-25.3171985149915));
#2156=CARTESIAN_POINT('',(-49.4,-59.7320209501237,-25.3171985149915));
#2157=CARTESIAN_POINT('',(-627.5,572.167979049876,-24.0549208548231));
#2158=CARTESIAN_POINT('',(578.5,-526.534265836327,-379.270810059254));
#2159=CARTESIAN_POINT('',(-23.,-638.132020950124,577.645079145177));
#2160=CARTESIAN_POINT('',(0.0489201659750549,-64.7320209501237,-26.9382484390573));
#2161=CARTESIAN_POINT('',(0.0489201659750549,-64.7320209501237,-32.6291638017109));
#2162=CARTESIAN_POINT('',(0.0489201659750549,-69.7320209501237,-26.9382484390573));
#2163=CARTESIAN_POINT('',(0.0489201659750549,-69.7320209501237,-32.6291638017109));
#2164=CARTESIAN_POINT('',(-4.95107983402495,-69.7320209501237,-26.9382484390573));
#2165=CARTESIAN_POINT('',(-4.95107983402495,-69.7320209501237,-32.6291638017109));
#2166=CARTESIAN_POINT('',(-9.95107983402495,-69.7320209501237,-26.9382484390573));
#2167=CARTESIAN_POINT('',(-9.95107983402495,-69.7320209501237,-32.6291638017109));
#2168=CARTESIAN_POINT('',(-9.95107983402495,-64.7320209501237,-26.9382484390573));
#2169=CARTESIAN_POINT('',(-9.95107983402495,-64.7320209501237,-32.6291638017109));
#2170=CARTESIAN_POINT('',(-9.95107983402495,-59.7320209501237,-26.9382484390573));
#2171=CARTESIAN_POINT('',(-9.95107983402495,-59.7320209501237,-32.6291638017109));
#2172=CARTESIAN_POINT('',(-4.95107983402495,-59.7320209501237,-26.9382484390573));
#2173=CARTESIAN_POINT('',(-4.95107983402495,-59.7320209501237,-32.6291638017109));
#2174=CARTESIAN_POINT('',(0.0489201659750531,-59.7320209501237,-26.9382484390573));
#2175=CARTESIAN_POINT('',(0.0489201659750531,-59.7320209501237,-32.6291638017109));
#2176=CARTESIAN_POINT('',(0.0489201659750549,-64.7320209501237,-26.9382484390573));
#2177=CARTESIAN_POINT('',(0.0489201659750549,-64.7320209501237,-32.6291638017109));
#2178=CARTESIAN_POINT('',(9.95107983402496,-64.7320209501237,-26.9382484390573));
#2179=CARTESIAN_POINT('',(9.95107983402496,-64.7320209501237,-32.6291638017109));
#2180=CARTESIAN_POINT('',(9.95107983402496,-69.7320209501237,-26.9382484390573));
#2181=CARTESIAN_POINT('',(9.95107983402496,-69.7320209501237,-32.6291638017109));
#2182=CARTESIAN_POINT('',(4.95107983402496,-69.7320209501237,-26.9382484390573));
#2183=CARTESIAN_POINT('',(4.95107983402496,-69.7320209501237,-32.6291638017109));
#2184=CARTESIAN_POINT('',(-0.0489201659750398,-69.7320209501237,-26.9382484390573));
#2185=CARTESIAN_POINT('',(-0.0489201659750398,-69.7320209501237,-32.6291638017109));
#2186=CARTESIAN_POINT('',(-0.0489201659750407,-64.7320209501237,-26.9382484390573));
#2187=CARTESIAN_POINT('',(-0.0489201659750407,-64.7320209501237,-32.6291638017109));
#2188=CARTESIAN_POINT('',(-0.0489201659750407,-59.7320209501237,-26.9382484390573));
#2189=CARTESIAN_POINT('',(-0.0489201659750407,-59.7320209501237,-32.6291638017109));
#2190=CARTESIAN_POINT('',(4.95107983402496,-59.7320209501237,-26.9382484390573));
#2191=CARTESIAN_POINT('',(4.95107983402496,-59.7320209501237,-32.6291638017109));
#2192=CARTESIAN_POINT('',(9.95107983402496,-59.7320209501237,-26.9382484390573));
#2193=CARTESIAN_POINT('',(9.95107983402496,-59.7320209501237,-32.6291638017109));
#2194=CARTESIAN_POINT('',(9.95107983402496,-64.7320209501237,-26.9382484390573));
#2195=CARTESIAN_POINT('',(9.95107983402496,-64.7320209501237,-32.6291638017109));
#2196=CARTESIAN_POINT('',(-480.376695181012,-500.684218658244,-623.904041406978));
#2197=CARTESIAN_POINT('',(-51.,-62.7320209501237,-25.3171985149915));
#2198=CARTESIAN_POINT('',(-46.5,-62.7320209501237,-20.8171985149915));
#2199=CARTESIAN_POINT('',(-51.,-62.7320209501237,-25.3171985149915));
#2200=CARTESIAN_POINT('',(-46.5,-67.2320209501237,-20.8171985149915));
#2201=CARTESIAN_POINT('',(-51.,-62.7320209501237,-25.3171985149915));
#2202=CARTESIAN_POINT('',(-46.5,-67.2320209501237,-25.3171985149915));
#2203=CARTESIAN_POINT('',(-51.,-62.7320209501237,-25.3171985149915));
#2204=CARTESIAN_POINT('',(-46.5,-67.2320209501237,-29.8171985149915));
#2205=CARTESIAN_POINT('',(-51.,-62.7320209501237,-25.3171985149915));
#2206=CARTESIAN_POINT('',(-46.5,-62.7320209501237,-29.8171985149915));
#2207=CARTESIAN_POINT('',(-51.,-62.7320209501237,-25.3171985149915));
#2208=CARTESIAN_POINT('',(-46.5,-58.2320209501237,-29.8171985149915));
#2209=CARTESIAN_POINT('',(-51.,-62.7320209501237,-25.3171985149915));
#2210=CARTESIAN_POINT('',(-46.5,-58.2320209501237,-25.3171985149915));
#2211=CARTESIAN_POINT('',(-51.,-62.7320209501237,-25.3171985149915));
#2212=CARTESIAN_POINT('',(-46.5,-58.2320209501237,-20.8171985149915));
#2213=CARTESIAN_POINT('',(-51.,-62.7320209501237,-25.3171985149915));
#2214=CARTESIAN_POINT('',(-46.5,-62.7320209501237,-20.8171985149915));
#2215=CARTESIAN_POINT('',(-51.,-38.7320209501237,-17.3171985149915));
#2216=CARTESIAN_POINT('',(-46.5,-43.2320209501237,-17.3171985149915));
#2217=CARTESIAN_POINT('',(-51.,-38.7320209501237,-17.3171985149915));
#2218=CARTESIAN_POINT('',(-46.5,-43.2320209501237,-21.8171985149915));
#2219=CARTESIAN_POINT('',(-51.,-38.7320209501237,-17.3171985149915));
#2220=CARTESIAN_POINT('',(-46.5,-38.7320209501237,-21.8171985149915));
#2221=CARTESIAN_POINT('',(-51.,-38.7320209501237,-17.3171985149915));
#2222=CARTESIAN_POINT('',(-46.5,-34.2320209501237,-21.8171985149915));
#2223=CARTESIAN_POINT('',(-51.,-38.7320209501237,-17.3171985149915));
#2224=CARTESIAN_POINT('',(-46.5,-34.2320209501237,-17.3171985149915));
#2225=CARTESIAN_POINT('',(-51.,-38.7320209501237,-17.3171985149915));
#2226=CARTESIAN_POINT('',(-46.5,-34.2320209501237,-12.8171985149915));
#2227=CARTESIAN_POINT('',(-51.,-38.7320209501237,-17.3171985149915));
#2228=CARTESIAN_POINT('',(-46.5,-38.7320209501237,-12.8171985149915));
#2229=CARTESIAN_POINT('',(-51.,-38.7320209501237,-17.3171985149915));
#2230=CARTESIAN_POINT('',(-46.5,-43.2320209501237,-12.8171985149915));
#2231=CARTESIAN_POINT('',(-51.,-38.7320209501237,-17.3171985149915));
#2232=CARTESIAN_POINT('',(-46.5,-43.2320209501237,-17.3171985149915));
#2233=CARTESIAN_POINT('',(-475.664068711928,361.932047761805,-630.738693088806));
#2234=CARTESIAN_POINT('',(-475.664068711929,-463.396089662052,585.066573718992));
#2235=CARTESIAN_POINT('',(-51.,-62.7320209501237,-29.1549208548231));
#2236=CARTESIAN_POINT('',(-46.5,-62.7320209501237,-24.6549208548231));
#2237=CARTESIAN_POINT('',(-51.,-62.7320209501237,-29.1549208548231));
#2238=CARTESIAN_POINT('',(-46.5,-67.2320209501237,-24.6549208548231));
#2239=CARTESIAN_POINT('',(-51.,-62.7320209501237,-29.1549208548231));
#2240=CARTESIAN_POINT('',(-46.5,-67.2320209501237,-29.1549208548231));
#2241=CARTESIAN_POINT('',(-51.,-62.7320209501237,-29.1549208548231));
#2242=CARTESIAN_POINT('',(-46.5,-67.2320209501237,-33.6549208548231));
#2243=CARTESIAN_POINT('',(-51.,-62.7320209501237,-29.1549208548231));
#2244=CARTESIAN_POINT('',(-46.5,-62.7320209501237,-33.6549208548231));
#2245=CARTESIAN_POINT('',(-51.,-62.7320209501237,-29.1549208548231));
#2246=CARTESIAN_POINT('',(-46.5,-58.2320209501237,-33.6549208548231));
#2247=CARTESIAN_POINT('',(-51.,-62.7320209501237,-29.1549208548231));
#2248=CARTESIAN_POINT('',(-46.5,-58.2320209501237,-29.1549208548231));
#2249=CARTESIAN_POINT('',(-51.,-62.7320209501237,-29.1549208548231));
#2250=CARTESIAN_POINT('',(-46.5,-58.2320209501237,-24.6549208548231));
#2251=CARTESIAN_POINT('',(-51.,-62.7320209501237,-29.1549208548231));
#2252=CARTESIAN_POINT('',(-46.5,-62.7320209501237,-24.6549208548231));
#2253=CARTESIAN_POINT('',(-51.,-38.7320209501237,-29.1549208548231));
#2254=CARTESIAN_POINT('',(-46.5,-43.2320209501237,-29.1549208548231));
#2255=CARTESIAN_POINT('',(-51.,-38.7320209501237,-29.1549208548231));
#2256=CARTESIAN_POINT('',(-46.5,-43.2320209501237,-33.6549208548231));
#2257=CARTESIAN_POINT('',(-51.,-38.7320209501237,-29.1549208548231));
#2258=CARTESIAN_POINT('',(-46.5,-38.7320209501237,-33.6549208548231));
#2259=CARTESIAN_POINT('',(-51.,-38.7320209501237,-29.1549208548231));
#2260=CARTESIAN_POINT('',(-46.5,-34.2320209501237,-33.6549208548231));
#2261=CARTESIAN_POINT('',(-51.,-38.7320209501237,-29.1549208548231));
#2262=CARTESIAN_POINT('',(-46.5,-34.2320209501237,-29.1549208548231));
#2263=CARTESIAN_POINT('',(-51.,-38.7320209501237,-29.1549208548231));
#2264=CARTESIAN_POINT('',(-46.5,-34.2320209501237,-24.6549208548231));
#2265=CARTESIAN_POINT('',(-51.,-38.7320209501237,-29.1549208548231));
#2266=CARTESIAN_POINT('',(-46.5,-38.7320209501237,-24.6549208548231));
#2267=CARTESIAN_POINT('',(-51.,-38.7320209501237,-29.1549208548231));
#2268=CARTESIAN_POINT('',(-46.5,-43.2320209501237,-24.6549208548231));
#2269=CARTESIAN_POINT('',(-51.,-38.7320209501237,-29.1549208548231));
#2270=CARTESIAN_POINT('',(-46.5,-43.2320209501237,-29.1549208548231));
#2271=CARTESIAN_POINT('',(377.664068711929,564.867979049876,-457.818989566751));
#2272=CARTESIAN_POINT('',(592.505314116814,365.932047761805,398.509147857105));
#2273=CARTESIAN_POINT('',(339.736764719015,-703.539260094897,-458.825359236063));
#2274=CARTESIAN_POINT('',(599.003812182573,-495.396089662053,-456.818989566751));
#2275=CARTESIAN_POINT('',(338.001352151209,-711.064444092224,-460.390836718874));
#2276=CARTESIAN_POINT('',(-382.376695181011,-773.51079591588,194.575690365927));
#2277=CARTESIAN_POINT('',(51.,-62.7320209501237,-25.3171985149915));
#2278=CARTESIAN_POINT('',(46.5,-62.7320209501237,-29.8171985149915));
#2279=CARTESIAN_POINT('',(51.,-62.7320209501237,-25.3171985149915));
#2280=CARTESIAN_POINT('',(46.5,-67.2320209501237,-29.8171985149915));
#2281=CARTESIAN_POINT('',(51.,-62.7320209501237,-25.3171985149915));
#2282=CARTESIAN_POINT('',(46.5,-67.2320209501237,-25.3171985149915));
#2283=CARTESIAN_POINT('',(51.,-62.7320209501237,-25.3171985149915));
#2284=CARTESIAN_POINT('',(46.5,-67.2320209501237,-20.8171985149915));
#2285=CARTESIAN_POINT('',(51.,-62.7320209501237,-25.3171985149915));
#2286=CARTESIAN_POINT('',(46.5,-62.7320209501237,-20.8171985149915));
#2287=CARTESIAN_POINT('',(51.,-62.7320209501237,-25.3171985149915));
#2288=CARTESIAN_POINT('',(46.5,-58.2320209501237,-20.8171985149915));
#2289=CARTESIAN_POINT('',(51.,-62.7320209501237,-25.3171985149915));
#2290=CARTESIAN_POINT('',(46.5,-58.2320209501237,-25.3171985149915));
#2291=CARTESIAN_POINT('',(51.,-62.7320209501237,-25.3171985149915));
#2292=CARTESIAN_POINT('',(46.5,-58.2320209501237,-29.8171985149915));
#2293=CARTESIAN_POINT('',(51.,-62.7320209501237,-25.3171985149915));
#2294=CARTESIAN_POINT('',(46.5,-62.7320209501237,-29.8171985149915));
#2295=CARTESIAN_POINT('',(51.,-38.7320209501237,-17.3171985149915));
#2296=CARTESIAN_POINT('',(46.5,-43.2320209501237,-17.3171985149915));
#2297=CARTESIAN_POINT('',(51.,-38.7320209501237,-17.3171985149915));
#2298=CARTESIAN_POINT('',(46.5,-43.2320209501237,-12.8171985149915));
#2299=CARTESIAN_POINT('',(51.,-38.7320209501237,-17.3171985149915));
#2300=CARTESIAN_POINT('',(46.5,-38.7320209501237,-12.8171985149915));
#2301=CARTESIAN_POINT('',(51.,-38.7320209501237,-17.3171985149915));
#2302=CARTESIAN_POINT('',(46.5,-34.2320209501237,-12.8171985149915));
#2303=CARTESIAN_POINT('',(51.,-38.7320209501237,-17.3171985149915));
#2304=CARTESIAN_POINT('',(46.5,-34.2320209501237,-17.3171985149915));
#2305=CARTESIAN_POINT('',(51.,-38.7320209501237,-17.3171985149915));
#2306=CARTESIAN_POINT('',(46.5,-34.2320209501237,-21.8171985149915));
#2307=CARTESIAN_POINT('',(51.,-38.7320209501237,-17.3171985149915));
#2308=CARTESIAN_POINT('',(46.5,-38.7320209501237,-21.8171985149915));
#2309=CARTESIAN_POINT('',(51.,-38.7320209501237,-17.3171985149915));
#2310=CARTESIAN_POINT('',(46.5,-43.2320209501237,-21.8171985149915));
#2311=CARTESIAN_POINT('',(51.,-38.7320209501237,-17.3171985149915));
#2312=CARTESIAN_POINT('',(46.5,-43.2320209501237,-17.3171985149915));
#2313=CARTESIAN_POINT('',(-377.664068711928,-491.396089662052,-630.738693088806));
#2314=CARTESIAN_POINT('',(-377.664068711929,389.932047761804,585.066573718992));
#2315=CARTESIAN_POINT('',(51.,-62.7320209501237,-29.1549208548231));
#2316=CARTESIAN_POINT('',(46.5,-62.7320209501237,-24.6549208548231));
#2317=CARTESIAN_POINT('',(51.,-62.7320209501237,-29.1549208548231));
#2318=CARTESIAN_POINT('',(46.5,-58.2320209501237,-24.6549208548231));
#2319=CARTESIAN_POINT('',(51.,-62.7320209501237,-29.1549208548231));
#2320=CARTESIAN_POINT('',(46.5,-58.2320209501237,-29.1549208548231));
#2321=CARTESIAN_POINT('',(51.,-62.7320209501237,-29.1549208548231));
#2322=CARTESIAN_POINT('',(46.5,-58.2320209501237,-33.6549208548231));
#2323=CARTESIAN_POINT('',(51.,-62.7320209501237,-29.1549208548231));
#2324=CARTESIAN_POINT('',(46.5,-62.7320209501237,-33.6549208548231));
#2325=CARTESIAN_POINT('',(51.,-62.7320209501237,-29.1549208548231));
#2326=CARTESIAN_POINT('',(46.5,-67.2320209501237,-33.6549208548231));
#2327=CARTESIAN_POINT('',(51.,-62.7320209501237,-29.1549208548231));
#2328=CARTESIAN_POINT('',(46.5,-67.2320209501237,-29.1549208548231));
#2329=CARTESIAN_POINT('',(51.,-62.7320209501237,-29.1549208548231));
#2330=CARTESIAN_POINT('',(46.5,-67.2320209501237,-24.6549208548231));
#2331=CARTESIAN_POINT('',(51.,-62.7320209501237,-29.1549208548231));
#2332=CARTESIAN_POINT('',(46.5,-62.7320209501237,-24.6549208548231));
#2333=CARTESIAN_POINT('',(51.,-38.7320209501237,-29.1549208548231));
#2334=CARTESIAN_POINT('',(46.5,-43.2320209501237,-29.1549208548231));
#2335=CARTESIAN_POINT('',(51.,-38.7320209501237,-29.1549208548231));
#2336=CARTESIAN_POINT('',(46.5,-43.2320209501237,-24.6549208548231));
#2337=CARTESIAN_POINT('',(51.,-38.7320209501237,-29.1549208548231));
#2338=CARTESIAN_POINT('',(46.5,-38.7320209501237,-24.6549208548231));
#2339=CARTESIAN_POINT('',(51.,-38.7320209501237,-29.1549208548231));
#2340=CARTESIAN_POINT('',(46.5,-34.2320209501237,-24.6549208548231));
#2341=CARTESIAN_POINT('',(51.,-38.7320209501237,-29.1549208548231));
#2342=CARTESIAN_POINT('',(46.5,-34.2320209501237,-29.1549208548231));
#2343=CARTESIAN_POINT('',(51.,-38.7320209501237,-29.1549208548231));
#2344=CARTESIAN_POINT('',(46.5,-34.2320209501237,-33.6549208548231));
#2345=CARTESIAN_POINT('',(51.,-38.7320209501237,-29.1549208548231));
#2346=CARTESIAN_POINT('',(46.5,-38.7320209501237,-33.6549208548231));
#2347=CARTESIAN_POINT('',(51.,-38.7320209501237,-29.1549208548231));
#2348=CARTESIAN_POINT('',(46.5,-43.2320209501237,-33.6549208548231));
#2349=CARTESIAN_POINT('',(51.,-38.7320209501237,-29.1549208548231));
#2350=CARTESIAN_POINT('',(46.5,-43.2320209501237,-29.1549208548231));
#2351=CARTESIAN_POINT('',(475.664068711929,-666.332020950123,395.509147857105));
#2352=CARTESIAN_POINT('',(633.963885205281,-487.396089662052,-454.818989566751));
#2353=CARTESIAN_POINT('',(416.097049833226,589.159676915031,402.606043050831));
#2354=CARTESIAN_POINT('',(636.454892016597,-495.396089662053,-456.818989566751));
#2355=CARTESIAN_POINT('',(416.103518670314,579.88857227012,400.171520533643));
#2356=CARTESIAN_POINT('',(302.564824644161,474.546142173652,592.217856078556));
#2357=CARTESIAN_POINT('',(-8.274739677737,-65.9451112471465,-26.8926176204974));
#2358=CARTESIAN_POINT('',(-8.11634536547826,-66.7002534145237,-27.1443316762898));
#2359=CARTESIAN_POINT('',(-7.68908205690909,-67.3937513169454,-27.3754976437637));
#2360=CARTESIAN_POINT('',(-6.4898287088123,-68.3648875299898,-27.6992097147785));
#2361=CARTESIAN_POINT('',(-5.72265236253555,-68.6386277886772,-27.7904564676743));
#2362=CARTESIAN_POINT('',(-4.95107983402495,-68.6365579203559,-27.7897665115672));
#2363=CARTESIAN_POINT('',(-9.84181783769399,-65.7715794042125,-28.4124913859451));
#2364=CARTESIAN_POINT('',(-9.60874191568156,-66.8827648653696,-28.6642054417375));
#2365=CARTESIAN_POINT('',(-8.98002745631837,-67.9032413244774,-28.8953714147832));
#2366=CARTESIAN_POINT('',(-7.21533612222996,-69.3322601903398,-29.2190834746544));
#2367=CARTESIAN_POINT('',(-6.08644243586068,-69.7350667442597,-29.310330233122));
#2368=CARTESIAN_POINT('',(-4.95107983402495,-69.7320209501237,-29.3096402770149));
#2369=CARTESIAN_POINT('',(-607.14129580083,283.2786325001,460.466478608755));
#2370=CARTESIAN_POINT('',(4.95107983402497,-68.6365579203559,-27.7897665115672));
#2371=CARTESIAN_POINT('',(5.72265236253556,-68.6386277886772,-27.7904564676743));
#2372=CARTESIAN_POINT('',(6.48982870881232,-68.3648875299898,-27.6992097147785));
#2373=CARTESIAN_POINT('',(7.68908205690911,-67.3937513169454,-27.3754976437637));
#2374=CARTESIAN_POINT('',(8.11634536547827,-66.7002534145237,-27.1443316762898));
#2375=CARTESIAN_POINT('',(8.27473967773704,-65.9451112471465,-26.8926176204974));
#2376=CARTESIAN_POINT('',(4.95107983402496,-69.7320209501237,-29.3096402770149));
#2377=CARTESIAN_POINT('',(6.08644243586067,-69.7350667442597,-29.310330233122));
#2378=CARTESIAN_POINT('',(7.21533612222995,-69.3322601903398,-29.2190834746544));
#2379=CARTESIAN_POINT('',(8.98002745631836,-67.9032413244774,-28.8953714147832));
#2380=CARTESIAN_POINT('',(9.60874191568157,-66.8827648653697,-28.6642054417375));
#2381=CARTESIAN_POINT('',(9.841817837694,-65.7715794042125,-28.4124913859451));
#2382=CARTESIAN_POINT('',(570.946778321362,571.275253816006,-254.981347564172));
#2383=CARTESIAN_POINT('',(-136.549715372881,813.034768776728,89.0374352051786));
#2384=CARTESIAN_POINT('',(-638.931774900609,519.68564805031,-246.92355891764));
#2385=CARTESIAN_POINT('',(136.549715372883,813.034768776728,89.0374352051756));
#2386=CARTESIAN_POINT('',(32.135382907248,-26.6320209501237,-10.1549208548231));
#2387=CARTESIAN_POINT('',(37.7695106447956,-26.6320209501237,-10.1549208548231));
#2388=CARTESIAN_POINT('',(32.135382907248,-26.6320209501237,-13.7549208548232));
#2389=CARTESIAN_POINT('',(37.7695106447956,-26.6320209501237,-13.7549208548232));
#2390=CARTESIAN_POINT('',(32.135382907248,-23.0320209501237,-13.7549208548232));
#2391=CARTESIAN_POINT('',(37.7695106447956,-23.0320209501237,-13.7549208548232));
#2392=CARTESIAN_POINT('',(32.135382907248,-19.4320209501237,-13.7549208548232));
#2393=CARTESIAN_POINT('',(37.7695106447956,-19.4320209501237,-13.7549208548232));
#2394=CARTESIAN_POINT('',(32.135382907248,-19.4320209501237,-10.1549208548231));
#2395=CARTESIAN_POINT('',(37.7695106447956,-19.4320209501237,-10.1549208548231));
#2396=CARTESIAN_POINT('',(-32.135382907248,-19.4320209501237,-10.1549208548231));
#2397=CARTESIAN_POINT('',(-37.7695106447956,-19.4320209501237,-10.1549208548231));
#2398=CARTESIAN_POINT('',(-32.135382907248,-19.4320209501237,-13.7549208548231));
#2399=CARTESIAN_POINT('',(-37.7695106447956,-19.4320209501237,-13.7549208548231));
#2400=CARTESIAN_POINT('',(-32.135382907248,-23.0320209501237,-13.7549208548231));
#2401=CARTESIAN_POINT('',(-37.7695106447956,-23.0320209501237,-13.7549208548231));
#2402=CARTESIAN_POINT('',(-32.135382907248,-26.6320209501237,-13.7549208548231));
#2403=CARTESIAN_POINT('',(-37.7695106447956,-26.6320209501237,-13.7549208548231));
#2404=CARTESIAN_POINT('',(-32.135382907248,-26.6320209501237,-10.1549208548231));
#2405=CARTESIAN_POINT('',(-37.7695106447956,-26.6320209501237,-10.1549208548231));
#2406=CARTESIAN_POINT('',(23.,-36.2320209501237,-29.0549208548231));
#2407=CARTESIAN_POINT('',(-23.,-36.2320209501237,-29.0549208548231));
#2408=CARTESIAN_POINT('',(-23.,-31.2320209501237,-24.0549208548231));
#2409=CARTESIAN_POINT('',(23.,-31.2320209501237,-24.0549208548231));
#2410=CARTESIAN_POINT('',(-46.,-54.7643037364579,-29.1549208548231));
#2411=CARTESIAN_POINT('',(-46.,-61.3615202181359,-29.1549208548232));
#2412=CARTESIAN_POINT('',(-32.0645296487766,-67.7320209501237,-29.1549208548231));
#2413=CARTESIAN_POINT('',(-8.951079834025,-67.7320209501236,-29.1549208548231));
#2414=CARTESIAN_POINT('',(-9.84181783769399,-65.7715794042125,-29.1549208548231));
#2415=CARTESIAN_POINT('',(-10.7004524933602,-61.7320209501237,-29.1549208548231));
#2416=CARTESIAN_POINT('',(-30.7581185951061,-61.7320209501237,-29.1549208548231));
#2417=CARTESIAN_POINT('',(-46.,-38.7320209501237,-32.1549208548231));
#2418=CARTESIAN_POINT('',(-46.,-45.6044324451071,-32.1549208548231));
#2419=CARTESIAN_POINT('',(-46.,-35.7320209501237,-29.1549208548231));
#2420=CARTESIAN_POINT('',(-46.,-35.7320209501237,-17.3171985149915));
#2421=CARTESIAN_POINT('',(-46.,-39.6807042481742,-14.47114862084));
#2422=CARTESIAN_POINT('',(-46.,-63.6807042481742,-22.47114862084));
#2423=CARTESIAN_POINT('',(-46.,-65.7320209501237,-25.3171985149915));
#2424=CARTESIAN_POINT('',(-46.,-65.7320209501237,-29.1549208548231));
#2425=CARTESIAN_POINT('',(-46.,-63.5605923786952,-32.0382296117472));
#2426=CARTESIAN_POINT('',(-46.,-63.5605923786952,-31.1549208548232));
#2427=CARTESIAN_POINT('',(-46.,-52.5652315758987,-27.1549208548232));
#2428=CARTESIAN_POINT('',(-46.,-45.6044324451071,-27.1549208548231));
#2429=CARTESIAN_POINT('',(-32.5,-69.7320209501237,-32.1549208548231));
#2430=CARTESIAN_POINT('',(-32.5,-69.7320209501237,-31.1549208548231));
#2431=CARTESIAN_POINT('',(-47.8125,-62.7320209501237,-32.1549208548231));
#2432=CARTESIAN_POINT('',(-13.2018231977112,-49.9639970194673,-27.1549208548231));
#2433=CARTESIAN_POINT('',(-13.2018231977111,-49.9639970194673,-32.1549208548231));
#2434=CARTESIAN_POINT('',(-31.1,-36.2320209501237,-32.1549208548231));
#2435=CARTESIAN_POINT('',(-31.1,-36.2320209501237,-16.6549208548231));
#2436=CARTESIAN_POINT('',(31.1,-36.2320209501237,-16.6549208548231));
#2437=CARTESIAN_POINT('',(31.1,-36.2320209501237,-32.1549208548231));
#2438=CARTESIAN_POINT('',(26.,-36.2320209501237,-19.0549208548231));
#2439=CARTESIAN_POINT('',(-26.,-36.2320209501237,-19.0549208548231));
#2440=CARTESIAN_POINT('',(-26.,-36.2320209501237,-29.0549208548231));
#2441=CARTESIAN_POINT('',(26.,-36.2320209501237,-29.0549208548231));
#2442=CARTESIAN_POINT('',(8.95107983402502,-67.7320209501236,-29.1549208548231));
#2443=CARTESIAN_POINT('',(32.0645296487766,-67.7320209501237,-29.1549208548231));
#2444=CARTESIAN_POINT('',(46.,-61.3615202181359,-29.1549208548232));
#2445=CARTESIAN_POINT('',(46.,-54.7643037364579,-29.1549208548231));
#2446=CARTESIAN_POINT('',(30.7581185951061,-61.7320209501237,-29.1549208548231));
#2447=CARTESIAN_POINT('',(10.7004524933602,-61.7320209501237,-29.1549208548231));
#2448=CARTESIAN_POINT('',(9.841817837694,-65.7715794042125,-29.1549208548231));
#2449=CARTESIAN_POINT('',(15.3766968501007,-39.7320209501237,-32.1549208548231));
#2450=CARTESIAN_POINT('',(15.3766968501007,-39.7320209501237,-19.7326385679155));
#2451=CARTESIAN_POINT('',(9.841817837694,-65.7715794042125,-28.4124913859451));
#2452=CARTESIAN_POINT('',(11.1255656167002,-59.7320209501237,-27.1549208548231));
#2453=CARTESIAN_POINT('',(13.2018231977112,-49.9639970194673,-27.1549208548231));
#2454=CARTESIAN_POINT('',(13.2018231977112,-49.9639970194673,-32.1549208548231));
#2455=CARTESIAN_POINT('',(46.,-35.7320209501237,-29.1549208548231));
#2456=CARTESIAN_POINT('',(46.,-35.7320209501237,-17.3171985149915));
#2457=CARTESIAN_POINT('',(46.,-38.7320209501237,-32.1549208548231));
#2458=CARTESIAN_POINT('',(46.0000000000001,-45.6044324451072,-32.1549208548231));
#2459=CARTESIAN_POINT('',(46.0000000000001,-45.6044324451071,-27.1549208548231));
#2460=CARTESIAN_POINT('',(46.,-52.5652315758987,-27.1549208548231));
#2461=CARTESIAN_POINT('',(46.,-63.5605923786951,-31.1549208548232));
#2462=CARTESIAN_POINT('',(46.,-63.5605923786952,-32.0382296117472));
#2463=CARTESIAN_POINT('',(46.,-65.7320209501237,-29.1549208548231));
#2464=CARTESIAN_POINT('',(46.,-65.7320209501237,-25.3171985149915));
#2465=CARTESIAN_POINT('',(46.,-63.6807042481742,-22.47114862084));
#2466=CARTESIAN_POINT('',(46.,-39.6807042481742,-14.47114862084));
#2467=CARTESIAN_POINT('',(32.5,-69.7320209501237,-31.1549208548231));
#2468=CARTESIAN_POINT('',(32.5,-69.7320209501237,-32.1549208548231));
#2469=CARTESIAN_POINT('',(47.8125,-62.7320209501237,-32.1549208548231));
#2470=CARTESIAN_POINT('',(-9.84181783769399,-65.7715794042125,-28.4124913859451));
#2471=CARTESIAN_POINT('',(-15.3766968501007,-39.7320209501237,-19.7326385679155));
#2472=CARTESIAN_POINT('',(-15.3766968501007,-39.7320209501237,-32.1549208548231));
#2473=CARTESIAN_POINT('',(-11.1255656167002,-59.7320209501237,-27.1549208548231));
#2474=CARTESIAN_POINT('',(-13.846504022018,-39.7320209501237,-18.1549208548231));
#2475=CARTESIAN_POINT('',(-32.5497474683058,-39.7320209501237,-18.1549208548231));
#2476=CARTESIAN_POINT('',(-32.5497474683058,-39.7320209501237,-32.1549208548231));
#2477=CARTESIAN_POINT('',(-36.3,-27.7320209501237,-6.15492085482314));
#2478=CARTESIAN_POINT('',(-36.3,-23.0320209501237,-6.15492085482314));
#2479=CARTESIAN_POINT('',(-39.8,-23.0320209501237,-6.15492085482314));
#2480=CARTESIAN_POINT('',(-39.8,-27.7320209501237,-6.15492085482314));
#2481=CARTESIAN_POINT('',(33.6048935520436,-24.2960104580256,-6.7841152354031));
#2482=CARTESIAN_POINT('',(33.6048935520436,-24.2960104580256,-13.5257264742432));
#2483=CARTESIAN_POINT('',(35.7666666666667,-19.4320209501237,-10.1549208548231));
#2484=CARTESIAN_POINT('',(36.3,-26.6320209501237,-10.1549208548231));
#2485=CARTESIAN_POINT('',(36.3,-19.4320209501237,-10.1549208548231));
#2486=CARTESIAN_POINT('',(-39.8,-32.4817684184295,-10.9046683231289));
#2487=CARTESIAN_POINT('',(-39.8,-32.4817684184295,-32.1549208548231));
#2488=CARTESIAN_POINT('',(13.846504022018,-39.7320209501237,-18.1549208548231));
#2489=CARTESIAN_POINT('',(32.5497474683058,-39.7320209501237,-18.1549208548231));
#2490=CARTESIAN_POINT('',(32.5497474683058,-39.7320209501237,-32.1549208548231));
#2491=CARTESIAN_POINT('',(39.8,-32.4817684184295,-32.1549208548231));
#2492=CARTESIAN_POINT('',(39.8,-32.4817684184295,-10.9046683231289));
#2493=CARTESIAN_POINT('',(39.8,-19.0320209501237,-10.1549208548231));
#2494=CARTESIAN_POINT('',(39.8,-19.0320209501237,-29.1549208548231));
#2495=CARTESIAN_POINT('',(39.8,-23.0320209501237,-6.15492085482314));
#2496=CARTESIAN_POINT('',(39.8,-27.7320209501237,-6.15492085482314));
#2497=CARTESIAN_POINT('',(39.8,-22.0320209501237,-32.1549208548231));
#2498=CARTESIAN_POINT('',(36.3,-19.0320209501237,-10.1549208548231));
#2499=CARTESIAN_POINT('',(36.3,-19.0320209501237,-29.1549208548231));
#2500=CARTESIAN_POINT('',(36.3,-23.0320209501237,-6.15492085482314));
#2501=CARTESIAN_POINT('',(36.3,-27.7320209501237,-6.15492085482314));
#2502=CARTESIAN_POINT('',(36.3,-22.0320209501237,-32.1549208548231));
#2503=CARTESIAN_POINT('',(36.3,-31.0320209501237,-32.1549208548231));
#2504=CARTESIAN_POINT('',(36.3,-31.0320209501237,-11.2122801677039));
#2505=CARTESIAN_POINT('',(36.3,-32.7893802630044,-11.2122801677039));
#2506=CARTESIAN_POINT('',(30.9284271247462,-36.4035938253775,-16.5838530429577));
#2507=CARTESIAN_POINT('',(-36.3,-31.0320209501237,-32.1549208548231));
#2508=CARTESIAN_POINT('',(-36.3,-31.0320209501237,-11.2122801677039));
#2509=CARTESIAN_POINT('',(-30.9284271247462,-36.4035938253775,-16.5838530429577));
#2510=CARTESIAN_POINT('',(-36.3,-19.4320209501237,-10.1549208548231));
#2511=CARTESIAN_POINT('',(-36.3,-26.6320209501237,-10.1549208548231));
#2512=CARTESIAN_POINT('',(-36.3,-19.0320209501237,-10.1549208548231));
#2513=CARTESIAN_POINT('',(-36.3,-19.0320209501237,-29.1549208548231));
#2514=CARTESIAN_POINT('',(-36.3,-32.7893802630044,-11.2122801677039));
#2515=CARTESIAN_POINT('',(-36.3,-22.0320209501237,-32.1549208548231));
#2516=CARTESIAN_POINT('',(-39.8,-19.0320209501237,-29.1549208548231));
#2517=CARTESIAN_POINT('',(-39.8,-19.0320209501237,-10.1549208548231));
#2518=CARTESIAN_POINT('',(-39.8,-22.0320209501237,-32.1549208548231));
#2519=CARTESIAN_POINT('',(-48.,-62.7320209501237,-32.1549208548231));
#2520=CARTESIAN_POINT('',(-48.,-38.7320209501237,-32.1549208548231));
#2521=CARTESIAN_POINT('',(48.,-38.7320209501237,-32.1549208548231));
#2522=CARTESIAN_POINT('',(48.,-62.7320209501237,-32.1549208548231));
#2523=CARTESIAN_POINT('',(-33.6048935520436,-24.2960104580256,-13.5257264742432));
#2524=CARTESIAN_POINT('',(-34.9535898384862,-26.6320209501237,-10.1549208548231));
#2525=CARTESIAN_POINT('',(-33.6048935520436,-24.2960104580256,-6.7841152354031));
#2526=CARTESIAN_POINT('',(31.4431457505076,-37.6462345124968,-16.0691344171963));
#2527=CARTESIAN_POINT('',(-31.4431457505076,-37.6462345124968,-16.0691344171963));
#2528=CARTESIAN_POINT('',(4.95107983402496,-69.7320209501237,-31.1549208548231));
#2529=CARTESIAN_POINT('',(4.95107983402496,-69.7320209501237,-29.3096402770149));
#2530=CARTESIAN_POINT('',(-4.95107983402495,-69.7320209501237,-29.3096402770149));
#2531=CARTESIAN_POINT('',(-4.95107983402495,-69.7320209501237,-31.1549208548231));
#2532=CARTESIAN_POINT('',(4.95107983402497,-68.6365579203559,-27.7897665115672));
#2533=CARTESIAN_POINT('',(8.27473967773704,-65.9451112471465,-26.8926176204974));
#2534=CARTESIAN_POINT('',(-8.274739677737,-65.9451112471465,-26.8926176204974));
#2535=CARTESIAN_POINT('',(-4.95107983402495,-68.6365579203559,-27.7897665115672));
#2536=CARTESIAN_POINT('',(50.,-62.7320209501237,-30.1549208548231));
#2537=CARTESIAN_POINT('',(50.,-63.7320209501237,-29.1549208548231));
#2538=CARTESIAN_POINT('',(50.,-38.7320209501237,-30.1549208548231));
#2539=CARTESIAN_POINT('',(50.,-37.7320209501237,-29.1549208548231));
#2540=CARTESIAN_POINT('',(50.,-37.7320209501237,-17.3171985149915));
#2541=CARTESIAN_POINT('',(50.,-39.0482487161405,-16.368515216941));
#2542=CARTESIAN_POINT('',(50.,-63.0482487161406,-24.368515216941));
#2543=CARTESIAN_POINT('',(50.,-63.7320209501237,-25.3171985149915));
#2544=CARTESIAN_POINT('',(-50.,-37.7320209501237,-29.1549208548231));
#2545=CARTESIAN_POINT('',(-50.,-38.7320209501237,-30.1549208548231));
#2546=CARTESIAN_POINT('',(-50.,-62.7320209501237,-30.1549208548231));
#2547=CARTESIAN_POINT('',(-50.,-63.7320209501237,-29.1549208548231));
#2548=CARTESIAN_POINT('',(-50.,-63.7320209501237,-25.3171985149915));
#2549=CARTESIAN_POINT('',(-50.,-63.0482487161406,-24.368515216941));
#2550=CARTESIAN_POINT('',(-50.,-39.0482487161405,-16.368515216941));
#2551=CARTESIAN_POINT('',(-50.,-37.7320209501237,-17.3171985149915));
#2552=CARTESIAN_POINT('',(48.,-65.7320209501237,-29.1549208548231));
#2553=CARTESIAN_POINT('',(48.,-65.7320209501237,-25.3171985149915));
#2554=CARTESIAN_POINT('',(48.,-35.7320209501237,-17.3171985149915));
#2555=CARTESIAN_POINT('',(48.,-35.7320209501237,-29.1549208548231));
#2556=CARTESIAN_POINT('',(48.,-63.6807042481742,-22.47114862084));
#2557=CARTESIAN_POINT('',(48.,-39.6807042481742,-14.47114862084));
#2558=CARTESIAN_POINT('',(30.3226482438827,-59.7320209501237,-27.1549208548231));
#2559=CARTESIAN_POINT('',(26.,-31.2320209501237,-24.0549208548231));
#2560=CARTESIAN_POINT('',(-26.,-31.2320209501237,-24.0549208548231));
#2561=CARTESIAN_POINT('',(-26.,-29.2320209501237,-24.0549208548231));
#2562=CARTESIAN_POINT('',(26.,-30.0457544213304,-24.6361590485422));
#2563=CARTESIAN_POINT('',(26.,-30.2320209501237,-24.0549208548231));
#2564=CARTESIAN_POINT('',(23.,-30.0457544213304,-24.6361590485422));
#2565=CARTESIAN_POINT('',(23.,-30.2320209501237,-24.0549208548231));
#2566=CARTESIAN_POINT('',(-48.,-65.7320209501237,-25.3171985149915));
#2567=CARTESIAN_POINT('',(-48.,-65.7320209501237,-29.1549208548231));
#2568=CARTESIAN_POINT('',(-48.,-39.6807042481742,-14.47114862084));
#2569=CARTESIAN_POINT('',(-48.,-63.6807042481742,-22.47114862084));
#2570=CARTESIAN_POINT('',(-48.,-35.7320209501237,-29.1549208548231));
#2571=CARTESIAN_POINT('',(-48.,-35.7320209501237,-17.3171985149915));
#2572=CARTESIAN_POINT('',(-30.3226482438827,-59.7320209501237,-27.1549208548231));
#2573=CARTESIAN_POINT('',(-23.,-29.2320209501237,-24.0549208548231));
#2574=CARTESIAN_POINT('',(34.9535898384863,-26.6320209501237,-10.1549208548232));
#2575=CARTESIAN_POINT('',(-35.7666666666667,-19.4320209501237,-10.1549208548232));
#2576=CARTESIAN_POINT('',(23.,-36.2320209501237,-29.0549208548231));
#2577=CARTESIAN_POINT('',(-23.,-36.2320209501237,-29.0549208548231));
#2578=CARTESIAN_POINT('',(-23.,-36.2320209501237,-29.0549208548231));
#2579=CARTESIAN_POINT('',(-23.,-31.2320209501237,-24.0549208548231));
#2580=CARTESIAN_POINT('',(-23.,-31.2320209501237,-24.0549208548231));
#2581=CARTESIAN_POINT('',(23.,-31.2320209501237,-24.0549208548231));
#2582=CARTESIAN_POINT('',(23.,-31.2320209501237,-24.0549208548231));
#2583=CARTESIAN_POINT('',(23.,-36.2320209501237,-29.0549208548231));
#2584=CARTESIAN_POINT('',(-46.,-54.7643037364579,-29.1549208548231));
#2585=CARTESIAN_POINT('',(-46.,-61.3615202181359,-29.1549208548232));
#2586=CARTESIAN_POINT('',(-32.0645296487766,-67.7320209501237,-29.1549208548231));
#2587=CARTESIAN_POINT('',(-8.951079834025,-67.7320209501236,-29.1549208548231));
#2588=CARTESIAN_POINT('',(-10.7004524933602,-61.7320209501237,-29.1549208548231));
#2589=CARTESIAN_POINT('',(-30.7581185951061,-61.7320209501237,-29.1549208548231));
#2590=CARTESIAN_POINT('',(-46.,-38.7320209501237,-32.1549208548231));
#2591=CARTESIAN_POINT('',(-46.,-45.6044324451071,-32.1549208548231));
#2592=CARTESIAN_POINT('',(-46.,-35.7320209501237,-17.3171985149915));
#2593=CARTESIAN_POINT('',(-46.,-35.7320209501237,-29.1549208548231));
#2594=CARTESIAN_POINT('',(-46.,-65.7320209501237,-29.1549208548231));
#2595=CARTESIAN_POINT('',(-46.,-65.7320209501237,-25.3171985149915));
#2596=CARTESIAN_POINT('',(-46.,-63.5605923786952,-31.1549208548232));
#2597=CARTESIAN_POINT('',(-46.,-63.5605923786952,-32.0382296117472));
#2598=CARTESIAN_POINT('',(-46.,-61.3615202181359,-29.1549208548232));
#2599=CARTESIAN_POINT('',(-46.,-63.5605923786952,-31.1549208548232));
#2600=CARTESIAN_POINT('',(-46.,-52.5652315758987,-27.1549208548232));
#2601=CARTESIAN_POINT('',(-46.,-54.7643037364579,-29.1549208548231));
#2602=CARTESIAN_POINT('',(-46.,-45.6044324451071,-27.1549208548231));
#2603=CARTESIAN_POINT('',(-46.,-52.5652315758987,-27.1549208548232));
#2604=CARTESIAN_POINT('',(-46.,-45.6044324451071,-32.1549208548231));
#2605=CARTESIAN_POINT('',(-46.,-45.6044324451071,-27.1549208548231));
#2606=CARTESIAN_POINT('',(-32.5,-69.7320209501237,-32.1549208548231));
#2607=CARTESIAN_POINT('',(-32.5,-69.7320209501237,-31.1549208548231));
#2608=CARTESIAN_POINT('',(-32.5,-69.7320209501237,-31.1549208548231));
#2609=CARTESIAN_POINT('',(-46.,-63.5605923786952,-31.1549208548232));
#2610=CARTESIAN_POINT('',(-46.,-63.5605923786952,-32.0382296117472));
#2611=CARTESIAN_POINT('',(-46.888275176069,-63.1545237267779,-32.1549208548231));
#2612=CARTESIAN_POINT('',(-47.8125,-62.7320209501237,-32.1549208548231));
#2613=CARTESIAN_POINT('',(-47.8125,-62.7320209501237,-32.1549208548231));
#2614=CARTESIAN_POINT('',(-32.5,-69.7320209501237,-32.1549208548231));
#2615=CARTESIAN_POINT('',(-13.2018231977112,-49.9639970194672,-27.1549208548231));
#2616=CARTESIAN_POINT('',(-29.7614286425161,-48.9918276229693,-27.1549208548231));
#2617=CARTESIAN_POINT('',(-46.0000000000001,-45.6044324451071,-27.1549208548231));
#2618=CARTESIAN_POINT('',(-13.2018231977111,-49.9639970194673,-32.1549208548231));
#2619=CARTESIAN_POINT('',(-13.2018231977112,-49.9639970194673,-27.1549208548231));
#2620=CARTESIAN_POINT('',(-46.,-45.6044324451072,-32.1549208548231));
#2621=CARTESIAN_POINT('',(-29.7614286425161,-48.9918276229696,-32.1549208548231));
#2622=CARTESIAN_POINT('',(-13.2018231977111,-49.9639970194674,-32.1549208548231));
#2623=CARTESIAN_POINT('',(-31.1,-36.2320209501237,-32.1549208548231));
#2624=CARTESIAN_POINT('',(-31.1,-36.2320209501237,-16.6549208548231));
#2625=CARTESIAN_POINT('',(-31.1,-36.2320209501237,-16.6549208548231));
#2626=CARTESIAN_POINT('',(31.1,-36.2320209501237,-16.6549208548231));
#2627=CARTESIAN_POINT('',(31.1,-36.2320209501237,-16.6549208548231));
#2628=CARTESIAN_POINT('',(31.1,-36.2320209501237,-32.1549208548231));
#2629=CARTESIAN_POINT('',(31.1,-36.2320209501237,-32.1549208548231));
#2630=CARTESIAN_POINT('',(-31.1,-36.2320209501237,-32.1549208548231));
#2631=CARTESIAN_POINT('',(26.,-36.2320209501237,-19.0549208548231));
#2632=CARTESIAN_POINT('',(-26.,-36.2320209501237,-19.0549208548231));
#2633=CARTESIAN_POINT('',(-26.,-36.2320209501237,-19.0549208548231));
#2634=CARTESIAN_POINT('',(-26.,-36.2320209501237,-29.0549208548231));
#2635=CARTESIAN_POINT('',(-26.,-36.2320209501237,-29.0549208548231));
#2636=CARTESIAN_POINT('',(-23.,-36.2320209501237,-29.0549208548231));
#2637=CARTESIAN_POINT('',(23.,-36.2320209501237,-29.0549208548231));
#2638=CARTESIAN_POINT('',(26.,-36.2320209501237,-29.0549208548231));
#2639=CARTESIAN_POINT('',(26.,-36.2320209501237,-29.0549208548231));
#2640=CARTESIAN_POINT('',(26.,-36.2320209501237,-19.0549208548231));
#2641=CARTESIAN_POINT('',(8.95107983402502,-67.7320209501236,-29.1549208548231));
#2642=CARTESIAN_POINT('',(32.0645296487766,-67.7320209501237,-29.1549208548231));
#2643=CARTESIAN_POINT('',(46.,-61.3615202181359,-29.1549208548232));
#2644=CARTESIAN_POINT('',(46.,-54.7643037364579,-29.1549208548231));
#2645=CARTESIAN_POINT('',(30.7581185951061,-61.7320209501237,-29.1549208548231));
#2646=CARTESIAN_POINT('',(10.7004524933602,-61.7320209501237,-29.1549208548231));
#2647=CARTESIAN_POINT('',(15.3766968501007,-39.7320209501237,-32.1549208548231));
#2648=CARTESIAN_POINT('',(15.3766968501007,-39.7320209501237,-19.7326385679155));
#2649=CARTESIAN_POINT('',(9.841817837694,-65.7715794042125,-28.4124913859451));
#2650=CARTESIAN_POINT('',(9.841817837694,-65.7715794042125,-29.1549208548231));
#2651=CARTESIAN_POINT('',(10.7004524933602,-61.7320209501237,-29.1549208548231));
#2652=CARTESIAN_POINT('',(9.841817837694,-65.7715794042125,-29.1549208548231));
#2653=CARTESIAN_POINT('',(10.7004524933602,-61.7320209501237,-29.1549208548231));
#2654=CARTESIAN_POINT('',(11.1255656167002,-59.7320209501237,-27.1549208548231));
#2655=CARTESIAN_POINT('',(11.1255656167002,-59.7320209501237,-27.1549208548231));
#2656=CARTESIAN_POINT('',(13.2018231977112,-49.9639970194673,-27.1549208548231));
#2657=CARTESIAN_POINT('',(13.2018231977112,-49.9639970194673,-27.1549208548231));
#2658=CARTESIAN_POINT('',(13.2018231977112,-49.9639970194673,-32.1549208548231));
#2659=CARTESIAN_POINT('',(13.2018231977112,-49.9639970194673,-32.1549208548231));
#2660=CARTESIAN_POINT('',(15.3766968501007,-39.7320209501237,-32.1549208548231));
#2661=CARTESIAN_POINT('',(46.,-35.7320209501237,-29.1549208548231));
#2662=CARTESIAN_POINT('',(46.,-35.7320209501237,-17.3171985149915));
#2663=CARTESIAN_POINT('',(46.0000000000001,-45.6044324451072,-32.1549208548231));
#2664=CARTESIAN_POINT('',(46.,-38.7320209501237,-32.1549208548231));
#2665=CARTESIAN_POINT('',(46.0000000000001,-45.6044324451071,-27.1549208548231));
#2666=CARTESIAN_POINT('',(46.0000000000001,-45.6044324451072,-32.1549208548231));
#2667=CARTESIAN_POINT('',(46.,-52.5652315758987,-27.1549208548231));
#2668=CARTESIAN_POINT('',(46.0000000000001,-45.6044324451071,-27.1549208548231));
#2669=CARTESIAN_POINT('',(46.,-54.7643037364579,-29.1549208548231));
#2670=CARTESIAN_POINT('',(46.,-52.5652315758987,-27.1549208548231));
#2671=CARTESIAN_POINT('',(46.,-63.5605923786951,-31.1549208548232));
#2672=CARTESIAN_POINT('',(46.,-61.3615202181359,-29.1549208548232));
#2673=CARTESIAN_POINT('',(46.,-63.5605923786952,-32.0382296117472));
#2674=CARTESIAN_POINT('',(46.,-63.5605923786951,-31.1549208548232));
#2675=CARTESIAN_POINT('',(46.,-65.7320209501237,-25.3171985149915));
#2676=CARTESIAN_POINT('',(46.,-65.7320209501237,-29.1549208548231));
#2677=CARTESIAN_POINT('',(32.5,-69.7320209501237,-31.1549208548231));
#2678=CARTESIAN_POINT('',(46.,-63.5605923786951,-31.1549208548232));
#2679=CARTESIAN_POINT('',(32.5,-69.7320209501237,-32.1549208548231));
#2680=CARTESIAN_POINT('',(32.5,-69.7320209501237,-31.1549208548231));
#2681=CARTESIAN_POINT('',(47.8125,-62.7320209501237,-32.1549208548231));
#2682=CARTESIAN_POINT('',(32.5,-69.7320209501237,-32.1549208548231));
#2683=CARTESIAN_POINT('',(46.,-63.5605923786952,-32.0382296117472));
#2684=CARTESIAN_POINT('',(46.888275176069,-63.1545237267778,-32.1549208548231));
#2685=CARTESIAN_POINT('',(47.8125,-62.7320209501237,-32.1549208548231));
#2686=CARTESIAN_POINT('',(46.0000000000001,-45.6044324451072,-32.1549208548231));
#2687=CARTESIAN_POINT('',(29.7614286425162,-48.9918276229694,-32.1549208548231));
#2688=CARTESIAN_POINT('',(13.2018231977112,-49.9639970194673,-32.1549208548231));
#2689=CARTESIAN_POINT('',(46.0000000000001,-45.6044324451071,-27.1549208548231));
#2690=CARTESIAN_POINT('',(29.7614286425161,-48.9918276229693,-27.1549208548231));
#2691=CARTESIAN_POINT('',(13.2018231977112,-49.9639970194673,-27.1549208548231));
#2692=CARTESIAN_POINT('',(-9.84181783769399,-65.7715794042125,-29.1549208548231));
#2693=CARTESIAN_POINT('',(-9.84181783769399,-65.7715794042125,-28.4124913859451));
#2694=CARTESIAN_POINT('',(-15.3766968501007,-39.7320209501237,-19.7326385679155));
#2695=CARTESIAN_POINT('',(-15.3766968501007,-39.7320209501237,-32.1549208548231));
#2696=CARTESIAN_POINT('',(-15.3766968501007,-39.7320209501237,-32.1549208548231));
#2697=CARTESIAN_POINT('',(-13.2018231977111,-49.9639970194673,-32.1549208548231));
#2698=CARTESIAN_POINT('',(-13.2018231977112,-49.9639970194673,-27.1549208548231));
#2699=CARTESIAN_POINT('',(-11.1255656167002,-59.7320209501237,-27.1549208548231));
#2700=CARTESIAN_POINT('',(-11.1255656167002,-59.7320209501237,-27.1549208548231));
#2701=CARTESIAN_POINT('',(-10.7004524933602,-61.7320209501237,-29.1549208548231));
#2702=CARTESIAN_POINT('',(-9.84181783769399,-65.7715794042125,-29.1549208548231));
#2703=CARTESIAN_POINT('',(-10.7004524933602,-61.7320209501237,-29.1549208548231));
#2704=CARTESIAN_POINT('',(-13.846504022018,-39.7320209501237,-18.1549208548231));
#2705=CARTESIAN_POINT('',(-15.3766968501007,-39.7320209501237,-19.7326385679155));
#2706=CARTESIAN_POINT('',(-32.5497474683058,-39.7320209501237,-18.1549208548231));
#2707=CARTESIAN_POINT('',(-13.846504022018,-39.7320209501237,-18.1549208548231));
#2708=CARTESIAN_POINT('',(-32.5497474683058,-39.7320209501237,-32.1549208548231));
#2709=CARTESIAN_POINT('',(-32.5497474683058,-39.7320209501237,-18.1549208548231));
#2710=CARTESIAN_POINT('',(-15.3766968501007,-39.7320209501237,-32.1549208548231));
#2711=CARTESIAN_POINT('',(-32.5497474683058,-39.7320209501237,-32.1549208548231));
#2712=CARTESIAN_POINT('',(-36.3,-27.7320209501237,-6.15492085482314));
#2713=CARTESIAN_POINT('',(-36.3,-23.0320209501237,-6.15492085482314));
#2714=CARTESIAN_POINT('',(-36.3,-23.0320209501237,-6.15492085482314));
#2715=CARTESIAN_POINT('',(-39.8,-23.0320209501237,-6.15492085482314));
#2716=CARTESIAN_POINT('',(-39.8,-23.0320209501237,-6.15492085482314));
#2717=CARTESIAN_POINT('',(-39.8,-27.7320209501237,-6.15492085482314));
#2718=CARTESIAN_POINT('',(-39.8,-27.7320209501237,-6.15492085482314));
#2719=CARTESIAN_POINT('',(-36.3,-27.7320209501237,-6.15492085482314));
#2720=CARTESIAN_POINT('',(33.6048935520436,-24.2960104580256,-6.7841152354031));
#2721=CARTESIAN_POINT('',(33.6048935520436,-24.2960104580256,-13.5257264742432));
#2722=CARTESIAN_POINT('',(33.6048935520436,-24.2960104580256,-13.5257264742432));
#2723=CARTESIAN_POINT('',(33.8765447893604,-23.6847951740628,-13.7549208548231));
#2724=CARTESIAN_POINT('',(34.1666666666667,-23.0320209501237,-13.7549208548231));
#2725=CARTESIAN_POINT('',(35.7666666666667,-19.4320209501237,-13.7549208548231));
#2726=CARTESIAN_POINT('',(35.7666666666667,-19.4320209501237,-10.1549208548231));
#2727=CARTESIAN_POINT('',(35.7666666666667,-19.4320209501237,-10.1549208548231));
#2728=CARTESIAN_POINT('',(35.7666666666667,-19.4320209501237,-6.55492085482314));
#2729=CARTESIAN_POINT('',(34.1666666666667,-23.0320209501237,-6.55492085482313));
#2730=CARTESIAN_POINT('',(33.8765447893605,-23.6847951740628,-6.55492085482313));
#2731=CARTESIAN_POINT('',(33.6048935520436,-24.2960104580256,-6.7841152354031));
#2732=CARTESIAN_POINT('',(33.6048935520436,-24.2960104580256,-13.5257264742432));
#2733=CARTESIAN_POINT('',(34.9535898384862,-26.6320209501237,-12.6497659218609));
#2734=CARTESIAN_POINT('',(34.9535898384863,-26.6320209501237,-10.1549208548232));
#2735=CARTESIAN_POINT('',(36.3,-26.6320209501237,-10.1549208548231));
#2736=CARTESIAN_POINT('',(36.3,-26.6320209501237,-6.55492085482314));
#2737=CARTESIAN_POINT('',(36.3,-23.0320209501237,-6.55492085482314));
#2738=CARTESIAN_POINT('',(36.3,-19.4320209501237,-6.55492085482314));
#2739=CARTESIAN_POINT('',(36.3,-19.4320209501237,-10.1549208548231));
#2740=CARTESIAN_POINT('',(36.3,-19.4320209501237,-10.1549208548231));
#2741=CARTESIAN_POINT('',(36.3,-19.4320209501237,-13.7549208548231));
#2742=CARTESIAN_POINT('',(36.3,-23.0320209501237,-13.7549208548231));
#2743=CARTESIAN_POINT('',(36.3,-26.6320209501237,-13.7549208548231));
#2744=CARTESIAN_POINT('',(36.3,-26.6320209501237,-10.1549208548231));
#2745=CARTESIAN_POINT('',(35.7666666666667,-19.4320209501237,-10.1549208548231));
#2746=CARTESIAN_POINT('',(36.3,-19.4320209501237,-10.1549208548231));
#2747=CARTESIAN_POINT('',(-39.8,-32.4817684184295,-10.9046683231289));
#2748=CARTESIAN_POINT('',(-32.5497474683058,-39.7320209501237,-18.1549208548231));
#2749=CARTESIAN_POINT('',(-39.8,-32.4817684184295,-32.1549208548231));
#2750=CARTESIAN_POINT('',(-39.8,-32.4817684184295,-10.9046683231289));
#2751=CARTESIAN_POINT('',(-32.5497474683058,-39.7320209501237,-32.1549208548231));
#2752=CARTESIAN_POINT('',(-39.8,-32.4817684184295,-32.1549208548231));
#2753=CARTESIAN_POINT('',(13.846504022018,-39.7320209501237,-18.1549208548231));
#2754=CARTESIAN_POINT('',(32.5497474683058,-39.7320209501237,-18.1549208548231));
#2755=CARTESIAN_POINT('',(15.3766968501007,-39.7320209501237,-19.7326385679155));
#2756=CARTESIAN_POINT('',(13.846504022018,-39.7320209501237,-18.1549208548231));
#2757=CARTESIAN_POINT('',(32.5497474683058,-39.7320209501237,-32.1549208548231));
#2758=CARTESIAN_POINT('',(15.3766968501007,-39.7320209501237,-32.1549208548231));
#2759=CARTESIAN_POINT('',(32.5497474683058,-39.7320209501237,-18.1549208548231));
#2760=CARTESIAN_POINT('',(32.5497474683058,-39.7320209501237,-32.1549208548231));
#2761=CARTESIAN_POINT('',(39.8,-32.4817684184295,-32.1549208548231));
#2762=CARTESIAN_POINT('',(39.8,-32.4817684184295,-10.9046683231289));
#2763=CARTESIAN_POINT('',(39.8,-32.4817684184295,-10.9046683231289));
#2764=CARTESIAN_POINT('',(32.5497474683058,-39.7320209501237,-18.1549208548231));
#2765=CARTESIAN_POINT('',(32.5497474683058,-39.7320209501237,-32.1549208548231));
#2766=CARTESIAN_POINT('',(39.8,-32.4817684184295,-32.1549208548231));
#2767=CARTESIAN_POINT('',(39.8,-19.0320209501237,-10.1549208548231));
#2768=CARTESIAN_POINT('',(39.8,-19.0320209501237,-29.1549208548231));
#2769=CARTESIAN_POINT('',(39.8,-27.7320209501237,-6.15492085482314));
#2770=CARTESIAN_POINT('',(39.8,-23.0320209501237,-6.15492085482314));
#2771=CARTESIAN_POINT('',(39.8,-22.0320209501237,-32.1549208548231));
#2772=CARTESIAN_POINT('',(39.8,-32.4817684184295,-32.1549208548231));
#2773=CARTESIAN_POINT('',(36.3,-19.0320209501237,-10.1549208548231));
#2774=CARTESIAN_POINT('',(36.3,-19.0320209501237,-29.1549208548231));
#2775=CARTESIAN_POINT('',(39.8,-19.0320209501237,-10.1549208548231));
#2776=CARTESIAN_POINT('',(36.3,-19.0320209501237,-10.1549208548231));
#2777=CARTESIAN_POINT('',(36.3,-19.0320209501237,-29.1549208548231));
#2778=CARTESIAN_POINT('',(39.8,-19.0320209501237,-29.1549208548231));
#2779=CARTESIAN_POINT('',(36.3,-23.0320209501237,-6.15492085482314));
#2780=CARTESIAN_POINT('',(36.3,-27.7320209501237,-6.15492085482314));
#2781=CARTESIAN_POINT('',(36.3,-31.0320209501237,-32.1549208548231));
#2782=CARTESIAN_POINT('',(36.3,-22.0320209501237,-32.1549208548231));
#2783=CARTESIAN_POINT('',(36.3,-31.0320209501237,-11.2122801677039));
#2784=CARTESIAN_POINT('',(36.3,-31.0320209501237,-32.1549208548231));
#2785=CARTESIAN_POINT('',(36.3,-32.7893802630044,-11.2122801677039));
#2786=CARTESIAN_POINT('',(36.3,-31.0320209501237,-11.2122801677039));
#2787=CARTESIAN_POINT('',(30.9284271247462,-36.4035938253775,-16.5838530429577));
#2788=CARTESIAN_POINT('',(31.1,-36.2320209501237,-16.6549208548231));
#2789=CARTESIAN_POINT('',(36.3,-31.0320209501237,-32.1549208548231));
#2790=CARTESIAN_POINT('',(31.1,-36.2320209501237,-32.1549208548231));
#2791=CARTESIAN_POINT('',(-36.3,-31.0320209501237,-32.1549208548231));
#2792=CARTESIAN_POINT('',(-36.3,-31.0320209501237,-11.2122801677039));
#2793=CARTESIAN_POINT('',(-30.9284271247462,-36.4035938253775,-16.5838530429577));
#2794=CARTESIAN_POINT('',(-31.1,-36.2320209501237,-16.6549208548231));
#2795=CARTESIAN_POINT('',(-31.1,-36.2320209501237,-32.1549208548231));
#2796=CARTESIAN_POINT('',(-36.3,-31.0320209501237,-32.1549208548231));
#2797=CARTESIAN_POINT('',(-36.3,-19.0320209501237,-10.1549208548231));
#2798=CARTESIAN_POINT('',(-36.3,-19.0320209501237,-29.1549208548231));
#2799=CARTESIAN_POINT('',(-36.3,-31.0320209501237,-11.2122801677039));
#2800=CARTESIAN_POINT('',(-36.3,-32.7893802630044,-11.2122801677039));
#2801=CARTESIAN_POINT('',(-36.3,-22.0320209501237,-32.1549208548231));
#2802=CARTESIAN_POINT('',(-36.3,-31.0320209501237,-32.1549208548231));
#2803=CARTESIAN_POINT('',(-39.8,-19.0320209501237,-29.1549208548231));
#2804=CARTESIAN_POINT('',(-39.8,-19.0320209501237,-10.1549208548231));
#2805=CARTESIAN_POINT('',(-39.8,-19.0320209501237,-10.1549208548231));
#2806=CARTESIAN_POINT('',(-36.3,-19.0320209501237,-10.1549208548231));
#2807=CARTESIAN_POINT('',(-36.3,-19.0320209501237,-29.1549208548231));
#2808=CARTESIAN_POINT('',(-39.8,-19.0320209501237,-29.1549208548231));
#2809=CARTESIAN_POINT('',(-39.8,-22.0320209501237,-32.1549208548231));
#2810=CARTESIAN_POINT('',(-39.8,-32.4817684184295,-32.1549208548231));
#2811=CARTESIAN_POINT('',(39.8,-23.0320209501237,-6.15492085482314));
#2812=CARTESIAN_POINT('',(36.3,-23.0320209501237,-6.15492085482314));
#2813=CARTESIAN_POINT('',(36.3,-27.7320209501237,-6.15492085482314));
#2814=CARTESIAN_POINT('',(39.8,-27.7320209501237,-6.15492085482314));
#2815=CARTESIAN_POINT('',(-48.,-62.7320209501237,-32.1549208548231));
#2816=CARTESIAN_POINT('',(-47.8125,-62.7320209501237,-32.1549208548231));
#2817=CARTESIAN_POINT('',(-48.,-38.7320209501237,-32.1549208548231));
#2818=CARTESIAN_POINT('',(-48.,-62.7320209501237,-32.1549208548231));
#2819=CARTESIAN_POINT('',(-46.,-38.7320209501237,-32.1549208548231));
#2820=CARTESIAN_POINT('',(-48.,-38.7320209501237,-32.1549208548231));
#2821=CARTESIAN_POINT('',(-36.3,-22.0320209501237,-32.1549208548231));
#2822=CARTESIAN_POINT('',(-39.8,-22.0320209501237,-32.1549208548231));
#2823=CARTESIAN_POINT('',(39.8,-22.0320209501237,-32.1549208548231));
#2824=CARTESIAN_POINT('',(36.3,-22.0320209501237,-32.1549208548231));
#2825=CARTESIAN_POINT('',(48.,-38.7320209501237,-32.1549208548231));
#2826=CARTESIAN_POINT('',(46.,-38.7320209501237,-32.1549208548231));
#2827=CARTESIAN_POINT('',(48.,-62.7320209501237,-32.1549208548231));
#2828=CARTESIAN_POINT('',(48.,-38.7320209501237,-32.1549208548231));
#2829=CARTESIAN_POINT('',(47.8125,-62.7320209501237,-32.1549208548231));
#2830=CARTESIAN_POINT('',(48.,-62.7320209501237,-32.1549208548231));
#2831=CARTESIAN_POINT('',(-32.5,-69.7320209501237,-32.1549208548231));
#2832=CARTESIAN_POINT('',(32.5,-69.7320209501237,-32.1549208548231));
#2833=CARTESIAN_POINT('',(39.8,-19.0320209501237,-29.1549208548231));
#2834=CARTESIAN_POINT('',(39.8,-22.0320209501237,-32.1549208548231));
#2835=CARTESIAN_POINT('',(36.3,-22.0320209501237,-32.1549208548231));
#2836=CARTESIAN_POINT('',(36.3,-19.0320209501237,-29.1549208548231));
#2837=CARTESIAN_POINT('',(-39.8,-19.0320209501237,-29.1549208548231));
#2838=CARTESIAN_POINT('',(-39.8,-22.0320209501237,-32.1549208548231));
#2839=CARTESIAN_POINT('',(-36.3,-19.0320209501237,-29.1549208548231));
#2840=CARTESIAN_POINT('',(-36.3,-22.0320209501237,-32.1549208548231));
#2841=CARTESIAN_POINT('',(-36.3,-26.6320209501237,-10.1549208548231));
#2842=CARTESIAN_POINT('',(-36.3,-26.6320209501237,-13.7549208548231));
#2843=CARTESIAN_POINT('',(-36.3,-23.0320209501237,-13.7549208548231));
#2844=CARTESIAN_POINT('',(-36.3,-19.4320209501237,-13.7549208548231));
#2845=CARTESIAN_POINT('',(-36.3,-19.4320209501237,-10.1549208548231));
#2846=CARTESIAN_POINT('',(-36.3,-19.4320209501237,-10.1549208548231));
#2847=CARTESIAN_POINT('',(-36.3,-19.4320209501237,-6.55492085482314));
#2848=CARTESIAN_POINT('',(-36.3,-23.0320209501237,-6.55492085482314));
#2849=CARTESIAN_POINT('',(-36.3,-26.6320209501237,-6.55492085482314));
#2850=CARTESIAN_POINT('',(-36.3,-26.6320209501237,-10.1549208548231));
#2851=CARTESIAN_POINT('',(-34.9535898384862,-26.6320209501237,-10.1549208548231));
#2852=CARTESIAN_POINT('',(-36.3,-26.6320209501237,-10.1549208548231));
#2853=CARTESIAN_POINT('',(-33.6048935520436,-24.2960104580256,-6.7841152354031));
#2854=CARTESIAN_POINT('',(-33.8765447893604,-23.6847951740628,-6.55492085482313));
#2855=CARTESIAN_POINT('',(-34.1666666666667,-23.0320209501237,-6.55492085482313));
#2856=CARTESIAN_POINT('',(-35.7666666666667,-19.4320209501236,-6.55492085482313));
#2857=CARTESIAN_POINT('',(-35.7666666666667,-19.4320209501237,-10.1549208548232));
#2858=CARTESIAN_POINT('',(-34.9535898384862,-26.6320209501237,-10.1549208548231));
#2859=CARTESIAN_POINT('',(-34.9535898384862,-26.6320209501237,-7.66007578778543));
#2860=CARTESIAN_POINT('',(-33.6048935520436,-24.2960104580256,-6.7841152354031));
#2861=CARTESIAN_POINT('',(-33.6048935520436,-24.2960104580256,-13.5257264742432));
#2862=CARTESIAN_POINT('',(-33.6048935520436,-24.2960104580256,-6.7841152354031));
#2863=CARTESIAN_POINT('',(-33.6048935520436,-24.2960104580256,-13.5257264742432));
#2864=CARTESIAN_POINT('',(-34.9535898384863,-26.6320209501237,-12.6497659218609));
#2865=CARTESIAN_POINT('',(-34.9535898384863,-26.6320209501237,-10.1549208548231));
#2866=CARTESIAN_POINT('',(36.3,-27.7320209501237,-6.15492085482314));
#2867=CARTESIAN_POINT('',(36.3,-32.7893802630044,-11.2122801677039));
#2868=CARTESIAN_POINT('',(31.4431457505076,-37.6462345124968,-16.0691344171963));
#2869=CARTESIAN_POINT('',(-31.4431457505076,-37.6462345124968,-16.0691344171963));
#2870=CARTESIAN_POINT('',(-36.3,-32.7893802630044,-11.2122801677039));
#2871=CARTESIAN_POINT('',(-36.3,-27.7320209501237,-6.15492085482314));
#2872=CARTESIAN_POINT('',(-39.8,-27.7320209501237,-6.15492085482314));
#2873=CARTESIAN_POINT('',(-39.8,-32.4817684184295,-10.9046683231289));
#2874=CARTESIAN_POINT('',(39.8,-32.4817684184295,-10.9046683231289));
#2875=CARTESIAN_POINT('',(39.8,-27.7320209501237,-6.15492085482314));
#2876=CARTESIAN_POINT('',(-39.8,-19.0320209501237,-10.1549208548231));
#2877=CARTESIAN_POINT('',(-39.8,-19.0320209501237,-6.15492085482314));
#2878=CARTESIAN_POINT('',(-39.8,-23.0320209501237,-6.15492085482314));
#2879=CARTESIAN_POINT('',(-36.3,-23.0320209501237,-6.15492085482314));
#2880=CARTESIAN_POINT('',(-36.3,-19.0320209501237,-6.15492085482314));
#2881=CARTESIAN_POINT('',(-36.3,-19.0320209501237,-10.1549208548231));
#2882=CARTESIAN_POINT('',(39.8,-23.0320209501237,-6.15492085482314));
#2883=CARTESIAN_POINT('',(39.8,-19.0320209501237,-6.15492085482313));
#2884=CARTESIAN_POINT('',(39.8,-19.0320209501237,-10.1549208548231));
#2885=CARTESIAN_POINT('',(36.3,-19.0320209501237,-10.1549208548231));
#2886=CARTESIAN_POINT('',(36.3,-19.0320209501237,-6.15492085482314));
#2887=CARTESIAN_POINT('',(36.3,-23.0320209501237,-6.15492085482314));
#2888=CARTESIAN_POINT('',(4.95107983402496,-69.7320209501237,-31.1549208548231));
#2889=CARTESIAN_POINT('',(4.95107983402496,-69.7320209501237,-29.3096402770149));
#2890=CARTESIAN_POINT('',(4.95107983402496,-69.7320209501237,-29.3096402770149));
#2891=CARTESIAN_POINT('',(-4.95107983402495,-69.7320209501237,-29.3096402770149));
#2892=CARTESIAN_POINT('',(-4.95107983402495,-69.7320209501237,-29.3096402770149));
#2893=CARTESIAN_POINT('',(-4.95107983402495,-69.7320209501237,-31.1549208548231));
#2894=CARTESIAN_POINT('',(-4.95107983402495,-69.7320209501237,-31.1549208548231));
#2895=CARTESIAN_POINT('',(-32.5,-69.7320209501237,-31.1549208548231));
#2896=CARTESIAN_POINT('',(32.5,-69.7320209501237,-31.1549208548231));
#2897=CARTESIAN_POINT('',(4.95107983402496,-69.7320209501237,-31.1549208548231));
#2898=CARTESIAN_POINT('',(13.846504022018,-39.7320209501237,-18.1549208548231));
#2899=CARTESIAN_POINT('',(-13.846504022018,-39.7320209501237,-18.1549208548231));
#2900=CARTESIAN_POINT('',(-4.95107983402495,-68.6365579203559,-27.7897665115672));
#2901=CARTESIAN_POINT('',(4.95107983402497,-68.6365579203559,-27.7897665115672));
#2902=CARTESIAN_POINT('',(50.,-38.7320209501237,-30.1549208548231));
#2903=CARTESIAN_POINT('',(50.,-62.7320209501237,-30.1549208548231));
#2904=CARTESIAN_POINT('',(50.,-37.7320209501237,-17.3171985149915));
#2905=CARTESIAN_POINT('',(50.,-37.7320209501237,-29.1549208548231));
#2906=CARTESIAN_POINT('',(50.,-63.7320209501237,-29.1549208548231));
#2907=CARTESIAN_POINT('',(50.,-63.7320209501237,-25.3171985149915));
#2908=CARTESIAN_POINT('',(-50.,-38.7320209501237,-30.1549208548231));
#2909=CARTESIAN_POINT('',(-50.,-62.7320209501237,-30.1549208548231));
#2910=CARTESIAN_POINT('',(-50.,-63.7320209501237,-29.1549208548231));
#2911=CARTESIAN_POINT('',(-50.,-63.7320209501237,-25.3171985149915));
#2912=CARTESIAN_POINT('',(-50.,-37.7320209501237,-17.3171985149915));
#2913=CARTESIAN_POINT('',(-50.,-37.7320209501237,-29.1549208548231));
#2914=CARTESIAN_POINT('',(48.,-65.7320209501237,-29.1549208548231));
#2915=CARTESIAN_POINT('',(46.,-65.7320209501237,-29.1549208548231));
#2916=CARTESIAN_POINT('',(48.,-65.7320209501237,-25.3171985149915));
#2917=CARTESIAN_POINT('',(48.,-65.7320209501237,-29.1549208548231));
#2918=CARTESIAN_POINT('',(46.,-65.7320209501237,-25.3171985149915));
#2919=CARTESIAN_POINT('',(48.,-65.7320209501237,-25.3171985149915));
#2920=CARTESIAN_POINT('',(48.,-35.7320209501237,-17.3171985149915));
#2921=CARTESIAN_POINT('',(46.,-35.7320209501237,-17.3171985149915));
#2922=CARTESIAN_POINT('',(48.,-35.7320209501237,-29.1549208548231));
#2923=CARTESIAN_POINT('',(48.,-35.7320209501237,-17.3171985149915));
#2924=CARTESIAN_POINT('',(46.,-35.7320209501237,-29.1549208548231));
#2925=CARTESIAN_POINT('',(48.,-35.7320209501237,-29.1549208548231));
#2926=CARTESIAN_POINT('',(48.,-63.6807042481742,-22.47114862084));
#2927=CARTESIAN_POINT('',(46.,-63.6807042481742,-22.47114862084));
#2928=CARTESIAN_POINT('',(48.,-39.6807042481742,-14.47114862084));
#2929=CARTESIAN_POINT('',(48.,-63.6807042481742,-22.47114862084));
#2930=CARTESIAN_POINT('',(46.,-39.6807042481742,-14.47114862084));
#2931=CARTESIAN_POINT('',(48.,-39.6807042481742,-14.47114862084));
#2932=CARTESIAN_POINT('',(46.,-39.6807042481742,-14.47114862084));
#2933=CARTESIAN_POINT('',(46.,-63.6807042481742,-22.47114862084));
#2934=CARTESIAN_POINT('',(11.1255656167002,-59.7320209501237,-27.1549208548231));
#2935=CARTESIAN_POINT('',(30.3226482438827,-59.7320209501237,-27.1549208548231));
#2936=CARTESIAN_POINT('',(46.,-38.7320209501237,-32.1549208548231));
#2937=CARTESIAN_POINT('',(46.,-35.7320209501237,-32.1549208548232));
#2938=CARTESIAN_POINT('',(46.,-35.7320209501237,-29.1549208548231));
#2939=CARTESIAN_POINT('',(48.,-62.7320209501237,-32.1549208548231));
#2940=CARTESIAN_POINT('',(48.,-65.7320209501237,-32.1549208548231));
#2941=CARTESIAN_POINT('',(48.,-65.7320209501237,-29.1549208548231));
#2942=CARTESIAN_POINT('',(46.,-65.7320209501237,-29.1549208548231));
#2943=CARTESIAN_POINT('',(46.,-65.7320209501237,-31.414229955398));
#2944=CARTESIAN_POINT('',(46.,-63.5605923786952,-32.0382296117472));
#2945=CARTESIAN_POINT('',(48.,-39.6807042481742,-14.47114862084));
#2946=CARTESIAN_POINT('',(48.,-38.2237592421411,-13.9855002854956));
#2947=CARTESIAN_POINT('',(48.,-36.9778900961324,-14.8834719594649));
#2948=CARTESIAN_POINT('',(48.,-35.7320209501237,-15.7814436334341));
#2949=CARTESIAN_POINT('',(48.,-35.7320209501237,-17.3171985149915));
#2950=CARTESIAN_POINT('',(46.,-35.7320209501237,-17.3171985149915));
#2951=CARTESIAN_POINT('',(46.,-35.7320209501237,-15.7814436334341));
#2952=CARTESIAN_POINT('',(46.,-36.9778900961324,-14.8834719594649));
#2953=CARTESIAN_POINT('',(46.,-38.2237592421411,-13.9855002854956));
#2954=CARTESIAN_POINT('',(46.,-39.6807042481742,-14.47114862084));
#2955=CARTESIAN_POINT('',(48.,-65.7320209501237,-25.3171985149915));
#2956=CARTESIAN_POINT('',(48.,-65.7320209501237,-23.1549208548231));
#2957=CARTESIAN_POINT('',(48.,-63.6807042481742,-22.47114862084));
#2958=CARTESIAN_POINT('',(46.,-63.6807042481742,-22.47114862084));
#2959=CARTESIAN_POINT('',(46.,-65.7320209501237,-23.1549208548231));
#2960=CARTESIAN_POINT('',(46.,-65.7320209501237,-25.3171985149915));
#2961=CARTESIAN_POINT('',(26.,-36.2320209501237,-19.0549208548231));
#2962=CARTESIAN_POINT('',(26.,-31.2320209501237,-24.0549208548231));
#2963=CARTESIAN_POINT('',(26.,-31.2320209501237,-24.0549208548231));
#2964=CARTESIAN_POINT('',(23.,-31.2320209501237,-24.0549208548231));
#2965=CARTESIAN_POINT('',(-23.,-31.2320209501237,-24.0549208548231));
#2966=CARTESIAN_POINT('',(-26.,-31.2320209501237,-24.0549208548231));
#2967=CARTESIAN_POINT('',(-26.,-31.2320209501237,-24.0549208548231));
#2968=CARTESIAN_POINT('',(-26.,-36.2320209501237,-19.0549208548231));
#2969=CARTESIAN_POINT('',(-26.,-31.2320209501237,-24.0549208548231));
#2970=CARTESIAN_POINT('',(-26.,-29.2320209501237,-24.0549208548231));
#2971=CARTESIAN_POINT('',(26.,-31.2320209501237,-24.0549208548231));
#2972=CARTESIAN_POINT('',(26.,-30.2320209501237,-24.0549208548231));
#2973=CARTESIAN_POINT('',(23.,-36.2320209501237,-29.0549208548231));
#2974=CARTESIAN_POINT('',(23.,-30.0457544213304,-24.6361590485422));
#2975=CARTESIAN_POINT('',(23.,-30.0457544213304,-24.6361590485422));
#2976=CARTESIAN_POINT('',(26.,-30.0457544213304,-24.6361590485422));
#2977=CARTESIAN_POINT('',(26.,-30.0457544213304,-24.6361590485422));
#2978=CARTESIAN_POINT('',(26.,-36.2320209501237,-29.0549208548231));
#2979=CARTESIAN_POINT('',(26.,-30.2320209501237,-24.0549208548231));
#2980=CARTESIAN_POINT('',(23.,-30.2320209501237,-24.0549208548231));
#2981=CARTESIAN_POINT('',(23.,-30.2320209501237,-24.0549208548231));
#2982=CARTESIAN_POINT('',(23.,-31.2320209501237,-24.0549208548231));
#2983=CARTESIAN_POINT('',(23.,-30.0457544213304,-24.6361590485422));
#2984=CARTESIAN_POINT('',(23.,-30.2320209501237,-24.0549208548231));
#2985=CARTESIAN_POINT('',(26.,-30.2320209501237,-24.0549208548231));
#2986=CARTESIAN_POINT('',(26.,-30.0457544213304,-24.6361590485422));
#2987=CARTESIAN_POINT('',(-46.,-65.7320209501237,-25.3171985149915));
#2988=CARTESIAN_POINT('',(-48.,-65.7320209501237,-25.3171985149915));
#2989=CARTESIAN_POINT('',(-48.,-65.7320209501237,-25.3171985149915));
#2990=CARTESIAN_POINT('',(-48.,-65.7320209501237,-29.1549208548231));
#2991=CARTESIAN_POINT('',(-48.,-65.7320209501237,-29.1549208548231));
#2992=CARTESIAN_POINT('',(-46.,-65.7320209501237,-29.1549208548231));
#2993=CARTESIAN_POINT('',(-46.,-39.6807042481742,-14.47114862084));
#2994=CARTESIAN_POINT('',(-48.,-39.6807042481742,-14.47114862084));
#2995=CARTESIAN_POINT('',(-48.,-39.6807042481742,-14.47114862084));
#2996=CARTESIAN_POINT('',(-48.,-63.6807042481742,-22.47114862084));
#2997=CARTESIAN_POINT('',(-48.,-63.6807042481742,-22.47114862084));
#2998=CARTESIAN_POINT('',(-46.,-63.6807042481742,-22.47114862084));
#2999=CARTESIAN_POINT('',(-46.,-63.6807042481742,-22.47114862084));
#3000=CARTESIAN_POINT('',(-46.,-39.6807042481742,-14.47114862084));
#3001=CARTESIAN_POINT('',(-46.,-35.7320209501237,-29.1549208548231));
#3002=CARTESIAN_POINT('',(-48.,-35.7320209501237,-29.1549208548231));
#3003=CARTESIAN_POINT('',(-48.,-35.7320209501237,-29.1549208548231));
#3004=CARTESIAN_POINT('',(-48.,-35.7320209501237,-17.3171985149915));
#3005=CARTESIAN_POINT('',(-48.,-35.7320209501237,-17.3171985149915));
#3006=CARTESIAN_POINT('',(-46.,-35.7320209501237,-17.3171985149915));
#3007=CARTESIAN_POINT('',(-30.3226482438827,-59.7320209501237,-27.1549208548231));
#3008=CARTESIAN_POINT('',(-11.1255656167002,-59.7320209501237,-27.1549208548231));
#3009=CARTESIAN_POINT('',(-48.,-38.7320209501237,-32.1549208548231));
#3010=CARTESIAN_POINT('',(-48.,-35.7320209501237,-32.1549208548231));
#3011=CARTESIAN_POINT('',(-48.,-35.7320209501237,-29.1549208548231));
#3012=CARTESIAN_POINT('',(-46.,-35.7320209501237,-29.1549208548231));
#3013=CARTESIAN_POINT('',(-46.,-35.7320209501237,-32.1549208548231));
#3014=CARTESIAN_POINT('',(-46.,-38.7320209501237,-32.1549208548231));
#3015=CARTESIAN_POINT('',(-46.,-63.5605923786952,-32.0382296117472));
#3016=CARTESIAN_POINT('',(-46.,-65.7320209501237,-31.4142299553979));
#3017=CARTESIAN_POINT('',(-46.,-65.7320209501237,-29.1549208548231));
#3018=CARTESIAN_POINT('',(-46.,-39.6807042481742,-14.47114862084));
#3019=CARTESIAN_POINT('',(-46.,-38.2237592421411,-13.9855002854956));
#3020=CARTESIAN_POINT('',(-46.,-36.9778900961324,-14.8834719594649));
#3021=CARTESIAN_POINT('',(-46.,-35.7320209501237,-15.7814436334341));
#3022=CARTESIAN_POINT('',(-46.,-35.7320209501237,-17.3171985149915));
#3023=CARTESIAN_POINT('',(-48.,-63.6807042481742,-22.47114862084));
#3024=CARTESIAN_POINT('',(-48.,-65.7320209501237,-23.1549208548231));
#3025=CARTESIAN_POINT('',(-48.,-65.7320209501237,-25.3171985149915));
#3026=CARTESIAN_POINT('',(-46.,-65.7320209501237,-25.3171985149915));
#3027=CARTESIAN_POINT('',(-46.,-65.7320209501237,-23.1549208548231));
#3028=CARTESIAN_POINT('',(-46.,-63.6807042481742,-22.47114862084));
#3029=CARTESIAN_POINT('',(-23.,-29.2320209501237,-24.0549208548231));
#3030=CARTESIAN_POINT('',(-23.,-31.2320209501237,-24.0549208548231));
#3031=CARTESIAN_POINT('',(-26.,-29.2320209501237,-24.0549208548231));
#3032=CARTESIAN_POINT('',(-23.,-29.2320209501237,-24.0549208548231));
#3033=CARTESIAN_POINT('',(-26.,-29.2320209501237,-24.0549208548231));
#3034=CARTESIAN_POINT('',(-26.,-36.2320209501237,-29.0549208548231));
#3035=CARTESIAN_POINT('',(-23.,-29.2320209501237,-24.0549208548231));
#3036=CARTESIAN_POINT('',(-23.,-36.2320209501237,-29.0549208548231));
#3037=CARTESIAN_POINT('',(-8.95107983402501,-67.7320209501236,-29.1549208548231));
#3038=CARTESIAN_POINT('',(-9.61259124458577,-66.8500057360426,-29.1549208548231));
#3039=CARTESIAN_POINT('',(-9.84181783769399,-65.7715794042125,-29.1549208548231));
#3040=CARTESIAN_POINT('',(9.841817837694,-65.7715794042125,-29.1549208548231));
#3041=CARTESIAN_POINT('',(9.61259124458578,-66.8500057360426,-29.1549208548231));
#3042=CARTESIAN_POINT('',(8.95107983402502,-67.7320209501236,-29.1549208548231));
#3043=CARTESIAN_POINT('',(-50.,-63.0482487161406,-24.368515216941));
#3044=CARTESIAN_POINT('',(-50.,-39.0482487161405,-16.368515216941));
#3045=CARTESIAN_POINT('',(-48.,-63.6807042481742,-22.47114862084));
#3046=CARTESIAN_POINT('',(-50.,-63.0482487161406,-24.368515216941));
#3047=CARTESIAN_POINT('',(-50.,-63.7320209501237,-25.3171985149915));
#3048=CARTESIAN_POINT('',(-50.,-63.7320209501237,-24.5964392949354));
#3049=CARTESIAN_POINT('',(-50.,-63.0482487161406,-24.368515216941));
#3050=CARTESIAN_POINT('',(-50.,-63.7320209501237,-25.3171985149915));
#3051=CARTESIAN_POINT('',(-48.,-65.7320209501237,-25.3171985149915));
#3052=CARTESIAN_POINT('',(-50.,-39.0482487161405,-16.368515216941));
#3053=CARTESIAN_POINT('',(-48.,-39.6807042481742,-14.47114862084));
#3054=CARTESIAN_POINT('',(-48.,-39.6807042481742,-14.47114862084));
#3055=CARTESIAN_POINT('',(-48.,-38.2237592421411,-13.9855002854956));
#3056=CARTESIAN_POINT('',(-48.,-36.9778900961324,-14.8834719594648));
#3057=CARTESIAN_POINT('',(-48.,-35.7320209501237,-15.7814436334341));
#3058=CARTESIAN_POINT('',(-48.,-35.7320209501237,-17.3171985149915));
#3059=CARTESIAN_POINT('',(-48.,-35.7320209501237,-17.3171985149915));
#3060=CARTESIAN_POINT('',(-50.,-37.7320209501237,-17.3171985149915));
#3061=CARTESIAN_POINT('',(-50.,-39.0482487161405,-16.368515216941));
#3062=CARTESIAN_POINT('',(-50.,-38.5626003807962,-16.2066324384929));
#3063=CARTESIAN_POINT('',(-50.,-38.1473106654599,-16.505956329816));
#3064=CARTESIAN_POINT('',(-50.,-37.7320209501237,-16.8052802211391));
#3065=CARTESIAN_POINT('',(-50.,-37.7320209501237,-17.3171985149915));
#3066=CARTESIAN_POINT('',(-50.,-37.7320209501237,-29.1549208548231));
#3067=CARTESIAN_POINT('',(-48.,-35.7320209501237,-29.1549208548231));
#3068=CARTESIAN_POINT('',(-48.,-65.7320209501237,-29.1549208548231));
#3069=CARTESIAN_POINT('',(-50.,-63.7320209501237,-29.1549208548231));
#3070=CARTESIAN_POINT('',(-50.,-62.7320209501237,-30.1549208548231));
#3071=CARTESIAN_POINT('',(-50.,-63.7320209501237,-30.1549208548231));
#3072=CARTESIAN_POINT('',(-50.,-63.7320209501237,-29.1549208548231));
#3073=CARTESIAN_POINT('',(-50.,-62.7320209501237,-30.1549208548231));
#3074=CARTESIAN_POINT('',(-48.,-62.7320209501237,-32.1549208548231));
#3075=CARTESIAN_POINT('',(-48.,-62.7320209501237,-32.1549208548231));
#3076=CARTESIAN_POINT('',(-48.,-65.7320209501237,-32.1549208548231));
#3077=CARTESIAN_POINT('',(-48.,-65.7320209501237,-29.1549208548231));
#3078=CARTESIAN_POINT('',(-48.,-38.7320209501237,-32.1549208548231));
#3079=CARTESIAN_POINT('',(-50.,-38.7320209501237,-30.1549208548231));
#3080=CARTESIAN_POINT('',(-50.,-37.7320209501237,-29.1549208548231));
#3081=CARTESIAN_POINT('',(-50.,-37.7320209501237,-30.1549208548231));
#3082=CARTESIAN_POINT('',(-50.,-38.7320209501237,-30.1549208548231));
#3083=CARTESIAN_POINT('',(-30.3226482438827,-59.7320209501237,-27.1549208548231));
#3084=CARTESIAN_POINT('',(-30.7581185951061,-61.7320209501237,-29.1549208548231));
#3085=CARTESIAN_POINT('',(-46.,-52.5652315758987,-27.1549208548232));
#3086=CARTESIAN_POINT('',(-30.3226482438827,-59.7320209501237,-27.1549208548231));
#3087=CARTESIAN_POINT('',(-30.7581185951061,-61.7320209501237,-29.1549208548231));
#3088=CARTESIAN_POINT('',(-46.,-54.7643037364579,-29.1549208548231));
#3089=CARTESIAN_POINT('',(-8.95107983402499,-67.7320209501236,-29.1549208548231));
#3090=CARTESIAN_POINT('',(-7.4510798340251,-69.7320209501237,-31.1549208548231));
#3091=CARTESIAN_POINT('',(-4.95107983402495,-69.7320209501237,-31.1549208548231));
#3092=CARTESIAN_POINT('',(-32.5,-69.7320209501237,-31.1549208548231));
#3093=CARTESIAN_POINT('',(-32.0645296487766,-67.7320209501237,-29.1549208548231));
#3094=CARTESIAN_POINT('',(-46.,-61.3615202181359,-29.1549208548232));
#3095=CARTESIAN_POINT('',(-32.0645296487766,-67.7320209501237,-29.1549208548231));
#3096=CARTESIAN_POINT('',(50.,-63.0482487161406,-24.368515216941));
#3097=CARTESIAN_POINT('',(48.,-63.6807042481742,-22.47114862084));
#3098=CARTESIAN_POINT('',(50.,-63.0482487161406,-24.368515216941));
#3099=CARTESIAN_POINT('',(50.,-39.0482487161405,-16.368515216941));
#3100=CARTESIAN_POINT('',(50.,-63.7320209501237,-25.3171985149915));
#3101=CARTESIAN_POINT('',(50.,-63.7320209501237,-24.5964392949354));
#3102=CARTESIAN_POINT('',(50.,-63.0482487161406,-24.368515216941));
#3103=CARTESIAN_POINT('',(48.,-39.6807042481742,-14.47114862084));
#3104=CARTESIAN_POINT('',(50.,-39.0482487161405,-16.368515216941));
#3105=CARTESIAN_POINT('',(50.,-39.0482487161405,-16.368515216941));
#3106=CARTESIAN_POINT('',(50.,-38.5626003807962,-16.2066324384929));
#3107=CARTESIAN_POINT('',(50.,-38.1473106654599,-16.505956329816));
#3108=CARTESIAN_POINT('',(50.,-37.7320209501237,-16.8052802211391));
#3109=CARTESIAN_POINT('',(50.,-37.7320209501237,-17.3171985149915));
#3110=CARTESIAN_POINT('',(48.,-65.7320209501237,-25.3171985149915));
#3111=CARTESIAN_POINT('',(50.,-63.7320209501237,-25.3171985149915));
#3112=CARTESIAN_POINT('',(50.,-63.7320209501237,-29.1549208548231));
#3113=CARTESIAN_POINT('',(48.,-65.7320209501237,-29.1549208548231));
#3114=CARTESIAN_POINT('',(50.,-37.7320209501237,-17.3171985149915));
#3115=CARTESIAN_POINT('',(48.,-35.7320209501237,-17.3171985149915));
#3116=CARTESIAN_POINT('',(48.,-35.7320209501237,-29.1549208548231));
#3117=CARTESIAN_POINT('',(50.,-37.7320209501237,-29.1549208548231));
#3118=CARTESIAN_POINT('',(48.,-62.7320209501237,-32.1549208548231));
#3119=CARTESIAN_POINT('',(50.,-62.7320209501237,-30.1549208548231));
#3120=CARTESIAN_POINT('',(50.,-62.7320209501237,-30.1549208548231));
#3121=CARTESIAN_POINT('',(50.,-63.7320209501237,-30.1549208548231));
#3122=CARTESIAN_POINT('',(50.,-63.7320209501237,-29.1549208548231));
#3123=CARTESIAN_POINT('',(50.,-37.7320209501237,-29.1549208548231));
#3124=CARTESIAN_POINT('',(50.,-37.7320209501237,-30.1549208548231));
#3125=CARTESIAN_POINT('',(50.,-38.7320209501237,-30.1549208548231));
#3126=CARTESIAN_POINT('',(50.,-38.7320209501237,-30.1549208548231));
#3127=CARTESIAN_POINT('',(48.,-38.7320209501237,-32.1549208548231));
#3128=CARTESIAN_POINT('',(48.,-38.7320209501237,-32.1549208548231));
#3129=CARTESIAN_POINT('',(48.,-35.7320209501237,-32.1549208548231));
#3130=CARTESIAN_POINT('',(48.,-35.7320209501237,-29.1549208548231));
#3131=CARTESIAN_POINT('',(30.3226482438827,-59.7320209501237,-27.1549208548231));
#3132=CARTESIAN_POINT('',(30.7581185951061,-61.7320209501237,-29.1549208548231));
#3133=CARTESIAN_POINT('',(46.,-54.7643037364579,-29.1549208548231));
#3134=CARTESIAN_POINT('',(30.7581185951061,-61.7320209501237,-29.1549208548231));
#3135=CARTESIAN_POINT('',(30.3226482438827,-59.7320209501237,-27.1549208548231));
#3136=CARTESIAN_POINT('',(46.,-52.5652315758987,-27.1549208548231));
#3137=CARTESIAN_POINT('',(4.95107983402496,-69.7320209501237,-31.1549208548231));
#3138=CARTESIAN_POINT('',(7.45107983402511,-69.7320209501237,-31.1549208548232));
#3139=CARTESIAN_POINT('',(8.95107983402503,-67.7320209501236,-29.1549208548231));
#3140=CARTESIAN_POINT('',(32.0645296487766,-67.7320209501237,-29.1549208548231));
#3141=CARTESIAN_POINT('',(32.5,-69.7320209501237,-31.1549208548231));
#3142=CARTESIAN_POINT('',(32.0645296487766,-67.7320209501237,-29.1549208548231));
#3143=CARTESIAN_POINT('',(46.,-61.3615202181359,-29.1549208548232));
#3144=CARTESIAN_POINT('',(-9.84181783769399,-65.7715794042125,-28.4124913859451));
#3145=CARTESIAN_POINT('',(-15.3766968501007,-39.7320209501237,-19.7326385679155));
#3146=CARTESIAN_POINT('',(-13.846504022018,-39.7320209501237,-18.1549208548231));
#3147=CARTESIAN_POINT('',(-8.274739677737,-65.9451112471465,-26.8926176204974));
#3148=CARTESIAN_POINT('',(-8.274739677737,-65.9451112471465,-26.8926176204974));
#3149=CARTESIAN_POINT('',(-9.84181783769399,-65.7715794042125,-28.4124913859451));
#3150=CARTESIAN_POINT('',(-4.95107983402495,-69.7320209501237,-29.3096402770149));
#3151=CARTESIAN_POINT('',(-6.08644243586068,-69.7350667442597,-29.310330233122));
#3152=CARTESIAN_POINT('',(-7.21533612222996,-69.3322601903398,-29.2190834746544));
#3153=CARTESIAN_POINT('',(-8.98002745631837,-67.9032413244774,-28.8953714147832));
#3154=CARTESIAN_POINT('',(-9.60874191568156,-66.8827648653696,-28.6642054417375));
#3155=CARTESIAN_POINT('',(-9.84181783769399,-65.7715794042125,-28.4124913859451));
#3156=CARTESIAN_POINT('',(-4.95107983402495,-69.7320209501237,-29.3096402770149));
#3157=CARTESIAN_POINT('',(-4.95107983402495,-68.6365579203559,-27.7897665115672));
#3158=CARTESIAN_POINT('',(-8.274739677737,-65.9451112471465,-26.8926176204974));
#3159=CARTESIAN_POINT('',(-8.11634536547826,-66.7002534145237,-27.1443316762898));
#3160=CARTESIAN_POINT('',(-7.68908205690909,-67.3937513169454,-27.3754976437637));
#3161=CARTESIAN_POINT('',(-6.4898287088123,-68.3648875299898,-27.6992097147785));
#3162=CARTESIAN_POINT('',(-5.72265236253555,-68.6386277886772,-27.7904564676743));
#3163=CARTESIAN_POINT('',(-4.95107983402495,-68.6365579203559,-27.7897665115672));
#3164=CARTESIAN_POINT('',(4.95107983402497,-68.6365579203559,-27.7897665115672));
#3165=CARTESIAN_POINT('',(4.95107983402496,-69.7320209501237,-29.3096402770149));
#3166=CARTESIAN_POINT('',(9.841817837694,-65.7715794042125,-28.4124913859451));
#3167=CARTESIAN_POINT('',(9.60874191568157,-66.8827648653697,-28.6642054417375));
#3168=CARTESIAN_POINT('',(8.98002745631836,-67.9032413244774,-28.8953714147832));
#3169=CARTESIAN_POINT('',(7.21533612222995,-69.3322601903398,-29.2190834746544));
#3170=CARTESIAN_POINT('',(6.08644243586067,-69.7350667442597,-29.310330233122));
#3171=CARTESIAN_POINT('',(4.95107983402496,-69.7320209501237,-29.3096402770149));
#3172=CARTESIAN_POINT('',(9.841817837694,-65.7715794042125,-28.4124913859451));
#3173=CARTESIAN_POINT('',(8.27473967773704,-65.9451112471465,-26.8926176204974));
#3174=CARTESIAN_POINT('',(4.95107983402497,-68.6365579203559,-27.7897665115672));
#3175=CARTESIAN_POINT('',(5.72265236253556,-68.6386277886772,-27.7904564676743));
#3176=CARTESIAN_POINT('',(6.48982870881232,-68.3648875299898,-27.6992097147785));
#3177=CARTESIAN_POINT('',(7.68908205690911,-67.3937513169454,-27.3754976437637));
#3178=CARTESIAN_POINT('',(8.11634536547827,-66.7002534145237,-27.1443316762898));
#3179=CARTESIAN_POINT('',(8.27473967773704,-65.9451112471465,-26.8926176204974));
#3180=CARTESIAN_POINT('',(8.27473967773704,-65.9451112471465,-26.8926176204974));
#3181=CARTESIAN_POINT('',(13.846504022018,-39.7320209501237,-18.1549208548231));
#3182=CARTESIAN_POINT('',(15.3766968501007,-39.7320209501237,-19.7326385679155));
#3183=CARTESIAN_POINT('',(9.841817837694,-65.7715794042125,-28.4124913859451));
#3184=CARTESIAN_POINT('',(-31.4431457505076,-37.6462345124968,-16.0691344171963));
#3185=CARTESIAN_POINT('',(-36.3,-32.7893802630044,-11.2122801677039));
#3186=CARTESIAN_POINT('',(-36.3,-31.0320209501237,-11.2122801677039));
#3187=CARTESIAN_POINT('',(-30.9284271247462,-36.4035938253775,-16.5838530429577));
#3188=CARTESIAN_POINT('',(-31.4431457505076,-37.6462345124968,-16.0691344171963));
#3189=CARTESIAN_POINT('',(-30.9284271247462,-36.4035938253775,-16.5838530429577));
#3190=CARTESIAN_POINT('',(30.9284271247462,-36.4035938253775,-16.5838530429577));
#3191=CARTESIAN_POINT('',(31.4431457505076,-37.6462345124968,-16.0691344171963));
#3192=CARTESIAN_POINT('',(36.3,-32.7893802630044,-11.2122801677039));
#3193=CARTESIAN_POINT('',(31.4431457505076,-37.6462345124968,-16.0691344171963));
#3194=CARTESIAN_POINT('',(36.3,-31.0320209501237,-11.2122801677039));
#3195=CARTESIAN_POINT('',(30.9284271247462,-36.4035938253775,-16.5838530429577));
#3196=CARTESIAN_POINT('',(34.9535898384863,-26.6320209501237,-10.1549208548231));
#3197=CARTESIAN_POINT('',(36.3,-26.6320209501237,-10.1549208548231));
#3198=CARTESIAN_POINT('',(34.9535898384863,-26.6320209501237,-10.1549208548232));
#3199=CARTESIAN_POINT('',(34.9535898384863,-26.6320209501237,-7.66007578778543));
#3200=CARTESIAN_POINT('',(33.6048935520436,-24.2960104580256,-6.7841152354031));
#3201=CARTESIAN_POINT('',(-35.7666666666667,-19.4320209501237,-10.1549208548231));
#3202=CARTESIAN_POINT('',(-36.3,-19.4320209501237,-10.1549208548231));
#3203=CARTESIAN_POINT('',(-35.7666666666667,-19.4320209501237,-10.1549208548232));
#3204=CARTESIAN_POINT('',(-35.7666666666667,-19.4320209501237,-13.7549208548231));
#3205=CARTESIAN_POINT('',(-34.1666666666667,-23.0320209501237,-13.7549208548231));
#3206=CARTESIAN_POINT('',(-33.8765447893604,-23.6847951740628,-13.7549208548231));
#3207=CARTESIAN_POINT('',(-33.6048935520436,-24.2960104580256,-13.5257264742432));
#3208=CARTESIAN_POINT('',(0.,0.,0.));
ENDSEC;
END-ISO-10303-21;
