ISO-10303-21;
HEADER;
/* Generated by software containing ST-Developer
 * from STEP Tools, Inc. (www.steptools.com) 
 */
/* OPTION: using custom schema-name function */

FILE_DESCRIPTION(
/* description */ (''),
/* implementation_level */ '2;1');

FILE_NAME(
/* name */ 'WHEELF~1',
/* time_stamp */ '2025-10-10T13:40:17+02:00',
/* author */ (''),
/* organization */ (''),
/* preprocessor_version */ 'ST-DEVELOPER v15',
/* originating_system */ '',
/* authorisation */ '');

FILE_SCHEMA (('AUTOMOTIVE_DESIGN'));
ENDSEC;

DATA;
#10=SHAPE_REPRESENTATION_RELATIONSHIP('','',#3725,#32);
#11=COLOUR_RGB('',0.964705882352941,0.964705882352941,0.952941176470588);
#12=COLOUR_RGB('',0.964705882352941,0.964705882352941,0.952941176470588);
#13=FILL_AREA_STYLE_COLOUR('',#11);
#14=FILL_AREA_STYLE_COLOUR('',#12);
#15=FILL_AREA_STYLE('',(#13));
#16=FILL_AREA_STYLE('',(#14));
#17=SURFACE_STYLE_FILL_AREA(#15);
#18=SURFACE_STYLE_FILL_AREA(#16);
#19=SURFACE_SIDE_STYLE('wheelstarter',(#17));
#20=SURFACE_SIDE_STYLE('wheelstarter',(#18));
#21=SURFACE_STYLE_USAGE(.BOTH.,#19);
#22=SURFACE_STYLE_USAGE(.BOTH.,#20);
#23=MECHANICAL_DESIGN_GEOMETRIC_PRESENTATION_REPRESENTATION('',(#26,#27),
#3724);
#24=PRESENTATION_STYLE_ASSIGNMENT((#21));
#25=PRESENTATION_STYLE_ASSIGNMENT((#22));
#26=STYLED_ITEM('',(#24),#30);
#27=STYLED_ITEM('',(#25),#31);
#28=PRESENTATION_LAYER_ASSIGNMENT('bottom','',(#30));
#29=PRESENTATION_LAYER_ASSIGNMENT('bottom','',(#31));
#30=MANIFOLD_SOLID_BREP('wheelstarter',#33);
#31=MANIFOLD_SOLID_BREP('wheelstarter',#34);
#32=ADVANCED_BREP_SHAPE_REPRESENTATION('brep_rep_0',(#30,#31,#3827),#3724);
#33=CLOSED_SHELL('',(#43,#44,#45,#46,#47,#48,#49,#50,#51,#52,#53,#54,#55,
#56,#57,#58,#59,#60,#61,#62,#63,#64,#65,#66,#67,#68,#69,#70,#71,#72,#73,
#74,#75,#76,#77,#78,#79,#80,#81,#82,#83,#84,#85,#86,#87,#88,#89,#90,#91,
#92,#93,#94,#95,#96,#97,#98,#99,#100,#101,#102,#103,#104,#105,#106,#107,
#108,#109,#110,#111,#112,#113,#114,#115,#116,#117,#118,#119,#120,#121,#122,
#123,#124,#125,#126,#127,#128,#129,#130,#131,#132,#133,#134,#135,#136,#137,
#138,#139,#140,#141,#142,#143,#144,#145,#146,#147,#148,#149,#150));
#34=CLOSED_SHELL('',(#151,#152,#153,#154,#155,#156,#157,#158,#159,#160,
#161,#162,#163,#164,#165,#166,#167,#168,#169,#170,#171,#172,#173,#174,#175,
#176,#177,#178,#179,#180,#181,#182,#183,#184,#185,#186,#187,#188,#189,#190,
#191,#192,#193,#194,#195,#196,#197,#198,#199,#200,#201,#202,#203,#204,#205,
#206,#207,#208,#209,#210,#211,#212,#213,#214,#215,#216,#217,#218,#219,#220,
#221,#222,#223,#224,#225,#226,#227,#228,#229,#230,#231,#232,#233,#234,#235,
#236,#237,#238,#239,#240,#241,#242,#243,#244,#245,#246,#247,#248,#249,#250,
#251,#252,#253,#254,#255,#256,#257,#258));
#35=FACE_BOUND('',#530,.T.);
#36=FACE_BOUND('',#532,.T.);
#37=FACE_BOUND('',#534,.T.);
#38=FACE_BOUND('',#559,.T.);
#39=FACE_BOUND('',#642,.T.);
#40=FACE_BOUND('',#644,.T.);
#41=FACE_BOUND('',#646,.T.);
#42=FACE_BOUND('',#671,.T.);
#43=ADVANCED_FACE('',(#259),#3591,.T.);
#44=ADVANCED_FACE('',(#260),#3592,.T.);
#45=ADVANCED_FACE('',(#261),#3593,.T.);
#46=ADVANCED_FACE('',(#262),#3491,.T.);
#47=ADVANCED_FACE('',(#263),#3492,.T.);
#48=ADVANCED_FACE('',(#264),#3493,.T.);
#49=ADVANCED_FACE('',(#265),#3594,.T.);
#50=ADVANCED_FACE('',(#266),#3595,.T.);
#51=ADVANCED_FACE('',(#267),#3596,.T.);
#52=ADVANCED_FACE('',(#268),#3494,.T.);
#53=ADVANCED_FACE('',(#269),#3495,.T.);
#54=ADVANCED_FACE('',(#270),#3496,.T.);
#55=ADVANCED_FACE('',(#271),#3597,.T.);
#56=ADVANCED_FACE('',(#272),#3598,.T.);
#57=ADVANCED_FACE('',(#273),#3599,.T.);
#58=ADVANCED_FACE('',(#274),#3497,.T.);
#59=ADVANCED_FACE('',(#275),#3498,.T.);
#60=ADVANCED_FACE('',(#276),#3499,.T.);
#61=ADVANCED_FACE('',(#277),#3600,.T.);
#62=ADVANCED_FACE('',(#278),#3601,.T.);
#63=ADVANCED_FACE('',(#279),#3602,.T.);
#64=ADVANCED_FACE('',(#280),#3500,.T.);
#65=ADVANCED_FACE('',(#281),#3501,.T.);
#66=ADVANCED_FACE('',(#282),#3502,.T.);
#67=ADVANCED_FACE('',(#283),#3603,.T.);
#68=ADVANCED_FACE('',(#284),#3604,.T.);
#69=ADVANCED_FACE('',(#285),#3605,.T.);
#70=ADVANCED_FACE('',(#286),#3503,.T.);
#71=ADVANCED_FACE('',(#287),#3504,.T.);
#72=ADVANCED_FACE('',(#288),#3505,.T.);
#73=ADVANCED_FACE('',(#289),#3606,.T.);
#74=ADVANCED_FACE('',(#290),#3607,.T.);
#75=ADVANCED_FACE('',(#291),#3608,.T.);
#76=ADVANCED_FACE('',(#292),#3506,.T.);
#77=ADVANCED_FACE('',(#293),#3507,.T.);
#78=ADVANCED_FACE('',(#294),#3508,.T.);
#79=ADVANCED_FACE('',(#295),#3609,.T.);
#80=ADVANCED_FACE('',(#296),#3610,.T.);
#81=ADVANCED_FACE('',(#297),#3611,.T.);
#82=ADVANCED_FACE('',(#298),#3509,.T.);
#83=ADVANCED_FACE('',(#299),#3510,.T.);
#84=ADVANCED_FACE('',(#300),#3511,.T.);
#85=ADVANCED_FACE('',(#301),#3612,.T.);
#86=ADVANCED_FACE('',(#302),#3613,.T.);
#87=ADVANCED_FACE('',(#303),#3614,.T.);
#88=ADVANCED_FACE('',(#304),#3512,.T.);
#89=ADVANCED_FACE('',(#305),#3513,.T.);
#90=ADVANCED_FACE('',(#306),#3514,.T.);
#91=ADVANCED_FACE('',(#307),#3615,.T.);
#92=ADVANCED_FACE('',(#308),#3616,.T.);
#93=ADVANCED_FACE('',(#309),#3617,.T.);
#94=ADVANCED_FACE('',(#310),#3515,.T.);
#95=ADVANCED_FACE('',(#311),#3516,.T.);
#96=ADVANCED_FACE('',(#312),#3517,.T.);
#97=ADVANCED_FACE('',(#313,#35),#3518,.T.);
#98=ADVANCED_FACE('',(#314,#36),#3519,.T.);
#99=ADVANCED_FACE('',(#315,#37),#3520,.T.);
#100=ADVANCED_FACE('',(#316),#3521,.T.);
#101=ADVANCED_FACE('',(#317),#3522,.T.);
#102=ADVANCED_FACE('',(#318),#3523,.T.);
#103=ADVANCED_FACE('',(#319),#3524,.T.);
#104=ADVANCED_FACE('',(#320),#3525,.T.);
#105=ADVANCED_FACE('',(#321),#3526,.T.);
#106=ADVANCED_FACE('',(#322),#3618,.T.);
#107=ADVANCED_FACE('',(#323),#3527,.T.);
#108=ADVANCED_FACE('',(#324),#3528,.T.);
#109=ADVANCED_FACE('',(#325),#3619,.T.);
#110=ADVANCED_FACE('',(#326),#3529,.T.);
#111=ADVANCED_FACE('',(#327),#3530,.T.);
#112=ADVANCED_FACE('',(#328),#3620,.T.);
#113=ADVANCED_FACE('',(#329),#3531,.T.);
#114=ADVANCED_FACE('',(#330),#3532,.T.);
#115=ADVANCED_FACE('',(#331),#3621,.T.);
#116=ADVANCED_FACE('',(#332),#3533,.T.);
#117=ADVANCED_FACE('',(#333),#3534,.T.);
#118=ADVANCED_FACE('',(#334),#3622,.T.);
#119=ADVANCED_FACE('',(#335),#3623,.T.);
#120=ADVANCED_FACE('',(#336),#3624,.T.);
#121=ADVANCED_FACE('',(#337),#3625,.T.);
#122=ADVANCED_FACE('',(#338),#3626,.T.);
#123=ADVANCED_FACE('',(#339,#38),#3535,.T.);
#124=ADVANCED_FACE('',(#340),#3536,.T.);
#125=ADVANCED_FACE('',(#341),#3537,.T.);
#126=ADVANCED_FACE('',(#342),#3627,.T.);
#127=ADVANCED_FACE('',(#343),#3628,.T.);
#128=ADVANCED_FACE('',(#344),#3629,.T.);
#129=ADVANCED_FACE('',(#345),#3630,.T.);
#130=ADVANCED_FACE('',(#346),#3631,.T.);
#131=ADVANCED_FACE('',(#347),#3632,.T.);
#132=ADVANCED_FACE('',(#348),#3633,.T.);
#133=ADVANCED_FACE('',(#349),#3538,.T.);
#134=ADVANCED_FACE('',(#350),#3539,.T.);
#135=ADVANCED_FACE('',(#351),#3540,.T.);
#136=ADVANCED_FACE('',(#352),#3634,.T.);
#137=ADVANCED_FACE('',(#353),#3635,.T.);
#138=ADVANCED_FACE('',(#354),#3636,.T.);
#139=ADVANCED_FACE('',(#355),#3637,.T.);
#140=ADVANCED_FACE('',(#356),#3638,.T.);
#141=ADVANCED_FACE('',(#357),#3639,.T.);
#142=ADVANCED_FACE('',(#358),#3640,.T.);
#143=ADVANCED_FACE('',(#359),#3641,.T.);
#144=ADVANCED_FACE('',(#360),#3642,.T.);
#145=ADVANCED_FACE('',(#361),#3643,.T.);
#146=ADVANCED_FACE('',(#362),#3644,.T.);
#147=ADVANCED_FACE('',(#363),#3645,.T.);
#148=ADVANCED_FACE('',(#364),#3646,.T.);
#149=ADVANCED_FACE('',(#365),#3647,.T.);
#150=ADVANCED_FACE('',(#366),#3648,.T.);
#151=ADVANCED_FACE('',(#367),#3649,.T.);
#152=ADVANCED_FACE('',(#368),#3650,.T.);
#153=ADVANCED_FACE('',(#369),#3651,.T.);
#154=ADVANCED_FACE('',(#370),#3541,.T.);
#155=ADVANCED_FACE('',(#371),#3542,.T.);
#156=ADVANCED_FACE('',(#372),#3543,.T.);
#157=ADVANCED_FACE('',(#373),#3652,.T.);
#158=ADVANCED_FACE('',(#374),#3653,.T.);
#159=ADVANCED_FACE('',(#375),#3654,.T.);
#160=ADVANCED_FACE('',(#376),#3544,.T.);
#161=ADVANCED_FACE('',(#377),#3545,.T.);
#162=ADVANCED_FACE('',(#378),#3546,.T.);
#163=ADVANCED_FACE('',(#379),#3655,.T.);
#164=ADVANCED_FACE('',(#380),#3656,.T.);
#165=ADVANCED_FACE('',(#381),#3657,.T.);
#166=ADVANCED_FACE('',(#382),#3547,.T.);
#167=ADVANCED_FACE('',(#383),#3548,.T.);
#168=ADVANCED_FACE('',(#384),#3549,.T.);
#169=ADVANCED_FACE('',(#385),#3658,.T.);
#170=ADVANCED_FACE('',(#386),#3659,.T.);
#171=ADVANCED_FACE('',(#387),#3660,.T.);
#172=ADVANCED_FACE('',(#388),#3550,.T.);
#173=ADVANCED_FACE('',(#389),#3551,.T.);
#174=ADVANCED_FACE('',(#390),#3552,.T.);
#175=ADVANCED_FACE('',(#391),#3661,.T.);
#176=ADVANCED_FACE('',(#392),#3662,.T.);
#177=ADVANCED_FACE('',(#393),#3663,.T.);
#178=ADVANCED_FACE('',(#394),#3553,.T.);
#179=ADVANCED_FACE('',(#395),#3554,.T.);
#180=ADVANCED_FACE('',(#396),#3555,.T.);
#181=ADVANCED_FACE('',(#397),#3664,.T.);
#182=ADVANCED_FACE('',(#398),#3665,.T.);
#183=ADVANCED_FACE('',(#399),#3666,.T.);
#184=ADVANCED_FACE('',(#400),#3556,.T.);
#185=ADVANCED_FACE('',(#401),#3557,.T.);
#186=ADVANCED_FACE('',(#402),#3558,.T.);
#187=ADVANCED_FACE('',(#403),#3667,.T.);
#188=ADVANCED_FACE('',(#404),#3668,.T.);
#189=ADVANCED_FACE('',(#405),#3669,.T.);
#190=ADVANCED_FACE('',(#406),#3559,.T.);
#191=ADVANCED_FACE('',(#407),#3560,.T.);
#192=ADVANCED_FACE('',(#408),#3561,.T.);
#193=ADVANCED_FACE('',(#409),#3670,.T.);
#194=ADVANCED_FACE('',(#410),#3671,.T.);
#195=ADVANCED_FACE('',(#411),#3672,.T.);
#196=ADVANCED_FACE('',(#412),#3562,.T.);
#197=ADVANCED_FACE('',(#413),#3563,.T.);
#198=ADVANCED_FACE('',(#414),#3564,.T.);
#199=ADVANCED_FACE('',(#415),#3673,.T.);
#200=ADVANCED_FACE('',(#416),#3674,.T.);
#201=ADVANCED_FACE('',(#417),#3675,.T.);
#202=ADVANCED_FACE('',(#418),#3565,.T.);
#203=ADVANCED_FACE('',(#419),#3566,.T.);
#204=ADVANCED_FACE('',(#420),#3567,.T.);
#205=ADVANCED_FACE('',(#421,#39),#3568,.T.);
#206=ADVANCED_FACE('',(#422,#40),#3569,.T.);
#207=ADVANCED_FACE('',(#423,#41),#3570,.T.);
#208=ADVANCED_FACE('',(#424),#3571,.T.);
#209=ADVANCED_FACE('',(#425),#3572,.T.);
#210=ADVANCED_FACE('',(#426),#3573,.T.);
#211=ADVANCED_FACE('',(#427),#3574,.T.);
#212=ADVANCED_FACE('',(#428),#3575,.T.);
#213=ADVANCED_FACE('',(#429),#3576,.T.);
#214=ADVANCED_FACE('',(#430),#3676,.T.);
#215=ADVANCED_FACE('',(#431),#3577,.T.);
#216=ADVANCED_FACE('',(#432),#3578,.T.);
#217=ADVANCED_FACE('',(#433),#3677,.T.);
#218=ADVANCED_FACE('',(#434),#3579,.T.);
#219=ADVANCED_FACE('',(#435),#3580,.T.);
#220=ADVANCED_FACE('',(#436),#3678,.T.);
#221=ADVANCED_FACE('',(#437),#3581,.T.);
#222=ADVANCED_FACE('',(#438),#3582,.T.);
#223=ADVANCED_FACE('',(#439),#3679,.T.);
#224=ADVANCED_FACE('',(#440),#3583,.T.);
#225=ADVANCED_FACE('',(#441),#3584,.T.);
#226=ADVANCED_FACE('',(#442),#3680,.T.);
#227=ADVANCED_FACE('',(#443),#3681,.T.);
#228=ADVANCED_FACE('',(#444),#3682,.T.);
#229=ADVANCED_FACE('',(#445),#3683,.T.);
#230=ADVANCED_FACE('',(#446),#3684,.T.);
#231=ADVANCED_FACE('',(#447,#42),#3585,.T.);
#232=ADVANCED_FACE('',(#448),#3586,.T.);
#233=ADVANCED_FACE('',(#449),#3587,.T.);
#234=ADVANCED_FACE('',(#450),#3685,.T.);
#235=ADVANCED_FACE('',(#451),#3686,.T.);
#236=ADVANCED_FACE('',(#452),#3687,.T.);
#237=ADVANCED_FACE('',(#453),#3688,.T.);
#238=ADVANCED_FACE('',(#454),#3689,.T.);
#239=ADVANCED_FACE('',(#455),#3690,.T.);
#240=ADVANCED_FACE('',(#456),#3691,.T.);
#241=ADVANCED_FACE('',(#457),#3588,.T.);
#242=ADVANCED_FACE('',(#458),#3589,.T.);
#243=ADVANCED_FACE('',(#459),#3590,.T.);
#244=ADVANCED_FACE('',(#460),#3692,.T.);
#245=ADVANCED_FACE('',(#461),#3693,.T.);
#246=ADVANCED_FACE('',(#462),#3694,.T.);
#247=ADVANCED_FACE('',(#463),#3695,.T.);
#248=ADVANCED_FACE('',(#464),#3696,.T.);
#249=ADVANCED_FACE('',(#465),#3697,.T.);
#250=ADVANCED_FACE('',(#466),#3698,.T.);
#251=ADVANCED_FACE('',(#467),#3699,.T.);
#252=ADVANCED_FACE('',(#468),#3700,.T.);
#253=ADVANCED_FACE('',(#469),#3701,.T.);
#254=ADVANCED_FACE('',(#470),#3702,.T.);
#255=ADVANCED_FACE('',(#471),#3703,.T.);
#256=ADVANCED_FACE('',(#472),#3704,.T.);
#257=ADVANCED_FACE('',(#473),#3705,.T.);
#258=ADVANCED_FACE('',(#474),#3706,.T.);
#259=FACE_OUTER_BOUND('',#475,.T.);
#260=FACE_OUTER_BOUND('',#476,.T.);
#261=FACE_OUTER_BOUND('',#477,.T.);
#262=FACE_OUTER_BOUND('',#478,.T.);
#263=FACE_OUTER_BOUND('',#479,.T.);
#264=FACE_OUTER_BOUND('',#480,.T.);
#265=FACE_OUTER_BOUND('',#481,.T.);
#266=FACE_OUTER_BOUND('',#482,.T.);
#267=FACE_OUTER_BOUND('',#483,.T.);
#268=FACE_OUTER_BOUND('',#484,.T.);
#269=FACE_OUTER_BOUND('',#485,.T.);
#270=FACE_OUTER_BOUND('',#486,.T.);
#271=FACE_OUTER_BOUND('',#487,.T.);
#272=FACE_OUTER_BOUND('',#488,.T.);
#273=FACE_OUTER_BOUND('',#489,.T.);
#274=FACE_OUTER_BOUND('',#490,.T.);
#275=FACE_OUTER_BOUND('',#491,.T.);
#276=FACE_OUTER_BOUND('',#492,.T.);
#277=FACE_OUTER_BOUND('',#493,.T.);
#278=FACE_OUTER_BOUND('',#494,.T.);
#279=FACE_OUTER_BOUND('',#495,.T.);
#280=FACE_OUTER_BOUND('',#496,.T.);
#281=FACE_OUTER_BOUND('',#497,.T.);
#282=FACE_OUTER_BOUND('',#498,.T.);
#283=FACE_OUTER_BOUND('',#499,.T.);
#284=FACE_OUTER_BOUND('',#500,.T.);
#285=FACE_OUTER_BOUND('',#501,.T.);
#286=FACE_OUTER_BOUND('',#502,.T.);
#287=FACE_OUTER_BOUND('',#503,.T.);
#288=FACE_OUTER_BOUND('',#504,.T.);
#289=FACE_OUTER_BOUND('',#505,.T.);
#290=FACE_OUTER_BOUND('',#506,.T.);
#291=FACE_OUTER_BOUND('',#507,.T.);
#292=FACE_OUTER_BOUND('',#508,.T.);
#293=FACE_OUTER_BOUND('',#509,.T.);
#294=FACE_OUTER_BOUND('',#510,.T.);
#295=FACE_OUTER_BOUND('',#511,.T.);
#296=FACE_OUTER_BOUND('',#512,.T.);
#297=FACE_OUTER_BOUND('',#513,.T.);
#298=FACE_OUTER_BOUND('',#514,.T.);
#299=FACE_OUTER_BOUND('',#515,.T.);
#300=FACE_OUTER_BOUND('',#516,.T.);
#301=FACE_OUTER_BOUND('',#517,.T.);
#302=FACE_OUTER_BOUND('',#518,.T.);
#303=FACE_OUTER_BOUND('',#519,.T.);
#304=FACE_OUTER_BOUND('',#520,.T.);
#305=FACE_OUTER_BOUND('',#521,.T.);
#306=FACE_OUTER_BOUND('',#522,.T.);
#307=FACE_OUTER_BOUND('',#523,.T.);
#308=FACE_OUTER_BOUND('',#524,.T.);
#309=FACE_OUTER_BOUND('',#525,.T.);
#310=FACE_OUTER_BOUND('',#526,.T.);
#311=FACE_OUTER_BOUND('',#527,.T.);
#312=FACE_OUTER_BOUND('',#528,.T.);
#313=FACE_OUTER_BOUND('',#529,.T.);
#314=FACE_OUTER_BOUND('',#531,.T.);
#315=FACE_OUTER_BOUND('',#533,.T.);
#316=FACE_OUTER_BOUND('',#535,.T.);
#317=FACE_OUTER_BOUND('',#536,.T.);
#318=FACE_OUTER_BOUND('',#537,.T.);
#319=FACE_OUTER_BOUND('',#538,.T.);
#320=FACE_OUTER_BOUND('',#539,.T.);
#321=FACE_OUTER_BOUND('',#540,.T.);
#322=FACE_OUTER_BOUND('',#541,.T.);
#323=FACE_OUTER_BOUND('',#542,.T.);
#324=FACE_OUTER_BOUND('',#543,.T.);
#325=FACE_OUTER_BOUND('',#544,.T.);
#326=FACE_OUTER_BOUND('',#545,.T.);
#327=FACE_OUTER_BOUND('',#546,.T.);
#328=FACE_OUTER_BOUND('',#547,.T.);
#329=FACE_OUTER_BOUND('',#548,.T.);
#330=FACE_OUTER_BOUND('',#549,.T.);
#331=FACE_OUTER_BOUND('',#550,.T.);
#332=FACE_OUTER_BOUND('',#551,.T.);
#333=FACE_OUTER_BOUND('',#552,.T.);
#334=FACE_OUTER_BOUND('',#553,.T.);
#335=FACE_OUTER_BOUND('',#554,.T.);
#336=FACE_OUTER_BOUND('',#555,.T.);
#337=FACE_OUTER_BOUND('',#556,.T.);
#338=FACE_OUTER_BOUND('',#557,.T.);
#339=FACE_OUTER_BOUND('',#558,.T.);
#340=FACE_OUTER_BOUND('',#560,.T.);
#341=FACE_OUTER_BOUND('',#561,.T.);
#342=FACE_OUTER_BOUND('',#562,.T.);
#343=FACE_OUTER_BOUND('',#563,.T.);
#344=FACE_OUTER_BOUND('',#564,.T.);
#345=FACE_OUTER_BOUND('',#565,.T.);
#346=FACE_OUTER_BOUND('',#566,.T.);
#347=FACE_OUTER_BOUND('',#567,.T.);
#348=FACE_OUTER_BOUND('',#568,.T.);
#349=FACE_OUTER_BOUND('',#569,.T.);
#350=FACE_OUTER_BOUND('',#570,.T.);
#351=FACE_OUTER_BOUND('',#571,.T.);
#352=FACE_OUTER_BOUND('',#572,.T.);
#353=FACE_OUTER_BOUND('',#573,.T.);
#354=FACE_OUTER_BOUND('',#574,.T.);
#355=FACE_OUTER_BOUND('',#575,.T.);
#356=FACE_OUTER_BOUND('',#576,.T.);
#357=FACE_OUTER_BOUND('',#577,.T.);
#358=FACE_OUTER_BOUND('',#578,.T.);
#359=FACE_OUTER_BOUND('',#579,.T.);
#360=FACE_OUTER_BOUND('',#580,.T.);
#361=FACE_OUTER_BOUND('',#581,.T.);
#362=FACE_OUTER_BOUND('',#582,.T.);
#363=FACE_OUTER_BOUND('',#583,.T.);
#364=FACE_OUTER_BOUND('',#584,.T.);
#365=FACE_OUTER_BOUND('',#585,.T.);
#366=FACE_OUTER_BOUND('',#586,.T.);
#367=FACE_OUTER_BOUND('',#587,.T.);
#368=FACE_OUTER_BOUND('',#588,.T.);
#369=FACE_OUTER_BOUND('',#589,.T.);
#370=FACE_OUTER_BOUND('',#590,.T.);
#371=FACE_OUTER_BOUND('',#591,.T.);
#372=FACE_OUTER_BOUND('',#592,.T.);
#373=FACE_OUTER_BOUND('',#593,.T.);
#374=FACE_OUTER_BOUND('',#594,.T.);
#375=FACE_OUTER_BOUND('',#595,.T.);
#376=FACE_OUTER_BOUND('',#596,.T.);
#377=FACE_OUTER_BOUND('',#597,.T.);
#378=FACE_OUTER_BOUND('',#598,.T.);
#379=FACE_OUTER_BOUND('',#599,.T.);
#380=FACE_OUTER_BOUND('',#600,.T.);
#381=FACE_OUTER_BOUND('',#601,.T.);
#382=FACE_OUTER_BOUND('',#602,.T.);
#383=FACE_OUTER_BOUND('',#603,.T.);
#384=FACE_OUTER_BOUND('',#604,.T.);
#385=FACE_OUTER_BOUND('',#605,.T.);
#386=FACE_OUTER_BOUND('',#606,.T.);
#387=FACE_OUTER_BOUND('',#607,.T.);
#388=FACE_OUTER_BOUND('',#608,.T.);
#389=FACE_OUTER_BOUND('',#609,.T.);
#390=FACE_OUTER_BOUND('',#610,.T.);
#391=FACE_OUTER_BOUND('',#611,.T.);
#392=FACE_OUTER_BOUND('',#612,.T.);
#393=FACE_OUTER_BOUND('',#613,.T.);
#394=FACE_OUTER_BOUND('',#614,.T.);
#395=FACE_OUTER_BOUND('',#615,.T.);
#396=FACE_OUTER_BOUND('',#616,.T.);
#397=FACE_OUTER_BOUND('',#617,.T.);
#398=FACE_OUTER_BOUND('',#618,.T.);
#399=FACE_OUTER_BOUND('',#619,.T.);
#400=FACE_OUTER_BOUND('',#620,.T.);
#401=FACE_OUTER_BOUND('',#621,.T.);
#402=FACE_OUTER_BOUND('',#622,.T.);
#403=FACE_OUTER_BOUND('',#623,.T.);
#404=FACE_OUTER_BOUND('',#624,.T.);
#405=FACE_OUTER_BOUND('',#625,.T.);
#406=FACE_OUTER_BOUND('',#626,.T.);
#407=FACE_OUTER_BOUND('',#627,.T.);
#408=FACE_OUTER_BOUND('',#628,.T.);
#409=FACE_OUTER_BOUND('',#629,.T.);
#410=FACE_OUTER_BOUND('',#630,.T.);
#411=FACE_OUTER_BOUND('',#631,.T.);
#412=FACE_OUTER_BOUND('',#632,.T.);
#413=FACE_OUTER_BOUND('',#633,.T.);
#414=FACE_OUTER_BOUND('',#634,.T.);
#415=FACE_OUTER_BOUND('',#635,.T.);
#416=FACE_OUTER_BOUND('',#636,.T.);
#417=FACE_OUTER_BOUND('',#637,.T.);
#418=FACE_OUTER_BOUND('',#638,.T.);
#419=FACE_OUTER_BOUND('',#639,.T.);
#420=FACE_OUTER_BOUND('',#640,.T.);
#421=FACE_OUTER_BOUND('',#641,.T.);
#422=FACE_OUTER_BOUND('',#643,.T.);
#423=FACE_OUTER_BOUND('',#645,.T.);
#424=FACE_OUTER_BOUND('',#647,.T.);
#425=FACE_OUTER_BOUND('',#648,.T.);
#426=FACE_OUTER_BOUND('',#649,.T.);
#427=FACE_OUTER_BOUND('',#650,.T.);
#428=FACE_OUTER_BOUND('',#651,.T.);
#429=FACE_OUTER_BOUND('',#652,.T.);
#430=FACE_OUTER_BOUND('',#653,.T.);
#431=FACE_OUTER_BOUND('',#654,.T.);
#432=FACE_OUTER_BOUND('',#655,.T.);
#433=FACE_OUTER_BOUND('',#656,.T.);
#434=FACE_OUTER_BOUND('',#657,.T.);
#435=FACE_OUTER_BOUND('',#658,.T.);
#436=FACE_OUTER_BOUND('',#659,.T.);
#437=FACE_OUTER_BOUND('',#660,.T.);
#438=FACE_OUTER_BOUND('',#661,.T.);
#439=FACE_OUTER_BOUND('',#662,.T.);
#440=FACE_OUTER_BOUND('',#663,.T.);
#441=FACE_OUTER_BOUND('',#664,.T.);
#442=FACE_OUTER_BOUND('',#665,.T.);
#443=FACE_OUTER_BOUND('',#666,.T.);
#444=FACE_OUTER_BOUND('',#667,.T.);
#445=FACE_OUTER_BOUND('',#668,.T.);
#446=FACE_OUTER_BOUND('',#669,.T.);
#447=FACE_OUTER_BOUND('',#670,.T.);
#448=FACE_OUTER_BOUND('',#672,.T.);
#449=FACE_OUTER_BOUND('',#673,.T.);
#450=FACE_OUTER_BOUND('',#674,.T.);
#451=FACE_OUTER_BOUND('',#675,.T.);
#452=FACE_OUTER_BOUND('',#676,.T.);
#453=FACE_OUTER_BOUND('',#677,.T.);
#454=FACE_OUTER_BOUND('',#678,.T.);
#455=FACE_OUTER_BOUND('',#679,.T.);
#456=FACE_OUTER_BOUND('',#680,.T.);
#457=FACE_OUTER_BOUND('',#681,.T.);
#458=FACE_OUTER_BOUND('',#682,.T.);
#459=FACE_OUTER_BOUND('',#683,.T.);
#460=FACE_OUTER_BOUND('',#684,.T.);
#461=FACE_OUTER_BOUND('',#685,.T.);
#462=FACE_OUTER_BOUND('',#686,.T.);
#463=FACE_OUTER_BOUND('',#687,.T.);
#464=FACE_OUTER_BOUND('',#688,.T.);
#465=FACE_OUTER_BOUND('',#689,.T.);
#466=FACE_OUTER_BOUND('',#690,.T.);
#467=FACE_OUTER_BOUND('',#691,.T.);
#468=FACE_OUTER_BOUND('',#692,.T.);
#469=FACE_OUTER_BOUND('',#693,.T.);
#470=FACE_OUTER_BOUND('',#694,.T.);
#471=FACE_OUTER_BOUND('',#695,.T.);
#472=FACE_OUTER_BOUND('',#696,.T.);
#473=FACE_OUTER_BOUND('',#697,.T.);
#474=FACE_OUTER_BOUND('',#698,.T.);
#475=EDGE_LOOP('',(#699,#700,#701,#702));
#476=EDGE_LOOP('',(#703,#704,#705,#706));
#477=EDGE_LOOP('',(#707,#708,#709,#710));
#478=EDGE_LOOP('',(#711,#712,#713,#714));
#479=EDGE_LOOP('',(#715,#716,#717,#718));
#480=EDGE_LOOP('',(#719,#720,#721,#722,#723,#724));
#481=EDGE_LOOP('',(#725,#726,#727,#728));
#482=EDGE_LOOP('',(#729,#730,#731,#732));
#483=EDGE_LOOP('',(#733,#734,#735,#736));
#484=EDGE_LOOP('',(#737,#738,#739,#740));
#485=EDGE_LOOP('',(#741,#742,#743,#744));
#486=EDGE_LOOP('',(#745,#746,#747,#748,#749,#750));
#487=EDGE_LOOP('',(#751,#752,#753,#754));
#488=EDGE_LOOP('',(#755,#756,#757,#758));
#489=EDGE_LOOP('',(#759,#760,#761,#762));
#490=EDGE_LOOP('',(#763,#764,#765,#766));
#491=EDGE_LOOP('',(#767,#768,#769,#770));
#492=EDGE_LOOP('',(#771,#772,#773,#774,#775,#776));
#493=EDGE_LOOP('',(#777,#778,#779,#780));
#494=EDGE_LOOP('',(#781,#782,#783,#784));
#495=EDGE_LOOP('',(#785,#786,#787,#788));
#496=EDGE_LOOP('',(#789,#790,#791,#792));
#497=EDGE_LOOP('',(#793,#794,#795,#796));
#498=EDGE_LOOP('',(#797,#798,#799,#800,#801,#802));
#499=EDGE_LOOP('',(#803,#804,#805,#806,#807));
#500=EDGE_LOOP('',(#808,#809,#810,#811));
#501=EDGE_LOOP('',(#812,#813,#814,#815));
#502=EDGE_LOOP('',(#816,#817,#818,#819));
#503=EDGE_LOOP('',(#820,#821,#822,#823));
#504=EDGE_LOOP('',(#824,#825,#826,#827,#828,#829,#830));
#505=EDGE_LOOP('',(#831,#832,#833,#834));
#506=EDGE_LOOP('',(#835,#836,#837,#838));
#507=EDGE_LOOP('',(#839,#840,#841,#842));
#508=EDGE_LOOP('',(#843,#844,#845,#846));
#509=EDGE_LOOP('',(#847,#848,#849,#850));
#510=EDGE_LOOP('',(#851,#852,#853,#854,#855,#856));
#511=EDGE_LOOP('',(#857,#858,#859,#860));
#512=EDGE_LOOP('',(#861,#862,#863,#864));
#513=EDGE_LOOP('',(#865,#866,#867,#868));
#514=EDGE_LOOP('',(#869,#870,#871,#872));
#515=EDGE_LOOP('',(#873,#874,#875,#876));
#516=EDGE_LOOP('',(#877,#878,#879,#880,#881,#882));
#517=EDGE_LOOP('',(#883,#884,#885,#886));
#518=EDGE_LOOP('',(#887,#888,#889,#890));
#519=EDGE_LOOP('',(#891,#892,#893,#894));
#520=EDGE_LOOP('',(#895,#896,#897,#898));
#521=EDGE_LOOP('',(#899,#900,#901,#902));
#522=EDGE_LOOP('',(#903,#904,#905,#906,#907,#908));
#523=EDGE_LOOP('',(#909,#910,#911,#912));
#524=EDGE_LOOP('',(#913,#914,#915,#916));
#525=EDGE_LOOP('',(#917,#918,#919,#920));
#526=EDGE_LOOP('',(#921,#922,#923,#924));
#527=EDGE_LOOP('',(#925,#926,#927,#928));
#528=EDGE_LOOP('',(#929,#930,#931,#932,#933,#934));
#529=EDGE_LOOP('',(#935,#936));
#530=EDGE_LOOP('',(#937,#938));
#531=EDGE_LOOP('',(#939,#940));
#532=EDGE_LOOP('',(#941,#942));
#533=EDGE_LOOP('',(#943,#944,#945,#946,#947,#948,#949,#950,#951,#952,#953,
#954));
#534=EDGE_LOOP('',(#955,#956,#957,#958));
#535=EDGE_LOOP('',(#959,#960));
#536=EDGE_LOOP('',(#961,#962));
#537=EDGE_LOOP('',(#963,#964,#965,#966,#967,#968,#969,#970,#971,#972));
#538=EDGE_LOOP('',(#973,#974,#975,#976,#977,#978));
#539=EDGE_LOOP('',(#979,#980,#981,#982,#983,#984,#985,#986,#987,#988));
#540=EDGE_LOOP('',(#989,#990,#991,#992,#993,#994));
#541=EDGE_LOOP('',(#995,#996,#997,#998));
#542=EDGE_LOOP('',(#999,#1000,#1001,#1002));
#543=EDGE_LOOP('',(#1003,#1004,#1005,#1006));
#544=EDGE_LOOP('',(#1007,#1008,#1009,#1010));
#545=EDGE_LOOP('',(#1011,#1012,#1013,#1014));
#546=EDGE_LOOP('',(#1015,#1016,#1017,#1018));
#547=EDGE_LOOP('',(#1019,#1020,#1021,#1022));
#548=EDGE_LOOP('',(#1023,#1024,#1025,#1026));
#549=EDGE_LOOP('',(#1027,#1028,#1029,#1030));
#550=EDGE_LOOP('',(#1031,#1032,#1033,#1034));
#551=EDGE_LOOP('',(#1035,#1036,#1037,#1038));
#552=EDGE_LOOP('',(#1039,#1040,#1041,#1042));
#553=EDGE_LOOP('',(#1043,#1044,#1045,#1046,#1047,#1048,#1049,#1050));
#554=EDGE_LOOP('',(#1051,#1052,#1053,#1054));
#555=EDGE_LOOP('',(#1055,#1056,#1057,#1058));
#556=EDGE_LOOP('',(#1059,#1060,#1061,#1062));
#557=EDGE_LOOP('',(#1063,#1064,#1065,#1066));
#558=EDGE_LOOP('',(#1067,#1068));
#559=EDGE_LOOP('',(#1069,#1070,#1071,#1072,#1073,#1074,#1075,#1076,#1077,
#1078,#1079,#1080));
#560=EDGE_LOOP('',(#1081,#1082,#1083,#1084,#1085));
#561=EDGE_LOOP('',(#1086,#1087,#1088,#1089,#1090));
#562=EDGE_LOOP('',(#1091,#1092,#1093,#1094));
#563=EDGE_LOOP('',(#1095,#1096,#1097,#1098));
#564=EDGE_LOOP('',(#1099,#1100,#1101,#1102));
#565=EDGE_LOOP('',(#1103,#1104,#1105,#1106));
#566=EDGE_LOOP('',(#1107,#1108,#1109,#1110));
#567=EDGE_LOOP('',(#1111,#1112,#1113,#1114,#1115,#1116,#1117,#1118,#1119,
#1120,#1121,#1122,#1123,#1124,#1125,#1126,#1127,#1128,#1129,#1130,#1131,
#1132,#1133,#1134));
#568=EDGE_LOOP('',(#1135,#1136,#1137,#1138,#1139,#1140,#1141,#1142,#1143,
#1144,#1145,#1146,#1147,#1148,#1149,#1150,#1151,#1152,#1153,#1154,#1155,
#1156,#1157,#1158,#1159,#1160,#1161,#1162,#1163,#1164,#1165,#1166,#1167,
#1168));
#569=EDGE_LOOP('',(#1169,#1170,#1171,#1172));
#570=EDGE_LOOP('',(#1173,#1174,#1175,#1176));
#571=EDGE_LOOP('',(#1177,#1178,#1179,#1180,#1181,#1182,#1183));
#572=EDGE_LOOP('',(#1184,#1185,#1186,#1187));
#573=EDGE_LOOP('',(#1188,#1189,#1190,#1191));
#574=EDGE_LOOP('',(#1192,#1193,#1194,#1195,#1196));
#575=EDGE_LOOP('',(#1197,#1198,#1199,#1200,#1201,#1202,#1203,#1204));
#576=EDGE_LOOP('',(#1205,#1206,#1207,#1208));
#577=EDGE_LOOP('',(#1209,#1210,#1211,#1212));
#578=EDGE_LOOP('',(#1213,#1214,#1215,#1216));
#579=EDGE_LOOP('',(#1217,#1218,#1219,#1220));
#580=EDGE_LOOP('',(#1221,#1222,#1223,#1224));
#581=EDGE_LOOP('',(#1225,#1226,#1227,#1228));
#582=EDGE_LOOP('',(#1229,#1230,#1231,#1232));
#583=EDGE_LOOP('',(#1233,#1234,#1235,#1236));
#584=EDGE_LOOP('',(#1237,#1238,#1239,#1240));
#585=EDGE_LOOP('',(#1241,#1242,#1243,#1244,#1245,#1246,#1247,#1248,#1249,
#1250,#1251,#1252,#1253,#1254,#1255,#1256,#1257,#1258,#1259,#1260,#1261,
#1262,#1263,#1264));
#586=EDGE_LOOP('',(#1265,#1266,#1267,#1268,#1269,#1270,#1271,#1272,#1273,
#1274,#1275,#1276,#1277,#1278,#1279,#1280,#1281,#1282,#1283,#1284,#1285,
#1286,#1287,#1288,#1289,#1290,#1291,#1292,#1293,#1294,#1295,#1296,#1297,
#1298));
#587=EDGE_LOOP('',(#1299,#1300,#1301,#1302));
#588=EDGE_LOOP('',(#1303,#1304,#1305,#1306));
#589=EDGE_LOOP('',(#1307,#1308,#1309,#1310));
#590=EDGE_LOOP('',(#1311,#1312,#1313,#1314));
#591=EDGE_LOOP('',(#1315,#1316,#1317,#1318));
#592=EDGE_LOOP('',(#1319,#1320,#1321,#1322,#1323,#1324));
#593=EDGE_LOOP('',(#1325,#1326,#1327,#1328));
#594=EDGE_LOOP('',(#1329,#1330,#1331,#1332));
#595=EDGE_LOOP('',(#1333,#1334,#1335,#1336));
#596=EDGE_LOOP('',(#1337,#1338,#1339,#1340));
#597=EDGE_LOOP('',(#1341,#1342,#1343,#1344));
#598=EDGE_LOOP('',(#1345,#1346,#1347,#1348,#1349,#1350));
#599=EDGE_LOOP('',(#1351,#1352,#1353,#1354));
#600=EDGE_LOOP('',(#1355,#1356,#1357,#1358));
#601=EDGE_LOOP('',(#1359,#1360,#1361,#1362));
#602=EDGE_LOOP('',(#1363,#1364,#1365,#1366));
#603=EDGE_LOOP('',(#1367,#1368,#1369,#1370));
#604=EDGE_LOOP('',(#1371,#1372,#1373,#1374,#1375,#1376));
#605=EDGE_LOOP('',(#1377,#1378,#1379,#1380));
#606=EDGE_LOOP('',(#1381,#1382,#1383,#1384));
#607=EDGE_LOOP('',(#1385,#1386,#1387,#1388));
#608=EDGE_LOOP('',(#1389,#1390,#1391,#1392));
#609=EDGE_LOOP('',(#1393,#1394,#1395,#1396));
#610=EDGE_LOOP('',(#1397,#1398,#1399,#1400,#1401,#1402));
#611=EDGE_LOOP('',(#1403,#1404,#1405,#1406,#1407));
#612=EDGE_LOOP('',(#1408,#1409,#1410,#1411));
#613=EDGE_LOOP('',(#1412,#1413,#1414,#1415));
#614=EDGE_LOOP('',(#1416,#1417,#1418,#1419));
#615=EDGE_LOOP('',(#1420,#1421,#1422,#1423));
#616=EDGE_LOOP('',(#1424,#1425,#1426,#1427,#1428,#1429,#1430));
#617=EDGE_LOOP('',(#1431,#1432,#1433,#1434));
#618=EDGE_LOOP('',(#1435,#1436,#1437,#1438));
#619=EDGE_LOOP('',(#1439,#1440,#1441,#1442));
#620=EDGE_LOOP('',(#1443,#1444,#1445,#1446));
#621=EDGE_LOOP('',(#1447,#1448,#1449,#1450));
#622=EDGE_LOOP('',(#1451,#1452,#1453,#1454,#1455,#1456));
#623=EDGE_LOOP('',(#1457,#1458,#1459,#1460));
#624=EDGE_LOOP('',(#1461,#1462,#1463,#1464));
#625=EDGE_LOOP('',(#1465,#1466,#1467,#1468));
#626=EDGE_LOOP('',(#1469,#1470,#1471,#1472));
#627=EDGE_LOOP('',(#1473,#1474,#1475,#1476));
#628=EDGE_LOOP('',(#1477,#1478,#1479,#1480,#1481,#1482));
#629=EDGE_LOOP('',(#1483,#1484,#1485,#1486));
#630=EDGE_LOOP('',(#1487,#1488,#1489,#1490));
#631=EDGE_LOOP('',(#1491,#1492,#1493,#1494));
#632=EDGE_LOOP('',(#1495,#1496,#1497,#1498));
#633=EDGE_LOOP('',(#1499,#1500,#1501,#1502));
#634=EDGE_LOOP('',(#1503,#1504,#1505,#1506,#1507,#1508));
#635=EDGE_LOOP('',(#1509,#1510,#1511,#1512));
#636=EDGE_LOOP('',(#1513,#1514,#1515,#1516));
#637=EDGE_LOOP('',(#1517,#1518,#1519,#1520));
#638=EDGE_LOOP('',(#1521,#1522,#1523,#1524));
#639=EDGE_LOOP('',(#1525,#1526,#1527,#1528));
#640=EDGE_LOOP('',(#1529,#1530,#1531,#1532,#1533,#1534));
#641=EDGE_LOOP('',(#1535,#1536));
#642=EDGE_LOOP('',(#1537,#1538));
#643=EDGE_LOOP('',(#1539,#1540));
#644=EDGE_LOOP('',(#1541,#1542));
#645=EDGE_LOOP('',(#1543,#1544,#1545,#1546,#1547,#1548,#1549,#1550,#1551,
#1552,#1553,#1554));
#646=EDGE_LOOP('',(#1555,#1556,#1557,#1558));
#647=EDGE_LOOP('',(#1559,#1560));
#648=EDGE_LOOP('',(#1561,#1562));
#649=EDGE_LOOP('',(#1563,#1564,#1565,#1566,#1567,#1568,#1569,#1570,#1571,
#1572));
#650=EDGE_LOOP('',(#1573,#1574,#1575,#1576,#1577,#1578));
#651=EDGE_LOOP('',(#1579,#1580,#1581,#1582,#1583,#1584,#1585,#1586,#1587,
#1588));
#652=EDGE_LOOP('',(#1589,#1590,#1591,#1592,#1593,#1594));
#653=EDGE_LOOP('',(#1595,#1596,#1597,#1598));
#654=EDGE_LOOP('',(#1599,#1600,#1601,#1602));
#655=EDGE_LOOP('',(#1603,#1604,#1605,#1606));
#656=EDGE_LOOP('',(#1607,#1608,#1609,#1610));
#657=EDGE_LOOP('',(#1611,#1612,#1613,#1614));
#658=EDGE_LOOP('',(#1615,#1616,#1617,#1618));
#659=EDGE_LOOP('',(#1619,#1620,#1621,#1622));
#660=EDGE_LOOP('',(#1623,#1624,#1625,#1626));
#661=EDGE_LOOP('',(#1627,#1628,#1629,#1630));
#662=EDGE_LOOP('',(#1631,#1632,#1633,#1634));
#663=EDGE_LOOP('',(#1635,#1636,#1637,#1638));
#664=EDGE_LOOP('',(#1639,#1640,#1641,#1642));
#665=EDGE_LOOP('',(#1643,#1644,#1645,#1646,#1647,#1648,#1649,#1650));
#666=EDGE_LOOP('',(#1651,#1652,#1653,#1654));
#667=EDGE_LOOP('',(#1655,#1656,#1657,#1658));
#668=EDGE_LOOP('',(#1659,#1660,#1661,#1662));
#669=EDGE_LOOP('',(#1663,#1664,#1665,#1666));
#670=EDGE_LOOP('',(#1667,#1668));
#671=EDGE_LOOP('',(#1669,#1670,#1671,#1672,#1673,#1674,#1675,#1676,#1677,
#1678,#1679,#1680));
#672=EDGE_LOOP('',(#1681,#1682,#1683,#1684,#1685));
#673=EDGE_LOOP('',(#1686,#1687,#1688,#1689,#1690));
#674=EDGE_LOOP('',(#1691,#1692,#1693,#1694));
#675=EDGE_LOOP('',(#1695,#1696,#1697,#1698));
#676=EDGE_LOOP('',(#1699,#1700,#1701,#1702));
#677=EDGE_LOOP('',(#1703,#1704,#1705,#1706));
#678=EDGE_LOOP('',(#1707,#1708,#1709,#1710));
#679=EDGE_LOOP('',(#1711,#1712,#1713,#1714,#1715,#1716,#1717,#1718,#1719,
#1720,#1721,#1722,#1723,#1724,#1725,#1726,#1727,#1728,#1729,#1730,#1731,
#1732,#1733,#1734));
#680=EDGE_LOOP('',(#1735,#1736,#1737,#1738,#1739,#1740,#1741,#1742,#1743,
#1744,#1745,#1746,#1747,#1748,#1749,#1750,#1751,#1752,#1753,#1754,#1755,
#1756,#1757,#1758,#1759,#1760,#1761,#1762,#1763,#1764,#1765,#1766,#1767,
#1768));
#681=EDGE_LOOP('',(#1769,#1770,#1771,#1772));
#682=EDGE_LOOP('',(#1773,#1774,#1775,#1776));
#683=EDGE_LOOP('',(#1777,#1778,#1779,#1780,#1781,#1782,#1783));
#684=EDGE_LOOP('',(#1784,#1785,#1786,#1787));
#685=EDGE_LOOP('',(#1788,#1789,#1790,#1791));
#686=EDGE_LOOP('',(#1792,#1793,#1794,#1795,#1796));
#687=EDGE_LOOP('',(#1797,#1798,#1799,#1800,#1801,#1802,#1803,#1804));
#688=EDGE_LOOP('',(#1805,#1806,#1807,#1808));
#689=EDGE_LOOP('',(#1809,#1810,#1811,#1812));
#690=EDGE_LOOP('',(#1813,#1814,#1815,#1816));
#691=EDGE_LOOP('',(#1817,#1818,#1819,#1820));
#692=EDGE_LOOP('',(#1821,#1822,#1823,#1824));
#693=EDGE_LOOP('',(#1825,#1826,#1827,#1828));
#694=EDGE_LOOP('',(#1829,#1830,#1831,#1832));
#695=EDGE_LOOP('',(#1833,#1834,#1835,#1836));
#696=EDGE_LOOP('',(#1837,#1838,#1839,#1840));
#697=EDGE_LOOP('',(#1841,#1842,#1843,#1844,#1845,#1846,#1847,#1848,#1849,
#1850,#1851,#1852,#1853,#1854,#1855,#1856,#1857,#1858,#1859,#1860,#1861,
#1862,#1863,#1864));
#698=EDGE_LOOP('',(#1865,#1866,#1867,#1868,#1869,#1870,#1871,#1872,#1873,
#1874,#1875,#1876,#1877,#1878,#1879,#1880,#1881,#1882,#1883,#1884,#1885,
#1886,#1887,#1888,#1889,#1890,#1891,#1892,#1893,#1894,#1895,#1896,#1897,
#1898));
#699=ORIENTED_EDGE('',*,*,#1899,.T.);
#700=ORIENTED_EDGE('',*,*,#1902,.T.);
#701=ORIENTED_EDGE('',*,*,#1901,.T.);
#702=ORIENTED_EDGE('',*,*,#1900,.T.);
#703=ORIENTED_EDGE('',*,*,#1903,.T.);
#704=ORIENTED_EDGE('',*,*,#1906,.T.);
#705=ORIENTED_EDGE('',*,*,#1905,.T.);
#706=ORIENTED_EDGE('',*,*,#1904,.T.);
#707=ORIENTED_EDGE('',*,*,#1907,.T.);
#708=ORIENTED_EDGE('',*,*,#1910,.T.);
#709=ORIENTED_EDGE('',*,*,#1909,.T.);
#710=ORIENTED_EDGE('',*,*,#1908,.T.);
#711=ORIENTED_EDGE('',*,*,#1911,.T.);
#712=ORIENTED_EDGE('',*,*,#1900,.F.);
#713=ORIENTED_EDGE('',*,*,#1912,.T.);
#714=ORIENTED_EDGE('',*,*,#1906,.F.);
#715=ORIENTED_EDGE('',*,*,#1913,.F.);
#716=ORIENTED_EDGE('',*,*,#1902,.F.);
#717=ORIENTED_EDGE('',*,*,#1914,.T.);
#718=ORIENTED_EDGE('',*,*,#1908,.F.);
#719=ORIENTED_EDGE('',*,*,#2159,.F.);
#720=ORIENTED_EDGE('',*,*,#1905,.F.);
#721=ORIENTED_EDGE('',*,*,#1912,.F.);
#722=ORIENTED_EDGE('',*,*,#1901,.F.);
#723=ORIENTED_EDGE('',*,*,#1913,.T.);
#724=ORIENTED_EDGE('',*,*,#1909,.F.);
#725=ORIENTED_EDGE('',*,*,#1915,.T.);
#726=ORIENTED_EDGE('',*,*,#1918,.T.);
#727=ORIENTED_EDGE('',*,*,#1917,.T.);
#728=ORIENTED_EDGE('',*,*,#1916,.T.);
#729=ORIENTED_EDGE('',*,*,#1919,.T.);
#730=ORIENTED_EDGE('',*,*,#1922,.T.);
#731=ORIENTED_EDGE('',*,*,#1921,.T.);
#732=ORIENTED_EDGE('',*,*,#1920,.T.);
#733=ORIENTED_EDGE('',*,*,#1923,.T.);
#734=ORIENTED_EDGE('',*,*,#1926,.T.);
#735=ORIENTED_EDGE('',*,*,#1925,.T.);
#736=ORIENTED_EDGE('',*,*,#1924,.T.);
#737=ORIENTED_EDGE('',*,*,#1927,.T.);
#738=ORIENTED_EDGE('',*,*,#1916,.F.);
#739=ORIENTED_EDGE('',*,*,#1928,.T.);
#740=ORIENTED_EDGE('',*,*,#1922,.F.);
#741=ORIENTED_EDGE('',*,*,#1929,.F.);
#742=ORIENTED_EDGE('',*,*,#1918,.F.);
#743=ORIENTED_EDGE('',*,*,#1930,.T.);
#744=ORIENTED_EDGE('',*,*,#1924,.F.);
#745=ORIENTED_EDGE('',*,*,#2140,.T.);
#746=ORIENTED_EDGE('',*,*,#1921,.F.);
#747=ORIENTED_EDGE('',*,*,#1928,.F.);
#748=ORIENTED_EDGE('',*,*,#1917,.F.);
#749=ORIENTED_EDGE('',*,*,#1929,.T.);
#750=ORIENTED_EDGE('',*,*,#1925,.F.);
#751=ORIENTED_EDGE('',*,*,#1931,.T.);
#752=ORIENTED_EDGE('',*,*,#1934,.T.);
#753=ORIENTED_EDGE('',*,*,#1933,.T.);
#754=ORIENTED_EDGE('',*,*,#1932,.T.);
#755=ORIENTED_EDGE('',*,*,#1935,.T.);
#756=ORIENTED_EDGE('',*,*,#1938,.T.);
#757=ORIENTED_EDGE('',*,*,#1937,.T.);
#758=ORIENTED_EDGE('',*,*,#1936,.T.);
#759=ORIENTED_EDGE('',*,*,#1939,.T.);
#760=ORIENTED_EDGE('',*,*,#1942,.T.);
#761=ORIENTED_EDGE('',*,*,#1941,.T.);
#762=ORIENTED_EDGE('',*,*,#1940,.T.);
#763=ORIENTED_EDGE('',*,*,#1943,.T.);
#764=ORIENTED_EDGE('',*,*,#1932,.F.);
#765=ORIENTED_EDGE('',*,*,#1944,.F.);
#766=ORIENTED_EDGE('',*,*,#1938,.F.);
#767=ORIENTED_EDGE('',*,*,#1945,.T.);
#768=ORIENTED_EDGE('',*,*,#1934,.F.);
#769=ORIENTED_EDGE('',*,*,#1946,.T.);
#770=ORIENTED_EDGE('',*,*,#1940,.F.);
#771=ORIENTED_EDGE('',*,*,#2142,.F.);
#772=ORIENTED_EDGE('',*,*,#1937,.F.);
#773=ORIENTED_EDGE('',*,*,#1944,.T.);
#774=ORIENTED_EDGE('',*,*,#1933,.F.);
#775=ORIENTED_EDGE('',*,*,#1945,.F.);
#776=ORIENTED_EDGE('',*,*,#1941,.F.);
#777=ORIENTED_EDGE('',*,*,#1947,.T.);
#778=ORIENTED_EDGE('',*,*,#1950,.T.);
#779=ORIENTED_EDGE('',*,*,#1949,.T.);
#780=ORIENTED_EDGE('',*,*,#1948,.T.);
#781=ORIENTED_EDGE('',*,*,#1951,.T.);
#782=ORIENTED_EDGE('',*,*,#1954,.T.);
#783=ORIENTED_EDGE('',*,*,#1953,.T.);
#784=ORIENTED_EDGE('',*,*,#1952,.T.);
#785=ORIENTED_EDGE('',*,*,#1955,.T.);
#786=ORIENTED_EDGE('',*,*,#1958,.T.);
#787=ORIENTED_EDGE('',*,*,#1957,.T.);
#788=ORIENTED_EDGE('',*,*,#1956,.T.);
#789=ORIENTED_EDGE('',*,*,#1959,.T.);
#790=ORIENTED_EDGE('',*,*,#1948,.F.);
#791=ORIENTED_EDGE('',*,*,#1960,.F.);
#792=ORIENTED_EDGE('',*,*,#1954,.F.);
#793=ORIENTED_EDGE('',*,*,#1961,.T.);
#794=ORIENTED_EDGE('',*,*,#1950,.F.);
#795=ORIENTED_EDGE('',*,*,#1962,.T.);
#796=ORIENTED_EDGE('',*,*,#1956,.F.);
#797=ORIENTED_EDGE('',*,*,#2144,.T.);
#798=ORIENTED_EDGE('',*,*,#1953,.F.);
#799=ORIENTED_EDGE('',*,*,#1960,.T.);
#800=ORIENTED_EDGE('',*,*,#1949,.F.);
#801=ORIENTED_EDGE('',*,*,#1961,.F.);
#802=ORIENTED_EDGE('',*,*,#1957,.F.);
#803=ORIENTED_EDGE('',*,*,#1963,.T.);
#804=ORIENTED_EDGE('',*,*,#2198,.T.);
#805=ORIENTED_EDGE('',*,*,#1966,.T.);
#806=ORIENTED_EDGE('',*,*,#1965,.T.);
#807=ORIENTED_EDGE('',*,*,#1964,.T.);
#808=ORIENTED_EDGE('',*,*,#1967,.T.);
#809=ORIENTED_EDGE('',*,*,#1970,.T.);
#810=ORIENTED_EDGE('',*,*,#1969,.T.);
#811=ORIENTED_EDGE('',*,*,#1968,.T.);
#812=ORIENTED_EDGE('',*,*,#1971,.T.);
#813=ORIENTED_EDGE('',*,*,#1974,.T.);
#814=ORIENTED_EDGE('',*,*,#1973,.T.);
#815=ORIENTED_EDGE('',*,*,#1972,.T.);
#816=ORIENTED_EDGE('',*,*,#1975,.T.);
#817=ORIENTED_EDGE('',*,*,#1964,.F.);
#818=ORIENTED_EDGE('',*,*,#1976,.T.);
#819=ORIENTED_EDGE('',*,*,#1970,.F.);
#820=ORIENTED_EDGE('',*,*,#1977,.F.);
#821=ORIENTED_EDGE('',*,*,#1966,.F.);
#822=ORIENTED_EDGE('',*,*,#1978,.T.);
#823=ORIENTED_EDGE('',*,*,#1972,.F.);
#824=ORIENTED_EDGE('',*,*,#2145,.T.);
#825=ORIENTED_EDGE('',*,*,#2196,.T.);
#826=ORIENTED_EDGE('',*,*,#1969,.F.);
#827=ORIENTED_EDGE('',*,*,#1976,.F.);
#828=ORIENTED_EDGE('',*,*,#1965,.F.);
#829=ORIENTED_EDGE('',*,*,#1977,.T.);
#830=ORIENTED_EDGE('',*,*,#1973,.F.);
#831=ORIENTED_EDGE('',*,*,#1979,.T.);
#832=ORIENTED_EDGE('',*,*,#1982,.T.);
#833=ORIENTED_EDGE('',*,*,#1981,.T.);
#834=ORIENTED_EDGE('',*,*,#1980,.T.);
#835=ORIENTED_EDGE('',*,*,#1983,.T.);
#836=ORIENTED_EDGE('',*,*,#1986,.T.);
#837=ORIENTED_EDGE('',*,*,#1985,.T.);
#838=ORIENTED_EDGE('',*,*,#1984,.T.);
#839=ORIENTED_EDGE('',*,*,#1987,.T.);
#840=ORIENTED_EDGE('',*,*,#1990,.T.);
#841=ORIENTED_EDGE('',*,*,#1989,.T.);
#842=ORIENTED_EDGE('',*,*,#1988,.T.);
#843=ORIENTED_EDGE('',*,*,#1991,.T.);
#844=ORIENTED_EDGE('',*,*,#1980,.F.);
#845=ORIENTED_EDGE('',*,*,#1992,.F.);
#846=ORIENTED_EDGE('',*,*,#1986,.F.);
#847=ORIENTED_EDGE('',*,*,#1993,.F.);
#848=ORIENTED_EDGE('',*,*,#1982,.F.);
#849=ORIENTED_EDGE('',*,*,#1994,.T.);
#850=ORIENTED_EDGE('',*,*,#1988,.F.);
#851=ORIENTED_EDGE('',*,*,#2147,.T.);
#852=ORIENTED_EDGE('',*,*,#1985,.F.);
#853=ORIENTED_EDGE('',*,*,#1992,.T.);
#854=ORIENTED_EDGE('',*,*,#1981,.F.);
#855=ORIENTED_EDGE('',*,*,#1993,.T.);
#856=ORIENTED_EDGE('',*,*,#1989,.F.);
#857=ORIENTED_EDGE('',*,*,#1995,.T.);
#858=ORIENTED_EDGE('',*,*,#1998,.T.);
#859=ORIENTED_EDGE('',*,*,#1997,.T.);
#860=ORIENTED_EDGE('',*,*,#1996,.T.);
#861=ORIENTED_EDGE('',*,*,#1999,.T.);
#862=ORIENTED_EDGE('',*,*,#2002,.T.);
#863=ORIENTED_EDGE('',*,*,#2001,.T.);
#864=ORIENTED_EDGE('',*,*,#2000,.T.);
#865=ORIENTED_EDGE('',*,*,#2003,.T.);
#866=ORIENTED_EDGE('',*,*,#2006,.T.);
#867=ORIENTED_EDGE('',*,*,#2005,.T.);
#868=ORIENTED_EDGE('',*,*,#2004,.T.);
#869=ORIENTED_EDGE('',*,*,#2007,.T.);
#870=ORIENTED_EDGE('',*,*,#1996,.F.);
#871=ORIENTED_EDGE('',*,*,#2008,.T.);
#872=ORIENTED_EDGE('',*,*,#2002,.F.);
#873=ORIENTED_EDGE('',*,*,#2009,.T.);
#874=ORIENTED_EDGE('',*,*,#1998,.F.);
#875=ORIENTED_EDGE('',*,*,#2010,.T.);
#876=ORIENTED_EDGE('',*,*,#2004,.F.);
#877=ORIENTED_EDGE('',*,*,#2148,.T.);
#878=ORIENTED_EDGE('',*,*,#2001,.F.);
#879=ORIENTED_EDGE('',*,*,#2008,.F.);
#880=ORIENTED_EDGE('',*,*,#1997,.F.);
#881=ORIENTED_EDGE('',*,*,#2009,.F.);
#882=ORIENTED_EDGE('',*,*,#2005,.F.);
#883=ORIENTED_EDGE('',*,*,#2011,.T.);
#884=ORIENTED_EDGE('',*,*,#2014,.T.);
#885=ORIENTED_EDGE('',*,*,#2013,.T.);
#886=ORIENTED_EDGE('',*,*,#2012,.T.);
#887=ORIENTED_EDGE('',*,*,#2015,.T.);
#888=ORIENTED_EDGE('',*,*,#2018,.T.);
#889=ORIENTED_EDGE('',*,*,#2017,.T.);
#890=ORIENTED_EDGE('',*,*,#2016,.T.);
#891=ORIENTED_EDGE('',*,*,#2019,.T.);
#892=ORIENTED_EDGE('',*,*,#2022,.T.);
#893=ORIENTED_EDGE('',*,*,#2021,.T.);
#894=ORIENTED_EDGE('',*,*,#2020,.T.);
#895=ORIENTED_EDGE('',*,*,#2023,.F.);
#896=ORIENTED_EDGE('',*,*,#2012,.F.);
#897=ORIENTED_EDGE('',*,*,#2024,.F.);
#898=ORIENTED_EDGE('',*,*,#2018,.F.);
#899=ORIENTED_EDGE('',*,*,#2025,.T.);
#900=ORIENTED_EDGE('',*,*,#2014,.F.);
#901=ORIENTED_EDGE('',*,*,#2026,.T.);
#902=ORIENTED_EDGE('',*,*,#2020,.F.);
#903=ORIENTED_EDGE('',*,*,#2150,.T.);
#904=ORIENTED_EDGE('',*,*,#2017,.F.);
#905=ORIENTED_EDGE('',*,*,#2024,.T.);
#906=ORIENTED_EDGE('',*,*,#2013,.F.);
#907=ORIENTED_EDGE('',*,*,#2025,.F.);
#908=ORIENTED_EDGE('',*,*,#2021,.F.);
#909=ORIENTED_EDGE('',*,*,#2027,.T.);
#910=ORIENTED_EDGE('',*,*,#2030,.T.);
#911=ORIENTED_EDGE('',*,*,#2029,.T.);
#912=ORIENTED_EDGE('',*,*,#2028,.T.);
#913=ORIENTED_EDGE('',*,*,#2031,.T.);
#914=ORIENTED_EDGE('',*,*,#2034,.T.);
#915=ORIENTED_EDGE('',*,*,#2033,.T.);
#916=ORIENTED_EDGE('',*,*,#2032,.T.);
#917=ORIENTED_EDGE('',*,*,#2035,.T.);
#918=ORIENTED_EDGE('',*,*,#2038,.T.);
#919=ORIENTED_EDGE('',*,*,#2037,.T.);
#920=ORIENTED_EDGE('',*,*,#2036,.T.);
#921=ORIENTED_EDGE('',*,*,#2039,.T.);
#922=ORIENTED_EDGE('',*,*,#2028,.F.);
#923=ORIENTED_EDGE('',*,*,#2040,.T.);
#924=ORIENTED_EDGE('',*,*,#2034,.F.);
#925=ORIENTED_EDGE('',*,*,#2041,.T.);
#926=ORIENTED_EDGE('',*,*,#2030,.F.);
#927=ORIENTED_EDGE('',*,*,#2042,.T.);
#928=ORIENTED_EDGE('',*,*,#2036,.F.);
#929=ORIENTED_EDGE('',*,*,#2152,.T.);
#930=ORIENTED_EDGE('',*,*,#2033,.F.);
#931=ORIENTED_EDGE('',*,*,#2040,.F.);
#932=ORIENTED_EDGE('',*,*,#2029,.F.);
#933=ORIENTED_EDGE('',*,*,#2041,.F.);
#934=ORIENTED_EDGE('',*,*,#2037,.F.);
#935=ORIENTED_EDGE('',*,*,#2136,.F.);
#936=ORIENTED_EDGE('',*,*,#2137,.F.);
#937=ORIENTED_EDGE('',*,*,#2161,.F.);
#938=ORIENTED_EDGE('',*,*,#2160,.F.);
#939=ORIENTED_EDGE('',*,*,#2164,.F.);
#940=ORIENTED_EDGE('',*,*,#2163,.F.);
#941=ORIENTED_EDGE('',*,*,#2108,.F.);
#942=ORIENTED_EDGE('',*,*,#2109,.F.);
#943=ORIENTED_EDGE('',*,*,#2102,.T.);
#944=ORIENTED_EDGE('',*,*,#2046,.T.);
#945=ORIENTED_EDGE('',*,*,#2096,.T.);
#946=ORIENTED_EDGE('',*,*,#2045,.T.);
#947=ORIENTED_EDGE('',*,*,#2093,.T.);
#948=ORIENTED_EDGE('',*,*,#2090,.T.);
#949=ORIENTED_EDGE('',*,*,#2087,.T.);
#950=ORIENTED_EDGE('',*,*,#2044,.T.);
#951=ORIENTED_EDGE('',*,*,#2082,.T.);
#952=ORIENTED_EDGE('',*,*,#2043,.T.);
#953=ORIENTED_EDGE('',*,*,#2077,.T.);
#954=ORIENTED_EDGE('',*,*,#2073,.T.);
#955=ORIENTED_EDGE('',*,*,#2050,.T.);
#956=ORIENTED_EDGE('',*,*,#2049,.T.);
#957=ORIENTED_EDGE('',*,*,#2048,.T.);
#958=ORIENTED_EDGE('',*,*,#2047,.T.);
#959=ORIENTED_EDGE('',*,*,#2051,.F.);
#960=ORIENTED_EDGE('',*,*,#2105,.F.);
#961=ORIENTED_EDGE('',*,*,#2052,.F.);
#962=ORIENTED_EDGE('',*,*,#2107,.F.);
#963=ORIENTED_EDGE('',*,*,#2053,.T.);
#964=ORIENTED_EDGE('',*,*,#2060,.T.);
#965=ORIENTED_EDGE('',*,*,#2059,.T.);
#966=ORIENTED_EDGE('',*,*,#2051,.T.);
#967=ORIENTED_EDGE('',*,*,#2058,.T.);
#968=ORIENTED_EDGE('',*,*,#2057,.T.);
#969=ORIENTED_EDGE('',*,*,#2056,.T.);
#970=ORIENTED_EDGE('',*,*,#2055,.T.);
#971=ORIENTED_EDGE('',*,*,#2050,.F.);
#972=ORIENTED_EDGE('',*,*,#2054,.T.);
#973=ORIENTED_EDGE('',*,*,#2061,.T.);
#974=ORIENTED_EDGE('',*,*,#2063,.T.);
#975=ORIENTED_EDGE('',*,*,#2053,.F.);
#976=ORIENTED_EDGE('',*,*,#2054,.F.);
#977=ORIENTED_EDGE('',*,*,#2047,.F.);
#978=ORIENTED_EDGE('',*,*,#2062,.T.);
#979=ORIENTED_EDGE('',*,*,#2069,.F.);
#980=ORIENTED_EDGE('',*,*,#2068,.F.);
#981=ORIENTED_EDGE('',*,*,#2067,.F.);
#982=ORIENTED_EDGE('',*,*,#2066,.F.);
#983=ORIENTED_EDGE('',*,*,#2052,.T.);
#984=ORIENTED_EDGE('',*,*,#2065,.F.);
#985=ORIENTED_EDGE('',*,*,#2064,.F.);
#986=ORIENTED_EDGE('',*,*,#2061,.F.);
#987=ORIENTED_EDGE('',*,*,#2062,.F.);
#988=ORIENTED_EDGE('',*,*,#2048,.F.);
#989=ORIENTED_EDGE('',*,*,#2056,.F.);
#990=ORIENTED_EDGE('',*,*,#2070,.T.);
#991=ORIENTED_EDGE('',*,*,#2068,.T.);
#992=ORIENTED_EDGE('',*,*,#2069,.T.);
#993=ORIENTED_EDGE('',*,*,#2049,.F.);
#994=ORIENTED_EDGE('',*,*,#2055,.F.);
#995=ORIENTED_EDGE('',*,*,#2071,.T.);
#996=ORIENTED_EDGE('',*,*,#2074,.T.);
#997=ORIENTED_EDGE('',*,*,#2073,.F.);
#998=ORIENTED_EDGE('',*,*,#2072,.T.);
#999=ORIENTED_EDGE('',*,*,#2072,.F.);
#1000=ORIENTED_EDGE('',*,*,#2077,.F.);
#1001=ORIENTED_EDGE('',*,*,#2076,.F.);
#1002=ORIENTED_EDGE('',*,*,#2075,.F.);
#1003=ORIENTED_EDGE('',*,*,#2076,.T.);
#1004=ORIENTED_EDGE('',*,*,#2043,.F.);
#1005=ORIENTED_EDGE('',*,*,#2079,.F.);
#1006=ORIENTED_EDGE('',*,*,#2078,.F.);
#1007=ORIENTED_EDGE('',*,*,#2080,.T.);
#1008=ORIENTED_EDGE('',*,*,#2079,.T.);
#1009=ORIENTED_EDGE('',*,*,#2082,.F.);
#1010=ORIENTED_EDGE('',*,*,#2081,.T.);
#1011=ORIENTED_EDGE('',*,*,#2081,.F.);
#1012=ORIENTED_EDGE('',*,*,#2044,.F.);
#1013=ORIENTED_EDGE('',*,*,#2084,.F.);
#1014=ORIENTED_EDGE('',*,*,#2083,.F.);
#1015=ORIENTED_EDGE('',*,*,#2085,.T.);
#1016=ORIENTED_EDGE('',*,*,#2084,.T.);
#1017=ORIENTED_EDGE('',*,*,#2087,.F.);
#1018=ORIENTED_EDGE('',*,*,#2086,.T.);
#1019=ORIENTED_EDGE('',*,*,#2088,.T.);
#1020=ORIENTED_EDGE('',*,*,#2086,.F.);
#1021=ORIENTED_EDGE('',*,*,#2090,.F.);
#1022=ORIENTED_EDGE('',*,*,#2089,.T.);
#1023=ORIENTED_EDGE('',*,*,#2089,.F.);
#1024=ORIENTED_EDGE('',*,*,#2093,.F.);
#1025=ORIENTED_EDGE('',*,*,#2092,.F.);
#1026=ORIENTED_EDGE('',*,*,#2091,.F.);
#1027=ORIENTED_EDGE('',*,*,#2092,.T.);
#1028=ORIENTED_EDGE('',*,*,#2045,.F.);
#1029=ORIENTED_EDGE('',*,*,#2095,.F.);
#1030=ORIENTED_EDGE('',*,*,#2094,.F.);
#1031=ORIENTED_EDGE('',*,*,#2096,.F.);
#1032=ORIENTED_EDGE('',*,*,#2098,.T.);
#1033=ORIENTED_EDGE('',*,*,#2097,.T.);
#1034=ORIENTED_EDGE('',*,*,#2095,.T.);
#1035=ORIENTED_EDGE('',*,*,#2098,.F.);
#1036=ORIENTED_EDGE('',*,*,#2046,.F.);
#1037=ORIENTED_EDGE('',*,*,#2100,.F.);
#1038=ORIENTED_EDGE('',*,*,#2099,.F.);
#1039=ORIENTED_EDGE('',*,*,#2101,.T.);
#1040=ORIENTED_EDGE('',*,*,#2100,.T.);
#1041=ORIENTED_EDGE('',*,*,#2102,.F.);
#1042=ORIENTED_EDGE('',*,*,#2074,.F.);
#1043=ORIENTED_EDGE('',*,*,#2184,.T.);
#1044=ORIENTED_EDGE('',*,*,#2185,.T.);
#1045=ORIENTED_EDGE('',*,*,#2058,.F.);
#1046=ORIENTED_EDGE('',*,*,#2105,.T.);
#1047=ORIENTED_EDGE('',*,*,#2059,.F.);
#1048=ORIENTED_EDGE('',*,*,#2104,.T.);
#1049=ORIENTED_EDGE('',*,*,#2110,.F.);
#1050=ORIENTED_EDGE('',*,*,#2108,.T.);
#1051=ORIENTED_EDGE('',*,*,#2112,.F.);
#1052=ORIENTED_EDGE('',*,*,#2115,.T.);
#1053=ORIENTED_EDGE('',*,*,#2114,.F.);
#1054=ORIENTED_EDGE('',*,*,#2186,.F.);
#1055=ORIENTED_EDGE('',*,*,#2112,.T.);
#1056=ORIENTED_EDGE('',*,*,#2118,.T.);
#1057=ORIENTED_EDGE('',*,*,#2116,.F.);
#1058=ORIENTED_EDGE('',*,*,#2187,.F.);
#1059=ORIENTED_EDGE('',*,*,#2120,.F.);
#1060=ORIENTED_EDGE('',*,*,#2121,.T.);
#1061=ORIENTED_EDGE('',*,*,#2116,.T.);
#1062=ORIENTED_EDGE('',*,*,#2188,.F.);
#1063=ORIENTED_EDGE('',*,*,#2114,.T.);
#1064=ORIENTED_EDGE('',*,*,#2124,.T.);
#1065=ORIENTED_EDGE('',*,*,#2123,.F.);
#1066=ORIENTED_EDGE('',*,*,#2189,.F.);
#1067=ORIENTED_EDGE('',*,*,#2120,.T.);
#1068=ORIENTED_EDGE('',*,*,#2119,.T.);
#1069=ORIENTED_EDGE('',*,*,#2071,.F.);
#1070=ORIENTED_EDGE('',*,*,#2075,.T.);
#1071=ORIENTED_EDGE('',*,*,#2078,.T.);
#1072=ORIENTED_EDGE('',*,*,#2080,.F.);
#1073=ORIENTED_EDGE('',*,*,#2083,.T.);
#1074=ORIENTED_EDGE('',*,*,#2085,.F.);
#1075=ORIENTED_EDGE('',*,*,#2088,.F.);
#1076=ORIENTED_EDGE('',*,*,#2091,.T.);
#1077=ORIENTED_EDGE('',*,*,#2094,.T.);
#1078=ORIENTED_EDGE('',*,*,#2097,.F.);
#1079=ORIENTED_EDGE('',*,*,#2099,.T.);
#1080=ORIENTED_EDGE('',*,*,#2101,.F.);
#1081=ORIENTED_EDGE('',*,*,#2185,.F.);
#1082=ORIENTED_EDGE('',*,*,#2106,.F.);
#1083=ORIENTED_EDGE('',*,*,#2067,.T.);
#1084=ORIENTED_EDGE('',*,*,#2070,.F.);
#1085=ORIENTED_EDGE('',*,*,#2057,.F.);
#1086=ORIENTED_EDGE('',*,*,#2063,.F.);
#1087=ORIENTED_EDGE('',*,*,#2064,.T.);
#1088=ORIENTED_EDGE('',*,*,#2103,.F.);
#1089=ORIENTED_EDGE('',*,*,#2104,.F.);
#1090=ORIENTED_EDGE('',*,*,#2060,.F.);
#1091=ORIENTED_EDGE('',*,*,#2125,.F.);
#1092=ORIENTED_EDGE('',*,*,#2127,.T.);
#1093=ORIENTED_EDGE('',*,*,#2123,.T.);
#1094=ORIENTED_EDGE('',*,*,#2190,.F.);
#1095=ORIENTED_EDGE('',*,*,#2129,.F.);
#1096=ORIENTED_EDGE('',*,*,#2130,.T.);
#1097=ORIENTED_EDGE('',*,*,#2125,.T.);
#1098=ORIENTED_EDGE('',*,*,#2191,.F.);
#1099=ORIENTED_EDGE('',*,*,#2132,.F.);
#1100=ORIENTED_EDGE('',*,*,#2133,.T.);
#1101=ORIENTED_EDGE('',*,*,#2129,.T.);
#1102=ORIENTED_EDGE('',*,*,#2192,.F.);
#1103=ORIENTED_EDGE('',*,*,#2137,.T.);
#1104=ORIENTED_EDGE('',*,*,#2138,.T.);
#1105=ORIENTED_EDGE('',*,*,#2134,.F.);
#1106=ORIENTED_EDGE('',*,*,#2193,.F.);
#1107=ORIENTED_EDGE('',*,*,#2132,.T.);
#1108=ORIENTED_EDGE('',*,*,#2139,.T.);
#1109=ORIENTED_EDGE('',*,*,#2134,.T.);
#1110=ORIENTED_EDGE('',*,*,#2194,.F.);
#1111=ORIENTED_EDGE('',*,*,#2195,.T.);
#1112=ORIENTED_EDGE('',*,*,#2160,.T.);
#1113=ORIENTED_EDGE('',*,*,#2162,.F.);
#1114=ORIENTED_EDGE('',*,*,#2155,.T.);
#1115=ORIENTED_EDGE('',*,*,#2154,.T.);
#1116=ORIENTED_EDGE('',*,*,#2153,.T.);
#1117=ORIENTED_EDGE('',*,*,#2032,.F.);
#1118=ORIENTED_EDGE('',*,*,#2152,.F.);
#1119=ORIENTED_EDGE('',*,*,#2038,.F.);
#1120=ORIENTED_EDGE('',*,*,#2151,.T.);
#1121=ORIENTED_EDGE('',*,*,#2016,.F.);
#1122=ORIENTED_EDGE('',*,*,#2150,.F.);
#1123=ORIENTED_EDGE('',*,*,#2022,.F.);
#1124=ORIENTED_EDGE('',*,*,#2149,.T.);
#1125=ORIENTED_EDGE('',*,*,#2000,.F.);
#1126=ORIENTED_EDGE('',*,*,#2148,.F.);
#1127=ORIENTED_EDGE('',*,*,#2006,.F.);
#1128=ORIENTED_EDGE('',*,*,#2166,.F.);
#1129=ORIENTED_EDGE('',*,*,#1984,.F.);
#1130=ORIENTED_EDGE('',*,*,#2147,.F.);
#1131=ORIENTED_EDGE('',*,*,#1990,.F.);
#1132=ORIENTED_EDGE('',*,*,#2146,.T.);
#1133=ORIENTED_EDGE('',*,*,#1968,.F.);
#1134=ORIENTED_EDGE('',*,*,#2196,.F.);
#1135=ORIENTED_EDGE('',*,*,#2197,.T.);
#1136=ORIENTED_EDGE('',*,*,#1963,.F.);
#1137=ORIENTED_EDGE('',*,*,#1975,.F.);
#1138=ORIENTED_EDGE('',*,*,#1967,.F.);
#1139=ORIENTED_EDGE('',*,*,#2146,.F.);
#1140=ORIENTED_EDGE('',*,*,#1987,.F.);
#1141=ORIENTED_EDGE('',*,*,#1994,.F.);
#1142=ORIENTED_EDGE('',*,*,#1979,.F.);
#1143=ORIENTED_EDGE('',*,*,#1991,.F.);
#1144=ORIENTED_EDGE('',*,*,#1983,.F.);
#1145=ORIENTED_EDGE('',*,*,#2166,.T.);
#1146=ORIENTED_EDGE('',*,*,#2003,.F.);
#1147=ORIENTED_EDGE('',*,*,#2010,.F.);
#1148=ORIENTED_EDGE('',*,*,#1995,.F.);
#1149=ORIENTED_EDGE('',*,*,#2007,.F.);
#1150=ORIENTED_EDGE('',*,*,#1999,.F.);
#1151=ORIENTED_EDGE('',*,*,#2149,.F.);
#1152=ORIENTED_EDGE('',*,*,#2019,.F.);
#1153=ORIENTED_EDGE('',*,*,#2026,.F.);
#1154=ORIENTED_EDGE('',*,*,#2011,.F.);
#1155=ORIENTED_EDGE('',*,*,#2023,.T.);
#1156=ORIENTED_EDGE('',*,*,#2015,.F.);
#1157=ORIENTED_EDGE('',*,*,#2151,.F.);
#1158=ORIENTED_EDGE('',*,*,#2035,.F.);
#1159=ORIENTED_EDGE('',*,*,#2042,.F.);
#1160=ORIENTED_EDGE('',*,*,#2027,.F.);
#1161=ORIENTED_EDGE('',*,*,#2039,.F.);
#1162=ORIENTED_EDGE('',*,*,#2031,.F.);
#1163=ORIENTED_EDGE('',*,*,#2153,.F.);
#1164=ORIENTED_EDGE('',*,*,#2177,.T.);
#1165=ORIENTED_EDGE('',*,*,#2175,.T.);
#1166=ORIENTED_EDGE('',*,*,#2183,.T.);
#1167=ORIENTED_EDGE('',*,*,#2168,.F.);
#1168=ORIENTED_EDGE('',*,*,#2164,.T.);
#1169=ORIENTED_EDGE('',*,*,#2169,.F.);
#1170=ORIENTED_EDGE('',*,*,#2172,.T.);
#1171=ORIENTED_EDGE('',*,*,#2171,.T.);
#1172=ORIENTED_EDGE('',*,*,#2170,.T.);
#1173=ORIENTED_EDGE('',*,*,#2173,.T.);
#1174=ORIENTED_EDGE('',*,*,#2176,.T.);
#1175=ORIENTED_EDGE('',*,*,#2175,.F.);
#1176=ORIENTED_EDGE('',*,*,#2174,.T.);
#1177=ORIENTED_EDGE('',*,*,#2155,.F.);
#1178=ORIENTED_EDGE('',*,*,#2156,.F.);
#1179=ORIENTED_EDGE('',*,*,#2180,.T.);
#1180=ORIENTED_EDGE('',*,*,#2171,.F.);
#1181=ORIENTED_EDGE('',*,*,#2182,.F.);
#1182=ORIENTED_EDGE('',*,*,#2173,.F.);
#1183=ORIENTED_EDGE('',*,*,#2178,.T.);
#1184=ORIENTED_EDGE('',*,*,#2177,.F.);
#1185=ORIENTED_EDGE('',*,*,#2154,.F.);
#1186=ORIENTED_EDGE('',*,*,#2178,.F.);
#1187=ORIENTED_EDGE('',*,*,#2174,.F.);
#1188=ORIENTED_EDGE('',*,*,#2179,.F.);
#1189=ORIENTED_EDGE('',*,*,#2170,.F.);
#1190=ORIENTED_EDGE('',*,*,#2180,.F.);
#1191=ORIENTED_EDGE('',*,*,#2157,.F.);
#1192=ORIENTED_EDGE('',*,*,#2181,.F.);
#1193=ORIENTED_EDGE('',*,*,#2183,.F.);
#1194=ORIENTED_EDGE('',*,*,#2176,.F.);
#1195=ORIENTED_EDGE('',*,*,#2182,.T.);
#1196=ORIENTED_EDGE('',*,*,#2172,.F.);
#1197=ORIENTED_EDGE('',*,*,#2109,.T.);
#1198=ORIENTED_EDGE('',*,*,#2110,.T.);
#1199=ORIENTED_EDGE('',*,*,#2103,.T.);
#1200=ORIENTED_EDGE('',*,*,#2065,.T.);
#1201=ORIENTED_EDGE('',*,*,#2107,.T.);
#1202=ORIENTED_EDGE('',*,*,#2066,.T.);
#1203=ORIENTED_EDGE('',*,*,#2106,.T.);
#1204=ORIENTED_EDGE('',*,*,#2184,.F.);
#1205=ORIENTED_EDGE('',*,*,#2186,.T.);
#1206=ORIENTED_EDGE('',*,*,#2113,.F.);
#1207=ORIENTED_EDGE('',*,*,#2115,.F.);
#1208=ORIENTED_EDGE('',*,*,#2111,.F.);
#1209=ORIENTED_EDGE('',*,*,#2187,.T.);
#1210=ORIENTED_EDGE('',*,*,#2117,.F.);
#1211=ORIENTED_EDGE('',*,*,#2118,.F.);
#1212=ORIENTED_EDGE('',*,*,#2111,.T.);
#1213=ORIENTED_EDGE('',*,*,#2188,.T.);
#1214=ORIENTED_EDGE('',*,*,#2117,.T.);
#1215=ORIENTED_EDGE('',*,*,#2121,.F.);
#1216=ORIENTED_EDGE('',*,*,#2119,.F.);
#1217=ORIENTED_EDGE('',*,*,#2189,.T.);
#1218=ORIENTED_EDGE('',*,*,#2122,.F.);
#1219=ORIENTED_EDGE('',*,*,#2124,.F.);
#1220=ORIENTED_EDGE('',*,*,#2113,.T.);
#1221=ORIENTED_EDGE('',*,*,#2190,.T.);
#1222=ORIENTED_EDGE('',*,*,#2122,.T.);
#1223=ORIENTED_EDGE('',*,*,#2127,.F.);
#1224=ORIENTED_EDGE('',*,*,#2126,.F.);
#1225=ORIENTED_EDGE('',*,*,#2191,.T.);
#1226=ORIENTED_EDGE('',*,*,#2126,.T.);
#1227=ORIENTED_EDGE('',*,*,#2130,.F.);
#1228=ORIENTED_EDGE('',*,*,#2128,.F.);
#1229=ORIENTED_EDGE('',*,*,#2192,.T.);
#1230=ORIENTED_EDGE('',*,*,#2128,.T.);
#1231=ORIENTED_EDGE('',*,*,#2133,.F.);
#1232=ORIENTED_EDGE('',*,*,#2131,.F.);
#1233=ORIENTED_EDGE('',*,*,#2193,.T.);
#1234=ORIENTED_EDGE('',*,*,#2135,.F.);
#1235=ORIENTED_EDGE('',*,*,#2138,.F.);
#1236=ORIENTED_EDGE('',*,*,#2136,.T.);
#1237=ORIENTED_EDGE('',*,*,#2194,.T.);
#1238=ORIENTED_EDGE('',*,*,#2135,.T.);
#1239=ORIENTED_EDGE('',*,*,#2139,.F.);
#1240=ORIENTED_EDGE('',*,*,#2131,.T.);
#1241=ORIENTED_EDGE('',*,*,#2145,.F.);
#1242=ORIENTED_EDGE('',*,*,#1974,.F.);
#1243=ORIENTED_EDGE('',*,*,#2167,.F.);
#1244=ORIENTED_EDGE('',*,*,#1952,.F.);
#1245=ORIENTED_EDGE('',*,*,#2144,.F.);
#1246=ORIENTED_EDGE('',*,*,#1958,.F.);
#1247=ORIENTED_EDGE('',*,*,#2143,.T.);
#1248=ORIENTED_EDGE('',*,*,#1936,.F.);
#1249=ORIENTED_EDGE('',*,*,#2142,.T.);
#1250=ORIENTED_EDGE('',*,*,#1942,.F.);
#1251=ORIENTED_EDGE('',*,*,#2141,.T.);
#1252=ORIENTED_EDGE('',*,*,#1920,.F.);
#1253=ORIENTED_EDGE('',*,*,#2140,.F.);
#1254=ORIENTED_EDGE('',*,*,#1926,.F.);
#1255=ORIENTED_EDGE('',*,*,#2165,.F.);
#1256=ORIENTED_EDGE('',*,*,#1904,.F.);
#1257=ORIENTED_EDGE('',*,*,#2159,.T.);
#1258=ORIENTED_EDGE('',*,*,#1910,.F.);
#1259=ORIENTED_EDGE('',*,*,#2158,.T.);
#1260=ORIENTED_EDGE('',*,*,#2157,.T.);
#1261=ORIENTED_EDGE('',*,*,#2156,.T.);
#1262=ORIENTED_EDGE('',*,*,#2162,.T.);
#1263=ORIENTED_EDGE('',*,*,#2161,.T.);
#1264=ORIENTED_EDGE('',*,*,#2195,.F.);
#1265=ORIENTED_EDGE('',*,*,#2163,.T.);
#1266=ORIENTED_EDGE('',*,*,#2168,.T.);
#1267=ORIENTED_EDGE('',*,*,#2181,.T.);
#1268=ORIENTED_EDGE('',*,*,#2169,.T.);
#1269=ORIENTED_EDGE('',*,*,#2179,.T.);
#1270=ORIENTED_EDGE('',*,*,#2158,.F.);
#1271=ORIENTED_EDGE('',*,*,#1907,.F.);
#1272=ORIENTED_EDGE('',*,*,#1914,.F.);
#1273=ORIENTED_EDGE('',*,*,#1899,.F.);
#1274=ORIENTED_EDGE('',*,*,#1911,.F.);
#1275=ORIENTED_EDGE('',*,*,#1903,.F.);
#1276=ORIENTED_EDGE('',*,*,#2165,.T.);
#1277=ORIENTED_EDGE('',*,*,#1923,.F.);
#1278=ORIENTED_EDGE('',*,*,#1930,.F.);
#1279=ORIENTED_EDGE('',*,*,#1915,.F.);
#1280=ORIENTED_EDGE('',*,*,#1927,.F.);
#1281=ORIENTED_EDGE('',*,*,#1919,.F.);
#1282=ORIENTED_EDGE('',*,*,#2141,.F.);
#1283=ORIENTED_EDGE('',*,*,#1939,.F.);
#1284=ORIENTED_EDGE('',*,*,#1946,.F.);
#1285=ORIENTED_EDGE('',*,*,#1931,.F.);
#1286=ORIENTED_EDGE('',*,*,#1943,.F.);
#1287=ORIENTED_EDGE('',*,*,#1935,.F.);
#1288=ORIENTED_EDGE('',*,*,#2143,.F.);
#1289=ORIENTED_EDGE('',*,*,#1955,.F.);
#1290=ORIENTED_EDGE('',*,*,#1962,.F.);
#1291=ORIENTED_EDGE('',*,*,#1947,.F.);
#1292=ORIENTED_EDGE('',*,*,#1959,.F.);
#1293=ORIENTED_EDGE('',*,*,#1951,.F.);
#1294=ORIENTED_EDGE('',*,*,#2167,.T.);
#1295=ORIENTED_EDGE('',*,*,#1971,.F.);
#1296=ORIENTED_EDGE('',*,*,#1978,.F.);
#1297=ORIENTED_EDGE('',*,*,#2198,.F.);
#1298=ORIENTED_EDGE('',*,*,#2197,.F.);
#1299=ORIENTED_EDGE('',*,*,#2200,.F.);
#1300=ORIENTED_EDGE('',*,*,#2201,.F.);
#1301=ORIENTED_EDGE('',*,*,#2202,.F.);
#1302=ORIENTED_EDGE('',*,*,#2199,.F.);
#1303=ORIENTED_EDGE('',*,*,#2204,.F.);
#1304=ORIENTED_EDGE('',*,*,#2205,.F.);
#1305=ORIENTED_EDGE('',*,*,#2206,.F.);
#1306=ORIENTED_EDGE('',*,*,#2203,.F.);
#1307=ORIENTED_EDGE('',*,*,#2208,.F.);
#1308=ORIENTED_EDGE('',*,*,#2209,.F.);
#1309=ORIENTED_EDGE('',*,*,#2210,.F.);
#1310=ORIENTED_EDGE('',*,*,#2207,.F.);
#1311=ORIENTED_EDGE('',*,*,#2206,.T.);
#1312=ORIENTED_EDGE('',*,*,#2212,.F.);
#1313=ORIENTED_EDGE('',*,*,#2200,.T.);
#1314=ORIENTED_EDGE('',*,*,#2211,.F.);
#1315=ORIENTED_EDGE('',*,*,#2208,.T.);
#1316=ORIENTED_EDGE('',*,*,#2214,.F.);
#1317=ORIENTED_EDGE('',*,*,#2202,.T.);
#1318=ORIENTED_EDGE('',*,*,#2213,.T.);
#1319=ORIENTED_EDGE('',*,*,#2209,.T.);
#1320=ORIENTED_EDGE('',*,*,#2213,.F.);
#1321=ORIENTED_EDGE('',*,*,#2201,.T.);
#1322=ORIENTED_EDGE('',*,*,#2212,.T.);
#1323=ORIENTED_EDGE('',*,*,#2205,.T.);
#1324=ORIENTED_EDGE('',*,*,#2459,.T.);
#1325=ORIENTED_EDGE('',*,*,#2216,.F.);
#1326=ORIENTED_EDGE('',*,*,#2217,.F.);
#1327=ORIENTED_EDGE('',*,*,#2218,.F.);
#1328=ORIENTED_EDGE('',*,*,#2215,.F.);
#1329=ORIENTED_EDGE('',*,*,#2220,.F.);
#1330=ORIENTED_EDGE('',*,*,#2221,.F.);
#1331=ORIENTED_EDGE('',*,*,#2222,.F.);
#1332=ORIENTED_EDGE('',*,*,#2219,.F.);
#1333=ORIENTED_EDGE('',*,*,#2224,.F.);
#1334=ORIENTED_EDGE('',*,*,#2225,.F.);
#1335=ORIENTED_EDGE('',*,*,#2226,.F.);
#1336=ORIENTED_EDGE('',*,*,#2223,.F.);
#1337=ORIENTED_EDGE('',*,*,#2222,.T.);
#1338=ORIENTED_EDGE('',*,*,#2228,.F.);
#1339=ORIENTED_EDGE('',*,*,#2216,.T.);
#1340=ORIENTED_EDGE('',*,*,#2227,.F.);
#1341=ORIENTED_EDGE('',*,*,#2224,.T.);
#1342=ORIENTED_EDGE('',*,*,#2230,.F.);
#1343=ORIENTED_EDGE('',*,*,#2218,.T.);
#1344=ORIENTED_EDGE('',*,*,#2229,.T.);
#1345=ORIENTED_EDGE('',*,*,#2225,.T.);
#1346=ORIENTED_EDGE('',*,*,#2229,.F.);
#1347=ORIENTED_EDGE('',*,*,#2217,.T.);
#1348=ORIENTED_EDGE('',*,*,#2228,.T.);
#1349=ORIENTED_EDGE('',*,*,#2221,.T.);
#1350=ORIENTED_EDGE('',*,*,#2440,.F.);
#1351=ORIENTED_EDGE('',*,*,#2232,.F.);
#1352=ORIENTED_EDGE('',*,*,#2233,.F.);
#1353=ORIENTED_EDGE('',*,*,#2234,.F.);
#1354=ORIENTED_EDGE('',*,*,#2231,.F.);
#1355=ORIENTED_EDGE('',*,*,#2236,.F.);
#1356=ORIENTED_EDGE('',*,*,#2237,.F.);
#1357=ORIENTED_EDGE('',*,*,#2238,.F.);
#1358=ORIENTED_EDGE('',*,*,#2235,.F.);
#1359=ORIENTED_EDGE('',*,*,#2240,.F.);
#1360=ORIENTED_EDGE('',*,*,#2241,.F.);
#1361=ORIENTED_EDGE('',*,*,#2242,.F.);
#1362=ORIENTED_EDGE('',*,*,#2239,.F.);
#1363=ORIENTED_EDGE('',*,*,#2238,.T.);
#1364=ORIENTED_EDGE('',*,*,#2244,.T.);
#1365=ORIENTED_EDGE('',*,*,#2232,.T.);
#1366=ORIENTED_EDGE('',*,*,#2243,.F.);
#1367=ORIENTED_EDGE('',*,*,#2240,.T.);
#1368=ORIENTED_EDGE('',*,*,#2246,.F.);
#1369=ORIENTED_EDGE('',*,*,#2234,.T.);
#1370=ORIENTED_EDGE('',*,*,#2245,.F.);
#1371=ORIENTED_EDGE('',*,*,#2241,.T.);
#1372=ORIENTED_EDGE('',*,*,#2245,.T.);
#1373=ORIENTED_EDGE('',*,*,#2233,.T.);
#1374=ORIENTED_EDGE('',*,*,#2244,.F.);
#1375=ORIENTED_EDGE('',*,*,#2237,.T.);
#1376=ORIENTED_EDGE('',*,*,#2442,.T.);
#1377=ORIENTED_EDGE('',*,*,#2248,.F.);
#1378=ORIENTED_EDGE('',*,*,#2249,.F.);
#1379=ORIENTED_EDGE('',*,*,#2250,.F.);
#1380=ORIENTED_EDGE('',*,*,#2247,.F.);
#1381=ORIENTED_EDGE('',*,*,#2252,.F.);
#1382=ORIENTED_EDGE('',*,*,#2253,.F.);
#1383=ORIENTED_EDGE('',*,*,#2254,.F.);
#1384=ORIENTED_EDGE('',*,*,#2251,.F.);
#1385=ORIENTED_EDGE('',*,*,#2256,.F.);
#1386=ORIENTED_EDGE('',*,*,#2257,.F.);
#1387=ORIENTED_EDGE('',*,*,#2258,.F.);
#1388=ORIENTED_EDGE('',*,*,#2255,.F.);
#1389=ORIENTED_EDGE('',*,*,#2254,.T.);
#1390=ORIENTED_EDGE('',*,*,#2260,.T.);
#1391=ORIENTED_EDGE('',*,*,#2248,.T.);
#1392=ORIENTED_EDGE('',*,*,#2259,.F.);
#1393=ORIENTED_EDGE('',*,*,#2256,.T.);
#1394=ORIENTED_EDGE('',*,*,#2262,.F.);
#1395=ORIENTED_EDGE('',*,*,#2250,.T.);
#1396=ORIENTED_EDGE('',*,*,#2261,.F.);
#1397=ORIENTED_EDGE('',*,*,#2257,.T.);
#1398=ORIENTED_EDGE('',*,*,#2261,.T.);
#1399=ORIENTED_EDGE('',*,*,#2249,.T.);
#1400=ORIENTED_EDGE('',*,*,#2260,.F.);
#1401=ORIENTED_EDGE('',*,*,#2253,.T.);
#1402=ORIENTED_EDGE('',*,*,#2444,.F.);
#1403=ORIENTED_EDGE('',*,*,#2264,.F.);
#1404=ORIENTED_EDGE('',*,*,#2265,.F.);
#1405=ORIENTED_EDGE('',*,*,#2266,.F.);
#1406=ORIENTED_EDGE('',*,*,#2498,.F.);
#1407=ORIENTED_EDGE('',*,*,#2263,.F.);
#1408=ORIENTED_EDGE('',*,*,#2268,.F.);
#1409=ORIENTED_EDGE('',*,*,#2269,.F.);
#1410=ORIENTED_EDGE('',*,*,#2270,.F.);
#1411=ORIENTED_EDGE('',*,*,#2267,.F.);
#1412=ORIENTED_EDGE('',*,*,#2272,.F.);
#1413=ORIENTED_EDGE('',*,*,#2273,.F.);
#1414=ORIENTED_EDGE('',*,*,#2274,.F.);
#1415=ORIENTED_EDGE('',*,*,#2271,.F.);
#1416=ORIENTED_EDGE('',*,*,#2270,.T.);
#1417=ORIENTED_EDGE('',*,*,#2276,.F.);
#1418=ORIENTED_EDGE('',*,*,#2264,.T.);
#1419=ORIENTED_EDGE('',*,*,#2275,.F.);
#1420=ORIENTED_EDGE('',*,*,#2272,.T.);
#1421=ORIENTED_EDGE('',*,*,#2278,.F.);
#1422=ORIENTED_EDGE('',*,*,#2266,.T.);
#1423=ORIENTED_EDGE('',*,*,#2277,.T.);
#1424=ORIENTED_EDGE('',*,*,#2273,.T.);
#1425=ORIENTED_EDGE('',*,*,#2277,.F.);
#1426=ORIENTED_EDGE('',*,*,#2265,.T.);
#1427=ORIENTED_EDGE('',*,*,#2276,.T.);
#1428=ORIENTED_EDGE('',*,*,#2269,.T.);
#1429=ORIENTED_EDGE('',*,*,#2496,.F.);
#1430=ORIENTED_EDGE('',*,*,#2445,.F.);
#1431=ORIENTED_EDGE('',*,*,#2280,.F.);
#1432=ORIENTED_EDGE('',*,*,#2281,.F.);
#1433=ORIENTED_EDGE('',*,*,#2282,.F.);
#1434=ORIENTED_EDGE('',*,*,#2279,.F.);
#1435=ORIENTED_EDGE('',*,*,#2284,.F.);
#1436=ORIENTED_EDGE('',*,*,#2285,.F.);
#1437=ORIENTED_EDGE('',*,*,#2286,.F.);
#1438=ORIENTED_EDGE('',*,*,#2283,.F.);
#1439=ORIENTED_EDGE('',*,*,#2288,.F.);
#1440=ORIENTED_EDGE('',*,*,#2289,.F.);
#1441=ORIENTED_EDGE('',*,*,#2290,.F.);
#1442=ORIENTED_EDGE('',*,*,#2287,.F.);
#1443=ORIENTED_EDGE('',*,*,#2286,.T.);
#1444=ORIENTED_EDGE('',*,*,#2292,.T.);
#1445=ORIENTED_EDGE('',*,*,#2280,.T.);
#1446=ORIENTED_EDGE('',*,*,#2291,.F.);
#1447=ORIENTED_EDGE('',*,*,#2288,.T.);
#1448=ORIENTED_EDGE('',*,*,#2294,.F.);
#1449=ORIENTED_EDGE('',*,*,#2282,.T.);
#1450=ORIENTED_EDGE('',*,*,#2293,.T.);
#1451=ORIENTED_EDGE('',*,*,#2289,.T.);
#1452=ORIENTED_EDGE('',*,*,#2293,.F.);
#1453=ORIENTED_EDGE('',*,*,#2281,.T.);
#1454=ORIENTED_EDGE('',*,*,#2292,.F.);
#1455=ORIENTED_EDGE('',*,*,#2285,.T.);
#1456=ORIENTED_EDGE('',*,*,#2447,.F.);
#1457=ORIENTED_EDGE('',*,*,#2296,.F.);
#1458=ORIENTED_EDGE('',*,*,#2297,.F.);
#1459=ORIENTED_EDGE('',*,*,#2298,.F.);
#1460=ORIENTED_EDGE('',*,*,#2295,.F.);
#1461=ORIENTED_EDGE('',*,*,#2300,.F.);
#1462=ORIENTED_EDGE('',*,*,#2301,.F.);
#1463=ORIENTED_EDGE('',*,*,#2302,.F.);
#1464=ORIENTED_EDGE('',*,*,#2299,.F.);
#1465=ORIENTED_EDGE('',*,*,#2304,.F.);
#1466=ORIENTED_EDGE('',*,*,#2305,.F.);
#1467=ORIENTED_EDGE('',*,*,#2306,.F.);
#1468=ORIENTED_EDGE('',*,*,#2303,.F.);
#1469=ORIENTED_EDGE('',*,*,#2302,.T.);
#1470=ORIENTED_EDGE('',*,*,#2308,.F.);
#1471=ORIENTED_EDGE('',*,*,#2296,.T.);
#1472=ORIENTED_EDGE('',*,*,#2307,.F.);
#1473=ORIENTED_EDGE('',*,*,#2304,.T.);
#1474=ORIENTED_EDGE('',*,*,#2310,.F.);
#1475=ORIENTED_EDGE('',*,*,#2298,.T.);
#1476=ORIENTED_EDGE('',*,*,#2309,.F.);
#1477=ORIENTED_EDGE('',*,*,#2305,.T.);
#1478=ORIENTED_EDGE('',*,*,#2309,.T.);
#1479=ORIENTED_EDGE('',*,*,#2297,.T.);
#1480=ORIENTED_EDGE('',*,*,#2308,.T.);
#1481=ORIENTED_EDGE('',*,*,#2301,.T.);
#1482=ORIENTED_EDGE('',*,*,#2448,.F.);
#1483=ORIENTED_EDGE('',*,*,#2312,.F.);
#1484=ORIENTED_EDGE('',*,*,#2313,.F.);
#1485=ORIENTED_EDGE('',*,*,#2314,.F.);
#1486=ORIENTED_EDGE('',*,*,#2311,.F.);
#1487=ORIENTED_EDGE('',*,*,#2316,.F.);
#1488=ORIENTED_EDGE('',*,*,#2317,.F.);
#1489=ORIENTED_EDGE('',*,*,#2318,.F.);
#1490=ORIENTED_EDGE('',*,*,#2315,.F.);
#1491=ORIENTED_EDGE('',*,*,#2320,.F.);
#1492=ORIENTED_EDGE('',*,*,#2321,.F.);
#1493=ORIENTED_EDGE('',*,*,#2322,.F.);
#1494=ORIENTED_EDGE('',*,*,#2319,.F.);
#1495=ORIENTED_EDGE('',*,*,#2318,.T.);
#1496=ORIENTED_EDGE('',*,*,#2324,.T.);
#1497=ORIENTED_EDGE('',*,*,#2312,.T.);
#1498=ORIENTED_EDGE('',*,*,#2323,.T.);
#1499=ORIENTED_EDGE('',*,*,#2320,.T.);
#1500=ORIENTED_EDGE('',*,*,#2326,.F.);
#1501=ORIENTED_EDGE('',*,*,#2314,.T.);
#1502=ORIENTED_EDGE('',*,*,#2325,.F.);
#1503=ORIENTED_EDGE('',*,*,#2321,.T.);
#1504=ORIENTED_EDGE('',*,*,#2325,.T.);
#1505=ORIENTED_EDGE('',*,*,#2313,.T.);
#1506=ORIENTED_EDGE('',*,*,#2324,.F.);
#1507=ORIENTED_EDGE('',*,*,#2317,.T.);
#1508=ORIENTED_EDGE('',*,*,#2450,.F.);
#1509=ORIENTED_EDGE('',*,*,#2328,.F.);
#1510=ORIENTED_EDGE('',*,*,#2329,.F.);
#1511=ORIENTED_EDGE('',*,*,#2330,.F.);
#1512=ORIENTED_EDGE('',*,*,#2327,.F.);
#1513=ORIENTED_EDGE('',*,*,#2332,.F.);
#1514=ORIENTED_EDGE('',*,*,#2333,.F.);
#1515=ORIENTED_EDGE('',*,*,#2334,.F.);
#1516=ORIENTED_EDGE('',*,*,#2331,.F.);
#1517=ORIENTED_EDGE('',*,*,#2336,.F.);
#1518=ORIENTED_EDGE('',*,*,#2337,.F.);
#1519=ORIENTED_EDGE('',*,*,#2338,.F.);
#1520=ORIENTED_EDGE('',*,*,#2335,.F.);
#1521=ORIENTED_EDGE('',*,*,#2334,.T.);
#1522=ORIENTED_EDGE('',*,*,#2340,.F.);
#1523=ORIENTED_EDGE('',*,*,#2328,.T.);
#1524=ORIENTED_EDGE('',*,*,#2339,.F.);
#1525=ORIENTED_EDGE('',*,*,#2336,.T.);
#1526=ORIENTED_EDGE('',*,*,#2342,.F.);
#1527=ORIENTED_EDGE('',*,*,#2330,.T.);
#1528=ORIENTED_EDGE('',*,*,#2341,.F.);
#1529=ORIENTED_EDGE('',*,*,#2337,.T.);
#1530=ORIENTED_EDGE('',*,*,#2341,.T.);
#1531=ORIENTED_EDGE('',*,*,#2329,.T.);
#1532=ORIENTED_EDGE('',*,*,#2340,.T.);
#1533=ORIENTED_EDGE('',*,*,#2333,.T.);
#1534=ORIENTED_EDGE('',*,*,#2452,.F.);
#1535=ORIENTED_EDGE('',*,*,#2437,.T.);
#1536=ORIENTED_EDGE('',*,*,#2436,.T.);
#1537=ORIENTED_EDGE('',*,*,#2460,.T.);
#1538=ORIENTED_EDGE('',*,*,#2461,.T.);
#1539=ORIENTED_EDGE('',*,*,#2463,.T.);
#1540=ORIENTED_EDGE('',*,*,#2464,.T.);
#1541=ORIENTED_EDGE('',*,*,#2409,.T.);
#1542=ORIENTED_EDGE('',*,*,#2408,.T.);
#1543=ORIENTED_EDGE('',*,*,#2373,.F.);
#1544=ORIENTED_EDGE('',*,*,#2377,.F.);
#1545=ORIENTED_EDGE('',*,*,#2343,.F.);
#1546=ORIENTED_EDGE('',*,*,#2382,.F.);
#1547=ORIENTED_EDGE('',*,*,#2344,.F.);
#1548=ORIENTED_EDGE('',*,*,#2387,.F.);
#1549=ORIENTED_EDGE('',*,*,#2390,.F.);
#1550=ORIENTED_EDGE('',*,*,#2393,.F.);
#1551=ORIENTED_EDGE('',*,*,#2345,.F.);
#1552=ORIENTED_EDGE('',*,*,#2396,.F.);
#1553=ORIENTED_EDGE('',*,*,#2346,.F.);
#1554=ORIENTED_EDGE('',*,*,#2402,.F.);
#1555=ORIENTED_EDGE('',*,*,#2347,.F.);
#1556=ORIENTED_EDGE('',*,*,#2348,.F.);
#1557=ORIENTED_EDGE('',*,*,#2349,.F.);
#1558=ORIENTED_EDGE('',*,*,#2350,.F.);
#1559=ORIENTED_EDGE('',*,*,#2405,.T.);
#1560=ORIENTED_EDGE('',*,*,#2351,.T.);
#1561=ORIENTED_EDGE('',*,*,#2407,.T.);
#1562=ORIENTED_EDGE('',*,*,#2352,.T.);
#1563=ORIENTED_EDGE('',*,*,#2354,.F.);
#1564=ORIENTED_EDGE('',*,*,#2350,.T.);
#1565=ORIENTED_EDGE('',*,*,#2355,.F.);
#1566=ORIENTED_EDGE('',*,*,#2356,.F.);
#1567=ORIENTED_EDGE('',*,*,#2357,.F.);
#1568=ORIENTED_EDGE('',*,*,#2358,.F.);
#1569=ORIENTED_EDGE('',*,*,#2351,.F.);
#1570=ORIENTED_EDGE('',*,*,#2359,.F.);
#1571=ORIENTED_EDGE('',*,*,#2360,.F.);
#1572=ORIENTED_EDGE('',*,*,#2353,.F.);
#1573=ORIENTED_EDGE('',*,*,#2362,.F.);
#1574=ORIENTED_EDGE('',*,*,#2347,.T.);
#1575=ORIENTED_EDGE('',*,*,#2354,.T.);
#1576=ORIENTED_EDGE('',*,*,#2353,.T.);
#1577=ORIENTED_EDGE('',*,*,#2363,.F.);
#1578=ORIENTED_EDGE('',*,*,#2361,.F.);
#1579=ORIENTED_EDGE('',*,*,#2348,.T.);
#1580=ORIENTED_EDGE('',*,*,#2362,.T.);
#1581=ORIENTED_EDGE('',*,*,#2361,.T.);
#1582=ORIENTED_EDGE('',*,*,#2364,.T.);
#1583=ORIENTED_EDGE('',*,*,#2365,.T.);
#1584=ORIENTED_EDGE('',*,*,#2352,.F.);
#1585=ORIENTED_EDGE('',*,*,#2366,.T.);
#1586=ORIENTED_EDGE('',*,*,#2367,.T.);
#1587=ORIENTED_EDGE('',*,*,#2368,.T.);
#1588=ORIENTED_EDGE('',*,*,#2369,.T.);
#1589=ORIENTED_EDGE('',*,*,#2355,.T.);
#1590=ORIENTED_EDGE('',*,*,#2349,.T.);
#1591=ORIENTED_EDGE('',*,*,#2369,.F.);
#1592=ORIENTED_EDGE('',*,*,#2368,.F.);
#1593=ORIENTED_EDGE('',*,*,#2370,.F.);
#1594=ORIENTED_EDGE('',*,*,#2356,.T.);
#1595=ORIENTED_EDGE('',*,*,#2372,.F.);
#1596=ORIENTED_EDGE('',*,*,#2373,.T.);
#1597=ORIENTED_EDGE('',*,*,#2374,.F.);
#1598=ORIENTED_EDGE('',*,*,#2371,.F.);
#1599=ORIENTED_EDGE('',*,*,#2375,.T.);
#1600=ORIENTED_EDGE('',*,*,#2376,.T.);
#1601=ORIENTED_EDGE('',*,*,#2377,.T.);
#1602=ORIENTED_EDGE('',*,*,#2372,.T.);
#1603=ORIENTED_EDGE('',*,*,#2378,.T.);
#1604=ORIENTED_EDGE('',*,*,#2379,.T.);
#1605=ORIENTED_EDGE('',*,*,#2343,.T.);
#1606=ORIENTED_EDGE('',*,*,#2376,.F.);
#1607=ORIENTED_EDGE('',*,*,#2381,.F.);
#1608=ORIENTED_EDGE('',*,*,#2382,.T.);
#1609=ORIENTED_EDGE('',*,*,#2379,.F.);
#1610=ORIENTED_EDGE('',*,*,#2380,.F.);
#1611=ORIENTED_EDGE('',*,*,#2383,.T.);
#1612=ORIENTED_EDGE('',*,*,#2384,.T.);
#1613=ORIENTED_EDGE('',*,*,#2344,.T.);
#1614=ORIENTED_EDGE('',*,*,#2381,.T.);
#1615=ORIENTED_EDGE('',*,*,#2386,.F.);
#1616=ORIENTED_EDGE('',*,*,#2387,.T.);
#1617=ORIENTED_EDGE('',*,*,#2384,.F.);
#1618=ORIENTED_EDGE('',*,*,#2385,.F.);
#1619=ORIENTED_EDGE('',*,*,#2389,.F.);
#1620=ORIENTED_EDGE('',*,*,#2390,.T.);
#1621=ORIENTED_EDGE('',*,*,#2386,.T.);
#1622=ORIENTED_EDGE('',*,*,#2388,.F.);
#1623=ORIENTED_EDGE('',*,*,#2391,.T.);
#1624=ORIENTED_EDGE('',*,*,#2392,.T.);
#1625=ORIENTED_EDGE('',*,*,#2393,.T.);
#1626=ORIENTED_EDGE('',*,*,#2389,.T.);
#1627=ORIENTED_EDGE('',*,*,#2394,.T.);
#1628=ORIENTED_EDGE('',*,*,#2395,.T.);
#1629=ORIENTED_EDGE('',*,*,#2345,.T.);
#1630=ORIENTED_EDGE('',*,*,#2392,.F.);
#1631=ORIENTED_EDGE('',*,*,#2395,.F.);
#1632=ORIENTED_EDGE('',*,*,#2397,.F.);
#1633=ORIENTED_EDGE('',*,*,#2398,.F.);
#1634=ORIENTED_EDGE('',*,*,#2396,.T.);
#1635=ORIENTED_EDGE('',*,*,#2399,.T.);
#1636=ORIENTED_EDGE('',*,*,#2400,.T.);
#1637=ORIENTED_EDGE('',*,*,#2346,.T.);
#1638=ORIENTED_EDGE('',*,*,#2398,.T.);
#1639=ORIENTED_EDGE('',*,*,#2374,.T.);
#1640=ORIENTED_EDGE('',*,*,#2402,.T.);
#1641=ORIENTED_EDGE('',*,*,#2400,.F.);
#1642=ORIENTED_EDGE('',*,*,#2401,.F.);
#1643=ORIENTED_EDGE('',*,*,#2408,.F.);
#1644=ORIENTED_EDGE('',*,*,#2410,.T.);
#1645=ORIENTED_EDGE('',*,*,#2404,.F.);
#1646=ORIENTED_EDGE('',*,*,#2359,.T.);
#1647=ORIENTED_EDGE('',*,*,#2405,.F.);
#1648=ORIENTED_EDGE('',*,*,#2358,.T.);
#1649=ORIENTED_EDGE('',*,*,#2485,.F.);
#1650=ORIENTED_EDGE('',*,*,#2484,.F.);
#1651=ORIENTED_EDGE('',*,*,#2486,.T.);
#1652=ORIENTED_EDGE('',*,*,#2414,.T.);
#1653=ORIENTED_EDGE('',*,*,#2415,.F.);
#1654=ORIENTED_EDGE('',*,*,#2412,.T.);
#1655=ORIENTED_EDGE('',*,*,#2487,.T.);
#1656=ORIENTED_EDGE('',*,*,#2416,.T.);
#1657=ORIENTED_EDGE('',*,*,#2418,.F.);
#1658=ORIENTED_EDGE('',*,*,#2412,.F.);
#1659=ORIENTED_EDGE('',*,*,#2488,.T.);
#1660=ORIENTED_EDGE('',*,*,#2416,.F.);
#1661=ORIENTED_EDGE('',*,*,#2421,.F.);
#1662=ORIENTED_EDGE('',*,*,#2420,.T.);
#1663=ORIENTED_EDGE('',*,*,#2489,.T.);
#1664=ORIENTED_EDGE('',*,*,#2423,.T.);
#1665=ORIENTED_EDGE('',*,*,#2424,.F.);
#1666=ORIENTED_EDGE('',*,*,#2414,.F.);
#1667=ORIENTED_EDGE('',*,*,#2419,.F.);
#1668=ORIENTED_EDGE('',*,*,#2420,.F.);
#1669=ORIENTED_EDGE('',*,*,#2401,.T.);
#1670=ORIENTED_EDGE('',*,*,#2399,.F.);
#1671=ORIENTED_EDGE('',*,*,#2397,.T.);
#1672=ORIENTED_EDGE('',*,*,#2394,.F.);
#1673=ORIENTED_EDGE('',*,*,#2391,.F.);
#1674=ORIENTED_EDGE('',*,*,#2388,.T.);
#1675=ORIENTED_EDGE('',*,*,#2385,.T.);
#1676=ORIENTED_EDGE('',*,*,#2383,.F.);
#1677=ORIENTED_EDGE('',*,*,#2380,.T.);
#1678=ORIENTED_EDGE('',*,*,#2378,.F.);
#1679=ORIENTED_EDGE('',*,*,#2375,.F.);
#1680=ORIENTED_EDGE('',*,*,#2371,.T.);
#1681=ORIENTED_EDGE('',*,*,#2357,.T.);
#1682=ORIENTED_EDGE('',*,*,#2370,.T.);
#1683=ORIENTED_EDGE('',*,*,#2367,.F.);
#1684=ORIENTED_EDGE('',*,*,#2406,.T.);
#1685=ORIENTED_EDGE('',*,*,#2485,.T.);
#1686=ORIENTED_EDGE('',*,*,#2360,.T.);
#1687=ORIENTED_EDGE('',*,*,#2404,.T.);
#1688=ORIENTED_EDGE('',*,*,#2403,.T.);
#1689=ORIENTED_EDGE('',*,*,#2364,.F.);
#1690=ORIENTED_EDGE('',*,*,#2363,.T.);
#1691=ORIENTED_EDGE('',*,*,#2490,.T.);
#1692=ORIENTED_EDGE('',*,*,#2423,.F.);
#1693=ORIENTED_EDGE('',*,*,#2427,.F.);
#1694=ORIENTED_EDGE('',*,*,#2425,.T.);
#1695=ORIENTED_EDGE('',*,*,#2491,.T.);
#1696=ORIENTED_EDGE('',*,*,#2425,.F.);
#1697=ORIENTED_EDGE('',*,*,#2430,.F.);
#1698=ORIENTED_EDGE('',*,*,#2429,.T.);
#1699=ORIENTED_EDGE('',*,*,#2492,.T.);
#1700=ORIENTED_EDGE('',*,*,#2429,.F.);
#1701=ORIENTED_EDGE('',*,*,#2433,.F.);
#1702=ORIENTED_EDGE('',*,*,#2432,.T.);
#1703=ORIENTED_EDGE('',*,*,#2493,.T.);
#1704=ORIENTED_EDGE('',*,*,#2434,.T.);
#1705=ORIENTED_EDGE('',*,*,#2438,.F.);
#1706=ORIENTED_EDGE('',*,*,#2437,.F.);
#1707=ORIENTED_EDGE('',*,*,#2494,.T.);
#1708=ORIENTED_EDGE('',*,*,#2434,.F.);
#1709=ORIENTED_EDGE('',*,*,#2439,.F.);
#1710=ORIENTED_EDGE('',*,*,#2432,.F.);
#1711=ORIENTED_EDGE('',*,*,#2496,.T.);
#1712=ORIENTED_EDGE('',*,*,#2268,.T.);
#1713=ORIENTED_EDGE('',*,*,#2446,.F.);
#1714=ORIENTED_EDGE('',*,*,#2290,.T.);
#1715=ORIENTED_EDGE('',*,*,#2447,.T.);
#1716=ORIENTED_EDGE('',*,*,#2284,.T.);
#1717=ORIENTED_EDGE('',*,*,#2466,.T.);
#1718=ORIENTED_EDGE('',*,*,#2306,.T.);
#1719=ORIENTED_EDGE('',*,*,#2448,.T.);
#1720=ORIENTED_EDGE('',*,*,#2300,.T.);
#1721=ORIENTED_EDGE('',*,*,#2449,.F.);
#1722=ORIENTED_EDGE('',*,*,#2322,.T.);
#1723=ORIENTED_EDGE('',*,*,#2450,.T.);
#1724=ORIENTED_EDGE('',*,*,#2316,.T.);
#1725=ORIENTED_EDGE('',*,*,#2451,.F.);
#1726=ORIENTED_EDGE('',*,*,#2338,.T.);
#1727=ORIENTED_EDGE('',*,*,#2452,.T.);
#1728=ORIENTED_EDGE('',*,*,#2332,.T.);
#1729=ORIENTED_EDGE('',*,*,#2453,.F.);
#1730=ORIENTED_EDGE('',*,*,#2454,.F.);
#1731=ORIENTED_EDGE('',*,*,#2455,.F.);
#1732=ORIENTED_EDGE('',*,*,#2462,.T.);
#1733=ORIENTED_EDGE('',*,*,#2460,.F.);
#1734=ORIENTED_EDGE('',*,*,#2495,.F.);
#1735=ORIENTED_EDGE('',*,*,#2464,.F.);
#1736=ORIENTED_EDGE('',*,*,#2468,.T.);
#1737=ORIENTED_EDGE('',*,*,#2483,.F.);
#1738=ORIENTED_EDGE('',*,*,#2475,.F.);
#1739=ORIENTED_EDGE('',*,*,#2477,.F.);
#1740=ORIENTED_EDGE('',*,*,#2453,.T.);
#1741=ORIENTED_EDGE('',*,*,#2331,.T.);
#1742=ORIENTED_EDGE('',*,*,#2339,.T.);
#1743=ORIENTED_EDGE('',*,*,#2327,.T.);
#1744=ORIENTED_EDGE('',*,*,#2342,.T.);
#1745=ORIENTED_EDGE('',*,*,#2335,.T.);
#1746=ORIENTED_EDGE('',*,*,#2451,.T.);
#1747=ORIENTED_EDGE('',*,*,#2315,.T.);
#1748=ORIENTED_EDGE('',*,*,#2323,.F.);
#1749=ORIENTED_EDGE('',*,*,#2311,.T.);
#1750=ORIENTED_EDGE('',*,*,#2326,.T.);
#1751=ORIENTED_EDGE('',*,*,#2319,.T.);
#1752=ORIENTED_EDGE('',*,*,#2449,.T.);
#1753=ORIENTED_EDGE('',*,*,#2299,.T.);
#1754=ORIENTED_EDGE('',*,*,#2307,.T.);
#1755=ORIENTED_EDGE('',*,*,#2295,.T.);
#1756=ORIENTED_EDGE('',*,*,#2310,.T.);
#1757=ORIENTED_EDGE('',*,*,#2303,.T.);
#1758=ORIENTED_EDGE('',*,*,#2466,.F.);
#1759=ORIENTED_EDGE('',*,*,#2283,.T.);
#1760=ORIENTED_EDGE('',*,*,#2291,.T.);
#1761=ORIENTED_EDGE('',*,*,#2279,.T.);
#1762=ORIENTED_EDGE('',*,*,#2294,.T.);
#1763=ORIENTED_EDGE('',*,*,#2287,.T.);
#1764=ORIENTED_EDGE('',*,*,#2446,.T.);
#1765=ORIENTED_EDGE('',*,*,#2267,.T.);
#1766=ORIENTED_EDGE('',*,*,#2275,.T.);
#1767=ORIENTED_EDGE('',*,*,#2263,.T.);
#1768=ORIENTED_EDGE('',*,*,#2497,.F.);
#1769=ORIENTED_EDGE('',*,*,#2470,.F.);
#1770=ORIENTED_EDGE('',*,*,#2471,.F.);
#1771=ORIENTED_EDGE('',*,*,#2472,.F.);
#1772=ORIENTED_EDGE('',*,*,#2469,.T.);
#1773=ORIENTED_EDGE('',*,*,#2474,.F.);
#1774=ORIENTED_EDGE('',*,*,#2475,.T.);
#1775=ORIENTED_EDGE('',*,*,#2476,.F.);
#1776=ORIENTED_EDGE('',*,*,#2473,.F.);
#1777=ORIENTED_EDGE('',*,*,#2478,.F.);
#1778=ORIENTED_EDGE('',*,*,#2473,.T.);
#1779=ORIENTED_EDGE('',*,*,#2482,.T.);
#1780=ORIENTED_EDGE('',*,*,#2471,.T.);
#1781=ORIENTED_EDGE('',*,*,#2480,.F.);
#1782=ORIENTED_EDGE('',*,*,#2456,.T.);
#1783=ORIENTED_EDGE('',*,*,#2455,.T.);
#1784=ORIENTED_EDGE('',*,*,#2474,.T.);
#1785=ORIENTED_EDGE('',*,*,#2478,.T.);
#1786=ORIENTED_EDGE('',*,*,#2454,.T.);
#1787=ORIENTED_EDGE('',*,*,#2477,.T.);
#1788=ORIENTED_EDGE('',*,*,#2457,.T.);
#1789=ORIENTED_EDGE('',*,*,#2480,.T.);
#1790=ORIENTED_EDGE('',*,*,#2470,.T.);
#1791=ORIENTED_EDGE('',*,*,#2479,.T.);
#1792=ORIENTED_EDGE('',*,*,#2472,.T.);
#1793=ORIENTED_EDGE('',*,*,#2482,.F.);
#1794=ORIENTED_EDGE('',*,*,#2476,.T.);
#1795=ORIENTED_EDGE('',*,*,#2483,.T.);
#1796=ORIENTED_EDGE('',*,*,#2481,.T.);
#1797=ORIENTED_EDGE('',*,*,#2484,.T.);
#1798=ORIENTED_EDGE('',*,*,#2406,.F.);
#1799=ORIENTED_EDGE('',*,*,#2366,.F.);
#1800=ORIENTED_EDGE('',*,*,#2407,.F.);
#1801=ORIENTED_EDGE('',*,*,#2365,.F.);
#1802=ORIENTED_EDGE('',*,*,#2403,.F.);
#1803=ORIENTED_EDGE('',*,*,#2410,.F.);
#1804=ORIENTED_EDGE('',*,*,#2409,.F.);
#1805=ORIENTED_EDGE('',*,*,#2411,.T.);
#1806=ORIENTED_EDGE('',*,*,#2415,.T.);
#1807=ORIENTED_EDGE('',*,*,#2413,.T.);
#1808=ORIENTED_EDGE('',*,*,#2486,.F.);
#1809=ORIENTED_EDGE('',*,*,#2411,.F.);
#1810=ORIENTED_EDGE('',*,*,#2418,.T.);
#1811=ORIENTED_EDGE('',*,*,#2417,.T.);
#1812=ORIENTED_EDGE('',*,*,#2487,.F.);
#1813=ORIENTED_EDGE('',*,*,#2419,.T.);
#1814=ORIENTED_EDGE('',*,*,#2421,.T.);
#1815=ORIENTED_EDGE('',*,*,#2417,.F.);
#1816=ORIENTED_EDGE('',*,*,#2488,.F.);
#1817=ORIENTED_EDGE('',*,*,#2413,.F.);
#1818=ORIENTED_EDGE('',*,*,#2424,.T.);
#1819=ORIENTED_EDGE('',*,*,#2422,.T.);
#1820=ORIENTED_EDGE('',*,*,#2489,.F.);
#1821=ORIENTED_EDGE('',*,*,#2426,.T.);
#1822=ORIENTED_EDGE('',*,*,#2427,.T.);
#1823=ORIENTED_EDGE('',*,*,#2422,.F.);
#1824=ORIENTED_EDGE('',*,*,#2490,.F.);
#1825=ORIENTED_EDGE('',*,*,#2428,.T.);
#1826=ORIENTED_EDGE('',*,*,#2430,.T.);
#1827=ORIENTED_EDGE('',*,*,#2426,.F.);
#1828=ORIENTED_EDGE('',*,*,#2491,.F.);
#1829=ORIENTED_EDGE('',*,*,#2431,.T.);
#1830=ORIENTED_EDGE('',*,*,#2433,.T.);
#1831=ORIENTED_EDGE('',*,*,#2428,.F.);
#1832=ORIENTED_EDGE('',*,*,#2492,.F.);
#1833=ORIENTED_EDGE('',*,*,#2436,.F.);
#1834=ORIENTED_EDGE('',*,*,#2438,.T.);
#1835=ORIENTED_EDGE('',*,*,#2435,.T.);
#1836=ORIENTED_EDGE('',*,*,#2493,.F.);
#1837=ORIENTED_EDGE('',*,*,#2431,.F.);
#1838=ORIENTED_EDGE('',*,*,#2439,.T.);
#1839=ORIENTED_EDGE('',*,*,#2435,.F.);
#1840=ORIENTED_EDGE('',*,*,#2494,.F.);
#1841=ORIENTED_EDGE('',*,*,#2495,.T.);
#1842=ORIENTED_EDGE('',*,*,#2461,.F.);
#1843=ORIENTED_EDGE('',*,*,#2462,.F.);
#1844=ORIENTED_EDGE('',*,*,#2456,.F.);
#1845=ORIENTED_EDGE('',*,*,#2457,.F.);
#1846=ORIENTED_EDGE('',*,*,#2458,.F.);
#1847=ORIENTED_EDGE('',*,*,#2210,.T.);
#1848=ORIENTED_EDGE('',*,*,#2459,.F.);
#1849=ORIENTED_EDGE('',*,*,#2204,.T.);
#1850=ORIENTED_EDGE('',*,*,#2465,.T.);
#1851=ORIENTED_EDGE('',*,*,#2226,.T.);
#1852=ORIENTED_EDGE('',*,*,#2440,.T.);
#1853=ORIENTED_EDGE('',*,*,#2220,.T.);
#1854=ORIENTED_EDGE('',*,*,#2441,.F.);
#1855=ORIENTED_EDGE('',*,*,#2242,.T.);
#1856=ORIENTED_EDGE('',*,*,#2442,.F.);
#1857=ORIENTED_EDGE('',*,*,#2236,.T.);
#1858=ORIENTED_EDGE('',*,*,#2443,.F.);
#1859=ORIENTED_EDGE('',*,*,#2258,.T.);
#1860=ORIENTED_EDGE('',*,*,#2444,.T.);
#1861=ORIENTED_EDGE('',*,*,#2252,.T.);
#1862=ORIENTED_EDGE('',*,*,#2467,.T.);
#1863=ORIENTED_EDGE('',*,*,#2274,.T.);
#1864=ORIENTED_EDGE('',*,*,#2445,.T.);
#1865=ORIENTED_EDGE('',*,*,#2497,.T.);
#1866=ORIENTED_EDGE('',*,*,#2498,.T.);
#1867=ORIENTED_EDGE('',*,*,#2278,.T.);
#1868=ORIENTED_EDGE('',*,*,#2271,.T.);
#1869=ORIENTED_EDGE('',*,*,#2467,.F.);
#1870=ORIENTED_EDGE('',*,*,#2251,.T.);
#1871=ORIENTED_EDGE('',*,*,#2259,.T.);
#1872=ORIENTED_EDGE('',*,*,#2247,.T.);
#1873=ORIENTED_EDGE('',*,*,#2262,.T.);
#1874=ORIENTED_EDGE('',*,*,#2255,.T.);
#1875=ORIENTED_EDGE('',*,*,#2443,.T.);
#1876=ORIENTED_EDGE('',*,*,#2235,.T.);
#1877=ORIENTED_EDGE('',*,*,#2243,.T.);
#1878=ORIENTED_EDGE('',*,*,#2231,.T.);
#1879=ORIENTED_EDGE('',*,*,#2246,.T.);
#1880=ORIENTED_EDGE('',*,*,#2239,.T.);
#1881=ORIENTED_EDGE('',*,*,#2441,.T.);
#1882=ORIENTED_EDGE('',*,*,#2219,.T.);
#1883=ORIENTED_EDGE('',*,*,#2227,.T.);
#1884=ORIENTED_EDGE('',*,*,#2215,.T.);
#1885=ORIENTED_EDGE('',*,*,#2230,.T.);
#1886=ORIENTED_EDGE('',*,*,#2223,.T.);
#1887=ORIENTED_EDGE('',*,*,#2465,.F.);
#1888=ORIENTED_EDGE('',*,*,#2203,.T.);
#1889=ORIENTED_EDGE('',*,*,#2211,.T.);
#1890=ORIENTED_EDGE('',*,*,#2199,.T.);
#1891=ORIENTED_EDGE('',*,*,#2214,.T.);
#1892=ORIENTED_EDGE('',*,*,#2207,.T.);
#1893=ORIENTED_EDGE('',*,*,#2458,.T.);
#1894=ORIENTED_EDGE('',*,*,#2479,.F.);
#1895=ORIENTED_EDGE('',*,*,#2469,.F.);
#1896=ORIENTED_EDGE('',*,*,#2481,.F.);
#1897=ORIENTED_EDGE('',*,*,#2468,.F.);
#1898=ORIENTED_EDGE('',*,*,#2463,.F.);
#1899=EDGE_CURVE('',#3099,#3100,#2687,.T.);
#1900=EDGE_CURVE('',#3101,#3099,#2688,.T.);
#1901=EDGE_CURVE('',#3102,#3101,#2499,.T.);
#1902=EDGE_CURVE('',#3100,#3102,#2689,.T.);
#1903=EDGE_CURVE('',#3103,#3104,#2690,.T.);
#1904=EDGE_CURVE('',#3105,#3103,#2691,.T.);
#1905=EDGE_CURVE('',#3106,#3105,#2500,.T.);
#1906=EDGE_CURVE('',#3104,#3106,#2692,.T.);
#1907=EDGE_CURVE('',#3107,#3108,#2693,.T.);
#1908=EDGE_CURVE('',#3109,#3107,#2694,.T.);
#1909=EDGE_CURVE('',#3110,#3109,#2501,.T.);
#1910=EDGE_CURVE('',#3108,#3110,#2695,.T.);
#1911=EDGE_CURVE('',#3104,#3099,#2696,.T.);
#1912=EDGE_CURVE('',#3101,#3106,#2697,.T.);
#1913=EDGE_CURVE('',#3102,#3109,#2698,.T.);
#1914=EDGE_CURVE('',#3100,#3107,#2699,.T.);
#1915=EDGE_CURVE('',#3111,#3112,#2700,.T.);
#1916=EDGE_CURVE('',#3113,#3111,#2701,.T.);
#1917=EDGE_CURVE('',#3114,#3113,#2502,.T.);
#1918=EDGE_CURVE('',#3112,#3114,#2702,.T.);
#1919=EDGE_CURVE('',#3115,#3116,#2703,.T.);
#1920=EDGE_CURVE('',#3117,#3115,#2704,.T.);
#1921=EDGE_CURVE('',#3118,#3117,#2503,.T.);
#1922=EDGE_CURVE('',#3116,#3118,#2705,.T.);
#1923=EDGE_CURVE('',#3119,#3120,#2706,.T.);
#1924=EDGE_CURVE('',#3121,#3119,#2707,.T.);
#1925=EDGE_CURVE('',#3122,#3121,#2504,.T.);
#1926=EDGE_CURVE('',#3120,#3122,#2708,.T.);
#1927=EDGE_CURVE('',#3116,#3111,#2709,.T.);
#1928=EDGE_CURVE('',#3113,#3118,#2710,.T.);
#1929=EDGE_CURVE('',#3114,#3121,#2711,.T.);
#1930=EDGE_CURVE('',#3112,#3119,#2712,.T.);
#1931=EDGE_CURVE('',#3123,#3124,#2713,.T.);
#1932=EDGE_CURVE('',#3125,#3123,#2714,.T.);
#1933=EDGE_CURVE('',#3126,#3125,#2505,.T.);
#1934=EDGE_CURVE('',#3124,#3126,#2715,.T.);
#1935=EDGE_CURVE('',#3127,#3128,#2716,.T.);
#1936=EDGE_CURVE('',#3129,#3127,#2717,.T.);
#1937=EDGE_CURVE('',#3130,#3129,#2506,.T.);
#1938=EDGE_CURVE('',#3128,#3130,#2718,.T.);
#1939=EDGE_CURVE('',#3131,#3132,#2719,.T.);
#1940=EDGE_CURVE('',#3133,#3131,#2720,.T.);
#1941=EDGE_CURVE('',#3134,#3133,#2507,.T.);
#1942=EDGE_CURVE('',#3132,#3134,#2721,.T.);
#1943=EDGE_CURVE('',#3128,#3123,#2722,.T.);
#1944=EDGE_CURVE('',#3130,#3125,#2723,.T.);
#1945=EDGE_CURVE('',#3133,#3126,#2724,.T.);
#1946=EDGE_CURVE('',#3124,#3131,#2725,.T.);
#1947=EDGE_CURVE('',#3135,#3136,#2726,.T.);
#1948=EDGE_CURVE('',#3137,#3135,#2727,.T.);
#1949=EDGE_CURVE('',#3138,#3137,#2508,.T.);
#1950=EDGE_CURVE('',#3136,#3138,#2728,.T.);
#1951=EDGE_CURVE('',#3139,#3140,#2729,.T.);
#1952=EDGE_CURVE('',#3141,#3139,#2730,.T.);
#1953=EDGE_CURVE('',#3142,#3141,#2509,.T.);
#1954=EDGE_CURVE('',#3140,#3142,#2731,.T.);
#1955=EDGE_CURVE('',#3143,#3144,#2732,.T.);
#1956=EDGE_CURVE('',#3145,#3143,#2733,.T.);
#1957=EDGE_CURVE('',#3146,#3145,#2510,.T.);
#1958=EDGE_CURVE('',#3144,#3146,#2734,.T.);
#1959=EDGE_CURVE('',#3140,#3135,#2735,.T.);
#1960=EDGE_CURVE('',#3142,#3137,#2736,.T.);
#1961=EDGE_CURVE('',#3145,#3138,#2737,.T.);
#1962=EDGE_CURVE('',#3136,#3143,#2738,.T.);
#1963=EDGE_CURVE('',#3147,#3294,#2739,.T.);
#1964=EDGE_CURVE('',#3149,#3147,#2740,.T.);
#1965=EDGE_CURVE('',#3150,#3149,#2511,.T.);
#1966=EDGE_CURVE('',#3148,#3150,#2741,.T.);
#1967=EDGE_CURVE('',#3151,#3152,#2742,.T.);
#1968=EDGE_CURVE('',#3153,#3151,#2743,.T.);
#1969=EDGE_CURVE('',#3154,#3153,#2512,.T.);
#1970=EDGE_CURVE('',#3152,#3154,#2744,.T.);
#1971=EDGE_CURVE('',#3155,#3156,#2745,.T.);
#1972=EDGE_CURVE('',#3157,#3155,#2746,.T.);
#1973=EDGE_CURVE('',#3158,#3157,#2513,.T.);
#1974=EDGE_CURVE('',#3156,#3158,#2747,.T.);
#1975=EDGE_CURVE('',#3152,#3147,#2748,.T.);
#1976=EDGE_CURVE('',#3149,#3154,#2749,.T.);
#1977=EDGE_CURVE('',#3150,#3157,#2750,.T.);
#1978=EDGE_CURVE('',#3148,#3155,#2751,.T.);
#1979=EDGE_CURVE('',#3159,#3160,#2752,.T.);
#1980=EDGE_CURVE('',#3161,#3159,#2753,.T.);
#1981=EDGE_CURVE('',#3162,#3161,#2514,.T.);
#1982=EDGE_CURVE('',#3160,#3162,#2754,.T.);
#1983=EDGE_CURVE('',#3163,#3164,#2755,.T.);
#1984=EDGE_CURVE('',#3165,#3163,#2756,.T.);
#1985=EDGE_CURVE('',#3166,#3165,#2515,.T.);
#1986=EDGE_CURVE('',#3164,#3166,#2757,.T.);
#1987=EDGE_CURVE('',#3167,#3168,#2758,.T.);
#1988=EDGE_CURVE('',#3169,#3167,#2759,.T.);
#1989=EDGE_CURVE('',#3170,#3169,#2516,.T.);
#1990=EDGE_CURVE('',#3168,#3170,#2760,.T.);
#1991=EDGE_CURVE('',#3164,#3159,#2761,.T.);
#1992=EDGE_CURVE('',#3166,#3161,#2762,.T.);
#1993=EDGE_CURVE('',#3162,#3169,#2763,.T.);
#1994=EDGE_CURVE('',#3160,#3167,#2764,.T.);
#1995=EDGE_CURVE('',#3171,#3172,#2765,.T.);
#1996=EDGE_CURVE('',#3173,#3171,#2766,.T.);
#1997=EDGE_CURVE('',#3174,#3173,#2517,.T.);
#1998=EDGE_CURVE('',#3172,#3174,#2767,.T.);
#1999=EDGE_CURVE('',#3175,#3176,#2768,.T.);
#2000=EDGE_CURVE('',#3177,#3175,#2769,.T.);
#2001=EDGE_CURVE('',#3178,#3177,#2518,.T.);
#2002=EDGE_CURVE('',#3176,#3178,#2770,.T.);
#2003=EDGE_CURVE('',#3179,#3180,#2771,.T.);
#2004=EDGE_CURVE('',#3181,#3179,#2772,.T.);
#2005=EDGE_CURVE('',#3182,#3181,#2519,.T.);
#2006=EDGE_CURVE('',#3180,#3182,#2773,.T.);
#2007=EDGE_CURVE('',#3176,#3171,#2774,.T.);
#2008=EDGE_CURVE('',#3173,#3178,#2775,.T.);
#2009=EDGE_CURVE('',#3181,#3174,#2776,.T.);
#2010=EDGE_CURVE('',#3172,#3179,#2777,.T.);
#2011=EDGE_CURVE('',#3183,#3184,#2778,.T.);
#2012=EDGE_CURVE('',#3185,#3183,#2779,.T.);
#2013=EDGE_CURVE('',#3186,#3185,#2520,.T.);
#2014=EDGE_CURVE('',#3184,#3186,#2780,.T.);
#2015=EDGE_CURVE('',#3187,#3188,#2781,.T.);
#2016=EDGE_CURVE('',#3189,#3187,#2782,.T.);
#2017=EDGE_CURVE('',#3190,#3189,#2521,.T.);
#2018=EDGE_CURVE('',#3188,#3190,#2783,.T.);
#2019=EDGE_CURVE('',#3191,#3192,#2784,.T.);
#2020=EDGE_CURVE('',#3193,#3191,#2785,.T.);
#2021=EDGE_CURVE('',#3194,#3193,#2522,.T.);
#2022=EDGE_CURVE('',#3192,#3194,#2786,.T.);
#2023=EDGE_CURVE('',#3183,#3188,#2787,.T.);
#2024=EDGE_CURVE('',#3190,#3185,#2788,.T.);
#2025=EDGE_CURVE('',#3193,#3186,#2789,.T.);
#2026=EDGE_CURVE('',#3184,#3191,#2790,.T.);
#2027=EDGE_CURVE('',#3195,#3196,#2791,.T.);
#2028=EDGE_CURVE('',#3197,#3195,#2792,.T.);
#2029=EDGE_CURVE('',#3198,#3197,#2523,.T.);
#2030=EDGE_CURVE('',#3196,#3198,#2793,.T.);
#2031=EDGE_CURVE('',#3199,#3200,#2794,.T.);
#2032=EDGE_CURVE('',#3201,#3199,#2795,.T.);
#2033=EDGE_CURVE('',#3202,#3201,#2524,.T.);
#2034=EDGE_CURVE('',#3200,#3202,#2796,.T.);
#2035=EDGE_CURVE('',#3203,#3204,#2797,.T.);
#2036=EDGE_CURVE('',#3205,#3203,#2798,.T.);
#2037=EDGE_CURVE('',#3206,#3205,#2525,.T.);
#2038=EDGE_CURVE('',#3204,#3206,#2799,.T.);
#2039=EDGE_CURVE('',#3200,#3195,#2800,.T.);
#2040=EDGE_CURVE('',#3197,#3202,#2801,.T.);
#2041=EDGE_CURVE('',#3205,#3198,#2802,.T.);
#2042=EDGE_CURVE('',#3196,#3203,#2803,.T.);
#2043=EDGE_CURVE('',#3219,#3218,#2804,.T.);
#2044=EDGE_CURVE('',#3221,#3220,#2805,.T.);
#2045=EDGE_CURVE('',#3225,#3224,#2806,.T.);
#2046=EDGE_CURVE('',#3216,#3226,#2807,.T.);
#2047=EDGE_CURVE('',#3227,#3228,#2808,.T.);
#2048=EDGE_CURVE('',#3229,#3227,#2809,.T.);
#2049=EDGE_CURVE('',#3230,#3229,#2810,.T.);
#2050=EDGE_CURVE('',#3228,#3230,#2811,.T.);
#2051=EDGE_CURVE('',#3232,#3231,#2812,.T.);
#2052=EDGE_CURVE('',#3234,#3233,#2813,.T.);
#2053=EDGE_CURVE('',#3235,#3236,#2814,.T.);
#2054=EDGE_CURVE('',#3228,#3235,#2815,.T.);
#2055=EDGE_CURVE('',#3237,#3230,#2816,.T.);
#2056=EDGE_CURVE('',#3238,#3237,#2817,.T.);
#2057=EDGE_CURVE('',#3239,#3238,#2818,.T.);
#2058=EDGE_CURVE('',#3231,#3239,#2819,.T.);
#2059=EDGE_CURVE('',#3240,#3232,#2820,.T.);
#2060=EDGE_CURVE('',#3236,#3240,#2821,.T.);
#2061=EDGE_CURVE('',#3241,#3242,#2822,.T.);
#2062=EDGE_CURVE('',#3227,#3241,#2823,.T.);
#2063=EDGE_CURVE('',#3242,#3236,#2824,.T.);
#2064=EDGE_CURVE('',#3242,#3243,#2825,.T.);
#2065=EDGE_CURVE('',#3243,#3233,#2826,.T.);
#2066=EDGE_CURVE('',#3234,#3244,#2827,.T.);
#2067=EDGE_CURVE('',#3244,#3245,#2828,.T.);
#2068=EDGE_CURVE('',#3245,#3246,#2829,.T.);
#2069=EDGE_CURVE('',#3246,#3229,#2830,.T.);
#2070=EDGE_CURVE('',#3238,#3245,#2831,.T.);
#2071=EDGE_CURVE('',#3247,#3248,#2526,.T.);
#2072=EDGE_CURVE('',#3217,#3247,#2832,.T.);
#2073=EDGE_CURVE('',#3217,#3215,#2527,.T.);
#2074=EDGE_CURVE('',#3248,#3215,#2833,.T.);
#2075=EDGE_CURVE('',#3247,#3249,#2834,.T.);
#2076=EDGE_CURVE('',#3249,#3218,#2835,.T.);
#2077=EDGE_CURVE('',#3218,#3217,#2836,.T.);
#2078=EDGE_CURVE('',#3249,#3250,#2837,.T.);
#2079=EDGE_CURVE('',#3250,#3219,#2838,.T.);
#2080=EDGE_CURVE('',#3251,#3250,#2528,.T.);
#2081=EDGE_CURVE('',#3220,#3251,#2839,.T.);
#2082=EDGE_CURVE('',#3220,#3219,#2529,.T.);
#2083=EDGE_CURVE('',#3251,#3252,#2840,.T.);
#2084=EDGE_CURVE('',#3252,#3221,#2841,.T.);
#2085=EDGE_CURVE('',#3253,#3252,#2842,.T.);
#2086=EDGE_CURVE('',#3222,#3253,#2843,.T.);
#2087=EDGE_CURVE('',#3222,#3221,#2844,.T.);
#2088=EDGE_CURVE('',#3254,#3253,#2530,.T.);
#2089=EDGE_CURVE('',#3223,#3254,#2845,.T.);
#2090=EDGE_CURVE('',#3223,#3222,#2531,.T.);
#2091=EDGE_CURVE('',#3254,#3255,#2846,.T.);
#2092=EDGE_CURVE('',#3255,#3224,#2847,.T.);
#2093=EDGE_CURVE('',#3224,#3223,#2848,.T.);
#2094=EDGE_CURVE('',#3255,#3256,#2849,.T.);
#2095=EDGE_CURVE('',#3256,#3225,#2850,.T.);
#2096=EDGE_CURVE('',#3226,#3225,#2532,.T.);
#2097=EDGE_CURVE('',#3257,#3256,#2533,.T.);
#2098=EDGE_CURVE('',#3226,#3257,#2851,.T.);
#2099=EDGE_CURVE('',#3257,#3258,#2852,.T.);
#2100=EDGE_CURVE('',#3258,#3216,#2853,.T.);
#2101=EDGE_CURVE('',#3248,#3258,#2854,.T.);
#2102=EDGE_CURVE('',#3215,#3216,#2855,.T.);
#2103=EDGE_CURVE('',#3259,#3243,#2534,.T.);
#2104=EDGE_CURVE('',#3240,#3259,#2535,.T.);
#2105=EDGE_CURVE('',#3231,#3232,#2536,.T.);
#2106=EDGE_CURVE('',#3244,#3292,#2537,.T.);
#2107=EDGE_CURVE('',#3233,#3234,#2538,.T.);
#2108=EDGE_CURVE('',#3212,#3211,#2539,.T.);
#2109=EDGE_CURVE('',#3211,#3212,#2540,.T.);
#2110=EDGE_CURVE('',#3212,#3259,#2856,.T.);
#2111=EDGE_CURVE('',#3260,#3261,#2541,.T.);
#2112=EDGE_CURVE('',#3261,#3260,#2542,.T.);
#2113=EDGE_CURVE('',#3262,#3263,#2543,.T.);
#2114=EDGE_CURVE('',#3263,#3262,#2544,.T.);
#2115=EDGE_CURVE('',#3261,#3262,#2857,.T.);
#2116=EDGE_CURVE('',#3264,#3265,#2545,.T.);
#2117=EDGE_CURVE('',#3265,#3264,#2546,.T.);
#2118=EDGE_CURVE('',#3260,#3265,#2858,.T.);
#2119=EDGE_CURVE('',#3266,#3267,#2547,.T.);
#2120=EDGE_CURVE('',#3267,#3266,#2548,.T.);
#2121=EDGE_CURVE('',#3267,#3264,#2859,.T.);
#2122=EDGE_CURVE('',#3268,#3269,#2549,.T.);
#2123=EDGE_CURVE('',#3269,#3268,#2550,.T.);
#2124=EDGE_CURVE('',#3262,#3268,#2860,.T.);
#2125=EDGE_CURVE('',#3270,#3271,#2551,.T.);
#2126=EDGE_CURVE('',#3271,#3270,#2552,.T.);
#2127=EDGE_CURVE('',#3270,#3269,#2861,.T.);
#2128=EDGE_CURVE('',#3272,#3273,#2553,.T.);
#2129=EDGE_CURVE('',#3273,#3272,#2554,.T.);
#2130=EDGE_CURVE('',#3273,#3270,#2862,.T.);
#2131=EDGE_CURVE('',#3274,#3275,#2555,.T.);
#2132=EDGE_CURVE('',#3275,#3274,#2556,.T.);
#2133=EDGE_CURVE('',#3275,#3273,#2863,.T.);
#2134=EDGE_CURVE('',#3276,#3277,#2557,.T.);
#2135=EDGE_CURVE('',#3277,#3276,#2558,.T.);
#2136=EDGE_CURVE('',#3208,#3207,#2559,.T.);
#2137=EDGE_CURVE('',#3207,#3208,#2560,.T.);
#2138=EDGE_CURVE('',#3208,#3277,#2864,.T.);
#2139=EDGE_CURVE('',#3274,#3276,#2865,.T.);
#2140=EDGE_CURVE('',#3122,#3117,#2561,.T.);
#2141=EDGE_CURVE('',#3132,#3115,#2562,.T.);
#2142=EDGE_CURVE('',#3129,#3134,#2563,.T.);
#2143=EDGE_CURVE('',#3144,#3127,#2564,.T.);
#2144=EDGE_CURVE('',#3146,#3141,#2565,.T.);
#2145=EDGE_CURVE('',#3158,#3293,#2566,.T.);
#2146=EDGE_CURVE('',#3168,#3151,#2567,.T.);
#2147=EDGE_CURVE('',#3170,#3165,#2568,.T.);
#2148=EDGE_CURVE('',#3182,#3177,#2569,.T.);
#2149=EDGE_CURVE('',#3192,#3175,#2570,.T.);
#2150=EDGE_CURVE('',#3194,#3189,#2571,.T.);
#2151=EDGE_CURVE('',#3204,#3187,#2572,.T.);
#2152=EDGE_CURVE('',#3206,#3201,#2573,.T.);
#2153=EDGE_CURVE('',#3278,#3199,#2574,.T.);
#2154=EDGE_CURVE('',#3279,#3278,#2866,.T.);
#2155=EDGE_CURVE('',#3280,#3279,#2575,.T.);
#2156=EDGE_CURVE('',#3281,#3280,#2576,.T.);
#2157=EDGE_CURVE('',#3282,#3281,#2867,.T.);
#2158=EDGE_CURVE('',#3108,#3282,#2577,.T.);
#2159=EDGE_CURVE('',#3105,#3110,#2578,.T.);
#2160=EDGE_CURVE('',#3210,#3209,#2579,.T.);
#2161=EDGE_CURVE('',#3209,#3210,#2580,.T.);
#2162=EDGE_CURVE('',#3280,#3209,#2868,.T.);
#2163=EDGE_CURVE('',#3214,#3213,#2581,.T.);
#2164=EDGE_CURVE('',#3213,#3214,#2582,.T.);
#2165=EDGE_CURVE('',#3103,#3120,#2583,.T.);
#2166=EDGE_CURVE('',#3163,#3180,#2584,.T.);
#2167=EDGE_CURVE('',#3139,#3156,#2585,.T.);
#2168=EDGE_CURVE('',#3213,#3285,#2586,.T.);
#2169=EDGE_CURVE('',#3284,#3283,#2869,.T.);
#2170=EDGE_CURVE('',#3288,#3283,#2870,.T.);
#2171=EDGE_CURVE('',#3289,#3288,#2871,.T.);
#2172=EDGE_CURVE('',#3284,#3289,#2872,.T.);
#2173=EDGE_CURVE('',#3290,#3291,#2873,.T.);
#2174=EDGE_CURVE('',#3287,#3290,#2874,.T.);
#2175=EDGE_CURVE('',#3287,#3286,#2875,.T.);
#2176=EDGE_CURVE('',#3291,#3286,#2876,.T.);
#2177=EDGE_CURVE('',#3278,#3287,#2877,.T.);
#2178=EDGE_CURVE('',#3290,#3279,#2587,.T.);
#2179=EDGE_CURVE('',#3283,#3282,#2878,.T.);
#2180=EDGE_CURVE('',#3281,#3288,#2588,.T.);
#2181=EDGE_CURVE('',#3285,#3284,#2879,.T.);
#2182=EDGE_CURVE('',#3291,#3289,#2589,.T.);
#2183=EDGE_CURVE('',#3286,#3285,#2880,.T.);
#2184=EDGE_CURVE('',#3211,#3292,#2881,.T.);
#2185=EDGE_CURVE('',#3292,#3239,#2590,.T.);
#2186=EDGE_CURVE('',#3260,#3263,#2882,.T.);
#2187=EDGE_CURVE('',#3261,#3264,#2883,.T.);
#2188=EDGE_CURVE('',#3266,#3265,#2884,.T.);
#2189=EDGE_CURVE('',#3263,#3269,#2885,.T.);
#2190=EDGE_CURVE('',#3271,#3268,#2886,.T.);
#2191=EDGE_CURVE('',#3272,#3271,#2887,.T.);
#2192=EDGE_CURVE('',#3274,#3272,#2888,.T.);
#2193=EDGE_CURVE('',#3207,#3276,#2889,.T.);
#2194=EDGE_CURVE('',#3275,#3277,#2890,.T.);
#2195=EDGE_CURVE('',#3293,#3210,#2891,.T.);
#2196=EDGE_CURVE('',#3293,#3153,#2591,.T.);
#2197=EDGE_CURVE('',#3214,#3294,#2592,.T.);
#2198=EDGE_CURVE('',#3294,#3148,#2892,.T.);
#2199=EDGE_CURVE('',#3295,#3296,#2893,.T.);
#2200=EDGE_CURVE('',#3297,#3295,#2894,.T.);
#2201=EDGE_CURVE('',#3298,#3297,#2593,.T.);
#2202=EDGE_CURVE('',#3296,#3298,#2895,.T.);
#2203=EDGE_CURVE('',#3299,#3300,#2896,.T.);
#2204=EDGE_CURVE('',#3301,#3299,#2897,.T.);
#2205=EDGE_CURVE('',#3302,#3301,#2594,.T.);
#2206=EDGE_CURVE('',#3300,#3302,#2898,.T.);
#2207=EDGE_CURVE('',#3303,#3304,#2899,.T.);
#2208=EDGE_CURVE('',#3305,#3303,#2900,.T.);
#2209=EDGE_CURVE('',#3306,#3305,#2595,.T.);
#2210=EDGE_CURVE('',#3304,#3306,#2901,.T.);
#2211=EDGE_CURVE('',#3300,#3295,#2902,.T.);
#2212=EDGE_CURVE('',#3297,#3302,#2903,.T.);
#2213=EDGE_CURVE('',#3298,#3305,#2904,.T.);
#2214=EDGE_CURVE('',#3296,#3303,#2905,.T.);
#2215=EDGE_CURVE('',#3307,#3308,#2906,.T.);
#2216=EDGE_CURVE('',#3309,#3307,#2907,.T.);
#2217=EDGE_CURVE('',#3310,#3309,#2596,.T.);
#2218=EDGE_CURVE('',#3308,#3310,#2908,.T.);
#2219=EDGE_CURVE('',#3311,#3312,#2909,.T.);
#2220=EDGE_CURVE('',#3313,#3311,#2910,.T.);
#2221=EDGE_CURVE('',#3314,#3313,#2597,.T.);
#2222=EDGE_CURVE('',#3312,#3314,#2911,.T.);
#2223=EDGE_CURVE('',#3315,#3316,#2912,.T.);
#2224=EDGE_CURVE('',#3317,#3315,#2913,.T.);
#2225=EDGE_CURVE('',#3318,#3317,#2598,.T.);
#2226=EDGE_CURVE('',#3316,#3318,#2914,.T.);
#2227=EDGE_CURVE('',#3312,#3307,#2915,.T.);
#2228=EDGE_CURVE('',#3309,#3314,#2916,.T.);
#2229=EDGE_CURVE('',#3310,#3317,#2917,.T.);
#2230=EDGE_CURVE('',#3308,#3315,#2918,.T.);
#2231=EDGE_CURVE('',#3319,#3320,#2919,.T.);
#2232=EDGE_CURVE('',#3321,#3319,#2920,.T.);
#2233=EDGE_CURVE('',#3322,#3321,#2599,.T.);
#2234=EDGE_CURVE('',#3320,#3322,#2921,.T.);
#2235=EDGE_CURVE('',#3323,#3324,#2922,.T.);
#2236=EDGE_CURVE('',#3325,#3323,#2923,.T.);
#2237=EDGE_CURVE('',#3326,#3325,#2600,.T.);
#2238=EDGE_CURVE('',#3324,#3326,#2924,.T.);
#2239=EDGE_CURVE('',#3327,#3328,#2925,.T.);
#2240=EDGE_CURVE('',#3329,#3327,#2926,.T.);
#2241=EDGE_CURVE('',#3330,#3329,#2601,.T.);
#2242=EDGE_CURVE('',#3328,#3330,#2927,.T.);
#2243=EDGE_CURVE('',#3324,#3319,#2928,.T.);
#2244=EDGE_CURVE('',#3326,#3321,#2929,.T.);
#2245=EDGE_CURVE('',#3329,#3322,#2930,.T.);
#2246=EDGE_CURVE('',#3320,#3327,#2931,.T.);
#2247=EDGE_CURVE('',#3331,#3332,#2932,.T.);
#2248=EDGE_CURVE('',#3333,#3331,#2933,.T.);
#2249=EDGE_CURVE('',#3334,#3333,#2602,.T.);
#2250=EDGE_CURVE('',#3332,#3334,#2934,.T.);
#2251=EDGE_CURVE('',#3335,#3336,#2935,.T.);
#2252=EDGE_CURVE('',#3337,#3335,#2936,.T.);
#2253=EDGE_CURVE('',#3338,#3337,#2603,.T.);
#2254=EDGE_CURVE('',#3336,#3338,#2937,.T.);
#2255=EDGE_CURVE('',#3339,#3340,#2938,.T.);
#2256=EDGE_CURVE('',#3341,#3339,#2939,.T.);
#2257=EDGE_CURVE('',#3342,#3341,#2604,.T.);
#2258=EDGE_CURVE('',#3340,#3342,#2940,.T.);
#2259=EDGE_CURVE('',#3336,#3331,#2941,.T.);
#2260=EDGE_CURVE('',#3338,#3333,#2942,.T.);
#2261=EDGE_CURVE('',#3341,#3334,#2943,.T.);
#2262=EDGE_CURVE('',#3332,#3339,#2944,.T.);
#2263=EDGE_CURVE('',#3343,#3490,#2945,.T.);
#2264=EDGE_CURVE('',#3345,#3343,#2946,.T.);
#2265=EDGE_CURVE('',#3346,#3345,#2605,.T.);
#2266=EDGE_CURVE('',#3344,#3346,#2947,.T.);
#2267=EDGE_CURVE('',#3347,#3348,#2948,.T.);
#2268=EDGE_CURVE('',#3349,#3347,#2949,.T.);
#2269=EDGE_CURVE('',#3350,#3349,#2606,.T.);
#2270=EDGE_CURVE('',#3348,#3350,#2950,.T.);
#2271=EDGE_CURVE('',#3351,#3352,#2951,.T.);
#2272=EDGE_CURVE('',#3353,#3351,#2952,.T.);
#2273=EDGE_CURVE('',#3354,#3353,#2607,.T.);
#2274=EDGE_CURVE('',#3352,#3354,#2953,.T.);
#2275=EDGE_CURVE('',#3348,#3343,#2954,.T.);
#2276=EDGE_CURVE('',#3345,#3350,#2955,.T.);
#2277=EDGE_CURVE('',#3346,#3353,#2956,.T.);
#2278=EDGE_CURVE('',#3344,#3351,#2957,.T.);
#2279=EDGE_CURVE('',#3355,#3356,#2958,.T.);
#2280=EDGE_CURVE('',#3357,#3355,#2959,.T.);
#2281=EDGE_CURVE('',#3358,#3357,#2608,.T.);
#2282=EDGE_CURVE('',#3356,#3358,#2960,.T.);
#2283=EDGE_CURVE('',#3359,#3360,#2961,.T.);
#2284=EDGE_CURVE('',#3361,#3359,#2962,.T.);
#2285=EDGE_CURVE('',#3362,#3361,#2609,.T.);
#2286=EDGE_CURVE('',#3360,#3362,#2963,.T.);
#2287=EDGE_CURVE('',#3363,#3364,#2964,.T.);
#2288=EDGE_CURVE('',#3365,#3363,#2965,.T.);
#2289=EDGE_CURVE('',#3366,#3365,#2610,.T.);
#2290=EDGE_CURVE('',#3364,#3366,#2966,.T.);
#2291=EDGE_CURVE('',#3360,#3355,#2967,.T.);
#2292=EDGE_CURVE('',#3362,#3357,#2968,.T.);
#2293=EDGE_CURVE('',#3358,#3365,#2969,.T.);
#2294=EDGE_CURVE('',#3356,#3363,#2970,.T.);
#2295=EDGE_CURVE('',#3367,#3368,#2971,.T.);
#2296=EDGE_CURVE('',#3369,#3367,#2972,.T.);
#2297=EDGE_CURVE('',#3370,#3369,#2611,.T.);
#2298=EDGE_CURVE('',#3368,#3370,#2973,.T.);
#2299=EDGE_CURVE('',#3371,#3372,#2974,.T.);
#2300=EDGE_CURVE('',#3373,#3371,#2975,.T.);
#2301=EDGE_CURVE('',#3374,#3373,#2612,.T.);
#2302=EDGE_CURVE('',#3372,#3374,#2976,.T.);
#2303=EDGE_CURVE('',#3375,#3376,#2977,.T.);
#2304=EDGE_CURVE('',#3377,#3375,#2978,.T.);
#2305=EDGE_CURVE('',#3378,#3377,#2613,.T.);
#2306=EDGE_CURVE('',#3376,#3378,#2979,.T.);
#2307=EDGE_CURVE('',#3372,#3367,#2980,.T.);
#2308=EDGE_CURVE('',#3369,#3374,#2981,.T.);
#2309=EDGE_CURVE('',#3377,#3370,#2982,.T.);
#2310=EDGE_CURVE('',#3368,#3375,#2983,.T.);
#2311=EDGE_CURVE('',#3379,#3380,#2984,.T.);
#2312=EDGE_CURVE('',#3381,#3379,#2985,.T.);
#2313=EDGE_CURVE('',#3382,#3381,#2614,.T.);
#2314=EDGE_CURVE('',#3380,#3382,#2986,.T.);
#2315=EDGE_CURVE('',#3383,#3384,#2987,.T.);
#2316=EDGE_CURVE('',#3385,#3383,#2988,.T.);
#2317=EDGE_CURVE('',#3386,#3385,#2615,.T.);
#2318=EDGE_CURVE('',#3384,#3386,#2989,.T.);
#2319=EDGE_CURVE('',#3387,#3388,#2990,.T.);
#2320=EDGE_CURVE('',#3389,#3387,#2991,.T.);
#2321=EDGE_CURVE('',#3390,#3389,#2616,.T.);
#2322=EDGE_CURVE('',#3388,#3390,#2992,.T.);
#2323=EDGE_CURVE('',#3379,#3384,#2993,.T.);
#2324=EDGE_CURVE('',#3386,#3381,#2994,.T.);
#2325=EDGE_CURVE('',#3389,#3382,#2995,.T.);
#2326=EDGE_CURVE('',#3380,#3387,#2996,.T.);
#2327=EDGE_CURVE('',#3391,#3392,#2997,.T.);
#2328=EDGE_CURVE('',#3393,#3391,#2998,.T.);
#2329=EDGE_CURVE('',#3394,#3393,#2617,.T.);
#2330=EDGE_CURVE('',#3392,#3394,#2999,.T.);
#2331=EDGE_CURVE('',#3395,#3396,#3000,.T.);
#2332=EDGE_CURVE('',#3397,#3395,#3001,.T.);
#2333=EDGE_CURVE('',#3398,#3397,#2618,.T.);
#2334=EDGE_CURVE('',#3396,#3398,#3002,.T.);
#2335=EDGE_CURVE('',#3399,#3400,#3003,.T.);
#2336=EDGE_CURVE('',#3401,#3399,#3004,.T.);
#2337=EDGE_CURVE('',#3402,#3401,#2619,.T.);
#2338=EDGE_CURVE('',#3400,#3402,#3005,.T.);
#2339=EDGE_CURVE('',#3396,#3391,#3006,.T.);
#2340=EDGE_CURVE('',#3393,#3398,#3007,.T.);
#2341=EDGE_CURVE('',#3401,#3394,#3008,.T.);
#2342=EDGE_CURVE('',#3392,#3399,#3009,.T.);
#2343=EDGE_CURVE('',#3415,#3414,#3010,.T.);
#2344=EDGE_CURVE('',#3417,#3416,#3011,.T.);
#2345=EDGE_CURVE('',#3421,#3420,#3012,.T.);
#2346=EDGE_CURVE('',#3412,#3422,#3013,.T.);
#2347=EDGE_CURVE('',#3423,#3424,#3014,.T.);
#2348=EDGE_CURVE('',#3425,#3423,#3015,.T.);
#2349=EDGE_CURVE('',#3426,#3425,#3016,.T.);
#2350=EDGE_CURVE('',#3424,#3426,#3017,.T.);
#2351=EDGE_CURVE('',#3428,#3427,#3018,.T.);
#2352=EDGE_CURVE('',#3430,#3429,#3019,.T.);
#2353=EDGE_CURVE('',#3431,#3432,#3020,.T.);
#2354=EDGE_CURVE('',#3424,#3431,#3021,.T.);
#2355=EDGE_CURVE('',#3433,#3426,#3022,.T.);
#2356=EDGE_CURVE('',#3434,#3433,#3023,.T.);
#2357=EDGE_CURVE('',#3435,#3434,#3024,.T.);
#2358=EDGE_CURVE('',#3427,#3435,#3025,.T.);
#2359=EDGE_CURVE('',#3436,#3428,#3026,.T.);
#2360=EDGE_CURVE('',#3432,#3436,#3027,.T.);
#2361=EDGE_CURVE('',#3437,#3438,#3028,.T.);
#2362=EDGE_CURVE('',#3423,#3437,#3029,.T.);
#2363=EDGE_CURVE('',#3438,#3432,#3030,.T.);
#2364=EDGE_CURVE('',#3438,#3439,#3031,.T.);
#2365=EDGE_CURVE('',#3439,#3429,#3032,.T.);
#2366=EDGE_CURVE('',#3430,#3440,#3033,.T.);
#2367=EDGE_CURVE('',#3440,#3441,#3034,.T.);
#2368=EDGE_CURVE('',#3441,#3442,#3035,.T.);
#2369=EDGE_CURVE('',#3442,#3425,#3036,.T.);
#2370=EDGE_CURVE('',#3434,#3441,#3037,.T.);
#2371=EDGE_CURVE('',#3443,#3444,#2620,.T.);
#2372=EDGE_CURVE('',#3413,#3443,#3038,.T.);
#2373=EDGE_CURVE('',#3413,#3411,#2621,.T.);
#2374=EDGE_CURVE('',#3444,#3411,#3039,.T.);
#2375=EDGE_CURVE('',#3443,#3445,#3040,.T.);
#2376=EDGE_CURVE('',#3445,#3414,#3041,.T.);
#2377=EDGE_CURVE('',#3414,#3413,#3042,.T.);
#2378=EDGE_CURVE('',#3445,#3446,#3043,.T.);
#2379=EDGE_CURVE('',#3446,#3415,#3044,.T.);
#2380=EDGE_CURVE('',#3447,#3446,#2622,.T.);
#2381=EDGE_CURVE('',#3416,#3447,#3045,.T.);
#2382=EDGE_CURVE('',#3416,#3415,#2623,.T.);
#2383=EDGE_CURVE('',#3447,#3448,#3046,.T.);
#2384=EDGE_CURVE('',#3448,#3417,#3047,.T.);
#2385=EDGE_CURVE('',#3449,#3448,#3048,.T.);
#2386=EDGE_CURVE('',#3418,#3449,#3049,.T.);
#2387=EDGE_CURVE('',#3418,#3417,#3050,.T.);
#2388=EDGE_CURVE('',#3450,#3449,#2624,.T.);
#2389=EDGE_CURVE('',#3419,#3450,#3051,.T.);
#2390=EDGE_CURVE('',#3419,#3418,#2625,.T.);
#2391=EDGE_CURVE('',#3450,#3451,#3052,.T.);
#2392=EDGE_CURVE('',#3451,#3420,#3053,.T.);
#2393=EDGE_CURVE('',#3420,#3419,#3054,.T.);
#2394=EDGE_CURVE('',#3451,#3452,#3055,.T.);
#2395=EDGE_CURVE('',#3452,#3421,#3056,.T.);
#2396=EDGE_CURVE('',#3422,#3421,#2626,.T.);
#2397=EDGE_CURVE('',#3453,#3452,#2627,.T.);
#2398=EDGE_CURVE('',#3422,#3453,#3057,.T.);
#2399=EDGE_CURVE('',#3453,#3454,#3058,.T.);
#2400=EDGE_CURVE('',#3454,#3412,#3059,.T.);
#2401=EDGE_CURVE('',#3444,#3454,#3060,.T.);
#2402=EDGE_CURVE('',#3411,#3412,#3061,.T.);
#2403=EDGE_CURVE('',#3455,#3439,#2628,.T.);
#2404=EDGE_CURVE('',#3436,#3455,#2629,.T.);
#2405=EDGE_CURVE('',#3427,#3428,#2630,.T.);
#2406=EDGE_CURVE('',#3440,#3488,#2631,.T.);
#2407=EDGE_CURVE('',#3429,#3430,#2632,.T.);
#2408=EDGE_CURVE('',#3408,#3407,#2633,.T.);
#2409=EDGE_CURVE('',#3407,#3408,#2634,.T.);
#2410=EDGE_CURVE('',#3408,#3455,#3062,.T.);
#2411=EDGE_CURVE('',#3456,#3457,#2635,.T.);
#2412=EDGE_CURVE('',#3457,#3456,#2636,.T.);
#2413=EDGE_CURVE('',#3458,#3459,#2637,.T.);
#2414=EDGE_CURVE('',#3459,#3458,#2638,.T.);
#2415=EDGE_CURVE('',#3457,#3458,#3063,.T.);
#2416=EDGE_CURVE('',#3460,#3461,#2639,.T.);
#2417=EDGE_CURVE('',#3461,#3460,#2640,.T.);
#2418=EDGE_CURVE('',#3456,#3461,#3064,.T.);
#2419=EDGE_CURVE('',#3462,#3463,#2641,.T.);
#2420=EDGE_CURVE('',#3463,#3462,#2642,.T.);
#2421=EDGE_CURVE('',#3463,#3460,#3065,.T.);
#2422=EDGE_CURVE('',#3464,#3465,#2643,.T.);
#2423=EDGE_CURVE('',#3465,#3464,#2644,.T.);
#2424=EDGE_CURVE('',#3458,#3464,#3066,.T.);
#2425=EDGE_CURVE('',#3466,#3467,#2645,.T.);
#2426=EDGE_CURVE('',#3467,#3466,#2646,.T.);
#2427=EDGE_CURVE('',#3466,#3465,#3067,.T.);
#2428=EDGE_CURVE('',#3468,#3469,#2647,.T.);
#2429=EDGE_CURVE('',#3469,#3468,#2648,.T.);
#2430=EDGE_CURVE('',#3469,#3466,#3068,.T.);
#2431=EDGE_CURVE('',#3470,#3471,#2649,.T.);
#2432=EDGE_CURVE('',#3471,#3470,#2650,.T.);
#2433=EDGE_CURVE('',#3471,#3469,#3069,.T.);
#2434=EDGE_CURVE('',#3472,#3473,#2651,.T.);
#2435=EDGE_CURVE('',#3473,#3472,#2652,.T.);
#2436=EDGE_CURVE('',#3404,#3403,#2653,.T.);
#2437=EDGE_CURVE('',#3403,#3404,#2654,.T.);
#2438=EDGE_CURVE('',#3404,#3473,#3070,.T.);
#2439=EDGE_CURVE('',#3470,#3472,#3071,.T.);
#2440=EDGE_CURVE('',#3318,#3313,#2655,.T.);
#2441=EDGE_CURVE('',#3328,#3311,#2656,.T.);
#2442=EDGE_CURVE('',#3325,#3330,#2657,.T.);
#2443=EDGE_CURVE('',#3340,#3323,#2658,.T.);
#2444=EDGE_CURVE('',#3342,#3337,#2659,.T.);
#2445=EDGE_CURVE('',#3354,#3489,#2660,.T.);
#2446=EDGE_CURVE('',#3364,#3347,#2661,.T.);
#2447=EDGE_CURVE('',#3366,#3361,#2662,.T.);
#2448=EDGE_CURVE('',#3378,#3373,#2663,.T.);
#2449=EDGE_CURVE('',#3388,#3371,#2664,.T.);
#2450=EDGE_CURVE('',#3390,#3385,#2665,.T.);
#2451=EDGE_CURVE('',#3400,#3383,#2666,.T.);
#2452=EDGE_CURVE('',#3402,#3397,#2667,.T.);
#2453=EDGE_CURVE('',#3474,#3395,#2668,.T.);
#2454=EDGE_CURVE('',#3475,#3474,#3072,.T.);
#2455=EDGE_CURVE('',#3476,#3475,#2669,.T.);
#2456=EDGE_CURVE('',#3477,#3476,#2670,.T.);
#2457=EDGE_CURVE('',#3478,#3477,#3073,.T.);
#2458=EDGE_CURVE('',#3304,#3478,#2671,.T.);
#2459=EDGE_CURVE('',#3301,#3306,#2672,.T.);
#2460=EDGE_CURVE('',#3406,#3405,#2673,.T.);
#2461=EDGE_CURVE('',#3405,#3406,#2674,.T.);
#2462=EDGE_CURVE('',#3476,#3405,#3074,.T.);
#2463=EDGE_CURVE('',#3410,#3409,#2675,.T.);
#2464=EDGE_CURVE('',#3409,#3410,#2676,.T.);
#2465=EDGE_CURVE('',#3299,#3316,#2677,.T.);
#2466=EDGE_CURVE('',#3359,#3376,#2678,.T.);
#2467=EDGE_CURVE('',#3335,#3352,#2679,.T.);
#2468=EDGE_CURVE('',#3409,#3481,#2680,.T.);
#2469=EDGE_CURVE('',#3480,#3479,#3075,.T.);
#2470=EDGE_CURVE('',#3484,#3479,#3076,.T.);
#2471=EDGE_CURVE('',#3485,#3484,#3077,.T.);
#2472=EDGE_CURVE('',#3480,#3485,#3078,.T.);
#2473=EDGE_CURVE('',#3486,#3487,#3079,.T.);
#2474=EDGE_CURVE('',#3483,#3486,#3080,.T.);
#2475=EDGE_CURVE('',#3483,#3482,#3081,.T.);
#2476=EDGE_CURVE('',#3487,#3482,#3082,.T.);
#2477=EDGE_CURVE('',#3474,#3483,#3083,.T.);
#2478=EDGE_CURVE('',#3486,#3475,#2681,.T.);
#2479=EDGE_CURVE('',#3479,#3478,#3084,.T.);
#2480=EDGE_CURVE('',#3477,#3484,#2682,.T.);
#2481=EDGE_CURVE('',#3481,#3480,#3085,.T.);
#2482=EDGE_CURVE('',#3487,#3485,#2683,.T.);
#2483=EDGE_CURVE('',#3482,#3481,#3086,.T.);
#2484=EDGE_CURVE('',#3407,#3488,#3087,.T.);
#2485=EDGE_CURVE('',#3488,#3435,#2684,.T.);
#2486=EDGE_CURVE('',#3456,#3459,#3088,.T.);
#2487=EDGE_CURVE('',#3457,#3460,#3089,.T.);
#2488=EDGE_CURVE('',#3462,#3461,#3090,.T.);
#2489=EDGE_CURVE('',#3459,#3465,#3091,.T.);
#2490=EDGE_CURVE('',#3467,#3464,#3092,.T.);
#2491=EDGE_CURVE('',#3468,#3467,#3093,.T.);
#2492=EDGE_CURVE('',#3470,#3468,#3094,.T.);
#2493=EDGE_CURVE('',#3403,#3472,#3095,.T.);
#2494=EDGE_CURVE('',#3471,#3473,#3096,.T.);
#2495=EDGE_CURVE('',#3489,#3406,#3097,.T.);
#2496=EDGE_CURVE('',#3489,#3349,#2685,.T.);
#2497=EDGE_CURVE('',#3410,#3490,#2686,.T.);
#2498=EDGE_CURVE('',#3490,#3344,#3098,.T.);
#2499=(
BOUNDED_CURVE()
B_SPLINE_CURVE(2,(#5113,#5114,#5115,#5116,#5117),.UNSPECIFIED.,.F.,.F.)
B_SPLINE_CURVE_WITH_KNOTS((3,2,3),(-0.00337197611485304,-0.00168598805742652,
0.),.UNSPECIFIED.)
CURVE()
GEOMETRIC_REPRESENTATION_ITEM()
RATIONAL_B_SPLINE_CURVE((1.,0.824126188622021,1.,0.824126188622021,1.))
REPRESENTATION_ITEM('')
);
#2500=(
BOUNDED_CURVE()
B_SPLINE_CURVE(2,(#5128,#5129,#5130,#5131,#5132),.UNSPECIFIED.,.F.,.F.)
B_SPLINE_CURVE_WITH_KNOTS((3,2,3),(-0.00245442396441024,-0.00122721198220512,
0.),.UNSPECIFIED.)
CURVE()
GEOMETRIC_REPRESENTATION_ITEM()
RATIONAL_B_SPLINE_CURVE((1.,0.905478699255556,1.,0.905478699255556,1.))
REPRESENTATION_ITEM('')
);
#2501=(
BOUNDED_CURVE()
B_SPLINE_CURVE(2,(#5143,#5144,#5145,#5146,#5147),.UNSPECIFIED.,.F.,.F.)
B_SPLINE_CURVE_WITH_KNOTS((3,2,3),(-0.0024544239644102,-0.0012272119822051,
0.),.UNSPECIFIED.)
CURVE()
GEOMETRIC_REPRESENTATION_ITEM()
RATIONAL_B_SPLINE_CURVE((1.,0.90547869925556,1.,0.90547869925556,1.))
REPRESENTATION_ITEM('')
);
#2502=(
BOUNDED_CURVE()
B_SPLINE_CURVE(2,(#5176,#5177,#5178,#5179,#5180),.UNSPECIFIED.,.F.,.F.)
B_SPLINE_CURVE_WITH_KNOTS((3,2,3),(-0.00337197611485306,-0.00168598805742653,
0.),.UNSPECIFIED.)
CURVE()
GEOMETRIC_REPRESENTATION_ITEM()
RATIONAL_B_SPLINE_CURVE((1.,0.824126188622019,1.,0.824126188622019,1.))
REPRESENTATION_ITEM('')
);
#2503=(
BOUNDED_CURVE()
B_SPLINE_CURVE(2,(#5191,#5192,#5193,#5194,#5195),.UNSPECIFIED.,.F.,.F.)
B_SPLINE_CURVE_WITH_KNOTS((3,2,3),(-0.00245442396441015,-0.00122721198220508,
0.),.UNSPECIFIED.)
CURVE()
GEOMETRIC_REPRESENTATION_ITEM()
RATIONAL_B_SPLINE_CURVE((1.,0.905478699255564,1.,0.905478699255564,1.))
REPRESENTATION_ITEM('')
);
#2504=(
BOUNDED_CURVE()
B_SPLINE_CURVE(2,(#5206,#5207,#5208,#5209,#5210),.UNSPECIFIED.,.F.,.F.)
B_SPLINE_CURVE_WITH_KNOTS((3,2,3),(-0.00245442396441019,-0.0012272119822051,
0.),.UNSPECIFIED.)
CURVE()
GEOMETRIC_REPRESENTATION_ITEM()
RATIONAL_B_SPLINE_CURVE((1.,0.905478699255559,1.,0.905478699255559,1.))
REPRESENTATION_ITEM('')
);
#2505=(
BOUNDED_CURVE()
B_SPLINE_CURVE(2,(#5239,#5240,#5241,#5242,#5243),.UNSPECIFIED.,.F.,.F.)
B_SPLINE_CURVE_WITH_KNOTS((3,2,3),(-0.00337197611485305,-0.00168598805742652,
0.),.UNSPECIFIED.)
CURVE()
GEOMETRIC_REPRESENTATION_ITEM()
RATIONAL_B_SPLINE_CURVE((1.,0.82412618862202,1.,0.82412618862202,1.))
REPRESENTATION_ITEM('')
);
#2506=(
BOUNDED_CURVE()
B_SPLINE_CURVE(2,(#5254,#5255,#5256,#5257,#5258),.UNSPECIFIED.,.F.,.F.)
B_SPLINE_CURVE_WITH_KNOTS((3,2,3),(-0.0024544239644102,-0.0012272119822051,
0.),.UNSPECIFIED.)
CURVE()
GEOMETRIC_REPRESENTATION_ITEM()
RATIONAL_B_SPLINE_CURVE((1.,0.90547869925556,1.,0.90547869925556,1.))
REPRESENTATION_ITEM('')
);
#2507=(
BOUNDED_CURVE()
B_SPLINE_CURVE(2,(#5269,#5270,#5271,#5272,#5273),.UNSPECIFIED.,.F.,.F.)
B_SPLINE_CURVE_WITH_KNOTS((3,2,3),(-0.00245442396441015,-0.00122721198220508,
0.),.UNSPECIFIED.)
CURVE()
GEOMETRIC_REPRESENTATION_ITEM()
RATIONAL_B_SPLINE_CURVE((1.,0.905478699255564,1.,0.905478699255564,1.))
REPRESENTATION_ITEM('')
);
#2508=(
BOUNDED_CURVE()
B_SPLINE_CURVE(2,(#5302,#5303,#5304,#5305,#5306),.UNSPECIFIED.,.F.,.F.)
B_SPLINE_CURVE_WITH_KNOTS((3,2,3),(-0.00337197611485305,-0.00168598805742652,
0.),.UNSPECIFIED.)
CURVE()
GEOMETRIC_REPRESENTATION_ITEM()
RATIONAL_B_SPLINE_CURVE((1.,0.82412618862202,1.,0.82412618862202,1.))
REPRESENTATION_ITEM('')
);
#2509=(
BOUNDED_CURVE()
B_SPLINE_CURVE(2,(#5317,#5318,#5319,#5320,#5321),.UNSPECIFIED.,.F.,.F.)
B_SPLINE_CURVE_WITH_KNOTS((3,2,3),(-0.00245442396441021,-0.00122721198220511,
0.),.UNSPECIFIED.)
CURVE()
GEOMETRIC_REPRESENTATION_ITEM()
RATIONAL_B_SPLINE_CURVE((1.,0.90547869925556,1.,0.90547869925556,1.))
REPRESENTATION_ITEM('')
);
#2510=(
BOUNDED_CURVE()
B_SPLINE_CURVE(2,(#5332,#5333,#5334,#5335,#5336),.UNSPECIFIED.,.F.,.F.)
B_SPLINE_CURVE_WITH_KNOTS((3,2,3),(-0.00245442396441024,-0.00122721198220512,
0.),.UNSPECIFIED.)
CURVE()
GEOMETRIC_REPRESENTATION_ITEM()
RATIONAL_B_SPLINE_CURVE((1.,0.905478699255557,1.,0.905478699255557,1.))
REPRESENTATION_ITEM('')
);
#2511=(
BOUNDED_CURVE()
B_SPLINE_CURVE(2,(#5363,#5364,#5365,#5366,#5367),.UNSPECIFIED.,.F.,.F.)
B_SPLINE_CURVE_WITH_KNOTS((3,2,3),(-0.00337197611485304,-0.00168598805742652,
0.),.UNSPECIFIED.)
CURVE()
GEOMETRIC_REPRESENTATION_ITEM()
RATIONAL_B_SPLINE_CURVE((1.,0.824126188622021,1.,0.824126188622021,1.))
REPRESENTATION_ITEM('')
);
#2512=(
BOUNDED_CURVE()
B_SPLINE_CURVE(2,(#5378,#5379,#5380,#5381,#5382),.UNSPECIFIED.,.F.,.F.)
B_SPLINE_CURVE_WITH_KNOTS((3,2,3),(-0.00245442396441007,-0.00122721198220503,
0.),.UNSPECIFIED.)
CURVE()
GEOMETRIC_REPRESENTATION_ITEM()
RATIONAL_B_SPLINE_CURVE((1.,0.905478699255573,1.,0.905478699255573,1.))
REPRESENTATION_ITEM('')
);
#2513=(
BOUNDED_CURVE()
B_SPLINE_CURVE(2,(#5393,#5394,#5395,#5396,#5397),.UNSPECIFIED.,.F.,.F.)
B_SPLINE_CURVE_WITH_KNOTS((3,2,3),(-0.00245442396441008,-0.00122721198220504,
0.),.UNSPECIFIED.)
CURVE()
GEOMETRIC_REPRESENTATION_ITEM()
RATIONAL_B_SPLINE_CURVE((1.,0.905478699255572,1.,0.905478699255572,1.))
REPRESENTATION_ITEM('')
);
#2514=(
BOUNDED_CURVE()
B_SPLINE_CURVE(2,(#5426,#5427,#5428,#5429,#5430),.UNSPECIFIED.,.F.,.F.)
B_SPLINE_CURVE_WITH_KNOTS((3,2,3),(-0.00337197611485305,-0.00168598805742652,
0.),.UNSPECIFIED.)
CURVE()
GEOMETRIC_REPRESENTATION_ITEM()
RATIONAL_B_SPLINE_CURVE((1.,0.824126188622021,1.,0.824126188622021,1.))
REPRESENTATION_ITEM('')
);
#2515=(
BOUNDED_CURVE()
B_SPLINE_CURVE(2,(#5441,#5442,#5443,#5444,#5445),.UNSPECIFIED.,.F.,.F.)
B_SPLINE_CURVE_WITH_KNOTS((3,2,3),(-0.00245442396441024,-0.00122721198220512,
0.),.UNSPECIFIED.)
CURVE()
GEOMETRIC_REPRESENTATION_ITEM()
RATIONAL_B_SPLINE_CURVE((1.,0.905478699255556,1.,0.905478699255556,1.))
REPRESENTATION_ITEM('')
);
#2516=(
BOUNDED_CURVE()
B_SPLINE_CURVE(2,(#5456,#5457,#5458,#5459,#5460),.UNSPECIFIED.,.F.,.F.)
B_SPLINE_CURVE_WITH_KNOTS((3,2,3),(-0.0024544239644102,-0.0012272119822051,
0.),.UNSPECIFIED.)
CURVE()
GEOMETRIC_REPRESENTATION_ITEM()
RATIONAL_B_SPLINE_CURVE((1.,0.90547869925556,1.,0.90547869925556,1.))
REPRESENTATION_ITEM('')
);
#2517=(
BOUNDED_CURVE()
B_SPLINE_CURVE(2,(#5489,#5490,#5491,#5492,#5493),.UNSPECIFIED.,.F.,.F.)
B_SPLINE_CURVE_WITH_KNOTS((3,2,3),(-0.00337197611485306,-0.00168598805742653,
0.),.UNSPECIFIED.)
CURVE()
GEOMETRIC_REPRESENTATION_ITEM()
RATIONAL_B_SPLINE_CURVE((1.,0.824126188622019,1.,0.824126188622019,1.))
REPRESENTATION_ITEM('')
);
#2518=(
BOUNDED_CURVE()
B_SPLINE_CURVE(2,(#5504,#5505,#5506,#5507,#5508),.UNSPECIFIED.,.F.,.F.)
B_SPLINE_CURVE_WITH_KNOTS((3,2,3),(-0.00245442396441014,-0.00122721198220507,
0.),.UNSPECIFIED.)
CURVE()
GEOMETRIC_REPRESENTATION_ITEM()
RATIONAL_B_SPLINE_CURVE((1.,0.905478699255564,1.,0.905478699255564,1.))
REPRESENTATION_ITEM('')
);
#2519=(
BOUNDED_CURVE()
B_SPLINE_CURVE(2,(#5519,#5520,#5521,#5522,#5523),.UNSPECIFIED.,.F.,.F.)
B_SPLINE_CURVE_WITH_KNOTS((3,2,3),(-0.00245442396441027,-0.00122721198220513,
0.),.UNSPECIFIED.)
CURVE()
GEOMETRIC_REPRESENTATION_ITEM()
RATIONAL_B_SPLINE_CURVE((1.,0.905478699255555,1.,0.905478699255555,1.))
REPRESENTATION_ITEM('')
);
#2520=(
BOUNDED_CURVE()
B_SPLINE_CURVE(2,(#5552,#5553,#5554,#5555,#5556),.UNSPECIFIED.,.F.,.F.)
B_SPLINE_CURVE_WITH_KNOTS((3,2,3),(-0.00337197611485305,-0.00168598805742652,
0.),.UNSPECIFIED.)
CURVE()
GEOMETRIC_REPRESENTATION_ITEM()
RATIONAL_B_SPLINE_CURVE((1.,0.82412618862202,1.,0.82412618862202,1.))
REPRESENTATION_ITEM('')
);
#2521=(
BOUNDED_CURVE()
B_SPLINE_CURVE(2,(#5567,#5568,#5569,#5570,#5571),.UNSPECIFIED.,.F.,.F.)
B_SPLINE_CURVE_WITH_KNOTS((3,2,3),(-0.00245442396441021,-0.0012272119822051,
0.),.UNSPECIFIED.)
CURVE()
GEOMETRIC_REPRESENTATION_ITEM()
RATIONAL_B_SPLINE_CURVE((1.,0.90547869925556,1.,0.90547869925556,1.))
REPRESENTATION_ITEM('')
);
#2522=(
BOUNDED_CURVE()
B_SPLINE_CURVE(2,(#5582,#5583,#5584,#5585,#5586),.UNSPECIFIED.,.F.,.F.)
B_SPLINE_CURVE_WITH_KNOTS((3,2,3),(-0.00245442396441015,-0.00122721198220508,
0.),.UNSPECIFIED.)
CURVE()
GEOMETRIC_REPRESENTATION_ITEM()
RATIONAL_B_SPLINE_CURVE((1.,0.905478699255564,1.,0.905478699255564,1.))
REPRESENTATION_ITEM('')
);
#2523=(
BOUNDED_CURVE()
B_SPLINE_CURVE(2,(#5615,#5616,#5617,#5618,#5619),.UNSPECIFIED.,.F.,.F.)
B_SPLINE_CURVE_WITH_KNOTS((3,2,3),(-0.00337197611485305,-0.00168598805742653,
0.),.UNSPECIFIED.)
CURVE()
GEOMETRIC_REPRESENTATION_ITEM()
RATIONAL_B_SPLINE_CURVE((1.,0.824126188622019,1.,0.824126188622019,1.))
REPRESENTATION_ITEM('')
);
#2524=(
BOUNDED_CURVE()
B_SPLINE_CURVE(2,(#5630,#5631,#5632,#5633,#5634),.UNSPECIFIED.,.F.,.F.)
B_SPLINE_CURVE_WITH_KNOTS((3,2,3),(-0.00245442396441021,-0.00122721198220511,
0.),.UNSPECIFIED.)
CURVE()
GEOMETRIC_REPRESENTATION_ITEM()
RATIONAL_B_SPLINE_CURVE((1.,0.905478699255561,1.,0.905478699255561,1.))
REPRESENTATION_ITEM('')
);
#2525=(
BOUNDED_CURVE()
B_SPLINE_CURVE(2,(#5645,#5646,#5647,#5648,#5649),.UNSPECIFIED.,.F.,.F.)
B_SPLINE_CURVE_WITH_KNOTS((3,2,3),(-0.00245442396441024,-0.00122721198220512,
0.),.UNSPECIFIED.)
CURVE()
GEOMETRIC_REPRESENTATION_ITEM()
RATIONAL_B_SPLINE_CURVE((1.,0.905478699255556,1.,0.905478699255556,1.))
REPRESENTATION_ITEM('')
);
#2526=(
BOUNDED_CURVE()
B_SPLINE_CURVE(2,(#5722,#5723,#5724,#5725,#5726),.UNSPECIFIED.,.F.,.F.)
B_SPLINE_CURVE_WITH_KNOTS((3,2,3),(0.,0.0030466325129479,0.00609326502589581),
 .UNSPECIFIED.)
CURVE()
GEOMETRIC_REPRESENTATION_ITEM()
RATIONAL_B_SPLINE_CURVE((1.,0.736387507829364,1.,0.736387507829364,1.))
REPRESENTATION_ITEM('')
);
#2527=(
BOUNDED_CURVE()
B_SPLINE_CURVE(2,(#5729,#5730,#5731,#5732,#5733),.UNSPECIFIED.,.F.,.F.)
B_SPLINE_CURVE_WITH_KNOTS((3,2,3),(0.,0.0030466325129479,0.00609326502589581),
 .UNSPECIFIED.)
CURVE()
GEOMETRIC_REPRESENTATION_ITEM()
RATIONAL_B_SPLINE_CURVE((1.,0.736387507829364,1.,0.736387507829364,1.))
REPRESENTATION_ITEM('')
);
#2528=(
BOUNDED_CURVE()
B_SPLINE_CURVE(2,(#5746,#5747,#5748,#5749,#5750),.UNSPECIFIED.,.F.,.F.)
B_SPLINE_CURVE_WITH_KNOTS((3,2,3),(-0.00659734457253856,-0.00329867228626928,
0.),.UNSPECIFIED.)
CURVE()
GEOMETRIC_REPRESENTATION_ITEM()
RATIONAL_B_SPLINE_CURVE((1.,0.707106781186547,1.,0.707106781186547,1.))
REPRESENTATION_ITEM('')
);
#2529=(
BOUNDED_CURVE()
B_SPLINE_CURVE(2,(#5753,#5754,#5755,#5756,#5757),.UNSPECIFIED.,.F.,.F.)
B_SPLINE_CURVE_WITH_KNOTS((3,2,3),(-0.00659734457253856,-0.00329867228626928,
0.),.UNSPECIFIED.)
CURVE()
GEOMETRIC_REPRESENTATION_ITEM()
RATIONAL_B_SPLINE_CURVE((1.,0.707106781186547,1.,0.707106781186547,1.))
REPRESENTATION_ITEM('')
);
#2530=(
BOUNDED_CURVE()
B_SPLINE_CURVE(2,(#5768,#5769,#5770,#5771,#5772),.UNSPECIFIED.,.F.,.F.)
B_SPLINE_CURVE_WITH_KNOTS((3,2,3),(0.,0.00310453614867385,0.00620907229734769),
 .UNSPECIFIED.)
CURVE()
GEOMETRIC_REPRESENTATION_ITEM()
RATIONAL_B_SPLINE_CURVE((1.,0.739024410634398,1.,0.739024410634398,1.))
REPRESENTATION_ITEM('')
);
#2531=(
BOUNDED_CURVE()
B_SPLINE_CURVE(2,(#5775,#5776,#5777,#5778,#5779),.UNSPECIFIED.,.F.,.F.)
B_SPLINE_CURVE_WITH_KNOTS((3,2,3),(0.,0.00310453614867385,0.00620907229734769),
 .UNSPECIFIED.)
CURVE()
GEOMETRIC_REPRESENTATION_ITEM()
RATIONAL_B_SPLINE_CURVE((1.,0.739024410634398,1.,0.739024410634398,1.))
REPRESENTATION_ITEM('')
);
#2532=(
BOUNDED_CURVE()
B_SPLINE_CURVE(2,(#5790,#5791,#5792,#5793,#5794),.UNSPECIFIED.,.F.,.F.)
B_SPLINE_CURVE_WITH_KNOTS((3,2,3),(0.,0.00329867228626928,0.00659734457253856),
 .UNSPECIFIED.)
CURVE()
GEOMETRIC_REPRESENTATION_ITEM()
RATIONAL_B_SPLINE_CURVE((1.,0.707106781186547,1.,0.707106781186547,1.))
REPRESENTATION_ITEM('')
);
#2533=(
BOUNDED_CURVE()
B_SPLINE_CURVE(2,(#5795,#5796,#5797,#5798,#5799),.UNSPECIFIED.,.F.,.F.)
B_SPLINE_CURVE_WITH_KNOTS((3,2,3),(0.,0.00329867228626928,0.00659734457253856),
 .UNSPECIFIED.)
CURVE()
GEOMETRIC_REPRESENTATION_ITEM()
RATIONAL_B_SPLINE_CURVE((1.,0.707106781186547,1.,0.707106781186547,1.))
REPRESENTATION_ITEM('')
);
#2534=(
BOUNDED_CURVE()
B_SPLINE_CURVE(2,(#5810,#5811,#5812),.UNSPECIFIED.,.F.,.F.)
B_SPLINE_CURVE_WITH_KNOTS((3,3),(0.00109038822581803,0.00218077645163606),
 .UNSPECIFIED.)
CURVE()
GEOMETRIC_REPRESENTATION_ITEM()
RATIONAL_B_SPLINE_CURVE((1.,0.972037102642375,1.))
REPRESENTATION_ITEM('')
);
#2535=(
BOUNDED_CURVE()
B_SPLINE_CURVE(2,(#5813,#5814,#5815),.UNSPECIFIED.,.F.,.F.)
B_SPLINE_CURVE_WITH_KNOTS((3,3),(0.,0.00109038822581803),.UNSPECIFIED.)
CURVE()
GEOMETRIC_REPRESENTATION_ITEM()
RATIONAL_B_SPLINE_CURVE((1.,0.972037102642375,1.))
REPRESENTATION_ITEM('')
);
#2536=(
BOUNDED_CURVE()
B_SPLINE_CURVE(2,(#5816,#5817,#5818,#5819,#5820),.UNSPECIFIED.,.F.,.F.)
B_SPLINE_CURVE_WITH_KNOTS((3,2,3),(0.,0.00252244332581023,0.00504488665162046),
 .UNSPECIFIED.)
CURVE()
GEOMETRIC_REPRESENTATION_ITEM()
RATIONAL_B_SPLINE_CURVE((1.,0.853382018537893,1.,0.853382018537893,1.))
REPRESENTATION_ITEM('')
);
#2537=(
BOUNDED_CURVE()
B_SPLINE_CURVE(2,(#5821,#5822,#5823),.UNSPECIFIED.,.F.,.F.)
B_SPLINE_CURVE_WITH_KNOTS((3,3),(0.,0.00109038822581803),.UNSPECIFIED.)
CURVE()
GEOMETRIC_REPRESENTATION_ITEM()
RATIONAL_B_SPLINE_CURVE((1.,0.972037102640789,1.))
REPRESENTATION_ITEM('')
);
#2538=(
BOUNDED_CURVE()
B_SPLINE_CURVE(2,(#5824,#5825,#5826,#5827,#5828),.UNSPECIFIED.,.F.,.F.)
B_SPLINE_CURVE_WITH_KNOTS((3,2,3),(0.,0.00252244332581023,0.00504488665162046),
 .UNSPECIFIED.)
CURVE()
GEOMETRIC_REPRESENTATION_ITEM()
RATIONAL_B_SPLINE_CURVE((1.,0.853382018537893,1.,0.853382018537893,1.))
REPRESENTATION_ITEM('')
);
#2539=(
BOUNDED_CURVE()
B_SPLINE_CURVE(2,(#5829,#5830,#5831,#5832,#5833),.UNSPECIFIED.,.F.,.F.)
B_SPLINE_CURVE_WITH_KNOTS((3,2,3),(-0.00722566310325652,-0.00361283155162826,
0.),.UNSPECIFIED.)
CURVE()
GEOMETRIC_REPRESENTATION_ITEM()
RATIONAL_B_SPLINE_CURVE((1.,0.707106781186548,1.,0.707106781186548,1.))
REPRESENTATION_ITEM('')
);
#2540=(
BOUNDED_CURVE()
B_SPLINE_CURVE(2,(#5834,#5835,#5836,#5837,#5838),.UNSPECIFIED.,.F.,.F.)
B_SPLINE_CURVE_WITH_KNOTS((3,2,3),(-0.014451326206513,-0.0108384946548848,
-0.00722566310325652),.UNSPECIFIED.)
CURVE()
GEOMETRIC_REPRESENTATION_ITEM()
RATIONAL_B_SPLINE_CURVE((1.,0.707106781186548,1.,0.707106781186548,1.))
REPRESENTATION_ITEM('')
);
#2541=(
BOUNDED_CURVE()
B_SPLINE_CURVE(2,(#5841,#5842,#5843,#5844,#5845),.UNSPECIFIED.,.F.,.F.)
B_SPLINE_CURVE_WITH_KNOTS((3,2,3),(-0.127234502470387,-0.09542587685279,
-0.0636172512351933),.UNSPECIFIED.)
CURVE()
GEOMETRIC_REPRESENTATION_ITEM()
RATIONAL_B_SPLINE_CURVE((1.,0.707106781186548,1.,0.707106781186548,1.))
REPRESENTATION_ITEM('')
);
#2542=(
BOUNDED_CURVE()
B_SPLINE_CURVE(2,(#5846,#5847,#5848,#5849,#5850),.UNSPECIFIED.,.F.,.F.)
B_SPLINE_CURVE_WITH_KNOTS((3,2,3),(-0.0636172512351933,-0.0318086256175967,
0.),.UNSPECIFIED.)
CURVE()
GEOMETRIC_REPRESENTATION_ITEM()
RATIONAL_B_SPLINE_CURVE((1.,0.707106781186548,1.,0.707106781186548,1.))
REPRESENTATION_ITEM('')
);
#2543=(
BOUNDED_CURVE()
B_SPLINE_CURVE(2,(#5851,#5852,#5853,#5854,#5855),.UNSPECIFIED.,.F.,.F.)
B_SPLINE_CURVE_WITH_KNOTS((3,2,3),(-0.127234502470387,-0.09542587685279,
-0.0636172512351933),.UNSPECIFIED.)
CURVE()
GEOMETRIC_REPRESENTATION_ITEM()
RATIONAL_B_SPLINE_CURVE((1.,0.707106781186548,1.,0.707106781186548,1.))
REPRESENTATION_ITEM('')
);
#2544=(
BOUNDED_CURVE()
B_SPLINE_CURVE(2,(#5856,#5857,#5858,#5859,#5860),.UNSPECIFIED.,.F.,.F.)
B_SPLINE_CURVE_WITH_KNOTS((3,2,3),(-0.0636172512351933,-0.0318086256175967,
0.),.UNSPECIFIED.)
CURVE()
GEOMETRIC_REPRESENTATION_ITEM()
RATIONAL_B_SPLINE_CURVE((1.,0.707106781186548,1.,0.707106781186548,1.))
REPRESENTATION_ITEM('')
);
#2545=(
BOUNDED_CURVE()
B_SPLINE_CURVE(2,(#5863,#5864,#5865,#5866,#5867),.UNSPECIFIED.,.F.,.F.)
B_SPLINE_CURVE_WITH_KNOTS((3,2,3),(0.,0.0344558183681123,0.0689116367362246),
 .UNSPECIFIED.)
CURVE()
GEOMETRIC_REPRESENTATION_ITEM()
RATIONAL_B_SPLINE_CURVE((1.,0.707106781186548,1.,0.707106781186548,1.))
REPRESENTATION_ITEM('')
);
#2546=(
BOUNDED_CURVE()
B_SPLINE_CURVE(2,(#5868,#5869,#5870,#5871,#5872),.UNSPECIFIED.,.F.,.F.)
B_SPLINE_CURVE_WITH_KNOTS((3,2,3),(0.0689116367362246,0.103367455104337,
0.137823273472449),.UNSPECIFIED.)
CURVE()
GEOMETRIC_REPRESENTATION_ITEM()
RATIONAL_B_SPLINE_CURVE((1.,0.707106781186548,1.,0.707106781186548,1.))
REPRESENTATION_ITEM('')
);
#2547=(
BOUNDED_CURVE()
B_SPLINE_CURVE(2,(#5875,#5876,#5877,#5878,#5879),.UNSPECIFIED.,.F.,.F.)
B_SPLINE_CURVE_WITH_KNOTS((3,2,3),(-0.135524257362202,-0.101643193021652,
-0.0677621286811012),.UNSPECIFIED.)
CURVE()
GEOMETRIC_REPRESENTATION_ITEM()
RATIONAL_B_SPLINE_CURVE((1.,0.707106781186548,1.,0.707106781186548,1.))
REPRESENTATION_ITEM('')
);
#2548=(
BOUNDED_CURVE()
B_SPLINE_CURVE(2,(#5880,#5881,#5882,#5883,#5884),.UNSPECIFIED.,.F.,.F.)
B_SPLINE_CURVE_WITH_KNOTS((3,2,3),(-0.0677621286811012,-0.0338810643405506,
0.),.UNSPECIFIED.)
CURVE()
GEOMETRIC_REPRESENTATION_ITEM()
RATIONAL_B_SPLINE_CURVE((1.,0.707106781186548,1.,0.707106781186548,1.))
REPRESENTATION_ITEM('')
);
#2549=(
BOUNDED_CURVE()
B_SPLINE_CURVE(2,(#5887,#5888,#5889,#5890,#5891),.UNSPECIFIED.,.F.,.F.)
B_SPLINE_CURVE_WITH_KNOTS((3,2,3),(-0.138665850015804,-0.103999387511853,
-0.0693329250079021),.UNSPECIFIED.)
CURVE()
GEOMETRIC_REPRESENTATION_ITEM()
RATIONAL_B_SPLINE_CURVE((1.,0.707106781186548,1.,0.707106781186548,1.))
REPRESENTATION_ITEM('')
);
#2550=(
BOUNDED_CURVE()
B_SPLINE_CURVE(2,(#5892,#5893,#5894,#5895,#5896),.UNSPECIFIED.,.F.,.F.)
B_SPLINE_CURVE_WITH_KNOTS((3,2,3),(-0.0693329250079021,-0.034666462503951,
0.),.UNSPECIFIED.)
CURVE()
GEOMETRIC_REPRESENTATION_ITEM()
RATIONAL_B_SPLINE_CURVE((1.,0.707106781186548,1.,0.707106781186548,1.))
REPRESENTATION_ITEM('')
);
#2551=(
BOUNDED_CURVE()
B_SPLINE_CURVE(2,(#5899,#5900,#5901,#5902,#5903),.UNSPECIFIED.,.F.,.F.)
B_SPLINE_CURVE_WITH_KNOTS((3,2,3),(0.,0.034666462503951,0.0693329250079021),
 .UNSPECIFIED.)
CURVE()
GEOMETRIC_REPRESENTATION_ITEM()
RATIONAL_B_SPLINE_CURVE((1.,0.707106781186548,1.,0.707106781186548,1.))
REPRESENTATION_ITEM('')
);
#2552=(
BOUNDED_CURVE()
B_SPLINE_CURVE(2,(#5904,#5905,#5906,#5907,#5908),.UNSPECIFIED.,.F.,.F.)
B_SPLINE_CURVE_WITH_KNOTS((3,2,3),(0.0693329250079021,0.103999387511853,
0.138665850015804),.UNSPECIFIED.)
CURVE()
GEOMETRIC_REPRESENTATION_ITEM()
RATIONAL_B_SPLINE_CURVE((1.,0.707106781186548,1.,0.707106781186548,1.))
REPRESENTATION_ITEM('')
);
#2553=(
BOUNDED_CURVE()
B_SPLINE_CURVE(2,(#5911,#5912,#5913,#5914,#5915),.UNSPECIFIED.,.F.,.F.)
B_SPLINE_CURVE_WITH_KNOTS((3,2,3),(-0.127356116462881,-0.0955170873471606,
-0.0636780582314404),.UNSPECIFIED.)
CURVE()
GEOMETRIC_REPRESENTATION_ITEM()
RATIONAL_B_SPLINE_CURVE((1.,0.707106781186548,1.,0.707106781186548,1.))
REPRESENTATION_ITEM('')
);
#2554=(
BOUNDED_CURVE()
B_SPLINE_CURVE(2,(#5916,#5917,#5918,#5919,#5920),.UNSPECIFIED.,.F.,.F.)
B_SPLINE_CURVE_WITH_KNOTS((3,2,3),(-0.0636780582314404,-0.0318390291157202,
0.),.UNSPECIFIED.)
CURVE()
GEOMETRIC_REPRESENTATION_ITEM()
RATIONAL_B_SPLINE_CURVE((1.,0.707106781186548,1.,0.707106781186548,1.))
REPRESENTATION_ITEM('')
);
#2555=(
BOUNDED_CURVE()
B_SPLINE_CURVE(2,(#5923,#5924,#5925,#5926,#5927),.UNSPECIFIED.,.F.,.F.)
B_SPLINE_CURVE_WITH_KNOTS((3,2,3),(-0.127356116462881,-0.0955170873471606,
-0.0636780582314404),.UNSPECIFIED.)
CURVE()
GEOMETRIC_REPRESENTATION_ITEM()
RATIONAL_B_SPLINE_CURVE((1.,0.707106781186548,1.,0.707106781186548,1.))
REPRESENTATION_ITEM('')
);
#2556=(
BOUNDED_CURVE()
B_SPLINE_CURVE(2,(#5928,#5929,#5930,#5931,#5932),.UNSPECIFIED.,.F.,.F.)
B_SPLINE_CURVE_WITH_KNOTS((3,2,3),(-0.0636780582314404,-0.0318390291157202,
0.),.UNSPECIFIED.)
CURVE()
GEOMETRIC_REPRESENTATION_ITEM()
RATIONAL_B_SPLINE_CURVE((1.,0.707106781186548,1.,0.707106781186548,1.))
REPRESENTATION_ITEM('')
);
#2557=(
BOUNDED_CURVE()
B_SPLINE_CURVE(2,(#5935,#5936,#5937,#5938,#5939),.UNSPECIFIED.,.F.,.F.)
B_SPLINE_CURVE_WITH_KNOTS((3,2,3),(0.,0.0344558183681123,0.0689116367362246),
 .UNSPECIFIED.)
CURVE()
GEOMETRIC_REPRESENTATION_ITEM()
RATIONAL_B_SPLINE_CURVE((1.,0.707106781186548,1.,0.707106781186548,1.))
REPRESENTATION_ITEM('')
);
#2558=(
BOUNDED_CURVE()
B_SPLINE_CURVE(2,(#5940,#5941,#5942,#5943,#5944),.UNSPECIFIED.,.F.,.F.)
B_SPLINE_CURVE_WITH_KNOTS((3,2,3),(0.0689116367362246,0.103367455104337,
0.137823273472449),.UNSPECIFIED.)
CURVE()
GEOMETRIC_REPRESENTATION_ITEM()
RATIONAL_B_SPLINE_CURVE((1.,0.707106781186548,1.,0.707106781186548,1.))
REPRESENTATION_ITEM('')
);
#2559=(
BOUNDED_CURVE()
B_SPLINE_CURVE(2,(#5945,#5946,#5947,#5948,#5949),.UNSPECIFIED.,.F.,.F.)
B_SPLINE_CURVE_WITH_KNOTS((3,2,3),(0.0689116367362246,0.103367455104337,
0.137823273472449),.UNSPECIFIED.)
CURVE()
GEOMETRIC_REPRESENTATION_ITEM()
RATIONAL_B_SPLINE_CURVE((1.,0.707106781186548,1.,0.707106781186548,1.))
REPRESENTATION_ITEM('')
);
#2560=(
BOUNDED_CURVE()
B_SPLINE_CURVE(2,(#5950,#5951,#5952,#5953,#5954),.UNSPECIFIED.,.F.,.F.)
B_SPLINE_CURVE_WITH_KNOTS((3,2,3),(0.,0.0344558183681123,0.0689116367362246),
 .UNSPECIFIED.)
CURVE()
GEOMETRIC_REPRESENTATION_ITEM()
RATIONAL_B_SPLINE_CURVE((1.,0.707106781186548,1.,0.707106781186548,1.))
REPRESENTATION_ITEM('')
);
#2561=(
BOUNDED_CURVE()
B_SPLINE_CURVE(2,(#5959,#5960,#5961),.UNSPECIFIED.,.F.,.F.)
B_SPLINE_CURVE_WITH_KNOTS((3,3),(-0.00699790881513039,0.),.UNSPECIFIED.)
CURVE()
GEOMETRIC_REPRESENTATION_ITEM()
RATIONAL_B_SPLINE_CURVE((1.,0.983091243844852,1.))
REPRESENTATION_ITEM('')
);
#2562=(
BOUNDED_CURVE()
B_SPLINE_CURVE(2,(#5962,#5963,#5964),.UNSPECIFIED.,.F.,.F.)
B_SPLINE_CURVE_WITH_KNOTS((3,3),(0.,0.0049401432685108),.UNSPECIFIED.)
CURVE()
GEOMETRIC_REPRESENTATION_ITEM()
RATIONAL_B_SPLINE_CURVE((1.,0.991561404957988,1.))
REPRESENTATION_ITEM('')
);
#2563=(
BOUNDED_CURVE()
B_SPLINE_CURVE(2,(#5965,#5966,#5967),.UNSPECIFIED.,.F.,.F.)
B_SPLINE_CURVE_WITH_KNOTS((3,3),(0.,0.00699790881513044),.UNSPECIFIED.)
CURVE()
GEOMETRIC_REPRESENTATION_ITEM()
RATIONAL_B_SPLINE_CURVE((1.,0.983091243844851,1.))
REPRESENTATION_ITEM('')
);
#2564=(
BOUNDED_CURVE()
B_SPLINE_CURVE(2,(#5968,#5969,#5970),.UNSPECIFIED.,.F.,.F.)
B_SPLINE_CURVE_WITH_KNOTS((3,3),(0.,0.00494014326851081),.UNSPECIFIED.)
CURVE()
GEOMETRIC_REPRESENTATION_ITEM()
RATIONAL_B_SPLINE_CURVE((1.,0.991561404957989,1.))
REPRESENTATION_ITEM('')
);
#2565=(
BOUNDED_CURVE()
B_SPLINE_CURVE(2,(#5971,#5972,#5973),.UNSPECIFIED.,.F.,.F.)
B_SPLINE_CURVE_WITH_KNOTS((3,3),(-0.00699790881513038,0.),.UNSPECIFIED.)
CURVE()
GEOMETRIC_REPRESENTATION_ITEM()
RATIONAL_B_SPLINE_CURVE((1.,0.983091243844852,1.))
REPRESENTATION_ITEM('')
);
#2566=(
BOUNDED_CURVE()
B_SPLINE_CURVE(2,(#5974,#5975,#5976),.UNSPECIFIED.,.F.,.F.)
B_SPLINE_CURVE_WITH_KNOTS((3,3),(-0.00699790881513044,-0.00349895440756522),
 .UNSPECIFIED.)
CURVE()
GEOMETRIC_REPRESENTATION_ITEM()
RATIONAL_B_SPLINE_CURVE((1.,0.995763838428784,1.))
REPRESENTATION_ITEM('')
);
#2567=(
BOUNDED_CURVE()
B_SPLINE_CURVE(2,(#5977,#5978,#5979),.UNSPECIFIED.,.F.,.F.)
B_SPLINE_CURVE_WITH_KNOTS((3,3),(0.,0.0049401432685108),.UNSPECIFIED.)
CURVE()
GEOMETRIC_REPRESENTATION_ITEM()
RATIONAL_B_SPLINE_CURVE((1.,0.991561404957989,1.))
REPRESENTATION_ITEM('')
);
#2568=(
BOUNDED_CURVE()
B_SPLINE_CURVE(2,(#5980,#5981,#5982),.UNSPECIFIED.,.F.,.F.)
B_SPLINE_CURVE_WITH_KNOTS((3,3),(-0.00699790881513039,0.),.UNSPECIFIED.)
CURVE()
GEOMETRIC_REPRESENTATION_ITEM()
RATIONAL_B_SPLINE_CURVE((1.,0.983091243844852,1.))
REPRESENTATION_ITEM('')
);
#2569=(
BOUNDED_CURVE()
B_SPLINE_CURVE(2,(#5983,#5984,#5985),.UNSPECIFIED.,.F.,.F.)
B_SPLINE_CURVE_WITH_KNOTS((3,3),(-0.00699790881513039,0.),.UNSPECIFIED.)
CURVE()
GEOMETRIC_REPRESENTATION_ITEM()
RATIONAL_B_SPLINE_CURVE((1.,0.983091243844852,1.))
REPRESENTATION_ITEM('')
);
#2570=(
BOUNDED_CURVE()
B_SPLINE_CURVE(2,(#5986,#5987,#5988),.UNSPECIFIED.,.F.,.F.)
B_SPLINE_CURVE_WITH_KNOTS((3,3),(0.,0.0049401432685108),.UNSPECIFIED.)
CURVE()
GEOMETRIC_REPRESENTATION_ITEM()
RATIONAL_B_SPLINE_CURVE((1.,0.991561404957989,1.))
REPRESENTATION_ITEM('')
);
#2571=(
BOUNDED_CURVE()
B_SPLINE_CURVE(2,(#5989,#5990,#5991),.UNSPECIFIED.,.F.,.F.)
B_SPLINE_CURVE_WITH_KNOTS((3,3),(-0.00699790881513042,0.),.UNSPECIFIED.)
CURVE()
GEOMETRIC_REPRESENTATION_ITEM()
RATIONAL_B_SPLINE_CURVE((1.,0.98309124384485,1.))
REPRESENTATION_ITEM('')
);
#2572=(
BOUNDED_CURVE()
B_SPLINE_CURVE(2,(#5992,#5993,#5994),.UNSPECIFIED.,.F.,.F.)
B_SPLINE_CURVE_WITH_KNOTS((3,3),(0.,0.00494014326851081),.UNSPECIFIED.)
CURVE()
GEOMETRIC_REPRESENTATION_ITEM()
RATIONAL_B_SPLINE_CURVE((1.,0.991561404957989,1.))
REPRESENTATION_ITEM('')
);
#2573=(
BOUNDED_CURVE()
B_SPLINE_CURVE(2,(#5995,#5996,#5997),.UNSPECIFIED.,.F.,.F.)
B_SPLINE_CURVE_WITH_KNOTS((3,3),(-0.00699790881513038,0.),.UNSPECIFIED.)
CURVE()
GEOMETRIC_REPRESENTATION_ITEM()
RATIONAL_B_SPLINE_CURVE((1.,0.983091243844851,1.))
REPRESENTATION_ITEM('')
);
#2574=(
BOUNDED_CURVE()
B_SPLINE_CURVE(2,(#5998,#5999,#6000),.UNSPECIFIED.,.F.,.F.)
B_SPLINE_CURVE_WITH_KNOTS((3,3),(0.,0.00494014326851079),.UNSPECIFIED.)
CURVE()
GEOMETRIC_REPRESENTATION_ITEM()
RATIONAL_B_SPLINE_CURVE((1.,0.991561404957988,1.))
REPRESENTATION_ITEM('')
);
#2575=(
BOUNDED_CURVE()
B_SPLINE_CURVE(2,(#6003,#6004,#6005),.UNSPECIFIED.,.F.,.F.)
B_SPLINE_CURVE_WITH_KNOTS((3,3),(0.00349895440756522,0.00699790881513044),
 .UNSPECIFIED.)
CURVE()
GEOMETRIC_REPRESENTATION_ITEM()
RATIONAL_B_SPLINE_CURVE((1.,0.995763838428783,1.))
REPRESENTATION_ITEM('')
);
#2576=(
BOUNDED_CURVE()
B_SPLINE_CURVE(2,(#6006,#6007,#6008),.UNSPECIFIED.,.F.,.F.)
B_SPLINE_CURVE_WITH_KNOTS((3,3),(0.,0.00349895440756522),.UNSPECIFIED.)
CURVE()
GEOMETRIC_REPRESENTATION_ITEM()
RATIONAL_B_SPLINE_CURVE((1.,0.995763838428783,1.))
REPRESENTATION_ITEM('')
);
#2577=(
BOUNDED_CURVE()
B_SPLINE_CURVE(2,(#6011,#6012,#6013),.UNSPECIFIED.,.F.,.F.)
B_SPLINE_CURVE_WITH_KNOTS((3,3),(0.,0.0049401432685108),.UNSPECIFIED.)
CURVE()
GEOMETRIC_REPRESENTATION_ITEM()
RATIONAL_B_SPLINE_CURVE((1.,0.991561404957988,1.))
REPRESENTATION_ITEM('')
);
#2578=(
BOUNDED_CURVE()
B_SPLINE_CURVE(2,(#6014,#6015,#6016),.UNSPECIFIED.,.F.,.F.)
B_SPLINE_CURVE_WITH_KNOTS((3,3),(0.,0.00699790881513039),.UNSPECIFIED.)
CURVE()
GEOMETRIC_REPRESENTATION_ITEM()
RATIONAL_B_SPLINE_CURVE((1.,0.983091243844852,1.))
REPRESENTATION_ITEM('')
);
#2579=(
BOUNDED_CURVE()
B_SPLINE_CURVE(2,(#6017,#6018,#6019,#6020,#6021),.UNSPECIFIED.,.F.,.F.)
B_SPLINE_CURVE_WITH_KNOTS((3,2,3),(-0.0596902604182061,-0.029845130209103,
0.),.UNSPECIFIED.)
CURVE()
GEOMETRIC_REPRESENTATION_ITEM()
RATIONAL_B_SPLINE_CURVE((1.,0.707106781186548,1.,0.707106781186548,1.))
REPRESENTATION_ITEM('')
);
#2580=(
BOUNDED_CURVE()
B_SPLINE_CURVE(2,(#6022,#6023,#6024,#6025,#6026),.UNSPECIFIED.,.F.,.F.)
B_SPLINE_CURVE_WITH_KNOTS((3,2,3),(-0.119380520836412,-0.0895353906273091,
-0.0596902604182061),.UNSPECIFIED.)
CURVE()
GEOMETRIC_REPRESENTATION_ITEM()
RATIONAL_B_SPLINE_CURVE((1.,0.707106781186548,1.,0.707106781186548,1.))
REPRESENTATION_ITEM('')
);
#2581=(
BOUNDED_CURVE()
B_SPLINE_CURVE(2,(#6029,#6030,#6031,#6032,#6033),.UNSPECIFIED.,.F.,.F.)
B_SPLINE_CURVE_WITH_KNOTS((3,2,3),(0.0125663706143592,0.0188495559215388,
0.0251327412287183),.UNSPECIFIED.)
CURVE()
GEOMETRIC_REPRESENTATION_ITEM()
RATIONAL_B_SPLINE_CURVE((1.,0.707106781186548,1.,0.707106781186548,1.))
REPRESENTATION_ITEM('')
);
#2582=(
BOUNDED_CURVE()
B_SPLINE_CURVE(2,(#6034,#6035,#6036,#6037,#6038),.UNSPECIFIED.,.F.,.F.)
B_SPLINE_CURVE_WITH_KNOTS((3,2,3),(0.,0.00628318530717959,0.0125663706143592),
 .UNSPECIFIED.)
CURVE()
GEOMETRIC_REPRESENTATION_ITEM()
RATIONAL_B_SPLINE_CURVE((1.,0.707106781186548,1.,0.707106781186548,1.))
REPRESENTATION_ITEM('')
);
#2583=(
BOUNDED_CURVE()
B_SPLINE_CURVE(2,(#6039,#6040,#6041),.UNSPECIFIED.,.F.,.F.)
B_SPLINE_CURVE_WITH_KNOTS((3,3),(-0.00494014326851086,0.),.UNSPECIFIED.)
CURVE()
GEOMETRIC_REPRESENTATION_ITEM()
RATIONAL_B_SPLINE_CURVE((1.,0.99156140495799,1.))
REPRESENTATION_ITEM('')
);
#2584=(
BOUNDED_CURVE()
B_SPLINE_CURVE(2,(#6042,#6043,#6044),.UNSPECIFIED.,.F.,.F.)
B_SPLINE_CURVE_WITH_KNOTS((3,3),(-0.00494014326851086,0.),.UNSPECIFIED.)
CURVE()
GEOMETRIC_REPRESENTATION_ITEM()
RATIONAL_B_SPLINE_CURVE((1.,0.991561404957991,1.))
REPRESENTATION_ITEM('')
);
#2585=(
BOUNDED_CURVE()
B_SPLINE_CURVE(2,(#6045,#6046,#6047),.UNSPECIFIED.,.F.,.F.)
B_SPLINE_CURVE_WITH_KNOTS((3,3),(-0.00494014326851082,0.),.UNSPECIFIED.)
CURVE()
GEOMETRIC_REPRESENTATION_ITEM()
RATIONAL_B_SPLINE_CURVE((1.,0.991561404957989,1.))
REPRESENTATION_ITEM('')
);
#2586=(
BOUNDED_CURVE()
B_SPLINE_CURVE(2,(#6048,#6049,#6050),.UNSPECIFIED.,.F.,.F.)
B_SPLINE_CURVE_WITH_KNOTS((3,3),(0.00628060092224548,0.0107691723980391),
 .UNSPECIFIED.)
CURVE()
GEOMETRIC_REPRESENTATION_ITEM()
RATIONAL_B_SPLINE_CURVE((1.,0.996325742400795,1.))
REPRESENTATION_ITEM('')
);
#2587=(
BOUNDED_CURVE()
B_SPLINE_CURVE(2,(#6079,#6080,#6081,#6082,#6083),.UNSPECIFIED.,.F.,.F.)
B_SPLINE_CURVE_WITH_KNOTS((3,2,3),(0.,0.00122721198220503,0.00245442396441007),
 .UNSPECIFIED.)
CURVE()
GEOMETRIC_REPRESENTATION_ITEM()
RATIONAL_B_SPLINE_CURVE((1.,0.905478699255572,1.,0.905478699255572,1.))
REPRESENTATION_ITEM('')
);
#2588=(
BOUNDED_CURVE()
B_SPLINE_CURVE(2,(#6090,#6091,#6092,#6093,#6094),.UNSPECIFIED.,.F.,.F.)
B_SPLINE_CURVE_WITH_KNOTS((3,2,3),(0.,0.00122721198220503,0.00245442396441007),
 .UNSPECIFIED.)
CURVE()
GEOMETRIC_REPRESENTATION_ITEM()
RATIONAL_B_SPLINE_CURVE((1.,0.905478699255572,1.,0.905478699255572,1.))
REPRESENTATION_ITEM('')
);
#2589=(
BOUNDED_CURVE()
B_SPLINE_CURVE(2,(#6103,#6104,#6105,#6106,#6107),.UNSPECIFIED.,.F.,.F.)
B_SPLINE_CURVE_WITH_KNOTS((3,2,3),(-0.00337197611485304,-0.00168598805742652,
0.),.UNSPECIFIED.)
CURVE()
GEOMETRIC_REPRESENTATION_ITEM()
RATIONAL_B_SPLINE_CURVE((1.,0.82412618862202,1.,0.82412618862202,1.))
REPRESENTATION_ITEM('')
);
#2590=(
BOUNDED_CURVE()
B_SPLINE_CURVE(2,(#6116,#6117,#6118),.UNSPECIFIED.,.F.,.F.)
B_SPLINE_CURVE_WITH_KNOTS((3,3),(0.00109038822581803,0.00218077645163606),
 .UNSPECIFIED.)
CURVE()
GEOMETRIC_REPRESENTATION_ITEM()
RATIONAL_B_SPLINE_CURVE((1.,0.972037102640789,1.))
REPRESENTATION_ITEM('')
);
#2591=(
BOUNDED_CURVE()
B_SPLINE_CURVE(2,(#6139,#6140,#6141),.UNSPECIFIED.,.F.,.F.)
B_SPLINE_CURVE_WITH_KNOTS((3,3),(-0.00349895440756522,0.),.UNSPECIFIED.)
CURVE()
GEOMETRIC_REPRESENTATION_ITEM()
RATIONAL_B_SPLINE_CURVE((1.,0.995763838428784,1.))
REPRESENTATION_ITEM('')
);
#2592=(
BOUNDED_CURVE()
B_SPLINE_CURVE(2,(#6142,#6143,#6144),.UNSPECIFIED.,.F.,.F.)
B_SPLINE_CURVE_WITH_KNOTS((3,3),(0.00628060092224546,0.0107691710574663),
 .UNSPECIFIED.)
CURVE()
GEOMETRIC_REPRESENTATION_ITEM()
RATIONAL_B_SPLINE_CURVE((1.,0.996325744594183,1.))
REPRESENTATION_ITEM('')
);
#2593=(
BOUNDED_CURVE()
B_SPLINE_CURVE(2,(#7331,#7332,#7333,#7334,#7335),.UNSPECIFIED.,.F.,.F.)
B_SPLINE_CURVE_WITH_KNOTS((3,2,3),(-0.00337197611485304,-0.00168598805742652,
0.),.UNSPECIFIED.)
CURVE()
GEOMETRIC_REPRESENTATION_ITEM()
RATIONAL_B_SPLINE_CURVE((1.,0.824126188622021,1.,0.824126188622021,1.))
REPRESENTATION_ITEM('')
);
#2594=(
BOUNDED_CURVE()
B_SPLINE_CURVE(2,(#7346,#7347,#7348,#7349,#7350),.UNSPECIFIED.,.F.,.F.)
B_SPLINE_CURVE_WITH_KNOTS((3,2,3),(-0.00245442396441024,-0.00122721198220512,
0.),.UNSPECIFIED.)
CURVE()
GEOMETRIC_REPRESENTATION_ITEM()
RATIONAL_B_SPLINE_CURVE((1.,0.905478699255556,1.,0.905478699255556,1.))
REPRESENTATION_ITEM('')
);
#2595=(
BOUNDED_CURVE()
B_SPLINE_CURVE(2,(#7361,#7362,#7363,#7364,#7365),.UNSPECIFIED.,.F.,.F.)
B_SPLINE_CURVE_WITH_KNOTS((3,2,3),(-0.0024544239644102,-0.0012272119822051,
0.),.UNSPECIFIED.)
CURVE()
GEOMETRIC_REPRESENTATION_ITEM()
RATIONAL_B_SPLINE_CURVE((1.,0.90547869925556,1.,0.90547869925556,1.))
REPRESENTATION_ITEM('')
);
#2596=(
BOUNDED_CURVE()
B_SPLINE_CURVE(2,(#7394,#7395,#7396,#7397,#7398),.UNSPECIFIED.,.F.,.F.)
B_SPLINE_CURVE_WITH_KNOTS((3,2,3),(-0.00337197611485306,-0.00168598805742653,
0.),.UNSPECIFIED.)
CURVE()
GEOMETRIC_REPRESENTATION_ITEM()
RATIONAL_B_SPLINE_CURVE((1.,0.824126188622019,1.,0.824126188622019,1.))
REPRESENTATION_ITEM('')
);
#2597=(
BOUNDED_CURVE()
B_SPLINE_CURVE(2,(#7409,#7410,#7411,#7412,#7413),.UNSPECIFIED.,.F.,.F.)
B_SPLINE_CURVE_WITH_KNOTS((3,2,3),(-0.00245442396441015,-0.00122721198220508,
0.),.UNSPECIFIED.)
CURVE()
GEOMETRIC_REPRESENTATION_ITEM()
RATIONAL_B_SPLINE_CURVE((1.,0.905478699255564,1.,0.905478699255564,1.))
REPRESENTATION_ITEM('')
);
#2598=(
BOUNDED_CURVE()
B_SPLINE_CURVE(2,(#7424,#7425,#7426,#7427,#7428),.UNSPECIFIED.,.F.,.F.)
B_SPLINE_CURVE_WITH_KNOTS((3,2,3),(-0.00245442396441019,-0.0012272119822051,
0.),.UNSPECIFIED.)
CURVE()
GEOMETRIC_REPRESENTATION_ITEM()
RATIONAL_B_SPLINE_CURVE((1.,0.905478699255559,1.,0.905478699255559,1.))
REPRESENTATION_ITEM('')
);
#2599=(
BOUNDED_CURVE()
B_SPLINE_CURVE(2,(#7457,#7458,#7459,#7460,#7461),.UNSPECIFIED.,.F.,.F.)
B_SPLINE_CURVE_WITH_KNOTS((3,2,3),(-0.00337197611485305,-0.00168598805742652,
0.),.UNSPECIFIED.)
CURVE()
GEOMETRIC_REPRESENTATION_ITEM()
RATIONAL_B_SPLINE_CURVE((1.,0.82412618862202,1.,0.82412618862202,1.))
REPRESENTATION_ITEM('')
);
#2600=(
BOUNDED_CURVE()
B_SPLINE_CURVE(2,(#7472,#7473,#7474,#7475,#7476),.UNSPECIFIED.,.F.,.F.)
B_SPLINE_CURVE_WITH_KNOTS((3,2,3),(-0.0024544239644102,-0.0012272119822051,
0.),.UNSPECIFIED.)
CURVE()
GEOMETRIC_REPRESENTATION_ITEM()
RATIONAL_B_SPLINE_CURVE((1.,0.90547869925556,1.,0.90547869925556,1.))
REPRESENTATION_ITEM('')
);
#2601=(
BOUNDED_CURVE()
B_SPLINE_CURVE(2,(#7487,#7488,#7489,#7490,#7491),.UNSPECIFIED.,.F.,.F.)
B_SPLINE_CURVE_WITH_KNOTS((3,2,3),(-0.00245442396441015,-0.00122721198220508,
0.),.UNSPECIFIED.)
CURVE()
GEOMETRIC_REPRESENTATION_ITEM()
RATIONAL_B_SPLINE_CURVE((1.,0.905478699255564,1.,0.905478699255564,1.))
REPRESENTATION_ITEM('')
);
#2602=(
BOUNDED_CURVE()
B_SPLINE_CURVE(2,(#7520,#7521,#7522,#7523,#7524),.UNSPECIFIED.,.F.,.F.)
B_SPLINE_CURVE_WITH_KNOTS((3,2,3),(-0.00337197611485305,-0.00168598805742652,
0.),.UNSPECIFIED.)
CURVE()
GEOMETRIC_REPRESENTATION_ITEM()
RATIONAL_B_SPLINE_CURVE((1.,0.82412618862202,1.,0.82412618862202,1.))
REPRESENTATION_ITEM('')
);
#2603=(
BOUNDED_CURVE()
B_SPLINE_CURVE(2,(#7535,#7536,#7537,#7538,#7539),.UNSPECIFIED.,.F.,.F.)
B_SPLINE_CURVE_WITH_KNOTS((3,2,3),(-0.00245442396441021,-0.00122721198220511,
0.),.UNSPECIFIED.)
CURVE()
GEOMETRIC_REPRESENTATION_ITEM()
RATIONAL_B_SPLINE_CURVE((1.,0.90547869925556,1.,0.90547869925556,1.))
REPRESENTATION_ITEM('')
);
#2604=(
BOUNDED_CURVE()
B_SPLINE_CURVE(2,(#7550,#7551,#7552,#7553,#7554),.UNSPECIFIED.,.F.,.F.)
B_SPLINE_CURVE_WITH_KNOTS((3,2,3),(-0.00245442396441024,-0.00122721198220512,
0.),.UNSPECIFIED.)
CURVE()
GEOMETRIC_REPRESENTATION_ITEM()
RATIONAL_B_SPLINE_CURVE((1.,0.905478699255557,1.,0.905478699255557,1.))
REPRESENTATION_ITEM('')
);
#2605=(
BOUNDED_CURVE()
B_SPLINE_CURVE(2,(#7581,#7582,#7583,#7584,#7585),.UNSPECIFIED.,.F.,.F.)
B_SPLINE_CURVE_WITH_KNOTS((3,2,3),(-0.00337197611485304,-0.00168598805742652,
0.),.UNSPECIFIED.)
CURVE()
GEOMETRIC_REPRESENTATION_ITEM()
RATIONAL_B_SPLINE_CURVE((1.,0.824126188622021,1.,0.824126188622021,1.))
REPRESENTATION_ITEM('')
);
#2606=(
BOUNDED_CURVE()
B_SPLINE_CURVE(2,(#7596,#7597,#7598,#7599,#7600),.UNSPECIFIED.,.F.,.F.)
B_SPLINE_CURVE_WITH_KNOTS((3,2,3),(-0.00245442396441007,-0.00122721198220503,
0.),.UNSPECIFIED.)
CURVE()
GEOMETRIC_REPRESENTATION_ITEM()
RATIONAL_B_SPLINE_CURVE((1.,0.905478699255573,1.,0.905478699255573,1.))
REPRESENTATION_ITEM('')
);
#2607=(
BOUNDED_CURVE()
B_SPLINE_CURVE(2,(#7611,#7612,#7613,#7614,#7615),.UNSPECIFIED.,.F.,.F.)
B_SPLINE_CURVE_WITH_KNOTS((3,2,3),(-0.00245442396441008,-0.00122721198220504,
0.),.UNSPECIFIED.)
CURVE()
GEOMETRIC_REPRESENTATION_ITEM()
RATIONAL_B_SPLINE_CURVE((1.,0.905478699255572,1.,0.905478699255572,1.))
REPRESENTATION_ITEM('')
);
#2608=(
BOUNDED_CURVE()
B_SPLINE_CURVE(2,(#7644,#7645,#7646,#7647,#7648),.UNSPECIFIED.,.F.,.F.)
B_SPLINE_CURVE_WITH_KNOTS((3,2,3),(-0.00337197611485305,-0.00168598805742652,
0.),.UNSPECIFIED.)
CURVE()
GEOMETRIC_REPRESENTATION_ITEM()
RATIONAL_B_SPLINE_CURVE((1.,0.824126188622021,1.,0.824126188622021,1.))
REPRESENTATION_ITEM('')
);
#2609=(
BOUNDED_CURVE()
B_SPLINE_CURVE(2,(#7659,#7660,#7661,#7662,#7663),.UNSPECIFIED.,.F.,.F.)
B_SPLINE_CURVE_WITH_KNOTS((3,2,3),(-0.00245442396441024,-0.00122721198220512,
0.),.UNSPECIFIED.)
CURVE()
GEOMETRIC_REPRESENTATION_ITEM()
RATIONAL_B_SPLINE_CURVE((1.,0.905478699255556,1.,0.905478699255556,1.))
REPRESENTATION_ITEM('')
);
#2610=(
BOUNDED_CURVE()
B_SPLINE_CURVE(2,(#7674,#7675,#7676,#7677,#7678),.UNSPECIFIED.,.F.,.F.)
B_SPLINE_CURVE_WITH_KNOTS((3,2,3),(-0.0024544239644102,-0.0012272119822051,
0.),.UNSPECIFIED.)
CURVE()
GEOMETRIC_REPRESENTATION_ITEM()
RATIONAL_B_SPLINE_CURVE((1.,0.90547869925556,1.,0.90547869925556,1.))
REPRESENTATION_ITEM('')
);
#2611=(
BOUNDED_CURVE()
B_SPLINE_CURVE(2,(#7707,#7708,#7709,#7710,#7711),.UNSPECIFIED.,.F.,.F.)
B_SPLINE_CURVE_WITH_KNOTS((3,2,3),(-0.00337197611485306,-0.00168598805742653,
0.),.UNSPECIFIED.)
CURVE()
GEOMETRIC_REPRESENTATION_ITEM()
RATIONAL_B_SPLINE_CURVE((1.,0.824126188622019,1.,0.824126188622019,1.))
REPRESENTATION_ITEM('')
);
#2612=(
BOUNDED_CURVE()
B_SPLINE_CURVE(2,(#7722,#7723,#7724,#7725,#7726),.UNSPECIFIED.,.F.,.F.)
B_SPLINE_CURVE_WITH_KNOTS((3,2,3),(-0.00245442396441014,-0.00122721198220507,
0.),.UNSPECIFIED.)
CURVE()
GEOMETRIC_REPRESENTATION_ITEM()
RATIONAL_B_SPLINE_CURVE((1.,0.905478699255564,1.,0.905478699255564,1.))
REPRESENTATION_ITEM('')
);
#2613=(
BOUNDED_CURVE()
B_SPLINE_CURVE(2,(#7737,#7738,#7739,#7740,#7741),.UNSPECIFIED.,.F.,.F.)
B_SPLINE_CURVE_WITH_KNOTS((3,2,3),(-0.00245442396441027,-0.00122721198220513,
0.),.UNSPECIFIED.)
CURVE()
GEOMETRIC_REPRESENTATION_ITEM()
RATIONAL_B_SPLINE_CURVE((1.,0.905478699255555,1.,0.905478699255555,1.))
REPRESENTATION_ITEM('')
);
#2614=(
BOUNDED_CURVE()
B_SPLINE_CURVE(2,(#7770,#7771,#7772,#7773,#7774),.UNSPECIFIED.,.F.,.F.)
B_SPLINE_CURVE_WITH_KNOTS((3,2,3),(-0.00337197611485305,-0.00168598805742652,
0.),.UNSPECIFIED.)
CURVE()
GEOMETRIC_REPRESENTATION_ITEM()
RATIONAL_B_SPLINE_CURVE((1.,0.82412618862202,1.,0.82412618862202,1.))
REPRESENTATION_ITEM('')
);
#2615=(
BOUNDED_CURVE()
B_SPLINE_CURVE(2,(#7785,#7786,#7787,#7788,#7789),.UNSPECIFIED.,.F.,.F.)
B_SPLINE_CURVE_WITH_KNOTS((3,2,3),(-0.00245442396441021,-0.0012272119822051,
0.),.UNSPECIFIED.)
CURVE()
GEOMETRIC_REPRESENTATION_ITEM()
RATIONAL_B_SPLINE_CURVE((1.,0.90547869925556,1.,0.90547869925556,1.))
REPRESENTATION_ITEM('')
);
#2616=(
BOUNDED_CURVE()
B_SPLINE_CURVE(2,(#7800,#7801,#7802,#7803,#7804),.UNSPECIFIED.,.F.,.F.)
B_SPLINE_CURVE_WITH_KNOTS((3,2,3),(-0.00245442396441015,-0.00122721198220508,
0.),.UNSPECIFIED.)
CURVE()
GEOMETRIC_REPRESENTATION_ITEM()
RATIONAL_B_SPLINE_CURVE((1.,0.905478699255564,1.,0.905478699255564,1.))
REPRESENTATION_ITEM('')
);
#2617=(
BOUNDED_CURVE()
B_SPLINE_CURVE(2,(#7833,#7834,#7835,#7836,#7837),.UNSPECIFIED.,.F.,.F.)
B_SPLINE_CURVE_WITH_KNOTS((3,2,3),(-0.00337197611485305,-0.00168598805742653,
0.),.UNSPECIFIED.)
CURVE()
GEOMETRIC_REPRESENTATION_ITEM()
RATIONAL_B_SPLINE_CURVE((1.,0.824126188622019,1.,0.824126188622019,1.))
REPRESENTATION_ITEM('')
);
#2618=(
BOUNDED_CURVE()
B_SPLINE_CURVE(2,(#7848,#7849,#7850,#7851,#7852),.UNSPECIFIED.,.F.,.F.)
B_SPLINE_CURVE_WITH_KNOTS((3,2,3),(-0.00245442396441021,-0.00122721198220511,
0.),.UNSPECIFIED.)
CURVE()
GEOMETRIC_REPRESENTATION_ITEM()
RATIONAL_B_SPLINE_CURVE((1.,0.905478699255561,1.,0.905478699255561,1.))
REPRESENTATION_ITEM('')
);
#2619=(
BOUNDED_CURVE()
B_SPLINE_CURVE(2,(#7863,#7864,#7865,#7866,#7867),.UNSPECIFIED.,.F.,.F.)
B_SPLINE_CURVE_WITH_KNOTS((3,2,3),(-0.00245442396441024,-0.00122721198220512,
0.),.UNSPECIFIED.)
CURVE()
GEOMETRIC_REPRESENTATION_ITEM()
RATIONAL_B_SPLINE_CURVE((1.,0.905478699255556,1.,0.905478699255556,1.))
REPRESENTATION_ITEM('')
);
#2620=(
BOUNDED_CURVE()
B_SPLINE_CURVE(2,(#7940,#7941,#7942,#7943,#7944),.UNSPECIFIED.,.F.,.F.)
B_SPLINE_CURVE_WITH_KNOTS((3,2,3),(0.,0.0030466325129479,0.00609326502589581),
 .UNSPECIFIED.)
CURVE()
GEOMETRIC_REPRESENTATION_ITEM()
RATIONAL_B_SPLINE_CURVE((1.,0.736387507829364,1.,0.736387507829364,1.))
REPRESENTATION_ITEM('')
);
#2621=(
BOUNDED_CURVE()
B_SPLINE_CURVE(2,(#7947,#7948,#7949,#7950,#7951),.UNSPECIFIED.,.F.,.F.)
B_SPLINE_CURVE_WITH_KNOTS((3,2,3),(0.,0.0030466325129479,0.00609326502589581),
 .UNSPECIFIED.)
CURVE()
GEOMETRIC_REPRESENTATION_ITEM()
RATIONAL_B_SPLINE_CURVE((1.,0.736387507829364,1.,0.736387507829364,1.))
REPRESENTATION_ITEM('')
);
#2622=(
BOUNDED_CURVE()
B_SPLINE_CURVE(2,(#7964,#7965,#7966,#7967,#7968),.UNSPECIFIED.,.F.,.F.)
B_SPLINE_CURVE_WITH_KNOTS((3,2,3),(-0.00659734457253856,-0.00329867228626928,
0.),.UNSPECIFIED.)
CURVE()
GEOMETRIC_REPRESENTATION_ITEM()
RATIONAL_B_SPLINE_CURVE((1.,0.707106781186547,1.,0.707106781186547,1.))
REPRESENTATION_ITEM('')
);
#2623=(
BOUNDED_CURVE()
B_SPLINE_CURVE(2,(#7971,#7972,#7973,#7974,#7975),.UNSPECIFIED.,.F.,.F.)
B_SPLINE_CURVE_WITH_KNOTS((3,2,3),(-0.00659734457253856,-0.00329867228626928,
0.),.UNSPECIFIED.)
CURVE()
GEOMETRIC_REPRESENTATION_ITEM()
RATIONAL_B_SPLINE_CURVE((1.,0.707106781186547,1.,0.707106781186547,1.))
REPRESENTATION_ITEM('')
);
#2624=(
BOUNDED_CURVE()
B_SPLINE_CURVE(2,(#7986,#7987,#7988,#7989,#7990),.UNSPECIFIED.,.F.,.F.)
B_SPLINE_CURVE_WITH_KNOTS((3,2,3),(0.,0.00310453614867385,0.00620907229734769),
 .UNSPECIFIED.)
CURVE()
GEOMETRIC_REPRESENTATION_ITEM()
RATIONAL_B_SPLINE_CURVE((1.,0.739024410634398,1.,0.739024410634398,1.))
REPRESENTATION_ITEM('')
);
#2625=(
BOUNDED_CURVE()
B_SPLINE_CURVE(2,(#7993,#7994,#7995,#7996,#7997),.UNSPECIFIED.,.F.,.F.)
B_SPLINE_CURVE_WITH_KNOTS((3,2,3),(0.,0.00310453614867385,0.00620907229734769),
 .UNSPECIFIED.)
CURVE()
GEOMETRIC_REPRESENTATION_ITEM()
RATIONAL_B_SPLINE_CURVE((1.,0.739024410634398,1.,0.739024410634398,1.))
REPRESENTATION_ITEM('')
);
#2626=(
BOUNDED_CURVE()
B_SPLINE_CURVE(2,(#8008,#8009,#8010,#8011,#8012),.UNSPECIFIED.,.F.,.F.)
B_SPLINE_CURVE_WITH_KNOTS((3,2,3),(0.,0.00329867228626928,0.00659734457253856),
 .UNSPECIFIED.)
CURVE()
GEOMETRIC_REPRESENTATION_ITEM()
RATIONAL_B_SPLINE_CURVE((1.,0.707106781186547,1.,0.707106781186547,1.))
REPRESENTATION_ITEM('')
);
#2627=(
BOUNDED_CURVE()
B_SPLINE_CURVE(2,(#8013,#8014,#8015,#8016,#8017),.UNSPECIFIED.,.F.,.F.)
B_SPLINE_CURVE_WITH_KNOTS((3,2,3),(0.,0.00329867228626928,0.00659734457253856),
 .UNSPECIFIED.)
CURVE()
GEOMETRIC_REPRESENTATION_ITEM()
RATIONAL_B_SPLINE_CURVE((1.,0.707106781186547,1.,0.707106781186547,1.))
REPRESENTATION_ITEM('')
);
#2628=(
BOUNDED_CURVE()
B_SPLINE_CURVE(2,(#8028,#8029,#8030),.UNSPECIFIED.,.F.,.F.)
B_SPLINE_CURVE_WITH_KNOTS((3,3),(0.00109038822581803,0.00218077645163606),
 .UNSPECIFIED.)
CURVE()
GEOMETRIC_REPRESENTATION_ITEM()
RATIONAL_B_SPLINE_CURVE((1.,0.972037102642375,1.))
REPRESENTATION_ITEM('')
);
#2629=(
BOUNDED_CURVE()
B_SPLINE_CURVE(2,(#8031,#8032,#8033),.UNSPECIFIED.,.F.,.F.)
B_SPLINE_CURVE_WITH_KNOTS((3,3),(0.,0.00109038822581803),.UNSPECIFIED.)
CURVE()
GEOMETRIC_REPRESENTATION_ITEM()
RATIONAL_B_SPLINE_CURVE((1.,0.972037102642375,1.))
REPRESENTATION_ITEM('')
);
#2630=(
BOUNDED_CURVE()
B_SPLINE_CURVE(2,(#8034,#8035,#8036,#8037,#8038),.UNSPECIFIED.,.F.,.F.)
B_SPLINE_CURVE_WITH_KNOTS((3,2,3),(0.,0.00252244332581023,0.00504488665162046),
 .UNSPECIFIED.)
CURVE()
GEOMETRIC_REPRESENTATION_ITEM()
RATIONAL_B_SPLINE_CURVE((1.,0.853382018537893,1.,0.853382018537893,1.))
REPRESENTATION_ITEM('')
);
#2631=(
BOUNDED_CURVE()
B_SPLINE_CURVE(2,(#8039,#8040,#8041),.UNSPECIFIED.,.F.,.F.)
B_SPLINE_CURVE_WITH_KNOTS((3,3),(0.,0.00109038822581803),.UNSPECIFIED.)
CURVE()
GEOMETRIC_REPRESENTATION_ITEM()
RATIONAL_B_SPLINE_CURVE((1.,0.972037102640789,1.))
REPRESENTATION_ITEM('')
);
#2632=(
BOUNDED_CURVE()
B_SPLINE_CURVE(2,(#8042,#8043,#8044,#8045,#8046),.UNSPECIFIED.,.F.,.F.)
B_SPLINE_CURVE_WITH_KNOTS((3,2,3),(0.,0.00252244332581023,0.00504488665162046),
 .UNSPECIFIED.)
CURVE()
GEOMETRIC_REPRESENTATION_ITEM()
RATIONAL_B_SPLINE_CURVE((1.,0.853382018537893,1.,0.853382018537893,1.))
REPRESENTATION_ITEM('')
);
#2633=(
BOUNDED_CURVE()
B_SPLINE_CURVE(2,(#8047,#8048,#8049,#8050,#8051),.UNSPECIFIED.,.F.,.F.)
B_SPLINE_CURVE_WITH_KNOTS((3,2,3),(-0.00722566310325652,-0.00361283155162826,
0.),.UNSPECIFIED.)
CURVE()
GEOMETRIC_REPRESENTATION_ITEM()
RATIONAL_B_SPLINE_CURVE((1.,0.707106781186548,1.,0.707106781186548,1.))
REPRESENTATION_ITEM('')
);
#2634=(
BOUNDED_CURVE()
B_SPLINE_CURVE(2,(#8052,#8053,#8054,#8055,#8056),.UNSPECIFIED.,.F.,.F.)
B_SPLINE_CURVE_WITH_KNOTS((3,2,3),(-0.014451326206513,-0.0108384946548848,
-0.00722566310325652),.UNSPECIFIED.)
CURVE()
GEOMETRIC_REPRESENTATION_ITEM()
RATIONAL_B_SPLINE_CURVE((1.,0.707106781186548,1.,0.707106781186548,1.))
REPRESENTATION_ITEM('')
);
#2635=(
BOUNDED_CURVE()
B_SPLINE_CURVE(2,(#8059,#8060,#8061,#8062,#8063),.UNSPECIFIED.,.F.,.F.)
B_SPLINE_CURVE_WITH_KNOTS((3,2,3),(-0.127234502470387,-0.09542587685279,
-0.0636172512351933),.UNSPECIFIED.)
CURVE()
GEOMETRIC_REPRESENTATION_ITEM()
RATIONAL_B_SPLINE_CURVE((1.,0.707106781186548,1.,0.707106781186548,1.))
REPRESENTATION_ITEM('')
);
#2636=(
BOUNDED_CURVE()
B_SPLINE_CURVE(2,(#8064,#8065,#8066,#8067,#8068),.UNSPECIFIED.,.F.,.F.)
B_SPLINE_CURVE_WITH_KNOTS((3,2,3),(-0.0636172512351933,-0.0318086256175967,
0.),.UNSPECIFIED.)
CURVE()
GEOMETRIC_REPRESENTATION_ITEM()
RATIONAL_B_SPLINE_CURVE((1.,0.707106781186548,1.,0.707106781186548,1.))
REPRESENTATION_ITEM('')
);
#2637=(
BOUNDED_CURVE()
B_SPLINE_CURVE(2,(#8069,#8070,#8071,#8072,#8073),.UNSPECIFIED.,.F.,.F.)
B_SPLINE_CURVE_WITH_KNOTS((3,2,3),(-0.127234502470387,-0.09542587685279,
-0.0636172512351933),.UNSPECIFIED.)
CURVE()
GEOMETRIC_REPRESENTATION_ITEM()
RATIONAL_B_SPLINE_CURVE((1.,0.707106781186548,1.,0.707106781186548,1.))
REPRESENTATION_ITEM('')
);
#2638=(
BOUNDED_CURVE()
B_SPLINE_CURVE(2,(#8074,#8075,#8076,#8077,#8078),.UNSPECIFIED.,.F.,.F.)
B_SPLINE_CURVE_WITH_KNOTS((3,2,3),(-0.0636172512351933,-0.0318086256175967,
0.),.UNSPECIFIED.)
CURVE()
GEOMETRIC_REPRESENTATION_ITEM()
RATIONAL_B_SPLINE_CURVE((1.,0.707106781186548,1.,0.707106781186548,1.))
REPRESENTATION_ITEM('')
);
#2639=(
BOUNDED_CURVE()
B_SPLINE_CURVE(2,(#8081,#8082,#8083,#8084,#8085),.UNSPECIFIED.,.F.,.F.)
B_SPLINE_CURVE_WITH_KNOTS((3,2,3),(0.,0.0344558183681123,0.0689116367362246),
 .UNSPECIFIED.)
CURVE()
GEOMETRIC_REPRESENTATION_ITEM()
RATIONAL_B_SPLINE_CURVE((1.,0.707106781186548,1.,0.707106781186548,1.))
REPRESENTATION_ITEM('')
);
#2640=(
BOUNDED_CURVE()
B_SPLINE_CURVE(2,(#8086,#8087,#8088,#8089,#8090),.UNSPECIFIED.,.F.,.F.)
B_SPLINE_CURVE_WITH_KNOTS((3,2,3),(0.0689116367362246,0.103367455104337,
0.137823273472449),.UNSPECIFIED.)
CURVE()
GEOMETRIC_REPRESENTATION_ITEM()
RATIONAL_B_SPLINE_CURVE((1.,0.707106781186548,1.,0.707106781186548,1.))
REPRESENTATION_ITEM('')
);
#2641=(
BOUNDED_CURVE()
B_SPLINE_CURVE(2,(#8093,#8094,#8095,#8096,#8097),.UNSPECIFIED.,.F.,.F.)
B_SPLINE_CURVE_WITH_KNOTS((3,2,3),(-0.135524257362202,-0.101643193021652,
-0.0677621286811012),.UNSPECIFIED.)
CURVE()
GEOMETRIC_REPRESENTATION_ITEM()
RATIONAL_B_SPLINE_CURVE((1.,0.707106781186548,1.,0.707106781186548,1.))
REPRESENTATION_ITEM('')
);
#2642=(
BOUNDED_CURVE()
B_SPLINE_CURVE(2,(#8098,#8099,#8100,#8101,#8102),.UNSPECIFIED.,.F.,.F.)
B_SPLINE_CURVE_WITH_KNOTS((3,2,3),(-0.0677621286811012,-0.0338810643405506,
0.),.UNSPECIFIED.)
CURVE()
GEOMETRIC_REPRESENTATION_ITEM()
RATIONAL_B_SPLINE_CURVE((1.,0.707106781186548,1.,0.707106781186548,1.))
REPRESENTATION_ITEM('')
);
#2643=(
BOUNDED_CURVE()
B_SPLINE_CURVE(2,(#8105,#8106,#8107,#8108,#8109),.UNSPECIFIED.,.F.,.F.)
B_SPLINE_CURVE_WITH_KNOTS((3,2,3),(-0.138665850015804,-0.103999387511853,
-0.0693329250079021),.UNSPECIFIED.)
CURVE()
GEOMETRIC_REPRESENTATION_ITEM()
RATIONAL_B_SPLINE_CURVE((1.,0.707106781186548,1.,0.707106781186548,1.))
REPRESENTATION_ITEM('')
);
#2644=(
BOUNDED_CURVE()
B_SPLINE_CURVE(2,(#8110,#8111,#8112,#8113,#8114),.UNSPECIFIED.,.F.,.F.)
B_SPLINE_CURVE_WITH_KNOTS((3,2,3),(-0.0693329250079021,-0.034666462503951,
0.),.UNSPECIFIED.)
CURVE()
GEOMETRIC_REPRESENTATION_ITEM()
RATIONAL_B_SPLINE_CURVE((1.,0.707106781186548,1.,0.707106781186548,1.))
REPRESENTATION_ITEM('')
);
#2645=(
BOUNDED_CURVE()
B_SPLINE_CURVE(2,(#8117,#8118,#8119,#8120,#8121),.UNSPECIFIED.,.F.,.F.)
B_SPLINE_CURVE_WITH_KNOTS((3,2,3),(0.,0.034666462503951,0.0693329250079021),
 .UNSPECIFIED.)
CURVE()
GEOMETRIC_REPRESENTATION_ITEM()
RATIONAL_B_SPLINE_CURVE((1.,0.707106781186548,1.,0.707106781186548,1.))
REPRESENTATION_ITEM('')
);
#2646=(
BOUNDED_CURVE()
B_SPLINE_CURVE(2,(#8122,#8123,#8124,#8125,#8126),.UNSPECIFIED.,.F.,.F.)
B_SPLINE_CURVE_WITH_KNOTS((3,2,3),(0.0693329250079021,0.103999387511853,
0.138665850015804),.UNSPECIFIED.)
CURVE()
GEOMETRIC_REPRESENTATION_ITEM()
RATIONAL_B_SPLINE_CURVE((1.,0.707106781186548,1.,0.707106781186548,1.))
REPRESENTATION_ITEM('')
);
#2647=(
BOUNDED_CURVE()
B_SPLINE_CURVE(2,(#8129,#8130,#8131,#8132,#8133),.UNSPECIFIED.,.F.,.F.)
B_SPLINE_CURVE_WITH_KNOTS((3,2,3),(-0.127356116462881,-0.0955170873471606,
-0.0636780582314404),.UNSPECIFIED.)
CURVE()
GEOMETRIC_REPRESENTATION_ITEM()
RATIONAL_B_SPLINE_CURVE((1.,0.707106781186548,1.,0.707106781186548,1.))
REPRESENTATION_ITEM('')
);
#2648=(
BOUNDED_CURVE()
B_SPLINE_CURVE(2,(#8134,#8135,#8136,#8137,#8138),.UNSPECIFIED.,.F.,.F.)
B_SPLINE_CURVE_WITH_KNOTS((3,2,3),(-0.0636780582314404,-0.0318390291157202,
0.),.UNSPECIFIED.)
CURVE()
GEOMETRIC_REPRESENTATION_ITEM()
RATIONAL_B_SPLINE_CURVE((1.,0.707106781186548,1.,0.707106781186548,1.))
REPRESENTATION_ITEM('')
);
#2649=(
BOUNDED_CURVE()
B_SPLINE_CURVE(2,(#8141,#8142,#8143,#8144,#8145),.UNSPECIFIED.,.F.,.F.)
B_SPLINE_CURVE_WITH_KNOTS((3,2,3),(-0.127356116462881,-0.0955170873471606,
-0.0636780582314404),.UNSPECIFIED.)
CURVE()
GEOMETRIC_REPRESENTATION_ITEM()
RATIONAL_B_SPLINE_CURVE((1.,0.707106781186548,1.,0.707106781186548,1.))
REPRESENTATION_ITEM('')
);
#2650=(
BOUNDED_CURVE()
B_SPLINE_CURVE(2,(#8146,#8147,#8148,#8149,#8150),.UNSPECIFIED.,.F.,.F.)
B_SPLINE_CURVE_WITH_KNOTS((3,2,3),(-0.0636780582314404,-0.0318390291157202,
0.),.UNSPECIFIED.)
CURVE()
GEOMETRIC_REPRESENTATION_ITEM()
RATIONAL_B_SPLINE_CURVE((1.,0.707106781186548,1.,0.707106781186548,1.))
REPRESENTATION_ITEM('')
);
#2651=(
BOUNDED_CURVE()
B_SPLINE_CURVE(2,(#8153,#8154,#8155,#8156,#8157),.UNSPECIFIED.,.F.,.F.)
B_SPLINE_CURVE_WITH_KNOTS((3,2,3),(0.,0.0344558183681123,0.0689116367362246),
 .UNSPECIFIED.)
CURVE()
GEOMETRIC_REPRESENTATION_ITEM()
RATIONAL_B_SPLINE_CURVE((1.,0.707106781186548,1.,0.707106781186548,1.))
REPRESENTATION_ITEM('')
);
#2652=(
BOUNDED_CURVE()
B_SPLINE_CURVE(2,(#8158,#8159,#8160,#8161,#8162),.UNSPECIFIED.,.F.,.F.)
B_SPLINE_CURVE_WITH_KNOTS((3,2,3),(0.0689116367362246,0.103367455104337,
0.137823273472449),.UNSPECIFIED.)
CURVE()
GEOMETRIC_REPRESENTATION_ITEM()
RATIONAL_B_SPLINE_CURVE((1.,0.707106781186548,1.,0.707106781186548,1.))
REPRESENTATION_ITEM('')
);
#2653=(
BOUNDED_CURVE()
B_SPLINE_CURVE(2,(#8163,#8164,#8165,#8166,#8167),.UNSPECIFIED.,.F.,.F.)
B_SPLINE_CURVE_WITH_KNOTS((3,2,3),(0.0689116367362246,0.103367455104337,
0.137823273472449),.UNSPECIFIED.)
CURVE()
GEOMETRIC_REPRESENTATION_ITEM()
RATIONAL_B_SPLINE_CURVE((1.,0.707106781186548,1.,0.707106781186548,1.))
REPRESENTATION_ITEM('')
);
#2654=(
BOUNDED_CURVE()
B_SPLINE_CURVE(2,(#8168,#8169,#8170,#8171,#8172),.UNSPECIFIED.,.F.,.F.)
B_SPLINE_CURVE_WITH_KNOTS((3,2,3),(0.,0.0344558183681123,0.0689116367362246),
 .UNSPECIFIED.)
CURVE()
GEOMETRIC_REPRESENTATION_ITEM()
RATIONAL_B_SPLINE_CURVE((1.,0.707106781186548,1.,0.707106781186548,1.))
REPRESENTATION_ITEM('')
);
#2655=(
BOUNDED_CURVE()
B_SPLINE_CURVE(2,(#8177,#8178,#8179),.UNSPECIFIED.,.F.,.F.)
B_SPLINE_CURVE_WITH_KNOTS((3,3),(-0.00699790881513039,0.),.UNSPECIFIED.)
CURVE()
GEOMETRIC_REPRESENTATION_ITEM()
RATIONAL_B_SPLINE_CURVE((1.,0.983091243844852,1.))
REPRESENTATION_ITEM('')
);
#2656=(
BOUNDED_CURVE()
B_SPLINE_CURVE(2,(#8180,#8181,#8182),.UNSPECIFIED.,.F.,.F.)
B_SPLINE_CURVE_WITH_KNOTS((3,3),(0.,0.0049401432685108),.UNSPECIFIED.)
CURVE()
GEOMETRIC_REPRESENTATION_ITEM()
RATIONAL_B_SPLINE_CURVE((1.,0.991561404957988,1.))
REPRESENTATION_ITEM('')
);
#2657=(
BOUNDED_CURVE()
B_SPLINE_CURVE(2,(#8183,#8184,#8185),.UNSPECIFIED.,.F.,.F.)
B_SPLINE_CURVE_WITH_KNOTS((3,3),(0.,0.00699790881513044),.UNSPECIFIED.)
CURVE()
GEOMETRIC_REPRESENTATION_ITEM()
RATIONAL_B_SPLINE_CURVE((1.,0.983091243844851,1.))
REPRESENTATION_ITEM('')
);
#2658=(
BOUNDED_CURVE()
B_SPLINE_CURVE(2,(#8186,#8187,#8188),.UNSPECIFIED.,.F.,.F.)
B_SPLINE_CURVE_WITH_KNOTS((3,3),(0.,0.00494014326851081),.UNSPECIFIED.)
CURVE()
GEOMETRIC_REPRESENTATION_ITEM()
RATIONAL_B_SPLINE_CURVE((1.,0.991561404957989,1.))
REPRESENTATION_ITEM('')
);
#2659=(
BOUNDED_CURVE()
B_SPLINE_CURVE(2,(#8189,#8190,#8191),.UNSPECIFIED.,.F.,.F.)
B_SPLINE_CURVE_WITH_KNOTS((3,3),(-0.00699790881513038,0.),.UNSPECIFIED.)
CURVE()
GEOMETRIC_REPRESENTATION_ITEM()
RATIONAL_B_SPLINE_CURVE((1.,0.983091243844852,1.))
REPRESENTATION_ITEM('')
);
#2660=(
BOUNDED_CURVE()
B_SPLINE_CURVE(2,(#8192,#8193,#8194),.UNSPECIFIED.,.F.,.F.)
B_SPLINE_CURVE_WITH_KNOTS((3,3),(-0.00699790881513044,-0.00349895440756522),
 .UNSPECIFIED.)
CURVE()
GEOMETRIC_REPRESENTATION_ITEM()
RATIONAL_B_SPLINE_CURVE((1.,0.995763838428784,1.))
REPRESENTATION_ITEM('')
);
#2661=(
BOUNDED_CURVE()
B_SPLINE_CURVE(2,(#8195,#8196,#8197),.UNSPECIFIED.,.F.,.F.)
B_SPLINE_CURVE_WITH_KNOTS((3,3),(0.,0.0049401432685108),.UNSPECIFIED.)
CURVE()
GEOMETRIC_REPRESENTATION_ITEM()
RATIONAL_B_SPLINE_CURVE((1.,0.991561404957989,1.))
REPRESENTATION_ITEM('')
);
#2662=(
BOUNDED_CURVE()
B_SPLINE_CURVE(2,(#8198,#8199,#8200),.UNSPECIFIED.,.F.,.F.)
B_SPLINE_CURVE_WITH_KNOTS((3,3),(-0.00699790881513039,0.),.UNSPECIFIED.)
CURVE()
GEOMETRIC_REPRESENTATION_ITEM()
RATIONAL_B_SPLINE_CURVE((1.,0.983091243844852,1.))
REPRESENTATION_ITEM('')
);
#2663=(
BOUNDED_CURVE()
B_SPLINE_CURVE(2,(#8201,#8202,#8203),.UNSPECIFIED.,.F.,.F.)
B_SPLINE_CURVE_WITH_KNOTS((3,3),(-0.00699790881513039,0.),.UNSPECIFIED.)
CURVE()
GEOMETRIC_REPRESENTATION_ITEM()
RATIONAL_B_SPLINE_CURVE((1.,0.983091243844852,1.))
REPRESENTATION_ITEM('')
);
#2664=(
BOUNDED_CURVE()
B_SPLINE_CURVE(2,(#8204,#8205,#8206),.UNSPECIFIED.,.F.,.F.)
B_SPLINE_CURVE_WITH_KNOTS((3,3),(0.,0.0049401432685108),.UNSPECIFIED.)
CURVE()
GEOMETRIC_REPRESENTATION_ITEM()
RATIONAL_B_SPLINE_CURVE((1.,0.991561404957989,1.))
REPRESENTATION_ITEM('')
);
#2665=(
BOUNDED_CURVE()
B_SPLINE_CURVE(2,(#8207,#8208,#8209),.UNSPECIFIED.,.F.,.F.)
B_SPLINE_CURVE_WITH_KNOTS((3,3),(-0.00699790881513042,0.),.UNSPECIFIED.)
CURVE()
GEOMETRIC_REPRESENTATION_ITEM()
RATIONAL_B_SPLINE_CURVE((1.,0.98309124384485,1.))
REPRESENTATION_ITEM('')
);
#2666=(
BOUNDED_CURVE()
B_SPLINE_CURVE(2,(#8210,#8211,#8212),.UNSPECIFIED.,.F.,.F.)
B_SPLINE_CURVE_WITH_KNOTS((3,3),(0.,0.00494014326851081),.UNSPECIFIED.)
CURVE()
GEOMETRIC_REPRESENTATION_ITEM()
RATIONAL_B_SPLINE_CURVE((1.,0.991561404957989,1.))
REPRESENTATION_ITEM('')
);
#2667=(
BOUNDED_CURVE()
B_SPLINE_CURVE(2,(#8213,#8214,#8215),.UNSPECIFIED.,.F.,.F.)
B_SPLINE_CURVE_WITH_KNOTS((3,3),(-0.00699790881513038,0.),.UNSPECIFIED.)
CURVE()
GEOMETRIC_REPRESENTATION_ITEM()
RATIONAL_B_SPLINE_CURVE((1.,0.983091243844851,1.))
REPRESENTATION_ITEM('')
);
#2668=(
BOUNDED_CURVE()
B_SPLINE_CURVE(2,(#8216,#8217,#8218),.UNSPECIFIED.,.F.,.F.)
B_SPLINE_CURVE_WITH_KNOTS((3,3),(0.,0.00494014326851079),.UNSPECIFIED.)
CURVE()
GEOMETRIC_REPRESENTATION_ITEM()
RATIONAL_B_SPLINE_CURVE((1.,0.991561404957988,1.))
REPRESENTATION_ITEM('')
);
#2669=(
BOUNDED_CURVE()
B_SPLINE_CURVE(2,(#8221,#8222,#8223),.UNSPECIFIED.,.F.,.F.)
B_SPLINE_CURVE_WITH_KNOTS((3,3),(0.00349895440756522,0.00699790881513044),
 .UNSPECIFIED.)
CURVE()
GEOMETRIC_REPRESENTATION_ITEM()
RATIONAL_B_SPLINE_CURVE((1.,0.995763838428783,1.))
REPRESENTATION_ITEM('')
);
#2670=(
BOUNDED_CURVE()
B_SPLINE_CURVE(2,(#8224,#8225,#8226),.UNSPECIFIED.,.F.,.F.)
B_SPLINE_CURVE_WITH_KNOTS((3,3),(0.,0.00349895440756522),.UNSPECIFIED.)
CURVE()
GEOMETRIC_REPRESENTATION_ITEM()
RATIONAL_B_SPLINE_CURVE((1.,0.995763838428783,1.))
REPRESENTATION_ITEM('')
);
#2671=(
BOUNDED_CURVE()
B_SPLINE_CURVE(2,(#8229,#8230,#8231),.UNSPECIFIED.,.F.,.F.)
B_SPLINE_CURVE_WITH_KNOTS((3,3),(0.,0.0049401432685108),.UNSPECIFIED.)
CURVE()
GEOMETRIC_REPRESENTATION_ITEM()
RATIONAL_B_SPLINE_CURVE((1.,0.991561404957988,1.))
REPRESENTATION_ITEM('')
);
#2672=(
BOUNDED_CURVE()
B_SPLINE_CURVE(2,(#8232,#8233,#8234),.UNSPECIFIED.,.F.,.F.)
B_SPLINE_CURVE_WITH_KNOTS((3,3),(0.,0.00699790881513039),.UNSPECIFIED.)
CURVE()
GEOMETRIC_REPRESENTATION_ITEM()
RATIONAL_B_SPLINE_CURVE((1.,0.983091243844852,1.))
REPRESENTATION_ITEM('')
);
#2673=(
BOUNDED_CURVE()
B_SPLINE_CURVE(2,(#8235,#8236,#8237,#8238,#8239),.UNSPECIFIED.,.F.,.F.)
B_SPLINE_CURVE_WITH_KNOTS((3,2,3),(-0.0596902604182061,-0.029845130209103,
0.),.UNSPECIFIED.)
CURVE()
GEOMETRIC_REPRESENTATION_ITEM()
RATIONAL_B_SPLINE_CURVE((1.,0.707106781186548,1.,0.707106781186548,1.))
REPRESENTATION_ITEM('')
);
#2674=(
BOUNDED_CURVE()
B_SPLINE_CURVE(2,(#8240,#8241,#8242,#8243,#8244),.UNSPECIFIED.,.F.,.F.)
B_SPLINE_CURVE_WITH_KNOTS((3,2,3),(-0.119380520836412,-0.0895353906273091,
-0.0596902604182061),.UNSPECIFIED.)
CURVE()
GEOMETRIC_REPRESENTATION_ITEM()
RATIONAL_B_SPLINE_CURVE((1.,0.707106781186548,1.,0.707106781186548,1.))
REPRESENTATION_ITEM('')
);
#2675=(
BOUNDED_CURVE()
B_SPLINE_CURVE(2,(#8247,#8248,#8249,#8250,#8251),.UNSPECIFIED.,.F.,.F.)
B_SPLINE_CURVE_WITH_KNOTS((3,2,3),(0.0125663706143592,0.0188495559215388,
0.0251327412287183),.UNSPECIFIED.)
CURVE()
GEOMETRIC_REPRESENTATION_ITEM()
RATIONAL_B_SPLINE_CURVE((1.,0.707106781186548,1.,0.707106781186548,1.))
REPRESENTATION_ITEM('')
);
#2676=(
BOUNDED_CURVE()
B_SPLINE_CURVE(2,(#8252,#8253,#8254,#8255,#8256),.UNSPECIFIED.,.F.,.F.)
B_SPLINE_CURVE_WITH_KNOTS((3,2,3),(0.,0.00628318530717959,0.0125663706143592),
 .UNSPECIFIED.)
CURVE()
GEOMETRIC_REPRESENTATION_ITEM()
RATIONAL_B_SPLINE_CURVE((1.,0.707106781186548,1.,0.707106781186548,1.))
REPRESENTATION_ITEM('')
);
#2677=(
BOUNDED_CURVE()
B_SPLINE_CURVE(2,(#8257,#8258,#8259),.UNSPECIFIED.,.F.,.F.)
B_SPLINE_CURVE_WITH_KNOTS((3,3),(-0.00494014326851086,0.),.UNSPECIFIED.)
CURVE()
GEOMETRIC_REPRESENTATION_ITEM()
RATIONAL_B_SPLINE_CURVE((1.,0.99156140495799,1.))
REPRESENTATION_ITEM('')
);
#2678=(
BOUNDED_CURVE()
B_SPLINE_CURVE(2,(#8260,#8261,#8262),.UNSPECIFIED.,.F.,.F.)
B_SPLINE_CURVE_WITH_KNOTS((3,3),(-0.00494014326851086,0.),.UNSPECIFIED.)
CURVE()
GEOMETRIC_REPRESENTATION_ITEM()
RATIONAL_B_SPLINE_CURVE((1.,0.991561404957991,1.))
REPRESENTATION_ITEM('')
);
#2679=(
BOUNDED_CURVE()
B_SPLINE_CURVE(2,(#8263,#8264,#8265),.UNSPECIFIED.,.F.,.F.)
B_SPLINE_CURVE_WITH_KNOTS((3,3),(-0.00494014326851082,0.),.UNSPECIFIED.)
CURVE()
GEOMETRIC_REPRESENTATION_ITEM()
RATIONAL_B_SPLINE_CURVE((1.,0.991561404957989,1.))
REPRESENTATION_ITEM('')
);
#2680=(
BOUNDED_CURVE()
B_SPLINE_CURVE(2,(#8266,#8267,#8268),.UNSPECIFIED.,.F.,.F.)
B_SPLINE_CURVE_WITH_KNOTS((3,3),(0.00628060092224548,0.0107691723980391),
 .UNSPECIFIED.)
CURVE()
GEOMETRIC_REPRESENTATION_ITEM()
RATIONAL_B_SPLINE_CURVE((1.,0.996325742400795,1.))
REPRESENTATION_ITEM('')
);
#2681=(
BOUNDED_CURVE()
B_SPLINE_CURVE(2,(#8297,#8298,#8299,#8300,#8301),.UNSPECIFIED.,.F.,.F.)
B_SPLINE_CURVE_WITH_KNOTS((3,2,3),(0.,0.00122721198220503,0.00245442396441007),
 .UNSPECIFIED.)
CURVE()
GEOMETRIC_REPRESENTATION_ITEM()
RATIONAL_B_SPLINE_CURVE((1.,0.905478699255572,1.,0.905478699255572,1.))
REPRESENTATION_ITEM('')
);
#2682=(
BOUNDED_CURVE()
B_SPLINE_CURVE(2,(#8308,#8309,#8310,#8311,#8312),.UNSPECIFIED.,.F.,.F.)
B_SPLINE_CURVE_WITH_KNOTS((3,2,3),(0.,0.00122721198220503,0.00245442396441007),
 .UNSPECIFIED.)
CURVE()
GEOMETRIC_REPRESENTATION_ITEM()
RATIONAL_B_SPLINE_CURVE((1.,0.905478699255572,1.,0.905478699255572,1.))
REPRESENTATION_ITEM('')
);
#2683=(
BOUNDED_CURVE()
B_SPLINE_CURVE(2,(#8321,#8322,#8323,#8324,#8325),.UNSPECIFIED.,.F.,.F.)
B_SPLINE_CURVE_WITH_KNOTS((3,2,3),(-0.00337197611485304,-0.00168598805742652,
0.),.UNSPECIFIED.)
CURVE()
GEOMETRIC_REPRESENTATION_ITEM()
RATIONAL_B_SPLINE_CURVE((1.,0.82412618862202,1.,0.82412618862202,1.))
REPRESENTATION_ITEM('')
);
#2684=(
BOUNDED_CURVE()
B_SPLINE_CURVE(2,(#8334,#8335,#8336),.UNSPECIFIED.,.F.,.F.)
B_SPLINE_CURVE_WITH_KNOTS((3,3),(0.00109038822581803,0.00218077645163606),
 .UNSPECIFIED.)
CURVE()
GEOMETRIC_REPRESENTATION_ITEM()
RATIONAL_B_SPLINE_CURVE((1.,0.972037102640789,1.))
REPRESENTATION_ITEM('')
);
#2685=(
BOUNDED_CURVE()
B_SPLINE_CURVE(2,(#8357,#8358,#8359),.UNSPECIFIED.,.F.,.F.)
B_SPLINE_CURVE_WITH_KNOTS((3,3),(-0.00349895440756522,0.),.UNSPECIFIED.)
CURVE()
GEOMETRIC_REPRESENTATION_ITEM()
RATIONAL_B_SPLINE_CURVE((1.,0.995763838428784,1.))
REPRESENTATION_ITEM('')
);
#2686=(
BOUNDED_CURVE()
B_SPLINE_CURVE(2,(#8360,#8361,#8362),.UNSPECIFIED.,.F.,.F.)
B_SPLINE_CURVE_WITH_KNOTS((3,3),(0.00628060092224546,0.0107691710574663),
 .UNSPECIFIED.)
CURVE()
GEOMETRIC_REPRESENTATION_ITEM()
RATIONAL_B_SPLINE_CURVE((1.,0.996325744594183,1.))
REPRESENTATION_ITEM('')
);
#2687=B_SPLINE_CURVE_WITH_KNOTS('',3,(#5101,#5102,#5103,#5104,#5105,#5106,
#5107,#5108,#5109,#5110),.UNSPECIFIED.,.F.,.F.,(4,2,2,2,4),(6.11105435484612E-17,
0.000769115109045973,0.0018091702073233,0.00284916940376668,0.00361899823719382),
 .UNSPECIFIED.);
#2688=B_SPLINE_CURVE_WITH_KNOTS('',1,(#5111,#5112),.UNSPECIFIED.,.F.,.F.,
(2,2),(-0.0082383605143187,0.),.UNSPECIFIED.);
#2689=B_SPLINE_CURVE_WITH_KNOTS('',1,(#5118,#5119),.UNSPECIFIED.,.F.,.F.,
(2,2),(0.,0.0082383605143183),.UNSPECIFIED.);
#2690=B_SPLINE_CURVE_WITH_KNOTS('',3,(#5120,#5121,#5122,#5123,#5124,#5125),
 .UNSPECIFIED.,.F.,.F.,(4,2,4),(0.,0.00122759082586238,0.00245652462098299),
 .UNSPECIFIED.);
#2691=B_SPLINE_CURVE_WITH_KNOTS('',1,(#5126,#5127),.UNSPECIFIED.,.F.,.F.,
(2,2),(0.,0.004664),.UNSPECIFIED.);
#2692=B_SPLINE_CURVE_WITH_KNOTS('',1,(#5133,#5134),.UNSPECIFIED.,.F.,.F.,
(2,2),(0.,0.0048987901247133),.UNSPECIFIED.);
#2693=B_SPLINE_CURVE_WITH_KNOTS('',3,(#5135,#5136,#5137,#5138,#5139,#5140),
 .UNSPECIFIED.,.F.,.F.,(4,2,4),(0.,0.00122889402850847,0.00245679888634643),
 .UNSPECIFIED.);
#2694=B_SPLINE_CURVE_WITH_KNOTS('',1,(#5141,#5142),.UNSPECIFIED.,.F.,.F.,
(2,2),(-0.0048987901247133,0.),.UNSPECIFIED.);
#2695=B_SPLINE_CURVE_WITH_KNOTS('',1,(#5148,#5149),.UNSPECIFIED.,.F.,.F.,
(2,2),(-0.004664,0.),.UNSPECIFIED.);
#2696=B_SPLINE_CURVE_WITH_KNOTS('',3,(#5150,#5151,#5152,#5153,#5154),
 .UNSPECIFIED.,.F.,.F.,(4,1,4),(0.00160909325193082,0.00640645715421542,
0.0112038210565),.UNSPECIFIED.);
#2697=B_SPLINE_CURVE_WITH_KNOTS('',1,(#5155,#5156),.UNSPECIFIED.,.F.,.F.,
(2,2),(-0.00899312614093145,0.),.UNSPECIFIED.);
#2698=B_SPLINE_CURVE_WITH_KNOTS('',1,(#5157,#5158),.UNSPECIFIED.,.F.,.F.,
(2,2),(0.,0.00899312614093142),.UNSPECIFIED.);
#2699=B_SPLINE_CURVE_WITH_KNOTS('',3,(#5159,#5160,#5161,#5162,#5163),
 .UNSPECIFIED.,.F.,.F.,(4,1,4),(0.00443564916604976,0.00928897188189144,
0.014142294597733),.UNSPECIFIED.);
#2700=B_SPLINE_CURVE_WITH_KNOTS('',3,(#5164,#5165,#5166,#5167,#5168,#5169,
#5170,#5171,#5172,#5173),.UNSPECIFIED.,.F.,.F.,(4,2,2,2,4),(7.80818287452391E-17,
0.000769115109046034,0.00180917020732329,0.00284916940376659,0.00361899823719382),
 .UNSPECIFIED.);
#2701=B_SPLINE_CURVE_WITH_KNOTS('',1,(#5174,#5175),.UNSPECIFIED.,.F.,.F.,
(2,2),(-0.0082383605143187,0.),.UNSPECIFIED.);
#2702=B_SPLINE_CURVE_WITH_KNOTS('',1,(#5181,#5182),.UNSPECIFIED.,.F.,.F.,
(2,2),(0.,0.0082383605143183),.UNSPECIFIED.);
#2703=B_SPLINE_CURVE_WITH_KNOTS('',3,(#5183,#5184,#5185,#5186,#5187,#5188),
 .UNSPECIFIED.,.F.,.F.,(4,2,4),(0.,0.00122759082586238,0.002456524620983),
 .UNSPECIFIED.);
#2704=B_SPLINE_CURVE_WITH_KNOTS('',1,(#5189,#5190),.UNSPECIFIED.,.F.,.F.,
(2,2),(0.,0.004664),.UNSPECIFIED.);
#2705=B_SPLINE_CURVE_WITH_KNOTS('',1,(#5196,#5197),.UNSPECIFIED.,.F.,.F.,
(2,2),(0.,0.0048987901247133),.UNSPECIFIED.);
#2706=B_SPLINE_CURVE_WITH_KNOTS('',3,(#5198,#5199,#5200,#5201,#5202,#5203),
 .UNSPECIFIED.,.F.,.F.,(4,2,4),(1.63653485417008E-17,0.00122889402850849,
0.00245679888634647),.UNSPECIFIED.);
#2707=B_SPLINE_CURVE_WITH_KNOTS('',1,(#5204,#5205),.UNSPECIFIED.,.F.,.F.,
(2,2),(-0.0048987901247133,0.),.UNSPECIFIED.);
#2708=B_SPLINE_CURVE_WITH_KNOTS('',1,(#5211,#5212),.UNSPECIFIED.,.F.,.F.,
(2,2),(-0.004664,0.),.UNSPECIFIED.);
#2709=B_SPLINE_CURVE_WITH_KNOTS('',3,(#5213,#5214,#5215,#5216,#5217),
 .UNSPECIFIED.,.F.,.F.,(4,1,4),(0.0016090932519308,0.00640645715421541,
0.0112038210565),.UNSPECIFIED.);
#2710=B_SPLINE_CURVE_WITH_KNOTS('',1,(#5218,#5219),.UNSPECIFIED.,.F.,.F.,
(2,2),(-0.00899312614093146,0.),.UNSPECIFIED.);
#2711=B_SPLINE_CURVE_WITH_KNOTS('',1,(#5220,#5221),.UNSPECIFIED.,.F.,.F.,
(2,2),(0.,0.00899312614093148),.UNSPECIFIED.);
#2712=B_SPLINE_CURVE_WITH_KNOTS('',3,(#5222,#5223,#5224,#5225,#5226),
 .UNSPECIFIED.,.F.,.F.,(4,1,4),(0.00443564916604975,0.0092889718818914,
0.014142294597733),.UNSPECIFIED.);
#2713=B_SPLINE_CURVE_WITH_KNOTS('',3,(#5227,#5228,#5229,#5230,#5231,#5232,
#5233,#5234,#5235,#5236),.UNSPECIFIED.,.F.,.F.,(4,2,2,2,4),(2.77148882119578E-17,
0.000769115109045978,0.00180917020732329,0.00284916940376665,0.00361899823719383),
 .UNSPECIFIED.);
#2714=B_SPLINE_CURVE_WITH_KNOTS('',1,(#5237,#5238),.UNSPECIFIED.,.F.,.F.,
(2,2),(-0.0082383605143186,0.),.UNSPECIFIED.);
#2715=B_SPLINE_CURVE_WITH_KNOTS('',1,(#5244,#5245),.UNSPECIFIED.,.F.,.F.,
(2,2),(0.,0.0082383605143183),.UNSPECIFIED.);
#2716=B_SPLINE_CURVE_WITH_KNOTS('',3,(#5246,#5247,#5248,#5249,#5250,#5251),
 .UNSPECIFIED.,.F.,.F.,(4,2,4),(0.,0.00122759082586238,0.002456524620983),
 .UNSPECIFIED.);
#2717=B_SPLINE_CURVE_WITH_KNOTS('',1,(#5252,#5253),.UNSPECIFIED.,.F.,.F.,
(2,2),(0.,0.004664),.UNSPECIFIED.);
#2718=B_SPLINE_CURVE_WITH_KNOTS('',1,(#5259,#5260),.UNSPECIFIED.,.F.,.F.,
(2,2),(0.,0.0048987901247133),.UNSPECIFIED.);
#2719=B_SPLINE_CURVE_WITH_KNOTS('',3,(#5261,#5262,#5263,#5264,#5265,#5266),
 .UNSPECIFIED.,.F.,.F.,(4,2,4),(0.,0.00122889402850846,0.00245679888634642),
 .UNSPECIFIED.);
#2720=B_SPLINE_CURVE_WITH_KNOTS('',1,(#5267,#5268),.UNSPECIFIED.,.F.,.F.,
(2,2),(-0.0048987901247133,0.),.UNSPECIFIED.);
#2721=B_SPLINE_CURVE_WITH_KNOTS('',1,(#5274,#5275),.UNSPECIFIED.,.F.,.F.,
(2,2),(-0.004664,0.),.UNSPECIFIED.);
#2722=B_SPLINE_CURVE_WITH_KNOTS('',3,(#5276,#5277,#5278,#5279,#5280),
 .UNSPECIFIED.,.F.,.F.,(4,1,4),(0.00160909325193083,0.0064064571542154,
0.0112038210565),.UNSPECIFIED.);
#2723=B_SPLINE_CURVE_WITH_KNOTS('',1,(#5281,#5282),.UNSPECIFIED.,.F.,.F.,
(2,2),(0.,0.0089931261409314),.UNSPECIFIED.);
#2724=B_SPLINE_CURVE_WITH_KNOTS('',1,(#5283,#5284),.UNSPECIFIED.,.F.,.F.,
(2,2),(-0.00899312614093146,0.),.UNSPECIFIED.);
#2725=B_SPLINE_CURVE_WITH_KNOTS('',3,(#5285,#5286,#5287,#5288,#5289),
 .UNSPECIFIED.,.F.,.F.,(4,1,4),(0.00443564916604976,0.00928897188189138,
0.014142294597733),.UNSPECIFIED.);
#2726=B_SPLINE_CURVE_WITH_KNOTS('',3,(#5290,#5291,#5292,#5293,#5294,#5295,
#5296,#5297,#5298,#5299),.UNSPECIFIED.,.F.,.F.,(4,2,2,2,4),(2.65361665640797E-17,
0.000769115109046124,0.00180917020732334,0.0028491694037666,0.00361899823719382),
 .UNSPECIFIED.);
#2727=B_SPLINE_CURVE_WITH_KNOTS('',1,(#5300,#5301),.UNSPECIFIED.,.F.,.F.,
(2,2),(-0.0082383605143186,0.),.UNSPECIFIED.);
#2728=B_SPLINE_CURVE_WITH_KNOTS('',1,(#5307,#5308),.UNSPECIFIED.,.F.,.F.,
(2,2),(0.,0.0082383605143183),.UNSPECIFIED.);
#2729=B_SPLINE_CURVE_WITH_KNOTS('',3,(#5309,#5310,#5311,#5312,#5313,#5314),
 .UNSPECIFIED.,.F.,.F.,(4,2,4),(0.,0.00122759082586237,0.00245652462098298),
 .UNSPECIFIED.);
#2730=B_SPLINE_CURVE_WITH_KNOTS('',1,(#5315,#5316),.UNSPECIFIED.,.F.,.F.,
(2,2),(0.,0.004664),.UNSPECIFIED.);
#2731=B_SPLINE_CURVE_WITH_KNOTS('',1,(#5322,#5323),.UNSPECIFIED.,.F.,.F.,
(2,2),(0.,0.0048987901247133),.UNSPECIFIED.);
#2732=B_SPLINE_CURVE_WITH_KNOTS('',3,(#5324,#5325,#5326,#5327,#5328,#5329),
 .UNSPECIFIED.,.F.,.F.,(4,2,4),(0.,0.00122889402850847,0.00245679888634644),
 .UNSPECIFIED.);
#2733=B_SPLINE_CURVE_WITH_KNOTS('',1,(#5330,#5331),.UNSPECIFIED.,.F.,.F.,
(2,2),(-0.0048987901247133,0.),.UNSPECIFIED.);
#2734=B_SPLINE_CURVE_WITH_KNOTS('',1,(#5337,#5338),.UNSPECIFIED.,.F.,.F.,
(2,2),(-0.004664,0.),.UNSPECIFIED.);
#2735=B_SPLINE_CURVE_WITH_KNOTS('',3,(#5339,#5340,#5341,#5342,#5343),
 .UNSPECIFIED.,.F.,.F.,(4,1,4),(0.00160909325193081,0.0064064571542154,
0.0112038210565),.UNSPECIFIED.);
#2736=B_SPLINE_CURVE_WITH_KNOTS('',1,(#5344,#5345),.UNSPECIFIED.,.F.,.F.,
(2,2),(0.,0.00899312614093142),.UNSPECIFIED.);
#2737=B_SPLINE_CURVE_WITH_KNOTS('',1,(#5346,#5347),.UNSPECIFIED.,.F.,.F.,
(2,2),(-0.00899312614093144,0.),.UNSPECIFIED.);
#2738=B_SPLINE_CURVE_WITH_KNOTS('',3,(#5348,#5349,#5350,#5351,#5352),
 .UNSPECIFIED.,.F.,.F.,(4,1,4),(0.00443564916604976,0.00928897188189137,
0.014142294597733),.UNSPECIFIED.);
#2739=B_SPLINE_CURVE_WITH_KNOTS('',3,(#5353,#5354,#5355,#5356,#5357,#5358,
#5359,#5360),.UNSPECIFIED.,.F.,.F.,(4,2,2,4),(7.54807193910566E-17,0.00076911510911256,
0.00180917020732298,0.00180949911676776),.UNSPECIFIED.);
#2740=B_SPLINE_CURVE_WITH_KNOTS('',1,(#5361,#5362),.UNSPECIFIED.,.F.,.F.,
(2,2),(-0.0082383605143187,0.),.UNSPECIFIED.);
#2741=B_SPLINE_CURVE_WITH_KNOTS('',1,(#5368,#5369),.UNSPECIFIED.,.F.,.F.,
(2,2),(0.,0.0082383605143183),.UNSPECIFIED.);
#2742=B_SPLINE_CURVE_WITH_KNOTS('',3,(#5370,#5371,#5372,#5373,#5374,#5375),
 .UNSPECIFIED.,.F.,.F.,(4,2,4),(0.,0.00122759082586237,0.00245652462098298),
 .UNSPECIFIED.);
#2743=B_SPLINE_CURVE_WITH_KNOTS('',1,(#5376,#5377),.UNSPECIFIED.,.F.,.F.,
(2,2),(0.,0.004664),.UNSPECIFIED.);
#2744=B_SPLINE_CURVE_WITH_KNOTS('',1,(#5383,#5384),.UNSPECIFIED.,.F.,.F.,
(2,2),(0.,0.0048987901247133),.UNSPECIFIED.);
#2745=B_SPLINE_CURVE_WITH_KNOTS('',3,(#5385,#5386,#5387,#5388,#5389,#5390),
 .UNSPECIFIED.,.F.,.F.,(4,2,4),(0.,0.00122889402850846,0.00245679888634642),
 .UNSPECIFIED.);
#2746=B_SPLINE_CURVE_WITH_KNOTS('',1,(#5391,#5392),.UNSPECIFIED.,.F.,.F.,
(2,2),(-0.0048987901247133,0.),.UNSPECIFIED.);
#2747=B_SPLINE_CURVE_WITH_KNOTS('',1,(#5398,#5399),.UNSPECIFIED.,.F.,.F.,
(2,2),(-0.004664,0.),.UNSPECIFIED.);
#2748=B_SPLINE_CURVE_WITH_KNOTS('',3,(#5400,#5401,#5402,#5403,#5404),
 .UNSPECIFIED.,.F.,.F.,(4,1,4),(0.00160909325193084,0.00640645715421544,
0.0112038210565),.UNSPECIFIED.);
#2749=B_SPLINE_CURVE_WITH_KNOTS('',1,(#5405,#5406),.UNSPECIFIED.,.F.,.F.,
(2,2),(-0.00899312614093149,0.),.UNSPECIFIED.);
#2750=B_SPLINE_CURVE_WITH_KNOTS('',1,(#5407,#5408),.UNSPECIFIED.,.F.,.F.,
(2,2),(0.,0.00899312614093149),.UNSPECIFIED.);
#2751=B_SPLINE_CURVE_WITH_KNOTS('',3,(#5409,#5410,#5411,#5412,#5413),
 .UNSPECIFIED.,.F.,.F.,(4,1,4),(0.00443564916604976,0.00928897188189137,
0.014142294597733),.UNSPECIFIED.);
#2752=B_SPLINE_CURVE_WITH_KNOTS('',3,(#5414,#5415,#5416,#5417,#5418,#5419,
#5420,#5421,#5422,#5423),.UNSPECIFIED.,.F.,.F.,(4,2,2,2,4),(6.70622647000383E-17,
0.000769115109112385,0.00180917020732293,0.00284916940369774,0.00361899823719383),
 .UNSPECIFIED.);
#2753=B_SPLINE_CURVE_WITH_KNOTS('',1,(#5424,#5425),.UNSPECIFIED.,.F.,.F.,
(2,2),(-0.0082383605143187,0.),.UNSPECIFIED.);
#2754=B_SPLINE_CURVE_WITH_KNOTS('',1,(#5431,#5432),.UNSPECIFIED.,.F.,.F.,
(2,2),(0.,0.0082383605143183),.UNSPECIFIED.);
#2755=B_SPLINE_CURVE_WITH_KNOTS('',3,(#5433,#5434,#5435,#5436,#5437,#5438),
 .UNSPECIFIED.,.F.,.F.,(4,2,4),(0.,0.00122759082586237,0.00245652462098299),
 .UNSPECIFIED.);
#2756=B_SPLINE_CURVE_WITH_KNOTS('',1,(#5439,#5440),.UNSPECIFIED.,.F.,.F.,
(2,2),(0.,0.004664),.UNSPECIFIED.);
#2757=B_SPLINE_CURVE_WITH_KNOTS('',1,(#5446,#5447),.UNSPECIFIED.,.F.,.F.,
(2,2),(0.,0.0048987901247133),.UNSPECIFIED.);
#2758=B_SPLINE_CURVE_WITH_KNOTS('',3,(#5448,#5449,#5450,#5451,#5452,#5453),
 .UNSPECIFIED.,.F.,.F.,(4,2,4),(0.,0.00122889402850847,0.00245679888634643),
 .UNSPECIFIED.);
#2759=B_SPLINE_CURVE_WITH_KNOTS('',1,(#5454,#5455),.UNSPECIFIED.,.F.,.F.,
(2,2),(-0.0048987901247133,0.),.UNSPECIFIED.);
#2760=B_SPLINE_CURVE_WITH_KNOTS('',1,(#5461,#5462),.UNSPECIFIED.,.F.,.F.,
(2,2),(-0.004664,0.),.UNSPECIFIED.);
#2761=B_SPLINE_CURVE_WITH_KNOTS('',3,(#5463,#5464,#5465,#5466,#5467),
 .UNSPECIFIED.,.F.,.F.,(4,1,4),(0.00160909325193082,0.00640645715421542,
0.0112038210565),.UNSPECIFIED.);
#2762=B_SPLINE_CURVE_WITH_KNOTS('',1,(#5468,#5469),.UNSPECIFIED.,.F.,.F.,
(2,2),(0.,0.00899312614093145),.UNSPECIFIED.);
#2763=B_SPLINE_CURVE_WITH_KNOTS('',1,(#5470,#5471),.UNSPECIFIED.,.F.,.F.,
(2,2),(0.,0.00899312614093142),.UNSPECIFIED.);
#2764=B_SPLINE_CURVE_WITH_KNOTS('',3,(#5472,#5473,#5474,#5475,#5476),
 .UNSPECIFIED.,.F.,.F.,(4,1,4),(0.00443564916604976,0.00928897188189138,
0.014142294597733),.UNSPECIFIED.);
#2765=B_SPLINE_CURVE_WITH_KNOTS('',3,(#5477,#5478,#5479,#5480,#5481,#5482,
#5483,#5484,#5485,#5486),.UNSPECIFIED.,.F.,.F.,(4,2,2,2,4),(7.80818287452391E-17,
0.000769115109046064,0.00180917020732329,0.00284916940376656,0.00361899823719382),
 .UNSPECIFIED.);
#2766=B_SPLINE_CURVE_WITH_KNOTS('',1,(#5487,#5488),.UNSPECIFIED.,.F.,.F.,
(2,2),(-0.0082383605143187,0.),.UNSPECIFIED.);
#2767=B_SPLINE_CURVE_WITH_KNOTS('',1,(#5494,#5495),.UNSPECIFIED.,.F.,.F.,
(2,2),(0.,0.0082383605143183),.UNSPECIFIED.);
#2768=B_SPLINE_CURVE_WITH_KNOTS('',3,(#5496,#5497,#5498,#5499,#5500,#5501),
 .UNSPECIFIED.,.F.,.F.,(4,2,4),(0.,0.00122759082586237,0.00245652462098299),
 .UNSPECIFIED.);
#2769=B_SPLINE_CURVE_WITH_KNOTS('',1,(#5502,#5503),.UNSPECIFIED.,.F.,.F.,
(2,2),(0.,0.004664),.UNSPECIFIED.);
#2770=B_SPLINE_CURVE_WITH_KNOTS('',1,(#5509,#5510),.UNSPECIFIED.,.F.,.F.,
(2,2),(0.,0.0048987901247133),.UNSPECIFIED.);
#2771=B_SPLINE_CURVE_WITH_KNOTS('',3,(#5511,#5512,#5513,#5514,#5515,#5516),
 .UNSPECIFIED.,.F.,.F.,(4,2,4),(0.,0.0012288940285085,0.0024567988863465),
 .UNSPECIFIED.);
#2772=B_SPLINE_CURVE_WITH_KNOTS('',1,(#5517,#5518),.UNSPECIFIED.,.F.,.F.,
(2,2),(-0.0048987901247133,0.),.UNSPECIFIED.);
#2773=B_SPLINE_CURVE_WITH_KNOTS('',1,(#5524,#5525),.UNSPECIFIED.,.F.,.F.,
(2,2),(-0.004664,0.),.UNSPECIFIED.);
#2774=B_SPLINE_CURVE_WITH_KNOTS('',3,(#5526,#5527,#5528,#5529,#5530),
 .UNSPECIFIED.,.F.,.F.,(4,1,4),(0.0016090932519308,0.00640645715421542,
0.0112038210565),.UNSPECIFIED.);
#2775=B_SPLINE_CURVE_WITH_KNOTS('',1,(#5531,#5532),.UNSPECIFIED.,.F.,.F.,
(2,2),(-0.00899312614093146,0.),.UNSPECIFIED.);
#2776=B_SPLINE_CURVE_WITH_KNOTS('',1,(#5533,#5534),.UNSPECIFIED.,.F.,.F.,
(2,2),(-0.0089931261409314,0.),.UNSPECIFIED.);
#2777=B_SPLINE_CURVE_WITH_KNOTS('',3,(#5535,#5536,#5537,#5538,#5539),
 .UNSPECIFIED.,.F.,.F.,(4,1,4),(0.00443564916604975,0.00928897188189137,
0.014142294597733),.UNSPECIFIED.);
#2778=B_SPLINE_CURVE_WITH_KNOTS('',3,(#5540,#5541,#5542,#5543,#5544,#5545,
#5546,#5547,#5548,#5549),.UNSPECIFIED.,.F.,.F.,(4,2,2,2,4),(7.55812568485339E-17,
0.000769115109046037,0.00180917020732329,0.00284916940376659,0.00361899823719381),
 .UNSPECIFIED.);
#2779=B_SPLINE_CURVE_WITH_KNOTS('',1,(#5550,#5551),.UNSPECIFIED.,.F.,.F.,
(2,2),(-0.0082383605143187,0.),.UNSPECIFIED.);
#2780=B_SPLINE_CURVE_WITH_KNOTS('',1,(#5557,#5558),.UNSPECIFIED.,.F.,.F.,
(2,2),(0.,0.0082383605143183),.UNSPECIFIED.);
#2781=B_SPLINE_CURVE_WITH_KNOTS('',3,(#5559,#5560,#5561,#5562,#5563,#5564),
 .UNSPECIFIED.,.F.,.F.,(4,2,4),(0.,0.00122759082586238,0.00245652462098301),
 .UNSPECIFIED.);
#2782=B_SPLINE_CURVE_WITH_KNOTS('',1,(#5565,#5566),.UNSPECIFIED.,.F.,.F.,
(2,2),(0.,0.004664),.UNSPECIFIED.);
#2783=B_SPLINE_CURVE_WITH_KNOTS('',1,(#5572,#5573),.UNSPECIFIED.,.F.,.F.,
(2,2),(0.,0.0048987901247133),.UNSPECIFIED.);
#2784=B_SPLINE_CURVE_WITH_KNOTS('',3,(#5574,#5575,#5576,#5577,#5578,#5579),
 .UNSPECIFIED.,.F.,.F.,(4,2,4),(0.,0.00122889402850846,0.00245679888634641),
 .UNSPECIFIED.);
#2785=B_SPLINE_CURVE_WITH_KNOTS('',1,(#5580,#5581),.UNSPECIFIED.,.F.,.F.,
(2,2),(-0.0048987901247133,0.),.UNSPECIFIED.);
#2786=B_SPLINE_CURVE_WITH_KNOTS('',1,(#5587,#5588),.UNSPECIFIED.,.F.,.F.,
(2,2),(-0.004664,0.),.UNSPECIFIED.);
#2787=B_SPLINE_CURVE_WITH_KNOTS('',3,(#5589,#5590,#5591,#5592,#5593),
 .UNSPECIFIED.,.F.,.F.,(4,1,4),(-0.0112038210565,-0.00640645715421543,-0.00160909325193083),
 .UNSPECIFIED.);
#2788=B_SPLINE_CURVE_WITH_KNOTS('',1,(#5594,#5595),.UNSPECIFIED.,.F.,.F.,
(2,2),(0.,0.0089931261409314),.UNSPECIFIED.);
#2789=B_SPLINE_CURVE_WITH_KNOTS('',1,(#5596,#5597),.UNSPECIFIED.,.F.,.F.,
(2,2),(-0.00899312614093146,0.),.UNSPECIFIED.);
#2790=B_SPLINE_CURVE_WITH_KNOTS('',3,(#5598,#5599,#5600,#5601,#5602),
 .UNSPECIFIED.,.F.,.F.,(4,1,4),(0.00443564916604976,0.00928897188189138,
0.014142294597733),.UNSPECIFIED.);
#2791=B_SPLINE_CURVE_WITH_KNOTS('',3,(#5603,#5604,#5605,#5606,#5607,#5608,
#5609,#5610,#5611,#5612),.UNSPECIFIED.,.F.,.F.,(4,2,2,2,4),(7.66536303265948E-17,
0.000769115109046056,0.00180917020732328,0.00284916940376655,0.00361899823719381),
 .UNSPECIFIED.);
#2792=B_SPLINE_CURVE_WITH_KNOTS('',1,(#5613,#5614),.UNSPECIFIED.,.F.,.F.,
(2,2),(-0.0082383605143187,0.),.UNSPECIFIED.);
#2793=B_SPLINE_CURVE_WITH_KNOTS('',1,(#5620,#5621),.UNSPECIFIED.,.F.,.F.,
(2,2),(0.,0.0082383605143183),.UNSPECIFIED.);
#2794=B_SPLINE_CURVE_WITH_KNOTS('',3,(#5622,#5623,#5624,#5625,#5626,#5627),
 .UNSPECIFIED.,.F.,.F.,(4,2,4),(0.,0.00122759082586239,0.00245652462098302),
 .UNSPECIFIED.);
#2795=B_SPLINE_CURVE_WITH_KNOTS('',1,(#5628,#5629),.UNSPECIFIED.,.F.,.F.,
(2,2),(0.,0.004664),.UNSPECIFIED.);
#2796=B_SPLINE_CURVE_WITH_KNOTS('',1,(#5635,#5636),.UNSPECIFIED.,.F.,.F.,
(2,2),(0.,0.0048987901247133),.UNSPECIFIED.);
#2797=B_SPLINE_CURVE_WITH_KNOTS('',3,(#5637,#5638,#5639,#5640,#5641,#5642),
 .UNSPECIFIED.,.F.,.F.,(4,2,4),(0.,0.00122889402850847,0.00245679888634643),
 .UNSPECIFIED.);
#2798=B_SPLINE_CURVE_WITH_KNOTS('',1,(#5643,#5644),.UNSPECIFIED.,.F.,.F.,
(2,2),(-0.0048987901247133,0.),.UNSPECIFIED.);
#2799=B_SPLINE_CURVE_WITH_KNOTS('',1,(#5650,#5651),.UNSPECIFIED.,.F.,.F.,
(2,2),(-0.004664,0.),.UNSPECIFIED.);
#2800=B_SPLINE_CURVE_WITH_KNOTS('',3,(#5652,#5653,#5654,#5655,#5656),
 .UNSPECIFIED.,.F.,.F.,(4,1,4),(0.00160909325193086,0.00640645715421546,
0.0112038210565),.UNSPECIFIED.);
#2801=B_SPLINE_CURVE_WITH_KNOTS('',1,(#5657,#5658),.UNSPECIFIED.,.F.,.F.,
(2,2),(-0.00899312614093142,0.),.UNSPECIFIED.);
#2802=B_SPLINE_CURVE_WITH_KNOTS('',1,(#5659,#5660),.UNSPECIFIED.,.F.,.F.,
(2,2),(-0.00899312614093144,0.),.UNSPECIFIED.);
#2803=B_SPLINE_CURVE_WITH_KNOTS('',3,(#5661,#5662,#5663,#5664,#5665),
 .UNSPECIFIED.,.F.,.F.,(4,1,4),(0.00443564916604976,0.00928897188189138,
0.014142294597733),.UNSPECIFIED.);
#2804=B_SPLINE_CURVE_WITH_KNOTS('',1,(#5666,#5667),.UNSPECIFIED.,.F.,.F.,
(2,2),(-0.00335,0.),.UNSPECIFIED.);
#2805=B_SPLINE_CURVE_WITH_KNOTS('',1,(#5668,#5669),.UNSPECIFIED.,.F.,.F.,
(2,2),(-0.003018940483,0.),.UNSPECIFIED.);
#2806=B_SPLINE_CURVE_WITH_KNOTS('',1,(#5670,#5671),.UNSPECIFIED.,.F.,.F.,
(2,2),(0.,0.003018940483),.UNSPECIFIED.);
#2807=B_SPLINE_CURVE_WITH_KNOTS('',1,(#5672,#5673),.UNSPECIFIED.,.F.,.F.,
(2,2),(0.,0.00335),.UNSPECIFIED.);
#2808=B_SPLINE_CURVE_WITH_KNOTS('',1,(#5674,#5675),.UNSPECIFIED.,.F.,.F.,
(2,2),(0.,0.0021),.UNSPECIFIED.);
#2809=B_SPLINE_CURVE_WITH_KNOTS('',1,(#5676,#5677),.UNSPECIFIED.,.F.,.F.,
(2,2),(-0.0021,0.),.UNSPECIFIED.);
#2810=B_SPLINE_CURVE_WITH_KNOTS('',1,(#5678,#5679),.UNSPECIFIED.,.F.,.F.,
(2,2),(0.,0.0021),.UNSPECIFIED.);
#2811=B_SPLINE_CURVE_WITH_KNOTS('',1,(#5680,#5681),.UNSPECIFIED.,.F.,.F.,
(2,2),(0.,0.0021),.UNSPECIFIED.);
#2812=B_SPLINE_CURVE_WITH_KNOTS('',1,(#5682,#5683),.UNSPECIFIED.,.F.,.F.,
(2,2),(0.,0.004092676386),.UNSPECIFIED.);
#2813=B_SPLINE_CURVE_WITH_KNOTS('',1,(#5684,#5685),.UNSPECIFIED.,.F.,.F.,
(2,2),(-0.004092676386,0.),.UNSPECIFIED.);
#2814=B_SPLINE_CURVE_WITH_KNOTS('',1,(#5686,#5687),.UNSPECIFIED.,.F.,.F.,
(2,2),(-0.000599999999999996,0.),.UNSPECIFIED.);
#2815=B_SPLINE_CURVE_WITH_KNOTS('',1,(#5688,#5689),.UNSPECIFIED.,.F.,.F.,
(2,2),(0.,0.000800000000000002),.UNSPECIFIED.);
#2816=B_SPLINE_CURVE_WITH_KNOTS('',1,(#5690,#5691),.UNSPECIFIED.,.F.,.F.,
(2,2),(-0.000800000000000002,0.),.UNSPECIFIED.);
#2817=B_SPLINE_CURVE_WITH_KNOTS('',1,(#5692,#5693),.UNSPECIFIED.,.F.,.F.,
(2,2),(0.,0.000599999999999996),.UNSPECIFIED.);
#2818=B_SPLINE_CURVE_WITH_KNOTS('',1,(#5694,#5695),.UNSPECIFIED.,.F.,.F.,
(2,2),(-0.000996338193,0.),.UNSPECIFIED.);
#2819=B_SPLINE_CURVE_WITH_KNOTS('',1,(#5696,#5697),.UNSPECIFIED.,.F.,.F.,
(2,2),(0.,0.000200000000000006),.UNSPECIFIED.);
#2820=B_SPLINE_CURVE_WITH_KNOTS('',1,(#5698,#5699),.UNSPECIFIED.,.F.,.F.,
(2,2),(-0.000200000000000006,0.),.UNSPECIFIED.);
#2821=B_SPLINE_CURVE_WITH_KNOTS('',1,(#5700,#5701),.UNSPECIFIED.,.F.,.F.,
(2,2),(-0.000996338193,0.),.UNSPECIFIED.);
#2822=B_SPLINE_CURVE_WITH_KNOTS('',1,(#5702,#5703),.UNSPECIFIED.,.F.,.F.,
(2,2),(-0.000599999999999996,0.),.UNSPECIFIED.);
#2823=B_SPLINE_CURVE_WITH_KNOTS('',1,(#5704,#5705),.UNSPECIFIED.,.F.,.F.,
(2,2),(0.,0.000800000000000002),.UNSPECIFIED.);
#2824=B_SPLINE_CURVE_WITH_KNOTS('',1,(#5706,#5707),.UNSPECIFIED.,.F.,.F.,
(2,2),(0.,0.0021),.UNSPECIFIED.);
#2825=B_SPLINE_CURVE_WITH_KNOTS('',1,(#5708,#5709),.UNSPECIFIED.,.F.,.F.,
(2,2),(-0.000996338193,0.),.UNSPECIFIED.);
#2826=B_SPLINE_CURVE_WITH_KNOTS('',1,(#5710,#5711),.UNSPECIFIED.,.F.,.F.,
(2,2),(-0.000200000000000006,0.),.UNSPECIFIED.);
#2827=B_SPLINE_CURVE_WITH_KNOTS('',1,(#5712,#5713),.UNSPECIFIED.,.F.,.F.,
(2,2),(0.,0.000200000000000006),.UNSPECIFIED.);
#2828=B_SPLINE_CURVE_WITH_KNOTS('',1,(#5714,#5715),.UNSPECIFIED.,.F.,.F.,
(2,2),(-0.000996338193,0.),.UNSPECIFIED.);
#2829=B_SPLINE_CURVE_WITH_KNOTS('',1,(#5716,#5717),.UNSPECIFIED.,.F.,.F.,
(2,2),(0.,0.000599999999999996),.UNSPECIFIED.);
#2830=B_SPLINE_CURVE_WITH_KNOTS('',1,(#5718,#5719),.UNSPECIFIED.,.F.,.F.,
(2,2),(-0.000800000000000002,0.),.UNSPECIFIED.);
#2831=B_SPLINE_CURVE_WITH_KNOTS('',1,(#5720,#5721),.UNSPECIFIED.,.F.,.F.,
(2,2),(0.,0.0021),.UNSPECIFIED.);
#2832=B_SPLINE_CURVE_WITH_KNOTS('',1,(#5727,#5728),.UNSPECIFIED.,.F.,.F.,
(2,2),(0.,0.0023),.UNSPECIFIED.);
#2833=B_SPLINE_CURVE_WITH_KNOTS('',1,(#5734,#5735),.UNSPECIFIED.,.F.,.F.,
(2,2),(-0.0023,0.),.UNSPECIFIED.);
#2834=B_SPLINE_CURVE_WITH_KNOTS('',1,(#5736,#5737),.UNSPECIFIED.,.F.,.F.,
(2,2),(-0.0125079682677079,0.),.UNSPECIFIED.);
#2835=B_SPLINE_CURVE_WITH_KNOTS('',1,(#5738,#5739),.UNSPECIFIED.,.F.,.F.,
(2,2),(-0.0023,0.),.UNSPECIFIED.);
#2836=B_SPLINE_CURVE_WITH_KNOTS('',1,(#5740,#5741),.UNSPECIFIED.,.F.,.F.,
(2,2),(0.,0.0125079682677079),.UNSPECIFIED.);
#2837=B_SPLINE_CURVE_WITH_KNOTS('',1,(#5742,#5743),.UNSPECIFIED.,.F.,.F.,
(2,2),(0.,0.00335),.UNSPECIFIED.);
#2838=B_SPLINE_CURVE_WITH_KNOTS('',1,(#5744,#5745),.UNSPECIFIED.,.F.,.F.,
(2,2),(-0.0023,0.),.UNSPECIFIED.);
#2839=B_SPLINE_CURVE_WITH_KNOTS('',1,(#5751,#5752),.UNSPECIFIED.,.F.,.F.,
(2,2),(0.,0.0023),.UNSPECIFIED.);
#2840=B_SPLINE_CURVE_WITH_KNOTS('',1,(#5758,#5759),.UNSPECIFIED.,.F.,.F.,
(2,2),(0.,0.003018940483),.UNSPECIFIED.);
#2841=B_SPLINE_CURVE_WITH_KNOTS('',1,(#5760,#5761),.UNSPECIFIED.,.F.,.F.,
(2,2),(-0.0023,0.),.UNSPECIFIED.);
#2842=B_SPLINE_CURVE_WITH_KNOTS('',1,(#5762,#5763),.UNSPECIFIED.,.F.,.F.,
(2,2),(-0.014515938574185,0.),.UNSPECIFIED.);
#2843=B_SPLINE_CURVE_WITH_KNOTS('',1,(#5764,#5765),.UNSPECIFIED.,.F.,.F.,
(2,2),(0.,0.0023),.UNSPECIFIED.);
#2844=B_SPLINE_CURVE_WITH_KNOTS('',1,(#5766,#5767),.UNSPECIFIED.,.F.,.F.,
(2,2),(-0.014515938574185,0.),.UNSPECIFIED.);
#2845=B_SPLINE_CURVE_WITH_KNOTS('',1,(#5773,#5774),.UNSPECIFIED.,.F.,.F.,
(2,2),(0.,0.0023),.UNSPECIFIED.);
#2846=B_SPLINE_CURVE_WITH_KNOTS('',1,(#5780,#5781),.UNSPECIFIED.,.F.,.F.,
(2,2),(-0.014515938574185,0.),.UNSPECIFIED.);
#2847=B_SPLINE_CURVE_WITH_KNOTS('',1,(#5782,#5783),.UNSPECIFIED.,.F.,.F.,
(2,2),(-0.0023,0.),.UNSPECIFIED.);
#2848=B_SPLINE_CURVE_WITH_KNOTS('',1,(#5784,#5785),.UNSPECIFIED.,.F.,.F.,
(2,2),(0.,0.014515938574185),.UNSPECIFIED.);
#2849=B_SPLINE_CURVE_WITH_KNOTS('',1,(#5786,#5787),.UNSPECIFIED.,.F.,.F.,
(2,2),(-0.003018940483,0.),.UNSPECIFIED.);
#2850=B_SPLINE_CURVE_WITH_KNOTS('',1,(#5788,#5789),.UNSPECIFIED.,.F.,.F.,
(2,2),(-0.0023,0.),.UNSPECIFIED.);
#2851=B_SPLINE_CURVE_WITH_KNOTS('',1,(#5800,#5801),.UNSPECIFIED.,.F.,.F.,
(2,2),(0.,0.0023),.UNSPECIFIED.);
#2852=B_SPLINE_CURVE_WITH_KNOTS('',1,(#5802,#5803),.UNSPECIFIED.,.F.,.F.,
(2,2),(-0.00335,0.),.UNSPECIFIED.);
#2853=B_SPLINE_CURVE_WITH_KNOTS('',1,(#5804,#5805),.UNSPECIFIED.,.F.,.F.,
(2,2),(-0.0023,0.),.UNSPECIFIED.);
#2854=B_SPLINE_CURVE_WITH_KNOTS('',1,(#5806,#5807),.UNSPECIFIED.,.F.,.F.,
(2,2),(-0.0125079682677079,0.),.UNSPECIFIED.);
#2855=B_SPLINE_CURVE_WITH_KNOTS('',1,(#5808,#5809),.UNSPECIFIED.,.F.,.F.,
(2,2),(-0.0125079682677079,0.),.UNSPECIFIED.);
#2856=B_SPLINE_CURVE_WITH_KNOTS('',1,(#5839,#5840),.UNSPECIFIED.,.F.,.F.,
(2,2),(0.00247640000000001,0.0152404),.UNSPECIFIED.);
#2857=B_SPLINE_CURVE_WITH_KNOTS('',1,(#5861,#5862),.UNSPECIFIED.,.F.,.F.,
(2,2),(0.00148636796564404,0.00435004762208444),.UNSPECIFIED.);
#2858=B_SPLINE_CURVE_WITH_KNOTS('',1,(#5873,#5874),.UNSPECIFIED.,.F.,.F.,
(2,2),(0.0286378246380552,0.0310211354633573),.UNSPECIFIED.);
#2859=B_SPLINE_CURVE_WITH_KNOTS('',1,(#5885,#5886),.UNSPECIFIED.,.F.,.F.,
(2,2),(0.0563386476431422,0.0572943692318977),.UNSPECIFIED.);
#2860=B_SPLINE_CURVE_WITH_KNOTS('',1,(#5897,#5898),.UNSPECIFIED.,.F.,.F.,
(2,2),(0.0286378246380552,0.0312107818157557),.UNSPECIFIED.);
#2861=B_SPLINE_CURVE_WITH_KNOTS('',1,(#5909,#5910),.UNSPECIFIED.,.F.,.F.,
(2,2),(0.00139488047037252,0.00334368517409772),.UNSPECIFIED.);
#2862=B_SPLINE_CURVE_WITH_KNOTS('',1,(#5921,#5922),.UNSPECIFIED.,.F.,.F.,
(2,2),(0.0286651974034841,0.0312107818157557),.UNSPECIFIED.);
#2863=B_SPLINE_CURVE_WITH_KNOTS('',1,(#5933,#5934),.UNSPECIFIED.,.F.,.F.,
(2,2),(0.00148681002218082,0.00435491024398901),.UNSPECIFIED.);
#2864=B_SPLINE_CURVE_WITH_KNOTS('',1,(#5955,#5956),.UNSPECIFIED.,.F.,.F.,
(2,2),(0.001293,0.002223),.UNSPECIFIED.);
#2865=B_SPLINE_CURVE_WITH_KNOTS('',1,(#5957,#5958),.UNSPECIFIED.,.F.,.F.,
(2,2),(0.0286651974034841,0.0310211354633572),.UNSPECIFIED.);
#2866=B_SPLINE_CURVE_WITH_KNOTS('',1,(#6001,#6002),.UNSPECIFIED.,.F.,.F.,
(2,2),(0.,0.004664),.UNSPECIFIED.);
#2867=B_SPLINE_CURVE_WITH_KNOTS('',1,(#6009,#6010),.UNSPECIFIED.,.F.,.F.,
(2,2),(-0.004664,0.),.UNSPECIFIED.);
#2868=B_SPLINE_CURVE_WITH_KNOTS('',1,(#6027,#6028),.UNSPECIFIED.,.F.,.F.,
(2,2),(0.0023664,0.0140304),.UNSPECIFIED.);
#2869=B_SPLINE_CURVE_WITH_KNOTS('',3,(#6051,#6052,#6053,#6054,#6055),
 .UNSPECIFIED.,.F.,.F.,(4,1,4),(-0.0112038210565,-0.00640645715421544,-0.00160909325193084),
 .UNSPECIFIED.);
#2870=B_SPLINE_CURVE_WITH_KNOTS('',1,(#6056,#6057),.UNSPECIFIED.,.F.,.F.,
(2,2),(-0.0048987901247133,0.),.UNSPECIFIED.);
#2871=B_SPLINE_CURVE_WITH_KNOTS('',1,(#6058,#6059),.UNSPECIFIED.,.F.,.F.,
(2,2),(-0.00899312614093149,0.),.UNSPECIFIED.);
#2872=B_SPLINE_CURVE_WITH_KNOTS('',1,(#6060,#6061),.UNSPECIFIED.,.F.,.F.,
(2,2),(0.,0.0082383605143187),.UNSPECIFIED.);
#2873=B_SPLINE_CURVE_WITH_KNOTS('',1,(#6062,#6063),.UNSPECIFIED.,.F.,.F.,
(2,2),(-0.00899312614093149,0.),.UNSPECIFIED.);
#2874=B_SPLINE_CURVE_WITH_KNOTS('',1,(#6064,#6065),.UNSPECIFIED.,.F.,.F.,
(2,2),(0.,0.0048987901247133),.UNSPECIFIED.);
#2875=B_SPLINE_CURVE_WITH_KNOTS('',3,(#6066,#6067,#6068,#6069,#6070),
 .UNSPECIFIED.,.F.,.F.,(4,1,4),(-0.014142294597733,-0.00928897188189137,
-0.00443564916604976),.UNSPECIFIED.);
#2876=B_SPLINE_CURVE_WITH_KNOTS('',1,(#6071,#6072),.UNSPECIFIED.,.F.,.F.,
(2,2),(-0.0082383605143183,0.),.UNSPECIFIED.);
#2877=B_SPLINE_CURVE_WITH_KNOTS('',3,(#6073,#6074,#6075,#6076,#6077,#6078),
 .UNSPECIFIED.,.F.,.F.,(4,2,4),(-0.00245679888634641,-0.00122889402850846,
0.),.UNSPECIFIED.);
#2878=B_SPLINE_CURVE_WITH_KNOTS('',3,(#6084,#6085,#6086,#6087,#6088,#6089),
 .UNSPECIFIED.,.F.,.F.,(4,2,4),(-0.00245652462098298,-0.00122759082586237,
0.),.UNSPECIFIED.);
#2879=B_SPLINE_CURVE_WITH_KNOTS('',3,(#6095,#6096,#6097,#6098,#6099,#6100,
#6101,#6102),.UNSPECIFIED.,.F.,.F.,(4,2,2,4),(-0.00180949911675789,-0.00180917020732336,
-0.000769115109046188,-7.54807193910566E-17),.UNSPECIFIED.);
#2880=B_SPLINE_CURVE_WITH_KNOTS('',3,(#6108,#6109,#6110,#6111,#6112,#6113),
 .UNSPECIFIED.,.F.,.F.,(4,2,4),(-0.00361899823719382,-0.00284916940376658,
-0.00180949911675789),.UNSPECIFIED.);
#2881=B_SPLINE_CURVE_WITH_KNOTS('',1,(#6114,#6115),.UNSPECIFIED.,.F.,.F.,
(2,2),(0.00247640000000001,0.0152404),.UNSPECIFIED.);
#2882=B_SPLINE_CURVE_WITH_KNOTS('',1,(#6119,#6120),.UNSPECIFIED.,.F.,.F.,
(2,2),(0.00148636796564404,0.00435004762208444),.UNSPECIFIED.);
#2883=B_SPLINE_CURVE_WITH_KNOTS('',1,(#6121,#6122),.UNSPECIFIED.,.F.,.F.,
(2,2),(0.0286378246380552,0.0310211354633572),.UNSPECIFIED.);
#2884=B_SPLINE_CURVE_WITH_KNOTS('',1,(#6123,#6124),.UNSPECIFIED.,.F.,.F.,
(2,2),(0.0563386476431422,0.0572943692318977),.UNSPECIFIED.);
#2885=B_SPLINE_CURVE_WITH_KNOTS('',1,(#6125,#6126),.UNSPECIFIED.,.F.,.F.,
(2,2),(0.0286378246380552,0.0312107818157557),.UNSPECIFIED.);
#2886=B_SPLINE_CURVE_WITH_KNOTS('',1,(#6127,#6128),.UNSPECIFIED.,.F.,.F.,
(2,2),(0.00139488047037252,0.00334368517409772),.UNSPECIFIED.);
#2887=B_SPLINE_CURVE_WITH_KNOTS('',1,(#6129,#6130),.UNSPECIFIED.,.F.,.F.,
(2,2),(0.0286651974034841,0.0312107818157557),.UNSPECIFIED.);
#2888=B_SPLINE_CURVE_WITH_KNOTS('',1,(#6131,#6132),.UNSPECIFIED.,.F.,.F.,
(2,2),(0.00148681002218081,0.00435491024398901),.UNSPECIFIED.);
#2889=B_SPLINE_CURVE_WITH_KNOTS('',1,(#6133,#6134),.UNSPECIFIED.,.F.,.F.,
(2,2),(0.001293,0.002223),.UNSPECIFIED.);
#2890=B_SPLINE_CURVE_WITH_KNOTS('',1,(#6135,#6136),.UNSPECIFIED.,.F.,.F.,
(2,2),(0.0286651974034841,0.0310211354633573),.UNSPECIFIED.);
#2891=B_SPLINE_CURVE_WITH_KNOTS('',1,(#6137,#6138),.UNSPECIFIED.,.F.,.F.,
(2,2),(0.0023664,0.0140304),.UNSPECIFIED.);
#2892=B_SPLINE_CURVE_WITH_KNOTS('',3,(#6145,#6146,#6147,#6148,#6149,#6150),
 .UNSPECIFIED.,.F.,.F.,(4,2,4),(0.00180949911676776,0.00284916940369765,
0.00361899823719382),.UNSPECIFIED.);
#2893=B_SPLINE_CURVE_WITH_KNOTS('',3,(#7319,#7320,#7321,#7322,#7323,#7324,
#7325,#7326,#7327,#7328),.UNSPECIFIED.,.F.,.F.,(4,2,2,2,4),(6.11105435484612E-17,
0.000769115109045973,0.0018091702073233,0.00284916940376668,0.00361899823719382),
 .UNSPECIFIED.);
#2894=B_SPLINE_CURVE_WITH_KNOTS('',1,(#7329,#7330),.UNSPECIFIED.,.F.,.F.,
(2,2),(-0.0082383605143187,0.),.UNSPECIFIED.);
#2895=B_SPLINE_CURVE_WITH_KNOTS('',1,(#7336,#7337),.UNSPECIFIED.,.F.,.F.,
(2,2),(0.,0.0082383605143183),.UNSPECIFIED.);
#2896=B_SPLINE_CURVE_WITH_KNOTS('',3,(#7338,#7339,#7340,#7341,#7342,#7343),
 .UNSPECIFIED.,.F.,.F.,(4,2,4),(0.,0.00122759082586238,0.00245652462098299),
 .UNSPECIFIED.);
#2897=B_SPLINE_CURVE_WITH_KNOTS('',1,(#7344,#7345),.UNSPECIFIED.,.F.,.F.,
(2,2),(0.,0.004664),.UNSPECIFIED.);
#2898=B_SPLINE_CURVE_WITH_KNOTS('',1,(#7351,#7352),.UNSPECIFIED.,.F.,.F.,
(2,2),(0.,0.0048987901247133),.UNSPECIFIED.);
#2899=B_SPLINE_CURVE_WITH_KNOTS('',3,(#7353,#7354,#7355,#7356,#7357,#7358),
 .UNSPECIFIED.,.F.,.F.,(4,2,4),(0.,0.00122889402850847,0.00245679888634643),
 .UNSPECIFIED.);
#2900=B_SPLINE_CURVE_WITH_KNOTS('',1,(#7359,#7360),.UNSPECIFIED.,.F.,.F.,
(2,2),(-0.0048987901247133,0.),.UNSPECIFIED.);
#2901=B_SPLINE_CURVE_WITH_KNOTS('',1,(#7366,#7367),.UNSPECIFIED.,.F.,.F.,
(2,2),(-0.004664,0.),.UNSPECIFIED.);
#2902=B_SPLINE_CURVE_WITH_KNOTS('',3,(#7368,#7369,#7370,#7371,#7372),
 .UNSPECIFIED.,.F.,.F.,(4,1,4),(0.00160909325193082,0.00640645715421542,
0.0112038210565),.UNSPECIFIED.);
#2903=B_SPLINE_CURVE_WITH_KNOTS('',1,(#7373,#7374),.UNSPECIFIED.,.F.,.F.,
(2,2),(-0.00899312614093145,0.),.UNSPECIFIED.);
#2904=B_SPLINE_CURVE_WITH_KNOTS('',1,(#7375,#7376),.UNSPECIFIED.,.F.,.F.,
(2,2),(0.,0.00899312614093142),.UNSPECIFIED.);
#2905=B_SPLINE_CURVE_WITH_KNOTS('',3,(#7377,#7378,#7379,#7380,#7381),
 .UNSPECIFIED.,.F.,.F.,(4,1,4),(0.00443564916604976,0.00928897188189144,
0.014142294597733),.UNSPECIFIED.);
#2906=B_SPLINE_CURVE_WITH_KNOTS('',3,(#7382,#7383,#7384,#7385,#7386,#7387,
#7388,#7389,#7390,#7391),.UNSPECIFIED.,.F.,.F.,(4,2,2,2,4),(7.80818287452391E-17,
0.000769115109046034,0.00180917020732329,0.00284916940376659,0.00361899823719382),
 .UNSPECIFIED.);
#2907=B_SPLINE_CURVE_WITH_KNOTS('',1,(#7392,#7393),.UNSPECIFIED.,.F.,.F.,
(2,2),(-0.0082383605143187,0.),.UNSPECIFIED.);
#2908=B_SPLINE_CURVE_WITH_KNOTS('',1,(#7399,#7400),.UNSPECIFIED.,.F.,.F.,
(2,2),(0.,0.0082383605143183),.UNSPECIFIED.);
#2909=B_SPLINE_CURVE_WITH_KNOTS('',3,(#7401,#7402,#7403,#7404,#7405,#7406),
 .UNSPECIFIED.,.F.,.F.,(4,2,4),(0.,0.00122759082586238,0.002456524620983),
 .UNSPECIFIED.);
#2910=B_SPLINE_CURVE_WITH_KNOTS('',1,(#7407,#7408),.UNSPECIFIED.,.F.,.F.,
(2,2),(0.,0.004664),.UNSPECIFIED.);
#2911=B_SPLINE_CURVE_WITH_KNOTS('',1,(#7414,#7415),.UNSPECIFIED.,.F.,.F.,
(2,2),(0.,0.0048987901247133),.UNSPECIFIED.);
#2912=B_SPLINE_CURVE_WITH_KNOTS('',3,(#7416,#7417,#7418,#7419,#7420,#7421),
 .UNSPECIFIED.,.F.,.F.,(4,2,4),(1.63653485417008E-17,0.00122889402850849,
0.00245679888634647),.UNSPECIFIED.);
#2913=B_SPLINE_CURVE_WITH_KNOTS('',1,(#7422,#7423),.UNSPECIFIED.,.F.,.F.,
(2,2),(-0.0048987901247133,0.),.UNSPECIFIED.);
#2914=B_SPLINE_CURVE_WITH_KNOTS('',1,(#7429,#7430),.UNSPECIFIED.,.F.,.F.,
(2,2),(-0.004664,0.),.UNSPECIFIED.);
#2915=B_SPLINE_CURVE_WITH_KNOTS('',3,(#7431,#7432,#7433,#7434,#7435),
 .UNSPECIFIED.,.F.,.F.,(4,1,4),(0.0016090932519308,0.00640645715421541,
0.0112038210565),.UNSPECIFIED.);
#2916=B_SPLINE_CURVE_WITH_KNOTS('',1,(#7436,#7437),.UNSPECIFIED.,.F.,.F.,
(2,2),(-0.00899312614093146,0.),.UNSPECIFIED.);
#2917=B_SPLINE_CURVE_WITH_KNOTS('',1,(#7438,#7439),.UNSPECIFIED.,.F.,.F.,
(2,2),(0.,0.00899312614093148),.UNSPECIFIED.);
#2918=B_SPLINE_CURVE_WITH_KNOTS('',3,(#7440,#7441,#7442,#7443,#7444),
 .UNSPECIFIED.,.F.,.F.,(4,1,4),(0.00443564916604975,0.0092889718818914,
0.014142294597733),.UNSPECIFIED.);
#2919=B_SPLINE_CURVE_WITH_KNOTS('',3,(#7445,#7446,#7447,#7448,#7449,#7450,
#7451,#7452,#7453,#7454),.UNSPECIFIED.,.F.,.F.,(4,2,2,2,4),(2.77148882119578E-17,
0.000769115109045978,0.00180917020732329,0.00284916940376665,0.00361899823719383),
 .UNSPECIFIED.);
#2920=B_SPLINE_CURVE_WITH_KNOTS('',1,(#7455,#7456),.UNSPECIFIED.,.F.,.F.,
(2,2),(-0.0082383605143186,0.),.UNSPECIFIED.);
#2921=B_SPLINE_CURVE_WITH_KNOTS('',1,(#7462,#7463),.UNSPECIFIED.,.F.,.F.,
(2,2),(0.,0.0082383605143183),.UNSPECIFIED.);
#2922=B_SPLINE_CURVE_WITH_KNOTS('',3,(#7464,#7465,#7466,#7467,#7468,#7469),
 .UNSPECIFIED.,.F.,.F.,(4,2,4),(0.,0.00122759082586238,0.002456524620983),
 .UNSPECIFIED.);
#2923=B_SPLINE_CURVE_WITH_KNOTS('',1,(#7470,#7471),.UNSPECIFIED.,.F.,.F.,
(2,2),(0.,0.004664),.UNSPECIFIED.);
#2924=B_SPLINE_CURVE_WITH_KNOTS('',1,(#7477,#7478),.UNSPECIFIED.,.F.,.F.,
(2,2),(0.,0.0048987901247133),.UNSPECIFIED.);
#2925=B_SPLINE_CURVE_WITH_KNOTS('',3,(#7479,#7480,#7481,#7482,#7483,#7484),
 .UNSPECIFIED.,.F.,.F.,(4,2,4),(0.,0.00122889402850846,0.00245679888634642),
 .UNSPECIFIED.);
#2926=B_SPLINE_CURVE_WITH_KNOTS('',1,(#7485,#7486),.UNSPECIFIED.,.F.,.F.,
(2,2),(-0.0048987901247133,0.),.UNSPECIFIED.);
#2927=B_SPLINE_CURVE_WITH_KNOTS('',1,(#7492,#7493),.UNSPECIFIED.,.F.,.F.,
(2,2),(-0.004664,0.),.UNSPECIFIED.);
#2928=B_SPLINE_CURVE_WITH_KNOTS('',3,(#7494,#7495,#7496,#7497,#7498),
 .UNSPECIFIED.,.F.,.F.,(4,1,4),(0.00160909325193083,0.0064064571542154,
0.0112038210565),.UNSPECIFIED.);
#2929=B_SPLINE_CURVE_WITH_KNOTS('',1,(#7499,#7500),.UNSPECIFIED.,.F.,.F.,
(2,2),(0.,0.0089931261409314),.UNSPECIFIED.);
#2930=B_SPLINE_CURVE_WITH_KNOTS('',1,(#7501,#7502),.UNSPECIFIED.,.F.,.F.,
(2,2),(-0.00899312614093146,0.),.UNSPECIFIED.);
#2931=B_SPLINE_CURVE_WITH_KNOTS('',3,(#7503,#7504,#7505,#7506,#7507),
 .UNSPECIFIED.,.F.,.F.,(4,1,4),(0.00443564916604976,0.00928897188189138,
0.014142294597733),.UNSPECIFIED.);
#2932=B_SPLINE_CURVE_WITH_KNOTS('',3,(#7508,#7509,#7510,#7511,#7512,#7513,
#7514,#7515,#7516,#7517),.UNSPECIFIED.,.F.,.F.,(4,2,2,2,4),(2.65361665640797E-17,
0.000769115109046124,0.00180917020732334,0.0028491694037666,0.00361899823719382),
 .UNSPECIFIED.);
#2933=B_SPLINE_CURVE_WITH_KNOTS('',1,(#7518,#7519),.UNSPECIFIED.,.F.,.F.,
(2,2),(-0.0082383605143186,0.),.UNSPECIFIED.);
#2934=B_SPLINE_CURVE_WITH_KNOTS('',1,(#7525,#7526),.UNSPECIFIED.,.F.,.F.,
(2,2),(0.,0.0082383605143183),.UNSPECIFIED.);
#2935=B_SPLINE_CURVE_WITH_KNOTS('',3,(#7527,#7528,#7529,#7530,#7531,#7532),
 .UNSPECIFIED.,.F.,.F.,(4,2,4),(0.,0.00122759082586237,0.00245652462098298),
 .UNSPECIFIED.);
#2936=B_SPLINE_CURVE_WITH_KNOTS('',1,(#7533,#7534),.UNSPECIFIED.,.F.,.F.,
(2,2),(0.,0.004664),.UNSPECIFIED.);
#2937=B_SPLINE_CURVE_WITH_KNOTS('',1,(#7540,#7541),.UNSPECIFIED.,.F.,.F.,
(2,2),(0.,0.0048987901247133),.UNSPECIFIED.);
#2938=B_SPLINE_CURVE_WITH_KNOTS('',3,(#7542,#7543,#7544,#7545,#7546,#7547),
 .UNSPECIFIED.,.F.,.F.,(4,2,4),(0.,0.00122889402850847,0.00245679888634644),
 .UNSPECIFIED.);
#2939=B_SPLINE_CURVE_WITH_KNOTS('',1,(#7548,#7549),.UNSPECIFIED.,.F.,.F.,
(2,2),(-0.0048987901247133,0.),.UNSPECIFIED.);
#2940=B_SPLINE_CURVE_WITH_KNOTS('',1,(#7555,#7556),.UNSPECIFIED.,.F.,.F.,
(2,2),(-0.004664,0.),.UNSPECIFIED.);
#2941=B_SPLINE_CURVE_WITH_KNOTS('',3,(#7557,#7558,#7559,#7560,#7561),
 .UNSPECIFIED.,.F.,.F.,(4,1,4),(0.00160909325193081,0.0064064571542154,
0.0112038210565),.UNSPECIFIED.);
#2942=B_SPLINE_CURVE_WITH_KNOTS('',1,(#7562,#7563),.UNSPECIFIED.,.F.,.F.,
(2,2),(0.,0.00899312614093142),.UNSPECIFIED.);
#2943=B_SPLINE_CURVE_WITH_KNOTS('',1,(#7564,#7565),.UNSPECIFIED.,.F.,.F.,
(2,2),(-0.00899312614093144,0.),.UNSPECIFIED.);
#2944=B_SPLINE_CURVE_WITH_KNOTS('',3,(#7566,#7567,#7568,#7569,#7570),
 .UNSPECIFIED.,.F.,.F.,(4,1,4),(0.00443564916604976,0.00928897188189137,
0.014142294597733),.UNSPECIFIED.);
#2945=B_SPLINE_CURVE_WITH_KNOTS('',3,(#7571,#7572,#7573,#7574,#7575,#7576,
#7577,#7578),.UNSPECIFIED.,.F.,.F.,(4,2,2,4),(7.54807193910566E-17,0.00076911510911256,
0.00180917020732298,0.00180949911676776),.UNSPECIFIED.);
#2946=B_SPLINE_CURVE_WITH_KNOTS('',1,(#7579,#7580),.UNSPECIFIED.,.F.,.F.,
(2,2),(-0.0082383605143187,0.),.UNSPECIFIED.);
#2947=B_SPLINE_CURVE_WITH_KNOTS('',1,(#7586,#7587),.UNSPECIFIED.,.F.,.F.,
(2,2),(0.,0.0082383605143183),.UNSPECIFIED.);
#2948=B_SPLINE_CURVE_WITH_KNOTS('',3,(#7588,#7589,#7590,#7591,#7592,#7593),
 .UNSPECIFIED.,.F.,.F.,(4,2,4),(0.,0.00122759082586237,0.00245652462098298),
 .UNSPECIFIED.);
#2949=B_SPLINE_CURVE_WITH_KNOTS('',1,(#7594,#7595),.UNSPECIFIED.,.F.,.F.,
(2,2),(0.,0.004664),.UNSPECIFIED.);
#2950=B_SPLINE_CURVE_WITH_KNOTS('',1,(#7601,#7602),.UNSPECIFIED.,.F.,.F.,
(2,2),(0.,0.0048987901247133),.UNSPECIFIED.);
#2951=B_SPLINE_CURVE_WITH_KNOTS('',3,(#7603,#7604,#7605,#7606,#7607,#7608),
 .UNSPECIFIED.,.F.,.F.,(4,2,4),(0.,0.00122889402850846,0.00245679888634642),
 .UNSPECIFIED.);
#2952=B_SPLINE_CURVE_WITH_KNOTS('',1,(#7609,#7610),.UNSPECIFIED.,.F.,.F.,
(2,2),(-0.0048987901247133,0.),.UNSPECIFIED.);
#2953=B_SPLINE_CURVE_WITH_KNOTS('',1,(#7616,#7617),.UNSPECIFIED.,.F.,.F.,
(2,2),(-0.004664,0.),.UNSPECIFIED.);
#2954=B_SPLINE_CURVE_WITH_KNOTS('',3,(#7618,#7619,#7620,#7621,#7622),
 .UNSPECIFIED.,.F.,.F.,(4,1,4),(0.00160909325193084,0.00640645715421544,
0.0112038210565),.UNSPECIFIED.);
#2955=B_SPLINE_CURVE_WITH_KNOTS('',1,(#7623,#7624),.UNSPECIFIED.,.F.,.F.,
(2,2),(-0.00899312614093149,0.),.UNSPECIFIED.);
#2956=B_SPLINE_CURVE_WITH_KNOTS('',1,(#7625,#7626),.UNSPECIFIED.,.F.,.F.,
(2,2),(0.,0.00899312614093149),.UNSPECIFIED.);
#2957=B_SPLINE_CURVE_WITH_KNOTS('',3,(#7627,#7628,#7629,#7630,#7631),
 .UNSPECIFIED.,.F.,.F.,(4,1,4),(0.00443564916604976,0.00928897188189137,
0.014142294597733),.UNSPECIFIED.);
#2958=B_SPLINE_CURVE_WITH_KNOTS('',3,(#7632,#7633,#7634,#7635,#7636,#7637,
#7638,#7639,#7640,#7641),.UNSPECIFIED.,.F.,.F.,(4,2,2,2,4),(6.70622647000383E-17,
0.000769115109112385,0.00180917020732293,0.00284916940369774,0.00361899823719383),
 .UNSPECIFIED.);
#2959=B_SPLINE_CURVE_WITH_KNOTS('',1,(#7642,#7643),.UNSPECIFIED.,.F.,.F.,
(2,2),(-0.0082383605143187,0.),.UNSPECIFIED.);
#2960=B_SPLINE_CURVE_WITH_KNOTS('',1,(#7649,#7650),.UNSPECIFIED.,.F.,.F.,
(2,2),(0.,0.0082383605143183),.UNSPECIFIED.);
#2961=B_SPLINE_CURVE_WITH_KNOTS('',3,(#7651,#7652,#7653,#7654,#7655,#7656),
 .UNSPECIFIED.,.F.,.F.,(4,2,4),(0.,0.00122759082586237,0.00245652462098299),
 .UNSPECIFIED.);
#2962=B_SPLINE_CURVE_WITH_KNOTS('',1,(#7657,#7658),.UNSPECIFIED.,.F.,.F.,
(2,2),(0.,0.004664),.UNSPECIFIED.);
#2963=B_SPLINE_CURVE_WITH_KNOTS('',1,(#7664,#7665),.UNSPECIFIED.,.F.,.F.,
(2,2),(0.,0.0048987901247133),.UNSPECIFIED.);
#2964=B_SPLINE_CURVE_WITH_KNOTS('',3,(#7666,#7667,#7668,#7669,#7670,#7671),
 .UNSPECIFIED.,.F.,.F.,(4,2,4),(0.,0.00122889402850847,0.00245679888634643),
 .UNSPECIFIED.);
#2965=B_SPLINE_CURVE_WITH_KNOTS('',1,(#7672,#7673),.UNSPECIFIED.,.F.,.F.,
(2,2),(-0.0048987901247133,0.),.UNSPECIFIED.);
#2966=B_SPLINE_CURVE_WITH_KNOTS('',1,(#7679,#7680),.UNSPECIFIED.,.F.,.F.,
(2,2),(-0.004664,0.),.UNSPECIFIED.);
#2967=B_SPLINE_CURVE_WITH_KNOTS('',3,(#7681,#7682,#7683,#7684,#7685),
 .UNSPECIFIED.,.F.,.F.,(4,1,4),(0.00160909325193082,0.00640645715421542,
0.0112038210565),.UNSPECIFIED.);
#2968=B_SPLINE_CURVE_WITH_KNOTS('',1,(#7686,#7687),.UNSPECIFIED.,.F.,.F.,
(2,2),(0.,0.00899312614093145),.UNSPECIFIED.);
#2969=B_SPLINE_CURVE_WITH_KNOTS('',1,(#7688,#7689),.UNSPECIFIED.,.F.,.F.,
(2,2),(0.,0.00899312614093142),.UNSPECIFIED.);
#2970=B_SPLINE_CURVE_WITH_KNOTS('',3,(#7690,#7691,#7692,#7693,#7694),
 .UNSPECIFIED.,.F.,.F.,(4,1,4),(0.00443564916604976,0.00928897188189138,
0.014142294597733),.UNSPECIFIED.);
#2971=B_SPLINE_CURVE_WITH_KNOTS('',3,(#7695,#7696,#7697,#7698,#7699,#7700,
#7701,#7702,#7703,#7704),.UNSPECIFIED.,.F.,.F.,(4,2,2,2,4),(7.80818287452391E-17,
0.000769115109046064,0.00180917020732329,0.00284916940376656,0.00361899823719382),
 .UNSPECIFIED.);
#2972=B_SPLINE_CURVE_WITH_KNOTS('',1,(#7705,#7706),.UNSPECIFIED.,.F.,.F.,
(2,2),(-0.0082383605143187,0.),.UNSPECIFIED.);
#2973=B_SPLINE_CURVE_WITH_KNOTS('',1,(#7712,#7713),.UNSPECIFIED.,.F.,.F.,
(2,2),(0.,0.0082383605143183),.UNSPECIFIED.);
#2974=B_SPLINE_CURVE_WITH_KNOTS('',3,(#7714,#7715,#7716,#7717,#7718,#7719),
 .UNSPECIFIED.,.F.,.F.,(4,2,4),(0.,0.00122759082586237,0.00245652462098299),
 .UNSPECIFIED.);
#2975=B_SPLINE_CURVE_WITH_KNOTS('',1,(#7720,#7721),.UNSPECIFIED.,.F.,.F.,
(2,2),(0.,0.004664),.UNSPECIFIED.);
#2976=B_SPLINE_CURVE_WITH_KNOTS('',1,(#7727,#7728),.UNSPECIFIED.,.F.,.F.,
(2,2),(0.,0.0048987901247133),.UNSPECIFIED.);
#2977=B_SPLINE_CURVE_WITH_KNOTS('',3,(#7729,#7730,#7731,#7732,#7733,#7734),
 .UNSPECIFIED.,.F.,.F.,(4,2,4),(0.,0.0012288940285085,0.0024567988863465),
 .UNSPECIFIED.);
#2978=B_SPLINE_CURVE_WITH_KNOTS('',1,(#7735,#7736),.UNSPECIFIED.,.F.,.F.,
(2,2),(-0.0048987901247133,0.),.UNSPECIFIED.);
#2979=B_SPLINE_CURVE_WITH_KNOTS('',1,(#7742,#7743),.UNSPECIFIED.,.F.,.F.,
(2,2),(-0.004664,0.),.UNSPECIFIED.);
#2980=B_SPLINE_CURVE_WITH_KNOTS('',3,(#7744,#7745,#7746,#7747,#7748),
 .UNSPECIFIED.,.F.,.F.,(4,1,4),(0.0016090932519308,0.00640645715421542,
0.0112038210565),.UNSPECIFIED.);
#2981=B_SPLINE_CURVE_WITH_KNOTS('',1,(#7749,#7750),.UNSPECIFIED.,.F.,.F.,
(2,2),(-0.00899312614093146,0.),.UNSPECIFIED.);
#2982=B_SPLINE_CURVE_WITH_KNOTS('',1,(#7751,#7752),.UNSPECIFIED.,.F.,.F.,
(2,2),(-0.0089931261409314,0.),.UNSPECIFIED.);
#2983=B_SPLINE_CURVE_WITH_KNOTS('',3,(#7753,#7754,#7755,#7756,#7757),
 .UNSPECIFIED.,.F.,.F.,(4,1,4),(0.00443564916604975,0.00928897188189137,
0.014142294597733),.UNSPECIFIED.);
#2984=B_SPLINE_CURVE_WITH_KNOTS('',3,(#7758,#7759,#7760,#7761,#7762,#7763,
#7764,#7765,#7766,#7767),.UNSPECIFIED.,.F.,.F.,(4,2,2,2,4),(7.55812568485339E-17,
0.000769115109046037,0.00180917020732329,0.00284916940376659,0.00361899823719381),
 .UNSPECIFIED.);
#2985=B_SPLINE_CURVE_WITH_KNOTS('',1,(#7768,#7769),.UNSPECIFIED.,.F.,.F.,
(2,2),(-0.0082383605143187,0.),.UNSPECIFIED.);
#2986=B_SPLINE_CURVE_WITH_KNOTS('',1,(#7775,#7776),.UNSPECIFIED.,.F.,.F.,
(2,2),(0.,0.0082383605143183),.UNSPECIFIED.);
#2987=B_SPLINE_CURVE_WITH_KNOTS('',3,(#7777,#7778,#7779,#7780,#7781,#7782),
 .UNSPECIFIED.,.F.,.F.,(4,2,4),(0.,0.00122759082586238,0.00245652462098301),
 .UNSPECIFIED.);
#2988=B_SPLINE_CURVE_WITH_KNOTS('',1,(#7783,#7784),.UNSPECIFIED.,.F.,.F.,
(2,2),(0.,0.004664),.UNSPECIFIED.);
#2989=B_SPLINE_CURVE_WITH_KNOTS('',1,(#7790,#7791),.UNSPECIFIED.,.F.,.F.,
(2,2),(0.,0.0048987901247133),.UNSPECIFIED.);
#2990=B_SPLINE_CURVE_WITH_KNOTS('',3,(#7792,#7793,#7794,#7795,#7796,#7797),
 .UNSPECIFIED.,.F.,.F.,(4,2,4),(0.,0.00122889402850846,0.00245679888634641),
 .UNSPECIFIED.);
#2991=B_SPLINE_CURVE_WITH_KNOTS('',1,(#7798,#7799),.UNSPECIFIED.,.F.,.F.,
(2,2),(-0.0048987901247133,0.),.UNSPECIFIED.);
#2992=B_SPLINE_CURVE_WITH_KNOTS('',1,(#7805,#7806),.UNSPECIFIED.,.F.,.F.,
(2,2),(-0.004664,0.),.UNSPECIFIED.);
#2993=B_SPLINE_CURVE_WITH_KNOTS('',3,(#7807,#7808,#7809,#7810,#7811),
 .UNSPECIFIED.,.F.,.F.,(4,1,4),(-0.0112038210565,-0.00640645715421543,-0.00160909325193083),
 .UNSPECIFIED.);
#2994=B_SPLINE_CURVE_WITH_KNOTS('',1,(#7812,#7813),.UNSPECIFIED.,.F.,.F.,
(2,2),(0.,0.0089931261409314),.UNSPECIFIED.);
#2995=B_SPLINE_CURVE_WITH_KNOTS('',1,(#7814,#7815),.UNSPECIFIED.,.F.,.F.,
(2,2),(-0.00899312614093146,0.),.UNSPECIFIED.);
#2996=B_SPLINE_CURVE_WITH_KNOTS('',3,(#7816,#7817,#7818,#7819,#7820),
 .UNSPECIFIED.,.F.,.F.,(4,1,4),(0.00443564916604976,0.00928897188189138,
0.014142294597733),.UNSPECIFIED.);
#2997=B_SPLINE_CURVE_WITH_KNOTS('',3,(#7821,#7822,#7823,#7824,#7825,#7826,
#7827,#7828,#7829,#7830),.UNSPECIFIED.,.F.,.F.,(4,2,2,2,4),(7.66536303265948E-17,
0.000769115109046056,0.00180917020732328,0.00284916940376655,0.00361899823719381),
 .UNSPECIFIED.);
#2998=B_SPLINE_CURVE_WITH_KNOTS('',1,(#7831,#7832),.UNSPECIFIED.,.F.,.F.,
(2,2),(-0.0082383605143187,0.),.UNSPECIFIED.);
#2999=B_SPLINE_CURVE_WITH_KNOTS('',1,(#7838,#7839),.UNSPECIFIED.,.F.,.F.,
(2,2),(0.,0.0082383605143183),.UNSPECIFIED.);
#3000=B_SPLINE_CURVE_WITH_KNOTS('',3,(#7840,#7841,#7842,#7843,#7844,#7845),
 .UNSPECIFIED.,.F.,.F.,(4,2,4),(0.,0.00122759082586239,0.00245652462098302),
 .UNSPECIFIED.);
#3001=B_SPLINE_CURVE_WITH_KNOTS('',1,(#7846,#7847),.UNSPECIFIED.,.F.,.F.,
(2,2),(0.,0.004664),.UNSPECIFIED.);
#3002=B_SPLINE_CURVE_WITH_KNOTS('',1,(#7853,#7854),.UNSPECIFIED.,.F.,.F.,
(2,2),(0.,0.0048987901247133),.UNSPECIFIED.);
#3003=B_SPLINE_CURVE_WITH_KNOTS('',3,(#7855,#7856,#7857,#7858,#7859,#7860),
 .UNSPECIFIED.,.F.,.F.,(4,2,4),(0.,0.00122889402850847,0.00245679888634643),
 .UNSPECIFIED.);
#3004=B_SPLINE_CURVE_WITH_KNOTS('',1,(#7861,#7862),.UNSPECIFIED.,.F.,.F.,
(2,2),(-0.0048987901247133,0.),.UNSPECIFIED.);
#3005=B_SPLINE_CURVE_WITH_KNOTS('',1,(#7868,#7869),.UNSPECIFIED.,.F.,.F.,
(2,2),(-0.004664,0.),.UNSPECIFIED.);
#3006=B_SPLINE_CURVE_WITH_KNOTS('',3,(#7870,#7871,#7872,#7873,#7874),
 .UNSPECIFIED.,.F.,.F.,(4,1,4),(0.00160909325193086,0.00640645715421546,
0.0112038210565),.UNSPECIFIED.);
#3007=B_SPLINE_CURVE_WITH_KNOTS('',1,(#7875,#7876),.UNSPECIFIED.,.F.,.F.,
(2,2),(-0.00899312614093142,0.),.UNSPECIFIED.);
#3008=B_SPLINE_CURVE_WITH_KNOTS('',1,(#7877,#7878),.UNSPECIFIED.,.F.,.F.,
(2,2),(-0.00899312614093144,0.),.UNSPECIFIED.);
#3009=B_SPLINE_CURVE_WITH_KNOTS('',3,(#7879,#7880,#7881,#7882,#7883),
 .UNSPECIFIED.,.F.,.F.,(4,1,4),(0.00443564916604976,0.00928897188189138,
0.014142294597733),.UNSPECIFIED.);
#3010=B_SPLINE_CURVE_WITH_KNOTS('',1,(#7884,#7885),.UNSPECIFIED.,.F.,.F.,
(2,2),(-0.00335,0.),.UNSPECIFIED.);
#3011=B_SPLINE_CURVE_WITH_KNOTS('',1,(#7886,#7887),.UNSPECIFIED.,.F.,.F.,
(2,2),(-0.003018940483,0.),.UNSPECIFIED.);
#3012=B_SPLINE_CURVE_WITH_KNOTS('',1,(#7888,#7889),.UNSPECIFIED.,.F.,.F.,
(2,2),(0.,0.003018940483),.UNSPECIFIED.);
#3013=B_SPLINE_CURVE_WITH_KNOTS('',1,(#7890,#7891),.UNSPECIFIED.,.F.,.F.,
(2,2),(0.,0.00335),.UNSPECIFIED.);
#3014=B_SPLINE_CURVE_WITH_KNOTS('',1,(#7892,#7893),.UNSPECIFIED.,.F.,.F.,
(2,2),(0.,0.0021),.UNSPECIFIED.);
#3015=B_SPLINE_CURVE_WITH_KNOTS('',1,(#7894,#7895),.UNSPECIFIED.,.F.,.F.,
(2,2),(-0.0021,0.),.UNSPECIFIED.);
#3016=B_SPLINE_CURVE_WITH_KNOTS('',1,(#7896,#7897),.UNSPECIFIED.,.F.,.F.,
(2,2),(0.,0.0021),.UNSPECIFIED.);
#3017=B_SPLINE_CURVE_WITH_KNOTS('',1,(#7898,#7899),.UNSPECIFIED.,.F.,.F.,
(2,2),(0.,0.0021),.UNSPECIFIED.);
#3018=B_SPLINE_CURVE_WITH_KNOTS('',1,(#7900,#7901),.UNSPECIFIED.,.F.,.F.,
(2,2),(0.,0.004092676386),.UNSPECIFIED.);
#3019=B_SPLINE_CURVE_WITH_KNOTS('',1,(#7902,#7903),.UNSPECIFIED.,.F.,.F.,
(2,2),(-0.004092676386,0.),.UNSPECIFIED.);
#3020=B_SPLINE_CURVE_WITH_KNOTS('',1,(#7904,#7905),.UNSPECIFIED.,.F.,.F.,
(2,2),(-0.000599999999999996,0.),.UNSPECIFIED.);
#3021=B_SPLINE_CURVE_WITH_KNOTS('',1,(#7906,#7907),.UNSPECIFIED.,.F.,.F.,
(2,2),(0.,0.000800000000000002),.UNSPECIFIED.);
#3022=B_SPLINE_CURVE_WITH_KNOTS('',1,(#7908,#7909),.UNSPECIFIED.,.F.,.F.,
(2,2),(-0.000800000000000002,0.),.UNSPECIFIED.);
#3023=B_SPLINE_CURVE_WITH_KNOTS('',1,(#7910,#7911),.UNSPECIFIED.,.F.,.F.,
(2,2),(0.,0.000599999999999996),.UNSPECIFIED.);
#3024=B_SPLINE_CURVE_WITH_KNOTS('',1,(#7912,#7913),.UNSPECIFIED.,.F.,.F.,
(2,2),(-0.000996338193,0.),.UNSPECIFIED.);
#3025=B_SPLINE_CURVE_WITH_KNOTS('',1,(#7914,#7915),.UNSPECIFIED.,.F.,.F.,
(2,2),(0.,0.000200000000000006),.UNSPECIFIED.);
#3026=B_SPLINE_CURVE_WITH_KNOTS('',1,(#7916,#7917),.UNSPECIFIED.,.F.,.F.,
(2,2),(-0.000200000000000006,0.),.UNSPECIFIED.);
#3027=B_SPLINE_CURVE_WITH_KNOTS('',1,(#7918,#7919),.UNSPECIFIED.,.F.,.F.,
(2,2),(-0.000996338193,0.),.UNSPECIFIED.);
#3028=B_SPLINE_CURVE_WITH_KNOTS('',1,(#7920,#7921),.UNSPECIFIED.,.F.,.F.,
(2,2),(-0.000599999999999996,0.),.UNSPECIFIED.);
#3029=B_SPLINE_CURVE_WITH_KNOTS('',1,(#7922,#7923),.UNSPECIFIED.,.F.,.F.,
(2,2),(0.,0.000800000000000002),.UNSPECIFIED.);
#3030=B_SPLINE_CURVE_WITH_KNOTS('',1,(#7924,#7925),.UNSPECIFIED.,.F.,.F.,
(2,2),(0.,0.0021),.UNSPECIFIED.);
#3031=B_SPLINE_CURVE_WITH_KNOTS('',1,(#7926,#7927),.UNSPECIFIED.,.F.,.F.,
(2,2),(-0.000996338193,0.),.UNSPECIFIED.);
#3032=B_SPLINE_CURVE_WITH_KNOTS('',1,(#7928,#7929),.UNSPECIFIED.,.F.,.F.,
(2,2),(-0.000200000000000006,0.),.UNSPECIFIED.);
#3033=B_SPLINE_CURVE_WITH_KNOTS('',1,(#7930,#7931),.UNSPECIFIED.,.F.,.F.,
(2,2),(0.,0.000200000000000006),.UNSPECIFIED.);
#3034=B_SPLINE_CURVE_WITH_KNOTS('',1,(#7932,#7933),.UNSPECIFIED.,.F.,.F.,
(2,2),(-0.000996338193,0.),.UNSPECIFIED.);
#3035=B_SPLINE_CURVE_WITH_KNOTS('',1,(#7934,#7935),.UNSPECIFIED.,.F.,.F.,
(2,2),(0.,0.000599999999999996),.UNSPECIFIED.);
#3036=B_SPLINE_CURVE_WITH_KNOTS('',1,(#7936,#7937),.UNSPECIFIED.,.F.,.F.,
(2,2),(-0.000800000000000002,0.),.UNSPECIFIED.);
#3037=B_SPLINE_CURVE_WITH_KNOTS('',1,(#7938,#7939),.UNSPECIFIED.,.F.,.F.,
(2,2),(0.,0.0021),.UNSPECIFIED.);
#3038=B_SPLINE_CURVE_WITH_KNOTS('',1,(#7945,#7946),.UNSPECIFIED.,.F.,.F.,
(2,2),(0.,0.0023),.UNSPECIFIED.);
#3039=B_SPLINE_CURVE_WITH_KNOTS('',1,(#7952,#7953),.UNSPECIFIED.,.F.,.F.,
(2,2),(-0.0023,0.),.UNSPECIFIED.);
#3040=B_SPLINE_CURVE_WITH_KNOTS('',1,(#7954,#7955),.UNSPECIFIED.,.F.,.F.,
(2,2),(-0.0125079682677079,0.),.UNSPECIFIED.);
#3041=B_SPLINE_CURVE_WITH_KNOTS('',1,(#7956,#7957),.UNSPECIFIED.,.F.,.F.,
(2,2),(-0.0023,0.),.UNSPECIFIED.);
#3042=B_SPLINE_CURVE_WITH_KNOTS('',1,(#7958,#7959),.UNSPECIFIED.,.F.,.F.,
(2,2),(0.,0.0125079682677079),.UNSPECIFIED.);
#3043=B_SPLINE_CURVE_WITH_KNOTS('',1,(#7960,#7961),.UNSPECIFIED.,.F.,.F.,
(2,2),(0.,0.00335),.UNSPECIFIED.);
#3044=B_SPLINE_CURVE_WITH_KNOTS('',1,(#7962,#7963),.UNSPECIFIED.,.F.,.F.,
(2,2),(-0.0023,0.),.UNSPECIFIED.);
#3045=B_SPLINE_CURVE_WITH_KNOTS('',1,(#7969,#7970),.UNSPECIFIED.,.F.,.F.,
(2,2),(0.,0.0023),.UNSPECIFIED.);
#3046=B_SPLINE_CURVE_WITH_KNOTS('',1,(#7976,#7977),.UNSPECIFIED.,.F.,.F.,
(2,2),(0.,0.003018940483),.UNSPECIFIED.);
#3047=B_SPLINE_CURVE_WITH_KNOTS('',1,(#7978,#7979),.UNSPECIFIED.,.F.,.F.,
(2,2),(-0.0023,0.),.UNSPECIFIED.);
#3048=B_SPLINE_CURVE_WITH_KNOTS('',1,(#7980,#7981),.UNSPECIFIED.,.F.,.F.,
(2,2),(-0.014515938574185,0.),.UNSPECIFIED.);
#3049=B_SPLINE_CURVE_WITH_KNOTS('',1,(#7982,#7983),.UNSPECIFIED.,.F.,.F.,
(2,2),(0.,0.0023),.UNSPECIFIED.);
#3050=B_SPLINE_CURVE_WITH_KNOTS('',1,(#7984,#7985),.UNSPECIFIED.,.F.,.F.,
(2,2),(-0.014515938574185,0.),.UNSPECIFIED.);
#3051=B_SPLINE_CURVE_WITH_KNOTS('',1,(#7991,#7992),.UNSPECIFIED.,.F.,.F.,
(2,2),(0.,0.0023),.UNSPECIFIED.);
#3052=B_SPLINE_CURVE_WITH_KNOTS('',1,(#7998,#7999),.UNSPECIFIED.,.F.,.F.,
(2,2),(-0.014515938574185,0.),.UNSPECIFIED.);
#3053=B_SPLINE_CURVE_WITH_KNOTS('',1,(#8000,#8001),.UNSPECIFIED.,.F.,.F.,
(2,2),(-0.0023,0.),.UNSPECIFIED.);
#3054=B_SPLINE_CURVE_WITH_KNOTS('',1,(#8002,#8003),.UNSPECIFIED.,.F.,.F.,
(2,2),(0.,0.014515938574185),.UNSPECIFIED.);
#3055=B_SPLINE_CURVE_WITH_KNOTS('',1,(#8004,#8005),.UNSPECIFIED.,.F.,.F.,
(2,2),(-0.003018940483,0.),.UNSPECIFIED.);
#3056=B_SPLINE_CURVE_WITH_KNOTS('',1,(#8006,#8007),.UNSPECIFIED.,.F.,.F.,
(2,2),(-0.0023,0.),.UNSPECIFIED.);
#3057=B_SPLINE_CURVE_WITH_KNOTS('',1,(#8018,#8019),.UNSPECIFIED.,.F.,.F.,
(2,2),(0.,0.0023),.UNSPECIFIED.);
#3058=B_SPLINE_CURVE_WITH_KNOTS('',1,(#8020,#8021),.UNSPECIFIED.,.F.,.F.,
(2,2),(-0.00335,0.),.UNSPECIFIED.);
#3059=B_SPLINE_CURVE_WITH_KNOTS('',1,(#8022,#8023),.UNSPECIFIED.,.F.,.F.,
(2,2),(-0.0023,0.),.UNSPECIFIED.);
#3060=B_SPLINE_CURVE_WITH_KNOTS('',1,(#8024,#8025),.UNSPECIFIED.,.F.,.F.,
(2,2),(-0.0125079682677079,0.),.UNSPECIFIED.);
#3061=B_SPLINE_CURVE_WITH_KNOTS('',1,(#8026,#8027),.UNSPECIFIED.,.F.,.F.,
(2,2),(-0.0125079682677079,0.),.UNSPECIFIED.);
#3062=B_SPLINE_CURVE_WITH_KNOTS('',1,(#8057,#8058),.UNSPECIFIED.,.F.,.F.,
(2,2),(0.00247640000000001,0.0152404),.UNSPECIFIED.);
#3063=B_SPLINE_CURVE_WITH_KNOTS('',1,(#8079,#8080),.UNSPECIFIED.,.F.,.F.,
(2,2),(0.00148636796564404,0.00435004762208444),.UNSPECIFIED.);
#3064=B_SPLINE_CURVE_WITH_KNOTS('',1,(#8091,#8092),.UNSPECIFIED.,.F.,.F.,
(2,2),(0.0286378246380552,0.0310211354633573),.UNSPECIFIED.);
#3065=B_SPLINE_CURVE_WITH_KNOTS('',1,(#8103,#8104),.UNSPECIFIED.,.F.,.F.,
(2,2),(0.0563386476431422,0.0572943692318977),.UNSPECIFIED.);
#3066=B_SPLINE_CURVE_WITH_KNOTS('',1,(#8115,#8116),.UNSPECIFIED.,.F.,.F.,
(2,2),(0.0286378246380552,0.0312107818157557),.UNSPECIFIED.);
#3067=B_SPLINE_CURVE_WITH_KNOTS('',1,(#8127,#8128),.UNSPECIFIED.,.F.,.F.,
(2,2),(0.00139488047037252,0.00334368517409772),.UNSPECIFIED.);
#3068=B_SPLINE_CURVE_WITH_KNOTS('',1,(#8139,#8140),.UNSPECIFIED.,.F.,.F.,
(2,2),(0.0286651974034841,0.0312107818157557),.UNSPECIFIED.);
#3069=B_SPLINE_CURVE_WITH_KNOTS('',1,(#8151,#8152),.UNSPECIFIED.,.F.,.F.,
(2,2),(0.00148681002218082,0.00435491024398901),.UNSPECIFIED.);
#3070=B_SPLINE_CURVE_WITH_KNOTS('',1,(#8173,#8174),.UNSPECIFIED.,.F.,.F.,
(2,2),(0.001293,0.002223),.UNSPECIFIED.);
#3071=B_SPLINE_CURVE_WITH_KNOTS('',1,(#8175,#8176),.UNSPECIFIED.,.F.,.F.,
(2,2),(0.0286651974034841,0.0310211354633572),.UNSPECIFIED.);
#3072=B_SPLINE_CURVE_WITH_KNOTS('',1,(#8219,#8220),.UNSPECIFIED.,.F.,.F.,
(2,2),(0.,0.004664),.UNSPECIFIED.);
#3073=B_SPLINE_CURVE_WITH_KNOTS('',1,(#8227,#8228),.UNSPECIFIED.,.F.,.F.,
(2,2),(-0.004664,0.),.UNSPECIFIED.);
#3074=B_SPLINE_CURVE_WITH_KNOTS('',1,(#8245,#8246),.UNSPECIFIED.,.F.,.F.,
(2,2),(0.0023664,0.0140304),.UNSPECIFIED.);
#3075=B_SPLINE_CURVE_WITH_KNOTS('',3,(#8269,#8270,#8271,#8272,#8273),
 .UNSPECIFIED.,.F.,.F.,(4,1,4),(-0.0112038210565,-0.00640645715421544,-0.00160909325193084),
 .UNSPECIFIED.);
#3076=B_SPLINE_CURVE_WITH_KNOTS('',1,(#8274,#8275),.UNSPECIFIED.,.F.,.F.,
(2,2),(-0.0048987901247133,0.),.UNSPECIFIED.);
#3077=B_SPLINE_CURVE_WITH_KNOTS('',1,(#8276,#8277),.UNSPECIFIED.,.F.,.F.,
(2,2),(-0.00899312614093149,0.),.UNSPECIFIED.);
#3078=B_SPLINE_CURVE_WITH_KNOTS('',1,(#8278,#8279),.UNSPECIFIED.,.F.,.F.,
(2,2),(0.,0.0082383605143187),.UNSPECIFIED.);
#3079=B_SPLINE_CURVE_WITH_KNOTS('',1,(#8280,#8281),.UNSPECIFIED.,.F.,.F.,
(2,2),(-0.00899312614093149,0.),.UNSPECIFIED.);
#3080=B_SPLINE_CURVE_WITH_KNOTS('',1,(#8282,#8283),.UNSPECIFIED.,.F.,.F.,
(2,2),(0.,0.0048987901247133),.UNSPECIFIED.);
#3081=B_SPLINE_CURVE_WITH_KNOTS('',3,(#8284,#8285,#8286,#8287,#8288),
 .UNSPECIFIED.,.F.,.F.,(4,1,4),(-0.014142294597733,-0.00928897188189137,
-0.00443564916604976),.UNSPECIFIED.);
#3082=B_SPLINE_CURVE_WITH_KNOTS('',1,(#8289,#8290),.UNSPECIFIED.,.F.,.F.,
(2,2),(-0.0082383605143183,0.),.UNSPECIFIED.);
#3083=B_SPLINE_CURVE_WITH_KNOTS('',3,(#8291,#8292,#8293,#8294,#8295,#8296),
 .UNSPECIFIED.,.F.,.F.,(4,2,4),(-0.00245679888634641,-0.00122889402850846,
0.),.UNSPECIFIED.);
#3084=B_SPLINE_CURVE_WITH_KNOTS('',3,(#8302,#8303,#8304,#8305,#8306,#8307),
 .UNSPECIFIED.,.F.,.F.,(4,2,4),(-0.00245652462098298,-0.00122759082586237,
0.),.UNSPECIFIED.);
#3085=B_SPLINE_CURVE_WITH_KNOTS('',3,(#8313,#8314,#8315,#8316,#8317,#8318,
#8319,#8320),.UNSPECIFIED.,.F.,.F.,(4,2,2,4),(-0.00180949911675789,-0.00180917020732336,
-0.000769115109046188,-7.54807193910566E-17),.UNSPECIFIED.);
#3086=B_SPLINE_CURVE_WITH_KNOTS('',3,(#8326,#8327,#8328,#8329,#8330,#8331),
 .UNSPECIFIED.,.F.,.F.,(4,2,4),(-0.00361899823719382,-0.00284916940376658,
-0.00180949911675789),.UNSPECIFIED.);
#3087=B_SPLINE_CURVE_WITH_KNOTS('',1,(#8332,#8333),.UNSPECIFIED.,.F.,.F.,
(2,2),(0.00247640000000001,0.0152404),.UNSPECIFIED.);
#3088=B_SPLINE_CURVE_WITH_KNOTS('',1,(#8337,#8338),.UNSPECIFIED.,.F.,.F.,
(2,2),(0.00148636796564404,0.00435004762208444),.UNSPECIFIED.);
#3089=B_SPLINE_CURVE_WITH_KNOTS('',1,(#8339,#8340),.UNSPECIFIED.,.F.,.F.,
(2,2),(0.0286378246380552,0.0310211354633572),.UNSPECIFIED.);
#3090=B_SPLINE_CURVE_WITH_KNOTS('',1,(#8341,#8342),.UNSPECIFIED.,.F.,.F.,
(2,2),(0.0563386476431422,0.0572943692318977),.UNSPECIFIED.);
#3091=B_SPLINE_CURVE_WITH_KNOTS('',1,(#8343,#8344),.UNSPECIFIED.,.F.,.F.,
(2,2),(0.0286378246380552,0.0312107818157557),.UNSPECIFIED.);
#3092=B_SPLINE_CURVE_WITH_KNOTS('',1,(#8345,#8346),.UNSPECIFIED.,.F.,.F.,
(2,2),(0.00139488047037252,0.00334368517409772),.UNSPECIFIED.);
#3093=B_SPLINE_CURVE_WITH_KNOTS('',1,(#8347,#8348),.UNSPECIFIED.,.F.,.F.,
(2,2),(0.0286651974034841,0.0312107818157557),.UNSPECIFIED.);
#3094=B_SPLINE_CURVE_WITH_KNOTS('',1,(#8349,#8350),.UNSPECIFIED.,.F.,.F.,
(2,2),(0.00148681002218081,0.00435491024398901),.UNSPECIFIED.);
#3095=B_SPLINE_CURVE_WITH_KNOTS('',1,(#8351,#8352),.UNSPECIFIED.,.F.,.F.,
(2,2),(0.001293,0.002223),.UNSPECIFIED.);
#3096=B_SPLINE_CURVE_WITH_KNOTS('',1,(#8353,#8354),.UNSPECIFIED.,.F.,.F.,
(2,2),(0.0286651974034841,0.0310211354633573),.UNSPECIFIED.);
#3097=B_SPLINE_CURVE_WITH_KNOTS('',1,(#8355,#8356),.UNSPECIFIED.,.F.,.F.,
(2,2),(0.0023664,0.0140304),.UNSPECIFIED.);
#3098=B_SPLINE_CURVE_WITH_KNOTS('',3,(#8363,#8364,#8365,#8366,#8367,#8368),
 .UNSPECIFIED.,.F.,.F.,(4,2,4),(0.00180949911676776,0.00284916940369765,
0.00361899823719382),.UNSPECIFIED.);
#3099=VERTEX_POINT('',#4905);
#3100=VERTEX_POINT('',#4906);
#3101=VERTEX_POINT('',#4907);
#3102=VERTEX_POINT('',#4908);
#3103=VERTEX_POINT('',#4909);
#3104=VERTEX_POINT('',#4910);
#3105=VERTEX_POINT('',#4911);
#3106=VERTEX_POINT('',#4912);
#3107=VERTEX_POINT('',#4913);
#3108=VERTEX_POINT('',#4914);
#3109=VERTEX_POINT('',#4915);
#3110=VERTEX_POINT('',#4916);
#3111=VERTEX_POINT('',#4917);
#3112=VERTEX_POINT('',#4918);
#3113=VERTEX_POINT('',#4919);
#3114=VERTEX_POINT('',#4920);
#3115=VERTEX_POINT('',#4921);
#3116=VERTEX_POINT('',#4922);
#3117=VERTEX_POINT('',#4923);
#3118=VERTEX_POINT('',#4924);
#3119=VERTEX_POINT('',#4925);
#3120=VERTEX_POINT('',#4926);
#3121=VERTEX_POINT('',#4927);
#3122=VERTEX_POINT('',#4928);
#3123=VERTEX_POINT('',#4929);
#3124=VERTEX_POINT('',#4930);
#3125=VERTEX_POINT('',#4931);
#3126=VERTEX_POINT('',#4932);
#3127=VERTEX_POINT('',#4933);
#3128=VERTEX_POINT('',#4934);
#3129=VERTEX_POINT('',#4935);
#3130=VERTEX_POINT('',#4936);
#3131=VERTEX_POINT('',#4937);
#3132=VERTEX_POINT('',#4938);
#3133=VERTEX_POINT('',#4939);
#3134=VERTEX_POINT('',#4940);
#3135=VERTEX_POINT('',#4941);
#3136=VERTEX_POINT('',#4942);
#3137=VERTEX_POINT('',#4943);
#3138=VERTEX_POINT('',#4944);
#3139=VERTEX_POINT('',#4945);
#3140=VERTEX_POINT('',#4946);
#3141=VERTEX_POINT('',#4947);
#3142=VERTEX_POINT('',#4948);
#3143=VERTEX_POINT('',#4949);
#3144=VERTEX_POINT('',#4950);
#3145=VERTEX_POINT('',#4951);
#3146=VERTEX_POINT('',#4952);
#3147=VERTEX_POINT('',#4953);
#3148=VERTEX_POINT('',#4954);
#3149=VERTEX_POINT('',#4955);
#3150=VERTEX_POINT('',#4956);
#3151=VERTEX_POINT('',#4957);
#3152=VERTEX_POINT('',#4958);
#3153=VERTEX_POINT('',#4959);
#3154=VERTEX_POINT('',#4960);
#3155=VERTEX_POINT('',#4961);
#3156=VERTEX_POINT('',#4962);
#3157=VERTEX_POINT('',#4963);
#3158=VERTEX_POINT('',#4964);
#3159=VERTEX_POINT('',#4965);
#3160=VERTEX_POINT('',#4966);
#3161=VERTEX_POINT('',#4967);
#3162=VERTEX_POINT('',#4968);
#3163=VERTEX_POINT('',#4969);
#3164=VERTEX_POINT('',#4970);
#3165=VERTEX_POINT('',#4971);
#3166=VERTEX_POINT('',#4972);
#3167=VERTEX_POINT('',#4973);
#3168=VERTEX_POINT('',#4974);
#3169=VERTEX_POINT('',#4975);
#3170=VERTEX_POINT('',#4976);
#3171=VERTEX_POINT('',#4977);
#3172=VERTEX_POINT('',#4978);
#3173=VERTEX_POINT('',#4979);
#3174=VERTEX_POINT('',#4980);
#3175=VERTEX_POINT('',#4981);
#3176=VERTEX_POINT('',#4982);
#3177=VERTEX_POINT('',#4983);
#3178=VERTEX_POINT('',#4984);
#3179=VERTEX_POINT('',#4985);
#3180=VERTEX_POINT('',#4986);
#3181=VERTEX_POINT('',#4987);
#3182=VERTEX_POINT('',#4988);
#3183=VERTEX_POINT('',#4989);
#3184=VERTEX_POINT('',#4990);
#3185=VERTEX_POINT('',#4991);
#3186=VERTEX_POINT('',#4992);
#3187=VERTEX_POINT('',#4993);
#3188=VERTEX_POINT('',#4994);
#3189=VERTEX_POINT('',#4995);
#3190=VERTEX_POINT('',#4996);
#3191=VERTEX_POINT('',#4997);
#3192=VERTEX_POINT('',#4998);
#3193=VERTEX_POINT('',#4999);
#3194=VERTEX_POINT('',#5000);
#3195=VERTEX_POINT('',#5001);
#3196=VERTEX_POINT('',#5002);
#3197=VERTEX_POINT('',#5003);
#3198=VERTEX_POINT('',#5004);
#3199=VERTEX_POINT('',#5005);
#3200=VERTEX_POINT('',#5006);
#3201=VERTEX_POINT('',#5007);
#3202=VERTEX_POINT('',#5008);
#3203=VERTEX_POINT('',#5009);
#3204=VERTEX_POINT('',#5010);
#3205=VERTEX_POINT('',#5011);
#3206=VERTEX_POINT('',#5012);
#3207=VERTEX_POINT('',#5013);
#3208=VERTEX_POINT('',#5014);
#3209=VERTEX_POINT('',#5015);
#3210=VERTEX_POINT('',#5016);
#3211=VERTEX_POINT('',#5017);
#3212=VERTEX_POINT('',#5018);
#3213=VERTEX_POINT('',#5019);
#3214=VERTEX_POINT('',#5020);
#3215=VERTEX_POINT('',#5021);
#3216=VERTEX_POINT('',#5022);
#3217=VERTEX_POINT('',#5023);
#3218=VERTEX_POINT('',#5024);
#3219=VERTEX_POINT('',#5025);
#3220=VERTEX_POINT('',#5026);
#3221=VERTEX_POINT('',#5027);
#3222=VERTEX_POINT('',#5028);
#3223=VERTEX_POINT('',#5029);
#3224=VERTEX_POINT('',#5030);
#3225=VERTEX_POINT('',#5031);
#3226=VERTEX_POINT('',#5032);
#3227=VERTEX_POINT('',#5033);
#3228=VERTEX_POINT('',#5034);
#3229=VERTEX_POINT('',#5035);
#3230=VERTEX_POINT('',#5036);
#3231=VERTEX_POINT('',#5037);
#3232=VERTEX_POINT('',#5038);
#3233=VERTEX_POINT('',#5039);
#3234=VERTEX_POINT('',#5040);
#3235=VERTEX_POINT('',#5041);
#3236=VERTEX_POINT('',#5042);
#3237=VERTEX_POINT('',#5043);
#3238=VERTEX_POINT('',#5044);
#3239=VERTEX_POINT('',#5045);
#3240=VERTEX_POINT('',#5046);
#3241=VERTEX_POINT('',#5047);
#3242=VERTEX_POINT('',#5048);
#3243=VERTEX_POINT('',#5049);
#3244=VERTEX_POINT('',#5050);
#3245=VERTEX_POINT('',#5051);
#3246=VERTEX_POINT('',#5052);
#3247=VERTEX_POINT('',#5053);
#3248=VERTEX_POINT('',#5054);
#3249=VERTEX_POINT('',#5055);
#3250=VERTEX_POINT('',#5056);
#3251=VERTEX_POINT('',#5057);
#3252=VERTEX_POINT('',#5058);
#3253=VERTEX_POINT('',#5059);
#3254=VERTEX_POINT('',#5060);
#3255=VERTEX_POINT('',#5061);
#3256=VERTEX_POINT('',#5062);
#3257=VERTEX_POINT('',#5063);
#3258=VERTEX_POINT('',#5064);
#3259=VERTEX_POINT('',#5065);
#3260=VERTEX_POINT('',#5066);
#3261=VERTEX_POINT('',#5067);
#3262=VERTEX_POINT('',#5068);
#3263=VERTEX_POINT('',#5069);
#3264=VERTEX_POINT('',#5070);
#3265=VERTEX_POINT('',#5071);
#3266=VERTEX_POINT('',#5072);
#3267=VERTEX_POINT('',#5073);
#3268=VERTEX_POINT('',#5074);
#3269=VERTEX_POINT('',#5075);
#3270=VERTEX_POINT('',#5076);
#3271=VERTEX_POINT('',#5077);
#3272=VERTEX_POINT('',#5078);
#3273=VERTEX_POINT('',#5079);
#3274=VERTEX_POINT('',#5080);
#3275=VERTEX_POINT('',#5081);
#3276=VERTEX_POINT('',#5082);
#3277=VERTEX_POINT('',#5083);
#3278=VERTEX_POINT('',#5084);
#3279=VERTEX_POINT('',#5085);
#3280=VERTEX_POINT('',#5086);
#3281=VERTEX_POINT('',#5087);
#3282=VERTEX_POINT('',#5088);
#3283=VERTEX_POINT('',#5089);
#3284=VERTEX_POINT('',#5090);
#3285=VERTEX_POINT('',#5091);
#3286=VERTEX_POINT('',#5092);
#3287=VERTEX_POINT('',#5093);
#3288=VERTEX_POINT('',#5094);
#3289=VERTEX_POINT('',#5095);
#3290=VERTEX_POINT('',#5096);
#3291=VERTEX_POINT('',#5097);
#3292=VERTEX_POINT('',#5098);
#3293=VERTEX_POINT('',#5099);
#3294=VERTEX_POINT('',#5100);
#3295=VERTEX_POINT('',#7123);
#3296=VERTEX_POINT('',#7124);
#3297=VERTEX_POINT('',#7125);
#3298=VERTEX_POINT('',#7126);
#3299=VERTEX_POINT('',#7127);
#3300=VERTEX_POINT('',#7128);
#3301=VERTEX_POINT('',#7129);
#3302=VERTEX_POINT('',#7130);
#3303=VERTEX_POINT('',#7131);
#3304=VERTEX_POINT('',#7132);
#3305=VERTEX_POINT('',#7133);
#3306=VERTEX_POINT('',#7134);
#3307=VERTEX_POINT('',#7135);
#3308=VERTEX_POINT('',#7136);
#3309=VERTEX_POINT('',#7137);
#3310=VERTEX_POINT('',#7138);
#3311=VERTEX_POINT('',#7139);
#3312=VERTEX_POINT('',#7140);
#3313=VERTEX_POINT('',#7141);
#3314=VERTEX_POINT('',#7142);
#3315=VERTEX_POINT('',#7143);
#3316=VERTEX_POINT('',#7144);
#3317=VERTEX_POINT('',#7145);
#3318=VERTEX_POINT('',#7146);
#3319=VERTEX_POINT('',#7147);
#3320=VERTEX_POINT('',#7148);
#3321=VERTEX_POINT('',#7149);
#3322=VERTEX_POINT('',#7150);
#3323=VERTEX_POINT('',#7151);
#3324=VERTEX_POINT('',#7152);
#3325=VERTEX_POINT('',#7153);
#3326=VERTEX_POINT('',#7154);
#3327=VERTEX_POINT('',#7155);
#3328=VERTEX_POINT('',#7156);
#3329=VERTEX_POINT('',#7157);
#3330=VERTEX_POINT('',#7158);
#3331=VERTEX_POINT('',#7159);
#3332=VERTEX_POINT('',#7160);
#3333=VERTEX_POINT('',#7161);
#3334=VERTEX_POINT('',#7162);
#3335=VERTEX_POINT('',#7163);
#3336=VERTEX_POINT('',#7164);
#3337=VERTEX_POINT('',#7165);
#3338=VERTEX_POINT('',#7166);
#3339=VERTEX_POINT('',#7167);
#3340=VERTEX_POINT('',#7168);
#3341=VERTEX_POINT('',#7169);
#3342=VERTEX_POINT('',#7170);
#3343=VERTEX_POINT('',#7171);
#3344=VERTEX_POINT('',#7172);
#3345=VERTEX_POINT('',#7173);
#3346=VERTEX_POINT('',#7174);
#3347=VERTEX_POINT('',#7175);
#3348=VERTEX_POINT('',#7176);
#3349=VERTEX_POINT('',#7177);
#3350=VERTEX_POINT('',#7178);
#3351=VERTEX_POINT('',#7179);
#3352=VERTEX_POINT('',#7180);
#3353=VERTEX_POINT('',#7181);
#3354=VERTEX_POINT('',#7182);
#3355=VERTEX_POINT('',#7183);
#3356=VERTEX_POINT('',#7184);
#3357=VERTEX_POINT('',#7185);
#3358=VERTEX_POINT('',#7186);
#3359=VERTEX_POINT('',#7187);
#3360=VERTEX_POINT('',#7188);
#3361=VERTEX_POINT('',#7189);
#3362=VERTEX_POINT('',#7190);
#3363=VERTEX_POINT('',#7191);
#3364=VERTEX_POINT('',#7192);
#3365=VERTEX_POINT('',#7193);
#3366=VERTEX_POINT('',#7194);
#3367=VERTEX_POINT('',#7195);
#3368=VERTEX_POINT('',#7196);
#3369=VERTEX_POINT('',#7197);
#3370=VERTEX_POINT('',#7198);
#3371=VERTEX_POINT('',#7199);
#3372=VERTEX_POINT('',#7200);
#3373=VERTEX_POINT('',#7201);
#3374=VERTEX_POINT('',#7202);
#3375=VERTEX_POINT('',#7203);
#3376=VERTEX_POINT('',#7204);
#3377=VERTEX_POINT('',#7205);
#3378=VERTEX_POINT('',#7206);
#3379=VERTEX_POINT('',#7207);
#3380=VERTEX_POINT('',#7208);
#3381=VERTEX_POINT('',#7209);
#3382=VERTEX_POINT('',#7210);
#3383=VERTEX_POINT('',#7211);
#3384=VERTEX_POINT('',#7212);
#3385=VERTEX_POINT('',#7213);
#3386=VERTEX_POINT('',#7214);
#3387=VERTEX_POINT('',#7215);
#3388=VERTEX_POINT('',#7216);
#3389=VERTEX_POINT('',#7217);
#3390=VERTEX_POINT('',#7218);
#3391=VERTEX_POINT('',#7219);
#3392=VERTEX_POINT('',#7220);
#3393=VERTEX_POINT('',#7221);
#3394=VERTEX_POINT('',#7222);
#3395=VERTEX_POINT('',#7223);
#3396=VERTEX_POINT('',#7224);
#3397=VERTEX_POINT('',#7225);
#3398=VERTEX_POINT('',#7226);
#3399=VERTEX_POINT('',#7227);
#3400=VERTEX_POINT('',#7228);
#3401=VERTEX_POINT('',#7229);
#3402=VERTEX_POINT('',#7230);
#3403=VERTEX_POINT('',#7231);
#3404=VERTEX_POINT('',#7232);
#3405=VERTEX_POINT('',#7233);
#3406=VERTEX_POINT('',#7234);
#3407=VERTEX_POINT('',#7235);
#3408=VERTEX_POINT('',#7236);
#3409=VERTEX_POINT('',#7237);
#3410=VERTEX_POINT('',#7238);
#3411=VERTEX_POINT('',#7239);
#3412=VERTEX_POINT('',#7240);
#3413=VERTEX_POINT('',#7241);
#3414=VERTEX_POINT('',#7242);
#3415=VERTEX_POINT('',#7243);
#3416=VERTEX_POINT('',#7244);
#3417=VERTEX_POINT('',#7245);
#3418=VERTEX_POINT('',#7246);
#3419=VERTEX_POINT('',#7247);
#3420=VERTEX_POINT('',#7248);
#3421=VERTEX_POINT('',#7249);
#3422=VERTEX_POINT('',#7250);
#3423=VERTEX_POINT('',#7251);
#3424=VERTEX_POINT('',#7252);
#3425=VERTEX_POINT('',#7253);
#3426=VERTEX_POINT('',#7254);
#3427=VERTEX_POINT('',#7255);
#3428=VERTEX_POINT('',#7256);
#3429=VERTEX_POINT('',#7257);
#3430=VERTEX_POINT('',#7258);
#3431=VERTEX_POINT('',#7259);
#3432=VERTEX_POINT('',#7260);
#3433=VERTEX_POINT('',#7261);
#3434=VERTEX_POINT('',#7262);
#3435=VERTEX_POINT('',#7263);
#3436=VERTEX_POINT('',#7264);
#3437=VERTEX_POINT('',#7265);
#3438=VERTEX_POINT('',#7266);
#3439=VERTEX_POINT('',#7267);
#3440=VERTEX_POINT('',#7268);
#3441=VERTEX_POINT('',#7269);
#3442=VERTEX_POINT('',#7270);
#3443=VERTEX_POINT('',#7271);
#3444=VERTEX_POINT('',#7272);
#3445=VERTEX_POINT('',#7273);
#3446=VERTEX_POINT('',#7274);
#3447=VERTEX_POINT('',#7275);
#3448=VERTEX_POINT('',#7276);
#3449=VERTEX_POINT('',#7277);
#3450=VERTEX_POINT('',#7278);
#3451=VERTEX_POINT('',#7279);
#3452=VERTEX_POINT('',#7280);
#3453=VERTEX_POINT('',#7281);
#3454=VERTEX_POINT('',#7282);
#3455=VERTEX_POINT('',#7283);
#3456=VERTEX_POINT('',#7284);
#3457=VERTEX_POINT('',#7285);
#3458=VERTEX_POINT('',#7286);
#3459=VERTEX_POINT('',#7287);
#3460=VERTEX_POINT('',#7288);
#3461=VERTEX_POINT('',#7289);
#3462=VERTEX_POINT('',#7290);
#3463=VERTEX_POINT('',#7291);
#3464=VERTEX_POINT('',#7292);
#3465=VERTEX_POINT('',#7293);
#3466=VERTEX_POINT('',#7294);
#3467=VERTEX_POINT('',#7295);
#3468=VERTEX_POINT('',#7296);
#3469=VERTEX_POINT('',#7297);
#3470=VERTEX_POINT('',#7298);
#3471=VERTEX_POINT('',#7299);
#3472=VERTEX_POINT('',#7300);
#3473=VERTEX_POINT('',#7301);
#3474=VERTEX_POINT('',#7302);
#3475=VERTEX_POINT('',#7303);
#3476=VERTEX_POINT('',#7304);
#3477=VERTEX_POINT('',#7305);
#3478=VERTEX_POINT('',#7306);
#3479=VERTEX_POINT('',#7307);
#3480=VERTEX_POINT('',#7308);
#3481=VERTEX_POINT('',#7309);
#3482=VERTEX_POINT('',#7310);
#3483=VERTEX_POINT('',#7311);
#3484=VERTEX_POINT('',#7312);
#3485=VERTEX_POINT('',#7313);
#3486=VERTEX_POINT('',#7314);
#3487=VERTEX_POINT('',#7315);
#3488=VERTEX_POINT('',#7316);
#3489=VERTEX_POINT('',#7317);
#3490=VERTEX_POINT('',#7318);
#3491=PLANE('',#3727);
#3492=PLANE('',#3728);
#3493=PLANE('',#3729);
#3494=PLANE('',#3730);
#3495=PLANE('',#3731);
#3496=PLANE('',#3732);
#3497=PLANE('',#3733);
#3498=PLANE('',#3734);
#3499=PLANE('',#3735);
#3500=PLANE('',#3736);
#3501=PLANE('',#3737);
#3502=PLANE('',#3738);
#3503=PLANE('',#3739);
#3504=PLANE('',#3740);
#3505=PLANE('',#3741);
#3506=PLANE('',#3742);
#3507=PLANE('',#3743);
#3508=PLANE('',#3744);
#3509=PLANE('',#3745);
#3510=PLANE('',#3746);
#3511=PLANE('',#3747);
#3512=PLANE('',#3748);
#3513=PLANE('',#3749);
#3514=PLANE('',#3750);
#3515=PLANE('',#3751);
#3516=PLANE('',#3752);
#3517=PLANE('',#3753);
#3518=PLANE('',#3754);
#3519=PLANE('',#3755);
#3520=PLANE('',#3756);
#3521=PLANE('',#3757);
#3522=PLANE('',#3758);
#3523=PLANE('',#3759);
#3524=PLANE('',#3760);
#3525=PLANE('',#3761);
#3526=PLANE('',#3762);
#3527=PLANE('',#3763);
#3528=PLANE('',#3764);
#3529=PLANE('',#3765);
#3530=PLANE('',#3766);
#3531=PLANE('',#3767);
#3532=PLANE('',#3768);
#3533=PLANE('',#3769);
#3534=PLANE('',#3770);
#3535=PLANE('',#3771);
#3536=PLANE('',#3772);
#3537=PLANE('',#3773);
#3538=PLANE('',#3774);
#3539=PLANE('',#3775);
#3540=PLANE('',#3776);
#3541=PLANE('',#3777);
#3542=PLANE('',#3778);
#3543=PLANE('',#3779);
#3544=PLANE('',#3780);
#3545=PLANE('',#3781);
#3546=PLANE('',#3782);
#3547=PLANE('',#3783);
#3548=PLANE('',#3784);
#3549=PLANE('',#3785);
#3550=PLANE('',#3786);
#3551=PLANE('',#3787);
#3552=PLANE('',#3788);
#3553=PLANE('',#3789);
#3554=PLANE('',#3790);
#3555=PLANE('',#3791);
#3556=PLANE('',#3792);
#3557=PLANE('',#3793);
#3558=PLANE('',#3794);
#3559=PLANE('',#3795);
#3560=PLANE('',#3796);
#3561=PLANE('',#3797);
#3562=PLANE('',#3798);
#3563=PLANE('',#3799);
#3564=PLANE('',#3800);
#3565=PLANE('',#3801);
#3566=PLANE('',#3802);
#3567=PLANE('',#3803);
#3568=PLANE('',#3804);
#3569=PLANE('',#3805);
#3570=PLANE('',#3806);
#3571=PLANE('',#3807);
#3572=PLANE('',#3808);
#3573=PLANE('',#3809);
#3574=PLANE('',#3810);
#3575=PLANE('',#3811);
#3576=PLANE('',#3812);
#3577=PLANE('',#3813);
#3578=PLANE('',#3814);
#3579=PLANE('',#3815);
#3580=PLANE('',#3816);
#3581=PLANE('',#3817);
#3582=PLANE('',#3818);
#3583=PLANE('',#3819);
#3584=PLANE('',#3820);
#3585=PLANE('',#3821);
#3586=PLANE('',#3822);
#3587=PLANE('',#3823);
#3588=PLANE('',#3824);
#3589=PLANE('',#3825);
#3590=PLANE('',#3826);
#3591=(
BOUNDED_SURFACE()
B_SPLINE_SURFACE(2,1,((#3933,#3934),(#3935,#3936),(#3937,#3938),(#3939,
#3940),(#3941,#3942),(#3943,#3944),(#3945,#3946),(#3947,#3948),(#3949,#3950)),
 .UNSPECIFIED.,.T.,.F.,.F.)
B_SPLINE_SURFACE_WITH_KNOTS((3,2,2,2,3),(2,2),(0.,0.00219911485751285,0.00439822971502571,
0.00659734457253856,0.00879645943005142),(0.,0.0131474347291848),
 .UNSPECIFIED.)
GEOMETRIC_REPRESENTATION_ITEM()
RATIONAL_B_SPLINE_SURFACE(((1.,1.),(0.707106781186548,0.707106781186548),
(1.,1.),(0.707106781186548,0.707106781186548),(1.,1.),(0.707106781186548,
0.707106781186548),(1.,1.),(0.707106781186548,0.707106781186548),(1.,1.)))
REPRESENTATION_ITEM('')
SURFACE()
);
#3592=(
BOUNDED_SURFACE()
B_SPLINE_SURFACE(2,1,((#3951,#3952),(#3953,#3954),(#3955,#3956),(#3957,
#3958),(#3959,#3960),(#3961,#3962),(#3963,#3964),(#3965,#3966),(#3967,#3968)),
 .UNSPECIFIED.,.T.,.F.,.F.)
B_SPLINE_SURFACE_WITH_KNOTS((3,2,2,2,3),(2,2),(0.,0.00219911485751286,0.00439822971502571,
0.00659734457253857,0.00879645943005142),(0.,0.00827854814965596),
 .UNSPECIFIED.)
GEOMETRIC_REPRESENTATION_ITEM()
RATIONAL_B_SPLINE_SURFACE(((1.,1.),(0.707106781186548,0.707106781186548),
(1.,1.),(0.707106781186548,0.707106781186548),(1.,1.),(0.707106781186548,
0.707106781186548),(1.,1.),(0.707106781186548,0.707106781186548),(1.,1.)))
REPRESENTATION_ITEM('')
SURFACE()
);
#3593=(
BOUNDED_SURFACE()
B_SPLINE_SURFACE(2,1,((#3969,#3970),(#3971,#3972),(#3973,#3974),(#3975,
#3976),(#3977,#3978),(#3979,#3980),(#3981,#3982),(#3983,#3984),(#3985,#3986)),
 .UNSPECIFIED.,.T.,.F.,.F.)
B_SPLINE_SURFACE_WITH_KNOTS((3,2,2,2,3),(2,2),(0.,0.00219911485751285,0.00439822971502571,
0.00659734457253856,0.00879645943005141),(0.,0.00827854814965596),
 .UNSPECIFIED.)
GEOMETRIC_REPRESENTATION_ITEM()
RATIONAL_B_SPLINE_SURFACE(((1.,1.),(0.707106781186548,0.707106781186548),
(1.,1.),(0.707106781186548,0.707106781186548),(1.,1.),(0.707106781186548,
0.707106781186548),(1.,1.),(0.707106781186548,0.707106781186548),(1.,1.)))
REPRESENTATION_ITEM('')
SURFACE()
);
#3594=(
BOUNDED_SURFACE()
B_SPLINE_SURFACE(2,1,((#3990,#3991),(#3992,#3993),(#3994,#3995),(#3996,
#3997),(#3998,#3999),(#4000,#4001),(#4002,#4003),(#4004,#4005),(#4006,#4007)),
 .UNSPECIFIED.,.T.,.F.,.F.)
B_SPLINE_SURFACE_WITH_KNOTS((3,2,2,2,3),(2,2),(0.,0.00219911485751286,0.00439822971502571,
0.00659734457253857,0.00879645943005142),(0.,0.0131474347291848),
 .UNSPECIFIED.)
GEOMETRIC_REPRESENTATION_ITEM()
RATIONAL_B_SPLINE_SURFACE(((1.,1.),(0.707106781186548,0.707106781186548),
(1.,1.),(0.707106781186548,0.707106781186548),(1.,1.),(0.707106781186548,
0.707106781186548),(1.,1.),(0.707106781186548,0.707106781186548),(1.,1.)))
REPRESENTATION_ITEM('')
SURFACE()
);
#3595=(
BOUNDED_SURFACE()
B_SPLINE_SURFACE(2,1,((#4008,#4009),(#4010,#4011),(#4012,#4013),(#4014,
#4015),(#4016,#4017),(#4018,#4019),(#4020,#4021),(#4022,#4023),(#4024,#4025)),
 .UNSPECIFIED.,.T.,.F.,.F.)
B_SPLINE_SURFACE_WITH_KNOTS((3,2,2,2,3),(2,2),(0.,0.00219911485751285,0.00439822971502571,
0.00659734457253856,0.00879645943005142),(0.,0.00827854814965596),
 .UNSPECIFIED.)
GEOMETRIC_REPRESENTATION_ITEM()
RATIONAL_B_SPLINE_SURFACE(((1.,1.),(0.707106781186548,0.707106781186548),
(1.,1.),(0.707106781186548,0.707106781186548),(1.,1.),(0.707106781186548,
0.707106781186548),(1.,1.),(0.707106781186548,0.707106781186548),(1.,1.)))
REPRESENTATION_ITEM('')
SURFACE()
);
#3596=(
BOUNDED_SURFACE()
B_SPLINE_SURFACE(2,1,((#4026,#4027),(#4028,#4029),(#4030,#4031),(#4032,
#4033),(#4034,#4035),(#4036,#4037),(#4038,#4039),(#4040,#4041),(#4042,#4043)),
 .UNSPECIFIED.,.T.,.F.,.F.)
B_SPLINE_SURFACE_WITH_KNOTS((3,2,2,2,3),(2,2),(0.,0.00219911485751286,0.00439822971502571,
0.00659734457253857,0.00879645943005142),(0.,0.00827854814965596),
 .UNSPECIFIED.)
GEOMETRIC_REPRESENTATION_ITEM()
RATIONAL_B_SPLINE_SURFACE(((1.,1.),(0.707106781186548,0.707106781186548),
(1.,1.),(0.707106781186548,0.707106781186548),(1.,1.),(0.707106781186548,
0.707106781186548),(1.,1.),(0.707106781186548,0.707106781186548),(1.,1.)))
REPRESENTATION_ITEM('')
SURFACE()
);
#3597=(
BOUNDED_SURFACE()
B_SPLINE_SURFACE(2,1,((#4047,#4048),(#4049,#4050),(#4051,#4052),(#4053,
#4054),(#4055,#4056),(#4057,#4058),(#4059,#4060),(#4061,#4062),(#4063,#4064)),
 .UNSPECIFIED.,.T.,.F.,.F.)
B_SPLINE_SURFACE_WITH_KNOTS((3,2,2,2,3),(2,2),(0.,0.00219911485751286,0.00439822971502571,
0.00659734457253857,0.00879645943005142),(0.,0.0131474347291847),
 .UNSPECIFIED.)
GEOMETRIC_REPRESENTATION_ITEM()
RATIONAL_B_SPLINE_SURFACE(((1.,1.),(0.707106781186548,0.707106781186548),
(1.,1.),(0.707106781186548,0.707106781186548),(1.,1.),(0.707106781186548,
0.707106781186548),(1.,1.),(0.707106781186548,0.707106781186548),(1.,1.)))
REPRESENTATION_ITEM('')
SURFACE()
);
#3598=(
BOUNDED_SURFACE()
B_SPLINE_SURFACE(2,1,((#4065,#4066),(#4067,#4068),(#4069,#4070),(#4071,
#4072),(#4073,#4074),(#4075,#4076),(#4077,#4078),(#4079,#4080),(#4081,#4082)),
 .UNSPECIFIED.,.T.,.F.,.F.)
B_SPLINE_SURFACE_WITH_KNOTS((3,2,2,2,3),(2,2),(0.,0.00219911485751286,0.00439822971502571,
0.00659734457253857,0.00879645943005142),(0.,0.00827854814965596),
 .UNSPECIFIED.)
GEOMETRIC_REPRESENTATION_ITEM()
RATIONAL_B_SPLINE_SURFACE(((1.,1.),(0.707106781186548,0.707106781186548),
(1.,1.),(0.707106781186548,0.707106781186548),(1.,1.),(0.707106781186548,
0.707106781186548),(1.,1.),(0.707106781186548,0.707106781186548),(1.,1.)))
REPRESENTATION_ITEM('')
SURFACE()
);
#3599=(
BOUNDED_SURFACE()
B_SPLINE_SURFACE(2,1,((#4083,#4084),(#4085,#4086),(#4087,#4088),(#4089,
#4090),(#4091,#4092),(#4093,#4094),(#4095,#4096),(#4097,#4098),(#4099,#4100)),
 .UNSPECIFIED.,.T.,.F.,.F.)
B_SPLINE_SURFACE_WITH_KNOTS((3,2,2,2,3),(2,2),(0.,0.00219911485751286,0.00439822971502571,
0.00659734457253857,0.00879645943005142),(0.,0.00827854814965596),
 .UNSPECIFIED.)
GEOMETRIC_REPRESENTATION_ITEM()
RATIONAL_B_SPLINE_SURFACE(((1.,1.),(0.707106781186548,0.707106781186548),
(1.,1.),(0.707106781186548,0.707106781186548),(1.,1.),(0.707106781186548,
0.707106781186548),(1.,1.),(0.707106781186548,0.707106781186548),(1.,1.)))
REPRESENTATION_ITEM('')
SURFACE()
);
#3600=(
BOUNDED_SURFACE()
B_SPLINE_SURFACE(2,1,((#4104,#4105),(#4106,#4107),(#4108,#4109),(#4110,
#4111),(#4112,#4113),(#4114,#4115),(#4116,#4117),(#4118,#4119),(#4120,#4121)),
 .UNSPECIFIED.,.T.,.F.,.F.)
B_SPLINE_SURFACE_WITH_KNOTS((3,2,2,2,3),(2,2),(0.,0.00219911485751286,0.00439822971502571,
0.00659734457253857,0.00879645943005143),(0.,0.0131474347291847),
 .UNSPECIFIED.)
GEOMETRIC_REPRESENTATION_ITEM()
RATIONAL_B_SPLINE_SURFACE(((1.,1.),(0.707106781186548,0.707106781186548),
(1.,1.),(0.707106781186548,0.707106781186548),(1.,1.),(0.707106781186548,
0.707106781186548),(1.,1.),(0.707106781186548,0.707106781186548),(1.,1.)))
REPRESENTATION_ITEM('')
SURFACE()
);
#3601=(
BOUNDED_SURFACE()
B_SPLINE_SURFACE(2,1,((#4122,#4123),(#4124,#4125),(#4126,#4127),(#4128,
#4129),(#4130,#4131),(#4132,#4133),(#4134,#4135),(#4136,#4137),(#4138,#4139)),
 .UNSPECIFIED.,.T.,.F.,.F.)
B_SPLINE_SURFACE_WITH_KNOTS((3,2,2,2,3),(2,2),(0.,0.00219911485751286,0.00439822971502571,
0.00659734457253857,0.00879645943005142),(0.,0.00827854814965596),
 .UNSPECIFIED.)
GEOMETRIC_REPRESENTATION_ITEM()
RATIONAL_B_SPLINE_SURFACE(((1.,1.),(0.707106781186548,0.707106781186548),
(1.,1.),(0.707106781186548,0.707106781186548),(1.,1.),(0.707106781186548,
0.707106781186548),(1.,1.),(0.707106781186548,0.707106781186548),(1.,1.)))
REPRESENTATION_ITEM('')
SURFACE()
);
#3602=(
BOUNDED_SURFACE()
B_SPLINE_SURFACE(2,1,((#4140,#4141),(#4142,#4143),(#4144,#4145),(#4146,
#4147),(#4148,#4149),(#4150,#4151),(#4152,#4153),(#4154,#4155),(#4156,#4157)),
 .UNSPECIFIED.,.T.,.F.,.F.)
B_SPLINE_SURFACE_WITH_KNOTS((3,2,2,2,3),(2,2),(0.,0.00219911485751286,0.00439822971502571,
0.00659734457253857,0.00879645943005142),(0.,0.00827854814965596),
 .UNSPECIFIED.)
GEOMETRIC_REPRESENTATION_ITEM()
RATIONAL_B_SPLINE_SURFACE(((1.,1.),(0.707106781186548,0.707106781186548),
(1.,1.),(0.707106781186548,0.707106781186548),(1.,1.),(0.707106781186548,
0.707106781186548),(1.,1.),(0.707106781186548,0.707106781186548),(1.,1.)))
REPRESENTATION_ITEM('')
SURFACE()
);
#3603=(
BOUNDED_SURFACE()
B_SPLINE_SURFACE(2,1,((#4161,#4162),(#4163,#4164),(#4165,#4166),(#4167,
#4168),(#4169,#4170),(#4171,#4172),(#4173,#4174),(#4175,#4176),(#4177,#4178)),
 .UNSPECIFIED.,.T.,.F.,.F.)
B_SPLINE_SURFACE_WITH_KNOTS((3,2,2,2,3),(2,2),(0.,0.00219911485751286,0.00439822971502571,
0.00659734457253857,0.00879645943005142),(0.,0.0131474347291848),
 .UNSPECIFIED.)
GEOMETRIC_REPRESENTATION_ITEM()
RATIONAL_B_SPLINE_SURFACE(((1.,1.),(0.707106781186548,0.707106781186548),
(1.,1.),(0.707106781186548,0.707106781186548),(1.,1.),(0.707106781186548,
0.707106781186548),(1.,1.),(0.707106781186548,0.707106781186548),(1.,1.)))
REPRESENTATION_ITEM('')
SURFACE()
);
#3604=(
BOUNDED_SURFACE()
B_SPLINE_SURFACE(2,1,((#4179,#4180),(#4181,#4182),(#4183,#4184),(#4185,
#4186),(#4187,#4188),(#4189,#4190),(#4191,#4192),(#4193,#4194),(#4195,#4196)),
 .UNSPECIFIED.,.T.,.F.,.F.)
B_SPLINE_SURFACE_WITH_KNOTS((3,2,2,2,3),(2,2),(0.,0.00219911485751285,0.00439822971502571,
0.00659734457253856,0.00879645943005141),(0.,0.00827854814965596),
 .UNSPECIFIED.)
GEOMETRIC_REPRESENTATION_ITEM()
RATIONAL_B_SPLINE_SURFACE(((1.,1.),(0.707106781186548,0.707106781186548),
(1.,1.),(0.707106781186548,0.707106781186548),(1.,1.),(0.707106781186548,
0.707106781186548),(1.,1.),(0.707106781186548,0.707106781186548),(1.,1.)))
REPRESENTATION_ITEM('')
SURFACE()
);
#3605=(
BOUNDED_SURFACE()
B_SPLINE_SURFACE(2,1,((#4197,#4198),(#4199,#4200),(#4201,#4202),(#4203,
#4204),(#4205,#4206),(#4207,#4208),(#4209,#4210),(#4211,#4212),(#4213,#4214)),
 .UNSPECIFIED.,.T.,.F.,.F.)
B_SPLINE_SURFACE_WITH_KNOTS((3,2,2,2,3),(2,2),(0.,0.00219911485751285,0.00439822971502571,
0.00659734457253856,0.00879645943005141),(0.,0.00827854814965596),
 .UNSPECIFIED.)
GEOMETRIC_REPRESENTATION_ITEM()
RATIONAL_B_SPLINE_SURFACE(((1.,1.),(0.707106781186548,0.707106781186548),
(1.,1.),(0.707106781186548,0.707106781186548),(1.,1.),(0.707106781186548,
0.707106781186548),(1.,1.),(0.707106781186548,0.707106781186548),(1.,1.)))
REPRESENTATION_ITEM('')
SURFACE()
);
#3606=(
BOUNDED_SURFACE()
B_SPLINE_SURFACE(2,1,((#4218,#4219),(#4220,#4221),(#4222,#4223),(#4224,
#4225),(#4226,#4227),(#4228,#4229),(#4230,#4231),(#4232,#4233),(#4234,#4235)),
 .UNSPECIFIED.,.T.,.F.,.F.)
B_SPLINE_SURFACE_WITH_KNOTS((3,2,2,2,3),(2,2),(0.,0.00219911485751286,0.00439822971502571,
0.00659734457253857,0.00879645943005143),(0.,0.0131474347291848),
 .UNSPECIFIED.)
GEOMETRIC_REPRESENTATION_ITEM()
RATIONAL_B_SPLINE_SURFACE(((1.,1.),(0.707106781186548,0.707106781186548),
(1.,1.),(0.707106781186548,0.707106781186548),(1.,1.),(0.707106781186548,
0.707106781186548),(1.,1.),(0.707106781186548,0.707106781186548),(1.,1.)))
REPRESENTATION_ITEM('')
SURFACE()
);
#3607=(
BOUNDED_SURFACE()
B_SPLINE_SURFACE(2,1,((#4236,#4237),(#4238,#4239),(#4240,#4241),(#4242,
#4243),(#4244,#4245),(#4246,#4247),(#4248,#4249),(#4250,#4251),(#4252,#4253)),
 .UNSPECIFIED.,.T.,.F.,.F.)
B_SPLINE_SURFACE_WITH_KNOTS((3,2,2,2,3),(2,2),(0.,0.00219911485751286,0.00439822971502571,
0.00659734457253857,0.00879645943005142),(0.,0.00827854814965596),
 .UNSPECIFIED.)
GEOMETRIC_REPRESENTATION_ITEM()
RATIONAL_B_SPLINE_SURFACE(((1.,1.),(0.707106781186548,0.707106781186548),
(1.,1.),(0.707106781186548,0.707106781186548),(1.,1.),(0.707106781186548,
0.707106781186548),(1.,1.),(0.707106781186548,0.707106781186548),(1.,1.)))
REPRESENTATION_ITEM('')
SURFACE()
);
#3608=(
BOUNDED_SURFACE()
B_SPLINE_SURFACE(2,1,((#4254,#4255),(#4256,#4257),(#4258,#4259),(#4260,
#4261),(#4262,#4263),(#4264,#4265),(#4266,#4267),(#4268,#4269),(#4270,#4271)),
 .UNSPECIFIED.,.T.,.F.,.F.)
B_SPLINE_SURFACE_WITH_KNOTS((3,2,2,2,3),(2,2),(0.,0.00219911485751286,0.00439822971502571,
0.00659734457253857,0.00879645943005142),(0.,0.00827854814965596),
 .UNSPECIFIED.)
GEOMETRIC_REPRESENTATION_ITEM()
RATIONAL_B_SPLINE_SURFACE(((1.,1.),(0.707106781186548,0.707106781186548),
(1.,1.),(0.707106781186548,0.707106781186548),(1.,1.),(0.707106781186548,
0.707106781186548),(1.,1.),(0.707106781186548,0.707106781186548),(1.,1.)))
REPRESENTATION_ITEM('')
SURFACE()
);
#3609=(
BOUNDED_SURFACE()
B_SPLINE_SURFACE(2,1,((#4275,#4276),(#4277,#4278),(#4279,#4280),(#4281,
#4282),(#4283,#4284),(#4285,#4286),(#4287,#4288),(#4289,#4290),(#4291,#4292)),
 .UNSPECIFIED.,.T.,.F.,.F.)
B_SPLINE_SURFACE_WITH_KNOTS((3,2,2,2,3),(2,2),(0.,0.00219911485751286,0.00439822971502571,
0.00659734457253857,0.00879645943005142),(0.,0.0131474347291847),
 .UNSPECIFIED.)
GEOMETRIC_REPRESENTATION_ITEM()
RATIONAL_B_SPLINE_SURFACE(((1.,1.),(0.707106781186548,0.707106781186548),
(1.,1.),(0.707106781186548,0.707106781186548),(1.,1.),(0.707106781186548,
0.707106781186548),(1.,1.),(0.707106781186548,0.707106781186548),(1.,1.)))
REPRESENTATION_ITEM('')
SURFACE()
);
#3610=(
BOUNDED_SURFACE()
B_SPLINE_SURFACE(2,1,((#4293,#4294),(#4295,#4296),(#4297,#4298),(#4299,
#4300),(#4301,#4302),(#4303,#4304),(#4305,#4306),(#4307,#4308),(#4309,#4310)),
 .UNSPECIFIED.,.T.,.F.,.F.)
B_SPLINE_SURFACE_WITH_KNOTS((3,2,2,2,3),(2,2),(0.,0.00219911485751286,0.00439822971502571,
0.00659734457253857,0.00879645943005142),(0.,0.00827854814965596),
 .UNSPECIFIED.)
GEOMETRIC_REPRESENTATION_ITEM()
RATIONAL_B_SPLINE_SURFACE(((1.,1.),(0.707106781186548,0.707106781186548),
(1.,1.),(0.707106781186548,0.707106781186548),(1.,1.),(0.707106781186548,
0.707106781186548),(1.,1.),(0.707106781186548,0.707106781186548),(1.,1.)))
REPRESENTATION_ITEM('')
SURFACE()
);
#3611=(
BOUNDED_SURFACE()
B_SPLINE_SURFACE(2,1,((#4311,#4312),(#4313,#4314),(#4315,#4316),(#4317,
#4318),(#4319,#4320),(#4321,#4322),(#4323,#4324),(#4325,#4326),(#4327,#4328)),
 .UNSPECIFIED.,.T.,.F.,.F.)
B_SPLINE_SURFACE_WITH_KNOTS((3,2,2,2,3),(2,2),(0.,0.00219911485751286,0.00439822971502571,
0.00659734457253857,0.00879645943005142),(0.,0.00827854814965596),
 .UNSPECIFIED.)
GEOMETRIC_REPRESENTATION_ITEM()
RATIONAL_B_SPLINE_SURFACE(((1.,1.),(0.707106781186548,0.707106781186548),
(1.,1.),(0.707106781186548,0.707106781186548),(1.,1.),(0.707106781186548,
0.707106781186548),(1.,1.),(0.707106781186548,0.707106781186548),(1.,1.)))
REPRESENTATION_ITEM('')
SURFACE()
);
#3612=(
BOUNDED_SURFACE()
B_SPLINE_SURFACE(2,1,((#4332,#4333),(#4334,#4335),(#4336,#4337),(#4338,
#4339),(#4340,#4341),(#4342,#4343),(#4344,#4345),(#4346,#4347),(#4348,#4349)),
 .UNSPECIFIED.,.T.,.F.,.F.)
B_SPLINE_SURFACE_WITH_KNOTS((3,2,2,2,3),(2,2),(0.,0.00219911485751285,0.00439822971502571,
0.00659734457253856,0.00879645943005142),(0.,0.0131474347291848),
 .UNSPECIFIED.)
GEOMETRIC_REPRESENTATION_ITEM()
RATIONAL_B_SPLINE_SURFACE(((1.,1.),(0.707106781186548,0.707106781186548),
(1.,1.),(0.707106781186548,0.707106781186548),(1.,1.),(0.707106781186548,
0.707106781186548),(1.,1.),(0.707106781186548,0.707106781186548),(1.,1.)))
REPRESENTATION_ITEM('')
SURFACE()
);
#3613=(
BOUNDED_SURFACE()
B_SPLINE_SURFACE(2,1,((#4350,#4351),(#4352,#4353),(#4354,#4355),(#4356,
#4357),(#4358,#4359),(#4360,#4361),(#4362,#4363),(#4364,#4365),(#4366,#4367)),
 .UNSPECIFIED.,.T.,.F.,.F.)
B_SPLINE_SURFACE_WITH_KNOTS((3,2,2,2,3),(2,2),(0.,0.00219911485751286,0.00439822971502571,
0.00659734457253857,0.00879645943005142),(0.,0.00827854814965596),
 .UNSPECIFIED.)
GEOMETRIC_REPRESENTATION_ITEM()
RATIONAL_B_SPLINE_SURFACE(((1.,1.),(0.707106781186548,0.707106781186548),
(1.,1.),(0.707106781186548,0.707106781186548),(1.,1.),(0.707106781186548,
0.707106781186548),(1.,1.),(0.707106781186548,0.707106781186548),(1.,1.)))
REPRESENTATION_ITEM('')
SURFACE()
);
#3614=(
BOUNDED_SURFACE()
B_SPLINE_SURFACE(2,1,((#4368,#4369),(#4370,#4371),(#4372,#4373),(#4374,
#4375),(#4376,#4377),(#4378,#4379),(#4380,#4381),(#4382,#4383),(#4384,#4385)),
 .UNSPECIFIED.,.T.,.F.,.F.)
B_SPLINE_SURFACE_WITH_KNOTS((3,2,2,2,3),(2,2),(0.,0.00219911485751286,0.00439822971502571,
0.00659734457253857,0.00879645943005142),(0.,0.00827854814965596),
 .UNSPECIFIED.)
GEOMETRIC_REPRESENTATION_ITEM()
RATIONAL_B_SPLINE_SURFACE(((1.,1.),(0.707106781186548,0.707106781186548),
(1.,1.),(0.707106781186548,0.707106781186548),(1.,1.),(0.707106781186548,
0.707106781186548),(1.,1.),(0.707106781186548,0.707106781186548),(1.,1.)))
REPRESENTATION_ITEM('')
SURFACE()
);
#3615=(
BOUNDED_SURFACE()
B_SPLINE_SURFACE(2,1,((#4389,#4390),(#4391,#4392),(#4393,#4394),(#4395,
#4396),(#4397,#4398),(#4399,#4400),(#4401,#4402),(#4403,#4404),(#4405,#4406)),
 .UNSPECIFIED.,.T.,.F.,.F.)
B_SPLINE_SURFACE_WITH_KNOTS((3,2,2,2,3),(2,2),(0.,0.00219911485751285,0.00439822971502571,
0.00659734457253856,0.00879645943005142),(0.,0.0131474347291847),
 .UNSPECIFIED.)
GEOMETRIC_REPRESENTATION_ITEM()
RATIONAL_B_SPLINE_SURFACE(((1.,1.),(0.707106781186548,0.707106781186548),
(1.,1.),(0.707106781186548,0.707106781186548),(1.,1.),(0.707106781186548,
0.707106781186548),(1.,1.),(0.707106781186548,0.707106781186548),(1.,1.)))
REPRESENTATION_ITEM('')
SURFACE()
);
#3616=(
BOUNDED_SURFACE()
B_SPLINE_SURFACE(2,1,((#4407,#4408),(#4409,#4410),(#4411,#4412),(#4413,
#4414),(#4415,#4416),(#4417,#4418),(#4419,#4420),(#4421,#4422),(#4423,#4424)),
 .UNSPECIFIED.,.T.,.F.,.F.)
B_SPLINE_SURFACE_WITH_KNOTS((3,2,2,2,3),(2,2),(0.,0.00219911485751285,0.00439822971502571,
0.00659734457253856,0.00879645943005141),(0.,0.00827854814965596),
 .UNSPECIFIED.)
GEOMETRIC_REPRESENTATION_ITEM()
RATIONAL_B_SPLINE_SURFACE(((1.,1.),(0.707106781186548,0.707106781186548),
(1.,1.),(0.707106781186548,0.707106781186548),(1.,1.),(0.707106781186548,
0.707106781186548),(1.,1.),(0.707106781186548,0.707106781186548),(1.,1.)))
REPRESENTATION_ITEM('')
SURFACE()
);
#3617=(
BOUNDED_SURFACE()
B_SPLINE_SURFACE(2,1,((#4425,#4426),(#4427,#4428),(#4429,#4430),(#4431,
#4432),(#4433,#4434),(#4435,#4436),(#4437,#4438),(#4439,#4440),(#4441,#4442)),
 .UNSPECIFIED.,.T.,.F.,.F.)
B_SPLINE_SURFACE_WITH_KNOTS((3,2,2,2,3),(2,2),(0.,0.00219911485751286,0.00439822971502571,
0.00659734457253857,0.00879645943005142),(0.,0.00827854814965596),
 .UNSPECIFIED.)
GEOMETRIC_REPRESENTATION_ITEM()
RATIONAL_B_SPLINE_SURFACE(((1.,1.),(0.707106781186548,0.707106781186548),
(1.,1.),(0.707106781186548,0.707106781186548),(1.,1.),(0.707106781186548,
0.707106781186548),(1.,1.),(0.707106781186548,0.707106781186548),(1.,1.)))
REPRESENTATION_ITEM('')
SURFACE()
);
#3618=(
BOUNDED_SURFACE()
B_SPLINE_SURFACE(2,1,((#4455,#4456),(#4457,#4458),(#4459,#4460),(#4461,
#4462),(#4463,#4464),(#4465,#4466),(#4467,#4468),(#4469,#4470),(#4471,#4472)),
 .UNSPECIFIED.,.T.,.F.,.F.)
B_SPLINE_SURFACE_WITH_KNOTS((3,2,2,2,3),(2,2),(0.,0.00322013246992954,0.00644026493985908,
0.00966039740978861,0.0128805298797182),(0.,0.00516),.UNSPECIFIED.)
GEOMETRIC_REPRESENTATION_ITEM()
RATIONAL_B_SPLINE_SURFACE(((1.,1.),(0.707106781186548,0.707106781186548),
(1.,1.),(0.707106781186548,0.707106781186548),(1.,1.),(0.707106781186548,
0.707106781186548),(1.,1.),(0.707106781186548,0.707106781186548),(1.,1.)))
REPRESENTATION_ITEM('')
SURFACE()
);
#3619=(
BOUNDED_SURFACE()
B_SPLINE_SURFACE(2,1,((#4475,#4476),(#4477,#4478),(#4479,#4480),(#4481,
#4482),(#4483,#4484),(#4485,#4486),(#4487,#4488),(#4489,#4490),(#4491,#4492)),
 .UNSPECIFIED.,.T.,.F.,.F.)
B_SPLINE_SURFACE_WITH_KNOTS((3,2,2,2,3),(2,2),(0.,0.00329867228626928,0.00659734457253857,
0.00989601685880785,0.0131946891450771),(0.,0.00516),.UNSPECIFIED.)
GEOMETRIC_REPRESENTATION_ITEM()
RATIONAL_B_SPLINE_SURFACE(((1.,1.),(0.707106781186548,0.707106781186548),
(1.,1.),(0.707106781186548,0.707106781186548),(1.,1.),(0.707106781186548,
0.707106781186548),(1.,1.),(0.707106781186548,0.707106781186548),(1.,1.)))
REPRESENTATION_ITEM('')
SURFACE()
);
#3620=(
BOUNDED_SURFACE()
B_SPLINE_SURFACE(2,1,((#4495,#4496),(#4497,#4498),(#4499,#4500),(#4501,
#4502),(#4503,#4504),(#4505,#4506),(#4507,#4508),(#4509,#4510),(#4511,#4512)),
 .UNSPECIFIED.,.T.,.F.,.F.)
B_SPLINE_SURFACE_WITH_KNOTS((3,2,2,2,3),(2,2),(0.,0.00329867228626928,0.00659734457253856,
0.00989601685880785,0.0131946891450771),(0.,0.00516),.UNSPECIFIED.)
GEOMETRIC_REPRESENTATION_ITEM()
RATIONAL_B_SPLINE_SURFACE(((1.,1.),(0.707106781186548,0.707106781186548),
(1.,1.),(0.707106781186548,0.707106781186548),(1.,1.),(0.707106781186548,
0.707106781186548),(1.,1.),(0.707106781186548,0.707106781186548),(1.,1.)))
REPRESENTATION_ITEM('')
SURFACE()
);
#3621=(
BOUNDED_SURFACE()
B_SPLINE_SURFACE(2,1,((#4515,#4516),(#4517,#4518),(#4519,#4520),(#4521,
#4522),(#4523,#4524),(#4525,#4526),(#4527,#4528),(#4529,#4530),(#4531,#4532)),
 .UNSPECIFIED.,.T.,.F.,.F.)
B_SPLINE_SURFACE_WITH_KNOTS((3,2,2,2,3),(2,2),(0.,0.00329867228626928,0.00659734457253857,
0.00989601685880785,0.0131946891450771),(0.,0.00516),.UNSPECIFIED.)
GEOMETRIC_REPRESENTATION_ITEM()
RATIONAL_B_SPLINE_SURFACE(((1.,1.),(0.707106781186548,0.707106781186548),
(1.,1.),(0.707106781186548,0.707106781186548),(1.,1.),(0.707106781186548,
0.707106781186548),(1.,1.),(0.707106781186548,0.707106781186548),(1.,1.)))
REPRESENTATION_ITEM('')
SURFACE()
);
#3622=(
BOUNDED_SURFACE()
B_SPLINE_SURFACE(2,1,((#4535,#4536),(#4537,#4538),(#4539,#4540),(#4541,
#4542),(#4543,#4544)),.UNSPECIFIED.,.F.,.F.,.F.)
B_SPLINE_SURFACE_WITH_KNOTS((3,2,3),(2,2),(0.,0.00361283155162826,0.00722566310325652),
(0.,0.0177168),.UNSPECIFIED.)
GEOMETRIC_REPRESENTATION_ITEM()
RATIONAL_B_SPLINE_SURFACE(((1.,1.),(0.707106781186548,0.707106781186548),
(1.,1.),(0.707106781186548,0.707106781186548),(1.,1.)))
REPRESENTATION_ITEM('')
SURFACE()
);
#3623=(
BOUNDED_SURFACE()
B_SPLINE_SURFACE(1,2,((#4545,#4546,#4547,#4548,#4549),(#4550,#4551,#4552,
#4553,#4554)),.UNSPECIFIED.,.F.,.F.,.F.)
B_SPLINE_SURFACE_WITH_KNOTS((2,2),(3,2,3),(0.,0.00583641558772847),(0.,
0.0318086256175967,0.0636172512351933),.UNSPECIFIED.)
GEOMETRIC_REPRESENTATION_ITEM()
RATIONAL_B_SPLINE_SURFACE(((1.,0.707106781186548,1.,0.707106781186548,1.),
(1.,0.707106781186548,1.,0.707106781186548,1.)))
REPRESENTATION_ITEM('')
SURFACE()
);
#3624=(
BOUNDED_SURFACE()
B_SPLINE_SURFACE(1,2,((#4555,#4556,#4557,#4558,#4559),(#4560,#4561,#4562,
#4563,#4564)),.UNSPECIFIED.,.F.,.F.,.F.)
B_SPLINE_SURFACE_WITH_KNOTS((2,2),(3,2,3),(0.,0.0358203052845407),(0.,0.0397863557970774,
0.0795727115941549),.UNSPECIFIED.)
GEOMETRIC_REPRESENTATION_ITEM()
RATIONAL_B_SPLINE_SURFACE(((1.,0.707106781186548,1.,0.707106781186548,1.),
(1.,0.707106781186548,1.,0.707106781186548,1.)))
REPRESENTATION_ITEM('')
SURFACE()
);
#3625=(
BOUNDED_SURFACE()
B_SPLINE_SURFACE(1,2,((#4565,#4566,#4567,#4568,#4569),(#4570,#4571,#4572,
#4573,#4574)),.UNSPECIFIED.,.F.,.F.,.F.)
B_SPLINE_SURFACE_WITH_KNOTS((2,2),(3,2,3),(0.,0.0643227749039749),(0.,0.038682576992059,
0.077365153984118),.UNSPECIFIED.)
GEOMETRIC_REPRESENTATION_ITEM()
RATIONAL_B_SPLINE_SURFACE(((1.,0.707106781186548,1.,0.707106781186548,1.),
(1.,0.707106781186548,1.,0.707106781186548,1.)))
REPRESENTATION_ITEM('')
SURFACE()
);
#3626=(
BOUNDED_SURFACE()
B_SPLINE_SURFACE(1,2,((#4575,#4576,#4577,#4578,#4579),(#4580,#4581,#4582,
#4583,#4584)),.UNSPECIFIED.,.F.,.F.,.F.)
B_SPLINE_SURFACE_WITH_KNOTS((2,2),(3,2,3),(0.,0.0360289162721789),(0.,0.0400180643465,
0.080036128693),.UNSPECIFIED.)
GEOMETRIC_REPRESENTATION_ITEM()
RATIONAL_B_SPLINE_SURFACE(((1.,0.707106781186548,1.,0.707106781186548,1.),
(1.,0.707106781186548,1.,0.707106781186548,1.)))
REPRESENTATION_ITEM('')
SURFACE()
);
#3627=(
BOUNDED_SURFACE()
B_SPLINE_SURFACE(1,2,((#4588,#4589,#4590,#4591,#4592),(#4593,#4594,#4595,
#4596,#4597)),.UNSPECIFIED.,.F.,.F.,.F.)
B_SPLINE_SURFACE_WITH_KNOTS((2,2),(3,2,3),(0.,0.00473856564447024),(0.,
0.034666462503951,0.0693329250079021),.UNSPECIFIED.)
GEOMETRIC_REPRESENTATION_ITEM()
RATIONAL_B_SPLINE_SURFACE(((1.,0.707106781186548,1.,0.707106781186548,1.),
(1.,0.707106781186548,1.,0.707106781186548,1.)))
REPRESENTATION_ITEM('')
SURFACE()
);
#3628=(
BOUNDED_SURFACE()
B_SPLINE_SURFACE(1,2,((#4598,#4599,#4600,#4601,#4602),(#4603,#4604,#4605,
#4606,#4607)),.UNSPECIFIED.,.F.,.F.,.F.)
B_SPLINE_SURFACE_WITH_KNOTS((2,2),(3,2,3),(0.,0.036028916272179),(0.,0.0400180643465,
0.080036128693),.UNSPECIFIED.)
GEOMETRIC_REPRESENTATION_ITEM()
RATIONAL_B_SPLINE_SURFACE(((1.,0.707106781186548,1.,0.707106781186548,1.),
(1.,0.707106781186548,1.,0.707106781186548,1.)))
REPRESENTATION_ITEM('')
SURFACE()
);
#3629=(
BOUNDED_SURFACE()
B_SPLINE_SURFACE(1,2,((#4608,#4609,#4610,#4611,#4612),(#4613,#4614,#4615,
#4616,#4617)),.UNSPECIFIED.,.F.,.F.,.F.)
B_SPLINE_SURFACE_WITH_KNOTS((2,2),(3,2,3),(0.,0.00584172026616984),(0.,
0.0318390291157202,0.0636780582314404),.UNSPECIFIED.)
GEOMETRIC_REPRESENTATION_ITEM()
RATIONAL_B_SPLINE_SURFACE(((1.,0.707106781186548,1.,0.707106781186548,1.),
(1.,0.707106781186548,1.,0.707106781186548,1.)))
REPRESENTATION_ITEM('')
SURFACE()
);
#3630=(
BOUNDED_SURFACE()
B_SPLINE_SURFACE(1,2,((#4618,#4619,#4620,#4621,#4622),(#4623,#4624,#4625,
#4626,#4627)),.UNSPECIFIED.,.F.,.F.,.F.)
B_SPLINE_SURFACE_WITH_KNOTS((2,2),(3,2,3),(0.,0.00351600000000001),(0.,
0.0344558183681123,0.0689116367362246),.UNSPECIFIED.)
GEOMETRIC_REPRESENTATION_ITEM()
RATIONAL_B_SPLINE_SURFACE(((1.,0.707106781186548,1.,0.707106781186548,1.),
(1.,0.707106781186548,1.,0.707106781186548,1.)))
REPRESENTATION_ITEM('')
SURFACE()
);
#3631=(
BOUNDED_SURFACE()
B_SPLINE_SURFACE(1,2,((#4628,#4629,#4630,#4631,#4632),(#4633,#4634,#4635,
#4636,#4637)),.UNSPECIFIED.,.F.,.F.,.F.)
B_SPLINE_SURFACE_WITH_KNOTS((2,2),(3,2,3),(0.,0.0358203052845407),(0.,0.0397863557970774,
0.0795727115941549),.UNSPECIFIED.)
GEOMETRIC_REPRESENTATION_ITEM()
RATIONAL_B_SPLINE_SURFACE(((1.,0.707106781186548,1.,0.707106781186548,1.),
(1.,0.707106781186548,1.,0.707106781186548,1.)))
REPRESENTATION_ITEM('')
SURFACE()
);
#3632=(
BOUNDED_SURFACE()
B_SPLINE_SURFACE(2,1,((#4638,#4639),(#4640,#4641),(#4642,#4643),(#4644,
#4645),(#4646,#4647)),.UNSPECIFIED.,.F.,.F.,.F.)
B_SPLINE_SURFACE_WITH_KNOTS((3,2,3),(2,2),(0.,0.029845130209103,0.0596902604182061),
(0.,0.0163968),.UNSPECIFIED.)
GEOMETRIC_REPRESENTATION_ITEM()
RATIONAL_B_SPLINE_SURFACE(((1.,1.),(0.707106781186548,0.707106781186548),
(1.,1.),(0.707106781186548,0.707106781186548),(1.,1.)))
REPRESENTATION_ITEM('')
SURFACE()
);
#3633=(
BOUNDED_SURFACE()
B_SPLINE_SURFACE(2,2,((#4648,#4649,#4650,#4651,#4652,#4653,#4654,#4655,
#4656),(#4657,#4658,#4659,#4660,#4661,#4662,#4663,#4664,#4665),(#4666,#4667,
#4668,#4669,#4670,#4671,#4672,#4673,#4674),(#4675,#4676,#4677,#4678,#4679,
#4680,#4681,#4682,#4683),(#4684,#4685,#4686,#4687,#4688,#4689,#4690,#4691,
#4692)),.UNSPECIFIED.,.F.,.F.,.F.)
B_SPLINE_SURFACE_WITH_KNOTS((3,2,3),(3,2,2,2,3),(0.,0.0345575191894877,
0.0691150383789754),(0.,0.033620459678247,0.0672409193564939,0.100861379034741,
0.134481838712988),.UNSPECIFIED.)
GEOMETRIC_REPRESENTATION_ITEM()
RATIONAL_B_SPLINE_SURFACE(((1.,0.800728554304402,1.,0.800728554304402,1.,
0.800728554304402,1.,0.800728554304402,1.),(0.707106781186548,0.566200590638343,
0.707106781186548,0.566200590638343,0.707106781186548,0.566200590638343,
0.707106781186548,0.566200590638343,0.707106781186548),(1.,0.800728554304402,
1.,0.800728554304402,1.,0.800728554304402,1.,0.800728554304402,1.),(0.707106781186548,
0.566200590638343,0.707106781186548,0.566200590638343,0.707106781186548,
0.566200590638343,0.707106781186548,0.566200590638343,0.707106781186548),
(1.,0.800728554304402,1.,0.800728554304402,1.,0.800728554304402,1.,0.800728554304402,
1.)))
REPRESENTATION_ITEM('')
SURFACE()
);
#3634=(
BOUNDED_SURFACE()
B_SPLINE_SURFACE(2,1,((#4696,#4697),(#4698,#4699),(#4700,#4701),(#4702,
#4703),(#4704,#4705),(#4706,#4707),(#4708,#4709),(#4710,#4711),(#4712,#4713)),
 .UNSPECIFIED.,.T.,.F.,.F.)
B_SPLINE_SURFACE_WITH_KNOTS((3,2,2,2,3),(2,2),(0.,0.00219911485751285,0.00439822971502571,
0.00659734457253856,0.00879645943005141),(0.,0.00827854814965596),
 .UNSPECIFIED.)
GEOMETRIC_REPRESENTATION_ITEM()
RATIONAL_B_SPLINE_SURFACE(((1.,1.),(0.707106781186548,0.707106781186548),
(1.,1.),(0.707106781186548,0.707106781186548),(1.,1.),(0.707106781186548,
0.707106781186548),(1.,1.),(0.707106781186548,0.707106781186548),(1.,1.)))
REPRESENTATION_ITEM('')
SURFACE()
);
#3635=(
BOUNDED_SURFACE()
B_SPLINE_SURFACE(2,1,((#4714,#4715),(#4716,#4717),(#4718,#4719),(#4720,
#4721),(#4722,#4723),(#4724,#4725),(#4726,#4727),(#4728,#4729),(#4730,#4731)),
 .UNSPECIFIED.,.T.,.F.,.F.)
B_SPLINE_SURFACE_WITH_KNOTS((3,2,2,2,3),(2,2),(0.,0.00219911485751285,0.00439822971502571,
0.00659734457253856,0.00879645943005141),(0.,0.00827854814965596),
 .UNSPECIFIED.)
GEOMETRIC_REPRESENTATION_ITEM()
RATIONAL_B_SPLINE_SURFACE(((1.,1.),(0.707106781186548,0.707106781186548),
(1.,1.),(0.707106781186548,0.707106781186548),(1.,1.),(0.707106781186548,
0.707106781186548),(1.,1.),(0.707106781186548,0.707106781186548),(1.,1.)))
REPRESENTATION_ITEM('')
SURFACE()
);
#3636=(
BOUNDED_SURFACE()
B_SPLINE_SURFACE(2,1,((#4732,#4733),(#4734,#4735),(#4736,#4737),(#4738,
#4739),(#4740,#4741),(#4742,#4743),(#4744,#4745),(#4746,#4747),(#4748,#4749)),
 .UNSPECIFIED.,.T.,.F.,.F.)
B_SPLINE_SURFACE_WITH_KNOTS((3,2,2,2,3),(2,2),(0.,0.00219911485751286,0.00439822971502571,
0.00659734457253857,0.00879645943005142),(0.,0.0131474347291848),
 .UNSPECIFIED.)
GEOMETRIC_REPRESENTATION_ITEM()
RATIONAL_B_SPLINE_SURFACE(((1.,1.),(0.707106781186548,0.707106781186548),
(1.,1.),(0.707106781186548,0.707106781186548),(1.,1.),(0.707106781186548,
0.707106781186548),(1.,1.),(0.707106781186548,0.707106781186548),(1.,1.)))
REPRESENTATION_ITEM('')
SURFACE()
);
#3637=(
BOUNDED_SURFACE()
B_SPLINE_SURFACE(2,1,((#4750,#4751),(#4752,#4753),(#4754,#4755),(#4756,
#4757),(#4758,#4759)),.UNSPECIFIED.,.F.,.F.,.F.)
B_SPLINE_SURFACE_WITH_KNOTS((3,2,3),(2,2),(0.00722566310325652,0.0108384946548848,
0.014451326206513),(0.,0.0177168),.UNSPECIFIED.)
GEOMETRIC_REPRESENTATION_ITEM()
RATIONAL_B_SPLINE_SURFACE(((1.,1.),(0.707106781186548,0.707106781186548),
(1.,1.),(0.707106781186548,0.707106781186548),(1.,1.)))
REPRESENTATION_ITEM('')
SURFACE()
);
#3638=(
BOUNDED_SURFACE()
B_SPLINE_SURFACE(1,2,((#4760,#4761,#4762,#4763,#4764),(#4765,#4766,#4767,
#4768,#4769)),.UNSPECIFIED.,.F.,.F.,.F.)
B_SPLINE_SURFACE_WITH_KNOTS((2,2),(3,2,3),(0.,0.00583641558772847),(0.0636172512351933,
0.09542587685279,0.127234502470387),.UNSPECIFIED.)
GEOMETRIC_REPRESENTATION_ITEM()
RATIONAL_B_SPLINE_SURFACE(((1.,0.707106781186548,1.,0.707106781186548,1.),
(1.,0.707106781186548,1.,0.707106781186548,1.)))
REPRESENTATION_ITEM('')
SURFACE()
);
#3639=(
BOUNDED_SURFACE()
B_SPLINE_SURFACE(1,2,((#4770,#4771,#4772,#4773,#4774),(#4775,#4776,#4777,
#4778,#4779)),.UNSPECIFIED.,.F.,.F.,.F.)
B_SPLINE_SURFACE_WITH_KNOTS((2,2),(3,2,3),(0.,0.0358203052845407),(0.0795727115941549,
0.119359067391232,0.15914542318831),.UNSPECIFIED.)
GEOMETRIC_REPRESENTATION_ITEM()
RATIONAL_B_SPLINE_SURFACE(((1.,0.707106781186548,1.,0.707106781186548,1.),
(1.,0.707106781186548,1.,0.707106781186548,1.)))
REPRESENTATION_ITEM('')
SURFACE()
);
#3640=(
BOUNDED_SURFACE()
B_SPLINE_SURFACE(1,2,((#4780,#4781,#4782,#4783,#4784),(#4785,#4786,#4787,
#4788,#4789)),.UNSPECIFIED.,.F.,.F.,.F.)
B_SPLINE_SURFACE_WITH_KNOTS((2,2),(3,2,3),(0.,0.0643227749039749),(0.077365153984118,
0.116047730976177,0.154730307968236),.UNSPECIFIED.)
GEOMETRIC_REPRESENTATION_ITEM()
RATIONAL_B_SPLINE_SURFACE(((1.,0.707106781186548,1.,0.707106781186548,1.),
(1.,0.707106781186548,1.,0.707106781186548,1.)))
REPRESENTATION_ITEM('')
SURFACE()
);
#3641=(
BOUNDED_SURFACE()
B_SPLINE_SURFACE(1,2,((#4790,#4791,#4792,#4793,#4794),(#4795,#4796,#4797,
#4798,#4799)),.UNSPECIFIED.,.F.,.F.,.F.)
B_SPLINE_SURFACE_WITH_KNOTS((2,2),(3,2,3),(0.,0.0360289162721789),(0.080036128693,
0.1200541930395,0.160072257386),.UNSPECIFIED.)
GEOMETRIC_REPRESENTATION_ITEM()
RATIONAL_B_SPLINE_SURFACE(((1.,0.707106781186548,1.,0.707106781186548,1.),
(1.,0.707106781186548,1.,0.707106781186548,1.)))
REPRESENTATION_ITEM('')
SURFACE()
);
#3642=(
BOUNDED_SURFACE()
B_SPLINE_SURFACE(1,2,((#4800,#4801,#4802,#4803,#4804),(#4805,#4806,#4807,
#4808,#4809)),.UNSPECIFIED.,.F.,.F.,.F.)
B_SPLINE_SURFACE_WITH_KNOTS((2,2),(3,2,3),(0.,0.00473856564447024),(0.0693329250079021,
0.103999387511853,0.138665850015804),.UNSPECIFIED.)
GEOMETRIC_REPRESENTATION_ITEM()
RATIONAL_B_SPLINE_SURFACE(((1.,0.707106781186548,1.,0.707106781186548,1.),
(1.,0.707106781186548,1.,0.707106781186548,1.)))
REPRESENTATION_ITEM('')
SURFACE()
);
#3643=(
BOUNDED_SURFACE()
B_SPLINE_SURFACE(1,2,((#4810,#4811,#4812,#4813,#4814),(#4815,#4816,#4817,
#4818,#4819)),.UNSPECIFIED.,.F.,.F.,.F.)
B_SPLINE_SURFACE_WITH_KNOTS((2,2),(3,2,3),(0.,0.036028916272179),(0.080036128693,
0.1200541930395,0.160072257386),.UNSPECIFIED.)
GEOMETRIC_REPRESENTATION_ITEM()
RATIONAL_B_SPLINE_SURFACE(((1.,0.707106781186548,1.,0.707106781186548,1.),
(1.,0.707106781186548,1.,0.707106781186548,1.)))
REPRESENTATION_ITEM('')
SURFACE()
);
#3644=(
BOUNDED_SURFACE()
B_SPLINE_SURFACE(1,2,((#4820,#4821,#4822,#4823,#4824),(#4825,#4826,#4827,
#4828,#4829)),.UNSPECIFIED.,.F.,.F.,.F.)
B_SPLINE_SURFACE_WITH_KNOTS((2,2),(3,2,3),(0.,0.00584172026616984),(0.0636780582314404,
0.0955170873471606,0.127356116462881),.UNSPECIFIED.)
GEOMETRIC_REPRESENTATION_ITEM()
RATIONAL_B_SPLINE_SURFACE(((1.,0.707106781186548,1.,0.707106781186548,1.),
(1.,0.707106781186548,1.,0.707106781186548,1.)))
REPRESENTATION_ITEM('')
SURFACE()
);
#3645=(
BOUNDED_SURFACE()
B_SPLINE_SURFACE(1,2,((#4830,#4831,#4832,#4833,#4834),(#4835,#4836,#4837,
#4838,#4839)),.UNSPECIFIED.,.F.,.F.,.F.)
B_SPLINE_SURFACE_WITH_KNOTS((2,2),(3,2,3),(0.,0.00351600000000001),(0.0689116367362246,
0.103367455104337,0.137823273472449),.UNSPECIFIED.)
GEOMETRIC_REPRESENTATION_ITEM()
RATIONAL_B_SPLINE_SURFACE(((1.,0.707106781186548,1.,0.707106781186548,1.),
(1.,0.707106781186548,1.,0.707106781186548,1.)))
REPRESENTATION_ITEM('')
SURFACE()
);
#3646=(
BOUNDED_SURFACE()
B_SPLINE_SURFACE(1,2,((#4840,#4841,#4842,#4843,#4844),(#4845,#4846,#4847,
#4848,#4849)),.UNSPECIFIED.,.F.,.F.,.F.)
B_SPLINE_SURFACE_WITH_KNOTS((2,2),(3,2,3),(0.,0.0358203052845407),(0.0795727115941549,
0.119359067391232,0.15914542318831),.UNSPECIFIED.)
GEOMETRIC_REPRESENTATION_ITEM()
RATIONAL_B_SPLINE_SURFACE(((1.,0.707106781186548,1.,0.707106781186548,1.),
(1.,0.707106781186548,1.,0.707106781186548,1.)))
REPRESENTATION_ITEM('')
SURFACE()
);
#3647=(
BOUNDED_SURFACE()
B_SPLINE_SURFACE(2,1,((#4850,#4851),(#4852,#4853),(#4854,#4855),(#4856,
#4857),(#4858,#4859)),.UNSPECIFIED.,.F.,.F.,.F.)
B_SPLINE_SURFACE_WITH_KNOTS((3,2,3),(2,2),(0.0596902604182061,0.0895353906273091,
0.119380520836412),(0.,0.0163968),.UNSPECIFIED.)
GEOMETRIC_REPRESENTATION_ITEM()
RATIONAL_B_SPLINE_SURFACE(((1.,1.),(0.707106781186548,0.707106781186548),
(1.,1.),(0.707106781186548,0.707106781186548),(1.,1.)))
REPRESENTATION_ITEM('')
SURFACE()
);
#3648=(
BOUNDED_SURFACE()
B_SPLINE_SURFACE(2,2,((#4860,#4861,#4862,#4863,#4864,#4865,#4866,#4867,
#4868),(#4869,#4870,#4871,#4872,#4873,#4874,#4875,#4876,#4877),(#4878,#4879,
#4880,#4881,#4882,#4883,#4884,#4885,#4886),(#4887,#4888,#4889,#4890,#4891,
#4892,#4893,#4894,#4895),(#4896,#4897,#4898,#4899,#4900,#4901,#4902,#4903,
#4904)),.UNSPECIFIED.,.F.,.F.,.F.)
B_SPLINE_SURFACE_WITH_KNOTS((3,2,3),(3,2,2,2,3),(0.0691150383789754,0.103672557568463,
0.138230076757951),(0.,0.033620459678247,0.0672409193564939,0.100861379034741,
0.134481838712988),.UNSPECIFIED.)
GEOMETRIC_REPRESENTATION_ITEM()
RATIONAL_B_SPLINE_SURFACE(((1.,0.800728554304402,1.,0.800728554304402,1.,
0.800728554304402,1.,0.800728554304402,1.),(0.707106781186548,0.566200590638343,
0.707106781186548,0.566200590638343,0.707106781186548,0.566200590638343,
0.707106781186548,0.566200590638343,0.707106781186548),(1.,0.800728554304402,
1.,0.800728554304402,1.,0.800728554304402,1.,0.800728554304402,1.),(0.707106781186548,
0.566200590638343,0.707106781186548,0.566200590638343,0.707106781186548,
0.566200590638343,0.707106781186548,0.566200590638343,0.707106781186548),
(1.,0.800728554304402,1.,0.800728554304402,1.,0.800728554304402,1.,0.800728554304402,
1.)))
REPRESENTATION_ITEM('')
SURFACE()
);
#3649=(
BOUNDED_SURFACE()
B_SPLINE_SURFACE(1,2,((#6151,#6152,#6153,#6154,#6155,#6156,#6157,#6158,
#6159),(#6160,#6161,#6162,#6163,#6164,#6165,#6166,#6167,#6168)),
 .UNSPECIFIED.,.F.,.F.,.F.)
B_SPLINE_SURFACE_WITH_KNOTS((2,2),(3,2,2,2,3),(0.,0.0131474347291848),(0.,
0.00219911485751285,0.00439822971502571,0.00659734457253856,0.00879645943005142),
 .UNSPECIFIED.)
GEOMETRIC_REPRESENTATION_ITEM()
RATIONAL_B_SPLINE_SURFACE(((1.,0.707106781186548,1.,0.707106781186548,1.,
0.707106781186548,1.,0.707106781186548,1.),(1.,0.707106781186548,1.,0.707106781186548,
1.,0.707106781186548,1.,0.707106781186548,1.)))
REPRESENTATION_ITEM('')
SURFACE()
);
#3650=(
BOUNDED_SURFACE()
B_SPLINE_SURFACE(1,2,((#6169,#6170,#6171,#6172,#6173,#6174,#6175,#6176,
#6177),(#6178,#6179,#6180,#6181,#6182,#6183,#6184,#6185,#6186)),
 .UNSPECIFIED.,.F.,.F.,.F.)
B_SPLINE_SURFACE_WITH_KNOTS((2,2),(3,2,2,2,3),(0.,0.00827854814965596),
(0.,0.00219911485751286,0.00439822971502571,0.00659734457253857,0.00879645943005142),
 .UNSPECIFIED.)
GEOMETRIC_REPRESENTATION_ITEM()
RATIONAL_B_SPLINE_SURFACE(((1.,0.707106781186548,1.,0.707106781186548,1.,
0.707106781186548,1.,0.707106781186548,1.),(1.,0.707106781186548,1.,0.707106781186548,
1.,0.707106781186548,1.,0.707106781186548,1.)))
REPRESENTATION_ITEM('')
SURFACE()
);
#3651=(
BOUNDED_SURFACE()
B_SPLINE_SURFACE(1,2,((#6187,#6188,#6189,#6190,#6191,#6192,#6193,#6194,
#6195),(#6196,#6197,#6198,#6199,#6200,#6201,#6202,#6203,#6204)),
 .UNSPECIFIED.,.F.,.F.,.F.)
B_SPLINE_SURFACE_WITH_KNOTS((2,2),(3,2,2,2,3),(0.,0.00827854814965596),
(0.,0.00219911485751285,0.00439822971502571,0.00659734457253856,0.00879645943005141),
 .UNSPECIFIED.)
GEOMETRIC_REPRESENTATION_ITEM()
RATIONAL_B_SPLINE_SURFACE(((1.,0.707106781186548,1.,0.707106781186548,1.,
0.707106781186548,1.,0.707106781186548,1.),(1.,0.707106781186548,1.,0.707106781186548,
1.,0.707106781186548,1.,0.707106781186548,1.)))
REPRESENTATION_ITEM('')
SURFACE()
);
#3652=(
BOUNDED_SURFACE()
B_SPLINE_SURFACE(1,2,((#6208,#6209,#6210,#6211,#6212,#6213,#6214,#6215,
#6216),(#6217,#6218,#6219,#6220,#6221,#6222,#6223,#6224,#6225)),
 .UNSPECIFIED.,.F.,.F.,.F.)
B_SPLINE_SURFACE_WITH_KNOTS((2,2),(3,2,2,2,3),(0.,0.0131474347291848),(0.,
0.00219911485751286,0.00439822971502571,0.00659734457253857,0.00879645943005142),
 .UNSPECIFIED.)
GEOMETRIC_REPRESENTATION_ITEM()
RATIONAL_B_SPLINE_SURFACE(((1.,0.707106781186548,1.,0.707106781186548,1.,
0.707106781186548,1.,0.707106781186548,1.),(1.,0.707106781186548,1.,0.707106781186548,
1.,0.707106781186548,1.,0.707106781186548,1.)))
REPRESENTATION_ITEM('')
SURFACE()
);
#3653=(
BOUNDED_SURFACE()
B_SPLINE_SURFACE(1,2,((#6226,#6227,#6228,#6229,#6230,#6231,#6232,#6233,
#6234),(#6235,#6236,#6237,#6238,#6239,#6240,#6241,#6242,#6243)),
 .UNSPECIFIED.,.F.,.F.,.F.)
B_SPLINE_SURFACE_WITH_KNOTS((2,2),(3,2,2,2,3),(0.,0.00827854814965596),
(0.,0.00219911485751285,0.00439822971502571,0.00659734457253856,0.00879645943005142),
 .UNSPECIFIED.)
GEOMETRIC_REPRESENTATION_ITEM()
RATIONAL_B_SPLINE_SURFACE(((1.,0.707106781186548,1.,0.707106781186548,1.,
0.707106781186548,1.,0.707106781186548,1.),(1.,0.707106781186548,1.,0.707106781186548,
1.,0.707106781186548,1.,0.707106781186548,1.)))
REPRESENTATION_ITEM('')
SURFACE()
);
#3654=(
BOUNDED_SURFACE()
B_SPLINE_SURFACE(1,2,((#6244,#6245,#6246,#6247,#6248,#6249,#6250,#6251,
#6252),(#6253,#6254,#6255,#6256,#6257,#6258,#6259,#6260,#6261)),
 .UNSPECIFIED.,.F.,.F.,.F.)
B_SPLINE_SURFACE_WITH_KNOTS((2,2),(3,2,2,2,3),(0.,0.00827854814965596),
(0.,0.00219911485751286,0.00439822971502571,0.00659734457253857,0.00879645943005142),
 .UNSPECIFIED.)
GEOMETRIC_REPRESENTATION_ITEM()
RATIONAL_B_SPLINE_SURFACE(((1.,0.707106781186548,1.,0.707106781186548,1.,
0.707106781186548,1.,0.707106781186548,1.),(1.,0.707106781186548,1.,0.707106781186548,
1.,0.707106781186548,1.,0.707106781186548,1.)))
REPRESENTATION_ITEM('')
SURFACE()
);
#3655=(
BOUNDED_SURFACE()
B_SPLINE_SURFACE(1,2,((#6265,#6266,#6267,#6268,#6269,#6270,#6271,#6272,
#6273),(#6274,#6275,#6276,#6277,#6278,#6279,#6280,#6281,#6282)),
 .UNSPECIFIED.,.F.,.F.,.F.)
B_SPLINE_SURFACE_WITH_KNOTS((2,2),(3,2,2,2,3),(0.,0.0131474347291847),(0.,
0.00219911485751286,0.00439822971502571,0.00659734457253857,0.00879645943005142),
 .UNSPECIFIED.)
GEOMETRIC_REPRESENTATION_ITEM()
RATIONAL_B_SPLINE_SURFACE(((1.,0.707106781186548,1.,0.707106781186548,1.,
0.707106781186548,1.,0.707106781186548,1.),(1.,0.707106781186548,1.,0.707106781186548,
1.,0.707106781186548,1.,0.707106781186548,1.)))
REPRESENTATION_ITEM('')
SURFACE()
);
#3656=(
BOUNDED_SURFACE()
B_SPLINE_SURFACE(1,2,((#6283,#6284,#6285,#6286,#6287,#6288,#6289,#6290,
#6291),(#6292,#6293,#6294,#6295,#6296,#6297,#6298,#6299,#6300)),
 .UNSPECIFIED.,.F.,.F.,.F.)
B_SPLINE_SURFACE_WITH_KNOTS((2,2),(3,2,2,2,3),(0.,0.00827854814965596),
(0.,0.00219911485751286,0.00439822971502571,0.00659734457253857,0.00879645943005142),
 .UNSPECIFIED.)
GEOMETRIC_REPRESENTATION_ITEM()
RATIONAL_B_SPLINE_SURFACE(((1.,0.707106781186548,1.,0.707106781186548,1.,
0.707106781186548,1.,0.707106781186548,1.),(1.,0.707106781186548,1.,0.707106781186548,
1.,0.707106781186548,1.,0.707106781186548,1.)))
REPRESENTATION_ITEM('')
SURFACE()
);
#3657=(
BOUNDED_SURFACE()
B_SPLINE_SURFACE(1,2,((#6301,#6302,#6303,#6304,#6305,#6306,#6307,#6308,
#6309),(#6310,#6311,#6312,#6313,#6314,#6315,#6316,#6317,#6318)),
 .UNSPECIFIED.,.F.,.F.,.F.)
B_SPLINE_SURFACE_WITH_KNOTS((2,2),(3,2,2,2,3),(0.,0.00827854814965596),
(0.,0.00219911485751286,0.00439822971502571,0.00659734457253857,0.00879645943005142),
 .UNSPECIFIED.)
GEOMETRIC_REPRESENTATION_ITEM()
RATIONAL_B_SPLINE_SURFACE(((1.,0.707106781186548,1.,0.707106781186548,1.,
0.707106781186548,1.,0.707106781186548,1.),(1.,0.707106781186548,1.,0.707106781186548,
1.,0.707106781186548,1.,0.707106781186548,1.)))
REPRESENTATION_ITEM('')
SURFACE()
);
#3658=(
BOUNDED_SURFACE()
B_SPLINE_SURFACE(1,2,((#6322,#6323,#6324,#6325,#6326,#6327,#6328,#6329,
#6330),(#6331,#6332,#6333,#6334,#6335,#6336,#6337,#6338,#6339)),
 .UNSPECIFIED.,.F.,.F.,.F.)
B_SPLINE_SURFACE_WITH_KNOTS((2,2),(3,2,2,2,3),(0.,0.0131474347291847),(0.,
0.00219911485751286,0.00439822971502571,0.00659734457253857,0.00879645943005143),
 .UNSPECIFIED.)
GEOMETRIC_REPRESENTATION_ITEM()
RATIONAL_B_SPLINE_SURFACE(((1.,0.707106781186548,1.,0.707106781186548,1.,
0.707106781186548,1.,0.707106781186548,1.),(1.,0.707106781186548,1.,0.707106781186548,
1.,0.707106781186548,1.,0.707106781186548,1.)))
REPRESENTATION_ITEM('')
SURFACE()
);
#3659=(
BOUNDED_SURFACE()
B_SPLINE_SURFACE(1,2,((#6340,#6341,#6342,#6343,#6344,#6345,#6346,#6347,
#6348),(#6349,#6350,#6351,#6352,#6353,#6354,#6355,#6356,#6357)),
 .UNSPECIFIED.,.F.,.F.,.F.)
B_SPLINE_SURFACE_WITH_KNOTS((2,2),(3,2,2,2,3),(0.,0.00827854814965596),
(0.,0.00219911485751286,0.00439822971502571,0.00659734457253857,0.00879645943005142),
 .UNSPECIFIED.)
GEOMETRIC_REPRESENTATION_ITEM()
RATIONAL_B_SPLINE_SURFACE(((1.,0.707106781186548,1.,0.707106781186548,1.,
0.707106781186548,1.,0.707106781186548,1.),(1.,0.707106781186548,1.,0.707106781186548,
1.,0.707106781186548,1.,0.707106781186548,1.)))
REPRESENTATION_ITEM('')
SURFACE()
);
#3660=(
BOUNDED_SURFACE()
B_SPLINE_SURFACE(1,2,((#6358,#6359,#6360,#6361,#6362,#6363,#6364,#6365,
#6366),(#6367,#6368,#6369,#6370,#6371,#6372,#6373,#6374,#6375)),
 .UNSPECIFIED.,.F.,.F.,.F.)
B_SPLINE_SURFACE_WITH_KNOTS((2,2),(3,2,2,2,3),(0.,0.00827854814965596),
(0.,0.00219911485751286,0.00439822971502571,0.00659734457253857,0.00879645943005142),
 .UNSPECIFIED.)
GEOMETRIC_REPRESENTATION_ITEM()
RATIONAL_B_SPLINE_SURFACE(((1.,0.707106781186548,1.,0.707106781186548,1.,
0.707106781186548,1.,0.707106781186548,1.),(1.,0.707106781186548,1.,0.707106781186548,
1.,0.707106781186548,1.,0.707106781186548,1.)))
REPRESENTATION_ITEM('')
SURFACE()
);
#3661=(
BOUNDED_SURFACE()
B_SPLINE_SURFACE(1,2,((#6379,#6380,#6381,#6382,#6383,#6384,#6385,#6386,
#6387),(#6388,#6389,#6390,#6391,#6392,#6393,#6394,#6395,#6396)),
 .UNSPECIFIED.,.F.,.F.,.F.)
B_SPLINE_SURFACE_WITH_KNOTS((2,2),(3,2,2,2,3),(0.,0.0131474347291848),(0.,
0.00219911485751286,0.00439822971502571,0.00659734457253857,0.00879645943005142),
 .UNSPECIFIED.)
GEOMETRIC_REPRESENTATION_ITEM()
RATIONAL_B_SPLINE_SURFACE(((1.,0.707106781186548,1.,0.707106781186548,1.,
0.707106781186548,1.,0.707106781186548,1.),(1.,0.707106781186548,1.,0.707106781186548,
1.,0.707106781186548,1.,0.707106781186548,1.)))
REPRESENTATION_ITEM('')
SURFACE()
);
#3662=(
BOUNDED_SURFACE()
B_SPLINE_SURFACE(1,2,((#6397,#6398,#6399,#6400,#6401,#6402,#6403,#6404,
#6405),(#6406,#6407,#6408,#6409,#6410,#6411,#6412,#6413,#6414)),
 .UNSPECIFIED.,.F.,.F.,.F.)
B_SPLINE_SURFACE_WITH_KNOTS((2,2),(3,2,2,2,3),(0.,0.00827854814965596),
(0.,0.00219911485751285,0.00439822971502571,0.00659734457253856,0.00879645943005141),
 .UNSPECIFIED.)
GEOMETRIC_REPRESENTATION_ITEM()
RATIONAL_B_SPLINE_SURFACE(((1.,0.707106781186548,1.,0.707106781186548,1.,
0.707106781186548,1.,0.707106781186548,1.),(1.,0.707106781186548,1.,0.707106781186548,
1.,0.707106781186548,1.,0.707106781186548,1.)))
REPRESENTATION_ITEM('')
SURFACE()
);
#3663=(
BOUNDED_SURFACE()
B_SPLINE_SURFACE(1,2,((#6415,#6416,#6417,#6418,#6419,#6420,#6421,#6422,
#6423),(#6424,#6425,#6426,#6427,#6428,#6429,#6430,#6431,#6432)),
 .UNSPECIFIED.,.F.,.F.,.F.)
B_SPLINE_SURFACE_WITH_KNOTS((2,2),(3,2,2,2,3),(0.,0.00827854814965596),
(0.,0.00219911485751285,0.00439822971502571,0.00659734457253856,0.00879645943005141),
 .UNSPECIFIED.)
GEOMETRIC_REPRESENTATION_ITEM()
RATIONAL_B_SPLINE_SURFACE(((1.,0.707106781186548,1.,0.707106781186548,1.,
0.707106781186548,1.,0.707106781186548,1.),(1.,0.707106781186548,1.,0.707106781186548,
1.,0.707106781186548,1.,0.707106781186548,1.)))
REPRESENTATION_ITEM('')
SURFACE()
);
#3664=(
BOUNDED_SURFACE()
B_SPLINE_SURFACE(1,2,((#6436,#6437,#6438,#6439,#6440,#6441,#6442,#6443,
#6444),(#6445,#6446,#6447,#6448,#6449,#6450,#6451,#6452,#6453)),
 .UNSPECIFIED.,.F.,.F.,.F.)
B_SPLINE_SURFACE_WITH_KNOTS((2,2),(3,2,2,2,3),(0.,0.0131474347291848),(0.,
0.00219911485751286,0.00439822971502571,0.00659734457253857,0.00879645943005143),
 .UNSPECIFIED.)
GEOMETRIC_REPRESENTATION_ITEM()
RATIONAL_B_SPLINE_SURFACE(((1.,0.707106781186548,1.,0.707106781186548,1.,
0.707106781186548,1.,0.707106781186548,1.),(1.,0.707106781186548,1.,0.707106781186548,
1.,0.707106781186548,1.,0.707106781186548,1.)))
REPRESENTATION_ITEM('')
SURFACE()
);
#3665=(
BOUNDED_SURFACE()
B_SPLINE_SURFACE(1,2,((#6454,#6455,#6456,#6457,#6458,#6459,#6460,#6461,
#6462),(#6463,#6464,#6465,#6466,#6467,#6468,#6469,#6470,#6471)),
 .UNSPECIFIED.,.F.,.F.,.F.)
B_SPLINE_SURFACE_WITH_KNOTS((2,2),(3,2,2,2,3),(0.,0.00827854814965596),
(0.,0.00219911485751286,0.00439822971502571,0.00659734457253857,0.00879645943005142),
 .UNSPECIFIED.)
GEOMETRIC_REPRESENTATION_ITEM()
RATIONAL_B_SPLINE_SURFACE(((1.,0.707106781186548,1.,0.707106781186548,1.,
0.707106781186548,1.,0.707106781186548,1.),(1.,0.707106781186548,1.,0.707106781186548,
1.,0.707106781186548,1.,0.707106781186548,1.)))
REPRESENTATION_ITEM('')
SURFACE()
);
#3666=(
BOUNDED_SURFACE()
B_SPLINE_SURFACE(1,2,((#6472,#6473,#6474,#6475,#6476,#6477,#6478,#6479,
#6480),(#6481,#6482,#6483,#6484,#6485,#6486,#6487,#6488,#6489)),
 .UNSPECIFIED.,.F.,.F.,.F.)
B_SPLINE_SURFACE_WITH_KNOTS((2,2),(3,2,2,2,3),(0.,0.00827854814965596),
(0.,0.00219911485751286,0.00439822971502571,0.00659734457253857,0.00879645943005142),
 .UNSPECIFIED.)
GEOMETRIC_REPRESENTATION_ITEM()
RATIONAL_B_SPLINE_SURFACE(((1.,0.707106781186548,1.,0.707106781186548,1.,
0.707106781186548,1.,0.707106781186548,1.),(1.,0.707106781186548,1.,0.707106781186548,
1.,0.707106781186548,1.,0.707106781186548,1.)))
REPRESENTATION_ITEM('')
SURFACE()
);
#3667=(
BOUNDED_SURFACE()
B_SPLINE_SURFACE(1,2,((#6493,#6494,#6495,#6496,#6497,#6498,#6499,#6500,
#6501),(#6502,#6503,#6504,#6505,#6506,#6507,#6508,#6509,#6510)),
 .UNSPECIFIED.,.F.,.F.,.F.)
B_SPLINE_SURFACE_WITH_KNOTS((2,2),(3,2,2,2,3),(0.,0.0131474347291847),(0.,
0.00219911485751286,0.00439822971502571,0.00659734457253857,0.00879645943005142),
 .UNSPECIFIED.)
GEOMETRIC_REPRESENTATION_ITEM()
RATIONAL_B_SPLINE_SURFACE(((1.,0.707106781186548,1.,0.707106781186548,1.,
0.707106781186548,1.,0.707106781186548,1.),(1.,0.707106781186548,1.,0.707106781186548,
1.,0.707106781186548,1.,0.707106781186548,1.)))
REPRESENTATION_ITEM('')
SURFACE()
);
#3668=(
BOUNDED_SURFACE()
B_SPLINE_SURFACE(1,2,((#6511,#6512,#6513,#6514,#6515,#6516,#6517,#6518,
#6519),(#6520,#6521,#6522,#6523,#6524,#6525,#6526,#6527,#6528)),
 .UNSPECIFIED.,.F.,.F.,.F.)
B_SPLINE_SURFACE_WITH_KNOTS((2,2),(3,2,2,2,3),(0.,0.00827854814965596),
(0.,0.00219911485751286,0.00439822971502571,0.00659734457253857,0.00879645943005142),
 .UNSPECIFIED.)
GEOMETRIC_REPRESENTATION_ITEM()
RATIONAL_B_SPLINE_SURFACE(((1.,0.707106781186548,1.,0.707106781186548,1.,
0.707106781186548,1.,0.707106781186548,1.),(1.,0.707106781186548,1.,0.707106781186548,
1.,0.707106781186548,1.,0.707106781186548,1.)))
REPRESENTATION_ITEM('')
SURFACE()
);
#3669=(
BOUNDED_SURFACE()
B_SPLINE_SURFACE(1,2,((#6529,#6530,#6531,#6532,#6533,#6534,#6535,#6536,
#6537),(#6538,#6539,#6540,#6541,#6542,#6543,#6544,#6545,#6546)),
 .UNSPECIFIED.,.F.,.F.,.F.)
B_SPLINE_SURFACE_WITH_KNOTS((2,2),(3,2,2,2,3),(0.,0.00827854814965596),
(0.,0.00219911485751286,0.00439822971502571,0.00659734457253857,0.00879645943005142),
 .UNSPECIFIED.)
GEOMETRIC_REPRESENTATION_ITEM()
RATIONAL_B_SPLINE_SURFACE(((1.,0.707106781186548,1.,0.707106781186548,1.,
0.707106781186548,1.,0.707106781186548,1.),(1.,0.707106781186548,1.,0.707106781186548,
1.,0.707106781186548,1.,0.707106781186548,1.)))
REPRESENTATION_ITEM('')
SURFACE()
);
#3670=(
BOUNDED_SURFACE()
B_SPLINE_SURFACE(1,2,((#6550,#6551,#6552,#6553,#6554,#6555,#6556,#6557,
#6558),(#6559,#6560,#6561,#6562,#6563,#6564,#6565,#6566,#6567)),
 .UNSPECIFIED.,.F.,.F.,.F.)
B_SPLINE_SURFACE_WITH_KNOTS((2,2),(3,2,2,2,3),(0.,0.0131474347291848),(0.,
0.00219911485751285,0.00439822971502571,0.00659734457253856,0.00879645943005142),
 .UNSPECIFIED.)
GEOMETRIC_REPRESENTATION_ITEM()
RATIONAL_B_SPLINE_SURFACE(((1.,0.707106781186548,1.,0.707106781186548,1.,
0.707106781186548,1.,0.707106781186548,1.),(1.,0.707106781186548,1.,0.707106781186548,
1.,0.707106781186548,1.,0.707106781186548,1.)))
REPRESENTATION_ITEM('')
SURFACE()
);
#3671=(
BOUNDED_SURFACE()
B_SPLINE_SURFACE(1,2,((#6568,#6569,#6570,#6571,#6572,#6573,#6574,#6575,
#6576),(#6577,#6578,#6579,#6580,#6581,#6582,#6583,#6584,#6585)),
 .UNSPECIFIED.,.F.,.F.,.F.)
B_SPLINE_SURFACE_WITH_KNOTS((2,2),(3,2,2,2,3),(0.,0.00827854814965596),
(0.,0.00219911485751286,0.00439822971502571,0.00659734457253857,0.00879645943005142),
 .UNSPECIFIED.)
GEOMETRIC_REPRESENTATION_ITEM()
RATIONAL_B_SPLINE_SURFACE(((1.,0.707106781186548,1.,0.707106781186548,1.,
0.707106781186548,1.,0.707106781186548,1.),(1.,0.707106781186548,1.,0.707106781186548,
1.,0.707106781186548,1.,0.707106781186548,1.)))
REPRESENTATION_ITEM('')
SURFACE()
);
#3672=(
BOUNDED_SURFACE()
B_SPLINE_SURFACE(1,2,((#6586,#6587,#6588,#6589,#6590,#6591,#6592,#6593,
#6594),(#6595,#6596,#6597,#6598,#6599,#6600,#6601,#6602,#6603)),
 .UNSPECIFIED.,.F.,.F.,.F.)
B_SPLINE_SURFACE_WITH_KNOTS((2,2),(3,2,2,2,3),(0.,0.00827854814965596),
(0.,0.00219911485751286,0.00439822971502571,0.00659734457253857,0.00879645943005142),
 .UNSPECIFIED.)
GEOMETRIC_REPRESENTATION_ITEM()
RATIONAL_B_SPLINE_SURFACE(((1.,0.707106781186548,1.,0.707106781186548,1.,
0.707106781186548,1.,0.707106781186548,1.),(1.,0.707106781186548,1.,0.707106781186548,
1.,0.707106781186548,1.,0.707106781186548,1.)))
REPRESENTATION_ITEM('')
SURFACE()
);
#3673=(
BOUNDED_SURFACE()
B_SPLINE_SURFACE(1,2,((#6607,#6608,#6609,#6610,#6611,#6612,#6613,#6614,
#6615),(#6616,#6617,#6618,#6619,#6620,#6621,#6622,#6623,#6624)),
 .UNSPECIFIED.,.F.,.F.,.F.)
B_SPLINE_SURFACE_WITH_KNOTS((2,2),(3,2,2,2,3),(0.,0.0131474347291847),(0.,
0.00219911485751285,0.00439822971502571,0.00659734457253856,0.00879645943005142),
 .UNSPECIFIED.)
GEOMETRIC_REPRESENTATION_ITEM()
RATIONAL_B_SPLINE_SURFACE(((1.,0.707106781186548,1.,0.707106781186548,1.,
0.707106781186548,1.,0.707106781186548,1.),(1.,0.707106781186548,1.,0.707106781186548,
1.,0.707106781186548,1.,0.707106781186548,1.)))
REPRESENTATION_ITEM('')
SURFACE()
);
#3674=(
BOUNDED_SURFACE()
B_SPLINE_SURFACE(1,2,((#6625,#6626,#6627,#6628,#6629,#6630,#6631,#6632,
#6633),(#6634,#6635,#6636,#6637,#6638,#6639,#6640,#6641,#6642)),
 .UNSPECIFIED.,.F.,.F.,.F.)
B_SPLINE_SURFACE_WITH_KNOTS((2,2),(3,2,2,2,3),(0.,0.00827854814965596),
(0.,0.00219911485751285,0.00439822971502571,0.00659734457253856,0.00879645943005141),
 .UNSPECIFIED.)
GEOMETRIC_REPRESENTATION_ITEM()
RATIONAL_B_SPLINE_SURFACE(((1.,0.707106781186548,1.,0.707106781186548,1.,
0.707106781186548,1.,0.707106781186548,1.),(1.,0.707106781186548,1.,0.707106781186548,
1.,0.707106781186548,1.,0.707106781186548,1.)))
REPRESENTATION_ITEM('')
SURFACE()
);
#3675=(
BOUNDED_SURFACE()
B_SPLINE_SURFACE(1,2,((#6643,#6644,#6645,#6646,#6647,#6648,#6649,#6650,
#6651),(#6652,#6653,#6654,#6655,#6656,#6657,#6658,#6659,#6660)),
 .UNSPECIFIED.,.F.,.F.,.F.)
B_SPLINE_SURFACE_WITH_KNOTS((2,2),(3,2,2,2,3),(0.,0.00827854814965596),
(0.,0.00219911485751286,0.00439822971502571,0.00659734457253857,0.00879645943005142),
 .UNSPECIFIED.)
GEOMETRIC_REPRESENTATION_ITEM()
RATIONAL_B_SPLINE_SURFACE(((1.,0.707106781186548,1.,0.707106781186548,1.,
0.707106781186548,1.,0.707106781186548,1.),(1.,0.707106781186548,1.,0.707106781186548,
1.,0.707106781186548,1.,0.707106781186548,1.)))
REPRESENTATION_ITEM('')
SURFACE()
);
#3676=(
BOUNDED_SURFACE()
B_SPLINE_SURFACE(1,2,((#6673,#6674,#6675,#6676,#6677,#6678,#6679,#6680,
#6681),(#6682,#6683,#6684,#6685,#6686,#6687,#6688,#6689,#6690)),
 .UNSPECIFIED.,.F.,.F.,.F.)
B_SPLINE_SURFACE_WITH_KNOTS((2,2),(3,2,2,2,3),(0.,0.00516),(0.,0.00322013246992954,
0.00644026493985908,0.00966039740978861,0.0128805298797182),
 .UNSPECIFIED.)
GEOMETRIC_REPRESENTATION_ITEM()
RATIONAL_B_SPLINE_SURFACE(((1.,0.707106781186548,1.,0.707106781186548,1.,
0.707106781186548,1.,0.707106781186548,1.),(1.,0.707106781186548,1.,0.707106781186548,
1.,0.707106781186548,1.,0.707106781186548,1.)))
REPRESENTATION_ITEM('')
SURFACE()
);
#3677=(
BOUNDED_SURFACE()
B_SPLINE_SURFACE(1,2,((#6693,#6694,#6695,#6696,#6697,#6698,#6699,#6700,
#6701),(#6702,#6703,#6704,#6705,#6706,#6707,#6708,#6709,#6710)),
 .UNSPECIFIED.,.F.,.F.,.F.)
B_SPLINE_SURFACE_WITH_KNOTS((2,2),(3,2,2,2,3),(0.,0.00516),(0.,0.00329867228626928,
0.00659734457253857,0.00989601685880785,0.0131946891450771),
 .UNSPECIFIED.)
GEOMETRIC_REPRESENTATION_ITEM()
RATIONAL_B_SPLINE_SURFACE(((1.,0.707106781186548,1.,0.707106781186548,1.,
0.707106781186548,1.,0.707106781186548,1.),(1.,0.707106781186548,1.,0.707106781186548,
1.,0.707106781186548,1.,0.707106781186548,1.)))
REPRESENTATION_ITEM('')
SURFACE()
);
#3678=(
BOUNDED_SURFACE()
B_SPLINE_SURFACE(1,2,((#6713,#6714,#6715,#6716,#6717,#6718,#6719,#6720,
#6721),(#6722,#6723,#6724,#6725,#6726,#6727,#6728,#6729,#6730)),
 .UNSPECIFIED.,.F.,.F.,.F.)
B_SPLINE_SURFACE_WITH_KNOTS((2,2),(3,2,2,2,3),(0.,0.00516),(0.,0.00329867228626928,
0.00659734457253856,0.00989601685880785,0.0131946891450771),
 .UNSPECIFIED.)
GEOMETRIC_REPRESENTATION_ITEM()
RATIONAL_B_SPLINE_SURFACE(((1.,0.707106781186548,1.,0.707106781186548,1.,
0.707106781186548,1.,0.707106781186548,1.),(1.,0.707106781186548,1.,0.707106781186548,
1.,0.707106781186548,1.,0.707106781186548,1.)))
REPRESENTATION_ITEM('')
SURFACE()
);
#3679=(
BOUNDED_SURFACE()
B_SPLINE_SURFACE(1,2,((#6733,#6734,#6735,#6736,#6737,#6738,#6739,#6740,
#6741),(#6742,#6743,#6744,#6745,#6746,#6747,#6748,#6749,#6750)),
 .UNSPECIFIED.,.F.,.F.,.F.)
B_SPLINE_SURFACE_WITH_KNOTS((2,2),(3,2,2,2,3),(0.,0.00516),(0.,0.00329867228626928,
0.00659734457253857,0.00989601685880785,0.0131946891450771),
 .UNSPECIFIED.)
GEOMETRIC_REPRESENTATION_ITEM()
RATIONAL_B_SPLINE_SURFACE(((1.,0.707106781186548,1.,0.707106781186548,1.,
0.707106781186548,1.,0.707106781186548,1.),(1.,0.707106781186548,1.,0.707106781186548,
1.,0.707106781186548,1.,0.707106781186548,1.)))
REPRESENTATION_ITEM('')
SURFACE()
);
#3680=(
BOUNDED_SURFACE()
B_SPLINE_SURFACE(1,2,((#6753,#6754,#6755,#6756,#6757),(#6758,#6759,#6760,
#6761,#6762)),.UNSPECIFIED.,.F.,.F.,.F.)
B_SPLINE_SURFACE_WITH_KNOTS((2,2),(3,2,3),(0.,0.0177168),(0.,0.00361283155162826,
0.00722566310325652),.UNSPECIFIED.)
GEOMETRIC_REPRESENTATION_ITEM()
RATIONAL_B_SPLINE_SURFACE(((1.,0.707106781186548,1.,0.707106781186548,1.),
(1.,0.707106781186548,1.,0.707106781186548,1.)))
REPRESENTATION_ITEM('')
SURFACE()
);
#3681=(
BOUNDED_SURFACE()
B_SPLINE_SURFACE(2,1,((#6763,#6764),(#6765,#6766),(#6767,#6768),(#6769,
#6770),(#6771,#6772)),.UNSPECIFIED.,.F.,.F.,.F.)
B_SPLINE_SURFACE_WITH_KNOTS((3,2,3),(2,2),(0.,0.0318086256175967,0.0636172512351933),
(0.,0.00583641558772847),.UNSPECIFIED.)
GEOMETRIC_REPRESENTATION_ITEM()
RATIONAL_B_SPLINE_SURFACE(((1.,1.),(0.707106781186548,0.707106781186548),
(1.,1.),(0.707106781186548,0.707106781186548),(1.,1.)))
REPRESENTATION_ITEM('')
SURFACE()
);
#3682=(
BOUNDED_SURFACE()
B_SPLINE_SURFACE(2,1,((#6773,#6774),(#6775,#6776),(#6777,#6778),(#6779,
#6780),(#6781,#6782)),.UNSPECIFIED.,.F.,.F.,.F.)
B_SPLINE_SURFACE_WITH_KNOTS((3,2,3),(2,2),(0.,0.0397863557970774,0.0795727115941549),
(0.,0.0358203052845407),.UNSPECIFIED.)
GEOMETRIC_REPRESENTATION_ITEM()
RATIONAL_B_SPLINE_SURFACE(((1.,1.),(0.707106781186548,0.707106781186548),
(1.,1.),(0.707106781186548,0.707106781186548),(1.,1.)))
REPRESENTATION_ITEM('')
SURFACE()
);
#3683=(
BOUNDED_SURFACE()
B_SPLINE_SURFACE(2,1,((#6783,#6784),(#6785,#6786),(#6787,#6788),(#6789,
#6790),(#6791,#6792)),.UNSPECIFIED.,.F.,.F.,.F.)
B_SPLINE_SURFACE_WITH_KNOTS((3,2,3),(2,2),(0.,0.038682576992059,0.077365153984118),
(0.,0.0643227749039749),.UNSPECIFIED.)
GEOMETRIC_REPRESENTATION_ITEM()
RATIONAL_B_SPLINE_SURFACE(((1.,1.),(0.707106781186548,0.707106781186548),
(1.,1.),(0.707106781186548,0.707106781186548),(1.,1.)))
REPRESENTATION_ITEM('')
SURFACE()
);
#3684=(
BOUNDED_SURFACE()
B_SPLINE_SURFACE(2,1,((#6793,#6794),(#6795,#6796),(#6797,#6798),(#6799,
#6800),(#6801,#6802)),.UNSPECIFIED.,.F.,.F.,.F.)
B_SPLINE_SURFACE_WITH_KNOTS((3,2,3),(2,2),(0.,0.0400180643465,0.080036128693),
(0.,0.0360289162721789),.UNSPECIFIED.)
GEOMETRIC_REPRESENTATION_ITEM()
RATIONAL_B_SPLINE_SURFACE(((1.,1.),(0.707106781186548,0.707106781186548),
(1.,1.),(0.707106781186548,0.707106781186548),(1.,1.)))
REPRESENTATION_ITEM('')
SURFACE()
);
#3685=(
BOUNDED_SURFACE()
B_SPLINE_SURFACE(2,1,((#6806,#6807),(#6808,#6809),(#6810,#6811),(#6812,
#6813),(#6814,#6815)),.UNSPECIFIED.,.F.,.F.,.F.)
B_SPLINE_SURFACE_WITH_KNOTS((3,2,3),(2,2),(0.,0.034666462503951,0.0693329250079021),
(0.,0.00473856564447024),.UNSPECIFIED.)
GEOMETRIC_REPRESENTATION_ITEM()
RATIONAL_B_SPLINE_SURFACE(((1.,1.),(0.707106781186548,0.707106781186548),
(1.,1.),(0.707106781186548,0.707106781186548),(1.,1.)))
REPRESENTATION_ITEM('')
SURFACE()
);
#3686=(
BOUNDED_SURFACE()
B_SPLINE_SURFACE(2,1,((#6816,#6817),(#6818,#6819),(#6820,#6821),(#6822,
#6823),(#6824,#6825)),.UNSPECIFIED.,.F.,.F.,.F.)
B_SPLINE_SURFACE_WITH_KNOTS((3,2,3),(2,2),(0.,0.0400180643465,0.080036128693),
(0.,0.036028916272179),.UNSPECIFIED.)
GEOMETRIC_REPRESENTATION_ITEM()
RATIONAL_B_SPLINE_SURFACE(((1.,1.),(0.707106781186548,0.707106781186548),
(1.,1.),(0.707106781186548,0.707106781186548),(1.,1.)))
REPRESENTATION_ITEM('')
SURFACE()
);
#3687=(
BOUNDED_SURFACE()
B_SPLINE_SURFACE(2,1,((#6826,#6827),(#6828,#6829),(#6830,#6831),(#6832,
#6833),(#6834,#6835)),.UNSPECIFIED.,.F.,.F.,.F.)
B_SPLINE_SURFACE_WITH_KNOTS((3,2,3),(2,2),(0.,0.0318390291157202,0.0636780582314404),
(0.,0.00584172026616984),.UNSPECIFIED.)
GEOMETRIC_REPRESENTATION_ITEM()
RATIONAL_B_SPLINE_SURFACE(((1.,1.),(0.707106781186548,0.707106781186548),
(1.,1.),(0.707106781186548,0.707106781186548),(1.,1.)))
REPRESENTATION_ITEM('')
SURFACE()
);
#3688=(
BOUNDED_SURFACE()
B_SPLINE_SURFACE(2,1,((#6836,#6837),(#6838,#6839),(#6840,#6841),(#6842,
#6843),(#6844,#6845)),.UNSPECIFIED.,.F.,.F.,.F.)
B_SPLINE_SURFACE_WITH_KNOTS((3,2,3),(2,2),(0.,0.0344558183681123,0.0689116367362246),
(0.,0.00351600000000001),.UNSPECIFIED.)
GEOMETRIC_REPRESENTATION_ITEM()
RATIONAL_B_SPLINE_SURFACE(((1.,1.),(0.707106781186548,0.707106781186548),
(1.,1.),(0.707106781186548,0.707106781186548),(1.,1.)))
REPRESENTATION_ITEM('')
SURFACE()
);
#3689=(
BOUNDED_SURFACE()
B_SPLINE_SURFACE(2,1,((#6846,#6847),(#6848,#6849),(#6850,#6851),(#6852,
#6853),(#6854,#6855)),.UNSPECIFIED.,.F.,.F.,.F.)
B_SPLINE_SURFACE_WITH_KNOTS((3,2,3),(2,2),(0.,0.0397863557970774,0.0795727115941549),
(0.,0.0358203052845407),.UNSPECIFIED.)
GEOMETRIC_REPRESENTATION_ITEM()
RATIONAL_B_SPLINE_SURFACE(((1.,1.),(0.707106781186548,0.707106781186548),
(1.,1.),(0.707106781186548,0.707106781186548),(1.,1.)))
REPRESENTATION_ITEM('')
SURFACE()
);
#3690=(
BOUNDED_SURFACE()
B_SPLINE_SURFACE(1,2,((#6856,#6857,#6858,#6859,#6860),(#6861,#6862,#6863,
#6864,#6865)),.UNSPECIFIED.,.F.,.F.,.F.)
B_SPLINE_SURFACE_WITH_KNOTS((2,2),(3,2,3),(0.,0.0163968),(0.,0.029845130209103,
0.0596902604182061),.UNSPECIFIED.)
GEOMETRIC_REPRESENTATION_ITEM()
RATIONAL_B_SPLINE_SURFACE(((1.,0.707106781186548,1.,0.707106781186548,1.),
(1.,0.707106781186548,1.,0.707106781186548,1.)))
REPRESENTATION_ITEM('')
SURFACE()
);
#3691=(
BOUNDED_SURFACE()
B_SPLINE_SURFACE(2,2,((#6866,#6867,#6868,#6869,#6870),(#6871,#6872,#6873,
#6874,#6875),(#6876,#6877,#6878,#6879,#6880),(#6881,#6882,#6883,#6884,#6885),
(#6886,#6887,#6888,#6889,#6890),(#6891,#6892,#6893,#6894,#6895),(#6896,
#6897,#6898,#6899,#6900),(#6901,#6902,#6903,#6904,#6905),(#6906,#6907,#6908,
#6909,#6910)),.UNSPECIFIED.,.F.,.F.,.F.)
B_SPLINE_SURFACE_WITH_KNOTS((3,2,2,2,3),(3,2,3),(0.,0.033620459678247,0.0672409193564939,
0.100861379034741,0.134481838712988),(0.,0.0345575191894877,0.0691150383789754),
 .UNSPECIFIED.)
GEOMETRIC_REPRESENTATION_ITEM()
RATIONAL_B_SPLINE_SURFACE(((1.,0.707106781186548,1.,0.707106781186548,1.),
(0.800728554304402,0.566200590638343,0.800728554304402,0.566200590638343,
0.800728554304402),(1.,0.707106781186548,1.,0.707106781186548,1.),(0.800728554304402,
0.566200590638343,0.800728554304402,0.566200590638343,0.800728554304402),
(1.,0.707106781186548,1.,0.707106781186548,1.),(0.800728554304402,0.566200590638343,
0.800728554304402,0.566200590638343,0.800728554304402),(1.,0.707106781186548,
1.,0.707106781186548,1.),(0.800728554304402,0.566200590638343,0.800728554304402,
0.566200590638343,0.800728554304402),(1.,0.707106781186548,1.,0.707106781186548,
1.)))
REPRESENTATION_ITEM('')
SURFACE()
);
#3692=(
BOUNDED_SURFACE()
B_SPLINE_SURFACE(1,2,((#6914,#6915,#6916,#6917,#6918,#6919,#6920,#6921,
#6922),(#6923,#6924,#6925,#6926,#6927,#6928,#6929,#6930,#6931)),
 .UNSPECIFIED.,.F.,.F.,.F.)
B_SPLINE_SURFACE_WITH_KNOTS((2,2),(3,2,2,2,3),(0.,0.00827854814965596),
(0.,0.00219911485751285,0.00439822971502571,0.00659734457253856,0.00879645943005141),
 .UNSPECIFIED.)
GEOMETRIC_REPRESENTATION_ITEM()
RATIONAL_B_SPLINE_SURFACE(((1.,0.707106781186548,1.,0.707106781186548,1.,
0.707106781186548,1.,0.707106781186548,1.),(1.,0.707106781186548,1.,0.707106781186548,
1.,0.707106781186548,1.,0.707106781186548,1.)))
REPRESENTATION_ITEM('')
SURFACE()
);
#3693=(
BOUNDED_SURFACE()
B_SPLINE_SURFACE(1,2,((#6932,#6933,#6934,#6935,#6936,#6937,#6938,#6939,
#6940),(#6941,#6942,#6943,#6944,#6945,#6946,#6947,#6948,#6949)),
 .UNSPECIFIED.,.F.,.F.,.F.)
B_SPLINE_SURFACE_WITH_KNOTS((2,2),(3,2,2,2,3),(0.,0.00827854814965596),
(0.,0.00219911485751285,0.00439822971502571,0.00659734457253856,0.00879645943005141),
 .UNSPECIFIED.)
GEOMETRIC_REPRESENTATION_ITEM()
RATIONAL_B_SPLINE_SURFACE(((1.,0.707106781186548,1.,0.707106781186548,1.,
0.707106781186548,1.,0.707106781186548,1.),(1.,0.707106781186548,1.,0.707106781186548,
1.,0.707106781186548,1.,0.707106781186548,1.)))
REPRESENTATION_ITEM('')
SURFACE()
);
#3694=(
BOUNDED_SURFACE()
B_SPLINE_SURFACE(1,2,((#6950,#6951,#6952,#6953,#6954,#6955,#6956,#6957,
#6958),(#6959,#6960,#6961,#6962,#6963,#6964,#6965,#6966,#6967)),
 .UNSPECIFIED.,.F.,.F.,.F.)
B_SPLINE_SURFACE_WITH_KNOTS((2,2),(3,2,2,2,3),(0.,0.0131474347291848),(0.,
0.00219911485751286,0.00439822971502571,0.00659734457253857,0.00879645943005142),
 .UNSPECIFIED.)
GEOMETRIC_REPRESENTATION_ITEM()
RATIONAL_B_SPLINE_SURFACE(((1.,0.707106781186548,1.,0.707106781186548,1.,
0.707106781186548,1.,0.707106781186548,1.),(1.,0.707106781186548,1.,0.707106781186548,
1.,0.707106781186548,1.,0.707106781186548,1.)))
REPRESENTATION_ITEM('')
SURFACE()
);
#3695=(
BOUNDED_SURFACE()
B_SPLINE_SURFACE(1,2,((#6968,#6969,#6970,#6971,#6972),(#6973,#6974,#6975,
#6976,#6977)),.UNSPECIFIED.,.F.,.F.,.F.)
B_SPLINE_SURFACE_WITH_KNOTS((2,2),(3,2,3),(0.,0.0177168),(0.00722566310325652,
0.0108384946548848,0.014451326206513),.UNSPECIFIED.)
GEOMETRIC_REPRESENTATION_ITEM()
RATIONAL_B_SPLINE_SURFACE(((1.,0.707106781186548,1.,0.707106781186548,1.),
(1.,0.707106781186548,1.,0.707106781186548,1.)))
REPRESENTATION_ITEM('')
SURFACE()
);
#3696=(
BOUNDED_SURFACE()
B_SPLINE_SURFACE(2,1,((#6978,#6979),(#6980,#6981),(#6982,#6983),(#6984,
#6985),(#6986,#6987)),.UNSPECIFIED.,.F.,.F.,.F.)
B_SPLINE_SURFACE_WITH_KNOTS((3,2,3),(2,2),(0.0636172512351933,0.09542587685279,
0.127234502470387),(0.,0.00583641558772847),.UNSPECIFIED.)
GEOMETRIC_REPRESENTATION_ITEM()
RATIONAL_B_SPLINE_SURFACE(((1.,1.),(0.707106781186548,0.707106781186548),
(1.,1.),(0.707106781186548,0.707106781186548),(1.,1.)))
REPRESENTATION_ITEM('')
SURFACE()
);
#3697=(
BOUNDED_SURFACE()
B_SPLINE_SURFACE(2,1,((#6988,#6989),(#6990,#6991),(#6992,#6993),(#6994,
#6995),(#6996,#6997)),.UNSPECIFIED.,.F.,.F.,.F.)
B_SPLINE_SURFACE_WITH_KNOTS((3,2,3),(2,2),(0.0795727115941549,0.119359067391232,
0.15914542318831),(0.,0.0358203052845407),.UNSPECIFIED.)
GEOMETRIC_REPRESENTATION_ITEM()
RATIONAL_B_SPLINE_SURFACE(((1.,1.),(0.707106781186548,0.707106781186548),
(1.,1.),(0.707106781186548,0.707106781186548),(1.,1.)))
REPRESENTATION_ITEM('')
SURFACE()
);
#3698=(
BOUNDED_SURFACE()
B_SPLINE_SURFACE(2,1,((#6998,#6999),(#7000,#7001),(#7002,#7003),(#7004,
#7005),(#7006,#7007)),.UNSPECIFIED.,.F.,.F.,.F.)
B_SPLINE_SURFACE_WITH_KNOTS((3,2,3),(2,2),(0.077365153984118,0.116047730976177,
0.154730307968236),(0.,0.0643227749039749),.UNSPECIFIED.)
GEOMETRIC_REPRESENTATION_ITEM()
RATIONAL_B_SPLINE_SURFACE(((1.,1.),(0.707106781186548,0.707106781186548),
(1.,1.),(0.707106781186548,0.707106781186548),(1.,1.)))
REPRESENTATION_ITEM('')
SURFACE()
);
#3699=(
BOUNDED_SURFACE()
B_SPLINE_SURFACE(2,1,((#7008,#7009),(#7010,#7011),(#7012,#7013),(#7014,
#7015),(#7016,#7017)),.UNSPECIFIED.,.F.,.F.,.F.)
B_SPLINE_SURFACE_WITH_KNOTS((3,2,3),(2,2),(0.080036128693,0.1200541930395,
0.160072257386),(0.,0.0360289162721789),.UNSPECIFIED.)
GEOMETRIC_REPRESENTATION_ITEM()
RATIONAL_B_SPLINE_SURFACE(((1.,1.),(0.707106781186548,0.707106781186548),
(1.,1.),(0.707106781186548,0.707106781186548),(1.,1.)))
REPRESENTATION_ITEM('')
SURFACE()
);
#3700=(
BOUNDED_SURFACE()
B_SPLINE_SURFACE(2,1,((#7018,#7019),(#7020,#7021),(#7022,#7023),(#7024,
#7025),(#7026,#7027)),.UNSPECIFIED.,.F.,.F.,.F.)
B_SPLINE_SURFACE_WITH_KNOTS((3,2,3),(2,2),(0.0693329250079021,0.103999387511853,
0.138665850015804),(0.,0.00473856564447024),.UNSPECIFIED.)
GEOMETRIC_REPRESENTATION_ITEM()
RATIONAL_B_SPLINE_SURFACE(((1.,1.),(0.707106781186548,0.707106781186548),
(1.,1.),(0.707106781186548,0.707106781186548),(1.,1.)))
REPRESENTATION_ITEM('')
SURFACE()
);
#3701=(
BOUNDED_SURFACE()
B_SPLINE_SURFACE(2,1,((#7028,#7029),(#7030,#7031),(#7032,#7033),(#7034,
#7035),(#7036,#7037)),.UNSPECIFIED.,.F.,.F.,.F.)
B_SPLINE_SURFACE_WITH_KNOTS((3,2,3),(2,2),(0.080036128693,0.1200541930395,
0.160072257386),(0.,0.036028916272179),.UNSPECIFIED.)
GEOMETRIC_REPRESENTATION_ITEM()
RATIONAL_B_SPLINE_SURFACE(((1.,1.),(0.707106781186548,0.707106781186548),
(1.,1.),(0.707106781186548,0.707106781186548),(1.,1.)))
REPRESENTATION_ITEM('')
SURFACE()
);
#3702=(
BOUNDED_SURFACE()
B_SPLINE_SURFACE(2,1,((#7038,#7039),(#7040,#7041),(#7042,#7043),(#7044,
#7045),(#7046,#7047)),.UNSPECIFIED.,.F.,.F.,.F.)
B_SPLINE_SURFACE_WITH_KNOTS((3,2,3),(2,2),(0.0636780582314404,0.0955170873471606,
0.127356116462881),(0.,0.00584172026616984),.UNSPECIFIED.)
GEOMETRIC_REPRESENTATION_ITEM()
RATIONAL_B_SPLINE_SURFACE(((1.,1.),(0.707106781186548,0.707106781186548),
(1.,1.),(0.707106781186548,0.707106781186548),(1.,1.)))
REPRESENTATION_ITEM('')
SURFACE()
);
#3703=(
BOUNDED_SURFACE()
B_SPLINE_SURFACE(2,1,((#7048,#7049),(#7050,#7051),(#7052,#7053),(#7054,
#7055),(#7056,#7057)),.UNSPECIFIED.,.F.,.F.,.F.)
B_SPLINE_SURFACE_WITH_KNOTS((3,2,3),(2,2),(0.0689116367362246,0.103367455104337,
0.137823273472449),(0.,0.00351600000000001),.UNSPECIFIED.)
GEOMETRIC_REPRESENTATION_ITEM()
RATIONAL_B_SPLINE_SURFACE(((1.,1.),(0.707106781186548,0.707106781186548),
(1.,1.),(0.707106781186548,0.707106781186548),(1.,1.)))
REPRESENTATION_ITEM('')
SURFACE()
);
#3704=(
BOUNDED_SURFACE()
B_SPLINE_SURFACE(2,1,((#7058,#7059),(#7060,#7061),(#7062,#7063),(#7064,
#7065),(#7066,#7067)),.UNSPECIFIED.,.F.,.F.,.F.)
B_SPLINE_SURFACE_WITH_KNOTS((3,2,3),(2,2),(0.0795727115941549,0.119359067391232,
0.15914542318831),(0.,0.0358203052845407),.UNSPECIFIED.)
GEOMETRIC_REPRESENTATION_ITEM()
RATIONAL_B_SPLINE_SURFACE(((1.,1.),(0.707106781186548,0.707106781186548),
(1.,1.),(0.707106781186548,0.707106781186548),(1.,1.)))
REPRESENTATION_ITEM('')
SURFACE()
);
#3705=(
BOUNDED_SURFACE()
B_SPLINE_SURFACE(1,2,((#7068,#7069,#7070,#7071,#7072),(#7073,#7074,#7075,
#7076,#7077)),.UNSPECIFIED.,.F.,.F.,.F.)
B_SPLINE_SURFACE_WITH_KNOTS((2,2),(3,2,3),(0.,0.0163968),(0.0596902604182061,
0.0895353906273091,0.119380520836412),.UNSPECIFIED.)
GEOMETRIC_REPRESENTATION_ITEM()
RATIONAL_B_SPLINE_SURFACE(((1.,0.707106781186548,1.,0.707106781186548,1.),
(1.,0.707106781186548,1.,0.707106781186548,1.)))
REPRESENTATION_ITEM('')
SURFACE()
);
#3706=(
BOUNDED_SURFACE()
B_SPLINE_SURFACE(2,2,((#7078,#7079,#7080,#7081,#7082),(#7083,#7084,#7085,
#7086,#7087),(#7088,#7089,#7090,#7091,#7092),(#7093,#7094,#7095,#7096,#7097),
(#7098,#7099,#7100,#7101,#7102),(#7103,#7104,#7105,#7106,#7107),(#7108,
#7109,#7110,#7111,#7112),(#7113,#7114,#7115,#7116,#7117),(#7118,#7119,#7120,
#7121,#7122)),.UNSPECIFIED.,.F.,.F.,.F.)
B_SPLINE_SURFACE_WITH_KNOTS((3,2,2,2,3),(3,2,3),(0.,0.033620459678247,0.0672409193564939,
0.100861379034741,0.134481838712988),(0.0691150383789754,0.103672557568463,
0.138230076757951),.UNSPECIFIED.)
GEOMETRIC_REPRESENTATION_ITEM()
RATIONAL_B_SPLINE_SURFACE(((1.,0.707106781186548,1.,0.707106781186548,1.),
(0.800728554304402,0.566200590638343,0.800728554304402,0.566200590638343,
0.800728554304402),(1.,0.707106781186548,1.,0.707106781186548,1.),(0.800728554304402,
0.566200590638343,0.800728554304402,0.566200590638343,0.800728554304402),
(1.,0.707106781186548,1.,0.707106781186548,1.),(0.800728554304402,0.566200590638343,
0.800728554304402,0.566200590638343,0.800728554304402),(1.,0.707106781186548,
1.,0.707106781186548,1.),(0.800728554304402,0.566200590638343,0.800728554304402,
0.566200590638343,0.800728554304402),(1.,0.707106781186548,1.,0.707106781186548,
1.)))
REPRESENTATION_ITEM('')
SURFACE()
);
#3707=SHAPE_DEFINITION_REPRESENTATION(#3708,#3725);
#3708=PRODUCT_DEFINITION_SHAPE('Document','',#3710);
#3709=PRODUCT_DEFINITION_CONTEXT('3D Mechanical Parts',#3714,'design');
#3710=PRODUCT_DEFINITION('A','First version',#3711,#3709);
#3711=PRODUCT_DEFINITION_FORMATION_WITH_SPECIFIED_SOURCE('A',
'First version',#3716,.MADE.);
#3712=PRODUCT_RELATED_PRODUCT_CATEGORY('tool','tool',(#3716));
#3713=APPLICATION_PROTOCOL_DEFINITION('Draft International Standard',
'automotive_design',1999,#3714);
#3714=APPLICATION_CONTEXT(
'data for automotive mechanical design processes');
#3715=PRODUCT_CONTEXT('3D Mechanical Parts',#3714,'mechanical');
#3716=PRODUCT('Document','Document','Rhino converted to STEP',(#3715));
#3717=(
LENGTH_UNIT()
NAMED_UNIT(*)
SI_UNIT(.MILLI.,.METRE.)
);
#3718=(
NAMED_UNIT(*)
PLANE_ANGLE_UNIT()
SI_UNIT($,.RADIAN.)
);
#3719=DIMENSIONAL_EXPONENTS(0.,0.,0.,0.,0.,0.,0.);
#3720=PLANE_ANGLE_MEASURE_WITH_UNIT(PLANE_ANGLE_MEASURE(0.01745329252),
#3718);
#3721=(
CONVERSION_BASED_UNIT('DEGREES',#3720)
NAMED_UNIT(#3719)
PLANE_ANGLE_UNIT()
);
#3722=(
NAMED_UNIT(*)
SI_UNIT($,.STERADIAN.)
SOLID_ANGLE_UNIT()
);
#3723=UNCERTAINTY_MEASURE_WITH_UNIT(LENGTH_MEASURE(0.001),#3717,
'DISTANCE_ACCURACY_VALUE',
'Maximum model space distance between geometric entities at asserted c
onnectivities');
#3724=(
GEOMETRIC_REPRESENTATION_CONTEXT(3)
GLOBAL_UNCERTAINTY_ASSIGNED_CONTEXT((#3723))
GLOBAL_UNIT_ASSIGNED_CONTEXT((#3722,#3721,#3717))
REPRESENTATION_CONTEXT('ID1','3D')
);
#3725=SHAPE_REPRESENTATION('Document',(#3726,#3827),#3724);
#3726=AXIS2_PLACEMENT_3D('',#3932,#3828,#3829);
#3727=AXIS2_PLACEMENT_3D('',#3987,#3830,$);
#3728=AXIS2_PLACEMENT_3D('',#3988,#3831,$);
#3729=AXIS2_PLACEMENT_3D('',#3989,#3832,$);
#3730=AXIS2_PLACEMENT_3D('',#4044,#3833,$);
#3731=AXIS2_PLACEMENT_3D('',#4045,#3834,$);
#3732=AXIS2_PLACEMENT_3D('',#4046,#3835,$);
#3733=AXIS2_PLACEMENT_3D('',#4101,#3836,$);
#3734=AXIS2_PLACEMENT_3D('',#4102,#3837,$);
#3735=AXIS2_PLACEMENT_3D('',#4103,#3838,$);
#3736=AXIS2_PLACEMENT_3D('',#4158,#3839,$);
#3737=AXIS2_PLACEMENT_3D('',#4159,#3840,$);
#3738=AXIS2_PLACEMENT_3D('',#4160,#3841,$);
#3739=AXIS2_PLACEMENT_3D('',#4215,#3842,$);
#3740=AXIS2_PLACEMENT_3D('',#4216,#3843,$);
#3741=AXIS2_PLACEMENT_3D('',#4217,#3844,$);
#3742=AXIS2_PLACEMENT_3D('',#4272,#3845,$);
#3743=AXIS2_PLACEMENT_3D('',#4273,#3846,$);
#3744=AXIS2_PLACEMENT_3D('',#4274,#3847,$);
#3745=AXIS2_PLACEMENT_3D('',#4329,#3848,$);
#3746=AXIS2_PLACEMENT_3D('',#4330,#3849,$);
#3747=AXIS2_PLACEMENT_3D('',#4331,#3850,$);
#3748=AXIS2_PLACEMENT_3D('',#4386,#3851,$);
#3749=AXIS2_PLACEMENT_3D('',#4387,#3852,$);
#3750=AXIS2_PLACEMENT_3D('',#4388,#3853,$);
#3751=AXIS2_PLACEMENT_3D('',#4443,#3854,$);
#3752=AXIS2_PLACEMENT_3D('',#4444,#3855,$);
#3753=AXIS2_PLACEMENT_3D('',#4445,#3856,$);
#3754=AXIS2_PLACEMENT_3D('',#4446,#3857,$);
#3755=AXIS2_PLACEMENT_3D('',#4447,#3858,$);
#3756=AXIS2_PLACEMENT_3D('',#4448,#3859,$);
#3757=AXIS2_PLACEMENT_3D('',#4449,#3860,$);
#3758=AXIS2_PLACEMENT_3D('',#4450,#3861,$);
#3759=AXIS2_PLACEMENT_3D('',#4451,#3862,$);
#3760=AXIS2_PLACEMENT_3D('',#4452,#3863,$);
#3761=AXIS2_PLACEMENT_3D('',#4453,#3864,$);
#3762=AXIS2_PLACEMENT_3D('',#4454,#3865,$);
#3763=AXIS2_PLACEMENT_3D('',#4473,#3866,$);
#3764=AXIS2_PLACEMENT_3D('',#4474,#3867,$);
#3765=AXIS2_PLACEMENT_3D('',#4493,#3868,$);
#3766=AXIS2_PLACEMENT_3D('',#4494,#3869,$);
#3767=AXIS2_PLACEMENT_3D('',#4513,#3870,$);
#3768=AXIS2_PLACEMENT_3D('',#4514,#3871,$);
#3769=AXIS2_PLACEMENT_3D('',#4533,#3872,$);
#3770=AXIS2_PLACEMENT_3D('',#4534,#3873,$);
#3771=AXIS2_PLACEMENT_3D('',#4585,#3874,$);
#3772=AXIS2_PLACEMENT_3D('',#4586,#3875,$);
#3773=AXIS2_PLACEMENT_3D('',#4587,#3876,$);
#3774=AXIS2_PLACEMENT_3D('',#4693,#3877,$);
#3775=AXIS2_PLACEMENT_3D('',#4694,#3878,$);
#3776=AXIS2_PLACEMENT_3D('',#4695,#3879,$);
#3777=AXIS2_PLACEMENT_3D('',#6205,#3880,$);
#3778=AXIS2_PLACEMENT_3D('',#6206,#3881,$);
#3779=AXIS2_PLACEMENT_3D('',#6207,#3882,$);
#3780=AXIS2_PLACEMENT_3D('',#6262,#3883,$);
#3781=AXIS2_PLACEMENT_3D('',#6263,#3884,$);
#3782=AXIS2_PLACEMENT_3D('',#6264,#3885,$);
#3783=AXIS2_PLACEMENT_3D('',#6319,#3886,$);
#3784=AXIS2_PLACEMENT_3D('',#6320,#3887,$);
#3785=AXIS2_PLACEMENT_3D('',#6321,#3888,$);
#3786=AXIS2_PLACEMENT_3D('',#6376,#3889,$);
#3787=AXIS2_PLACEMENT_3D('',#6377,#3890,$);
#3788=AXIS2_PLACEMENT_3D('',#6378,#3891,$);
#3789=AXIS2_PLACEMENT_3D('',#6433,#3892,$);
#3790=AXIS2_PLACEMENT_3D('',#6434,#3893,$);
#3791=AXIS2_PLACEMENT_3D('',#6435,#3894,$);
#3792=AXIS2_PLACEMENT_3D('',#6490,#3895,$);
#3793=AXIS2_PLACEMENT_3D('',#6491,#3896,$);
#3794=AXIS2_PLACEMENT_3D('',#6492,#3897,$);
#3795=AXIS2_PLACEMENT_3D('',#6547,#3898,$);
#3796=AXIS2_PLACEMENT_3D('',#6548,#3899,$);
#3797=AXIS2_PLACEMENT_3D('',#6549,#3900,$);
#3798=AXIS2_PLACEMENT_3D('',#6604,#3901,$);
#3799=AXIS2_PLACEMENT_3D('',#6605,#3902,$);
#3800=AXIS2_PLACEMENT_3D('',#6606,#3903,$);
#3801=AXIS2_PLACEMENT_3D('',#6661,#3904,$);
#3802=AXIS2_PLACEMENT_3D('',#6662,#3905,$);
#3803=AXIS2_PLACEMENT_3D('',#6663,#3906,$);
#3804=AXIS2_PLACEMENT_3D('',#6664,#3907,$);
#3805=AXIS2_PLACEMENT_3D('',#6665,#3908,$);
#3806=AXIS2_PLACEMENT_3D('',#6666,#3909,$);
#3807=AXIS2_PLACEMENT_3D('',#6667,#3910,$);
#3808=AXIS2_PLACEMENT_3D('',#6668,#3911,$);
#3809=AXIS2_PLACEMENT_3D('',#6669,#3912,$);
#3810=AXIS2_PLACEMENT_3D('',#6670,#3913,$);
#3811=AXIS2_PLACEMENT_3D('',#6671,#3914,$);
#3812=AXIS2_PLACEMENT_3D('',#6672,#3915,$);
#3813=AXIS2_PLACEMENT_3D('',#6691,#3916,$);
#3814=AXIS2_PLACEMENT_3D('',#6692,#3917,$);
#3815=AXIS2_PLACEMENT_3D('',#6711,#3918,$);
#3816=AXIS2_PLACEMENT_3D('',#6712,#3919,$);
#3817=AXIS2_PLACEMENT_3D('',#6731,#3920,$);
#3818=AXIS2_PLACEMENT_3D('',#6732,#3921,$);
#3819=AXIS2_PLACEMENT_3D('',#6751,#3922,$);
#3820=AXIS2_PLACEMENT_3D('',#6752,#3923,$);
#3821=AXIS2_PLACEMENT_3D('',#6803,#3924,$);
#3822=AXIS2_PLACEMENT_3D('',#6804,#3925,$);
#3823=AXIS2_PLACEMENT_3D('',#6805,#3926,$);
#3824=AXIS2_PLACEMENT_3D('',#6911,#3927,$);
#3825=AXIS2_PLACEMENT_3D('',#6912,#3928,$);
#3826=AXIS2_PLACEMENT_3D('',#6913,#3929,$);
#3827=AXIS2_PLACEMENT_3D('',#8369,#3930,#3931);
#3828=DIRECTION('',(0.,0.,1.));
#3829=DIRECTION('',(1.,0.,0.));
#3830=DIRECTION('',(0.,-0.544639035015027,0.838670567945424));
#3831=DIRECTION('',(0.,0.965925826289068,-0.258819045102521));
#3832=DIRECTION('',(-1.,0.,0.));
#3833=DIRECTION('',(0.,0.0523359562429446,0.998629534754574));
#3834=DIRECTION('',(0.,0.629320391049838,-0.777145961456971));
#3835=DIRECTION('',(-1.,0.,0.));
#3836=DIRECTION('',(0.,0.629320391049838,0.777145961456971));
#3837=DIRECTION('',(0.,0.0523359562429442,-0.998629534754574));
#3838=DIRECTION('',(-1.,0.,0.));
#3839=DIRECTION('',(0.,0.965925826289069,0.25881904510252));
#3840=DIRECTION('',(0.,-0.544639035015027,-0.838670567945424));
#3841=DIRECTION('',(-1.,0.,0.));
#3842=DIRECTION('',(0.,0.933580426497202,-0.358367949545301));
#3843=DIRECTION('',(0.,-0.933580426497202,-0.358367949545301));
#3844=DIRECTION('',(-1.,0.,0.));
#3845=DIRECTION('',(0.,0.544639035015027,-0.838670567945424));
#3846=DIRECTION('',(0.,-0.965925826289068,0.258819045102521));
#3847=DIRECTION('',(-1.,0.,0.));
#3848=DIRECTION('',(0.,-0.0523359562429445,-0.998629534754574));
#3849=DIRECTION('',(0.,-0.629320391049838,0.777145961456971));
#3850=DIRECTION('',(-1.,0.,0.));
#3851=DIRECTION('',(0.,-0.629320391049838,-0.777145961456971));
#3852=DIRECTION('',(0.,-0.0523359562429443,0.998629534754574));
#3853=DIRECTION('',(-1.,0.,0.));
#3854=DIRECTION('',(0.,-0.965925826289068,-0.258819045102521));
#3855=DIRECTION('',(0.,0.544639035015027,0.838670567945424));
#3856=DIRECTION('',(-1.,0.,0.));
#3857=DIRECTION('',(-1.,0.,0.));
#3858=DIRECTION('',(-1.,0.,0.));
#3859=DIRECTION('',(1.,0.,0.));
#3860=DIRECTION('',(-1.,0.,0.));
#3861=DIRECTION('',(-1.,0.,0.));
#3862=DIRECTION('',(0.,1.,0.));
#3863=DIRECTION('',(0.,0.,1.));
#3864=DIRECTION('',(0.,-1.,0.));
#3865=DIRECTION('',(0.,0.,-1.));
#3866=DIRECTION('',(0.,0.0845331239722542,-0.996420669672951));
#3867=DIRECTION('',(0.,1.,0.));
#3868=DIRECTION('',(0.,-1.,0.));
#3869=DIRECTION('',(0.,-0.0923141590257953,-0.995729931278236));
#3870=DIRECTION('',(0.,-0.0923141590257953,0.995729931278236));
#3871=DIRECTION('',(0.,-1.,0.));
#3872=DIRECTION('',(0.,1.,0.));
#3873=DIRECTION('',(0.,0.0845331239722542,0.996420669672951));
#3874=DIRECTION('',(1.,0.,0.));
#3875=DIRECTION('',(-1.,0.,0.));
#3876=DIRECTION('',(-1.,0.,0.));
#3877=DIRECTION('',(0.,-0.933580426497202,0.358367949545301));
#3878=DIRECTION('',(0.,0.933580426497202,0.358367949545301));
#3879=DIRECTION('',(-1.,0.,0.));
#3880=DIRECTION('',(0.,-0.544639035015027,0.838670567945424));
#3881=DIRECTION('',(0.,0.965925826289068,-0.258819045102521));
#3882=DIRECTION('',(1.,0.,0.));
#3883=DIRECTION('',(0.,0.0523359562429446,0.998629534754574));
#3884=DIRECTION('',(0.,0.629320391049838,-0.777145961456971));
#3885=DIRECTION('',(1.,0.,0.));
#3886=DIRECTION('',(0.,0.629320391049838,0.777145961456971));
#3887=DIRECTION('',(0.,0.0523359562429442,-0.998629534754574));
#3888=DIRECTION('',(1.,0.,0.));
#3889=DIRECTION('',(0.,0.965925826289069,0.25881904510252));
#3890=DIRECTION('',(0.,-0.544639035015027,-0.838670567945424));
#3891=DIRECTION('',(1.,0.,0.));
#3892=DIRECTION('',(0.,0.933580426497202,-0.358367949545301));
#3893=DIRECTION('',(0.,-0.933580426497202,-0.358367949545301));
#3894=DIRECTION('',(1.,0.,0.));
#3895=DIRECTION('',(0.,0.544639035015027,-0.838670567945424));
#3896=DIRECTION('',(0.,-0.965925826289068,0.258819045102521));
#3897=DIRECTION('',(1.,0.,0.));
#3898=DIRECTION('',(0.,-0.0523359562429445,-0.998629534754574));
#3899=DIRECTION('',(0.,-0.629320391049838,0.777145961456971));
#3900=DIRECTION('',(1.,0.,0.));
#3901=DIRECTION('',(0.,-0.629320391049838,-0.777145961456971));
#3902=DIRECTION('',(0.,-0.0523359562429443,0.998629534754574));
#3903=DIRECTION('',(1.,0.,0.));
#3904=DIRECTION('',(0.,-0.965925826289068,-0.258819045102521));
#3905=DIRECTION('',(0.,0.544639035015027,0.838670567945424));
#3906=DIRECTION('',(1.,0.,0.));
#3907=DIRECTION('',(1.,0.,0.));
#3908=DIRECTION('',(1.,0.,0.));
#3909=DIRECTION('',(-1.,0.,0.));
#3910=DIRECTION('',(1.,0.,0.));
#3911=DIRECTION('',(1.,0.,0.));
#3912=DIRECTION('',(0.,1.,0.));
#3913=DIRECTION('',(0.,0.,1.));
#3914=DIRECTION('',(0.,-1.,0.));
#3915=DIRECTION('',(0.,0.,-1.));
#3916=DIRECTION('',(0.,0.0845331239722542,-0.996420669672951));
#3917=DIRECTION('',(0.,1.,0.));
#3918=DIRECTION('',(0.,-1.,0.));
#3919=DIRECTION('',(0.,-0.0923141590257953,-0.995729931278236));
#3920=DIRECTION('',(0.,-0.0923141590257953,0.995729931278236));
#3921=DIRECTION('',(0.,-1.,0.));
#3922=DIRECTION('',(0.,1.,0.));
#3923=DIRECTION('',(0.,0.0845331239722542,0.996420669672951));
#3924=DIRECTION('',(-1.,0.,0.));
#3925=DIRECTION('',(1.,0.,0.));
#3926=DIRECTION('',(1.,0.,0.));
#3927=DIRECTION('',(0.,-0.933580426497202,0.358367949545301));
#3928=DIRECTION('',(0.,0.933580426497202,0.358367949545301));
#3929=DIRECTION('',(1.,0.,0.));
#3930=DIRECTION('',(0.,0.,1.));
#3931=DIRECTION('',(1.,0.,0.));
#3932=CARTESIAN_POINT('',(0.,0.,0.));
#3933=CARTESIAN_POINT('',(-39.1467982198763,28.301221752479,-1.60397464815544));
#3934=CARTESIAN_POINT('',(-52.294232949061,28.301221752479,-1.60397464815544));
#3935=CARTESIAN_POINT('',(-39.1467982198763,26.901221752479,-1.60397464815544));
#3936=CARTESIAN_POINT('',(-52.294232949061,26.901221752479,-1.60397464815544));
#3937=CARTESIAN_POINT('',(-39.1467982198763,26.901221752479,-3.00397464815544));
#3938=CARTESIAN_POINT('',(-52.294232949061,26.901221752479,-3.00397464815544));
#3939=CARTESIAN_POINT('',(-39.1467982198763,26.901221752479,-4.40397464815544));
#3940=CARTESIAN_POINT('',(-52.294232949061,26.901221752479,-4.40397464815544));
#3941=CARTESIAN_POINT('',(-39.1467982198763,28.301221752479,-4.40397464815544));
#3942=CARTESIAN_POINT('',(-52.294232949061,28.301221752479,-4.40397464815544));
#3943=CARTESIAN_POINT('',(-39.1467982198763,29.701221752479,-4.40397464815544));
#3944=CARTESIAN_POINT('',(-52.294232949061,29.701221752479,-4.40397464815544));
#3945=CARTESIAN_POINT('',(-39.1467982198763,29.701221752479,-3.00397464815544));
#3946=CARTESIAN_POINT('',(-52.294232949061,29.701221752479,-3.00397464815544));
#3947=CARTESIAN_POINT('',(-39.1467982198763,29.701221752479,-1.60397464815544));
#3948=CARTESIAN_POINT('',(-52.294232949061,29.701221752479,-1.60397464815544));
#3949=CARTESIAN_POINT('',(-39.1467982198763,28.301221752479,-1.60397464815544));
#3950=CARTESIAN_POINT('',(-52.294232949061,28.301221752479,-1.60397464815544));
#3951=CARTESIAN_POINT('',(-39.5525387681703,35.8434919606988,3.29403289500989));
#3952=CARTESIAN_POINT('',(-47.8310869178263,35.8434919606988,3.29403289500989));
#3953=CARTESIAN_POINT('',(-39.5525387681703,34.4434919606988,3.29403289500989));
#3954=CARTESIAN_POINT('',(-47.8310869178263,34.4434919606988,3.29403289500989));
#3955=CARTESIAN_POINT('',(-39.5525387681703,34.4434919606988,1.89403289500989));
#3956=CARTESIAN_POINT('',(-47.8310869178263,34.4434919606988,1.89403289500989));
#3957=CARTESIAN_POINT('',(-39.5525387681703,34.4434919606988,0.494032895009889));
#3958=CARTESIAN_POINT('',(-47.8310869178263,34.4434919606988,0.494032895009889));
#3959=CARTESIAN_POINT('',(-39.5525387681703,35.8434919606988,0.494032895009889));
#3960=CARTESIAN_POINT('',(-47.8310869178263,35.8434919606988,0.494032895009889));
#3961=CARTESIAN_POINT('',(-39.5525387681703,37.2434919606988,0.494032895009889));
#3962=CARTESIAN_POINT('',(-47.8310869178263,37.2434919606988,0.494032895009889));
#3963=CARTESIAN_POINT('',(-39.5525387681703,37.2434919606988,1.89403289500989));
#3964=CARTESIAN_POINT('',(-47.8310869178263,37.2434919606988,1.89403289500989));
#3965=CARTESIAN_POINT('',(-39.5525387681703,37.2434919606988,3.29403289500989));
#3966=CARTESIAN_POINT('',(-47.8310869178263,37.2434919606988,3.29403289500989));
#3967=CARTESIAN_POINT('',(-39.5525387681703,35.8434919606988,3.29403289500989));
#3968=CARTESIAN_POINT('',(-47.8310869178263,35.8434919606988,3.29403289500989));
#3969=CARTESIAN_POINT('',(-39.5525387681703,30.6288140727614,4.28271815044559));
#3970=CARTESIAN_POINT('',(-47.8310869178263,30.6288140727614,4.28271815044559));
#3971=CARTESIAN_POINT('',(-39.5525387681703,32.0288140727614,4.28271815044559));
#3972=CARTESIAN_POINT('',(-47.8310869178263,32.0288140727614,4.28271815044559));
#3973=CARTESIAN_POINT('',(-39.5525387681703,32.0288140727614,5.68271815044559));
#3974=CARTESIAN_POINT('',(-47.8310869178263,32.0288140727614,5.68271815044559));
#3975=CARTESIAN_POINT('',(-39.5525387681703,32.0288140727614,7.08271815044559));
#3976=CARTESIAN_POINT('',(-47.8310869178263,32.0288140727614,7.08271815044559));
#3977=CARTESIAN_POINT('',(-39.5525387681703,30.6288140727614,7.08271815044559));
#3978=CARTESIAN_POINT('',(-47.8310869178263,30.6288140727614,7.08271815044559));
#3979=CARTESIAN_POINT('',(-39.5525387681703,29.2288140727614,7.08271815044559));
#3980=CARTESIAN_POINT('',(-47.8310869178263,29.2288140727614,7.08271815044559));
#3981=CARTESIAN_POINT('',(-39.5525387681703,29.2288140727614,5.68271815044559));
#3982=CARTESIAN_POINT('',(-47.8310869178263,29.2288140727614,5.68271815044559));
#3983=CARTESIAN_POINT('',(-39.5525387681703,29.2288140727614,4.28271815044559));
#3984=CARTESIAN_POINT('',(-47.8310869178263,29.2288140727614,4.28271815044559));
#3985=CARTESIAN_POINT('',(-39.5525387681703,30.6288140727614,4.28271815044559));
#3986=CARTESIAN_POINT('',(-47.8310869178263,30.6288140727614,4.28271815044559));
#3987=CARTESIAN_POINT('',(560.78141827079,-476.285020647008,-332.355420495352));
#3988=CARTESIAN_POINT('',(560.78141827079,185.181088967227,587.888845109161));
#3989=CARTESIAN_POINT('',(-41.2424177806417,167.082808534539,-852.373009636381));
#3990=CARTESIAN_POINT('',(-39.1467982198763,31.5367333575814,-6.05727432489318));
#3991=CARTESIAN_POINT('',(-52.294232949061,31.5367333575814,-6.05727432489318));
#3992=CARTESIAN_POINT('',(-39.1467982198763,30.1367333575814,-6.05727432489318));
#3993=CARTESIAN_POINT('',(-52.294232949061,30.1367333575814,-6.05727432489318));
#3994=CARTESIAN_POINT('',(-39.1467982198763,30.1367333575814,-7.45727432489318));
#3995=CARTESIAN_POINT('',(-52.294232949061,30.1367333575814,-7.45727432489318));
#3996=CARTESIAN_POINT('',(-39.1467982198763,30.1367333575814,-8.85727432489318));
#3997=CARTESIAN_POINT('',(-52.294232949061,30.1367333575814,-8.85727432489318));
#3998=CARTESIAN_POINT('',(-39.1467982198763,31.5367333575814,-8.85727432489318));
#3999=CARTESIAN_POINT('',(-52.294232949061,31.5367333575814,-8.85727432489318));
#4000=CARTESIAN_POINT('',(-39.1467982198763,32.9367333575814,-8.85727432489318));
#4001=CARTESIAN_POINT('',(-52.294232949061,32.9367333575814,-8.85727432489318));
#4002=CARTESIAN_POINT('',(-39.1467982198763,32.9367333575814,-7.45727432489318));
#4003=CARTESIAN_POINT('',(-52.294232949061,32.9367333575814,-7.45727432489318));
#4004=CARTESIAN_POINT('',(-39.1467982198763,32.9367333575814,-6.05727432489318));
#4005=CARTESIAN_POINT('',(-52.294232949061,32.9367333575814,-6.05727432489318));
#4006=CARTESIAN_POINT('',(-39.1467982198763,31.5367333575814,-6.05727432489318));
#4007=CARTESIAN_POINT('',(-52.294232949061,31.5367333575814,-6.05727432489318));
#4008=CARTESIAN_POINT('',(-39.5525387681703,40.517534731689,-6.52793818109225));
#4009=CARTESIAN_POINT('',(-47.8310869178263,40.517534731689,-6.52793818109225));
#4010=CARTESIAN_POINT('',(-39.5525387681703,39.117534731689,-6.52793818109225));
#4011=CARTESIAN_POINT('',(-47.8310869178263,39.117534731689,-6.52793818109225));
#4012=CARTESIAN_POINT('',(-39.5525387681703,39.117534731689,-7.92793818109225));
#4013=CARTESIAN_POINT('',(-47.8310869178263,39.117534731689,-7.92793818109225));
#4014=CARTESIAN_POINT('',(-39.5525387681703,39.117534731689,-9.32793818109225));
#4015=CARTESIAN_POINT('',(-47.8310869178263,39.117534731689,-9.32793818109225));
#4016=CARTESIAN_POINT('',(-39.5525387681703,40.517534731689,-9.32793818109225));
#4017=CARTESIAN_POINT('',(-47.8310869178263,40.517534731689,-9.32793818109225));
#4018=CARTESIAN_POINT('',(-39.5525387681703,41.917534731689,-9.32793818109225));
#4019=CARTESIAN_POINT('',(-47.8310869178263,41.917534731689,-9.32793818109225));
#4020=CARTESIAN_POINT('',(-39.5525387681703,41.917534731689,-7.92793818109225));
#4021=CARTESIAN_POINT('',(-47.8310869178263,41.917534731689,-7.92793818109225));
#4022=CARTESIAN_POINT('',(-39.5525387681703,41.917534731689,-6.52793818109225));
#4023=CARTESIAN_POINT('',(-47.8310869178263,41.917534731689,-6.52793818109225));
#4024=CARTESIAN_POINT('',(-39.5525387681703,40.517534731689,-6.52793818109225));
#4025=CARTESIAN_POINT('',(-47.8310869178263,40.517534731689,-6.52793818109225));
#4026=CARTESIAN_POINT('',(-39.5525387681703,38.5257050188795,-3.19771666512168));
#4027=CARTESIAN_POINT('',(-47.8310869178263,38.5257050188795,-3.19771666512168));
#4028=CARTESIAN_POINT('',(-39.5525387681703,39.9257050188795,-3.19771666512168));
#4029=CARTESIAN_POINT('',(-47.8310869178263,39.9257050188795,-3.19771666512168));
#4030=CARTESIAN_POINT('',(-39.5525387681703,39.9257050188795,-1.79771666512168));
#4031=CARTESIAN_POINT('',(-47.8310869178263,39.9257050188795,-1.79771666512168));
#4032=CARTESIAN_POINT('',(-39.5525387681703,39.9257050188795,-0.397716665121679));
#4033=CARTESIAN_POINT('',(-47.8310869178263,39.9257050188795,-0.397716665121679));
#4034=CARTESIAN_POINT('',(-39.5525387681703,38.5257050188795,-0.397716665121679));
#4035=CARTESIAN_POINT('',(-47.8310869178263,38.5257050188795,-0.397716665121679));
#4036=CARTESIAN_POINT('',(-39.5525387681703,37.1257050188795,-0.397716665121679));
#4037=CARTESIAN_POINT('',(-47.8310869178263,37.1257050188795,-0.397716665121679));
#4038=CARTESIAN_POINT('',(-39.5525387681703,37.1257050188795,-1.79771666512168));
#4039=CARTESIAN_POINT('',(-47.8310869178263,37.1257050188795,-1.79771666512168));
#4040=CARTESIAN_POINT('',(-39.5525387681703,37.1257050188795,-3.19771666512168));
#4041=CARTESIAN_POINT('',(-47.8310869178263,37.1257050188795,-3.19771666512168));
#4042=CARTESIAN_POINT('',(-39.5525387681703,38.5257050188795,-3.19771666512168));
#4043=CARTESIAN_POINT('',(-47.8310869178263,38.5257050188795,-3.19771666512168));
#4044=CARTESIAN_POINT('',(560.78141827079,-569.871768186496,22.6592883985767));
#4045=CARTESIAN_POINT('',(560.78141827079,505.942766086653,378.510619622747));
#4046=CARTESIAN_POINT('',(-41.2424177806417,-356.110326779014,-772.477446493082));
#4047=CARTESIAN_POINT('',(-39.1467982198763,31.5367333575814,-11.5618554495189));
#4048=CARTESIAN_POINT('',(-52.294232949061,31.5367333575814,-11.5618554495189));
#4049=CARTESIAN_POINT('',(-39.1467982198763,30.1367333575814,-11.5618554495188));
#4050=CARTESIAN_POINT('',(-52.294232949061,30.1367333575814,-11.5618554495188));
#4051=CARTESIAN_POINT('',(-39.1467982198763,30.1367333575814,-12.9618554495189));
#4052=CARTESIAN_POINT('',(-52.294232949061,30.1367333575814,-12.9618554495189));
#4053=CARTESIAN_POINT('',(-39.1467982198763,30.1367333575814,-14.3618554495189));
#4054=CARTESIAN_POINT('',(-52.294232949061,30.1367333575814,-14.3618554495189));
#4055=CARTESIAN_POINT('',(-39.1467982198763,31.5367333575814,-14.3618554495189));
#4056=CARTESIAN_POINT('',(-52.294232949061,31.5367333575814,-14.3618554495189));
#4057=CARTESIAN_POINT('',(-39.1467982198763,32.9367333575814,-14.3618554495189));
#4058=CARTESIAN_POINT('',(-52.294232949061,32.9367333575814,-14.3618554495189));
#4059=CARTESIAN_POINT('',(-39.1467982198763,32.9367333575814,-12.9618554495189));
#4060=CARTESIAN_POINT('',(-52.294232949061,32.9367333575814,-12.9618554495189));
#4061=CARTESIAN_POINT('',(-39.1467982198763,32.9367333575814,-11.5618554495188));
#4062=CARTESIAN_POINT('',(-52.294232949061,32.9367333575814,-11.5618554495188));
#4063=CARTESIAN_POINT('',(-39.1467982198763,31.5367333575814,-11.5618554495189));
#4064=CARTESIAN_POINT('',(-52.294232949061,31.5367333575814,-11.5618554495189));
#4065=CARTESIAN_POINT('',(-39.5525387681703,38.5257050188794,-17.2214131092903));
#4066=CARTESIAN_POINT('',(-47.8310869178263,38.5257050188794,-17.2214131092903));
#4067=CARTESIAN_POINT('',(-39.5525387681703,37.1257050188794,-17.2214131092903));
#4068=CARTESIAN_POINT('',(-47.8310869178263,37.1257050188794,-17.2214131092903));
#4069=CARTESIAN_POINT('',(-39.5525387681703,37.1257050188794,-18.6214131092904));
#4070=CARTESIAN_POINT('',(-47.8310869178263,37.1257050188794,-18.6214131092904));
#4071=CARTESIAN_POINT('',(-39.5525387681703,37.1257050188794,-20.0214131092904));
#4072=CARTESIAN_POINT('',(-47.8310869178263,37.1257050188794,-20.0214131092904));
#4073=CARTESIAN_POINT('',(-39.5525387681703,38.5257050188794,-20.0214131092904));
#4074=CARTESIAN_POINT('',(-47.8310869178263,38.5257050188794,-20.0214131092904));
#4075=CARTESIAN_POINT('',(-39.5525387681703,39.9257050188794,-20.0214131092904));
#4076=CARTESIAN_POINT('',(-47.8310869178263,39.9257050188794,-20.0214131092904));
#4077=CARTESIAN_POINT('',(-39.5525387681703,39.9257050188794,-18.6214131092904));
#4078=CARTESIAN_POINT('',(-47.8310869178263,39.9257050188794,-18.6214131092904));
#4079=CARTESIAN_POINT('',(-39.5525387681703,39.9257050188794,-17.2214131092903));
#4080=CARTESIAN_POINT('',(-47.8310869178263,39.9257050188794,-17.2214131092903));
#4081=CARTESIAN_POINT('',(-39.5525387681703,38.5257050188794,-17.2214131092903));
#4082=CARTESIAN_POINT('',(-47.8310869178263,38.5257050188794,-17.2214131092903));
#4083=CARTESIAN_POINT('',(-39.5525387681703,40.517534731689,-13.8911915933198));
#4084=CARTESIAN_POINT('',(-47.8310869178263,40.517534731689,-13.8911915933198));
#4085=CARTESIAN_POINT('',(-39.5525387681703,41.917534731689,-13.8911915933198));
#4086=CARTESIAN_POINT('',(-47.8310869178263,41.917534731689,-13.8911915933198));
#4087=CARTESIAN_POINT('',(-39.5525387681703,41.917534731689,-12.4911915933198));
#4088=CARTESIAN_POINT('',(-47.8310869178263,41.917534731689,-12.4911915933198));
#4089=CARTESIAN_POINT('',(-39.5525387681703,41.917534731689,-11.0911915933198));
#4090=CARTESIAN_POINT('',(-47.8310869178263,41.917534731689,-11.0911915933198));
#4091=CARTESIAN_POINT('',(-39.5525387681703,40.517534731689,-11.0911915933198));
#4092=CARTESIAN_POINT('',(-47.8310869178263,40.517534731689,-11.0911915933198));
#4093=CARTESIAN_POINT('',(-39.5525387681703,39.117534731689,-11.0911915933198));
#4094=CARTESIAN_POINT('',(-47.8310869178263,39.117534731689,-11.0911915933198));
#4095=CARTESIAN_POINT('',(-39.5525387681703,39.117534731689,-12.4911915933198));
#4096=CARTESIAN_POINT('',(-47.8310869178263,39.117534731689,-12.4911915933198));
#4097=CARTESIAN_POINT('',(-39.5525387681703,39.117534731689,-13.8911915933198));
#4098=CARTESIAN_POINT('',(-47.8310869178263,39.117534731689,-13.8911915933198));
#4099=CARTESIAN_POINT('',(-39.5525387681703,40.517534731689,-13.8911915933198));
#4100=CARTESIAN_POINT('',(-47.8310869178263,40.517534731689,-13.8911915933198));
#4101=CARTESIAN_POINT('',(560.78141827079,-437.642424805132,365.170472146271));
#4102=CARTESIAN_POINT('',(560.78141827079,641.779495598285,20.4215338274627));
#4103=CARTESIAN_POINT('',(-41.2424177806417,-732.44628179164,-406.184656470813));
#4104=CARTESIAN_POINT('',(-39.1467982198763,28.3012217524789,-18.8151551262566));
#4105=CARTESIAN_POINT('',(-52.294232949061,28.3012217524789,-18.8151551262566));
#4106=CARTESIAN_POINT('',(-39.1467982198763,29.701221752479,-18.8151551262566));
#4107=CARTESIAN_POINT('',(-52.294232949061,29.701221752479,-18.8151551262566));
#4108=CARTESIAN_POINT('',(-39.1467982198763,29.701221752479,-17.4151551262566));
#4109=CARTESIAN_POINT('',(-52.294232949061,29.701221752479,-17.4151551262566));
#4110=CARTESIAN_POINT('',(-39.1467982198763,29.701221752479,-16.0151551262566));
#4111=CARTESIAN_POINT('',(-52.294232949061,29.701221752479,-16.0151551262566));
#4112=CARTESIAN_POINT('',(-39.1467982198763,28.3012217524789,-16.0151551262566));
#4113=CARTESIAN_POINT('',(-52.294232949061,28.3012217524789,-16.0151551262566));
#4114=CARTESIAN_POINT('',(-39.1467982198763,26.9012217524789,-16.0151551262566));
#4115=CARTESIAN_POINT('',(-52.294232949061,26.9012217524789,-16.0151551262566));
#4116=CARTESIAN_POINT('',(-39.1467982198763,26.9012217524789,-17.4151551262566));
#4117=CARTESIAN_POINT('',(-52.294232949061,26.9012217524789,-17.4151551262566));
#4118=CARTESIAN_POINT('',(-39.1467982198763,26.9012217524789,-18.8151551262566));
#4119=CARTESIAN_POINT('',(-52.294232949061,26.9012217524789,-18.8151551262566));
#4120=CARTESIAN_POINT('',(-39.1467982198763,28.3012217524789,-18.8151551262566));
#4121=CARTESIAN_POINT('',(-52.294232949061,28.3012217524789,-18.8151551262566));
#4122=CARTESIAN_POINT('',(-39.5525387681703,30.6288140727613,-24.7018479248576));
#4123=CARTESIAN_POINT('',(-47.8310869178263,30.6288140727613,-24.7018479248576));
#4124=CARTESIAN_POINT('',(-39.5525387681703,29.2288140727613,-24.7018479248576));
#4125=CARTESIAN_POINT('',(-47.8310869178263,29.2288140727613,-24.7018479248576));
#4126=CARTESIAN_POINT('',(-39.5525387681703,29.2288140727613,-26.1018479248576));
#4127=CARTESIAN_POINT('',(-47.8310869178263,29.2288140727613,-26.1018479248576));
#4128=CARTESIAN_POINT('',(-39.5525387681703,29.2288140727613,-27.5018479248576));
#4129=CARTESIAN_POINT('',(-47.8310869178263,29.2288140727613,-27.5018479248576));
#4130=CARTESIAN_POINT('',(-39.5525387681703,30.6288140727613,-27.5018479248576));
#4131=CARTESIAN_POINT('',(-47.8310869178263,30.6288140727613,-27.5018479248576));
#4132=CARTESIAN_POINT('',(-39.5525387681703,32.0288140727613,-27.5018479248576));
#4133=CARTESIAN_POINT('',(-47.8310869178263,32.0288140727613,-27.5018479248576));
#4134=CARTESIAN_POINT('',(-39.5525387681703,32.0288140727613,-26.1018479248576));
#4135=CARTESIAN_POINT('',(-47.8310869178263,32.0288140727613,-26.1018479248576));
#4136=CARTESIAN_POINT('',(-39.5525387681703,32.0288140727613,-24.7018479248576));
#4137=CARTESIAN_POINT('',(-47.8310869178263,32.0288140727613,-24.7018479248576));
#4138=CARTESIAN_POINT('',(-39.5525387681703,30.6288140727613,-24.7018479248576));
#4139=CARTESIAN_POINT('',(-47.8310869178263,30.6288140727613,-24.7018479248576));
#4140=CARTESIAN_POINT('',(-39.5525387681703,35.8434919606988,-20.9131626694219));
#4141=CARTESIAN_POINT('',(-47.8310869178263,35.8434919606988,-20.9131626694219));
#4142=CARTESIAN_POINT('',(-39.5525387681703,34.4434919606988,-20.9131626694219));
#4143=CARTESIAN_POINT('',(-47.8310869178263,34.4434919606988,-20.9131626694219));
#4144=CARTESIAN_POINT('',(-39.5525387681703,34.4434919606988,-22.3131626694219));
#4145=CARTESIAN_POINT('',(-47.8310869178263,34.4434919606988,-22.3131626694219));
#4146=CARTESIAN_POINT('',(-39.5525387681703,34.4434919606988,-23.7131626694219));
#4147=CARTESIAN_POINT('',(-47.8310869178263,34.4434919606988,-23.7131626694219));
#4148=CARTESIAN_POINT('',(-39.5525387681703,35.8434919606988,-23.7131626694219));
#4149=CARTESIAN_POINT('',(-47.8310869178263,35.8434919606988,-23.7131626694219));
#4150=CARTESIAN_POINT('',(-39.5525387681703,37.2434919606988,-23.7131626694219));
#4151=CARTESIAN_POINT('',(-47.8310869178263,37.2434919606988,-23.7131626694219));
#4152=CARTESIAN_POINT('',(-39.5525387681703,37.2434919606988,-22.3131626694219));
#4153=CARTESIAN_POINT('',(-47.8310869178263,37.2434919606988,-22.3131626694219));
#4154=CARTESIAN_POINT('',(-39.5525387681703,37.2434919606988,-20.9131626694219));
#4155=CARTESIAN_POINT('',(-47.8310869178263,37.2434919606988,-20.9131626694219));
#4156=CARTESIAN_POINT('',(-39.5525387681703,35.8434919606988,-20.9131626694219));
#4157=CARTESIAN_POINT('',(-47.8310869178263,35.8434919606988,-20.9131626694219));
#4158=CARTESIAN_POINT('',(560.78141827079,-128.955645455595,564.066278506172));
#4159=CARTESIAN_POINT('',(560.78141827079,541.954723658227,-349.316330926371));
#4160=CARTESIAN_POINT('',(-41.2424177806417,-821.592079230913,113.639527529441));
#4161=CARTESIAN_POINT('',(-39.1467982198763,23.0660540044284,-20.5161642406815));
#4162=CARTESIAN_POINT('',(-52.294232949061,23.0660540044284,-20.5161642406815));
#4163=CARTESIAN_POINT('',(-39.1467982198763,24.4660540044284,-20.5161642406815));
#4164=CARTESIAN_POINT('',(-52.294232949061,24.4660540044284,-20.5161642406815));
#4165=CARTESIAN_POINT('',(-39.1467982198763,24.4660540044284,-19.1161642406815));
#4166=CARTESIAN_POINT('',(-52.294232949061,24.4660540044284,-19.1161642406815));
#4167=CARTESIAN_POINT('',(-39.1467982198763,24.4660540044284,-17.7161642406815));
#4168=CARTESIAN_POINT('',(-52.294232949061,24.4660540044284,-17.7161642406815));
#4169=CARTESIAN_POINT('',(-39.1467982198763,23.0660540044284,-17.7161642406815));
#4170=CARTESIAN_POINT('',(-52.294232949061,23.0660540044284,-17.7161642406815));
#4171=CARTESIAN_POINT('',(-39.1467982198763,21.6660540044284,-17.7161642406815));
#4172=CARTESIAN_POINT('',(-52.294232949061,21.6660540044284,-17.7161642406815));
#4173=CARTESIAN_POINT('',(-39.1467982198763,21.6660540044284,-19.1161642406815));
#4174=CARTESIAN_POINT('',(-52.294232949061,21.6660540044284,-19.1161642406815));
#4175=CARTESIAN_POINT('',(-39.1467982198763,21.6660540044284,-20.5161642406815));
#4176=CARTESIAN_POINT('',(-52.294232949061,21.6660540044284,-20.5161642406815));
#4177=CARTESIAN_POINT('',(-39.1467982198763,23.0660540044284,-20.5161642406815));
#4178=CARTESIAN_POINT('',(-52.294232949061,23.0660540044284,-20.5161642406815));
#4179=CARTESIAN_POINT('',(-39.5525387681703,19.8432058293005,-26.1119707788753));
#4180=CARTESIAN_POINT('',(-47.8310869178263,19.8432058293005,-26.1119707788753));
#4181=CARTESIAN_POINT('',(-39.5525387681703,18.4432058293005,-26.1119707788753));
#4182=CARTESIAN_POINT('',(-47.8310869178263,18.4432058293005,-26.1119707788753));
#4183=CARTESIAN_POINT('',(-39.5525387681703,18.4432058293005,-27.5119707788753));
#4184=CARTESIAN_POINT('',(-47.8310869178263,18.4432058293005,-27.5119707788753));
#4185=CARTESIAN_POINT('',(-39.5525387681703,18.4432058293005,-28.9119707788753));
#4186=CARTESIAN_POINT('',(-47.8310869178263,18.4432058293005,-28.9119707788753));
#4187=CARTESIAN_POINT('',(-39.5525387681703,19.8432058293005,-28.9119707788753));
#4188=CARTESIAN_POINT('',(-47.8310869178263,19.8432058293005,-28.9119707788753));
#4189=CARTESIAN_POINT('',(-39.5525387681703,21.2432058293006,-28.9119707788753));
#4190=CARTESIAN_POINT('',(-47.8310869178263,21.2432058293006,-28.9119707788753));
#4191=CARTESIAN_POINT('',(-39.5525387681703,21.2432058293006,-27.5119707788753));
#4192=CARTESIAN_POINT('',(-47.8310869178263,21.2432058293006,-27.5119707788753));
#4193=CARTESIAN_POINT('',(-39.5525387681703,21.2432058293006,-26.1119707788753));
#4194=CARTESIAN_POINT('',(-47.8310869178263,21.2432058293006,-26.1119707788753));
#4195=CARTESIAN_POINT('',(-39.5525387681703,19.8432058293005,-26.1119707788753));
#4196=CARTESIAN_POINT('',(-47.8310869178263,19.8432058293005,-26.1119707788753));
#4197=CARTESIAN_POINT('',(-39.5525387681703,26.2889021795562,-26.1119707788753));
#4198=CARTESIAN_POINT('',(-47.8310869178263,26.2889021795562,-26.1119707788753));
#4199=CARTESIAN_POINT('',(-39.5525387681703,24.8889021795563,-26.1119707788753));
#4200=CARTESIAN_POINT('',(-47.8310869178263,24.8889021795563,-26.1119707788753));
#4201=CARTESIAN_POINT('',(-39.5525387681703,24.8889021795562,-27.5119707788753));
#4202=CARTESIAN_POINT('',(-47.8310869178263,24.8889021795562,-27.5119707788753));
#4203=CARTESIAN_POINT('',(-39.5525387681703,24.8889021795563,-28.9119707788753));
#4204=CARTESIAN_POINT('',(-47.8310869178263,24.8889021795563,-28.9119707788753));
#4205=CARTESIAN_POINT('',(-39.5525387681703,26.2889021795562,-28.9119707788753));
#4206=CARTESIAN_POINT('',(-47.8310869178263,26.2889021795562,-28.9119707788753));
#4207=CARTESIAN_POINT('',(-39.5525387681703,27.6889021795562,-28.9119707788753));
#4208=CARTESIAN_POINT('',(-47.8310869178263,27.6889021795562,-28.9119707788753));
#4209=CARTESIAN_POINT('',(-39.5525387681703,27.6889021795563,-27.5119707788753));
#4210=CARTESIAN_POINT('',(-47.8310869178263,27.6889021795563,-27.5119707788753));
#4211=CARTESIAN_POINT('',(-39.5525387681703,27.6889021795562,-26.1119707788753));
#4212=CARTESIAN_POINT('',(-47.8310869178263,27.6889021795562,-26.1119707788753));
#4213=CARTESIAN_POINT('',(-39.5525387681703,26.2889021795562,-26.1119707788753));
#4214=CARTESIAN_POINT('',(-47.8310869178263,26.2889021795562,-26.1119707788753));
#4215=CARTESIAN_POINT('',(560.78141827079,237.657687420555,543.820752699925));
#4216=CARTESIAN_POINT('',(560.78141827079,243.494560789875,-589.445457460754));
#4217=CARTESIAN_POINT('',(-41.2424177806417,-583.851959487526,584.665855025313));
#4218=CARTESIAN_POINT('',(-39.1467982198763,17.8308862563778,-18.8151551262566));
#4219=CARTESIAN_POINT('',(-52.294232949061,17.8308862563778,-18.8151551262566));
#4220=CARTESIAN_POINT('',(-39.1467982198763,19.2308862563779,-18.8151551262566));
#4221=CARTESIAN_POINT('',(-52.294232949061,19.2308862563779,-18.8151551262566));
#4222=CARTESIAN_POINT('',(-39.1467982198763,19.2308862563779,-17.4151551262566));
#4223=CARTESIAN_POINT('',(-52.294232949061,19.2308862563779,-17.4151551262566));
#4224=CARTESIAN_POINT('',(-39.1467982198763,19.2308862563779,-16.0151551262566));
#4225=CARTESIAN_POINT('',(-52.294232949061,19.2308862563779,-16.0151551262566));
#4226=CARTESIAN_POINT('',(-39.1467982198763,17.8308862563778,-16.0151551262566));
#4227=CARTESIAN_POINT('',(-52.294232949061,17.8308862563778,-16.0151551262566));
#4228=CARTESIAN_POINT('',(-39.1467982198763,16.4308862563778,-16.0151551262566));
#4229=CARTESIAN_POINT('',(-52.294232949061,16.4308862563778,-16.0151551262566));
#4230=CARTESIAN_POINT('',(-39.1467982198763,16.4308862563778,-17.4151551262566));
#4231=CARTESIAN_POINT('',(-52.294232949061,16.4308862563778,-17.4151551262566));
#4232=CARTESIAN_POINT('',(-39.1467982198763,16.4308862563778,-18.8151551262566));
#4233=CARTESIAN_POINT('',(-52.294232949061,16.4308862563778,-18.8151551262566));
#4234=CARTESIAN_POINT('',(-39.1467982198763,17.8308862563778,-18.8151551262566));
#4235=CARTESIAN_POINT('',(-52.294232949061,17.8308862563778,-18.8151551262566));
#4236=CARTESIAN_POINT('',(-39.5525387681703,10.288616048158,-20.9131626694219));
#4237=CARTESIAN_POINT('',(-47.8310869178263,10.288616048158,-20.9131626694219));
#4238=CARTESIAN_POINT('',(-39.5525387681703,8.888616048158,-20.9131626694219));
#4239=CARTESIAN_POINT('',(-47.8310869178263,8.888616048158,-20.9131626694219));
#4240=CARTESIAN_POINT('',(-39.5525387681703,8.888616048158,-22.3131626694219));
#4241=CARTESIAN_POINT('',(-47.8310869178263,8.888616048158,-22.3131626694219));
#4242=CARTESIAN_POINT('',(-39.5525387681703,8.888616048158,-23.7131626694219));
#4243=CARTESIAN_POINT('',(-47.8310869178263,8.888616048158,-23.7131626694219));
#4244=CARTESIAN_POINT('',(-39.5525387681703,10.288616048158,-23.7131626694219));
#4245=CARTESIAN_POINT('',(-47.8310869178263,10.288616048158,-23.7131626694219));
#4246=CARTESIAN_POINT('',(-39.5525387681703,11.688616048158,-23.7131626694219));
#4247=CARTESIAN_POINT('',(-47.8310869178263,11.688616048158,-23.7131626694219));
#4248=CARTESIAN_POINT('',(-39.5525387681703,11.688616048158,-22.3131626694219));
#4249=CARTESIAN_POINT('',(-47.8310869178263,11.688616048158,-22.3131626694219));
#4250=CARTESIAN_POINT('',(-39.5525387681703,11.688616048158,-20.9131626694219));
#4251=CARTESIAN_POINT('',(-47.8310869178263,11.688616048158,-20.9131626694219));
#4252=CARTESIAN_POINT('',(-39.5525387681703,10.288616048158,-20.9131626694219));
#4253=CARTESIAN_POINT('',(-47.8310869178263,10.288616048158,-20.9131626694219));
#4254=CARTESIAN_POINT('',(-39.5525387681703,15.5032939360954,-24.7018479248576));
#4255=CARTESIAN_POINT('',(-47.8310869178263,15.5032939360954,-24.7018479248576));
#4256=CARTESIAN_POINT('',(-39.5525387681703,14.1032939360954,-24.7018479248576));
#4257=CARTESIAN_POINT('',(-47.8310869178263,14.1032939360954,-24.7018479248576));
#4258=CARTESIAN_POINT('',(-39.5525387681703,14.1032939360954,-26.1018479248576));
#4259=CARTESIAN_POINT('',(-47.8310869178263,14.1032939360954,-26.1018479248576));
#4260=CARTESIAN_POINT('',(-39.5525387681703,14.1032939360954,-27.5018479248576));
#4261=CARTESIAN_POINT('',(-47.8310869178263,14.1032939360954,-27.5018479248576));
#4262=CARTESIAN_POINT('',(-39.5525387681703,15.5032939360954,-27.5018479248576));
#4263=CARTESIAN_POINT('',(-47.8310869178263,15.5032939360954,-27.5018479248576));
#4264=CARTESIAN_POINT('',(-39.5525387681703,16.9032939360954,-27.5018479248576));
#4265=CARTESIAN_POINT('',(-47.8310869178263,16.9032939360954,-27.5018479248576));
#4266=CARTESIAN_POINT('',(-39.5525387681703,16.9032939360954,-26.1018479248576));
#4267=CARTESIAN_POINT('',(-47.8310869178263,16.9032939360954,-26.1018479248576));
#4268=CARTESIAN_POINT('',(-39.5525387681703,16.9032939360954,-24.7018479248576));
#4269=CARTESIAN_POINT('',(-47.8310869178263,16.9032939360954,-24.7018479248576));
#4270=CARTESIAN_POINT('',(-39.5525387681703,15.5032939360954,-24.7018479248576));
#4271=CARTESIAN_POINT('',(-47.8310869178263,15.5032939360954,-24.7018479248576));
#4272=CARTESIAN_POINT('',(560.78141827079,522.417128655865,311.93629072094));
#4273=CARTESIAN_POINT('',(560.78141827079,-139.04898095837,-608.307974883573));
#4274=CARTESIAN_POINT('',(-41.2424177806417,-120.950700525682,831.953879861969));
#4275=CARTESIAN_POINT('',(-39.1467982198763,14.5953746512754,-11.5618554495188));
#4276=CARTESIAN_POINT('',(-52.2942329490609,14.5953746512754,-11.5618554495188));
#4277=CARTESIAN_POINT('',(-39.1467982198763,13.1953746512754,-11.5618554495188));
#4278=CARTESIAN_POINT('',(-52.2942329490609,13.1953746512754,-11.5618554495188));
#4279=CARTESIAN_POINT('',(-39.1467982198763,13.1953746512754,-12.9618554495188));
#4280=CARTESIAN_POINT('',(-52.2942329490609,13.1953746512754,-12.9618554495188));
#4281=CARTESIAN_POINT('',(-39.1467982198763,13.1953746512754,-14.3618554495188));
#4282=CARTESIAN_POINT('',(-52.2942329490609,13.1953746512754,-14.3618554495188));
#4283=CARTESIAN_POINT('',(-39.1467982198763,14.5953746512754,-14.3618554495188));
#4284=CARTESIAN_POINT('',(-52.2942329490609,14.5953746512754,-14.3618554495188));
#4285=CARTESIAN_POINT('',(-39.1467982198763,15.9953746512754,-14.3618554495188));
#4286=CARTESIAN_POINT('',(-52.2942329490609,15.9953746512754,-14.3618554495188));
#4287=CARTESIAN_POINT('',(-39.1467982198763,15.9953746512754,-12.9618554495188));
#4288=CARTESIAN_POINT('',(-52.2942329490609,15.9953746512754,-12.9618554495188));
#4289=CARTESIAN_POINT('',(-39.1467982198763,15.9953746512754,-11.5618554495188));
#4290=CARTESIAN_POINT('',(-52.2942329490609,15.9953746512754,-11.5618554495188));
#4291=CARTESIAN_POINT('',(-39.1467982198763,14.5953746512754,-11.5618554495188));
#4292=CARTESIAN_POINT('',(-52.2942329490609,14.5953746512754,-11.5618554495188));
#4293=CARTESIAN_POINT('',(-39.5525387681703,5.6145732771678,-13.8911915933198));
#4294=CARTESIAN_POINT('',(-47.8310869178263,5.6145732771678,-13.8911915933198));
#4295=CARTESIAN_POINT('',(-39.5525387681703,7.0145732771678,-13.8911915933198));
#4296=CARTESIAN_POINT('',(-47.8310869178263,7.0145732771678,-13.8911915933198));
#4297=CARTESIAN_POINT('',(-39.5525387681703,7.0145732771678,-12.4911915933198));
#4298=CARTESIAN_POINT('',(-47.8310869178263,7.0145732771678,-12.4911915933198));
#4299=CARTESIAN_POINT('',(-39.5525387681703,7.0145732771678,-11.0911915933198));
#4300=CARTESIAN_POINT('',(-47.8310869178263,7.0145732771678,-11.0911915933198));
#4301=CARTESIAN_POINT('',(-39.5525387681703,5.6145732771678,-11.0911915933198));
#4302=CARTESIAN_POINT('',(-47.8310869178263,5.6145732771678,-11.0911915933198));
#4303=CARTESIAN_POINT('',(-39.5525387681703,4.2145732771678,-11.0911915933198));
#4304=CARTESIAN_POINT('',(-47.8310869178263,4.2145732771678,-11.0911915933198));
#4305=CARTESIAN_POINT('',(-39.5525387681703,4.2145732771678,-12.4911915933198));
#4306=CARTESIAN_POINT('',(-47.8310869178263,4.2145732771678,-12.4911915933198));
#4307=CARTESIAN_POINT('',(-39.5525387681703,4.2145732771678,-13.8911915933198));
#4308=CARTESIAN_POINT('',(-47.8310869178263,4.2145732771678,-13.8911915933198));
#4309=CARTESIAN_POINT('',(-39.5525387681703,5.6145732771678,-13.8911915933198));
#4310=CARTESIAN_POINT('',(-47.8310869178263,5.6145732771678,-13.8911915933198));
#4311=CARTESIAN_POINT('',(-39.5525387681703,7.6064029899773,-17.2214131092903));
#4312=CARTESIAN_POINT('',(-47.8310869178263,7.6064029899773,-17.2214131092903));
#4313=CARTESIAN_POINT('',(-39.5525387681703,6.2064029899773,-17.2214131092903));
#4314=CARTESIAN_POINT('',(-47.8310869178263,6.2064029899773,-17.2214131092903));
#4315=CARTESIAN_POINT('',(-39.5525387681703,6.2064029899773,-18.6214131092903));
#4316=CARTESIAN_POINT('',(-47.8310869178263,6.2064029899773,-18.6214131092903));
#4317=CARTESIAN_POINT('',(-39.5525387681703,6.2064029899773,-20.0214131092903));
#4318=CARTESIAN_POINT('',(-47.8310869178263,6.2064029899773,-20.0214131092903));
#4319=CARTESIAN_POINT('',(-39.5525387681703,7.6064029899773,-20.0214131092903));
#4320=CARTESIAN_POINT('',(-47.8310869178263,7.6064029899773,-20.0214131092903));
#4321=CARTESIAN_POINT('',(-39.5525387681703,9.0064029899773,-20.0214131092903));
#4322=CARTESIAN_POINT('',(-47.8310869178263,9.0064029899773,-20.0214131092903));
#4323=CARTESIAN_POINT('',(-39.5525387681703,9.0064029899773,-18.6214131092903));
#4324=CARTESIAN_POINT('',(-47.8310869178263,9.0064029899773,-18.6214131092903));
#4325=CARTESIAN_POINT('',(-39.5525387681703,9.0064029899773,-17.2214131092903));
#4326=CARTESIAN_POINT('',(-47.8310869178263,9.0064029899773,-17.2214131092903));
#4327=CARTESIAN_POINT('',(-39.5525387681703,7.6064029899773,-17.2214131092903));
#4328=CARTESIAN_POINT('',(-47.8310869178263,7.6064029899773,-17.2214131092903));
#4329=CARTESIAN_POINT('',(560.78141827079,616.003876195353,-43.0784181729887));
#4330=CARTESIAN_POINT('',(560.78141827079,-459.810658077796,-398.929749397159));
#4331=CARTESIAN_POINT('',(-41.2424177806417,402.242434787871,752.05831671867));
#4332=CARTESIAN_POINT('',(-39.1467982198762,14.5953746512754,-6.05727432489317));
#4333=CARTESIAN_POINT('',(-52.294232949061,14.5953746512754,-6.05727432489317));
#4334=CARTESIAN_POINT('',(-39.1467982198762,13.1953746512754,-6.05727432489317));
#4335=CARTESIAN_POINT('',(-52.294232949061,13.1953746512754,-6.05727432489317));
#4336=CARTESIAN_POINT('',(-39.1467982198762,13.1953746512754,-7.45727432489317));
#4337=CARTESIAN_POINT('',(-52.294232949061,13.1953746512754,-7.45727432489317));
#4338=CARTESIAN_POINT('',(-39.1467982198762,13.1953746512754,-8.85727432489317));
#4339=CARTESIAN_POINT('',(-52.294232949061,13.1953746512754,-8.85727432489317));
#4340=CARTESIAN_POINT('',(-39.1467982198762,14.5953746512754,-8.85727432489317));
#4341=CARTESIAN_POINT('',(-52.294232949061,14.5953746512754,-8.85727432489317));
#4342=CARTESIAN_POINT('',(-39.1467982198762,15.9953746512754,-8.85727432489317));
#4343=CARTESIAN_POINT('',(-52.294232949061,15.9953746512754,-8.85727432489317));
#4344=CARTESIAN_POINT('',(-39.1467982198762,15.9953746512754,-7.45727432489317));
#4345=CARTESIAN_POINT('',(-52.294232949061,15.9953746512754,-7.45727432489317));
#4346=CARTESIAN_POINT('',(-39.1467982198762,15.9953746512754,-6.05727432489317));
#4347=CARTESIAN_POINT('',(-52.294232949061,15.9953746512754,-6.05727432489317));
#4348=CARTESIAN_POINT('',(-39.1467982198762,14.5953746512754,-6.05727432489317));
#4349=CARTESIAN_POINT('',(-52.294232949061,14.5953746512754,-6.05727432489317));
#4350=CARTESIAN_POINT('',(-39.5525387681703,7.6064029899774,-3.19771666512167));
#4351=CARTESIAN_POINT('',(-47.8310869178263,7.6064029899774,-3.19771666512167));
#4352=CARTESIAN_POINT('',(-39.5525387681703,9.0064029899774,-3.19771666512167));
#4353=CARTESIAN_POINT('',(-47.8310869178263,9.0064029899774,-3.19771666512167));
#4354=CARTESIAN_POINT('',(-39.5525387681703,9.0064029899774,-1.79771666512167));
#4355=CARTESIAN_POINT('',(-47.8310869178263,9.0064029899774,-1.79771666512167));
#4356=CARTESIAN_POINT('',(-39.5525387681703,9.0064029899774,-0.397716665121672));
#4357=CARTESIAN_POINT('',(-47.8310869178263,9.0064029899774,-0.397716665121672));
#4358=CARTESIAN_POINT('',(-39.5525387681703,7.6064029899774,-0.397716665121671));
#4359=CARTESIAN_POINT('',(-47.8310869178263,7.6064029899774,-0.397716665121671));
#4360=CARTESIAN_POINT('',(-39.5525387681703,6.2064029899774,-0.397716665121671));
#4361=CARTESIAN_POINT('',(-47.8310869178263,6.2064029899774,-0.397716665121671));
#4362=CARTESIAN_POINT('',(-39.5525387681703,6.2064029899774,-1.79771666512167));
#4363=CARTESIAN_POINT('',(-47.8310869178263,6.2064029899774,-1.79771666512167));
#4364=CARTESIAN_POINT('',(-39.5525387681703,6.2064029899774,-3.19771666512167));
#4365=CARTESIAN_POINT('',(-47.8310869178263,6.2064029899774,-3.19771666512167));
#4366=CARTESIAN_POINT('',(-39.5525387681703,7.6064029899774,-3.19771666512167));
#4367=CARTESIAN_POINT('',(-47.8310869178263,7.6064029899774,-3.19771666512167));
#4368=CARTESIAN_POINT('',(-39.5525387681703,5.6145732771678,-6.52793818109224));
#4369=CARTESIAN_POINT('',(-47.8310869178263,5.6145732771678,-6.52793818109224));
#4370=CARTESIAN_POINT('',(-39.5525387681703,4.2145732771678,-6.52793818109224));
#4371=CARTESIAN_POINT('',(-47.8310869178263,4.2145732771678,-6.52793818109224));
#4372=CARTESIAN_POINT('',(-39.5525387681703,4.2145732771678,-7.92793818109224));
#4373=CARTESIAN_POINT('',(-47.8310869178263,4.2145732771678,-7.92793818109224));
#4374=CARTESIAN_POINT('',(-39.5525387681703,4.2145732771678,-9.32793818109224));
#4375=CARTESIAN_POINT('',(-47.8310869178263,4.2145732771678,-9.32793818109224));
#4376=CARTESIAN_POINT('',(-39.5525387681703,5.6145732771678,-9.32793818109224));
#4377=CARTESIAN_POINT('',(-47.8310869178263,5.6145732771678,-9.32793818109224));
#4378=CARTESIAN_POINT('',(-39.5525387681703,7.0145732771678,-9.32793818109224));
#4379=CARTESIAN_POINT('',(-47.8310869178263,7.0145732771678,-9.32793818109224));
#4380=CARTESIAN_POINT('',(-39.5525387681703,7.0145732771678,-7.92793818109224));
#4381=CARTESIAN_POINT('',(-47.8310869178263,7.0145732771678,-7.92793818109224));
#4382=CARTESIAN_POINT('',(-39.5525387681703,7.0145732771678,-6.52793818109224));
#4383=CARTESIAN_POINT('',(-47.8310869178263,7.0145732771678,-6.52793818109224));
#4384=CARTESIAN_POINT('',(-39.5525387681703,5.6145732771678,-6.52793818109224));
#4385=CARTESIAN_POINT('',(-47.8310869178263,5.6145732771678,-6.52793818109224));
#4386=CARTESIAN_POINT('',(560.78141827079,483.774532813989,-385.589601920683));
#4387=CARTESIAN_POINT('',(560.78141827079,-595.647387589428,-40.8406636018747));
#4388=CARTESIAN_POINT('',(-41.2424177806417,778.578389800496,385.765526696401));
#4389=CARTESIAN_POINT('',(-39.1467982198762,17.8308862563778,-1.60397464815544));
#4390=CARTESIAN_POINT('',(-52.2942329490609,17.8308862563778,-1.60397464815544));
#4391=CARTESIAN_POINT('',(-39.1467982198762,16.4308862563779,-1.60397464815544));
#4392=CARTESIAN_POINT('',(-52.2942329490609,16.4308862563779,-1.60397464815544));
#4393=CARTESIAN_POINT('',(-39.1467982198762,16.4308862563779,-3.00397464815544));
#4394=CARTESIAN_POINT('',(-52.2942329490609,16.4308862563779,-3.00397464815544));
#4395=CARTESIAN_POINT('',(-39.1467982198762,16.4308862563779,-4.40397464815544));
#4396=CARTESIAN_POINT('',(-52.2942329490609,16.4308862563779,-4.40397464815544));
#4397=CARTESIAN_POINT('',(-39.1467982198762,17.8308862563778,-4.40397464815544));
#4398=CARTESIAN_POINT('',(-52.2942329490609,17.8308862563778,-4.40397464815544));
#4399=CARTESIAN_POINT('',(-39.1467982198762,19.2308862563778,-4.40397464815544));
#4400=CARTESIAN_POINT('',(-52.2942329490609,19.2308862563778,-4.40397464815544));
#4401=CARTESIAN_POINT('',(-39.1467982198762,19.2308862563778,-3.00397464815544));
#4402=CARTESIAN_POINT('',(-52.2942329490609,19.2308862563778,-3.00397464815544));
#4403=CARTESIAN_POINT('',(-39.1467982198762,19.2308862563778,-1.60397464815544));
#4404=CARTESIAN_POINT('',(-52.2942329490609,19.2308862563778,-1.60397464815544));
#4405=CARTESIAN_POINT('',(-39.1467982198762,17.8308862563778,-1.60397464815544));
#4406=CARTESIAN_POINT('',(-52.2942329490609,17.8308862563778,-1.60397464815544));
#4407=CARTESIAN_POINT('',(-39.5525387681703,15.5032939360955,4.28271815044559));
#4408=CARTESIAN_POINT('',(-47.8310869178263,15.5032939360955,4.28271815044559));
#4409=CARTESIAN_POINT('',(-39.5525387681703,16.9032939360955,4.28271815044559));
#4410=CARTESIAN_POINT('',(-47.8310869178263,16.9032939360955,4.28271815044559));
#4411=CARTESIAN_POINT('',(-39.5525387681703,16.9032939360955,5.68271815044559));
#4412=CARTESIAN_POINT('',(-47.8310869178263,16.9032939360955,5.68271815044559));
#4413=CARTESIAN_POINT('',(-39.5525387681703,16.9032939360955,7.08271815044559));
#4414=CARTESIAN_POINT('',(-47.8310869178263,16.9032939360955,7.08271815044559));
#4415=CARTESIAN_POINT('',(-39.5525387681703,15.5032939360955,7.08271815044559));
#4416=CARTESIAN_POINT('',(-47.8310869178263,15.5032939360955,7.08271815044559));
#4417=CARTESIAN_POINT('',(-39.5525387681703,14.1032939360955,7.08271815044559));
#4418=CARTESIAN_POINT('',(-47.8310869178263,14.1032939360955,7.08271815044559));
#4419=CARTESIAN_POINT('',(-39.5525387681703,14.1032939360955,5.68271815044559));
#4420=CARTESIAN_POINT('',(-47.8310869178263,14.1032939360955,5.68271815044559));
#4421=CARTESIAN_POINT('',(-39.5525387681703,14.1032939360955,4.28271815044559));
#4422=CARTESIAN_POINT('',(-47.8310869178263,14.1032939360955,4.28271815044559));
#4423=CARTESIAN_POINT('',(-39.5525387681703,15.5032939360955,4.28271815044559));
#4424=CARTESIAN_POINT('',(-47.8310869178263,15.5032939360955,4.28271815044559));
#4425=CARTESIAN_POINT('',(-39.5525387681703,10.288616048158,3.29403289500989));
#4426=CARTESIAN_POINT('',(-47.8310869178263,10.288616048158,3.29403289500989));
#4427=CARTESIAN_POINT('',(-39.5525387681703,8.888616048158,3.29403289500989));
#4428=CARTESIAN_POINT('',(-47.8310869178263,8.888616048158,3.29403289500989));
#4429=CARTESIAN_POINT('',(-39.5525387681703,8.888616048158,1.89403289500989));
#4430=CARTESIAN_POINT('',(-47.8310869178263,8.888616048158,1.89403289500989));
#4431=CARTESIAN_POINT('',(-39.5525387681703,8.888616048158,0.494032895009889));
#4432=CARTESIAN_POINT('',(-47.8310869178263,8.888616048158,0.494032895009889));
#4433=CARTESIAN_POINT('',(-39.5525387681703,10.288616048158,0.494032895009889));
#4434=CARTESIAN_POINT('',(-47.8310869178263,10.288616048158,0.494032895009889));
#4435=CARTESIAN_POINT('',(-39.5525387681703,11.688616048158,0.494032895009889));
#4436=CARTESIAN_POINT('',(-47.8310869178263,11.688616048158,0.494032895009889));
#4437=CARTESIAN_POINT('',(-39.5525387681703,11.688616048158,1.89403289500989));
#4438=CARTESIAN_POINT('',(-47.8310869178263,11.688616048158,1.89403289500989));
#4439=CARTESIAN_POINT('',(-39.5525387681703,11.688616048158,3.29403289500989));
#4440=CARTESIAN_POINT('',(-47.8310869178263,11.688616048158,3.29403289500989));
#4441=CARTESIAN_POINT('',(-39.5525387681703,10.288616048158,3.29403289500989));
#4442=CARTESIAN_POINT('',(-47.8310869178263,10.288616048158,3.29403289500989));
#4443=CARTESIAN_POINT('',(560.78141827079,175.087753464453,-584.485408280584));
#4444=CARTESIAN_POINT('',(560.78141827079,-495.822615649371,328.897201151959));
#4445=CARTESIAN_POINT('',(-41.2424177806417,867.72418723977,-134.058657303853));
#4446=CARTESIAN_POINT('',(-52.9064177806417,-604.456252291067,-637.731871182702));
#4447=CARTESIAN_POINT('',(-52.9064177806417,-582.933945995572,-616.209564887206));
#4448=CARTESIAN_POINT('',(-38.7424177806417,-598.073945995572,-621.669564887206));
#4449=CARTESIAN_POINT('',(-40.3424177806417,623.341054004443,-613.865170718806));
#4450=CARTESIAN_POINT('',(-40.3424177806417,626.69105400443,-613.865170718806));
#4451=CARTESIAN_POINT('',(562.617582219358,22.0160540044284,593.446040944394));
#4452=CARTESIAN_POINT('',(562.597582219358,-579.393945995572,-11.259564887206));
#4453=CARTESIAN_POINT('',(562.617582219358,24.1160540044284,593.446040944394));
#4454=CARTESIAN_POINT('',(562.597582219358,625.526054004428,-9.15956488720601));
#4455=CARTESIAN_POINT('',(-40.1724177806417,8.6660540044284,-12.259564887206));
#4456=CARTESIAN_POINT('',(-35.0124177806417,8.6660540044284,-12.259564887206));
#4457=CARTESIAN_POINT('',(-40.1724177806417,6.6160540044284,-12.259564887206));
#4458=CARTESIAN_POINT('',(-35.0124177806417,6.6160540044284,-12.259564887206));
#4459=CARTESIAN_POINT('',(-40.1724177806417,6.6160540044284,-10.209564887206));
#4460=CARTESIAN_POINT('',(-35.0124177806417,6.6160540044284,-10.209564887206));
#4461=CARTESIAN_POINT('',(-40.1724177806417,6.6160540044284,-8.15956488720601));
#4462=CARTESIAN_POINT('',(-35.0124177806417,6.6160540044284,-8.15956488720601));
#4463=CARTESIAN_POINT('',(-40.1724177806417,8.6660540044284,-8.15956488720601));
#4464=CARTESIAN_POINT('',(-35.0124177806417,8.6660540044284,-8.15956488720601));
#4465=CARTESIAN_POINT('',(-40.1724177806417,10.7160540044284,-8.15956488720601));
#4466=CARTESIAN_POINT('',(-35.0124177806417,10.7160540044284,-8.15956488720601));
#4467=CARTESIAN_POINT('',(-40.1724177806417,10.7160540044284,-10.209564887206));
#4468=CARTESIAN_POINT('',(-35.0124177806417,10.7160540044284,-10.209564887206));
#4469=CARTESIAN_POINT('',(-40.1724177806417,10.7160540044284,-12.259564887206));
#4470=CARTESIAN_POINT('',(-35.0124177806417,10.7160540044284,-12.259564887206));
#4471=CARTESIAN_POINT('',(-40.1724177806417,8.6660540044284,-12.259564887206));
#4472=CARTESIAN_POINT('',(-35.0124177806417,8.6660540044284,-12.259564887206));
#4473=CARTESIAN_POINT('',(564.987582219358,-591.898462157398,-59.1021623448513));
#4474=CARTESIAN_POINT('',(564.987582219358,20.9559592194284,-608.644564887206));
#4475=CARTESIAN_POINT('',(-40.1724177806417,23.0559592194284,-5.85956488720601));
#4476=CARTESIAN_POINT('',(-35.0124177806417,23.0559592194284,-5.85956488720601));
#4477=CARTESIAN_POINT('',(-40.1724177806417,20.9559592194284,-5.85956488720601));
#4478=CARTESIAN_POINT('',(-35.0124177806417,20.9559592194284,-5.85956488720601));
#4479=CARTESIAN_POINT('',(-40.1724177806417,20.9559592194284,-3.75956488720601));
#4480=CARTESIAN_POINT('',(-35.0124177806417,20.9559592194284,-3.75956488720601));
#4481=CARTESIAN_POINT('',(-40.1724177806417,20.9559592194284,-1.65956488720601));
#4482=CARTESIAN_POINT('',(-35.0124177806417,20.9559592194284,-1.65956488720601));
#4483=CARTESIAN_POINT('',(-40.1724177806417,23.0559592194284,-1.65956488720601));
#4484=CARTESIAN_POINT('',(-35.0124177806417,23.0559592194284,-1.65956488720601));
#4485=CARTESIAN_POINT('',(-40.1724177806417,25.1559592194284,-1.65956488720601));
#4486=CARTESIAN_POINT('',(-35.0124177806417,25.1559592194284,-1.65956488720601));
#4487=CARTESIAN_POINT('',(-40.1724177806417,25.1559592194284,-3.75956488720601));
#4488=CARTESIAN_POINT('',(-35.0124177806417,25.1559592194284,-3.75956488720601));
#4489=CARTESIAN_POINT('',(-40.1724177806417,25.1559592194284,-5.85956488720601));
#4490=CARTESIAN_POINT('',(-35.0124177806417,25.1559592194284,-5.85956488720601));
#4491=CARTESIAN_POINT('',(-40.1724177806417,23.0559592194284,-5.85956488720601));
#4492=CARTESIAN_POINT('',(-35.0124177806417,23.0559592194284,-5.85956488720601));
#4493=CARTESIAN_POINT('',(564.987582219358,25.1559592194284,597.742329161094));
#4494=CARTESIAN_POINT('',(564.987582219358,639.793345637895,-63.7615603640158));
#4495=CARTESIAN_POINT('',(-40.1724177806417,39.4160540044284,-12.309564887206));
#4496=CARTESIAN_POINT('',(-35.0124177806417,39.4160540044284,-12.309564887206));
#4497=CARTESIAN_POINT('',(-40.1724177806417,37.3160540044284,-12.309564887206));
#4498=CARTESIAN_POINT('',(-35.0124177806417,37.3160540044284,-12.309564887206));
#4499=CARTESIAN_POINT('',(-40.1724177806417,37.3160540044284,-10.209564887206));
#4500=CARTESIAN_POINT('',(-35.0124177806417,37.3160540044284,-10.209564887206));
#4501=CARTESIAN_POINT('',(-40.1724177806417,37.3160540044284,-8.10956488720601));
#4502=CARTESIAN_POINT('',(-35.0124177806417,37.3160540044284,-8.10956488720601));
#4503=CARTESIAN_POINT('',(-40.1724177806417,39.4160540044284,-8.10956488720601));
#4504=CARTESIAN_POINT('',(-35.0124177806417,39.4160540044284,-8.10956488720601));
#4505=CARTESIAN_POINT('',(-40.1724177806417,41.5160540044284,-8.10956488720601));
#4506=CARTESIAN_POINT('',(-35.0124177806417,41.5160540044284,-8.10956488720601));
#4507=CARTESIAN_POINT('',(-40.1724177806417,41.5160540044284,-10.209564887206));
#4508=CARTESIAN_POINT('',(-35.0124177806417,41.5160540044284,-10.209564887206));
#4509=CARTESIAN_POINT('',(-40.1724177806417,41.5160540044284,-12.309564887206));
#4510=CARTESIAN_POINT('',(-35.0124177806417,41.5160540044284,-12.309564887206));
#4511=CARTESIAN_POINT('',(-40.1724177806417,39.4160540044284,-12.309564887206));
#4512=CARTESIAN_POINT('',(-35.0124177806417,39.4160540044284,-12.309564887206));
#4513=CARTESIAN_POINT('',(564.987582219358,639.793345637895,43.3424305896038));
#4514=CARTESIAN_POINT('',(564.987582219358,25.1559592194284,587.861269644094));
#4515=CARTESIAN_POINT('',(-40.1724177806417,23.0559592194284,-14.559564887206));
#4516=CARTESIAN_POINT('',(-35.0124177806417,23.0559592194284,-14.559564887206));
#4517=CARTESIAN_POINT('',(-40.1724177806417,25.1559592194284,-14.559564887206));
#4518=CARTESIAN_POINT('',(-35.0124177806417,25.1559592194284,-14.559564887206));
#4519=CARTESIAN_POINT('',(-40.1724177806417,25.1559592194284,-16.659564887206));
#4520=CARTESIAN_POINT('',(-35.0124177806417,25.1559592194284,-16.659564887206));
#4521=CARTESIAN_POINT('',(-40.1724177806417,25.1559592194284,-18.759564887206));
#4522=CARTESIAN_POINT('',(-35.0124177806417,25.1559592194284,-18.759564887206));
#4523=CARTESIAN_POINT('',(-40.1724177806417,23.0559592194284,-18.759564887206));
#4524=CARTESIAN_POINT('',(-35.0124177806417,23.0559592194284,-18.759564887206));
#4525=CARTESIAN_POINT('',(-40.1724177806417,20.9559592194284,-18.759564887206));
#4526=CARTESIAN_POINT('',(-35.0124177806417,20.9559592194284,-18.759564887206));
#4527=CARTESIAN_POINT('',(-40.1724177806417,20.9559592194284,-16.659564887206));
#4528=CARTESIAN_POINT('',(-35.0124177806417,20.9559592194284,-16.659564887206));
#4529=CARTESIAN_POINT('',(-40.1724177806417,20.9559592194284,-14.559564887206));
#4530=CARTESIAN_POINT('',(-35.0124177806417,20.9559592194284,-14.559564887206));
#4531=CARTESIAN_POINT('',(-40.1724177806417,23.0559592194284,-14.559564887206));
#4532=CARTESIAN_POINT('',(-35.0124177806417,23.0559592194284,-14.559564887206));
#4533=CARTESIAN_POINT('',(564.987582219358,20.9559592194284,-618.194564887206));
#4534=CARTESIAN_POINT('',(564.987582219358,-591.898462157398,38.6830325704393));
#4535=CARTESIAN_POINT('',(-55.3828177806417,23.0660540044284,-12.509564887206));
#4536=CARTESIAN_POINT('',(-37.6660177806416,23.0660540044284,-12.509564887206));
#4537=CARTESIAN_POINT('',(-55.3828177806417,20.7660540044284,-12.509564887206));
#4538=CARTESIAN_POINT('',(-37.6660177806416,20.7660540044284,-12.509564887206));
#4539=CARTESIAN_POINT('',(-55.3828177806417,20.7660540044284,-10.209564887206));
#4540=CARTESIAN_POINT('',(-37.6660177806416,20.7660540044284,-10.209564887206));
#4541=CARTESIAN_POINT('',(-55.3828177806417,20.7660540044284,-7.90956488720601));
#4542=CARTESIAN_POINT('',(-37.6660177806416,20.7660540044284,-7.90956488720601));
#4543=CARTESIAN_POINT('',(-55.3828177806417,23.0660540044284,-7.90956488720601));
#4544=CARTESIAN_POINT('',(-37.6660177806416,23.0660540044284,-7.90956488720601));
#4545=CARTESIAN_POINT('',(-37.5242099867774,23.0660540044284,10.040435112794));
#4546=CARTESIAN_POINT('',(-37.5242099867774,2.8160540044284,10.040435112794));
#4547=CARTESIAN_POINT('',(-37.5242099867774,2.8160540044284,-10.209564887206));
#4548=CARTESIAN_POINT('',(-37.5242099867774,2.8160540044284,-30.459564887206));
#4549=CARTESIAN_POINT('',(-37.5242099867774,23.0660540044284,-30.459564887206));
#4550=CARTESIAN_POINT('',(-43.3606255745059,23.0660540044284,10.040435112794));
#4551=CARTESIAN_POINT('',(-43.3606255745059,2.8160540044284,10.040435112794));
#4552=CARTESIAN_POINT('',(-43.3606255745059,2.8160540044284,-10.209564887206));
#4553=CARTESIAN_POINT('',(-43.3606255745059,2.8160540044284,-30.459564887206));
#4554=CARTESIAN_POINT('',(-43.3606255745059,23.0660540044284,-30.459564887206));
#4555=CARTESIAN_POINT('',(-59.2605779524215,23.0660540044284,-10.209564887206));
#4556=CARTESIAN_POINT('',(-59.2605779524215,23.0660540044284,-10.209564887206));
#4557=CARTESIAN_POINT('',(-59.2605779524215,23.0660540044284,-10.209564887206));
#4558=CARTESIAN_POINT('',(-59.2605779524215,23.0660540044284,-10.209564887206));
#4559=CARTESIAN_POINT('',(-59.2605779524215,23.0660540044284,-10.209564887206));
#4560=CARTESIAN_POINT('',(-33.9317971815504,23.0660540044284,-35.538345658077));
#4561=CARTESIAN_POINT('',(-33.9317971815504,-2.26272676644263,-35.538345658077));
#4562=CARTESIAN_POINT('',(-33.9317971815504,-2.26272676644264,-10.209564887206));
#4563=CARTESIAN_POINT('',(-33.9317971815504,-2.26272676644264,15.119215883665));
#4564=CARTESIAN_POINT('',(-33.9317971815504,23.0660540044284,15.119215883665));
#4565=CARTESIAN_POINT('',(15.6037744235045,23.0660540044284,-10.209564887206));
#4566=CARTESIAN_POINT('',(15.6037744235045,23.0660540044284,-10.209564887206));
#4567=CARTESIAN_POINT('',(15.6037744235045,23.0660540044284,-10.209564887206));
#4568=CARTESIAN_POINT('',(15.6037744235045,23.0660540044284,-10.209564887206));
#4569=CARTESIAN_POINT('',(15.6037744235045,23.0660540044284,-10.209564887206));
#4570=CARTESIAN_POINT('',(-43.818232419143,23.0660540044284,14.41652847207));
#4571=CARTESIAN_POINT('',(-43.818232419143,-1.56003935484764,14.41652847207));
#4572=CARTESIAN_POINT('',(-43.818232419143,-1.56003935484765,-10.209564887206));
#4573=CARTESIAN_POINT('',(-43.818232419143,-1.56003935484765,-34.835658246482));
#4574=CARTESIAN_POINT('',(-43.818232419143,23.0660540044284,-34.8356582464821));
#4575=CARTESIAN_POINT('',(-21.6242576088618,23.0660540044284,-10.209564887206));
#4576=CARTESIAN_POINT('',(-21.6242576088618,23.0660540044284,-10.209564887206));
#4577=CARTESIAN_POINT('',(-21.6242576088618,23.0660540044284,-10.209564887206));
#4578=CARTESIAN_POINT('',(-21.6242576088618,23.0660540044284,-10.209564887206));
#4579=CARTESIAN_POINT('',(-21.6242576088618,23.0660540044284,-10.209564887206));
#4580=CARTESIAN_POINT('',(-47.1005486237219,23.0660540044284,15.2667261276541));
#4581=CARTESIAN_POINT('',(-47.1005486237219,-2.41023701043166,15.2667261276541));
#4582=CARTESIAN_POINT('',(-47.1005486237219,-2.41023701043166,-10.209564887206));
#4583=CARTESIAN_POINT('',(-47.1005486237219,-2.41023701043166,-35.6858559020661));
#4584=CARTESIAN_POINT('',(-47.1005486237219,23.0660540044284,-35.6858559020661));
#4585=CARTESIAN_POINT('',(-36.4424177806417,650.149280566092,616.873661674457));
#4586=CARTESIAN_POINT('',(-40.1424177806417,625.526054004428,-610.513075431463));
#4587=CARTESIAN_POINT('',(-40.1424177806417,625.526054004428,-614.148180874034));
#4588=CARTESIAN_POINT('',(-47.0372982510142,23.0660540044284,-32.2789203552606));
#4589=CARTESIAN_POINT('',(-47.0372982510142,0.996698536373802,-32.2789203552606));
#4590=CARTESIAN_POINT('',(-47.0372982510142,0.996698536373799,-10.209564887206));
#4591=CARTESIAN_POINT('',(-47.0372982510142,0.996698536373799,11.8597905808486));
#4592=CARTESIAN_POINT('',(-47.0372982510142,23.0660540044284,11.8597905808486));
#4593=CARTESIAN_POINT('',(-42.2987326065439,23.0660540044284,-32.2789203552606));
#4594=CARTESIAN_POINT('',(-42.2987326065439,0.996698536373802,-32.2789203552606));
#4595=CARTESIAN_POINT('',(-42.2987326065439,0.996698536373799,-10.209564887206));
#4596=CARTESIAN_POINT('',(-42.2987326065439,0.996698536373799,11.8597905808486));
#4597=CARTESIAN_POINT('',(-42.2987326065439,23.0660540044284,11.8597905808486));
#4598=CARTESIAN_POINT('',(-67.7117732486963,23.0660540044284,-10.209564887206));
#4599=CARTESIAN_POINT('',(-67.7117732486963,23.0660540044284,-10.209564887206));
#4600=CARTESIAN_POINT('',(-67.7117732486963,23.0660540044284,-10.209564887206));
#4601=CARTESIAN_POINT('',(-67.7117732486963,23.0660540044284,-10.209564887206));
#4602=CARTESIAN_POINT('',(-67.7117732486963,23.0660540044284,-10.209564887206));
#4603=CARTESIAN_POINT('',(-42.2354822338362,23.0660540044284,-35.6858559020661));
#4604=CARTESIAN_POINT('',(-42.2354822338362,-2.41023701043165,-35.6858559020661));
#4605=CARTESIAN_POINT('',(-42.2354822338362,-2.41023701043166,-10.209564887206));
#4606=CARTESIAN_POINT('',(-42.2354822338362,-2.41023701043166,15.266726127654));
#4607=CARTESIAN_POINT('',(-42.2354822338362,23.0660540044284,15.266726127654));
#4608=CARTESIAN_POINT('',(-51.7973280246307,23.0660540044284,-30.4789203552606));
#4609=CARTESIAN_POINT('',(-51.7973280246307,2.7966985363738,-30.4789203552606));
#4610=CARTESIAN_POINT('',(-51.7973280246307,2.7966985363738,-10.209564887206));
#4611=CARTESIAN_POINT('',(-51.7973280246307,2.7966985363738,10.0597905808486));
#4612=CARTESIAN_POINT('',(-51.7973280246307,23.0660540044284,10.0597905808486));
#4613=CARTESIAN_POINT('',(-45.9556077584608,23.0660540044284,-30.4789203552606));
#4614=CARTESIAN_POINT('',(-45.9556077584608,2.7966985363738,-30.4789203552606));
#4615=CARTESIAN_POINT('',(-45.9556077584608,2.7966985363738,-10.209564887206));
#4616=CARTESIAN_POINT('',(-45.9556077584608,2.7966985363738,10.0597905808486));
#4617=CARTESIAN_POINT('',(-45.9556077584608,23.0660540044284,10.0597905808486));
#4618=CARTESIAN_POINT('',(-54.1994177806416,23.0660540044284,-32.1448201334524));
#4619=CARTESIAN_POINT('',(-54.1994177806416,1.130798758182,-32.1448201334524));
#4620=CARTESIAN_POINT('',(-54.1994177806416,1.13079875818199,-10.209564887206));
#4621=CARTESIAN_POINT('',(-54.1994177806416,1.13079875818199,11.7256903590404));
#4622=CARTESIAN_POINT('',(-54.1994177806416,23.0660540044284,11.7256903590404));
#4623=CARTESIAN_POINT('',(-50.6834177806416,23.0660540044284,-32.1448201334524));
#4624=CARTESIAN_POINT('',(-50.6834177806416,1.130798758182,-32.1448201334524));
#4625=CARTESIAN_POINT('',(-50.6834177806416,1.13079875818199,-10.209564887206));
#4626=CARTESIAN_POINT('',(-50.6834177806416,1.13079875818199,11.7256903590404));
#4627=CARTESIAN_POINT('',(-50.6834177806416,23.0660540044284,11.7256903590404));
#4628=CARTESIAN_POINT('',(-30.0411625343952,23.0660540044284,-10.209564887206));
#4629=CARTESIAN_POINT('',(-30.0411625343952,23.0660540044284,-10.209564887206));
#4630=CARTESIAN_POINT('',(-30.0411625343952,23.0660540044284,-10.209564887206));
#4631=CARTESIAN_POINT('',(-30.0411625343952,23.0660540044284,-10.209564887206));
#4632=CARTESIAN_POINT('',(-30.0411625343952,23.0660540044284,-10.209564887206));
#4633=CARTESIAN_POINT('',(-55.3699433052663,23.0660540044284,15.119215883665));
#4634=CARTESIAN_POINT('',(-55.3699433052663,-2.26272676644263,15.119215883665));
#4635=CARTESIAN_POINT('',(-55.3699433052663,-2.26272676644264,-10.209564887206));
#4636=CARTESIAN_POINT('',(-55.3699433052663,-2.26272676644264,-35.538345658077));
#4637=CARTESIAN_POINT('',(-55.3699433052663,23.0660540044284,-35.538345658077));
#4638=CARTESIAN_POINT('',(-38.8760177806417,23.0660540044284,8.79043511279399));
#4639=CARTESIAN_POINT('',(-55.2728177806417,23.0660540044284,8.79043511279399));
#4640=CARTESIAN_POINT('',(-38.8760177806417,4.0660540044284,8.79043511279399));
#4641=CARTESIAN_POINT('',(-55.2728177806417,4.0660540044284,8.79043511279399));
#4642=CARTESIAN_POINT('',(-38.8760177806417,4.0660540044284,-10.209564887206));
#4643=CARTESIAN_POINT('',(-55.2728177806417,4.0660540044284,-10.209564887206));
#4644=CARTESIAN_POINT('',(-38.8760177806417,4.0660540044284,-29.209564887206));
#4645=CARTESIAN_POINT('',(-55.2728177806417,4.0660540044284,-29.209564887206));
#4646=CARTESIAN_POINT('',(-38.8760177806417,23.0660540044284,-29.209564887206));
#4647=CARTESIAN_POINT('',(-55.2728177806417,23.0660540044284,-29.209564887206));
#4648=CARTESIAN_POINT('',(-57.7289709018838,23.0660540044284,-10.209564887206));
#4649=CARTESIAN_POINT('',(-41.2707068272607,23.0660540044284,0.396624414363876));
#4650=CARTESIAN_POINT('',(-46.7986988236624,23.0660540044284,19.1797820918813));
#4651=CARTESIAN_POINT('',(-52.3266908200642,23.0660540044284,37.9629397693988));
#4652=CARTESIAN_POINT('',(-71.9064177806416,23.0660540044284,37.9629397693988));
#4653=CARTESIAN_POINT('',(-91.4861447412191,23.0660540044284,37.9629397693988));
#4654=CARTESIAN_POINT('',(-97.0141367376208,23.0660540044284,19.1797820918813));
#4655=CARTESIAN_POINT('',(-102.542128734023,23.0660540044284,0.396624414363876));
#4656=CARTESIAN_POINT('',(-86.0838646593995,23.0660540044284,-10.209564887206));
#4657=CARTESIAN_POINT('',(-57.7289709018838,23.0660540044284,-10.209564887206));
#4658=CARTESIAN_POINT('',(-41.2707068272607,12.4598647028585,0.396624414363876));
#4659=CARTESIAN_POINT('',(-46.7986988236624,-6.32329297465894,19.1797820918813));
#4660=CARTESIAN_POINT('',(-52.3266908200642,-25.1064506521764,37.9629397693988));
#4661=CARTESIAN_POINT('',(-71.9064177806416,-25.1064506521764,37.9629397693988));
#4662=CARTESIAN_POINT('',(-91.4861447412191,-25.1064506521764,37.9629397693988));
#4663=CARTESIAN_POINT('',(-97.0141367376208,-6.32329297465894,19.1797820918813));
#4664=CARTESIAN_POINT('',(-102.542128734023,12.4598647028585,0.396624414363876));
#4665=CARTESIAN_POINT('',(-86.0838646593995,23.0660540044284,-10.209564887206));
#4666=CARTESIAN_POINT('',(-57.7289709018838,23.0660540044284,-10.209564887206));
#4667=CARTESIAN_POINT('',(-41.2707068272607,12.4598647028585,-10.209564887206));
#4668=CARTESIAN_POINT('',(-46.7986988236624,-6.32329297465894,-10.209564887206));
#4669=CARTESIAN_POINT('',(-52.3266908200642,-25.1064506521764,-10.209564887206));
#4670=CARTESIAN_POINT('',(-71.9064177806416,-25.1064506521764,-10.209564887206));
#4671=CARTESIAN_POINT('',(-91.4861447412191,-25.1064506521764,-10.209564887206));
#4672=CARTESIAN_POINT('',(-97.0141367376208,-6.32329297465894,-10.209564887206));
#4673=CARTESIAN_POINT('',(-102.542128734023,12.4598647028585,-10.209564887206));
#4674=CARTESIAN_POINT('',(-86.0838646593995,23.0660540044284,-10.209564887206));
#4675=CARTESIAN_POINT('',(-57.7289709018838,23.0660540044284,-10.209564887206));
#4676=CARTESIAN_POINT('',(-41.2707068272607,12.4598647028585,-20.8157541887759));
#4677=CARTESIAN_POINT('',(-46.7986988236624,-6.32329297465894,-39.5989118662933));
#4678=CARTESIAN_POINT('',(-52.3266908200642,-25.1064506521764,-58.3820695438108));
#4679=CARTESIAN_POINT('',(-71.9064177806416,-25.1064506521764,-58.3820695438108));
#4680=CARTESIAN_POINT('',(-91.4861447412191,-25.1064506521764,-58.3820695438108));
#4681=CARTESIAN_POINT('',(-97.0141367376208,-6.32329297465894,-39.5989118662933));
#4682=CARTESIAN_POINT('',(-102.542128734023,12.4598647028585,-20.8157541887759));
#4683=CARTESIAN_POINT('',(-86.0838646593995,23.0660540044284,-10.209564887206));
#4684=CARTESIAN_POINT('',(-57.7289709018838,23.0660540044284,-10.209564887206));
#4685=CARTESIAN_POINT('',(-41.2707068272607,23.0660540044284,-20.8157541887759));
#4686=CARTESIAN_POINT('',(-46.7986988236624,23.0660540044284,-39.5989118662933));
#4687=CARTESIAN_POINT('',(-52.3266908200642,23.0660540044284,-58.3820695438108));
#4688=CARTESIAN_POINT('',(-71.9064177806416,23.0660540044284,-58.3820695438108));
#4689=CARTESIAN_POINT('',(-91.4861447412191,23.0660540044284,-58.3820695438108));
#4690=CARTESIAN_POINT('',(-97.0141367376208,23.0660540044284,-39.5989118662933));
#4691=CARTESIAN_POINT('',(-102.542128734023,23.0660540044284,-20.8157541887759));
#4692=CARTESIAN_POINT('',(-86.0838646593995,23.0660540044284,-10.209564887206));
#4693=CARTESIAN_POINT('',(560.78141827079,-191.525579411698,-564.239882474337));
#4694=CARTESIAN_POINT('',(560.78141827079,-197.362452781018,569.026327686342));
#4695=CARTESIAN_POINT('',(-41.2424177806417,629.984067496383,-605.084984799725));
#4696=CARTESIAN_POINT('',(-39.5525387681703,19.8432058293005,8.49284100446329));
#4697=CARTESIAN_POINT('',(-47.8310869178263,19.8432058293005,8.49284100446329));
#4698=CARTESIAN_POINT('',(-39.5525387681703,18.4432058293005,8.49284100446329));
#4699=CARTESIAN_POINT('',(-47.8310869178263,18.4432058293005,8.49284100446329));
#4700=CARTESIAN_POINT('',(-39.5525387681703,18.4432058293005,7.09284100446329));
#4701=CARTESIAN_POINT('',(-47.8310869178263,18.4432058293005,7.09284100446329));
#4702=CARTESIAN_POINT('',(-39.5525387681703,18.4432058293005,5.69284100446329));
#4703=CARTESIAN_POINT('',(-47.8310869178263,18.4432058293005,5.69284100446329));
#4704=CARTESIAN_POINT('',(-39.5525387681703,19.8432058293005,5.69284100446329));
#4705=CARTESIAN_POINT('',(-47.8310869178263,19.8432058293005,5.69284100446329));
#4706=CARTESIAN_POINT('',(-39.5525387681703,21.2432058293005,5.69284100446329));
#4707=CARTESIAN_POINT('',(-47.8310869178263,21.2432058293005,5.69284100446329));
#4708=CARTESIAN_POINT('',(-39.5525387681703,21.2432058293005,7.09284100446329));
#4709=CARTESIAN_POINT('',(-47.8310869178263,21.2432058293005,7.09284100446329));
#4710=CARTESIAN_POINT('',(-39.5525387681703,21.2432058293005,8.49284100446329));
#4711=CARTESIAN_POINT('',(-47.8310869178263,21.2432058293005,8.49284100446329));
#4712=CARTESIAN_POINT('',(-39.5525387681703,19.8432058293005,8.49284100446329));
#4713=CARTESIAN_POINT('',(-47.8310869178263,19.8432058293005,8.49284100446329));
#4714=CARTESIAN_POINT('',(-39.5525387681703,26.2889021795562,8.49284100446329));
#4715=CARTESIAN_POINT('',(-47.8310869178263,26.2889021795562,8.49284100446329));
#4716=CARTESIAN_POINT('',(-39.5525387681703,24.8889021795563,8.49284100446329));
#4717=CARTESIAN_POINT('',(-47.8310869178263,24.8889021795563,8.49284100446329));
#4718=CARTESIAN_POINT('',(-39.5525387681703,24.8889021795563,7.09284100446329));
#4719=CARTESIAN_POINT('',(-47.8310869178263,24.8889021795563,7.09284100446329));
#4720=CARTESIAN_POINT('',(-39.5525387681703,24.8889021795563,5.69284100446329));
#4721=CARTESIAN_POINT('',(-47.8310869178263,24.8889021795563,5.69284100446329));
#4722=CARTESIAN_POINT('',(-39.5525387681703,26.2889021795562,5.69284100446329));
#4723=CARTESIAN_POINT('',(-47.8310869178263,26.2889021795562,5.69284100446329));
#4724=CARTESIAN_POINT('',(-39.5525387681703,27.6889021795562,5.69284100446329));
#4725=CARTESIAN_POINT('',(-47.8310869178263,27.6889021795562,5.69284100446329));
#4726=CARTESIAN_POINT('',(-39.5525387681703,27.6889021795562,7.09284100446329));
#4727=CARTESIAN_POINT('',(-47.8310869178263,27.6889021795562,7.09284100446329));
#4728=CARTESIAN_POINT('',(-39.5525387681703,27.6889021795562,8.49284100446329));
#4729=CARTESIAN_POINT('',(-47.8310869178263,27.6889021795562,8.49284100446329));
#4730=CARTESIAN_POINT('',(-39.5525387681703,26.2889021795562,8.49284100446329));
#4731=CARTESIAN_POINT('',(-47.8310869178263,26.2889021795562,8.49284100446329));
#4732=CARTESIAN_POINT('',(-39.1467982198763,23.0660540044284,0.0970344662694504));
#4733=CARTESIAN_POINT('',(-52.294232949061,23.0660540044284,0.0970344662694504));
#4734=CARTESIAN_POINT('',(-39.1467982198763,21.6660540044284,0.0970344662694504));
#4735=CARTESIAN_POINT('',(-52.294232949061,21.6660540044284,0.0970344662694504));
#4736=CARTESIAN_POINT('',(-39.1467982198763,21.6660540044284,-1.30296553373055));
#4737=CARTESIAN_POINT('',(-52.294232949061,21.6660540044284,-1.30296553373055));
#4738=CARTESIAN_POINT('',(-39.1467982198763,21.6660540044284,-2.70296553373055));
#4739=CARTESIAN_POINT('',(-52.294232949061,21.6660540044284,-2.70296553373055));
#4740=CARTESIAN_POINT('',(-39.1467982198763,23.0660540044284,-2.70296553373055));
#4741=CARTESIAN_POINT('',(-52.294232949061,23.0660540044284,-2.70296553373055));
#4742=CARTESIAN_POINT('',(-39.1467982198763,24.4660540044284,-2.70296553373055));
#4743=CARTESIAN_POINT('',(-52.294232949061,24.4660540044284,-2.70296553373055));
#4744=CARTESIAN_POINT('',(-39.1467982198763,24.4660540044284,-1.30296553373055));
#4745=CARTESIAN_POINT('',(-52.294232949061,24.4660540044284,-1.30296553373055));
#4746=CARTESIAN_POINT('',(-39.1467982198763,24.4660540044284,0.09703446626945));
#4747=CARTESIAN_POINT('',(-52.294232949061,24.4660540044284,0.09703446626945));
#4748=CARTESIAN_POINT('',(-39.1467982198763,23.0660540044284,0.0970344662694504));
#4749=CARTESIAN_POINT('',(-52.294232949061,23.0660540044284,0.0970344662694504));
#4750=CARTESIAN_POINT('',(-55.3828177806417,23.0660540044284,-7.90956488720601));
#4751=CARTESIAN_POINT('',(-37.6660177806416,23.0660540044284,-7.90956488720601));
#4752=CARTESIAN_POINT('',(-55.3828177806417,25.3660540044284,-7.90956488720601));
#4753=CARTESIAN_POINT('',(-37.6660177806416,25.3660540044284,-7.90956488720601));
#4754=CARTESIAN_POINT('',(-55.3828177806417,25.3660540044284,-10.209564887206));
#4755=CARTESIAN_POINT('',(-37.6660177806416,25.3660540044284,-10.209564887206));
#4756=CARTESIAN_POINT('',(-55.3828177806417,25.3660540044284,-12.509564887206));
#4757=CARTESIAN_POINT('',(-37.6660177806416,25.3660540044284,-12.509564887206));
#4758=CARTESIAN_POINT('',(-55.3828177806417,23.0660540044284,-12.509564887206));
#4759=CARTESIAN_POINT('',(-37.6660177806416,23.0660540044284,-12.509564887206));
#4760=CARTESIAN_POINT('',(-37.5242099867774,23.0660540044284,-30.459564887206));
#4761=CARTESIAN_POINT('',(-37.5242099867774,43.3160540044284,-30.459564887206));
#4762=CARTESIAN_POINT('',(-37.5242099867774,43.3160540044284,-10.209564887206));
#4763=CARTESIAN_POINT('',(-37.5242099867774,43.3160540044284,10.040435112794));
#4764=CARTESIAN_POINT('',(-37.5242099867774,23.0660540044284,10.040435112794));
#4765=CARTESIAN_POINT('',(-43.3606255745059,23.0660540044284,-30.459564887206));
#4766=CARTESIAN_POINT('',(-43.3606255745059,43.3160540044284,-30.459564887206));
#4767=CARTESIAN_POINT('',(-43.3606255745059,43.3160540044284,-10.209564887206));
#4768=CARTESIAN_POINT('',(-43.3606255745059,43.3160540044284,10.040435112794));
#4769=CARTESIAN_POINT('',(-43.3606255745059,23.0660540044284,10.040435112794));
#4770=CARTESIAN_POINT('',(-59.2605779524215,23.0660540044284,-10.209564887206));
#4771=CARTESIAN_POINT('',(-59.2605779524215,23.0660540044284,-10.209564887206));
#4772=CARTESIAN_POINT('',(-59.2605779524215,23.0660540044284,-10.209564887206));
#4773=CARTESIAN_POINT('',(-59.2605779524215,23.0660540044284,-10.209564887206));
#4774=CARTESIAN_POINT('',(-59.2605779524215,23.0660540044284,-10.209564887206));
#4775=CARTESIAN_POINT('',(-33.9317971815504,23.0660540044284,15.119215883665));
#4776=CARTESIAN_POINT('',(-33.9317971815504,48.3948347752994,15.119215883665));
#4777=CARTESIAN_POINT('',(-33.9317971815504,48.3948347752994,-10.209564887206));
#4778=CARTESIAN_POINT('',(-33.9317971815504,48.3948347752994,-35.538345658077));
#4779=CARTESIAN_POINT('',(-33.9317971815504,23.0660540044284,-35.538345658077));
#4780=CARTESIAN_POINT('',(15.6037744235045,23.0660540044284,-10.209564887206));
#4781=CARTESIAN_POINT('',(15.6037744235045,23.0660540044284,-10.209564887206));
#4782=CARTESIAN_POINT('',(15.6037744235045,23.0660540044284,-10.209564887206));
#4783=CARTESIAN_POINT('',(15.6037744235045,23.0660540044284,-10.209564887206));
#4784=CARTESIAN_POINT('',(15.6037744235045,23.0660540044284,-10.209564887206));
#4785=CARTESIAN_POINT('',(-43.818232419143,23.0660540044284,-34.8356582464821));
#4786=CARTESIAN_POINT('',(-43.818232419143,47.6921473637044,-34.8356582464821));
#4787=CARTESIAN_POINT('',(-43.818232419143,47.6921473637044,-10.209564887206));
#4788=CARTESIAN_POINT('',(-43.818232419143,47.6921473637044,14.41652847207));
#4789=CARTESIAN_POINT('',(-43.818232419143,23.0660540044284,14.41652847207));
#4790=CARTESIAN_POINT('',(-21.6242576088618,23.0660540044284,-10.209564887206));
#4791=CARTESIAN_POINT('',(-21.6242576088618,23.0660540044284,-10.209564887206));
#4792=CARTESIAN_POINT('',(-21.6242576088618,23.0660540044284,-10.209564887206));
#4793=CARTESIAN_POINT('',(-21.6242576088618,23.0660540044284,-10.209564887206));
#4794=CARTESIAN_POINT('',(-21.6242576088618,23.0660540044284,-10.209564887206));
#4795=CARTESIAN_POINT('',(-47.1005486237219,23.0660540044284,-35.6858559020661));
#4796=CARTESIAN_POINT('',(-47.1005486237219,48.5423450192885,-35.6858559020661));
#4797=CARTESIAN_POINT('',(-47.1005486237219,48.5423450192885,-10.209564887206));
#4798=CARTESIAN_POINT('',(-47.1005486237219,48.5423450192885,15.266726127654));
#4799=CARTESIAN_POINT('',(-47.1005486237219,23.0660540044284,15.2667261276541));
#4800=CARTESIAN_POINT('',(-47.0372982510142,23.0660540044284,11.8597905808486));
#4801=CARTESIAN_POINT('',(-47.0372982510142,45.135409472483,11.8597905808486));
#4802=CARTESIAN_POINT('',(-47.0372982510142,45.135409472483,-10.209564887206));
#4803=CARTESIAN_POINT('',(-47.0372982510142,45.135409472483,-32.2789203552606));
#4804=CARTESIAN_POINT('',(-47.0372982510142,23.0660540044284,-32.2789203552606));
#4805=CARTESIAN_POINT('',(-42.2987326065439,23.0660540044284,11.8597905808486));
#4806=CARTESIAN_POINT('',(-42.2987326065439,45.135409472483,11.8597905808486));
#4807=CARTESIAN_POINT('',(-42.2987326065439,45.135409472483,-10.209564887206));
#4808=CARTESIAN_POINT('',(-42.2987326065439,45.135409472483,-32.2789203552606));
#4809=CARTESIAN_POINT('',(-42.2987326065439,23.0660540044284,-32.2789203552606));
#4810=CARTESIAN_POINT('',(-67.7117732486963,23.0660540044284,-10.209564887206));
#4811=CARTESIAN_POINT('',(-67.7117732486963,23.0660540044284,-10.209564887206));
#4812=CARTESIAN_POINT('',(-67.7117732486963,23.0660540044284,-10.209564887206));
#4813=CARTESIAN_POINT('',(-67.7117732486963,23.0660540044284,-10.209564887206));
#4814=CARTESIAN_POINT('',(-67.7117732486963,23.0660540044284,-10.209564887206));
#4815=CARTESIAN_POINT('',(-42.2354822338362,23.0660540044284,15.266726127654));
#4816=CARTESIAN_POINT('',(-42.2354822338362,48.5423450192884,15.266726127654));
#4817=CARTESIAN_POINT('',(-42.2354822338362,48.5423450192885,-10.209564887206));
#4818=CARTESIAN_POINT('',(-42.2354822338362,48.5423450192885,-35.6858559020661));
#4819=CARTESIAN_POINT('',(-42.2354822338362,23.0660540044284,-35.6858559020661));
#4820=CARTESIAN_POINT('',(-51.7973280246307,23.0660540044284,10.0597905808486));
#4821=CARTESIAN_POINT('',(-51.7973280246307,43.335409472483,10.0597905808486));
#4822=CARTESIAN_POINT('',(-51.7973280246307,43.335409472483,-10.209564887206));
#4823=CARTESIAN_POINT('',(-51.7973280246307,43.335409472483,-30.4789203552606));
#4824=CARTESIAN_POINT('',(-51.7973280246307,23.0660540044284,-30.4789203552606));
#4825=CARTESIAN_POINT('',(-45.9556077584608,23.0660540044284,10.0597905808486));
#4826=CARTESIAN_POINT('',(-45.9556077584608,43.335409472483,10.0597905808486));
#4827=CARTESIAN_POINT('',(-45.9556077584608,43.335409472483,-10.209564887206));
#4828=CARTESIAN_POINT('',(-45.9556077584608,43.335409472483,-30.4789203552606));
#4829=CARTESIAN_POINT('',(-45.9556077584608,23.0660540044284,-30.4789203552606));
#4830=CARTESIAN_POINT('',(-54.1994177806416,23.0660540044284,11.7256903590404));
#4831=CARTESIAN_POINT('',(-54.1994177806416,45.0013092506748,11.7256903590404));
#4832=CARTESIAN_POINT('',(-54.1994177806416,45.0013092506748,-10.209564887206));
#4833=CARTESIAN_POINT('',(-54.1994177806416,45.0013092506748,-32.1448201334524));
#4834=CARTESIAN_POINT('',(-54.1994177806416,23.0660540044284,-32.1448201334524));
#4835=CARTESIAN_POINT('',(-50.6834177806416,23.0660540044284,11.7256903590404));
#4836=CARTESIAN_POINT('',(-50.6834177806416,45.0013092506748,11.7256903590404));
#4837=CARTESIAN_POINT('',(-50.6834177806416,45.0013092506748,-10.209564887206));
#4838=CARTESIAN_POINT('',(-50.6834177806416,45.0013092506748,-32.1448201334524));
#4839=CARTESIAN_POINT('',(-50.6834177806416,23.0660540044284,-32.1448201334524));
#4840=CARTESIAN_POINT('',(-30.0411625343952,23.0660540044284,-10.209564887206));
#4841=CARTESIAN_POINT('',(-30.0411625343952,23.0660540044284,-10.209564887206));
#4842=CARTESIAN_POINT('',(-30.0411625343952,23.0660540044284,-10.209564887206));
#4843=CARTESIAN_POINT('',(-30.0411625343952,23.0660540044284,-10.209564887206));
#4844=CARTESIAN_POINT('',(-30.0411625343952,23.0660540044284,-10.209564887206));
#4845=CARTESIAN_POINT('',(-55.3699433052663,23.0660540044284,-35.538345658077));
#4846=CARTESIAN_POINT('',(-55.3699433052663,48.3948347752994,-35.538345658077));
#4847=CARTESIAN_POINT('',(-55.3699433052663,48.3948347752994,-10.209564887206));
#4848=CARTESIAN_POINT('',(-55.3699433052663,48.3948347752994,15.119215883665));
#4849=CARTESIAN_POINT('',(-55.3699433052663,23.0660540044284,15.119215883665));
#4850=CARTESIAN_POINT('',(-38.8760177806417,23.0660540044284,-29.209564887206));
#4851=CARTESIAN_POINT('',(-55.2728177806417,23.0660540044284,-29.209564887206));
#4852=CARTESIAN_POINT('',(-38.8760177806417,42.0660540044284,-29.209564887206));
#4853=CARTESIAN_POINT('',(-55.2728177806417,42.0660540044284,-29.209564887206));
#4854=CARTESIAN_POINT('',(-38.8760177806417,42.0660540044284,-10.209564887206));
#4855=CARTESIAN_POINT('',(-55.2728177806417,42.0660540044284,-10.209564887206));
#4856=CARTESIAN_POINT('',(-38.8760177806417,42.0660540044284,8.79043511279399));
#4857=CARTESIAN_POINT('',(-55.2728177806417,42.0660540044284,8.79043511279399));
#4858=CARTESIAN_POINT('',(-38.8760177806417,23.0660540044284,8.79043511279399));
#4859=CARTESIAN_POINT('',(-55.2728177806417,23.0660540044284,8.79043511279399));
#4860=CARTESIAN_POINT('',(-57.7289709018838,23.0660540044284,-10.209564887206));
#4861=CARTESIAN_POINT('',(-41.2707068272607,23.0660540044284,-20.8157541887759));
#4862=CARTESIAN_POINT('',(-46.7986988236624,23.0660540044284,-39.5989118662933));
#4863=CARTESIAN_POINT('',(-52.3266908200642,23.0660540044284,-58.3820695438108));
#4864=CARTESIAN_POINT('',(-71.9064177806416,23.0660540044284,-58.3820695438108));
#4865=CARTESIAN_POINT('',(-91.4861447412191,23.0660540044284,-58.3820695438108));
#4866=CARTESIAN_POINT('',(-97.0141367376208,23.0660540044284,-39.5989118662933));
#4867=CARTESIAN_POINT('',(-102.542128734023,23.0660540044284,-20.8157541887759));
#4868=CARTESIAN_POINT('',(-86.0838646593995,23.0660540044284,-10.209564887206));
#4869=CARTESIAN_POINT('',(-57.7289709018838,23.0660540044284,-10.209564887206));
#4870=CARTESIAN_POINT('',(-41.2707068272607,33.6722433059983,-20.8157541887759));
#4871=CARTESIAN_POINT('',(-46.7986988236624,52.4554009835157,-39.5989118662933));
#4872=CARTESIAN_POINT('',(-52.3266908200642,71.2385586610332,-58.3820695438108));
#4873=CARTESIAN_POINT('',(-71.9064177806416,71.2385586610332,-58.3820695438108));
#4874=CARTESIAN_POINT('',(-91.4861447412191,71.2385586610332,-58.3820695438108));
#4875=CARTESIAN_POINT('',(-97.0141367376208,52.4554009835157,-39.5989118662933));
#4876=CARTESIAN_POINT('',(-102.542128734023,33.6722433059983,-20.8157541887759));
#4877=CARTESIAN_POINT('',(-86.0838646593995,23.0660540044284,-10.209564887206));
#4878=CARTESIAN_POINT('',(-57.7289709018838,23.0660540044284,-10.209564887206));
#4879=CARTESIAN_POINT('',(-41.2707068272607,33.6722433059983,-10.209564887206));
#4880=CARTESIAN_POINT('',(-46.7986988236624,52.4554009835157,-10.209564887206));
#4881=CARTESIAN_POINT('',(-52.3266908200642,71.2385586610332,-10.209564887206));
#4882=CARTESIAN_POINT('',(-71.9064177806416,71.2385586610332,-10.209564887206));
#4883=CARTESIAN_POINT('',(-91.4861447412191,71.2385586610332,-10.209564887206));
#4884=CARTESIAN_POINT('',(-97.0141367376208,52.4554009835157,-10.209564887206));
#4885=CARTESIAN_POINT('',(-102.542128734023,33.6722433059983,-10.209564887206));
#4886=CARTESIAN_POINT('',(-86.0838646593995,23.0660540044284,-10.209564887206));
#4887=CARTESIAN_POINT('',(-57.7289709018838,23.0660540044284,-10.209564887206));
#4888=CARTESIAN_POINT('',(-41.2707068272607,33.6722433059983,0.396624414363872));
#4889=CARTESIAN_POINT('',(-46.7986988236624,52.4554009835157,19.1797820918813));
#4890=CARTESIAN_POINT('',(-52.3266908200642,71.2385586610332,37.9629397693988));
#4891=CARTESIAN_POINT('',(-71.9064177806416,71.2385586610332,37.9629397693988));
#4892=CARTESIAN_POINT('',(-91.4861447412191,71.2385586610332,37.9629397693988));
#4893=CARTESIAN_POINT('',(-97.0141367376208,52.4554009835157,19.1797820918813));
#4894=CARTESIAN_POINT('',(-102.542128734023,33.6722433059983,0.396624414363872));
#4895=CARTESIAN_POINT('',(-86.0838646593995,23.0660540044284,-10.209564887206));
#4896=CARTESIAN_POINT('',(-57.7289709018838,23.0660540044284,-10.209564887206));
#4897=CARTESIAN_POINT('',(-41.2707068272607,23.0660540044284,0.396624414363874));
#4898=CARTESIAN_POINT('',(-46.7986988236624,23.0660540044284,19.1797820918813));
#4899=CARTESIAN_POINT('',(-52.3266908200642,23.0660540044284,37.9629397693988));
#4900=CARTESIAN_POINT('',(-71.9064177806416,23.0660540044284,37.9629397693988));
#4901=CARTESIAN_POINT('',(-91.4861447412191,23.0660540044284,37.9629397693988));
#4902=CARTESIAN_POINT('',(-97.0141367376208,23.0660540044284,19.1797820918813));
#4903=CARTESIAN_POINT('',(-102.542128734023,23.0660540044284,0.396624414363874));
#4904=CARTESIAN_POINT('',(-86.0838646593995,23.0660540044284,-10.209564887206));
#4905=CARTESIAN_POINT('',(-49.4807782949603,29.0637164014996,-4.17811344327931));
#4906=CARTESIAN_POINT('',(-49.48077829496,26.9489255956743,-2.64162798501191));
#4907=CARTESIAN_POINT('',(-41.2424177806417,29.0637164014999,-4.17811344327906));
#4908=CARTESIAN_POINT('',(-41.2424177806417,26.9489255956743,-2.64162798501191));
#4909=CARTESIAN_POINT('',(-45.9064177806417,36.8598790708566,2.85681908223161));
#4910=CARTESIAN_POINT('',(-46.141207905355,36.6059866097198,0.719894099886279));
#4911=CARTESIAN_POINT('',(-41.2424177806417,36.8598790708566,2.85681908223162));
#4912=CARTESIAN_POINT('',(-41.2424177806417,36.6059866097198,0.719894099886277));
#4913=CARTESIAN_POINT('',(-46.141207905355,29.2765179159566,6.04506481358909));
#4914=CARTESIAN_POINT('',(-45.9064177806417,31.2303972600151,6.9468770284406));
#4915=CARTESIAN_POINT('',(-41.2424177806417,29.2765179159566,6.04506481358909));
#4916=CARTESIAN_POINT('',(-41.2424177806417,31.2303972600151,6.9468770284406));
#4917=CARTESIAN_POINT('',(-49.4807782949603,31.4634630188408,-8.85535567354956));
#4918=CARTESIAN_POINT('',(-49.48077829496,30.6556848101117,-6.36926997885341));
#4919=CARTESIAN_POINT('',(-41.2424177806417,31.4634630188413,-8.85535567354958));
#4920=CARTESIAN_POINT('',(-41.2424177806417,30.6556848101117,-6.36926997885342));
#4921=CARTESIAN_POINT('',(-45.9064177806417,41.9057206986302,-7.74644514765138));
#4922=CARTESIAN_POINT('',(-46.141207905355,40.4442643929489,-9.32601952974865));
#4923=CARTESIAN_POINT('',(-41.2424177806417,41.9057206986302,-7.74644514765138));
#4924=CARTESIAN_POINT('',(-41.2424177806417,40.4442643929489,-9.32601952974865));
#4925=CARTESIAN_POINT('',(-46.141207905355,37.6446564714096,-0.70971231908195));
#4926=CARTESIAN_POINT('',(-45.9064177806417,39.7554499859381,-1.12859237472862));
#4927=CARTESIAN_POINT('',(-41.2424177806417,37.6446564714097,-0.709712319081929));
#4928=CARTESIAN_POINT('',(-41.2424177806417,39.7554499859381,-1.12859237472862));
#4929=CARTESIAN_POINT('',(-49.4807782949603,30.6556848101113,-14.0498597955583));
#4930=CARTESIAN_POINT('',(-49.48077829496,31.4634630188413,-11.5637741008625));
#4931=CARTESIAN_POINT('',(-41.2424177806417,30.6556848101116,-14.0498597955586));
#4932=CARTESIAN_POINT('',(-41.2424177806417,31.4634630188413,-11.5637741008624));
#4933=CARTESIAN_POINT('',(-45.9064177806417,39.755449985938,-19.2905373996834));
#4934=CARTESIAN_POINT('',(-46.141207905355,37.6446564714096,-19.7094174553301));
#4935=CARTESIAN_POINT('',(-41.2424177806417,39.755449985938,-19.2905373996834));
#4936=CARTESIAN_POINT('',(-41.2424177806417,37.6446564714096,-19.7094174553301));
#4937=CARTESIAN_POINT('',(-46.141207905355,40.4442643929489,-11.0931102446634));
#4938=CARTESIAN_POINT('',(-45.9064177806417,41.9057206986302,-12.6726846267607));
#4939=CARTESIAN_POINT('',(-41.2424177806417,40.4442643929489,-11.0931102446634));
#4940=CARTESIAN_POINT('',(-41.2424177806417,41.9057206986302,-12.6726846267606));
#4941=CARTESIAN_POINT('',(-49.4807782949603,26.9489255956741,-17.7775017893996));
#4942=CARTESIAN_POINT('',(-49.48077829496,29.0637164015,-16.241016331133));
#4943=CARTESIAN_POINT('',(-41.2424177806417,26.9489255956742,-17.7775017894001));
#4944=CARTESIAN_POINT('',(-41.2424177806417,29.0637164015,-16.241016331133));
#4945=CARTESIAN_POINT('',(-45.9064177806417,31.2303972600151,-27.3660068028526));
#4946=CARTESIAN_POINT('',(-46.141207905355,29.2765179159566,-26.4641945880011));
#4947=CARTESIAN_POINT('',(-41.2424177806417,31.2303972600151,-27.3660068028526));
#4948=CARTESIAN_POINT('',(-41.2424177806417,29.2765179159566,-26.4641945880011));
#4949=CARTESIAN_POINT('',(-46.141207905355,36.6059866097198,-21.1390238742983));
#4950=CARTESIAN_POINT('',(-45.9064177806417,36.8598790708566,-23.2759488566436));
#4951=CARTESIAN_POINT('',(-41.2424177806417,36.6059866097198,-21.1390238742983));
#4952=CARTESIAN_POINT('',(-41.2424177806417,36.8598790708566,-23.2759488566436));
#4953=CARTESIAN_POINT('',(-49.4807782949603,21.7590414073325,-18.6144491113176));
#4954=CARTESIAN_POINT('',(-49.48077829496,24.3730666015245,-18.6144491113181));
#4955=CARTESIAN_POINT('',(-41.2424177806417,21.7590414073323,-18.614449111318));
#4956=CARTESIAN_POINT('',(-41.2424177806417,24.3730666015245,-18.614449111318));
#4957=CARTESIAN_POINT('',(-45.9064177806417,19.586842906279,-28.8882985202581));
#4958=CARTESIAN_POINT('',(-46.141207905355,18.5361932322044,-27.010255649512));
#4959=CARTESIAN_POINT('',(-41.2424177806417,19.586842906279,-28.8882985202581));
#4960=CARTESIAN_POINT('',(-41.2424177806417,18.5361932322044,-27.010255649512));
#4961=CARTESIAN_POINT('',(-46.141207905355,27.5959147766524,-27.010255649512));
#4962=CARTESIAN_POINT('',(-45.9064177806417,26.5452651025778,-28.8882985202581));
#4963=CARTESIAN_POINT('',(-41.2424177806417,27.5959147766524,-27.010255649512));
#4964=CARTESIAN_POINT('',(-41.2424177806417,26.5452651025778,-28.8882985202581));
#4965=CARTESIAN_POINT('',(-49.4807782949603,17.0683916073572,-16.2410163311327));
#4966=CARTESIAN_POINT('',(-49.48077829496,19.1831824131825,-17.7775017894001));
#4967=CARTESIAN_POINT('',(-41.2424177806417,17.0683916073568,-16.241016331133));
#4968=CARTESIAN_POINT('',(-41.2424177806417,19.1831824131825,-17.7775017894001));
#4969=CARTESIAN_POINT('',(-45.9064177806417,9.27222893800017,-23.2759488566436));
#4970=CARTESIAN_POINT('',(-46.141207905355,9.52612139913699,-21.1390238742983));
#4971=CARTESIAN_POINT('',(-41.2424177806417,9.27222893800016,-23.2759488566436));
#4972=CARTESIAN_POINT('',(-41.2424177806417,9.52612139913699,-21.1390238742983));
#4973=CARTESIAN_POINT('',(-46.141207905355,16.8555900929001,-26.4641945880011));
#4974=CARTESIAN_POINT('',(-45.9064177806417,14.9017107488417,-27.3660068028526));
#4975=CARTESIAN_POINT('',(-41.2424177806417,16.8555900929001,-26.4641945880011));
#4976=CARTESIAN_POINT('',(-41.2424177806417,14.9017107488417,-27.3660068028526));
#4977=CARTESIAN_POINT('',(-49.4807782949603,14.668644990016,-11.5637741008625));
#4978=CARTESIAN_POINT('',(-49.48077829496,15.4764231987451,-14.0498597955586));
#4979=CARTESIAN_POINT('',(-41.2424177806417,14.6686449900155,-11.5637741008624));
#4980=CARTESIAN_POINT('',(-41.2424177806417,15.4764231987451,-14.0498597955586));
#4981=CARTESIAN_POINT('',(-45.9064177806417,4.22638731022661,-12.6726846267606));
#4982=CARTESIAN_POINT('',(-46.141207905355,5.6878436159079,-11.0931102446634));
#4983=CARTESIAN_POINT('',(-41.2424177806417,4.22638731022661,-12.6726846267606));
#4984=CARTESIAN_POINT('',(-41.2424177806417,5.6878436159079,-11.0931102446634));
#4985=CARTESIAN_POINT('',(-46.141207905355,8.48745153744717,-19.7094174553301));
#4986=CARTESIAN_POINT('',(-45.9064177806417,6.37665802291872,-19.2905373996834));
#4987=CARTESIAN_POINT('',(-41.2424177806417,8.48745153744717,-19.7094174553301));
#4988=CARTESIAN_POINT('',(-41.2424177806417,6.37665802291872,-19.2905373996834));
#4989=CARTESIAN_POINT('',(-49.4807782949603,15.4764231987455,-6.36926997885373));
#4990=CARTESIAN_POINT('',(-49.48077829496,14.6686449900155,-8.85535567354957));
#4991=CARTESIAN_POINT('',(-41.2424177806417,15.4764231987452,-6.36926997885344));
#4992=CARTESIAN_POINT('',(-41.2424177806417,14.6686449900155,-8.85535567354957));
#4993=CARTESIAN_POINT('',(-45.9064177806417,6.37665802291879,-1.1285923747286));
#4994=CARTESIAN_POINT('',(-46.141207905355,8.48745153744719,-0.709712319081936));
#4995=CARTESIAN_POINT('',(-41.2424177806417,6.37665802291879,-1.1285923747286));
#4996=CARTESIAN_POINT('',(-41.2424177806417,8.48745153744719,-0.709712319081937));
#4997=CARTESIAN_POINT('',(-46.141207905355,5.6878436159079,-9.32601952974864));
#4998=CARTESIAN_POINT('',(-45.9064177806417,4.22638731022661,-7.74644514765137));
#4999=CARTESIAN_POINT('',(-41.2424177806417,5.6878436159079,-9.32601952974864));
#5000=CARTESIAN_POINT('',(-41.2424177806417,4.22638731022661,-7.74644514765137));
#5001=CARTESIAN_POINT('',(-49.4807782949603,19.1831824131827,-2.64162798501241));
#5002=CARTESIAN_POINT('',(-49.48077829496,17.0683916073568,-4.17811344327902));
#5003=CARTESIAN_POINT('',(-41.2424177806417,19.1831824131826,-2.64162798501195));
#5004=CARTESIAN_POINT('',(-41.2424177806417,17.0683916073568,-4.17811344327903));
#5005=CARTESIAN_POINT('',(-45.9064177806417,14.9017107488417,6.9468770284406));
#5006=CARTESIAN_POINT('',(-46.141207905355,16.8555900929002,6.04506481358909));
#5007=CARTESIAN_POINT('',(-41.2424177806417,14.9017107488417,6.9468770284406));
#5008=CARTESIAN_POINT('',(-41.2424177806417,16.8555900929002,6.0450648135891));
#5009=CARTESIAN_POINT('',(-46.141207905355,9.52612139913699,0.719894099886282));
#5010=CARTESIAN_POINT('',(-45.9064177806417,9.27222893800017,2.85681908223161));
#5011=CARTESIAN_POINT('',(-41.2424177806417,9.52612139913699,0.719894099886282));
#5012=CARTESIAN_POINT('',(-41.2424177806417,9.27222893800016,2.85681908223163));
#5013=CARTESIAN_POINT('',(-52.9064177806417,23.0660540044284,11.7256903590404));
#5014=CARTESIAN_POINT('',(-52.9064177806417,23.0660540044284,-32.1448201334524));
#5015=CARTESIAN_POINT('',(-52.9064177806417,23.0660540044284,8.79043511279399));
#5016=CARTESIAN_POINT('',(-52.9064177806417,23.0660540044284,-29.209564887206));
#5017=CARTESIAN_POINT('',(-52.9064177806417,23.0660540044284,-7.90956488720601));
#5018=CARTESIAN_POINT('',(-52.9064177806417,23.0660540044284,-12.509564887206));
#5019=CARTESIAN_POINT('',(-52.9064177806417,23.0660540044284,-6.20956488720601));
#5020=CARTESIAN_POINT('',(-52.9064177806416,23.0660540044284,-14.209564887206));
#5021=CARTESIAN_POINT('',(-38.7424177806416,8.49276110151111,-12.252227259231));
#5022=CARTESIAN_POINT('',(-38.7424177806416,20.9559592193605,-13.3095648880059));
#5023=CARTESIAN_POINT('',(-38.7424177806416,8.49276110151111,-8.166902515181));
#5024=CARTESIAN_POINT('',(-38.7424177806416,20.9559592193605,-7.10956488640613));
#5025=CARTESIAN_POINT('',(-38.7424177806416,20.9559592194284,-3.75956488720601));
#5026=CARTESIAN_POINT('',(-38.7424177806416,25.1559592194284,-3.75956488720601));
#5027=CARTESIAN_POINT('',(-38.7424177806416,25.1559592194291,-6.77850537019827));
#5028=CARTESIAN_POINT('',(-38.7424177806416,39.6099137383852,-8.11853203167222));
#5029=CARTESIAN_POINT('',(-38.7424177806416,39.6099137383852,-12.3005977427398));
#5030=CARTESIAN_POINT('',(-38.7424177806416,25.1559592194291,-13.6406244042137));
#5031=CARTESIAN_POINT('',(-38.7424177806416,25.1559592194284,-16.659564887206));
#5032=CARTESIAN_POINT('',(-38.7424177806416,20.9559592194284,-16.659564887206));
#5033=CARTESIAN_POINT('',(-38.7424177806416,24.1160540044284,-11.259564887206));
#5034=CARTESIAN_POINT('',(-38.7424177806416,22.0160540044284,-11.259564887206));
#5035=CARTESIAN_POINT('',(-38.7424177806416,24.1160540044284,-9.15956488720601));
#5036=CARTESIAN_POINT('',(-38.7424177806416,22.0160540044284,-9.15956488720601));
#5037=CARTESIAN_POINT('',(-40.3424177806417,22.0160540044349,-8.16322669421863));
#5038=CARTESIAN_POINT('',(-40.3424177806417,22.0160540044349,-12.2559030801934));
#5039=CARTESIAN_POINT('',(-40.3424177806417,24.1160540044219,-12.2559030801934));
#5040=CARTESIAN_POINT('',(-40.3424177806417,24.1160540044219,-8.16322669421863));
#5041=CARTESIAN_POINT('',(-39.5424177806417,22.0160540044284,-11.259564887206));
#5042=CARTESIAN_POINT('',(-40.1424177806417,22.0160540044284,-11.259564887206));
#5043=CARTESIAN_POINT('',(-39.5424177806417,22.0160540044284,-9.15956488720601));
#5044=CARTESIAN_POINT('',(-40.1424177806417,22.0160540044284,-9.15956488720601));
#5045=CARTESIAN_POINT('',(-40.1424177806417,22.0160540044349,-8.16322669421863));
#5046=CARTESIAN_POINT('',(-40.1424177806417,22.0160540044349,-12.2559030801934));
#5047=CARTESIAN_POINT('',(-39.5424177806417,24.1160540044284,-11.259564887206));
#5048=CARTESIAN_POINT('',(-40.1424177806417,24.1160540044284,-11.259564887206));
#5049=CARTESIAN_POINT('',(-40.1424177806417,24.1160540044219,-12.2559030801934));
#5050=CARTESIAN_POINT('',(-40.1424177806417,24.1160540044219,-8.16322669421863));
#5051=CARTESIAN_POINT('',(-40.1424177806417,24.1160540044284,-9.15956488720601));
#5052=CARTESIAN_POINT('',(-39.5424177806417,24.1160540044284,-9.15956488720601));
#5053=CARTESIAN_POINT('',(-36.4424177806417,8.49276110151111,-8.166902515181));
#5054=CARTESIAN_POINT('',(-36.4424177806417,8.49276110151111,-12.252227259231));
#5055=CARTESIAN_POINT('',(-36.4424177806417,20.9559592193605,-7.10956488640613));
#5056=CARTESIAN_POINT('',(-36.4424177806417,20.9559592194284,-3.75956488720601));
#5057=CARTESIAN_POINT('',(-36.4424177806417,25.1559592194284,-3.75956488720601));
#5058=CARTESIAN_POINT('',(-36.4424177806417,25.1559592194291,-6.77850537019827));
#5059=CARTESIAN_POINT('',(-36.4424177806417,39.6099137383852,-8.11853203167222));
#5060=CARTESIAN_POINT('',(-36.4424177806417,39.6099137383852,-12.3005977427398));
#5061=CARTESIAN_POINT('',(-36.4424177806417,25.1559592194291,-13.6406244042137));
#5062=CARTESIAN_POINT('',(-36.4424177806417,25.1559592194284,-16.659564887206));
#5063=CARTESIAN_POINT('',(-36.4424177806417,20.9559592194284,-16.659564887206));
#5064=CARTESIAN_POINT('',(-36.4424177806417,20.9559592193605,-13.3095648880059));
#5065=CARTESIAN_POINT('',(-40.1424177806417,23.0660540044284,-12.509564887206));
#5066=CARTESIAN_POINT('',(-39.0105779524214,23.0660540044284,-30.459564887206));
#5067=CARTESIAN_POINT('',(-39.0105779524215,23.0660540044284,10.040435112794));
#5068=CARTESIAN_POINT('',(-41.8742576088619,23.0660540044284,10.040435112794));
#5069=CARTESIAN_POINT('',(-41.8742576088619,23.0660540044284,-30.459564887206));
#5070=CARTESIAN_POINT('',(-37.325322706175,23.0660540044284,11.7256903590404));
#5071=CARTESIAN_POINT('',(-37.325322706175,23.0660540044284,-32.1448201334524));
#5072=CARTESIAN_POINT('',(-36.4424177806416,23.0660540044284,-31.7789203552587));
#5073=CARTESIAN_POINT('',(-36.4424177806416,23.0660540044284,11.3597905808467));
#5074=CARTESIAN_POINT('',(-43.6936130769165,23.0660540044284,11.8597905808486));
#5075=CARTESIAN_POINT('',(-43.6936130769165,23.0660540044284,-32.2789203552606));
#5076=CARTESIAN_POINT('',(-45.6424177806416,23.0660540044284,-32.2789203552606));
#5077=CARTESIAN_POINT('',(-45.6424177806416,23.0660540044284,11.8597905808486));
#5078=CARTESIAN_POINT('',(-47.4424177806417,23.0660540044284,10.0597905808486));
#5079=CARTESIAN_POINT('',(-47.4424177806417,23.0660540044284,-30.4789203552606));
#5080=CARTESIAN_POINT('',(-50.3105180024499,23.0660540044284,10.0597905808486));
#5081=CARTESIAN_POINT('',(-50.3105180024499,23.0660540044284,-30.4789203552606));
#5082=CARTESIAN_POINT('',(-51.9764177806417,23.0660540044284,11.7256903590404));
#5083=CARTESIAN_POINT('',(-51.9764177806417,23.0660540044284,-32.1448201334524));
#5084=CARTESIAN_POINT('',(-45.9064177806417,19.586842906279,8.46916874584612));
#5085=CARTESIAN_POINT('',(-41.2424177806417,19.586842906279,8.46916874584612));
#5086=CARTESIAN_POINT('',(-41.2424177806417,23.0660540044284,8.79043511279399));
#5087=CARTESIAN_POINT('',(-41.2424177806417,26.5452651025778,8.46916874584612));
#5088=CARTESIAN_POINT('',(-45.9064177806417,26.5452651025778,8.46916874584612));
#5089=CARTESIAN_POINT('',(-46.141207905355,27.5959147766524,6.59112587509998));
#5090=CARTESIAN_POINT('',(-49.4807782949603,24.3730666015243,-1.80468066309444));
#5091=CARTESIAN_POINT('',(-50.1132675746342,23.0660540044284,-2.70296352584136));
#5092=CARTESIAN_POINT('',(-49.48077829496,21.7590414073323,-1.80468066309396));
#5093=CARTESIAN_POINT('',(-46.141207905355,18.5361932322044,6.59112587509999));
#5094=CARTESIAN_POINT('',(-41.2424177806417,27.5959147766524,6.59112587509998));
#5095=CARTESIAN_POINT('',(-41.2424177806417,24.3730666015245,-1.80468066309402));
#5096=CARTESIAN_POINT('',(-41.2424177806417,18.5361932322044,6.59112587509998));
#5097=CARTESIAN_POINT('',(-41.2424177806417,21.7590414073323,-1.80468066309397));
#5098=CARTESIAN_POINT('',(-40.1424177806417,23.0660540044284,-7.9095648871985));
#5099=CARTESIAN_POINT('',(-41.2424177806417,23.0660540044284,-29.209564887206));
#5100=CARTESIAN_POINT('',(-50.1132669738683,23.0660540044176,-17.7161642390728));
#5101=CARTESIAN_POINT('',(-49.4807782949603,29.0637164014996,-4.17811344327931));
#5102=CARTESIAN_POINT('',(-49.6600015928413,28.8081854431725,-4.34405718791384));
#5103=CARTESIAN_POINT('',(-49.8011360779462,28.5401525641274,-4.40391827414713));
#5104=CARTESIAN_POINT('',(-50.0435278320259,27.9788991414281,-4.40405078952388));
#5105=CARTESIAN_POINT('',(-50.1132228996226,27.7038965763975,-4.30042266250199));
#5106=CARTESIAN_POINT('',(-50.1133110041397,27.2531879190358,-3.97309361141092));
#5107=CARTESIAN_POINT('',(-50.0437115281919,27.0696001263577,-3.74367931567905));
#5108=CARTESIAN_POINT('',(-49.8013979854503,26.8960055357938,-3.20984301611179));
#5109=CARTESIAN_POINT('',(-49.6601679086963,26.8699939455326,-2.93620491366582));
#5110=CARTESIAN_POINT('',(-49.48077829496,26.9489255956743,-2.64162798501191));
#5111=CARTESIAN_POINT('',(-41.2424177806417,29.0637164014999,-4.17811344327906));
#5112=CARTESIAN_POINT('',(-49.4807782949603,29.0637164014996,-4.17811344327931));
#5113=CARTESIAN_POINT('',(-41.2424177806417,26.9489255956743,-2.64162798501191));
#5114=CARTESIAN_POINT('',(-41.2424177806417,26.6998916336829,-3.5710353839739));
#5115=CARTESIAN_POINT('',(-41.2424177806417,27.4783223992695,-4.13659844028035));
#5116=CARTESIAN_POINT('',(-41.2424177806417,28.2567531648561,-4.7021614965868));
#5117=CARTESIAN_POINT('',(-41.2424177806417,29.0637164014999,-4.17811344327906));
#5118=CARTESIAN_POINT('',(-49.48077829496,26.9489255956743,-2.64162798501191));
#5119=CARTESIAN_POINT('',(-41.2424177806417,26.9489255956743,-2.64162798501191));
#5120=CARTESIAN_POINT('',(-45.9064177806417,36.8598790708566,2.85681908223161));
#5121=CARTESIAN_POINT('',(-45.9064177806417,37.14488970665,2.55594112996869));
#5122=CARTESIAN_POINT('',(-45.9289378085082,37.2826742098678,2.12887077552958));
#5123=CARTESIAN_POINT('',(-46.0101404790918,37.1835222151754,1.31863949960057));
#5124=CARTESIAN_POINT('',(-46.0688626563125,36.9476938438221,0.941801372362818));
#5125=CARTESIAN_POINT('',(-46.141207905355,36.6059866097198,0.719894099886279));
#5126=CARTESIAN_POINT('',(-41.2424177806417,36.8598790708566,2.85681908223162));
#5127=CARTESIAN_POINT('',(-45.9064177806417,36.8598790708566,2.85681908223161));
#5128=CARTESIAN_POINT('',(-41.2424177806417,36.6059866097198,0.719894099886278));
#5129=CARTESIAN_POINT('',(-41.2424177806417,37.1562974825988,1.07727015935305));
#5130=CARTESIAN_POINT('',(-41.2424177806417,37.233713947767,1.72885775562063));
#5131=CARTESIAN_POINT('',(-41.2424177806417,37.3111304129351,2.38044535188821));
#5132=CARTESIAN_POINT('',(-41.2424177806417,36.8598790708566,2.85681908223162));
#5133=CARTESIAN_POINT('',(-46.141207905355,36.6059866097198,0.719894099886279));
#5134=CARTESIAN_POINT('',(-41.2424177806417,36.6059866097198,0.719894099886277));
#5135=CARTESIAN_POINT('',(-46.141207905355,29.2765179159566,6.04506481358909));
#5136=CARTESIAN_POINT('',(-46.0688730733244,29.3819557468123,6.43856415538239));
#5137=CARTESIAN_POINT('',(-46.0101573902185,29.6674059289653,6.77926024496387));
#5138=CARTESIAN_POINT('',(-45.9289443014007,30.4072976041476,7.12402740487741));
#5139=CARTESIAN_POINT('',(-45.9064177806416,30.856118249151,7.12498752087721));
#5140=CARTESIAN_POINT('',(-45.9064177806417,31.2303972600151,6.9468770284406));
#5141=CARTESIAN_POINT('',(-41.2424177806417,29.2765179159566,6.04506481358909));
#5142=CARTESIAN_POINT('',(-46.141207905355,29.2765179159566,6.04506481358909));
#5143=CARTESIAN_POINT('',(-41.2424177806417,31.2303972600151,6.9468770284406));
#5144=CARTESIAN_POINT('',(-41.2424177806417,30.6378945861434,7.2288349794613));
#5145=CARTESIAN_POINT('',(-41.2424177806417,30.0421209601575,6.95385590522402));
#5146=CARTESIAN_POINT('',(-41.2424177806417,29.4463473341715,6.67887683098674));
#5147=CARTESIAN_POINT('',(-41.2424177806417,29.2765179159566,6.04506481358909));
#5148=CARTESIAN_POINT('',(-45.9064177806417,31.2303972600151,6.9468770284406));
#5149=CARTESIAN_POINT('',(-41.2424177806417,31.2303972600151,6.9468770284406));
#5150=CARTESIAN_POINT('',(-46.141207905355,36.6059866097198,0.719894099886279));
#5151=CARTESIAN_POINT('',(-46.422381532223,35.2779234181308,-0.14256022097773));
#5152=CARTESIAN_POINT('',(-47.2616196104538,32.6938159671691,-1.82069922127052));
#5153=CARTESIAN_POINT('',(-48.6638258704477,30.2285015517089,-3.42169312228969));
#5154=CARTESIAN_POINT('',(-49.4807782949603,29.0637164014996,-4.17811344327931));
#5155=CARTESIAN_POINT('',(-41.2424177806417,29.0637164014999,-4.17811344327906));
#5156=CARTESIAN_POINT('',(-41.2424177806417,36.6059866097198,0.719894099886277));
#5157=CARTESIAN_POINT('',(-41.2424177806417,26.9489255956743,-2.64162798501191));
#5158=CARTESIAN_POINT('',(-41.2424177806417,29.2765179159566,6.04506481358909));
#5159=CARTESIAN_POINT('',(-49.48077829496,26.9489255956743,-2.64162798501191));
#5160=CARTESIAN_POINT('',(-48.6594136432253,27.3103270501905,-1.29285939482821));
#5161=CARTESIAN_POINT('',(-47.2627500718451,28.0691346746311,1.53904921275486));
#5162=CARTESIAN_POINT('',(-46.4227987267449,28.8660610922832,4.51321909332642));
#5163=CARTESIAN_POINT('',(-46.141207905355,29.2765179159566,6.04506481358909));
#5164=CARTESIAN_POINT('',(-49.4807782949603,31.4634630188408,-8.85535567354956));
#5165=CARTESIAN_POINT('',(-49.6600015928414,31.1591948451589,-8.83940965426026));
#5166=CARTESIAN_POINT('',(-49.8011360779462,30.9071662272861,-8.7302925168926));
#5167=CARTESIAN_POINT('',(-50.043527832026,30.4530247795871,-8.40050323942308));
#5168=CARTESIAN_POINT('',(-50.1132228996226,30.2914541157668,-8.15502387149954));
#5169=CARTESIAN_POINT('',(-50.1133110041396,30.1192223413274,-7.62528920453643));
#5170=CARTESIAN_POINT('',(-50.0437115281918,30.1055430367874,-7.3317789434997));
#5171=CARTESIAN_POINT('',(-49.8013979854502,30.2788831669136,-6.79785996472434));
#5172=CARTESIAN_POINT('',(-49.6601679086963,30.4186797894247,-6.56119286039281));
#5173=CARTESIAN_POINT('',(-49.48077829496,30.6556848101117,-6.36926997885341));
#5174=CARTESIAN_POINT('',(-41.2424177806417,31.4634630188413,-8.85535567354958));
#5175=CARTESIAN_POINT('',(-49.4807782949603,31.4634630188408,-8.85535567354956));
#5176=CARTESIAN_POINT('',(-41.2424177806417,30.6556848101117,-6.36926997885342));
#5177=CARTESIAN_POINT('',(-41.2424177806417,29.9079201402028,-6.97479786913299));
#5178=CARTESIAN_POINT('',(-41.2424177806417,30.2052542347682,-7.88989811701808));
#5179=CARTESIAN_POINT('',(-41.2424177806417,30.5025883293337,-8.80499836490318));
#5180=CARTESIAN_POINT('',(-41.2424177806417,31.4634630188413,-8.85535567354958));
#5181=CARTESIAN_POINT('',(-49.48077829496,30.6556848101117,-6.36926997885341));
#5182=CARTESIAN_POINT('',(-41.2424177806417,30.6556848101117,-6.36926997885342));
#5183=CARTESIAN_POINT('',(-45.9064177806417,41.9057206986302,-7.74644514765138));
#5184=CARTESIAN_POINT('',(-45.9064177806417,41.9594475234845,-8.15738557273066));
#5185=CARTESIAN_POINT('',(-45.9289378085082,41.8198918721186,-8.5838804462515));
#5186=CARTESIAN_POINT('',(-46.0101404790919,41.2634342284491,-9.18109123763657));
#5187=CARTESIAN_POINT('',(-46.0688626563126,40.8511451745767,-9.34734324794671));
#5188=CARTESIAN_POINT('',(-46.141207905355,40.4442643929489,-9.32601952974865));
#5189=CARTESIAN_POINT('',(-41.2424177806417,41.9057206986302,-7.74644514765138));
#5190=CARTESIAN_POINT('',(-45.9064177806417,41.9057206986302,-7.74644514765138));
#5191=CARTESIAN_POINT('',(-41.2424177806417,40.4442643929489,-9.32601952974865));
#5192=CARTESIAN_POINT('',(-41.2424177806417,41.0995356185743,-9.36036083951175));
#5193=CARTESIAN_POINT('',(-41.2424177806417,41.5451604342025,-8.8787196573178));
#5194=CARTESIAN_POINT('',(-41.2424177806417,41.9907852498307,-8.39707847512386));
#5195=CARTESIAN_POINT('',(-41.2424177806417,41.9057206986302,-7.74644514765138));
#5196=CARTESIAN_POINT('',(-46.141207905355,40.4442643929489,-9.32601952974865));
#5197=CARTESIAN_POINT('',(-41.2424177806417,40.4442643929489,-9.32601952974865));
#5198=CARTESIAN_POINT('',(-46.141207905355,37.6446564714096,-0.70971231908195));
#5199=CARTESIAN_POINT('',(-46.0688730733244,37.9612505783148,-0.453339466306488));
#5200=CARTESIAN_POINT('',(-46.0101573902185,38.3924407636937,-0.345493947251668));
#5201=CARTESIAN_POINT('',(-45.9289443014007,39.1936747549847,-0.501468870745336));
#5202=CARTESIAN_POINT('',(-45.9064177806417,39.557342626244,-0.764502276642359));
#5203=CARTESIAN_POINT('',(-45.9064177806417,39.7554499859381,-1.12859237472862));
#5204=CARTESIAN_POINT('',(-41.2424177806417,37.6446564714097,-0.709712319081929));
#5205=CARTESIAN_POINT('',(-46.141207905355,37.6446564714096,-0.70971231908195));
#5206=CARTESIAN_POINT('',(-41.2424177806417,39.7554499859381,-1.12859237472862));
#5207=CARTESIAN_POINT('',(-41.2424177806416,39.4418359789399,-0.552219267008109));
#5208=CARTESIAN_POINT('',(-41.2424177806417,38.7982163461911,-0.42449506010418));
#5209=CARTESIAN_POINT('',(-41.2424177806416,38.1545967134424,-0.296770853200252));
#5210=CARTESIAN_POINT('',(-41.2424177806417,37.6446564714097,-0.709712319081931));
#5211=CARTESIAN_POINT('',(-45.9064177806417,39.7554499859381,-1.12859237472862));
#5212=CARTESIAN_POINT('',(-41.2424177806417,39.7554499859381,-1.12859237472862));
#5213=CARTESIAN_POINT('',(-46.141207905355,40.4442643929489,-9.32601952974865));
#5214=CARTESIAN_POINT('',(-46.422381532223,38.8629007707698,-9.24314377407126));
#5215=CARTESIAN_POINT('',(-47.2616196104538,35.7859285719819,-9.08188649421713));
#5216=CARTESIAN_POINT('',(-48.6638258704476,32.8504067093678,-8.9280423123607));
#5217=CARTESIAN_POINT('',(-49.4807782949603,31.4634630188408,-8.85535567354956));
#5218=CARTESIAN_POINT('',(-41.2424177806417,31.4634630188413,-8.85535567354958));
#5219=CARTESIAN_POINT('',(-41.2424177806417,40.4442643929489,-9.32601952974865));
#5220=CARTESIAN_POINT('',(-41.2424177806417,30.6556848101117,-6.36926997885342));
#5221=CARTESIAN_POINT('',(-41.2424177806417,37.6446564714097,-0.709712319081929));
#5222=CARTESIAN_POINT('',(-49.48077829496,30.6556848101117,-6.36926997885341));
#5223=CARTESIAN_POINT('',(-48.6594136432253,31.7408510146724,-5.49051971303733));
#5224=CARTESIAN_POINT('',(-47.2627500718452,34.0192933936836,-3.64547345395921));
#5225=CARTESIAN_POINT('',(-46.4227987267448,36.412193602443,-1.70774107187687));
#5226=CARTESIAN_POINT('',(-46.141207905355,37.6446564714096,-0.70971231908195));
#5227=CARTESIAN_POINT('',(-49.4807782949603,30.6556848101113,-14.0498597955583));
#5228=CARTESIAN_POINT('',(-49.6600015928412,30.4188995217262,-13.8581148497284));
#5229=CARTESIAN_POINT('',(-49.8011360779461,30.2791415309154,-13.6216985264791));
#5230=CARTESIAN_POINT('',(-50.0435278320259,30.1055786555376,-13.0879557510314));
#5231=CARTESIAN_POINT('',(-50.1132228996225,30.1191543949221,-12.7943899172162));
#5232=CARTESIAN_POINT('',(-50.1133110041396,30.2911861872983,-12.2645902721419));
#5233=CARTESIAN_POINT('',(-50.0437115281918,30.452640400288,-12.0190949894695));
#5234=CARTESIAN_POINT('',(-49.8013979854502,30.9067052130105,-11.6890322341396));
#5235=CARTESIAN_POINT('',(-49.6601679086963,31.158912490007,-11.5797349177581));
#5236=CARTESIAN_POINT('',(-49.48077829496,31.4634630188413,-11.5637741008625));
#5237=CARTESIAN_POINT('',(-41.2424177806417,30.6556848101116,-14.0498597955586));
#5238=CARTESIAN_POINT('',(-49.4807782949603,30.6556848101113,-14.0498597955583));
#5239=CARTESIAN_POINT('',(-41.2424177806417,31.4634630188413,-11.5637741008624));
#5240=CARTESIAN_POINT('',(-41.2424177806417,30.5025883293337,-11.6141314095088));
#5241=CARTESIAN_POINT('',(-41.2424177806417,30.2052542347682,-12.5292316573939));
#5242=CARTESIAN_POINT('',(-41.2424177806417,29.9079201402027,-13.444331905279));
#5243=CARTESIAN_POINT('',(-41.2424177806417,30.6556848101116,-14.0498597955586));
#5244=CARTESIAN_POINT('',(-49.48077829496,31.4634630188413,-11.5637741008625));
#5245=CARTESIAN_POINT('',(-41.2424177806417,31.4634630188413,-11.5637741008624));
#5246=CARTESIAN_POINT('',(-45.9064177806417,39.755449985938,-19.2905373996834));
#5247=CARTESIAN_POINT('',(-45.9064177806417,39.5573711788666,-19.6545750225501));
#5248=CARTESIAN_POINT('',(-45.9289378085082,39.1937808884166,-19.9175878694953));
#5249=CARTESIAN_POINT('',(-46.010140479092,38.392565502352,-20.0736639524756));
#5250=CARTESIAN_POINT('',(-46.0688626563126,37.9612961713502,-19.9658272286176));
#5251=CARTESIAN_POINT('',(-46.141207905355,37.6446564714096,-19.7094174553301));
#5252=CARTESIAN_POINT('',(-41.2424177806417,39.755449985938,-19.2905373996834));
#5253=CARTESIAN_POINT('',(-45.9064177806417,39.755449985938,-19.2905373996834));
#5254=CARTESIAN_POINT('',(-41.2424177806417,37.6446564714096,-19.7094174553301));
#5255=CARTESIAN_POINT('',(-41.2424177806417,38.1545967134423,-20.1223589212118));
#5256=CARTESIAN_POINT('',(-41.2424177806417,38.798216346191,-19.9946347143079));
#5257=CARTESIAN_POINT('',(-41.2424177806417,39.4418359789398,-19.8669105074039));
#5258=CARTESIAN_POINT('',(-41.2424177806417,39.755449985938,-19.2905373996834));
#5259=CARTESIAN_POINT('',(-46.141207905355,37.6446564714096,-19.7094174553301));
#5260=CARTESIAN_POINT('',(-41.2424177806417,37.6446564714096,-19.7094174553301));
#5261=CARTESIAN_POINT('',(-46.141207905355,40.4442643929489,-11.0931102446634));
#5262=CARTESIAN_POINT('',(-46.0688730733244,40.8510865877037,-11.0717895968732));
#5263=CARTESIAN_POINT('',(-46.0101573902184,41.2633167811091,-11.2379879710897));
#5264=CARTESIAN_POINT('',(-45.9289443014007,41.8198489367773,-11.8351278586086));
#5265=CARTESIAN_POINT('',(-45.9064177806417,41.9594552680877,-12.2616849655264));
#5266=CARTESIAN_POINT('',(-45.9064177806417,41.9057206986302,-12.6726846267607));
#5267=CARTESIAN_POINT('',(-41.2424177806417,40.4442643929489,-11.0931102446634));
#5268=CARTESIAN_POINT('',(-46.141207905355,40.4442643929489,-11.0931102446634));
#5269=CARTESIAN_POINT('',(-41.2424177806417,41.9057206986302,-12.6726846267606));
#5270=CARTESIAN_POINT('',(-41.2424177806417,41.9907852498307,-12.0220512992882));
#5271=CARTESIAN_POINT('',(-41.2424177806417,41.5451604342025,-11.5404101170942));
#5272=CARTESIAN_POINT('',(-41.2424177806417,41.0995356185743,-11.0587689349003));
#5273=CARTESIAN_POINT('',(-41.2424177806417,40.4442643929489,-11.0931102446634));
#5274=CARTESIAN_POINT('',(-45.9064177806417,41.9057206986302,-12.6726846267607));
#5275=CARTESIAN_POINT('',(-41.2424177806417,41.9057206986302,-12.6726846267606));
#5276=CARTESIAN_POINT('',(-46.141207905355,37.6446564714096,-19.7094174553301));
#5277=CARTESIAN_POINT('',(-46.422381532223,36.4140195737402,-18.7128673449368));
#5278=CARTESIAN_POINT('',(-47.2616196104539,34.0194814246246,-16.7738085849066));
#5279=CARTESIAN_POINT('',(-48.6638258704477,31.7350216916568,-14.9238895686724));
#5280=CARTESIAN_POINT('',(-49.4807782949603,30.6556848101113,-14.0498597955583));
#5281=CARTESIAN_POINT('',(-41.2424177806417,37.6446564714096,-19.7094174553301));
#5282=CARTESIAN_POINT('',(-41.2424177806417,30.6556848101116,-14.0498597955586));
#5283=CARTESIAN_POINT('',(-41.2424177806417,40.4442643929489,-11.0931102446634));
#5284=CARTESIAN_POINT('',(-41.2424177806417,31.4634630188413,-11.5637741008624));
#5285=CARTESIAN_POINT('',(-49.48077829496,31.4634630188413,-11.5637741008625));
#5286=CARTESIAN_POINT('',(-48.6594136432254,32.8578973667471,-11.4906948933327));
#5287=CARTESIAN_POINT('',(-47.2627500718452,35.7856869529548,-11.3372559429116));
#5288=CARTESIAN_POINT('',(-46.4227987267449,38.860554404762,-11.1761089681726));
#5289=CARTESIAN_POINT('',(-46.141207905355,40.4442643929489,-11.0931102446634));
#5290=CARTESIAN_POINT('',(-49.4807782949603,26.9489255956741,-17.7775017893996));
#5291=CARTESIAN_POINT('',(-49.6600015928412,26.870067124713,-17.4831979691652));
#5292=CARTESIAN_POINT('',(-49.8011360779461,26.8959625632545,-17.2097854600203));
#5293=CARTESIAN_POINT('',(-50.0435278320258,27.0692733794071,-16.6759607855657));
#5294=CARTESIAN_POINT('',(-50.1132228996225,27.2528100509739,-16.4464406564405));
#5295=CARTESIAN_POINT('',(-50.1133110041397,27.7033951126235,-16.1189414904457));
#5296=CARTESIAN_POINT('',(-50.043711528192,27.9783128214079,-16.0152320400407));
#5297=CARTESIAN_POINT('',(-49.8013979854503,28.5396649913621,-16.0150982622718));
#5298=CARTESIAN_POINT('',(-49.6601679086964,28.8079483152414,-16.074918593819));
#5299=CARTESIAN_POINT('',(-49.48077829496,29.0637164015,-16.241016331133));
#5300=CARTESIAN_POINT('',(-41.2424177806417,26.9489255956742,-17.7775017894001));
#5301=CARTESIAN_POINT('',(-49.4807782949603,26.9489255956741,-17.7775017893996));
#5302=CARTESIAN_POINT('',(-41.2424177806417,29.0637164015,-16.241016331133));
#5303=CARTESIAN_POINT('',(-41.2424177806417,28.2567531648561,-15.7169682778252));
#5304=CARTESIAN_POINT('',(-41.2424177806417,27.4783223992695,-16.2825313341316));
#5305=CARTESIAN_POINT('',(-41.2424177806417,26.6998916336829,-16.8480943904381));
#5306=CARTESIAN_POINT('',(-41.2424177806417,26.9489255956742,-17.7775017894001));
#5307=CARTESIAN_POINT('',(-49.48077829496,29.0637164015,-16.241016331133));
#5308=CARTESIAN_POINT('',(-41.2424177806417,29.0637164015,-16.241016331133));
#5309=CARTESIAN_POINT('',(-45.9064177806417,31.2303972600151,-27.3660068028526));
#5310=CARTESIAN_POINT('',(-45.9064177806417,30.8561721928681,-27.5440916247554));
#5311=CARTESIAN_POINT('',(-45.9289378085082,30.4074263963065,-27.5431604770697));
#5312=CARTESIAN_POINT('',(-46.010140479092,29.6674903130142,-27.1984860927777));
#5313=CARTESIAN_POINT('',(-46.0688626563126,29.3819709310203,-26.8577505980299));
#5314=CARTESIAN_POINT('',(-46.141207905355,29.2765179159566,-26.4641945880011));
#5315=CARTESIAN_POINT('',(-41.2424177806417,31.2303972600151,-27.3660068028526));
#5316=CARTESIAN_POINT('',(-45.9064177806417,31.2303972600151,-27.3660068028526));
#5317=CARTESIAN_POINT('',(-41.2424177806417,29.2765179159566,-26.4641945880011));
#5318=CARTESIAN_POINT('',(-41.2424177806417,29.4463473341715,-27.0980066053988));
#5319=CARTESIAN_POINT('',(-41.2424177806417,30.0421209601574,-27.372985679636));
#5320=CARTESIAN_POINT('',(-41.2424177806417,30.6378945861434,-27.6479647538733));
#5321=CARTESIAN_POINT('',(-41.2424177806417,31.2303972600151,-27.3660068028526));
#5322=CARTESIAN_POINT('',(-46.141207905355,29.2765179159566,-26.4641945880011));
#5323=CARTESIAN_POINT('',(-41.2424177806417,29.2765179159566,-26.4641945880011));
#5324=CARTESIAN_POINT('',(-46.141207905355,36.6059866097198,-21.1390238742983));
#5325=CARTESIAN_POINT('',(-46.0688730733243,36.9476446413057,-21.3608991942871));
#5326=CARTESIAN_POINT('',(-46.0101573902184,37.1834569200458,-21.7376593316991));
#5327=CARTESIAN_POINT('',(-45.9289443014007,37.2827108724583,-22.5478770422494));
#5328=CARTESIAN_POINT('',(-45.9064177806417,37.1449307903039,-22.9750275334882));
#5329=CARTESIAN_POINT('',(-45.9064177806417,36.8598790708566,-23.2759488566436));
#5330=CARTESIAN_POINT('',(-41.2424177806417,36.6059866097198,-21.1390238742983));
#5331=CARTESIAN_POINT('',(-46.141207905355,36.6059866097198,-21.1390238742983));
#5332=CARTESIAN_POINT('',(-41.2424177806417,36.8598790708566,-23.2759488566436));
#5333=CARTESIAN_POINT('',(-41.2424177806417,37.3111304129351,-22.7995751263002));
#5334=CARTESIAN_POINT('',(-41.2424177806417,37.2337139477669,-22.1479875300327));
#5335=CARTESIAN_POINT('',(-41.2424177806417,37.1562974825988,-21.4963999337651));
#5336=CARTESIAN_POINT('',(-41.2424177806417,36.6059866097198,-21.1390238742983));
#5337=CARTESIAN_POINT('',(-45.9064177806417,36.8598790708566,-23.2759488566436));
#5338=CARTESIAN_POINT('',(-41.2424177806417,36.8598790708566,-23.2759488566436));
#5339=CARTESIAN_POINT('',(-46.141207905355,29.2765179159566,-26.4641945880011));
#5340=CARTESIAN_POINT('',(-46.422381532223,28.8666692098968,-24.9346183935696));
#5341=CARTESIAN_POINT('',(-47.2616196104537,28.0691972960575,-21.9584126935118));
#5342=CARTESIAN_POINT('',(-48.6638258704477,27.3083856647991,-19.1190250306664));
#5343=CARTESIAN_POINT('',(-49.4807782949603,26.9489255956741,-17.7775017893996));
#5344=CARTESIAN_POINT('',(-41.2424177806417,29.2765179159566,-26.4641945880011));
#5345=CARTESIAN_POINT('',(-41.2424177806417,26.9489255956742,-17.7775017894001));
#5346=CARTESIAN_POINT('',(-41.2424177806417,36.6059866097198,-21.1390238742983));
#5347=CARTESIAN_POINT('',(-41.2424177806417,29.0637164015,-16.241016331133));
#5348=CARTESIAN_POINT('',(-49.48077829496,29.0637164015,-16.241016331133));
#5349=CARTESIAN_POINT('',(-48.6594136432253,30.2347923669311,-17.0015219552951));
#5350=CARTESIAN_POINT('',(-47.2627500718451,32.6936130503119,-18.5982987773937));
#5351=CARTESIAN_POINT('',(-46.4227987267449,35.2759528894774,-20.2752898771642));
#5352=CARTESIAN_POINT('',(-46.141207905355,36.6059866097198,-21.1390238742983));
#5353=CARTESIAN_POINT('',(-49.4807782949603,21.7590414073325,-18.6144491113176));
#5354=CARTESIAN_POINT('',(-49.6600015928301,21.8682310093948,-18.330000473007));
#5355=CARTESIAN_POINT('',(-49.8011360779228,22.0498886999129,-18.1240260635022));
#5356=CARTESIAN_POINT('',(-50.0435278319509,22.5038743664359,-17.7940223716547));
#5357=CARTESIAN_POINT('',(-50.1132228995283,22.7872671998364,-17.7162168354278));
#5358=CARTESIAN_POINT('',(-50.1132669669024,23.0658778417129,-17.716164248994));
#5359=CARTESIAN_POINT('',(-50.1132669738682,23.0659659228225,-17.716164240145));
#5360=CARTESIAN_POINT('',(-50.1132669738683,23.0660540044176,-17.7161642390728));
#5361=CARTESIAN_POINT('',(-41.2424177806417,21.7590414073323,-18.614449111318));
#5362=CARTESIAN_POINT('',(-49.4807782949603,21.7590414073325,-18.6144491113176));
#5363=CARTESIAN_POINT('',(-41.2424177806417,24.3730666015245,-18.614449111318));
#5364=CARTESIAN_POINT('',(-41.2424177806417,24.0282473464707,-17.7161642406815));
#5365=CARTESIAN_POINT('',(-41.2424177806417,23.0660540044284,-17.7161642406815));
#5366=CARTESIAN_POINT('',(-41.2424177806417,22.1038606623862,-17.7161642406815));
#5367=CARTESIAN_POINT('',(-41.2424177806417,21.7590414073323,-18.614449111318));
#5368=CARTESIAN_POINT('',(-49.48077829496,24.3730666015245,-18.6144491113181));
#5369=CARTESIAN_POINT('',(-41.2424177806417,24.3730666015245,-18.614449111318));
#5370=CARTESIAN_POINT('',(-45.9064177806417,19.586842906279,-28.8882985202581));
#5371=CARTESIAN_POINT('',(-45.9064177806417,19.1794128352645,-28.8124081921106));
#5372=CARTESIAN_POINT('',(-45.9289378085082,18.8169171745692,-28.5478887165615));
#5373=CARTESIAN_POINT('',(-46.0101404790919,18.4208908283643,-27.8341177647453));
#5374=CARTESIAN_POINT('',(-46.0688626563126,18.390180094853,-27.3906328769279));
#5375=CARTESIAN_POINT('',(-46.141207905355,18.5361932322044,-27.010255649512));
#5376=CARTESIAN_POINT('',(-41.2424177806417,19.586842906279,-28.8882985202581));
#5377=CARTESIAN_POINT('',(-45.9064177806417,19.586842906279,-28.8882985202581));
#5378=CARTESIAN_POINT('',(-41.2424177806417,18.5361932322044,-27.010255649512));
#5379=CARTESIAN_POINT('',(-41.2424177806417,18.301042761133,-27.6228435702578));
#5380=CARTESIAN_POINT('',(-41.2424177806417,18.6214051048304,-28.1954932654726));
#5381=CARTESIAN_POINT('',(-41.2424177806417,18.9417674485277,-28.7681429606874));
#5382=CARTESIAN_POINT('',(-41.2424177806417,19.586842906279,-28.8882985202581));
#5383=CARTESIAN_POINT('',(-46.141207905355,18.5361932322044,-27.010255649512));
#5384=CARTESIAN_POINT('',(-41.2424177806417,18.5361932322044,-27.010255649512));
#5385=CARTESIAN_POINT('',(-46.141207905355,27.5959147766524,-27.010255649512));
#5386=CARTESIAN_POINT('',(-46.0688730733243,27.7419068895329,-27.3905781063088));
#5387=CARTESIAN_POINT('',(-46.0101573902184,27.7112289780935,-27.833990440031));
#5388=CARTESIAN_POINT('',(-45.9289443014007,27.3152930909464,-28.5478103464695));
#5389=CARTESIAN_POINT('',(-45.9064177806416,26.9527539037375,-28.8123972526873));
#5390=CARTESIAN_POINT('',(-45.9064177806417,26.5452651025778,-28.8882985202581));
#5391=CARTESIAN_POINT('',(-41.2424177806417,27.5959147766524,-27.010255649512));
#5392=CARTESIAN_POINT('',(-46.141207905355,27.5959147766524,-27.010255649512));
#5393=CARTESIAN_POINT('',(-41.2424177806417,26.5452651025778,-28.8882985202581));
#5394=CARTESIAN_POINT('',(-41.2424177806417,27.1903405603291,-28.7681429606874));
#5395=CARTESIAN_POINT('',(-41.2424177806417,27.5107029040264,-28.1954932654726));
#5396=CARTESIAN_POINT('',(-41.2424177806417,27.8310652477238,-27.6228435702578));
#5397=CARTESIAN_POINT('',(-41.2424177806417,27.5959147766524,-27.010255649512));
#5398=CARTESIAN_POINT('',(-45.9064177806417,26.5452651025778,-28.8882985202581));
#5399=CARTESIAN_POINT('',(-41.2424177806417,26.5452651025778,-28.8882985202581));
#5400=CARTESIAN_POINT('',(-46.141207905355,18.5361932322044,-27.010255649512));
#5401=CARTESIAN_POINT('',(-46.422381532223,19.103680993224,-25.5318994889324));
#5402=CARTESIAN_POINT('',(-47.2616196104538,20.207882480674,-22.6553562687577));
#5403=CARTESIAN_POINT('',(-48.6638258704476,21.2613231352296,-19.911049539271));
#5404=CARTESIAN_POINT('',(-49.4807782949603,21.7590414073325,-18.6144491113176));
#5405=CARTESIAN_POINT('',(-41.2424177806417,21.7590414073323,-18.614449111318));
#5406=CARTESIAN_POINT('',(-41.2424177806417,18.5361932322044,-27.010255649512));
#5407=CARTESIAN_POINT('',(-41.2424177806417,24.3730666015245,-18.614449111318));
#5408=CARTESIAN_POINT('',(-41.2424177806417,27.5959147766524,-27.010255649512));
#5409=CARTESIAN_POINT('',(-49.48077829496,24.3730666015245,-18.6144491113181));
#5410=CARTESIAN_POINT('',(-48.6594136432253,24.8734729690944,-19.9180522673775));
#5411=CARTESIAN_POINT('',(-47.2627500718452,25.9241388208381,-22.6551303884022));
#5412=CARTESIAN_POINT('',(-46.4227987267449,27.0275849993036,-25.5297059614009));
#5413=CARTESIAN_POINT('',(-46.141207905355,27.5959147766524,-27.010255649512));
#5414=CARTESIAN_POINT('',(-49.4807782949603,17.0683916073572,-16.2410163311327));
#5415=CARTESIAN_POINT('',(-49.6600015928301,17.3239225656683,-16.0750725865086));
#5416=CARTESIAN_POINT('',(-49.8011360779228,17.5919554447129,-16.0152115002649));
#5417=CARTESIAN_POINT('',(-50.0435278319509,18.1532088674027,-16.0150789848882));
#5418=CARTESIAN_POINT('',(-50.1132228995283,18.4282114324486,-16.1187071119024));
#5419=CARTESIAN_POINT('',(-50.1133110040455,18.8789200898308,-16.4460361630081));
#5420=CARTESIAN_POINT('',(-50.0437115281173,19.062507882506,-16.6754504587563));
#5421=CARTESIAN_POINT('',(-49.8013979854278,19.236102473068,-17.2092867583142));
#5422=CARTESIAN_POINT('',(-49.6601679086856,19.2621140633195,-17.4829248607637));
#5423=CARTESIAN_POINT('',(-49.48077829496,19.1831824131825,-17.7775017894001));
#5424=CARTESIAN_POINT('',(-41.2424177806417,17.0683916073568,-16.241016331133));
#5425=CARTESIAN_POINT('',(-49.4807782949603,17.0683916073572,-16.2410163311327));
#5426=CARTESIAN_POINT('',(-41.2424177806417,19.1831824131825,-17.7775017894001));
#5427=CARTESIAN_POINT('',(-41.2424177806417,19.4322163751739,-16.8480943904381));
#5428=CARTESIAN_POINT('',(-41.2424177806417,18.6537856095873,-16.2825313341317));
#5429=CARTESIAN_POINT('',(-41.2424177806417,17.8753548440007,-15.7169682778252));
#5430=CARTESIAN_POINT('',(-41.2424177806417,17.0683916073568,-16.241016331133));
#5431=CARTESIAN_POINT('',(-49.48077829496,19.1831824131825,-17.7775017894001));
#5432=CARTESIAN_POINT('',(-41.2424177806417,19.1831824131825,-17.7775017894001));
#5433=CARTESIAN_POINT('',(-45.9064177806417,9.27222893800017,-23.2759488566436));
#5434=CARTESIAN_POINT('',(-45.9064177806417,8.98721830220677,-22.9750709043807));
#5435=CARTESIAN_POINT('',(-45.9289378085082,8.84943379898895,-22.5480005499416));
#5436=CARTESIAN_POINT('',(-46.0101404790919,8.94858579368137,-21.7377692740126));
#5437=CARTESIAN_POINT('',(-46.0688626563126,9.18441416503469,-21.3609311467748));
#5438=CARTESIAN_POINT('',(-46.141207905355,9.52612139913699,-21.1390238742983));
#5439=CARTESIAN_POINT('',(-41.2424177806417,9.27222893800016,-23.2759488566436));
#5440=CARTESIAN_POINT('',(-45.9064177806417,9.27222893800017,-23.2759488566436));
#5441=CARTESIAN_POINT('',(-41.2424177806417,9.52612139913699,-21.1390238742983));
#5442=CARTESIAN_POINT('',(-41.2424177806417,8.97581052625795,-21.4963999337651));
#5443=CARTESIAN_POINT('',(-41.2424177806417,8.89839406108984,-22.1479875300327));
#5444=CARTESIAN_POINT('',(-41.2424177806417,8.82097759592173,-22.7995751263002));
#5445=CARTESIAN_POINT('',(-41.2424177806417,9.27222893800016,-23.2759488566436));
#5446=CARTESIAN_POINT('',(-46.141207905355,9.52612139913699,-21.1390238742983));
#5447=CARTESIAN_POINT('',(-41.2424177806417,9.52612139913699,-21.1390238742983));
#5448=CARTESIAN_POINT('',(-46.141207905355,16.8555900929001,-26.4641945880011));
#5449=CARTESIAN_POINT('',(-46.0688730733244,16.7501522620445,-26.8576939297944));
#5450=CARTESIAN_POINT('',(-46.0101573902185,16.4647020798915,-27.1983900193759));
#5451=CARTESIAN_POINT('',(-45.9289443014007,15.7248104047092,-27.5431571792894));
#5452=CARTESIAN_POINT('',(-45.9064177806417,15.2759897597058,-27.5441172952892));
#5453=CARTESIAN_POINT('',(-45.9064177806417,14.9017107488417,-27.3660068028526));
#5454=CARTESIAN_POINT('',(-41.2424177806417,16.8555900929001,-26.4641945880011));
#5455=CARTESIAN_POINT('',(-46.141207905355,16.8555900929001,-26.4641945880011));
#5456=CARTESIAN_POINT('',(-41.2424177806417,14.9017107488417,-27.3660068028526));
#5457=CARTESIAN_POINT('',(-41.2424177806417,15.4942134227134,-27.6479647538733));
#5458=CARTESIAN_POINT('',(-41.2424177806417,16.0899870486993,-27.372985679636));
#5459=CARTESIAN_POINT('',(-41.2424177806417,16.6857606746853,-27.0980066053988));
#5460=CARTESIAN_POINT('',(-41.2424177806417,16.8555900929002,-26.4641945880011));
#5461=CARTESIAN_POINT('',(-45.9064177806417,14.9017107488417,-27.3660068028526));
#5462=CARTESIAN_POINT('',(-41.2424177806417,14.9017107488417,-27.3660068028526));
#5463=CARTESIAN_POINT('',(-46.141207905355,9.52612139913699,-21.1390238742983));
#5464=CARTESIAN_POINT('',(-46.422381532223,10.854184590726,-20.2765695534343));
#5465=CARTESIAN_POINT('',(-47.2616196104539,13.4382920416877,-18.5984305531415));
#5466=CARTESIAN_POINT('',(-48.6638258704477,15.9036064571479,-16.9974366521223));
#5467=CARTESIAN_POINT('',(-49.4807782949603,17.0683916073572,-16.2410163311327));
#5468=CARTESIAN_POINT('',(-41.2424177806417,9.52612139913699,-21.1390238742983));
#5469=CARTESIAN_POINT('',(-41.2424177806417,17.0683916073568,-16.241016331133));
#5470=CARTESIAN_POINT('',(-41.2424177806417,19.1831824131825,-17.7775017894001));
#5471=CARTESIAN_POINT('',(-41.2424177806417,16.8555900929001,-26.4641945880011));
#5472=CARTESIAN_POINT('',(-49.48077829496,19.1831824131825,-17.7775017894001));
#5473=CARTESIAN_POINT('',(-48.6594136432253,18.8217809586663,-19.1262703795838));
#5474=CARTESIAN_POINT('',(-47.2627500718451,18.0629733342257,-21.9581789871669));
#5475=CARTESIAN_POINT('',(-46.4227987267449,17.2660469165736,-24.9323488677385));
#5476=CARTESIAN_POINT('',(-46.141207905355,16.8555900929001,-26.4641945880011));
#5477=CARTESIAN_POINT('',(-49.4807782949603,14.668644990016,-11.5637741008625));
#5478=CARTESIAN_POINT('',(-49.6600015928413,14.9729131636979,-11.5797201201518));
#5479=CARTESIAN_POINT('',(-49.8011360779462,15.2249417815707,-11.6888372575194));
#5480=CARTESIAN_POINT('',(-50.0435278320259,15.6790832292697,-12.0186265349889));
#5481=CARTESIAN_POINT('',(-50.1132228996225,15.84065389309,-12.2641059029125));
#5482=CARTESIAN_POINT('',(-50.1133110041396,16.0128856675294,-12.7938405698756));
#5483=CARTESIAN_POINT('',(-50.0437115281918,16.0265649720694,-13.0873508309123));
#5484=CARTESIAN_POINT('',(-49.8013979854502,15.8532248419432,-13.6212698096877));
#5485=CARTESIAN_POINT('',(-49.6601679086963,15.7134282194321,-13.8579369140192));
#5486=CARTESIAN_POINT('',(-49.48077829496,15.4764231987451,-14.0498597955586));
#5487=CARTESIAN_POINT('',(-41.2424177806417,14.6686449900155,-11.5637741008624));
#5488=CARTESIAN_POINT('',(-49.4807782949603,14.668644990016,-11.5637741008625));
#5489=CARTESIAN_POINT('',(-41.2424177806417,15.4764231987451,-14.0498597955586));
#5490=CARTESIAN_POINT('',(-41.2424177806417,16.224187868654,-13.444331905279));
#5491=CARTESIAN_POINT('',(-41.2424177806417,15.9268537740886,-12.5292316573939));
#5492=CARTESIAN_POINT('',(-41.2424177806417,15.6295196795231,-11.6141314095088));
#5493=CARTESIAN_POINT('',(-41.2424177806417,14.6686449900155,-11.5637741008624));
#5494=CARTESIAN_POINT('',(-49.48077829496,15.4764231987451,-14.0498597955586));
#5495=CARTESIAN_POINT('',(-41.2424177806417,15.4764231987451,-14.0498597955586));
#5496=CARTESIAN_POINT('',(-45.9064177806417,4.22638731022661,-12.6726846267606));
#5497=CARTESIAN_POINT('',(-45.9064177806417,4.17266048537225,-12.2617442016814));
#5498=CARTESIAN_POINT('',(-45.9289378085082,4.31221613673817,-11.8352493281605));
#5499=CARTESIAN_POINT('',(-46.0101404790919,4.86867378040768,-11.2380385367755));
#5500=CARTESIAN_POINT('',(-46.0688626563126,5.28096283428013,-11.0717865264653));
#5501=CARTESIAN_POINT('',(-46.141207905355,5.6878436159079,-11.0931102446634));
#5502=CARTESIAN_POINT('',(-41.2424177806417,4.22638731022661,-12.6726846267606));
#5503=CARTESIAN_POINT('',(-45.9064177806417,4.22638731022661,-12.6726846267606));
#5504=CARTESIAN_POINT('',(-41.2424177806417,5.6878436159079,-11.0931102446634));
#5505=CARTESIAN_POINT('',(-41.2424177806417,5.03257239028251,-11.0587689349003));
#5506=CARTESIAN_POINT('',(-41.2424177806417,4.5869475746543,-11.5404101170942));
#5507=CARTESIAN_POINT('',(-41.2424177806417,4.1413227590261,-12.0220512992882));
#5508=CARTESIAN_POINT('',(-41.2424177806417,4.22638731022661,-12.6726846267606));
#5509=CARTESIAN_POINT('',(-46.141207905355,5.6878436159079,-11.0931102446634));
#5510=CARTESIAN_POINT('',(-41.2424177806417,5.6878436159079,-11.0931102446634));
#5511=CARTESIAN_POINT('',(-46.141207905355,8.48745153744717,-19.7094174553301));
#5512=CARTESIAN_POINT('',(-46.0688730733244,8.170857430542,-19.9657903081055));
#5513=CARTESIAN_POINT('',(-46.0101573902185,7.73966724516313,-20.0736358271604));
#5514=CARTESIAN_POINT('',(-45.9289443014007,6.93843325387214,-19.9176609036667));
#5515=CARTESIAN_POINT('',(-45.9064177806417,6.57476538261284,-19.6546274977697));
#5516=CARTESIAN_POINT('',(-45.9064177806417,6.37665802291872,-19.2905373996834));
#5517=CARTESIAN_POINT('',(-41.2424177806417,8.48745153744717,-19.7094174553301));
#5518=CARTESIAN_POINT('',(-46.141207905355,8.48745153744717,-19.7094174553301));
#5519=CARTESIAN_POINT('',(-41.2424177806417,6.37665802291872,-19.2905373996834));
#5520=CARTESIAN_POINT('',(-41.2424177806417,6.69027202991694,-19.8669105074039));
#5521=CARTESIAN_POINT('',(-41.2424177806417,7.33389166266571,-19.9946347143079));
#5522=CARTESIAN_POINT('',(-41.2424177806417,7.97751129541448,-20.1223589212118));
#5523=CARTESIAN_POINT('',(-41.2424177806417,8.48745153744717,-19.7094174553301));
#5524=CARTESIAN_POINT('',(-45.9064177806417,6.37665802291872,-19.2905373996834));
#5525=CARTESIAN_POINT('',(-41.2424177806417,6.37665802291872,-19.2905373996834));
#5526=CARTESIAN_POINT('',(-46.141207905355,5.6878436159079,-11.0931102446634));
#5527=CARTESIAN_POINT('',(-46.422381532223,7.26920723808698,-11.1759860003408));
#5528=CARTESIAN_POINT('',(-47.2616196104539,10.3461794368749,-11.3372432801949));
#5529=CARTESIAN_POINT('',(-48.6638258704476,13.281701299489,-11.4910874620513));
#5530=CARTESIAN_POINT('',(-49.4807782949603,14.668644990016,-11.5637741008625));
#5531=CARTESIAN_POINT('',(-41.2424177806417,14.6686449900155,-11.5637741008624));
#5532=CARTESIAN_POINT('',(-41.2424177806417,5.6878436159079,-11.0931102446634));
#5533=CARTESIAN_POINT('',(-41.2424177806417,8.48745153744717,-19.7094174553301));
#5534=CARTESIAN_POINT('',(-41.2424177806417,15.4764231987451,-14.0498597955586));
#5535=CARTESIAN_POINT('',(-49.48077829496,15.4764231987451,-14.0498597955586));
#5536=CARTESIAN_POINT('',(-48.6594136432253,14.3912569941844,-14.9286100613747));
#5537=CARTESIAN_POINT('',(-47.2627500718452,12.1128146151732,-16.7736563204528));
#5538=CARTESIAN_POINT('',(-46.4227987267449,9.71991440641387,-18.7113887025351));
#5539=CARTESIAN_POINT('',(-46.141207905355,8.48745153744717,-19.7094174553301));
#5540=CARTESIAN_POINT('',(-49.4807782949603,15.4764231987455,-6.36926997885373));
#5541=CARTESIAN_POINT('',(-49.6600015928413,15.7132084871306,-6.56101492468358));
#5542=CARTESIAN_POINT('',(-49.8011360779462,15.8529664779414,-6.79743124793286));
#5543=CARTESIAN_POINT('',(-50.0435278320259,16.0265293533192,-7.33117402338056));
#5544=CARTESIAN_POINT('',(-50.1132228996226,16.0129536139347,-7.62473985719581));
#5545=CARTESIAN_POINT('',(-50.1133110041396,15.8409218215585,-8.15453950227013));
#5546=CARTESIAN_POINT('',(-50.0437115281918,15.6794676085688,-8.40003478494253));
#5547=CARTESIAN_POINT('',(-49.8013979854502,15.2254027958462,-8.73009754027245));
#5548=CARTESIAN_POINT('',(-49.6601679086963,14.9731955188498,-8.83939485665389));
#5549=CARTESIAN_POINT('',(-49.48077829496,14.6686449900155,-8.85535567354957));
#5550=CARTESIAN_POINT('',(-41.2424177806417,15.4764231987452,-6.36926997885344));
#5551=CARTESIAN_POINT('',(-49.4807782949603,15.4764231987455,-6.36926997885373));
#5552=CARTESIAN_POINT('',(-41.2424177806417,14.6686449900155,-8.85535567354957));
#5553=CARTESIAN_POINT('',(-41.2424177806417,15.6295196795231,-8.8049983649032));
#5554=CARTESIAN_POINT('',(-41.2424177806417,15.9268537740886,-7.88989811701812));
#5555=CARTESIAN_POINT('',(-41.2424177806417,16.2241878686541,-6.97479786913304));
#5556=CARTESIAN_POINT('',(-41.2424177806417,15.4764231987452,-6.36926997885344));
#5557=CARTESIAN_POINT('',(-49.48077829496,14.6686449900155,-8.85535567354957));
#5558=CARTESIAN_POINT('',(-41.2424177806417,14.6686449900155,-8.85535567354957));
#5559=CARTESIAN_POINT('',(-45.9064177806417,6.37665802291879,-1.1285923747286));
#5560=CARTESIAN_POINT('',(-45.9064177806417,6.57473682999022,-0.764554751861892));
#5561=CARTESIAN_POINT('',(-45.9289378085082,6.9383271204402,-0.501541904916694));
#5562=CARTESIAN_POINT('',(-46.010140479092,7.73954250650475,-0.345465821936434));
#5563=CARTESIAN_POINT('',(-46.0688626563126,8.17081183750662,-0.453302545794394));
#5564=CARTESIAN_POINT('',(-46.141207905355,8.48745153744719,-0.709712319081936));
#5565=CARTESIAN_POINT('',(-41.2424177806417,6.37665802291879,-1.1285923747286));
#5566=CARTESIAN_POINT('',(-45.9064177806417,6.37665802291879,-1.1285923747286));
#5567=CARTESIAN_POINT('',(-41.2424177806417,8.48745153744719,-0.709712319081936));
#5568=CARTESIAN_POINT('',(-41.2424177806417,7.9775112954145,-0.296770853200247));
#5569=CARTESIAN_POINT('',(-41.2424177806417,7.33389166266575,-0.424495060104169));
#5570=CARTESIAN_POINT('',(-41.2424177806417,6.690272029917,-0.552219267008092));
#5571=CARTESIAN_POINT('',(-41.2424177806417,6.37665802291879,-1.1285923747286));
#5572=CARTESIAN_POINT('',(-46.141207905355,8.48745153744719,-0.709712319081936));
#5573=CARTESIAN_POINT('',(-41.2424177806417,8.48745153744719,-0.709712319081937));
#5574=CARTESIAN_POINT('',(-46.141207905355,5.6878436159079,-9.32601952974864));
#5575=CARTESIAN_POINT('',(-46.0688730733244,5.28102142115309,-9.34734017753879));
#5576=CARTESIAN_POINT('',(-46.0101573902184,4.86879122774769,-9.18114180332236));
#5577=CARTESIAN_POINT('',(-45.9289443014007,4.31225907207947,-8.58400191580338));
#5578=CARTESIAN_POINT('',(-45.9064177806417,4.17265274076908,-8.15744480888558));
#5579=CARTESIAN_POINT('',(-45.9064177806417,4.22638731022661,-7.74644514765137));
#5580=CARTESIAN_POINT('',(-41.2424177806417,5.6878436159079,-9.32601952974864));
#5581=CARTESIAN_POINT('',(-46.141207905355,5.6878436159079,-9.32601952974864));
#5582=CARTESIAN_POINT('',(-41.2424177806417,4.22638731022661,-7.74644514765137));
#5583=CARTESIAN_POINT('',(-41.2424177806417,4.1413227590261,-8.39707847512385));
#5584=CARTESIAN_POINT('',(-41.2424177806417,4.5869475746543,-8.8787196573178));
#5585=CARTESIAN_POINT('',(-41.2424177806417,5.03257239028251,-9.36036083951174));
#5586=CARTESIAN_POINT('',(-41.2424177806417,5.6878436159079,-9.32601952974864));
#5587=CARTESIAN_POINT('',(-45.9064177806417,4.22638731022661,-7.74644514765137));
#5588=CARTESIAN_POINT('',(-41.2424177806417,4.22638731022661,-7.74644514765137));
#5589=CARTESIAN_POINT('',(-49.4807782949603,15.4764231987455,-6.36926997885373));
#5590=CARTESIAN_POINT('',(-48.6638258704476,14.3970863172,-5.49524020573969));
#5591=CARTESIAN_POINT('',(-47.2616196104539,12.1126265842322,-3.6453211895054));
#5592=CARTESIAN_POINT('',(-46.422381532223,9.7180884351166,-1.70626242947527));
#5593=CARTESIAN_POINT('',(-46.141207905355,8.48745153744719,-0.709712319081936));
#5594=CARTESIAN_POINT('',(-41.2424177806417,8.48745153744719,-0.709712319081937));
#5595=CARTESIAN_POINT('',(-41.2424177806417,15.4764231987452,-6.36926997885344));
#5596=CARTESIAN_POINT('',(-41.2424177806417,5.6878436159079,-9.32601952974864));
#5597=CARTESIAN_POINT('',(-41.2424177806417,14.6686449900155,-8.85535567354957));
#5598=CARTESIAN_POINT('',(-49.48077829496,14.6686449900155,-8.85535567354957));
#5599=CARTESIAN_POINT('',(-48.6594136432254,13.2742106421097,-8.92843488107931));
#5600=CARTESIAN_POINT('',(-47.2627500718452,10.346421055902,-9.08187383150047));
#5601=CARTESIAN_POINT('',(-46.4227987267449,7.2715536040948,-9.24302080623939));
#5602=CARTESIAN_POINT('',(-46.141207905355,5.6878436159079,-9.32601952974864));
#5603=CARTESIAN_POINT('',(-49.4807782949603,19.1831824131827,-2.64162798501241));
#5604=CARTESIAN_POINT('',(-49.6600015928413,19.2620408841438,-2.93593180524681));
#5605=CARTESIAN_POINT('',(-49.8011360779462,19.2361454456023,-3.20934431439176));
#5606=CARTESIAN_POINT('',(-50.0435278320259,19.0628346294497,-3.74316898884633));
#5607=CARTESIAN_POINT('',(-50.1132228996225,18.8792979578829,-3.97268911797156));
#5608=CARTESIAN_POINT('',(-50.1133110041396,18.4287128962333,-4.30018828396635));
#5609=CARTESIAN_POINT('',(-50.0437115281918,18.1537951874489,-4.40389773437132));
#5610=CARTESIAN_POINT('',(-49.8013979854502,17.5924430174948,-4.4040315121402));
#5611=CARTESIAN_POINT('',(-49.6601679086963,17.3241596936155,-4.344211180593));
#5612=CARTESIAN_POINT('',(-49.48077829496,17.0683916073568,-4.17811344327902));
#5613=CARTESIAN_POINT('',(-41.2424177806417,19.1831824131826,-2.64162798501195));
#5614=CARTESIAN_POINT('',(-49.4807782949603,19.1831824131827,-2.64162798501241));
#5615=CARTESIAN_POINT('',(-41.2424177806417,17.0683916073568,-4.17811344327903));
#5616=CARTESIAN_POINT('',(-41.2424177806417,17.8753548440007,-4.70216149658681));
#5617=CARTESIAN_POINT('',(-41.2424177806417,18.6537856095873,-4.13659844028038));
#5618=CARTESIAN_POINT('',(-41.2424177806417,19.4322163751739,-3.57103538397396));
#5619=CARTESIAN_POINT('',(-41.2424177806417,19.1831824131826,-2.64162798501195));
#5620=CARTESIAN_POINT('',(-49.48077829496,17.0683916073568,-4.17811344327902));
#5621=CARTESIAN_POINT('',(-41.2424177806417,17.0683916073568,-4.17811344327903));
#5622=CARTESIAN_POINT('',(-45.9064177806417,14.9017107488417,6.9468770284406));
#5623=CARTESIAN_POINT('',(-45.9064177806417,15.2759358159887,7.12496185034334));
#5624=CARTESIAN_POINT('',(-45.9289378085082,15.7246816125503,7.12403070265771));
#5625=CARTESIAN_POINT('',(-46.010140479092,16.4646176958425,6.77935631836566));
#5626=CARTESIAN_POINT('',(-46.0688626563126,16.7501370778365,6.43862082361792));
#5627=CARTESIAN_POINT('',(-46.141207905355,16.8555900929002,6.04506481358909));
#5628=CARTESIAN_POINT('',(-41.2424177806417,14.9017107488417,6.9468770284406));
#5629=CARTESIAN_POINT('',(-45.9064177806417,14.9017107488417,6.9468770284406));
#5630=CARTESIAN_POINT('',(-41.2424177806417,16.8555900929002,6.04506481358909));
#5631=CARTESIAN_POINT('',(-41.2424177806417,16.6857606746853,6.67887683098675));
#5632=CARTESIAN_POINT('',(-41.2424177806417,16.0899870486993,6.95385590522402));
#5633=CARTESIAN_POINT('',(-41.2424177806417,15.4942134227134,7.2288349794613));
#5634=CARTESIAN_POINT('',(-41.2424177806417,14.9017107488417,6.9468770284406));
#5635=CARTESIAN_POINT('',(-46.141207905355,16.8555900929002,6.04506481358909));
#5636=CARTESIAN_POINT('',(-41.2424177806417,16.8555900929002,6.0450648135891));
#5637=CARTESIAN_POINT('',(-46.141207905355,9.52612139913699,0.719894099886282));
#5638=CARTESIAN_POINT('',(-46.0688730733243,9.18446336755105,0.94176941987509));
#5639=CARTESIAN_POINT('',(-46.0101573902184,8.948651088811,1.31852955728705));
#5640=CARTESIAN_POINT('',(-45.9289443014007,8.84939713639852,2.12874726783738));
#5641=CARTESIAN_POINT('',(-45.9064177806417,8.98717721855292,2.55589775907621));
#5642=CARTESIAN_POINT('',(-45.9064177806417,9.27222893800017,2.85681908223161));
#5643=CARTESIAN_POINT('',(-41.2424177806417,9.52612139913699,0.719894099886282));
#5644=CARTESIAN_POINT('',(-46.141207905355,9.52612139913699,0.719894099886282));
#5645=CARTESIAN_POINT('',(-41.2424177806417,9.27222893800016,2.85681908223163));
#5646=CARTESIAN_POINT('',(-41.2424177806417,8.82097759592173,2.38044535188821));
#5647=CARTESIAN_POINT('',(-41.2424177806417,8.89839406108984,1.72885775562063));
#5648=CARTESIAN_POINT('',(-41.2424177806417,8.97581052625795,1.07727015935306));
#5649=CARTESIAN_POINT('',(-41.2424177806417,9.52612139913699,0.71989409988628));
#5650=CARTESIAN_POINT('',(-45.9064177806417,9.27222893800017,2.85681908223161));
#5651=CARTESIAN_POINT('',(-41.2424177806417,9.27222893800016,2.85681908223163));
#5652=CARTESIAN_POINT('',(-46.141207905355,16.8555900929002,6.04506481358909));
#5653=CARTESIAN_POINT('',(-46.422381532223,17.2654387989599,4.51548861915759));
#5654=CARTESIAN_POINT('',(-47.2616196104539,18.0629107127994,1.53928291909972));
#5655=CARTESIAN_POINT('',(-48.6638258704476,18.8237223440577,-1.30010474374567));
#5656=CARTESIAN_POINT('',(-49.4807782949603,19.1831824131827,-2.64162798501241));
#5657=CARTESIAN_POINT('',(-41.2424177806417,19.1831824131826,-2.64162798501195));
#5658=CARTESIAN_POINT('',(-41.2424177806417,16.8555900929002,6.0450648135891));
#5659=CARTESIAN_POINT('',(-41.2424177806417,9.52612139913699,0.719894099886282));
#5660=CARTESIAN_POINT('',(-41.2424177806417,17.0683916073568,-4.17811344327903));
#5661=CARTESIAN_POINT('',(-49.48077829496,17.0683916073568,-4.17811344327902));
#5662=CARTESIAN_POINT('',(-48.6594136432253,15.8973156419257,-3.41760781911696));
#5663=CARTESIAN_POINT('',(-47.2627500718451,13.4384949585449,-1.82083099701838));
#5664=CARTESIAN_POINT('',(-46.4227987267449,10.8561551193794,-0.143839897247849));
#5665=CARTESIAN_POINT('',(-46.141207905355,9.52612139913699,0.719894099886282));
#5666=CARTESIAN_POINT('',(-38.7424177806416,20.9559592194284,-3.75956488720601));
#5667=CARTESIAN_POINT('',(-38.7424177806416,20.9559592193605,-7.10956488640613));
#5668=CARTESIAN_POINT('',(-38.7424177806416,25.1559592194291,-6.77850537019827));
#5669=CARTESIAN_POINT('',(-38.7424177806416,25.1559592194284,-3.75956488720601));
#5670=CARTESIAN_POINT('',(-38.7424177806416,25.1559592194284,-16.659564887206));
#5671=CARTESIAN_POINT('',(-38.7424177806416,25.1559592194291,-13.6406244042137));
#5672=CARTESIAN_POINT('',(-38.7424177806416,20.9559592193605,-13.3095648880059));
#5673=CARTESIAN_POINT('',(-38.7424177806416,20.9559592194284,-16.659564887206));
#5674=CARTESIAN_POINT('',(-38.7424177806416,24.1160540044284,-11.259564887206));
#5675=CARTESIAN_POINT('',(-38.7424177806416,22.0160540044284,-11.259564887206));
#5676=CARTESIAN_POINT('',(-38.7424177806416,24.1160540044284,-9.15956488720601));
#5677=CARTESIAN_POINT('',(-38.7424177806416,24.1160540044284,-11.259564887206));
#5678=CARTESIAN_POINT('',(-38.7424177806416,22.0160540044284,-9.15956488720601));
#5679=CARTESIAN_POINT('',(-38.7424177806416,24.1160540044284,-9.15956488720601));
#5680=CARTESIAN_POINT('',(-38.7424177806416,22.0160540044284,-11.259564887206));
#5681=CARTESIAN_POINT('',(-38.7424177806416,22.0160540044284,-9.15956488720601));
#5682=CARTESIAN_POINT('',(-40.3424177806417,22.0160540044349,-12.2559030801934));
#5683=CARTESIAN_POINT('',(-40.3424177806417,22.0160540044349,-8.16322669421863));
#5684=CARTESIAN_POINT('',(-40.3424177806417,24.1160540044219,-8.16322669421863));
#5685=CARTESIAN_POINT('',(-40.3424177806417,24.1160540044219,-12.2559030801934));
#5686=CARTESIAN_POINT('',(-39.5424177806417,22.0160540044284,-11.259564887206));
#5687=CARTESIAN_POINT('',(-40.1424177806417,22.0160540044284,-11.259564887206));
#5688=CARTESIAN_POINT('',(-38.7424177806416,22.0160540044284,-11.259564887206));
#5689=CARTESIAN_POINT('',(-39.5424177806417,22.0160540044284,-11.259564887206));
#5690=CARTESIAN_POINT('',(-39.5424177806417,22.0160540044284,-9.15956488720601));
#5691=CARTESIAN_POINT('',(-38.7424177806416,22.0160540044284,-9.15956488720601));
#5692=CARTESIAN_POINT('',(-40.1424177806417,22.0160540044284,-9.15956488720601));
#5693=CARTESIAN_POINT('',(-39.5424177806417,22.0160540044284,-9.15956488720601));
#5694=CARTESIAN_POINT('',(-40.1424177806417,22.0160540044349,-8.16322669421863));
#5695=CARTESIAN_POINT('',(-40.1424177806417,22.0160540044284,-9.15956488720601));
#5696=CARTESIAN_POINT('',(-40.3424177806417,22.0160540044349,-8.16322669421863));
#5697=CARTESIAN_POINT('',(-40.1424177806417,22.0160540044349,-8.16322669421863));
#5698=CARTESIAN_POINT('',(-40.1424177806417,22.0160540044349,-12.2559030801934));
#5699=CARTESIAN_POINT('',(-40.3424177806417,22.0160540044349,-12.2559030801934));
#5700=CARTESIAN_POINT('',(-40.1424177806417,22.0160540044284,-11.259564887206));
#5701=CARTESIAN_POINT('',(-40.1424177806417,22.0160540044349,-12.2559030801934));
#5702=CARTESIAN_POINT('',(-39.5424177806417,24.1160540044284,-11.259564887206));
#5703=CARTESIAN_POINT('',(-40.1424177806417,24.1160540044284,-11.259564887206));
#5704=CARTESIAN_POINT('',(-38.7424177806416,24.1160540044284,-11.259564887206));
#5705=CARTESIAN_POINT('',(-39.5424177806417,24.1160540044284,-11.259564887206));
#5706=CARTESIAN_POINT('',(-40.1424177806417,24.1160540044284,-11.259564887206));
#5707=CARTESIAN_POINT('',(-40.1424177806417,22.0160540044284,-11.259564887206));
#5708=CARTESIAN_POINT('',(-40.1424177806417,24.1160540044284,-11.259564887206));
#5709=CARTESIAN_POINT('',(-40.1424177806417,24.1160540044219,-12.2559030801934));
#5710=CARTESIAN_POINT('',(-40.1424177806417,24.1160540044219,-12.2559030801934));
#5711=CARTESIAN_POINT('',(-40.3424177806417,24.1160540044219,-12.2559030801934));
#5712=CARTESIAN_POINT('',(-40.3424177806417,24.1160540044219,-8.16322669421863));
#5713=CARTESIAN_POINT('',(-40.1424177806417,24.1160540044219,-8.16322669421863));
#5714=CARTESIAN_POINT('',(-40.1424177806417,24.1160540044219,-8.16322669421863));
#5715=CARTESIAN_POINT('',(-40.1424177806417,24.1160540044284,-9.15956488720601));
#5716=CARTESIAN_POINT('',(-40.1424177806417,24.1160540044284,-9.15956488720601));
#5717=CARTESIAN_POINT('',(-39.5424177806417,24.1160540044284,-9.15956488720601));
#5718=CARTESIAN_POINT('',(-39.5424177806417,24.1160540044284,-9.15956488720601));
#5719=CARTESIAN_POINT('',(-38.7424177806416,24.1160540044284,-9.15956488720601));
#5720=CARTESIAN_POINT('',(-40.1424177806417,22.0160540044284,-9.15956488720601));
#5721=CARTESIAN_POINT('',(-40.1424177806417,24.1160540044284,-9.15956488720601));
#5722=CARTESIAN_POINT('',(-36.4424177806417,8.49276110151111,-8.166902515181));
#5723=CARTESIAN_POINT('',(-36.4424177806417,6.61605400526312,-8.32611630642895));
#5724=CARTESIAN_POINT('',(-36.4424177806417,6.61605400526311,-10.209564887206));
#5725=CARTESIAN_POINT('',(-36.4424177806417,6.61605400526312,-12.0930134679831));
#5726=CARTESIAN_POINT('',(-36.4424177806417,8.49276110151111,-12.252227259231));
#5727=CARTESIAN_POINT('',(-38.7424177806416,8.49276110151111,-8.166902515181));
#5728=CARTESIAN_POINT('',(-36.4424177806417,8.49276110151111,-8.166902515181));
#5729=CARTESIAN_POINT('',(-38.7424177806417,8.49276110151111,-8.166902515181));
#5730=CARTESIAN_POINT('',(-38.7424177806417,6.61605400526312,-8.32611630642895));
#5731=CARTESIAN_POINT('',(-38.7424177806417,6.61605400526311,-10.209564887206));
#5732=CARTESIAN_POINT('',(-38.7424177806417,6.61605400526312,-12.0930134679831));
#5733=CARTESIAN_POINT('',(-38.7424177806417,8.49276110151111,-12.252227259231));
#5734=CARTESIAN_POINT('',(-36.4424177806417,8.49276110151111,-12.252227259231));
#5735=CARTESIAN_POINT('',(-38.7424177806416,8.49276110151111,-12.252227259231));
#5736=CARTESIAN_POINT('',(-36.4424177806417,8.49276110151111,-8.166902515181));
#5737=CARTESIAN_POINT('',(-36.4424177806417,20.9559592193605,-7.10956488640613));
#5738=CARTESIAN_POINT('',(-36.4424177806417,20.9559592193605,-7.10956488640613));
#5739=CARTESIAN_POINT('',(-38.7424177806416,20.9559592193605,-7.10956488640613));
#5740=CARTESIAN_POINT('',(-38.7424177806416,20.9559592193605,-7.10956488640613));
#5741=CARTESIAN_POINT('',(-38.7424177806416,8.49276110151111,-8.166902515181));
#5742=CARTESIAN_POINT('',(-36.4424177806417,20.9559592193605,-7.10956488640613));
#5743=CARTESIAN_POINT('',(-36.4424177806417,20.9559592194284,-3.75956488720601));
#5744=CARTESIAN_POINT('',(-36.4424177806417,20.9559592194284,-3.75956488720601));
#5745=CARTESIAN_POINT('',(-38.7424177806416,20.9559592194284,-3.75956488720601));
#5746=CARTESIAN_POINT('',(-36.4424177806417,25.1559592194284,-3.75956488720601));
#5747=CARTESIAN_POINT('',(-36.4424177806417,25.1559592194284,-1.65956488720601));
#5748=CARTESIAN_POINT('',(-36.4424177806417,23.0559592194284,-1.65956488720601));
#5749=CARTESIAN_POINT('',(-36.4424177806417,20.9559592194284,-1.65956488720601));
#5750=CARTESIAN_POINT('',(-36.4424177806417,20.9559592194284,-3.75956488720601));
#5751=CARTESIAN_POINT('',(-38.7424177806416,25.1559592194284,-3.75956488720601));
#5752=CARTESIAN_POINT('',(-36.4424177806417,25.1559592194284,-3.75956488720601));
#5753=CARTESIAN_POINT('',(-38.7424177806417,25.1559592194284,-3.75956488720601));
#5754=CARTESIAN_POINT('',(-38.7424177806417,25.1559592194284,-1.65956488720601));
#5755=CARTESIAN_POINT('',(-38.7424177806417,23.0559592194284,-1.65956488720601));
#5756=CARTESIAN_POINT('',(-38.7424177806417,20.9559592194284,-1.65956488720601));
#5757=CARTESIAN_POINT('',(-38.7424177806417,20.9559592194284,-3.75956488720601));
#5758=CARTESIAN_POINT('',(-36.4424177806417,25.1559592194284,-3.75956488720601));
#5759=CARTESIAN_POINT('',(-36.4424177806417,25.1559592194291,-6.77850537019827));
#5760=CARTESIAN_POINT('',(-36.4424177806417,25.1559592194291,-6.77850537019827));
#5761=CARTESIAN_POINT('',(-38.7424177806416,25.1559592194291,-6.77850537019827));
#5762=CARTESIAN_POINT('',(-36.4424177806417,39.6099137383852,-8.11853203167222));
#5763=CARTESIAN_POINT('',(-36.4424177806417,25.1559592194291,-6.77850537019827));
#5764=CARTESIAN_POINT('',(-38.7424177806416,39.6099137383852,-8.11853203167222));
#5765=CARTESIAN_POINT('',(-36.4424177806417,39.6099137383852,-8.11853203167222));
#5766=CARTESIAN_POINT('',(-38.7424177806416,39.6099137383852,-8.11853203167222));
#5767=CARTESIAN_POINT('',(-38.7424177806416,25.1559592194291,-6.77850537019827));
#5768=CARTESIAN_POINT('',(-36.4424177806417,39.6099137383852,-12.3005977427398));
#5769=CARTESIAN_POINT('',(-36.4424177806417,41.5160540042914,-12.1238794076699));
#5770=CARTESIAN_POINT('',(-36.4424177806417,41.5160540042914,-10.209564887206));
#5771=CARTESIAN_POINT('',(-36.4424177806417,41.5160540042914,-8.29525036674209));
#5772=CARTESIAN_POINT('',(-36.4424177806417,39.6099137383852,-8.11853203167221));
#5773=CARTESIAN_POINT('',(-38.7424177806416,39.6099137383852,-12.3005977427398));
#5774=CARTESIAN_POINT('',(-36.4424177806417,39.6099137383852,-12.3005977427398));
#5775=CARTESIAN_POINT('',(-38.7424177806417,39.6099137383852,-12.3005977427398));
#5776=CARTESIAN_POINT('',(-38.7424177806417,41.5160540042914,-12.1238794076699));
#5777=CARTESIAN_POINT('',(-38.7424177806417,41.5160540042914,-10.209564887206));
#5778=CARTESIAN_POINT('',(-38.7424177806417,41.5160540042914,-8.29525036674209));
#5779=CARTESIAN_POINT('',(-38.7424177806417,39.6099137383852,-8.11853203167221));
#5780=CARTESIAN_POINT('',(-36.4424177806417,39.6099137383852,-12.3005977427398));
#5781=CARTESIAN_POINT('',(-36.4424177806417,25.1559592194291,-13.6406244042137));
#5782=CARTESIAN_POINT('',(-36.4424177806417,25.1559592194291,-13.6406244042137));
#5783=CARTESIAN_POINT('',(-38.7424177806416,25.1559592194291,-13.6406244042137));
#5784=CARTESIAN_POINT('',(-38.7424177806416,25.1559592194291,-13.6406244042137));
#5785=CARTESIAN_POINT('',(-38.7424177806416,39.6099137383852,-12.3005977427398));
#5786=CARTESIAN_POINT('',(-36.4424177806417,25.1559592194291,-13.6406244042137));
#5787=CARTESIAN_POINT('',(-36.4424177806417,25.1559592194284,-16.659564887206));
#5788=CARTESIAN_POINT('',(-36.4424177806417,25.1559592194284,-16.659564887206));
#5789=CARTESIAN_POINT('',(-38.7424177806416,25.1559592194284,-16.659564887206));
#5790=CARTESIAN_POINT('',(-38.7424177806417,20.9559592194284,-16.659564887206));
#5791=CARTESIAN_POINT('',(-38.7424177806417,20.9559592194284,-18.759564887206));
#5792=CARTESIAN_POINT('',(-38.7424177806417,23.0559592194284,-18.759564887206));
#5793=CARTESIAN_POINT('',(-38.7424177806417,25.1559592194284,-18.759564887206));
#5794=CARTESIAN_POINT('',(-38.7424177806417,25.1559592194284,-16.659564887206));
#5795=CARTESIAN_POINT('',(-36.4424177806417,20.9559592194284,-16.659564887206));
#5796=CARTESIAN_POINT('',(-36.4424177806417,20.9559592194284,-18.759564887206));
#5797=CARTESIAN_POINT('',(-36.4424177806417,23.0559592194284,-18.759564887206));
#5798=CARTESIAN_POINT('',(-36.4424177806417,25.1559592194284,-18.759564887206));
#5799=CARTESIAN_POINT('',(-36.4424177806417,25.1559592194284,-16.659564887206));
#5800=CARTESIAN_POINT('',(-38.7424177806416,20.9559592194284,-16.659564887206));
#5801=CARTESIAN_POINT('',(-36.4424177806417,20.9559592194284,-16.659564887206));
#5802=CARTESIAN_POINT('',(-36.4424177806417,20.9559592194284,-16.659564887206));
#5803=CARTESIAN_POINT('',(-36.4424177806417,20.9559592193605,-13.3095648880059));
#5804=CARTESIAN_POINT('',(-36.4424177806417,20.9559592193605,-13.3095648880059));
#5805=CARTESIAN_POINT('',(-38.7424177806416,20.9559592193605,-13.3095648880059));
#5806=CARTESIAN_POINT('',(-36.4424177806417,8.49276110151111,-12.252227259231));
#5807=CARTESIAN_POINT('',(-36.4424177806417,20.9559592193605,-13.3095648880059));
#5808=CARTESIAN_POINT('',(-38.7424177806416,8.49276110151111,-12.252227259231));
#5809=CARTESIAN_POINT('',(-38.7424177806416,20.9559592193605,-13.3095648880059));
#5810=CARTESIAN_POINT('',(-40.1424177806417,23.0660540044284,-12.509564887206));
#5811=CARTESIAN_POINT('',(-40.1424177806417,23.6216941531572,-12.509564887206));
#5812=CARTESIAN_POINT('',(-40.1424177806417,24.1160540044219,-12.2559030801934));
#5813=CARTESIAN_POINT('',(-40.1424177806417,22.0160540044349,-12.2559030801934));
#5814=CARTESIAN_POINT('',(-40.1424177806417,22.5104138556996,-12.509564887206));
#5815=CARTESIAN_POINT('',(-40.1424177806417,23.0660540044284,-12.509564887206));
#5816=CARTESIAN_POINT('',(-40.3424177806417,22.0160540044349,-8.16322669421863));
#5817=CARTESIAN_POINT('',(-40.3424177806417,20.7660540044187,-8.80461627709256));
#5818=CARTESIAN_POINT('',(-40.3424177806417,20.7660540044187,-10.209564887206));
#5819=CARTESIAN_POINT('',(-40.3424177806417,20.7660540044187,-11.6145134973195));
#5820=CARTESIAN_POINT('',(-40.3424177806417,22.0160540044349,-12.2559030801934));
#5821=CARTESIAN_POINT('',(-40.1424177806417,24.1160540044219,-8.16322669421863));
#5822=CARTESIAN_POINT('',(-40.1424177806417,23.621694153159,-7.9095648871985));
#5823=CARTESIAN_POINT('',(-40.1424177806417,23.0660540044284,-7.9095648871985));
#5824=CARTESIAN_POINT('',(-40.3424177806417,24.1160540044219,-12.2559030801934));
#5825=CARTESIAN_POINT('',(-40.3424177806417,25.3660540044381,-11.6145134973195));
#5826=CARTESIAN_POINT('',(-40.3424177806417,25.3660540044381,-10.209564887206));
#5827=CARTESIAN_POINT('',(-40.3424177806417,25.3660540044381,-8.80461627709256));
#5828=CARTESIAN_POINT('',(-40.3424177806417,24.1160540044219,-8.16322669421863));
#5829=CARTESIAN_POINT('',(-52.9064177806417,23.0660540044284,-12.509564887206));
#5830=CARTESIAN_POINT('',(-52.9064177806417,20.7660540044284,-12.509564887206));
#5831=CARTESIAN_POINT('',(-52.9064177806417,20.7660540044284,-10.209564887206));
#5832=CARTESIAN_POINT('',(-52.9064177806417,20.7660540044284,-7.90956488720601));
#5833=CARTESIAN_POINT('',(-52.9064177806417,23.0660540044284,-7.90956488720601));
#5834=CARTESIAN_POINT('',(-52.9064177806417,23.0660540044284,-7.90956488720601));
#5835=CARTESIAN_POINT('',(-52.9064177806417,25.3660540044284,-7.90956488720601));
#5836=CARTESIAN_POINT('',(-52.9064177806417,25.3660540044284,-10.209564887206));
#5837=CARTESIAN_POINT('',(-52.9064177806417,25.3660540044284,-12.509564887206));
#5838=CARTESIAN_POINT('',(-52.9064177806417,23.0660540044284,-12.509564887206));
#5839=CARTESIAN_POINT('',(-52.9064177806417,23.0660540044284,-12.509564887206));
#5840=CARTESIAN_POINT('',(-40.1424177806417,23.0660540044284,-12.509564887206));
#5841=CARTESIAN_POINT('',(-39.0105779524214,23.0660540044284,-30.459564887206));
#5842=CARTESIAN_POINT('',(-39.0105779524214,43.3160540044284,-30.459564887206));
#5843=CARTESIAN_POINT('',(-39.0105779524215,43.3160540044284,-10.209564887206));
#5844=CARTESIAN_POINT('',(-39.0105779524215,43.3160540044284,10.040435112794));
#5845=CARTESIAN_POINT('',(-39.0105779524215,23.0660540044284,10.040435112794));
#5846=CARTESIAN_POINT('',(-39.0105779524215,23.0660540044284,10.040435112794));
#5847=CARTESIAN_POINT('',(-39.0105779524215,2.8160540044284,10.040435112794));
#5848=CARTESIAN_POINT('',(-39.0105779524215,2.81605400442839,-10.209564887206));
#5849=CARTESIAN_POINT('',(-39.0105779524214,2.81605400442839,-30.459564887206));
#5850=CARTESIAN_POINT('',(-39.0105779524214,23.0660540044284,-30.459564887206));
#5851=CARTESIAN_POINT('',(-41.8742576088619,23.0660540044284,10.040435112794));
#5852=CARTESIAN_POINT('',(-41.8742576088618,43.3160540044284,10.040435112794));
#5853=CARTESIAN_POINT('',(-41.8742576088619,43.3160540044284,-10.209564887206));
#5854=CARTESIAN_POINT('',(-41.8742576088618,43.3160540044284,-30.459564887206));
#5855=CARTESIAN_POINT('',(-41.8742576088619,23.0660540044284,-30.459564887206));
#5856=CARTESIAN_POINT('',(-41.8742576088619,23.0660540044284,-30.459564887206));
#5857=CARTESIAN_POINT('',(-41.8742576088618,2.8160540044284,-30.459564887206));
#5858=CARTESIAN_POINT('',(-41.8742576088619,2.8160540044284,-10.209564887206));
#5859=CARTESIAN_POINT('',(-41.8742576088618,2.8160540044284,10.040435112794));
#5860=CARTESIAN_POINT('',(-41.8742576088619,23.0660540044284,10.040435112794));
#5861=CARTESIAN_POINT('',(-39.0105779524215,23.0660540044284,10.040435112794));
#5862=CARTESIAN_POINT('',(-41.8742576088619,23.0660540044284,10.040435112794));
#5863=CARTESIAN_POINT('',(-37.325322706175,23.0660540044284,11.7256903590404));
#5864=CARTESIAN_POINT('',(-37.325322706175,1.13079875818197,11.7256903590404));
#5865=CARTESIAN_POINT('',(-37.325322706175,1.13079875818196,-10.209564887206));
#5866=CARTESIAN_POINT('',(-37.325322706175,1.13079875818197,-32.1448201334524));
#5867=CARTESIAN_POINT('',(-37.325322706175,23.0660540044284,-32.1448201334524));
#5868=CARTESIAN_POINT('',(-37.325322706175,23.0660540044284,-32.1448201334524));
#5869=CARTESIAN_POINT('',(-37.325322706175,45.0013092506748,-32.1448201334524));
#5870=CARTESIAN_POINT('',(-37.325322706175,45.0013092506748,-10.209564887206));
#5871=CARTESIAN_POINT('',(-37.325322706175,45.0013092506748,11.7256903590404));
#5872=CARTESIAN_POINT('',(-37.325322706175,23.0660540044284,11.7256903590404));
#5873=CARTESIAN_POINT('',(-39.0105779524214,23.0660540044284,-30.459564887206));
#5874=CARTESIAN_POINT('',(-37.325322706175,23.0660540044284,-32.1448201334524));
#5875=CARTESIAN_POINT('',(-36.4424177806416,23.0660540044284,-31.7789203552587));
#5876=CARTESIAN_POINT('',(-36.4424177806416,44.6354094724811,-31.7789203552587));
#5877=CARTESIAN_POINT('',(-36.4424177806416,44.6354094724811,-10.209564887206));
#5878=CARTESIAN_POINT('',(-36.4424177806416,44.6354094724811,11.3597905808467));
#5879=CARTESIAN_POINT('',(-36.4424177806416,23.0660540044284,11.3597905808467));
#5880=CARTESIAN_POINT('',(-36.4424177806416,23.0660540044284,11.3597905808467));
#5881=CARTESIAN_POINT('',(-36.4424177806416,1.49669853637567,11.3597905808467));
#5882=CARTESIAN_POINT('',(-36.4424177806416,1.49669853637567,-10.209564887206));
#5883=CARTESIAN_POINT('',(-36.4424177806416,1.49669853637567,-31.7789203552587));
#5884=CARTESIAN_POINT('',(-36.4424177806416,23.0660540044284,-31.7789203552587));
#5885=CARTESIAN_POINT('',(-36.4424177806416,23.0660540044284,11.3597905808467));
#5886=CARTESIAN_POINT('',(-37.325322706175,23.0660540044284,11.7256903590404));
#5887=CARTESIAN_POINT('',(-43.6936130769165,23.0660540044284,11.8597905808486));
#5888=CARTESIAN_POINT('',(-43.6936130769165,45.135409472483,11.8597905808486));
#5889=CARTESIAN_POINT('',(-43.6936130769165,45.135409472483,-10.209564887206));
#5890=CARTESIAN_POINT('',(-43.6936130769165,45.135409472483,-32.2789203552606));
#5891=CARTESIAN_POINT('',(-43.6936130769165,23.0660540044284,-32.2789203552606));
#5892=CARTESIAN_POINT('',(-43.6936130769165,23.0660540044284,-32.2789203552606));
#5893=CARTESIAN_POINT('',(-43.6936130769165,0.996698536373802,-32.2789203552606));
#5894=CARTESIAN_POINT('',(-43.6936130769165,0.996698536373799,-10.209564887206));
#5895=CARTESIAN_POINT('',(-43.6936130769165,0.996698536373799,11.8597905808486));
#5896=CARTESIAN_POINT('',(-43.6936130769165,23.0660540044284,11.8597905808486));
#5897=CARTESIAN_POINT('',(-41.8742576088619,23.0660540044284,10.040435112794));
#5898=CARTESIAN_POINT('',(-43.6936130769165,23.0660540044284,11.8597905808486));
#5899=CARTESIAN_POINT('',(-45.6424177806416,23.0660540044284,-32.2789203552606));
#5900=CARTESIAN_POINT('',(-45.6424177806417,0.996698536373802,-32.2789203552606));
#5901=CARTESIAN_POINT('',(-45.6424177806416,0.996698536373799,-10.209564887206));
#5902=CARTESIAN_POINT('',(-45.6424177806417,0.996698536373799,11.8597905808486));
#5903=CARTESIAN_POINT('',(-45.6424177806416,23.0660540044284,11.8597905808486));
#5904=CARTESIAN_POINT('',(-45.6424177806416,23.0660540044284,11.8597905808486));
#5905=CARTESIAN_POINT('',(-45.6424177806417,45.135409472483,11.8597905808486));
#5906=CARTESIAN_POINT('',(-45.6424177806416,45.135409472483,-10.209564887206));
#5907=CARTESIAN_POINT('',(-45.6424177806417,45.135409472483,-32.2789203552606));
#5908=CARTESIAN_POINT('',(-45.6424177806416,23.0660540044284,-32.2789203552606));
#5909=CARTESIAN_POINT('',(-45.6424177806416,23.0660540044284,-32.2789203552606));
#5910=CARTESIAN_POINT('',(-43.6936130769165,23.0660540044284,-32.2789203552606));
#5911=CARTESIAN_POINT('',(-47.4424177806417,23.0660540044284,10.0597905808486));
#5912=CARTESIAN_POINT('',(-47.4424177806417,43.335409472483,10.0597905808486));
#5913=CARTESIAN_POINT('',(-47.4424177806417,43.335409472483,-10.209564887206));
#5914=CARTESIAN_POINT('',(-47.4424177806417,43.335409472483,-30.4789203552606));
#5915=CARTESIAN_POINT('',(-47.4424177806417,23.0660540044284,-30.4789203552606));
#5916=CARTESIAN_POINT('',(-47.4424177806417,23.0660540044284,-30.4789203552606));
#5917=CARTESIAN_POINT('',(-47.4424177806417,2.7966985363738,-30.4789203552606));
#5918=CARTESIAN_POINT('',(-47.4424177806417,2.7966985363738,-10.209564887206));
#5919=CARTESIAN_POINT('',(-47.4424177806417,2.7966985363738,10.0597905808486));
#5920=CARTESIAN_POINT('',(-47.4424177806417,23.0660540044284,10.0597905808486));
#5921=CARTESIAN_POINT('',(-47.4424177806417,23.0660540044284,-30.4789203552606));
#5922=CARTESIAN_POINT('',(-45.6424177806416,23.0660540044284,-32.2789203552606));
#5923=CARTESIAN_POINT('',(-50.3105180024498,23.0660540044284,10.0597905808486));
#5924=CARTESIAN_POINT('',(-50.3105180024498,43.335409472483,10.0597905808486));
#5925=CARTESIAN_POINT('',(-50.3105180024498,43.335409472483,-10.209564887206));
#5926=CARTESIAN_POINT('',(-50.3105180024498,43.335409472483,-30.4789203552606));
#5927=CARTESIAN_POINT('',(-50.3105180024498,23.0660540044284,-30.4789203552606));
#5928=CARTESIAN_POINT('',(-50.3105180024498,23.0660540044284,-30.4789203552606));
#5929=CARTESIAN_POINT('',(-50.3105180024498,2.7966985363738,-30.4789203552606));
#5930=CARTESIAN_POINT('',(-50.3105180024498,2.7966985363738,-10.209564887206));
#5931=CARTESIAN_POINT('',(-50.3105180024498,2.7966985363738,10.0597905808486));
#5932=CARTESIAN_POINT('',(-50.3105180024498,23.0660540044284,10.0597905808486));
#5933=CARTESIAN_POINT('',(-50.3105180024499,23.0660540044284,-30.4789203552606));
#5934=CARTESIAN_POINT('',(-47.4424177806417,23.0660540044284,-30.4789203552606));
#5935=CARTESIAN_POINT('',(-51.9764177806417,23.0660540044284,11.7256903590404));
#5936=CARTESIAN_POINT('',(-51.9764177806417,1.130798758182,11.7256903590404));
#5937=CARTESIAN_POINT('',(-51.9764177806417,1.130798758182,-10.209564887206));
#5938=CARTESIAN_POINT('',(-51.9764177806416,1.130798758182,-32.1448201334524));
#5939=CARTESIAN_POINT('',(-51.9764177806416,23.0660540044284,-32.1448201334524));
#5940=CARTESIAN_POINT('',(-51.9764177806416,23.0660540044284,-32.1448201334524));
#5941=CARTESIAN_POINT('',(-51.9764177806416,45.0013092506748,-32.1448201334524));
#5942=CARTESIAN_POINT('',(-51.9764177806417,45.0013092506748,-10.209564887206));
#5943=CARTESIAN_POINT('',(-51.9764177806417,45.0013092506748,11.7256903590404));
#5944=CARTESIAN_POINT('',(-51.9764177806417,23.0660540044284,11.7256903590404));
#5945=CARTESIAN_POINT('',(-52.9064177806417,23.0660540044284,-32.1448201334524));
#5946=CARTESIAN_POINT('',(-52.9064177806417,45.0013092506748,-32.1448201334524));
#5947=CARTESIAN_POINT('',(-52.9064177806417,45.0013092506748,-10.209564887206));
#5948=CARTESIAN_POINT('',(-52.9064177806417,45.0013092506748,11.7256903590404));
#5949=CARTESIAN_POINT('',(-52.9064177806417,23.0660540044284,11.7256903590404));
#5950=CARTESIAN_POINT('',(-52.9064177806417,23.0660540044284,11.7256903590404));
#5951=CARTESIAN_POINT('',(-52.9064177806417,1.130798758182,11.7256903590404));
#5952=CARTESIAN_POINT('',(-52.9064177806417,1.130798758182,-10.209564887206));
#5953=CARTESIAN_POINT('',(-52.9064177806417,1.130798758182,-32.1448201334524));
#5954=CARTESIAN_POINT('',(-52.9064177806417,23.0660540044284,-32.1448201334524));
#5955=CARTESIAN_POINT('',(-52.9064177806417,23.0660540044284,-32.1448201334524));
#5956=CARTESIAN_POINT('',(-51.9764177806417,23.0660540044284,-32.1448201334524));
#5957=CARTESIAN_POINT('',(-50.3105180024499,23.0660540044284,10.0597905808486));
#5958=CARTESIAN_POINT('',(-51.9764177806417,23.0660540044284,11.7256903590404));
#5959=CARTESIAN_POINT('',(-41.2424177806416,39.7554499859381,-1.12859237472862));
#5960=CARTESIAN_POINT('',(-41.2424177806417,41.4469254878689,-4.23725770831044));
#5961=CARTESIAN_POINT('',(-41.2424177806417,41.9057206986302,-7.74644514765138));
#5962=CARTESIAN_POINT('',(-45.9064177806417,41.9057206986302,-12.6726846267606));
#5963=CARTESIAN_POINT('',(-45.9064177806417,42.2277518125485,-10.209564887206));
#5964=CARTESIAN_POINT('',(-45.9064177806417,41.9057206986302,-7.74644514765138));
#5965=CARTESIAN_POINT('',(-41.2424177806416,39.755449985938,-19.2905373996834));
#5966=CARTESIAN_POINT('',(-41.2424177806417,41.446925487869,-16.1818720661016));
#5967=CARTESIAN_POINT('',(-41.2424177806417,41.9057206986302,-12.6726846267606));
#5968=CARTESIAN_POINT('',(-45.9064177806417,36.8598790708566,-23.2759488566436));
#5969=CARTESIAN_POINT('',(-45.9064177806417,38.5681931722747,-21.4725282677041));
#5970=CARTESIAN_POINT('',(-45.9064177806417,39.755449985938,-19.2905373996834));
#5971=CARTESIAN_POINT('',(-41.2424177806416,36.8598790708566,-23.2759488566436));
#5972=CARTESIAN_POINT('',(-41.2424177806417,34.4260573240383,-25.8452680728097));
#5973=CARTESIAN_POINT('',(-41.2424177806417,31.2303972600151,-27.3660068028526));
#5974=CARTESIAN_POINT('',(-41.2424177806416,26.5452651025778,-28.8882985202581));
#5975=CARTESIAN_POINT('',(-41.2424177806416,24.8204922376404,-29.209564887206));
#5976=CARTESIAN_POINT('',(-41.2424177806417,23.0660540044284,-29.209564887206));
#5977=CARTESIAN_POINT('',(-45.9064177806417,14.9017107488417,-27.3660068028526));
#5978=CARTESIAN_POINT('',(-45.9064177806417,17.1447637406421,-28.4334224508972));
#5979=CARTESIAN_POINT('',(-45.9064177806417,19.586842906279,-28.8882985202581));
#5980=CARTESIAN_POINT('',(-41.2424177806416,14.9017107488417,-27.3660068028526));
#5981=CARTESIAN_POINT('',(-41.2424177806417,11.7060506848185,-25.8452680728097));
#5982=CARTESIAN_POINT('',(-41.2424177806417,9.27222893800016,-23.2759488566436));
#5983=CARTESIAN_POINT('',(-41.2424177806416,6.37665802291872,-19.2905373996834));
#5984=CARTESIAN_POINT('',(-41.2424177806417,4.68518252098785,-16.1818720661016));
#5985=CARTESIAN_POINT('',(-41.2424177806417,4.22638731022661,-12.6726846267606));
#5986=CARTESIAN_POINT('',(-45.9064177806416,4.22638731022661,-7.74644514765137));
#5987=CARTESIAN_POINT('',(-45.9064177806417,3.9043561963083,-10.209564887206));
#5988=CARTESIAN_POINT('',(-45.9064177806416,4.22638731022661,-12.6726846267606));
#5989=CARTESIAN_POINT('',(-41.2424177806416,4.22638731022661,-7.74644514765137));
#5990=CARTESIAN_POINT('',(-41.2424177806417,4.68518252098784,-4.23725770831041));
#5991=CARTESIAN_POINT('',(-41.2424177806417,6.37665802291878,-1.1285923747286));
#5992=CARTESIAN_POINT('',(-45.9064177806417,9.27222893800017,2.85681908223162));
#5993=CARTESIAN_POINT('',(-45.9064177806417,7.56391483658206,1.05339849329202));
#5994=CARTESIAN_POINT('',(-45.9064177806417,6.37665802291878,-1.12859237472859));
#5995=CARTESIAN_POINT('',(-41.2424177806416,9.27222893800016,2.85681908223163));
#5996=CARTESIAN_POINT('',(-41.2424177806417,11.7060506848184,5.42613829839766));
#5997=CARTESIAN_POINT('',(-41.2424177806416,14.9017107488417,6.9468770284406));
#5998=CARTESIAN_POINT('',(-45.9064177806416,19.586842906279,8.46916874584612));
#5999=CARTESIAN_POINT('',(-45.9064177806417,17.1447637406421,8.01429267648519));
#6000=CARTESIAN_POINT('',(-45.9064177806416,14.9017107488417,6.9468770284406));
#6001=CARTESIAN_POINT('',(-41.2424177806417,19.586842906279,8.46916874584612));
#6002=CARTESIAN_POINT('',(-45.9064177806417,19.586842906279,8.46916874584612));
#6003=CARTESIAN_POINT('',(-41.2424177806417,23.0660540044284,8.79043511279399));
#6004=CARTESIAN_POINT('',(-41.2424177806417,21.3116157712164,8.79043511279399));
#6005=CARTESIAN_POINT('',(-41.2424177806417,19.586842906279,8.46916874584612));
#6006=CARTESIAN_POINT('',(-41.2424177806416,26.5452651025778,8.46916874584612));
#6007=CARTESIAN_POINT('',(-41.2424177806417,24.8204922376404,8.79043511279398));
#6008=CARTESIAN_POINT('',(-41.2424177806417,23.0660540044284,8.79043511279399));
#6009=CARTESIAN_POINT('',(-45.9064177806417,26.5452651025778,8.46916874584612));
#6010=CARTESIAN_POINT('',(-41.2424177806417,26.5452651025778,8.46916874584612));
#6011=CARTESIAN_POINT('',(-45.9064177806417,31.2303972600151,6.94687702844059));
#6012=CARTESIAN_POINT('',(-45.9064177806417,28.9873442682147,8.01429267648517));
#6013=CARTESIAN_POINT('',(-45.9064177806417,26.5452651025778,8.46916874584611));
#6014=CARTESIAN_POINT('',(-41.2424177806416,36.8598790708566,2.85681908223162));
#6015=CARTESIAN_POINT('',(-41.2424177806417,34.4260573240383,5.42613829839764));
#6016=CARTESIAN_POINT('',(-41.2424177806417,31.2303972600151,6.9468770284406));
#6017=CARTESIAN_POINT('',(-52.9064177806417,23.0660540044284,-29.209564887206));
#6018=CARTESIAN_POINT('',(-52.9064177806417,4.0660540044284,-29.209564887206));
#6019=CARTESIAN_POINT('',(-52.9064177806417,4.06605400442839,-10.209564887206));
#6020=CARTESIAN_POINT('',(-52.9064177806417,4.06605400442839,8.79043511279399));
#6021=CARTESIAN_POINT('',(-52.9064177806417,23.0660540044284,8.790435112794));
#6022=CARTESIAN_POINT('',(-52.9064177806417,23.0660540044284,8.790435112794));
#6023=CARTESIAN_POINT('',(-52.9064177806417,42.0660540044284,8.790435112794));
#6024=CARTESIAN_POINT('',(-52.9064177806417,42.0660540044284,-10.209564887206));
#6025=CARTESIAN_POINT('',(-52.9064177806417,42.0660540044284,-29.209564887206));
#6026=CARTESIAN_POINT('',(-52.9064177806417,23.0660540044284,-29.209564887206));
#6027=CARTESIAN_POINT('',(-41.2424177806417,23.0660540044284,8.79043511279399));
#6028=CARTESIAN_POINT('',(-52.9064177806417,23.0660540044284,8.79043511279399));
#6029=CARTESIAN_POINT('',(-52.9064177806417,23.0660540044284,-14.209564887206));
#6030=CARTESIAN_POINT('',(-52.9064177806417,27.0660540044284,-14.209564887206));
#6031=CARTESIAN_POINT('',(-52.9064177806417,27.0660540044284,-10.209564887206));
#6032=CARTESIAN_POINT('',(-52.9064177806417,27.0660540044284,-6.20956488720601));
#6033=CARTESIAN_POINT('',(-52.9064177806417,23.0660540044284,-6.20956488720601));
#6034=CARTESIAN_POINT('',(-52.9064177806417,23.0660540044284,-6.20956488720601));
#6035=CARTESIAN_POINT('',(-52.9064177806417,19.0660540044284,-6.20956488720601));
#6036=CARTESIAN_POINT('',(-52.9064177806417,19.0660540044284,-10.209564887206));
#6037=CARTESIAN_POINT('',(-52.9064177806417,19.0660540044284,-14.209564887206));
#6038=CARTESIAN_POINT('',(-52.9064177806417,23.0660540044284,-14.209564887206));
#6039=CARTESIAN_POINT('',(-45.9064177806417,36.8598790708566,2.85681908223161));
#6040=CARTESIAN_POINT('',(-45.9064177806417,38.5681931722748,1.053398493292));
#6041=CARTESIAN_POINT('',(-45.9064177806417,39.7554499859381,-1.12859237472862));
#6042=CARTESIAN_POINT('',(-45.9064177806417,9.27222893800017,-23.2759488566436));
#6043=CARTESIAN_POINT('',(-45.9064177806416,7.56391483658205,-21.472528267704));
#6044=CARTESIAN_POINT('',(-45.9064177806417,6.37665802291872,-19.2905373996834));
#6045=CARTESIAN_POINT('',(-45.9064177806416,31.2303972600151,-27.3660068028526));
#6046=CARTESIAN_POINT('',(-45.9064177806417,28.9873442682147,-28.4334224508972));
#6047=CARTESIAN_POINT('',(-45.9064177806416,26.5452651025778,-28.8882985202581));
#6048=CARTESIAN_POINT('',(-52.9064177806416,23.0660540044284,-6.20956488720601));
#6049=CARTESIAN_POINT('',(-51.3591279982686,23.0660540044284,-4.57631456136781));
#6050=CARTESIAN_POINT('',(-50.1132675746342,23.0660540044284,-2.70296352584136));
#6051=CARTESIAN_POINT('',(-49.4807782949603,24.3730666015243,-1.80468066309444));
#6052=CARTESIAN_POINT('',(-48.6638258704476,24.8707848736272,-0.508080235140991));
#6053=CARTESIAN_POINT('',(-47.2616196104538,25.9242255281828,2.23622649434571));
#6054=CARTESIAN_POINT('',(-46.422381532223,27.0284270156328,5.11276971452039));
#6055=CARTESIAN_POINT('',(-46.141207905355,27.5959147766524,6.59112587509998));
#6056=CARTESIAN_POINT('',(-41.2424177806417,27.5959147766524,6.59112587509998));
#6057=CARTESIAN_POINT('',(-46.141207905355,27.5959147766524,6.59112587509998));
#6058=CARTESIAN_POINT('',(-41.2424177806417,24.3730666015245,-1.80468066309402));
#6059=CARTESIAN_POINT('',(-41.2424177806417,27.5959147766524,6.59112587509998));
#6060=CARTESIAN_POINT('',(-49.4807782949603,24.3730666015243,-1.80468066309444));
#6061=CARTESIAN_POINT('',(-41.2424177806417,24.3730666015245,-1.80468066309402));
#6062=CARTESIAN_POINT('',(-41.2424177806417,18.5361932322044,6.59112587509998));
#6063=CARTESIAN_POINT('',(-41.2424177806417,21.7590414073323,-1.80468066309397));
#6064=CARTESIAN_POINT('',(-46.141207905355,18.5361932322044,6.59112587509999));
#6065=CARTESIAN_POINT('',(-41.2424177806417,18.5361932322044,6.59112587509998));
#6066=CARTESIAN_POINT('',(-46.141207905355,18.5361932322044,6.59112587509999));
#6067=CARTESIAN_POINT('',(-46.4227987267449,19.1045230095532,5.11057618698889));
#6068=CARTESIAN_POINT('',(-47.2627500718452,20.2079691880187,2.23600061399019));
#6069=CARTESIAN_POINT('',(-48.6594136432253,21.2586350397624,-0.501077507034546));
#6070=CARTESIAN_POINT('',(-49.48077829496,21.7590414073323,-1.80468066309396));
#6071=CARTESIAN_POINT('',(-41.2424177806417,21.7590414073323,-1.80468066309397));
#6072=CARTESIAN_POINT('',(-49.48077829496,21.7590414073323,-1.80468066309396));
#6073=CARTESIAN_POINT('',(-45.9064177806417,19.586842906279,8.46916874584612));
#6074=CARTESIAN_POINT('',(-45.9064177806417,19.1793541051193,8.3932674782753));
#6075=CARTESIAN_POINT('',(-45.9289443014007,18.8168149179104,8.12868057205749));
#6076=CARTESIAN_POINT('',(-46.0101573902184,18.4208790307633,7.41486066561897));
#6077=CARTESIAN_POINT('',(-46.0688730733243,18.3902011193239,6.9714483318968));
#6078=CARTESIAN_POINT('',(-46.141207905355,18.5361932322044,6.59112587509999));
#6079=CARTESIAN_POINT('',(-41.2424177806417,18.5361932322044,6.59112587509998));
#6080=CARTESIAN_POINT('',(-41.2424177806417,18.301042761133,7.20371379584582));
#6081=CARTESIAN_POINT('',(-41.2424177806417,18.6214051048304,7.77636349106059));
#6082=CARTESIAN_POINT('',(-41.2424177806417,18.9417674485277,8.34901318627537));
#6083=CARTESIAN_POINT('',(-41.2424177806417,19.586842906279,8.46916874584612));
#6084=CARTESIAN_POINT('',(-46.141207905355,27.5959147766524,6.59112587509998));
#6085=CARTESIAN_POINT('',(-46.0688626563126,27.7419279140038,6.97150310251587));
#6086=CARTESIAN_POINT('',(-46.0101404790919,27.7112171804925,7.41498799033325));
#6087=CARTESIAN_POINT('',(-45.9289378085082,27.3151908342876,8.12875894214945));
#6088=CARTESIAN_POINT('',(-45.9064177806417,26.9526951735923,8.39327841769853));
#6089=CARTESIAN_POINT('',(-45.9064177806417,26.5452651025778,8.46916874584612));
#6090=CARTESIAN_POINT('',(-41.2424177806417,26.5452651025778,8.46916874584612));
#6091=CARTESIAN_POINT('',(-41.2424177806417,27.1903405603291,8.34901318627537));
#6092=CARTESIAN_POINT('',(-41.2424177806417,27.5107029040264,7.77636349106059));
#6093=CARTESIAN_POINT('',(-41.2424177806417,27.8310652477238,7.20371379584582));
#6094=CARTESIAN_POINT('',(-41.2424177806417,27.5959147766524,6.59112587509998));
#6095=CARTESIAN_POINT('',(-50.1132675746342,23.0660540044284,-2.70296352584136));
#6096=CARTESIAN_POINT('',(-50.1132675746104,23.0661420860208,-2.70296352484859));
#6097=CARTESIAN_POINT('',(-50.1132675676208,23.0662301671276,-2.70296351607895));
#6098=CARTESIAN_POINT('',(-50.1132234252004,23.3448408089909,-2.70291118070675));
#6099=CARTESIAN_POINT('',(-50.0435282578013,23.6282336423867,-2.62510597837579));
#6100=CARTESIAN_POINT('',(-49.8011362887931,24.082219308924,-2.29510300554831));
#6101=CARTESIAN_POINT('',(-49.660001698251,24.2638769994518,-2.08912894878332));
#6102=CARTESIAN_POINT('',(-49.4807782949603,24.3730666015243,-1.80468066309444));
#6103=CARTESIAN_POINT('',(-41.2424177806417,21.7590414073323,-1.80468066309397));
#6104=CARTESIAN_POINT('',(-41.2424177806417,22.1038606623861,-2.70296553373054));
#6105=CARTESIAN_POINT('',(-41.2424177806417,23.0660540044284,-2.70296553373055));
#6106=CARTESIAN_POINT('',(-41.2424177806417,24.0282473464706,-2.70296553373057));
#6107=CARTESIAN_POINT('',(-41.2424177806417,24.3730666015245,-1.80468066309402));
#6108=CARTESIAN_POINT('',(-49.48077829496,21.7590414073323,-1.80468066309396));
#6109=CARTESIAN_POINT('',(-49.6601680142039,21.8683323352987,-2.08939291145134));
#6110=CARTESIAN_POINT('',(-49.8013981964897,22.0502165949505,-2.29548120444623));
#6111=CARTESIAN_POINT('',(-50.0436679172482,22.5043561247315,-2.62526683914424));
#6112=CARTESIAN_POINT('',(-50.1132674999006,22.7876314209717,-2.7029671656413));
#6113=CARTESIAN_POINT('',(-50.1132675746342,23.0660540044284,-2.70296352584136));
#6114=CARTESIAN_POINT('',(-52.9064177806416,23.0660540044284,-7.90956488720601));
#6115=CARTESIAN_POINT('',(-40.1424177806417,23.0660540044284,-7.90956488720601));
#6116=CARTESIAN_POINT('',(-40.1424177806417,23.0660540044284,-7.9095648871985));
#6117=CARTESIAN_POINT('',(-40.1424177806417,22.5104138556978,-7.9095648871985));
#6118=CARTESIAN_POINT('',(-40.1424177806417,22.0160540044349,-8.16322669421863));
#6119=CARTESIAN_POINT('',(-39.0105779524215,23.0660540044284,-30.459564887206));
#6120=CARTESIAN_POINT('',(-41.8742576088618,23.0660540044284,-30.459564887206));
#6121=CARTESIAN_POINT('',(-39.0105779524214,23.0660540044284,10.040435112794));
#6122=CARTESIAN_POINT('',(-37.3253227061751,23.0660540044284,11.7256903590404));
#6123=CARTESIAN_POINT('',(-36.4424177806416,23.0660540044284,-31.7789203552588));
#6124=CARTESIAN_POINT('',(-37.325322706175,23.0660540044284,-32.1448201334525));
#6125=CARTESIAN_POINT('',(-41.8742576088619,23.0660540044284,-30.459564887206));
#6126=CARTESIAN_POINT('',(-43.6936130769165,23.0660540044284,-32.2789203552606));
#6127=CARTESIAN_POINT('',(-45.6424177806417,23.0660540044284,11.8597905808486));
#6128=CARTESIAN_POINT('',(-43.6936130769165,23.0660540044284,11.8597905808486));
#6129=CARTESIAN_POINT('',(-47.4424177806417,23.0660540044284,10.0597905808486));
#6130=CARTESIAN_POINT('',(-45.6424177806417,23.0660540044284,11.8597905808486));
#6131=CARTESIAN_POINT('',(-50.3105180024498,23.0660540044284,10.0597905808486));
#6132=CARTESIAN_POINT('',(-47.4424177806417,23.0660540044284,10.0597905808486));
#6133=CARTESIAN_POINT('',(-52.9064177806416,23.0660540044284,11.7256903590404));
#6134=CARTESIAN_POINT('',(-51.9764177806416,23.0660540044284,11.7256903590404));
#6135=CARTESIAN_POINT('',(-50.3105180024499,23.0660540044284,-30.4789203552606));
#6136=CARTESIAN_POINT('',(-51.9764177806417,23.0660540044284,-32.1448201334524));
#6137=CARTESIAN_POINT('',(-41.2424177806417,23.0660540044284,-29.209564887206));
#6138=CARTESIAN_POINT('',(-52.9064177806417,23.0660540044284,-29.209564887206));
#6139=CARTESIAN_POINT('',(-41.2424177806417,23.0660540044284,-29.209564887206));
#6140=CARTESIAN_POINT('',(-41.2424177806416,21.3116157712164,-29.209564887206));
#6141=CARTESIAN_POINT('',(-41.2424177806416,19.586842906279,-28.8882985202581));
#6142=CARTESIAN_POINT('',(-52.9064177806416,23.0660540044284,-14.209564887206));
#6143=CARTESIAN_POINT('',(-51.3591284626608,23.0660540044284,-15.8428147228525));
#6144=CARTESIAN_POINT('',(-50.1132683169955,23.0660540044284,-17.7161651323113));
#6145=CARTESIAN_POINT('',(-50.1132669738683,23.0660540044176,-17.7161642390728));
#6146=CARTESIAN_POINT('',(-50.1132669741131,23.3444765878864,-17.7161608501127));
#6147=CARTESIAN_POINT('',(-50.0436674912192,23.6277518841339,-17.7938615102931));
#6148=CARTESIAN_POINT('',(-49.8013979854279,24.0818914139119,-18.1236478639592));
#6149=CARTESIAN_POINT('',(-49.6601679086857,24.2637756735613,-18.3297365100109));
#6150=CARTESIAN_POINT('',(-49.48077829496,24.3730666015245,-18.6144491113181));
#6151=CARTESIAN_POINT('',(39.1467982198763,28.301221752479,-1.60397464815544));
#6152=CARTESIAN_POINT('',(39.1467982198763,26.901221752479,-1.60397464815544));
#6153=CARTESIAN_POINT('',(39.1467982198763,26.901221752479,-3.00397464815544));
#6154=CARTESIAN_POINT('',(39.1467982198763,26.901221752479,-4.40397464815544));
#6155=CARTESIAN_POINT('',(39.1467982198763,28.301221752479,-4.40397464815544));
#6156=CARTESIAN_POINT('',(39.1467982198763,29.701221752479,-4.40397464815544));
#6157=CARTESIAN_POINT('',(39.1467982198763,29.701221752479,-3.00397464815544));
#6158=CARTESIAN_POINT('',(39.1467982198763,29.701221752479,-1.60397464815544));
#6159=CARTESIAN_POINT('',(39.1467982198763,28.301221752479,-1.60397464815544));
#6160=CARTESIAN_POINT('',(52.294232949061,28.301221752479,-1.60397464815544));
#6161=CARTESIAN_POINT('',(52.294232949061,26.901221752479,-1.60397464815544));
#6162=CARTESIAN_POINT('',(52.294232949061,26.901221752479,-3.00397464815544));
#6163=CARTESIAN_POINT('',(52.294232949061,26.901221752479,-4.40397464815544));
#6164=CARTESIAN_POINT('',(52.294232949061,28.301221752479,-4.40397464815544));
#6165=CARTESIAN_POINT('',(52.294232949061,29.701221752479,-4.40397464815544));
#6166=CARTESIAN_POINT('',(52.294232949061,29.701221752479,-3.00397464815544));
#6167=CARTESIAN_POINT('',(52.294232949061,29.701221752479,-1.60397464815544));
#6168=CARTESIAN_POINT('',(52.294232949061,28.301221752479,-1.60397464815544));
#6169=CARTESIAN_POINT('',(39.5525387681703,35.8434919606988,3.29403289500989));
#6170=CARTESIAN_POINT('',(39.5525387681703,34.4434919606988,3.29403289500989));
#6171=CARTESIAN_POINT('',(39.5525387681703,34.4434919606988,1.89403289500989));
#6172=CARTESIAN_POINT('',(39.5525387681703,34.4434919606988,0.494032895009889));
#6173=CARTESIAN_POINT('',(39.5525387681703,35.8434919606988,0.494032895009889));
#6174=CARTESIAN_POINT('',(39.5525387681703,37.2434919606988,0.494032895009889));
#6175=CARTESIAN_POINT('',(39.5525387681703,37.2434919606988,1.89403289500989));
#6176=CARTESIAN_POINT('',(39.5525387681703,37.2434919606988,3.29403289500989));
#6177=CARTESIAN_POINT('',(39.5525387681703,35.8434919606988,3.29403289500989));
#6178=CARTESIAN_POINT('',(47.8310869178263,35.8434919606988,3.29403289500989));
#6179=CARTESIAN_POINT('',(47.8310869178263,34.4434919606988,3.29403289500989));
#6180=CARTESIAN_POINT('',(47.8310869178263,34.4434919606988,1.89403289500989));
#6181=CARTESIAN_POINT('',(47.8310869178263,34.4434919606988,0.494032895009889));
#6182=CARTESIAN_POINT('',(47.8310869178263,35.8434919606988,0.494032895009889));
#6183=CARTESIAN_POINT('',(47.8310869178263,37.2434919606988,0.494032895009889));
#6184=CARTESIAN_POINT('',(47.8310869178263,37.2434919606988,1.89403289500989));
#6185=CARTESIAN_POINT('',(47.8310869178263,37.2434919606988,3.29403289500989));
#6186=CARTESIAN_POINT('',(47.8310869178263,35.8434919606988,3.29403289500989));
#6187=CARTESIAN_POINT('',(39.5525387681703,30.6288140727614,4.28271815044559));
#6188=CARTESIAN_POINT('',(39.5525387681703,32.0288140727614,4.28271815044559));
#6189=CARTESIAN_POINT('',(39.5525387681703,32.0288140727614,5.68271815044559));
#6190=CARTESIAN_POINT('',(39.5525387681703,32.0288140727614,7.08271815044559));
#6191=CARTESIAN_POINT('',(39.5525387681703,30.6288140727614,7.08271815044559));
#6192=CARTESIAN_POINT('',(39.5525387681703,29.2288140727614,7.08271815044559));
#6193=CARTESIAN_POINT('',(39.5525387681703,29.2288140727614,5.68271815044559));
#6194=CARTESIAN_POINT('',(39.5525387681703,29.2288140727614,4.28271815044559));
#6195=CARTESIAN_POINT('',(39.5525387681703,30.6288140727614,4.28271815044559));
#6196=CARTESIAN_POINT('',(47.8310869178263,30.6288140727614,4.28271815044559));
#6197=CARTESIAN_POINT('',(47.8310869178263,32.0288140727614,4.28271815044559));
#6198=CARTESIAN_POINT('',(47.8310869178263,32.0288140727614,5.68271815044559));
#6199=CARTESIAN_POINT('',(47.8310869178263,32.0288140727614,7.08271815044559));
#6200=CARTESIAN_POINT('',(47.8310869178263,30.6288140727614,7.08271815044559));
#6201=CARTESIAN_POINT('',(47.8310869178263,29.2288140727614,7.08271815044559));
#6202=CARTESIAN_POINT('',(47.8310869178263,29.2288140727614,5.68271815044559));
#6203=CARTESIAN_POINT('',(47.8310869178263,29.2288140727614,4.28271815044559));
#6204=CARTESIAN_POINT('',(47.8310869178263,30.6288140727614,4.28271815044559));
#6205=CARTESIAN_POINT('',(-560.78141827079,-476.285020647008,-332.355420495352));
#6206=CARTESIAN_POINT('',(-560.78141827079,185.181088967227,587.888845109161));
#6207=CARTESIAN_POINT('',(41.2424177806417,167.082808534539,-852.373009636381));
#6208=CARTESIAN_POINT('',(39.1467982198763,31.5367333575814,-6.05727432489318));
#6209=CARTESIAN_POINT('',(39.1467982198763,30.1367333575814,-6.05727432489318));
#6210=CARTESIAN_POINT('',(39.1467982198763,30.1367333575814,-7.45727432489318));
#6211=CARTESIAN_POINT('',(39.1467982198763,30.1367333575814,-8.85727432489318));
#6212=CARTESIAN_POINT('',(39.1467982198763,31.5367333575814,-8.85727432489318));
#6213=CARTESIAN_POINT('',(39.1467982198763,32.9367333575814,-8.85727432489318));
#6214=CARTESIAN_POINT('',(39.1467982198763,32.9367333575814,-7.45727432489318));
#6215=CARTESIAN_POINT('',(39.1467982198763,32.9367333575814,-6.05727432489318));
#6216=CARTESIAN_POINT('',(39.1467982198763,31.5367333575814,-6.05727432489318));
#6217=CARTESIAN_POINT('',(52.294232949061,31.5367333575814,-6.05727432489318));
#6218=CARTESIAN_POINT('',(52.294232949061,30.1367333575814,-6.05727432489318));
#6219=CARTESIAN_POINT('',(52.294232949061,30.1367333575814,-7.45727432489318));
#6220=CARTESIAN_POINT('',(52.294232949061,30.1367333575814,-8.85727432489318));
#6221=CARTESIAN_POINT('',(52.294232949061,31.5367333575814,-8.85727432489318));
#6222=CARTESIAN_POINT('',(52.294232949061,32.9367333575814,-8.85727432489318));
#6223=CARTESIAN_POINT('',(52.294232949061,32.9367333575814,-7.45727432489318));
#6224=CARTESIAN_POINT('',(52.294232949061,32.9367333575814,-6.05727432489318));
#6225=CARTESIAN_POINT('',(52.294232949061,31.5367333575814,-6.05727432489318));
#6226=CARTESIAN_POINT('',(39.5525387681703,40.517534731689,-6.52793818109225));
#6227=CARTESIAN_POINT('',(39.5525387681703,39.117534731689,-6.52793818109225));
#6228=CARTESIAN_POINT('',(39.5525387681703,39.117534731689,-7.92793818109225));
#6229=CARTESIAN_POINT('',(39.5525387681703,39.117534731689,-9.32793818109225));
#6230=CARTESIAN_POINT('',(39.5525387681703,40.517534731689,-9.32793818109225));
#6231=CARTESIAN_POINT('',(39.5525387681703,41.917534731689,-9.32793818109225));
#6232=CARTESIAN_POINT('',(39.5525387681703,41.917534731689,-7.92793818109225));
#6233=CARTESIAN_POINT('',(39.5525387681703,41.917534731689,-6.52793818109225));
#6234=CARTESIAN_POINT('',(39.5525387681703,40.517534731689,-6.52793818109225));
#6235=CARTESIAN_POINT('',(47.8310869178263,40.517534731689,-6.52793818109225));
#6236=CARTESIAN_POINT('',(47.8310869178263,39.117534731689,-6.52793818109225));
#6237=CARTESIAN_POINT('',(47.8310869178263,39.117534731689,-7.92793818109225));
#6238=CARTESIAN_POINT('',(47.8310869178263,39.117534731689,-9.32793818109225));
#6239=CARTESIAN_POINT('',(47.8310869178263,40.517534731689,-9.32793818109225));
#6240=CARTESIAN_POINT('',(47.8310869178263,41.917534731689,-9.32793818109225));
#6241=CARTESIAN_POINT('',(47.8310869178263,41.917534731689,-7.92793818109225));
#6242=CARTESIAN_POINT('',(47.8310869178263,41.917534731689,-6.52793818109225));
#6243=CARTESIAN_POINT('',(47.8310869178263,40.517534731689,-6.52793818109225));
#6244=CARTESIAN_POINT('',(39.5525387681703,38.5257050188795,-3.19771666512168));
#6245=CARTESIAN_POINT('',(39.5525387681703,39.9257050188795,-3.19771666512168));
#6246=CARTESIAN_POINT('',(39.5525387681703,39.9257050188795,-1.79771666512168));
#6247=CARTESIAN_POINT('',(39.5525387681703,39.9257050188795,-0.397716665121679));
#6248=CARTESIAN_POINT('',(39.5525387681703,38.5257050188795,-0.397716665121679));
#6249=CARTESIAN_POINT('',(39.5525387681703,37.1257050188795,-0.397716665121679));
#6250=CARTESIAN_POINT('',(39.5525387681703,37.1257050188795,-1.79771666512168));
#6251=CARTESIAN_POINT('',(39.5525387681703,37.1257050188795,-3.19771666512168));
#6252=CARTESIAN_POINT('',(39.5525387681703,38.5257050188795,-3.19771666512168));
#6253=CARTESIAN_POINT('',(47.8310869178263,38.5257050188795,-3.19771666512168));
#6254=CARTESIAN_POINT('',(47.8310869178263,39.9257050188795,-3.19771666512168));
#6255=CARTESIAN_POINT('',(47.8310869178263,39.9257050188795,-1.79771666512168));
#6256=CARTESIAN_POINT('',(47.8310869178263,39.9257050188795,-0.397716665121679));
#6257=CARTESIAN_POINT('',(47.8310869178263,38.5257050188795,-0.397716665121679));
#6258=CARTESIAN_POINT('',(47.8310869178263,37.1257050188795,-0.397716665121679));
#6259=CARTESIAN_POINT('',(47.8310869178263,37.1257050188795,-1.79771666512168));
#6260=CARTESIAN_POINT('',(47.8310869178263,37.1257050188795,-3.19771666512168));
#6261=CARTESIAN_POINT('',(47.8310869178263,38.5257050188795,-3.19771666512168));
#6262=CARTESIAN_POINT('',(-560.78141827079,-569.871768186496,22.6592883985767));
#6263=CARTESIAN_POINT('',(-560.78141827079,505.942766086653,378.510619622747));
#6264=CARTESIAN_POINT('',(41.2424177806417,-356.110326779014,-772.477446493082));
#6265=CARTESIAN_POINT('',(39.1467982198763,31.5367333575814,-11.5618554495189));
#6266=CARTESIAN_POINT('',(39.1467982198763,30.1367333575814,-11.5618554495188));
#6267=CARTESIAN_POINT('',(39.1467982198763,30.1367333575814,-12.9618554495189));
#6268=CARTESIAN_POINT('',(39.1467982198763,30.1367333575814,-14.3618554495189));
#6269=CARTESIAN_POINT('',(39.1467982198763,31.5367333575814,-14.3618554495189));
#6270=CARTESIAN_POINT('',(39.1467982198763,32.9367333575814,-14.3618554495189));
#6271=CARTESIAN_POINT('',(39.1467982198763,32.9367333575814,-12.9618554495189));
#6272=CARTESIAN_POINT('',(39.1467982198763,32.9367333575814,-11.5618554495188));
#6273=CARTESIAN_POINT('',(39.1467982198763,31.5367333575814,-11.5618554495189));
#6274=CARTESIAN_POINT('',(52.294232949061,31.5367333575814,-11.5618554495189));
#6275=CARTESIAN_POINT('',(52.294232949061,30.1367333575814,-11.5618554495188));
#6276=CARTESIAN_POINT('',(52.294232949061,30.1367333575814,-12.9618554495189));
#6277=CARTESIAN_POINT('',(52.294232949061,30.1367333575814,-14.3618554495189));
#6278=CARTESIAN_POINT('',(52.294232949061,31.5367333575814,-14.3618554495189));
#6279=CARTESIAN_POINT('',(52.294232949061,32.9367333575814,-14.3618554495189));
#6280=CARTESIAN_POINT('',(52.294232949061,32.9367333575814,-12.9618554495189));
#6281=CARTESIAN_POINT('',(52.294232949061,32.9367333575814,-11.5618554495188));
#6282=CARTESIAN_POINT('',(52.294232949061,31.5367333575814,-11.5618554495189));
#6283=CARTESIAN_POINT('',(39.5525387681703,38.5257050188794,-17.2214131092903));
#6284=CARTESIAN_POINT('',(39.5525387681703,37.1257050188794,-17.2214131092903));
#6285=CARTESIAN_POINT('',(39.5525387681703,37.1257050188794,-18.6214131092904));
#6286=CARTESIAN_POINT('',(39.5525387681703,37.1257050188794,-20.0214131092904));
#6287=CARTESIAN_POINT('',(39.5525387681703,38.5257050188794,-20.0214131092904));
#6288=CARTESIAN_POINT('',(39.5525387681703,39.9257050188794,-20.0214131092904));
#6289=CARTESIAN_POINT('',(39.5525387681703,39.9257050188794,-18.6214131092904));
#6290=CARTESIAN_POINT('',(39.5525387681703,39.9257050188794,-17.2214131092903));
#6291=CARTESIAN_POINT('',(39.5525387681703,38.5257050188794,-17.2214131092903));
#6292=CARTESIAN_POINT('',(47.8310869178263,38.5257050188794,-17.2214131092903));
#6293=CARTESIAN_POINT('',(47.8310869178263,37.1257050188794,-17.2214131092903));
#6294=CARTESIAN_POINT('',(47.8310869178263,37.1257050188794,-18.6214131092904));
#6295=CARTESIAN_POINT('',(47.8310869178263,37.1257050188794,-20.0214131092904));
#6296=CARTESIAN_POINT('',(47.8310869178263,38.5257050188794,-20.0214131092904));
#6297=CARTESIAN_POINT('',(47.8310869178263,39.9257050188794,-20.0214131092904));
#6298=CARTESIAN_POINT('',(47.8310869178263,39.9257050188794,-18.6214131092904));
#6299=CARTESIAN_POINT('',(47.8310869178263,39.9257050188794,-17.2214131092903));
#6300=CARTESIAN_POINT('',(47.8310869178263,38.5257050188794,-17.2214131092903));
#6301=CARTESIAN_POINT('',(39.5525387681703,40.517534731689,-13.8911915933198));
#6302=CARTESIAN_POINT('',(39.5525387681703,41.917534731689,-13.8911915933198));
#6303=CARTESIAN_POINT('',(39.5525387681703,41.917534731689,-12.4911915933198));
#6304=CARTESIAN_POINT('',(39.5525387681703,41.917534731689,-11.0911915933198));
#6305=CARTESIAN_POINT('',(39.5525387681703,40.517534731689,-11.0911915933198));
#6306=CARTESIAN_POINT('',(39.5525387681703,39.117534731689,-11.0911915933198));
#6307=CARTESIAN_POINT('',(39.5525387681703,39.117534731689,-12.4911915933198));
#6308=CARTESIAN_POINT('',(39.5525387681703,39.117534731689,-13.8911915933198));
#6309=CARTESIAN_POINT('',(39.5525387681703,40.517534731689,-13.8911915933198));
#6310=CARTESIAN_POINT('',(47.8310869178263,40.517534731689,-13.8911915933198));
#6311=CARTESIAN_POINT('',(47.8310869178263,41.917534731689,-13.8911915933198));
#6312=CARTESIAN_POINT('',(47.8310869178263,41.917534731689,-12.4911915933198));
#6313=CARTESIAN_POINT('',(47.8310869178263,41.917534731689,-11.0911915933198));
#6314=CARTESIAN_POINT('',(47.8310869178263,40.517534731689,-11.0911915933198));
#6315=CARTESIAN_POINT('',(47.8310869178263,39.117534731689,-11.0911915933198));
#6316=CARTESIAN_POINT('',(47.8310869178263,39.117534731689,-12.4911915933198));
#6317=CARTESIAN_POINT('',(47.8310869178263,39.117534731689,-13.8911915933198));
#6318=CARTESIAN_POINT('',(47.8310869178263,40.517534731689,-13.8911915933198));
#6319=CARTESIAN_POINT('',(-560.78141827079,-437.642424805132,365.170472146271));
#6320=CARTESIAN_POINT('',(-560.78141827079,641.779495598285,20.4215338274627));
#6321=CARTESIAN_POINT('',(41.2424177806417,-732.44628179164,-406.184656470813));
#6322=CARTESIAN_POINT('',(39.1467982198763,28.3012217524789,-18.8151551262566));
#6323=CARTESIAN_POINT('',(39.1467982198763,29.701221752479,-18.8151551262566));
#6324=CARTESIAN_POINT('',(39.1467982198763,29.701221752479,-17.4151551262566));
#6325=CARTESIAN_POINT('',(39.1467982198763,29.701221752479,-16.0151551262566));
#6326=CARTESIAN_POINT('',(39.1467982198763,28.3012217524789,-16.0151551262566));
#6327=CARTESIAN_POINT('',(39.1467982198763,26.9012217524789,-16.0151551262566));
#6328=CARTESIAN_POINT('',(39.1467982198763,26.9012217524789,-17.4151551262566));
#6329=CARTESIAN_POINT('',(39.1467982198763,26.9012217524789,-18.8151551262566));
#6330=CARTESIAN_POINT('',(39.1467982198763,28.3012217524789,-18.8151551262566));
#6331=CARTESIAN_POINT('',(52.294232949061,28.3012217524789,-18.8151551262566));
#6332=CARTESIAN_POINT('',(52.294232949061,29.701221752479,-18.8151551262566));
#6333=CARTESIAN_POINT('',(52.294232949061,29.701221752479,-17.4151551262566));
#6334=CARTESIAN_POINT('',(52.294232949061,29.701221752479,-16.0151551262566));
#6335=CARTESIAN_POINT('',(52.294232949061,28.3012217524789,-16.0151551262566));
#6336=CARTESIAN_POINT('',(52.294232949061,26.9012217524789,-16.0151551262566));
#6337=CARTESIAN_POINT('',(52.294232949061,26.9012217524789,-17.4151551262566));
#6338=CARTESIAN_POINT('',(52.294232949061,26.9012217524789,-18.8151551262566));
#6339=CARTESIAN_POINT('',(52.294232949061,28.3012217524789,-18.8151551262566));
#6340=CARTESIAN_POINT('',(39.5525387681703,30.6288140727613,-24.7018479248576));
#6341=CARTESIAN_POINT('',(39.5525387681703,29.2288140727613,-24.7018479248576));
#6342=CARTESIAN_POINT('',(39.5525387681703,29.2288140727613,-26.1018479248576));
#6343=CARTESIAN_POINT('',(39.5525387681703,29.2288140727613,-27.5018479248576));
#6344=CARTESIAN_POINT('',(39.5525387681703,30.6288140727613,-27.5018479248576));
#6345=CARTESIAN_POINT('',(39.5525387681703,32.0288140727613,-27.5018479248576));
#6346=CARTESIAN_POINT('',(39.5525387681703,32.0288140727613,-26.1018479248576));
#6347=CARTESIAN_POINT('',(39.5525387681703,32.0288140727613,-24.7018479248576));
#6348=CARTESIAN_POINT('',(39.5525387681703,30.6288140727613,-24.7018479248576));
#6349=CARTESIAN_POINT('',(47.8310869178263,30.6288140727613,-24.7018479248576));
#6350=CARTESIAN_POINT('',(47.8310869178263,29.2288140727613,-24.7018479248576));
#6351=CARTESIAN_POINT('',(47.8310869178263,29.2288140727613,-26.1018479248576));
#6352=CARTESIAN_POINT('',(47.8310869178263,29.2288140727613,-27.5018479248576));
#6353=CARTESIAN_POINT('',(47.8310869178263,30.6288140727613,-27.5018479248576));
#6354=CARTESIAN_POINT('',(47.8310869178263,32.0288140727613,-27.5018479248576));
#6355=CARTESIAN_POINT('',(47.8310869178263,32.0288140727613,-26.1018479248576));
#6356=CARTESIAN_POINT('',(47.8310869178263,32.0288140727613,-24.7018479248576));
#6357=CARTESIAN_POINT('',(47.8310869178263,30.6288140727613,-24.7018479248576));
#6358=CARTESIAN_POINT('',(39.5525387681703,35.8434919606988,-20.9131626694219));
#6359=CARTESIAN_POINT('',(39.5525387681703,34.4434919606988,-20.9131626694219));
#6360=CARTESIAN_POINT('',(39.5525387681703,34.4434919606988,-22.3131626694219));
#6361=CARTESIAN_POINT('',(39.5525387681703,34.4434919606988,-23.7131626694219));
#6362=CARTESIAN_POINT('',(39.5525387681703,35.8434919606988,-23.7131626694219));
#6363=CARTESIAN_POINT('',(39.5525387681703,37.2434919606988,-23.7131626694219));
#6364=CARTESIAN_POINT('',(39.5525387681703,37.2434919606988,-22.3131626694219));
#6365=CARTESIAN_POINT('',(39.5525387681703,37.2434919606988,-20.9131626694219));
#6366=CARTESIAN_POINT('',(39.5525387681703,35.8434919606988,-20.9131626694219));
#6367=CARTESIAN_POINT('',(47.8310869178263,35.8434919606988,-20.9131626694219));
#6368=CARTESIAN_POINT('',(47.8310869178263,34.4434919606988,-20.9131626694219));
#6369=CARTESIAN_POINT('',(47.8310869178263,34.4434919606988,-22.3131626694219));
#6370=CARTESIAN_POINT('',(47.8310869178263,34.4434919606988,-23.7131626694219));
#6371=CARTESIAN_POINT('',(47.8310869178263,35.8434919606988,-23.7131626694219));
#6372=CARTESIAN_POINT('',(47.8310869178263,37.2434919606988,-23.7131626694219));
#6373=CARTESIAN_POINT('',(47.8310869178263,37.2434919606988,-22.3131626694219));
#6374=CARTESIAN_POINT('',(47.8310869178263,37.2434919606988,-20.9131626694219));
#6375=CARTESIAN_POINT('',(47.8310869178263,35.8434919606988,-20.9131626694219));
#6376=CARTESIAN_POINT('',(-560.78141827079,-128.955645455595,564.066278506172));
#6377=CARTESIAN_POINT('',(-560.78141827079,541.954723658227,-349.316330926371));
#6378=CARTESIAN_POINT('',(41.2424177806417,-821.592079230913,113.639527529441));
#6379=CARTESIAN_POINT('',(39.1467982198763,23.0660540044284,-20.5161642406815));
#6380=CARTESIAN_POINT('',(39.1467982198763,24.4660540044284,-20.5161642406815));
#6381=CARTESIAN_POINT('',(39.1467982198763,24.4660540044284,-19.1161642406815));
#6382=CARTESIAN_POINT('',(39.1467982198763,24.4660540044284,-17.7161642406815));
#6383=CARTESIAN_POINT('',(39.1467982198763,23.0660540044284,-17.7161642406815));
#6384=CARTESIAN_POINT('',(39.1467982198763,21.6660540044284,-17.7161642406815));
#6385=CARTESIAN_POINT('',(39.1467982198763,21.6660540044284,-19.1161642406815));
#6386=CARTESIAN_POINT('',(39.1467982198763,21.6660540044284,-20.5161642406815));
#6387=CARTESIAN_POINT('',(39.1467982198763,23.0660540044284,-20.5161642406815));
#6388=CARTESIAN_POINT('',(52.294232949061,23.0660540044284,-20.5161642406815));
#6389=CARTESIAN_POINT('',(52.294232949061,24.4660540044284,-20.5161642406815));
#6390=CARTESIAN_POINT('',(52.294232949061,24.4660540044284,-19.1161642406815));
#6391=CARTESIAN_POINT('',(52.294232949061,24.4660540044284,-17.7161642406815));
#6392=CARTESIAN_POINT('',(52.294232949061,23.0660540044284,-17.7161642406815));
#6393=CARTESIAN_POINT('',(52.294232949061,21.6660540044284,-17.7161642406815));
#6394=CARTESIAN_POINT('',(52.294232949061,21.6660540044284,-19.1161642406815));
#6395=CARTESIAN_POINT('',(52.294232949061,21.6660540044284,-20.5161642406815));
#6396=CARTESIAN_POINT('',(52.294232949061,23.0660540044284,-20.5161642406815));
#6397=CARTESIAN_POINT('',(39.5525387681703,19.8432058293005,-26.1119707788753));
#6398=CARTESIAN_POINT('',(39.5525387681703,18.4432058293005,-26.1119707788753));
#6399=CARTESIAN_POINT('',(39.5525387681703,18.4432058293005,-27.5119707788753));
#6400=CARTESIAN_POINT('',(39.5525387681703,18.4432058293005,-28.9119707788753));
#6401=CARTESIAN_POINT('',(39.5525387681703,19.8432058293005,-28.9119707788753));
#6402=CARTESIAN_POINT('',(39.5525387681703,21.2432058293006,-28.9119707788753));
#6403=CARTESIAN_POINT('',(39.5525387681703,21.2432058293006,-27.5119707788753));
#6404=CARTESIAN_POINT('',(39.5525387681703,21.2432058293006,-26.1119707788753));
#6405=CARTESIAN_POINT('',(39.5525387681703,19.8432058293005,-26.1119707788753));
#6406=CARTESIAN_POINT('',(47.8310869178263,19.8432058293005,-26.1119707788753));
#6407=CARTESIAN_POINT('',(47.8310869178263,18.4432058293005,-26.1119707788753));
#6408=CARTESIAN_POINT('',(47.8310869178263,18.4432058293005,-27.5119707788753));
#6409=CARTESIAN_POINT('',(47.8310869178263,18.4432058293005,-28.9119707788753));
#6410=CARTESIAN_POINT('',(47.8310869178263,19.8432058293005,-28.9119707788753));
#6411=CARTESIAN_POINT('',(47.8310869178263,21.2432058293006,-28.9119707788753));
#6412=CARTESIAN_POINT('',(47.8310869178263,21.2432058293006,-27.5119707788753));
#6413=CARTESIAN_POINT('',(47.8310869178263,21.2432058293006,-26.1119707788753));
#6414=CARTESIAN_POINT('',(47.8310869178263,19.8432058293005,-26.1119707788753));
#6415=CARTESIAN_POINT('',(39.5525387681703,26.2889021795562,-26.1119707788753));
#6416=CARTESIAN_POINT('',(39.5525387681703,24.8889021795563,-26.1119707788753));
#6417=CARTESIAN_POINT('',(39.5525387681703,24.8889021795562,-27.5119707788753));
#6418=CARTESIAN_POINT('',(39.5525387681703,24.8889021795563,-28.9119707788753));
#6419=CARTESIAN_POINT('',(39.5525387681703,26.2889021795562,-28.9119707788753));
#6420=CARTESIAN_POINT('',(39.5525387681703,27.6889021795562,-28.9119707788753));
#6421=CARTESIAN_POINT('',(39.5525387681703,27.6889021795563,-27.5119707788753));
#6422=CARTESIAN_POINT('',(39.5525387681703,27.6889021795562,-26.1119707788753));
#6423=CARTESIAN_POINT('',(39.5525387681703,26.2889021795562,-26.1119707788753));
#6424=CARTESIAN_POINT('',(47.8310869178263,26.2889021795562,-26.1119707788753));
#6425=CARTESIAN_POINT('',(47.8310869178263,24.8889021795563,-26.1119707788753));
#6426=CARTESIAN_POINT('',(47.8310869178263,24.8889021795562,-27.5119707788753));
#6427=CARTESIAN_POINT('',(47.8310869178263,24.8889021795563,-28.9119707788753));
#6428=CARTESIAN_POINT('',(47.8310869178263,26.2889021795562,-28.9119707788753));
#6429=CARTESIAN_POINT('',(47.8310869178263,27.6889021795562,-28.9119707788753));
#6430=CARTESIAN_POINT('',(47.8310869178263,27.6889021795563,-27.5119707788753));
#6431=CARTESIAN_POINT('',(47.8310869178263,27.6889021795562,-26.1119707788753));
#6432=CARTESIAN_POINT('',(47.8310869178263,26.2889021795562,-26.1119707788753));
#6433=CARTESIAN_POINT('',(-560.78141827079,237.657687420555,543.820752699925));
#6434=CARTESIAN_POINT('',(-560.78141827079,243.494560789875,-589.445457460754));
#6435=CARTESIAN_POINT('',(41.2424177806417,-583.851959487526,584.665855025313));
#6436=CARTESIAN_POINT('',(39.1467982198763,17.8308862563778,-18.8151551262566));
#6437=CARTESIAN_POINT('',(39.1467982198763,19.2308862563779,-18.8151551262566));
#6438=CARTESIAN_POINT('',(39.1467982198763,19.2308862563779,-17.4151551262566));
#6439=CARTESIAN_POINT('',(39.1467982198763,19.2308862563779,-16.0151551262566));
#6440=CARTESIAN_POINT('',(39.1467982198763,17.8308862563778,-16.0151551262566));
#6441=CARTESIAN_POINT('',(39.1467982198763,16.4308862563778,-16.0151551262566));
#6442=CARTESIAN_POINT('',(39.1467982198763,16.4308862563778,-17.4151551262566));
#6443=CARTESIAN_POINT('',(39.1467982198763,16.4308862563778,-18.8151551262566));
#6444=CARTESIAN_POINT('',(39.1467982198763,17.8308862563778,-18.8151551262566));
#6445=CARTESIAN_POINT('',(52.294232949061,17.8308862563778,-18.8151551262566));
#6446=CARTESIAN_POINT('',(52.294232949061,19.2308862563779,-18.8151551262566));
#6447=CARTESIAN_POINT('',(52.294232949061,19.2308862563779,-17.4151551262566));
#6448=CARTESIAN_POINT('',(52.294232949061,19.2308862563779,-16.0151551262566));
#6449=CARTESIAN_POINT('',(52.294232949061,17.8308862563778,-16.0151551262566));
#6450=CARTESIAN_POINT('',(52.294232949061,16.4308862563778,-16.0151551262566));
#6451=CARTESIAN_POINT('',(52.294232949061,16.4308862563778,-17.4151551262566));
#6452=CARTESIAN_POINT('',(52.294232949061,16.4308862563778,-18.8151551262566));
#6453=CARTESIAN_POINT('',(52.294232949061,17.8308862563778,-18.8151551262566));
#6454=CARTESIAN_POINT('',(39.5525387681703,10.288616048158,-20.9131626694219));
#6455=CARTESIAN_POINT('',(39.5525387681703,8.888616048158,-20.9131626694219));
#6456=CARTESIAN_POINT('',(39.5525387681703,8.888616048158,-22.3131626694219));
#6457=CARTESIAN_POINT('',(39.5525387681703,8.888616048158,-23.7131626694219));
#6458=CARTESIAN_POINT('',(39.5525387681703,10.288616048158,-23.7131626694219));
#6459=CARTESIAN_POINT('',(39.5525387681703,11.688616048158,-23.7131626694219));
#6460=CARTESIAN_POINT('',(39.5525387681703,11.688616048158,-22.3131626694219));
#6461=CARTESIAN_POINT('',(39.5525387681703,11.688616048158,-20.9131626694219));
#6462=CARTESIAN_POINT('',(39.5525387681703,10.288616048158,-20.9131626694219));
#6463=CARTESIAN_POINT('',(47.8310869178263,10.288616048158,-20.9131626694219));
#6464=CARTESIAN_POINT('',(47.8310869178263,8.888616048158,-20.9131626694219));
#6465=CARTESIAN_POINT('',(47.8310869178263,8.888616048158,-22.3131626694219));
#6466=CARTESIAN_POINT('',(47.8310869178263,8.888616048158,-23.7131626694219));
#6467=CARTESIAN_POINT('',(47.8310869178263,10.288616048158,-23.7131626694219));
#6468=CARTESIAN_POINT('',(47.8310869178263,11.688616048158,-23.7131626694219));
#6469=CARTESIAN_POINT('',(47.8310869178263,11.688616048158,-22.3131626694219));
#6470=CARTESIAN_POINT('',(47.8310869178263,11.688616048158,-20.9131626694219));
#6471=CARTESIAN_POINT('',(47.8310869178263,10.288616048158,-20.9131626694219));
#6472=CARTESIAN_POINT('',(39.5525387681703,15.5032939360954,-24.7018479248576));
#6473=CARTESIAN_POINT('',(39.5525387681703,14.1032939360954,-24.7018479248576));
#6474=CARTESIAN_POINT('',(39.5525387681703,14.1032939360954,-26.1018479248576));
#6475=CARTESIAN_POINT('',(39.5525387681703,14.1032939360954,-27.5018479248576));
#6476=CARTESIAN_POINT('',(39.5525387681703,15.5032939360954,-27.5018479248576));
#6477=CARTESIAN_POINT('',(39.5525387681703,16.9032939360954,-27.5018479248576));
#6478=CARTESIAN_POINT('',(39.5525387681703,16.9032939360954,-26.1018479248576));
#6479=CARTESIAN_POINT('',(39.5525387681703,16.9032939360954,-24.7018479248576));
#6480=CARTESIAN_POINT('',(39.5525387681703,15.5032939360954,-24.7018479248576));
#6481=CARTESIAN_POINT('',(47.8310869178263,15.5032939360954,-24.7018479248576));
#6482=CARTESIAN_POINT('',(47.8310869178263,14.1032939360954,-24.7018479248576));
#6483=CARTESIAN_POINT('',(47.8310869178263,14.1032939360954,-26.1018479248576));
#6484=CARTESIAN_POINT('',(47.8310869178263,14.1032939360954,-27.5018479248576));
#6485=CARTESIAN_POINT('',(47.8310869178263,15.5032939360954,-27.5018479248576));
#6486=CARTESIAN_POINT('',(47.8310869178263,16.9032939360954,-27.5018479248576));
#6487=CARTESIAN_POINT('',(47.8310869178263,16.9032939360954,-26.1018479248576));
#6488=CARTESIAN_POINT('',(47.8310869178263,16.9032939360954,-24.7018479248576));
#6489=CARTESIAN_POINT('',(47.8310869178263,15.5032939360954,-24.7018479248576));
#6490=CARTESIAN_POINT('',(-560.78141827079,522.417128655865,311.93629072094));
#6491=CARTESIAN_POINT('',(-560.78141827079,-139.04898095837,-608.307974883573));
#6492=CARTESIAN_POINT('',(41.2424177806417,-120.950700525682,831.953879861969));
#6493=CARTESIAN_POINT('',(39.1467982198763,14.5953746512754,-11.5618554495188));
#6494=CARTESIAN_POINT('',(39.1467982198763,13.1953746512754,-11.5618554495188));
#6495=CARTESIAN_POINT('',(39.1467982198763,13.1953746512754,-12.9618554495188));
#6496=CARTESIAN_POINT('',(39.1467982198763,13.1953746512754,-14.3618554495188));
#6497=CARTESIAN_POINT('',(39.1467982198763,14.5953746512754,-14.3618554495188));
#6498=CARTESIAN_POINT('',(39.1467982198763,15.9953746512754,-14.3618554495188));
#6499=CARTESIAN_POINT('',(39.1467982198763,15.9953746512754,-12.9618554495188));
#6500=CARTESIAN_POINT('',(39.1467982198763,15.9953746512754,-11.5618554495188));
#6501=CARTESIAN_POINT('',(39.1467982198763,14.5953746512754,-11.5618554495188));
#6502=CARTESIAN_POINT('',(52.2942329490609,14.5953746512754,-11.5618554495188));
#6503=CARTESIAN_POINT('',(52.2942329490609,13.1953746512754,-11.5618554495188));
#6504=CARTESIAN_POINT('',(52.2942329490609,13.1953746512754,-12.9618554495188));
#6505=CARTESIAN_POINT('',(52.2942329490609,13.1953746512754,-14.3618554495188));
#6506=CARTESIAN_POINT('',(52.2942329490609,14.5953746512754,-14.3618554495188));
#6507=CARTESIAN_POINT('',(52.2942329490609,15.9953746512754,-14.3618554495188));
#6508=CARTESIAN_POINT('',(52.2942329490609,15.9953746512754,-12.9618554495188));
#6509=CARTESIAN_POINT('',(52.2942329490609,15.9953746512754,-11.5618554495188));
#6510=CARTESIAN_POINT('',(52.2942329490609,14.5953746512754,-11.5618554495188));
#6511=CARTESIAN_POINT('',(39.5525387681703,5.6145732771678,-13.8911915933198));
#6512=CARTESIAN_POINT('',(39.5525387681703,7.0145732771678,-13.8911915933198));
#6513=CARTESIAN_POINT('',(39.5525387681703,7.0145732771678,-12.4911915933198));
#6514=CARTESIAN_POINT('',(39.5525387681703,7.0145732771678,-11.0911915933198));
#6515=CARTESIAN_POINT('',(39.5525387681703,5.6145732771678,-11.0911915933198));
#6516=CARTESIAN_POINT('',(39.5525387681703,4.2145732771678,-11.0911915933198));
#6517=CARTESIAN_POINT('',(39.5525387681703,4.2145732771678,-12.4911915933198));
#6518=CARTESIAN_POINT('',(39.5525387681703,4.2145732771678,-13.8911915933198));
#6519=CARTESIAN_POINT('',(39.5525387681703,5.6145732771678,-13.8911915933198));
#6520=CARTESIAN_POINT('',(47.8310869178263,5.6145732771678,-13.8911915933198));
#6521=CARTESIAN_POINT('',(47.8310869178263,7.0145732771678,-13.8911915933198));
#6522=CARTESIAN_POINT('',(47.8310869178263,7.0145732771678,-12.4911915933198));
#6523=CARTESIAN_POINT('',(47.8310869178263,7.0145732771678,-11.0911915933198));
#6524=CARTESIAN_POINT('',(47.8310869178263,5.6145732771678,-11.0911915933198));
#6525=CARTESIAN_POINT('',(47.8310869178263,4.2145732771678,-11.0911915933198));
#6526=CARTESIAN_POINT('',(47.8310869178263,4.2145732771678,-12.4911915933198));
#6527=CARTESIAN_POINT('',(47.8310869178263,4.2145732771678,-13.8911915933198));
#6528=CARTESIAN_POINT('',(47.8310869178263,5.6145732771678,-13.8911915933198));
#6529=CARTESIAN_POINT('',(39.5525387681703,7.6064029899773,-17.2214131092903));
#6530=CARTESIAN_POINT('',(39.5525387681703,6.2064029899773,-17.2214131092903));
#6531=CARTESIAN_POINT('',(39.5525387681703,6.2064029899773,-18.6214131092903));
#6532=CARTESIAN_POINT('',(39.5525387681703,6.2064029899773,-20.0214131092903));
#6533=CARTESIAN_POINT('',(39.5525387681703,7.6064029899773,-20.0214131092903));
#6534=CARTESIAN_POINT('',(39.5525387681703,9.0064029899773,-20.0214131092903));
#6535=CARTESIAN_POINT('',(39.5525387681703,9.0064029899773,-18.6214131092903));
#6536=CARTESIAN_POINT('',(39.5525387681703,9.0064029899773,-17.2214131092903));
#6537=CARTESIAN_POINT('',(39.5525387681703,7.6064029899773,-17.2214131092903));
#6538=CARTESIAN_POINT('',(47.8310869178263,7.6064029899773,-17.2214131092903));
#6539=CARTESIAN_POINT('',(47.8310869178263,6.2064029899773,-17.2214131092903));
#6540=CARTESIAN_POINT('',(47.8310869178263,6.2064029899773,-18.6214131092903));
#6541=CARTESIAN_POINT('',(47.8310869178263,6.2064029899773,-20.0214131092903));
#6542=CARTESIAN_POINT('',(47.8310869178263,7.6064029899773,-20.0214131092903));
#6543=CARTESIAN_POINT('',(47.8310869178263,9.0064029899773,-20.0214131092903));
#6544=CARTESIAN_POINT('',(47.8310869178263,9.0064029899773,-18.6214131092903));
#6545=CARTESIAN_POINT('',(47.8310869178263,9.0064029899773,-17.2214131092903));
#6546=CARTESIAN_POINT('',(47.8310869178263,7.6064029899773,-17.2214131092903));
#6547=CARTESIAN_POINT('',(-560.78141827079,616.003876195353,-43.0784181729887));
#6548=CARTESIAN_POINT('',(-560.78141827079,-459.810658077796,-398.929749397159));
#6549=CARTESIAN_POINT('',(41.2424177806417,402.242434787871,752.05831671867));
#6550=CARTESIAN_POINT('',(39.1467982198762,14.5953746512754,-6.05727432489317));
#6551=CARTESIAN_POINT('',(39.1467982198762,13.1953746512754,-6.05727432489317));
#6552=CARTESIAN_POINT('',(39.1467982198762,13.1953746512754,-7.45727432489317));
#6553=CARTESIAN_POINT('',(39.1467982198762,13.1953746512754,-8.85727432489317));
#6554=CARTESIAN_POINT('',(39.1467982198762,14.5953746512754,-8.85727432489317));
#6555=CARTESIAN_POINT('',(39.1467982198762,15.9953746512754,-8.85727432489317));
#6556=CARTESIAN_POINT('',(39.1467982198762,15.9953746512754,-7.45727432489317));
#6557=CARTESIAN_POINT('',(39.1467982198762,15.9953746512754,-6.05727432489317));
#6558=CARTESIAN_POINT('',(39.1467982198762,14.5953746512754,-6.05727432489317));
#6559=CARTESIAN_POINT('',(52.294232949061,14.5953746512754,-6.05727432489317));
#6560=CARTESIAN_POINT('',(52.294232949061,13.1953746512754,-6.05727432489317));
#6561=CARTESIAN_POINT('',(52.294232949061,13.1953746512754,-7.45727432489317));
#6562=CARTESIAN_POINT('',(52.294232949061,13.1953746512754,-8.85727432489317));
#6563=CARTESIAN_POINT('',(52.294232949061,14.5953746512754,-8.85727432489317));
#6564=CARTESIAN_POINT('',(52.294232949061,15.9953746512754,-8.85727432489317));
#6565=CARTESIAN_POINT('',(52.294232949061,15.9953746512754,-7.45727432489317));
#6566=CARTESIAN_POINT('',(52.294232949061,15.9953746512754,-6.05727432489317));
#6567=CARTESIAN_POINT('',(52.294232949061,14.5953746512754,-6.05727432489317));
#6568=CARTESIAN_POINT('',(39.5525387681703,7.6064029899774,-3.19771666512167));
#6569=CARTESIAN_POINT('',(39.5525387681703,9.0064029899774,-3.19771666512167));
#6570=CARTESIAN_POINT('',(39.5525387681703,9.0064029899774,-1.79771666512167));
#6571=CARTESIAN_POINT('',(39.5525387681703,9.0064029899774,-0.397716665121672));
#6572=CARTESIAN_POINT('',(39.5525387681703,7.6064029899774,-0.397716665121671));
#6573=CARTESIAN_POINT('',(39.5525387681703,6.2064029899774,-0.397716665121671));
#6574=CARTESIAN_POINT('',(39.5525387681703,6.2064029899774,-1.79771666512167));
#6575=CARTESIAN_POINT('',(39.5525387681703,6.2064029899774,-3.19771666512167));
#6576=CARTESIAN_POINT('',(39.5525387681703,7.6064029899774,-3.19771666512167));
#6577=CARTESIAN_POINT('',(47.8310869178263,7.6064029899774,-3.19771666512167));
#6578=CARTESIAN_POINT('',(47.8310869178263,9.0064029899774,-3.19771666512167));
#6579=CARTESIAN_POINT('',(47.8310869178263,9.0064029899774,-1.79771666512167));
#6580=CARTESIAN_POINT('',(47.8310869178263,9.0064029899774,-0.397716665121672));
#6581=CARTESIAN_POINT('',(47.8310869178263,7.6064029899774,-0.397716665121671));
#6582=CARTESIAN_POINT('',(47.8310869178263,6.2064029899774,-0.397716665121671));
#6583=CARTESIAN_POINT('',(47.8310869178263,6.2064029899774,-1.79771666512167));
#6584=CARTESIAN_POINT('',(47.8310869178263,6.2064029899774,-3.19771666512167));
#6585=CARTESIAN_POINT('',(47.8310869178263,7.6064029899774,-3.19771666512167));
#6586=CARTESIAN_POINT('',(39.5525387681703,5.6145732771678,-6.52793818109224));
#6587=CARTESIAN_POINT('',(39.5525387681703,4.2145732771678,-6.52793818109224));
#6588=CARTESIAN_POINT('',(39.5525387681703,4.2145732771678,-7.92793818109224));
#6589=CARTESIAN_POINT('',(39.5525387681703,4.2145732771678,-9.32793818109224));
#6590=CARTESIAN_POINT('',(39.5525387681703,5.6145732771678,-9.32793818109224));
#6591=CARTESIAN_POINT('',(39.5525387681703,7.0145732771678,-9.32793818109224));
#6592=CARTESIAN_POINT('',(39.5525387681703,7.0145732771678,-7.92793818109224));
#6593=CARTESIAN_POINT('',(39.5525387681703,7.0145732771678,-6.52793818109224));
#6594=CARTESIAN_POINT('',(39.5525387681703,5.6145732771678,-6.52793818109224));
#6595=CARTESIAN_POINT('',(47.8310869178263,5.6145732771678,-6.52793818109224));
#6596=CARTESIAN_POINT('',(47.8310869178263,4.2145732771678,-6.52793818109224));
#6597=CARTESIAN_POINT('',(47.8310869178263,4.2145732771678,-7.92793818109224));
#6598=CARTESIAN_POINT('',(47.8310869178263,4.2145732771678,-9.32793818109224));
#6599=CARTESIAN_POINT('',(47.8310869178263,5.6145732771678,-9.32793818109224));
#6600=CARTESIAN_POINT('',(47.8310869178263,7.0145732771678,-9.32793818109224));
#6601=CARTESIAN_POINT('',(47.8310869178263,7.0145732771678,-7.92793818109224));
#6602=CARTESIAN_POINT('',(47.8310869178263,7.0145732771678,-6.52793818109224));
#6603=CARTESIAN_POINT('',(47.8310869178263,5.6145732771678,-6.52793818109224));
#6604=CARTESIAN_POINT('',(-560.78141827079,483.774532813989,-385.589601920683));
#6605=CARTESIAN_POINT('',(-560.78141827079,-595.647387589428,-40.8406636018747));
#6606=CARTESIAN_POINT('',(41.2424177806417,778.578389800496,385.765526696401));
#6607=CARTESIAN_POINT('',(39.1467982198762,17.8308862563778,-1.60397464815544));
#6608=CARTESIAN_POINT('',(39.1467982198762,16.4308862563779,-1.60397464815544));
#6609=CARTESIAN_POINT('',(39.1467982198762,16.4308862563779,-3.00397464815544));
#6610=CARTESIAN_POINT('',(39.1467982198762,16.4308862563779,-4.40397464815544));
#6611=CARTESIAN_POINT('',(39.1467982198762,17.8308862563778,-4.40397464815544));
#6612=CARTESIAN_POINT('',(39.1467982198762,19.2308862563778,-4.40397464815544));
#6613=CARTESIAN_POINT('',(39.1467982198762,19.2308862563778,-3.00397464815544));
#6614=CARTESIAN_POINT('',(39.1467982198762,19.2308862563778,-1.60397464815544));
#6615=CARTESIAN_POINT('',(39.1467982198762,17.8308862563778,-1.60397464815544));
#6616=CARTESIAN_POINT('',(52.2942329490609,17.8308862563778,-1.60397464815544));
#6617=CARTESIAN_POINT('',(52.2942329490609,16.4308862563779,-1.60397464815544));
#6618=CARTESIAN_POINT('',(52.2942329490609,16.4308862563779,-3.00397464815544));
#6619=CARTESIAN_POINT('',(52.2942329490609,16.4308862563779,-4.40397464815544));
#6620=CARTESIAN_POINT('',(52.2942329490609,17.8308862563778,-4.40397464815544));
#6621=CARTESIAN_POINT('',(52.2942329490609,19.2308862563778,-4.40397464815544));
#6622=CARTESIAN_POINT('',(52.2942329490609,19.2308862563778,-3.00397464815544));
#6623=CARTESIAN_POINT('',(52.2942329490609,19.2308862563778,-1.60397464815544));
#6624=CARTESIAN_POINT('',(52.2942329490609,17.8308862563778,-1.60397464815544));
#6625=CARTESIAN_POINT('',(39.5525387681703,15.5032939360955,4.28271815044559));
#6626=CARTESIAN_POINT('',(39.5525387681703,16.9032939360955,4.28271815044559));
#6627=CARTESIAN_POINT('',(39.5525387681703,16.9032939360955,5.68271815044559));
#6628=CARTESIAN_POINT('',(39.5525387681703,16.9032939360955,7.08271815044559));
#6629=CARTESIAN_POINT('',(39.5525387681703,15.5032939360955,7.08271815044559));
#6630=CARTESIAN_POINT('',(39.5525387681703,14.1032939360955,7.08271815044559));
#6631=CARTESIAN_POINT('',(39.5525387681703,14.1032939360955,5.68271815044559));
#6632=CARTESIAN_POINT('',(39.5525387681703,14.1032939360955,4.28271815044559));
#6633=CARTESIAN_POINT('',(39.5525387681703,15.5032939360955,4.28271815044559));
#6634=CARTESIAN_POINT('',(47.8310869178263,15.5032939360955,4.28271815044559));
#6635=CARTESIAN_POINT('',(47.8310869178263,16.9032939360955,4.28271815044559));
#6636=CARTESIAN_POINT('',(47.8310869178263,16.9032939360955,5.68271815044559));
#6637=CARTESIAN_POINT('',(47.8310869178263,16.9032939360955,7.08271815044559));
#6638=CARTESIAN_POINT('',(47.8310869178263,15.5032939360955,7.08271815044559));
#6639=CARTESIAN_POINT('',(47.8310869178263,14.1032939360955,7.08271815044559));
#6640=CARTESIAN_POINT('',(47.8310869178263,14.1032939360955,5.68271815044559));
#6641=CARTESIAN_POINT('',(47.8310869178263,14.1032939360955,4.28271815044559));
#6642=CARTESIAN_POINT('',(47.8310869178263,15.5032939360955,4.28271815044559));
#6643=CARTESIAN_POINT('',(39.5525387681703,10.288616048158,3.29403289500989));
#6644=CARTESIAN_POINT('',(39.5525387681703,8.888616048158,3.29403289500989));
#6645=CARTESIAN_POINT('',(39.5525387681703,8.888616048158,1.89403289500989));
#6646=CARTESIAN_POINT('',(39.5525387681703,8.888616048158,0.494032895009889));
#6647=CARTESIAN_POINT('',(39.5525387681703,10.288616048158,0.494032895009889));
#6648=CARTESIAN_POINT('',(39.5525387681703,11.688616048158,0.494032895009889));
#6649=CARTESIAN_POINT('',(39.5525387681703,11.688616048158,1.89403289500989));
#6650=CARTESIAN_POINT('',(39.5525387681703,11.688616048158,3.29403289500989));
#6651=CARTESIAN_POINT('',(39.5525387681703,10.288616048158,3.29403289500989));
#6652=CARTESIAN_POINT('',(47.8310869178263,10.288616048158,3.29403289500989));
#6653=CARTESIAN_POINT('',(47.8310869178263,8.888616048158,3.29403289500989));
#6654=CARTESIAN_POINT('',(47.8310869178263,8.888616048158,1.89403289500989));
#6655=CARTESIAN_POINT('',(47.8310869178263,8.888616048158,0.494032895009889));
#6656=CARTESIAN_POINT('',(47.8310869178263,10.288616048158,0.494032895009889));
#6657=CARTESIAN_POINT('',(47.8310869178263,11.688616048158,0.494032895009889));
#6658=CARTESIAN_POINT('',(47.8310869178263,11.688616048158,1.89403289500989));
#6659=CARTESIAN_POINT('',(47.8310869178263,11.688616048158,3.29403289500989));
#6660=CARTESIAN_POINT('',(47.8310869178263,10.288616048158,3.29403289500989));
#6661=CARTESIAN_POINT('',(-560.78141827079,175.087753464453,-584.485408280584));
#6662=CARTESIAN_POINT('',(-560.78141827079,-495.822615649371,328.897201151959));
#6663=CARTESIAN_POINT('',(41.2424177806417,867.72418723977,-134.058657303853));
#6664=CARTESIAN_POINT('',(52.9064177806417,-604.456252291067,-637.731871182702));
#6665=CARTESIAN_POINT('',(52.9064177806417,-582.933945995572,-616.209564887206));
#6666=CARTESIAN_POINT('',(38.7424177806417,-598.073945995572,-621.669564887206));
#6667=CARTESIAN_POINT('',(40.3424177806417,623.341054004443,-613.865170718806));
#6668=CARTESIAN_POINT('',(40.3424177806417,626.69105400443,-613.865170718806));
#6669=CARTESIAN_POINT('',(-562.617582219358,22.0160540044284,593.446040944394));
#6670=CARTESIAN_POINT('',(-562.597582219358,-579.393945995572,-11.259564887206));
#6671=CARTESIAN_POINT('',(-562.617582219358,24.1160540044284,593.446040944394));
#6672=CARTESIAN_POINT('',(-562.597582219358,625.526054004428,-9.15956488720601));
#6673=CARTESIAN_POINT('',(40.1724177806417,8.6660540044284,-12.259564887206));
#6674=CARTESIAN_POINT('',(40.1724177806417,6.6160540044284,-12.259564887206));
#6675=CARTESIAN_POINT('',(40.1724177806417,6.6160540044284,-10.209564887206));
#6676=CARTESIAN_POINT('',(40.1724177806417,6.6160540044284,-8.15956488720601));
#6677=CARTESIAN_POINT('',(40.1724177806417,8.6660540044284,-8.15956488720601));
#6678=CARTESIAN_POINT('',(40.1724177806417,10.7160540044284,-8.15956488720601));
#6679=CARTESIAN_POINT('',(40.1724177806417,10.7160540044284,-10.209564887206));
#6680=CARTESIAN_POINT('',(40.1724177806417,10.7160540044284,-12.259564887206));
#6681=CARTESIAN_POINT('',(40.1724177806417,8.6660540044284,-12.259564887206));
#6682=CARTESIAN_POINT('',(35.0124177806417,8.6660540044284,-12.259564887206));
#6683=CARTESIAN_POINT('',(35.0124177806417,6.6160540044284,-12.259564887206));
#6684=CARTESIAN_POINT('',(35.0124177806417,6.6160540044284,-10.209564887206));
#6685=CARTESIAN_POINT('',(35.0124177806417,6.6160540044284,-8.15956488720601));
#6686=CARTESIAN_POINT('',(35.0124177806417,8.6660540044284,-8.15956488720601));
#6687=CARTESIAN_POINT('',(35.0124177806417,10.7160540044284,-8.15956488720601));
#6688=CARTESIAN_POINT('',(35.0124177806417,10.7160540044284,-10.209564887206));
#6689=CARTESIAN_POINT('',(35.0124177806417,10.7160540044284,-12.259564887206));
#6690=CARTESIAN_POINT('',(35.0124177806417,8.6660540044284,-12.259564887206));
#6691=CARTESIAN_POINT('',(-564.987582219358,-591.898462157398,-59.1021623448513));
#6692=CARTESIAN_POINT('',(-564.987582219358,20.9559592194284,-608.644564887206));
#6693=CARTESIAN_POINT('',(40.1724177806417,23.0559592194284,-5.85956488720601));
#6694=CARTESIAN_POINT('',(40.1724177806417,20.9559592194284,-5.85956488720601));
#6695=CARTESIAN_POINT('',(40.1724177806417,20.9559592194284,-3.75956488720601));
#6696=CARTESIAN_POINT('',(40.1724177806417,20.9559592194284,-1.65956488720601));
#6697=CARTESIAN_POINT('',(40.1724177806417,23.0559592194284,-1.65956488720601));
#6698=CARTESIAN_POINT('',(40.1724177806417,25.1559592194284,-1.65956488720601));
#6699=CARTESIAN_POINT('',(40.1724177806417,25.1559592194284,-3.75956488720601));
#6700=CARTESIAN_POINT('',(40.1724177806417,25.1559592194284,-5.85956488720601));
#6701=CARTESIAN_POINT('',(40.1724177806417,23.0559592194284,-5.85956488720601));
#6702=CARTESIAN_POINT('',(35.0124177806417,23.0559592194284,-5.85956488720601));
#6703=CARTESIAN_POINT('',(35.0124177806417,20.9559592194284,-5.85956488720601));
#6704=CARTESIAN_POINT('',(35.0124177806417,20.9559592194284,-3.75956488720601));
#6705=CARTESIAN_POINT('',(35.0124177806417,20.9559592194284,-1.65956488720601));
#6706=CARTESIAN_POINT('',(35.0124177806417,23.0559592194284,-1.65956488720601));
#6707=CARTESIAN_POINT('',(35.0124177806417,25.1559592194284,-1.65956488720601));
#6708=CARTESIAN_POINT('',(35.0124177806417,25.1559592194284,-3.75956488720601));
#6709=CARTESIAN_POINT('',(35.0124177806417,25.1559592194284,-5.85956488720601));
#6710=CARTESIAN_POINT('',(35.0124177806417,23.0559592194284,-5.85956488720601));
#6711=CARTESIAN_POINT('',(-564.987582219358,25.1559592194284,597.742329161094));
#6712=CARTESIAN_POINT('',(-564.987582219358,639.793345637895,-63.7615603640158));
#6713=CARTESIAN_POINT('',(40.1724177806417,39.4160540044284,-12.309564887206));
#6714=CARTESIAN_POINT('',(40.1724177806417,37.3160540044284,-12.309564887206));
#6715=CARTESIAN_POINT('',(40.1724177806417,37.3160540044284,-10.209564887206));
#6716=CARTESIAN_POINT('',(40.1724177806417,37.3160540044284,-8.10956488720601));
#6717=CARTESIAN_POINT('',(40.1724177806417,39.4160540044284,-8.10956488720601));
#6718=CARTESIAN_POINT('',(40.1724177806417,41.5160540044284,-8.10956488720601));
#6719=CARTESIAN_POINT('',(40.1724177806417,41.5160540044284,-10.209564887206));
#6720=CARTESIAN_POINT('',(40.1724177806417,41.5160540044284,-12.309564887206));
#6721=CARTESIAN_POINT('',(40.1724177806417,39.4160540044284,-12.309564887206));
#6722=CARTESIAN_POINT('',(35.0124177806417,39.4160540044284,-12.309564887206));
#6723=CARTESIAN_POINT('',(35.0124177806417,37.3160540044284,-12.309564887206));
#6724=CARTESIAN_POINT('',(35.0124177806417,37.3160540044284,-10.209564887206));
#6725=CARTESIAN_POINT('',(35.0124177806417,37.3160540044284,-8.10956488720601));
#6726=CARTESIAN_POINT('',(35.0124177806417,39.4160540044284,-8.10956488720601));
#6727=CARTESIAN_POINT('',(35.0124177806417,41.5160540044284,-8.10956488720601));
#6728=CARTESIAN_POINT('',(35.0124177806417,41.5160540044284,-10.209564887206));
#6729=CARTESIAN_POINT('',(35.0124177806417,41.5160540044284,-12.309564887206));
#6730=CARTESIAN_POINT('',(35.0124177806417,39.4160540044284,-12.309564887206));
#6731=CARTESIAN_POINT('',(-564.987582219358,639.793345637895,43.3424305896038));
#6732=CARTESIAN_POINT('',(-564.987582219358,25.1559592194284,587.861269644094));
#6733=CARTESIAN_POINT('',(40.1724177806417,23.0559592194284,-14.559564887206));
#6734=CARTESIAN_POINT('',(40.1724177806417,25.1559592194284,-14.559564887206));
#6735=CARTESIAN_POINT('',(40.1724177806417,25.1559592194284,-16.659564887206));
#6736=CARTESIAN_POINT('',(40.1724177806417,25.1559592194284,-18.759564887206));
#6737=CARTESIAN_POINT('',(40.1724177806417,23.0559592194284,-18.759564887206));
#6738=CARTESIAN_POINT('',(40.1724177806417,20.9559592194284,-18.759564887206));
#6739=CARTESIAN_POINT('',(40.1724177806417,20.9559592194284,-16.659564887206));
#6740=CARTESIAN_POINT('',(40.1724177806417,20.9559592194284,-14.559564887206));
#6741=CARTESIAN_POINT('',(40.1724177806417,23.0559592194284,-14.559564887206));
#6742=CARTESIAN_POINT('',(35.0124177806417,23.0559592194284,-14.559564887206));
#6743=CARTESIAN_POINT('',(35.0124177806417,25.1559592194284,-14.559564887206));
#6744=CARTESIAN_POINT('',(35.0124177806417,25.1559592194284,-16.659564887206));
#6745=CARTESIAN_POINT('',(35.0124177806417,25.1559592194284,-18.759564887206));
#6746=CARTESIAN_POINT('',(35.0124177806417,23.0559592194284,-18.759564887206));
#6747=CARTESIAN_POINT('',(35.0124177806417,20.9559592194284,-18.759564887206));
#6748=CARTESIAN_POINT('',(35.0124177806417,20.9559592194284,-16.659564887206));
#6749=CARTESIAN_POINT('',(35.0124177806417,20.9559592194284,-14.559564887206));
#6750=CARTESIAN_POINT('',(35.0124177806417,23.0559592194284,-14.559564887206));
#6751=CARTESIAN_POINT('',(-564.987582219358,20.9559592194284,-618.194564887206));
#6752=CARTESIAN_POINT('',(-564.987582219358,-591.898462157398,38.6830325704393));
#6753=CARTESIAN_POINT('',(55.3828177806417,23.0660540044284,-12.509564887206));
#6754=CARTESIAN_POINT('',(55.3828177806417,20.7660540044284,-12.509564887206));
#6755=CARTESIAN_POINT('',(55.3828177806417,20.7660540044284,-10.209564887206));
#6756=CARTESIAN_POINT('',(55.3828177806417,20.7660540044284,-7.90956488720601));
#6757=CARTESIAN_POINT('',(55.3828177806417,23.0660540044284,-7.90956488720601));
#6758=CARTESIAN_POINT('',(37.6660177806416,23.0660540044284,-12.509564887206));
#6759=CARTESIAN_POINT('',(37.6660177806416,20.7660540044284,-12.509564887206));
#6760=CARTESIAN_POINT('',(37.6660177806416,20.7660540044284,-10.209564887206));
#6761=CARTESIAN_POINT('',(37.6660177806416,20.7660540044284,-7.90956488720601));
#6762=CARTESIAN_POINT('',(37.6660177806416,23.0660540044284,-7.90956488720601));
#6763=CARTESIAN_POINT('',(37.5242099867774,23.0660540044284,10.040435112794));
#6764=CARTESIAN_POINT('',(43.3606255745059,23.0660540044284,10.040435112794));
#6765=CARTESIAN_POINT('',(37.5242099867774,2.8160540044284,10.040435112794));
#6766=CARTESIAN_POINT('',(43.3606255745059,2.8160540044284,10.040435112794));
#6767=CARTESIAN_POINT('',(37.5242099867774,2.8160540044284,-10.209564887206));
#6768=CARTESIAN_POINT('',(43.3606255745059,2.8160540044284,-10.209564887206));
#6769=CARTESIAN_POINT('',(37.5242099867774,2.8160540044284,-30.459564887206));
#6770=CARTESIAN_POINT('',(43.3606255745059,2.8160540044284,-30.459564887206));
#6771=CARTESIAN_POINT('',(37.5242099867774,23.0660540044284,-30.459564887206));
#6772=CARTESIAN_POINT('',(43.3606255745059,23.0660540044284,-30.459564887206));
#6773=CARTESIAN_POINT('',(59.2605779524215,23.0660540044284,-10.209564887206));
#6774=CARTESIAN_POINT('',(33.9317971815504,23.0660540044284,-35.538345658077));
#6775=CARTESIAN_POINT('',(59.2605779524215,23.0660540044284,-10.209564887206));
#6776=CARTESIAN_POINT('',(33.9317971815504,-2.26272676644263,-35.538345658077));
#6777=CARTESIAN_POINT('',(59.2605779524215,23.0660540044284,-10.209564887206));
#6778=CARTESIAN_POINT('',(33.9317971815504,-2.26272676644264,-10.209564887206));
#6779=CARTESIAN_POINT('',(59.2605779524215,23.0660540044284,-10.209564887206));
#6780=CARTESIAN_POINT('',(33.9317971815504,-2.26272676644264,15.119215883665));
#6781=CARTESIAN_POINT('',(59.2605779524215,23.0660540044284,-10.209564887206));
#6782=CARTESIAN_POINT('',(33.9317971815504,23.0660540044284,15.119215883665));
#6783=CARTESIAN_POINT('',(-15.6037744235045,23.0660540044284,-10.209564887206));
#6784=CARTESIAN_POINT('',(43.818232419143,23.0660540044284,14.41652847207));
#6785=CARTESIAN_POINT('',(-15.6037744235045,23.0660540044284,-10.209564887206));
#6786=CARTESIAN_POINT('',(43.818232419143,-1.56003935484764,14.41652847207));
#6787=CARTESIAN_POINT('',(-15.6037744235045,23.0660540044284,-10.209564887206));
#6788=CARTESIAN_POINT('',(43.818232419143,-1.56003935484765,-10.209564887206));
#6789=CARTESIAN_POINT('',(-15.6037744235045,23.0660540044284,-10.209564887206));
#6790=CARTESIAN_POINT('',(43.818232419143,-1.56003935484765,-34.835658246482));
#6791=CARTESIAN_POINT('',(-15.6037744235045,23.0660540044284,-10.209564887206));
#6792=CARTESIAN_POINT('',(43.818232419143,23.0660540044284,-34.8356582464821));
#6793=CARTESIAN_POINT('',(21.6242576088618,23.0660540044284,-10.209564887206));
#6794=CARTESIAN_POINT('',(47.1005486237219,23.0660540044284,15.2667261276541));
#6795=CARTESIAN_POINT('',(21.6242576088618,23.0660540044284,-10.209564887206));
#6796=CARTESIAN_POINT('',(47.1005486237219,-2.41023701043166,15.2667261276541));
#6797=CARTESIAN_POINT('',(21.6242576088618,23.0660540044284,-10.209564887206));
#6798=CARTESIAN_POINT('',(47.1005486237219,-2.41023701043166,-10.209564887206));
#6799=CARTESIAN_POINT('',(21.6242576088618,23.0660540044284,-10.209564887206));
#6800=CARTESIAN_POINT('',(47.1005486237219,-2.41023701043166,-35.6858559020661));
#6801=CARTESIAN_POINT('',(21.6242576088618,23.0660540044284,-10.209564887206));
#6802=CARTESIAN_POINT('',(47.1005486237219,23.0660540044284,-35.6858559020661));
#6803=CARTESIAN_POINT('',(36.4424177806417,650.149280566092,616.873661674457));
#6804=CARTESIAN_POINT('',(40.1424177806417,625.526054004428,-610.513075431463));
#6805=CARTESIAN_POINT('',(40.1424177806417,625.526054004428,-614.148180874034));
#6806=CARTESIAN_POINT('',(47.0372982510142,23.0660540044284,-32.2789203552606));
#6807=CARTESIAN_POINT('',(42.2987326065439,23.0660540044284,-32.2789203552606));
#6808=CARTESIAN_POINT('',(47.0372982510142,0.996698536373802,-32.2789203552606));
#6809=CARTESIAN_POINT('',(42.2987326065439,0.996698536373802,-32.2789203552606));
#6810=CARTESIAN_POINT('',(47.0372982510142,0.996698536373799,-10.209564887206));
#6811=CARTESIAN_POINT('',(42.2987326065439,0.996698536373799,-10.209564887206));
#6812=CARTESIAN_POINT('',(47.0372982510142,0.996698536373799,11.8597905808486));
#6813=CARTESIAN_POINT('',(42.2987326065439,0.996698536373799,11.8597905808486));
#6814=CARTESIAN_POINT('',(47.0372982510142,23.0660540044284,11.8597905808486));
#6815=CARTESIAN_POINT('',(42.2987326065439,23.0660540044284,11.8597905808486));
#6816=CARTESIAN_POINT('',(67.7117732486963,23.0660540044284,-10.209564887206));
#6817=CARTESIAN_POINT('',(42.2354822338362,23.0660540044284,-35.6858559020661));
#6818=CARTESIAN_POINT('',(67.7117732486963,23.0660540044284,-10.209564887206));
#6819=CARTESIAN_POINT('',(42.2354822338362,-2.41023701043165,-35.6858559020661));
#6820=CARTESIAN_POINT('',(67.7117732486963,23.0660540044284,-10.209564887206));
#6821=CARTESIAN_POINT('',(42.2354822338362,-2.41023701043166,-10.209564887206));
#6822=CARTESIAN_POINT('',(67.7117732486963,23.0660540044284,-10.209564887206));
#6823=CARTESIAN_POINT('',(42.2354822338362,-2.41023701043166,15.266726127654));
#6824=CARTESIAN_POINT('',(67.7117732486963,23.0660540044284,-10.209564887206));
#6825=CARTESIAN_POINT('',(42.2354822338362,23.0660540044284,15.266726127654));
#6826=CARTESIAN_POINT('',(51.7973280246307,23.0660540044284,-30.4789203552606));
#6827=CARTESIAN_POINT('',(45.9556077584608,23.0660540044284,-30.4789203552606));
#6828=CARTESIAN_POINT('',(51.7973280246307,2.7966985363738,-30.4789203552606));
#6829=CARTESIAN_POINT('',(45.9556077584608,2.7966985363738,-30.4789203552606));
#6830=CARTESIAN_POINT('',(51.7973280246307,2.7966985363738,-10.209564887206));
#6831=CARTESIAN_POINT('',(45.9556077584608,2.7966985363738,-10.209564887206));
#6832=CARTESIAN_POINT('',(51.7973280246307,2.7966985363738,10.0597905808486));
#6833=CARTESIAN_POINT('',(45.9556077584608,2.7966985363738,10.0597905808486));
#6834=CARTESIAN_POINT('',(51.7973280246307,23.0660540044284,10.0597905808486));
#6835=CARTESIAN_POINT('',(45.9556077584608,23.0660540044284,10.0597905808486));
#6836=CARTESIAN_POINT('',(54.1994177806416,23.0660540044284,-32.1448201334524));
#6837=CARTESIAN_POINT('',(50.6834177806416,23.0660540044284,-32.1448201334524));
#6838=CARTESIAN_POINT('',(54.1994177806416,1.130798758182,-32.1448201334524));
#6839=CARTESIAN_POINT('',(50.6834177806416,1.130798758182,-32.1448201334524));
#6840=CARTESIAN_POINT('',(54.1994177806416,1.13079875818199,-10.209564887206));
#6841=CARTESIAN_POINT('',(50.6834177806416,1.13079875818199,-10.209564887206));
#6842=CARTESIAN_POINT('',(54.1994177806416,1.13079875818199,11.7256903590404));
#6843=CARTESIAN_POINT('',(50.6834177806416,1.13079875818199,11.7256903590404));
#6844=CARTESIAN_POINT('',(54.1994177806416,23.0660540044284,11.7256903590404));
#6845=CARTESIAN_POINT('',(50.6834177806416,23.0660540044284,11.7256903590404));
#6846=CARTESIAN_POINT('',(30.0411625343952,23.0660540044284,-10.209564887206));
#6847=CARTESIAN_POINT('',(55.3699433052663,23.0660540044284,15.119215883665));
#6848=CARTESIAN_POINT('',(30.0411625343952,23.0660540044284,-10.209564887206));
#6849=CARTESIAN_POINT('',(55.3699433052663,-2.26272676644263,15.119215883665));
#6850=CARTESIAN_POINT('',(30.0411625343952,23.0660540044284,-10.209564887206));
#6851=CARTESIAN_POINT('',(55.3699433052663,-2.26272676644264,-10.209564887206));
#6852=CARTESIAN_POINT('',(30.0411625343952,23.0660540044284,-10.209564887206));
#6853=CARTESIAN_POINT('',(55.3699433052663,-2.26272676644264,-35.538345658077));
#6854=CARTESIAN_POINT('',(30.0411625343952,23.0660540044284,-10.209564887206));
#6855=CARTESIAN_POINT('',(55.3699433052663,23.0660540044284,-35.538345658077));
#6856=CARTESIAN_POINT('',(38.8760177806417,23.0660540044284,8.79043511279399));
#6857=CARTESIAN_POINT('',(38.8760177806417,4.0660540044284,8.79043511279399));
#6858=CARTESIAN_POINT('',(38.8760177806417,4.0660540044284,-10.209564887206));
#6859=CARTESIAN_POINT('',(38.8760177806417,4.0660540044284,-29.209564887206));
#6860=CARTESIAN_POINT('',(38.8760177806417,23.0660540044284,-29.209564887206));
#6861=CARTESIAN_POINT('',(55.2728177806417,23.0660540044284,8.79043511279399));
#6862=CARTESIAN_POINT('',(55.2728177806417,4.0660540044284,8.79043511279399));
#6863=CARTESIAN_POINT('',(55.2728177806417,4.0660540044284,-10.209564887206));
#6864=CARTESIAN_POINT('',(55.2728177806417,4.0660540044284,-29.209564887206));
#6865=CARTESIAN_POINT('',(55.2728177806417,23.0660540044284,-29.209564887206));
#6866=CARTESIAN_POINT('',(57.7289709018838,23.0660540044284,-10.209564887206));
#6867=CARTESIAN_POINT('',(57.7289709018838,23.0660540044284,-10.209564887206));
#6868=CARTESIAN_POINT('',(57.7289709018838,23.0660540044284,-10.209564887206));
#6869=CARTESIAN_POINT('',(57.7289709018838,23.0660540044284,-10.209564887206));
#6870=CARTESIAN_POINT('',(57.7289709018838,23.0660540044284,-10.209564887206));
#6871=CARTESIAN_POINT('',(41.2707068272607,23.0660540044284,0.396624414363876));
#6872=CARTESIAN_POINT('',(41.2707068272607,12.4598647028585,0.396624414363876));
#6873=CARTESIAN_POINT('',(41.2707068272607,12.4598647028585,-10.209564887206));
#6874=CARTESIAN_POINT('',(41.2707068272607,12.4598647028585,-20.8157541887759));
#6875=CARTESIAN_POINT('',(41.2707068272607,23.0660540044284,-20.8157541887759));
#6876=CARTESIAN_POINT('',(46.7986988236624,23.0660540044284,19.1797820918813));
#6877=CARTESIAN_POINT('',(46.7986988236624,-6.32329297465894,19.1797820918813));
#6878=CARTESIAN_POINT('',(46.7986988236624,-6.32329297465894,-10.209564887206));
#6879=CARTESIAN_POINT('',(46.7986988236624,-6.32329297465894,-39.5989118662933));
#6880=CARTESIAN_POINT('',(46.7986988236624,23.0660540044284,-39.5989118662933));
#6881=CARTESIAN_POINT('',(52.3266908200642,23.0660540044284,37.9629397693988));
#6882=CARTESIAN_POINT('',(52.3266908200642,-25.1064506521764,37.9629397693988));
#6883=CARTESIAN_POINT('',(52.3266908200642,-25.1064506521764,-10.209564887206));
#6884=CARTESIAN_POINT('',(52.3266908200642,-25.1064506521764,-58.3820695438108));
#6885=CARTESIAN_POINT('',(52.3266908200642,23.0660540044284,-58.3820695438108));
#6886=CARTESIAN_POINT('',(71.9064177806416,23.0660540044284,37.9629397693988));
#6887=CARTESIAN_POINT('',(71.9064177806416,-25.1064506521764,37.9629397693988));
#6888=CARTESIAN_POINT('',(71.9064177806416,-25.1064506521764,-10.209564887206));
#6889=CARTESIAN_POINT('',(71.9064177806416,-25.1064506521764,-58.3820695438108));
#6890=CARTESIAN_POINT('',(71.9064177806416,23.0660540044284,-58.3820695438108));
#6891=CARTESIAN_POINT('',(91.4861447412191,23.0660540044284,37.9629397693988));
#6892=CARTESIAN_POINT('',(91.4861447412191,-25.1064506521764,37.9629397693988));
#6893=CARTESIAN_POINT('',(91.4861447412191,-25.1064506521764,-10.209564887206));
#6894=CARTESIAN_POINT('',(91.4861447412191,-25.1064506521764,-58.3820695438108));
#6895=CARTESIAN_POINT('',(91.4861447412191,23.0660540044284,-58.3820695438108));
#6896=CARTESIAN_POINT('',(97.0141367376208,23.0660540044284,19.1797820918813));
#6897=CARTESIAN_POINT('',(97.0141367376208,-6.32329297465894,19.1797820918813));
#6898=CARTESIAN_POINT('',(97.0141367376208,-6.32329297465894,-10.209564887206));
#6899=CARTESIAN_POINT('',(97.0141367376208,-6.32329297465894,-39.5989118662933));
#6900=CARTESIAN_POINT('',(97.0141367376208,23.0660540044284,-39.5989118662933));
#6901=CARTESIAN_POINT('',(102.542128734023,23.0660540044284,0.396624414363876));
#6902=CARTESIAN_POINT('',(102.542128734023,12.4598647028585,0.396624414363876));
#6903=CARTESIAN_POINT('',(102.542128734023,12.4598647028585,-10.209564887206));
#6904=CARTESIAN_POINT('',(102.542128734023,12.4598647028585,-20.8157541887759));
#6905=CARTESIAN_POINT('',(102.542128734023,23.0660540044284,-20.8157541887759));
#6906=CARTESIAN_POINT('',(86.0838646593995,23.0660540044284,-10.209564887206));
#6907=CARTESIAN_POINT('',(86.0838646593995,23.0660540044284,-10.209564887206));
#6908=CARTESIAN_POINT('',(86.0838646593995,23.0660540044284,-10.209564887206));
#6909=CARTESIAN_POINT('',(86.0838646593995,23.0660540044284,-10.209564887206));
#6910=CARTESIAN_POINT('',(86.0838646593995,23.0660540044284,-10.209564887206));
#6911=CARTESIAN_POINT('',(-560.78141827079,-191.525579411698,-564.239882474337));
#6912=CARTESIAN_POINT('',(-560.78141827079,-197.362452781018,569.026327686342));
#6913=CARTESIAN_POINT('',(41.2424177806417,629.984067496383,-605.084984799725));
#6914=CARTESIAN_POINT('',(39.5525387681703,19.8432058293005,8.49284100446329));
#6915=CARTESIAN_POINT('',(39.5525387681703,18.4432058293005,8.49284100446329));
#6916=CARTESIAN_POINT('',(39.5525387681703,18.4432058293005,7.09284100446329));
#6917=CARTESIAN_POINT('',(39.5525387681703,18.4432058293005,5.69284100446329));
#6918=CARTESIAN_POINT('',(39.5525387681703,19.8432058293005,5.69284100446329));
#6919=CARTESIAN_POINT('',(39.5525387681703,21.2432058293005,5.69284100446329));
#6920=CARTESIAN_POINT('',(39.5525387681703,21.2432058293005,7.09284100446329));
#6921=CARTESIAN_POINT('',(39.5525387681703,21.2432058293005,8.49284100446329));
#6922=CARTESIAN_POINT('',(39.5525387681703,19.8432058293005,8.49284100446329));
#6923=CARTESIAN_POINT('',(47.8310869178263,19.8432058293005,8.49284100446329));
#6924=CARTESIAN_POINT('',(47.8310869178263,18.4432058293005,8.49284100446329));
#6925=CARTESIAN_POINT('',(47.8310869178263,18.4432058293005,7.09284100446329));
#6926=CARTESIAN_POINT('',(47.8310869178263,18.4432058293005,5.69284100446329));
#6927=CARTESIAN_POINT('',(47.8310869178263,19.8432058293005,5.69284100446329));
#6928=CARTESIAN_POINT('',(47.8310869178263,21.2432058293005,5.69284100446329));
#6929=CARTESIAN_POINT('',(47.8310869178263,21.2432058293005,7.09284100446329));
#6930=CARTESIAN_POINT('',(47.8310869178263,21.2432058293005,8.49284100446329));
#6931=CARTESIAN_POINT('',(47.8310869178263,19.8432058293005,8.49284100446329));
#6932=CARTESIAN_POINT('',(39.5525387681703,26.2889021795562,8.49284100446329));
#6933=CARTESIAN_POINT('',(39.5525387681703,24.8889021795563,8.49284100446329));
#6934=CARTESIAN_POINT('',(39.5525387681703,24.8889021795563,7.09284100446329));
#6935=CARTESIAN_POINT('',(39.5525387681703,24.8889021795563,5.69284100446329));
#6936=CARTESIAN_POINT('',(39.5525387681703,26.2889021795562,5.69284100446329));
#6937=CARTESIAN_POINT('',(39.5525387681703,27.6889021795562,5.69284100446329));
#6938=CARTESIAN_POINT('',(39.5525387681703,27.6889021795562,7.09284100446329));
#6939=CARTESIAN_POINT('',(39.5525387681703,27.6889021795562,8.49284100446329));
#6940=CARTESIAN_POINT('',(39.5525387681703,26.2889021795562,8.49284100446329));
#6941=CARTESIAN_POINT('',(47.8310869178263,26.2889021795562,8.49284100446329));
#6942=CARTESIAN_POINT('',(47.8310869178263,24.8889021795563,8.49284100446329));
#6943=CARTESIAN_POINT('',(47.8310869178263,24.8889021795563,7.09284100446329));
#6944=CARTESIAN_POINT('',(47.8310869178263,24.8889021795563,5.69284100446329));
#6945=CARTESIAN_POINT('',(47.8310869178263,26.2889021795562,5.69284100446329));
#6946=CARTESIAN_POINT('',(47.8310869178263,27.6889021795562,5.69284100446329));
#6947=CARTESIAN_POINT('',(47.8310869178263,27.6889021795562,7.09284100446329));
#6948=CARTESIAN_POINT('',(47.8310869178263,27.6889021795562,8.49284100446329));
#6949=CARTESIAN_POINT('',(47.8310869178263,26.2889021795562,8.49284100446329));
#6950=CARTESIAN_POINT('',(39.1467982198763,23.0660540044284,0.0970344662694504));
#6951=CARTESIAN_POINT('',(39.1467982198763,21.6660540044284,0.0970344662694504));
#6952=CARTESIAN_POINT('',(39.1467982198763,21.6660540044284,-1.30296553373055));
#6953=CARTESIAN_POINT('',(39.1467982198763,21.6660540044284,-2.70296553373055));
#6954=CARTESIAN_POINT('',(39.1467982198763,23.0660540044284,-2.70296553373055));
#6955=CARTESIAN_POINT('',(39.1467982198763,24.4660540044284,-2.70296553373055));
#6956=CARTESIAN_POINT('',(39.1467982198763,24.4660540044284,-1.30296553373055));
#6957=CARTESIAN_POINT('',(39.1467982198763,24.4660540044284,0.09703446626945));
#6958=CARTESIAN_POINT('',(39.1467982198763,23.0660540044284,0.0970344662694504));
#6959=CARTESIAN_POINT('',(52.294232949061,23.0660540044284,0.0970344662694504));
#6960=CARTESIAN_POINT('',(52.294232949061,21.6660540044284,0.0970344662694504));
#6961=CARTESIAN_POINT('',(52.294232949061,21.6660540044284,-1.30296553373055));
#6962=CARTESIAN_POINT('',(52.294232949061,21.6660540044284,-2.70296553373055));
#6963=CARTESIAN_POINT('',(52.294232949061,23.0660540044284,-2.70296553373055));
#6964=CARTESIAN_POINT('',(52.294232949061,24.4660540044284,-2.70296553373055));
#6965=CARTESIAN_POINT('',(52.294232949061,24.4660540044284,-1.30296553373055));
#6966=CARTESIAN_POINT('',(52.294232949061,24.4660540044284,0.09703446626945));
#6967=CARTESIAN_POINT('',(52.294232949061,23.0660540044284,0.0970344662694504));
#6968=CARTESIAN_POINT('',(55.3828177806417,23.0660540044284,-7.90956488720601));
#6969=CARTESIAN_POINT('',(55.3828177806417,25.3660540044284,-7.90956488720601));
#6970=CARTESIAN_POINT('',(55.3828177806417,25.3660540044284,-10.209564887206));
#6971=CARTESIAN_POINT('',(55.3828177806417,25.3660540044284,-12.509564887206));
#6972=CARTESIAN_POINT('',(55.3828177806417,23.0660540044284,-12.509564887206));
#6973=CARTESIAN_POINT('',(37.6660177806416,23.0660540044284,-7.90956488720601));
#6974=CARTESIAN_POINT('',(37.6660177806416,25.3660540044284,-7.90956488720601));
#6975=CARTESIAN_POINT('',(37.6660177806416,25.3660540044284,-10.209564887206));
#6976=CARTESIAN_POINT('',(37.6660177806416,25.3660540044284,-12.509564887206));
#6977=CARTESIAN_POINT('',(37.6660177806416,23.0660540044284,-12.509564887206));
#6978=CARTESIAN_POINT('',(37.5242099867774,23.0660540044284,-30.459564887206));
#6979=CARTESIAN_POINT('',(43.3606255745059,23.0660540044284,-30.459564887206));
#6980=CARTESIAN_POINT('',(37.5242099867774,43.3160540044284,-30.459564887206));
#6981=CARTESIAN_POINT('',(43.3606255745059,43.3160540044284,-30.459564887206));
#6982=CARTESIAN_POINT('',(37.5242099867774,43.3160540044284,-10.209564887206));
#6983=CARTESIAN_POINT('',(43.3606255745059,43.3160540044284,-10.209564887206));
#6984=CARTESIAN_POINT('',(37.5242099867774,43.3160540044284,10.040435112794));
#6985=CARTESIAN_POINT('',(43.3606255745059,43.3160540044284,10.040435112794));
#6986=CARTESIAN_POINT('',(37.5242099867774,23.0660540044284,10.040435112794));
#6987=CARTESIAN_POINT('',(43.3606255745059,23.0660540044284,10.040435112794));
#6988=CARTESIAN_POINT('',(59.2605779524215,23.0660540044284,-10.209564887206));
#6989=CARTESIAN_POINT('',(33.9317971815504,23.0660540044284,15.119215883665));
#6990=CARTESIAN_POINT('',(59.2605779524215,23.0660540044284,-10.209564887206));
#6991=CARTESIAN_POINT('',(33.9317971815504,48.3948347752994,15.119215883665));
#6992=CARTESIAN_POINT('',(59.2605779524215,23.0660540044284,-10.209564887206));
#6993=CARTESIAN_POINT('',(33.9317971815504,48.3948347752994,-10.209564887206));
#6994=CARTESIAN_POINT('',(59.2605779524215,23.0660540044284,-10.209564887206));
#6995=CARTESIAN_POINT('',(33.9317971815504,48.3948347752994,-35.538345658077));
#6996=CARTESIAN_POINT('',(59.2605779524215,23.0660540044284,-10.209564887206));
#6997=CARTESIAN_POINT('',(33.9317971815504,23.0660540044284,-35.538345658077));
#6998=CARTESIAN_POINT('',(-15.6037744235045,23.0660540044284,-10.209564887206));
#6999=CARTESIAN_POINT('',(43.818232419143,23.0660540044284,-34.8356582464821));
#7000=CARTESIAN_POINT('',(-15.6037744235045,23.0660540044284,-10.209564887206));
#7001=CARTESIAN_POINT('',(43.818232419143,47.6921473637044,-34.8356582464821));
#7002=CARTESIAN_POINT('',(-15.6037744235045,23.0660540044284,-10.209564887206));
#7003=CARTESIAN_POINT('',(43.818232419143,47.6921473637044,-10.209564887206));
#7004=CARTESIAN_POINT('',(-15.6037744235045,23.0660540044284,-10.209564887206));
#7005=CARTESIAN_POINT('',(43.818232419143,47.6921473637044,14.41652847207));
#7006=CARTESIAN_POINT('',(-15.6037744235045,23.0660540044284,-10.209564887206));
#7007=CARTESIAN_POINT('',(43.818232419143,23.0660540044284,14.41652847207));
#7008=CARTESIAN_POINT('',(21.6242576088618,23.0660540044284,-10.209564887206));
#7009=CARTESIAN_POINT('',(47.1005486237219,23.0660540044284,-35.6858559020661));
#7010=CARTESIAN_POINT('',(21.6242576088618,23.0660540044284,-10.209564887206));
#7011=CARTESIAN_POINT('',(47.1005486237219,48.5423450192885,-35.6858559020661));
#7012=CARTESIAN_POINT('',(21.6242576088618,23.0660540044284,-10.209564887206));
#7013=CARTESIAN_POINT('',(47.1005486237219,48.5423450192885,-10.209564887206));
#7014=CARTESIAN_POINT('',(21.6242576088618,23.0660540044284,-10.209564887206));
#7015=CARTESIAN_POINT('',(47.1005486237219,48.5423450192885,15.266726127654));
#7016=CARTESIAN_POINT('',(21.6242576088618,23.0660540044284,-10.209564887206));
#7017=CARTESIAN_POINT('',(47.1005486237219,23.0660540044284,15.2667261276541));
#7018=CARTESIAN_POINT('',(47.0372982510142,23.0660540044284,11.8597905808486));
#7019=CARTESIAN_POINT('',(42.2987326065439,23.0660540044284,11.8597905808486));
#7020=CARTESIAN_POINT('',(47.0372982510142,45.135409472483,11.8597905808486));
#7021=CARTESIAN_POINT('',(42.2987326065439,45.135409472483,11.8597905808486));
#7022=CARTESIAN_POINT('',(47.0372982510142,45.135409472483,-10.209564887206));
#7023=CARTESIAN_POINT('',(42.2987326065439,45.135409472483,-10.209564887206));
#7024=CARTESIAN_POINT('',(47.0372982510142,45.135409472483,-32.2789203552606));
#7025=CARTESIAN_POINT('',(42.2987326065439,45.135409472483,-32.2789203552606));
#7026=CARTESIAN_POINT('',(47.0372982510142,23.0660540044284,-32.2789203552606));
#7027=CARTESIAN_POINT('',(42.2987326065439,23.0660540044284,-32.2789203552606));
#7028=CARTESIAN_POINT('',(67.7117732486963,23.0660540044284,-10.209564887206));
#7029=CARTESIAN_POINT('',(42.2354822338362,23.0660540044284,15.266726127654));
#7030=CARTESIAN_POINT('',(67.7117732486963,23.0660540044284,-10.209564887206));
#7031=CARTESIAN_POINT('',(42.2354822338362,48.5423450192884,15.266726127654));
#7032=CARTESIAN_POINT('',(67.7117732486963,23.0660540044284,-10.209564887206));
#7033=CARTESIAN_POINT('',(42.2354822338362,48.5423450192885,-10.209564887206));
#7034=CARTESIAN_POINT('',(67.7117732486963,23.0660540044284,-10.209564887206));
#7035=CARTESIAN_POINT('',(42.2354822338362,48.5423450192885,-35.6858559020661));
#7036=CARTESIAN_POINT('',(67.7117732486963,23.0660540044284,-10.209564887206));
#7037=CARTESIAN_POINT('',(42.2354822338362,23.0660540044284,-35.6858559020661));
#7038=CARTESIAN_POINT('',(51.7973280246307,23.0660540044284,10.0597905808486));
#7039=CARTESIAN_POINT('',(45.9556077584608,23.0660540044284,10.0597905808486));
#7040=CARTESIAN_POINT('',(51.7973280246307,43.335409472483,10.0597905808486));
#7041=CARTESIAN_POINT('',(45.9556077584608,43.335409472483,10.0597905808486));
#7042=CARTESIAN_POINT('',(51.7973280246307,43.335409472483,-10.209564887206));
#7043=CARTESIAN_POINT('',(45.9556077584608,43.335409472483,-10.209564887206));
#7044=CARTESIAN_POINT('',(51.7973280246307,43.335409472483,-30.4789203552606));
#7045=CARTESIAN_POINT('',(45.9556077584608,43.335409472483,-30.4789203552606));
#7046=CARTESIAN_POINT('',(51.7973280246307,23.0660540044284,-30.4789203552606));
#7047=CARTESIAN_POINT('',(45.9556077584608,23.0660540044284,-30.4789203552606));
#7048=CARTESIAN_POINT('',(54.1994177806416,23.0660540044284,11.7256903590404));
#7049=CARTESIAN_POINT('',(50.6834177806416,23.0660540044284,11.7256903590404));
#7050=CARTESIAN_POINT('',(54.1994177806416,45.0013092506748,11.7256903590404));
#7051=CARTESIAN_POINT('',(50.6834177806416,45.0013092506748,11.7256903590404));
#7052=CARTESIAN_POINT('',(54.1994177806416,45.0013092506748,-10.209564887206));
#7053=CARTESIAN_POINT('',(50.6834177806416,45.0013092506748,-10.209564887206));
#7054=CARTESIAN_POINT('',(54.1994177806416,45.0013092506748,-32.1448201334524));
#7055=CARTESIAN_POINT('',(50.6834177806416,45.0013092506748,-32.1448201334524));
#7056=CARTESIAN_POINT('',(54.1994177806416,23.0660540044284,-32.1448201334524));
#7057=CARTESIAN_POINT('',(50.6834177806416,23.0660540044284,-32.1448201334524));
#7058=CARTESIAN_POINT('',(30.0411625343952,23.0660540044284,-10.209564887206));
#7059=CARTESIAN_POINT('',(55.3699433052663,23.0660540044284,-35.538345658077));
#7060=CARTESIAN_POINT('',(30.0411625343952,23.0660540044284,-10.209564887206));
#7061=CARTESIAN_POINT('',(55.3699433052663,48.3948347752994,-35.538345658077));
#7062=CARTESIAN_POINT('',(30.0411625343952,23.0660540044284,-10.209564887206));
#7063=CARTESIAN_POINT('',(55.3699433052663,48.3948347752994,-10.209564887206));
#7064=CARTESIAN_POINT('',(30.0411625343952,23.0660540044284,-10.209564887206));
#7065=CARTESIAN_POINT('',(55.3699433052663,48.3948347752994,15.119215883665));
#7066=CARTESIAN_POINT('',(30.0411625343952,23.0660540044284,-10.209564887206));
#7067=CARTESIAN_POINT('',(55.3699433052663,23.0660540044284,15.119215883665));
#7068=CARTESIAN_POINT('',(38.8760177806417,23.0660540044284,-29.209564887206));
#7069=CARTESIAN_POINT('',(38.8760177806417,42.0660540044284,-29.209564887206));
#7070=CARTESIAN_POINT('',(38.8760177806417,42.0660540044284,-10.209564887206));
#7071=CARTESIAN_POINT('',(38.8760177806417,42.0660540044284,8.79043511279399));
#7072=CARTESIAN_POINT('',(38.8760177806417,23.0660540044284,8.79043511279399));
#7073=CARTESIAN_POINT('',(55.2728177806417,23.0660540044284,-29.209564887206));
#7074=CARTESIAN_POINT('',(55.2728177806417,42.0660540044284,-29.209564887206));
#7075=CARTESIAN_POINT('',(55.2728177806417,42.0660540044284,-10.209564887206));
#7076=CARTESIAN_POINT('',(55.2728177806417,42.0660540044284,8.79043511279399));
#7077=CARTESIAN_POINT('',(55.2728177806417,23.0660540044284,8.79043511279399));
#7078=CARTESIAN_POINT('',(57.7289709018838,23.0660540044284,-10.209564887206));
#7079=CARTESIAN_POINT('',(57.7289709018838,23.0660540044284,-10.209564887206));
#7080=CARTESIAN_POINT('',(57.7289709018838,23.0660540044284,-10.209564887206));
#7081=CARTESIAN_POINT('',(57.7289709018838,23.0660540044284,-10.209564887206));
#7082=CARTESIAN_POINT('',(57.7289709018838,23.0660540044284,-10.209564887206));
#7083=CARTESIAN_POINT('',(41.2707068272607,23.0660540044284,-20.8157541887759));
#7084=CARTESIAN_POINT('',(41.2707068272607,33.6722433059983,-20.8157541887759));
#7085=CARTESIAN_POINT('',(41.2707068272607,33.6722433059983,-10.209564887206));
#7086=CARTESIAN_POINT('',(41.2707068272607,33.6722433059983,0.396624414363872));
#7087=CARTESIAN_POINT('',(41.2707068272607,23.0660540044284,0.396624414363874));
#7088=CARTESIAN_POINT('',(46.7986988236624,23.0660540044284,-39.5989118662933));
#7089=CARTESIAN_POINT('',(46.7986988236624,52.4554009835157,-39.5989118662933));
#7090=CARTESIAN_POINT('',(46.7986988236624,52.4554009835157,-10.209564887206));
#7091=CARTESIAN_POINT('',(46.7986988236624,52.4554009835157,19.1797820918813));
#7092=CARTESIAN_POINT('',(46.7986988236624,23.0660540044284,19.1797820918813));
#7093=CARTESIAN_POINT('',(52.3266908200642,23.0660540044284,-58.3820695438108));
#7094=CARTESIAN_POINT('',(52.3266908200642,71.2385586610332,-58.3820695438108));
#7095=CARTESIAN_POINT('',(52.3266908200642,71.2385586610332,-10.209564887206));
#7096=CARTESIAN_POINT('',(52.3266908200642,71.2385586610332,37.9629397693988));
#7097=CARTESIAN_POINT('',(52.3266908200642,23.0660540044284,37.9629397693988));
#7098=CARTESIAN_POINT('',(71.9064177806416,23.0660540044284,-58.3820695438108));
#7099=CARTESIAN_POINT('',(71.9064177806416,71.2385586610332,-58.3820695438108));
#7100=CARTESIAN_POINT('',(71.9064177806416,71.2385586610332,-10.209564887206));
#7101=CARTESIAN_POINT('',(71.9064177806416,71.2385586610332,37.9629397693988));
#7102=CARTESIAN_POINT('',(71.9064177806416,23.0660540044284,37.9629397693988));
#7103=CARTESIAN_POINT('',(91.4861447412191,23.0660540044284,-58.3820695438108));
#7104=CARTESIAN_POINT('',(91.4861447412191,71.2385586610332,-58.3820695438108));
#7105=CARTESIAN_POINT('',(91.4861447412191,71.2385586610332,-10.209564887206));
#7106=CARTESIAN_POINT('',(91.4861447412191,71.2385586610332,37.9629397693988));
#7107=CARTESIAN_POINT('',(91.4861447412191,23.0660540044284,37.9629397693988));
#7108=CARTESIAN_POINT('',(97.0141367376208,23.0660540044284,-39.5989118662933));
#7109=CARTESIAN_POINT('',(97.0141367376208,52.4554009835157,-39.5989118662933));
#7110=CARTESIAN_POINT('',(97.0141367376208,52.4554009835157,-10.209564887206));
#7111=CARTESIAN_POINT('',(97.0141367376208,52.4554009835157,19.1797820918813));
#7112=CARTESIAN_POINT('',(97.0141367376208,23.0660540044284,19.1797820918813));
#7113=CARTESIAN_POINT('',(102.542128734023,23.0660540044284,-20.8157541887759));
#7114=CARTESIAN_POINT('',(102.542128734023,33.6722433059983,-20.8157541887759));
#7115=CARTESIAN_POINT('',(102.542128734023,33.6722433059983,-10.209564887206));
#7116=CARTESIAN_POINT('',(102.542128734023,33.6722433059983,0.396624414363872));
#7117=CARTESIAN_POINT('',(102.542128734023,23.0660540044284,0.396624414363874));
#7118=CARTESIAN_POINT('',(86.0838646593995,23.0660540044284,-10.209564887206));
#7119=CARTESIAN_POINT('',(86.0838646593995,23.0660540044284,-10.209564887206));
#7120=CARTESIAN_POINT('',(86.0838646593995,23.0660540044284,-10.209564887206));
#7121=CARTESIAN_POINT('',(86.0838646593995,23.0660540044284,-10.209564887206));
#7122=CARTESIAN_POINT('',(86.0838646593995,23.0660540044284,-10.209564887206));
#7123=CARTESIAN_POINT('',(49.4807782949603,29.0637164014996,-4.17811344327931));
#7124=CARTESIAN_POINT('',(49.48077829496,26.9489255956743,-2.64162798501191));
#7125=CARTESIAN_POINT('',(41.2424177806417,29.0637164014999,-4.17811344327906));
#7126=CARTESIAN_POINT('',(41.2424177806417,26.9489255956743,-2.64162798501191));
#7127=CARTESIAN_POINT('',(45.9064177806417,36.8598790708566,2.85681908223161));
#7128=CARTESIAN_POINT('',(46.141207905355,36.6059866097198,0.719894099886279));
#7129=CARTESIAN_POINT('',(41.2424177806417,36.8598790708566,2.85681908223162));
#7130=CARTESIAN_POINT('',(41.2424177806417,36.6059866097198,0.719894099886277));
#7131=CARTESIAN_POINT('',(46.141207905355,29.2765179159566,6.04506481358909));
#7132=CARTESIAN_POINT('',(45.9064177806417,31.2303972600151,6.9468770284406));
#7133=CARTESIAN_POINT('',(41.2424177806417,29.2765179159566,6.04506481358909));
#7134=CARTESIAN_POINT('',(41.2424177806417,31.2303972600151,6.9468770284406));
#7135=CARTESIAN_POINT('',(49.4807782949603,31.4634630188408,-8.85535567354956));
#7136=CARTESIAN_POINT('',(49.48077829496,30.6556848101117,-6.36926997885341));
#7137=CARTESIAN_POINT('',(41.2424177806417,31.4634630188413,-8.85535567354958));
#7138=CARTESIAN_POINT('',(41.2424177806417,30.6556848101117,-6.36926997885342));
#7139=CARTESIAN_POINT('',(45.9064177806417,41.9057206986302,-7.74644514765138));
#7140=CARTESIAN_POINT('',(46.141207905355,40.4442643929489,-9.32601952974865));
#7141=CARTESIAN_POINT('',(41.2424177806417,41.9057206986302,-7.74644514765138));
#7142=CARTESIAN_POINT('',(41.2424177806417,40.4442643929489,-9.32601952974865));
#7143=CARTESIAN_POINT('',(46.141207905355,37.6446564714096,-0.70971231908195));
#7144=CARTESIAN_POINT('',(45.9064177806417,39.7554499859381,-1.12859237472862));
#7145=CARTESIAN_POINT('',(41.2424177806417,37.6446564714097,-0.709712319081929));
#7146=CARTESIAN_POINT('',(41.2424177806417,39.7554499859381,-1.12859237472862));
#7147=CARTESIAN_POINT('',(49.4807782949603,30.6556848101113,-14.0498597955583));
#7148=CARTESIAN_POINT('',(49.48077829496,31.4634630188413,-11.5637741008625));
#7149=CARTESIAN_POINT('',(41.2424177806417,30.6556848101116,-14.0498597955586));
#7150=CARTESIAN_POINT('',(41.2424177806417,31.4634630188413,-11.5637741008624));
#7151=CARTESIAN_POINT('',(45.9064177806417,39.755449985938,-19.2905373996834));
#7152=CARTESIAN_POINT('',(46.141207905355,37.6446564714096,-19.7094174553301));
#7153=CARTESIAN_POINT('',(41.2424177806417,39.755449985938,-19.2905373996834));
#7154=CARTESIAN_POINT('',(41.2424177806417,37.6446564714096,-19.7094174553301));
#7155=CARTESIAN_POINT('',(46.141207905355,40.4442643929489,-11.0931102446634));
#7156=CARTESIAN_POINT('',(45.9064177806417,41.9057206986302,-12.6726846267607));
#7157=CARTESIAN_POINT('',(41.2424177806417,40.4442643929489,-11.0931102446634));
#7158=CARTESIAN_POINT('',(41.2424177806417,41.9057206986302,-12.6726846267606));
#7159=CARTESIAN_POINT('',(49.4807782949603,26.9489255956741,-17.7775017893996));
#7160=CARTESIAN_POINT('',(49.48077829496,29.0637164015,-16.241016331133));
#7161=CARTESIAN_POINT('',(41.2424177806417,26.9489255956742,-17.7775017894001));
#7162=CARTESIAN_POINT('',(41.2424177806417,29.0637164015,-16.241016331133));
#7163=CARTESIAN_POINT('',(45.9064177806417,31.2303972600151,-27.3660068028526));
#7164=CARTESIAN_POINT('',(46.141207905355,29.2765179159566,-26.4641945880011));
#7165=CARTESIAN_POINT('',(41.2424177806417,31.2303972600151,-27.3660068028526));
#7166=CARTESIAN_POINT('',(41.2424177806417,29.2765179159566,-26.4641945880011));
#7167=CARTESIAN_POINT('',(46.141207905355,36.6059866097198,-21.1390238742983));
#7168=CARTESIAN_POINT('',(45.9064177806417,36.8598790708566,-23.2759488566436));
#7169=CARTESIAN_POINT('',(41.2424177806417,36.6059866097198,-21.1390238742983));
#7170=CARTESIAN_POINT('',(41.2424177806417,36.8598790708566,-23.2759488566436));
#7171=CARTESIAN_POINT('',(49.4807782949603,21.7590414073325,-18.6144491113176));
#7172=CARTESIAN_POINT('',(49.48077829496,24.3730666015245,-18.6144491113181));
#7173=CARTESIAN_POINT('',(41.2424177806417,21.7590414073323,-18.614449111318));
#7174=CARTESIAN_POINT('',(41.2424177806417,24.3730666015245,-18.614449111318));
#7175=CARTESIAN_POINT('',(45.9064177806417,19.586842906279,-28.8882985202581));
#7176=CARTESIAN_POINT('',(46.141207905355,18.5361932322044,-27.010255649512));
#7177=CARTESIAN_POINT('',(41.2424177806417,19.586842906279,-28.8882985202581));
#7178=CARTESIAN_POINT('',(41.2424177806417,18.5361932322044,-27.010255649512));
#7179=CARTESIAN_POINT('',(46.141207905355,27.5959147766524,-27.010255649512));
#7180=CARTESIAN_POINT('',(45.9064177806417,26.5452651025778,-28.8882985202581));
#7181=CARTESIAN_POINT('',(41.2424177806417,27.5959147766524,-27.010255649512));
#7182=CARTESIAN_POINT('',(41.2424177806417,26.5452651025778,-28.8882985202581));
#7183=CARTESIAN_POINT('',(49.4807782949603,17.0683916073572,-16.2410163311327));
#7184=CARTESIAN_POINT('',(49.48077829496,19.1831824131825,-17.7775017894001));
#7185=CARTESIAN_POINT('',(41.2424177806417,17.0683916073568,-16.241016331133));
#7186=CARTESIAN_POINT('',(41.2424177806417,19.1831824131825,-17.7775017894001));
#7187=CARTESIAN_POINT('',(45.9064177806417,9.27222893800017,-23.2759488566436));
#7188=CARTESIAN_POINT('',(46.141207905355,9.52612139913699,-21.1390238742983));
#7189=CARTESIAN_POINT('',(41.2424177806417,9.27222893800016,-23.2759488566436));
#7190=CARTESIAN_POINT('',(41.2424177806417,9.52612139913699,-21.1390238742983));
#7191=CARTESIAN_POINT('',(46.141207905355,16.8555900929001,-26.4641945880011));
#7192=CARTESIAN_POINT('',(45.9064177806417,14.9017107488417,-27.3660068028526));
#7193=CARTESIAN_POINT('',(41.2424177806417,16.8555900929001,-26.4641945880011));
#7194=CARTESIAN_POINT('',(41.2424177806417,14.9017107488417,-27.3660068028526));
#7195=CARTESIAN_POINT('',(49.4807782949603,14.668644990016,-11.5637741008625));
#7196=CARTESIAN_POINT('',(49.48077829496,15.4764231987451,-14.0498597955586));
#7197=CARTESIAN_POINT('',(41.2424177806417,14.6686449900155,-11.5637741008624));
#7198=CARTESIAN_POINT('',(41.2424177806417,15.4764231987451,-14.0498597955586));
#7199=CARTESIAN_POINT('',(45.9064177806417,4.22638731022661,-12.6726846267606));
#7200=CARTESIAN_POINT('',(46.141207905355,5.6878436159079,-11.0931102446634));
#7201=CARTESIAN_POINT('',(41.2424177806417,4.22638731022661,-12.6726846267606));
#7202=CARTESIAN_POINT('',(41.2424177806417,5.6878436159079,-11.0931102446634));
#7203=CARTESIAN_POINT('',(46.141207905355,8.48745153744717,-19.7094174553301));
#7204=CARTESIAN_POINT('',(45.9064177806417,6.37665802291872,-19.2905373996834));
#7205=CARTESIAN_POINT('',(41.2424177806417,8.48745153744717,-19.7094174553301));
#7206=CARTESIAN_POINT('',(41.2424177806417,6.37665802291872,-19.2905373996834));
#7207=CARTESIAN_POINT('',(49.4807782949603,15.4764231987455,-6.36926997885373));
#7208=CARTESIAN_POINT('',(49.48077829496,14.6686449900155,-8.85535567354957));
#7209=CARTESIAN_POINT('',(41.2424177806417,15.4764231987452,-6.36926997885344));
#7210=CARTESIAN_POINT('',(41.2424177806417,14.6686449900155,-8.85535567354957));
#7211=CARTESIAN_POINT('',(45.9064177806417,6.37665802291879,-1.1285923747286));
#7212=CARTESIAN_POINT('',(46.141207905355,8.48745153744719,-0.709712319081936));
#7213=CARTESIAN_POINT('',(41.2424177806417,6.37665802291879,-1.1285923747286));
#7214=CARTESIAN_POINT('',(41.2424177806417,8.48745153744719,-0.709712319081937));
#7215=CARTESIAN_POINT('',(46.141207905355,5.6878436159079,-9.32601952974864));
#7216=CARTESIAN_POINT('',(45.9064177806417,4.22638731022661,-7.74644514765137));
#7217=CARTESIAN_POINT('',(41.2424177806417,5.6878436159079,-9.32601952974864));
#7218=CARTESIAN_POINT('',(41.2424177806417,4.22638731022661,-7.74644514765137));
#7219=CARTESIAN_POINT('',(49.4807782949603,19.1831824131827,-2.64162798501241));
#7220=CARTESIAN_POINT('',(49.48077829496,17.0683916073568,-4.17811344327902));
#7221=CARTESIAN_POINT('',(41.2424177806417,19.1831824131826,-2.64162798501195));
#7222=CARTESIAN_POINT('',(41.2424177806417,17.0683916073568,-4.17811344327903));
#7223=CARTESIAN_POINT('',(45.9064177806417,14.9017107488417,6.9468770284406));
#7224=CARTESIAN_POINT('',(46.141207905355,16.8555900929002,6.04506481358909));
#7225=CARTESIAN_POINT('',(41.2424177806417,14.9017107488417,6.9468770284406));
#7226=CARTESIAN_POINT('',(41.2424177806417,16.8555900929002,6.0450648135891));
#7227=CARTESIAN_POINT('',(46.141207905355,9.52612139913699,0.719894099886282));
#7228=CARTESIAN_POINT('',(45.9064177806417,9.27222893800017,2.85681908223161));
#7229=CARTESIAN_POINT('',(41.2424177806417,9.52612139913699,0.719894099886282));
#7230=CARTESIAN_POINT('',(41.2424177806417,9.27222893800016,2.85681908223163));
#7231=CARTESIAN_POINT('',(52.9064177806417,23.0660540044284,11.7256903590404));
#7232=CARTESIAN_POINT('',(52.9064177806417,23.0660540044284,-32.1448201334524));
#7233=CARTESIAN_POINT('',(52.9064177806417,23.0660540044284,8.79043511279399));
#7234=CARTESIAN_POINT('',(52.9064177806417,23.0660540044284,-29.209564887206));
#7235=CARTESIAN_POINT('',(52.9064177806417,23.0660540044284,-7.90956488720601));
#7236=CARTESIAN_POINT('',(52.9064177806417,23.0660540044284,-12.509564887206));
#7237=CARTESIAN_POINT('',(52.9064177806417,23.0660540044284,-6.20956488720601));
#7238=CARTESIAN_POINT('',(52.9064177806416,23.0660540044284,-14.209564887206));
#7239=CARTESIAN_POINT('',(38.7424177806416,8.49276110151111,-12.252227259231));
#7240=CARTESIAN_POINT('',(38.7424177806416,20.9559592193605,-13.3095648880059));
#7241=CARTESIAN_POINT('',(38.7424177806416,8.49276110151111,-8.166902515181));
#7242=CARTESIAN_POINT('',(38.7424177806416,20.9559592193605,-7.10956488640613));
#7243=CARTESIAN_POINT('',(38.7424177806416,20.9559592194284,-3.75956488720601));
#7244=CARTESIAN_POINT('',(38.7424177806416,25.1559592194284,-3.75956488720601));
#7245=CARTESIAN_POINT('',(38.7424177806416,25.1559592194291,-6.77850537019827));
#7246=CARTESIAN_POINT('',(38.7424177806416,39.6099137383852,-8.11853203167222));
#7247=CARTESIAN_POINT('',(38.7424177806416,39.6099137383852,-12.3005977427398));
#7248=CARTESIAN_POINT('',(38.7424177806416,25.1559592194291,-13.6406244042137));
#7249=CARTESIAN_POINT('',(38.7424177806416,25.1559592194284,-16.659564887206));
#7250=CARTESIAN_POINT('',(38.7424177806416,20.9559592194284,-16.659564887206));
#7251=CARTESIAN_POINT('',(38.7424177806416,24.1160540044284,-11.259564887206));
#7252=CARTESIAN_POINT('',(38.7424177806416,22.0160540044284,-11.259564887206));
#7253=CARTESIAN_POINT('',(38.7424177806416,24.1160540044284,-9.15956488720601));
#7254=CARTESIAN_POINT('',(38.7424177806416,22.0160540044284,-9.15956488720601));
#7255=CARTESIAN_POINT('',(40.3424177806417,22.0160540044349,-8.16322669421863));
#7256=CARTESIAN_POINT('',(40.3424177806417,22.0160540044349,-12.2559030801934));
#7257=CARTESIAN_POINT('',(40.3424177806417,24.1160540044219,-12.2559030801934));
#7258=CARTESIAN_POINT('',(40.3424177806417,24.1160540044219,-8.16322669421863));
#7259=CARTESIAN_POINT('',(39.5424177806417,22.0160540044284,-11.259564887206));
#7260=CARTESIAN_POINT('',(40.1424177806417,22.0160540044284,-11.259564887206));
#7261=CARTESIAN_POINT('',(39.5424177806417,22.0160540044284,-9.15956488720601));
#7262=CARTESIAN_POINT('',(40.1424177806417,22.0160540044284,-9.15956488720601));
#7263=CARTESIAN_POINT('',(40.1424177806417,22.0160540044349,-8.16322669421863));
#7264=CARTESIAN_POINT('',(40.1424177806417,22.0160540044349,-12.2559030801934));
#7265=CARTESIAN_POINT('',(39.5424177806417,24.1160540044284,-11.259564887206));
#7266=CARTESIAN_POINT('',(40.1424177806417,24.1160540044284,-11.259564887206));
#7267=CARTESIAN_POINT('',(40.1424177806417,24.1160540044219,-12.2559030801934));
#7268=CARTESIAN_POINT('',(40.1424177806417,24.1160540044219,-8.16322669421863));
#7269=CARTESIAN_POINT('',(40.1424177806417,24.1160540044284,-9.15956488720601));
#7270=CARTESIAN_POINT('',(39.5424177806417,24.1160540044284,-9.15956488720601));
#7271=CARTESIAN_POINT('',(36.4424177806417,8.49276110151111,-8.166902515181));
#7272=CARTESIAN_POINT('',(36.4424177806417,8.49276110151111,-12.252227259231));
#7273=CARTESIAN_POINT('',(36.4424177806417,20.9559592193605,-7.10956488640613));
#7274=CARTESIAN_POINT('',(36.4424177806417,20.9559592194284,-3.75956488720601));
#7275=CARTESIAN_POINT('',(36.4424177806417,25.1559592194284,-3.75956488720601));
#7276=CARTESIAN_POINT('',(36.4424177806417,25.1559592194291,-6.77850537019827));
#7277=CARTESIAN_POINT('',(36.4424177806417,39.6099137383852,-8.11853203167222));
#7278=CARTESIAN_POINT('',(36.4424177806417,39.6099137383852,-12.3005977427398));
#7279=CARTESIAN_POINT('',(36.4424177806417,25.1559592194291,-13.6406244042137));
#7280=CARTESIAN_POINT('',(36.4424177806417,25.1559592194284,-16.659564887206));
#7281=CARTESIAN_POINT('',(36.4424177806417,20.9559592194284,-16.659564887206));
#7282=CARTESIAN_POINT('',(36.4424177806417,20.9559592193605,-13.3095648880059));
#7283=CARTESIAN_POINT('',(40.1424177806417,23.0660540044284,-12.509564887206));
#7284=CARTESIAN_POINT('',(39.0105779524214,23.0660540044284,-30.459564887206));
#7285=CARTESIAN_POINT('',(39.0105779524215,23.0660540044284,10.040435112794));
#7286=CARTESIAN_POINT('',(41.8742576088619,23.0660540044284,10.040435112794));
#7287=CARTESIAN_POINT('',(41.8742576088619,23.0660540044284,-30.459564887206));
#7288=CARTESIAN_POINT('',(37.325322706175,23.0660540044284,11.7256903590404));
#7289=CARTESIAN_POINT('',(37.325322706175,23.0660540044284,-32.1448201334524));
#7290=CARTESIAN_POINT('',(36.4424177806416,23.0660540044284,-31.7789203552587));
#7291=CARTESIAN_POINT('',(36.4424177806416,23.0660540044284,11.3597905808467));
#7292=CARTESIAN_POINT('',(43.6936130769165,23.0660540044284,11.8597905808486));
#7293=CARTESIAN_POINT('',(43.6936130769165,23.0660540044284,-32.2789203552606));
#7294=CARTESIAN_POINT('',(45.6424177806416,23.0660540044284,-32.2789203552606));
#7295=CARTESIAN_POINT('',(45.6424177806416,23.0660540044284,11.8597905808486));
#7296=CARTESIAN_POINT('',(47.4424177806417,23.0660540044284,10.0597905808486));
#7297=CARTESIAN_POINT('',(47.4424177806417,23.0660540044284,-30.4789203552606));
#7298=CARTESIAN_POINT('',(50.3105180024499,23.0660540044284,10.0597905808486));
#7299=CARTESIAN_POINT('',(50.3105180024499,23.0660540044284,-30.4789203552606));
#7300=CARTESIAN_POINT('',(51.9764177806417,23.0660540044284,11.7256903590404));
#7301=CARTESIAN_POINT('',(51.9764177806417,23.0660540044284,-32.1448201334524));
#7302=CARTESIAN_POINT('',(45.9064177806417,19.586842906279,8.46916874584612));
#7303=CARTESIAN_POINT('',(41.2424177806417,19.586842906279,8.46916874584612));
#7304=CARTESIAN_POINT('',(41.2424177806417,23.0660540044284,8.79043511279399));
#7305=CARTESIAN_POINT('',(41.2424177806417,26.5452651025778,8.46916874584612));
#7306=CARTESIAN_POINT('',(45.9064177806417,26.5452651025778,8.46916874584612));
#7307=CARTESIAN_POINT('',(46.141207905355,27.5959147766524,6.59112587509998));
#7308=CARTESIAN_POINT('',(49.4807782949603,24.3730666015243,-1.80468066309444));
#7309=CARTESIAN_POINT('',(50.1132675746342,23.0660540044284,-2.70296352584136));
#7310=CARTESIAN_POINT('',(49.48077829496,21.7590414073323,-1.80468066309396));
#7311=CARTESIAN_POINT('',(46.141207905355,18.5361932322044,6.59112587509999));
#7312=CARTESIAN_POINT('',(41.2424177806417,27.5959147766524,6.59112587509998));
#7313=CARTESIAN_POINT('',(41.2424177806417,24.3730666015245,-1.80468066309402));
#7314=CARTESIAN_POINT('',(41.2424177806417,18.5361932322044,6.59112587509998));
#7315=CARTESIAN_POINT('',(41.2424177806417,21.7590414073323,-1.80468066309397));
#7316=CARTESIAN_POINT('',(40.1424177806417,23.0660540044284,-7.9095648871985));
#7317=CARTESIAN_POINT('',(41.2424177806417,23.0660540044284,-29.209564887206));
#7318=CARTESIAN_POINT('',(50.1132669738683,23.0660540044176,-17.7161642390728));
#7319=CARTESIAN_POINT('',(49.4807782949603,29.0637164014996,-4.17811344327931));
#7320=CARTESIAN_POINT('',(49.6600015928413,28.8081854431725,-4.34405718791384));
#7321=CARTESIAN_POINT('',(49.8011360779462,28.5401525641274,-4.40391827414713));
#7322=CARTESIAN_POINT('',(50.0435278320259,27.9788991414281,-4.40405078952388));
#7323=CARTESIAN_POINT('',(50.1132228996226,27.7038965763975,-4.30042266250199));
#7324=CARTESIAN_POINT('',(50.1133110041397,27.2531879190358,-3.97309361141092));
#7325=CARTESIAN_POINT('',(50.0437115281919,27.0696001263577,-3.74367931567905));
#7326=CARTESIAN_POINT('',(49.8013979854503,26.8960055357938,-3.20984301611179));
#7327=CARTESIAN_POINT('',(49.6601679086963,26.8699939455326,-2.93620491366582));
#7328=CARTESIAN_POINT('',(49.48077829496,26.9489255956743,-2.64162798501191));
#7329=CARTESIAN_POINT('',(41.2424177806417,29.0637164014999,-4.17811344327906));
#7330=CARTESIAN_POINT('',(49.4807782949603,29.0637164014996,-4.17811344327931));
#7331=CARTESIAN_POINT('',(41.2424177806417,26.9489255956743,-2.64162798501191));
#7332=CARTESIAN_POINT('',(41.2424177806417,26.6998916336829,-3.5710353839739));
#7333=CARTESIAN_POINT('',(41.2424177806417,27.4783223992695,-4.13659844028035));
#7334=CARTESIAN_POINT('',(41.2424177806417,28.2567531648561,-4.7021614965868));
#7335=CARTESIAN_POINT('',(41.2424177806417,29.0637164014999,-4.17811344327906));
#7336=CARTESIAN_POINT('',(49.48077829496,26.9489255956743,-2.64162798501191));
#7337=CARTESIAN_POINT('',(41.2424177806417,26.9489255956743,-2.64162798501191));
#7338=CARTESIAN_POINT('',(45.9064177806417,36.8598790708566,2.85681908223161));
#7339=CARTESIAN_POINT('',(45.9064177806417,37.14488970665,2.55594112996869));
#7340=CARTESIAN_POINT('',(45.9289378085082,37.2826742098678,2.12887077552958));
#7341=CARTESIAN_POINT('',(46.0101404790918,37.1835222151754,1.31863949960057));
#7342=CARTESIAN_POINT('',(46.0688626563125,36.9476938438221,0.941801372362818));
#7343=CARTESIAN_POINT('',(46.141207905355,36.6059866097198,0.719894099886279));
#7344=CARTESIAN_POINT('',(41.2424177806417,36.8598790708566,2.85681908223162));
#7345=CARTESIAN_POINT('',(45.9064177806417,36.8598790708566,2.85681908223161));
#7346=CARTESIAN_POINT('',(41.2424177806417,36.6059866097198,0.719894099886278));
#7347=CARTESIAN_POINT('',(41.2424177806417,37.1562974825988,1.07727015935305));
#7348=CARTESIAN_POINT('',(41.2424177806417,37.233713947767,1.72885775562063));
#7349=CARTESIAN_POINT('',(41.2424177806417,37.3111304129351,2.38044535188821));
#7350=CARTESIAN_POINT('',(41.2424177806417,36.8598790708566,2.85681908223162));
#7351=CARTESIAN_POINT('',(46.141207905355,36.6059866097198,0.719894099886279));
#7352=CARTESIAN_POINT('',(41.2424177806417,36.6059866097198,0.719894099886277));
#7353=CARTESIAN_POINT('',(46.141207905355,29.2765179159566,6.04506481358909));
#7354=CARTESIAN_POINT('',(46.0688730733244,29.3819557468123,6.43856415538239));
#7355=CARTESIAN_POINT('',(46.0101573902185,29.6674059289653,6.77926024496387));
#7356=CARTESIAN_POINT('',(45.9289443014007,30.4072976041476,7.12402740487741));
#7357=CARTESIAN_POINT('',(45.9064177806416,30.856118249151,7.12498752087721));
#7358=CARTESIAN_POINT('',(45.9064177806417,31.2303972600151,6.9468770284406));
#7359=CARTESIAN_POINT('',(41.2424177806417,29.2765179159566,6.04506481358909));
#7360=CARTESIAN_POINT('',(46.141207905355,29.2765179159566,6.04506481358909));
#7361=CARTESIAN_POINT('',(41.2424177806417,31.2303972600151,6.9468770284406));
#7362=CARTESIAN_POINT('',(41.2424177806417,30.6378945861434,7.2288349794613));
#7363=CARTESIAN_POINT('',(41.2424177806417,30.0421209601575,6.95385590522402));
#7364=CARTESIAN_POINT('',(41.2424177806417,29.4463473341715,6.67887683098674));
#7365=CARTESIAN_POINT('',(41.2424177806417,29.2765179159566,6.04506481358909));
#7366=CARTESIAN_POINT('',(45.9064177806417,31.2303972600151,6.9468770284406));
#7367=CARTESIAN_POINT('',(41.2424177806417,31.2303972600151,6.9468770284406));
#7368=CARTESIAN_POINT('',(46.141207905355,36.6059866097198,0.719894099886279));
#7369=CARTESIAN_POINT('',(46.422381532223,35.2779234181308,-0.14256022097773));
#7370=CARTESIAN_POINT('',(47.2616196104538,32.6938159671691,-1.82069922127052));
#7371=CARTESIAN_POINT('',(48.6638258704477,30.2285015517089,-3.42169312228969));
#7372=CARTESIAN_POINT('',(49.4807782949603,29.0637164014996,-4.17811344327931));
#7373=CARTESIAN_POINT('',(41.2424177806417,29.0637164014999,-4.17811344327906));
#7374=CARTESIAN_POINT('',(41.2424177806417,36.6059866097198,0.719894099886277));
#7375=CARTESIAN_POINT('',(41.2424177806417,26.9489255956743,-2.64162798501191));
#7376=CARTESIAN_POINT('',(41.2424177806417,29.2765179159566,6.04506481358909));
#7377=CARTESIAN_POINT('',(49.48077829496,26.9489255956743,-2.64162798501191));
#7378=CARTESIAN_POINT('',(48.6594136432253,27.3103270501905,-1.29285939482821));
#7379=CARTESIAN_POINT('',(47.2627500718451,28.0691346746311,1.53904921275486));
#7380=CARTESIAN_POINT('',(46.4227987267449,28.8660610922832,4.51321909332642));
#7381=CARTESIAN_POINT('',(46.141207905355,29.2765179159566,6.04506481358909));
#7382=CARTESIAN_POINT('',(49.4807782949603,31.4634630188408,-8.85535567354956));
#7383=CARTESIAN_POINT('',(49.6600015928414,31.1591948451589,-8.83940965426026));
#7384=CARTESIAN_POINT('',(49.8011360779462,30.9071662272861,-8.7302925168926));
#7385=CARTESIAN_POINT('',(50.043527832026,30.4530247795871,-8.40050323942308));
#7386=CARTESIAN_POINT('',(50.1132228996226,30.2914541157668,-8.15502387149954));
#7387=CARTESIAN_POINT('',(50.1133110041396,30.1192223413274,-7.62528920453643));
#7388=CARTESIAN_POINT('',(50.0437115281918,30.1055430367874,-7.3317789434997));
#7389=CARTESIAN_POINT('',(49.8013979854502,30.2788831669136,-6.79785996472434));
#7390=CARTESIAN_POINT('',(49.6601679086963,30.4186797894247,-6.56119286039281));
#7391=CARTESIAN_POINT('',(49.48077829496,30.6556848101117,-6.36926997885341));
#7392=CARTESIAN_POINT('',(41.2424177806417,31.4634630188413,-8.85535567354958));
#7393=CARTESIAN_POINT('',(49.4807782949603,31.4634630188408,-8.85535567354956));
#7394=CARTESIAN_POINT('',(41.2424177806417,30.6556848101117,-6.36926997885342));
#7395=CARTESIAN_POINT('',(41.2424177806417,29.9079201402028,-6.97479786913299));
#7396=CARTESIAN_POINT('',(41.2424177806417,30.2052542347682,-7.88989811701808));
#7397=CARTESIAN_POINT('',(41.2424177806417,30.5025883293337,-8.80499836490318));
#7398=CARTESIAN_POINT('',(41.2424177806417,31.4634630188413,-8.85535567354958));
#7399=CARTESIAN_POINT('',(49.48077829496,30.6556848101117,-6.36926997885341));
#7400=CARTESIAN_POINT('',(41.2424177806417,30.6556848101117,-6.36926997885342));
#7401=CARTESIAN_POINT('',(45.9064177806417,41.9057206986302,-7.74644514765138));
#7402=CARTESIAN_POINT('',(45.9064177806417,41.9594475234845,-8.15738557273066));
#7403=CARTESIAN_POINT('',(45.9289378085082,41.8198918721186,-8.5838804462515));
#7404=CARTESIAN_POINT('',(46.0101404790919,41.2634342284491,-9.18109123763657));
#7405=CARTESIAN_POINT('',(46.0688626563126,40.8511451745767,-9.34734324794671));
#7406=CARTESIAN_POINT('',(46.141207905355,40.4442643929489,-9.32601952974865));
#7407=CARTESIAN_POINT('',(41.2424177806417,41.9057206986302,-7.74644514765138));
#7408=CARTESIAN_POINT('',(45.9064177806417,41.9057206986302,-7.74644514765138));
#7409=CARTESIAN_POINT('',(41.2424177806417,40.4442643929489,-9.32601952974865));
#7410=CARTESIAN_POINT('',(41.2424177806417,41.0995356185743,-9.36036083951175));
#7411=CARTESIAN_POINT('',(41.2424177806417,41.5451604342025,-8.8787196573178));
#7412=CARTESIAN_POINT('',(41.2424177806417,41.9907852498307,-8.39707847512386));
#7413=CARTESIAN_POINT('',(41.2424177806417,41.9057206986302,-7.74644514765138));
#7414=CARTESIAN_POINT('',(46.141207905355,40.4442643929489,-9.32601952974865));
#7415=CARTESIAN_POINT('',(41.2424177806417,40.4442643929489,-9.32601952974865));
#7416=CARTESIAN_POINT('',(46.141207905355,37.6446564714096,-0.70971231908195));
#7417=CARTESIAN_POINT('',(46.0688730733244,37.9612505783148,-0.453339466306488));
#7418=CARTESIAN_POINT('',(46.0101573902185,38.3924407636937,-0.345493947251668));
#7419=CARTESIAN_POINT('',(45.9289443014007,39.1936747549847,-0.501468870745336));
#7420=CARTESIAN_POINT('',(45.9064177806417,39.557342626244,-0.764502276642359));
#7421=CARTESIAN_POINT('',(45.9064177806417,39.7554499859381,-1.12859237472862));
#7422=CARTESIAN_POINT('',(41.2424177806417,37.6446564714097,-0.709712319081929));
#7423=CARTESIAN_POINT('',(46.141207905355,37.6446564714096,-0.70971231908195));
#7424=CARTESIAN_POINT('',(41.2424177806417,39.7554499859381,-1.12859237472862));
#7425=CARTESIAN_POINT('',(41.2424177806416,39.4418359789399,-0.552219267008109));
#7426=CARTESIAN_POINT('',(41.2424177806417,38.7982163461911,-0.42449506010418));
#7427=CARTESIAN_POINT('',(41.2424177806416,38.1545967134424,-0.296770853200252));
#7428=CARTESIAN_POINT('',(41.2424177806417,37.6446564714097,-0.709712319081931));
#7429=CARTESIAN_POINT('',(45.9064177806417,39.7554499859381,-1.12859237472862));
#7430=CARTESIAN_POINT('',(41.2424177806417,39.7554499859381,-1.12859237472862));
#7431=CARTESIAN_POINT('',(46.141207905355,40.4442643929489,-9.32601952974865));
#7432=CARTESIAN_POINT('',(46.422381532223,38.8629007707698,-9.24314377407126));
#7433=CARTESIAN_POINT('',(47.2616196104538,35.7859285719819,-9.08188649421713));
#7434=CARTESIAN_POINT('',(48.6638258704476,32.8504067093678,-8.9280423123607));
#7435=CARTESIAN_POINT('',(49.4807782949603,31.4634630188408,-8.85535567354956));
#7436=CARTESIAN_POINT('',(41.2424177806417,31.4634630188413,-8.85535567354958));
#7437=CARTESIAN_POINT('',(41.2424177806417,40.4442643929489,-9.32601952974865));
#7438=CARTESIAN_POINT('',(41.2424177806417,30.6556848101117,-6.36926997885342));
#7439=CARTESIAN_POINT('',(41.2424177806417,37.6446564714097,-0.709712319081929));
#7440=CARTESIAN_POINT('',(49.48077829496,30.6556848101117,-6.36926997885341));
#7441=CARTESIAN_POINT('',(48.6594136432253,31.7408510146724,-5.49051971303733));
#7442=CARTESIAN_POINT('',(47.2627500718452,34.0192933936836,-3.64547345395921));
#7443=CARTESIAN_POINT('',(46.4227987267448,36.412193602443,-1.70774107187687));
#7444=CARTESIAN_POINT('',(46.141207905355,37.6446564714096,-0.70971231908195));
#7445=CARTESIAN_POINT('',(49.4807782949603,30.6556848101113,-14.0498597955583));
#7446=CARTESIAN_POINT('',(49.6600015928412,30.4188995217262,-13.8581148497284));
#7447=CARTESIAN_POINT('',(49.8011360779461,30.2791415309154,-13.6216985264791));
#7448=CARTESIAN_POINT('',(50.0435278320259,30.1055786555376,-13.0879557510314));
#7449=CARTESIAN_POINT('',(50.1132228996225,30.1191543949221,-12.7943899172162));
#7450=CARTESIAN_POINT('',(50.1133110041396,30.2911861872983,-12.2645902721419));
#7451=CARTESIAN_POINT('',(50.0437115281918,30.452640400288,-12.0190949894695));
#7452=CARTESIAN_POINT('',(49.8013979854502,30.9067052130105,-11.6890322341396));
#7453=CARTESIAN_POINT('',(49.6601679086963,31.158912490007,-11.5797349177581));
#7454=CARTESIAN_POINT('',(49.48077829496,31.4634630188413,-11.5637741008625));
#7455=CARTESIAN_POINT('',(41.2424177806417,30.6556848101116,-14.0498597955586));
#7456=CARTESIAN_POINT('',(49.4807782949603,30.6556848101113,-14.0498597955583));
#7457=CARTESIAN_POINT('',(41.2424177806417,31.4634630188413,-11.5637741008624));
#7458=CARTESIAN_POINT('',(41.2424177806417,30.5025883293337,-11.6141314095088));
#7459=CARTESIAN_POINT('',(41.2424177806417,30.2052542347682,-12.5292316573939));
#7460=CARTESIAN_POINT('',(41.2424177806417,29.9079201402027,-13.444331905279));
#7461=CARTESIAN_POINT('',(41.2424177806417,30.6556848101116,-14.0498597955586));
#7462=CARTESIAN_POINT('',(49.48077829496,31.4634630188413,-11.5637741008625));
#7463=CARTESIAN_POINT('',(41.2424177806417,31.4634630188413,-11.5637741008624));
#7464=CARTESIAN_POINT('',(45.9064177806417,39.755449985938,-19.2905373996834));
#7465=CARTESIAN_POINT('',(45.9064177806417,39.5573711788666,-19.6545750225501));
#7466=CARTESIAN_POINT('',(45.9289378085082,39.1937808884166,-19.9175878694953));
#7467=CARTESIAN_POINT('',(46.010140479092,38.392565502352,-20.0736639524756));
#7468=CARTESIAN_POINT('',(46.0688626563126,37.9612961713502,-19.9658272286176));
#7469=CARTESIAN_POINT('',(46.141207905355,37.6446564714096,-19.7094174553301));
#7470=CARTESIAN_POINT('',(41.2424177806417,39.755449985938,-19.2905373996834));
#7471=CARTESIAN_POINT('',(45.9064177806417,39.755449985938,-19.2905373996834));
#7472=CARTESIAN_POINT('',(41.2424177806417,37.6446564714096,-19.7094174553301));
#7473=CARTESIAN_POINT('',(41.2424177806417,38.1545967134423,-20.1223589212118));
#7474=CARTESIAN_POINT('',(41.2424177806417,38.798216346191,-19.9946347143079));
#7475=CARTESIAN_POINT('',(41.2424177806417,39.4418359789398,-19.8669105074039));
#7476=CARTESIAN_POINT('',(41.2424177806417,39.755449985938,-19.2905373996834));
#7477=CARTESIAN_POINT('',(46.141207905355,37.6446564714096,-19.7094174553301));
#7478=CARTESIAN_POINT('',(41.2424177806417,37.6446564714096,-19.7094174553301));
#7479=CARTESIAN_POINT('',(46.141207905355,40.4442643929489,-11.0931102446634));
#7480=CARTESIAN_POINT('',(46.0688730733244,40.8510865877037,-11.0717895968732));
#7481=CARTESIAN_POINT('',(46.0101573902184,41.2633167811091,-11.2379879710897));
#7482=CARTESIAN_POINT('',(45.9289443014007,41.8198489367773,-11.8351278586086));
#7483=CARTESIAN_POINT('',(45.9064177806417,41.9594552680877,-12.2616849655264));
#7484=CARTESIAN_POINT('',(45.9064177806417,41.9057206986302,-12.6726846267607));
#7485=CARTESIAN_POINT('',(41.2424177806417,40.4442643929489,-11.0931102446634));
#7486=CARTESIAN_POINT('',(46.141207905355,40.4442643929489,-11.0931102446634));
#7487=CARTESIAN_POINT('',(41.2424177806417,41.9057206986302,-12.6726846267606));
#7488=CARTESIAN_POINT('',(41.2424177806417,41.9907852498307,-12.0220512992882));
#7489=CARTESIAN_POINT('',(41.2424177806417,41.5451604342025,-11.5404101170942));
#7490=CARTESIAN_POINT('',(41.2424177806417,41.0995356185743,-11.0587689349003));
#7491=CARTESIAN_POINT('',(41.2424177806417,40.4442643929489,-11.0931102446634));
#7492=CARTESIAN_POINT('',(45.9064177806417,41.9057206986302,-12.6726846267607));
#7493=CARTESIAN_POINT('',(41.2424177806417,41.9057206986302,-12.6726846267606));
#7494=CARTESIAN_POINT('',(46.141207905355,37.6446564714096,-19.7094174553301));
#7495=CARTESIAN_POINT('',(46.422381532223,36.4140195737402,-18.7128673449368));
#7496=CARTESIAN_POINT('',(47.2616196104539,34.0194814246246,-16.7738085849066));
#7497=CARTESIAN_POINT('',(48.6638258704477,31.7350216916568,-14.9238895686724));
#7498=CARTESIAN_POINT('',(49.4807782949603,30.6556848101113,-14.0498597955583));
#7499=CARTESIAN_POINT('',(41.2424177806417,37.6446564714096,-19.7094174553301));
#7500=CARTESIAN_POINT('',(41.2424177806417,30.6556848101116,-14.0498597955586));
#7501=CARTESIAN_POINT('',(41.2424177806417,40.4442643929489,-11.0931102446634));
#7502=CARTESIAN_POINT('',(41.2424177806417,31.4634630188413,-11.5637741008624));
#7503=CARTESIAN_POINT('',(49.48077829496,31.4634630188413,-11.5637741008625));
#7504=CARTESIAN_POINT('',(48.6594136432254,32.8578973667471,-11.4906948933327));
#7505=CARTESIAN_POINT('',(47.2627500718452,35.7856869529548,-11.3372559429116));
#7506=CARTESIAN_POINT('',(46.4227987267449,38.860554404762,-11.1761089681726));
#7507=CARTESIAN_POINT('',(46.141207905355,40.4442643929489,-11.0931102446634));
#7508=CARTESIAN_POINT('',(49.4807782949603,26.9489255956741,-17.7775017893996));
#7509=CARTESIAN_POINT('',(49.6600015928412,26.870067124713,-17.4831979691652));
#7510=CARTESIAN_POINT('',(49.8011360779461,26.8959625632545,-17.2097854600203));
#7511=CARTESIAN_POINT('',(50.0435278320258,27.0692733794071,-16.6759607855657));
#7512=CARTESIAN_POINT('',(50.1132228996225,27.2528100509739,-16.4464406564405));
#7513=CARTESIAN_POINT('',(50.1133110041397,27.7033951126235,-16.1189414904457));
#7514=CARTESIAN_POINT('',(50.043711528192,27.9783128214079,-16.0152320400407));
#7515=CARTESIAN_POINT('',(49.8013979854503,28.5396649913621,-16.0150982622718));
#7516=CARTESIAN_POINT('',(49.6601679086964,28.8079483152414,-16.074918593819));
#7517=CARTESIAN_POINT('',(49.48077829496,29.0637164015,-16.241016331133));
#7518=CARTESIAN_POINT('',(41.2424177806417,26.9489255956742,-17.7775017894001));
#7519=CARTESIAN_POINT('',(49.4807782949603,26.9489255956741,-17.7775017893996));
#7520=CARTESIAN_POINT('',(41.2424177806417,29.0637164015,-16.241016331133));
#7521=CARTESIAN_POINT('',(41.2424177806417,28.2567531648561,-15.7169682778252));
#7522=CARTESIAN_POINT('',(41.2424177806417,27.4783223992695,-16.2825313341316));
#7523=CARTESIAN_POINT('',(41.2424177806417,26.6998916336829,-16.8480943904381));
#7524=CARTESIAN_POINT('',(41.2424177806417,26.9489255956742,-17.7775017894001));
#7525=CARTESIAN_POINT('',(49.48077829496,29.0637164015,-16.241016331133));
#7526=CARTESIAN_POINT('',(41.2424177806417,29.0637164015,-16.241016331133));
#7527=CARTESIAN_POINT('',(45.9064177806417,31.2303972600151,-27.3660068028526));
#7528=CARTESIAN_POINT('',(45.9064177806417,30.8561721928681,-27.5440916247554));
#7529=CARTESIAN_POINT('',(45.9289378085082,30.4074263963065,-27.5431604770697));
#7530=CARTESIAN_POINT('',(46.010140479092,29.6674903130142,-27.1984860927777));
#7531=CARTESIAN_POINT('',(46.0688626563126,29.3819709310203,-26.8577505980299));
#7532=CARTESIAN_POINT('',(46.141207905355,29.2765179159566,-26.4641945880011));
#7533=CARTESIAN_POINT('',(41.2424177806417,31.2303972600151,-27.3660068028526));
#7534=CARTESIAN_POINT('',(45.9064177806417,31.2303972600151,-27.3660068028526));
#7535=CARTESIAN_POINT('',(41.2424177806417,29.2765179159566,-26.4641945880011));
#7536=CARTESIAN_POINT('',(41.2424177806417,29.4463473341715,-27.0980066053988));
#7537=CARTESIAN_POINT('',(41.2424177806417,30.0421209601574,-27.372985679636));
#7538=CARTESIAN_POINT('',(41.2424177806417,30.6378945861434,-27.6479647538733));
#7539=CARTESIAN_POINT('',(41.2424177806417,31.2303972600151,-27.3660068028526));
#7540=CARTESIAN_POINT('',(46.141207905355,29.2765179159566,-26.4641945880011));
#7541=CARTESIAN_POINT('',(41.2424177806417,29.2765179159566,-26.4641945880011));
#7542=CARTESIAN_POINT('',(46.141207905355,36.6059866097198,-21.1390238742983));
#7543=CARTESIAN_POINT('',(46.0688730733243,36.9476446413057,-21.3608991942871));
#7544=CARTESIAN_POINT('',(46.0101573902184,37.1834569200458,-21.7376593316991));
#7545=CARTESIAN_POINT('',(45.9289443014007,37.2827108724583,-22.5478770422494));
#7546=CARTESIAN_POINT('',(45.9064177806417,37.1449307903039,-22.9750275334882));
#7547=CARTESIAN_POINT('',(45.9064177806417,36.8598790708566,-23.2759488566436));
#7548=CARTESIAN_POINT('',(41.2424177806417,36.6059866097198,-21.1390238742983));
#7549=CARTESIAN_POINT('',(46.141207905355,36.6059866097198,-21.1390238742983));
#7550=CARTESIAN_POINT('',(41.2424177806417,36.8598790708566,-23.2759488566436));
#7551=CARTESIAN_POINT('',(41.2424177806417,37.3111304129351,-22.7995751263002));
#7552=CARTESIAN_POINT('',(41.2424177806417,37.2337139477669,-22.1479875300327));
#7553=CARTESIAN_POINT('',(41.2424177806417,37.1562974825988,-21.4963999337651));
#7554=CARTESIAN_POINT('',(41.2424177806417,36.6059866097198,-21.1390238742983));
#7555=CARTESIAN_POINT('',(45.9064177806417,36.8598790708566,-23.2759488566436));
#7556=CARTESIAN_POINT('',(41.2424177806417,36.8598790708566,-23.2759488566436));
#7557=CARTESIAN_POINT('',(46.141207905355,29.2765179159566,-26.4641945880011));
#7558=CARTESIAN_POINT('',(46.422381532223,28.8666692098968,-24.9346183935696));
#7559=CARTESIAN_POINT('',(47.2616196104537,28.0691972960575,-21.9584126935118));
#7560=CARTESIAN_POINT('',(48.6638258704477,27.3083856647991,-19.1190250306664));
#7561=CARTESIAN_POINT('',(49.4807782949603,26.9489255956741,-17.7775017893996));
#7562=CARTESIAN_POINT('',(41.2424177806417,29.2765179159566,-26.4641945880011));
#7563=CARTESIAN_POINT('',(41.2424177806417,26.9489255956742,-17.7775017894001));
#7564=CARTESIAN_POINT('',(41.2424177806417,36.6059866097198,-21.1390238742983));
#7565=CARTESIAN_POINT('',(41.2424177806417,29.0637164015,-16.241016331133));
#7566=CARTESIAN_POINT('',(49.48077829496,29.0637164015,-16.241016331133));
#7567=CARTESIAN_POINT('',(48.6594136432253,30.2347923669311,-17.0015219552951));
#7568=CARTESIAN_POINT('',(47.2627500718451,32.6936130503119,-18.5982987773937));
#7569=CARTESIAN_POINT('',(46.4227987267449,35.2759528894774,-20.2752898771642));
#7570=CARTESIAN_POINT('',(46.141207905355,36.6059866097198,-21.1390238742983));
#7571=CARTESIAN_POINT('',(49.4807782949603,21.7590414073325,-18.6144491113176));
#7572=CARTESIAN_POINT('',(49.6600015928301,21.8682310093948,-18.330000473007));
#7573=CARTESIAN_POINT('',(49.8011360779228,22.0498886999129,-18.1240260635022));
#7574=CARTESIAN_POINT('',(50.0435278319509,22.5038743664359,-17.7940223716547));
#7575=CARTESIAN_POINT('',(50.1132228995283,22.7872671998364,-17.7162168354278));
#7576=CARTESIAN_POINT('',(50.1132669669024,23.0658778417129,-17.716164248994));
#7577=CARTESIAN_POINT('',(50.1132669738682,23.0659659228225,-17.716164240145));
#7578=CARTESIAN_POINT('',(50.1132669738683,23.0660540044176,-17.7161642390728));
#7579=CARTESIAN_POINT('',(41.2424177806417,21.7590414073323,-18.614449111318));
#7580=CARTESIAN_POINT('',(49.4807782949603,21.7590414073325,-18.6144491113176));
#7581=CARTESIAN_POINT('',(41.2424177806417,24.3730666015245,-18.614449111318));
#7582=CARTESIAN_POINT('',(41.2424177806417,24.0282473464707,-17.7161642406815));
#7583=CARTESIAN_POINT('',(41.2424177806417,23.0660540044284,-17.7161642406815));
#7584=CARTESIAN_POINT('',(41.2424177806417,22.1038606623862,-17.7161642406815));
#7585=CARTESIAN_POINT('',(41.2424177806417,21.7590414073323,-18.614449111318));
#7586=CARTESIAN_POINT('',(49.48077829496,24.3730666015245,-18.6144491113181));
#7587=CARTESIAN_POINT('',(41.2424177806417,24.3730666015245,-18.614449111318));
#7588=CARTESIAN_POINT('',(45.9064177806417,19.586842906279,-28.8882985202581));
#7589=CARTESIAN_POINT('',(45.9064177806417,19.1794128352645,-28.8124081921106));
#7590=CARTESIAN_POINT('',(45.9289378085082,18.8169171745692,-28.5478887165615));
#7591=CARTESIAN_POINT('',(46.0101404790919,18.4208908283643,-27.8341177647453));
#7592=CARTESIAN_POINT('',(46.0688626563126,18.390180094853,-27.3906328769279));
#7593=CARTESIAN_POINT('',(46.141207905355,18.5361932322044,-27.010255649512));
#7594=CARTESIAN_POINT('',(41.2424177806417,19.586842906279,-28.8882985202581));
#7595=CARTESIAN_POINT('',(45.9064177806417,19.586842906279,-28.8882985202581));
#7596=CARTESIAN_POINT('',(41.2424177806417,18.5361932322044,-27.010255649512));
#7597=CARTESIAN_POINT('',(41.2424177806417,18.301042761133,-27.6228435702578));
#7598=CARTESIAN_POINT('',(41.2424177806417,18.6214051048304,-28.1954932654726));
#7599=CARTESIAN_POINT('',(41.2424177806417,18.9417674485277,-28.7681429606874));
#7600=CARTESIAN_POINT('',(41.2424177806417,19.586842906279,-28.8882985202581));
#7601=CARTESIAN_POINT('',(46.141207905355,18.5361932322044,-27.010255649512));
#7602=CARTESIAN_POINT('',(41.2424177806417,18.5361932322044,-27.010255649512));
#7603=CARTESIAN_POINT('',(46.141207905355,27.5959147766524,-27.010255649512));
#7604=CARTESIAN_POINT('',(46.0688730733243,27.7419068895329,-27.3905781063088));
#7605=CARTESIAN_POINT('',(46.0101573902184,27.7112289780935,-27.833990440031));
#7606=CARTESIAN_POINT('',(45.9289443014007,27.3152930909464,-28.5478103464695));
#7607=CARTESIAN_POINT('',(45.9064177806416,26.9527539037375,-28.8123972526873));
#7608=CARTESIAN_POINT('',(45.9064177806417,26.5452651025778,-28.8882985202581));
#7609=CARTESIAN_POINT('',(41.2424177806417,27.5959147766524,-27.010255649512));
#7610=CARTESIAN_POINT('',(46.141207905355,27.5959147766524,-27.010255649512));
#7611=CARTESIAN_POINT('',(41.2424177806417,26.5452651025778,-28.8882985202581));
#7612=CARTESIAN_POINT('',(41.2424177806417,27.1903405603291,-28.7681429606874));
#7613=CARTESIAN_POINT('',(41.2424177806417,27.5107029040264,-28.1954932654726));
#7614=CARTESIAN_POINT('',(41.2424177806417,27.8310652477238,-27.6228435702578));
#7615=CARTESIAN_POINT('',(41.2424177806417,27.5959147766524,-27.010255649512));
#7616=CARTESIAN_POINT('',(45.9064177806417,26.5452651025778,-28.8882985202581));
#7617=CARTESIAN_POINT('',(41.2424177806417,26.5452651025778,-28.8882985202581));
#7618=CARTESIAN_POINT('',(46.141207905355,18.5361932322044,-27.010255649512));
#7619=CARTESIAN_POINT('',(46.422381532223,19.103680993224,-25.5318994889324));
#7620=CARTESIAN_POINT('',(47.2616196104538,20.207882480674,-22.6553562687577));
#7621=CARTESIAN_POINT('',(48.6638258704476,21.2613231352296,-19.911049539271));
#7622=CARTESIAN_POINT('',(49.4807782949603,21.7590414073325,-18.6144491113176));
#7623=CARTESIAN_POINT('',(41.2424177806417,21.7590414073323,-18.614449111318));
#7624=CARTESIAN_POINT('',(41.2424177806417,18.5361932322044,-27.010255649512));
#7625=CARTESIAN_POINT('',(41.2424177806417,24.3730666015245,-18.614449111318));
#7626=CARTESIAN_POINT('',(41.2424177806417,27.5959147766524,-27.010255649512));
#7627=CARTESIAN_POINT('',(49.48077829496,24.3730666015245,-18.6144491113181));
#7628=CARTESIAN_POINT('',(48.6594136432253,24.8734729690944,-19.9180522673775));
#7629=CARTESIAN_POINT('',(47.2627500718452,25.9241388208381,-22.6551303884022));
#7630=CARTESIAN_POINT('',(46.4227987267449,27.0275849993036,-25.5297059614009));
#7631=CARTESIAN_POINT('',(46.141207905355,27.5959147766524,-27.010255649512));
#7632=CARTESIAN_POINT('',(49.4807782949603,17.0683916073572,-16.2410163311327));
#7633=CARTESIAN_POINT('',(49.6600015928301,17.3239225656683,-16.0750725865086));
#7634=CARTESIAN_POINT('',(49.8011360779228,17.5919554447129,-16.0152115002649));
#7635=CARTESIAN_POINT('',(50.0435278319509,18.1532088674027,-16.0150789848882));
#7636=CARTESIAN_POINT('',(50.1132228995283,18.4282114324486,-16.1187071119024));
#7637=CARTESIAN_POINT('',(50.1133110040455,18.8789200898308,-16.4460361630081));
#7638=CARTESIAN_POINT('',(50.0437115281173,19.062507882506,-16.6754504587563));
#7639=CARTESIAN_POINT('',(49.8013979854278,19.236102473068,-17.2092867583142));
#7640=CARTESIAN_POINT('',(49.6601679086856,19.2621140633195,-17.4829248607637));
#7641=CARTESIAN_POINT('',(49.48077829496,19.1831824131825,-17.7775017894001));
#7642=CARTESIAN_POINT('',(41.2424177806417,17.0683916073568,-16.241016331133));
#7643=CARTESIAN_POINT('',(49.4807782949603,17.0683916073572,-16.2410163311327));
#7644=CARTESIAN_POINT('',(41.2424177806417,19.1831824131825,-17.7775017894001));
#7645=CARTESIAN_POINT('',(41.2424177806417,19.4322163751739,-16.8480943904381));
#7646=CARTESIAN_POINT('',(41.2424177806417,18.6537856095873,-16.2825313341317));
#7647=CARTESIAN_POINT('',(41.2424177806417,17.8753548440007,-15.7169682778252));
#7648=CARTESIAN_POINT('',(41.2424177806417,17.0683916073568,-16.241016331133));
#7649=CARTESIAN_POINT('',(49.48077829496,19.1831824131825,-17.7775017894001));
#7650=CARTESIAN_POINT('',(41.2424177806417,19.1831824131825,-17.7775017894001));
#7651=CARTESIAN_POINT('',(45.9064177806417,9.27222893800017,-23.2759488566436));
#7652=CARTESIAN_POINT('',(45.9064177806417,8.98721830220677,-22.9750709043807));
#7653=CARTESIAN_POINT('',(45.9289378085082,8.84943379898895,-22.5480005499416));
#7654=CARTESIAN_POINT('',(46.0101404790919,8.94858579368137,-21.7377692740126));
#7655=CARTESIAN_POINT('',(46.0688626563126,9.18441416503469,-21.3609311467748));
#7656=CARTESIAN_POINT('',(46.141207905355,9.52612139913699,-21.1390238742983));
#7657=CARTESIAN_POINT('',(41.2424177806417,9.27222893800016,-23.2759488566436));
#7658=CARTESIAN_POINT('',(45.9064177806417,9.27222893800017,-23.2759488566436));
#7659=CARTESIAN_POINT('',(41.2424177806417,9.52612139913699,-21.1390238742983));
#7660=CARTESIAN_POINT('',(41.2424177806417,8.97581052625795,-21.4963999337651));
#7661=CARTESIAN_POINT('',(41.2424177806417,8.89839406108984,-22.1479875300327));
#7662=CARTESIAN_POINT('',(41.2424177806417,8.82097759592173,-22.7995751263002));
#7663=CARTESIAN_POINT('',(41.2424177806417,9.27222893800016,-23.2759488566436));
#7664=CARTESIAN_POINT('',(46.141207905355,9.52612139913699,-21.1390238742983));
#7665=CARTESIAN_POINT('',(41.2424177806417,9.52612139913699,-21.1390238742983));
#7666=CARTESIAN_POINT('',(46.141207905355,16.8555900929001,-26.4641945880011));
#7667=CARTESIAN_POINT('',(46.0688730733244,16.7501522620445,-26.8576939297944));
#7668=CARTESIAN_POINT('',(46.0101573902185,16.4647020798915,-27.1983900193759));
#7669=CARTESIAN_POINT('',(45.9289443014007,15.7248104047092,-27.5431571792894));
#7670=CARTESIAN_POINT('',(45.9064177806417,15.2759897597058,-27.5441172952892));
#7671=CARTESIAN_POINT('',(45.9064177806417,14.9017107488417,-27.3660068028526));
#7672=CARTESIAN_POINT('',(41.2424177806417,16.8555900929001,-26.4641945880011));
#7673=CARTESIAN_POINT('',(46.141207905355,16.8555900929001,-26.4641945880011));
#7674=CARTESIAN_POINT('',(41.2424177806417,14.9017107488417,-27.3660068028526));
#7675=CARTESIAN_POINT('',(41.2424177806417,15.4942134227134,-27.6479647538733));
#7676=CARTESIAN_POINT('',(41.2424177806417,16.0899870486993,-27.372985679636));
#7677=CARTESIAN_POINT('',(41.2424177806417,16.6857606746853,-27.0980066053988));
#7678=CARTESIAN_POINT('',(41.2424177806417,16.8555900929002,-26.4641945880011));
#7679=CARTESIAN_POINT('',(45.9064177806417,14.9017107488417,-27.3660068028526));
#7680=CARTESIAN_POINT('',(41.2424177806417,14.9017107488417,-27.3660068028526));
#7681=CARTESIAN_POINT('',(46.141207905355,9.52612139913699,-21.1390238742983));
#7682=CARTESIAN_POINT('',(46.422381532223,10.854184590726,-20.2765695534343));
#7683=CARTESIAN_POINT('',(47.2616196104539,13.4382920416877,-18.5984305531415));
#7684=CARTESIAN_POINT('',(48.6638258704477,15.9036064571479,-16.9974366521223));
#7685=CARTESIAN_POINT('',(49.4807782949603,17.0683916073572,-16.2410163311327));
#7686=CARTESIAN_POINT('',(41.2424177806417,9.52612139913699,-21.1390238742983));
#7687=CARTESIAN_POINT('',(41.2424177806417,17.0683916073568,-16.241016331133));
#7688=CARTESIAN_POINT('',(41.2424177806417,19.1831824131825,-17.7775017894001));
#7689=CARTESIAN_POINT('',(41.2424177806417,16.8555900929001,-26.4641945880011));
#7690=CARTESIAN_POINT('',(49.48077829496,19.1831824131825,-17.7775017894001));
#7691=CARTESIAN_POINT('',(48.6594136432253,18.8217809586663,-19.1262703795838));
#7692=CARTESIAN_POINT('',(47.2627500718451,18.0629733342257,-21.9581789871669));
#7693=CARTESIAN_POINT('',(46.4227987267449,17.2660469165736,-24.9323488677385));
#7694=CARTESIAN_POINT('',(46.141207905355,16.8555900929001,-26.4641945880011));
#7695=CARTESIAN_POINT('',(49.4807782949603,14.668644990016,-11.5637741008625));
#7696=CARTESIAN_POINT('',(49.6600015928413,14.9729131636979,-11.5797201201518));
#7697=CARTESIAN_POINT('',(49.8011360779462,15.2249417815707,-11.6888372575194));
#7698=CARTESIAN_POINT('',(50.0435278320259,15.6790832292697,-12.0186265349889));
#7699=CARTESIAN_POINT('',(50.1132228996225,15.84065389309,-12.2641059029125));
#7700=CARTESIAN_POINT('',(50.1133110041396,16.0128856675294,-12.7938405698756));
#7701=CARTESIAN_POINT('',(50.0437115281918,16.0265649720694,-13.0873508309123));
#7702=CARTESIAN_POINT('',(49.8013979854502,15.8532248419432,-13.6212698096877));
#7703=CARTESIAN_POINT('',(49.6601679086963,15.7134282194321,-13.8579369140192));
#7704=CARTESIAN_POINT('',(49.48077829496,15.4764231987451,-14.0498597955586));
#7705=CARTESIAN_POINT('',(41.2424177806417,14.6686449900155,-11.5637741008624));
#7706=CARTESIAN_POINT('',(49.4807782949603,14.668644990016,-11.5637741008625));
#7707=CARTESIAN_POINT('',(41.2424177806417,15.4764231987451,-14.0498597955586));
#7708=CARTESIAN_POINT('',(41.2424177806417,16.224187868654,-13.444331905279));
#7709=CARTESIAN_POINT('',(41.2424177806417,15.9268537740886,-12.5292316573939));
#7710=CARTESIAN_POINT('',(41.2424177806417,15.6295196795231,-11.6141314095088));
#7711=CARTESIAN_POINT('',(41.2424177806417,14.6686449900155,-11.5637741008624));
#7712=CARTESIAN_POINT('',(49.48077829496,15.4764231987451,-14.0498597955586));
#7713=CARTESIAN_POINT('',(41.2424177806417,15.4764231987451,-14.0498597955586));
#7714=CARTESIAN_POINT('',(45.9064177806417,4.22638731022661,-12.6726846267606));
#7715=CARTESIAN_POINT('',(45.9064177806417,4.17266048537225,-12.2617442016814));
#7716=CARTESIAN_POINT('',(45.9289378085082,4.31221613673817,-11.8352493281605));
#7717=CARTESIAN_POINT('',(46.0101404790919,4.86867378040768,-11.2380385367755));
#7718=CARTESIAN_POINT('',(46.0688626563126,5.28096283428013,-11.0717865264653));
#7719=CARTESIAN_POINT('',(46.141207905355,5.6878436159079,-11.0931102446634));
#7720=CARTESIAN_POINT('',(41.2424177806417,4.22638731022661,-12.6726846267606));
#7721=CARTESIAN_POINT('',(45.9064177806417,4.22638731022661,-12.6726846267606));
#7722=CARTESIAN_POINT('',(41.2424177806417,5.6878436159079,-11.0931102446634));
#7723=CARTESIAN_POINT('',(41.2424177806417,5.03257239028251,-11.0587689349003));
#7724=CARTESIAN_POINT('',(41.2424177806417,4.5869475746543,-11.5404101170942));
#7725=CARTESIAN_POINT('',(41.2424177806417,4.1413227590261,-12.0220512992882));
#7726=CARTESIAN_POINT('',(41.2424177806417,4.22638731022661,-12.6726846267606));
#7727=CARTESIAN_POINT('',(46.141207905355,5.6878436159079,-11.0931102446634));
#7728=CARTESIAN_POINT('',(41.2424177806417,5.6878436159079,-11.0931102446634));
#7729=CARTESIAN_POINT('',(46.141207905355,8.48745153744717,-19.7094174553301));
#7730=CARTESIAN_POINT('',(46.0688730733244,8.170857430542,-19.9657903081055));
#7731=CARTESIAN_POINT('',(46.0101573902185,7.73966724516313,-20.0736358271604));
#7732=CARTESIAN_POINT('',(45.9289443014007,6.93843325387214,-19.9176609036667));
#7733=CARTESIAN_POINT('',(45.9064177806417,6.57476538261284,-19.6546274977697));
#7734=CARTESIAN_POINT('',(45.9064177806417,6.37665802291872,-19.2905373996834));
#7735=CARTESIAN_POINT('',(41.2424177806417,8.48745153744717,-19.7094174553301));
#7736=CARTESIAN_POINT('',(46.141207905355,8.48745153744717,-19.7094174553301));
#7737=CARTESIAN_POINT('',(41.2424177806417,6.37665802291872,-19.2905373996834));
#7738=CARTESIAN_POINT('',(41.2424177806417,6.69027202991694,-19.8669105074039));
#7739=CARTESIAN_POINT('',(41.2424177806417,7.33389166266571,-19.9946347143079));
#7740=CARTESIAN_POINT('',(41.2424177806417,7.97751129541448,-20.1223589212118));
#7741=CARTESIAN_POINT('',(41.2424177806417,8.48745153744717,-19.7094174553301));
#7742=CARTESIAN_POINT('',(45.9064177806417,6.37665802291872,-19.2905373996834));
#7743=CARTESIAN_POINT('',(41.2424177806417,6.37665802291872,-19.2905373996834));
#7744=CARTESIAN_POINT('',(46.141207905355,5.6878436159079,-11.0931102446634));
#7745=CARTESIAN_POINT('',(46.422381532223,7.26920723808698,-11.1759860003408));
#7746=CARTESIAN_POINT('',(47.2616196104539,10.3461794368749,-11.3372432801949));
#7747=CARTESIAN_POINT('',(48.6638258704476,13.281701299489,-11.4910874620513));
#7748=CARTESIAN_POINT('',(49.4807782949603,14.668644990016,-11.5637741008625));
#7749=CARTESIAN_POINT('',(41.2424177806417,14.6686449900155,-11.5637741008624));
#7750=CARTESIAN_POINT('',(41.2424177806417,5.6878436159079,-11.0931102446634));
#7751=CARTESIAN_POINT('',(41.2424177806417,8.48745153744717,-19.7094174553301));
#7752=CARTESIAN_POINT('',(41.2424177806417,15.4764231987451,-14.0498597955586));
#7753=CARTESIAN_POINT('',(49.48077829496,15.4764231987451,-14.0498597955586));
#7754=CARTESIAN_POINT('',(48.6594136432253,14.3912569941844,-14.9286100613747));
#7755=CARTESIAN_POINT('',(47.2627500718452,12.1128146151732,-16.7736563204528));
#7756=CARTESIAN_POINT('',(46.4227987267449,9.71991440641387,-18.7113887025351));
#7757=CARTESIAN_POINT('',(46.141207905355,8.48745153744717,-19.7094174553301));
#7758=CARTESIAN_POINT('',(49.4807782949603,15.4764231987455,-6.36926997885373));
#7759=CARTESIAN_POINT('',(49.6600015928413,15.7132084871306,-6.56101492468358));
#7760=CARTESIAN_POINT('',(49.8011360779462,15.8529664779414,-6.79743124793286));
#7761=CARTESIAN_POINT('',(50.0435278320259,16.0265293533192,-7.33117402338056));
#7762=CARTESIAN_POINT('',(50.1132228996226,16.0129536139347,-7.62473985719581));
#7763=CARTESIAN_POINT('',(50.1133110041396,15.8409218215585,-8.15453950227013));
#7764=CARTESIAN_POINT('',(50.0437115281918,15.6794676085688,-8.40003478494253));
#7765=CARTESIAN_POINT('',(49.8013979854502,15.2254027958462,-8.73009754027245));
#7766=CARTESIAN_POINT('',(49.6601679086963,14.9731955188498,-8.83939485665389));
#7767=CARTESIAN_POINT('',(49.48077829496,14.6686449900155,-8.85535567354957));
#7768=CARTESIAN_POINT('',(41.2424177806417,15.4764231987452,-6.36926997885344));
#7769=CARTESIAN_POINT('',(49.4807782949603,15.4764231987455,-6.36926997885373));
#7770=CARTESIAN_POINT('',(41.2424177806417,14.6686449900155,-8.85535567354957));
#7771=CARTESIAN_POINT('',(41.2424177806417,15.6295196795231,-8.8049983649032));
#7772=CARTESIAN_POINT('',(41.2424177806417,15.9268537740886,-7.88989811701812));
#7773=CARTESIAN_POINT('',(41.2424177806417,16.2241878686541,-6.97479786913304));
#7774=CARTESIAN_POINT('',(41.2424177806417,15.4764231987452,-6.36926997885344));
#7775=CARTESIAN_POINT('',(49.48077829496,14.6686449900155,-8.85535567354957));
#7776=CARTESIAN_POINT('',(41.2424177806417,14.6686449900155,-8.85535567354957));
#7777=CARTESIAN_POINT('',(45.9064177806417,6.37665802291879,-1.1285923747286));
#7778=CARTESIAN_POINT('',(45.9064177806417,6.57473682999022,-0.764554751861892));
#7779=CARTESIAN_POINT('',(45.9289378085082,6.9383271204402,-0.501541904916694));
#7780=CARTESIAN_POINT('',(46.010140479092,7.73954250650475,-0.345465821936434));
#7781=CARTESIAN_POINT('',(46.0688626563126,8.17081183750662,-0.453302545794394));
#7782=CARTESIAN_POINT('',(46.141207905355,8.48745153744719,-0.709712319081936));
#7783=CARTESIAN_POINT('',(41.2424177806417,6.37665802291879,-1.1285923747286));
#7784=CARTESIAN_POINT('',(45.9064177806417,6.37665802291879,-1.1285923747286));
#7785=CARTESIAN_POINT('',(41.2424177806417,8.48745153744719,-0.709712319081936));
#7786=CARTESIAN_POINT('',(41.2424177806417,7.9775112954145,-0.296770853200247));
#7787=CARTESIAN_POINT('',(41.2424177806417,7.33389166266575,-0.424495060104169));
#7788=CARTESIAN_POINT('',(41.2424177806417,6.690272029917,-0.552219267008092));
#7789=CARTESIAN_POINT('',(41.2424177806417,6.37665802291879,-1.1285923747286));
#7790=CARTESIAN_POINT('',(46.141207905355,8.48745153744719,-0.709712319081936));
#7791=CARTESIAN_POINT('',(41.2424177806417,8.48745153744719,-0.709712319081937));
#7792=CARTESIAN_POINT('',(46.141207905355,5.6878436159079,-9.32601952974864));
#7793=CARTESIAN_POINT('',(46.0688730733244,5.28102142115309,-9.34734017753879));
#7794=CARTESIAN_POINT('',(46.0101573902184,4.86879122774769,-9.18114180332236));
#7795=CARTESIAN_POINT('',(45.9289443014007,4.31225907207947,-8.58400191580338));
#7796=CARTESIAN_POINT('',(45.9064177806417,4.17265274076908,-8.15744480888558));
#7797=CARTESIAN_POINT('',(45.9064177806417,4.22638731022661,-7.74644514765137));
#7798=CARTESIAN_POINT('',(41.2424177806417,5.6878436159079,-9.32601952974864));
#7799=CARTESIAN_POINT('',(46.141207905355,5.6878436159079,-9.32601952974864));
#7800=CARTESIAN_POINT('',(41.2424177806417,4.22638731022661,-7.74644514765137));
#7801=CARTESIAN_POINT('',(41.2424177806417,4.1413227590261,-8.39707847512385));
#7802=CARTESIAN_POINT('',(41.2424177806417,4.5869475746543,-8.8787196573178));
#7803=CARTESIAN_POINT('',(41.2424177806417,5.03257239028251,-9.36036083951174));
#7804=CARTESIAN_POINT('',(41.2424177806417,5.6878436159079,-9.32601952974864));
#7805=CARTESIAN_POINT('',(45.9064177806417,4.22638731022661,-7.74644514765137));
#7806=CARTESIAN_POINT('',(41.2424177806417,4.22638731022661,-7.74644514765137));
#7807=CARTESIAN_POINT('',(49.4807782949603,15.4764231987455,-6.36926997885373));
#7808=CARTESIAN_POINT('',(48.6638258704476,14.3970863172,-5.49524020573969));
#7809=CARTESIAN_POINT('',(47.2616196104539,12.1126265842322,-3.6453211895054));
#7810=CARTESIAN_POINT('',(46.422381532223,9.7180884351166,-1.70626242947527));
#7811=CARTESIAN_POINT('',(46.141207905355,8.48745153744719,-0.709712319081936));
#7812=CARTESIAN_POINT('',(41.2424177806417,8.48745153744719,-0.709712319081937));
#7813=CARTESIAN_POINT('',(41.2424177806417,15.4764231987452,-6.36926997885344));
#7814=CARTESIAN_POINT('',(41.2424177806417,5.6878436159079,-9.32601952974864));
#7815=CARTESIAN_POINT('',(41.2424177806417,14.6686449900155,-8.85535567354957));
#7816=CARTESIAN_POINT('',(49.48077829496,14.6686449900155,-8.85535567354957));
#7817=CARTESIAN_POINT('',(48.6594136432254,13.2742106421097,-8.92843488107931));
#7818=CARTESIAN_POINT('',(47.2627500718452,10.346421055902,-9.08187383150047));
#7819=CARTESIAN_POINT('',(46.4227987267449,7.2715536040948,-9.24302080623939));
#7820=CARTESIAN_POINT('',(46.141207905355,5.6878436159079,-9.32601952974864));
#7821=CARTESIAN_POINT('',(49.4807782949603,19.1831824131827,-2.64162798501241));
#7822=CARTESIAN_POINT('',(49.6600015928413,19.2620408841438,-2.93593180524681));
#7823=CARTESIAN_POINT('',(49.8011360779462,19.2361454456023,-3.20934431439176));
#7824=CARTESIAN_POINT('',(50.0435278320259,19.0628346294497,-3.74316898884633));
#7825=CARTESIAN_POINT('',(50.1132228996225,18.8792979578829,-3.97268911797156));
#7826=CARTESIAN_POINT('',(50.1133110041396,18.4287128962333,-4.30018828396635));
#7827=CARTESIAN_POINT('',(50.0437115281918,18.1537951874489,-4.40389773437132));
#7828=CARTESIAN_POINT('',(49.8013979854502,17.5924430174948,-4.4040315121402));
#7829=CARTESIAN_POINT('',(49.6601679086963,17.3241596936155,-4.344211180593));
#7830=CARTESIAN_POINT('',(49.48077829496,17.0683916073568,-4.17811344327902));
#7831=CARTESIAN_POINT('',(41.2424177806417,19.1831824131826,-2.64162798501195));
#7832=CARTESIAN_POINT('',(49.4807782949603,19.1831824131827,-2.64162798501241));
#7833=CARTESIAN_POINT('',(41.2424177806417,17.0683916073568,-4.17811344327903));
#7834=CARTESIAN_POINT('',(41.2424177806417,17.8753548440007,-4.70216149658681));
#7835=CARTESIAN_POINT('',(41.2424177806417,18.6537856095873,-4.13659844028038));
#7836=CARTESIAN_POINT('',(41.2424177806417,19.4322163751739,-3.57103538397396));
#7837=CARTESIAN_POINT('',(41.2424177806417,19.1831824131826,-2.64162798501195));
#7838=CARTESIAN_POINT('',(49.48077829496,17.0683916073568,-4.17811344327902));
#7839=CARTESIAN_POINT('',(41.2424177806417,17.0683916073568,-4.17811344327903));
#7840=CARTESIAN_POINT('',(45.9064177806417,14.9017107488417,6.9468770284406));
#7841=CARTESIAN_POINT('',(45.9064177806417,15.2759358159887,7.12496185034334));
#7842=CARTESIAN_POINT('',(45.9289378085082,15.7246816125503,7.12403070265771));
#7843=CARTESIAN_POINT('',(46.010140479092,16.4646176958425,6.77935631836566));
#7844=CARTESIAN_POINT('',(46.0688626563126,16.7501370778365,6.43862082361792));
#7845=CARTESIAN_POINT('',(46.141207905355,16.8555900929002,6.04506481358909));
#7846=CARTESIAN_POINT('',(41.2424177806417,14.9017107488417,6.9468770284406));
#7847=CARTESIAN_POINT('',(45.9064177806417,14.9017107488417,6.9468770284406));
#7848=CARTESIAN_POINT('',(41.2424177806417,16.8555900929002,6.04506481358909));
#7849=CARTESIAN_POINT('',(41.2424177806417,16.6857606746853,6.67887683098675));
#7850=CARTESIAN_POINT('',(41.2424177806417,16.0899870486993,6.95385590522402));
#7851=CARTESIAN_POINT('',(41.2424177806417,15.4942134227134,7.2288349794613));
#7852=CARTESIAN_POINT('',(41.2424177806417,14.9017107488417,6.9468770284406));
#7853=CARTESIAN_POINT('',(46.141207905355,16.8555900929002,6.04506481358909));
#7854=CARTESIAN_POINT('',(41.2424177806417,16.8555900929002,6.0450648135891));
#7855=CARTESIAN_POINT('',(46.141207905355,9.52612139913699,0.719894099886282));
#7856=CARTESIAN_POINT('',(46.0688730733243,9.18446336755105,0.94176941987509));
#7857=CARTESIAN_POINT('',(46.0101573902184,8.948651088811,1.31852955728705));
#7858=CARTESIAN_POINT('',(45.9289443014007,8.84939713639852,2.12874726783738));
#7859=CARTESIAN_POINT('',(45.9064177806417,8.98717721855292,2.55589775907621));
#7860=CARTESIAN_POINT('',(45.9064177806417,9.27222893800017,2.85681908223161));
#7861=CARTESIAN_POINT('',(41.2424177806417,9.52612139913699,0.719894099886282));
#7862=CARTESIAN_POINT('',(46.141207905355,9.52612139913699,0.719894099886282));
#7863=CARTESIAN_POINT('',(41.2424177806417,9.27222893800016,2.85681908223163));
#7864=CARTESIAN_POINT('',(41.2424177806417,8.82097759592173,2.38044535188821));
#7865=CARTESIAN_POINT('',(41.2424177806417,8.89839406108984,1.72885775562063));
#7866=CARTESIAN_POINT('',(41.2424177806417,8.97581052625795,1.07727015935306));
#7867=CARTESIAN_POINT('',(41.2424177806417,9.52612139913699,0.71989409988628));
#7868=CARTESIAN_POINT('',(45.9064177806417,9.27222893800017,2.85681908223161));
#7869=CARTESIAN_POINT('',(41.2424177806417,9.27222893800016,2.85681908223163));
#7870=CARTESIAN_POINT('',(46.141207905355,16.8555900929002,6.04506481358909));
#7871=CARTESIAN_POINT('',(46.422381532223,17.2654387989599,4.51548861915759));
#7872=CARTESIAN_POINT('',(47.2616196104539,18.0629107127994,1.53928291909972));
#7873=CARTESIAN_POINT('',(48.6638258704476,18.8237223440577,-1.30010474374567));
#7874=CARTESIAN_POINT('',(49.4807782949603,19.1831824131827,-2.64162798501241));
#7875=CARTESIAN_POINT('',(41.2424177806417,19.1831824131826,-2.64162798501195));
#7876=CARTESIAN_POINT('',(41.2424177806417,16.8555900929002,6.0450648135891));
#7877=CARTESIAN_POINT('',(41.2424177806417,9.52612139913699,0.719894099886282));
#7878=CARTESIAN_POINT('',(41.2424177806417,17.0683916073568,-4.17811344327903));
#7879=CARTESIAN_POINT('',(49.48077829496,17.0683916073568,-4.17811344327902));
#7880=CARTESIAN_POINT('',(48.6594136432253,15.8973156419257,-3.41760781911696));
#7881=CARTESIAN_POINT('',(47.2627500718451,13.4384949585449,-1.82083099701838));
#7882=CARTESIAN_POINT('',(46.4227987267449,10.8561551193794,-0.143839897247849));
#7883=CARTESIAN_POINT('',(46.141207905355,9.52612139913699,0.719894099886282));
#7884=CARTESIAN_POINT('',(38.7424177806416,20.9559592194284,-3.75956488720601));
#7885=CARTESIAN_POINT('',(38.7424177806416,20.9559592193605,-7.10956488640613));
#7886=CARTESIAN_POINT('',(38.7424177806416,25.1559592194291,-6.77850537019827));
#7887=CARTESIAN_POINT('',(38.7424177806416,25.1559592194284,-3.75956488720601));
#7888=CARTESIAN_POINT('',(38.7424177806416,25.1559592194284,-16.659564887206));
#7889=CARTESIAN_POINT('',(38.7424177806416,25.1559592194291,-13.6406244042137));
#7890=CARTESIAN_POINT('',(38.7424177806416,20.9559592193605,-13.3095648880059));
#7891=CARTESIAN_POINT('',(38.7424177806416,20.9559592194284,-16.659564887206));
#7892=CARTESIAN_POINT('',(38.7424177806416,24.1160540044284,-11.259564887206));
#7893=CARTESIAN_POINT('',(38.7424177806416,22.0160540044284,-11.259564887206));
#7894=CARTESIAN_POINT('',(38.7424177806416,24.1160540044284,-9.15956488720601));
#7895=CARTESIAN_POINT('',(38.7424177806416,24.1160540044284,-11.259564887206));
#7896=CARTESIAN_POINT('',(38.7424177806416,22.0160540044284,-9.15956488720601));
#7897=CARTESIAN_POINT('',(38.7424177806416,24.1160540044284,-9.15956488720601));
#7898=CARTESIAN_POINT('',(38.7424177806416,22.0160540044284,-11.259564887206));
#7899=CARTESIAN_POINT('',(38.7424177806416,22.0160540044284,-9.15956488720601));
#7900=CARTESIAN_POINT('',(40.3424177806417,22.0160540044349,-12.2559030801934));
#7901=CARTESIAN_POINT('',(40.3424177806417,22.0160540044349,-8.16322669421863));
#7902=CARTESIAN_POINT('',(40.3424177806417,24.1160540044219,-8.16322669421863));
#7903=CARTESIAN_POINT('',(40.3424177806417,24.1160540044219,-12.2559030801934));
#7904=CARTESIAN_POINT('',(39.5424177806417,22.0160540044284,-11.259564887206));
#7905=CARTESIAN_POINT('',(40.1424177806417,22.0160540044284,-11.259564887206));
#7906=CARTESIAN_POINT('',(38.7424177806416,22.0160540044284,-11.259564887206));
#7907=CARTESIAN_POINT('',(39.5424177806417,22.0160540044284,-11.259564887206));
#7908=CARTESIAN_POINT('',(39.5424177806417,22.0160540044284,-9.15956488720601));
#7909=CARTESIAN_POINT('',(38.7424177806416,22.0160540044284,-9.15956488720601));
#7910=CARTESIAN_POINT('',(40.1424177806417,22.0160540044284,-9.15956488720601));
#7911=CARTESIAN_POINT('',(39.5424177806417,22.0160540044284,-9.15956488720601));
#7912=CARTESIAN_POINT('',(40.1424177806417,22.0160540044349,-8.16322669421863));
#7913=CARTESIAN_POINT('',(40.1424177806417,22.0160540044284,-9.15956488720601));
#7914=CARTESIAN_POINT('',(40.3424177806417,22.0160540044349,-8.16322669421863));
#7915=CARTESIAN_POINT('',(40.1424177806417,22.0160540044349,-8.16322669421863));
#7916=CARTESIAN_POINT('',(40.1424177806417,22.0160540044349,-12.2559030801934));
#7917=CARTESIAN_POINT('',(40.3424177806417,22.0160540044349,-12.2559030801934));
#7918=CARTESIAN_POINT('',(40.1424177806417,22.0160540044284,-11.259564887206));
#7919=CARTESIAN_POINT('',(40.1424177806417,22.0160540044349,-12.2559030801934));
#7920=CARTESIAN_POINT('',(39.5424177806417,24.1160540044284,-11.259564887206));
#7921=CARTESIAN_POINT('',(40.1424177806417,24.1160540044284,-11.259564887206));
#7922=CARTESIAN_POINT('',(38.7424177806416,24.1160540044284,-11.259564887206));
#7923=CARTESIAN_POINT('',(39.5424177806417,24.1160540044284,-11.259564887206));
#7924=CARTESIAN_POINT('',(40.1424177806417,24.1160540044284,-11.259564887206));
#7925=CARTESIAN_POINT('',(40.1424177806417,22.0160540044284,-11.259564887206));
#7926=CARTESIAN_POINT('',(40.1424177806417,24.1160540044284,-11.259564887206));
#7927=CARTESIAN_POINT('',(40.1424177806417,24.1160540044219,-12.2559030801934));
#7928=CARTESIAN_POINT('',(40.1424177806417,24.1160540044219,-12.2559030801934));
#7929=CARTESIAN_POINT('',(40.3424177806417,24.1160540044219,-12.2559030801934));
#7930=CARTESIAN_POINT('',(40.3424177806417,24.1160540044219,-8.16322669421863));
#7931=CARTESIAN_POINT('',(40.1424177806417,24.1160540044219,-8.16322669421863));
#7932=CARTESIAN_POINT('',(40.1424177806417,24.1160540044219,-8.16322669421863));
#7933=CARTESIAN_POINT('',(40.1424177806417,24.1160540044284,-9.15956488720601));
#7934=CARTESIAN_POINT('',(40.1424177806417,24.1160540044284,-9.15956488720601));
#7935=CARTESIAN_POINT('',(39.5424177806417,24.1160540044284,-9.15956488720601));
#7936=CARTESIAN_POINT('',(39.5424177806417,24.1160540044284,-9.15956488720601));
#7937=CARTESIAN_POINT('',(38.7424177806416,24.1160540044284,-9.15956488720601));
#7938=CARTESIAN_POINT('',(40.1424177806417,22.0160540044284,-9.15956488720601));
#7939=CARTESIAN_POINT('',(40.1424177806417,24.1160540044284,-9.15956488720601));
#7940=CARTESIAN_POINT('',(36.4424177806417,8.49276110151111,-8.166902515181));
#7941=CARTESIAN_POINT('',(36.4424177806417,6.61605400526312,-8.32611630642895));
#7942=CARTESIAN_POINT('',(36.4424177806417,6.61605400526311,-10.209564887206));
#7943=CARTESIAN_POINT('',(36.4424177806417,6.61605400526312,-12.0930134679831));
#7944=CARTESIAN_POINT('',(36.4424177806417,8.49276110151111,-12.252227259231));
#7945=CARTESIAN_POINT('',(38.7424177806416,8.49276110151111,-8.166902515181));
#7946=CARTESIAN_POINT('',(36.4424177806417,8.49276110151111,-8.166902515181));
#7947=CARTESIAN_POINT('',(38.7424177806417,8.49276110151111,-8.166902515181));
#7948=CARTESIAN_POINT('',(38.7424177806417,6.61605400526312,-8.32611630642895));
#7949=CARTESIAN_POINT('',(38.7424177806417,6.61605400526311,-10.209564887206));
#7950=CARTESIAN_POINT('',(38.7424177806417,6.61605400526312,-12.0930134679831));
#7951=CARTESIAN_POINT('',(38.7424177806417,8.49276110151111,-12.252227259231));
#7952=CARTESIAN_POINT('',(36.4424177806417,8.49276110151111,-12.252227259231));
#7953=CARTESIAN_POINT('',(38.7424177806416,8.49276110151111,-12.252227259231));
#7954=CARTESIAN_POINT('',(36.4424177806417,8.49276110151111,-8.166902515181));
#7955=CARTESIAN_POINT('',(36.4424177806417,20.9559592193605,-7.10956488640613));
#7956=CARTESIAN_POINT('',(36.4424177806417,20.9559592193605,-7.10956488640613));
#7957=CARTESIAN_POINT('',(38.7424177806416,20.9559592193605,-7.10956488640613));
#7958=CARTESIAN_POINT('',(38.7424177806416,20.9559592193605,-7.10956488640613));
#7959=CARTESIAN_POINT('',(38.7424177806416,8.49276110151111,-8.166902515181));
#7960=CARTESIAN_POINT('',(36.4424177806417,20.9559592193605,-7.10956488640613));
#7961=CARTESIAN_POINT('',(36.4424177806417,20.9559592194284,-3.75956488720601));
#7962=CARTESIAN_POINT('',(36.4424177806417,20.9559592194284,-3.75956488720601));
#7963=CARTESIAN_POINT('',(38.7424177806416,20.9559592194284,-3.75956488720601));
#7964=CARTESIAN_POINT('',(36.4424177806417,25.1559592194284,-3.75956488720601));
#7965=CARTESIAN_POINT('',(36.4424177806417,25.1559592194284,-1.65956488720601));
#7966=CARTESIAN_POINT('',(36.4424177806417,23.0559592194284,-1.65956488720601));
#7967=CARTESIAN_POINT('',(36.4424177806417,20.9559592194284,-1.65956488720601));
#7968=CARTESIAN_POINT('',(36.4424177806417,20.9559592194284,-3.75956488720601));
#7969=CARTESIAN_POINT('',(38.7424177806416,25.1559592194284,-3.75956488720601));
#7970=CARTESIAN_POINT('',(36.4424177806417,25.1559592194284,-3.75956488720601));
#7971=CARTESIAN_POINT('',(38.7424177806417,25.1559592194284,-3.75956488720601));
#7972=CARTESIAN_POINT('',(38.7424177806417,25.1559592194284,-1.65956488720601));
#7973=CARTESIAN_POINT('',(38.7424177806417,23.0559592194284,-1.65956488720601));
#7974=CARTESIAN_POINT('',(38.7424177806417,20.9559592194284,-1.65956488720601));
#7975=CARTESIAN_POINT('',(38.7424177806417,20.9559592194284,-3.75956488720601));
#7976=CARTESIAN_POINT('',(36.4424177806417,25.1559592194284,-3.75956488720601));
#7977=CARTESIAN_POINT('',(36.4424177806417,25.1559592194291,-6.77850537019827));
#7978=CARTESIAN_POINT('',(36.4424177806417,25.1559592194291,-6.77850537019827));
#7979=CARTESIAN_POINT('',(38.7424177806416,25.1559592194291,-6.77850537019827));
#7980=CARTESIAN_POINT('',(36.4424177806417,39.6099137383852,-8.11853203167222));
#7981=CARTESIAN_POINT('',(36.4424177806417,25.1559592194291,-6.77850537019827));
#7982=CARTESIAN_POINT('',(38.7424177806416,39.6099137383852,-8.11853203167222));
#7983=CARTESIAN_POINT('',(36.4424177806417,39.6099137383852,-8.11853203167222));
#7984=CARTESIAN_POINT('',(38.7424177806416,39.6099137383852,-8.11853203167222));
#7985=CARTESIAN_POINT('',(38.7424177806416,25.1559592194291,-6.77850537019827));
#7986=CARTESIAN_POINT('',(36.4424177806417,39.6099137383852,-12.3005977427398));
#7987=CARTESIAN_POINT('',(36.4424177806417,41.5160540042914,-12.1238794076699));
#7988=CARTESIAN_POINT('',(36.4424177806417,41.5160540042914,-10.209564887206));
#7989=CARTESIAN_POINT('',(36.4424177806417,41.5160540042914,-8.29525036674209));
#7990=CARTESIAN_POINT('',(36.4424177806417,39.6099137383852,-8.11853203167221));
#7991=CARTESIAN_POINT('',(38.7424177806416,39.6099137383852,-12.3005977427398));
#7992=CARTESIAN_POINT('',(36.4424177806417,39.6099137383852,-12.3005977427398));
#7993=CARTESIAN_POINT('',(38.7424177806417,39.6099137383852,-12.3005977427398));
#7994=CARTESIAN_POINT('',(38.7424177806417,41.5160540042914,-12.1238794076699));
#7995=CARTESIAN_POINT('',(38.7424177806417,41.5160540042914,-10.209564887206));
#7996=CARTESIAN_POINT('',(38.7424177806417,41.5160540042914,-8.29525036674209));
#7997=CARTESIAN_POINT('',(38.7424177806417,39.6099137383852,-8.11853203167221));
#7998=CARTESIAN_POINT('',(36.4424177806417,39.6099137383852,-12.3005977427398));
#7999=CARTESIAN_POINT('',(36.4424177806417,25.1559592194291,-13.6406244042137));
#8000=CARTESIAN_POINT('',(36.4424177806417,25.1559592194291,-13.6406244042137));
#8001=CARTESIAN_POINT('',(38.7424177806416,25.1559592194291,-13.6406244042137));
#8002=CARTESIAN_POINT('',(38.7424177806416,25.1559592194291,-13.6406244042137));
#8003=CARTESIAN_POINT('',(38.7424177806416,39.6099137383852,-12.3005977427398));
#8004=CARTESIAN_POINT('',(36.4424177806417,25.1559592194291,-13.6406244042137));
#8005=CARTESIAN_POINT('',(36.4424177806417,25.1559592194284,-16.659564887206));
#8006=CARTESIAN_POINT('',(36.4424177806417,25.1559592194284,-16.659564887206));
#8007=CARTESIAN_POINT('',(38.7424177806416,25.1559592194284,-16.659564887206));
#8008=CARTESIAN_POINT('',(38.7424177806417,20.9559592194284,-16.659564887206));
#8009=CARTESIAN_POINT('',(38.7424177806417,20.9559592194284,-18.759564887206));
#8010=CARTESIAN_POINT('',(38.7424177806417,23.0559592194284,-18.759564887206));
#8011=CARTESIAN_POINT('',(38.7424177806417,25.1559592194284,-18.759564887206));
#8012=CARTESIAN_POINT('',(38.7424177806417,25.1559592194284,-16.659564887206));
#8013=CARTESIAN_POINT('',(36.4424177806417,20.9559592194284,-16.659564887206));
#8014=CARTESIAN_POINT('',(36.4424177806417,20.9559592194284,-18.759564887206));
#8015=CARTESIAN_POINT('',(36.4424177806417,23.0559592194284,-18.759564887206));
#8016=CARTESIAN_POINT('',(36.4424177806417,25.1559592194284,-18.759564887206));
#8017=CARTESIAN_POINT('',(36.4424177806417,25.1559592194284,-16.659564887206));
#8018=CARTESIAN_POINT('',(38.7424177806416,20.9559592194284,-16.659564887206));
#8019=CARTESIAN_POINT('',(36.4424177806417,20.9559592194284,-16.659564887206));
#8020=CARTESIAN_POINT('',(36.4424177806417,20.9559592194284,-16.659564887206));
#8021=CARTESIAN_POINT('',(36.4424177806417,20.9559592193605,-13.3095648880059));
#8022=CARTESIAN_POINT('',(36.4424177806417,20.9559592193605,-13.3095648880059));
#8023=CARTESIAN_POINT('',(38.7424177806416,20.9559592193605,-13.3095648880059));
#8024=CARTESIAN_POINT('',(36.4424177806417,8.49276110151111,-12.252227259231));
#8025=CARTESIAN_POINT('',(36.4424177806417,20.9559592193605,-13.3095648880059));
#8026=CARTESIAN_POINT('',(38.7424177806416,8.49276110151111,-12.252227259231));
#8027=CARTESIAN_POINT('',(38.7424177806416,20.9559592193605,-13.3095648880059));
#8028=CARTESIAN_POINT('',(40.1424177806417,23.0660540044284,-12.509564887206));
#8029=CARTESIAN_POINT('',(40.1424177806417,23.6216941531572,-12.509564887206));
#8030=CARTESIAN_POINT('',(40.1424177806417,24.1160540044219,-12.2559030801934));
#8031=CARTESIAN_POINT('',(40.1424177806417,22.0160540044349,-12.2559030801934));
#8032=CARTESIAN_POINT('',(40.1424177806417,22.5104138556996,-12.509564887206));
#8033=CARTESIAN_POINT('',(40.1424177806417,23.0660540044284,-12.509564887206));
#8034=CARTESIAN_POINT('',(40.3424177806417,22.0160540044349,-8.16322669421863));
#8035=CARTESIAN_POINT('',(40.3424177806417,20.7660540044187,-8.80461627709256));
#8036=CARTESIAN_POINT('',(40.3424177806417,20.7660540044187,-10.209564887206));
#8037=CARTESIAN_POINT('',(40.3424177806417,20.7660540044187,-11.6145134973195));
#8038=CARTESIAN_POINT('',(40.3424177806417,22.0160540044349,-12.2559030801934));
#8039=CARTESIAN_POINT('',(40.1424177806417,24.1160540044219,-8.16322669421863));
#8040=CARTESIAN_POINT('',(40.1424177806417,23.621694153159,-7.9095648871985));
#8041=CARTESIAN_POINT('',(40.1424177806417,23.0660540044284,-7.9095648871985));
#8042=CARTESIAN_POINT('',(40.3424177806417,24.1160540044219,-12.2559030801934));
#8043=CARTESIAN_POINT('',(40.3424177806417,25.3660540044381,-11.6145134973195));
#8044=CARTESIAN_POINT('',(40.3424177806417,25.3660540044381,-10.209564887206));
#8045=CARTESIAN_POINT('',(40.3424177806417,25.3660540044381,-8.80461627709256));
#8046=CARTESIAN_POINT('',(40.3424177806417,24.1160540044219,-8.16322669421863));
#8047=CARTESIAN_POINT('',(52.9064177806417,23.0660540044284,-12.509564887206));
#8048=CARTESIAN_POINT('',(52.9064177806417,20.7660540044284,-12.509564887206));
#8049=CARTESIAN_POINT('',(52.9064177806417,20.7660540044284,-10.209564887206));
#8050=CARTESIAN_POINT('',(52.9064177806417,20.7660540044284,-7.90956488720601));
#8051=CARTESIAN_POINT('',(52.9064177806417,23.0660540044284,-7.90956488720601));
#8052=CARTESIAN_POINT('',(52.9064177806417,23.0660540044284,-7.90956488720601));
#8053=CARTESIAN_POINT('',(52.9064177806417,25.3660540044284,-7.90956488720601));
#8054=CARTESIAN_POINT('',(52.9064177806417,25.3660540044284,-10.209564887206));
#8055=CARTESIAN_POINT('',(52.9064177806417,25.3660540044284,-12.509564887206));
#8056=CARTESIAN_POINT('',(52.9064177806417,23.0660540044284,-12.509564887206));
#8057=CARTESIAN_POINT('',(52.9064177806417,23.0660540044284,-12.509564887206));
#8058=CARTESIAN_POINT('',(40.1424177806417,23.0660540044284,-12.509564887206));
#8059=CARTESIAN_POINT('',(39.0105779524214,23.0660540044284,-30.459564887206));
#8060=CARTESIAN_POINT('',(39.0105779524214,43.3160540044284,-30.459564887206));
#8061=CARTESIAN_POINT('',(39.0105779524215,43.3160540044284,-10.209564887206));
#8062=CARTESIAN_POINT('',(39.0105779524215,43.3160540044284,10.040435112794));
#8063=CARTESIAN_POINT('',(39.0105779524215,23.0660540044284,10.040435112794));
#8064=CARTESIAN_POINT('',(39.0105779524215,23.0660540044284,10.040435112794));
#8065=CARTESIAN_POINT('',(39.0105779524215,2.8160540044284,10.040435112794));
#8066=CARTESIAN_POINT('',(39.0105779524215,2.81605400442839,-10.209564887206));
#8067=CARTESIAN_POINT('',(39.0105779524214,2.81605400442839,-30.459564887206));
#8068=CARTESIAN_POINT('',(39.0105779524214,23.0660540044284,-30.459564887206));
#8069=CARTESIAN_POINT('',(41.8742576088619,23.0660540044284,10.040435112794));
#8070=CARTESIAN_POINT('',(41.8742576088618,43.3160540044284,10.040435112794));
#8071=CARTESIAN_POINT('',(41.8742576088619,43.3160540044284,-10.209564887206));
#8072=CARTESIAN_POINT('',(41.8742576088618,43.3160540044284,-30.459564887206));
#8073=CARTESIAN_POINT('',(41.8742576088619,23.0660540044284,-30.459564887206));
#8074=CARTESIAN_POINT('',(41.8742576088619,23.0660540044284,-30.459564887206));
#8075=CARTESIAN_POINT('',(41.8742576088618,2.8160540044284,-30.459564887206));
#8076=CARTESIAN_POINT('',(41.8742576088619,2.8160540044284,-10.209564887206));
#8077=CARTESIAN_POINT('',(41.8742576088618,2.8160540044284,10.040435112794));
#8078=CARTESIAN_POINT('',(41.8742576088619,23.0660540044284,10.040435112794));
#8079=CARTESIAN_POINT('',(39.0105779524215,23.0660540044284,10.040435112794));
#8080=CARTESIAN_POINT('',(41.8742576088619,23.0660540044284,10.040435112794));
#8081=CARTESIAN_POINT('',(37.325322706175,23.0660540044284,11.7256903590404));
#8082=CARTESIAN_POINT('',(37.325322706175,1.13079875818197,11.7256903590404));
#8083=CARTESIAN_POINT('',(37.325322706175,1.13079875818196,-10.209564887206));
#8084=CARTESIAN_POINT('',(37.325322706175,1.13079875818197,-32.1448201334524));
#8085=CARTESIAN_POINT('',(37.325322706175,23.0660540044284,-32.1448201334524));
#8086=CARTESIAN_POINT('',(37.325322706175,23.0660540044284,-32.1448201334524));
#8087=CARTESIAN_POINT('',(37.325322706175,45.0013092506748,-32.1448201334524));
#8088=CARTESIAN_POINT('',(37.325322706175,45.0013092506748,-10.209564887206));
#8089=CARTESIAN_POINT('',(37.325322706175,45.0013092506748,11.7256903590404));
#8090=CARTESIAN_POINT('',(37.325322706175,23.0660540044284,11.7256903590404));
#8091=CARTESIAN_POINT('',(39.0105779524214,23.0660540044284,-30.459564887206));
#8092=CARTESIAN_POINT('',(37.325322706175,23.0660540044284,-32.1448201334524));
#8093=CARTESIAN_POINT('',(36.4424177806416,23.0660540044284,-31.7789203552587));
#8094=CARTESIAN_POINT('',(36.4424177806416,44.6354094724811,-31.7789203552587));
#8095=CARTESIAN_POINT('',(36.4424177806416,44.6354094724811,-10.209564887206));
#8096=CARTESIAN_POINT('',(36.4424177806416,44.6354094724811,11.3597905808467));
#8097=CARTESIAN_POINT('',(36.4424177806416,23.0660540044284,11.3597905808467));
#8098=CARTESIAN_POINT('',(36.4424177806416,23.0660540044284,11.3597905808467));
#8099=CARTESIAN_POINT('',(36.4424177806416,1.49669853637567,11.3597905808467));
#8100=CARTESIAN_POINT('',(36.4424177806416,1.49669853637567,-10.209564887206));
#8101=CARTESIAN_POINT('',(36.4424177806416,1.49669853637567,-31.7789203552587));
#8102=CARTESIAN_POINT('',(36.4424177806416,23.0660540044284,-31.7789203552587));
#8103=CARTESIAN_POINT('',(36.4424177806416,23.0660540044284,11.3597905808467));
#8104=CARTESIAN_POINT('',(37.325322706175,23.0660540044284,11.7256903590404));
#8105=CARTESIAN_POINT('',(43.6936130769165,23.0660540044284,11.8597905808486));
#8106=CARTESIAN_POINT('',(43.6936130769165,45.135409472483,11.8597905808486));
#8107=CARTESIAN_POINT('',(43.6936130769165,45.135409472483,-10.209564887206));
#8108=CARTESIAN_POINT('',(43.6936130769165,45.135409472483,-32.2789203552606));
#8109=CARTESIAN_POINT('',(43.6936130769165,23.0660540044284,-32.2789203552606));
#8110=CARTESIAN_POINT('',(43.6936130769165,23.0660540044284,-32.2789203552606));
#8111=CARTESIAN_POINT('',(43.6936130769165,0.996698536373802,-32.2789203552606));
#8112=CARTESIAN_POINT('',(43.6936130769165,0.996698536373799,-10.209564887206));
#8113=CARTESIAN_POINT('',(43.6936130769165,0.996698536373799,11.8597905808486));
#8114=CARTESIAN_POINT('',(43.6936130769165,23.0660540044284,11.8597905808486));
#8115=CARTESIAN_POINT('',(41.8742576088619,23.0660540044284,10.040435112794));
#8116=CARTESIAN_POINT('',(43.6936130769165,23.0660540044284,11.8597905808486));
#8117=CARTESIAN_POINT('',(45.6424177806416,23.0660540044284,-32.2789203552606));
#8118=CARTESIAN_POINT('',(45.6424177806417,0.996698536373802,-32.2789203552606));
#8119=CARTESIAN_POINT('',(45.6424177806416,0.996698536373799,-10.209564887206));
#8120=CARTESIAN_POINT('',(45.6424177806417,0.996698536373799,11.8597905808486));
#8121=CARTESIAN_POINT('',(45.6424177806416,23.0660540044284,11.8597905808486));
#8122=CARTESIAN_POINT('',(45.6424177806416,23.0660540044284,11.8597905808486));
#8123=CARTESIAN_POINT('',(45.6424177806417,45.135409472483,11.8597905808486));
#8124=CARTESIAN_POINT('',(45.6424177806416,45.135409472483,-10.209564887206));
#8125=CARTESIAN_POINT('',(45.6424177806417,45.135409472483,-32.2789203552606));
#8126=CARTESIAN_POINT('',(45.6424177806416,23.0660540044284,-32.2789203552606));
#8127=CARTESIAN_POINT('',(45.6424177806416,23.0660540044284,-32.2789203552606));
#8128=CARTESIAN_POINT('',(43.6936130769165,23.0660540044284,-32.2789203552606));
#8129=CARTESIAN_POINT('',(47.4424177806417,23.0660540044284,10.0597905808486));
#8130=CARTESIAN_POINT('',(47.4424177806417,43.335409472483,10.0597905808486));
#8131=CARTESIAN_POINT('',(47.4424177806417,43.335409472483,-10.209564887206));
#8132=CARTESIAN_POINT('',(47.4424177806417,43.335409472483,-30.4789203552606));
#8133=CARTESIAN_POINT('',(47.4424177806417,23.0660540044284,-30.4789203552606));
#8134=CARTESIAN_POINT('',(47.4424177806417,23.0660540044284,-30.4789203552606));
#8135=CARTESIAN_POINT('',(47.4424177806417,2.7966985363738,-30.4789203552606));
#8136=CARTESIAN_POINT('',(47.4424177806417,2.7966985363738,-10.209564887206));
#8137=CARTESIAN_POINT('',(47.4424177806417,2.7966985363738,10.0597905808486));
#8138=CARTESIAN_POINT('',(47.4424177806417,23.0660540044284,10.0597905808486));
#8139=CARTESIAN_POINT('',(47.4424177806417,23.0660540044284,-30.4789203552606));
#8140=CARTESIAN_POINT('',(45.6424177806416,23.0660540044284,-32.2789203552606));
#8141=CARTESIAN_POINT('',(50.3105180024498,23.0660540044284,10.0597905808486));
#8142=CARTESIAN_POINT('',(50.3105180024498,43.335409472483,10.0597905808486));
#8143=CARTESIAN_POINT('',(50.3105180024498,43.335409472483,-10.209564887206));
#8144=CARTESIAN_POINT('',(50.3105180024498,43.335409472483,-30.4789203552606));
#8145=CARTESIAN_POINT('',(50.3105180024498,23.0660540044284,-30.4789203552606));
#8146=CARTESIAN_POINT('',(50.3105180024498,23.0660540044284,-30.4789203552606));
#8147=CARTESIAN_POINT('',(50.3105180024498,2.7966985363738,-30.4789203552606));
#8148=CARTESIAN_POINT('',(50.3105180024498,2.7966985363738,-10.209564887206));
#8149=CARTESIAN_POINT('',(50.3105180024498,2.7966985363738,10.0597905808486));
#8150=CARTESIAN_POINT('',(50.3105180024498,23.0660540044284,10.0597905808486));
#8151=CARTESIAN_POINT('',(50.3105180024499,23.0660540044284,-30.4789203552606));
#8152=CARTESIAN_POINT('',(47.4424177806417,23.0660540044284,-30.4789203552606));
#8153=CARTESIAN_POINT('',(51.9764177806417,23.0660540044284,11.7256903590404));
#8154=CARTESIAN_POINT('',(51.9764177806417,1.130798758182,11.7256903590404));
#8155=CARTESIAN_POINT('',(51.9764177806417,1.130798758182,-10.209564887206));
#8156=CARTESIAN_POINT('',(51.9764177806416,1.130798758182,-32.1448201334524));
#8157=CARTESIAN_POINT('',(51.9764177806416,23.0660540044284,-32.1448201334524));
#8158=CARTESIAN_POINT('',(51.9764177806416,23.0660540044284,-32.1448201334524));
#8159=CARTESIAN_POINT('',(51.9764177806416,45.0013092506748,-32.1448201334524));
#8160=CARTESIAN_POINT('',(51.9764177806417,45.0013092506748,-10.209564887206));
#8161=CARTESIAN_POINT('',(51.9764177806417,45.0013092506748,11.7256903590404));
#8162=CARTESIAN_POINT('',(51.9764177806417,23.0660540044284,11.7256903590404));
#8163=CARTESIAN_POINT('',(52.9064177806417,23.0660540044284,-32.1448201334524));
#8164=CARTESIAN_POINT('',(52.9064177806417,45.0013092506748,-32.1448201334524));
#8165=CARTESIAN_POINT('',(52.9064177806417,45.0013092506748,-10.209564887206));
#8166=CARTESIAN_POINT('',(52.9064177806417,45.0013092506748,11.7256903590404));
#8167=CARTESIAN_POINT('',(52.9064177806417,23.0660540044284,11.7256903590404));
#8168=CARTESIAN_POINT('',(52.9064177806417,23.0660540044284,11.7256903590404));
#8169=CARTESIAN_POINT('',(52.9064177806417,1.130798758182,11.7256903590404));
#8170=CARTESIAN_POINT('',(52.9064177806417,1.130798758182,-10.209564887206));
#8171=CARTESIAN_POINT('',(52.9064177806417,1.130798758182,-32.1448201334524));
#8172=CARTESIAN_POINT('',(52.9064177806417,23.0660540044284,-32.1448201334524));
#8173=CARTESIAN_POINT('',(52.9064177806417,23.0660540044284,-32.1448201334524));
#8174=CARTESIAN_POINT('',(51.9764177806417,23.0660540044284,-32.1448201334524));
#8175=CARTESIAN_POINT('',(50.3105180024499,23.0660540044284,10.0597905808486));
#8176=CARTESIAN_POINT('',(51.9764177806417,23.0660540044284,11.7256903590404));
#8177=CARTESIAN_POINT('',(41.2424177806416,39.7554499859381,-1.12859237472862));
#8178=CARTESIAN_POINT('',(41.2424177806417,41.4469254878689,-4.23725770831044));
#8179=CARTESIAN_POINT('',(41.2424177806417,41.9057206986302,-7.74644514765138));
#8180=CARTESIAN_POINT('',(45.9064177806417,41.9057206986302,-12.6726846267606));
#8181=CARTESIAN_POINT('',(45.9064177806417,42.2277518125485,-10.209564887206));
#8182=CARTESIAN_POINT('',(45.9064177806417,41.9057206986302,-7.74644514765138));
#8183=CARTESIAN_POINT('',(41.2424177806416,39.755449985938,-19.2905373996834));
#8184=CARTESIAN_POINT('',(41.2424177806417,41.446925487869,-16.1818720661016));
#8185=CARTESIAN_POINT('',(41.2424177806417,41.9057206986302,-12.6726846267606));
#8186=CARTESIAN_POINT('',(45.9064177806417,36.8598790708566,-23.2759488566436));
#8187=CARTESIAN_POINT('',(45.9064177806417,38.5681931722747,-21.4725282677041));
#8188=CARTESIAN_POINT('',(45.9064177806417,39.755449985938,-19.2905373996834));
#8189=CARTESIAN_POINT('',(41.2424177806416,36.8598790708566,-23.2759488566436));
#8190=CARTESIAN_POINT('',(41.2424177806417,34.4260573240383,-25.8452680728097));
#8191=CARTESIAN_POINT('',(41.2424177806417,31.2303972600151,-27.3660068028526));
#8192=CARTESIAN_POINT('',(41.2424177806416,26.5452651025778,-28.8882985202581));
#8193=CARTESIAN_POINT('',(41.2424177806416,24.8204922376404,-29.209564887206));
#8194=CARTESIAN_POINT('',(41.2424177806417,23.0660540044284,-29.209564887206));
#8195=CARTESIAN_POINT('',(45.9064177806417,14.9017107488417,-27.3660068028526));
#8196=CARTESIAN_POINT('',(45.9064177806417,17.1447637406421,-28.4334224508972));
#8197=CARTESIAN_POINT('',(45.9064177806417,19.586842906279,-28.8882985202581));
#8198=CARTESIAN_POINT('',(41.2424177806416,14.9017107488417,-27.3660068028526));
#8199=CARTESIAN_POINT('',(41.2424177806417,11.7060506848185,-25.8452680728097));
#8200=CARTESIAN_POINT('',(41.2424177806417,9.27222893800016,-23.2759488566436));
#8201=CARTESIAN_POINT('',(41.2424177806416,6.37665802291872,-19.2905373996834));
#8202=CARTESIAN_POINT('',(41.2424177806417,4.68518252098785,-16.1818720661016));
#8203=CARTESIAN_POINT('',(41.2424177806417,4.22638731022661,-12.6726846267606));
#8204=CARTESIAN_POINT('',(45.9064177806416,4.22638731022661,-7.74644514765137));
#8205=CARTESIAN_POINT('',(45.9064177806417,3.9043561963083,-10.209564887206));
#8206=CARTESIAN_POINT('',(45.9064177806416,4.22638731022661,-12.6726846267606));
#8207=CARTESIAN_POINT('',(41.2424177806416,4.22638731022661,-7.74644514765137));
#8208=CARTESIAN_POINT('',(41.2424177806417,4.68518252098784,-4.23725770831041));
#8209=CARTESIAN_POINT('',(41.2424177806417,6.37665802291878,-1.1285923747286));
#8210=CARTESIAN_POINT('',(45.9064177806417,9.27222893800017,2.85681908223162));
#8211=CARTESIAN_POINT('',(45.9064177806417,7.56391483658206,1.05339849329202));
#8212=CARTESIAN_POINT('',(45.9064177806417,6.37665802291878,-1.12859237472859));
#8213=CARTESIAN_POINT('',(41.2424177806416,9.27222893800016,2.85681908223163));
#8214=CARTESIAN_POINT('',(41.2424177806417,11.7060506848184,5.42613829839766));
#8215=CARTESIAN_POINT('',(41.2424177806416,14.9017107488417,6.9468770284406));
#8216=CARTESIAN_POINT('',(45.9064177806416,19.586842906279,8.46916874584612));
#8217=CARTESIAN_POINT('',(45.9064177806417,17.1447637406421,8.01429267648519));
#8218=CARTESIAN_POINT('',(45.9064177806416,14.9017107488417,6.9468770284406));
#8219=CARTESIAN_POINT('',(41.2424177806417,19.586842906279,8.46916874584612));
#8220=CARTESIAN_POINT('',(45.9064177806417,19.586842906279,8.46916874584612));
#8221=CARTESIAN_POINT('',(41.2424177806417,23.0660540044284,8.79043511279399));
#8222=CARTESIAN_POINT('',(41.2424177806417,21.3116157712164,8.79043511279399));
#8223=CARTESIAN_POINT('',(41.2424177806417,19.586842906279,8.46916874584612));
#8224=CARTESIAN_POINT('',(41.2424177806416,26.5452651025778,8.46916874584612));
#8225=CARTESIAN_POINT('',(41.2424177806417,24.8204922376404,8.79043511279398));
#8226=CARTESIAN_POINT('',(41.2424177806417,23.0660540044284,8.79043511279399));
#8227=CARTESIAN_POINT('',(45.9064177806417,26.5452651025778,8.46916874584612));
#8228=CARTESIAN_POINT('',(41.2424177806417,26.5452651025778,8.46916874584612));
#8229=CARTESIAN_POINT('',(45.9064177806417,31.2303972600151,6.94687702844059));
#8230=CARTESIAN_POINT('',(45.9064177806417,28.9873442682147,8.01429267648517));
#8231=CARTESIAN_POINT('',(45.9064177806417,26.5452651025778,8.46916874584611));
#8232=CARTESIAN_POINT('',(41.2424177806416,36.8598790708566,2.85681908223162));
#8233=CARTESIAN_POINT('',(41.2424177806417,34.4260573240383,5.42613829839764));
#8234=CARTESIAN_POINT('',(41.2424177806417,31.2303972600151,6.9468770284406));
#8235=CARTESIAN_POINT('',(52.9064177806417,23.0660540044284,-29.209564887206));
#8236=CARTESIAN_POINT('',(52.9064177806417,4.0660540044284,-29.209564887206));
#8237=CARTESIAN_POINT('',(52.9064177806417,4.06605400442839,-10.209564887206));
#8238=CARTESIAN_POINT('',(52.9064177806417,4.06605400442839,8.79043511279399));
#8239=CARTESIAN_POINT('',(52.9064177806417,23.0660540044284,8.790435112794));
#8240=CARTESIAN_POINT('',(52.9064177806417,23.0660540044284,8.790435112794));
#8241=CARTESIAN_POINT('',(52.9064177806417,42.0660540044284,8.790435112794));
#8242=CARTESIAN_POINT('',(52.9064177806417,42.0660540044284,-10.209564887206));
#8243=CARTESIAN_POINT('',(52.9064177806417,42.0660540044284,-29.209564887206));
#8244=CARTESIAN_POINT('',(52.9064177806417,23.0660540044284,-29.209564887206));
#8245=CARTESIAN_POINT('',(41.2424177806417,23.0660540044284,8.79043511279399));
#8246=CARTESIAN_POINT('',(52.9064177806417,23.0660540044284,8.79043511279399));
#8247=CARTESIAN_POINT('',(52.9064177806417,23.0660540044284,-14.209564887206));
#8248=CARTESIAN_POINT('',(52.9064177806417,27.0660540044284,-14.209564887206));
#8249=CARTESIAN_POINT('',(52.9064177806417,27.0660540044284,-10.209564887206));
#8250=CARTESIAN_POINT('',(52.9064177806417,27.0660540044284,-6.20956488720601));
#8251=CARTESIAN_POINT('',(52.9064177806417,23.0660540044284,-6.20956488720601));
#8252=CARTESIAN_POINT('',(52.9064177806417,23.0660540044284,-6.20956488720601));
#8253=CARTESIAN_POINT('',(52.9064177806417,19.0660540044284,-6.20956488720601));
#8254=CARTESIAN_POINT('',(52.9064177806417,19.0660540044284,-10.209564887206));
#8255=CARTESIAN_POINT('',(52.9064177806417,19.0660540044284,-14.209564887206));
#8256=CARTESIAN_POINT('',(52.9064177806417,23.0660540044284,-14.209564887206));
#8257=CARTESIAN_POINT('',(45.9064177806417,36.8598790708566,2.85681908223161));
#8258=CARTESIAN_POINT('',(45.9064177806417,38.5681931722748,1.053398493292));
#8259=CARTESIAN_POINT('',(45.9064177806417,39.7554499859381,-1.12859237472862));
#8260=CARTESIAN_POINT('',(45.9064177806417,9.27222893800017,-23.2759488566436));
#8261=CARTESIAN_POINT('',(45.9064177806416,7.56391483658205,-21.472528267704));
#8262=CARTESIAN_POINT('',(45.9064177806417,6.37665802291872,-19.2905373996834));
#8263=CARTESIAN_POINT('',(45.9064177806416,31.2303972600151,-27.3660068028526));
#8264=CARTESIAN_POINT('',(45.9064177806417,28.9873442682147,-28.4334224508972));
#8265=CARTESIAN_POINT('',(45.9064177806416,26.5452651025778,-28.8882985202581));
#8266=CARTESIAN_POINT('',(52.9064177806416,23.0660540044284,-6.20956488720601));
#8267=CARTESIAN_POINT('',(51.3591279982686,23.0660540044284,-4.57631456136781));
#8268=CARTESIAN_POINT('',(50.1132675746342,23.0660540044284,-2.70296352584136));
#8269=CARTESIAN_POINT('',(49.4807782949603,24.3730666015243,-1.80468066309444));
#8270=CARTESIAN_POINT('',(48.6638258704476,24.8707848736272,-0.508080235140991));
#8271=CARTESIAN_POINT('',(47.2616196104538,25.9242255281828,2.23622649434571));
#8272=CARTESIAN_POINT('',(46.422381532223,27.0284270156328,5.11276971452039));
#8273=CARTESIAN_POINT('',(46.141207905355,27.5959147766524,6.59112587509998));
#8274=CARTESIAN_POINT('',(41.2424177806417,27.5959147766524,6.59112587509998));
#8275=CARTESIAN_POINT('',(46.141207905355,27.5959147766524,6.59112587509998));
#8276=CARTESIAN_POINT('',(41.2424177806417,24.3730666015245,-1.80468066309402));
#8277=CARTESIAN_POINT('',(41.2424177806417,27.5959147766524,6.59112587509998));
#8278=CARTESIAN_POINT('',(49.4807782949603,24.3730666015243,-1.80468066309444));
#8279=CARTESIAN_POINT('',(41.2424177806417,24.3730666015245,-1.80468066309402));
#8280=CARTESIAN_POINT('',(41.2424177806417,18.5361932322044,6.59112587509998));
#8281=CARTESIAN_POINT('',(41.2424177806417,21.7590414073323,-1.80468066309397));
#8282=CARTESIAN_POINT('',(46.141207905355,18.5361932322044,6.59112587509999));
#8283=CARTESIAN_POINT('',(41.2424177806417,18.5361932322044,6.59112587509998));
#8284=CARTESIAN_POINT('',(46.141207905355,18.5361932322044,6.59112587509999));
#8285=CARTESIAN_POINT('',(46.4227987267449,19.1045230095532,5.11057618698889));
#8286=CARTESIAN_POINT('',(47.2627500718452,20.2079691880187,2.23600061399019));
#8287=CARTESIAN_POINT('',(48.6594136432253,21.2586350397624,-0.501077507034546));
#8288=CARTESIAN_POINT('',(49.48077829496,21.7590414073323,-1.80468066309396));
#8289=CARTESIAN_POINT('',(41.2424177806417,21.7590414073323,-1.80468066309397));
#8290=CARTESIAN_POINT('',(49.48077829496,21.7590414073323,-1.80468066309396));
#8291=CARTESIAN_POINT('',(45.9064177806417,19.586842906279,8.46916874584612));
#8292=CARTESIAN_POINT('',(45.9064177806417,19.1793541051193,8.3932674782753));
#8293=CARTESIAN_POINT('',(45.9289443014007,18.8168149179104,8.12868057205749));
#8294=CARTESIAN_POINT('',(46.0101573902184,18.4208790307633,7.41486066561897));
#8295=CARTESIAN_POINT('',(46.0688730733243,18.3902011193239,6.9714483318968));
#8296=CARTESIAN_POINT('',(46.141207905355,18.5361932322044,6.59112587509999));
#8297=CARTESIAN_POINT('',(41.2424177806417,18.5361932322044,6.59112587509998));
#8298=CARTESIAN_POINT('',(41.2424177806417,18.301042761133,7.20371379584582));
#8299=CARTESIAN_POINT('',(41.2424177806417,18.6214051048304,7.77636349106059));
#8300=CARTESIAN_POINT('',(41.2424177806417,18.9417674485277,8.34901318627537));
#8301=CARTESIAN_POINT('',(41.2424177806417,19.586842906279,8.46916874584612));
#8302=CARTESIAN_POINT('',(46.141207905355,27.5959147766524,6.59112587509998));
#8303=CARTESIAN_POINT('',(46.0688626563126,27.7419279140038,6.97150310251587));
#8304=CARTESIAN_POINT('',(46.0101404790919,27.7112171804925,7.41498799033325));
#8305=CARTESIAN_POINT('',(45.9289378085082,27.3151908342876,8.12875894214945));
#8306=CARTESIAN_POINT('',(45.9064177806417,26.9526951735923,8.39327841769853));
#8307=CARTESIAN_POINT('',(45.9064177806417,26.5452651025778,8.46916874584612));
#8308=CARTESIAN_POINT('',(41.2424177806417,26.5452651025778,8.46916874584612));
#8309=CARTESIAN_POINT('',(41.2424177806417,27.1903405603291,8.34901318627537));
#8310=CARTESIAN_POINT('',(41.2424177806417,27.5107029040264,7.77636349106059));
#8311=CARTESIAN_POINT('',(41.2424177806417,27.8310652477238,7.20371379584582));
#8312=CARTESIAN_POINT('',(41.2424177806417,27.5959147766524,6.59112587509998));
#8313=CARTESIAN_POINT('',(50.1132675746342,23.0660540044284,-2.70296352584136));
#8314=CARTESIAN_POINT('',(50.1132675746104,23.0661420860208,-2.70296352484859));
#8315=CARTESIAN_POINT('',(50.1132675676208,23.0662301671276,-2.70296351607895));
#8316=CARTESIAN_POINT('',(50.1132234252004,23.3448408089909,-2.70291118070675));
#8317=CARTESIAN_POINT('',(50.0435282578013,23.6282336423867,-2.62510597837579));
#8318=CARTESIAN_POINT('',(49.8011362887931,24.082219308924,-2.29510300554831));
#8319=CARTESIAN_POINT('',(49.660001698251,24.2638769994518,-2.08912894878332));
#8320=CARTESIAN_POINT('',(49.4807782949603,24.3730666015243,-1.80468066309444));
#8321=CARTESIAN_POINT('',(41.2424177806417,21.7590414073323,-1.80468066309397));
#8322=CARTESIAN_POINT('',(41.2424177806417,22.1038606623861,-2.70296553373054));
#8323=CARTESIAN_POINT('',(41.2424177806417,23.0660540044284,-2.70296553373055));
#8324=CARTESIAN_POINT('',(41.2424177806417,24.0282473464706,-2.70296553373057));
#8325=CARTESIAN_POINT('',(41.2424177806417,24.3730666015245,-1.80468066309402));
#8326=CARTESIAN_POINT('',(49.48077829496,21.7590414073323,-1.80468066309396));
#8327=CARTESIAN_POINT('',(49.6601680142039,21.8683323352987,-2.08939291145134));
#8328=CARTESIAN_POINT('',(49.8013981964897,22.0502165949505,-2.29548120444623));
#8329=CARTESIAN_POINT('',(50.0436679172482,22.5043561247315,-2.62526683914424));
#8330=CARTESIAN_POINT('',(50.1132674999006,22.7876314209717,-2.7029671656413));
#8331=CARTESIAN_POINT('',(50.1132675746342,23.0660540044284,-2.70296352584136));
#8332=CARTESIAN_POINT('',(52.9064177806416,23.0660540044284,-7.90956488720601));
#8333=CARTESIAN_POINT('',(40.1424177806417,23.0660540044284,-7.90956488720601));
#8334=CARTESIAN_POINT('',(40.1424177806417,23.0660540044284,-7.9095648871985));
#8335=CARTESIAN_POINT('',(40.1424177806417,22.5104138556978,-7.9095648871985));
#8336=CARTESIAN_POINT('',(40.1424177806417,22.0160540044349,-8.16322669421863));
#8337=CARTESIAN_POINT('',(39.0105779524215,23.0660540044284,-30.459564887206));
#8338=CARTESIAN_POINT('',(41.8742576088618,23.0660540044284,-30.459564887206));
#8339=CARTESIAN_POINT('',(39.0105779524214,23.0660540044284,10.040435112794));
#8340=CARTESIAN_POINT('',(37.3253227061751,23.0660540044284,11.7256903590404));
#8341=CARTESIAN_POINT('',(36.4424177806416,23.0660540044284,-31.7789203552588));
#8342=CARTESIAN_POINT('',(37.325322706175,23.0660540044284,-32.1448201334525));
#8343=CARTESIAN_POINT('',(41.8742576088619,23.0660540044284,-30.459564887206));
#8344=CARTESIAN_POINT('',(43.6936130769165,23.0660540044284,-32.2789203552606));
#8345=CARTESIAN_POINT('',(45.6424177806417,23.0660540044284,11.8597905808486));
#8346=CARTESIAN_POINT('',(43.6936130769165,23.0660540044284,11.8597905808486));
#8347=CARTESIAN_POINT('',(47.4424177806417,23.0660540044284,10.0597905808486));
#8348=CARTESIAN_POINT('',(45.6424177806417,23.0660540044284,11.8597905808486));
#8349=CARTESIAN_POINT('',(50.3105180024498,23.0660540044284,10.0597905808486));
#8350=CARTESIAN_POINT('',(47.4424177806417,23.0660540044284,10.0597905808486));
#8351=CARTESIAN_POINT('',(52.9064177806416,23.0660540044284,11.7256903590404));
#8352=CARTESIAN_POINT('',(51.9764177806416,23.0660540044284,11.7256903590404));
#8353=CARTESIAN_POINT('',(50.3105180024499,23.0660540044284,-30.4789203552606));
#8354=CARTESIAN_POINT('',(51.9764177806417,23.0660540044284,-32.1448201334524));
#8355=CARTESIAN_POINT('',(41.2424177806417,23.0660540044284,-29.209564887206));
#8356=CARTESIAN_POINT('',(52.9064177806417,23.0660540044284,-29.209564887206));
#8357=CARTESIAN_POINT('',(41.2424177806417,23.0660540044284,-29.209564887206));
#8358=CARTESIAN_POINT('',(41.2424177806416,21.3116157712164,-29.209564887206));
#8359=CARTESIAN_POINT('',(41.2424177806416,19.586842906279,-28.8882985202581));
#8360=CARTESIAN_POINT('',(52.9064177806416,23.0660540044284,-14.209564887206));
#8361=CARTESIAN_POINT('',(51.3591284626608,23.0660540044284,-15.8428147228525));
#8362=CARTESIAN_POINT('',(50.1132683169955,23.0660540044284,-17.7161651323113));
#8363=CARTESIAN_POINT('',(50.1132669738683,23.0660540044176,-17.7161642390728));
#8364=CARTESIAN_POINT('',(50.1132669741131,23.3444765878864,-17.7161608501127));
#8365=CARTESIAN_POINT('',(50.0436674912192,23.6277518841339,-17.7938615102931));
#8366=CARTESIAN_POINT('',(49.8013979854279,24.0818914139119,-18.1236478639592));
#8367=CARTESIAN_POINT('',(49.6601679086857,24.2637756735613,-18.3297365100109));
#8368=CARTESIAN_POINT('',(49.48077829496,24.3730666015245,-18.6144491113181));
#8369=CARTESIAN_POINT('',(0.,0.,0.));
ENDSEC;
END-ISO-10303-21;
