ISO-10303-21;
HEADER;
/* Generated by software containing ST-Developer
 * from STEP Tools, Inc. (www.steptools.com) 
 */
/* OPTION: using custom renumber hook */

FILE_DESCRIPTION(
/* description */ ('STEP AP242 Edition 2',
'CAx-IF Rec.Pracs.---Representation and Presentation of Product Manufa
cturing Information (PMI)---4.0---2014-10-13',
'CAx-IF Rec.Pracs.---3D Tessellated Geometry---0.4---2014-09-14','2;1',
'CAx-IF Rec.Pracs.---User Defined Attributes---1.5---2016-08-15'),
/* implementation_level */ '2;1');

FILE_NAME(
/* name */ 'Toplightsnologo',
/* time_stamp */ '2026-08-28T11:43:41Z',
/* author */ (''),
/* organization */ (''),
/* preprocessor_version */ 'ST-DEVELOPER v20',
/* originating_system */ 'ONSHAPE BY PTC INC, 1.219',
/* authorisation */ '  ');

FILE_SCHEMA (('AP242_MANAGED_MODEL_BASED_3D_ENGINEERING_MIM_LF { 1 0 10303 442 3 1 4 }'));
ENDSEC;

DATA;
#10=B_SPLINE_SURFACE_WITH_KNOTS('',3,1,((#3287,#3288),(#3289,#3290),(#3291,
#3292),(#3293,#3294),(#3295,#3296),(#3297,#3298),(#3299,#3300),(#3301,#3302),
(#3303,#3304),(#3305,#3306),(#3307,#3308),(#3309,#3310),(#3311,#3312),(#3313,
#3314),(#3315,#3316),(#3317,#3318),(#3319,#3320),(#3321,#3322),(#3323,#3324)),
 .SURF_OF_LINEAR_EXTRUSION.,.T.,.F.,.F.,(1,1,1,1,1,1,1,1,1,1,1,1,1,1,1,
1,1,1,1,1,1,1,1),(2,2),(-1.17809724509617,-0.785398163397448,-0.392699081698725,
0.,0.392699081698724,0.785398163397448,1.17809724509617,1.5707963267949,
1.96349540849362,2.35619449019234,2.74889357189107,3.14159265358979,3.53429173528852,
3.92699081698724,4.31968989868597,4.71238898038469,5.10508806208341,5.49778714378214,
5.89048622548086,6.28318530717959,6.67588438887831,7.06858347057703,7.46128255227576),
(0.,1.),.UNSPECIFIED.);
#11=B_SPLINE_SURFACE_WITH_KNOTS('',3,1,((#3796,#3797),(#3798,#3799),(#3800,
#3801),(#3802,#3803),(#3804,#3805),(#3806,#3807),(#3808,#3809)),
 .SURF_OF_LINEAR_EXTRUSION.,.F.,.F.,.F.,(4,1,1,1,4),(2,2),(5.0906220356104,
5.68690367139527,6.28318530718015,6.87946694296503,7.4757485787499),(0.,
1.),.UNSPECIFIED.);
#12=B_SPLINE_SURFACE_WITH_KNOTS('',3,1,((#3810,#3811),(#3812,#3813),(#3814,
#3815),(#3816,#3817),(#3818,#3819),(#3820,#3821),(#3822,#3823)),
 .SURF_OF_LINEAR_EXTRUSION.,.F.,.F.,.F.,(4,1,1,1,4),(2,2),(1.94902938202048,
2.54531101780538,3.14159265359029,3.73787428937519,4.3341559251601),(0.,
1.),.UNSPECIFIED.);
#13=B_SPLINE_SURFACE_WITH_KNOTS('',3,1,((#3895,#3896),(#3897,#3898),(#3899,
#3900),(#3901,#3902),(#3903,#3904),(#3905,#3906),(#3907,#3908),(#3909,#3910),
(#3911,#3912),(#3913,#3914),(#3915,#3916),(#3917,#3918),(#3919,#3920),(#3921,
#3922),(#3923,#3924),(#3925,#3926),(#3927,#3928),(#3929,#3930),(#3931,#3932),
(#3933,#3934),(#3935,#3936),(#3937,#3938),(#3939,#3940),(#3941,#3942),(#3943,
#3944),(#3945,#3946),(#3947,#3948)),.SURF_OF_LINEAR_EXTRUSION.,.F.,.F.,
 .F.,(4,1,1,1,1,1,1,1,1,1,1,1,1,1,1,1,1,1,1,1,1,1,1,1,4),(2,2),(0.76505536332907,
0.825911638354801,0.856339775867666,0.886767913380531,0.947624188406261,
0.978052325919126,1.00848046343199,1.06933673845772,1.09976487597059,1.13019301348345,
1.19104928850918,1.22147742602205,1.25190556353491,1.31276183856064,1.34318997607351,
1.37361811358637,1.40404625109924,1.4344743886121,1.49533066363783,1.5257588011507,
1.55618693866356,1.6170432136893,1.64747135120216,1.67789948871503,1.73875576374076),
(0.,1.),.UNSPECIFIED.);
#14=B_SPLINE_SURFACE_WITH_KNOTS('',3,1,((#4096,#4097),(#4098,#4099),(#4100,
#4101),(#4102,#4103),(#4104,#4105),(#4106,#4107),(#4108,#4109),(#4110,#4111),
(#4112,#4113),(#4114,#4115),(#4116,#4117),(#4118,#4119),(#4120,#4121),(#4122,
#4123),(#4124,#4125),(#4126,#4127),(#4128,#4129),(#4130,#4131),(#4132,#4133)),
 .SURF_OF_LINEAR_EXTRUSION.,.T.,.F.,.F.,(1,1,1,1,1,1,1,1,1,1,1,1,1,1,1,
1,1,1,1,1,1,1,1),(2,2),(-1.17809724509617,-0.785398163397448,-0.392699081698725,
0.,0.392699081698724,0.785398163397448,1.17809724509617,1.5707963267949,
1.96349540849362,2.35619449019234,2.74889357189107,3.14159265358979,3.53429173528852,
3.92699081698724,4.31968989868597,4.71238898038469,5.10508806208341,5.49778714378214,
5.89048622548086,6.28318530717959,6.67588438887831,7.06858347057703,7.46128255227576),
(0.,1.),.UNSPECIFIED.);
#15=B_SPLINE_CURVE_WITH_KNOTS('',3,(#3185,#3186,#3187,#3188,#3189,#3190,
#3191,#3192,#3193,#3194,#3195,#3196,#3197),.UNSPECIFIED.,.F.,.F.,(4,1,1,
1,1,1,1,1,1,1,4),(0.,0.00618046209351217,0.0123609241870243,0.0154511552337804,
0.0185413862805365,0.0247218483740487,0.0278120794208048,0.0309023104675609,
0.037082772561073,0.0432632346545852,0.0494436967480974),.UNSPECIFIED.);
#16=B_SPLINE_CURVE_WITH_KNOTS('',3,(#3200,#3201,#3202,#3203,#3204,#3205),
 .UNSPECIFIED.,.F.,.F.,(4,1,1,4),(1.73472347597681E-18,0.00880526359127764,
0.0132078953869165,0.0176105271825553),.UNSPECIFIED.);
#17=B_SPLINE_CURVE_WITH_KNOTS('',3,(#3207,#3208,#3209,#3210,#3211,#3212,
#3213,#3214,#3215,#3216,#3217,#3218,#3219),.UNSPECIFIED.,.F.,.F.,(4,1,1,
1,1,1,1,1,1,1,4),(3.46944695195361E-18,0.00618046209351188,0.0123609241870238,
0.0154511552337797,0.0185413862805356,0.0247218483740475,0.0278120794208035,
0.0309023104675594,0.0370827725610713,0.0432632346545831,0.049443696748095),
 .UNSPECIFIED.);
#18=B_SPLINE_CURVE_WITH_KNOTS('',3,(#3221,#3222,#3223,#3224,#3225,#3226),
 .UNSPECIFIED.,.F.,.F.,(4,1,1,4),(1.73472347597681E-18,0.00880526359127916,
0.0132078953869187,0.0176105271825583),.UNSPECIFIED.);
#19=B_SPLINE_CURVE_WITH_KNOTS('',3,(#3227,#3228,#3229,#3230,#3231,#3232,
#3233,#3234,#3235,#3236,#3237),.UNSPECIFIED.,.F.,.F.,(4,1,1,1,1,1,1,1,4),
(8.67361737988404E-19,0.00645163518422283,0.0129032703684457,0.0193549055526685,
0.0258065407368913,0.0322581759211142,0.038709811105337,0.0451614462895598,
0.0516130814737827),.UNSPECIFIED.);
#20=B_SPLINE_CURVE_WITH_KNOTS('',3,(#3240,#3241,#3242,#3243,#3244),
 .UNSPECIFIED.,.F.,.F.,(4,1,4),(3.46944695195361E-18,0.000479561665819816,
0.000959123331639629),.UNSPECIFIED.);
#21=B_SPLINE_CURVE_WITH_KNOTS('',3,(#3246,#3247,#3248,#3249,#3250),
 .UNSPECIFIED.,.F.,.F.,(4,1,4),(0.11881206756251,0.126443915501092,0.134075763439673),
 .UNSPECIFIED.);
#22=B_SPLINE_CURVE_WITH_KNOTS('',3,(#3252,#3253,#3254,#3255,#3256),
 .UNSPECIFIED.,.F.,.F.,(4,1,4),(3.46944695195361E-18,0.000479561665821801,
0.000959123331643598),.UNSPECIFIED.);
#23=B_SPLINE_CURVE_WITH_KNOTS('',3,(#3258,#3259,#3260,#3261,#3262,#3263,
#3264,#3265,#3266,#3267,#3268),.UNSPECIFIED.,.F.,.F.,(4,1,1,1,1,1,1,1,4),
(0.,0.00645163518422283,0.0129032703684457,0.0193549055526685,0.0258065407368913,
0.0322581759211141,0.038709811105337,0.0451614462895598,0.0516130814737826),
 .UNSPECIFIED.);
#24=B_SPLINE_CURVE_WITH_KNOTS('',3,(#3270,#3271,#3272,#3273,#3274),
 .UNSPECIFIED.,.F.,.F.,(4,1,4),(3.46944695195361E-18,0.000479561665821287,
0.000959123331642571),.UNSPECIFIED.);
#25=B_SPLINE_CURVE_WITH_KNOTS('',3,(#3276,#3277,#3278,#3279,#3280),
 .UNSPECIFIED.,.F.,.F.,(4,1,4),(0.11881206756251,0.126443915501092,0.134075763439673),
 .UNSPECIFIED.);
#26=B_SPLINE_CURVE_WITH_KNOTS('',3,(#3282,#3283,#3284,#3285,#3286),
 .UNSPECIFIED.,.F.,.F.,(4,1,4),(0.,0.000479561665820072,0.000959123331640144),
 .UNSPECIFIED.);
#27=B_SPLINE_CURVE_WITH_KNOTS('',3,(#3344,#3345,#3346,#3347,#3348),
 .UNSPECIFIED.,.F.,.F.,(4,1,4),(0.0564374341727567,0.0586601515807152,0.0608828689886737),
 .UNSPECIFIED.);
#28=B_SPLINE_CURVE_WITH_KNOTS('',3,(#3353,#3354,#3355,#3356,#3357),
 .UNSPECIFIED.,.F.,.F.,(4,1,4),(0.0270960153467848,0.0293242079573269,0.0315524005678691),
 .UNSPECIFIED.);
#29=B_SPLINE_CURVE_WITH_KNOTS('',3,(#3405,#3406,#3407,#3408,#3409,#3410,
#3411,#3412,#3413,#3414),.UNSPECIFIED.,.F.,.F.,(4,1,1,1,1,1,1,4),(0.,0.00262717727722279,
0.00525435455444559,0.0105087091088912,0.013135886386114,0.0157630636633368,
0.0183902409405596,0.0210174182177824),.UNSPECIFIED.);
#30=B_SPLINE_CURVE_WITH_KNOTS('',3,(#3416,#3417,#3418,#3419,#3420,#3421,
#3422,#3423,#3424),.UNSPECIFIED.,.F.,.F.,(4,1,1,1,1,1,4),(0.056272533651069,
0.0617774486857414,0.0645299062030777,0.0672823637204139,0.0727872787550863,
0.0755397362724225,0.0782921937897587),.UNSPECIFIED.);
#31=B_SPLINE_CURVE_WITH_KNOTS('',3,(#3426,#3427,#3428,#3429,#3430,#3431,
#3432,#3433,#3434),.UNSPECIFIED.,.F.,.F.,(4,1,1,1,1,1,4),(0.,0.00262920525935001,
0.00525841051870003,0.00788761577805004,0.0105168210374001,0.0157752315561001,
0.0210336420748001),.UNSPECIFIED.);
#32=B_SPLINE_CURVE_WITH_KNOTS('',3,(#3462,#3463,#3464,#3465,#3466,#3467,
#3468),.UNSPECIFIED.,.F.,.F.,(4,1,1,1,4),(0.123562280354016,0.129056382581252,
0.134550484808488,0.140044587035725,0.145538689262961),.UNSPECIFIED.);
#33=B_SPLINE_CURVE_WITH_KNOTS('',3,(#3471,#3472,#3473,#3474,#3475,#3476,
#3477,#3478,#3479),.UNSPECIFIED.,.F.,.F.,(4,1,1,1,1,1,4),(0.,0.00262920525935008,
0.00525841051870016,0.00788761577805023,0.0105168210374003,0.0157752315561005,
0.0210336420748006),.UNSPECIFIED.);
#34=B_SPLINE_CURVE_WITH_KNOTS('',3,(#3480,#3481,#3482,#3483,#3484,#3485,
#3486,#3487,#3488,#3489),.UNSPECIFIED.,.F.,.F.,(4,1,1,1,1,1,1,4),(0.,0.00262717727722252,
0.00525435455444505,0.0105087091088901,0.0131358863861126,0.0157630636633351,
0.0183902409405577,0.0210174182177802),.UNSPECIFIED.);
#35=B_SPLINE_CURVE_WITH_KNOTS('',3,(#3519,#3520,#3521,#3522,#3523,#3524,
#3525,#3526,#3527,#3528),.UNSPECIFIED.,.F.,.F.,(4,1,1,1,1,1,1,4),(0.,0.00420894850147417,
0.00631342275221125,0.00841789700294833,0.0105223712536854,0.0126268455044225,
0.0147313197551596,0.0168357940058967),.UNSPECIFIED.);
#36=B_SPLINE_CURVE_WITH_KNOTS('',3,(#3530,#3531,#3532,#3533,#3534,#3535,
#3536,#3537,#3538,#3539,#3540,#3541,#3542),.UNSPECIFIED.,.F.,.F.,(4,1,1,
1,1,1,1,1,1,1,4),(0.,0.00255022823003921,0.00510045646007842,0.0102009129201568,
0.0153013693802353,0.0204018258403137,0.0255022823003921,0.0306027387604705,
0.0357031952205489,0.0382534234505881,0.0408036516806273),.UNSPECIFIED.);
#37=B_SPLINE_CURVE_WITH_KNOTS('',3,(#3544,#3545,#3546,#3547,#3548,#3549,
#3550,#3551,#3552,#3553),.UNSPECIFIED.,.F.,.F.,(4,1,1,1,1,1,1,4),(0.,0.00211761871616977,
0.00423523743233953,0.0063528561485093,0.00847047486467906,0.0105880935808488,
0.0127057122970186,0.0169409497293581),.UNSPECIFIED.);
#38=B_SPLINE_CURVE_WITH_KNOTS('',3,(#3614,#3615,#3616,#3617,#3618,#3619,
#3620,#3621,#3622,#3623),.UNSPECIFIED.,.F.,.F.,(4,1,1,1,1,1,1,4),(0.,0.00420894850147266,
0.00631342275220899,0.00841789700294533,0.0105223712536817,0.012626845504418,
0.0147313197551543,0.0168357940058907),.UNSPECIFIED.);
#39=B_SPLINE_CURVE_WITH_KNOTS('',3,(#3625,#3626,#3627,#3628,#3629,#3630,
#3631,#3632,#3633,#3634),.UNSPECIFIED.,.F.,.F.,(4,1,1,1,1,1,1,4),(0.,0.00211761871616942,
0.00423523743233884,0.00635285614850826,0.00847047486467768,0.0105880935808471,
0.0127057122970165,0.0169409497293554),.UNSPECIFIED.);
#40=B_SPLINE_CURVE_WITH_KNOTS('',3,(#3636,#3637,#3638,#3639,#3640,#3641,
#3642,#3643,#3644,#3645,#3646,#3647,#3648),.UNSPECIFIED.,.F.,.F.,(4,1,1,
1,1,1,1,1,1,1,4),(0.,0.00255022823003933,0.00510045646007866,0.0102009129201573,
0.015301369380236,0.0204018258403146,0.0255022823003933,0.030602738760472,
0.0357031952205506,0.03825342345059,0.0408036516806293),.UNSPECIFIED.);
#41=B_SPLINE_CURVE_WITH_KNOTS('',3,(#3725,#3726,#3727,#3728,#3729,#3730),
 .UNSPECIFIED.,.F.,.F.,(4,1,1,4),(3.97145798305833E-15,0.00352551398052325,
0.00705102796104254,0.0141020559220811),.UNSPECIFIED.);
#42=B_SPLINE_CURVE_WITH_KNOTS('',3,(#3731,#3732,#3733,#3734,#3735,#3736,
#3737),.UNSPECIFIED.,.F.,.F.,(4,1,1,1,4),(0.0316220705941451,0.0351474327838748,
0.0386727949736045,0.0421981571633342,0.0457235193530639),.UNSPECIFIED.);
#43=B_SPLINE_CURVE_WITH_KNOTS('',3,(#3783,#3784,#3785,#3786,#3787,#3788),
 .UNSPECIFIED.,.F.,.F.,(4,1,1,4),(4.7294241147126E-15,0.00352551398052397,
0.00705102796104322,0.0141020559220817),.UNSPECIFIED.);
#44=B_SPLINE_CURVE_WITH_KNOTS('',3,(#3789,#3790,#3791,#3792,#3793,#3794,
#3795),.UNSPECIFIED.,.F.,.F.,(4,1,1,1,4),(0.0316220705941487,0.0351474327838783,
0.0386727949736079,0.0421981571633376,0.0457235193530672),.UNSPECIFIED.);
#45=B_SPLINE_CURVE_WITH_KNOTS('',3,(#3850,#3851,#3852,#3853),
 .UNSPECIFIED.,.F.,.F.,(4,4),(1.87687660331781E-18,0.00183846394120256),
 .UNSPECIFIED.);
#46=B_SPLINE_CURVE_WITH_KNOTS('',3,(#3868,#3869,#3870,#3871),
 .UNSPECIFIED.,.F.,.F.,(4,4),(1.05018846866432E-16,0.00318352775852613),
 .UNSPECIFIED.);
#47=B_SPLINE_CURVE_WITH_KNOTS('',3,(#3877,#3878,#3879,#3880),
 .UNSPECIFIED.,.F.,.F.,(4,4),(0.,0.00462997922449065),.UNSPECIFIED.);
#48=B_SPLINE_CURVE_WITH_KNOTS('',3,(#3949,#3950,#3951,#3952),
 .UNSPECIFIED.,.F.,.F.,(4,4),(1.4934792130391E-12,0.00463379865499776),
 .UNSPECIFIED.);
#49=B_SPLINE_CURVE_WITH_KNOTS('',3,(#3955,#3956,#3957,#3958,#3959,#3960,
#3961,#3962,#3963,#3964,#3965,#3966,#3967,#3968,#3969,#3970,#3971,#3972,
#3973,#3974,#3975,#3976,#3977,#3978,#3979,#3980,#3981,#3982,#3983,#3984,
#3985,#3986,#3987,#3988,#3989,#3990,#3991,#3992,#3993,#3994,#3995,#3996,
#3997,#3998,#3999,#4000,#4001,#4002,#4003,#4004,#4005),.UNSPECIFIED.,.T.,
 .F.,(1,1,1,1,1,1,1,1,1,1,1,1,1,1,1,1,1,1,1,1,1,1,1,1,1,1,1,1,1,1,1,1,1,
1,1,1,1,1,1,1,1,1,1,1,1,1,1,1,1,1,1,1,1,1,1),(-0.0625,-0.03125,-0.015625,
0.,0.015625,0.03125,0.0625,0.078125,0.09375,0.125,0.15625,0.171875,0.1875,
0.21875,0.234375,0.25,0.265625,0.28125,0.3125,0.328125,0.34375,0.375,0.40625,
0.421875,0.4375,0.46875,0.484375,0.5,0.515625,0.53125,0.5625,0.578125,0.59375,
0.625,0.65625,0.671875,0.6875,0.71875,0.734375,0.75,0.765625,0.78125,0.8125,
0.828125,0.84375,0.875,0.90625,0.921875,0.9375,0.96875,0.984375,1.,1.015625,
1.03125,1.0625),.UNSPECIFIED.);
#50=B_SPLINE_CURVE_WITH_KNOTS('',3,(#4006,#4007,#4008,#4009,#4010,#4011,
#4012,#4013,#4014,#4015,#4016,#4017,#4018,#4019,#4020,#4021,#4022,#4023,
#4024,#4025,#4026,#4027,#4028,#4029,#4030,#4031,#4032,#4033,#4034,#4035,
#4036,#4037,#4038,#4039,#4040,#4041,#4042,#4043,#4044,#4045,#4046,#4047,
#4048,#4049,#4050,#4051,#4052,#4053,#4054,#4055,#4056),.UNSPECIFIED.,.T.,
 .F.,(1,1,1,1,1,1,1,1,1,1,1,1,1,1,1,1,1,1,1,1,1,1,1,1,1,1,1,1,1,1,1,1,1,
1,1,1,1,1,1,1,1,1,1,1,1,1,1,1,1,1,1,1,1,1,1),(-0.0625,-0.03125,-0.015625,
0.,0.015625,0.03125,0.0625,0.078125,0.09375,0.125,0.15625,0.171875,0.1875,
0.21875,0.234375,0.25,0.265625,0.28125,0.3125,0.328125,0.34375,0.375,0.40625,
0.421875,0.4375,0.46875,0.484375,0.5,0.515625,0.53125,0.5625,0.578125,0.59375,
0.625,0.65625,0.671875,0.6875,0.71875,0.734375,0.75,0.765625,0.78125,0.8125,
0.828125,0.84375,0.875,0.90625,0.921875,0.9375,0.96875,0.984375,1.,1.015625,
1.03125,1.0625),.UNSPECIFIED.);
#51=B_SPLINE_CURVE_WITH_KNOTS('',3,(#4059,#4060,#4061,#4062,#4063,#4064,
#4065,#4066,#4067,#4068,#4069,#4070,#4071,#4072,#4073,#4074,#4075,#4076,
#4077,#4078,#4079,#4080,#4081,#4082,#4083,#4084,#4085,#4086,#4087,#4088,
#4089,#4090,#4091,#4092,#4093,#4094,#4095),.UNSPECIFIED.,.F.,.F.,(4,1,1,
1,1,1,1,1,1,1,1,1,1,1,1,1,1,1,1,1,1,1,1,1,1,1,1,1,1,1,1,1,1,1,4),(0.0679727123767513,
0.0720201279833464,0.0760675435899416,0.0801149591965368,0.0841623748031319,
0.0882097904097271,0.0902334982130246,0.0922572060163222,0.0942809138196198,
0.0963046216229173,0.0983283294262149,0.100352037229512,0.104399452836108,
0.108446868442703,0.116541699655893,0.120589115262488,0.124636530869083,
0.128683946475679,0.132731362082274,0.140826193295464,0.144873608902059,
0.148921024508654,0.152968440115249,0.157015855721845,0.159039563525142,
0.16106327132844,0.163086979131737,0.165110686935035,0.16915810254163,0.173205518148225,
0.181300349361415,0.185347764968011,0.189395180574606,0.193442596181201,
0.197490011787796),.UNSPECIFIED.);
#52=B_SPLINE_CURVE_WITH_KNOTS('',3,(#4134,#4135,#4136,#4137,#4138,#4139,
#4140,#4141,#4142,#4143,#4144,#4145,#4146,#4147,#4148,#4149,#4150,#4151,
#4152,#4153,#4154,#4155,#4156,#4157,#4158,#4159,#4160,#4161,#4162,#4163,
#4164,#4165,#4166,#4167,#4168,#4169,#4170,#4171,#4172),.UNSPECIFIED.,.T.,
 .F.,(1,1,1,1,1,1,1,1,1,1,1,1,1,1,1,1,1,1,1,1,1,1,1,1,1,1,1,1,1,1,1,1,1,
1,1,1,1,1,1,1,1,1,1),(-0.012499913365919,-0.00833327557727928,-0.00416663778863957,
1.05188184890634E-16,0.00416663778863981,0.0083332755772795,0.0124999133659192,
0.0166665511545589,0.0208331889431986,0.0249998267318383,0.029166464520478,
0.0333331023091177,0.0374997400977574,0.0416663778863971,0.0458330156750368,
0.0499996534636765,0.0520829723579964,0.0541662912523162,0.0562496101466361,
0.0583329290409559,0.0604162479352758,0.0624995668295956,0.0666662046182353,
0.070832842406875,0.0729161613011949,0.0749994801955147,0.0791661179841544,
0.0833327557727941,0.0874993935614338,0.0916660313500735,0.0958326691387132,
0.0999993069273529,0.104165944715993,0.108332582504632,0.112499220293272,
0.116665858081912,0.120832495870551,0.124999133659191,0.129165771447831,
0.13333240923647,0.13749904702511,0.14166568481375,0.14583232260239),
 .UNSPECIFIED.);
#53=(
BOUNDED_SURFACE()
B_SPLINE_SURFACE(3,3,((#2845,#2846,#2847,#2848,#2849,#2850,#2851,#2852,
#2853,#2854,#2855,#2856,#2857,#2858,#2859,#2860,#2861,#2862,#2863,#2864,
#2865,#2866,#2867,#2868,#2869,#2870,#2871,#2872,#2873,#2874,#2875,#2876,
#2877,#2878),(#2879,#2880,#2881,#2882,#2883,#2884,#2885,#2886,#2887,#2888,
#2889,#2890,#2891,#2892,#2893,#2894,#2895,#2896,#2897,#2898,#2899,#2900,
#2901,#2902,#2903,#2904,#2905,#2906,#2907,#2908,#2909,#2910,#2911,#2912),
(#2913,#2914,#2915,#2916,#2917,#2918,#2919,#2920,#2921,#2922,#2923,#2924,
#2925,#2926,#2927,#2928,#2929,#2930,#2931,#2932,#2933,#2934,#2935,#2936,
#2937,#2938,#2939,#2940,#2941,#2942,#2943,#2944,#2945,#2946),(#2947,#2948,
#2949,#2950,#2951,#2952,#2953,#2954,#2955,#2956,#2957,#2958,#2959,#2960,
#2961,#2962,#2963,#2964,#2965,#2966,#2967,#2968,#2969,#2970,#2971,#2972,
#2973,#2974,#2975,#2976,#2977,#2978,#2979,#2980),(#2981,#2982,#2983,#2984,
#2985,#2986,#2987,#2988,#2989,#2990,#2991,#2992,#2993,#2994,#2995,#2996,
#2997,#2998,#2999,#3000,#3001,#3002,#3003,#3004,#3005,#3006,#3007,#3008,
#3009,#3010,#3011,#3012,#3013,#3014),(#3015,#3016,#3017,#3018,#3019,#3020,
#3021,#3022,#3023,#3024,#3025,#3026,#3027,#3028,#3029,#3030,#3031,#3032,
#3033,#3034,#3035,#3036,#3037,#3038,#3039,#3040,#3041,#3042,#3043,#3044,
#3045,#3046,#3047,#3048),(#3049,#3050,#3051,#3052,#3053,#3054,#3055,#3056,
#3057,#3058,#3059,#3060,#3061,#3062,#3063,#3064,#3065,#3066,#3067,#3068,
#3069,#3070,#3071,#3072,#3073,#3074,#3075,#3076,#3077,#3078,#3079,#3080,
#3081,#3082),(#3083,#3084,#3085,#3086,#3087,#3088,#3089,#3090,#3091,#3092,
#3093,#3094,#3095,#3096,#3097,#3098,#3099,#3100,#3101,#3102,#3103,#3104,
#3105,#3106,#3107,#3108,#3109,#3110,#3111,#3112,#3113,#3114,#3115,#3116),
(#3117,#3118,#3119,#3120,#3121,#3122,#3123,#3124,#3125,#3126,#3127,#3128,
#3129,#3130,#3131,#3132,#3133,#3134,#3135,#3136,#3137,#3138,#3139,#3140,
#3141,#3142,#3143,#3144,#3145,#3146,#3147,#3148,#3149,#3150),(#3151,#3152,
#3153,#3154,#3155,#3156,#3157,#3158,#3159,#3160,#3161,#3162,#3163,#3164,
#3165,#3166,#3167,#3168,#3169,#3170,#3171,#3172,#3173,#3174,#3175,#3176,
#3177,#3178,#3179,#3180,#3181,#3182,#3183,#3184)),.UNSPECIFIED.,.F.,.T.,
 .F.)
B_SPLINE_SURFACE_WITH_KNOTS((4,3,3,4),(2,2,2,2,2,2,2,2,2,2,2,2,2,2,2,2,
2,2,2),(0.485188608286612,0.5,1.,1.00319773785581),(-0.0625,0.,0.0625,0.125,
0.1875,0.25,0.3125,0.375,0.4375,0.5,0.5625,0.625,0.6875,0.75,0.8125,0.875,
0.9375,1.,1.0625),.UNSPECIFIED.)
GEOMETRIC_REPRESENTATION_ITEM()
RATIONAL_B_SPLINE_SURFACE(((0.942509451742349,0.942509451742349,0.942509451742349,
0.942509451742349,0.942509451742349,0.942509451742349,0.942509451742349,
0.942509451742349,0.942509451742349,0.942509451742349,0.942509451742349,
0.942509451742349,0.942509451742349,0.942509451742349,0.942509451742349,
0.942509451742349,0.942509451742349,0.942509451742349,0.942509451742349,
0.942509451742349,0.942509451742349,0.942509451742349,0.942509451742349,
0.942509451742349,0.942509451742349,0.942509451742349,0.942509451742349,
0.942509451742349,0.942509451742349,0.942509451742349,0.942509451742349,
0.942509451742349,0.942509451742349,0.942509451742349),(0.9610879616296,
0.9610879616296,0.9610879616296,0.9610879616296,0.9610879616296,0.9610879616296,
0.9610879616296,0.9610879616296,0.9610879616296,0.9610879616296,0.9610879616296,
0.9610879616296,0.9610879616296,0.9610879616296,0.9610879616296,0.9610879616296,
0.9610879616296,0.9610879616296,0.9610879616296,0.9610879616296,0.9610879616296,
0.9610879616296,0.9610879616296,0.9610879616296,0.9610879616296,0.9610879616296,
0.9610879616296,0.9610879616296,0.9610879616296,0.9610879616296,0.9610879616296,
0.9610879616296,0.9610879616296,0.9610879616296),(0.980251477715483,0.980251477715483,
0.980251477715483,0.980251477715483,0.980251477715483,0.980251477715483,
0.980251477715483,0.980251477715483,0.980251477715483,0.980251477715483,
0.980251477715483,0.980251477715483,0.980251477715483,0.980251477715483,
0.980251477715483,0.980251477715483,0.980251477715483,0.980251477715483,
0.980251477715483,0.980251477715483,0.980251477715483,0.980251477715483,
0.980251477715483,0.980251477715483,0.980251477715483,0.980251477715483,
0.980251477715483,0.980251477715483,0.980251477715483,0.980251477715483,
0.980251477715483,0.980251477715483,0.980251477715483,0.980251477715483),
(1.,1.,1.,1.,1.,1.,1.,1.,1.,1.,1.,1.,1.,1.,1.,1.,1.,1.,1.,1.,1.,1.,1.,1.,
1.,1.,1.,1.,1.,1.,1.,1.,1.,1.),(0.333333333333334,0.333333333333334,0.333333333333334,
0.333333333333334,0.333333333333334,0.333333333333334,0.333333333333334,
0.333333333333334,0.333333333333334,0.333333333333334,0.333333333333334,
0.333333333333334,0.333333333333334,0.333333333333334,0.333333333333334,
0.333333333333334,0.333333333333334,0.333333333333334,0.333333333333334,
0.333333333333334,0.333333333333334,0.333333333333334,0.333333333333334,
0.333333333333334,0.333333333333334,0.333333333333334,0.333333333333334,
0.333333333333334,0.333333333333334,0.333333333333334,0.333333333333334,
0.333333333333334,0.333333333333334,0.333333333333334),(0.333333333333334,
0.333333333333334,0.333333333333334,0.333333333333334,0.333333333333334,
0.333333333333334,0.333333333333334,0.333333333333334,0.333333333333334,
0.333333333333334,0.333333333333334,0.333333333333334,0.333333333333334,
0.333333333333334,0.333333333333334,0.333333333333334,0.333333333333334,
0.333333333333334,0.333333333333334,0.333333333333334,0.333333333333334,
0.333333333333334,0.333333333333334,0.333333333333334,0.333333333333334,
0.333333333333334,0.333333333333334,0.333333333333334,0.333333333333334,
0.333333333333334,0.333333333333334,0.333333333333334,0.333333333333334,
0.333333333333334),(1.,1.,1.,1.,1.,1.,1.,1.,1.,1.,1.,1.,1.,1.,1.,1.,1.,
1.,1.,1.,1.,1.,1.,1.,1.,1.,1.,1.,1.,1.,1.,1.,1.,1.),(1.,1.,1.,1.,1.,1.,
1.,1.,1.,1.,1.,1.,1.,1.,1.,1.,1.,1.,1.,1.,1.,1.,1.,1.,1.,1.,1.,1.,1.,1.,
1.,1.,1.,1.),(1.,1.,1.,1.,1.,1.,1.,1.,1.,1.,1.,1.,1.,1.,1.,1.,1.,1.,1.,
1.,1.,1.,1.,1.,1.,1.,1.,1.,1.,1.,1.,1.,1.,1.),(1.,1.,1.,1.,1.,1.,1.,1.,
1.,1.,1.,1.,1.,1.,1.,1.,1.,1.,1.,1.,1.,1.,1.,1.,1.,1.,1.,1.,1.,1.,1.,1.,
1.,1.)))
REPRESENTATION_ITEM('')
SURFACE()
);
#54=(
BOUNDED_SURFACE()
B_SPLINE_SURFACE(3,2,((#3372,#3373,#3374),(#3375,#3376,#3377),(#3378,#3379,
#3380),(#3381,#3382,#3383),(#3384,#3385,#3386),(#3387,#3388,#3389),(#3390,
#3391,#3392),(#3393,#3394,#3395),(#3396,#3397,#3398),(#3399,#3400,#3401),
(#3402,#3403,#3404)),.UNSPECIFIED.,.F.,.F.,.F.)
B_SPLINE_SURFACE_WITH_KNOTS((4,1,1,1,1,1,1,1,4),(3,3),(0.026436476597164,
0.0273935423984694,0.0283506081997747,0.02930767400108,0.0302647398023853,
0.0312218056036906,0.0321788714049959,0.0331359372063012,0.0340930030076065),
(0.,1.),.UNSPECIFIED.)
GEOMETRIC_REPRESENTATION_ITEM()
RATIONAL_B_SPLINE_SURFACE(((1.,0.707106781186548,1.),(1.,0.707106781186548,
1.),(1.,0.707106781186548,1.),(1.,0.707106781186548,1.),(1.,0.707106781186547,
1.),(1.,0.707106781186547,1.),(1.,0.707106781186548,1.),(1.,0.707106781186547,
1.),(1.,0.707106781186548,1.),(1.,0.707106781186548,1.),(1.,0.707106781186548,
1.)))
REPRESENTATION_ITEM('')
SURFACE()
);
#55=(
BOUNDED_SURFACE()
B_SPLINE_SURFACE(3,2,((#3435,#3436,#3437),(#3438,#3439,#3440),(#3441,#3442,
#3443),(#3444,#3445,#3446),(#3447,#3448,#3449),(#3450,#3451,#3452),(#3453,
#3454,#3455),(#3456,#3457,#3458),(#3459,#3460,#3461)),.UNSPECIFIED.,.F.,
 .F.,.F.)
B_SPLINE_SURFACE_WITH_KNOTS((4,1,1,1,1,1,4),(3,3),(0.055391939698346,0.057307650336924,
0.058265505656213,0.059223360975502,0.0601812162947911,0.0611390716140801,
0.0630547822526581),(0.,1.),.UNSPECIFIED.)
GEOMETRIC_REPRESENTATION_ITEM()
RATIONAL_B_SPLINE_SURFACE(((1.,0.707106781186548,1.),(1.,0.707106781186548,
1.),(1.,0.707106781186548,1.),(1.,0.707106781186548,1.),(1.,0.707106781186548,
1.),(1.,0.707106781186548,1.),(1.,0.707106781186548,1.),(1.,0.707106781186548,
1.),(1.,0.707106781186548,1.)))
REPRESENTATION_ITEM('')
SURFACE()
);
#56=(
BOUNDED_SURFACE()
B_SPLINE_SURFACE(3,2,((#3490,#3491,#3492),(#3493,#3494,#3495),(#3496,#3497,
#3498),(#3499,#3500,#3501),(#3502,#3503,#3504),(#3505,#3506,#3507),(#3508,
#3509,#3510),(#3511,#3512,#3513),(#3514,#3515,#3516)),.UNSPECIFIED.,.F.,
 .F.,.F.)
B_SPLINE_SURFACE_WITH_KNOTS((4,1,1,1,1,1,4),(3,3),(-4.5102810375397E-17,
0.00222437528438437,0.00444875056876878,0.00667312585315319,0.0088975011375376,
0.0133462517063064,0.0177950022750752),(0.,1.),.UNSPECIFIED.)
GEOMETRIC_REPRESENTATION_ITEM()
RATIONAL_B_SPLINE_SURFACE(((1.,0.815859122094726,1.),(1.,0.8248216106925,
1.),(1.,0.841188062573488,1.),(1.,0.858628060884333,1.),(1.,0.865818062576416,
1.),(1.,0.861196675850805,1.),(1.,0.835555163996924,1.),(1.,0.815456082769723,
1.),(1.,0.800348905251012,1.)))
REPRESENTATION_ITEM('')
SURFACE()
);
#57=(
BOUNDED_SURFACE()
B_SPLINE_SURFACE(3,2,((#3554,#3555,#3556),(#3557,#3558,#3559),(#3560,#3561,
#3562),(#3563,#3564,#3565),(#3566,#3567,#3568),(#3569,#3570,#3571),(#3572,
#3573,#3574),(#3575,#3576,#3577),(#3578,#3579,#3580),(#3581,#3582,#3583)),
 .UNSPECIFIED.,.F.,.F.,.F.)
B_SPLINE_SURFACE_WITH_KNOTS((4,1,1,1,1,1,1,4),(3,3),(-5.63785129692462E-18,
0.00222197485448545,0.00444394970897091,0.00888789941794182,0.0111098742724273,
0.0133318491269127,0.0155538239813982,0.0177757988358836),(0.,1.),
 .UNSPECIFIED.)
GEOMETRIC_REPRESENTATION_ITEM()
RATIONAL_B_SPLINE_SURFACE(((1.,0.800348905251012,1.),(1.,0.807898700908508,
1.),(1.,0.819632948731268,1.),(1.,0.841043164419724,1.),(1.,0.860919777574884,
1.),(1.,0.865867533745783,1.),(1.,0.858783620591947,1.),(1.,0.841389818268854,
1.),(1.,0.824845887323445,1.),(1.,0.815859122094936,1.)))
REPRESENTATION_ITEM('')
SURFACE()
);
#58=(
BOUNDED_SURFACE()
B_SPLINE_SURFACE(3,2,((#3585,#3586,#3587),(#3588,#3589,#3590),(#3591,#3592,
#3593),(#3594,#3595,#3596),(#3597,#3598,#3599),(#3600,#3601,#3602),(#3603,
#3604,#3605),(#3606,#3607,#3608),(#3609,#3610,#3611)),.UNSPECIFIED.,.F.,
 .F.,.F.)
B_SPLINE_SURFACE_WITH_KNOTS((4,1,1,1,1,1,4),(3,3),(-6.93889390390723E-18,
0.00222437528438373,0.00444875056876746,0.00667312585315119,0.00889750113753493,
0.0133462517063024,0.0177950022750699),(0.,1.),.UNSPECIFIED.)
GEOMETRIC_REPRESENTATION_ITEM()
RATIONAL_B_SPLINE_SURFACE(((1.,0.815859122094725,1.),(1.,0.824821610693038,
1.),(1.,0.841188062573264,1.),(1.,0.858628060884323,1.),(1.,0.865818062576634,
1.),(1.,0.861196675849574,1.),(1.,0.835555164007051,1.),(1.,0.815456082748542,
1.),(1.,0.800348905251076,1.)))
REPRESENTATION_ITEM('')
SURFACE()
);
#59=(
BOUNDED_SURFACE()
B_SPLINE_SURFACE(3,2,((#3649,#3650,#3651),(#3652,#3653,#3654),(#3655,#3656,
#3657),(#3658,#3659,#3660),(#3661,#3662,#3663),(#3664,#3665,#3666),(#3667,
#3668,#3669),(#3670,#3671,#3672),(#3673,#3674,#3675),(#3676,#3677,#3678)),
 .UNSPECIFIED.,.F.,.F.,.F.)
B_SPLINE_SURFACE_WITH_KNOTS((4,1,1,1,1,1,1,4),(3,3),(-8.67361737988404E-19,
0.00222197485448508,0.00444394970897017,0.00888789941794033,0.0111098742724254,
0.0133318491269105,0.0155538239813956,0.0177757988358807),(0.,1.),
 .UNSPECIFIED.)
GEOMETRIC_REPRESENTATION_ITEM()
RATIONAL_B_SPLINE_SURFACE(((1.,0.800348905251012,1.),(1.,0.807898700908506,
1.),(1.,0.819632948731266,1.),(1.,0.841043164419722,1.),(1.,0.860919777574823,
1.),(1.,0.865867533745875,1.),(1.,0.858783620591611,1.),(1.,0.841389818270176,
1.),(1.,0.824845887320686,1.),(1.,0.815859122094975,1.)))
REPRESENTATION_ITEM('')
SURFACE()
);
#60=(
BOUNDED_SURFACE()
B_SPLINE_SURFACE(3,2,((#3680,#3681,#3682),(#3683,#3684,#3685),(#3686,#3687,
#3688),(#3689,#3690,#3691),(#3692,#3693,#3694),(#3695,#3696,#3697),(#3698,
#3699,#3700),(#3701,#3702,#3703),(#3704,#3705,#3706),(#3707,#3708,#3709),
(#3710,#3711,#3712),(#3713,#3714,#3715),(#3716,#3717,#3718),(#3719,#3720,
#3721),(#3722,#3723,#3724)),.UNSPECIFIED.,.F.,.F.,.F.)
B_SPLINE_SURFACE_WITH_KNOTS((4,1,1,1,1,1,1,1,1,1,1,1,4),(3,3),(-3.6949610038306E-16,
0.00261922937306895,0.00523845874613826,0.0104769174922769,0.0157153762384155,
0.0183346056114848,0.0209538349845542,0.0261922937306928,0.0288115231037621,
0.0314307524768314,0.0366692112229701,0.0392884405960394,0.0419076699691087),
(0.,1.),.UNSPECIFIED.)
GEOMETRIC_REPRESENTATION_ITEM()
RATIONAL_B_SPLINE_SURFACE(((1.,0.815859122094704,1.),(1.,0.816640571401803,
1.),(1.,0.815735971872092,1.),(1.,0.80552441581518,1.),(1.,0.78237151206528,
1.),(1.,0.761709461716421,1.),(1.,0.752691631557151,1.),(1.,0.749575172438667,
1.),(1.,0.756081512049565,1.),(1.,0.769882866070525,1.),(1.,0.787047546386088,
1.),(1.,0.80544272328621,1.),(1.,0.815740723028442,1.),(1.,0.81664123652783,
1.),(1.,0.815859122094727,1.)))
REPRESENTATION_ITEM('')
SURFACE()
);
#61=(
BOUNDED_SURFACE()
B_SPLINE_SURFACE(3,2,((#3738,#3739,#3740),(#3741,#3742,#3743),(#3744,#3745,
#3746),(#3747,#3748,#3749),(#3750,#3751,#3752),(#3753,#3754,#3755),(#3756,
#3757,#3758),(#3759,#3760,#3761),(#3762,#3763,#3764),(#3765,#3766,#3767),
(#3768,#3769,#3770),(#3771,#3772,#3773),(#3774,#3775,#3776),(#3777,#3778,
#3779),(#3780,#3781,#3782)),.UNSPECIFIED.,.F.,.F.,.F.)
B_SPLINE_SURFACE_WITH_KNOTS((4,1,1,1,1,1,1,1,1,1,1,1,4),(3,3),(-3.87710696880816E-16,
0.00261922937306912,0.00523845874613863,0.0104769174922776,0.0157153762384167,
0.0183346056114862,0.0209538349845557,0.0261922937306947,0.0288115231037642,
0.0314307524768337,0.0366692112229727,0.0392884405960422,0.0419076699691117),
(0.,1.),.UNSPECIFIED.)
GEOMETRIC_REPRESENTATION_ITEM()
RATIONAL_B_SPLINE_SURFACE(((1.,0.815859122094702,1.),(1.,0.816640571398648,
1.),(1.,0.815735971873523,1.),(1.,0.805524415814368,1.),(1.,0.782371512065578,
1.),(1.,0.761709461716393,1.),(1.,0.752691631557161,1.),(1.,0.749575172438662,
1.),(1.,0.756081512049559,1.),(1.,0.769882866070525,1.),(1.,0.787047546386057,
1.),(1.,0.805442723286364,1.),(1.,0.815740723028175,1.),(1.,0.816641236528422,
1.),(1.,0.815859122094727,1.)))
REPRESENTATION_ITEM('')
SURFACE()
);
#62=COLOUR_RGB('',0.372549019607843,0.654901960784314,0.23921568627451);
#63=COLOUR_RGB('',0.447058823529412,0.243137254901961,0.);
#64=SHAPE_REPRESENTATION_RELATIONSHIP('','',#1829,#67);
#65=SHAPE_REPRESENTATION_RELATIONSHIP('','',#1830,#68);
#66=SHAPE_REPRESENTATION_RELATIONSHIP('','',#1831,#69);
#67=ADVANCED_BREP_SHAPE_REPRESENTATION('',(#1823),#4224);
#68=ADVANCED_BREP_SHAPE_REPRESENTATION('',(#1824),#4225);
#69=ADVANCED_BREP_SHAPE_REPRESENTATION('',(#1825),#4226);
#70=TOROIDAL_SURFACE('',#1920,0.0012,0.0008);
#71=TOROIDAL_SURFACE('',#1928,0.0012,0.0008);
#72=TOROIDAL_SURFACE('',#1936,0.0012,0.0008);
#73=TOROIDAL_SURFACE('',#1944,0.0012,0.0008);
#74=TOROIDAL_SURFACE('',#1952,0.0012,0.0008);
#75=TOROIDAL_SURFACE('',#1960,0.0012,0.0008);
#76=TOROIDAL_SURFACE('',#1974,0.027,0.002);
#77=SPHERICAL_SURFACE('',#1916,0.0008);
#78=SPHERICAL_SURFACE('',#1924,0.0008);
#79=SPHERICAL_SURFACE('',#1932,0.0008);
#80=SPHERICAL_SURFACE('',#1940,0.0008);
#81=SPHERICAL_SURFACE('',#1948,0.0008);
#82=SPHERICAL_SURFACE('',#1956,0.0008);
#83=SPHERICAL_SURFACE('',#1962,0.0008);
#84=CYLINDRICAL_SURFACE('',#1884,0.0008);
#85=CYLINDRICAL_SURFACE('',#1885,0.0008);
#86=CYLINDRICAL_SURFACE('',#1886,0.0008);
#87=CYLINDRICAL_SURFACE('',#1887,0.0008);
#88=CYLINDRICAL_SURFACE('',#1888,0.0004);
#89=CYLINDRICAL_SURFACE('',#1890,0.0004);
#90=CYLINDRICAL_SURFACE('',#1892,0.0004);
#91=CYLINDRICAL_SURFACE('',#1894,0.0004);
#92=CYLINDRICAL_SURFACE('',#1896,0.0004);
#93=CYLINDRICAL_SURFACE('',#1898,0.0004);
#94=CYLINDRICAL_SURFACE('',#1900,0.0008);
#95=CYLINDRICAL_SURFACE('',#1902,0.0008);
#96=CYLINDRICAL_SURFACE('',#1904,0.0008);
#97=CYLINDRICAL_SURFACE('',#1906,0.0008);
#98=CYLINDRICAL_SURFACE('',#1908,0.0008);
#99=CYLINDRICAL_SURFACE('',#1910,0.0008);
#100=CYLINDRICAL_SURFACE('',#1912,0.0008);
#101=CYLINDRICAL_SURFACE('',#1914,0.0008);
#102=CYLINDRICAL_SURFACE('',#1918,0.0008);
#103=CYLINDRICAL_SURFACE('',#1922,0.0008);
#104=CYLINDRICAL_SURFACE('',#1926,0.0008);
#105=CYLINDRICAL_SURFACE('',#1930,0.0008);
#106=CYLINDRICAL_SURFACE('',#1934,0.0008);
#107=CYLINDRICAL_SURFACE('',#1938,0.0008);
#108=CYLINDRICAL_SURFACE('',#1942,0.0008);
#109=CYLINDRICAL_SURFACE('',#1946,0.0008);
#110=CYLINDRICAL_SURFACE('',#1950,0.0008);
#111=CYLINDRICAL_SURFACE('',#1954,0.0008);
#112=CYLINDRICAL_SURFACE('',#1958,0.0008);
#113=CYLINDRICAL_SURFACE('',#1964,0.0008);
#114=CYLINDRICAL_SURFACE('',#1967,0.029);
#115=CYLINDRICAL_SURFACE('',#1976,0.002);
#116=CYLINDRICAL_SURFACE('',#1979,0.002);
#117=CYLINDRICAL_SURFACE('',#1983,0.0170460793894037);
#118=CYLINDRICAL_SURFACE('',#1986,0.0170460793894037);
#119=CYLINDRICAL_SURFACE('',#1992,0.001);
#120=CYLINDRICAL_SURFACE('',#2020,0.002);
#121=CYLINDRICAL_SURFACE('',#2021,0.002);
#122=CYLINDRICAL_SURFACE('',#2022,0.00075);
#123=CYLINDRICAL_SURFACE('',#2023,0.00075);
#124=CYLINDRICAL_SURFACE('',#2024,0.00075);
#125=CYLINDRICAL_SURFACE('',#2025,0.00075);
#126=CIRCLE('',#1836,0.0008);
#127=CIRCLE('',#1838,0.0008);
#128=CIRCLE('',#1847,0.0008);
#129=CIRCLE('',#1849,0.0008);
#130=CIRCLE('',#1864,0.0012);
#131=CIRCLE('',#1865,0.0012);
#132=CIRCLE('',#1866,0.0012);
#133=CIRCLE('',#1867,0.0012);
#134=CIRCLE('',#1868,0.0012);
#135=CIRCLE('',#1869,0.0012);
#136=CIRCLE('',#1871,0.0008);
#137=CIRCLE('',#1872,0.0004);
#138=CIRCLE('',#1873,0.0008);
#139=CIRCLE('',#1874,0.0004);
#140=CIRCLE('',#1875,0.0008);
#141=CIRCLE('',#1876,0.0004);
#142=CIRCLE('',#1877,0.0008);
#143=CIRCLE('',#1878,0.0004);
#144=CIRCLE('',#1879,0.0008);
#145=CIRCLE('',#1880,0.0008);
#146=CIRCLE('',#1881,0.0004);
#147=CIRCLE('',#1882,0.0008);
#148=CIRCLE('',#1883,0.0004);
#149=CIRCLE('',#1889,0.0004);
#150=CIRCLE('',#1891,0.0004);
#151=CIRCLE('',#1893,0.0004);
#152=CIRCLE('',#1895,0.0004);
#153=CIRCLE('',#1897,0.0004);
#154=CIRCLE('',#1899,0.0004);
#155=CIRCLE('',#1901,0.0008);
#156=CIRCLE('',#1903,0.0008);
#157=CIRCLE('',#1905,0.0008);
#158=CIRCLE('',#1907,0.0008);
#159=CIRCLE('',#1909,0.0008);
#160=CIRCLE('',#1911,0.0008);
#161=CIRCLE('',#1913,0.0008);
#162=CIRCLE('',#1915,0.0008);
#163=CIRCLE('',#1917,0.0008);
#164=CIRCLE('',#1919,0.0008);
#165=CIRCLE('',#1921,0.0008);
#166=CIRCLE('',#1923,0.0008);
#167=CIRCLE('',#1925,0.0008);
#168=CIRCLE('',#1927,0.0008);
#169=CIRCLE('',#1929,0.0008);
#170=CIRCLE('',#1931,0.0008);
#171=CIRCLE('',#1933,0.0008);
#172=CIRCLE('',#1935,0.0008);
#173=CIRCLE('',#1937,0.0008);
#174=CIRCLE('',#1939,0.0008);
#175=CIRCLE('',#1941,0.0008);
#176=CIRCLE('',#1943,0.0008);
#177=CIRCLE('',#1945,0.0008);
#178=CIRCLE('',#1947,0.0008);
#179=CIRCLE('',#1949,0.0008);
#180=CIRCLE('',#1951,0.0008);
#181=CIRCLE('',#1953,0.0008);
#182=CIRCLE('',#1955,0.0008);
#183=CIRCLE('',#1957,0.0008);
#184=CIRCLE('',#1959,0.0008);
#185=CIRCLE('',#1961,0.0008);
#186=CIRCLE('',#1963,0.0008);
#187=CIRCLE('',#1968,0.029);
#188=CIRCLE('',#1969,0.029);
#189=CIRCLE('',#1971,0.027);
#190=CIRCLE('',#1973,0.001);
#191=CIRCLE('',#1977,0.002);
#192=CIRCLE('',#1978,0.002);
#193=CIRCLE('',#1980,0.002);
#194=CIRCLE('',#1981,0.002);
#195=CIRCLE('',#1982,0.002);
#196=CIRCLE('',#1984,0.002);
#197=CIRCLE('',#1985,0.002);
#198=CIRCLE('',#1987,0.002);
#199=CIRCLE('',#1993,0.001);
#200=CIRCLE('',#1997,0.00075);
#201=CIRCLE('',#1998,0.00075);
#202=CIRCLE('',#1999,0.00075);
#203=CIRCLE('',#2000,0.00075);
#204=CIRCLE('',#2001,0.002);
#205=CIRCLE('',#2002,0.002);
#206=ELLIPSE('',#1834,0.00130625709336206,0.0008);
#207=ELLIPSE('',#1837,0.00101199274192283,0.0008);
#208=ELLIPSE('',#1841,0.000923760430703401,0.0008);
#209=ELLIPSE('',#1842,0.000923760430703401,0.0008);
#210=ELLIPSE('',#1843,0.000923760430703401,0.0008);
#211=ELLIPSE('',#1844,0.000923760430703401,0.0008);
#212=ELLIPSE('',#1848,0.00114788635602097,0.0008);
#213=ELLIPSE('',#1851,0.00111554829022469,0.0008);
#214=ELLIPSE('',#1966,0.0225,0.02);
#215=ELLIPSE('',#2008,0.000866025403784453,0.00075);
#216=ELLIPSE('',#2009,0.000866025403784453,0.00075);
#217=ELLIPSE('',#2010,0.000866025403784453,0.00075);
#218=ELLIPSE('',#2011,0.000866025403784453,0.00075);
#219=ELLIPSE('',#2012,0.00230940107675854,0.002);
#220=ELLIPSE('',#2013,0.00230940107675854,0.002);
#221=ORIENTED_EDGE('',*,*,#737,.F.);
#222=ORIENTED_EDGE('',*,*,#738,.T.);
#223=ORIENTED_EDGE('',*,*,#739,.T.);
#224=ORIENTED_EDGE('',*,*,#740,.F.);
#225=ORIENTED_EDGE('',*,*,#741,.T.);
#226=ORIENTED_EDGE('',*,*,#742,.F.);
#227=ORIENTED_EDGE('',*,*,#743,.T.);
#228=ORIENTED_EDGE('',*,*,#744,.F.);
#229=ORIENTED_EDGE('',*,*,#745,.T.);
#230=ORIENTED_EDGE('',*,*,#737,.T.);
#231=ORIENTED_EDGE('',*,*,#746,.T.);
#232=ORIENTED_EDGE('',*,*,#747,.F.);
#233=ORIENTED_EDGE('',*,*,#748,.T.);
#234=ORIENTED_EDGE('',*,*,#742,.T.);
#235=ORIENTED_EDGE('',*,*,#749,.T.);
#236=ORIENTED_EDGE('',*,*,#750,.T.);
#237=ORIENTED_EDGE('',*,*,#751,.T.);
#238=ORIENTED_EDGE('',*,*,#752,.F.);
#239=ORIENTED_EDGE('',*,*,#753,.T.);
#240=ORIENTED_EDGE('',*,*,#754,.F.);
#241=ORIENTED_EDGE('',*,*,#755,.T.);
#242=ORIENTED_EDGE('',*,*,#747,.T.);
#243=ORIENTED_EDGE('',*,*,#756,.T.);
#244=ORIENTED_EDGE('',*,*,#752,.T.);
#245=ORIENTED_EDGE('',*,*,#757,.T.);
#246=ORIENTED_EDGE('',*,*,#758,.F.);
#247=ORIENTED_EDGE('',*,*,#759,.T.);
#248=ORIENTED_EDGE('',*,*,#758,.T.);
#249=ORIENTED_EDGE('',*,*,#760,.T.);
#250=ORIENTED_EDGE('',*,*,#761,.F.);
#251=ORIENTED_EDGE('',*,*,#762,.T.);
#252=ORIENTED_EDGE('',*,*,#763,.F.);
#253=ORIENTED_EDGE('',*,*,#764,.T.);
#254=ORIENTED_EDGE('',*,*,#765,.T.);
#255=ORIENTED_EDGE('',*,*,#766,.T.);
#256=ORIENTED_EDGE('',*,*,#761,.T.);
#257=ORIENTED_EDGE('',*,*,#767,.T.);
#258=ORIENTED_EDGE('',*,*,#768,.F.);
#259=ORIENTED_EDGE('',*,*,#769,.T.);
#260=ORIENTED_EDGE('',*,*,#770,.T.);
#261=ORIENTED_EDGE('',*,*,#771,.T.);
#262=ORIENTED_EDGE('',*,*,#772,.F.);
#263=ORIENTED_EDGE('',*,*,#773,.T.);
#264=ORIENTED_EDGE('',*,*,#774,.T.);
#265=ORIENTED_EDGE('',*,*,#775,.T.);
#266=ORIENTED_EDGE('',*,*,#776,.F.);
#267=ORIENTED_EDGE('',*,*,#777,.T.);
#268=ORIENTED_EDGE('',*,*,#778,.T.);
#269=ORIENTED_EDGE('',*,*,#779,.T.);
#270=ORIENTED_EDGE('',*,*,#780,.F.);
#271=ORIENTED_EDGE('',*,*,#781,.T.);
#272=ORIENTED_EDGE('',*,*,#782,.T.);
#273=ORIENTED_EDGE('',*,*,#783,.T.);
#274=ORIENTED_EDGE('',*,*,#784,.F.);
#275=ORIENTED_EDGE('',*,*,#785,.T.);
#276=ORIENTED_EDGE('',*,*,#786,.T.);
#277=ORIENTED_EDGE('',*,*,#787,.T.);
#278=ORIENTED_EDGE('',*,*,#788,.F.);
#279=ORIENTED_EDGE('',*,*,#789,.T.);
#280=ORIENTED_EDGE('',*,*,#790,.T.);
#281=ORIENTED_EDGE('',*,*,#791,.T.);
#282=ORIENTED_EDGE('',*,*,#792,.F.);
#283=ORIENTED_EDGE('',*,*,#793,.T.);
#284=ORIENTED_EDGE('',*,*,#794,.T.);
#285=ORIENTED_EDGE('',*,*,#795,.T.);
#286=ORIENTED_EDGE('',*,*,#796,.F.);
#287=ORIENTED_EDGE('',*,*,#797,.T.);
#288=ORIENTED_EDGE('',*,*,#798,.T.);
#289=ORIENTED_EDGE('',*,*,#799,.T.);
#290=ORIENTED_EDGE('',*,*,#800,.F.);
#291=ORIENTED_EDGE('',*,*,#801,.T.);
#292=ORIENTED_EDGE('',*,*,#802,.T.);
#293=ORIENTED_EDGE('',*,*,#803,.T.);
#294=ORIENTED_EDGE('',*,*,#804,.F.);
#295=ORIENTED_EDGE('',*,*,#805,.T.);
#296=ORIENTED_EDGE('',*,*,#806,.T.);
#297=ORIENTED_EDGE('',*,*,#807,.T.);
#298=ORIENTED_EDGE('',*,*,#808,.F.);
#299=ORIENTED_EDGE('',*,*,#809,.T.);
#300=ORIENTED_EDGE('',*,*,#810,.T.);
#301=ORIENTED_EDGE('',*,*,#811,.T.);
#302=ORIENTED_EDGE('',*,*,#812,.F.);
#303=ORIENTED_EDGE('',*,*,#744,.T.);
#304=ORIENTED_EDGE('',*,*,#813,.T.);
#305=ORIENTED_EDGE('',*,*,#754,.T.);
#306=ORIENTED_EDGE('',*,*,#814,.T.);
#307=ORIENTED_EDGE('',*,*,#763,.T.);
#308=ORIENTED_EDGE('',*,*,#815,.T.);
#309=ORIENTED_EDGE('',*,*,#816,.T.);
#310=ORIENTED_EDGE('',*,*,#817,.T.);
#311=ORIENTED_EDGE('',*,*,#818,.T.);
#312=ORIENTED_EDGE('',*,*,#819,.T.);
#313=ORIENTED_EDGE('',*,*,#820,.T.);
#314=ORIENTED_EDGE('',*,*,#821,.T.);
#315=ORIENTED_EDGE('',*,*,#822,.T.);
#316=ORIENTED_EDGE('',*,*,#823,.T.);
#317=ORIENTED_EDGE('',*,*,#824,.T.);
#318=ORIENTED_EDGE('',*,*,#825,.T.);
#319=ORIENTED_EDGE('',*,*,#826,.T.);
#320=ORIENTED_EDGE('',*,*,#827,.T.);
#321=ORIENTED_EDGE('',*,*,#828,.T.);
#322=ORIENTED_EDGE('',*,*,#829,.T.);
#323=ORIENTED_EDGE('',*,*,#830,.T.);
#324=ORIENTED_EDGE('',*,*,#831,.T.);
#325=ORIENTED_EDGE('',*,*,#832,.T.);
#326=ORIENTED_EDGE('',*,*,#833,.T.);
#327=ORIENTED_EDGE('',*,*,#804,.T.);
#328=ORIENTED_EDGE('',*,*,#834,.T.);
#329=ORIENTED_EDGE('',*,*,#800,.T.);
#330=ORIENTED_EDGE('',*,*,#835,.T.);
#331=ORIENTED_EDGE('',*,*,#796,.T.);
#332=ORIENTED_EDGE('',*,*,#836,.T.);
#333=ORIENTED_EDGE('',*,*,#792,.T.);
#334=ORIENTED_EDGE('',*,*,#837,.T.);
#335=ORIENTED_EDGE('',*,*,#788,.T.);
#336=ORIENTED_EDGE('',*,*,#838,.T.);
#337=ORIENTED_EDGE('',*,*,#784,.T.);
#338=ORIENTED_EDGE('',*,*,#839,.T.);
#339=ORIENTED_EDGE('',*,*,#780,.T.);
#340=ORIENTED_EDGE('',*,*,#840,.T.);
#341=ORIENTED_EDGE('',*,*,#776,.T.);
#342=ORIENTED_EDGE('',*,*,#841,.T.);
#343=ORIENTED_EDGE('',*,*,#772,.T.);
#344=ORIENTED_EDGE('',*,*,#842,.T.);
#345=ORIENTED_EDGE('',*,*,#768,.T.);
#346=ORIENTED_EDGE('',*,*,#843,.T.);
#347=ORIENTED_EDGE('',*,*,#750,.F.);
#348=ORIENTED_EDGE('',*,*,#844,.T.);
#349=ORIENTED_EDGE('',*,*,#740,.T.);
#350=ORIENTED_EDGE('',*,*,#845,.T.);
#351=ORIENTED_EDGE('',*,*,#846,.T.);
#352=ORIENTED_EDGE('',*,*,#812,.T.);
#353=ORIENTED_EDGE('',*,*,#847,.T.);
#354=ORIENTED_EDGE('',*,*,#808,.T.);
#355=ORIENTED_EDGE('',*,*,#848,.T.);
#356=ORIENTED_EDGE('',*,*,#760,.F.);
#357=ORIENTED_EDGE('',*,*,#757,.F.);
#358=ORIENTED_EDGE('',*,*,#751,.F.);
#359=ORIENTED_EDGE('',*,*,#843,.F.);
#360=ORIENTED_EDGE('',*,*,#767,.F.);
#361=ORIENTED_EDGE('',*,*,#764,.F.);
#362=ORIENTED_EDGE('',*,*,#814,.F.);
#363=ORIENTED_EDGE('',*,*,#753,.F.);
#364=ORIENTED_EDGE('',*,*,#759,.F.);
#365=ORIENTED_EDGE('',*,*,#743,.F.);
#366=ORIENTED_EDGE('',*,*,#748,.F.);
#367=ORIENTED_EDGE('',*,*,#755,.F.);
#368=ORIENTED_EDGE('',*,*,#813,.F.);
#369=ORIENTED_EDGE('',*,*,#741,.F.);
#370=ORIENTED_EDGE('',*,*,#844,.F.);
#371=ORIENTED_EDGE('',*,*,#756,.F.);
#372=ORIENTED_EDGE('',*,*,#749,.F.);
#373=ORIENTED_EDGE('',*,*,#746,.F.);
#374=ORIENTED_EDGE('',*,*,#775,.F.);
#375=ORIENTED_EDGE('',*,*,#849,.T.);
#376=ORIENTED_EDGE('',*,*,#769,.F.);
#377=ORIENTED_EDGE('',*,*,#841,.F.);
#378=ORIENTED_EDGE('',*,*,#783,.F.);
#379=ORIENTED_EDGE('',*,*,#850,.T.);
#380=ORIENTED_EDGE('',*,*,#777,.F.);
#381=ORIENTED_EDGE('',*,*,#839,.F.);
#382=ORIENTED_EDGE('',*,*,#791,.F.);
#383=ORIENTED_EDGE('',*,*,#851,.T.);
#384=ORIENTED_EDGE('',*,*,#785,.F.);
#385=ORIENTED_EDGE('',*,*,#837,.F.);
#386=ORIENTED_EDGE('',*,*,#799,.F.);
#387=ORIENTED_EDGE('',*,*,#852,.T.);
#388=ORIENTED_EDGE('',*,*,#793,.F.);
#389=ORIENTED_EDGE('',*,*,#835,.F.);
#390=ORIENTED_EDGE('',*,*,#807,.F.);
#391=ORIENTED_EDGE('',*,*,#853,.T.);
#392=ORIENTED_EDGE('',*,*,#801,.F.);
#393=ORIENTED_EDGE('',*,*,#848,.F.);
#394=ORIENTED_EDGE('',*,*,#854,.T.);
#395=ORIENTED_EDGE('',*,*,#855,.T.);
#396=ORIENTED_EDGE('',*,*,#809,.F.);
#397=ORIENTED_EDGE('',*,*,#846,.F.);
#398=ORIENTED_EDGE('',*,*,#803,.F.);
#399=ORIENTED_EDGE('',*,*,#856,.T.);
#400=ORIENTED_EDGE('',*,*,#797,.F.);
#401=ORIENTED_EDGE('',*,*,#834,.F.);
#402=ORIENTED_EDGE('',*,*,#811,.F.);
#403=ORIENTED_EDGE('',*,*,#857,.T.);
#404=ORIENTED_EDGE('',*,*,#805,.F.);
#405=ORIENTED_EDGE('',*,*,#847,.F.);
#406=ORIENTED_EDGE('',*,*,#739,.F.);
#407=ORIENTED_EDGE('',*,*,#858,.T.);
#408=ORIENTED_EDGE('',*,*,#854,.F.);
#409=ORIENTED_EDGE('',*,*,#845,.F.);
#410=ORIENTED_EDGE('',*,*,#771,.F.);
#411=ORIENTED_EDGE('',*,*,#859,.T.);
#412=ORIENTED_EDGE('',*,*,#765,.F.);
#413=ORIENTED_EDGE('',*,*,#842,.F.);
#414=ORIENTED_EDGE('',*,*,#779,.F.);
#415=ORIENTED_EDGE('',*,*,#860,.T.);
#416=ORIENTED_EDGE('',*,*,#773,.F.);
#417=ORIENTED_EDGE('',*,*,#840,.F.);
#418=ORIENTED_EDGE('',*,*,#787,.F.);
#419=ORIENTED_EDGE('',*,*,#861,.T.);
#420=ORIENTED_EDGE('',*,*,#781,.F.);
#421=ORIENTED_EDGE('',*,*,#838,.F.);
#422=ORIENTED_EDGE('',*,*,#795,.F.);
#423=ORIENTED_EDGE('',*,*,#862,.T.);
#424=ORIENTED_EDGE('',*,*,#789,.F.);
#425=ORIENTED_EDGE('',*,*,#836,.F.);
#426=ORIENTED_EDGE('',*,*,#762,.F.);
#427=ORIENTED_EDGE('',*,*,#766,.F.);
#428=ORIENTED_EDGE('',*,*,#863,.F.);
#429=ORIENTED_EDGE('',*,*,#815,.F.);
#430=ORIENTED_EDGE('',*,*,#863,.T.);
#431=ORIENTED_EDGE('',*,*,#859,.F.);
#432=ORIENTED_EDGE('',*,*,#864,.F.);
#433=ORIENTED_EDGE('',*,*,#864,.T.);
#434=ORIENTED_EDGE('',*,*,#770,.F.);
#435=ORIENTED_EDGE('',*,*,#865,.F.);
#436=ORIENTED_EDGE('',*,*,#816,.F.);
#437=ORIENTED_EDGE('',*,*,#865,.T.);
#438=ORIENTED_EDGE('',*,*,#849,.F.);
#439=ORIENTED_EDGE('',*,*,#866,.F.);
#440=ORIENTED_EDGE('',*,*,#817,.F.);
#441=ORIENTED_EDGE('',*,*,#866,.T.);
#442=ORIENTED_EDGE('',*,*,#774,.F.);
#443=ORIENTED_EDGE('',*,*,#867,.F.);
#444=ORIENTED_EDGE('',*,*,#818,.F.);
#445=ORIENTED_EDGE('',*,*,#867,.T.);
#446=ORIENTED_EDGE('',*,*,#860,.F.);
#447=ORIENTED_EDGE('',*,*,#868,.F.);
#448=ORIENTED_EDGE('',*,*,#868,.T.);
#449=ORIENTED_EDGE('',*,*,#778,.F.);
#450=ORIENTED_EDGE('',*,*,#869,.F.);
#451=ORIENTED_EDGE('',*,*,#819,.F.);
#452=ORIENTED_EDGE('',*,*,#869,.T.);
#453=ORIENTED_EDGE('',*,*,#850,.F.);
#454=ORIENTED_EDGE('',*,*,#870,.F.);
#455=ORIENTED_EDGE('',*,*,#820,.F.);
#456=ORIENTED_EDGE('',*,*,#870,.T.);
#457=ORIENTED_EDGE('',*,*,#782,.F.);
#458=ORIENTED_EDGE('',*,*,#871,.F.);
#459=ORIENTED_EDGE('',*,*,#821,.F.);
#460=ORIENTED_EDGE('',*,*,#871,.T.);
#461=ORIENTED_EDGE('',*,*,#861,.F.);
#462=ORIENTED_EDGE('',*,*,#872,.F.);
#463=ORIENTED_EDGE('',*,*,#872,.T.);
#464=ORIENTED_EDGE('',*,*,#786,.F.);
#465=ORIENTED_EDGE('',*,*,#873,.F.);
#466=ORIENTED_EDGE('',*,*,#822,.F.);
#467=ORIENTED_EDGE('',*,*,#873,.T.);
#468=ORIENTED_EDGE('',*,*,#851,.F.);
#469=ORIENTED_EDGE('',*,*,#874,.F.);
#470=ORIENTED_EDGE('',*,*,#823,.F.);
#471=ORIENTED_EDGE('',*,*,#874,.T.);
#472=ORIENTED_EDGE('',*,*,#790,.F.);
#473=ORIENTED_EDGE('',*,*,#875,.F.);
#474=ORIENTED_EDGE('',*,*,#824,.F.);
#475=ORIENTED_EDGE('',*,*,#875,.T.);
#476=ORIENTED_EDGE('',*,*,#862,.F.);
#477=ORIENTED_EDGE('',*,*,#876,.F.);
#478=ORIENTED_EDGE('',*,*,#876,.T.);
#479=ORIENTED_EDGE('',*,*,#794,.F.);
#480=ORIENTED_EDGE('',*,*,#877,.F.);
#481=ORIENTED_EDGE('',*,*,#825,.F.);
#482=ORIENTED_EDGE('',*,*,#877,.T.);
#483=ORIENTED_EDGE('',*,*,#852,.F.);
#484=ORIENTED_EDGE('',*,*,#878,.F.);
#485=ORIENTED_EDGE('',*,*,#826,.F.);
#486=ORIENTED_EDGE('',*,*,#878,.T.);
#487=ORIENTED_EDGE('',*,*,#798,.F.);
#488=ORIENTED_EDGE('',*,*,#879,.F.);
#489=ORIENTED_EDGE('',*,*,#827,.F.);
#490=ORIENTED_EDGE('',*,*,#879,.T.);
#491=ORIENTED_EDGE('',*,*,#856,.F.);
#492=ORIENTED_EDGE('',*,*,#880,.F.);
#493=ORIENTED_EDGE('',*,*,#880,.T.);
#494=ORIENTED_EDGE('',*,*,#802,.F.);
#495=ORIENTED_EDGE('',*,*,#881,.F.);
#496=ORIENTED_EDGE('',*,*,#828,.F.);
#497=ORIENTED_EDGE('',*,*,#881,.T.);
#498=ORIENTED_EDGE('',*,*,#853,.F.);
#499=ORIENTED_EDGE('',*,*,#882,.F.);
#500=ORIENTED_EDGE('',*,*,#829,.F.);
#501=ORIENTED_EDGE('',*,*,#882,.T.);
#502=ORIENTED_EDGE('',*,*,#806,.F.);
#503=ORIENTED_EDGE('',*,*,#883,.F.);
#504=ORIENTED_EDGE('',*,*,#830,.F.);
#505=ORIENTED_EDGE('',*,*,#883,.T.);
#506=ORIENTED_EDGE('',*,*,#857,.F.);
#507=ORIENTED_EDGE('',*,*,#884,.F.);
#508=ORIENTED_EDGE('',*,*,#884,.T.);
#509=ORIENTED_EDGE('',*,*,#810,.F.);
#510=ORIENTED_EDGE('',*,*,#885,.F.);
#511=ORIENTED_EDGE('',*,*,#831,.F.);
#512=ORIENTED_EDGE('',*,*,#885,.T.);
#513=ORIENTED_EDGE('',*,*,#855,.F.);
#514=ORIENTED_EDGE('',*,*,#886,.F.);
#515=ORIENTED_EDGE('',*,*,#832,.F.);
#516=ORIENTED_EDGE('',*,*,#886,.T.);
#517=ORIENTED_EDGE('',*,*,#858,.F.);
#518=ORIENTED_EDGE('',*,*,#887,.F.);
#519=ORIENTED_EDGE('',*,*,#745,.F.);
#520=ORIENTED_EDGE('',*,*,#833,.F.);
#521=ORIENTED_EDGE('',*,*,#887,.T.);
#522=ORIENTED_EDGE('',*,*,#738,.F.);
#523=ORIENTED_EDGE('',*,*,#888,.F.);
#524=ORIENTED_EDGE('',*,*,#889,.T.);
#525=ORIENTED_EDGE('',*,*,#890,.F.);
#526=ORIENTED_EDGE('',*,*,#891,.T.);
#527=ORIENTED_EDGE('',*,*,#892,.F.);
#528=ORIENTED_EDGE('',*,*,#893,.T.);
#529=ORIENTED_EDGE('',*,*,#894,.F.);
#530=ORIENTED_EDGE('',*,*,#895,.T.);
#531=ORIENTED_EDGE('',*,*,#896,.F.);
#532=ORIENTED_EDGE('',*,*,#897,.T.);
#533=ORIENTED_EDGE('',*,*,#898,.F.);
#534=ORIENTED_EDGE('',*,*,#899,.F.);
#535=ORIENTED_EDGE('',*,*,#900,.T.);
#536=ORIENTED_EDGE('',*,*,#892,.T.);
#537=ORIENTED_EDGE('',*,*,#901,.F.);
#538=ORIENTED_EDGE('',*,*,#898,.T.);
#539=ORIENTED_EDGE('',*,*,#902,.T.);
#540=ORIENTED_EDGE('',*,*,#896,.T.);
#541=ORIENTED_EDGE('',*,*,#903,.F.);
#542=ORIENTED_EDGE('',*,*,#894,.T.);
#543=ORIENTED_EDGE('',*,*,#904,.T.);
#544=ORIENTED_EDGE('',*,*,#905,.T.);
#545=ORIENTED_EDGE('',*,*,#906,.F.);
#546=ORIENTED_EDGE('',*,*,#900,.F.);
#547=ORIENTED_EDGE('',*,*,#907,.T.);
#548=ORIENTED_EDGE('',*,*,#908,.F.);
#549=ORIENTED_EDGE('',*,*,#906,.T.);
#550=ORIENTED_EDGE('',*,*,#907,.F.);
#551=ORIENTED_EDGE('',*,*,#905,.F.);
#552=ORIENTED_EDGE('',*,*,#909,.T.);
#553=ORIENTED_EDGE('',*,*,#910,.T.);
#554=ORIENTED_EDGE('',*,*,#911,.T.);
#555=ORIENTED_EDGE('',*,*,#912,.T.);
#556=ORIENTED_EDGE('',*,*,#913,.T.);
#557=ORIENTED_EDGE('',*,*,#914,.F.);
#558=ORIENTED_EDGE('',*,*,#915,.F.);
#559=ORIENTED_EDGE('',*,*,#910,.F.);
#560=ORIENTED_EDGE('',*,*,#916,.T.);
#561=ORIENTED_EDGE('',*,*,#912,.F.);
#562=ORIENTED_EDGE('',*,*,#917,.T.);
#563=ORIENTED_EDGE('',*,*,#918,.F.);
#564=ORIENTED_EDGE('',*,*,#911,.F.);
#565=ORIENTED_EDGE('',*,*,#919,.T.);
#566=ORIENTED_EDGE('',*,*,#920,.F.);
#567=ORIENTED_EDGE('',*,*,#921,.T.);
#568=ORIENTED_EDGE('',*,*,#922,.F.);
#569=ORIENTED_EDGE('',*,*,#923,.T.);
#570=ORIENTED_EDGE('',*,*,#909,.F.);
#571=ORIENTED_EDGE('',*,*,#924,.T.);
#572=ORIENTED_EDGE('',*,*,#913,.F.);
#573=ORIENTED_EDGE('',*,*,#923,.F.);
#574=ORIENTED_EDGE('',*,*,#925,.F.);
#575=ORIENTED_EDGE('',*,*,#926,.F.);
#576=ORIENTED_EDGE('',*,*,#927,.T.);
#577=ORIENTED_EDGE('',*,*,#928,.T.);
#578=ORIENTED_EDGE('',*,*,#914,.T.);
#579=ORIENTED_EDGE('',*,*,#926,.T.);
#580=ORIENTED_EDGE('',*,*,#929,.T.);
#581=ORIENTED_EDGE('',*,*,#919,.F.);
#582=ORIENTED_EDGE('',*,*,#915,.T.);
#583=ORIENTED_EDGE('',*,*,#928,.F.);
#584=ORIENTED_EDGE('',*,*,#930,.T.);
#585=ORIENTED_EDGE('',*,*,#931,.F.);
#586=ORIENTED_EDGE('',*,*,#917,.F.);
#587=ORIENTED_EDGE('',*,*,#921,.F.);
#588=ORIENTED_EDGE('',*,*,#932,.T.);
#589=ORIENTED_EDGE('',*,*,#918,.T.);
#590=ORIENTED_EDGE('',*,*,#931,.T.);
#591=ORIENTED_EDGE('',*,*,#933,.T.);
#592=ORIENTED_EDGE('',*,*,#934,.T.);
#593=ORIENTED_EDGE('',*,*,#924,.F.);
#594=ORIENTED_EDGE('',*,*,#916,.F.);
#595=ORIENTED_EDGE('',*,*,#932,.F.);
#596=ORIENTED_EDGE('',*,*,#889,.F.);
#597=ORIENTED_EDGE('',*,*,#935,.F.);
#598=ORIENTED_EDGE('',*,*,#929,.F.);
#599=ORIENTED_EDGE('',*,*,#927,.F.);
#600=ORIENTED_EDGE('',*,*,#925,.T.);
#601=ORIENTED_EDGE('',*,*,#936,.F.);
#602=ORIENTED_EDGE('',*,*,#891,.F.);
#603=ORIENTED_EDGE('',*,*,#937,.F.);
#604=ORIENTED_EDGE('',*,*,#934,.F.);
#605=ORIENTED_EDGE('',*,*,#933,.F.);
#606=ORIENTED_EDGE('',*,*,#930,.F.);
#607=ORIENTED_EDGE('',*,*,#938,.F.);
#608=ORIENTED_EDGE('',*,*,#937,.T.);
#609=ORIENTED_EDGE('',*,*,#890,.T.);
#610=ORIENTED_EDGE('',*,*,#936,.T.);
#611=ORIENTED_EDGE('',*,*,#922,.T.);
#612=ORIENTED_EDGE('',*,*,#935,.T.);
#613=ORIENTED_EDGE('',*,*,#888,.T.);
#614=ORIENTED_EDGE('',*,*,#938,.T.);
#615=ORIENTED_EDGE('',*,*,#920,.T.);
#616=ORIENTED_EDGE('',*,*,#899,.T.);
#617=ORIENTED_EDGE('',*,*,#901,.T.);
#618=ORIENTED_EDGE('',*,*,#902,.F.);
#619=ORIENTED_EDGE('',*,*,#897,.F.);
#620=ORIENTED_EDGE('',*,*,#904,.F.);
#621=ORIENTED_EDGE('',*,*,#893,.F.);
#622=ORIENTED_EDGE('',*,*,#903,.T.);
#623=ORIENTED_EDGE('',*,*,#895,.F.);
#624=ORIENTED_EDGE('',*,*,#939,.F.);
#625=ORIENTED_EDGE('',*,*,#908,.T.);
#626=ORIENTED_EDGE('',*,*,#939,.T.);
#627=ORIENTED_EDGE('',*,*,#940,.F.);
#628=ORIENTED_EDGE('',*,*,#941,.T.);
#629=ORIENTED_EDGE('',*,*,#942,.F.);
#630=ORIENTED_EDGE('',*,*,#943,.T.);
#631=ORIENTED_EDGE('',*,*,#944,.F.);
#632=ORIENTED_EDGE('',*,*,#945,.T.);
#633=ORIENTED_EDGE('',*,*,#946,.F.);
#634=ORIENTED_EDGE('',*,*,#947,.T.);
#635=ORIENTED_EDGE('',*,*,#948,.F.);
#636=ORIENTED_EDGE('',*,*,#949,.T.);
#637=ORIENTED_EDGE('',*,*,#950,.T.);
#638=ORIENTED_EDGE('',*,*,#951,.T.);
#639=ORIENTED_EDGE('',*,*,#952,.T.);
#640=ORIENTED_EDGE('',*,*,#953,.F.);
#641=ORIENTED_EDGE('',*,*,#954,.F.);
#642=ORIENTED_EDGE('',*,*,#955,.F.);
#643=ORIENTED_EDGE('',*,*,#956,.F.);
#644=ORIENTED_EDGE('',*,*,#957,.T.);
#645=ORIENTED_EDGE('',*,*,#958,.T.);
#646=ORIENTED_EDGE('',*,*,#959,.T.);
#647=ORIENTED_EDGE('',*,*,#960,.T.);
#648=ORIENTED_EDGE('',*,*,#949,.F.);
#649=ORIENTED_EDGE('',*,*,#961,.F.);
#650=ORIENTED_EDGE('',*,*,#962,.T.);
#651=ORIENTED_EDGE('',*,*,#956,.T.);
#652=ORIENTED_EDGE('',*,*,#963,.F.);
#653=ORIENTED_EDGE('',*,*,#954,.T.);
#654=ORIENTED_EDGE('',*,*,#964,.T.);
#655=ORIENTED_EDGE('',*,*,#965,.T.);
#656=ORIENTED_EDGE('',*,*,#966,.F.);
#657=ORIENTED_EDGE('',*,*,#967,.T.);
#658=ORIENTED_EDGE('',*,*,#958,.F.);
#659=ORIENTED_EDGE('',*,*,#968,.F.);
#660=ORIENTED_EDGE('',*,*,#969,.F.);
#661=ORIENTED_EDGE('',*,*,#968,.T.);
#662=ORIENTED_EDGE('',*,*,#957,.F.);
#663=ORIENTED_EDGE('',*,*,#962,.F.);
#664=ORIENTED_EDGE('',*,*,#970,.F.);
#665=ORIENTED_EDGE('',*,*,#965,.F.);
#666=ORIENTED_EDGE('',*,*,#971,.F.);
#667=ORIENTED_EDGE('',*,*,#970,.T.);
#668=ORIENTED_EDGE('',*,*,#961,.T.);
#669=ORIENTED_EDGE('',*,*,#955,.T.);
#670=ORIENTED_EDGE('',*,*,#948,.T.);
#671=ORIENTED_EDGE('',*,*,#963,.T.);
#672=ORIENTED_EDGE('',*,*,#972,.F.);
#673=ORIENTED_EDGE('',*,*,#973,.T.);
#674=ORIENTED_EDGE('',*,*,#974,.F.);
#675=ORIENTED_EDGE('',*,*,#975,.T.);
#676=ORIENTED_EDGE('',*,*,#976,.F.);
#677=ORIENTED_EDGE('',*,*,#977,.T.);
#678=ORIENTED_EDGE('',*,*,#978,.F.);
#679=ORIENTED_EDGE('',*,*,#979,.T.);
#680=ORIENTED_EDGE('',*,*,#980,.T.);
#681=ORIENTED_EDGE('',*,*,#981,.T.);
#682=ORIENTED_EDGE('',*,*,#982,.T.);
#683=ORIENTED_EDGE('',*,*,#983,.T.);
#684=ORIENTED_EDGE('',*,*,#959,.F.);
#685=ORIENTED_EDGE('',*,*,#967,.F.);
#686=ORIENTED_EDGE('',*,*,#971,.T.);
#687=ORIENTED_EDGE('',*,*,#953,.T.);
#688=ORIENTED_EDGE('',*,*,#984,.T.);
#689=ORIENTED_EDGE('',*,*,#980,.F.);
#690=ORIENTED_EDGE('',*,*,#966,.T.);
#691=ORIENTED_EDGE('',*,*,#969,.T.);
#692=ORIENTED_EDGE('',*,*,#964,.F.);
#693=ORIENTED_EDGE('',*,*,#982,.F.);
#694=ORIENTED_EDGE('',*,*,#985,.T.);
#695=ORIENTED_EDGE('',*,*,#951,.F.);
#696=ORIENTED_EDGE('',*,*,#986,.T.);
#697=ORIENTED_EDGE('',*,*,#942,.T.);
#698=ORIENTED_EDGE('',*,*,#987,.T.);
#699=ORIENTED_EDGE('',*,*,#972,.T.);
#700=ORIENTED_EDGE('',*,*,#988,.T.);
#701=ORIENTED_EDGE('',*,*,#974,.T.);
#702=ORIENTED_EDGE('',*,*,#989,.T.);
#703=ORIENTED_EDGE('',*,*,#940,.T.);
#704=ORIENTED_EDGE('',*,*,#990,.T.);
#705=ORIENTED_EDGE('',*,*,#976,.T.);
#706=ORIENTED_EDGE('',*,*,#991,.T.);
#707=ORIENTED_EDGE('',*,*,#946,.T.);
#708=ORIENTED_EDGE('',*,*,#992,.T.);
#709=ORIENTED_EDGE('',*,*,#944,.T.);
#710=ORIENTED_EDGE('',*,*,#993,.T.);
#711=ORIENTED_EDGE('',*,*,#978,.T.);
#712=ORIENTED_EDGE('',*,*,#994,.T.);
#713=ORIENTED_EDGE('',*,*,#952,.F.);
#714=ORIENTED_EDGE('',*,*,#985,.F.);
#715=ORIENTED_EDGE('',*,*,#981,.F.);
#716=ORIENTED_EDGE('',*,*,#984,.F.);
#717=ORIENTED_EDGE('',*,*,#983,.F.);
#718=ORIENTED_EDGE('',*,*,#986,.F.);
#719=ORIENTED_EDGE('',*,*,#950,.F.);
#720=ORIENTED_EDGE('',*,*,#960,.F.);
#721=ORIENTED_EDGE('',*,*,#973,.F.);
#722=ORIENTED_EDGE('',*,*,#987,.F.);
#723=ORIENTED_EDGE('',*,*,#941,.F.);
#724=ORIENTED_EDGE('',*,*,#989,.F.);
#725=ORIENTED_EDGE('',*,*,#975,.F.);
#726=ORIENTED_EDGE('',*,*,#990,.F.);
#727=ORIENTED_EDGE('',*,*,#947,.F.);
#728=ORIENTED_EDGE('',*,*,#991,.F.);
#729=ORIENTED_EDGE('',*,*,#979,.F.);
#730=ORIENTED_EDGE('',*,*,#993,.F.);
#731=ORIENTED_EDGE('',*,*,#943,.F.);
#732=ORIENTED_EDGE('',*,*,#988,.F.);
#733=ORIENTED_EDGE('',*,*,#977,.F.);
#734=ORIENTED_EDGE('',*,*,#992,.F.);
#735=ORIENTED_EDGE('',*,*,#945,.F.);
#736=ORIENTED_EDGE('',*,*,#994,.F.);
#737=EDGE_CURVE('',#995,#996,#1156,.T.);
#738=EDGE_CURVE('',#995,#997,#1157,.T.);
#739=EDGE_CURVE('',#997,#998,#1158,.T.);
#740=EDGE_CURVE('',#999,#998,#1159,.T.);
#741=EDGE_CURVE('',#999,#996,#206,.F.);
#742=EDGE_CURVE('',#1000,#1001,#1160,.T.);
#743=EDGE_CURVE('',#1000,#1002,#126,.F.);
#744=EDGE_CURVE('',#1003,#1002,#1161,.T.);
#745=EDGE_CURVE('',#1003,#995,#207,.T.);
#746=EDGE_CURVE('',#996,#1001,#127,.F.);
#747=EDGE_CURVE('',#1004,#1005,#1162,.T.);
#748=EDGE_CURVE('',#1004,#1000,#1163,.F.);
#749=EDGE_CURVE('',#1001,#1005,#1164,.T.);
#750=EDGE_CURVE('',#1006,#1007,#1165,.T.);
#751=EDGE_CURVE('',#1007,#1008,#208,.F.);
#752=EDGE_CURVE('',#1009,#1008,#1166,.T.);
#753=EDGE_CURVE('',#1009,#1010,#209,.F.);
#754=EDGE_CURVE('',#1011,#1010,#1167,.T.);
#755=EDGE_CURVE('',#1011,#1004,#210,.F.);
#756=EDGE_CURVE('',#1005,#1006,#211,.F.);
#757=EDGE_CURVE('',#1008,#1012,#1168,.F.);
#758=EDGE_CURVE('',#1013,#1012,#1169,.T.);
#759=EDGE_CURVE('',#1013,#1009,#1170,.T.);
#760=EDGE_CURVE('',#1012,#1014,#128,.T.);
#761=EDGE_CURVE('',#1015,#1014,#1171,.T.);
#762=EDGE_CURVE('',#1015,#1016,#212,.F.);
#763=EDGE_CURVE('',#1017,#1016,#1172,.T.);
#764=EDGE_CURVE('',#1017,#1013,#129,.T.);
#765=EDGE_CURVE('',#1018,#1019,#1173,.F.);
#766=EDGE_CURVE('',#1019,#1015,#1174,.T.);
#767=EDGE_CURVE('',#1014,#1020,#213,.F.);
#768=EDGE_CURVE('',#1018,#1020,#1175,.T.);
#769=EDGE_CURVE('',#1021,#1022,#1176,.F.);
#770=EDGE_CURVE('',#1022,#1023,#1177,.T.);
#771=EDGE_CURVE('',#1023,#1024,#1178,.T.);
#772=EDGE_CURVE('',#1021,#1024,#1179,.T.);
#773=EDGE_CURVE('',#1025,#1026,#1180,.F.);
#774=EDGE_CURVE('',#1026,#1027,#1181,.T.);
#775=EDGE_CURVE('',#1027,#1028,#1182,.T.);
#776=EDGE_CURVE('',#1025,#1028,#1183,.T.);
#777=EDGE_CURVE('',#1029,#1030,#1184,.F.);
#778=EDGE_CURVE('',#1030,#1031,#1185,.T.);
#779=EDGE_CURVE('',#1031,#1032,#1186,.T.);
#780=EDGE_CURVE('',#1029,#1032,#1187,.T.);
#781=EDGE_CURVE('',#1033,#1034,#1188,.F.);
#782=EDGE_CURVE('',#1034,#1035,#1189,.T.);
#783=EDGE_CURVE('',#1035,#1036,#1190,.T.);
#784=EDGE_CURVE('',#1033,#1036,#1191,.T.);
#785=EDGE_CURVE('',#1037,#1038,#1192,.F.);
#786=EDGE_CURVE('',#1038,#1039,#1193,.T.);
#787=EDGE_CURVE('',#1039,#1040,#1194,.T.);
#788=EDGE_CURVE('',#1037,#1040,#1195,.T.);
#789=EDGE_CURVE('',#1041,#1042,#1196,.F.);
#790=EDGE_CURVE('',#1042,#1043,#1197,.T.);
#791=EDGE_CURVE('',#1043,#1044,#1198,.T.);
#792=EDGE_CURVE('',#1041,#1044,#1199,.T.);
#793=EDGE_CURVE('',#1045,#1046,#1200,.F.);
#794=EDGE_CURVE('',#1046,#1047,#1201,.T.);
#795=EDGE_CURVE('',#1047,#1048,#1202,.T.);
#796=EDGE_CURVE('',#1045,#1048,#1203,.T.);
#797=EDGE_CURVE('',#1049,#1050,#1204,.F.);
#798=EDGE_CURVE('',#1050,#1051,#1205,.T.);
#799=EDGE_CURVE('',#1051,#1052,#1206,.T.);
#800=EDGE_CURVE('',#1049,#1052,#1207,.T.);
#801=EDGE_CURVE('',#1053,#1054,#1208,.F.);
#802=EDGE_CURVE('',#1054,#1055,#1209,.T.);
#803=EDGE_CURVE('',#1055,#1056,#1210,.T.);
#804=EDGE_CURVE('',#1053,#1056,#1211,.T.);
#805=EDGE_CURVE('',#1057,#1058,#1212,.F.);
#806=EDGE_CURVE('',#1058,#1059,#1213,.T.);
#807=EDGE_CURVE('',#1059,#1060,#1214,.T.);
#808=EDGE_CURVE('',#1057,#1060,#1215,.T.);
#809=EDGE_CURVE('',#1061,#1062,#1216,.F.);
#810=EDGE_CURVE('',#1062,#1063,#1217,.T.);
#811=EDGE_CURVE('',#1063,#1064,#1218,.T.);
#812=EDGE_CURVE('',#1061,#1064,#1219,.T.);
#813=EDGE_CURVE('',#1002,#1011,#1220,.T.);
#814=EDGE_CURVE('',#1010,#1017,#1221,.F.);
#815=EDGE_CURVE('',#1016,#1065,#1222,.F.);
#816=EDGE_CURVE('',#1065,#1066,#1223,.F.);
#817=EDGE_CURVE('',#1066,#1067,#130,.F.);
#818=EDGE_CURVE('',#1067,#1068,#1224,.F.);
#819=EDGE_CURVE('',#1068,#1069,#1225,.F.);
#820=EDGE_CURVE('',#1069,#1070,#131,.F.);
#821=EDGE_CURVE('',#1070,#1071,#1226,.F.);
#822=EDGE_CURVE('',#1071,#1072,#1227,.F.);
#823=EDGE_CURVE('',#1072,#1073,#132,.F.);
#824=EDGE_CURVE('',#1073,#1074,#1228,.F.);
#825=EDGE_CURVE('',#1074,#1075,#1229,.F.);
#826=EDGE_CURVE('',#1075,#1076,#133,.F.);
#827=EDGE_CURVE('',#1076,#1077,#1230,.F.);
#828=EDGE_CURVE('',#1077,#1078,#1231,.F.);
#829=EDGE_CURVE('',#1078,#1079,#134,.F.);
#830=EDGE_CURVE('',#1079,#1080,#1232,.F.);
#831=EDGE_CURVE('',#1080,#1081,#1233,.F.);
#832=EDGE_CURVE('',#1081,#1082,#135,.F.);
#833=EDGE_CURVE('',#1082,#1003,#1234,.F.);
#834=EDGE_CURVE('',#1056,#1049,#136,.F.);
#835=EDGE_CURVE('',#1052,#1045,#137,.T.);
#836=EDGE_CURVE('',#1048,#1041,#138,.F.);
#837=EDGE_CURVE('',#1044,#1037,#139,.T.);
#838=EDGE_CURVE('',#1040,#1033,#140,.F.);
#839=EDGE_CURVE('',#1036,#1029,#141,.T.);
#840=EDGE_CURVE('',#1032,#1025,#142,.F.);
#841=EDGE_CURVE('',#1028,#1021,#143,.T.);
#842=EDGE_CURVE('',#1024,#1018,#144,.F.);
#843=EDGE_CURVE('',#1020,#1007,#1235,.T.);
#844=EDGE_CURVE('',#1006,#999,#1236,.F.);
#845=EDGE_CURVE('',#998,#1083,#145,.F.);
#846=EDGE_CURVE('',#1083,#1061,#146,.T.);
#847=EDGE_CURVE('',#1064,#1057,#147,.F.);
#848=EDGE_CURVE('',#1060,#1053,#148,.T.);
#849=EDGE_CURVE('',#1027,#1022,#149,.T.);
#850=EDGE_CURVE('',#1035,#1030,#150,.T.);
#851=EDGE_CURVE('',#1043,#1038,#151,.T.);
#852=EDGE_CURVE('',#1051,#1046,#152,.T.);
#853=EDGE_CURVE('',#1059,#1054,#153,.T.);
#854=EDGE_CURVE('',#1083,#1084,#1237,.T.);
#855=EDGE_CURVE('',#1084,#1062,#154,.T.);
#856=EDGE_CURVE('',#1055,#1050,#155,.T.);
#857=EDGE_CURVE('',#1063,#1058,#156,.T.);
#858=EDGE_CURVE('',#997,#1084,#157,.F.);
#859=EDGE_CURVE('',#1023,#1019,#158,.T.);
#860=EDGE_CURVE('',#1031,#1026,#159,.T.);
#861=EDGE_CURVE('',#1039,#1034,#160,.T.);
#862=EDGE_CURVE('',#1047,#1042,#161,.T.);
#863=EDGE_CURVE('',#1065,#1019,#162,.T.);
#864=EDGE_CURVE('',#1065,#1023,#163,.T.);
#865=EDGE_CURVE('',#1066,#1022,#164,.T.);
#866=EDGE_CURVE('',#1067,#1027,#165,.T.);
#867=EDGE_CURVE('',#1068,#1026,#166,.T.);
#868=EDGE_CURVE('',#1068,#1031,#167,.T.);
#869=EDGE_CURVE('',#1069,#1030,#168,.T.);
#870=EDGE_CURVE('',#1070,#1035,#169,.T.);
#871=EDGE_CURVE('',#1071,#1034,#170,.T.);
#872=EDGE_CURVE('',#1071,#1039,#171,.T.);
#873=EDGE_CURVE('',#1072,#1038,#172,.T.);
#874=EDGE_CURVE('',#1073,#1043,#173,.T.);
#875=EDGE_CURVE('',#1074,#1042,#174,.T.);
#876=EDGE_CURVE('',#1074,#1047,#175,.T.);
#877=EDGE_CURVE('',#1075,#1046,#176,.T.);
#878=EDGE_CURVE('',#1076,#1051,#177,.T.);
#879=EDGE_CURVE('',#1077,#1050,#178,.T.);
#880=EDGE_CURVE('',#1077,#1055,#179,.T.);
#881=EDGE_CURVE('',#1078,#1054,#180,.T.);
#882=EDGE_CURVE('',#1079,#1059,#181,.T.);
#883=EDGE_CURVE('',#1080,#1058,#182,.T.);
#884=EDGE_CURVE('',#1080,#1063,#183,.T.);
#885=EDGE_CURVE('',#1081,#1062,#184,.T.);
#886=EDGE_CURVE('',#1082,#1084,#185,.T.);
#887=EDGE_CURVE('',#1082,#997,#186,.T.);
#888=EDGE_CURVE('',#1085,#1086,#15,.T.);
#889=EDGE_CURVE('',#1085,#1087,#16,.T.);
#890=EDGE_CURVE('',#1088,#1087,#17,.T.);
#891=EDGE_CURVE('',#1088,#1086,#18,.T.);
#892=EDGE_CURVE('',#1089,#1090,#19,.T.);
#893=EDGE_CURVE('',#1089,#1091,#20,.T.);
#894=EDGE_CURVE('',#1092,#1091,#21,.F.);
#895=EDGE_CURVE('',#1092,#1093,#22,.T.);
#896=EDGE_CURVE('',#1094,#1093,#23,.T.);
#897=EDGE_CURVE('',#1094,#1095,#24,.T.);
#898=EDGE_CURVE('',#1096,#1095,#25,.F.);
#899=EDGE_CURVE('',#1090,#1096,#26,.T.);
#900=EDGE_CURVE('',#1097,#1097,#214,.T.);
#901=EDGE_CURVE('',#1096,#1090,#1238,.T.);
#902=EDGE_CURVE('',#1095,#1094,#1239,.T.);
#903=EDGE_CURVE('',#1092,#1093,#1240,.T.);
#904=EDGE_CURVE('',#1091,#1089,#1241,.T.);
#905=EDGE_CURVE('',#1098,#1098,#187,.T.);
#906=EDGE_CURVE('',#1099,#1099,#188,.T.);
#907=EDGE_CURVE('',#1100,#1100,#189,.F.);
#908=EDGE_CURVE('',#1101,#1101,#190,.T.);
#909=EDGE_CURVE('',#1102,#1103,#27,.T.);
#910=EDGE_CURVE('',#1103,#1104,#1242,.F.);
#911=EDGE_CURVE('',#1104,#1105,#28,.T.);
#912=EDGE_CURVE('',#1105,#1102,#1243,.T.);
#913=EDGE_CURVE('',#1103,#1106,#191,.T.);
#914=EDGE_CURVE('',#1107,#1106,#1244,.F.);
#915=EDGE_CURVE('',#1104,#1107,#192,.T.);
#916=EDGE_CURVE('',#1108,#1102,#193,.T.);
#917=EDGE_CURVE('',#1105,#1109,#194,.T.);
#918=EDGE_CURVE('',#1108,#1109,#1245,.T.);
#919=EDGE_CURVE('',#1104,#1110,#29,.T.);
#920=EDGE_CURVE('',#1111,#1110,#30,.T.);
#921=EDGE_CURVE('',#1111,#1105,#31,.T.);
#922=EDGE_CURVE('',#1112,#1113,#32,.T.);
#923=EDGE_CURVE('',#1112,#1103,#33,.T.);
#924=EDGE_CURVE('',#1102,#1113,#34,.T.);
#925=EDGE_CURVE('',#1114,#1112,#195,.T.);
#926=EDGE_CURVE('',#1106,#1114,#35,.T.);
#927=EDGE_CURVE('',#1114,#1115,#36,.T.);
#928=EDGE_CURVE('',#1115,#1107,#37,.T.);
#929=EDGE_CURVE('',#1115,#1110,#196,.T.);
#930=EDGE_CURVE('',#1111,#1116,#197,.T.);
#931=EDGE_CURVE('',#1109,#1116,#38,.T.);
#932=EDGE_CURVE('',#1117,#1108,#39,.T.);
#933=EDGE_CURVE('',#1116,#1117,#40,.T.);
#934=EDGE_CURVE('',#1117,#1113,#198,.T.);
#935=EDGE_CURVE('',#1110,#1085,#41,.T.);
#936=EDGE_CURVE('',#1087,#1112,#42,.T.);
#937=EDGE_CURVE('',#1113,#1088,#43,.T.);
#938=EDGE_CURVE('',#1086,#1111,#44,.T.);
#939=EDGE_CURVE('',#1118,#1118,#199,.T.);
#940=EDGE_CURVE('',#1119,#1120,#1246,.T.);
#941=EDGE_CURVE('',#1119,#1121,#200,.T.);
#942=EDGE_CURVE('',#1122,#1121,#1247,.T.);
#943=EDGE_CURVE('',#1122,#1123,#201,.T.);
#944=EDGE_CURVE('',#1124,#1123,#1248,.T.);
#945=EDGE_CURVE('',#1124,#1125,#202,.T.);
#946=EDGE_CURVE('',#1126,#1125,#1249,.T.);
#947=EDGE_CURVE('',#1126,#1120,#203,.T.);
#948=EDGE_CURVE('',#1127,#1128,#45,.T.);
#949=EDGE_CURVE('',#1127,#1129,#1250,.T.);
#950=EDGE_CURVE('',#1129,#1130,#204,.F.);
#951=EDGE_CURVE('',#1130,#1131,#1251,.T.);
#952=EDGE_CURVE('',#1131,#1132,#205,.F.);
#953=EDGE_CURVE('',#1133,#1132,#1252,.T.);
#954=EDGE_CURVE('',#1128,#1133,#1253,.T.);
#955=EDGE_CURVE('',#1134,#1127,#46,.T.);
#956=EDGE_CURVE('',#1135,#1134,#1254,.T.);
#957=EDGE_CURVE('',#1135,#1136,#1255,.T.);
#958=EDGE_CURVE('',#1136,#1137,#47,.T.);
#959=EDGE_CURVE('',#1137,#1138,#1256,.T.);
#960=EDGE_CURVE('',#1138,#1129,#1257,.T.);
#961=EDGE_CURVE('',#1139,#1134,#1258,.F.);
#962=EDGE_CURVE('',#1139,#1135,#1259,.T.);
#963=EDGE_CURVE('',#1128,#1140,#1260,.T.);
#964=EDGE_CURVE('',#1133,#1141,#1261,.T.);
#965=EDGE_CURVE('',#1141,#1140,#1262,.T.);
#966=EDGE_CURVE('',#1142,#1143,#48,.T.);
#967=EDGE_CURVE('',#1142,#1137,#49,.T.);
#968=EDGE_CURVE('',#1143,#1136,#50,.T.);
#969=EDGE_CURVE('',#1143,#1141,#1263,.T.);
#970=EDGE_CURVE('',#1140,#1139,#51,.T.);
#971=EDGE_CURVE('',#1144,#1144,#52,.T.);
#972=EDGE_CURVE('',#1145,#1146,#1264,.T.);
#973=EDGE_CURVE('',#1145,#1147,#215,.F.);
#974=EDGE_CURVE('',#1148,#1147,#1265,.T.);
#975=EDGE_CURVE('',#1148,#1149,#216,.F.);
#976=EDGE_CURVE('',#1150,#1149,#1266,.T.);
#977=EDGE_CURVE('',#1150,#1151,#217,.F.);
#978=EDGE_CURVE('',#1152,#1151,#1267,.T.);
#979=EDGE_CURVE('',#1152,#1146,#218,.F.);
#980=EDGE_CURVE('',#1142,#1153,#1268,.T.);
#981=EDGE_CURVE('',#1153,#1154,#219,.T.);
#982=EDGE_CURVE('',#1154,#1155,#1269,.T.);
#983=EDGE_CURVE('',#1155,#1138,#220,.T.);
#984=EDGE_CURVE('',#1132,#1153,#1270,.T.);
#985=EDGE_CURVE('',#1154,#1131,#1271,.F.);
#986=EDGE_CURVE('',#1130,#1155,#1272,.F.);
#987=EDGE_CURVE('',#1121,#1145,#1273,.F.);
#988=EDGE_CURVE('',#1146,#1122,#1274,.T.);
#989=EDGE_CURVE('',#1147,#1119,#1275,.T.);
#990=EDGE_CURVE('',#1120,#1148,#1276,.F.);
#991=EDGE_CURVE('',#1149,#1126,#1277,.T.);
#992=EDGE_CURVE('',#1125,#1150,#1278,.F.);
#993=EDGE_CURVE('',#1123,#1152,#1279,.F.);
#994=EDGE_CURVE('',#1151,#1124,#1280,.T.);
#995=VERTEX_POINT('',#2542);
#996=VERTEX_POINT('',#2543);
#997=VERTEX_POINT('',#2545);
#998=VERTEX_POINT('',#2547);
#999=VERTEX_POINT('',#2549);
#1000=VERTEX_POINT('',#2553);
#1001=VERTEX_POINT('',#2554);
#1002=VERTEX_POINT('',#2556);
#1003=VERTEX_POINT('',#2558);
#1004=VERTEX_POINT('',#2563);
#1005=VERTEX_POINT('',#2564);
#1006=VERTEX_POINT('',#2569);
#1007=VERTEX_POINT('',#2570);
#1008=VERTEX_POINT('',#2572);
#1009=VERTEX_POINT('',#2574);
#1010=VERTEX_POINT('',#2576);
#1011=VERTEX_POINT('',#2578);
#1012=VERTEX_POINT('',#2583);
#1013=VERTEX_POINT('',#2585);
#1014=VERTEX_POINT('',#2589);
#1015=VERTEX_POINT('',#2591);
#1016=VERTEX_POINT('',#2593);
#1017=VERTEX_POINT('',#2595);
#1018=VERTEX_POINT('',#2599);
#1019=VERTEX_POINT('',#2600);
#1020=VERTEX_POINT('',#2603);
#1021=VERTEX_POINT('',#2607);
#1022=VERTEX_POINT('',#2608);
#1023=VERTEX_POINT('',#2610);
#1024=VERTEX_POINT('',#2612);
#1025=VERTEX_POINT('',#2616);
#1026=VERTEX_POINT('',#2617);
#1027=VERTEX_POINT('',#2619);
#1028=VERTEX_POINT('',#2621);
#1029=VERTEX_POINT('',#2625);
#1030=VERTEX_POINT('',#2626);
#1031=VERTEX_POINT('',#2628);
#1032=VERTEX_POINT('',#2630);
#1033=VERTEX_POINT('',#2634);
#1034=VERTEX_POINT('',#2635);
#1035=VERTEX_POINT('',#2637);
#1036=VERTEX_POINT('',#2639);
#1037=VERTEX_POINT('',#2643);
#1038=VERTEX_POINT('',#2644);
#1039=VERTEX_POINT('',#2646);
#1040=VERTEX_POINT('',#2648);
#1041=VERTEX_POINT('',#2652);
#1042=VERTEX_POINT('',#2653);
#1043=VERTEX_POINT('',#2655);
#1044=VERTEX_POINT('',#2657);
#1045=VERTEX_POINT('',#2661);
#1046=VERTEX_POINT('',#2662);
#1047=VERTEX_POINT('',#2664);
#1048=VERTEX_POINT('',#2666);
#1049=VERTEX_POINT('',#2670);
#1050=VERTEX_POINT('',#2671);
#1051=VERTEX_POINT('',#2673);
#1052=VERTEX_POINT('',#2675);
#1053=VERTEX_POINT('',#2679);
#1054=VERTEX_POINT('',#2680);
#1055=VERTEX_POINT('',#2682);
#1056=VERTEX_POINT('',#2684);
#1057=VERTEX_POINT('',#2688);
#1058=VERTEX_POINT('',#2689);
#1059=VERTEX_POINT('',#2691);
#1060=VERTEX_POINT('',#2693);
#1061=VERTEX_POINT('',#2697);
#1062=VERTEX_POINT('',#2698);
#1063=VERTEX_POINT('',#2700);
#1064=VERTEX_POINT('',#2702);
#1065=VERTEX_POINT('',#2708);
#1066=VERTEX_POINT('',#2710);
#1067=VERTEX_POINT('',#2712);
#1068=VERTEX_POINT('',#2714);
#1069=VERTEX_POINT('',#2716);
#1070=VERTEX_POINT('',#2718);
#1071=VERTEX_POINT('',#2720);
#1072=VERTEX_POINT('',#2722);
#1073=VERTEX_POINT('',#2724);
#1074=VERTEX_POINT('',#2726);
#1075=VERTEX_POINT('',#2728);
#1076=VERTEX_POINT('',#2730);
#1077=VERTEX_POINT('',#2732);
#1078=VERTEX_POINT('',#2734);
#1079=VERTEX_POINT('',#2736);
#1080=VERTEX_POINT('',#2738);
#1081=VERTEX_POINT('',#2740);
#1082=VERTEX_POINT('',#2742);
#1083=VERTEX_POINT('',#2757);
#1084=VERTEX_POINT('',#2777);
#1085=VERTEX_POINT('',#3198);
#1086=VERTEX_POINT('',#3199);
#1087=VERTEX_POINT('',#3206);
#1088=VERTEX_POINT('',#3220);
#1089=VERTEX_POINT('',#3238);
#1090=VERTEX_POINT('',#3239);
#1091=VERTEX_POINT('',#3245);
#1092=VERTEX_POINT('',#3251);
#1093=VERTEX_POINT('',#3257);
#1094=VERTEX_POINT('',#3269);
#1095=VERTEX_POINT('',#3275);
#1096=VERTEX_POINT('',#3281);
#1097=VERTEX_POINT('',#3326);
#1098=VERTEX_POINT('',#3333);
#1099=VERTEX_POINT('',#3335);
#1100=VERTEX_POINT('',#3338);
#1101=VERTEX_POINT('',#3341);
#1102=VERTEX_POINT('',#3349);
#1103=VERTEX_POINT('',#3350);
#1104=VERTEX_POINT('',#3352);
#1105=VERTEX_POINT('',#3358);
#1106=VERTEX_POINT('',#3362);
#1107=VERTEX_POINT('',#3364);
#1108=VERTEX_POINT('',#3368);
#1109=VERTEX_POINT('',#3370);
#1110=VERTEX_POINT('',#3415);
#1111=VERTEX_POINT('',#3425);
#1112=VERTEX_POINT('',#3469);
#1113=VERTEX_POINT('',#3470);
#1114=VERTEX_POINT('',#3518);
#1115=VERTEX_POINT('',#3543);
#1116=VERTEX_POINT('',#3613);
#1117=VERTEX_POINT('',#3635);
#1118=VERTEX_POINT('',#3830);
#1119=VERTEX_POINT('',#3835);
#1120=VERTEX_POINT('',#3836);
#1121=VERTEX_POINT('',#3838);
#1122=VERTEX_POINT('',#3840);
#1123=VERTEX_POINT('',#3842);
#1124=VERTEX_POINT('',#3844);
#1125=VERTEX_POINT('',#3846);
#1126=VERTEX_POINT('',#3848);
#1127=VERTEX_POINT('',#3854);
#1128=VERTEX_POINT('',#3855);
#1129=VERTEX_POINT('',#3857);
#1130=VERTEX_POINT('',#3859);
#1131=VERTEX_POINT('',#3861);
#1132=VERTEX_POINT('',#3863);
#1133=VERTEX_POINT('',#3865);
#1134=VERTEX_POINT('',#3872);
#1135=VERTEX_POINT('',#3874);
#1136=VERTEX_POINT('',#3876);
#1137=VERTEX_POINT('',#3881);
#1138=VERTEX_POINT('',#3883);
#1139=VERTEX_POINT('',#3887);
#1140=VERTEX_POINT('',#3891);
#1141=VERTEX_POINT('',#3893);
#1142=VERTEX_POINT('',#3953);
#1143=VERTEX_POINT('',#3954);
#1144=VERTEX_POINT('',#4173);
#1145=VERTEX_POINT('',#4176);
#1146=VERTEX_POINT('',#4177);
#1147=VERTEX_POINT('',#4179);
#1148=VERTEX_POINT('',#4181);
#1149=VERTEX_POINT('',#4183);
#1150=VERTEX_POINT('',#4185);
#1151=VERTEX_POINT('',#4187);
#1152=VERTEX_POINT('',#4189);
#1153=VERTEX_POINT('',#4192);
#1154=VERTEX_POINT('',#4194);
#1155=VERTEX_POINT('',#4196);
#1156=LINE('',#2541,#1281);
#1157=LINE('',#2544,#1282);
#1158=LINE('',#2546,#1283);
#1159=LINE('',#2548,#1284);
#1160=LINE('',#2552,#1285);
#1161=LINE('',#2557,#1286);
#1162=LINE('',#2562,#1287);
#1163=LINE('',#2565,#1288);
#1164=LINE('',#2566,#1289);
#1165=LINE('',#2568,#1290);
#1166=LINE('',#2573,#1291);
#1167=LINE('',#2577,#1292);
#1168=LINE('',#2582,#1293);
#1169=LINE('',#2584,#1294);
#1170=LINE('',#2586,#1295);
#1171=LINE('',#2590,#1296);
#1172=LINE('',#2594,#1297);
#1173=LINE('',#2598,#1298);
#1174=LINE('',#2601,#1299);
#1175=LINE('',#2604,#1300);
#1176=LINE('',#2606,#1301);
#1177=LINE('',#2609,#1302);
#1178=LINE('',#2611,#1303);
#1179=LINE('',#2613,#1304);
#1180=LINE('',#2615,#1305);
#1181=LINE('',#2618,#1306);
#1182=LINE('',#2620,#1307);
#1183=LINE('',#2622,#1308);
#1184=LINE('',#2624,#1309);
#1185=LINE('',#2627,#1310);
#1186=LINE('',#2629,#1311);
#1187=LINE('',#2631,#1312);
#1188=LINE('',#2633,#1313);
#1189=LINE('',#2636,#1314);
#1190=LINE('',#2638,#1315);
#1191=LINE('',#2640,#1316);
#1192=LINE('',#2642,#1317);
#1193=LINE('',#2645,#1318);
#1194=LINE('',#2647,#1319);
#1195=LINE('',#2649,#1320);
#1196=LINE('',#2651,#1321);
#1197=LINE('',#2654,#1322);
#1198=LINE('',#2656,#1323);
#1199=LINE('',#2658,#1324);
#1200=LINE('',#2660,#1325);
#1201=LINE('',#2663,#1326);
#1202=LINE('',#2665,#1327);
#1203=LINE('',#2667,#1328);
#1204=LINE('',#2669,#1329);
#1205=LINE('',#2672,#1330);
#1206=LINE('',#2674,#1331);
#1207=LINE('',#2676,#1332);
#1208=LINE('',#2678,#1333);
#1209=LINE('',#2681,#1334);
#1210=LINE('',#2683,#1335);
#1211=LINE('',#2685,#1336);
#1212=LINE('',#2687,#1337);
#1213=LINE('',#2690,#1338);
#1214=LINE('',#2692,#1339);
#1215=LINE('',#2694,#1340);
#1216=LINE('',#2696,#1341);
#1217=LINE('',#2699,#1342);
#1218=LINE('',#2701,#1343);
#1219=LINE('',#2703,#1344);
#1220=LINE('',#2705,#1345);
#1221=LINE('',#2706,#1346);
#1222=LINE('',#2707,#1347);
#1223=LINE('',#2709,#1348);
#1224=LINE('',#2713,#1349);
#1225=LINE('',#2715,#1350);
#1226=LINE('',#2719,#1351);
#1227=LINE('',#2721,#1352);
#1228=LINE('',#2725,#1353);
#1229=LINE('',#2727,#1354);
#1230=LINE('',#2731,#1355);
#1231=LINE('',#2733,#1356);
#1232=LINE('',#2737,#1357);
#1233=LINE('',#2739,#1358);
#1234=LINE('',#2743,#1359);
#1235=LINE('',#2754,#1360);
#1236=LINE('',#2755,#1361);
#1237=LINE('',#2776,#1362);
#1238=LINE('',#3327,#1363);
#1239=LINE('',#3328,#1364);
#1240=LINE('',#3329,#1365);
#1241=LINE('',#3330,#1366);
#1242=LINE('',#3351,#1367);
#1243=LINE('',#3359,#1368);
#1244=LINE('',#3363,#1369);
#1245=LINE('',#3371,#1370);
#1246=LINE('',#3834,#1371);
#1247=LINE('',#3839,#1372);
#1248=LINE('',#3843,#1373);
#1249=LINE('',#3847,#1374);
#1250=LINE('',#3856,#1375);
#1251=LINE('',#3860,#1376);
#1252=LINE('',#3864,#1377);
#1253=LINE('',#3866,#1378);
#1254=LINE('',#3873,#1379);
#1255=LINE('',#3875,#1380);
#1256=LINE('',#3882,#1381);
#1257=LINE('',#3884,#1382);
#1258=LINE('',#3886,#1383);
#1259=LINE('',#3888,#1384);
#1260=LINE('',#3890,#1385);
#1261=LINE('',#3892,#1386);
#1262=LINE('',#3894,#1387);
#1263=LINE('',#4058,#1388);
#1264=LINE('',#4175,#1389);
#1265=LINE('',#4180,#1390);
#1266=LINE('',#4184,#1391);
#1267=LINE('',#4188,#1392);
#1268=LINE('',#4191,#1393);
#1269=LINE('',#4195,#1394);
#1270=LINE('',#4199,#1395);
#1271=LINE('',#4201,#1396);
#1272=LINE('',#4202,#1397);
#1273=LINE('',#4204,#1398);
#1274=LINE('',#4205,#1399);
#1275=LINE('',#4207,#1400);
#1276=LINE('',#4208,#1401);
#1277=LINE('',#4210,#1402);
#1278=LINE('',#4211,#1403);
#1279=LINE('',#4213,#1404);
#1280=LINE('',#4214,#1405);
#1281=VECTOR('',#2030,1.);
#1282=VECTOR('',#2031,1.);
#1283=VECTOR('',#2032,1.);
#1284=VECTOR('',#2033,1.);
#1285=VECTOR('',#2038,1.);
#1286=VECTOR('',#2041,1.);
#1287=VECTOR('',#2048,1.);
#1288=VECTOR('',#2049,1.);
#1289=VECTOR('',#2050,1.);
#1290=VECTOR('',#2053,1.);
#1291=VECTOR('',#2056,1.);
#1292=VECTOR('',#2059,1.);
#1293=VECTOR('',#2066,1.);
#1294=VECTOR('',#2067,1.);
#1295=VECTOR('',#2068,1.);
#1296=VECTOR('',#2073,1.);
#1297=VECTOR('',#2076,1.);
#1298=VECTOR('',#2081,1.);
#1299=VECTOR('',#2082,1.);
#1300=VECTOR('',#2085,1.);
#1301=VECTOR('',#2088,1.);
#1302=VECTOR('',#2089,1.);
#1303=VECTOR('',#2090,1.);
#1304=VECTOR('',#2091,1.);
#1305=VECTOR('',#2094,1.);
#1306=VECTOR('',#2095,1.);
#1307=VECTOR('',#2096,1.);
#1308=VECTOR('',#2097,1.);
#1309=VECTOR('',#2100,1.);
#1310=VECTOR('',#2101,1.);
#1311=VECTOR('',#2102,1.);
#1312=VECTOR('',#2103,1.);
#1313=VECTOR('',#2106,1.);
#1314=VECTOR('',#2107,1.);
#1315=VECTOR('',#2108,1.);
#1316=VECTOR('',#2109,1.);
#1317=VECTOR('',#2112,1.);
#1318=VECTOR('',#2113,1.);
#1319=VECTOR('',#2114,1.);
#1320=VECTOR('',#2115,1.);
#1321=VECTOR('',#2118,1.);
#1322=VECTOR('',#2119,1.);
#1323=VECTOR('',#2120,1.);
#1324=VECTOR('',#2121,1.);
#1325=VECTOR('',#2124,1.);
#1326=VECTOR('',#2125,1.);
#1327=VECTOR('',#2126,1.);
#1328=VECTOR('',#2127,1.);
#1329=VECTOR('',#2130,1.);
#1330=VECTOR('',#2131,1.);
#1331=VECTOR('',#2132,1.);
#1332=VECTOR('',#2133,1.);
#1333=VECTOR('',#2136,1.);
#1334=VECTOR('',#2137,1.);
#1335=VECTOR('',#2138,1.);
#1336=VECTOR('',#2139,1.);
#1337=VECTOR('',#2142,1.);
#1338=VECTOR('',#2143,1.);
#1339=VECTOR('',#2144,1.);
#1340=VECTOR('',#2145,1.);
#1341=VECTOR('',#2148,1.);
#1342=VECTOR('',#2149,1.);
#1343=VECTOR('',#2150,1.);
#1344=VECTOR('',#2151,1.);
#1345=VECTOR('',#2154,1.);
#1346=VECTOR('',#2155,1.);
#1347=VECTOR('',#2156,1.);
#1348=VECTOR('',#2157,1.);
#1349=VECTOR('',#2160,1.);
#1350=VECTOR('',#2161,1.);
#1351=VECTOR('',#2164,1.);
#1352=VECTOR('',#2165,1.);
#1353=VECTOR('',#2168,1.);
#1354=VECTOR('',#2169,1.);
#1355=VECTOR('',#2172,1.);
#1356=VECTOR('',#2173,1.);
#1357=VECTOR('',#2176,1.);
#1358=VECTOR('',#2177,1.);
#1359=VECTOR('',#2180,1.);
#1360=VECTOR('',#2201,1.);
#1361=VECTOR('',#2202,1.);
#1362=VECTOR('',#2241,1.);
#1363=VECTOR('',#2378,1.);
#1364=VECTOR('',#2379,1.);
#1365=VECTOR('',#2380,1.);
#1366=VECTOR('',#2381,1.);
#1367=VECTOR('',#2400,1.);
#1368=VECTOR('',#2401,1.);
#1369=VECTOR('',#2406,1.);
#1370=VECTOR('',#2415,1.);
#1371=VECTOR('',#2446,1.);
#1372=VECTOR('',#2449,1.);
#1373=VECTOR('',#2452,1.);
#1374=VECTOR('',#2455,1.);
#1375=VECTOR('',#2458,1.);
#1376=VECTOR('',#2461,1.);
#1377=VECTOR('',#2464,1.);
#1378=VECTOR('',#2465,1.);
#1379=VECTOR('',#2468,1.);
#1380=VECTOR('',#2469,1.);
#1381=VECTOR('',#2470,1.);
#1382=VECTOR('',#2471,1.);
#1383=VECTOR('',#2474,1.);
#1384=VECTOR('',#2475,1.);
#1385=VECTOR('',#2478,1.);
#1386=VECTOR('',#2479,1.);
#1387=VECTOR('',#2480,1.);
#1388=VECTOR('',#2483,1.);
#1389=VECTOR('',#2486,1.);
#1390=VECTOR('',#2489,1.);
#1391=VECTOR('',#2492,1.);
#1392=VECTOR('',#2495,1.);
#1393=VECTOR('',#2498,1.);
#1394=VECTOR('',#2501,1.);
#1395=VECTOR('',#2506,1.);
#1396=VECTOR('',#2509,1.);
#1397=VECTOR('',#2510,1.);
#1398=VECTOR('',#2513,1.);
#1399=VECTOR('',#2514,1.);
#1400=VECTOR('',#2517,1.);
#1401=VECTOR('',#2518,1.);
#1402=VECTOR('',#2521,1.);
#1403=VECTOR('',#2522,1.);
#1404=VECTOR('',#2525,1.);
#1405=VECTOR('',#2526,1.);
#1406=EDGE_LOOP('',(#221,#222,#223,#224,#225));
#1407=EDGE_LOOP('',(#226,#227,#228,#229,#230,#231));
#1408=EDGE_LOOP('',(#232,#233,#234,#235));
#1409=EDGE_LOOP('',(#236,#237,#238,#239,#240,#241,#242,#243));
#1410=EDGE_LOOP('',(#244,#245,#246,#247));
#1411=EDGE_LOOP('',(#248,#249,#250,#251,#252,#253));
#1412=EDGE_LOOP('',(#254,#255,#256,#257,#258));
#1413=EDGE_LOOP('',(#259,#260,#261,#262));
#1414=EDGE_LOOP('',(#263,#264,#265,#266));
#1415=EDGE_LOOP('',(#267,#268,#269,#270));
#1416=EDGE_LOOP('',(#271,#272,#273,#274));
#1417=EDGE_LOOP('',(#275,#276,#277,#278));
#1418=EDGE_LOOP('',(#279,#280,#281,#282));
#1419=EDGE_LOOP('',(#283,#284,#285,#286));
#1420=EDGE_LOOP('',(#287,#288,#289,#290));
#1421=EDGE_LOOP('',(#291,#292,#293,#294));
#1422=EDGE_LOOP('',(#295,#296,#297,#298));
#1423=EDGE_LOOP('',(#299,#300,#301,#302));
#1424=EDGE_LOOP('',(#303,#304,#305,#306,#307,#308,#309,#310,#311,#312,#313,
#314,#315,#316,#317,#318,#319,#320,#321,#322,#323,#324,#325,#326));
#1425=EDGE_LOOP('',(#327,#328,#329,#330,#331,#332,#333,#334,#335,#336,#337,
#338,#339,#340,#341,#342,#343,#344,#345,#346,#347,#348,#349,#350,#351,#352,
#353,#354,#355));
#1426=EDGE_LOOP('',(#356,#357,#358,#359,#360));
#1427=EDGE_LOOP('',(#361,#362,#363,#364));
#1428=EDGE_LOOP('',(#365,#366,#367,#368));
#1429=EDGE_LOOP('',(#369,#370,#371,#372,#373));
#1430=EDGE_LOOP('',(#374,#375,#376,#377));
#1431=EDGE_LOOP('',(#378,#379,#380,#381));
#1432=EDGE_LOOP('',(#382,#383,#384,#385));
#1433=EDGE_LOOP('',(#386,#387,#388,#389));
#1434=EDGE_LOOP('',(#390,#391,#392,#393));
#1435=EDGE_LOOP('',(#394,#395,#396,#397));
#1436=EDGE_LOOP('',(#398,#399,#400,#401));
#1437=EDGE_LOOP('',(#402,#403,#404,#405));
#1438=EDGE_LOOP('',(#406,#407,#408,#409));
#1439=EDGE_LOOP('',(#410,#411,#412,#413));
#1440=EDGE_LOOP('',(#414,#415,#416,#417));
#1441=EDGE_LOOP('',(#418,#419,#420,#421));
#1442=EDGE_LOOP('',(#422,#423,#424,#425));
#1443=EDGE_LOOP('',(#426,#427,#428,#429));
#1444=EDGE_LOOP('',(#430,#431,#432));
#1445=EDGE_LOOP('',(#433,#434,#435,#436));
#1446=EDGE_LOOP('',(#437,#438,#439,#440));
#1447=EDGE_LOOP('',(#441,#442,#443,#444));
#1448=EDGE_LOOP('',(#445,#446,#447));
#1449=EDGE_LOOP('',(#448,#449,#450,#451));
#1450=EDGE_LOOP('',(#452,#453,#454,#455));
#1451=EDGE_LOOP('',(#456,#457,#458,#459));
#1452=EDGE_LOOP('',(#460,#461,#462));
#1453=EDGE_LOOP('',(#463,#464,#465,#466));
#1454=EDGE_LOOP('',(#467,#468,#469,#470));
#1455=EDGE_LOOP('',(#471,#472,#473,#474));
#1456=EDGE_LOOP('',(#475,#476,#477));
#1457=EDGE_LOOP('',(#478,#479,#480,#481));
#1458=EDGE_LOOP('',(#482,#483,#484,#485));
#1459=EDGE_LOOP('',(#486,#487,#488,#489));
#1460=EDGE_LOOP('',(#490,#491,#492));
#1461=EDGE_LOOP('',(#493,#494,#495,#496));
#1462=EDGE_LOOP('',(#497,#498,#499,#500));
#1463=EDGE_LOOP('',(#501,#502,#503,#504));
#1464=EDGE_LOOP('',(#505,#506,#507));
#1465=EDGE_LOOP('',(#508,#509,#510,#511));
#1466=EDGE_LOOP('',(#512,#513,#514,#515));
#1467=EDGE_LOOP('',(#516,#517,#518));
#1468=EDGE_LOOP('',(#519,#520,#521,#522));
#1469=EDGE_LOOP('',(#523,#524,#525,#526));
#1470=EDGE_LOOP('',(#527,#528,#529,#530,#531,#532,#533,#534));
#1471=EDGE_LOOP('',(#535));
#1472=EDGE_LOOP('',(#536,#537,#538,#539,#540,#541,#542,#543));
#1473=EDGE_LOOP('',(#544));
#1474=EDGE_LOOP('',(#545));
#1475=EDGE_LOOP('',(#546));
#1476=EDGE_LOOP('',(#547));
#1477=EDGE_LOOP('',(#548));
#1478=EDGE_LOOP('',(#549));
#1479=EDGE_LOOP('',(#550));
#1480=EDGE_LOOP('',(#551));
#1481=EDGE_LOOP('',(#552,#553,#554,#555));
#1482=EDGE_LOOP('',(#556,#557,#558,#559));
#1483=EDGE_LOOP('',(#560,#561,#562,#563));
#1484=EDGE_LOOP('',(#564,#565,#566,#567));
#1485=EDGE_LOOP('',(#568,#569,#570,#571));
#1486=EDGE_LOOP('',(#572,#573,#574,#575));
#1487=EDGE_LOOP('',(#576,#577,#578,#579));
#1488=EDGE_LOOP('',(#580,#581,#582,#583));
#1489=EDGE_LOOP('',(#584,#585,#586,#587));
#1490=EDGE_LOOP('',(#588,#589,#590,#591));
#1491=EDGE_LOOP('',(#592,#593,#594,#595));
#1492=EDGE_LOOP('',(#596,#597,#598,#599,#600,#601));
#1493=EDGE_LOOP('',(#602,#603,#604,#605,#606,#607));
#1494=EDGE_LOOP('',(#608,#609,#610,#611));
#1495=EDGE_LOOP('',(#612,#613,#614,#615));
#1496=EDGE_LOOP('',(#616,#617));
#1497=EDGE_LOOP('',(#618,#619));
#1498=EDGE_LOOP('',(#620,#621));
#1499=EDGE_LOOP('',(#622,#623));
#1500=EDGE_LOOP('',(#624));
#1501=EDGE_LOOP('',(#625));
#1502=EDGE_LOOP('',(#626));
#1503=EDGE_LOOP('',(#627,#628,#629,#630,#631,#632,#633,#634));
#1504=EDGE_LOOP('',(#635,#636,#637,#638,#639,#640,#641));
#1505=EDGE_LOOP('',(#642,#643,#644,#645,#646,#647,#648));
#1506=EDGE_LOOP('',(#649,#650,#651));
#1507=EDGE_LOOP('',(#652,#653,#654,#655));
#1508=EDGE_LOOP('',(#656,#657,#658,#659));
#1509=EDGE_LOOP('',(#660,#661,#662,#663,#664,#665));
#1510=EDGE_LOOP('',(#666));
#1511=EDGE_LOOP('',(#667,#668,#669,#670,#671));
#1512=EDGE_LOOP('',(#672,#673,#674,#675,#676,#677,#678,#679));
#1513=EDGE_LOOP('',(#680,#681,#682,#683,#684,#685));
#1514=EDGE_LOOP('',(#686));
#1515=EDGE_LOOP('',(#687,#688,#689,#690,#691,#692));
#1516=EDGE_LOOP('',(#693,#694,#695,#696));
#1517=EDGE_LOOP('',(#697,#698,#699,#700));
#1518=EDGE_LOOP('',(#701,#702,#703,#704));
#1519=EDGE_LOOP('',(#705,#706,#707,#708));
#1520=EDGE_LOOP('',(#709,#710,#711,#712));
#1521=EDGE_LOOP('',(#713,#714,#715,#716));
#1522=EDGE_LOOP('',(#717,#718,#719,#720));
#1523=EDGE_LOOP('',(#721,#722,#723,#724));
#1524=EDGE_LOOP('',(#725,#726,#727,#728));
#1525=EDGE_LOOP('',(#729,#730,#731,#732));
#1526=EDGE_LOOP('',(#733,#734,#735,#736));
#1527=FACE_BOUND('',#1406,.T.);
#1528=FACE_BOUND('',#1407,.T.);
#1529=FACE_BOUND('',#1408,.T.);
#1530=FACE_BOUND('',#1409,.T.);
#1531=FACE_BOUND('',#1410,.T.);
#1532=FACE_BOUND('',#1411,.T.);
#1533=FACE_BOUND('',#1412,.T.);
#1534=FACE_BOUND('',#1413,.T.);
#1535=FACE_BOUND('',#1414,.T.);
#1536=FACE_BOUND('',#1415,.T.);
#1537=FACE_BOUND('',#1416,.T.);
#1538=FACE_BOUND('',#1417,.T.);
#1539=FACE_BOUND('',#1418,.T.);
#1540=FACE_BOUND('',#1419,.T.);
#1541=FACE_BOUND('',#1420,.T.);
#1542=FACE_BOUND('',#1421,.T.);
#1543=FACE_BOUND('',#1422,.T.);
#1544=FACE_BOUND('',#1423,.T.);
#1545=FACE_BOUND('',#1424,.T.);
#1546=FACE_BOUND('',#1425,.T.);
#1547=FACE_BOUND('',#1426,.T.);
#1548=FACE_BOUND('',#1427,.T.);
#1549=FACE_BOUND('',#1428,.T.);
#1550=FACE_BOUND('',#1429,.T.);
#1551=FACE_BOUND('',#1430,.T.);
#1552=FACE_BOUND('',#1431,.T.);
#1553=FACE_BOUND('',#1432,.T.);
#1554=FACE_BOUND('',#1433,.T.);
#1555=FACE_BOUND('',#1434,.T.);
#1556=FACE_BOUND('',#1435,.T.);
#1557=FACE_BOUND('',#1436,.T.);
#1558=FACE_BOUND('',#1437,.T.);
#1559=FACE_BOUND('',#1438,.T.);
#1560=FACE_BOUND('',#1439,.T.);
#1561=FACE_BOUND('',#1440,.T.);
#1562=FACE_BOUND('',#1441,.T.);
#1563=FACE_BOUND('',#1442,.T.);
#1564=FACE_BOUND('',#1443,.T.);
#1565=FACE_BOUND('',#1444,.T.);
#1566=FACE_BOUND('',#1445,.T.);
#1567=FACE_BOUND('',#1446,.T.);
#1568=FACE_BOUND('',#1447,.T.);
#1569=FACE_BOUND('',#1448,.T.);
#1570=FACE_BOUND('',#1449,.T.);
#1571=FACE_BOUND('',#1450,.T.);
#1572=FACE_BOUND('',#1451,.T.);
#1573=FACE_BOUND('',#1452,.T.);
#1574=FACE_BOUND('',#1453,.T.);
#1575=FACE_BOUND('',#1454,.T.);
#1576=FACE_BOUND('',#1455,.T.);
#1577=FACE_BOUND('',#1456,.T.);
#1578=FACE_BOUND('',#1457,.T.);
#1579=FACE_BOUND('',#1458,.T.);
#1580=FACE_BOUND('',#1459,.T.);
#1581=FACE_BOUND('',#1460,.T.);
#1582=FACE_BOUND('',#1461,.T.);
#1583=FACE_BOUND('',#1462,.T.);
#1584=FACE_BOUND('',#1463,.T.);
#1585=FACE_BOUND('',#1464,.T.);
#1586=FACE_BOUND('',#1465,.T.);
#1587=FACE_BOUND('',#1466,.T.);
#1588=FACE_BOUND('',#1467,.T.);
#1589=FACE_BOUND('',#1468,.T.);
#1590=FACE_BOUND('',#1469,.T.);
#1591=FACE_BOUND('',#1470,.T.);
#1592=FACE_BOUND('',#1471,.T.);
#1593=FACE_BOUND('',#1472,.T.);
#1594=FACE_BOUND('',#1473,.T.);
#1595=FACE_BOUND('',#1474,.T.);
#1596=FACE_BOUND('',#1475,.T.);
#1597=FACE_BOUND('',#1476,.T.);
#1598=FACE_BOUND('',#1477,.T.);
#1599=FACE_BOUND('',#1478,.T.);
#1600=FACE_BOUND('',#1479,.T.);
#1601=FACE_BOUND('',#1480,.T.);
#1602=FACE_BOUND('',#1481,.T.);
#1603=FACE_BOUND('',#1482,.T.);
#1604=FACE_BOUND('',#1483,.T.);
#1605=FACE_BOUND('',#1484,.T.);
#1606=FACE_BOUND('',#1485,.T.);
#1607=FACE_BOUND('',#1486,.T.);
#1608=FACE_BOUND('',#1487,.T.);
#1609=FACE_BOUND('',#1488,.T.);
#1610=FACE_BOUND('',#1489,.T.);
#1611=FACE_BOUND('',#1490,.T.);
#1612=FACE_BOUND('',#1491,.T.);
#1613=FACE_BOUND('',#1492,.T.);
#1614=FACE_BOUND('',#1493,.T.);
#1615=FACE_BOUND('',#1494,.T.);
#1616=FACE_BOUND('',#1495,.T.);
#1617=FACE_BOUND('',#1496,.T.);
#1618=FACE_BOUND('',#1497,.T.);
#1619=FACE_BOUND('',#1498,.T.);
#1620=FACE_BOUND('',#1499,.T.);
#1621=FACE_BOUND('',#1500,.T.);
#1622=FACE_BOUND('',#1501,.T.);
#1623=FACE_BOUND('',#1502,.T.);
#1624=FACE_BOUND('',#1503,.T.);
#1625=FACE_BOUND('',#1504,.T.);
#1626=FACE_BOUND('',#1505,.T.);
#1627=FACE_BOUND('',#1506,.T.);
#1628=FACE_BOUND('',#1507,.T.);
#1629=FACE_BOUND('',#1508,.T.);
#1630=FACE_BOUND('',#1509,.T.);
#1631=FACE_BOUND('',#1510,.T.);
#1632=FACE_BOUND('',#1511,.T.);
#1633=FACE_BOUND('',#1512,.T.);
#1634=FACE_BOUND('',#1513,.T.);
#1635=FACE_BOUND('',#1514,.T.);
#1636=FACE_BOUND('',#1515,.T.);
#1637=FACE_BOUND('',#1516,.T.);
#1638=FACE_BOUND('',#1517,.T.);
#1639=FACE_BOUND('',#1518,.T.);
#1640=FACE_BOUND('',#1519,.T.);
#1641=FACE_BOUND('',#1520,.T.);
#1642=FACE_BOUND('',#1521,.T.);
#1643=FACE_BOUND('',#1522,.T.);
#1644=FACE_BOUND('',#1523,.T.);
#1645=FACE_BOUND('',#1524,.T.);
#1646=FACE_BOUND('',#1525,.T.);
#1647=FACE_BOUND('',#1526,.T.);
#1648=PLANE('',#1833);
#1649=PLANE('',#1835);
#1650=PLANE('',#1839);
#1651=PLANE('',#1840);
#1652=PLANE('',#1845);
#1653=PLANE('',#1846);
#1654=PLANE('',#1850);
#1655=PLANE('',#1852);
#1656=PLANE('',#1853);
#1657=PLANE('',#1854);
#1658=PLANE('',#1855);
#1659=PLANE('',#1856);
#1660=PLANE('',#1857);
#1661=PLANE('',#1858);
#1662=PLANE('',#1859);
#1663=PLANE('',#1860);
#1664=PLANE('',#1861);
#1665=PLANE('',#1862);
#1666=PLANE('',#1863);
#1667=PLANE('',#1870);
#1668=PLANE('',#1970);
#1669=PLANE('',#1972);
#1670=PLANE('',#1975);
#1671=PLANE('',#1988);
#1672=PLANE('',#1989);
#1673=PLANE('',#1990);
#1674=PLANE('',#1991);
#1675=PLANE('',#1994);
#1676=PLANE('',#1996);
#1677=PLANE('',#2003);
#1678=PLANE('',#2004);
#1679=PLANE('',#2005);
#1680=PLANE('',#2006);
#1681=PLANE('',#2007);
#1682=PLANE('',#2014);
#1683=PLANE('',#2015);
#1684=PLANE('',#2016);
#1685=PLANE('',#2017);
#1686=PLANE('',#2018);
#1687=PLANE('',#2019);
#1688=ADVANCED_FACE('',(#1527),#1648,.T.);
#1689=ADVANCED_FACE('',(#1528),#1649,.F.);
#1690=ADVANCED_FACE('',(#1529),#1650,.F.);
#1691=ADVANCED_FACE('',(#1530),#1651,.F.);
#1692=ADVANCED_FACE('',(#1531),#1652,.T.);
#1693=ADVANCED_FACE('',(#1532),#1653,.T.);
#1694=ADVANCED_FACE('',(#1533),#1654,.T.);
#1695=ADVANCED_FACE('',(#1534),#1655,.T.);
#1696=ADVANCED_FACE('',(#1535),#1656,.T.);
#1697=ADVANCED_FACE('',(#1536),#1657,.T.);
#1698=ADVANCED_FACE('',(#1537),#1658,.T.);
#1699=ADVANCED_FACE('',(#1538),#1659,.T.);
#1700=ADVANCED_FACE('',(#1539),#1660,.T.);
#1701=ADVANCED_FACE('',(#1540),#1661,.T.);
#1702=ADVANCED_FACE('',(#1541),#1662,.T.);
#1703=ADVANCED_FACE('',(#1542),#1663,.T.);
#1704=ADVANCED_FACE('',(#1543),#1664,.T.);
#1705=ADVANCED_FACE('',(#1544),#1665,.T.);
#1706=ADVANCED_FACE('',(#1545),#1666,.T.);
#1707=ADVANCED_FACE('',(#1546),#1667,.F.);
#1708=ADVANCED_FACE('',(#1547),#84,.T.);
#1709=ADVANCED_FACE('',(#1548),#85,.T.);
#1710=ADVANCED_FACE('',(#1549),#86,.T.);
#1711=ADVANCED_FACE('',(#1550),#87,.T.);
#1712=ADVANCED_FACE('',(#1551),#88,.F.);
#1713=ADVANCED_FACE('',(#1552),#89,.F.);
#1714=ADVANCED_FACE('',(#1553),#90,.F.);
#1715=ADVANCED_FACE('',(#1554),#91,.F.);
#1716=ADVANCED_FACE('',(#1555),#92,.F.);
#1717=ADVANCED_FACE('',(#1556),#93,.F.);
#1718=ADVANCED_FACE('',(#1557),#94,.T.);
#1719=ADVANCED_FACE('',(#1558),#95,.T.);
#1720=ADVANCED_FACE('',(#1559),#96,.T.);
#1721=ADVANCED_FACE('',(#1560),#97,.T.);
#1722=ADVANCED_FACE('',(#1561),#98,.T.);
#1723=ADVANCED_FACE('',(#1562),#99,.T.);
#1724=ADVANCED_FACE('',(#1563),#100,.T.);
#1725=ADVANCED_FACE('',(#1564),#101,.T.);
#1726=ADVANCED_FACE('',(#1565),#77,.T.);
#1727=ADVANCED_FACE('',(#1566),#102,.T.);
#1728=ADVANCED_FACE('',(#1567),#70,.T.);
#1729=ADVANCED_FACE('',(#1568),#103,.T.);
#1730=ADVANCED_FACE('',(#1569),#78,.T.);
#1731=ADVANCED_FACE('',(#1570),#104,.T.);
#1732=ADVANCED_FACE('',(#1571),#71,.T.);
#1733=ADVANCED_FACE('',(#1572),#105,.T.);
#1734=ADVANCED_FACE('',(#1573),#79,.T.);
#1735=ADVANCED_FACE('',(#1574),#106,.T.);
#1736=ADVANCED_FACE('',(#1575),#72,.T.);
#1737=ADVANCED_FACE('',(#1576),#107,.T.);
#1738=ADVANCED_FACE('',(#1577),#80,.T.);
#1739=ADVANCED_FACE('',(#1578),#108,.T.);
#1740=ADVANCED_FACE('',(#1579),#73,.T.);
#1741=ADVANCED_FACE('',(#1580),#109,.T.);
#1742=ADVANCED_FACE('',(#1581),#81,.T.);
#1743=ADVANCED_FACE('',(#1582),#110,.T.);
#1744=ADVANCED_FACE('',(#1583),#74,.T.);
#1745=ADVANCED_FACE('',(#1584),#111,.T.);
#1746=ADVANCED_FACE('',(#1585),#82,.T.);
#1747=ADVANCED_FACE('',(#1586),#112,.T.);
#1748=ADVANCED_FACE('',(#1587),#75,.T.);
#1749=ADVANCED_FACE('',(#1588),#83,.T.);
#1750=ADVANCED_FACE('',(#1589),#113,.T.);
#1751=ADVANCED_FACE('',(#1590,#1591),#53,.T.);
#1752=ADVANCED_FACE('',(#1592,#1593),#10,.F.);
#1753=ADVANCED_FACE('',(#1594,#1595),#114,.T.);
#1754=ADVANCED_FACE('',(#1596,#1597),#1668,.F.);
#1755=ADVANCED_FACE('',(#1598,#1599),#1669,.T.);
#1756=ADVANCED_FACE('',(#1600,#1601),#76,.T.);
#1757=ADVANCED_FACE('',(#1602),#1670,.T.);
#1758=ADVANCED_FACE('',(#1603),#115,.T.);
#1759=ADVANCED_FACE('',(#1604),#116,.T.);
#1760=ADVANCED_FACE('',(#1605),#54,.T.);
#1761=ADVANCED_FACE('',(#1606),#55,.T.);
#1762=ADVANCED_FACE('',(#1607),#56,.T.);
#1763=ADVANCED_FACE('',(#1608),#117,.F.);
#1764=ADVANCED_FACE('',(#1609),#57,.T.);
#1765=ADVANCED_FACE('',(#1610),#58,.T.);
#1766=ADVANCED_FACE('',(#1611),#118,.F.);
#1767=ADVANCED_FACE('',(#1612),#59,.T.);
#1768=ADVANCED_FACE('',(#1613),#60,.T.);
#1769=ADVANCED_FACE('',(#1614),#61,.T.);
#1770=ADVANCED_FACE('',(#1615),#11,.F.);
#1771=ADVANCED_FACE('',(#1616),#12,.F.);
#1772=ADVANCED_FACE('',(#1617),#1671,.F.);
#1773=ADVANCED_FACE('',(#1618),#1672,.T.);
#1774=ADVANCED_FACE('',(#1619),#1673,.T.);
#1775=ADVANCED_FACE('',(#1620),#1674,.T.);
#1776=ADVANCED_FACE('',(#1621,#1622),#119,.F.);
#1777=ADVANCED_FACE('',(#1623),#1675,.T.);
#1778=ADVANCED_FACE('',(#1624,#1625),#1676,.F.);
#1779=ADVANCED_FACE('',(#1626),#1677,.F.);
#1780=ADVANCED_FACE('',(#1627),#1678,.F.);
#1781=ADVANCED_FACE('',(#1628),#1679,.F.);
#1782=ADVANCED_FACE('',(#1629),#13,.F.);
#1783=ADVANCED_FACE('',(#1630),#1680,.F.);
#1784=ADVANCED_FACE('',(#1631,#1632),#14,.T.);
#1785=ADVANCED_FACE('',(#1633,#1634,#1635),#1681,.T.);
#1786=ADVANCED_FACE('',(#1636),#1682,.F.);
#1787=ADVANCED_FACE('',(#1637),#1683,.T.);
#1788=ADVANCED_FACE('',(#1638),#1684,.F.);
#1789=ADVANCED_FACE('',(#1639),#1685,.F.);
#1790=ADVANCED_FACE('',(#1640),#1686,.F.);
#1791=ADVANCED_FACE('',(#1641),#1687,.F.);
#1792=ADVANCED_FACE('',(#1642),#120,.T.);
#1793=ADVANCED_FACE('',(#1643),#121,.T.);
#1794=ADVANCED_FACE('',(#1644),#122,.F.);
#1795=ADVANCED_FACE('',(#1645),#123,.F.);
#1796=ADVANCED_FACE('',(#1646),#124,.F.);
#1797=ADVANCED_FACE('',(#1647),#125,.F.);
#1798=CLOSED_SHELL('',(#1688,#1689,#1690,#1691,#1692,#1693,#1694,#1695,
#1696,#1697,#1698,#1699,#1700,#1701,#1702,#1703,#1704,#1705,#1706,#1707,
#1708,#1709,#1710,#1711,#1712,#1713,#1714,#1715,#1716,#1717,#1718,#1719,
#1720,#1721,#1722,#1723,#1724,#1725,#1726,#1727,#1728,#1729,#1730,#1731,
#1732,#1733,#1734,#1735,#1736,#1737,#1738,#1739,#1740,#1741,#1742,#1743,
#1744,#1745,#1746,#1747,#1748,#1749,#1750));
#1799=CLOSED_SHELL('',(#1751,#1752,#1753,#1754,#1755,#1756,#1757,#1758,
#1759,#1760,#1761,#1762,#1763,#1764,#1765,#1766,#1767,#1768,#1769,#1770,
#1771,#1772,#1773,#1774,#1775,#1776,#1777));
#1800=CLOSED_SHELL('',(#1778,#1779,#1780,#1781,#1782,#1783,#1784,#1785,
#1786,#1787,#1788,#1789,#1790,#1791,#1792,#1793,#1794,#1795,#1796,#1797));
#1801=STYLED_ITEM('',(#1804),#1823);
#1802=STYLED_ITEM('',(#1805),#1824);
#1803=STYLED_ITEM('',(#1806),#1825);
#1804=PRESENTATION_STYLE_ASSIGNMENT((#1807));
#1805=PRESENTATION_STYLE_ASSIGNMENT((#1808));
#1806=PRESENTATION_STYLE_ASSIGNMENT((#1809));
#1807=SURFACE_STYLE_USAGE(.BOTH.,#1810);
#1808=SURFACE_STYLE_USAGE(.BOTH.,#1811);
#1809=SURFACE_STYLE_USAGE(.BOTH.,#1812);
#1810=SURFACE_SIDE_STYLE('',(#1813));
#1811=SURFACE_SIDE_STYLE('',(#1814));
#1812=SURFACE_SIDE_STYLE('',(#1815));
#1813=SURFACE_STYLE_FILL_AREA(#1816);
#1814=SURFACE_STYLE_FILL_AREA(#1817);
#1815=SURFACE_STYLE_FILL_AREA(#1818);
#1816=FILL_AREA_STYLE('',(#1819));
#1817=FILL_AREA_STYLE('',(#1820));
#1818=FILL_AREA_STYLE('',(#1821));
#1819=FILL_AREA_STYLE_COLOUR('',#1822);
#1820=FILL_AREA_STYLE_COLOUR('',#62);
#1821=FILL_AREA_STYLE_COLOUR('',#63);
#1822=DRAUGHTING_PRE_DEFINED_COLOUR('white');
#1823=MANIFOLD_SOLID_BREP('feather',#1798);
#1824=MANIFOLD_SOLID_BREP('bavarian',#1799);
#1825=MANIFOLD_SOLID_BREP('strap',#1800);
#1826=SHAPE_DEFINITION_REPRESENTATION(#4239,#1829);
#1827=SHAPE_DEFINITION_REPRESENTATION(#4240,#1830);
#1828=SHAPE_DEFINITION_REPRESENTATION(#4241,#1831);
#1829=SHAPE_REPRESENTATION('feather',(#1832),#4224);
#1830=SHAPE_REPRESENTATION('bavarian',(#1965),#4225);
#1831=SHAPE_REPRESENTATION('strap',(#1995),#4226);
#1832=AXIS2_PLACEMENT_3D('',#2539,#2026,#2027);
#1833=AXIS2_PLACEMENT_3D('',#2540,#2028,#2029);
#1834=AXIS2_PLACEMENT_3D('',#2550,#2034,#2035);
#1835=AXIS2_PLACEMENT_3D('',#2551,#2036,#2037);
#1836=AXIS2_PLACEMENT_3D('',#2555,#2039,#2040);
#1837=AXIS2_PLACEMENT_3D('',#2559,#2042,#2043);
#1838=AXIS2_PLACEMENT_3D('',#2560,#2044,#2045);
#1839=AXIS2_PLACEMENT_3D('',#2561,#2046,#2047);
#1840=AXIS2_PLACEMENT_3D('',#2567,#2051,#2052);
#1841=AXIS2_PLACEMENT_3D('',#2571,#2054,#2055);
#1842=AXIS2_PLACEMENT_3D('',#2575,#2057,#2058);
#1843=AXIS2_PLACEMENT_3D('',#2579,#2060,#2061);
#1844=AXIS2_PLACEMENT_3D('',#2580,#2062,#2063);
#1845=AXIS2_PLACEMENT_3D('',#2581,#2064,#2065);
#1846=AXIS2_PLACEMENT_3D('',#2587,#2069,#2070);
#1847=AXIS2_PLACEMENT_3D('',#2588,#2071,#2072);
#1848=AXIS2_PLACEMENT_3D('',#2592,#2074,#2075);
#1849=AXIS2_PLACEMENT_3D('',#2596,#2077,#2078);
#1850=AXIS2_PLACEMENT_3D('',#2597,#2079,#2080);
#1851=AXIS2_PLACEMENT_3D('',#2602,#2083,#2084);
#1852=AXIS2_PLACEMENT_3D('',#2605,#2086,#2087);
#1853=AXIS2_PLACEMENT_3D('',#2614,#2092,#2093);
#1854=AXIS2_PLACEMENT_3D('',#2623,#2098,#2099);
#1855=AXIS2_PLACEMENT_3D('',#2632,#2104,#2105);
#1856=AXIS2_PLACEMENT_3D('',#2641,#2110,#2111);
#1857=AXIS2_PLACEMENT_3D('',#2650,#2116,#2117);
#1858=AXIS2_PLACEMENT_3D('',#2659,#2122,#2123);
#1859=AXIS2_PLACEMENT_3D('',#2668,#2128,#2129);
#1860=AXIS2_PLACEMENT_3D('',#2677,#2134,#2135);
#1861=AXIS2_PLACEMENT_3D('',#2686,#2140,#2141);
#1862=AXIS2_PLACEMENT_3D('',#2695,#2146,#2147);
#1863=AXIS2_PLACEMENT_3D('',#2704,#2152,#2153);
#1864=AXIS2_PLACEMENT_3D('',#2711,#2158,#2159);
#1865=AXIS2_PLACEMENT_3D('',#2717,#2162,#2163);
#1866=AXIS2_PLACEMENT_3D('',#2723,#2166,#2167);
#1867=AXIS2_PLACEMENT_3D('',#2729,#2170,#2171);
#1868=AXIS2_PLACEMENT_3D('',#2735,#2174,#2175);
#1869=AXIS2_PLACEMENT_3D('',#2741,#2178,#2179);
#1870=AXIS2_PLACEMENT_3D('',#2744,#2181,#2182);
#1871=AXIS2_PLACEMENT_3D('',#2745,#2183,#2184);
#1872=AXIS2_PLACEMENT_3D('',#2746,#2185,#2186);
#1873=AXIS2_PLACEMENT_3D('',#2747,#2187,#2188);
#1874=AXIS2_PLACEMENT_3D('',#2748,#2189,#2190);
#1875=AXIS2_PLACEMENT_3D('',#2749,#2191,#2192);
#1876=AXIS2_PLACEMENT_3D('',#2750,#2193,#2194);
#1877=AXIS2_PLACEMENT_3D('',#2751,#2195,#2196);
#1878=AXIS2_PLACEMENT_3D('',#2752,#2197,#2198);
#1879=AXIS2_PLACEMENT_3D('',#2753,#2199,#2200);
#1880=AXIS2_PLACEMENT_3D('',#2756,#2203,#2204);
#1881=AXIS2_PLACEMENT_3D('',#2758,#2205,#2206);
#1882=AXIS2_PLACEMENT_3D('',#2759,#2207,#2208);
#1883=AXIS2_PLACEMENT_3D('',#2760,#2209,#2210);
#1884=AXIS2_PLACEMENT_3D('',#2761,#2211,#2212);
#1885=AXIS2_PLACEMENT_3D('',#2762,#2213,#2214);
#1886=AXIS2_PLACEMENT_3D('',#2763,#2215,#2216);
#1887=AXIS2_PLACEMENT_3D('',#2764,#2217,#2218);
#1888=AXIS2_PLACEMENT_3D('',#2765,#2219,#2220);
#1889=AXIS2_PLACEMENT_3D('',#2766,#2221,#2222);
#1890=AXIS2_PLACEMENT_3D('',#2767,#2223,#2224);
#1891=AXIS2_PLACEMENT_3D('',#2768,#2225,#2226);
#1892=AXIS2_PLACEMENT_3D('',#2769,#2227,#2228);
#1893=AXIS2_PLACEMENT_3D('',#2770,#2229,#2230);
#1894=AXIS2_PLACEMENT_3D('',#2771,#2231,#2232);
#1895=AXIS2_PLACEMENT_3D('',#2772,#2233,#2234);
#1896=AXIS2_PLACEMENT_3D('',#2773,#2235,#2236);
#1897=AXIS2_PLACEMENT_3D('',#2774,#2237,#2238);
#1898=AXIS2_PLACEMENT_3D('',#2775,#2239,#2240);
#1899=AXIS2_PLACEMENT_3D('',#2778,#2242,#2243);
#1900=AXIS2_PLACEMENT_3D('',#2779,#2244,#2245);
#1901=AXIS2_PLACEMENT_3D('',#2780,#2246,#2247);
#1902=AXIS2_PLACEMENT_3D('',#2781,#2248,#2249);
#1903=AXIS2_PLACEMENT_3D('',#2782,#2250,#2251);
#1904=AXIS2_PLACEMENT_3D('',#2783,#2252,#2253);
#1905=AXIS2_PLACEMENT_3D('',#2784,#2254,#2255);
#1906=AXIS2_PLACEMENT_3D('',#2785,#2256,#2257);
#1907=AXIS2_PLACEMENT_3D('',#2786,#2258,#2259);
#1908=AXIS2_PLACEMENT_3D('',#2787,#2260,#2261);
#1909=AXIS2_PLACEMENT_3D('',#2788,#2262,#2263);
#1910=AXIS2_PLACEMENT_3D('',#2789,#2264,#2265);
#1911=AXIS2_PLACEMENT_3D('',#2790,#2266,#2267);
#1912=AXIS2_PLACEMENT_3D('',#2791,#2268,#2269);
#1913=AXIS2_PLACEMENT_3D('',#2792,#2270,#2271);
#1914=AXIS2_PLACEMENT_3D('',#2793,#2272,#2273);
#1915=AXIS2_PLACEMENT_3D('',#2794,#2274,#2275);
#1916=AXIS2_PLACEMENT_3D('',#2795,#2276,#2277);
#1917=AXIS2_PLACEMENT_3D('',#2796,#2278,#2279);
#1918=AXIS2_PLACEMENT_3D('',#2797,#2280,#2281);
#1919=AXIS2_PLACEMENT_3D('',#2798,#2282,#2283);
#1920=AXIS2_PLACEMENT_3D('',#2799,#2284,#2285);
#1921=AXIS2_PLACEMENT_3D('',#2800,#2286,#2287);
#1922=AXIS2_PLACEMENT_3D('',#2801,#2288,#2289);
#1923=AXIS2_PLACEMENT_3D('',#2802,#2290,#2291);
#1924=AXIS2_PLACEMENT_3D('',#2803,#2292,#2293);
#1925=AXIS2_PLACEMENT_3D('',#2804,#2294,#2295);
#1926=AXIS2_PLACEMENT_3D('',#2805,#2296,#2297);
#1927=AXIS2_PLACEMENT_3D('',#2806,#2298,#2299);
#1928=AXIS2_PLACEMENT_3D('',#2807,#2300,#2301);
#1929=AXIS2_PLACEMENT_3D('',#2808,#2302,#2303);
#1930=AXIS2_PLACEMENT_3D('',#2809,#2304,#2305);
#1931=AXIS2_PLACEMENT_3D('',#2810,#2306,#2307);
#1932=AXIS2_PLACEMENT_3D('',#2811,#2308,#2309);
#1933=AXIS2_PLACEMENT_3D('',#2812,#2310,#2311);
#1934=AXIS2_PLACEMENT_3D('',#2813,#2312,#2313);
#1935=AXIS2_PLACEMENT_3D('',#2814,#2314,#2315);
#1936=AXIS2_PLACEMENT_3D('',#2815,#2316,#2317);
#1937=AXIS2_PLACEMENT_3D('',#2816,#2318,#2319);
#1938=AXIS2_PLACEMENT_3D('',#2817,#2320,#2321);
#1939=AXIS2_PLACEMENT_3D('',#2818,#2322,#2323);
#1940=AXIS2_PLACEMENT_3D('',#2819,#2324,#2325);
#1941=AXIS2_PLACEMENT_3D('',#2820,#2326,#2327);
#1942=AXIS2_PLACEMENT_3D('',#2821,#2328,#2329);
#1943=AXIS2_PLACEMENT_3D('',#2822,#2330,#2331);
#1944=AXIS2_PLACEMENT_3D('',#2823,#2332,#2333);
#1945=AXIS2_PLACEMENT_3D('',#2824,#2334,#2335);
#1946=AXIS2_PLACEMENT_3D('',#2825,#2336,#2337);
#1947=AXIS2_PLACEMENT_3D('',#2826,#2338,#2339);
#1948=AXIS2_PLACEMENT_3D('',#2827,#2340,#2341);
#1949=AXIS2_PLACEMENT_3D('',#2828,#2342,#2343);
#1950=AXIS2_PLACEMENT_3D('',#2829,#2344,#2345);
#1951=AXIS2_PLACEMENT_3D('',#2830,#2346,#2347);
#1952=AXIS2_PLACEMENT_3D('',#2831,#2348,#2349);
#1953=AXIS2_PLACEMENT_3D('',#2832,#2350,#2351);
#1954=AXIS2_PLACEMENT_3D('',#2833,#2352,#2353);
#1955=AXIS2_PLACEMENT_3D('',#2834,#2354,#2355);
#1956=AXIS2_PLACEMENT_3D('',#2835,#2356,#2357);
#1957=AXIS2_PLACEMENT_3D('',#2836,#2358,#2359);
#1958=AXIS2_PLACEMENT_3D('',#2837,#2360,#2361);
#1959=AXIS2_PLACEMENT_3D('',#2838,#2362,#2363);
#1960=AXIS2_PLACEMENT_3D('',#2839,#2364,#2365);
#1961=AXIS2_PLACEMENT_3D('',#2840,#2366,#2367);
#1962=AXIS2_PLACEMENT_3D('',#2841,#2368,#2369);
#1963=AXIS2_PLACEMENT_3D('',#2842,#2370,#2371);
#1964=AXIS2_PLACEMENT_3D('',#2843,#2372,#2373);
#1965=AXIS2_PLACEMENT_3D('',#2844,#2374,#2375);
#1966=AXIS2_PLACEMENT_3D('',#3325,#2376,#2377);
#1967=AXIS2_PLACEMENT_3D('',#3331,#2382,#2383);
#1968=AXIS2_PLACEMENT_3D('',#3332,#2384,#2385);
#1969=AXIS2_PLACEMENT_3D('',#3334,#2386,#2387);
#1970=AXIS2_PLACEMENT_3D('',#3336,#2388,#2389);
#1971=AXIS2_PLACEMENT_3D('',#3337,#2390,#2391);
#1972=AXIS2_PLACEMENT_3D('',#3339,#2392,#2393);
#1973=AXIS2_PLACEMENT_3D('',#3340,#2394,#2395);
#1974=AXIS2_PLACEMENT_3D('',#3342,#2396,#2397);
#1975=AXIS2_PLACEMENT_3D('',#3343,#2398,#2399);
#1976=AXIS2_PLACEMENT_3D('',#3360,#2402,#2403);
#1977=AXIS2_PLACEMENT_3D('',#3361,#2404,#2405);
#1978=AXIS2_PLACEMENT_3D('',#3365,#2407,#2408);
#1979=AXIS2_PLACEMENT_3D('',#3366,#2409,#2410);
#1980=AXIS2_PLACEMENT_3D('',#3367,#2411,#2412);
#1981=AXIS2_PLACEMENT_3D('',#3369,#2413,#2414);
#1982=AXIS2_PLACEMENT_3D('',#3517,#2416,#2417);
#1983=AXIS2_PLACEMENT_3D('',#3529,#2418,#2419);
#1984=AXIS2_PLACEMENT_3D('',#3584,#2420,#2421);
#1985=AXIS2_PLACEMENT_3D('',#3612,#2422,#2423);
#1986=AXIS2_PLACEMENT_3D('',#3624,#2424,#2425);
#1987=AXIS2_PLACEMENT_3D('',#3679,#2426,#2427);
#1988=AXIS2_PLACEMENT_3D('',#3824,#2428,#2429);
#1989=AXIS2_PLACEMENT_3D('',#3825,#2430,#2431);
#1990=AXIS2_PLACEMENT_3D('',#3826,#2432,#2433);
#1991=AXIS2_PLACEMENT_3D('',#3827,#2434,#2435);
#1992=AXIS2_PLACEMENT_3D('',#3828,#2436,#2437);
#1993=AXIS2_PLACEMENT_3D('',#3829,#2438,#2439);
#1994=AXIS2_PLACEMENT_3D('',#3831,#2440,#2441);
#1995=AXIS2_PLACEMENT_3D('',#3832,#2442,#2443);
#1996=AXIS2_PLACEMENT_3D('',#3833,#2444,#2445);
#1997=AXIS2_PLACEMENT_3D('',#3837,#2447,#2448);
#1998=AXIS2_PLACEMENT_3D('',#3841,#2450,#2451);
#1999=AXIS2_PLACEMENT_3D('',#3845,#2453,#2454);
#2000=AXIS2_PLACEMENT_3D('',#3849,#2456,#2457);
#2001=AXIS2_PLACEMENT_3D('',#3858,#2459,#2460);
#2002=AXIS2_PLACEMENT_3D('',#3862,#2462,#2463);
#2003=AXIS2_PLACEMENT_3D('',#3867,#2466,#2467);
#2004=AXIS2_PLACEMENT_3D('',#3885,#2472,#2473);
#2005=AXIS2_PLACEMENT_3D('',#3889,#2476,#2477);
#2006=AXIS2_PLACEMENT_3D('',#4057,#2481,#2482);
#2007=AXIS2_PLACEMENT_3D('',#4174,#2484,#2485);
#2008=AXIS2_PLACEMENT_3D('',#4178,#2487,#2488);
#2009=AXIS2_PLACEMENT_3D('',#4182,#2490,#2491);
#2010=AXIS2_PLACEMENT_3D('',#4186,#2493,#2494);
#2011=AXIS2_PLACEMENT_3D('',#4190,#2496,#2497);
#2012=AXIS2_PLACEMENT_3D('',#4193,#2499,#2500);
#2013=AXIS2_PLACEMENT_3D('',#4197,#2502,#2503);
#2014=AXIS2_PLACEMENT_3D('',#4198,#2504,#2505);
#2015=AXIS2_PLACEMENT_3D('',#4200,#2507,#2508);
#2016=AXIS2_PLACEMENT_3D('',#4203,#2511,#2512);
#2017=AXIS2_PLACEMENT_3D('',#4206,#2515,#2516);
#2018=AXIS2_PLACEMENT_3D('',#4209,#2519,#2520);
#2019=AXIS2_PLACEMENT_3D('',#4212,#2523,#2524);
#2020=AXIS2_PLACEMENT_3D('',#4215,#2527,#2528);
#2021=AXIS2_PLACEMENT_3D('',#4216,#2529,#2530);
#2022=AXIS2_PLACEMENT_3D('',#4217,#2531,#2532);
#2023=AXIS2_PLACEMENT_3D('',#4218,#2533,#2534);
#2024=AXIS2_PLACEMENT_3D('',#4219,#2535,#2536);
#2025=AXIS2_PLACEMENT_3D('',#4220,#2537,#2538);
#2026=DIRECTION('',(0.,0.,1.));
#2027=DIRECTION('',(1.,0.,0.));
#2028=DIRECTION('',(0.,-0.990828405139984,-0.135126132068362));
#2029=DIRECTION('',(0.,0.135126132068362,-0.990828405139984));
#2030=DIRECTION('',(-1.,0.,0.));
#2031=DIRECTION('',(0.,-0.135126132068362,0.990828405139984));
#2032=DIRECTION('',(-1.,0.,0.));
#2033=DIRECTION('',(0.,-0.135126132068362,0.990828405139984));
#2034=DIRECTION('',(0.,-0.990828405139984,-0.135126132068362));
#2035=DIRECTION('',(0.,0.135126132068362,-0.990828405139984));
#2036=DIRECTION('',(0.,-0.5,-0.86602540378444));
#2037=DIRECTION('',(0.,0.86602540378444,-0.5));
#2038=DIRECTION('',(-1.,0.,0.));
#2039=DIRECTION('',(0.,-0.5,-0.86602540378444));
#2040=DIRECTION('',(0.,0.86602540378444,-0.5));
#2041=DIRECTION('',(0.,-0.86602540378444,0.5));
#2042=DIRECTION('',(0.,-0.5,-0.86602540378444));
#2043=DIRECTION('',(0.,-0.86602540378444,0.5));
#2044=DIRECTION('',(0.,-0.5,-0.86602540378444));
#2045=DIRECTION('',(0.,0.86602540378444,-0.5));
#2046=DIRECTION('',(0.,0.866025403784439,-0.5));
#2047=DIRECTION('',(0.,0.5,0.866025403784439));
#2048=DIRECTION('',(-1.,0.,0.));
#2049=DIRECTION('',(0.,-0.5,-0.866025403784439));
#2050=DIRECTION('',(0.,-0.5,-0.866025403784439));
#2051=DIRECTION('',(0.,0.,1.));
#2052=DIRECTION('',(1.,0.,0.));
#2053=DIRECTION('',(0.,1.,0.));
#2054=DIRECTION('',(0.,0.,1.));
#2055=DIRECTION('',(0.,1.,0.));
#2056=DIRECTION('',(-1.,0.,0.));
#2057=DIRECTION('',(0.,0.,1.));
#2058=DIRECTION('',(0.,-1.,0.));
#2059=DIRECTION('',(0.,1.,0.));
#2060=DIRECTION('',(0.,0.,1.));
#2061=DIRECTION('',(0.,1.,0.));
#2062=DIRECTION('',(0.,0.,1.));
#2063=DIRECTION('',(0.,-1.,0.));
#2064=DIRECTION('',(0.,0.866025403784439,-0.5));
#2065=DIRECTION('',(0.,0.5,0.866025403784439));
#2066=DIRECTION('',(0.,-0.5,-0.866025403784439));
#2067=DIRECTION('',(-1.,0.,0.));
#2068=DIRECTION('',(0.,-0.5,-0.866025403784439));
#2069=DIRECTION('',(0.,0.5,0.866025403784438));
#2070=DIRECTION('',(0.,-0.866025403784438,0.5));
#2071=DIRECTION('',(0.,0.5,0.866025403784438));
#2072=DIRECTION('',(0.,-0.866025403784438,0.5));
#2073=DIRECTION('',(-1.,0.,0.));
#2074=DIRECTION('',(0.,0.5,0.866025403784438));
#2075=DIRECTION('',(0.,-0.866025403784438,0.5));
#2076=DIRECTION('',(0.,-0.866025403784438,0.5));
#2077=DIRECTION('',(0.,0.5,0.866025403784438));
#2078=DIRECTION('',(0.,-0.866025403784438,0.5));
#2079=DIRECTION('',(0.,0.2449936996267,-0.969524670724382));
#2080=DIRECTION('',(0.,0.969524670724383,0.2449936996267));
#2081=DIRECTION('',(-1.,0.,0.));
#2082=DIRECTION('',(0.,-0.969524670724383,-0.2449936996267));
#2083=DIRECTION('',(0.,0.2449936996267,-0.969524670724382));
#2084=DIRECTION('',(0.,0.969524670724383,0.2449936996267));
#2085=DIRECTION('',(0.,-0.969524670724383,-0.2449936996267));
#2086=DIRECTION('',(0.,0.227623294563704,0.973749267405098));
#2087=DIRECTION('',(0.,-0.973749267405098,0.227623294563704));
#2088=DIRECTION('',(-1.,0.,0.));
#2089=DIRECTION('',(0.,0.973749267405098,-0.227623294563704));
#2090=DIRECTION('',(-1.,0.,0.));
#2091=DIRECTION('',(0.,0.973749267405098,-0.227623294563704));
#2092=DIRECTION('',(0.,0.309683124218014,-0.950839819619777));
#2093=DIRECTION('',(0.,0.950839819619777,0.309683124218014));
#2094=DIRECTION('',(-1.,0.,0.));
#2095=DIRECTION('',(0.,-0.950839819619777,-0.309683124218014));
#2096=DIRECTION('',(-1.,0.,0.));
#2097=DIRECTION('',(0.,-0.950839819619777,-0.309683124218014));
#2098=DIRECTION('',(0.,0.514198514904079,0.857671199977264));
#2099=DIRECTION('',(0.,-0.857671199977264,0.514198514904079));
#2100=DIRECTION('',(-1.,0.,0.));
#2101=DIRECTION('',(0.,0.857671199977264,-0.514198514904079));
#2102=DIRECTION('',(-1.,0.,0.));
#2103=DIRECTION('',(0.,0.857671199977264,-0.514198514904079));
#2104=DIRECTION('',(0.,0.60339106216725,-0.79744543769256));
#2105=DIRECTION('',(0.,0.79744543769256,0.60339106216725));
#2106=DIRECTION('',(-1.,0.,0.));
#2107=DIRECTION('',(0.,-0.79744543769256,-0.60339106216725));
#2108=DIRECTION('',(-1.,0.,0.));
#2109=DIRECTION('',(0.,-0.79744543769256,-0.60339106216725));
#2110=DIRECTION('',(0.,-0.121191740477273,0.992629116054979));
#2111=DIRECTION('',(0.,-0.992629116054979,-0.121191740477273));
#2112=DIRECTION('',(-1.,0.,0.));
#2113=DIRECTION('',(0.,0.992629116054979,0.121191740477273));
#2114=DIRECTION('',(-1.,0.,0.));
#2115=DIRECTION('',(0.,0.992629116054979,0.121191740477273));
#2116=DIRECTION('',(0.,1.,0.));
#2117=DIRECTION('',(0.,0.,1.));
#2118=DIRECTION('',(-1.,0.,0.));
#2119=DIRECTION('',(0.,0.,-1.));
#2120=DIRECTION('',(-1.,0.,0.));
#2121=DIRECTION('',(0.,0.,-1.));
#2122=DIRECTION('',(0.,-0.914225889899072,0.405204913887098));
#2123=DIRECTION('',(0.,-0.405204913887098,-0.914225889899072));
#2124=DIRECTION('',(-1.,0.,0.));
#2125=DIRECTION('',(0.,0.405204913887098,0.914225889899072));
#2126=DIRECTION('',(-1.,0.,0.));
#2127=DIRECTION('',(0.,0.405204913887098,0.914225889899072));
#2128=DIRECTION('',(0.,0.851962588757028,0.523602661718238));
#2129=DIRECTION('',(0.,-0.523602661718238,0.851962588757028));
#2130=DIRECTION('',(-1.,0.,0.));
#2131=DIRECTION('',(0.,0.523602661718238,-0.851962588757028));
#2132=DIRECTION('',(-1.,0.,0.));
#2133=DIRECTION('',(0.,0.523602661718238,-0.851962588757028));
#2134=DIRECTION('',(0.,-0.995945847764816,0.0899548126562571));
#2135=DIRECTION('',(0.,-0.0899548126562571,-0.995945847764816));
#2136=DIRECTION('',(-1.,0.,0.));
#2137=DIRECTION('',(0.,0.0899548126562571,0.995945847764816));
#2138=DIRECTION('',(-1.,0.,0.));
#2139=DIRECTION('',(0.,0.0899548126562571,0.995945847764816));
#2140=DIRECTION('',(0.,0.661211639131127,0.750199419006393));
#2141=DIRECTION('',(0.,-0.750199419006393,0.661211639131127));
#2142=DIRECTION('',(-1.,0.,0.));
#2143=DIRECTION('',(0.,0.750199419006393,-0.661211639131127));
#2144=DIRECTION('',(-1.,0.,0.));
#2145=DIRECTION('',(0.,0.750199419006393,-0.661211639131127));
#2146=DIRECTION('',(0.,-1.,0.));
#2147=DIRECTION('',(0.,0.,-1.));
#2148=DIRECTION('',(-1.,0.,0.));
#2149=DIRECTION('',(0.,0.,1.));
#2150=DIRECTION('',(-1.,0.,0.));
#2151=DIRECTION('',(0.,0.,1.));
#2152=DIRECTION('',(1.,0.,0.));
#2153=DIRECTION('',(0.,1.,0.));
#2154=DIRECTION('',(0.,-0.5,-0.866025403784439));
#2155=DIRECTION('',(0.,-0.5,-0.866025403784439));
#2156=DIRECTION('',(0.,-0.969524670724383,-0.2449936996267));
#2157=DIRECTION('',(0.,0.973749267405098,-0.227623294563704));
#2158=DIRECTION('',(1.,0.,0.));
#2159=DIRECTION('',(0.,0.,-1.));
#2160=DIRECTION('',(0.,-0.950839819619777,-0.309683124218014));
#2161=DIRECTION('',(0.,0.857671199977264,-0.514198514904079));
#2162=DIRECTION('',(1.,0.,0.));
#2163=DIRECTION('',(0.,0.,-1.));
#2164=DIRECTION('',(0.,-0.79744543769256,-0.60339106216725));
#2165=DIRECTION('',(0.,0.992629116054979,0.121191740477273));
#2166=DIRECTION('',(1.,0.,0.));
#2167=DIRECTION('',(0.,0.,-1.));
#2168=DIRECTION('',(0.,0.,-1.));
#2169=DIRECTION('',(0.,0.405204913887098,0.914225889899072));
#2170=DIRECTION('',(1.,0.,0.));
#2171=DIRECTION('',(0.,0.,-1.));
#2172=DIRECTION('',(0.,0.523602661718238,-0.851962588757028));
#2173=DIRECTION('',(0.,0.0899548126562571,0.995945847764816));
#2174=DIRECTION('',(1.,0.,0.));
#2175=DIRECTION('',(0.,0.,-1.));
#2176=DIRECTION('',(0.,0.750199419006393,-0.661211639131127));
#2177=DIRECTION('',(0.,0.,1.));
#2178=DIRECTION('',(1.,0.,0.));
#2179=DIRECTION('',(0.,0.,-1.));
#2180=DIRECTION('',(0.,-0.135126132068362,0.990828405139984));
#2181=DIRECTION('',(1.,0.,0.));
#2182=DIRECTION('',(0.,1.,0.));
#2183=DIRECTION('',(1.,0.,0.));
#2184=DIRECTION('',(0.,0.,-1.));
#2185=DIRECTION('',(1.,0.,0.));
#2186=DIRECTION('',(0.,0.,-1.));
#2187=DIRECTION('',(1.,0.,0.));
#2188=DIRECTION('',(0.,0.,-1.));
#2189=DIRECTION('',(1.,0.,0.));
#2190=DIRECTION('',(0.,0.,-1.));
#2191=DIRECTION('',(1.,0.,0.));
#2192=DIRECTION('',(0.,0.,-1.));
#2193=DIRECTION('',(1.,0.,0.));
#2194=DIRECTION('',(0.,0.,-1.));
#2195=DIRECTION('',(1.,0.,0.));
#2196=DIRECTION('',(0.,0.,-1.));
#2197=DIRECTION('',(1.,0.,0.));
#2198=DIRECTION('',(0.,0.,-1.));
#2199=DIRECTION('',(1.,0.,0.));
#2200=DIRECTION('',(0.,0.,-1.));
#2201=DIRECTION('',(0.,-0.5,-0.866025403784439));
#2202=DIRECTION('',(0.,-0.5,-0.866025403784439));
#2203=DIRECTION('',(1.,0.,0.));
#2204=DIRECTION('',(0.,0.,-1.));
#2205=DIRECTION('',(1.,0.,0.));
#2206=DIRECTION('',(0.,0.,-1.));
#2207=DIRECTION('',(1.,0.,0.));
#2208=DIRECTION('',(0.,0.,-1.));
#2209=DIRECTION('',(1.,0.,0.));
#2210=DIRECTION('',(0.,0.,-1.));
#2211=DIRECTION('',(0.,0.5,0.866025403784439));
#2212=DIRECTION('',(0.,-0.866025403784439,0.5));
#2213=DIRECTION('',(0.,-0.5,-0.866025403784439));
#2214=DIRECTION('',(0.,0.866025403784439,-0.5));
#2215=DIRECTION('',(0.,0.5,0.866025403784439));
#2216=DIRECTION('',(0.,-0.866025403784439,0.5));
#2217=DIRECTION('',(0.,-0.5,-0.866025403784439));
#2218=DIRECTION('',(0.,0.866025403784439,-0.5));
#2219=DIRECTION('',(1.,0.,0.));
#2220=DIRECTION('',(0.,0.,-1.));
#2221=DIRECTION('',(1.,0.,0.));
#2222=DIRECTION('',(0.,0.,-1.));
#2223=DIRECTION('',(1.,0.,0.));
#2224=DIRECTION('',(0.,0.,-1.));
#2225=DIRECTION('',(1.,0.,0.));
#2226=DIRECTION('',(0.,0.,-1.));
#2227=DIRECTION('',(1.,0.,0.));
#2228=DIRECTION('',(0.,0.,-1.));
#2229=DIRECTION('',(1.,0.,0.));
#2230=DIRECTION('',(0.,0.,-1.));
#2231=DIRECTION('',(1.,0.,0.));
#2232=DIRECTION('',(0.,0.,-1.));
#2233=DIRECTION('',(1.,0.,0.));
#2234=DIRECTION('',(0.,0.,-1.));
#2235=DIRECTION('',(1.,0.,0.));
#2236=DIRECTION('',(0.,0.,-1.));
#2237=DIRECTION('',(1.,0.,0.));
#2238=DIRECTION('',(0.,0.,-1.));
#2239=DIRECTION('',(1.,0.,0.));
#2240=DIRECTION('',(0.,0.,-1.));
#2241=DIRECTION('',(1.,0.,0.));
#2242=DIRECTION('',(1.,0.,0.));
#2243=DIRECTION('',(0.,0.,-1.));
#2244=DIRECTION('',(-1.,0.,0.));
#2245=DIRECTION('',(0.,0.,1.));
#2246=DIRECTION('',(-1.,0.,0.));
#2247=DIRECTION('',(0.,0.,1.));
#2248=DIRECTION('',(-1.,0.,0.));
#2249=DIRECTION('',(0.,0.,1.));
#2250=DIRECTION('',(-1.,0.,0.));
#2251=DIRECTION('',(0.,0.,1.));
#2252=DIRECTION('',(1.,0.,0.));
#2253=DIRECTION('',(0.,0.,-1.));
#2254=DIRECTION('',(1.,0.,0.));
#2255=DIRECTION('',(0.,0.,-1.));
#2256=DIRECTION('',(-1.,0.,0.));
#2257=DIRECTION('',(0.,0.,1.));
#2258=DIRECTION('',(-1.,0.,0.));
#2259=DIRECTION('',(0.,0.,1.));
#2260=DIRECTION('',(-1.,0.,0.));
#2261=DIRECTION('',(0.,0.,1.));
#2262=DIRECTION('',(-1.,0.,0.));
#2263=DIRECTION('',(0.,0.,1.));
#2264=DIRECTION('',(-1.,0.,0.));
#2265=DIRECTION('',(0.,0.,1.));
#2266=DIRECTION('',(-1.,0.,0.));
#2267=DIRECTION('',(0.,0.,1.));
#2268=DIRECTION('',(-1.,0.,0.));
#2269=DIRECTION('',(0.,0.,1.));
#2270=DIRECTION('',(-1.,0.,0.));
#2271=DIRECTION('',(0.,0.,1.));
#2272=DIRECTION('',(0.,-0.969524670724383,-0.2449936996267));
#2273=DIRECTION('',(0.,0.2449936996267,-0.969524670724383));
#2274=DIRECTION('',(0.,0.969524670724382,0.244993699626701));
#2275=DIRECTION('',(0.,-0.244993699626701,0.969524670724382));
#2276=DIRECTION('',(1.,0.,0.));
#2277=DIRECTION('',(0.,0.,-1.));
#2278=DIRECTION('',(0.,-0.973749267405098,0.227623294563704));
#2279=DIRECTION('',(0.,-0.227623294563704,-0.973749267405098));
#2280=DIRECTION('',(0.,0.973749267405098,-0.227623294563704));
#2281=DIRECTION('',(0.,0.227623294563704,0.973749267405098));
#2282=DIRECTION('',(0.,-0.973749267405098,0.227623294563704));
#2283=DIRECTION('',(0.,-0.227623294563704,-0.973749267405098));
#2284=DIRECTION('',(1.,0.,0.));
#2285=DIRECTION('',(0.,0.,-1.));
#2286=DIRECTION('',(0.,0.950839819619777,0.309683124218014));
#2287=DIRECTION('',(0.,-0.309683124218014,0.950839819619777));
#2288=DIRECTION('',(0.,-0.950839819619777,-0.309683124218014));
#2289=DIRECTION('',(0.,0.309683124218014,-0.950839819619777));
#2290=DIRECTION('',(0.,0.950839819619777,0.309683124218013));
#2291=DIRECTION('',(0.,-0.309683124218013,0.950839819619777));
#2292=DIRECTION('',(1.,0.,0.));
#2293=DIRECTION('',(0.,0.,-1.));
#2294=DIRECTION('',(0.,-0.857671199977262,0.514198514904082));
#2295=DIRECTION('',(0.,-0.514198514904082,-0.857671199977262));
#2296=DIRECTION('',(0.,0.857671199977264,-0.514198514904079));
#2297=DIRECTION('',(0.,0.514198514904079,0.857671199977264));
#2298=DIRECTION('',(0.,-0.857671199977262,0.514198514904082));
#2299=DIRECTION('',(0.,-0.514198514904082,-0.857671199977262));
#2300=DIRECTION('',(1.,0.,0.));
#2301=DIRECTION('',(0.,0.,-1.));
#2302=DIRECTION('',(0.,0.797445437692564,0.603391062167244));
#2303=DIRECTION('',(0.,-0.603391062167244,0.797445437692564));
#2304=DIRECTION('',(0.,-0.79744543769256,-0.60339106216725));
#2305=DIRECTION('',(0.,0.60339106216725,-0.79744543769256));
#2306=DIRECTION('',(0.,0.797445437692562,0.603391062167247));
#2307=DIRECTION('',(0.,-0.603391062167247,0.797445437692562));
#2308=DIRECTION('',(1.,0.,0.));
#2309=DIRECTION('',(0.,0.,-1.));
#2310=DIRECTION('',(0.,-0.992629116054979,-0.121191740477272));
#2311=DIRECTION('',(0.,0.121191740477272,-0.992629116054979));
#2312=DIRECTION('',(0.,0.992629116054979,0.121191740477273));
#2313=DIRECTION('',(0.,-0.121191740477273,0.992629116054979));
#2314=DIRECTION('',(0.,-0.992629116054979,-0.121191740477272));
#2315=DIRECTION('',(0.,0.121191740477272,-0.992629116054979));
#2316=DIRECTION('',(1.,0.,0.));
#2317=DIRECTION('',(0.,0.,-1.));
#2318=DIRECTION('',(0.,0.,1.));
#2319=DIRECTION('',(1.,0.,0.));
#2320=DIRECTION('',(0.,0.,-1.));
#2321=DIRECTION('',(-1.,0.,0.));
#2322=DIRECTION('',(0.,0.,1.));
#2323=DIRECTION('',(1.,0.,0.));
#2324=DIRECTION('',(1.,0.,0.));
#2325=DIRECTION('',(0.,0.,-1.));
#2326=DIRECTION('',(0.,-0.405204913887097,-0.914225889899072));
#2327=DIRECTION('',(0.,0.914225889899072,-0.405204913887097));
#2328=DIRECTION('',(0.,0.405204913887098,0.914225889899072));
#2329=DIRECTION('',(0.,-0.914225889899072,0.405204913887098));
#2330=DIRECTION('',(0.,-0.405204913887097,-0.914225889899072));
#2331=DIRECTION('',(0.,0.914225889899072,-0.405204913887097));
#2332=DIRECTION('',(1.,0.,0.));
#2333=DIRECTION('',(0.,0.,-1.));
#2334=DIRECTION('',(0.,-0.523602661718238,0.851962588757028));
#2335=DIRECTION('',(0.,-0.851962588757028,-0.523602661718238));
#2336=DIRECTION('',(0.,0.523602661718238,-0.851962588757028));
#2337=DIRECTION('',(0.,0.851962588757028,0.523602661718238));
#2338=DIRECTION('',(0.,-0.523602661718237,0.851962588757028));
#2339=DIRECTION('',(0.,-0.851962588757028,-0.523602661718237));
#2340=DIRECTION('',(1.,0.,0.));
#2341=DIRECTION('',(0.,0.,-1.));
#2342=DIRECTION('',(0.,-0.089954812656258,-0.995945847764816));
#2343=DIRECTION('',(0.,0.995945847764816,-0.089954812656258));
#2344=DIRECTION('',(0.,0.0899548126562571,0.995945847764816));
#2345=DIRECTION('',(0.,-0.995945847764816,0.0899548126562571));
#2346=DIRECTION('',(0.,-0.089954812656258,-0.995945847764816));
#2347=DIRECTION('',(0.,0.995945847764816,-0.089954812656258));
#2348=DIRECTION('',(1.,0.,0.));
#2349=DIRECTION('',(0.,0.,-1.));
#2350=DIRECTION('',(0.,-0.750199419006389,0.661211639131131));
#2351=DIRECTION('',(0.,-0.661211639131131,-0.750199419006389));
#2352=DIRECTION('',(0.,0.750199419006393,-0.661211639131127));
#2353=DIRECTION('',(0.,0.661211639131127,0.750199419006393));
#2354=DIRECTION('',(0.,-0.750199419006395,0.661211639131124));
#2355=DIRECTION('',(0.,-0.661211639131124,-0.750199419006395));
#2356=DIRECTION('',(1.,0.,0.));
#2357=DIRECTION('',(0.,0.,-1.));
#2358=DIRECTION('',(0.,0.,-1.));
#2359=DIRECTION('',(-1.,0.,0.));
#2360=DIRECTION('',(0.,0.,1.));
#2361=DIRECTION('',(1.,0.,0.));
#2362=DIRECTION('',(0.,0.,-1.));
#2363=DIRECTION('',(-1.,0.,0.));
#2364=DIRECTION('',(1.,0.,0.));
#2365=DIRECTION('',(0.,0.,-1.));
#2366=DIRECTION('',(0.,-0.999563208020702,0.0295532260736818));
#2367=DIRECTION('',(0.,-0.0295532260736818,-0.999563208020702));
#2368=DIRECTION('',(1.,0.,0.));
#2369=DIRECTION('',(0.,0.,-1.));
#2370=DIRECTION('',(0.,0.135126132068362,-0.990828405139984));
#2371=DIRECTION('',(0.,0.990828405139984,0.135126132068362));
#2372=DIRECTION('',(0.,-0.135126132068362,0.990828405139984));
#2373=DIRECTION('',(0.,-0.990828405139984,-0.135126132068362));
#2374=DIRECTION('',(0.,0.,1.));
#2375=DIRECTION('',(1.,0.,0.));
#2376=DIRECTION('',(0.,0.,1.));
#2377=DIRECTION('',(0.,1.,0.));
#2378=DIRECTION('',(0.,0.,-1.));
#2379=DIRECTION('',(0.,0.,-1.));
#2380=DIRECTION('',(0.,0.,-1.));
#2381=DIRECTION('',(0.,0.,-1.));
#2382=DIRECTION('',(0.,0.,-1.));
#2383=DIRECTION('',(-1.,0.,0.));
#2384=DIRECTION('',(0.,0.,-1.));
#2385=DIRECTION('',(-1.,0.,0.));
#2386=DIRECTION('',(0.,0.,-1.));
#2387=DIRECTION('',(-1.,0.,0.));
#2388=DIRECTION('',(0.,0.,-1.));
#2389=DIRECTION('',(1.,0.,0.));
#2390=DIRECTION('',(0.,0.,-1.));
#2391=DIRECTION('',(-1.,0.,0.));
#2392=DIRECTION('',(0.,0.,-1.));
#2393=DIRECTION('',(1.,0.,0.));
#2394=DIRECTION('',(0.,0.,-1.));
#2395=DIRECTION('',(-1.,0.,0.));
#2396=DIRECTION('',(0.,0.,-1.));
#2397=DIRECTION('',(-1.,0.,0.));
#2398=DIRECTION('',(0.,0.,1.));
#2399=DIRECTION('',(1.,0.,0.));
#2400=DIRECTION('',(0.,1.,0.));
#2401=DIRECTION('',(0.,1.,0.));
#2402=DIRECTION('',(0.,-1.,0.));
#2403=DIRECTION('',(0.,0.,-1.));
#2404=DIRECTION('',(-9.03809125225197E-16,-1.,1.95982363416276E-31));
#2405=DIRECTION('',(1.,-9.03809125225197E-16,0.));
#2406=DIRECTION('',(0.,-1.,0.));
#2407=DIRECTION('',(-9.03809125225199E-16,-1.,0.));
#2408=DIRECTION('',(1.,-9.03809125225199E-16,0.));
#2409=DIRECTION('',(0.,-1.,0.));
#2410=DIRECTION('',(0.,0.,-1.));
#2411=DIRECTION('',(9.03809125225198E-16,-1.,1.37187654391393E-30));
#2412=DIRECTION('',(1.,9.03809125225198E-16,0.));
#2413=DIRECTION('',(3.64696254939145E-13,1.,4.73579508941601E-13));
#2414=DIRECTION('',(0.,-4.73579508941601E-13,1.));
#2415=DIRECTION('',(0.,-1.,0.));
#2416=DIRECTION('',(-0.707957845282298,-0.478318979555222,-0.519621634557778));
#2417=DIRECTION('',(-0.59169872033175,0.,0.806159180533081));
#2418=DIRECTION('',(0.,-1.,0.));
#2419=DIRECTION('',(0.,0.,-1.));
#2420=DIRECTION('',(0.7079578452822,-0.478318979554473,0.519621634558602));
#2421=DIRECTION('',(0.591698720332413,0.,-0.806159180532595));
#2422=DIRECTION('',(-0.707957845282298,-0.478318979555222,0.519621634557779));
#2423=DIRECTION('',(0.591698720331751,0.,0.806159180533081));
#2424=DIRECTION('',(0.,-1.,0.));
#2425=DIRECTION('',(0.,0.,-1.));
#2426=DIRECTION('',(-0.707957845282181,0.478318979554345,0.519621634558744));
#2427=DIRECTION('',(0.591698720332528,0.,0.806159180532511));
#2428=DIRECTION('',(0.,1.,0.));
#2429=DIRECTION('',(0.,0.,1.));
#2430=DIRECTION('',(0.,1.,0.));
#2431=DIRECTION('',(0.,0.,1.));
#2432=DIRECTION('',(0.,-1.,0.));
#2433=DIRECTION('',(0.,0.,-1.));
#2434=DIRECTION('',(0.,1.,0.));
#2435=DIRECTION('',(0.,0.,1.));
#2436=DIRECTION('',(0.,0.,-1.));
#2437=DIRECTION('',(-1.,0.,0.));
#2438=DIRECTION('',(0.,0.,-1.));
#2439=DIRECTION('',(-1.,0.,0.));
#2440=DIRECTION('',(0.,0.,-1.));
#2441=DIRECTION('',(1.,0.,0.));
#2442=DIRECTION('',(0.,0.,1.));
#2443=DIRECTION('',(1.,0.,0.));
#2444=DIRECTION('',(0.,-0.5,-0.866025403784439));
#2445=DIRECTION('',(0.,0.866025403784439,-0.5));
#2446=DIRECTION('',(-1.,0.,0.));
#2447=DIRECTION('',(0.,-0.5,-0.866025403784439));
#2448=DIRECTION('',(0.,0.866025403784439,-0.5));
#2449=DIRECTION('',(0.,0.866025403784439,-0.5));
#2450=DIRECTION('',(0.,-0.5,-0.866025403784439));
#2451=DIRECTION('',(0.,0.866025403784439,-0.5));
#2452=DIRECTION('',(1.,0.,0.));
#2453=DIRECTION('',(0.,-0.5,-0.866025403784439));
#2454=DIRECTION('',(0.,0.866025403784439,-0.5));
#2455=DIRECTION('',(0.,-0.866025403784439,0.5));
#2456=DIRECTION('',(0.,-0.5,-0.866025403784439));
#2457=DIRECTION('',(0.,0.866025403784439,-0.5));
#2458=DIRECTION('',(1.,0.,0.));
#2459=DIRECTION('',(0.,-0.5,-0.866025403784439));
#2460=DIRECTION('',(0.,0.866025403784439,-0.5));
#2461=DIRECTION('',(0.,0.866025403784439,-0.5));
#2462=DIRECTION('',(0.,-0.5,-0.866025403784439));
#2463=DIRECTION('',(0.,0.866025403784439,-0.5));
#2464=DIRECTION('',(1.,0.,0.));
#2465=DIRECTION('',(0.,0.866025403784439,-0.5));
#2466=DIRECTION('',(0.,0.866025403784438,-0.5));
#2467=DIRECTION('',(0.,0.5,0.866025403784439));
#2468=DIRECTION('',(0.,0.5,0.866025403784439));
#2469=DIRECTION('',(1.,-2.74057501704389E-15,-4.74681517147396E-15));
#2470=DIRECTION('',(1.,0.,0.));
#2471=DIRECTION('',(0.,0.5,0.866025403784439));
#2472=DIRECTION('',(1.,0.,0.));
#2473=DIRECTION('',(0.,1.,0.));
#2474=DIRECTION('',(0.,0.,-1.));
#2475=DIRECTION('',(0.,-1.,-2.84336187542454E-14));
#2476=DIRECTION('',(1.,0.,0.));
#2477=DIRECTION('',(0.,1.,0.));
#2478=DIRECTION('',(0.,0.,-1.));
#2479=DIRECTION('',(0.,-0.5,-0.866025403784439));
#2480=DIRECTION('',(0.,-1.,-2.84336187542454E-14));
#2481=DIRECTION('',(-4.74681517147388E-15,2.84336187542454E-14,-1.));
#2482=DIRECTION('',(0.,1.,2.84336187542454E-14));
#2483=DIRECTION('',(-1.,2.74057501704389E-15,4.74681517147396E-15));
#2484=DIRECTION('',(-4.74681517147388E-15,2.84336187542454E-14,-1.));
#2485=DIRECTION('',(0.,1.,2.84336187542454E-14));
#2486=DIRECTION('',(0.,-1.,-2.84336187542454E-14));
#2487=DIRECTION('',(-4.74681517147388E-15,2.84336187542454E-14,-1.));
#2488=DIRECTION('',(8.22172505113099E-15,-1.,-2.84336187542454E-14));
#2489=DIRECTION('',(1.,-2.74057501704389E-15,-4.74681517147396E-15));
#2490=DIRECTION('',(-4.74681517147388E-15,2.84336187542454E-14,-1.));
#2491=DIRECTION('',(8.22172505113099E-15,-1.,-2.84336187542454E-14));
#2492=DIRECTION('',(0.,1.,2.84336187542454E-14));
#2493=DIRECTION('',(-4.74681517147388E-15,2.84336187542454E-14,-1.));
#2494=DIRECTION('',(8.22172505113099E-15,-1.,-2.84336187542454E-14));
#2495=DIRECTION('',(-1.,2.74057501704389E-15,4.74681517147396E-15));
#2496=DIRECTION('',(-4.74681517147388E-15,2.84336187542454E-14,-1.));
#2497=DIRECTION('',(8.22172505113099E-15,-1.,-2.84336187542454E-14));
#2498=DIRECTION('',(1.,0.,0.));
#2499=DIRECTION('',(-4.74681517147388E-15,2.84336187542454E-14,-1.));
#2500=DIRECTION('',(-8.22172505113099E-15,1.,2.84336187542454E-14));
#2501=DIRECTION('',(0.,-1.,0.));
#2502=DIRECTION('',(-4.74681517147388E-15,2.84336187542454E-14,-1.));
#2503=DIRECTION('',(8.22172505113099E-15,-1.,-2.84336187542454E-14));
#2504=DIRECTION('',(0.,-0.866025403784438,0.5));
#2505=DIRECTION('',(0.,-0.5,-0.866025403784439));
#2506=DIRECTION('',(0.,-0.5,-0.866025403784439));
#2507=DIRECTION('',(1.,0.,0.));
#2508=DIRECTION('',(0.,1.,0.));
#2509=DIRECTION('',(0.,-0.5,-0.866025403784439));
#2510=DIRECTION('',(0.,0.5,0.866025403784439));
#2511=DIRECTION('',(1.,0.,0.));
#2512=DIRECTION('',(0.,0.,-1.));
#2513=DIRECTION('',(0.,0.5,0.866025403784439));
#2514=DIRECTION('',(0.,0.5,0.866025403784439));
#2515=DIRECTION('',(0.,0.866025403784439,-0.5));
#2516=DIRECTION('',(0.,0.5,0.866025403784439));
#2517=DIRECTION('',(0.,0.5,0.866025403784439));
#2518=DIRECTION('',(0.,0.5,0.866025403784439));
#2519=DIRECTION('',(-1.,0.,0.));
#2520=DIRECTION('',(0.,0.,1.));
#2521=DIRECTION('',(0.,0.5,0.866025403784439));
#2522=DIRECTION('',(0.,0.5,0.866025403784439));
#2523=DIRECTION('',(0.,-0.866025403784439,0.5));
#2524=DIRECTION('',(0.,-0.5,-0.866025403784439));
#2525=DIRECTION('',(0.,0.5,0.866025403784439));
#2526=DIRECTION('',(0.,0.5,0.866025403784439));
#2527=DIRECTION('',(0.,0.5,0.866025403784439));
#2528=DIRECTION('',(0.,-0.866025403784439,0.5));
#2529=DIRECTION('',(0.,-0.5,-0.866025403784439));
#2530=DIRECTION('',(0.,0.866025403784439,-0.5));
#2531=DIRECTION('',(0.,-0.5,-0.866025403784439));
#2532=DIRECTION('',(0.,0.866025403784439,-0.5));
#2533=DIRECTION('',(0.,-0.5,-0.866025403784439));
#2534=DIRECTION('',(0.,0.866025403784439,-0.5));
#2535=DIRECTION('',(0.,-0.5,-0.866025403784439));
#2536=DIRECTION('',(0.,0.866025403784439,-0.5));
#2537=DIRECTION('',(0.,-0.5,-0.866025403784439));
#2538=DIRECTION('',(0.,0.866025403784439,-0.5));
#2539=CARTESIAN_POINT('',(0.,0.,0.));
#2540=CARTESIAN_POINT('',(0.0244,0.00149543408223931,0.0616975787501357));
#2541=CARTESIAN_POINT('',(0.0244,0.00194855715851499,0.058375));
#2542=CARTESIAN_POINT('',(0.0236,0.00194855715851499,0.058375));
#2543=CARTESIAN_POINT('',(0.0215062746066806,0.00194855715851499,0.058375));
#2544=CARTESIAN_POINT('',(0.0236,0.00149543408223931,0.0616975787501357));
#2545=CARTESIAN_POINT('',(0.0236,0.0012434078845217,0.0635455907646563));
#2546=CARTESIAN_POINT('',(0.0215,0.0012434078845217,0.0635455907646563));
#2547=CARTESIAN_POINT('',(0.0215,0.0012434078845217,0.0635455907646563));
#2548=CARTESIAN_POINT('',(0.0215,0.00149543408223931,0.0616975787501357));
#2549=CARTESIAN_POINT('',(0.0215,0.0019706208420791,0.0582132154209352));
#2550=CARTESIAN_POINT('',(0.0223,0.0019706208420791,0.0582132154209352));
#2551=CARTESIAN_POINT('',(0.0244,0.00162379763209583,0.0585625));
#2552=CARTESIAN_POINT('',(0.0244,0.00134233937586588,0.058725));
#2553=CARTESIAN_POINT('',(0.0236,0.00134233937586589,0.058725));
#2554=CARTESIAN_POINT('',(0.0223,0.00134233937586589,0.058725));
#2555=CARTESIAN_POINT('',(0.0236,0.00203515969889344,0.058325));
#2556=CARTESIAN_POINT('',(0.0244,0.00203515969889344,0.058325));
#2557=CARTESIAN_POINT('',(0.0244,0.00162379763209583,0.0585625));
#2558=CARTESIAN_POINT('',(0.0244,0.00282496858146563,0.0578690036290386));
#2559=CARTESIAN_POINT('',(0.0236,0.00282496858146563,0.0578690036290386));
#2560=CARTESIAN_POINT('',(0.0223,0.00203515969889344,0.058325));
#2561=CARTESIAN_POINT('',(0.0244,-0.000894892917243767,0.05485));
#2562=CARTESIAN_POINT('',(0.0244,-0.00311769145362369,0.051));
#2563=CARTESIAN_POINT('',(0.0236,-0.00311769233459028,0.0509999984741216));
#2564=CARTESIAN_POINT('',(0.0223,-0.00311769233459029,0.0509999984741216));
#2565=CARTESIAN_POINT('',(0.0236,0.00134233937586588,0.058725));
#2566=CARTESIAN_POINT('',(0.0223,-0.000894892917243768,0.05485));
#2567=CARTESIAN_POINT('',(0.0244,-0.000866025403784138,0.051));
#2568=CARTESIAN_POINT('',(0.0215,-0.000866025403784138,0.051));
#2569=CARTESIAN_POINT('',(0.0215,-0.00219393102292029,0.051));
#2570=CARTESIAN_POINT('',(0.0215,0.000461880215352008,0.051));
#2571=CARTESIAN_POINT('',(0.0223,0.000461880215352008,0.051));
#2572=CARTESIAN_POINT('',(0.0223,0.001385641527022,0.0510000015258794));
#2573=CARTESIAN_POINT('',(0.0244,0.00138564064605541,0.051));
#2574=CARTESIAN_POINT('',(0.0236,0.00138564152702201,0.0510000015258794));
#2575=CARTESIAN_POINT('',(0.0236,0.000461880215352007,0.051));
#2576=CARTESIAN_POINT('',(0.0244,0.000461880215352007,0.051));
#2577=CARTESIAN_POINT('',(0.0244,-0.000866025403784138,0.051));
#2578=CARTESIAN_POINT('',(0.0244,-0.00219393102292029,0.051));
#2579=CARTESIAN_POINT('',(0.0236,-0.00219393102292029,0.051));
#2580=CARTESIAN_POINT('',(0.0223,-0.00219393102292029,0.051));
#2581=CARTESIAN_POINT('',(0.0244,0.00305995642670518,0.0539));
#2582=CARTESIAN_POINT('',(0.0223,0.0047198384506252,0.056775));
#2583=CARTESIAN_POINT('',(0.0223,0.0047198384506252,0.056775));
#2584=CARTESIAN_POINT('',(0.0244,0.0047198384506252,0.056775));
#2585=CARTESIAN_POINT('',(0.0236,0.0047198384506252,0.056775));
#2586=CARTESIAN_POINT('',(0.0236,0.00305995642670518,0.0539));
#2587=CARTESIAN_POINT('',(0.0244,0.00443838019439525,0.0569375));
#2588=CARTESIAN_POINT('',(0.0223,0.00402701812759765,0.057175));
#2589=CARTESIAN_POINT('',(0.0215062746066806,0.00411362066797609,0.057125));
#2590=CARTESIAN_POINT('',(0.0244,0.00411362066797609,0.057125));
#2591=CARTESIAN_POINT('',(0.0236,0.00411362066797609,0.057125));
#2592=CARTESIAN_POINT('',(0.0236,0.00311952192300437,0.0576989431780105));
#2593=CARTESIAN_POINT('',(0.0244,0.00311952192300437,0.0576989431780105));
#2594=CARTESIAN_POINT('',(0.0244,0.00350543551628004,0.0574761358610489));
#2595=CARTESIAN_POINT('',(0.0244,0.00402701812759765,0.057175));
#2596=CARTESIAN_POINT('',(0.0236,0.00402701812759765,0.057175));
#2597=CARTESIAN_POINT('',(0.0244,0.00896178244499328,0.0583501045548462));
#2598=CARTESIAN_POINT('',(0.0244,0.0106208045200501,0.0587693305613664));
#2599=CARTESIAN_POINT('',(0.0215,0.0106208045200501,0.0587693305613664));
#2600=CARTESIAN_POINT('',(0.0236,0.0106208045200501,0.0587693305613664));
#2601=CARTESIAN_POINT('',(0.0236,0.00896178244499328,0.0583501045548462));
#2602=CARTESIAN_POINT('',(0.0223,0.00397842671938145,0.0570908372121582));
#2603=CARTESIAN_POINT('',(0.0215,0.00397842671938145,0.0570908372121582));
#2604=CARTESIAN_POINT('',(0.0215,0.00896178244499328,0.0583501045548462));
#2605=CARTESIAN_POINT('',(0.0244,0.0109465664321511,0.0602445513191559));
#2606=CARTESIAN_POINT('',(0.0244,0.00947834578022098,0.0605877620748665));
#2607=CARTESIAN_POINT('',(0.0215,0.00947834578022098,0.0605877620748665));
#2608=CARTESIAN_POINT('',(0.0236,0.00947834578022098,0.0605877620748665));
#2609=CARTESIAN_POINT('',(0.0236,0.0109465664321511,0.0602445513191559));
#2610=CARTESIAN_POINT('',(0.0236,0.0106069081959997,0.06032394971187));
#2611=CARTESIAN_POINT('',(0.0244,0.0106069081959997,0.06032394971187));
#2612=CARTESIAN_POINT('',(0.0215,0.0106069081959997,0.06032394971187));
#2613=CARTESIAN_POINT('',(0.0215,0.0109465664321511,0.0602445513191559));
#2614=CARTESIAN_POINT('',(0.0244,0.0116832833940779,0.0620864239246011));
#2615=CARTESIAN_POINT('',(0.0244,0.0136136195689051,0.0627151234437805));
#2616=CARTESIAN_POINT('',(0.0215,0.0136136195689051,0.0627151234437805));
#2617=CARTESIAN_POINT('',(0.0236,0.0136136195689051,0.0627151234437805));
#2618=CARTESIAN_POINT('',(0.0236,0.0116832833940779,0.0620864239246011));
#2619=CARTESIAN_POINT('',(0.0236,0.00944552184835926,0.0613575977096765));
#2620=CARTESIAN_POINT('',(0.0215,0.00944552184835926,0.0613575977096765));
#2621=CARTESIAN_POINT('',(0.0215,0.00944552184835926,0.0613575977096765));
#2622=CARTESIAN_POINT('',(0.0215,0.0116832833940779,0.0620864239246011));
#2623=CARTESIAN_POINT('',(0.0244,0.0136792945291495,0.0642206485147199));
#2624=CARTESIAN_POINT('',(0.0244,0.0125832850397731,0.0648777376786944));
#2625=CARTESIAN_POINT('',(0.0215,0.0125832850397731,0.0648777376786944));
#2626=CARTESIAN_POINT('',(0.0236,0.0125832850397731,0.0648777376786944));
#2627=CARTESIAN_POINT('',(0.0236,0.0136792945291495,0.0642206485147199));
#2628=CARTESIAN_POINT('',(0.0236,0.0137772318814539,0.0641619322594581));
#2629=CARTESIAN_POINT('',(0.0244,0.0137772318814539,0.0641619322594581));
#2630=CARTESIAN_POINT('',(0.0215,0.0137772318814539,0.0641619322594581));
#2631=CARTESIAN_POINT('',(0.0215,0.0136792945291495,0.0642206485147199));
#2632=CARTESIAN_POINT('',(0.0244,0.0154000030134968,0.0676980632115035));
#2633=CARTESIAN_POINT('',(0.0244,0.0163565018021377,0.068421802783843));
#2634=CARTESIAN_POINT('',(0.0215,0.0163565018021377,0.068421802783843));
#2635=CARTESIAN_POINT('',(0.0236,0.0163565018021377,0.068421802783843));
#2636=CARTESIAN_POINT('',(0.0236,0.0154000030134968,0.0676980632115035));
#2637=CARTESIAN_POINT('',(0.0236,0.0125476080208679,0.0655397843337624));
#2638=CARTESIAN_POINT('',(0.0215,0.0125476080208679,0.0655397843337624));
#2639=CARTESIAN_POINT('',(0.0215,0.0125476080208679,0.0655397843337624));
#2640=CARTESIAN_POINT('',(0.0215,0.0154000030134968,0.0676980632115035));
#2641=CARTESIAN_POINT('',(0.0244,0.0152703904404019,0.0697920296994807));
#2642=CARTESIAN_POINT('',(0.0244,0.0122644624624359,0.0694250309508979));
#2643=CARTESIAN_POINT('',(0.0215,0.0122644624624359,0.0694250309508979));
#2644=CARTESIAN_POINT('',(0.0236,0.0122644624624359,0.0694250309508979));
#2645=CARTESIAN_POINT('',(0.0236,0.0152703904404019,0.0697920296994807));
#2646=CARTESIAN_POINT('',(0.0236,0.015776835560022,0.0698538624268411));
#2647=CARTESIAN_POINT('',(0.0244,0.015776835560022,0.0698538624268411));
#2648=CARTESIAN_POINT('',(0.0215,0.015776835560022,0.0698538624268411));
#2649=CARTESIAN_POINT('',(0.0215,0.0152703904404019,0.0697920296994807));
#2650=CARTESIAN_POINT('',(0.0244,0.011815985766245,0.0740558295364678));
#2651=CARTESIAN_POINT('',(0.0244,0.011815985766245,0.0749621086077943));
#2652=CARTESIAN_POINT('',(0.0215,0.011815985766245,0.0749621086077943));
#2653=CARTESIAN_POINT('',(0.0236,0.011815985766245,0.0749621086077943));
#2654=CARTESIAN_POINT('',(0.0236,0.011815985766245,0.0740558295364678));
#2655=CARTESIAN_POINT('',(0.0236,0.011815985766245,0.0698220825973199));
#2656=CARTESIAN_POINT('',(0.0215,0.011815985766245,0.0698220825973199));
#2657=CARTESIAN_POINT('',(0.0215,0.011815985766245,0.0698220825973199));
#2658=CARTESIAN_POINT('',(0.0215,0.011815985766245,0.0740558295364678));
#2659=CARTESIAN_POINT('',(0.0244,0.0101118278970246,0.0748964516236723));
#2660=CARTESIAN_POINT('',(0.0244,0.00871587950808799,0.0717469040382638));
#2661=CARTESIAN_POINT('',(0.0215,0.00871587950808799,0.0717469040382638));
#2662=CARTESIAN_POINT('',(0.0236,0.00871587950808799,0.0717469040382638));
#2663=CARTESIAN_POINT('',(0.0236,0.0101118278970246,0.0748964516236723));
#2664=CARTESIAN_POINT('',(0.0236,0.0102846050543257,0.075286272538904));
#2665=CARTESIAN_POINT('',(0.0244,0.0102846050543257,0.075286272538904));
#2666=CARTESIAN_POINT('',(0.0215,0.0102846050543257,0.075286272538904));
#2667=CARTESIAN_POINT('',(0.0215,0.0101118278970246,0.0748964516236723));
#2668=CARTESIAN_POINT('',(0.0244,0.00708296839274623,0.0732069638950303));
#2669=CARTESIAN_POINT('',(0.0244,0.00701985324812848,0.073309659595281));
#2670=CARTESIAN_POINT('',(0.0215,0.00701985324812848,0.073309659595281));
#2671=CARTESIAN_POINT('',(0.0236,0.00701985324812848,0.073309659595281));
#2672=CARTESIAN_POINT('',(0.0236,0.00708296839274623,0.0732069638950303));
#2673=CARTESIAN_POINT('',(0.0236,0.00800940411662555,0.0716995449391313));
#2674=CARTESIAN_POINT('',(0.0215,0.00800940411662555,0.0716995449391313));
#2675=CARTESIAN_POINT('',(0.0215,0.00800940411662555,0.0716995449391313));
#2676=CARTESIAN_POINT('',(0.0215,0.00708296839274623,0.0732069638950303));
#2677=CARTESIAN_POINT('',(0.0244,0.00543471528833626,0.0717801677713213));
#2678=CARTESIAN_POINT('',(0.0244,0.0051821361646122,0.0689837067251923));
#2679=CARTESIAN_POINT('',(0.0215,0.0051821361646122,0.0689837067251923));
#2680=CARTESIAN_POINT('',(0.0236,0.0051821361646122,0.0689837067251923));
#2681=CARTESIAN_POINT('',(0.0236,0.00543471528833626,0.0717801677713213));
#2682=CARTESIAN_POINT('',(0.0236,0.005541526498911,0.0729627413160314));
#2683=CARTESIAN_POINT('',(0.0244,0.005541526498911,0.0729627413160314));
#2684=CARTESIAN_POINT('',(0.0215,0.005541526498911,0.0729627413160314));
#2685=CARTESIAN_POINT('',(0.0215,0.00543471528833626,0.0717801677713213));
#2686=CARTESIAN_POINT('',(0.0244,0.00379134914945326,0.0693611874049729));
#2687=CARTESIAN_POINT('',(0.0244,0.00380050379122701,0.0693531186761263));
#2688=CARTESIAN_POINT('',(0.0215,0.00380050379122701,0.0693531186761263));
#2689=CARTESIAN_POINT('',(0.0236,0.00380050379122701,0.0693531186761263));
#2690=CARTESIAN_POINT('',(0.0236,0.00379134914945326,0.0693611874049729));
#2691=CARTESIAN_POINT('',(0.0236,0.00451927316985382,0.0687196088826522));
#2692=CARTESIAN_POINT('',(0.0215,0.00451927316985382,0.0687196088826522));
#2693=CARTESIAN_POINT('',(0.0215,0.00451927316985382,0.0687196088826522));
#2694=CARTESIAN_POINT('',(0.0215,0.00379134914945326,0.0693611874049729));
#2695=CARTESIAN_POINT('',(0.0244,0.0024715344799221,0.0673296677766561));
#2696=CARTESIAN_POINT('',(0.0244,0.0024715344799221,0.0648531675199359));
#2697=CARTESIAN_POINT('',(0.0215,0.0024715344799221,0.0648531675199359));
#2698=CARTESIAN_POINT('',(0.0236,0.0024715344799221,0.0648531675199359));
#2699=CARTESIAN_POINT('',(0.0236,0.0024715344799221,0.0673296677766561));
#2700=CARTESIAN_POINT('',(0.0236,0.0024715344799221,0.0687529591409211));
#2701=CARTESIAN_POINT('',(0.0244,0.0024715344799221,0.0687529591409211));
#2702=CARTESIAN_POINT('',(0.0215,0.0024715344799221,0.0687529591409211));
#2703=CARTESIAN_POINT('',(0.0215,0.0024715344799221,0.0673296677766561));
#2704=CARTESIAN_POINT('',(0.0244,0.00777468431700811,0.0648706916940624));
#2705=CARTESIAN_POINT('',(0.0244,-0.00243930488732588,0.050575));
#2706=CARTESIAN_POINT('',(0.0244,0.00829626692832572,0.0645695558330135));
#2707=CARTESIAN_POINT('',(0.0244,0.00748050521242129,0.0588009403342935));
#2708=CARTESIAN_POINT('',(0.0244,0.0104248095603488,0.0595449502979459));
#2709=CARTESIAN_POINT('',(0.0244,0.00673155355545288,0.060408284554147));
#2710=CARTESIAN_POINT('',(0.0244,0.00929624714457002,0.0598087626609425));
#2711=CARTESIAN_POINT('',(0.0244,0.00956939509804647,0.0609772617818286));
#2712=CARTESIAN_POINT('',(0.0244,0.00919777534898485,0.0621182695653723));
#2713=CARTESIAN_POINT('',(0.0244,0.00872163951748503,0.0619631948316386));
#2714=CARTESIAN_POINT('',(0.0244,0.0133658730695307,0.0634757952994763));
#2715=CARTESIAN_POINT('',(0.0244,0.00863782745088888,0.0663103944274041));
#2716=CARTESIAN_POINT('',(0.0244,0.0121719262278499,0.0641916007187126));
#2717=CARTESIAN_POINT('',(0.0244,0.0127889644457348,0.0652208061586854));
#2718=CARTESIAN_POINT('',(0.0244,0.0120648951711341,0.0661777406839164));
#2719=CARTESIAN_POINT('',(0.0244,0.00870775294774929,0.0636375423000922));
#2720=CARTESIAN_POINT('',(0.0244,0.0158737889524039,0.0690597591339971));
#2721=CARTESIAN_POINT('',(0.0244,0.00738970109296704,0.0680239227300302));
#2722=CARTESIAN_POINT('',(0.0244,0.0123614158548177,0.0686309276580539));
#2723=CARTESIAN_POINT('',(0.0244,0.012215985766245,0.0698220825973199));
#2724=CARTESIAN_POINT('',(0.0244,0.011015985766245,0.0698220825973199));
#2725=CARTESIAN_POINT('',(0.0244,0.011015985766245,0.0648706916940624));
#2726=CARTESIAN_POINT('',(0.0244,0.011015985766245,0.0749621086077943));
#2727=CARTESIAN_POINT('',(0.0244,0.00674543964992003,0.0653268754461351));
#2728=CARTESIAN_POINT('',(0.0244,0.00944726022000725,0.0714227401071541));
#2729=CARTESIAN_POINT('',(0.0244,0.00835018915212836,0.0719089860038186));
#2730=CARTESIAN_POINT('',(0.0244,0.00732783404561993,0.0712806628097567));
#2731=CARTESIAN_POINT('',(0.0244,0.0103097656435342,0.0664287123721509));
#2732=CARTESIAN_POINT('',(0.0244,0.00633828317712286,0.0728907774659064));
#2733=CARTESIAN_POINT('',(0.0244,0.00563138588203684,0.0650642765256242));
#2734=CARTESIAN_POINT('',(0.0244,0.00597889284282405,0.0689117428750673));
#2735=CARTESIAN_POINT('',(0.0244,0.00478375782550627,0.0690196886502548));
#2736=CARTESIAN_POINT('',(0.0244,0.00399030385854892,0.0681194493474471));
#2737=CARTESIAN_POINT('',(0.0244,0.00773166568809895,0.0648218834933227));
#2738=CARTESIAN_POINT('',(0.0244,0.0032715344799221,0.0687529591409211));
#2739=CARTESIAN_POINT('',(0.0244,0.0032715344799221,0.0648706916940624));
#2740=CARTESIAN_POINT('',(0.0244,0.0032715344799221,0.0648531675199359));
#2741=CARTESIAN_POINT('',(0.0244,0.0020715344799221,0.0648531675199359));
#2742=CARTESIAN_POINT('',(0.0244,0.00203607060863368,0.063653691670311));
#2743=CARTESIAN_POINT('',(0.0244,0.00232990999869691,0.0614990794589857));
#2744=CARTESIAN_POINT('',(0.0215,0.00777468431700811,0.0648706916940624));
#2745=CARTESIAN_POINT('',(0.0215,0.00633828317712286,0.0728907774659064));
#2746=CARTESIAN_POINT('',(0.0215,0.00835018915212836,0.0719089860038186));
#2747=CARTESIAN_POINT('',(0.0215,0.011015985766245,0.0749621086077943));
#2748=CARTESIAN_POINT('',(0.0215,0.012215985766245,0.0698220825973199));
#2749=CARTESIAN_POINT('',(0.0215,0.0158737889524039,0.0690597591339971));
#2750=CARTESIAN_POINT('',(0.0215,0.0127889644457348,0.0652208061586854));
#2751=CARTESIAN_POINT('',(0.0215,0.0133658730695307,0.0634757952994763));
#2752=CARTESIAN_POINT('',(0.0215,0.00956939509804647,0.0609772617818286));
#2753=CARTESIAN_POINT('',(0.0215,0.0104248095603488,0.0595449502979459));
#2754=CARTESIAN_POINT('',(0.0215,0.000707254079757596,0.051425));
#2755=CARTESIAN_POINT('',(0.0215,0.0063044084996215,0.0657195558330135));
#2756=CARTESIAN_POINT('',(0.0215,0.00203607060863368,0.063653691670311));
#2757=CARTESIAN_POINT('',(0.0215,0.00205971318949263,0.0644533422367276));
#2758=CARTESIAN_POINT('',(0.0215,0.0020715344799221,0.0648531675199359));
#2759=CARTESIAN_POINT('',(0.0215,0.0032715344799221,0.0687529591409211));
#2760=CARTESIAN_POINT('',(0.0215,0.00478375782550627,0.0690196886502548));
#2761=CARTESIAN_POINT('',(0.0223,0.00829626692832572,0.0645695558330135));
#2762=CARTESIAN_POINT('',(0.0236,0.00236713610367763,0.0543));
#2763=CARTESIAN_POINT('',(0.0236,0.0063044084996215,0.0657195558330135));
#2764=CARTESIAN_POINT('',(0.0223,-0.000202072594216217,0.05445));
#2765=CARTESIAN_POINT('',(0.0244,0.00956939509804647,0.0609772617818286));
#2766=CARTESIAN_POINT('',(0.0236,0.00956939509804647,0.0609772617818286));
#2767=CARTESIAN_POINT('',(0.0244,0.0127889644457348,0.0652208061586854));
#2768=CARTESIAN_POINT('',(0.0236,0.0127889644457348,0.0652208061586854));
#2769=CARTESIAN_POINT('',(0.0244,0.012215985766245,0.0698220825973199));
#2770=CARTESIAN_POINT('',(0.0236,0.012215985766245,0.0698220825973199));
#2771=CARTESIAN_POINT('',(0.0244,0.00835018915212836,0.0719089860038186));
#2772=CARTESIAN_POINT('',(0.0236,0.00835018915212836,0.0719089860038186));
#2773=CARTESIAN_POINT('',(0.0244,0.00478375782550627,0.0690196886502548));
#2774=CARTESIAN_POINT('',(0.0236,0.00478375782550627,0.0690196886502548));
#2775=CARTESIAN_POINT('',(0.0244,0.0020715344799221,0.0648531675199359));
#2776=CARTESIAN_POINT('',(0.0244,0.00205971318949263,0.0644533422367276));
#2777=CARTESIAN_POINT('',(0.0236,0.00205971318949263,0.0644533422367276));
#2778=CARTESIAN_POINT('',(0.0236,0.0020715344799221,0.0648531675199359));
#2779=CARTESIAN_POINT('',(0.0244,0.00633828317712286,0.0728907774659064));
#2780=CARTESIAN_POINT('',(0.0236,0.00633828317712286,0.0728907774659064));
#2781=CARTESIAN_POINT('',(0.0244,0.0032715344799221,0.0687529591409211));
#2782=CARTESIAN_POINT('',(0.0236,0.0032715344799221,0.0687529591409211));
#2783=CARTESIAN_POINT('',(0.0244,0.00203607060863368,0.063653691670311));
#2784=CARTESIAN_POINT('',(0.0236,0.00203607060863368,0.063653691670311));
#2785=CARTESIAN_POINT('',(0.0244,0.0104248095603488,0.0595449502979459));
#2786=CARTESIAN_POINT('',(0.0236,0.0104248095603488,0.0595449502979459));
#2787=CARTESIAN_POINT('',(0.0244,0.0133658730695307,0.0634757952994763));
#2788=CARTESIAN_POINT('',(0.0236,0.0133658730695307,0.0634757952994763));
#2789=CARTESIAN_POINT('',(0.0244,0.0158737889524039,0.0690597591339971));
#2790=CARTESIAN_POINT('',(0.0236,0.0158737889524039,0.0690597591339971));
#2791=CARTESIAN_POINT('',(0.0244,0.011015985766245,0.0749621086077943));
#2792=CARTESIAN_POINT('',(0.0236,0.011015985766245,0.0749621086077943));
#2793=CARTESIAN_POINT('',(0.0236,0.00876578748529192,0.0591257242914257));
#2794=CARTESIAN_POINT('',(0.0236,0.0104248095603488,0.0595449502979459));
#2795=CARTESIAN_POINT('',(0.0236,0.0104248095603488,0.0595449502979459));
#2796=CARTESIAN_POINT('',(0.0236,0.0104248095603488,0.0595449502979459));
#2797=CARTESIAN_POINT('',(0.0236,0.0107644677965001,0.0594655519052318));
#2798=CARTESIAN_POINT('',(0.0236,0.00929624714457002,0.0598087626609425));
#2799=CARTESIAN_POINT('',(0.0236,0.00956939509804647,0.0609772617818286));
#2800=CARTESIAN_POINT('',(0.0236,0.00919777534898485,0.0621182695653723));
#2801=CARTESIAN_POINT('',(0.0236,0.0114355368947035,0.0628470957802969));
#2802=CARTESIAN_POINT('',(0.0236,0.0133658730695307,0.0634757952994763));
#2803=CARTESIAN_POINT('',(0.0236,0.0133658730695307,0.0634757952994763));
#2804=CARTESIAN_POINT('',(0.0236,0.0133658730695307,0.0634757952994763));
#2805=CARTESIAN_POINT('',(0.0236,0.0132679357172262,0.0635345115547381));
#2806=CARTESIAN_POINT('',(0.0236,0.0121719262278499,0.0641916007187126));
#2807=CARTESIAN_POINT('',(0.0236,0.0127889644457348,0.0652208061586854));
#2808=CARTESIAN_POINT('',(0.0236,0.0120648951711341,0.0661777406839164));
#2809=CARTESIAN_POINT('',(0.0236,0.014917290163763,0.0683360195616576));
#2810=CARTESIAN_POINT('',(0.0236,0.0158737889524039,0.0690597591339971));
#2811=CARTESIAN_POINT('',(0.0236,0.0158737889524039,0.0690597591339971));
#2812=CARTESIAN_POINT('',(0.0236,0.0158737889524039,0.0690597591339971));
#2813=CARTESIAN_POINT('',(0.0236,0.0153673438327838,0.0689979264066367));
#2814=CARTESIAN_POINT('',(0.0236,0.0123614158548177,0.0686309276580539));
#2815=CARTESIAN_POINT('',(0.0236,0.012215985766245,0.0698220825973199));
#2816=CARTESIAN_POINT('',(0.0236,0.011015985766245,0.0698220825973199));
#2817=CARTESIAN_POINT('',(0.0236,0.011015985766245,0.0740558295364678));
#2818=CARTESIAN_POINT('',(0.0236,0.011015985766245,0.0749621086077943));
#2819=CARTESIAN_POINT('',(0.0236,0.011015985766245,0.0749621086077943));
#2820=CARTESIAN_POINT('',(0.0236,0.011015985766245,0.0749621086077943));
#2821=CARTESIAN_POINT('',(0.0236,0.0108432086089439,0.0745722876925626));
#2822=CARTESIAN_POINT('',(0.0236,0.00944726022000725,0.0714227401071541));
#2823=CARTESIAN_POINT('',(0.0236,0.00835018915212836,0.0719089860038186));
#2824=CARTESIAN_POINT('',(0.0236,0.00732783404561993,0.0712806628097567));
#2825=CARTESIAN_POINT('',(0.0236,0.00640139832174061,0.0727880817656557));
#2826=CARTESIAN_POINT('',(0.0236,0.00633828317712286,0.0728907774659064));
#2827=CARTESIAN_POINT('',(0.0236,0.00633828317712286,0.0728907774659064));
#2828=CARTESIAN_POINT('',(0.0236,0.00633828317712286,0.0728907774659064));
#2829=CARTESIAN_POINT('',(0.0236,0.00623147196654812,0.0717082039211963));
#2830=CARTESIAN_POINT('',(0.0236,0.00597889284282405,0.0689117428750673));
#2831=CARTESIAN_POINT('',(0.0236,0.00478375782550627,0.0690196886502548));
#2832=CARTESIAN_POINT('',(0.0236,0.00399030385854892,0.0681194493474471));
#2833=CARTESIAN_POINT('',(0.0236,0.00326237983814836,0.0687610278697678));
#2834=CARTESIAN_POINT('',(0.0236,0.0032715344799221,0.0687529591409211));
#2835=CARTESIAN_POINT('',(0.0236,0.0032715344799221,0.0687529591409211));
#2836=CARTESIAN_POINT('',(0.0236,0.0032715344799221,0.0687529591409211));
#2837=CARTESIAN_POINT('',(0.0236,0.0032715344799221,0.0673296677766561));
#2838=CARTESIAN_POINT('',(0.0236,0.0032715344799221,0.0648531675199359));
#2839=CARTESIAN_POINT('',(0.0236,0.0020715344799221,0.0648531675199359));
#2840=CARTESIAN_POINT('',(0.0236,0.00203607060863368,0.063653691670311));
#2841=CARTESIAN_POINT('',(0.0236,0.00203607060863368,0.063653691670311));
#2842=CARTESIAN_POINT('',(0.0236,0.00203607060863368,0.063653691670311));
#2843=CARTESIAN_POINT('',(0.0236,0.0022880968063513,0.0618056796557904));
#2844=CARTESIAN_POINT('',(0.,0.,0.));
#2845=CARTESIAN_POINT('',(0.00261529909905336,0.0224817008047554,0.0556994413789933));
#2846=CARTESIAN_POINT('',(-0.00261529909905336,0.0224817008047554,0.0556994413789933));
#2847=CARTESIAN_POINT('',(-0.00522957969441934,0.0218967028432643,0.0556994413789933));
#2848=CARTESIAN_POINT('',(-0.0100622991012123,0.0196447026816352,0.0556994413789933));
#2849=CARTESIAN_POINT('',(-0.0122788379129827,0.0179785685650154,0.0556994413789933));
#2850=CARTESIAN_POINT('',(-0.0159780793563788,0.0138169219411789,0.0556994413789933));
#2851=CARTESIAN_POINT('',(-0.0174593146013872,0.0113230428635128,0.0556994413789933));
#2852=CARTESIAN_POINT('',(-0.0194615222759595,0.00588506632550128,0.0556994413789933));
#2853=CARTESIAN_POINT('',(-0.0199817008047554,0.00294311377271106,0.0556994413789933));
#2854=CARTESIAN_POINT('',(-0.0199817008047554,-0.00294311377271106,0.0556994413789933));
#2855=CARTESIAN_POINT('',(-0.0194615222759645,-0.00588506632550633,0.0556994413789933));
#2856=CARTESIAN_POINT('',(-0.0174593146013822,-0.0113230428635077,0.0556994413789933));
#2857=CARTESIAN_POINT('',(-0.0159780793563815,-0.0138169219411731,0.0556994413789933));
#2858=CARTESIAN_POINT('',(-0.0122788379129799,-0.0179785685650211,0.0556994413789933));
#2859=CARTESIAN_POINT('',(-0.0100622991012158,-0.0196447026816352,0.0556994413789933));
#2860=CARTESIAN_POINT('',(-0.00522957969441584,-0.0218967028432643,0.0556994413789933));
#2861=CARTESIAN_POINT('',(-0.00261529896700887,-0.0224817008047554,0.0556994413789933));
#2862=CARTESIAN_POINT('',(0.00261529896700886,-0.0224817008047554,0.0556994413789933));
#2863=CARTESIAN_POINT('',(0.00522957969442494,-0.0218967028432563,0.0556994413789933));
#2864=CARTESIAN_POINT('',(0.0100622991012067,-0.0196447026816432,0.0556994413789933));
#2865=CARTESIAN_POINT('',(0.0122788379129872,-0.0179785685650115,0.0556994413789933));
#2866=CARTESIAN_POINT('',(0.0159780793563743,-0.0138169219411828,0.0556994413789933));
#2867=CARTESIAN_POINT('',(0.0174593146013797,-0.0113230428635143,0.0556994413789933));
#2868=CARTESIAN_POINT('',(0.0194615222759669,-0.00588506632549974,0.0556994413789933));
#2869=CARTESIAN_POINT('',(0.0199817008047554,-0.00294311377269636,0.0556994413789933));
#2870=CARTESIAN_POINT('',(0.0199817008047554,0.00294311377269635,0.0556994413789933));
#2871=CARTESIAN_POINT('',(0.0194615222759618,0.00588506632549969,0.0556994413789933));
#2872=CARTESIAN_POINT('',(0.0174593146013849,0.0113230428635143,0.0556994413789933));
#2873=CARTESIAN_POINT('',(0.015978079356367,0.0138169219411924,0.0556994413789933));
#2874=CARTESIAN_POINT('',(0.0122788379129944,0.0179785685650019,0.0556994413789933));
#2875=CARTESIAN_POINT('',(0.0100622991012287,0.0196447026816294,0.0556994413789933));
#2876=CARTESIAN_POINT('',(0.00522957969440303,0.0218967028432701,0.0556994413789933));
#2877=CARTESIAN_POINT('',(0.00261529909905336,0.0224817008047554,0.0556994413789933));
#2878=CARTESIAN_POINT('',(-0.00261529909905336,0.0224817008047554,0.0556994413789933));
#2879=CARTESIAN_POINT('',(0.00261620519551515,0.0224878537532701,0.0556998173925108));
#2880=CARTESIAN_POINT('',(-0.00261620519551515,0.0224878537532701,0.0556998173925108));
#2881=CARTESIAN_POINT('',(-0.00523138803894959,0.0219026483747369,0.0556998173925108));
#2882=CARTESIAN_POINT('',(-0.0100656885452742,0.0196499114361302,0.0556998173925108));
#2883=CARTESIAN_POINT('',(-0.0122829052830399,0.0179832541876354,0.0556998173925108));
#2884=CARTESIAN_POINT('',(-0.0159832095284361,0.0138204119115495,0.0556998173925108));
#2885=CARTESIAN_POINT('',(-0.0174648334038799,0.0113258619359281,0.0556998173925108));
#2886=CARTESIAN_POINT('',(-0.0194675514931641,0.0058864991165323,0.0556998173925108));
#2887=CARTESIAN_POINT('',(-0.0199878537532701,0.00294382970074768,0.0556998173925108));
#2888=CARTESIAN_POINT('',(-0.0199878537532701,-0.00294382970074768,0.0556998173925108));
#2889=CARTESIAN_POINT('',(-0.0194675514931692,-0.00588649911653734,0.0556998173925108));
#2890=CARTESIAN_POINT('',(-0.0174648334038748,-0.0113258619359231,0.0556998173925108));
#2891=CARTESIAN_POINT('',(-0.0159832095284388,-0.0138204119115437,0.0556998173925108));
#2892=CARTESIAN_POINT('',(-0.0122829052830371,-0.0179832541876412,0.0556998173925108));
#2893=CARTESIAN_POINT('',(-0.0100656885452777,-0.0196499114361302,0.0556998173925108));
#2894=CARTESIAN_POINT('',(-0.00523138803894609,-0.0219026483747369,0.0556998173925108));
#2895=CARTESIAN_POINT('',(-0.00261620506342461,-0.0224878537532701,0.0556998173925108));
#2896=CARTESIAN_POINT('',(0.0026162050634246,-0.0224878537532701,0.0556998173925108));
#2897=CARTESIAN_POINT('',(0.0052313880389552,-0.0219026483747289,0.0556998173925108));
#2898=CARTESIAN_POINT('',(0.0100656885452686,-0.0196499114361382,0.0556998173925108));
#2899=CARTESIAN_POINT('',(0.0122829052830444,-0.0179832541876316,0.0556998173925108));
#2900=CARTESIAN_POINT('',(0.0159832095284316,-0.0138204119115534,0.0556998173925108));
#2901=CARTESIAN_POINT('',(0.0174648334038724,-0.0113258619359297,0.0556998173925108));
#2902=CARTESIAN_POINT('',(0.0194675514931715,-0.00588649911653074,0.0556998173925108));
#2903=CARTESIAN_POINT('',(0.0199878537532701,-0.00294382970073297,0.0556998173925108));
#2904=CARTESIAN_POINT('',(0.0199878537532701,0.00294382970073296,0.0556998173925108));
#2905=CARTESIAN_POINT('',(0.0194675514931664,0.0058864991165307,0.0556998173925108));
#2906=CARTESIAN_POINT('',(0.0174648334038775,0.0113258619359297,0.0556998173925108));
#2907=CARTESIAN_POINT('',(0.0159832095284243,0.013820411911563,0.0556998173925108));
#2908=CARTESIAN_POINT('',(0.0122829052830516,0.0179832541876219,0.0556998173925108));
#2909=CARTESIAN_POINT('',(0.0100656885452906,0.0196499114361243,0.0556998173925108));
#2910=CARTESIAN_POINT('',(0.00523138803893326,0.0219026483747428,0.0556998173925108));
#2911=CARTESIAN_POINT('',(0.00261620519551515,0.0224878537532701,0.0556998173925108));
#2912=CARTESIAN_POINT('',(-0.00261620519551515,0.0224878537532701,0.0556998173925108));
#2913=CARTESIAN_POINT('',(0.00261710383802878,0.0224939560849231,0.0557));
#2914=CARTESIAN_POINT('',(-0.00261710383802878,0.0224939560849231,0.0557));
#2915=CARTESIAN_POINT('',(-0.00523318150724209,0.0219085449956518,0.0557));
#2916=CARTESIAN_POINT('',(-0.010069050106278,0.0196550773411189,0.0557));
#2917=CARTESIAN_POINT('',(-0.0122869391931214,0.0179879012642622,0.0557));
#2918=CARTESIAN_POINT('',(-0.0159882974974408,0.0138238731718883,0.0557));
#2919=CARTESIAN_POINT('',(-0.0174703068062751,0.0113286578174134,0.0557));
#2920=CARTESIAN_POINT('',(-0.0194735311113753,0.0058879201207939,0.0557));
#2921=CARTESIAN_POINT('',(-0.0199939560849231,0.00294453973924528,0.0557));
#2922=CARTESIAN_POINT('',(-0.0199939560849231,-0.00294453973924527,0.0557));
#2923=CARTESIAN_POINT('',(-0.0194735311113803,-0.00588792012079892,0.0557));
#2924=CARTESIAN_POINT('',(-0.0174703068062701,-0.0113286578174084,0.0557));
#2925=CARTESIAN_POINT('',(-0.0159882974974436,-0.0138238731718825,0.0557));
#2926=CARTESIAN_POINT('',(-0.0122869391931186,-0.017987901264268,0.0557));
#2927=CARTESIAN_POINT('',(-0.0100690501062815,-0.0196550773411189,0.0557));
#2928=CARTESIAN_POINT('',(-0.00523318150723861,-0.0219085449956518,0.0557));
#2929=CARTESIAN_POINT('',(-0.00261710370589257,-0.0224939560849231,0.0557));
#2930=CARTESIAN_POINT('',(0.00261710370589257,-0.0224939560849231,0.0557));
#2931=CARTESIAN_POINT('',(0.00523318150724771,-0.0219085449956438,0.0557));
#2932=CARTESIAN_POINT('',(0.0100690501062724,-0.0196550773411269,0.0557));
#2933=CARTESIAN_POINT('',(0.0122869391931259,-0.0179879012642584,0.0557));
#2934=CARTESIAN_POINT('',(0.0159882974974363,-0.0138238731718922,0.0557));
#2935=CARTESIAN_POINT('',(0.0174703068062677,-0.011328657817415,0.0557));
#2936=CARTESIAN_POINT('',(0.0194735311113827,-0.00588792012079232,0.0557));
#2937=CARTESIAN_POINT('',(0.0199939560849231,-0.00294453973923057,0.0557));
#2938=CARTESIAN_POINT('',(0.0199939560849231,0.00294453973923055,0.0557));
#2939=CARTESIAN_POINT('',(0.0194735311113776,0.0058879201207923,0.0557));
#2940=CARTESIAN_POINT('',(0.0174703068062728,0.011328657817415,0.0557));
#2941=CARTESIAN_POINT('',(0.0159882974974291,0.0138238731719018,0.0557));
#2942=CARTESIAN_POINT('',(0.0122869391931331,0.0179879012642487,0.0557));
#2943=CARTESIAN_POINT('',(0.0100690501062944,0.019655077341113,0.0557));
#2944=CARTESIAN_POINT('',(0.00523318150722576,0.0219085449956576,0.0557));
#2945=CARTESIAN_POINT('',(0.00261710383802878,0.0224939560849231,0.0557));
#2946=CARTESIAN_POINT('',(-0.00261710383802878,0.0224939560849231,0.0557));
#2947=CARTESIAN_POINT('',(0.00261799387799149,0.0225,0.0557));
#2948=CARTESIAN_POINT('',(-0.00261799387799149,0.0225,0.0557));
#2949=CARTESIAN_POINT('',(-0.00523495780696972,0.0219143851692243,0.0557));
#2950=CARTESIAN_POINT('',(-0.0100723794876339,0.0196601937937836,0.0557));
#2951=CARTESIAN_POINT('',(-0.0122909344872724,0.0179925038552202,0.0557));
#2952=CARTESIAN_POINT('',(-0.0159933367601895,0.0138273012981745,0.0557));
#2953=CARTESIAN_POINT('',(-0.0174757278127263,0.011331426934404,0.0557));
#2954=CARTESIAN_POINT('',(-0.0194794534877251,0.00588932752202501,0.0557));
#2955=CARTESIAN_POINT('',(-0.02,0.00294524298066591,0.0557));
#2956=CARTESIAN_POINT('',(-0.02,-0.0029452429806659,0.0557));
#2957=CARTESIAN_POINT('',(-0.0194794534877302,-0.00588932752203002,0.0557));
#2958=CARTESIAN_POINT('',(-0.0174757278127213,-0.011331426934399,0.0557));
#2959=CARTESIAN_POINT('',(-0.0159933367601922,-0.0138273012981687,0.0557));
#2960=CARTESIAN_POINT('',(-0.0122909344872697,-0.017992503855226,0.0557));
#2961=CARTESIAN_POINT('',(-0.0100723794876373,-0.0196601937937836,0.0557));
#2962=CARTESIAN_POINT('',(-0.00523495780696624,-0.0219143851692243,0.0557));
#2963=CARTESIAN_POINT('',(-0.00261799374581006,-0.0225,0.0557));
#2964=CARTESIAN_POINT('',(0.00261799374581005,-0.0225,0.0557));
#2965=CARTESIAN_POINT('',(0.00523495780697534,-0.0219143851692163,0.0557));
#2966=CARTESIAN_POINT('',(0.0100723794876282,-0.0196601937937916,0.0557));
#2967=CARTESIAN_POINT('',(0.0122909344872769,-0.0179925038552163,0.0557));
#2968=CARTESIAN_POINT('',(0.015993336760185,-0.0138273012981784,0.0557));
#2969=CARTESIAN_POINT('',(0.017475727812719,-0.0113314269344057,0.0557));
#2970=CARTESIAN_POINT('',(0.0194794534877325,-0.00588932752202341,0.0557));
#2971=CARTESIAN_POINT('',(0.02,-0.00294524298065119,0.0557));
#2972=CARTESIAN_POINT('',(0.02,0.00294524298065118,0.0557));
#2973=CARTESIAN_POINT('',(0.0194794534877274,0.0058893275220234,0.0557));
#2974=CARTESIAN_POINT('',(0.017475727812724,0.0113314269344056,0.0557));
#2975=CARTESIAN_POINT('',(0.0159933367601778,0.013827301298188,0.0557));
#2976=CARTESIAN_POINT('',(0.0122909344872842,0.0179925038552066,0.0557));
#2977=CARTESIAN_POINT('',(0.0100723794876502,0.0196601937937778,0.0557));
#2978=CARTESIAN_POINT('',(0.00523495780695337,0.0219143851692301,0.0557));
#2979=CARTESIAN_POINT('',(0.00261799387799149,0.0225,0.0557));
#2980=CARTESIAN_POINT('',(-0.00261799387799149,0.0225,0.0557));
#2981=CARTESIAN_POINT('',(0.00270635117137371,0.0231,0.0556999999999999));
#2982=CARTESIAN_POINT('',(-0.00270635117137371,0.0231,0.0556999999999999));
#2983=CARTESIAN_POINT('',(-0.00541129712064445,0.0224941590573205,0.0556999999999999));
#2984=CARTESIAN_POINT('',(-0.0104028984952781,0.0201681214466028,0.0556999999999999));
#2985=CARTESIAN_POINT('',(-0.0126875609223054,0.0184494187091866,0.0556999999999999));
#2986=CARTESIAN_POINT('',(-0.0164936015075769,0.0141676230508039,0.0556999999999999));
#2987=CARTESIAN_POINT('',(-0.0180138895554614,0.0116063265935163,0.0556999999999999));
#2988=CARTESIAN_POINT('',(-0.0200673879250377,0.00602904502763473,0.0556999999999999));
#2989=CARTESIAN_POINT('',(-0.0206,0.0030150561476295,0.0556999999999999));
#2990=CARTESIAN_POINT('',(-0.0206,-0.00301505614762949,0.0556999999999999));
#2991=CARTESIAN_POINT('',(-0.0200673879250427,-0.0060290450276385,0.0556999999999999));
#2992=CARTESIAN_POINT('',(-0.0180138895554564,-0.0116063265935125,0.0556999999999999));
#2993=CARTESIAN_POINT('',(-0.0164936015075798,-0.014167623050798,0.0556999999999999));
#2994=CARTESIAN_POINT('',(-0.0126875609223025,-0.0184494187091925,0.0556999999999999));
#2995=CARTESIAN_POINT('',(-0.010402898495281,-0.0201681214466028,0.0556999999999999));
#2996=CARTESIAN_POINT('',(-0.00541129712064156,-0.0224941590573205,0.0556999999999999));
#2997=CARTESIAN_POINT('',(-0.00270635103470181,-0.0231,0.0556999999999999));
#2998=CARTESIAN_POINT('',(0.0027063510347018,-0.0231,0.0556999999999999));
#2999=CARTESIAN_POINT('',(0.00541129712065063,-0.0224941590573123,0.0556999999999999));
#3000=CARTESIAN_POINT('',(0.0104028984952719,-0.020168121446611,0.0556999999999999));
#3001=CARTESIAN_POINT('',(0.0126875609223098,-0.0184494187091829,0.0556999999999999));
#3002=CARTESIAN_POINT('',(0.0164936015075725,-0.0141676230508077,0.0556999999999999));
#3003=CARTESIAN_POINT('',(0.0180138895554567,-0.0116063265935199,0.0556999999999999));
#3004=CARTESIAN_POINT('',(0.0200673879250423,-0.00602904502763115,0.0556999999999999));
#3005=CARTESIAN_POINT('',(0.0206,-0.00301505614761444,0.0556999999999999));
#3006=CARTESIAN_POINT('',(0.0206,0.00301505614761443,0.0556999999999999));
#3007=CARTESIAN_POINT('',(0.0200673879250398,0.00602904502763239,0.0556999999999999));
#3008=CARTESIAN_POINT('',(0.0180138895554593,0.0116063265935187,0.0556999999999999));
#3009=CARTESIAN_POINT('',(0.0164936015075653,0.0141676230508197,0.0556999999999999));
#3010=CARTESIAN_POINT('',(0.012687560922317,0.0184494187091708,0.0556999999999999));
#3011=CARTESIAN_POINT('',(0.0104028984952956,0.0201681214465971,0.0556999999999999));
#3012=CARTESIAN_POINT('',(0.00541129712062692,0.0224941590573261,0.0556999999999999));
#3013=CARTESIAN_POINT('',(0.00270635117137371,0.0231,0.0556999999999999));
#3014=CARTESIAN_POINT('',(-0.00270635117137371,0.0231,0.0556999999999999));
#3015=CARTESIAN_POINT('',(0.00270635117137371,0.0231,0.0550999999999999));
#3016=CARTESIAN_POINT('',(-0.00270635117137371,0.0231,0.0550999999999999));
#3017=CARTESIAN_POINT('',(-0.00541129712064445,0.0224941590573205,0.0550999999999999));
#3018=CARTESIAN_POINT('',(-0.0104028984952781,0.0201681214466028,0.0550999999999999));
#3019=CARTESIAN_POINT('',(-0.0126875609223054,0.0184494187091866,0.0550999999999999));
#3020=CARTESIAN_POINT('',(-0.0164936015075769,0.0141676230508039,0.0550999999999999));
#3021=CARTESIAN_POINT('',(-0.0180138895554614,0.0116063265935163,0.0550999999999999));
#3022=CARTESIAN_POINT('',(-0.0200673879250377,0.00602904502763473,0.0550999999999999));
#3023=CARTESIAN_POINT('',(-0.0206,0.0030150561476295,0.0550999999999999));
#3024=CARTESIAN_POINT('',(-0.0206,-0.00301505614762949,0.0550999999999999));
#3025=CARTESIAN_POINT('',(-0.0200673879250427,-0.0060290450276385,0.0550999999999999));
#3026=CARTESIAN_POINT('',(-0.0180138895554564,-0.0116063265935125,0.0550999999999999));
#3027=CARTESIAN_POINT('',(-0.0164936015075798,-0.014167623050798,0.0550999999999999));
#3028=CARTESIAN_POINT('',(-0.0126875609223025,-0.0184494187091925,0.0550999999999999));
#3029=CARTESIAN_POINT('',(-0.010402898495281,-0.0201681214466028,0.0550999999999999));
#3030=CARTESIAN_POINT('',(-0.00541129712064156,-0.0224941590573205,0.0550999999999999));
#3031=CARTESIAN_POINT('',(-0.00270635103470181,-0.0231,0.0550999999999999));
#3032=CARTESIAN_POINT('',(0.0027063510347018,-0.0231,0.0550999999999999));
#3033=CARTESIAN_POINT('',(0.00541129712065063,-0.0224941590573123,0.0550999999999999));
#3034=CARTESIAN_POINT('',(0.0104028984952719,-0.020168121446611,0.0550999999999999));
#3035=CARTESIAN_POINT('',(0.0126875609223098,-0.0184494187091829,0.0550999999999999));
#3036=CARTESIAN_POINT('',(0.0164936015075725,-0.0141676230508077,0.0550999999999999));
#3037=CARTESIAN_POINT('',(0.0180138895554567,-0.0116063265935199,0.0550999999999999));
#3038=CARTESIAN_POINT('',(0.0200673879250423,-0.00602904502763115,0.0550999999999999));
#3039=CARTESIAN_POINT('',(0.0206,-0.00301505614761444,0.0550999999999999));
#3040=CARTESIAN_POINT('',(0.0206,0.00301505614761443,0.0550999999999999));
#3041=CARTESIAN_POINT('',(0.0200673879250398,0.00602904502763239,0.0550999999999999));
#3042=CARTESIAN_POINT('',(0.0180138895554593,0.0116063265935187,0.0550999999999999));
#3043=CARTESIAN_POINT('',(0.0164936015075653,0.0141676230508197,0.0550999999999999));
#3044=CARTESIAN_POINT('',(0.012687560922317,0.0184494187091708,0.0550999999999999));
#3045=CARTESIAN_POINT('',(0.0104028984952956,0.0201681214465971,0.0550999999999999));
#3046=CARTESIAN_POINT('',(0.00541129712062692,0.0224941590573261,0.0550999999999999));
#3047=CARTESIAN_POINT('',(0.00270635117137371,0.0231,0.0550999999999999));
#3048=CARTESIAN_POINT('',(-0.00270635117137371,0.0231,0.0550999999999999));
#3049=CARTESIAN_POINT('',(0.00261799387799149,0.0225,0.0551));
#3050=CARTESIAN_POINT('',(-0.00261799387799149,0.0225,0.0551));
#3051=CARTESIAN_POINT('',(-0.00523495780696972,0.0219143851692243,0.0551));
#3052=CARTESIAN_POINT('',(-0.0100723794876339,0.0196601937937836,0.0551));
#3053=CARTESIAN_POINT('',(-0.0122909344872724,0.0179925038552202,0.0551));
#3054=CARTESIAN_POINT('',(-0.0159933367601895,0.0138273012981745,0.0551));
#3055=CARTESIAN_POINT('',(-0.0174757278127263,0.011331426934404,0.0551));
#3056=CARTESIAN_POINT('',(-0.0194794534877251,0.00588932752202501,0.0551));
#3057=CARTESIAN_POINT('',(-0.02,0.00294524298066591,0.0551));
#3058=CARTESIAN_POINT('',(-0.02,-0.0029452429806659,0.0551));
#3059=CARTESIAN_POINT('',(-0.0194794534877302,-0.00588932752203002,0.0551));
#3060=CARTESIAN_POINT('',(-0.0174757278127213,-0.011331426934399,0.0551));
#3061=CARTESIAN_POINT('',(-0.0159933367601922,-0.0138273012981687,0.0551));
#3062=CARTESIAN_POINT('',(-0.0122909344872697,-0.017992503855226,0.0551));
#3063=CARTESIAN_POINT('',(-0.0100723794876373,-0.0196601937937836,0.0551));
#3064=CARTESIAN_POINT('',(-0.00523495780696624,-0.0219143851692243,0.0551));
#3065=CARTESIAN_POINT('',(-0.00261799374581006,-0.0225,0.0551));
#3066=CARTESIAN_POINT('',(0.00261799374581005,-0.0225,0.0551));
#3067=CARTESIAN_POINT('',(0.00523495780697534,-0.0219143851692163,0.0551));
#3068=CARTESIAN_POINT('',(0.0100723794876282,-0.0196601937937916,0.0551));
#3069=CARTESIAN_POINT('',(0.0122909344872769,-0.0179925038552163,0.0551));
#3070=CARTESIAN_POINT('',(0.015993336760185,-0.0138273012981784,0.0551));
#3071=CARTESIAN_POINT('',(0.017475727812719,-0.0113314269344057,0.0551));
#3072=CARTESIAN_POINT('',(0.0194794534877325,-0.00588932752202341,0.0551));
#3073=CARTESIAN_POINT('',(0.02,-0.00294524298065119,0.0551));
#3074=CARTESIAN_POINT('',(0.02,0.00294524298065118,0.0551));
#3075=CARTESIAN_POINT('',(0.0194794534877274,0.0058893275220234,0.0551));
#3076=CARTESIAN_POINT('',(0.017475727812724,0.0113314269344056,0.0551));
#3077=CARTESIAN_POINT('',(0.0159933367601778,0.013827301298188,0.0551));
#3078=CARTESIAN_POINT('',(0.0122909344872842,0.0179925038552066,0.0551));
#3079=CARTESIAN_POINT('',(0.0100723794876502,0.0196601937937778,0.0551));
#3080=CARTESIAN_POINT('',(0.00523495780695337,0.0219143851692301,0.0551));
#3081=CARTESIAN_POINT('',(0.00261799387799149,0.0225,0.0551));
#3082=CARTESIAN_POINT('',(-0.00261799387799149,0.0225,0.0551));
#3083=CARTESIAN_POINT('',(0.00261780551568357,0.0224987209048577,0.0551));
#3084=CARTESIAN_POINT('',(-0.00261780551568357,0.0224987209048577,0.0551));
#3085=CARTESIAN_POINT('',(-0.00523458188237052,0.0219131491926177,0.0551));
#3086=CARTESIAN_POINT('',(-0.010071674878872,0.0196591109807947,0.0551));
#3087=CARTESIAN_POINT('',(-0.0122900889490285,0.0179915297926032,0.0551));
#3088=CARTESIAN_POINT('',(-0.0159922702831757,0.0138265757916735,0.0551));
#3089=CARTESIAN_POINT('',(-0.0174745805459414,0.011330840896373,0.0551));
#3090=CARTESIAN_POINT('',(-0.0194782001142539,0.00588902966872047,0.0551));
#3091=CARTESIAN_POINT('',(-0.0199987209048577,0.00294509415119469,0.0551));
#3092=CARTESIAN_POINT('',(-0.0199987209048577,-0.00294509415119468,0.0551));
#3093=CARTESIAN_POINT('',(-0.0194782001142589,-0.00588902966872549,0.0551));
#3094=CARTESIAN_POINT('',(-0.0174745805459364,-0.011330840896368,0.0551));
#3095=CARTESIAN_POINT('',(-0.0159922702831785,-0.0138265757916677,0.0551));
#3096=CARTESIAN_POINT('',(-0.0122900889490257,-0.017991529792609,0.0551));
#3097=CARTESIAN_POINT('',(-0.0100716748788755,-0.0196591109807947,0.0551));
#3098=CARTESIAN_POINT('',(-0.00523458188236704,-0.0219131491926177,0.0551));
#3099=CARTESIAN_POINT('',(-0.0026178053835117,-0.0224987209048577,0.0551));
#3100=CARTESIAN_POINT('',(0.0026178053835117,-0.0224987209048577,0.0551));
#3101=CARTESIAN_POINT('',(0.00523458188237614,-0.0219131491926097,0.0551));
#3102=CARTESIAN_POINT('',(0.0100716748788664,-0.0196591109808027,0.0551));
#3103=CARTESIAN_POINT('',(0.012290088949033,-0.0179915297925994,0.0551));
#3104=CARTESIAN_POINT('',(0.0159922702831712,-0.0138265757916774,0.0551));
#3105=CARTESIAN_POINT('',(0.0174745805459341,-0.0113308408963747,0.0551));
#3106=CARTESIAN_POINT('',(0.0194782001142612,-0.00588902966871888,0.0551));
#3107=CARTESIAN_POINT('',(0.0199987209048577,-0.00294509415117997,0.0551));
#3108=CARTESIAN_POINT('',(0.0199987209048577,0.00294509415117996,0.0551));
#3109=CARTESIAN_POINT('',(0.0194782001142562,0.00588902966871886,0.0551));
#3110=CARTESIAN_POINT('',(0.0174745805459391,0.0113308408963746,0.0551));
#3111=CARTESIAN_POINT('',(0.015992270283164,0.013826575791687,0.0551));
#3112=CARTESIAN_POINT('',(0.0122900889490402,0.0179915297925897,0.0551));
#3113=CARTESIAN_POINT('',(0.0100716748788884,0.0196591109807888,0.0551));
#3114=CARTESIAN_POINT('',(0.00523458188235417,0.0219131491926236,0.0551));
#3115=CARTESIAN_POINT('',(0.00261780551568357,0.0224987209048577,0.0551));
#3116=CARTESIAN_POINT('',(-0.00261780551568357,0.0224987209048577,0.0551));
#3117=CARTESIAN_POINT('',(0.00261761715337565,0.0224974418097154,0.0551));
#3118=CARTESIAN_POINT('',(-0.00261761715337565,0.0224974418097154,0.0551));
#3119=CARTESIAN_POINT('',(-0.00523420595777131,0.0219119132160112,0.0551));
#3120=CARTESIAN_POINT('',(-0.0100709702701101,0.0196580281678057,0.0551));
#3121=CARTESIAN_POINT('',(-0.0122892434107845,0.0179905557299863,0.0551));
#3122=CARTESIAN_POINT('',(-0.015991203806162,0.0138258502851724,0.0551));
#3123=CARTESIAN_POINT('',(-0.0174734332791566,0.011330254858342,0.0551));
#3124=CARTESIAN_POINT('',(-0.0194769467407826,0.00588873181541593,0.0551));
#3125=CARTESIAN_POINT('',(-0.0199974418097154,0.00294494532172347,0.0551));
#3126=CARTESIAN_POINT('',(-0.0199974418097154,-0.00294494532172346,0.0551));
#3127=CARTESIAN_POINT('',(-0.0194769467407876,-0.00588873181542095,0.0551));
#3128=CARTESIAN_POINT('',(-0.0174734332791516,-0.011330254858337,0.0551));
#3129=CARTESIAN_POINT('',(-0.0159912038061647,-0.0138258502851666,0.0551));
#3130=CARTESIAN_POINT('',(-0.0122892434107818,-0.0179905557299921,0.0551));
#3131=CARTESIAN_POINT('',(-0.0100709702701136,-0.0196580281678057,0.0551));
#3132=CARTESIAN_POINT('',(-0.00523420595776783,-0.0219119132160112,0.0551));
#3133=CARTESIAN_POINT('',(-0.00261761702121335,-0.0224974418097154,0.0551));
#3134=CARTESIAN_POINT('',(0.00261761702121335,-0.0224974418097154,0.0551));
#3135=CARTESIAN_POINT('',(0.00523420595777693,-0.0219119132160032,0.0551));
#3136=CARTESIAN_POINT('',(0.0100709702701045,-0.0196580281678137,0.0551));
#3137=CARTESIAN_POINT('',(0.012289243410789,-0.0179905557299824,0.0551));
#3138=CARTESIAN_POINT('',(0.0159912038061575,-0.0138258502851763,0.0551));
#3139=CARTESIAN_POINT('',(0.0174734332791492,-0.0113302548583437,0.0551));
#3140=CARTESIAN_POINT('',(0.0194769467407899,-0.00588873181541434,0.0551));
#3141=CARTESIAN_POINT('',(0.0199974418097154,-0.00294494532170875,0.0551));
#3142=CARTESIAN_POINT('',(0.0199974418097154,0.00294494532170874,0.0551));
#3143=CARTESIAN_POINT('',(0.0194769467407849,0.00588873181541433,0.0551));
#3144=CARTESIAN_POINT('',(0.0174734332791543,0.0113302548583436,0.0551));
#3145=CARTESIAN_POINT('',(0.0159912038061502,0.013825850285186,0.0551));
#3146=CARTESIAN_POINT('',(0.0122892434107963,0.0179905557299727,0.0551));
#3147=CARTESIAN_POINT('',(0.0100709702701265,0.0196580281677999,0.0551));
#3148=CARTESIAN_POINT('',(0.00523420595775497,0.0219119132160171,0.0551));
#3149=CARTESIAN_POINT('',(0.00261761715337565,0.0224974418097154,0.0551));
#3150=CARTESIAN_POINT('',(-0.00261761715337565,0.0224974418097154,0.0551));
#3151=CARTESIAN_POINT('',(0.00261742879106772,0.022496162714573,0.0551));
#3152=CARTESIAN_POINT('',(-0.00261742879106772,0.022496162714573,0.0551));
#3153=CARTESIAN_POINT('',(-0.00523383003317211,0.0219106772394047,0.0551));
#3154=CARTESIAN_POINT('',(-0.0100702656613482,0.0196569453548168,0.0551));
#3155=CARTESIAN_POINT('',(-0.0122883978725406,0.0179895816673693,0.0551));
#3156=CARTESIAN_POINT('',(-0.0159901373291482,0.0138251247786714,0.0551));
#3157=CARTESIAN_POINT('',(-0.0174722860123717,0.0113296688203111,0.0551));
#3158=CARTESIAN_POINT('',(-0.0194756933673113,0.0058884339621114,0.0551));
#3159=CARTESIAN_POINT('',(-0.019996162714573,0.00294479649225224,0.0551));
#3160=CARTESIAN_POINT('',(-0.019996162714573,-0.00294479649225224,0.0551));
#3161=CARTESIAN_POINT('',(-0.0194756933673163,-0.00588843396211641,0.0551));
#3162=CARTESIAN_POINT('',(-0.0174722860123667,-0.011329668820306,0.0551));
#3163=CARTESIAN_POINT('',(-0.015990137329151,-0.0138251247786656,0.0551));
#3164=CARTESIAN_POINT('',(-0.0122883978725378,-0.0179895816673751,0.0551));
#3165=CARTESIAN_POINT('',(-0.0100702656613517,-0.0196569453548168,0.0551));
#3166=CARTESIAN_POINT('',(-0.00523383003316863,-0.0219106772394047,0.0551));
#3167=CARTESIAN_POINT('',(-0.002617428658915,-0.022496162714573,0.0551));
#3168=CARTESIAN_POINT('',(0.002617428658915,-0.022496162714573,0.0551));
#3169=CARTESIAN_POINT('',(0.00523383003317773,-0.0219106772393967,0.0551));
#3170=CARTESIAN_POINT('',(0.0100702656613426,-0.0196569453548248,0.0551));
#3171=CARTESIAN_POINT('',(0.0122883978725451,-0.0179895816673655,0.0551));
#3172=CARTESIAN_POINT('',(0.0159901373291437,-0.0138251247786753,0.0551));
#3173=CARTESIAN_POINT('',(0.0174722860123644,-0.0113296688203127,0.0551));
#3174=CARTESIAN_POINT('',(0.0194756933673187,-0.00588843396210981,0.0551));
#3175=CARTESIAN_POINT('',(0.019996162714573,-0.00294479649223753,0.0551));
#3176=CARTESIAN_POINT('',(0.019996162714573,0.00294479649223752,0.0551));
#3177=CARTESIAN_POINT('',(0.0194756933673136,0.00588843396210979,0.0551));
#3178=CARTESIAN_POINT('',(0.0174722860123694,0.0113296688203126,0.0551));
#3179=CARTESIAN_POINT('',(0.0159901373291365,0.0138251247786849,0.0551));
#3180=CARTESIAN_POINT('',(0.0122883978725523,0.0179895816673558,0.0551));
#3181=CARTESIAN_POINT('',(0.0100702656613646,0.0196569453548109,0.0551));
#3182=CARTESIAN_POINT('',(0.00523383003315577,0.0219106772394106,0.0551));
#3183=CARTESIAN_POINT('',(0.00261742879106772,0.022496162714573,0.0551));
#3184=CARTESIAN_POINT('',(-0.00261742879106772,0.022496162714573,0.0551));
#3185=CARTESIAN_POINT('',(-0.0184800768108286,-0.00860362173587377,0.0557000000000008));
#3186=CARTESIAN_POINT('',(-0.0177687852392135,-0.0105372597320137,0.0557000000000011));
#3187=CARTESIAN_POINT('',(-0.0158541208878711,-0.0142150296388503,0.0556999997497128));
#3188=CARTESIAN_POINT('',(-0.012291084741411,-0.0179955696287367,0.0556999947385908));
#3189=CARTESIAN_POINT('',(-0.008846310981675,-0.0202719047679452,0.0557000008678462));
#3190=CARTESIAN_POINT('',(-0.00514881210632718,-0.0219476195980761,0.0556999979384258));
#3191=CARTESIAN_POINT('',(-0.00101993861577547,-0.0226839887288792,0.0557000027441603));
#3192=CARTESIAN_POINT('',(0.00309830867990363,-0.022316108383142,0.055699995713113));
#3193=CARTESIAN_POINT('',(0.00703202654051882,-0.0212787817758982,0.0557000017646519));
#3194=CARTESIAN_POINT('',(0.0116125525497823,-0.0187257634257482,0.0556999950808961));
#3195=CARTESIAN_POINT('',(0.0158477600837357,-0.0142187509769652,0.0556999993568702));
#3196=CARTESIAN_POINT('',(0.0177706827822991,-0.0105321012828599,0.0557000000000003));
#3197=CARTESIAN_POINT('',(0.0184800768108361,-0.00860362173585315,0.0557));
#3198=CARTESIAN_POINT('',(-0.0184800768108285,-0.00860362173587377,0.0557000000000015));
#3199=CARTESIAN_POINT('',(0.0184800768108361,-0.00860362173585316,0.0557));
#3200=CARTESIAN_POINT('',(-0.0184800768108286,-0.00860362173587378,0.0557000000000007));
#3201=CARTESIAN_POINT('',(-0.019493455833608,-0.00584876246137373,0.0557000000000002));
#3202=CARTESIAN_POINT('',(-0.0202375923911498,-0.00145476177892526,0.0556994566814774));
#3203=CARTESIAN_POINT('',(-0.0197317281825308,0.0044079361008956,0.0556999654498282));
#3204=CARTESIAN_POINT('',(-0.0189869737443011,0.00722562822406185,0.0556999999999997));
#3205=CARTESIAN_POINT('',(-0.0184800768108363,0.00860362173585287,0.0557));
#3206=CARTESIAN_POINT('',(-0.0184800768108363,0.00860362173585287,0.0557));
#3207=CARTESIAN_POINT('',(0.0184800768108276,0.0086036217358763,0.0557000000000008));
#3208=CARTESIAN_POINT('',(0.0177687852392124,0.0105372597320161,0.0557000000000012));
#3209=CARTESIAN_POINT('',(0.0158541208878697,0.0142150296388523,0.0556999997497117));
#3210=CARTESIAN_POINT('',(0.0122910847414093,0.0179955696287381,0.0556999947385937));
#3211=CARTESIAN_POINT('',(0.00884631098167327,0.0202719047679462,0.0557000008678411));
#3212=CARTESIAN_POINT('',(0.00514881210632547,0.0219476195980766,0.0556999979384529));
#3213=CARTESIAN_POINT('',(0.00101993861577389,0.0226839887288792,0.0557000027441189));
#3214=CARTESIAN_POINT('',(-0.00309830867990495,0.0223161083831418,0.0556999957131787));
#3215=CARTESIAN_POINT('',(-0.0070320265405199,0.0212787817758977,0.0557000017646328));
#3216=CARTESIAN_POINT('',(-0.011612552549783,0.0187257634257476,0.0556999950809026));
#3217=CARTESIAN_POINT('',(-0.015847760083736,0.0142187509769647,0.0556999993568683));
#3218=CARTESIAN_POINT('',(-0.0177706827822992,0.0105321012828595,0.0557000000000003));
#3219=CARTESIAN_POINT('',(-0.0184800768108362,0.00860362173585288,0.0557));
#3220=CARTESIAN_POINT('',(0.0184800768108276,0.0086036217358763,0.0557000000000016));
#3221=CARTESIAN_POINT('',(0.0184800768108276,0.0086036217358763,0.0557000000000008));
#3222=CARTESIAN_POINT('',(0.0194934558336076,0.00584876246137589,0.0557000000000003));
#3223=CARTESIAN_POINT('',(0.0202375923911498,0.0014547617789267,0.0556994566814774));
#3224=CARTESIAN_POINT('',(0.0197317281825309,-0.00440793610089522,0.0556999654498281));
#3225=CARTESIAN_POINT('',(0.0189869737443011,-0.00722562822406191,0.0556999999999998));
#3226=CARTESIAN_POINT('',(0.0184800768108362,-0.00860362173585316,0.0557));
#3227=CARTESIAN_POINT('',(-0.0188561808316413,0.0075,0.0551000001211192));
#3228=CARTESIAN_POINT('',(-0.0182113714085852,0.00955177102027159,0.0550999993719049));
#3229=CARTESIAN_POINT('',(-0.0163785406509885,0.013486235586544,0.0551000032920353));
#3230=CARTESIAN_POINT('',(-0.0120731543971787,0.0183866159960336,0.0551000027499588));
#3231=CARTESIAN_POINT('',(-0.00644458709409325,0.0217062806192058,0.0550999998934571));
#3232=CARTESIAN_POINT('',(9.1688544169725E-7,0.0228967351553341,0.0551000000529172));
#3233=CARTESIAN_POINT('',(0.00644223925961526,0.021706778751294,0.0550999998948741));
#3234=CARTESIAN_POINT('',(0.0120720832957049,0.0183878496477614,0.0551000027521447));
#3235=CARTESIAN_POINT('',(0.0163788134816037,0.0134860663209747,0.0551000032914019));
#3236=CARTESIAN_POINT('',(0.0182115585456583,0.00955117555375132,0.0550999993721224));
#3237=CARTESIAN_POINT('',(0.0188561808316413,0.00750000000000002,0.0551000001211192));
#3238=CARTESIAN_POINT('',(-0.0188561808316412,0.0075,0.0551000001211192));
#3239=CARTESIAN_POINT('',(0.0188561808316412,0.0075,0.0551000001211192));
#3240=CARTESIAN_POINT('',(-0.0188561808316412,0.0075,0.0551000001211192));
#3241=CARTESIAN_POINT('',(-0.0190182980821173,0.0075,0.0551001391121075));
#3242=CARTESIAN_POINT('',(-0.0193219680320286,0.0075,0.055399151683108));
#3243=CARTESIAN_POINT('',(-0.0190183302614598,0.0075,0.0556998608603036));
#3244=CARTESIAN_POINT('',(-0.0188561808316413,0.0075,0.0556999998788808));
#3245=CARTESIAN_POINT('',(-0.0188561808316412,0.0075,0.0556999998788808));
#3246=CARTESIAN_POINT('',(-0.0188561808316413,0.00749999999999999,0.0556999998788808));
#3247=CARTESIAN_POINT('',(-0.0196128142980198,0.00509240705272964,0.0556999989997364));
#3248=CARTESIAN_POINT('',(-0.0203838192436024,-7.48945207225188E-6,0.055700001004175));
#3249=CARTESIAN_POINT('',(-0.0196195470096842,-0.00507098369539817,0.0556999989919135));
#3250=CARTESIAN_POINT('',(-0.0188561808316413,-0.0075,0.0556999998788808));
#3251=CARTESIAN_POINT('',(-0.0188561808316412,-0.0075,0.0556999998788808));
#3252=CARTESIAN_POINT('',(-0.0188561808316413,-0.0075,0.0556999998788808));
#3253=CARTESIAN_POINT('',(-0.019018298082118,-0.0075,0.0556998608878935));
#3254=CARTESIAN_POINT('',(-0.019321968032032,-0.00749999999999998,0.055400848316892));
#3255=CARTESIAN_POINT('',(-0.0190183302614605,-0.0075,0.0551001391396954));
#3256=CARTESIAN_POINT('',(-0.0188561808316413,-0.0075,0.0551000001211192));
#3257=CARTESIAN_POINT('',(-0.0188561808316412,-0.0075,0.0551000001211192));
#3258=CARTESIAN_POINT('',(0.0188561808316413,-0.0075,0.0551000001211192));
#3259=CARTESIAN_POINT('',(0.0182113714085852,-0.00955177102027159,0.0550999993719049));
#3260=CARTESIAN_POINT('',(0.0163785406509885,-0.013486235586544,0.0551000032920362));
#3261=CARTESIAN_POINT('',(0.0120731543971787,-0.0183866159960336,0.0551000027499558));
#3262=CARTESIAN_POINT('',(0.00644458709409328,-0.0217062806192058,0.0550999998934685));
#3263=CARTESIAN_POINT('',(-9.16885441684003E-7,-0.0228967351553341,0.0551000000529115));
#3264=CARTESIAN_POINT('',(-0.00644223925961526,-0.021706778751294,0.0550999998948856));
#3265=CARTESIAN_POINT('',(-0.0120720832957048,-0.0183878496477614,0.0551000027521416));
#3266=CARTESIAN_POINT('',(-0.0163788134816037,-0.0134860663209747,0.0551000032914028));
#3267=CARTESIAN_POINT('',(-0.0182115585456583,-0.00955117555375131,0.0550999993721224));
#3268=CARTESIAN_POINT('',(-0.0188561808316413,-0.0075,0.0551000001211192));
#3269=CARTESIAN_POINT('',(0.0188561808316412,-0.0075,0.0551000001211192));
#3270=CARTESIAN_POINT('',(0.0188561808316412,-0.0075,0.0551000001211192));
#3271=CARTESIAN_POINT('',(0.0190182980821178,-0.0075,0.0551001391121065));
#3272=CARTESIAN_POINT('',(0.0193219680320309,-0.0075,0.0553991516831079));
#3273=CARTESIAN_POINT('',(0.0190183302614603,-0.0075,0.0556998608603045));
#3274=CARTESIAN_POINT('',(0.0188561808316413,-0.0075,0.0556999998788808));
#3275=CARTESIAN_POINT('',(0.0188561808316412,-0.0075,0.0556999998788808));
#3276=CARTESIAN_POINT('',(0.0188561808316413,-0.0075,0.0556999998788808));
#3277=CARTESIAN_POINT('',(0.0196128142980198,-0.00509240705272965,0.0556999989997364));
#3278=CARTESIAN_POINT('',(0.0203838192436023,7.48945207228267E-6,0.055700001004175));
#3279=CARTESIAN_POINT('',(0.0196195470096842,0.00507098369539817,0.0556999989919135));
#3280=CARTESIAN_POINT('',(0.0188561808316413,0.00750000000000001,0.0556999998788808));
#3281=CARTESIAN_POINT('',(0.0188561808316412,0.0075,0.0556999998788808));
#3282=CARTESIAN_POINT('',(0.0188561808316412,0.0075,0.0551000001211192));
#3283=CARTESIAN_POINT('',(0.0190182980821174,0.0075,0.0551001391121073));
#3284=CARTESIAN_POINT('',(0.0193219680320285,0.00749999999999999,0.0553991516831082));
#3285=CARTESIAN_POINT('',(0.0190183302614609,0.0075,0.0556998608603033));
#3286=CARTESIAN_POINT('',(0.0188561808316422,0.0075,0.0556999998788808));
#3287=CARTESIAN_POINT('',(0.00785292474829991,0.021328467110596,0.0556999998788808));
#3288=CARTESIAN_POINT('',(0.00785292474829991,0.021328467110596,0.051));
#3289=CARTESIAN_POINT('',(-1.51788304147971E-18,0.023085766444702,0.0556999998788808));
#3290=CARTESIAN_POINT('',(-1.51788304147971E-18,0.023085766444702,0.051));
#3291=CARTESIAN_POINT('',(-0.00785292474829989,0.021328467110596,0.0556999998788808));
#3292=CARTESIAN_POINT('',(-0.00785292474829989,0.021328467110596,0.051));
#3293=CARTESIAN_POINT('',(-0.0145103128906112,0.0163241020019376,0.0556999998788808));
#3294=CARTESIAN_POINT('',(-0.0145103128906112,0.0163241020019376,0.051));
#3295=CARTESIAN_POINT('',(-0.0189586374316409,0.00883454034183736,0.0556999998788808));
#3296=CARTESIAN_POINT('',(-0.0189586374316409,0.00883454034183736,0.051));
#3297=CARTESIAN_POINT('',(-0.0205206812841795,8.36868551887249E-18,0.0556999998788808));
#3298=CARTESIAN_POINT('',(-0.0205206812841795,8.36868551887249E-18,0.051));
#3299=CARTESIAN_POINT('',(-0.0189586374316409,-0.00883454034183738,0.0556999998788808));
#3300=CARTESIAN_POINT('',(-0.0189586374316409,-0.00883454034183738,0.051));
#3301=CARTESIAN_POINT('',(-0.0145103128906112,-0.0163241020019377,0.0556999998788808));
#3302=CARTESIAN_POINT('',(-0.0145103128906112,-0.0163241020019377,0.051));
#3303=CARTESIAN_POINT('',(-0.00785292474829994,-0.021328467110596,0.0556999998788808));
#3304=CARTESIAN_POINT('',(-0.00785292474829994,-0.021328467110596,0.051));
#3305=CARTESIAN_POINT('',(2.34352708332686E-17,-0.023085766444702,0.0556999998788808));
#3306=CARTESIAN_POINT('',(2.34352708332686E-17,-0.023085766444702,0.051));
#3307=CARTESIAN_POINT('',(0.00785292474829983,-0.0213284671105961,0.0556999998788808));
#3308=CARTESIAN_POINT('',(0.00785292474829983,-0.0213284671105961,0.051));
#3309=CARTESIAN_POINT('',(0.0145103128906113,-0.0163241020019376,0.0556999998788808));
#3310=CARTESIAN_POINT('',(0.0145103128906113,-0.0163241020019376,0.051));
#3311=CARTESIAN_POINT('',(0.0189586374316409,-0.00883454034183744,0.0556999998788808));
#3312=CARTESIAN_POINT('',(0.0189586374316409,-0.00883454034183744,0.051));
#3313=CARTESIAN_POINT('',(0.0205206812841795,8.7251169830771E-17,0.0556999998788808));
#3314=CARTESIAN_POINT('',(0.0205206812841795,8.7251169830771E-17,0.051));
#3315=CARTESIAN_POINT('',(0.0189586374316409,0.00883454034183731,0.0556999998788808));
#3316=CARTESIAN_POINT('',(0.0189586374316409,0.00883454034183731,0.051));
#3317=CARTESIAN_POINT('',(0.0145103128906113,0.0163241020019376,0.0556999998788808));
#3318=CARTESIAN_POINT('',(0.0145103128906113,0.0163241020019376,0.051));
#3319=CARTESIAN_POINT('',(0.00785292474829991,0.021328467110596,0.0556999998788808));
#3320=CARTESIAN_POINT('',(0.00785292474829991,0.021328467110596,0.051));
#3321=CARTESIAN_POINT('',(-1.51788304147971E-18,0.023085766444702,0.0556999998788808));
#3322=CARTESIAN_POINT('',(-1.51788304147971E-18,0.023085766444702,0.051));
#3323=CARTESIAN_POINT('',(-0.00785292474829989,0.021328467110596,0.0556999998788808));
#3324=CARTESIAN_POINT('',(-0.00785292474829989,0.021328467110596,0.051));
#3325=CARTESIAN_POINT('',(0.,0.,0.051));
#3326=CARTESIAN_POINT('',(0.,0.0225,0.051));
#3327=CARTESIAN_POINT('',(0.0188561808316412,0.0075,0.076));
#3328=CARTESIAN_POINT('',(0.0188561808316412,-0.0075,0.076));
#3329=CARTESIAN_POINT('',(-0.0188561808316412,-0.0075,0.076));
#3330=CARTESIAN_POINT('',(-0.0188561808316412,0.0075,0.076));
#3331=CARTESIAN_POINT('',(0.,0.,0.051));
#3332=CARTESIAN_POINT('',(0.,0.,0.049));
#3333=CARTESIAN_POINT('',(-0.029,0.,0.049));
#3334=CARTESIAN_POINT('',(0.,0.,0.048));
#3335=CARTESIAN_POINT('',(-0.029,0.,0.048));
#3336=CARTESIAN_POINT('',(0.,0.,0.051));
#3337=CARTESIAN_POINT('',(0.,0.,0.051));
#3338=CARTESIAN_POINT('',(-0.027,0.,0.051));
#3339=CARTESIAN_POINT('',(0.,0.,0.048));
#3340=CARTESIAN_POINT('',(0.,-6.73555739531045E-19,0.048));
#3341=CARTESIAN_POINT('',(-0.001,-6.73555739531045E-19,0.048));
#3342=CARTESIAN_POINT('',(0.,0.,0.049));
#3343=CARTESIAN_POINT('',(0.,0.,0.071));
#3344=CARTESIAN_POINT('',(0.00216885316403748,0.01008744309822,0.071));
#3345=CARTESIAN_POINT('',(0.00148185849570758,0.0103525345018338,0.071));
#3346=CARTESIAN_POINT('',(3.19887526414441E-6,0.0106482031994101,0.071));
#3347=CARTESIAN_POINT('',(-0.00148568242997474,0.0103510589560269,0.071));
#3348=CARTESIAN_POINT('',(-0.00216885316403749,0.01008744309822,0.071));
#3349=CARTESIAN_POINT('',(0.00216885316403748,0.01008744309822,0.071));
#3350=CARTESIAN_POINT('',(-0.00216885316403749,0.01008744309822,0.071));
#3351=CARTESIAN_POINT('',(-0.00216885316403749,-0.00923800897262216,0.071));
#3352=CARTESIAN_POINT('',(-0.00216885316403749,-0.01008744309822,0.071));
#3353=CARTESIAN_POINT('',(-0.00216885316403749,-0.01008744309822,0.071));
#3354=CARTESIAN_POINT('',(-0.00147445406083234,-0.0103553916594283,0.071));
#3355=CARTESIAN_POINT('',(-4.71171271577725E-6,-0.0106450955117379,0.071));
#3356=CARTESIAN_POINT('',(0.00147698177286026,-0.0103544162883513,0.071));
#3357=CARTESIAN_POINT('',(0.002168853164036,-0.0100874430982206,0.071));
#3358=CARTESIAN_POINT('',(0.002168853164036,-0.0100874430982206,0.071));
#3359=CARTESIAN_POINT('',(0.00216885316403749,0.00923800897262266,0.071));
#3360=CARTESIAN_POINT('',(-0.00216885316403749,0.0488,0.069));
#3361=CARTESIAN_POINT('',(-0.00216885316403748,0.01008744309822,0.069));
#3362=CARTESIAN_POINT('',(-0.00408820032214963,0.01008744309822,0.069562233480546));
#3363=CARTESIAN_POINT('',(-0.00408820032214962,0.0488,0.069562233480546));
#3364=CARTESIAN_POINT('',(-0.00408820032214963,-0.01008744309822,0.069562233480546));
#3365=CARTESIAN_POINT('',(-0.00216885316403749,-0.01008744309822,0.069));
#3366=CARTESIAN_POINT('',(0.00216885316403749,0.0488,0.069));
#3367=CARTESIAN_POINT('',(0.00216885316403749,0.01008744309822,0.069));
#3368=CARTESIAN_POINT('',(0.00408820032214962,0.01008744309822,0.069562233480546));
#3369=CARTESIAN_POINT('',(0.00216885316403748,-0.0100874430982255,0.069));
#3370=CARTESIAN_POINT('',(0.00408820032214962,-0.0100874430982264,0.069562233480546));
#3371=CARTESIAN_POINT('',(0.00408820032214962,0.0488,0.069562233480546));
#3372=CARTESIAN_POINT('',(0.00361666791372348,-0.00931993124908959,0.071));
#3373=CARTESIAN_POINT('',(0.0103933052103299,-0.0192233239480712,0.071));
#3374=CARTESIAN_POINT('',(0.0103933052103299,-0.0192233239480713,0.059));
#3375=CARTESIAN_POINT('',(0.00335250596909465,-0.00950069048551763,0.071));
#3376=CARTESIAN_POINT('',(0.00971877072688938,-0.0196848905820188,0.071));
#3377=CARTESIAN_POINT('',(0.00971877072244747,-0.0196848905755262,0.059));
#3378=CARTESIAN_POINT('',(0.00280294492663757,-0.00982931772244293,0.071));
#3379=CARTESIAN_POINT('',(0.00827508846520072,-0.0205524327761297,0.071));
#3380=CARTESIAN_POINT('',(0.00827508846726152,-0.020552432779144,0.059));
#3381=CARTESIAN_POINT('',(0.00190239627840789,-0.0102093418244206,0.071));
#3382=CARTESIAN_POINT('',(0.00575135565594518,-0.0216239544824871,0.071));
#3383=CARTESIAN_POINT('',(0.00575135565539528,-0.021623954481676,0.059));
#3384=CARTESIAN_POINT('',(0.000973726514822611,-0.010444447628627,0.071));
#3385=CARTESIAN_POINT('',(0.00299508817330147,-0.02232764584348,0.071));
#3386=CARTESIAN_POINT('',(0.00299508817344028,-0.0223276458437098,0.059));
#3387=CARTESIAN_POINT('',(-4.27248114715758E-6,-0.0105276247176291,0.071));
#3388=CARTESIAN_POINT('',(-1.30984388249997E-5,-0.0225857157506359,0.071));
#3389=CARTESIAN_POINT('',(-1.30984388303263E-5,-0.0225857157505278,0.059));
#3390=CARTESIAN_POINT('',(-0.000967413427391863,-0.0104450518257573,0.071));
#3391=CARTESIAN_POINT('',(-0.00297585391625038,-0.0223294859998247,0.071));
#3392=CARTESIAN_POINT('',(-0.00297585391636788,-0.0223294860000275,0.059));
#3393=CARTESIAN_POINT('',(-0.00190199755307598,-0.0102097937719312,0.071));
#3394=CARTESIAN_POINT('',(-0.00575038517165183,-0.0216252658540564,0.071));
#3395=CARTESIAN_POINT('',(-0.0057503851711765,-0.0216252658533535,0.059));
#3396=CARTESIAN_POINT('',(-0.00280028427697427,-0.00983044770824543,0.071));
#3397=CARTESIAN_POINT('',(-0.00826768976092368,-0.020555573895044,0.071));
#3398=CARTESIAN_POINT('',(-0.0082676897627075,-0.0205555738976526,0.059));
#3399=CARTESIAN_POINT('',(-0.00335068150914467,-0.00950195689578731,0.071));
#3400=CARTESIAN_POINT('',(-0.00971412726535523,-0.0196881138921382,0.071));
#3401=CARTESIAN_POINT('',(-0.00971412726150987,-0.01968811388652,0.059));
#3402=CARTESIAN_POINT('',(-0.00361696124106718,-0.00931973052281282,0.071));
#3403=CARTESIAN_POINT('',(-0.0103940542099102,-0.0192228114015928,0.071));
#3404=CARTESIAN_POINT('',(-0.0103940542099102,-0.0192228114015928,0.059));
#3405=CARTESIAN_POINT('',(-0.00216885316403749,-0.01008744309822,0.071));
#3406=CARTESIAN_POINT('',(-0.00221946672094407,-0.0109720966392274,0.071));
#3407=CARTESIAN_POINT('',(-0.00233248880523533,-0.0127131593438979,0.0708234623023187));
#3408=CARTESIAN_POINT('',(-0.00273063937276284,-0.016068321643184,0.0697171854868051));
#3409=CARTESIAN_POINT('',(-0.00354937039753418,-0.0188264501681538,0.0675213852680702));
#3410=CARTESIAN_POINT('',(-0.00512194972212419,-0.0203518847659934,0.0647002333333733));
#3411=CARTESIAN_POINT('',(-0.00665991261825828,-0.0207372980338628,0.0625413711733388));
#3412=CARTESIAN_POINT('',(-0.00844023745219409,-0.0203705807755349,0.0605761826024853));
#3413=CARTESIAN_POINT('',(-0.0096813144238063,-0.0197047831684225,0.0594871861254215));
#3414=CARTESIAN_POINT('',(-0.0102969966730138,-0.0192888085349994,0.0590000000000103));
#3415=CARTESIAN_POINT('',(-0.0102969966730139,-0.0192888085349994,0.059));
#3416=CARTESIAN_POINT('',(0.010296996673027,-0.0192888085349904,0.059));
#3417=CARTESIAN_POINT('',(0.00879249790460563,-0.0203052960567389,0.059));
#3418=CARTESIAN_POINT('',(0.00628650799220412,-0.0215275269194167,0.059));
#3419=CARTESIAN_POINT('',(0.00275789040382458,-0.0223560675159474,0.059));
#3420=CARTESIAN_POINT('',(-0.000937085439429819,-0.0226424697545876,0.059));
#3421=CARTESIAN_POINT('',(-0.00454024786494687,-0.0220784307257782,0.059));
#3422=CARTESIAN_POINT('',(-0.00796658930186537,-0.0207121125536705,0.059));
#3423=CARTESIAN_POINT('',(-0.00953914262668297,-0.019800838984987,0.059));
#3424=CARTESIAN_POINT('',(-0.0102969966730139,-0.0192888085349993,0.059));
#3425=CARTESIAN_POINT('',(0.010296996673027,-0.0192888085349904,0.059));
#3426=CARTESIAN_POINT('',(0.010296996673027,-0.0192888085349904,0.059));
#3427=CARTESIAN_POINT('',(0.00968281350718467,-0.0197037703397128,0.0594859999086285));
#3428=CARTESIAN_POINT('',(0.00845490152645461,-0.0203632663633084,0.0605629299756588));
#3429=CARTESIAN_POINT('',(0.00667996365391627,-0.0207367025238599,0.0625168741661712));
#3430=CARTESIAN_POINT('',(0.00514215228652127,-0.0203619198366678,0.0646686573729319));
#3431=CARTESIAN_POINT('',(0.00356261762398708,-0.0188565120294184,0.0674904274310387));
#3432=CARTESIAN_POINT('',(0.00252428219396348,-0.0153769854661646,0.0702703957327777));
#3433=CARTESIAN_POINT('',(0.00227011876636171,-0.0118574229050861,0.0709999999999991));
#3434=CARTESIAN_POINT('',(0.00216885316403785,-0.0100874430982264,0.071));
#3435=CARTESIAN_POINT('',(-0.00361695774002462,0.00931973291872145,0.071));
#3436=CARTESIAN_POINT('',(-0.010394045270238,0.0192228175193813,0.071));
#3437=CARTESIAN_POINT('',(-0.010394045270238,0.0192228175193813,0.059));
#3438=CARTESIAN_POINT('',(-0.00308479618503702,0.00968391293273161,0.071));
#3439=CARTESIAN_POINT('',(-0.00903520705183279,0.0201527263460796,0.071));
#3440=CARTESIAN_POINT('',(-0.00903520704071868,0.0201527263298381,0.059));
#3441=CARTESIAN_POINT('',(-0.00222194052706993,0.0101290729102892,0.071));
#3442=CARTESIAN_POINT('',(-0.00670093227226985,0.0213829900119869,0.071));
#3443=CARTESIAN_POINT('',(-0.00670093227475835,0.0213829900156745,0.059));
#3444=CARTESIAN_POINT('',(-0.00095797814548929,0.0104470307832465,0.071));
#3445=CARTESIAN_POINT('',(-0.00294730348220258,0.0223355890478075,0.071));
#3446=CARTESIAN_POINT('',(-0.00294730348175979,0.0223355890470752,0.059));
#3447=CARTESIAN_POINT('',(-3.4780995449306E-6,0.0105267137779259,0.071));
#3448=CARTESIAN_POINT('',(-1.06017311474303E-5,0.0225828852143077,0.071));
#3449=CARTESIAN_POINT('',(-1.06017311629319E-5,0.0225828852146542,0.059));
#3450=CARTESIAN_POINT('',(0.00096473898889972,0.0104461133673853,0.071));
#3451=CARTESIAN_POINT('',(0.00296770562309089,0.0223328678252249,0.071));
#3452=CARTESIAN_POINT('',(0.0029677056227101,0.0223328678245714,0.059));
#3453=CARTESIAN_POINT('',(0.00221653666670544,0.0101303320697587,0.071));
#3454=CARTESIAN_POINT('',(0.00668504589357033,0.0213864989130358,0.071));
#3455=CARTESIAN_POINT('',(0.00668504589574879,0.0213864989162772,0.059));
#3456=CARTESIAN_POINT('',(0.00308837949929026,0.00968142593501412,0.071));
#3457=CARTESIAN_POINT('',(0.00904432724230146,0.0201463961928223,0.071));
#3458=CARTESIAN_POINT('',(0.00904432723255155,0.0201463961785756,0.059));
#3459=CARTESIAN_POINT('',(0.00361667191509332,0.00931992851105313,0.071));
#3460=CARTESIAN_POINT('',(0.0103933154277802,0.0192233169565277,0.071));
#3461=CARTESIAN_POINT('',(0.0103933154277802,0.0192233169565277,0.059));
#3462=CARTESIAN_POINT('',(-0.010296996673027,0.0192888085349904,0.059));
#3463=CARTESIAN_POINT('',(-0.00878476031661367,0.0203105238188397,0.059));
#3464=CARTESIAN_POINT('',(-0.00549570846678049,0.0219230249092076,0.059));
#3465=CARTESIAN_POINT('',(4.10651805646675E-6,0.0227872422266756,0.059));
#3466=CARTESIAN_POINT('',(0.00548302120550454,0.0219280061185649,0.059));
#3467=CARTESIAN_POINT('',(0.0087958979873917,0.0203029988519817,0.059));
#3468=CARTESIAN_POINT('',(0.0102969966730117,0.0192888085350008,0.059));
#3469=CARTESIAN_POINT('',(-0.010296996673027,0.0192888085349904,0.059));
#3470=CARTESIAN_POINT('',(0.0102969966730116,0.0192888085350009,0.059));
#3471=CARTESIAN_POINT('',(-0.010296996673027,0.0192888085349904,0.059));
#3472=CARTESIAN_POINT('',(-0.00968281350718466,0.0197037703397128,0.0594859999086286));
#3473=CARTESIAN_POINT('',(-0.00845490152645457,0.0203632663633084,0.0605629299756589));
#3474=CARTESIAN_POINT('',(-0.00667996365391618,0.0207367025238599,0.0625168741661712));
#3475=CARTESIAN_POINT('',(-0.00514215228652117,0.0203619198366679,0.0646686573729321));
#3476=CARTESIAN_POINT('',(-0.00356261762398696,0.0188565120294179,0.0674904274310389));
#3477=CARTESIAN_POINT('',(-0.0025242821939636,0.015376985466167,0.0702703957327775));
#3478=CARTESIAN_POINT('',(-0.00227011876636128,0.0118574229050798,0.071));
#3479=CARTESIAN_POINT('',(-0.00216885316403748,0.01008744309822,0.071));
#3480=CARTESIAN_POINT('',(0.00216885316403748,0.01008744309822,0.071));
#3481=CARTESIAN_POINT('',(0.00221946672094406,0.0109720966392273,0.071));
#3482=CARTESIAN_POINT('',(0.00233248880523531,0.0127131593438976,0.0708234623023187));
#3483=CARTESIAN_POINT('',(0.00273063937276275,0.0160683216431835,0.0697171854868053));
#3484=CARTESIAN_POINT('',(0.00354937039753387,0.0188264501681531,0.067521385268071));
#3485=CARTESIAN_POINT('',(0.00512194972212353,0.020351884765993,0.0647002333333743));
#3486=CARTESIAN_POINT('',(0.00665991261825716,0.0207372980338628,0.0625413711733402));
#3487=CARTESIAN_POINT('',(0.00844023745219311,0.0203705807755352,0.0605761826024862));
#3488=CARTESIAN_POINT('',(0.00968131442380417,0.0197047831684238,0.0594871861254235));
#3489=CARTESIAN_POINT('',(0.0102969966730116,0.0192888085350009,0.0590000000000122));
#3490=CARTESIAN_POINT('',(-0.010360728977269,0.01763159702698,0.0606123183610662));
#3491=CARTESIAN_POINT('',(-0.0109073287170805,0.0188764486714097,0.0602111291488236));
#3492=CARTESIAN_POINT('',(-0.0102969966730271,0.0192888085349904,0.059));
#3493=CARTESIAN_POINT('',(-0.00988574363080783,0.0179901650125349,0.0609609445734372));
#3494=CARTESIAN_POINT('',(-0.0103416051429008,0.0192341917109018,0.0605975994319065));
#3495=CARTESIAN_POINT('',(-0.00970627339066383,0.0196879200915645,0.0594674362252606));
#3496=CARTESIAN_POINT('',(-0.00893386833921306,0.0185718608926148,0.0617346133964972));
#3497=CARTESIAN_POINT('',(-0.00921122309790164,0.0198117283094508,0.0614655129406068));
#3498=CARTESIAN_POINT('',(-0.00851794927438911,0.0203337766445922,0.0605047673915788));
#3499=CARTESIAN_POINT('',(-0.00754126574075943,0.018949157381596,0.0631567347539961));
#3500=CARTESIAN_POINT('',(-0.00756263437731893,0.0201583473853822,0.0631115949923858));
#3501=CARTESIAN_POINT('',(-0.00676678609567734,0.020732555901302,0.0624115403672981));
#3502=CARTESIAN_POINT('',(-0.00631724304100016,0.0187022164703746,0.0647516271897413));
#3503=CARTESIAN_POINT('',(-0.00613788052383754,0.0198376415570141,0.0649919578131787));
#3504=CARTESIAN_POINT('',(-0.00521718281754608,0.0204029462197202,0.0645499639138052));
#3505=CARTESIAN_POINT('',(-0.00504737891547722,0.01750132368692,0.0668819806598239));
#3506=CARTESIAN_POINT('',(-0.00469261765060938,0.0184620397012575,0.0675529124709651));
#3507=CARTESIAN_POINT('',(-0.00359751350702124,0.0189375087450206,0.0674063308510393));
#3508=CARTESIAN_POINT('',(-0.00422810526714825,0.0145768981811654,0.0690151557241037));
#3509=CARTESIAN_POINT('',(-0.00382116930336656,0.0151412367398801,0.0702078588030449));
#3510=CARTESIAN_POINT('',(-0.00252446410917376,0.0154248482435184,0.0702664809694189));
#3511=CARTESIAN_POINT('',(-0.0040882003213792,0.0115879492992224,0.0695622334831761));
#3512=CARTESIAN_POINT('',(-0.00368874334066363,0.0117602646154414,0.0709258958177423));
#3513=CARTESIAN_POINT('',(-0.00226964587670527,0.0118491575440944,0.071));
#3514=CARTESIAN_POINT('',(-0.00408820032214963,0.01008744309822,0.069562233480546));
#3515=CARTESIAN_POINT('',(-0.00366703603666403,0.01008744309822,0.071));
#3516=CARTESIAN_POINT('',(-0.00216885316403749,0.01008744309822,0.071));
#3517=CARTESIAN_POINT('',(-0.00917733153660551,0.01763159702698,0.059));
#3518=CARTESIAN_POINT('',(-0.010360728977269,0.01763159702698,0.0606123183610662));
#3519=CARTESIAN_POINT('',(-0.00408820032214963,0.01008744309822,0.069562233480546));
#3520=CARTESIAN_POINT('',(-0.00408820032214963,0.0114953238025649,0.069562233480546));
#3521=CARTESIAN_POINT('',(-0.00418119536667391,0.013600960269386,0.0692040027686991));
#3522=CARTESIAN_POINT('',(-0.00464507142338742,0.0160735768765284,0.0679210064459606));
#3523=CARTESIAN_POINT('',(-0.00524486804322586,0.0176088426459984,0.0665822583238916));
#3524=CARTESIAN_POINT('',(-0.00617415552002728,0.0186314696080483,0.0649618533931183));
#3525=CARTESIAN_POINT('',(-0.00743250699460317,0.0189656028791521,0.0632759209964263));
#3526=CARTESIAN_POINT('',(-0.00889553170399864,0.0185962296847057,0.0617650994345468));
#3527=CARTESIAN_POINT('',(-0.00987549697929391,0.0179979002422102,0.0609684653345163));
#3528=CARTESIAN_POINT('',(-0.010360728977269,0.01763159702698,0.0606123183610662));
#3529=CARTESIAN_POINT('',(-0.0204468723386526,0.0488,0.0743541717529297));
#3530=CARTESIAN_POINT('',(-0.010360728977269,0.01763159702698,0.0606123183610662));
#3531=CARTESIAN_POINT('',(-0.0109554624380437,0.0171826308009359,0.0601758003182572));
#3532=CARTESIAN_POINT('',(-0.0121143981753259,0.0161772697254283,0.0594416505367558));
#3533=CARTESIAN_POINT('',(-0.014277060902679,0.0137056173469516,0.0583947583284546));
#3534=CARTESIAN_POINT('',(-0.0164073374147265,0.0100189657369886,0.0577527977899166));
#3535=CARTESIAN_POINT('',(-0.0179198044063375,0.0051290439118699,0.0574879902164411));
#3536=CARTESIAN_POINT('',(-0.0184245251310571,1.72523357605934E-6,0.0574301548409066));
#3537=CARTESIAN_POINT('',(-0.0179237470112893,-0.00510944545234885,0.0574874852520106));
#3538=CARTESIAN_POINT('',(-0.0164065242856057,-0.0100265511663882,0.0577524238790841));
#3539=CARTESIAN_POINT('',(-0.0142675780188785,-0.0137180339811854,0.058398601488027));
#3540=CARTESIAN_POINT('',(-0.012111859573116,-0.0161792743299775,0.0594433363102598));
#3541=CARTESIAN_POINT('',(-0.0109548959510096,-0.0171830584438432,0.0601762161041969));
#3542=CARTESIAN_POINT('',(-0.0103607289772577,-0.0176315970269885,0.0606123183610744));
#3543=CARTESIAN_POINT('',(-0.0103607289772577,-0.0176315970269885,0.0606123183610744));
#3544=CARTESIAN_POINT('',(-0.0103607289772577,-0.0176315970269885,0.0606123183610744));
#3545=CARTESIAN_POINT('',(-0.00987390633846145,-0.0179991010221528,0.0609696328212463));
#3546=CARTESIAN_POINT('',(-0.00888033744709267,-0.0186041260828719,0.0617782862116138));
#3547=CARTESIAN_POINT('',(-0.00741917170474443,-0.018965940950794,0.0632915551384816));
#3548=CARTESIAN_POINT('',(-0.00615881217599094,-0.0186230754477926,0.0649847958653331));
#3549=CARTESIAN_POINT('',(-0.00523379083071897,-0.0175884084198127,0.0666047789499273));
#3550=CARTESIAN_POINT('',(-0.00464142281466934,-0.0160570060851874,0.0679308145440549));
#3551=CARTESIAN_POINT('',(-0.00418123640719292,-0.0135951110266156,0.0692043733633761));
#3552=CARTESIAN_POINT('',(-0.00408820032214962,-0.0114945358985862,0.069562233480546));
#3553=CARTESIAN_POINT('',(-0.00408820032214962,-0.01008744309822,0.069562233480546));
#3554=CARTESIAN_POINT('',(-0.00408820032214963,-0.01008744309822,0.069562233480546));
#3555=CARTESIAN_POINT('',(-0.00366703603666403,-0.01008744309822,0.071));
#3556=CARTESIAN_POINT('',(-0.00216885316403749,-0.01008744309822,0.071));
#3557=CARTESIAN_POINT('',(-0.00408820032186228,-0.0108373194533925,0.0695622334815269));
#3558=CARTESIAN_POINT('',(-0.00367798571656353,-0.0109312540121306,0.0709626200896786));
#3559=CARTESIAN_POINT('',(-0.00221922421349142,-0.0109678579920301,0.071));
#3560=CARTESIAN_POINT('',(-0.00412556436369896,-0.0123128756533688,0.069431133002132));
#3561=CARTESIAN_POINT('',(-0.0037260664488385,-0.0126036269139872,0.0707524622984223));
#3562=CARTESIAN_POINT('',(-0.00233266882621406,-0.0127196781166995,0.0708242211557717));
#3563=CARTESIAN_POINT('',(-0.00438904479393897,-0.0151571948918555,0.0685905849588721));
#3564=CARTESIAN_POINT('',(-0.00399606353388694,-0.0158101853266363,0.0696659418593553));
#3565=CARTESIAN_POINT('',(-0.00273714861729303,-0.016119972666181,0.0696972186766569));
#3566=CARTESIAN_POINT('',(-0.00503656071296606,-0.0174751818339102,0.0669068393825066));
#3567=CARTESIAN_POINT('',(-0.00468090183229639,-0.0184339124450287,0.067583208351885));
#3568=CARTESIAN_POINT('',(-0.00358321817761471,-0.0189063286410175,0.0674396612983658));
#3569=CARTESIAN_POINT('',(-0.0063002080265209,-0.0186944114770699,0.0647763361160421));
#3570=CARTESIAN_POINT('',(-0.00611819370861969,-0.0198281284861461,0.0650213884695171));
#3571=CARTESIAN_POINT('',(-0.0051956134688235,-0.0203931296817303,0.0645830935146291));
#3572=CARTESIAN_POINT('',(-0.00752526560502772,-0.018950498834642,0.0631748983367753));
#3573=CARTESIAN_POINT('',(-0.00754384601548311,-0.0201592134600884,0.0631327376009084));
#3574=CARTESIAN_POINT('',(-0.00674658521625452,-0.0207336608115737,0.0624358940052919));
#3575=CARTESIAN_POINT('',(-0.00892175226177737,-0.0185786941872203,0.0617448055823019));
#3576=CARTESIAN_POINT('',(-0.00919696846535594,-0.019818410479592,0.0614769042189101));
#3577=CARTESIAN_POINT('',(-0.00850280811797867,-0.0203413491089581,0.0605184330219383));
#3578=CARTESIAN_POINT('',(-0.00988445703606405,-0.017991136268274,0.0609618888986801));
#3579=CARTESIAN_POINT('',(-0.0103400894598839,-0.0192351501754163,0.0605986348599682));
#3580=CARTESIAN_POINT('',(-0.00970467329417975,-0.0196890011679616,0.0594687023711549));
#3581=CARTESIAN_POINT('',(-0.0103607289772579,-0.0176315970269884,0.0606123183610743));
#3582=CARTESIAN_POINT('',(-0.0109073287170672,-0.0188764486714181,0.0602111291488327));
#3583=CARTESIAN_POINT('',(-0.0102969966730133,-0.0192888085349997,0.0590000000000109));
#3584=CARTESIAN_POINT('',(-0.00917733153659291,-0.0176315970269885,0.0590000000000093));
#3585=CARTESIAN_POINT('',(0.010360728977269,-0.01763159702698,0.0606123183610662));
#3586=CARTESIAN_POINT('',(0.0109073287170805,-0.0188764486714097,0.0602111291488236));
#3587=CARTESIAN_POINT('',(0.010296996673027,-0.0192888085349905,0.059));
#3588=CARTESIAN_POINT('',(0.00988574363079796,-0.0179901650124972,0.0609609445734445));
#3589=CARTESIAN_POINT('',(0.0103416051428918,-0.0192341917108679,0.0605975994319013));
#3590=CARTESIAN_POINT('',(0.0097062733906797,-0.0196879200915539,0.0594674362252812));
#3591=CARTESIAN_POINT('',(0.00893386833921812,-0.0185718608926339,0.0617346133964935));
#3592=CARTESIAN_POINT('',(0.00921122309790592,-0.0198117283094678,0.0614655129406091));
#3593=CARTESIAN_POINT('',(0.00851794927438262,-0.0203337766445989,0.0605047673915687));
#3594=CARTESIAN_POINT('',(0.007541265740759,-0.0189491573815848,0.0631567347539961));
#3595=CARTESIAN_POINT('',(0.00756263437731919,-0.020158347385372,0.0631115949923836));
#3596=CARTESIAN_POINT('',(0.00676678609567985,-0.0207325559012931,0.0624115403672994));
#3597=CARTESIAN_POINT('',(0.00631724304100152,-0.0187022164704002,0.0647516271897396));
#3598=CARTESIAN_POINT('',(0.00613788052383857,-0.0198376415570382,0.0649919578131779));
#3599=CARTESIAN_POINT('',(0.00521718281754845,-0.0204029462197491,0.0645499639138026));
#3600=CARTESIAN_POINT('',(0.00504737891547802,-0.0175013236867942,0.066881980659822));
#3601=CARTESIAN_POINT('',(0.00469261765061021,-0.0184620397011371,0.0675529124709624));
#3602=CARTESIAN_POINT('',(0.00359751350701446,-0.0189375087448738,0.0674063308510369));
#3603=CARTESIAN_POINT('',(0.00422810526714887,-0.0145768981821912,0.0690151557241018));
#3604=CARTESIAN_POINT('',(0.00382116930337915,-0.0151412367409357,0.0702078588030114));
#3605=CARTESIAN_POINT('',(0.00252446410924162,-0.0154248482447214,0.0702664809694164));
#3606=CARTESIAN_POINT('',(0.00408820032137935,-0.0115879492970809,0.0695622334831755));
#3607=CARTESIAN_POINT('',(0.00368874334063451,-0.0117602646130969,0.0709258958178274));
#3608=CARTESIAN_POINT('',(0.00226964587656445,-0.011849157541583,0.070999999999999));
#3609=CARTESIAN_POINT('',(0.00408820032214963,-0.0100874430982264,0.069562233480546));
#3610=CARTESIAN_POINT('',(0.00366703603666413,-0.0100874430982273,0.0709999999999997));
#3611=CARTESIAN_POINT('',(0.00216885316403792,-0.0100874430982275,0.071));
#3612=CARTESIAN_POINT('',(0.00917733153660549,-0.01763159702698,0.059));
#3613=CARTESIAN_POINT('',(0.010360728977269,-0.01763159702698,0.0606123183610662));
#3614=CARTESIAN_POINT('',(0.00408820032214962,-0.0100874430982264,0.069562233480546));
#3615=CARTESIAN_POINT('',(0.00408820032214983,-0.0114953238025708,0.0695622334805453));
#3616=CARTESIAN_POINT('',(0.00418119536667441,-0.0136009602693909,0.0692040027686974));
#3617=CARTESIAN_POINT('',(0.00464507142338833,-0.0160735768765316,0.0679210064459584));
#3618=CARTESIAN_POINT('',(0.00524486804322706,-0.0176088426460004,0.0665822583238893));
#3619=CARTESIAN_POINT('',(0.00617415552002858,-0.018631469608049,0.0649618533931164));
#3620=CARTESIAN_POINT('',(0.00743250699460424,-0.018965602879152,0.0632759209964251));
#3621=CARTESIAN_POINT('',(0.00889553170399923,-0.0185962296847054,0.0617650994345463));
#3622=CARTESIAN_POINT('',(0.0098754969792941,-0.0179979002422101,0.0609684653345162));
#3623=CARTESIAN_POINT('',(0.010360728977269,-0.01763159702698,0.0606123183610662));
#3624=CARTESIAN_POINT('',(0.0204468723386526,0.0488,0.0743541717529297));
#3625=CARTESIAN_POINT('',(0.0103607289772558,0.01763159702699,0.0606123183610759));
#3626=CARTESIAN_POINT('',(0.00987390633845954,0.017999101022154,0.0609696328212478));
#3627=CARTESIAN_POINT('',(0.0088803374470909,0.0186041260828726,0.0617782862116154));
#3628=CARTESIAN_POINT('',(0.00741917170474304,0.0189659409507939,0.0632915551384833));
#3629=CARTESIAN_POINT('',(0.00615881217599002,0.018623075447792,0.0649847958653345));
#3630=CARTESIAN_POINT('',(0.00523379083071849,0.0175884084198118,0.0666047789499283));
#3631=CARTESIAN_POINT('',(0.00464142281466911,0.0160570060851865,0.0679308145440554));
#3632=CARTESIAN_POINT('',(0.0041812364071929,0.013595111026615,0.0692043733633761));
#3633=CARTESIAN_POINT('',(0.00408820032214962,0.011494535898586,0.069562233480546));
#3634=CARTESIAN_POINT('',(0.00408820032214962,0.01008744309822,0.069562233480546));
#3635=CARTESIAN_POINT('',(0.0103607289772558,0.01763159702699,0.0606123183610759));
#3636=CARTESIAN_POINT('',(0.010360728977269,-0.01763159702698,0.0606123183610662));
#3637=CARTESIAN_POINT('',(0.0109554624380437,-0.0171826308009358,0.0601758003182571));
#3638=CARTESIAN_POINT('',(0.012114398175326,-0.0161772697254282,0.0594416505367557));
#3639=CARTESIAN_POINT('',(0.0142770609026792,-0.0137056173469513,0.0583947583284545));
#3640=CARTESIAN_POINT('',(0.0164073374147268,-0.0100189657369881,0.0577527977899165));
#3641=CARTESIAN_POINT('',(0.0179198044063377,-0.00512904391186885,0.0574879902164411));
#3642=CARTESIAN_POINT('',(0.0184245251310572,-1.72523357464537E-6,0.0574301548409066));
#3643=CARTESIAN_POINT('',(0.017923747011289,0.0051094454523506,0.0574874852520107));
#3644=CARTESIAN_POINT('',(0.0164065242856049,0.0100265511663902,0.0577524238790843));
#3645=CARTESIAN_POINT('',(0.0142675780188771,0.0137180339811874,0.0583986014880275));
#3646=CARTESIAN_POINT('',(0.0121118595731142,0.0161792743299793,0.0594433363102608));
#3647=CARTESIAN_POINT('',(0.0109548959510077,0.0171830584438448,0.0601762161041982));
#3648=CARTESIAN_POINT('',(0.0103607289772558,0.01763159702699,0.0606123183610759));
#3649=CARTESIAN_POINT('',(0.00408820032214963,0.01008744309822,0.069562233480546));
#3650=CARTESIAN_POINT('',(0.00366703603666403,0.01008744309822,0.071));
#3651=CARTESIAN_POINT('',(0.00216885316403749,0.01008744309822,0.071));
#3652=CARTESIAN_POINT('',(0.00408820032186228,0.0108373194533924,0.0695622334815269));
#3653=CARTESIAN_POINT('',(0.00367798571656352,0.0109312540121304,0.0709626200896786));
#3654=CARTESIAN_POINT('',(0.00221922421349157,0.0109678579920299,0.071));
#3655=CARTESIAN_POINT('',(0.00412556436369897,0.0123128756533685,0.0694311330021321));
#3656=CARTESIAN_POINT('',(0.00372606644883848,0.0126036269139868,0.0707524622984224));
#3657=CARTESIAN_POINT('',(0.00233266882621394,0.0127196781166991,0.0708242211557717));
#3658=CARTESIAN_POINT('',(0.00438904479393878,0.0151571948918545,0.0685905849588724));
#3659=CARTESIAN_POINT('',(0.00399606353388687,0.0158101853266353,0.0696659418593558));
#3660=CARTESIAN_POINT('',(0.00273714861729301,0.01611997266618,0.0696972186766574));
#3661=CARTESIAN_POINT('',(0.00503656071296615,0.0174751818339104,0.0669068393825072));
#3662=CARTESIAN_POINT('',(0.00468090183229584,0.018433912445029,0.0675832083518855));
#3663=CARTESIAN_POINT('',(0.00358321817761362,0.0189063286410168,0.0674396612983661));
#3664=CARTESIAN_POINT('',(0.00630020802651919,0.0186944114770674,0.0647763361160441));
#3665=CARTESIAN_POINT('',(0.00611819370861871,0.019828128486143,0.06502138846952));
#3666=CARTESIAN_POINT('',(0.00519561346882336,0.0203931296817289,0.0645830935146325));
#3667=CARTESIAN_POINT('',(0.00752526560502945,0.0189504988346496,0.0631748983367746));
#3668=CARTESIAN_POINT('',(0.00754384601548187,0.0201592134600981,0.0631327376009045));
#3669=CARTESIAN_POINT('',(0.00674658521624899,0.0207336608115763,0.0624358940052882));
#3670=CARTESIAN_POINT('',(0.00892175226176424,0.0185786941871932,0.0617448055823119));
#3671=CARTESIAN_POINT('',(0.00919696846535015,0.0198184104795564,0.0614769042189365));
#3672=CARTESIAN_POINT('',(0.00850280811799098,0.0203413491089492,0.0605184330219622));
#3673=CARTESIAN_POINT('',(0.00988445703608684,0.0179911362683353,0.0609618888986635));
#3674=CARTESIAN_POINT('',(0.0103400894598939,0.0192351501754955,0.0605986348599127));
#3675=CARTESIAN_POINT('',(0.00970467329414636,0.0196890011679839,0.0594687023711098));
#3676=CARTESIAN_POINT('',(0.010360728977256,0.0176315970269898,0.0606123183610757));
#3677=CARTESIAN_POINT('',(0.0109073287170649,0.0188764486714195,0.0602111291488344));
#3678=CARTESIAN_POINT('',(0.0102969966730109,0.0192888085350013,0.0590000000000128));
#3679=CARTESIAN_POINT('',(0.00917733153659071,0.01763159702699,0.0590000000000109));
#3680=CARTESIAN_POINT('',(-0.010360728977258,-0.0176315970269884,0.0606123183610743));
#3681=CARTESIAN_POINT('',(-0.0109073287170682,-0.0188764486714189,0.060211129148832));
#3682=CARTESIAN_POINT('',(-0.0102969966730133,-0.0192888085349998,0.0590000000000091));
#3683=CARTESIAN_POINT('',(-0.010923130392477,-0.0172070383674703,0.0601995311526245));
#3684=CARTESIAN_POINT('',(-0.0115356059395578,-0.0184138881883958,0.059784379398811));
#3685=CARTESIAN_POINT('',(-0.0109964363774643,-0.0188162446840272,0.0585387808691512));
#3686=CARTESIAN_POINT('',(-0.0120294922391119,-0.016254888638628,0.0594921766300493));
#3687=CARTESIAN_POINT('',(-0.0127846633258707,-0.0173822066255793,0.0590564228592452));
#3688=CARTESIAN_POINT('',(-0.0123691815341813,-0.0177585727336157,0.0577484331229976));
#3689=CARTESIAN_POINT('',(-0.0141356439799713,-0.013895078124479,0.0584513042023279));
#3690=CARTESIAN_POINT('',(-0.0151956627409475,-0.0148451340550165,0.0580150690068755));
#3691=CARTESIAN_POINT('',(-0.0149696303660907,-0.0151499766528427,0.0565854361414833));
#3692=CARTESIAN_POINT('',(-0.0163138962524023,-0.010245805002059,0.0577714246840687));
#3693=CARTESIAN_POINT('',(-0.0177320163778204,-0.0109248073716966,0.0574067453271442));
#3694=CARTESIAN_POINT('',(-0.017638126220007,-0.0111442353450804,0.0558257870167709));
#3695=CARTESIAN_POINT('',(-0.0176382625753315,-0.00609465911524031,0.0575361150165987));
#3696=CARTESIAN_POINT('',(-0.0192689429106753,-0.00652713490127901,0.0572627005924851));
#3697=CARTESIAN_POINT('',(-0.0192489848048244,-0.00662079776586662,0.0555628686938509));
#3698=CARTESIAN_POINT('',(-0.0181703480223846,-0.0026089885035118,0.0574599946924732));
#3699=CARTESIAN_POINT('',(-0.0198973805375425,-0.00280157911762643,0.0572270229612999));
#3700=CARTESIAN_POINT('',(-0.0198949837091091,-0.0028328080724111,0.0554778172457362));
#3701=CARTESIAN_POINT('',(-0.0183452721754192,0.00087291549478929,0.0574388687018272));
#3702=CARTESIAN_POINT('',(-0.0201048560257665,0.00094067327418714,0.0572204997947962));
#3703=CARTESIAN_POINT('',(-0.0201070958271737,0.000947783603583115,0.055454212563056));
#3704=CARTESIAN_POINT('',(-0.0179849990597805,0.00441215675193002,0.0574801309538951));
#3705=CARTESIAN_POINT('',(-0.0196809473486239,0.00472061252482825,0.0572308318976604));
#3706=CARTESIAN_POINT('',(-0.0196703798155981,0.00479078871766847,0.0555003160752227));
#3707=CARTESIAN_POINT('',(-0.0171110655053323,0.0077415014491605,0.0576310978978997));
#3708=CARTESIAN_POINT('',(-0.0186467422193424,0.00829843284310231,0.0573231178390381));
#3709=CARTESIAN_POINT('',(-0.018607635029855,0.00841533453921465,0.0556689958246993));
#3710=CARTESIAN_POINT('',(-0.0158768013421516,0.010982238271966,0.0579071029017211));
#3711=CARTESIAN_POINT('',(-0.0172114851949283,0.011734962128943,0.0575304638552826));
#3712=CARTESIAN_POINT('',(-0.0171027203335227,0.0119525639329215,0.0559773842284764));
#3713=CARTESIAN_POINT('',(-0.0141458530186543,0.01388050842066,0.058447265769122));
#3714=CARTESIAN_POINT('',(-0.0152073391220147,0.0148295304664712,0.0580112480941435));
#3715=CARTESIAN_POINT('',(-0.0149821805857121,0.0151339380248174,0.056580923882812));
#3716=CARTESIAN_POINT('',(-0.0120313349252123,0.0162539235412864,0.0594908058676421));
#3717=CARTESIAN_POINT('',(-0.0127867988198294,0.0173810816300944,0.059054954225551));
#3718=CARTESIAN_POINT('',(-0.0123714786508862,0.0177574838895105,0.0577469015303794));
#3719=CARTESIAN_POINT('',(-0.0109236090848189,0.0172066770010885,0.0601991798055799));
#3720=CARTESIAN_POINT('',(-0.0115361401904889,0.0184134948535937,0.0597840165153087));
#3721=CARTESIAN_POINT('',(-0.0109970317109642,0.0188158424576593,0.058538388298861));
#3722=CARTESIAN_POINT('',(-0.010360728977269,0.0176315970269801,0.0606123183610662));
#3723=CARTESIAN_POINT('',(-0.0109073287170805,0.0188764486714097,0.0602111291488236));
#3724=CARTESIAN_POINT('',(-0.0102969966730271,0.0192888085349904,0.059));
#3725=CARTESIAN_POINT('',(-0.0102969966730133,-0.0192888085349998,0.0590000000000091));
#3726=CARTESIAN_POINT('',(-0.0111647516895898,-0.0187025254719643,0.0584277916830346));
#3727=CARTESIAN_POINT('',(-0.0128531946985898,-0.017361970173142,0.0574900784017325));
#3728=CARTESIAN_POINT('',(-0.0159533723176305,-0.0139529318157175,0.0562330127533224));
#3729=CARTESIAN_POINT('',(-0.017667985556539,-0.010811282515632,0.055853482795501));
#3730=CARTESIAN_POINT('',(-0.0184800768108286,-0.00860362173587378,0.0557000000000014));
#3731=CARTESIAN_POINT('',(-0.0184800768108363,0.00860362173585288,0.0557));
#3732=CARTESIAN_POINT('',(-0.0180753743870282,0.00970380064283827,0.0557764875363739));
#3733=CARTESIAN_POINT('',(-0.0170899560713447,0.011874157479782,0.0559856907193588));
#3734=CARTESIAN_POINT('',(-0.0151869440449774,0.0147914999092185,0.0565435091478221));
#3735=CARTESIAN_POINT('',(-0.0128567317915489,0.0173601795582443,0.0574882944179403));
#3736=CARTESIAN_POINT('',(-0.0111653358178629,0.018702130816206,0.0584274065016771));
#3737=CARTESIAN_POINT('',(-0.0102969966730271,0.0192888085349904,0.059));
#3738=CARTESIAN_POINT('',(0.010360728977256,0.0176315970269898,0.0606123183610757));
#3739=CARTESIAN_POINT('',(0.0109073287170661,0.0188764486714204,0.0602111291488335));
#3740=CARTESIAN_POINT('',(0.0102969966730109,0.0192888085350013,0.0590000000000106));
#3741=CARTESIAN_POINT('',(0.0109231303924646,0.0172070383675471,0.0601995311526335));
#3742=CARTESIAN_POINT('',(0.0115356059395192,0.0184138881885118,0.0597843793988132));
#3743=CARTESIAN_POINT('',(0.0109964363773664,0.0188162446840935,0.0585387808691836));
#3744=CARTESIAN_POINT('',(0.0120294922391149,0.0162548886385957,0.0594921766300468));
#3745=CARTESIAN_POINT('',(0.012784663325883,0.0173822066255313,0.0590564228592471));
#3746=CARTESIAN_POINT('',(0.0123691815342223,0.0177585727335885,0.0577484331229847));
#3747=CARTESIAN_POINT('',(0.0141356439799672,0.0138950781245007,0.0584513042023304));
#3748=CARTESIAN_POINT('',(0.0151956627409399,0.0148451340550453,0.0580150690068744));
#3749=CARTESIAN_POINT('',(0.014969630366064,0.0151499766528617,0.0565854361414919));
#3750=CARTESIAN_POINT('',(0.0163138962524024,0.0102458050020542,0.0577714246840682));
#3751=CARTESIAN_POINT('',(0.0177320163778205,0.0109248073716907,0.0574067453271451));
#3752=CARTESIAN_POINT('',(0.0176381262200146,0.0111442353450769,0.0558257870167684));
#3753=CARTESIAN_POINT('',(0.017638262575331,0.00609465911524304,0.0575361150165988));
#3754=CARTESIAN_POINT('',(0.0192689429106747,0.00652713490128184,0.0572627005924851));
#3755=CARTESIAN_POINT('',(0.0192489848048228,0.0066207977658694,0.0555628686938514));
#3756=CARTESIAN_POINT('',(0.0181703480223845,0.00260898850351336,0.0574599946924732));
#3757=CARTESIAN_POINT('',(0.0198973805375423,0.00280157911762816,0.0572270229612999));
#3758=CARTESIAN_POINT('',(0.0198949837091091,0.00283280807241283,0.0554778172457362));
#3759=CARTESIAN_POINT('',(0.0183452721754192,-0.000872915494787752,0.0574388687018273));
#3760=CARTESIAN_POINT('',(0.0201048560257666,-0.000940673274185541,0.0572204997947962));
#3761=CARTESIAN_POINT('',(0.0201070958271737,-0.000947783603581466,0.055454212563056));
#3762=CARTESIAN_POINT('',(0.0179849990597807,-0.00441215675192883,0.0574801309538951));
#3763=CARTESIAN_POINT('',(0.0196809473486242,-0.00472061252482698,0.0572308318976605));
#3764=CARTESIAN_POINT('',(0.0196703798155985,-0.00479078871766719,0.0555003160752227));
#3765=CARTESIAN_POINT('',(0.0171110655053326,-0.00774150144915965,0.0576310978978996));
#3766=CARTESIAN_POINT('',(0.0186467422193426,-0.00829843284310138,0.0573231178390381));
#3767=CARTESIAN_POINT('',(0.0186076350298553,-0.00841533453921372,0.0556689958246992));
#3768=CARTESIAN_POINT('',(0.015876801342152,-0.0109822382719653,0.0579071029017209));
#3769=CARTESIAN_POINT('',(0.0172114851949294,-0.0117349621289426,0.0575304638552825));
#3770=CARTESIAN_POINT('',(0.0171027203335232,-0.0119525639329208,0.0559773842284764));
#3771=CARTESIAN_POINT('',(0.0141458530186533,-0.013880508420661,0.0584472657691228));
#3772=CARTESIAN_POINT('',(0.0152073391220104,-0.0148295304664699,0.0580112480941432));
#3773=CARTESIAN_POINT('',(0.0149821805857111,-0.015133938024818,0.0565809238828111));
#3774=CARTESIAN_POINT('',(0.0120313349252144,-0.0162539235412843,0.0594908058676406));
#3775=CARTESIAN_POINT('',(0.0127867988198363,-0.0173810816300971,0.0590549542255515));
#3776=CARTESIAN_POINT('',(0.0123714786508885,-0.017757483889509,0.0577469015303808));
#3777=CARTESIAN_POINT('',(0.0109236090848144,-0.0172066770010931,0.0601991798055831));
#3778=CARTESIAN_POINT('',(0.011536140190475,-0.018413494853587,0.0597840165153069));
#3779=CARTESIAN_POINT('',(0.0109970317109595,-0.0188158424576625,0.0585383882988579));
#3780=CARTESIAN_POINT('',(0.010360728977269,-0.01763159702698,0.0606123183610662));
#3781=CARTESIAN_POINT('',(0.0109073287170805,-0.0188764486714097,0.0602111291488236));
#3782=CARTESIAN_POINT('',(0.0102969966730271,-0.0192888085349904,0.059));
#3783=CARTESIAN_POINT('',(0.0102969966730109,0.0192888085350013,0.0590000000000107));
#3784=CARTESIAN_POINT('',(0.0111647516895874,0.0187025254719661,0.058427791683036));
#3785=CARTESIAN_POINT('',(0.0128531946985882,0.0173619701731435,0.0574900784017332));
#3786=CARTESIAN_POINT('',(0.0159533723176289,0.0139529318157197,0.0562330127533229));
#3787=CARTESIAN_POINT('',(0.0176679855565379,0.0108112825156344,0.0558534827955013));
#3788=CARTESIAN_POINT('',(0.0184800768108276,0.00860362173587629,0.0557000000000016));
#3789=CARTESIAN_POINT('',(0.0184800768108362,-0.00860362173585316,0.0557));
#3790=CARTESIAN_POINT('',(0.0180753743870281,-0.00970380064283856,0.055776487536374));
#3791=CARTESIAN_POINT('',(0.0170899560713445,-0.0118741574797822,0.0559856907193588));
#3792=CARTESIAN_POINT('',(0.0151869440449772,-0.0147914999092186,0.0565435091478221));
#3793=CARTESIAN_POINT('',(0.0128567317915488,-0.0173601795582444,0.0574882944179404));
#3794=CARTESIAN_POINT('',(0.0111653358178629,-0.018702130816206,0.0584274065016772));
#3795=CARTESIAN_POINT('',(0.010296996673027,-0.0192888085349905,0.059));
#3796=CARTESIAN_POINT('',(0.0185863716306379,0.00830877732265081,0.0590000000000107));
#3797=CARTESIAN_POINT('',(0.0185863716306379,0.00830877732265081,0.0556999987642479));
#3798=CARTESIAN_POINT('',(0.0171184097540979,0.0124647943523592,0.0590000000000106));
#3799=CARTESIAN_POINT('',(0.0171184097540979,0.0124647943523592,0.0556999987642479));
#3800=CARTESIAN_POINT('',(0.0119173562293658,0.0197519281100361,0.0590000000000107));
#3801=CARTESIAN_POINT('',(0.0119173562293658,0.0197519281100361,0.0556999987642479));
#3802=CARTESIAN_POINT('',(-1.19249562148004E-14,0.0238740359449857,0.0590000000000107));
#3803=CARTESIAN_POINT('',(-1.19249562148004E-14,0.0238740359449857,0.0556999987642479));
#3804=CARTESIAN_POINT('',(-0.0119173562293856,0.019751928110021,0.0590000000000107));
#3805=CARTESIAN_POINT('',(-0.0119173562293856,0.019751928110021,0.0556999987642479));
#3806=CARTESIAN_POINT('',(-0.0171184097541103,0.0124647943523376,0.0590000000000106));
#3807=CARTESIAN_POINT('',(-0.0171184097541103,0.0124647943523376,0.0556999987642479));
#3808=CARTESIAN_POINT('',(-0.0185863716306462,0.0083087773226273,0.0590000000000107));
#3809=CARTESIAN_POINT('',(-0.0185863716306462,0.0083087773226273,0.0556999987642479));
#3810=CARTESIAN_POINT('',(-0.0185863716306388,-0.00830877732264828,0.0590000000000091));
#3811=CARTESIAN_POINT('',(-0.0185863716306388,-0.00830877732264828,0.0556999987642178));
#3812=CARTESIAN_POINT('',(-0.0171184097540992,-0.0124647943523571,0.0590000000000091));
#3813=CARTESIAN_POINT('',(-0.0171184097540992,-0.0124647943523571,0.0556999987642178));
#3814=CARTESIAN_POINT('',(-0.0119173562293674,-0.019751928110035,0.0590000000000091));
#3815=CARTESIAN_POINT('',(-0.0119173562293674,-0.019751928110035,0.0556999987642178));
#3816=CARTESIAN_POINT('',(1.04495738984821E-14,-0.0238740359449858,0.0590000000000091));
#3817=CARTESIAN_POINT('',(1.04495738984821E-14,-0.0238740359449858,0.0556999987642178));
#3818=CARTESIAN_POINT('',(0.0119173562293849,-0.0197519281100216,0.0590000000000091));
#3819=CARTESIAN_POINT('',(0.0119173562293849,-0.0197519281100216,0.0556999987642178));
#3820=CARTESIAN_POINT('',(0.0171184097541101,-0.012464794352338,0.0590000000000091));
#3821=CARTESIAN_POINT('',(0.0171184097541101,-0.012464794352338,0.0556999987642178));
#3822=CARTESIAN_POINT('',(0.0185863716306461,-0.00830877732262755,0.0590000000000091));
#3823=CARTESIAN_POINT('',(0.0185863716306461,-0.00830877732262755,0.0556999987642178));
#3824=CARTESIAN_POINT('',(0.0223968027651636,0.0075,0.076));
#3825=CARTESIAN_POINT('',(0.0223968027651636,-0.0075,0.076));
#3826=CARTESIAN_POINT('',(-0.0223968027651636,0.0075,0.076));
#3827=CARTESIAN_POINT('',(-0.0223968027651636,-0.0075,0.076));
#3828=CARTESIAN_POINT('',(0.,-6.73555739531045E-19,0.056));
#3829=CARTESIAN_POINT('',(0.,-6.73555739531045E-19,0.056));
#3830=CARTESIAN_POINT('',(-0.001,-6.73555739531045E-19,0.056));
#3831=CARTESIAN_POINT('',(0.,0.,0.056));
#3832=CARTESIAN_POINT('',(0.,0.,0.));
#3833=CARTESIAN_POINT('',(0.02,0.00303108891324554,0.05775));
#3834=CARTESIAN_POINT('',(0.023,0.00476313972081442,0.05675));
#3835=CARTESIAN_POINT('',(0.02375,0.00476313972081442,0.05675));
#3836=CARTESIAN_POINT('',(0.02225,0.00476313972081442,0.05675));
#3837=CARTESIAN_POINT('',(0.02375,0.00411362066797609,0.057125));
#3838=CARTESIAN_POINT('',(0.0245,0.00411362066797609,0.057125));
#3839=CARTESIAN_POINT('',(0.0245,0.00303108891324555,0.05775));
#3840=CARTESIAN_POINT('',(0.0245,0.00194855715851499,0.058375));
#3841=CARTESIAN_POINT('',(0.02375,0.00194855715851499,0.058375));
#3842=CARTESIAN_POINT('',(0.02375,0.00129903810567667,0.05875));
#3843=CARTESIAN_POINT('',(0.023,0.00129903810567667,0.05875));
#3844=CARTESIAN_POINT('',(0.02225,0.00129903810567667,0.05875));
#3845=CARTESIAN_POINT('',(0.02225,0.00194855715851499,0.058375));
#3846=CARTESIAN_POINT('',(0.0215,0.00194855715851499,0.058375));
#3847=CARTESIAN_POINT('',(0.0215,0.00303108891324555,0.05775));
#3848=CARTESIAN_POINT('',(0.0215,0.00411362066797609,0.057125));
#3849=CARTESIAN_POINT('',(0.02225,0.00411362066797609,0.057125));
#3850=CARTESIAN_POINT('',(0.02005,-2.93803536754672E-18,0.0595));
#3851=CARTESIAN_POINT('',(0.02005,0.000530915209301409,0.059193475960993));
#3852=CARTESIAN_POINT('',(0.0200333502751569,0.00106143812316806,0.0588871784138608));
#3853=CARTESIAN_POINT('',(0.02,0.00159156754406668,0.0585811080499996));
#3854=CARTESIAN_POINT('',(0.02005,-4.33680868994202E-19,0.0595));
#3855=CARTESIAN_POINT('',(0.02,0.0015915675440667,0.0585811080499996));
#3856=CARTESIAN_POINT('',(0.02,-4.33680868994202E-19,0.0595));
#3857=CARTESIAN_POINT('',(0.024,-4.33680868994202E-19,0.0595));
#3858=CARTESIAN_POINT('',(0.024,0.00173205080756888,0.0585));
#3859=CARTESIAN_POINT('',(0.026,0.00173205080756888,0.0585));
#3860=CARTESIAN_POINT('',(0.026,0.00303108891324554,0.05775));
#3861=CARTESIAN_POINT('',(0.026,0.00433012701892219,0.057));
#3862=CARTESIAN_POINT('',(0.024,0.00433012701892219,0.057));
#3863=CARTESIAN_POINT('',(0.024,0.00606217782649108,0.056));
#3864=CARTESIAN_POINT('',(0.02,0.00606217782649108,0.056));
#3865=CARTESIAN_POINT('',(0.02,0.00606217782649108,0.056));
#3866=CARTESIAN_POINT('',(0.02,0.00303108891324554,0.05775));
#3867=CARTESIAN_POINT('',(0.02,-0.00245373864405591,0.05525));
#3868=CARTESIAN_POINT('',(0.02,-0.00159156754406673,0.0567433241499988));
#3869=CARTESIAN_POINT('',(0.0200333667532865,-0.00106117619005871,0.0576619889230359));
#3870=CARTESIAN_POINT('',(0.02005,-0.00053065341289307,0.0585808813276594));
#3871=CARTESIAN_POINT('',(0.02005,-7.52155510627524E-18,0.0595));
#3872=CARTESIAN_POINT('',(0.02,-0.00159156754406669,0.0567433241499989));
#3873=CARTESIAN_POINT('',(0.02,-0.00245373864405591,0.05525));
#3874=CARTESIAN_POINT('',(0.02,-0.00259807621135301,0.055));
#3875=CARTESIAN_POINT('',(7.36848125336856E-17,-0.00259807621135296,0.055));
#3876=CARTESIAN_POINT('',(0.0218760872084897,-0.002598076218415,0.055));
#3877=CARTESIAN_POINT('',(0.021876087207916,-0.00259807621951593,0.0549999999971724));
#3878=CARTESIAN_POINT('',(0.0218023586060393,-0.00336904062189844,0.0536646504814189));
#3879=CARTESIAN_POINT('',(0.0216955605206419,-0.00413885402171093,0.0523312945492859));
#3880=CARTESIAN_POINT('',(0.0215545683963295,-0.00490747728811182,0.051));
#3881=CARTESIAN_POINT('',(0.0215545683948632,-0.00490747729610566,0.051));
#3882=CARTESIAN_POINT('',(0.02,-0.00490747728811182,0.051));
#3883=CARTESIAN_POINT('',(0.024,-0.00490747728811182,0.051));
#3884=CARTESIAN_POINT('',(0.024,5.81022193099119E-20,0.0595));
#3885=CARTESIAN_POINT('',(0.02,0.000577350269189628,0.05525));
#3886=CARTESIAN_POINT('',(0.02,-0.00159156754406669,0.0578106871141066));
#3887=CARTESIAN_POINT('',(0.02,-0.00159156754406691,0.055));
#3888=CARTESIAN_POINT('',(0.02,-0.0245,0.055));
#3889=CARTESIAN_POINT('',(0.02,0.000577350269189628,0.05525));
#3890=CARTESIAN_POINT('',(0.02,0.0015915675440667,0.0578106871141066));
#3891=CARTESIAN_POINT('',(0.02,0.00159156754406666,0.0550000000000007));
#3892=CARTESIAN_POINT('',(0.02,0.00461880215351701,0.0535));
#3893=CARTESIAN_POINT('',(0.02,0.00548482755730188,0.0550000000000008));
#3894=CARTESIAN_POINT('',(0.02,-0.0245,0.055));
#3895=CARTESIAN_POINT('',(0.0219029367101929,0.00230002640422744,0.055));
#3896=CARTESIAN_POINT('',(0.0219029367101929,0.00230002640422744,0.051));
#3897=CARTESIAN_POINT('',(0.0216421369348461,0.00538480120633011,0.055));
#3898=CARTESIAN_POINT('',(0.0216421369348461,0.00538480120633011,0.051));
#3899=CARTESIAN_POINT('',(0.0204682026517569,0.00989687135298134,0.055));
#3900=CARTESIAN_POINT('',(0.0204682026517569,0.00989687135298134,0.051));
#3901=CARTESIAN_POINT('',(0.0174339687363605,0.0151904296472211,0.055));
#3902=CARTESIAN_POINT('',(0.0174339687363605,0.0151904296472211,0.051));
#3903=CARTESIAN_POINT('',(0.0135895005979408,0.0197124337812726,0.055));
#3904=CARTESIAN_POINT('',(0.0135895005979408,0.0197124337812726,0.051));
#3905=CARTESIAN_POINT('',(0.00859521535622778,0.0229392256198573,0.055));
#3906=CARTESIAN_POINT('',(0.00859521535622778,0.0229392256198573,0.051));
#3907=CARTESIAN_POINT('',(0.00309192489254733,0.0244111344943511,0.055));
#3908=CARTESIAN_POINT('',(0.00309192489254733,0.0244111344943511,0.051));
#3909=CARTESIAN_POINT('',(-0.00263478290961651,0.0246861266571084,0.055));
#3910=CARTESIAN_POINT('',(-0.00263478290961651,0.0246861266571084,0.051));
#3911=CARTESIAN_POINT('',(-0.00819402846490007,0.0231228138511604,0.055));
#3912=CARTESIAN_POINT('',(-0.00819402846490007,0.0231228138511604,0.051));
#3913=CARTESIAN_POINT('',(-0.0130892689533696,0.0198825228972147,0.055));
#3914=CARTESIAN_POINT('',(-0.0130892689533696,0.0198825228972147,0.051));
#3915=CARTESIAN_POINT('',(-0.0172755423417227,0.0157298903561779,0.055));
#3916=CARTESIAN_POINT('',(-0.0172755423417227,0.0157298903561779,0.051));
#3917=CARTESIAN_POINT('',(-0.0202903036884537,0.0103293352655612,0.055));
#3918=CARTESIAN_POINT('',(-0.0202903036884537,0.0103293352655612,0.051));
#3919=CARTESIAN_POINT('',(-0.0217816695181693,0.0043655525304153,0.055));
#3920=CARTESIAN_POINT('',(-0.0217816695181693,0.0043655525304153,0.051));
#3921=CARTESIAN_POINT('',(-0.0222471160129419,-0.00185240512598642,0.055));
#3922=CARTESIAN_POINT('',(-0.0222471160129419,-0.00185240512598642,0.051));
#3923=CARTESIAN_POINT('',(-0.0211247550805589,-0.00799666323480625,0.055));
#3924=CARTESIAN_POINT('',(-0.0211247550805589,-0.00799666323480625,0.051));
#3925=CARTESIAN_POINT('',(-0.0184990942150024,-0.0135392476880866,0.055));
#3926=CARTESIAN_POINT('',(-0.0184990942150024,-0.0135392476880866,0.051));
#3927=CARTESIAN_POINT('',(-0.0158665832018189,-0.0171891152101995,0.055));
#3928=CARTESIAN_POINT('',(-0.0158665832018189,-0.0171891152101995,0.051));
#3929=CARTESIAN_POINT('',(-0.0126555344241515,-0.0202289410495106,0.055));
#3930=CARTESIAN_POINT('',(-0.0126555344241515,-0.0202289410495106,0.051));
#3931=CARTESIAN_POINT('',(-0.00769154111186631,-0.0233353369862478,0.055));
#3932=CARTESIAN_POINT('',(-0.00769154111186631,-0.0233353369862478,0.051));
#3933=CARTESIAN_POINT('',(-0.00209287789656785,-0.0247501942385308,0.055));
#3934=CARTESIAN_POINT('',(-0.00209287789656785,-0.0247501942385308,0.051));
#3935=CARTESIAN_POINT('',(0.00362010747417021,-0.0243207008820783,0.055));
#3936=CARTESIAN_POINT('',(0.00362010747417021,-0.0243207008820783,0.051));
#3937=CARTESIAN_POINT('',(0.0090889884922226,-0.0227021025801585,0.055));
#3938=CARTESIAN_POINT('',(0.0090889884922226,-0.0227021025801585,0.051));
#3939=CARTESIAN_POINT('',(0.0140081779034339,-0.0193449959153093,0.055));
#3940=CARTESIAN_POINT('',(0.0140081779034339,-0.0193449959153093,0.051));
#3941=CARTESIAN_POINT('',(0.0177540750452977,-0.0147234969219414,0.055));
#3942=CARTESIAN_POINT('',(0.0177540750452977,-0.0147234969219414,0.051));
#3943=CARTESIAN_POINT('',(0.0206743407450579,-0.00934919128524078,0.055));
#3944=CARTESIAN_POINT('',(0.0206743407450579,-0.00934919128524078,0.051));
#3945=CARTESIAN_POINT('',(0.0217505640215427,-0.00481377270140255,0.0550000000000001));
#3946=CARTESIAN_POINT('',(0.0217505640215427,-0.00481377270140255,0.051));
#3947=CARTESIAN_POINT('',(0.0219457781480212,-0.00171954281476549,0.055));
#3948=CARTESIAN_POINT('',(0.0219457781480212,-0.00171954281476549,0.051));
#3949=CARTESIAN_POINT('',(0.0218146435138993,0.00317542646683684,0.0509999999952521));
#3950=CARTESIAN_POINT('',(0.0217242269989842,0.00394658778590536,0.0523356905807106));
#3951=CARTESIAN_POINT('',(0.0216004980361431,0.00471640581074299,0.05366905449332));
#3952=CARTESIAN_POINT('',(0.021442143015177,0.00548482755291112,0.0549999999923958));
#3953=CARTESIAN_POINT('',(0.0218146435135545,0.00317542646155429,0.051));
#3954=CARTESIAN_POINT('',(0.0214421430172917,0.00548482754264923,0.055));
#3955=CARTESIAN_POINT('',(0.00219269983765313,0.0244186538774882,0.051));
#3956=CARTESIAN_POINT('',(2.70508442035133E-17,0.0245406730612559,0.051));
#3957=CARTESIAN_POINT('',(-0.00219269983765323,0.0244186538774882,0.051));
#3958=CARTESIAN_POINT('',(-0.00506944903463259,0.0239371121927338,0.051));
#3959=CARTESIAN_POINT('',(-0.00785089513548278,0.0229880565664105,0.051));
#3960=CARTESIAN_POINT('',(-0.0104718660615201,0.0215949018510787,0.051));
#3961=CARTESIAN_POINT('',(-0.0129629147793665,0.0199145188335822,0.051));
#3962=CARTESIAN_POINT('',(-0.0157384298773389,0.0173460024728515,0.051));
#3963=CARTESIAN_POINT('',(-0.018006492563795,0.0142405413980469,0.051));
#3964=CARTESIAN_POINT('',(-0.0194786847022025,0.0114776235439646,0.051));
#3965=CARTESIAN_POINT('',(-0.0206930607540896,0.00858517672627378,0.051));
#3966=CARTESIAN_POINT('',(-0.0215143340298518,0.00553528908146981,0.051));
#3967=CARTESIAN_POINT('',(-0.0219298945890064,0.0023925403440999,0.051));
#3968=CARTESIAN_POINT('',(-0.0220350527054968,7.53685615127691E-20,0.051));
#3969=CARTESIAN_POINT('',(-0.0219298945890064,-0.0023925403440999,0.051));
#3970=CARTESIAN_POINT('',(-0.0215143340298518,-0.00553528908146981,0.051));
#3971=CARTESIAN_POINT('',(-0.0206930607540896,-0.00858517672627379,0.051));
#3972=CARTESIAN_POINT('',(-0.0194786847022025,-0.0114776235439646,0.051));
#3973=CARTESIAN_POINT('',(-0.018006492563795,-0.0142405413980469,0.051));
#3974=CARTESIAN_POINT('',(-0.0157384298773389,-0.0173460024728515,0.051));
#3975=CARTESIAN_POINT('',(-0.0129629147793665,-0.0199145188335822,0.051));
#3976=CARTESIAN_POINT('',(-0.0104718660615201,-0.0215949018510788,0.051));
#3977=CARTESIAN_POINT('',(-0.00785089513548276,-0.0229880565664105,0.051));
#3978=CARTESIAN_POINT('',(-0.00506944903463258,-0.0239371121927338,0.051));
#3979=CARTESIAN_POINT('',(-0.00219269983765321,-0.0244186538774882,0.051));
#3980=CARTESIAN_POINT('',(1.3933091469327E-17,-0.0245406730612559,0.051));
#3981=CARTESIAN_POINT('',(0.00219269983765323,-0.0244186538774882,0.051));
#3982=CARTESIAN_POINT('',(0.00506944903463261,-0.0239371121927338,0.051));
#3983=CARTESIAN_POINT('',(0.00785089513548279,-0.0229880565664105,0.051));
#3984=CARTESIAN_POINT('',(0.0104718660615201,-0.0215949018510787,0.051));
#3985=CARTESIAN_POINT('',(0.0129629147793665,-0.0199145188335822,0.051));
#3986=CARTESIAN_POINT('',(0.0157384298773389,-0.0173460024728515,0.051));
#3987=CARTESIAN_POINT('',(0.018006492563795,-0.0142405413980468,0.051));
#3988=CARTESIAN_POINT('',(0.0194786847022025,-0.0114776235439646,0.051));
#3989=CARTESIAN_POINT('',(0.0206930607540896,-0.00858517672627373,0.051));
#3990=CARTESIAN_POINT('',(0.0215143340298518,-0.00553528908146976,0.051));
#3991=CARTESIAN_POINT('',(0.0219298945890064,-0.00239254034409986,0.051));
#3992=CARTESIAN_POINT('',(0.0220350527054968,4.56228557245818E-17,0.051));
#3993=CARTESIAN_POINT('',(0.0219298945890063,0.00239254034409995,0.051));
#3994=CARTESIAN_POINT('',(0.0215143340298518,0.00553528908146984,0.051));
#3995=CARTESIAN_POINT('',(0.0206930607540896,0.00858517672627383,0.051));
#3996=CARTESIAN_POINT('',(0.0194786847022024,0.0114776235439646,0.051));
#3997=CARTESIAN_POINT('',(0.018006492563795,0.0142405413980469,0.051));
#3998=CARTESIAN_POINT('',(0.0157384298773388,0.0173460024728515,0.051));
#3999=CARTESIAN_POINT('',(0.0129629147793664,0.0199145188335822,0.051));
#4000=CARTESIAN_POINT('',(0.01047186606152,0.0215949018510788,0.051));
#4001=CARTESIAN_POINT('',(0.00785089513548271,0.0229880565664105,0.051));
#4002=CARTESIAN_POINT('',(0.00506944903463254,0.0239371121927338,0.051));
#4003=CARTESIAN_POINT('',(0.00219269983765313,0.0244186538774882,0.051));
#4004=CARTESIAN_POINT('',(2.70508442035133E-17,0.0245406730612559,0.051));
#4005=CARTESIAN_POINT('',(-0.00219269983765323,0.0244186538774882,0.051));
#4006=CARTESIAN_POINT('',(0.00219269983765313,0.0244186538774882,0.055));
#4007=CARTESIAN_POINT('',(2.70508442035133E-17,0.0245406730612559,0.055));
#4008=CARTESIAN_POINT('',(-0.00219269983765323,0.0244186538774882,0.055));
#4009=CARTESIAN_POINT('',(-0.00506944903463259,0.0239371121927338,0.055));
#4010=CARTESIAN_POINT('',(-0.00785089513548278,0.0229880565664105,0.055));
#4011=CARTESIAN_POINT('',(-0.0104718660615201,0.0215949018510787,0.055));
#4012=CARTESIAN_POINT('',(-0.0129629147793665,0.0199145188335822,0.055));
#4013=CARTESIAN_POINT('',(-0.0157384298773389,0.0173460024728515,0.055));
#4014=CARTESIAN_POINT('',(-0.018006492563795,0.0142405413980469,0.055));
#4015=CARTESIAN_POINT('',(-0.0194786847022025,0.0114776235439646,0.055));
#4016=CARTESIAN_POINT('',(-0.0206930607540896,0.00858517672627378,0.055));
#4017=CARTESIAN_POINT('',(-0.0215143340298518,0.00553528908146981,0.055));
#4018=CARTESIAN_POINT('',(-0.0219298945890064,0.0023925403440999,0.055));
#4019=CARTESIAN_POINT('',(-0.0220350527054968,7.53685615127691E-20,0.055));
#4020=CARTESIAN_POINT('',(-0.0219298945890064,-0.0023925403440999,0.055));
#4021=CARTESIAN_POINT('',(-0.0215143340298518,-0.00553528908146981,0.055));
#4022=CARTESIAN_POINT('',(-0.0206930607540896,-0.00858517672627379,0.055));
#4023=CARTESIAN_POINT('',(-0.0194786847022025,-0.0114776235439646,0.055));
#4024=CARTESIAN_POINT('',(-0.018006492563795,-0.0142405413980469,0.055));
#4025=CARTESIAN_POINT('',(-0.0157384298773389,-0.0173460024728515,0.055));
#4026=CARTESIAN_POINT('',(-0.0129629147793665,-0.0199145188335822,0.055));
#4027=CARTESIAN_POINT('',(-0.0104718660615201,-0.0215949018510788,0.055));
#4028=CARTESIAN_POINT('',(-0.00785089513548276,-0.0229880565664105,0.055));
#4029=CARTESIAN_POINT('',(-0.00506944903463258,-0.0239371121927338,0.055));
#4030=CARTESIAN_POINT('',(-0.00219269983765321,-0.0244186538774882,0.055));
#4031=CARTESIAN_POINT('',(1.3933091469327E-17,-0.0245406730612559,0.055));
#4032=CARTESIAN_POINT('',(0.00219269983765323,-0.0244186538774882,0.055));
#4033=CARTESIAN_POINT('',(0.00506944903463261,-0.0239371121927338,0.055));
#4034=CARTESIAN_POINT('',(0.00785089513548279,-0.0229880565664105,0.055));
#4035=CARTESIAN_POINT('',(0.0104718660615201,-0.0215949018510787,0.055));
#4036=CARTESIAN_POINT('',(0.0129629147793665,-0.0199145188335822,0.055));
#4037=CARTESIAN_POINT('',(0.0157384298773389,-0.0173460024728515,0.055));
#4038=CARTESIAN_POINT('',(0.018006492563795,-0.0142405413980468,0.055));
#4039=CARTESIAN_POINT('',(0.0194786847022025,-0.0114776235439646,0.055));
#4040=CARTESIAN_POINT('',(0.0206930607540896,-0.00858517672627373,0.055));
#4041=CARTESIAN_POINT('',(0.0215143340298518,-0.00553528908146976,0.055));
#4042=CARTESIAN_POINT('',(0.0219298945890064,-0.00239254034409986,0.055));
#4043=CARTESIAN_POINT('',(0.0220350527054968,4.56228557245818E-17,0.055));
#4044=CARTESIAN_POINT('',(0.0219298945890063,0.00239254034409995,0.055));
#4045=CARTESIAN_POINT('',(0.0215143340298518,0.00553528908146984,0.055));
#4046=CARTESIAN_POINT('',(0.0206930607540896,0.00858517672627383,0.055));
#4047=CARTESIAN_POINT('',(0.0194786847022024,0.0114776235439646,0.055));
#4048=CARTESIAN_POINT('',(0.018006492563795,0.0142405413980469,0.055));
#4049=CARTESIAN_POINT('',(0.0157384298773388,0.0173460024728515,0.055));
#4050=CARTESIAN_POINT('',(0.0129629147793664,0.0199145188335822,0.055));
#4051=CARTESIAN_POINT('',(0.01047186606152,0.0215949018510788,0.055));
#4052=CARTESIAN_POINT('',(0.00785089513548271,0.0229880565664105,0.055));
#4053=CARTESIAN_POINT('',(0.00506944903463254,0.0239371121927338,0.055));
#4054=CARTESIAN_POINT('',(0.00219269983765313,0.0244186538774882,0.055));
#4055=CARTESIAN_POINT('',(2.70508442035133E-17,0.0245406730612559,0.055));
#4056=CARTESIAN_POINT('',(-0.00219269983765323,0.0244186538774882,0.055));
#4057=CARTESIAN_POINT('',(1.36609473733174E-17,-0.0245,0.055));
#4058=CARTESIAN_POINT('',(9.58366166672322E-17,0.00548482755730194,0.0550000000000009));
#4059=CARTESIAN_POINT('',(0.02,0.00159156754406666,0.0550000000000006));
#4060=CARTESIAN_POINT('',(0.019914903855281,0.00294423913997808,0.0550000000000007));
#4061=CARTESIAN_POINT('',(0.0195300969524708,0.00563374672237707,0.0550000000000008));
#4062=CARTESIAN_POINT('',(0.018280897659542,0.00956611082918344,0.0550000000000009));
#4063=CARTESIAN_POINT('',(0.0164235140385842,0.0131659750530787,0.055000000000001));
#4064=CARTESIAN_POINT('',(0.0138942057782355,0.0164485132480132,0.0550000000000011));
#4065=CARTESIAN_POINT('',(0.0113720142895837,0.0186756040472562,0.0550000000000012));
#4066=CARTESIAN_POINT('',(0.00904768865954846,0.0201659688411442,0.0550000000000012));
#4067=CARTESIAN_POINT('',(0.00722299014505773,0.0210755852205571,0.0550000000000013));
#4068=CARTESIAN_POINT('',(0.0053211522856323,0.0217808849693282,0.0550000000000013));
#4069=CARTESIAN_POINT('',(0.00332800855394744,0.0222773981962398,0.0550000000000013));
#4070=CARTESIAN_POINT('',(0.00128172015140555,0.0225427775169194,0.0550000000000014));
#4071=CARTESIAN_POINT('',(-0.00142645061447347,0.0225839666073029,0.0550000000000013));
#4072=CARTESIAN_POINT('',(-0.00484556589014634,0.0220426364536364,0.0550000000000013));
#4073=CARTESIAN_POINT('',(-0.00992531550621685,0.0199969680522177,0.0550000000000013));
#4074=CARTESIAN_POINT('',(-0.0141962648685563,0.0163718976776267,0.0550000000000012));
#4075=CARTESIAN_POINT('',(-0.0172109303157943,0.0118215843692503,0.0550000000000011));
#4076=CARTESIAN_POINT('',(-0.0188548177469979,0.00803479828827893,0.055000000000001));
#4077=CARTESIAN_POINT('',(-0.0198350195141862,0.00406899240862844,0.0550000000000009));
#4078=CARTESIAN_POINT('',(-0.0202672936013227,-0.00145452548435092,0.0550000000000007));
#4079=CARTESIAN_POINT('',(-0.0193880109761453,-0.00681602448960518,0.0550000000000006));
#4080=CARTESIAN_POINT('',(-0.0171933645490144,-0.0118513787319861,0.0550000000000004));
#4081=CARTESIAN_POINT('',(-0.0149542586707395,-0.0152246683782697,0.0550000000000003));
#4082=CARTESIAN_POINT('',(-0.0120667584433011,-0.0181861650197682,0.0550000000000002));
#4083=CARTESIAN_POINT('',(-0.00928460108691136,-0.020085436362492,0.0550000000000002));
#4084=CARTESIAN_POINT('',(-0.00678690612939445,-0.0212597843070402,0.0550000000000001));
#4085=CARTESIAN_POINT('',(-0.00486455871176512,-0.0219147280498534,0.0550000000000001));
#4086=CARTESIAN_POINT('',(-0.00288375807277748,-0.0223552385416408,0.0550000000000001));
#4087=CARTESIAN_POINT('',(-0.000140602968223091,-0.0226417088927116,0.0550000000000001));
#4088=CARTESIAN_POINT('',(0.00325048413027544,-0.0224092458819121,0.055));
#4089=CARTESIAN_POINT('',(0.00853470780119125,-0.0208030233591327,0.055));
#4090=CARTESIAN_POINT('',(0.0130357366618964,-0.0175598261864687,0.0550000000000002));
#4091=CARTESIAN_POINT('',(0.0163986158297398,-0.0132051284729173,0.0550000000000002));
#4092=CARTESIAN_POINT('',(0.0182799918965676,-0.00957258672923151,0.0550000000000003));
#4093=CARTESIAN_POINT('',(0.0195250153429634,-0.00564986885427432,0.0550000000000005));
#4094=CARTESIAN_POINT('',(0.0199138211835695,-0.00296144907676999,0.0550000000000005));
#4095=CARTESIAN_POINT('',(0.02,-0.00159156754406691,0.0550000000000006));
#4096=CARTESIAN_POINT('',(0.00787496668241703,0.021375071202617,0.059551));
#4097=CARTESIAN_POINT('',(0.00787496668241703,0.021375071202617,0.0510000000000001));
#4098=CARTESIAN_POINT('',(-1.30104260698261E-18,0.0231374643986915,0.059551));
#4099=CARTESIAN_POINT('',(-1.30104260698261E-18,0.0231374643986915,0.051));
#4100=CARTESIAN_POINT('',(-0.00787496668241701,0.021375071202617,0.059551));
#4101=CARTESIAN_POINT('',(-0.00787496668241701,0.021375071202617,0.0510000000000001));
#4102=CARTESIAN_POINT('',(-0.0145488597344725,0.0163579130650931,0.059551));
#4103=CARTESIAN_POINT('',(-0.0145488597344725,0.0163579130650931,0.0510000000000001));
#4104=CARTESIAN_POINT('',(-0.019006630917684,0.00885200114884363,0.059551));
#4105=CARTESIAN_POINT('',(-0.019006630917684,0.00885200114884363,0.0510000000000001));
#4106=CARTESIAN_POINT('',(-0.020571684541158,7.78592685116153E-18,0.059551));
#4107=CARTESIAN_POINT('',(-0.020571684541158,7.78592685116153E-18,0.0510000000000001));
#4108=CARTESIAN_POINT('',(-0.019006630917684,-0.00885200114884365,0.059551));
#4109=CARTESIAN_POINT('',(-0.019006630917684,-0.00885200114884365,0.0510000000000001));
#4110=CARTESIAN_POINT('',(-0.0145488597344724,-0.0163579130650931,0.059551));
#4111=CARTESIAN_POINT('',(-0.0145488597344724,-0.0163579130650931,0.0510000000000001));
#4112=CARTESIAN_POINT('',(-0.00787496668241707,-0.021375071202617,0.059551));
#4113=CARTESIAN_POINT('',(-0.00787496668241707,-0.021375071202617,0.0510000000000001));
#4114=CARTESIAN_POINT('',(2.44539735361297E-17,-0.0231374643986915,0.059551));
#4115=CARTESIAN_POINT('',(2.44539735361297E-17,-0.0231374643986915,0.0510000000000001));
#4116=CARTESIAN_POINT('',(0.00787496668241695,-0.021375071202617,0.059551));
#4117=CARTESIAN_POINT('',(0.00787496668241695,-0.021375071202617,0.0510000000000001));
#4118=CARTESIAN_POINT('',(0.0145488597344725,-0.016357913065093,0.059551));
#4119=CARTESIAN_POINT('',(0.0145488597344725,-0.016357913065093,0.0510000000000001));
#4120=CARTESIAN_POINT('',(0.0190066309176839,-0.00885200114884371,0.059551));
#4121=CARTESIAN_POINT('',(0.0190066309176839,-0.00885200114884371,0.0510000000000001));
#4122=CARTESIAN_POINT('',(0.020571684541158,8.82811618946322E-17,0.059551));
#4123=CARTESIAN_POINT('',(0.020571684541158,8.82811618946322E-17,0.0510000000000001));
#4124=CARTESIAN_POINT('',(0.019006630917684,0.00885200114884358,0.059551));
#4125=CARTESIAN_POINT('',(0.019006630917684,0.00885200114884358,0.0510000000000001));
#4126=CARTESIAN_POINT('',(0.0145488597344725,0.016357913065093,0.059551));
#4127=CARTESIAN_POINT('',(0.0145488597344725,0.016357913065093,0.0510000000000001));
#4128=CARTESIAN_POINT('',(0.00787496668241703,0.021375071202617,0.059551));
#4129=CARTESIAN_POINT('',(0.00787496668241703,0.021375071202617,0.0510000000000001));
#4130=CARTESIAN_POINT('',(-1.30104260698261E-18,0.0231374643986915,0.059551));
#4131=CARTESIAN_POINT('',(-1.30104260698261E-18,0.0231374643986915,0.051));
#4132=CARTESIAN_POINT('',(-0.00787496668241701,0.021375071202617,0.059551));
#4133=CARTESIAN_POINT('',(-0.00787496668241701,0.021375071202617,0.0510000000000001));
#4134=CARTESIAN_POINT('',(-0.00424574039686069,-0.0222065737160624,0.0510000000000001));
#4135=CARTESIAN_POINT('',(1.81106193025034E-5,-0.022718060374952,0.051));
#4136=CARTESIAN_POINT('',(0.00417329791965071,-0.0222211847841297,0.0510000000000001));
#4137=CARTESIAN_POINT('',(0.00815543371130503,-0.0207752363319461,0.0510000000000001));
#4138=CARTESIAN_POINT('',(0.0116965506515217,-0.0184994757890836,0.0510000000000001));
#4139=CARTESIAN_POINT('',(0.0146921219290319,-0.0155572132755959,0.0510000000000002));
#4140=CARTESIAN_POINT('',(0.0170815468473875,-0.0120690336717085,0.0510000000000003));
#4141=CARTESIAN_POINT('',(0.0187862446450281,-0.00825220520896235,0.0510000000000004));
#4142=CARTESIAN_POINT('',(0.0198231201271411,-0.0041652417485323,0.0510000000000005));
#4143=CARTESIAN_POINT('',(0.0201648262678624,2.73174972300817E-6,0.0510000000000006));
#4144=CARTESIAN_POINT('',(0.0198175697578719,0.00419349383361299,0.0510000000000007));
#4145=CARTESIAN_POINT('',(0.0187906574552061,0.00824030843884417,0.0510000000000008));
#4146=CARTESIAN_POINT('',(0.0170704002246913,0.0120856219422556,0.051000000000001));
#4147=CARTESIAN_POINT('',(0.015116847001161,0.0149424027872368,0.051000000000001));
#4148=CARTESIAN_POINT('',(0.0132055418807719,0.0170175305686469,0.0510000000000011));
#4149=CARTESIAN_POINT('',(0.0116521598887139,0.0183960123583264,0.0510000000000011));
#4150=CARTESIAN_POINT('',(0.00996938823643964,0.0196089794635911,0.0510000000000012));
#4151=CARTESIAN_POINT('',(0.00814085155686809,0.0206514574535584,0.0510000000000012));
#4152=CARTESIAN_POINT('',(0.00620534134735569,0.0214842923015285,0.0510000000000013));
#4153=CARTESIAN_POINT('',(0.00355927141730275,0.0222872497802668,0.0510000000000013));
#4154=CARTESIAN_POINT('',(3.74675882218607E-5,0.0227154931221946,0.0510000000000013));
#4155=CARTESIAN_POINT('',(-0.00342375511744111,0.0223159260880457,0.0510000000000013));
#4156=CARTESIAN_POINT('',(-0.00613278153367849,0.0215115704428596,0.0510000000000013));
#4157=CARTESIAN_POINT('',(-0.0086900931420296,0.0204234162287547,0.0510000000000013));
#4158=CARTESIAN_POINT('',(-0.0116750122792664,0.018520743833727,0.0510000000000013));
#4159=CARTESIAN_POINT('',(-0.0146732834855814,0.0155767600406085,0.0510000000000012));
#4160=CARTESIAN_POINT('',(-0.0170610585566788,0.0121094556036672,0.0510000000000011));
#4161=CARTESIAN_POINT('',(-0.0187866032920321,0.00825007762699138,0.051000000000001));
#4162=CARTESIAN_POINT('',(-0.0198169836327892,0.00420577424026918,0.0510000000000009));
#4163=CARTESIAN_POINT('',(-0.020164689407935,-1.7121461595397E-5,0.0510000000000008));
#4164=CARTESIAN_POINT('',(-0.0198242571273102,-0.0041594117679915,0.0510000000000007));
#4165=CARTESIAN_POINT('',(-0.0187792857003759,-0.00827096521094714,0.0510000000000005));
#4166=CARTESIAN_POINT('',(-0.0170885855119186,-0.0120563743748495,0.0510000000000004));
#4167=CARTESIAN_POINT('',(-0.0146867353958359,-0.0155608405062653,0.0510000000000003));
#4168=CARTESIAN_POINT('',(-0.0117330291431119,-0.0184713999666853,0.0510000000000002));
#4169=CARTESIAN_POINT('',(-0.00815264863054646,-0.0207737842139619,0.0510000000000001));
#4170=CARTESIAN_POINT('',(-0.00424574039686069,-0.0222065737160624,0.0510000000000001));
#4171=CARTESIAN_POINT('',(1.81106193025034E-5,-0.022718060374952,0.051));
#4172=CARTESIAN_POINT('',(0.00417329791965071,-0.0222211847841297,0.0510000000000001));
#4173=CARTESIAN_POINT('',(-1.09337352817204E-16,-0.02255,0.051));
#4174=CARTESIAN_POINT('',(1.36609473733174E-17,-0.0245,0.051));
#4175=CARTESIAN_POINT('',(0.0245,-0.0245,0.051));
#4176=CARTESIAN_POINT('',(0.0245,0.000577350269189966,0.0510000000000006));
#4177=CARTESIAN_POINT('',(0.0245,-0.00230940107675822,0.051));
#4178=CARTESIAN_POINT('',(0.02375,0.000577350269189968,0.0510000000000006));
#4179=CARTESIAN_POINT('',(0.02375,0.00144337567297442,0.0510000000000006));
#4180=CARTESIAN_POINT('',(8.47607146004589E-17,0.00144337567297449,0.0510000000000007));
#4181=CARTESIAN_POINT('',(0.02225,0.00144337567297443,0.0510000000000006));
#4182=CARTESIAN_POINT('',(0.02225,0.000577350269189971,0.0510000000000006));
#4183=CARTESIAN_POINT('',(0.0215,0.000577350269189977,0.0510000000000006));
#4184=CARTESIAN_POINT('',(0.0215,-0.0245,0.051));
#4185=CARTESIAN_POINT('',(0.0215,-0.00230940107675821,0.051));
#4186=CARTESIAN_POINT('',(0.02225,-0.00230940107675821,0.051));
#4187=CARTESIAN_POINT('',(0.02225,-0.00317542648054266,0.051));
#4188=CARTESIAN_POINT('',(7.21025408098608E-17,-0.0031754264805426,0.0510000000000006));
#4189=CARTESIAN_POINT('',(0.02375,-0.00317542648054266,0.051));
#4190=CARTESIAN_POINT('',(0.02375,-0.00230940107675821,0.051));
#4191=CARTESIAN_POINT('',(0.02,0.00317542648054294,0.051));
#4192=CARTESIAN_POINT('',(0.024,0.00317542648054294,0.051));
#4193=CARTESIAN_POINT('',(0.024,0.000866025403784787,0.0510000000000006));
#4194=CARTESIAN_POINT('',(0.026,0.00086602540378443,0.051));
#4195=CARTESIAN_POINT('',(0.026,-0.000866025403784437,0.051));
#4196=CARTESIAN_POINT('',(0.026,-0.00259807621135332,0.051));
#4197=CARTESIAN_POINT('',(0.024,-0.00259807621135302,0.051));
#4198=CARTESIAN_POINT('',(0.02,0.00461880215351701,0.0535));
#4199=CARTESIAN_POINT('',(0.024,0.00317542648054294,0.051));
#4200=CARTESIAN_POINT('',(0.026,0.000577350269189628,0.05525));
#4201=CARTESIAN_POINT('',(0.026,0.00433012701892219,0.057));
#4202=CARTESIAN_POINT('',(0.026,-0.00317542648054295,0.05));
#4203=CARTESIAN_POINT('',(0.0245,-0.00946891108675445,0.0360993649053891));
#4204=CARTESIAN_POINT('',(0.0245,0.000793856620136094,0.0513750000000006));
#4205=CARTESIAN_POINT('',(0.0245,0.001948557158515,0.058375));
#4206=CARTESIAN_POINT('',(0.023,-0.00773686027918558,0.035099364905389));
#4207=CARTESIAN_POINT('',(0.02375,0.00476313972081442,0.05675));
#4208=CARTESIAN_POINT('',(0.02225,0.00144337567297443,0.0510000000000007));
#4209=CARTESIAN_POINT('',(0.0215,-0.00946891108675445,0.0360993649053891));
#4210=CARTESIAN_POINT('',(0.0215,0.00411362066797609,0.057125));
#4211=CARTESIAN_POINT('',(0.0215,-0.00252590742770434,0.050625));
#4212=CARTESIAN_POINT('',(0.023,-0.0112009618943233,0.0370993649053891));
#4213=CARTESIAN_POINT('',(0.02375,-0.00317542648054267,0.051));
#4214=CARTESIAN_POINT('',(0.02225,0.00129903810567666,0.05875));
#4215=CARTESIAN_POINT('',(0.024,0.00288675134594813,0.0545));
#4216=CARTESIAN_POINT('',(0.024,-0.000721687836487032,0.05425));
#4217=CARTESIAN_POINT('',(0.02375,-0.00838637933202391,0.035474364905389));
#4218=CARTESIAN_POINT('',(0.02225,-0.00838637933202391,0.035474364905389));
#4219=CARTESIAN_POINT('',(0.02375,-0.010551442841485,0.0367243649053891));
#4220=CARTESIAN_POINT('',(0.02225,-0.010551442841485,0.0367243649053891));
#4221=MECHANICAL_DESIGN_GEOMETRIC_PRESENTATION_REPRESENTATION('',(#1801),
#4224);
#4222=MECHANICAL_DESIGN_GEOMETRIC_PRESENTATION_REPRESENTATION('',(#1802),
#4225);
#4223=MECHANICAL_DESIGN_GEOMETRIC_PRESENTATION_REPRESENTATION('',(#1803),
#4226);
#4224=(
GEOMETRIC_REPRESENTATION_CONTEXT(3)
GLOBAL_UNCERTAINTY_ASSIGNED_CONTEXT((#4227))
GLOBAL_UNIT_ASSIGNED_CONTEXT((#4236,#4233,#4230))
REPRESENTATION_CONTEXT('feather','TOP_LEVEL_ASSEMBLY_PART')
);
#4225=(
GEOMETRIC_REPRESENTATION_CONTEXT(3)
GLOBAL_UNCERTAINTY_ASSIGNED_CONTEXT((#4228))
GLOBAL_UNIT_ASSIGNED_CONTEXT((#4237,#4234,#4231))
REPRESENTATION_CONTEXT('bavarian','TOP_LEVEL_ASSEMBLY_PART')
);
#4226=(
GEOMETRIC_REPRESENTATION_CONTEXT(3)
GLOBAL_UNCERTAINTY_ASSIGNED_CONTEXT((#4229))
GLOBAL_UNIT_ASSIGNED_CONTEXT((#4238,#4235,#4232))
REPRESENTATION_CONTEXT('strap','TOP_LEVEL_ASSEMBLY_PART')
);
#4227=UNCERTAINTY_MEASURE_WITH_UNIT(LENGTH_MEASURE(1.E-8),#4236,
'DISTANCE_ACCURACY_VALUE','Maximum Tolerance applied to model');
#4228=UNCERTAINTY_MEASURE_WITH_UNIT(LENGTH_MEASURE(2.E-5),#4237,
'DISTANCE_ACCURACY_VALUE','Maximum Tolerance applied to model');
#4229=UNCERTAINTY_MEASURE_WITH_UNIT(LENGTH_MEASURE(2.E-5),#4238,
'DISTANCE_ACCURACY_VALUE','Maximum Tolerance applied to model');
#4230=(
NAMED_UNIT(*)
SI_UNIT($,.STERADIAN.)
SOLID_ANGLE_UNIT()
);
#4231=(
NAMED_UNIT(*)
SI_UNIT($,.STERADIAN.)
SOLID_ANGLE_UNIT()
);
#4232=(
NAMED_UNIT(*)
SI_UNIT($,.STERADIAN.)
SOLID_ANGLE_UNIT()
);
#4233=(
NAMED_UNIT(*)
PLANE_ANGLE_UNIT()
SI_UNIT($,.RADIAN.)
);
#4234=(
NAMED_UNIT(*)
PLANE_ANGLE_UNIT()
SI_UNIT($,.RADIAN.)
);
#4235=(
NAMED_UNIT(*)
PLANE_ANGLE_UNIT()
SI_UNIT($,.RADIAN.)
);
#4236=(
LENGTH_UNIT()
NAMED_UNIT(*)
SI_UNIT($,.METRE.)
);
#4237=(
LENGTH_UNIT()
NAMED_UNIT(*)
SI_UNIT($,.METRE.)
);
#4238=(
LENGTH_UNIT()
NAMED_UNIT(*)
SI_UNIT($,.METRE.)
);
#4239=PRODUCT_DEFINITION_SHAPE('','',#4242);
#4240=PRODUCT_DEFINITION_SHAPE('','',#4243);
#4241=PRODUCT_DEFINITION_SHAPE('','',#4244);
#4242=PRODUCT_DEFINITION('','',#4248,#4245);
#4243=PRODUCT_DEFINITION('','',#4249,#4246);
#4244=PRODUCT_DEFINITION('','',#4250,#4247);
#4245=PRODUCT_DEFINITION_CONTEXT('',#4266,'design');
#4246=PRODUCT_DEFINITION_CONTEXT('',#4267,'design');
#4247=PRODUCT_DEFINITION_CONTEXT('',#4268,'design');
#4248=PRODUCT_DEFINITION_FORMATION_WITH_SPECIFIED_SOURCE('','',#4254,
 .NOT_KNOWN.);
#4249=PRODUCT_DEFINITION_FORMATION_WITH_SPECIFIED_SOURCE('','',#4255,
 .NOT_KNOWN.);
#4250=PRODUCT_DEFINITION_FORMATION_WITH_SPECIFIED_SOURCE('','',#4256,
 .NOT_KNOWN.);
#4251=PRODUCT_RELATED_PRODUCT_CATEGORY('','',(#4254));
#4252=PRODUCT_RELATED_PRODUCT_CATEGORY('','',(#4255));
#4253=PRODUCT_RELATED_PRODUCT_CATEGORY('','',(#4256));
#4254=PRODUCT('feather','feather','feather',(#4260));
#4255=PRODUCT('bavarian','bavarian','bavarian',(#4261));
#4256=PRODUCT('strap','strap','strap',(#4262));
#4257=PRODUCT_CATEGORY('','');
#4258=PRODUCT_CATEGORY('','');
#4259=PRODUCT_CATEGORY('','');
#4260=PRODUCT_CONTEXT('',#4266,'mechanical');
#4261=PRODUCT_CONTEXT('',#4267,'mechanical');
#4262=PRODUCT_CONTEXT('',#4268,'mechanical');
#4263=APPLICATION_PROTOCOL_DEFINITION('international standard',
'ap242_managed_model_based_3d_engineering',2020,#4266);
#4264=APPLICATION_PROTOCOL_DEFINITION('international standard',
'ap242_managed_model_based_3d_engineering',2020,#4267);
#4265=APPLICATION_PROTOCOL_DEFINITION('international standard',
'ap242_managed_model_based_3d_engineering',2020,#4268);
#4266=APPLICATION_CONTEXT('managed model based 3d engineering');
#4267=APPLICATION_CONTEXT('managed model based 3d engineering');
#4268=APPLICATION_CONTEXT('managed model based 3d engineering');
ENDSEC;
END-ISO-10303-21;
