ISO-10303-21;
HEADER;
/* Generated by software containing ST-Developer
 * from STEP Tools, Inc. (www.steptools.com) 
 */
/* OPTION: using custom renumber hook */

FILE_DESCRIPTION(
/* description */ ('STEP AP242',
'CAx-IF Rec.Pracs.---Representation and Presentation of Product Manufa
cturing Information (PMI)---4.0---2014-10-13',
'CAx-IF Rec.Pracs.---3D Tessellated Geometry---0.4---2014-09-14','2;1'),

/* implementation_level */ '2;1');

FILE_NAME(
/* name */ '68e8c8e3090d35c7e4b76b1d',
/* time_stamp */ '2025-10-10T08:50:44Z',
/* author */ (''),
/* organization */ (''),
/* preprocessor_version */ 'ST-DEVELOPER v20',
/* originating_system */ 'ONSHAPE BY PTC INC, 1.204',
/* authorisation */ '  ');

FILE_SCHEMA (('AP242_MANAGED_MODEL_BASED_3D_ENGINEERING_MIM_LF { 1 0 10303 442 1 1 4 }'));
ENDSEC;

DATA;
#10=SHAPE_REPRESENTATION_RELATIONSHIP('','',#1576,#11);
#11=ADVANCED_BREP_SHAPE_REPRESENTATION('',(#1574),#2554);
#12=ELLIPSE('',#1660,1.06894406581648,0.690825195780148);
#13=ELLIPSE('',#1664,1.06894406581648,0.690825195780148);
#14=CONICAL_SURFACE('',#1628,0.00192928932188135,0.785398163397449);
#15=CONICAL_SURFACE('',#1656,0.00192928932188135,0.785398163397449);
#16=CONICAL_SURFACE('',#1665,0.418166666666664,0.785398163397448);
#17=CONICAL_SURFACE('',#1667,0.003,0.785398163397448);
#18=CONICAL_SURFACE('',#1669,0.003,0.785398163397446);
#19=CONICAL_SURFACE('',#1672,0.001,0.785398163397448);
#20=CONICAL_SURFACE('',#1674,0.001,0.785398163397446);
#21=B_SPLINE_CURVE_WITH_KNOTS('',3,(#2144,#2145,#2146,#2147),
 .UNSPECIFIED.,.F.,.F.,(4,4),(0.,0.00809832211314162),.UNSPECIFIED.);
#22=B_SPLINE_CURVE_WITH_KNOTS('',3,(#2156,#2157,#2158,#2159),
 .UNSPECIFIED.,.F.,.F.,(4,4),(0.00200188477712452,0.0101002068902661),
 .UNSPECIFIED.);
#23=B_SPLINE_CURVE_WITH_KNOTS('',3,(#2302,#2303,#2304,#2305),
 .UNSPECIFIED.,.F.,.F.,(4,4),(0.,0.00283741619951347),.UNSPECIFIED.);
#24=B_SPLINE_CURVE_WITH_KNOTS('',3,(#2440,#2441,#2442,#2443),
 .UNSPECIFIED.,.F.,.F.,(4,4),(0.,0.00283741619951347),.UNSPECIFIED.);
#25=B_SPLINE_CURVE_WITH_KNOTS('',3,(#2518,#2519,#2520,#2521),
 .UNSPECIFIED.,.F.,.F.,(4,4),(3.46944695195361E-18,0.00128173335449141),
 .UNSPECIFIED.);
#26=B_SPLINE_CURVE_WITH_KNOTS('',3,(#2522,#2523,#2524,#2525),
 .UNSPECIFIED.,.F.,.F.,(4,4),(0.,0.00128173335449134),.UNSPECIFIED.);
#27=CYLINDRICAL_SURFACE('',#1582,0.418166666666664);
#28=CYLINDRICAL_SURFACE('',#1608,0.003);
#29=CYLINDRICAL_SURFACE('',#1610,0.003);
#30=CYLINDRICAL_SURFACE('',#1641,0.003);
#31=CYLINDRICAL_SURFACE('',#1643,0.003);
#32=CYLINDRICAL_SURFACE('',#1680,0.0011);
#33=CIRCLE('',#1579,0.420166666666664);
#34=CIRCLE('',#1580,0.420166666666664);
#35=CIRCLE('',#1583,0.418166666666664);
#36=CIRCLE('',#1584,0.418166666666664);
#37=CIRCLE('',#1589,0.0011);
#38=CIRCLE('',#1595,0.420166666666664);
#39=CIRCLE('',#1599,0.001);
#40=CIRCLE('',#1600,0.001);
#41=CIRCLE('',#1603,0.003);
#42=CIRCLE('',#1604,0.003);
#43=CIRCLE('',#1609,0.003);
#44=CIRCLE('',#1611,0.003);
#45=CIRCLE('',#1623,0.0018585786437627);
#46=CIRCLE('',#1627,0.000858578643762693);
#47=CIRCLE('',#1633,0.001);
#48=CIRCLE('',#1634,0.001);
#49=CIRCLE('',#1636,0.003);
#50=CIRCLE('',#1637,0.003);
#51=CIRCLE('',#1642,0.003);
#52=CIRCLE('',#1644,0.003);
#53=CIRCLE('',#1652,0.0018585786437627);
#54=CIRCLE('',#1655,0.000858578643762693);
#55=CIRCLE('',#1681,0.0011);
#56=ORIENTED_EDGE('',*,*,#500,.F.);
#57=ORIENTED_EDGE('',*,*,#501,.T.);
#58=ORIENTED_EDGE('',*,*,#502,.T.);
#59=ORIENTED_EDGE('',*,*,#503,.F.);
#60=ORIENTED_EDGE('',*,*,#504,.T.);
#61=ORIENTED_EDGE('',*,*,#505,.F.);
#62=ORIENTED_EDGE('',*,*,#506,.T.);
#63=ORIENTED_EDGE('',*,*,#507,.T.);
#64=ORIENTED_EDGE('',*,*,#508,.T.);
#65=ORIENTED_EDGE('',*,*,#509,.T.);
#66=ORIENTED_EDGE('',*,*,#510,.T.);
#67=ORIENTED_EDGE('',*,*,#511,.T.);
#68=ORIENTED_EDGE('',*,*,#512,.T.);
#69=ORIENTED_EDGE('',*,*,#513,.F.);
#70=ORIENTED_EDGE('',*,*,#514,.F.);
#71=ORIENTED_EDGE('',*,*,#515,.T.);
#72=ORIENTED_EDGE('',*,*,#516,.T.);
#73=ORIENTED_EDGE('',*,*,#517,.F.);
#74=ORIENTED_EDGE('',*,*,#518,.T.);
#75=ORIENTED_EDGE('',*,*,#519,.F.);
#76=ORIENTED_EDGE('',*,*,#520,.T.);
#77=ORIENTED_EDGE('',*,*,#521,.T.);
#78=ORIENTED_EDGE('',*,*,#505,.T.);
#79=ORIENTED_EDGE('',*,*,#522,.T.);
#80=ORIENTED_EDGE('',*,*,#523,.T.);
#81=ORIENTED_EDGE('',*,*,#524,.T.);
#82=ORIENTED_EDGE('',*,*,#525,.F.);
#83=ORIENTED_EDGE('',*,*,#526,.F.);
#84=ORIENTED_EDGE('',*,*,#527,.T.);
#85=ORIENTED_EDGE('',*,*,#528,.T.);
#86=ORIENTED_EDGE('',*,*,#529,.T.);
#87=ORIENTED_EDGE('',*,*,#530,.T.);
#88=ORIENTED_EDGE('',*,*,#531,.T.);
#89=ORIENTED_EDGE('',*,*,#532,.T.);
#90=ORIENTED_EDGE('',*,*,#533,.T.);
#91=ORIENTED_EDGE('',*,*,#534,.T.);
#92=ORIENTED_EDGE('',*,*,#535,.F.);
#93=ORIENTED_EDGE('',*,*,#536,.T.);
#94=ORIENTED_EDGE('',*,*,#537,.T.);
#95=ORIENTED_EDGE('',*,*,#538,.T.);
#96=ORIENTED_EDGE('',*,*,#539,.T.);
#97=ORIENTED_EDGE('',*,*,#540,.T.);
#98=ORIENTED_EDGE('',*,*,#541,.F.);
#99=ORIENTED_EDGE('',*,*,#542,.T.);
#100=ORIENTED_EDGE('',*,*,#543,.F.);
#101=ORIENTED_EDGE('',*,*,#544,.T.);
#102=ORIENTED_EDGE('',*,*,#545,.T.);
#103=ORIENTED_EDGE('',*,*,#546,.F.);
#104=ORIENTED_EDGE('',*,*,#547,.T.);
#105=ORIENTED_EDGE('',*,*,#548,.T.);
#106=ORIENTED_EDGE('',*,*,#549,.F.);
#107=ORIENTED_EDGE('',*,*,#548,.F.);
#108=ORIENTED_EDGE('',*,*,#550,.T.);
#109=ORIENTED_EDGE('',*,*,#551,.F.);
#110=ORIENTED_EDGE('',*,*,#552,.T.);
#111=ORIENTED_EDGE('',*,*,#553,.T.);
#112=ORIENTED_EDGE('',*,*,#554,.T.);
#113=ORIENTED_EDGE('',*,*,#544,.F.);
#114=ORIENTED_EDGE('',*,*,#555,.T.);
#115=ORIENTED_EDGE('',*,*,#556,.T.);
#116=ORIENTED_EDGE('',*,*,#557,.T.);
#117=ORIENTED_EDGE('',*,*,#558,.F.);
#118=ORIENTED_EDGE('',*,*,#559,.T.);
#119=ORIENTED_EDGE('',*,*,#503,.T.);
#120=ORIENTED_EDGE('',*,*,#560,.F.);
#121=ORIENTED_EDGE('',*,*,#561,.T.);
#122=ORIENTED_EDGE('',*,*,#562,.T.);
#123=ORIENTED_EDGE('',*,*,#520,.F.);
#124=ORIENTED_EDGE('',*,*,#563,.T.);
#125=ORIENTED_EDGE('',*,*,#564,.T.);
#126=ORIENTED_EDGE('',*,*,#565,.F.);
#127=ORIENTED_EDGE('',*,*,#566,.T.);
#128=ORIENTED_EDGE('',*,*,#567,.F.);
#129=ORIENTED_EDGE('',*,*,#568,.T.);
#130=ORIENTED_EDGE('',*,*,#538,.F.);
#131=ORIENTED_EDGE('',*,*,#569,.T.);
#132=ORIENTED_EDGE('',*,*,#570,.F.);
#133=ORIENTED_EDGE('',*,*,#571,.T.);
#134=ORIENTED_EDGE('',*,*,#533,.F.);
#135=ORIENTED_EDGE('',*,*,#572,.T.);
#136=ORIENTED_EDGE('',*,*,#565,.T.);
#137=ORIENTED_EDGE('',*,*,#573,.T.);
#138=ORIENTED_EDGE('',*,*,#574,.T.);
#139=ORIENTED_EDGE('',*,*,#575,.T.);
#140=ORIENTED_EDGE('',*,*,#576,.T.);
#141=ORIENTED_EDGE('',*,*,#577,.F.);
#142=ORIENTED_EDGE('',*,*,#578,.T.);
#143=ORIENTED_EDGE('',*,*,#560,.T.);
#144=ORIENTED_EDGE('',*,*,#579,.T.);
#145=ORIENTED_EDGE('',*,*,#567,.T.);
#146=ORIENTED_EDGE('',*,*,#516,.F.);
#147=ORIENTED_EDGE('',*,*,#580,.F.);
#148=ORIENTED_EDGE('',*,*,#581,.T.);
#149=ORIENTED_EDGE('',*,*,#582,.T.);
#150=ORIENTED_EDGE('',*,*,#515,.F.);
#151=ORIENTED_EDGE('',*,*,#583,.F.);
#152=ORIENTED_EDGE('',*,*,#584,.T.);
#153=ORIENTED_EDGE('',*,*,#580,.T.);
#154=ORIENTED_EDGE('',*,*,#585,.T.);
#155=ORIENTED_EDGE('',*,*,#517,.T.);
#156=ORIENTED_EDGE('',*,*,#582,.F.);
#157=ORIENTED_EDGE('',*,*,#586,.T.);
#158=ORIENTED_EDGE('',*,*,#587,.T.);
#159=ORIENTED_EDGE('',*,*,#588,.T.);
#160=ORIENTED_EDGE('',*,*,#589,.T.);
#161=ORIENTED_EDGE('',*,*,#590,.T.);
#162=ORIENTED_EDGE('',*,*,#591,.T.);
#163=ORIENTED_EDGE('',*,*,#592,.T.);
#164=ORIENTED_EDGE('',*,*,#593,.F.);
#165=ORIENTED_EDGE('',*,*,#594,.F.);
#166=ORIENTED_EDGE('',*,*,#526,.T.);
#167=ORIENTED_EDGE('',*,*,#595,.T.);
#168=ORIENTED_EDGE('',*,*,#596,.T.);
#169=ORIENTED_EDGE('',*,*,#597,.T.);
#170=ORIENTED_EDGE('',*,*,#586,.F.);
#171=ORIENTED_EDGE('',*,*,#581,.F.);
#172=ORIENTED_EDGE('',*,*,#584,.F.);
#173=ORIENTED_EDGE('',*,*,#598,.T.);
#174=ORIENTED_EDGE('',*,*,#599,.F.);
#175=ORIENTED_EDGE('',*,*,#600,.T.);
#176=ORIENTED_EDGE('',*,*,#601,.F.);
#177=ORIENTED_EDGE('',*,*,#602,.T.);
#178=ORIENTED_EDGE('',*,*,#603,.F.);
#179=ORIENTED_EDGE('',*,*,#595,.F.);
#180=ORIENTED_EDGE('',*,*,#525,.T.);
#181=ORIENTED_EDGE('',*,*,#604,.T.);
#182=ORIENTED_EDGE('',*,*,#500,.T.);
#183=ORIENTED_EDGE('',*,*,#605,.T.);
#184=ORIENTED_EDGE('',*,*,#606,.T.);
#185=ORIENTED_EDGE('',*,*,#596,.F.);
#186=ORIENTED_EDGE('',*,*,#603,.T.);
#187=ORIENTED_EDGE('',*,*,#607,.T.);
#188=ORIENTED_EDGE('',*,*,#608,.T.);
#189=ORIENTED_EDGE('',*,*,#609,.T.);
#190=ORIENTED_EDGE('',*,*,#601,.T.);
#191=ORIENTED_EDGE('',*,*,#519,.T.);
#192=ORIENTED_EDGE('',*,*,#610,.T.);
#193=ORIENTED_EDGE('',*,*,#611,.T.);
#194=ORIENTED_EDGE('',*,*,#599,.T.);
#195=ORIENTED_EDGE('',*,*,#611,.F.);
#196=ORIENTED_EDGE('',*,*,#612,.T.);
#197=ORIENTED_EDGE('',*,*,#607,.F.);
#198=ORIENTED_EDGE('',*,*,#600,.F.);
#199=ORIENTED_EDGE('',*,*,#609,.F.);
#200=ORIENTED_EDGE('',*,*,#613,.T.);
#201=ORIENTED_EDGE('',*,*,#605,.F.);
#202=ORIENTED_EDGE('',*,*,#602,.F.);
#203=ORIENTED_EDGE('',*,*,#614,.F.);
#204=ORIENTED_EDGE('',*,*,#615,.T.);
#205=ORIENTED_EDGE('',*,*,#616,.T.);
#206=ORIENTED_EDGE('',*,*,#617,.F.);
#207=ORIENTED_EDGE('',*,*,#618,.T.);
#208=ORIENTED_EDGE('',*,*,#535,.T.);
#209=ORIENTED_EDGE('',*,*,#619,.T.);
#210=ORIENTED_EDGE('',*,*,#558,.T.);
#211=ORIENTED_EDGE('',*,*,#620,.F.);
#212=ORIENTED_EDGE('',*,*,#621,.F.);
#213=ORIENTED_EDGE('',*,*,#622,.F.);
#214=ORIENTED_EDGE('',*,*,#623,.F.);
#215=ORIENTED_EDGE('',*,*,#624,.F.);
#216=ORIENTED_EDGE('',*,*,#625,.F.);
#217=ORIENTED_EDGE('',*,*,#626,.F.);
#218=ORIENTED_EDGE('',*,*,#627,.T.);
#219=ORIENTED_EDGE('',*,*,#614,.T.);
#220=ORIENTED_EDGE('',*,*,#628,.F.);
#221=ORIENTED_EDGE('',*,*,#629,.T.);
#222=ORIENTED_EDGE('',*,*,#630,.T.);
#223=ORIENTED_EDGE('',*,*,#631,.T.);
#224=ORIENTED_EDGE('',*,*,#632,.T.);
#225=ORIENTED_EDGE('',*,*,#628,.T.);
#226=ORIENTED_EDGE('',*,*,#621,.T.);
#227=ORIENTED_EDGE('',*,*,#633,.T.);
#228=ORIENTED_EDGE('',*,*,#634,.T.);
#229=ORIENTED_EDGE('',*,*,#557,.F.);
#230=ORIENTED_EDGE('',*,*,#635,.T.);
#231=ORIENTED_EDGE('',*,*,#636,.T.);
#232=ORIENTED_EDGE('',*,*,#637,.T.);
#233=ORIENTED_EDGE('',*,*,#633,.F.);
#234=ORIENTED_EDGE('',*,*,#620,.T.);
#235=ORIENTED_EDGE('',*,*,#552,.F.);
#236=ORIENTED_EDGE('',*,*,#638,.T.);
#237=ORIENTED_EDGE('',*,*,#639,.F.);
#238=ORIENTED_EDGE('',*,*,#640,.F.);
#239=ORIENTED_EDGE('',*,*,#632,.F.);
#240=ORIENTED_EDGE('',*,*,#641,.F.);
#241=ORIENTED_EDGE('',*,*,#642,.F.);
#242=ORIENTED_EDGE('',*,*,#643,.F.);
#243=ORIENTED_EDGE('',*,*,#644,.T.);
#244=ORIENTED_EDGE('',*,*,#645,.T.);
#245=ORIENTED_EDGE('',*,*,#553,.F.);
#246=ORIENTED_EDGE('',*,*,#640,.T.);
#247=ORIENTED_EDGE('',*,*,#646,.F.);
#248=ORIENTED_EDGE('',*,*,#642,.T.);
#249=ORIENTED_EDGE('',*,*,#647,.F.);
#250=ORIENTED_EDGE('',*,*,#639,.T.);
#251=ORIENTED_EDGE('',*,*,#648,.F.);
#252=ORIENTED_EDGE('',*,*,#649,.F.);
#253=ORIENTED_EDGE('',*,*,#622,.T.);
#254=ORIENTED_EDGE('',*,*,#643,.T.);
#255=ORIENTED_EDGE('',*,*,#646,.T.);
#256=ORIENTED_EDGE('',*,*,#529,.F.);
#257=ORIENTED_EDGE('',*,*,#650,.T.);
#258=ORIENTED_EDGE('',*,*,#546,.T.);
#259=ORIENTED_EDGE('',*,*,#651,.T.);
#260=ORIENTED_EDGE('',*,*,#652,.T.);
#261=ORIENTED_EDGE('',*,*,#653,.T.);
#262=ORIENTED_EDGE('',*,*,#654,.T.);
#263=ORIENTED_EDGE('',*,*,#636,.F.);
#264=ORIENTED_EDGE('',*,*,#655,.T.);
#265=ORIENTED_EDGE('',*,*,#644,.F.);
#266=ORIENTED_EDGE('',*,*,#656,.F.);
#267=ORIENTED_EDGE('',*,*,#631,.F.);
#268=ORIENTED_EDGE('',*,*,#657,.T.);
#269=ORIENTED_EDGE('',*,*,#652,.F.);
#270=ORIENTED_EDGE('',*,*,#647,.T.);
#271=ORIENTED_EDGE('',*,*,#641,.T.);
#272=ORIENTED_EDGE('',*,*,#654,.F.);
#273=ORIENTED_EDGE('',*,*,#658,.T.);
#274=ORIENTED_EDGE('',*,*,#629,.F.);
#275=ORIENTED_EDGE('',*,*,#634,.F.);
#276=ORIENTED_EDGE('',*,*,#637,.F.);
#277=ORIENTED_EDGE('',*,*,#657,.F.);
#278=ORIENTED_EDGE('',*,*,#630,.F.);
#279=ORIENTED_EDGE('',*,*,#658,.F.);
#280=ORIENTED_EDGE('',*,*,#653,.F.);
#281=ORIENTED_EDGE('',*,*,#659,.T.);
#282=ORIENTED_EDGE('',*,*,#659,.F.);
#283=ORIENTED_EDGE('',*,*,#656,.T.);
#284=ORIENTED_EDGE('',*,*,#660,.F.);
#285=ORIENTED_EDGE('',*,*,#661,.T.);
#286=ORIENTED_EDGE('',*,*,#662,.T.);
#287=ORIENTED_EDGE('',*,*,#507,.F.);
#288=ORIENTED_EDGE('',*,*,#663,.T.);
#289=ORIENTED_EDGE('',*,*,#617,.T.);
#290=ORIENTED_EDGE('',*,*,#577,.T.);
#291=ORIENTED_EDGE('',*,*,#664,.T.);
#292=ORIENTED_EDGE('',*,*,#570,.T.);
#293=ORIENTED_EDGE('',*,*,#665,.T.);
#294=ORIENTED_EDGE('',*,*,#514,.T.);
#295=ORIENTED_EDGE('',*,*,#666,.F.);
#296=ORIENTED_EDGE('',*,*,#598,.F.);
#297=ORIENTED_EDGE('',*,*,#583,.T.);
#298=ORIENTED_EDGE('',*,*,#666,.T.);
#299=ORIENTED_EDGE('',*,*,#513,.T.);
#300=ORIENTED_EDGE('',*,*,#667,.T.);
#301=ORIENTED_EDGE('',*,*,#668,.T.);
#302=ORIENTED_EDGE('',*,*,#669,.T.);
#303=ORIENTED_EDGE('',*,*,#670,.T.);
#304=ORIENTED_EDGE('',*,*,#671,.T.);
#305=ORIENTED_EDGE('',*,*,#591,.F.);
#306=ORIENTED_EDGE('',*,*,#672,.T.);
#307=ORIENTED_EDGE('',*,*,#510,.F.);
#308=ORIENTED_EDGE('',*,*,#673,.T.);
#309=ORIENTED_EDGE('',*,*,#523,.F.);
#310=ORIENTED_EDGE('',*,*,#594,.T.);
#311=ORIENTED_EDGE('',*,*,#674,.T.);
#312=ORIENTED_EDGE('',*,*,#675,.F.);
#313=ORIENTED_EDGE('',*,*,#676,.T.);
#314=ORIENTED_EDGE('',*,*,#677,.F.);
#315=ORIENTED_EDGE('',*,*,#593,.T.);
#316=ORIENTED_EDGE('',*,*,#678,.T.);
#317=ORIENTED_EDGE('',*,*,#679,.F.);
#318=ORIENTED_EDGE('',*,*,#674,.F.);
#319=ORIENTED_EDGE('',*,*,#680,.F.);
#320=ORIENTED_EDGE('',*,*,#681,.T.);
#321=ORIENTED_EDGE('',*,*,#682,.F.);
#322=ORIENTED_EDGE('',*,*,#676,.F.);
#323=ORIENTED_EDGE('',*,*,#683,.F.);
#324=ORIENTED_EDGE('',*,*,#684,.T.);
#325=ORIENTED_EDGE('',*,*,#511,.F.);
#326=ORIENTED_EDGE('',*,*,#672,.F.);
#327=ORIENTED_EDGE('',*,*,#682,.T.);
#328=ORIENTED_EDGE('',*,*,#685,.T.);
#329=ORIENTED_EDGE('',*,*,#683,.T.);
#330=ORIENTED_EDGE('',*,*,#677,.T.);
#331=ORIENTED_EDGE('',*,*,#679,.T.);
#332=ORIENTED_EDGE('',*,*,#686,.T.);
#333=ORIENTED_EDGE('',*,*,#680,.T.);
#334=ORIENTED_EDGE('',*,*,#675,.T.);
#335=ORIENTED_EDGE('',*,*,#627,.F.);
#336=ORIENTED_EDGE('',*,*,#687,.F.);
#337=ORIENTED_EDGE('',*,*,#688,.F.);
#338=ORIENTED_EDGE('',*,*,#615,.F.);
#339=ORIENTED_EDGE('',*,*,#689,.F.);
#340=ORIENTED_EDGE('',*,*,#690,.T.);
#341=ORIENTED_EDGE('',*,*,#660,.T.);
#342=ORIENTED_EDGE('',*,*,#616,.F.);
#343=ORIENTED_EDGE('',*,*,#688,.T.);
#344=ORIENTED_EDGE('',*,*,#691,.F.);
#345=ORIENTED_EDGE('',*,*,#623,.T.);
#346=ORIENTED_EDGE('',*,*,#649,.T.);
#347=ORIENTED_EDGE('',*,*,#692,.T.);
#348=ORIENTED_EDGE('',*,*,#693,.T.);
#349=ORIENTED_EDGE('',*,*,#694,.T.);
#350=ORIENTED_EDGE('',*,*,#695,.F.);
#351=ORIENTED_EDGE('',*,*,#696,.T.);
#352=ORIENTED_EDGE('',*,*,#692,.F.);
#353=ORIENTED_EDGE('',*,*,#648,.T.);
#354=ORIENTED_EDGE('',*,*,#638,.F.);
#355=ORIENTED_EDGE('',*,*,#551,.T.);
#356=ORIENTED_EDGE('',*,*,#697,.F.);
#357=ORIENTED_EDGE('',*,*,#695,.T.);
#358=ORIENTED_EDGE('',*,*,#698,.T.);
#359=ORIENTED_EDGE('',*,*,#689,.T.);
#360=ORIENTED_EDGE('',*,*,#699,.F.);
#361=ORIENTED_EDGE('',*,*,#700,.F.);
#362=ORIENTED_EDGE('',*,*,#699,.T.);
#363=ORIENTED_EDGE('',*,*,#691,.T.);
#364=ORIENTED_EDGE('',*,*,#687,.T.);
#365=ORIENTED_EDGE('',*,*,#626,.T.);
#366=ORIENTED_EDGE('',*,*,#701,.F.);
#367=ORIENTED_EDGE('',*,*,#702,.T.);
#368=ORIENTED_EDGE('',*,*,#624,.T.);
#369=ORIENTED_EDGE('',*,*,#693,.F.);
#370=ORIENTED_EDGE('',*,*,#696,.F.);
#371=ORIENTED_EDGE('',*,*,#697,.T.);
#372=ORIENTED_EDGE('',*,*,#703,.F.);
#373=ORIENTED_EDGE('',*,*,#703,.T.);
#374=ORIENTED_EDGE('',*,*,#700,.T.);
#375=ORIENTED_EDGE('',*,*,#701,.T.);
#376=ORIENTED_EDGE('',*,*,#625,.T.);
#377=ORIENTED_EDGE('',*,*,#704,.F.);
#378=ORIENTED_EDGE('',*,*,#704,.T.);
#379=ORIENTED_EDGE('',*,*,#702,.F.);
#380=ORIENTED_EDGE('',*,*,#569,.F.);
#381=ORIENTED_EDGE('',*,*,#537,.F.);
#382=ORIENTED_EDGE('',*,*,#705,.F.);
#383=ORIENTED_EDGE('',*,*,#561,.F.);
#384=ORIENTED_EDGE('',*,*,#578,.F.);
#385=ORIENTED_EDGE('',*,*,#665,.F.);
#386=ORIENTED_EDGE('',*,*,#618,.F.);
#387=ORIENTED_EDGE('',*,*,#663,.F.);
#388=ORIENTED_EDGE('',*,*,#506,.F.);
#389=ORIENTED_EDGE('',*,*,#521,.F.);
#390=ORIENTED_EDGE('',*,*,#562,.F.);
#391=ORIENTED_EDGE('',*,*,#705,.T.);
#392=ORIENTED_EDGE('',*,*,#536,.F.);
#393=ORIENTED_EDGE('',*,*,#576,.F.);
#394=ORIENTED_EDGE('',*,*,#706,.T.);
#395=ORIENTED_EDGE('',*,*,#534,.F.);
#396=ORIENTED_EDGE('',*,*,#571,.F.);
#397=ORIENTED_EDGE('',*,*,#664,.F.);
#398=ORIENTED_EDGE('',*,*,#579,.F.);
#399=ORIENTED_EDGE('',*,*,#564,.F.);
#400=ORIENTED_EDGE('',*,*,#707,.F.);
#401=ORIENTED_EDGE('',*,*,#539,.F.);
#402=ORIENTED_EDGE('',*,*,#573,.F.);
#403=ORIENTED_EDGE('',*,*,#568,.F.);
#404=ORIENTED_EDGE('',*,*,#563,.F.);
#405=ORIENTED_EDGE('',*,*,#522,.F.);
#406=ORIENTED_EDGE('',*,*,#504,.F.);
#407=ORIENTED_EDGE('',*,*,#559,.F.);
#408=ORIENTED_EDGE('',*,*,#619,.F.);
#409=ORIENTED_EDGE('',*,*,#540,.F.);
#410=ORIENTED_EDGE('',*,*,#707,.T.);
#411=ORIENTED_EDGE('',*,*,#574,.F.);
#412=ORIENTED_EDGE('',*,*,#566,.F.);
#413=ORIENTED_EDGE('',*,*,#572,.F.);
#414=ORIENTED_EDGE('',*,*,#532,.F.);
#415=ORIENTED_EDGE('',*,*,#708,.T.);
#416=ORIENTED_EDGE('',*,*,#531,.F.);
#417=ORIENTED_EDGE('',*,*,#709,.T.);
#418=ORIENTED_EDGE('',*,*,#501,.F.);
#419=ORIENTED_EDGE('',*,*,#604,.F.);
#420=ORIENTED_EDGE('',*,*,#524,.F.);
#421=ORIENTED_EDGE('',*,*,#673,.F.);
#422=ORIENTED_EDGE('',*,*,#509,.F.);
#423=ORIENTED_EDGE('',*,*,#710,.T.);
#424=ORIENTED_EDGE('',*,*,#527,.F.);
#425=ORIENTED_EDGE('',*,*,#706,.F.);
#426=ORIENTED_EDGE('',*,*,#575,.F.);
#427=ORIENTED_EDGE('',*,*,#708,.F.);
#428=ORIENTED_EDGE('',*,*,#592,.F.);
#429=ORIENTED_EDGE('',*,*,#671,.F.);
#430=ORIENTED_EDGE('',*,*,#711,.F.);
#431=ORIENTED_EDGE('',*,*,#678,.F.);
#432=ORIENTED_EDGE('',*,*,#711,.T.);
#433=ORIENTED_EDGE('',*,*,#670,.F.);
#434=ORIENTED_EDGE('',*,*,#712,.F.);
#435=ORIENTED_EDGE('',*,*,#686,.F.);
#436=ORIENTED_EDGE('',*,*,#712,.T.);
#437=ORIENTED_EDGE('',*,*,#669,.F.);
#438=ORIENTED_EDGE('',*,*,#713,.F.);
#439=ORIENTED_EDGE('',*,*,#681,.F.);
#440=ORIENTED_EDGE('',*,*,#713,.T.);
#441=ORIENTED_EDGE('',*,*,#668,.F.);
#442=ORIENTED_EDGE('',*,*,#714,.F.);
#443=ORIENTED_EDGE('',*,*,#685,.F.);
#444=ORIENTED_EDGE('',*,*,#714,.T.);
#445=ORIENTED_EDGE('',*,*,#667,.F.);
#446=ORIENTED_EDGE('',*,*,#512,.F.);
#447=ORIENTED_EDGE('',*,*,#684,.F.);
#448=ORIENTED_EDGE('',*,*,#597,.F.);
#449=ORIENTED_EDGE('',*,*,#606,.F.);
#450=ORIENTED_EDGE('',*,*,#715,.F.);
#451=ORIENTED_EDGE('',*,*,#587,.F.);
#452=ORIENTED_EDGE('',*,*,#715,.T.);
#453=ORIENTED_EDGE('',*,*,#613,.F.);
#454=ORIENTED_EDGE('',*,*,#716,.F.);
#455=ORIENTED_EDGE('',*,*,#588,.F.);
#456=ORIENTED_EDGE('',*,*,#716,.T.);
#457=ORIENTED_EDGE('',*,*,#608,.F.);
#458=ORIENTED_EDGE('',*,*,#717,.F.);
#459=ORIENTED_EDGE('',*,*,#589,.F.);
#460=ORIENTED_EDGE('',*,*,#717,.T.);
#461=ORIENTED_EDGE('',*,*,#612,.F.);
#462=ORIENTED_EDGE('',*,*,#718,.F.);
#463=ORIENTED_EDGE('',*,*,#590,.F.);
#464=ORIENTED_EDGE('',*,*,#718,.T.);
#465=ORIENTED_EDGE('',*,*,#610,.F.);
#466=ORIENTED_EDGE('',*,*,#518,.F.);
#467=ORIENTED_EDGE('',*,*,#585,.F.);
#468=ORIENTED_EDGE('',*,*,#508,.F.);
#469=ORIENTED_EDGE('',*,*,#662,.F.);
#470=ORIENTED_EDGE('',*,*,#719,.F.);
#471=ORIENTED_EDGE('',*,*,#528,.F.);
#472=ORIENTED_EDGE('',*,*,#710,.F.);
#473=ORIENTED_EDGE('',*,*,#719,.T.);
#474=ORIENTED_EDGE('',*,*,#661,.F.);
#475=ORIENTED_EDGE('',*,*,#690,.F.);
#476=ORIENTED_EDGE('',*,*,#698,.F.);
#477=ORIENTED_EDGE('',*,*,#694,.F.);
#478=ORIENTED_EDGE('',*,*,#550,.F.);
#479=ORIENTED_EDGE('',*,*,#547,.F.);
#480=ORIENTED_EDGE('',*,*,#650,.F.);
#481=ORIENTED_EDGE('',*,*,#709,.F.);
#482=ORIENTED_EDGE('',*,*,#530,.F.);
#483=ORIENTED_EDGE('',*,*,#720,.F.);
#484=ORIENTED_EDGE('',*,*,#555,.F.);
#485=ORIENTED_EDGE('',*,*,#502,.F.);
#486=ORIENTED_EDGE('',*,*,#720,.T.);
#487=ORIENTED_EDGE('',*,*,#651,.F.);
#488=ORIENTED_EDGE('',*,*,#545,.F.);
#489=ORIENTED_EDGE('',*,*,#554,.F.);
#490=ORIENTED_EDGE('',*,*,#645,.F.);
#491=ORIENTED_EDGE('',*,*,#655,.F.);
#492=ORIENTED_EDGE('',*,*,#635,.F.);
#493=ORIENTED_EDGE('',*,*,#556,.F.);
#494=ORIENTED_EDGE('',*,*,#541,.T.);
#495=ORIENTED_EDGE('',*,*,#549,.T.);
#496=ORIENTED_EDGE('',*,*,#543,.T.);
#497=ORIENTED_EDGE('',*,*,#721,.F.);
#498=ORIENTED_EDGE('',*,*,#721,.T.);
#499=ORIENTED_EDGE('',*,*,#542,.F.);
#500=EDGE_CURVE('',#722,#723,#868,.T.);
#501=EDGE_CURVE('',#722,#724,#33,.T.);
#502=EDGE_CURVE('',#724,#725,#869,.F.);
#503=EDGE_CURVE('',#726,#725,#870,.T.);
#504=EDGE_CURVE('',#726,#727,#871,.F.);
#505=EDGE_CURVE('',#728,#727,#872,.T.);
#506=EDGE_CURVE('',#728,#729,#873,.F.);
#507=EDGE_CURVE('',#729,#730,#874,.T.);
#508=EDGE_CURVE('',#730,#731,#875,.F.);
#509=EDGE_CURVE('',#731,#732,#34,.T.);
#510=EDGE_CURVE('',#732,#733,#876,.T.);
#511=EDGE_CURVE('',#733,#734,#877,.T.);
#512=EDGE_CURVE('',#734,#735,#878,.F.);
#513=EDGE_CURVE('',#736,#735,#879,.T.);
#514=EDGE_CURVE('',#737,#736,#880,.T.);
#515=EDGE_CURVE('',#737,#738,#881,.T.);
#516=EDGE_CURVE('',#738,#739,#882,.T.);
#517=EDGE_CURVE('',#740,#739,#883,.T.);
#518=EDGE_CURVE('',#740,#741,#884,.F.);
#519=EDGE_CURVE('',#723,#741,#885,.T.);
#520=EDGE_CURVE('',#742,#743,#886,.T.);
#521=EDGE_CURVE('',#743,#728,#887,.T.);
#522=EDGE_CURVE('',#727,#742,#888,.T.);
#523=EDGE_CURVE('',#744,#745,#889,.T.);
#524=EDGE_CURVE('',#745,#746,#35,.F.);
#525=EDGE_CURVE('',#747,#746,#890,.T.);
#526=EDGE_CURVE('',#744,#747,#36,.T.);
#527=EDGE_CURVE('',#748,#749,#21,.T.);
#528=EDGE_CURVE('',#749,#750,#891,.T.);
#529=EDGE_CURVE('',#750,#751,#892,.T.);
#530=EDGE_CURVE('',#751,#752,#893,.T.);
#531=EDGE_CURVE('',#752,#753,#22,.T.);
#532=EDGE_CURVE('',#753,#754,#894,.T.);
#533=EDGE_CURVE('',#754,#755,#895,.T.);
#534=EDGE_CURVE('',#755,#748,#896,.T.);
#535=EDGE_CURVE('',#756,#757,#897,.T.);
#536=EDGE_CURVE('',#756,#758,#898,.T.);
#537=EDGE_CURVE('',#758,#759,#899,.T.);
#538=EDGE_CURVE('',#759,#760,#900,.T.);
#539=EDGE_CURVE('',#760,#761,#901,.T.);
#540=EDGE_CURVE('',#761,#757,#902,.T.);
#541=EDGE_CURVE('',#762,#763,#903,.T.);
#542=EDGE_CURVE('',#762,#764,#904,.T.);
#543=EDGE_CURVE('',#765,#764,#905,.F.);
#544=EDGE_CURVE('',#765,#766,#906,.T.);
#545=EDGE_CURVE('',#766,#767,#907,.F.);
#546=EDGE_CURVE('',#768,#767,#908,.F.);
#547=EDGE_CURVE('',#768,#769,#909,.F.);
#548=EDGE_CURVE('',#769,#763,#910,.T.);
#549=EDGE_CURVE('',#763,#765,#37,.T.);
#550=EDGE_CURVE('',#769,#770,#911,.F.);
#551=EDGE_CURVE('',#771,#770,#912,.F.);
#552=EDGE_CURVE('',#771,#772,#913,.T.);
#553=EDGE_CURVE('',#772,#773,#914,.F.);
#554=EDGE_CURVE('',#773,#766,#915,.F.);
#555=EDGE_CURVE('',#725,#774,#916,.T.);
#556=EDGE_CURVE('',#774,#775,#917,.T.);
#557=EDGE_CURVE('',#775,#776,#918,.T.);
#558=EDGE_CURVE('',#777,#776,#919,.T.);
#559=EDGE_CURVE('',#777,#726,#920,.T.);
#560=EDGE_CURVE('',#778,#779,#921,.T.);
#561=EDGE_CURVE('',#778,#780,#922,.F.);
#562=EDGE_CURVE('',#780,#743,#923,.T.);
#563=EDGE_CURVE('',#742,#781,#924,.T.);
#564=EDGE_CURVE('',#781,#779,#925,.F.);
#565=EDGE_CURVE('',#782,#783,#926,.T.);
#566=EDGE_CURVE('',#782,#784,#927,.T.);
#567=EDGE_CURVE('',#785,#784,#928,.T.);
#568=EDGE_CURVE('',#785,#783,#929,.T.);
#569=EDGE_CURVE('',#759,#786,#930,.F.);
#570=EDGE_CURVE('',#787,#786,#931,.T.);
#571=EDGE_CURVE('',#787,#755,#932,.F.);
#572=EDGE_CURVE('',#754,#782,#933,.F.);
#573=EDGE_CURVE('',#783,#760,#934,.F.);
#574=EDGE_CURVE('',#784,#788,#935,.F.);
#575=EDGE_CURVE('',#788,#789,#38,.T.);
#576=EDGE_CURVE('',#789,#790,#936,.F.);
#577=EDGE_CURVE('',#791,#790,#937,.T.);
#578=EDGE_CURVE('',#791,#778,#938,.F.);
#579=EDGE_CURVE('',#779,#785,#939,.F.);
#580=EDGE_CURVE('',#792,#738,#940,.T.);
#581=EDGE_CURVE('',#792,#793,#941,.T.);
#582=EDGE_CURVE('',#793,#739,#942,.T.);
#583=EDGE_CURVE('',#794,#737,#943,.T.);
#584=EDGE_CURVE('',#794,#792,#944,.T.);
#585=EDGE_CURVE('',#795,#740,#945,.T.);
#586=EDGE_CURVE('',#793,#796,#946,.T.);
#587=EDGE_CURVE('',#796,#797,#947,.T.);
#588=EDGE_CURVE('',#797,#798,#39,.T.);
#589=EDGE_CURVE('',#798,#799,#948,.T.);
#590=EDGE_CURVE('',#799,#795,#40,.T.);
#591=EDGE_CURVE('',#800,#801,#949,.T.);
#592=EDGE_CURVE('',#801,#802,#950,.F.);
#593=EDGE_CURVE('',#803,#802,#951,.T.);
#594=EDGE_CURVE('',#744,#803,#952,.T.);
#595=EDGE_CURVE('',#747,#804,#953,.T.);
#596=EDGE_CURVE('',#804,#805,#954,.T.);
#597=EDGE_CURVE('',#805,#796,#955,.F.);
#598=EDGE_CURVE('',#794,#800,#956,.T.);
#599=EDGE_CURVE('',#806,#723,#957,.T.);
#600=EDGE_CURVE('',#806,#807,#41,.F.);
#601=EDGE_CURVE('',#808,#807,#958,.T.);
#602=EDGE_CURVE('',#808,#809,#42,.F.);
#603=EDGE_CURVE('',#804,#809,#959,.T.);
#604=EDGE_CURVE('',#746,#722,#23,.T.);
#605=EDGE_CURVE('',#809,#810,#960,.T.);
#606=EDGE_CURVE('',#810,#805,#961,.T.);
#607=EDGE_CURVE('',#807,#811,#962,.T.);
#608=EDGE_CURVE('',#811,#812,#963,.T.);
#609=EDGE_CURVE('',#812,#808,#964,.F.);
#610=EDGE_CURVE('',#741,#813,#965,.T.);
#611=EDGE_CURVE('',#813,#806,#966,.F.);
#612=EDGE_CURVE('',#813,#811,#43,.F.);
#613=EDGE_CURVE('',#812,#810,#44,.F.);
#614=EDGE_CURVE('',#814,#815,#967,.F.);
#615=EDGE_CURVE('',#814,#816,#968,.T.);
#616=EDGE_CURVE('',#816,#817,#969,.T.);
#617=EDGE_CURVE('',#818,#817,#970,.T.);
#618=EDGE_CURVE('',#818,#756,#971,.F.);
#619=EDGE_CURVE('',#757,#777,#972,.F.);
#620=EDGE_CURVE('',#819,#776,#973,.T.);
#621=EDGE_CURVE('',#815,#819,#974,.T.);
#622=EDGE_CURVE('',#820,#821,#975,.T.);
#623=EDGE_CURVE('',#822,#820,#976,.T.);
#624=EDGE_CURVE('',#823,#822,#977,.T.);
#625=EDGE_CURVE('',#824,#823,#978,.T.);
#626=EDGE_CURVE('',#825,#824,#979,.T.);
#627=EDGE_CURVE('',#825,#814,#980,.T.);
#628=EDGE_CURVE('',#826,#815,#981,.T.);
#629=EDGE_CURVE('',#826,#827,#982,.T.);
#630=EDGE_CURVE('',#827,#828,#983,.T.);
#631=EDGE_CURVE('',#828,#829,#984,.T.);
#632=EDGE_CURVE('',#829,#821,#985,.T.);
#633=EDGE_CURVE('',#819,#830,#986,.T.);
#634=EDGE_CURVE('',#830,#826,#987,.T.);
#635=EDGE_CURVE('',#775,#831,#988,.F.);
#636=EDGE_CURVE('',#831,#832,#989,.F.);
#637=EDGE_CURVE('',#832,#830,#990,.T.);
#638=EDGE_CURVE('',#771,#833,#991,.T.);
#639=EDGE_CURVE('',#834,#833,#992,.T.);
#640=EDGE_CURVE('',#772,#834,#993,.T.);
#641=EDGE_CURVE('',#835,#829,#994,.T.);
#642=EDGE_CURVE('',#836,#835,#995,.T.);
#643=EDGE_CURVE('',#821,#836,#996,.T.);
#644=EDGE_CURVE('',#837,#838,#997,.F.);
#645=EDGE_CURVE('',#838,#773,#998,.F.);
#646=EDGE_CURVE('',#836,#834,#999,.T.);
#647=EDGE_CURVE('',#837,#835,#1000,.F.);
#648=EDGE_CURVE('',#839,#833,#1001,.T.);
#649=EDGE_CURVE('',#820,#839,#1002,.T.);
#650=EDGE_CURVE('',#750,#768,#1003,.F.);
#651=EDGE_CURVE('',#767,#751,#1004,.F.);
#652=EDGE_CURVE('',#837,#840,#1005,.T.);
#653=EDGE_CURVE('',#840,#841,#1006,.F.);
#654=EDGE_CURVE('',#841,#832,#1007,.T.);
#655=EDGE_CURVE('',#831,#838,#1008,.T.);
#656=EDGE_CURVE('',#842,#842,#45,.T.);
#657=EDGE_CURVE('',#828,#840,#1009,.T.);
#658=EDGE_CURVE('',#841,#827,#1010,.T.);
#659=EDGE_CURVE('',#843,#843,#46,.F.);
#660=EDGE_CURVE('',#844,#817,#1011,.T.);
#661=EDGE_CURVE('',#844,#845,#1012,.T.);
#662=EDGE_CURVE('',#845,#730,#1013,.T.);
#663=EDGE_CURVE('',#729,#818,#1014,.T.);
#664=EDGE_CURVE('',#790,#787,#1015,.T.);
#665=EDGE_CURVE('',#786,#791,#1016,.T.);
#666=EDGE_CURVE('',#800,#736,#1017,.T.);
#667=EDGE_CURVE('',#735,#846,#1018,.T.);
#668=EDGE_CURVE('',#846,#847,#47,.T.);
#669=EDGE_CURVE('',#847,#848,#1019,.T.);
#670=EDGE_CURVE('',#848,#849,#48,.T.);
#671=EDGE_CURVE('',#849,#801,#1020,.T.);
#672=EDGE_CURVE('',#850,#733,#1021,.T.);
#673=EDGE_CURVE('',#732,#745,#24,.T.);
#674=EDGE_CURVE('',#803,#851,#1022,.T.);
#675=EDGE_CURVE('',#852,#851,#49,.F.);
#676=EDGE_CURVE('',#852,#853,#1023,.T.);
#677=EDGE_CURVE('',#850,#853,#50,.F.);
#678=EDGE_CURVE('',#802,#854,#1024,.T.);
#679=EDGE_CURVE('',#851,#854,#1025,.T.);
#680=EDGE_CURVE('',#855,#852,#1026,.F.);
#681=EDGE_CURVE('',#855,#856,#1027,.T.);
#682=EDGE_CURVE('',#853,#856,#1028,.T.);
#683=EDGE_CURVE('',#857,#850,#1029,.F.);
#684=EDGE_CURVE('',#857,#734,#1030,.T.);
#685=EDGE_CURVE('',#856,#857,#51,.F.);
#686=EDGE_CURVE('',#854,#855,#52,.F.);
#687=EDGE_CURVE('',#858,#825,#1031,.T.);
#688=EDGE_CURVE('',#816,#858,#1032,.T.);
#689=EDGE_CURVE('',#859,#860,#1033,.F.);
#690=EDGE_CURVE('',#859,#844,#1034,.F.);
#691=EDGE_CURVE('',#860,#858,#1035,.T.);
#692=EDGE_CURVE('',#839,#861,#1036,.T.);
#693=EDGE_CURVE('',#861,#822,#1037,.T.);
#694=EDGE_CURVE('',#770,#862,#1038,.F.);
#695=EDGE_CURVE('',#863,#862,#1039,.F.);
#696=EDGE_CURVE('',#863,#861,#1040,.F.);
#697=EDGE_CURVE('',#863,#864,#1041,.T.);
#698=EDGE_CURVE('',#862,#859,#1042,.T.);
#699=EDGE_CURVE('',#865,#860,#1043,.T.);
#700=EDGE_CURVE('',#864,#865,#1044,.F.);
#701=EDGE_CURVE('',#865,#824,#1045,.T.);
#702=EDGE_CURVE('',#866,#866,#53,.T.);
#703=EDGE_CURVE('',#823,#864,#1046,.T.);
#704=EDGE_CURVE('',#867,#867,#54,.F.);
#705=EDGE_CURVE('',#780,#758,#1047,.T.);
#706=EDGE_CURVE('',#789,#748,#12,.F.);
#707=EDGE_CURVE('',#761,#781,#1048,.T.);
#708=EDGE_CURVE('',#753,#788,#13,.F.);
#709=EDGE_CURVE('',#752,#724,#25,.T.);
#710=EDGE_CURVE('',#731,#749,#26,.T.);
#711=EDGE_CURVE('',#854,#849,#1049,.T.);
#712=EDGE_CURVE('',#855,#848,#1050,.T.);
#713=EDGE_CURVE('',#856,#847,#1051,.T.);
#714=EDGE_CURVE('',#857,#846,#1052,.T.);
#715=EDGE_CURVE('',#797,#810,#1053,.T.);
#716=EDGE_CURVE('',#798,#812,#1054,.T.);
#717=EDGE_CURVE('',#799,#811,#1055,.T.);
#718=EDGE_CURVE('',#795,#813,#1056,.T.);
#719=EDGE_CURVE('',#750,#845,#1057,.F.);
#720=EDGE_CURVE('',#774,#751,#1058,.F.);
#721=EDGE_CURVE('',#762,#764,#55,.T.);
#722=VERTEX_POINT('',#2089);
#723=VERTEX_POINT('',#2090);
#724=VERTEX_POINT('',#2092);
#725=VERTEX_POINT('',#2094);
#726=VERTEX_POINT('',#2096);
#727=VERTEX_POINT('',#2098);
#728=VERTEX_POINT('',#2100);
#729=VERTEX_POINT('',#2102);
#730=VERTEX_POINT('',#2104);
#731=VERTEX_POINT('',#2106);
#732=VERTEX_POINT('',#2108);
#733=VERTEX_POINT('',#2110);
#734=VERTEX_POINT('',#2112);
#735=VERTEX_POINT('',#2114);
#736=VERTEX_POINT('',#2116);
#737=VERTEX_POINT('',#2118);
#738=VERTEX_POINT('',#2120);
#739=VERTEX_POINT('',#2122);
#740=VERTEX_POINT('',#2124);
#741=VERTEX_POINT('',#2126);
#742=VERTEX_POINT('',#2130);
#743=VERTEX_POINT('',#2131);
#744=VERTEX_POINT('',#2136);
#745=VERTEX_POINT('',#2137);
#746=VERTEX_POINT('',#2139);
#747=VERTEX_POINT('',#2141);
#748=VERTEX_POINT('',#2148);
#749=VERTEX_POINT('',#2149);
#750=VERTEX_POINT('',#2151);
#751=VERTEX_POINT('',#2153);
#752=VERTEX_POINT('',#2155);
#753=VERTEX_POINT('',#2160);
#754=VERTEX_POINT('',#2162);
#755=VERTEX_POINT('',#2164);
#756=VERTEX_POINT('',#2168);
#757=VERTEX_POINT('',#2169);
#758=VERTEX_POINT('',#2171);
#759=VERTEX_POINT('',#2173);
#760=VERTEX_POINT('',#2175);
#761=VERTEX_POINT('',#2177);
#762=VERTEX_POINT('',#2181);
#763=VERTEX_POINT('',#2182);
#764=VERTEX_POINT('',#2184);
#765=VERTEX_POINT('',#2186);
#766=VERTEX_POINT('',#2188);
#767=VERTEX_POINT('',#2190);
#768=VERTEX_POINT('',#2192);
#769=VERTEX_POINT('',#2194);
#770=VERTEX_POINT('',#2199);
#771=VERTEX_POINT('',#2201);
#772=VERTEX_POINT('',#2203);
#773=VERTEX_POINT('',#2205);
#774=VERTEX_POINT('',#2209);
#775=VERTEX_POINT('',#2211);
#776=VERTEX_POINT('',#2213);
#777=VERTEX_POINT('',#2215);
#778=VERTEX_POINT('',#2219);
#779=VERTEX_POINT('',#2220);
#780=VERTEX_POINT('',#2222);
#781=VERTEX_POINT('',#2225);
#782=VERTEX_POINT('',#2229);
#783=VERTEX_POINT('',#2230);
#784=VERTEX_POINT('',#2232);
#785=VERTEX_POINT('',#2234);
#786=VERTEX_POINT('',#2238);
#787=VERTEX_POINT('',#2240);
#788=VERTEX_POINT('',#2246);
#789=VERTEX_POINT('',#2248);
#790=VERTEX_POINT('',#2250);
#791=VERTEX_POINT('',#2252);
#792=VERTEX_POINT('',#2257);
#793=VERTEX_POINT('',#2259);
#794=VERTEX_POINT('',#2263);
#795=VERTEX_POINT('',#2267);
#796=VERTEX_POINT('',#2269);
#797=VERTEX_POINT('',#2271);
#798=VERTEX_POINT('',#2273);
#799=VERTEX_POINT('',#2275);
#800=VERTEX_POINT('',#2279);
#801=VERTEX_POINT('',#2280);
#802=VERTEX_POINT('',#2282);
#803=VERTEX_POINT('',#2284);
#804=VERTEX_POINT('',#2287);
#805=VERTEX_POINT('',#2289);
#806=VERTEX_POINT('',#2294);
#807=VERTEX_POINT('',#2296);
#808=VERTEX_POINT('',#2298);
#809=VERTEX_POINT('',#2300);
#810=VERTEX_POINT('',#2308);
#811=VERTEX_POINT('',#2312);
#812=VERTEX_POINT('',#2314);
#813=VERTEX_POINT('',#2318);
#814=VERTEX_POINT('',#2326);
#815=VERTEX_POINT('',#2327);
#816=VERTEX_POINT('',#2329);
#817=VERTEX_POINT('',#2331);
#818=VERTEX_POINT('',#2333);
#819=VERTEX_POINT('',#2337);
#820=VERTEX_POINT('',#2341);
#821=VERTEX_POINT('',#2342);
#822=VERTEX_POINT('',#2344);
#823=VERTEX_POINT('',#2346);
#824=VERTEX_POINT('',#2348);
#825=VERTEX_POINT('',#2350);
#826=VERTEX_POINT('',#2353);
#827=VERTEX_POINT('',#2355);
#828=VERTEX_POINT('',#2357);
#829=VERTEX_POINT('',#2359);
#830=VERTEX_POINT('',#2363);
#831=VERTEX_POINT('',#2367);
#832=VERTEX_POINT('',#2369);
#833=VERTEX_POINT('',#2373);
#834=VERTEX_POINT('',#2375);
#835=VERTEX_POINT('',#2379);
#836=VERTEX_POINT('',#2381);
#837=VERTEX_POINT('',#2385);
#838=VERTEX_POINT('',#2386);
#839=VERTEX_POINT('',#2392);
#840=VERTEX_POINT('',#2399);
#841=VERTEX_POINT('',#2401);
#842=VERTEX_POINT('',#2406);
#843=VERTEX_POINT('',#2413);
#844=VERTEX_POINT('',#2417);
#845=VERTEX_POINT('',#2419);
#846=VERTEX_POINT('',#2429);
#847=VERTEX_POINT('',#2431);
#848=VERTEX_POINT('',#2433);
#849=VERTEX_POINT('',#2435);
#850=VERTEX_POINT('',#2439);
#851=VERTEX_POINT('',#2445);
#852=VERTEX_POINT('',#2447);
#853=VERTEX_POINT('',#2449);
#854=VERTEX_POINT('',#2453);
#855=VERTEX_POINT('',#2457);
#856=VERTEX_POINT('',#2459);
#857=VERTEX_POINT('',#2463);
#858=VERTEX_POINT('',#2471);
#859=VERTEX_POINT('',#2475);
#860=VERTEX_POINT('',#2476);
#861=VERTEX_POINT('',#2481);
#862=VERTEX_POINT('',#2485);
#863=VERTEX_POINT('',#2487);
#864=VERTEX_POINT('',#2491);
#865=VERTEX_POINT('',#2494);
#866=VERTEX_POINT('',#2500);
#867=VERTEX_POINT('',#2505);
#868=LINE('',#2088,#1059);
#869=LINE('',#2093,#1060);
#870=LINE('',#2095,#1061);
#871=LINE('',#2097,#1062);
#872=LINE('',#2099,#1063);
#873=LINE('',#2101,#1064);
#874=LINE('',#2103,#1065);
#875=LINE('',#2105,#1066);
#876=LINE('',#2109,#1067);
#877=LINE('',#2111,#1068);
#878=LINE('',#2113,#1069);
#879=LINE('',#2115,#1070);
#880=LINE('',#2117,#1071);
#881=LINE('',#2119,#1072);
#882=LINE('',#2121,#1073);
#883=LINE('',#2123,#1074);
#884=LINE('',#2125,#1075);
#885=LINE('',#2127,#1076);
#886=LINE('',#2129,#1077);
#887=LINE('',#2132,#1078);
#888=LINE('',#2133,#1079);
#889=LINE('',#2135,#1080);
#890=LINE('',#2140,#1081);
#891=LINE('',#2150,#1082);
#892=LINE('',#2152,#1083);
#893=LINE('',#2154,#1084);
#894=LINE('',#2161,#1085);
#895=LINE('',#2163,#1086);
#896=LINE('',#2165,#1087);
#897=LINE('',#2167,#1088);
#898=LINE('',#2170,#1089);
#899=LINE('',#2172,#1090);
#900=LINE('',#2174,#1091);
#901=LINE('',#2176,#1092);
#902=LINE('',#2178,#1093);
#903=LINE('',#2180,#1094);
#904=LINE('',#2183,#1095);
#905=LINE('',#2185,#1096);
#906=LINE('',#2187,#1097);
#907=LINE('',#2189,#1098);
#908=LINE('',#2191,#1099);
#909=LINE('',#2193,#1100);
#910=LINE('',#2195,#1101);
#911=LINE('',#2198,#1102);
#912=LINE('',#2200,#1103);
#913=LINE('',#2202,#1104);
#914=LINE('',#2204,#1105);
#915=LINE('',#2206,#1106);
#916=LINE('',#2208,#1107);
#917=LINE('',#2210,#1108);
#918=LINE('',#2212,#1109);
#919=LINE('',#2214,#1110);
#920=LINE('',#2216,#1111);
#921=LINE('',#2218,#1112);
#922=LINE('',#2221,#1113);
#923=LINE('',#2223,#1114);
#924=LINE('',#2224,#1115);
#925=LINE('',#2226,#1116);
#926=LINE('',#2228,#1117);
#927=LINE('',#2231,#1118);
#928=LINE('',#2233,#1119);
#929=LINE('',#2235,#1120);
#930=LINE('',#2237,#1121);
#931=LINE('',#2239,#1122);
#932=LINE('',#2241,#1123);
#933=LINE('',#2242,#1124);
#934=LINE('',#2243,#1125);
#935=LINE('',#2245,#1126);
#936=LINE('',#2249,#1127);
#937=LINE('',#2251,#1128);
#938=LINE('',#2253,#1129);
#939=LINE('',#2254,#1130);
#940=LINE('',#2256,#1131);
#941=LINE('',#2258,#1132);
#942=LINE('',#2260,#1133);
#943=LINE('',#2262,#1134);
#944=LINE('',#2264,#1135);
#945=LINE('',#2266,#1136);
#946=LINE('',#2268,#1137);
#947=LINE('',#2270,#1138);
#948=LINE('',#2274,#1139);
#949=LINE('',#2278,#1140);
#950=LINE('',#2281,#1141);
#951=LINE('',#2283,#1142);
#952=LINE('',#2285,#1143);
#953=LINE('',#2286,#1144);
#954=LINE('',#2288,#1145);
#955=LINE('',#2290,#1146);
#956=LINE('',#2291,#1147);
#957=LINE('',#2293,#1148);
#958=LINE('',#2297,#1149);
#959=LINE('',#2301,#1150);
#960=LINE('',#2307,#1151);
#961=LINE('',#2309,#1152);
#962=LINE('',#2311,#1153);
#963=LINE('',#2313,#1154);
#964=LINE('',#2315,#1155);
#965=LINE('',#2317,#1156);
#966=LINE('',#2319,#1157);
#967=LINE('',#2325,#1158);
#968=LINE('',#2328,#1159);
#969=LINE('',#2330,#1160);
#970=LINE('',#2332,#1161);
#971=LINE('',#2334,#1162);
#972=LINE('',#2335,#1163);
#973=LINE('',#2336,#1164);
#974=LINE('',#2338,#1165);
#975=LINE('',#2340,#1166);
#976=LINE('',#2343,#1167);
#977=LINE('',#2345,#1168);
#978=LINE('',#2347,#1169);
#979=LINE('',#2349,#1170);
#980=LINE('',#2351,#1171);
#981=LINE('',#2352,#1172);
#982=LINE('',#2354,#1173);
#983=LINE('',#2356,#1174);
#984=LINE('',#2358,#1175);
#985=LINE('',#2360,#1176);
#986=LINE('',#2362,#1177);
#987=LINE('',#2364,#1178);
#988=LINE('',#2366,#1179);
#989=LINE('',#2368,#1180);
#990=LINE('',#2370,#1181);
#991=LINE('',#2372,#1182);
#992=LINE('',#2374,#1183);
#993=LINE('',#2376,#1184);
#994=LINE('',#2378,#1185);
#995=LINE('',#2380,#1186);
#996=LINE('',#2382,#1187);
#997=LINE('',#2384,#1188);
#998=LINE('',#2387,#1189);
#999=LINE('',#2388,#1190);
#1000=LINE('',#2389,#1191);
#1001=LINE('',#2391,#1192);
#1002=LINE('',#2393,#1193);
#1003=LINE('',#2395,#1194);
#1004=LINE('',#2396,#1195);
#1005=LINE('',#2398,#1196);
#1006=LINE('',#2400,#1197);
#1007=LINE('',#2402,#1198);
#1008=LINE('',#2403,#1199);
#1009=LINE('',#2407,#1200);
#1010=LINE('',#2409,#1201);
#1011=LINE('',#2416,#1202);
#1012=LINE('',#2418,#1203);
#1013=LINE('',#2420,#1204);
#1014=LINE('',#2421,#1205);
#1015=LINE('',#2423,#1206);
#1016=LINE('',#2424,#1207);
#1017=LINE('',#2426,#1208);
#1018=LINE('',#2428,#1209);
#1019=LINE('',#2432,#1210);
#1020=LINE('',#2436,#1211);
#1021=LINE('',#2438,#1212);
#1022=LINE('',#2444,#1213);
#1023=LINE('',#2448,#1214);
#1024=LINE('',#2452,#1215);
#1025=LINE('',#2454,#1216);
#1026=LINE('',#2456,#1217);
#1027=LINE('',#2458,#1218);
#1028=LINE('',#2460,#1219);
#1029=LINE('',#2462,#1220);
#1030=LINE('',#2464,#1221);
#1031=LINE('',#2470,#1222);
#1032=LINE('',#2472,#1223);
#1033=LINE('',#2474,#1224);
#1034=LINE('',#2477,#1225);
#1035=LINE('',#2478,#1226);
#1036=LINE('',#2480,#1227);
#1037=LINE('',#2482,#1228);
#1038=LINE('',#2484,#1229);
#1039=LINE('',#2486,#1230);
#1040=LINE('',#2488,#1231);
#1041=LINE('',#2490,#1232);
#1042=LINE('',#2492,#1233);
#1043=LINE('',#2493,#1234);
#1044=LINE('',#2495,#1235);
#1045=LINE('',#2497,#1236);
#1046=LINE('',#2501,#1237);
#1047=LINE('',#2508,#1238);
#1048=LINE('',#2513,#1239);
#1049=LINE('',#2527,#1240);
#1050=LINE('',#2529,#1241);
#1051=LINE('',#2531,#1242);
#1052=LINE('',#2533,#1243);
#1053=LINE('',#2536,#1244);
#1054=LINE('',#2538,#1245);
#1055=LINE('',#2540,#1246);
#1056=LINE('',#2542,#1247);
#1057=LINE('',#2545,#1248);
#1058=LINE('',#2548,#1249);
#1059=VECTOR('',#1687,1.);
#1060=VECTOR('',#1690,1.);
#1061=VECTOR('',#1691,1.);
#1062=VECTOR('',#1692,1.);
#1063=VECTOR('',#1693,1.);
#1064=VECTOR('',#1694,1.);
#1065=VECTOR('',#1695,1.);
#1066=VECTOR('',#1696,1.);
#1067=VECTOR('',#1699,1.);
#1068=VECTOR('',#1700,1.);
#1069=VECTOR('',#1701,1.);
#1070=VECTOR('',#1702,1.);
#1071=VECTOR('',#1703,1.);
#1072=VECTOR('',#1704,1.);
#1073=VECTOR('',#1705,1.);
#1074=VECTOR('',#1706,1.);
#1075=VECTOR('',#1707,1.);
#1076=VECTOR('',#1708,1.);
#1077=VECTOR('',#1711,1.);
#1078=VECTOR('',#1712,1.);
#1079=VECTOR('',#1713,1.);
#1080=VECTOR('',#1716,1.);
#1081=VECTOR('',#1719,1.);
#1082=VECTOR('',#1724,1.);
#1083=VECTOR('',#1725,1.);
#1084=VECTOR('',#1726,1.);
#1085=VECTOR('',#1727,1.);
#1086=VECTOR('',#1728,1.);
#1087=VECTOR('',#1729,1.);
#1088=VECTOR('',#1732,1.);
#1089=VECTOR('',#1733,1.);
#1090=VECTOR('',#1734,1.);
#1091=VECTOR('',#1735,1.);
#1092=VECTOR('',#1736,1.);
#1093=VECTOR('',#1737,1.);
#1094=VECTOR('',#1740,1.);
#1095=VECTOR('',#1741,1.);
#1096=VECTOR('',#1742,1.);
#1097=VECTOR('',#1743,1.);
#1098=VECTOR('',#1744,1.);
#1099=VECTOR('',#1745,1.);
#1100=VECTOR('',#1746,1.);
#1101=VECTOR('',#1747,1.);
#1102=VECTOR('',#1752,1.);
#1103=VECTOR('',#1753,1.);
#1104=VECTOR('',#1754,1.);
#1105=VECTOR('',#1755,1.);
#1106=VECTOR('',#1756,1.);
#1107=VECTOR('',#1759,1.);
#1108=VECTOR('',#1760,1.);
#1109=VECTOR('',#1761,1.);
#1110=VECTOR('',#1762,1.);
#1111=VECTOR('',#1763,1.);
#1112=VECTOR('',#1766,1.);
#1113=VECTOR('',#1767,1.);
#1114=VECTOR('',#1768,1.);
#1115=VECTOR('',#1769,1.);
#1116=VECTOR('',#1770,1.);
#1117=VECTOR('',#1773,1.);
#1118=VECTOR('',#1774,1.);
#1119=VECTOR('',#1775,1.);
#1120=VECTOR('',#1776,1.);
#1121=VECTOR('',#1779,1.);
#1122=VECTOR('',#1780,1.);
#1123=VECTOR('',#1781,1.);
#1124=VECTOR('',#1782,1.);
#1125=VECTOR('',#1783,1.);
#1126=VECTOR('',#1786,1.);
#1127=VECTOR('',#1789,1.);
#1128=VECTOR('',#1790,1.);
#1129=VECTOR('',#1791,1.);
#1130=VECTOR('',#1792,1.);
#1131=VECTOR('',#1795,1.);
#1132=VECTOR('',#1796,1.);
#1133=VECTOR('',#1797,1.);
#1134=VECTOR('',#1800,1.);
#1135=VECTOR('',#1801,1.);
#1136=VECTOR('',#1804,1.);
#1137=VECTOR('',#1805,1.);
#1138=VECTOR('',#1806,1.);
#1139=VECTOR('',#1809,1.);
#1140=VECTOR('',#1814,1.);
#1141=VECTOR('',#1815,1.);
#1142=VECTOR('',#1816,1.);
#1143=VECTOR('',#1817,1.);
#1144=VECTOR('',#1818,1.);
#1145=VECTOR('',#1819,1.);
#1146=VECTOR('',#1820,1.);
#1147=VECTOR('',#1821,1.);
#1148=VECTOR('',#1824,1.);
#1149=VECTOR('',#1827,1.);
#1150=VECTOR('',#1830,1.);
#1151=VECTOR('',#1833,1.);
#1152=VECTOR('',#1834,1.);
#1153=VECTOR('',#1837,1.);
#1154=VECTOR('',#1838,1.);
#1155=VECTOR('',#1839,1.);
#1156=VECTOR('',#1842,1.);
#1157=VECTOR('',#1843,1.);
#1158=VECTOR('',#1854,1.);
#1159=VECTOR('',#1855,1.);
#1160=VECTOR('',#1856,1.);
#1161=VECTOR('',#1857,1.);
#1162=VECTOR('',#1858,1.);
#1163=VECTOR('',#1859,1.);
#1164=VECTOR('',#1860,1.);
#1165=VECTOR('',#1861,1.);
#1166=VECTOR('',#1864,1.);
#1167=VECTOR('',#1865,1.);
#1168=VECTOR('',#1866,1.);
#1169=VECTOR('',#1867,1.);
#1170=VECTOR('',#1868,1.);
#1171=VECTOR('',#1869,1.);
#1172=VECTOR('',#1870,1.);
#1173=VECTOR('',#1871,1.);
#1174=VECTOR('',#1872,1.);
#1175=VECTOR('',#1873,1.);
#1176=VECTOR('',#1874,1.);
#1177=VECTOR('',#1877,1.);
#1178=VECTOR('',#1878,1.);
#1179=VECTOR('',#1881,1.);
#1180=VECTOR('',#1882,1.);
#1181=VECTOR('',#1883,1.);
#1182=VECTOR('',#1886,1.);
#1183=VECTOR('',#1887,1.);
#1184=VECTOR('',#1888,1.);
#1185=VECTOR('',#1891,1.);
#1186=VECTOR('',#1892,1.);
#1187=VECTOR('',#1893,1.);
#1188=VECTOR('',#1896,1.);
#1189=VECTOR('',#1897,1.);
#1190=VECTOR('',#1898,1.);
#1191=VECTOR('',#1899,1.);
#1192=VECTOR('',#1902,1.);
#1193=VECTOR('',#1903,1.);
#1194=VECTOR('',#1906,1.);
#1195=VECTOR('',#1907,1.);
#1196=VECTOR('',#1910,1.);
#1197=VECTOR('',#1911,1.);
#1198=VECTOR('',#1912,1.);
#1199=VECTOR('',#1913,1.);
#1200=VECTOR('',#1918,1.);
#1201=VECTOR('',#1921,1.);
#1202=VECTOR('',#1932,1.);
#1203=VECTOR('',#1933,1.);
#1204=VECTOR('',#1934,1.);
#1205=VECTOR('',#1935,1.);
#1206=VECTOR('',#1938,1.);
#1207=VECTOR('',#1939,1.);
#1208=VECTOR('',#1942,1.);
#1209=VECTOR('',#1945,1.);
#1210=VECTOR('',#1948,1.);
#1211=VECTOR('',#1951,1.);
#1212=VECTOR('',#1954,1.);
#1213=VECTOR('',#1955,1.);
#1214=VECTOR('',#1958,1.);
#1215=VECTOR('',#1963,1.);
#1216=VECTOR('',#1964,1.);
#1217=VECTOR('',#1967,1.);
#1218=VECTOR('',#1968,1.);
#1219=VECTOR('',#1969,1.);
#1220=VECTOR('',#1972,1.);
#1221=VECTOR('',#1973,1.);
#1222=VECTOR('',#1984,1.);
#1223=VECTOR('',#1985,1.);
#1224=VECTOR('',#1988,1.);
#1225=VECTOR('',#1989,1.);
#1226=VECTOR('',#1990,1.);
#1227=VECTOR('',#1993,1.);
#1228=VECTOR('',#1994,1.);
#1229=VECTOR('',#1997,1.);
#1230=VECTOR('',#1998,1.);
#1231=VECTOR('',#1999,1.);
#1232=VECTOR('',#2002,1.);
#1233=VECTOR('',#2003,1.);
#1234=VECTOR('',#2004,1.);
#1235=VECTOR('',#2005,1.);
#1236=VECTOR('',#2008,1.);
#1237=VECTOR('',#2013,1.);
#1238=VECTOR('',#2024,1.);
#1239=VECTOR('',#2033,1.);
#1240=VECTOR('',#2044,1.);
#1241=VECTOR('',#2047,1.);
#1242=VECTOR('',#2050,1.);
#1243=VECTOR('',#2053,1.);
#1244=VECTOR('',#2058,1.);
#1245=VECTOR('',#2061,1.);
#1246=VECTOR('',#2064,1.);
#1247=VECTOR('',#2067,1.);
#1248=VECTOR('',#2072,1.);
#1249=VECTOR('',#2077,1.);
#1250=EDGE_LOOP('',(#56,#57,#58,#59,#60,#61,#62,#63,#64,#65,#66,#67,#68,
#69,#70,#71,#72,#73,#74,#75));
#1251=EDGE_LOOP('',(#76,#77,#78,#79));
#1252=EDGE_LOOP('',(#80,#81,#82,#83));
#1253=EDGE_LOOP('',(#84,#85,#86,#87,#88,#89,#90,#91));
#1254=EDGE_LOOP('',(#92,#93,#94,#95,#96,#97));
#1255=EDGE_LOOP('',(#98,#99,#100,#101,#102,#103,#104,#105));
#1256=EDGE_LOOP('',(#106,#107,#108,#109,#110,#111,#112,#113));
#1257=EDGE_LOOP('',(#114,#115,#116,#117,#118,#119));
#1258=EDGE_LOOP('',(#120,#121,#122,#123,#124,#125));
#1259=EDGE_LOOP('',(#126,#127,#128,#129));
#1260=EDGE_LOOP('',(#130,#131,#132,#133,#134,#135,#136,#137));
#1261=EDGE_LOOP('',(#138,#139,#140,#141,#142,#143,#144,#145));
#1262=EDGE_LOOP('',(#146,#147,#148,#149));
#1263=EDGE_LOOP('',(#150,#151,#152,#153));
#1264=EDGE_LOOP('',(#154,#155,#156,#157,#158,#159,#160,#161));
#1265=EDGE_LOOP('',(#162,#163,#164,#165,#166,#167,#168,#169,#170,#171,#172,
#173));
#1266=EDGE_LOOP('',(#174,#175,#176,#177,#178,#179,#180,#181,#182));
#1267=EDGE_LOOP('',(#183,#184,#185,#186));
#1268=EDGE_LOOP('',(#187,#188,#189,#190));
#1269=EDGE_LOOP('',(#191,#192,#193,#194));
#1270=EDGE_LOOP('',(#195,#196,#197,#198));
#1271=EDGE_LOOP('',(#199,#200,#201,#202));
#1272=EDGE_LOOP('',(#203,#204,#205,#206,#207,#208,#209,#210,#211,#212));
#1273=EDGE_LOOP('',(#213,#214,#215,#216,#217,#218,#219,#220,#221,#222,#223,
#224));
#1274=EDGE_LOOP('',(#225,#226,#227,#228));
#1275=EDGE_LOOP('',(#229,#230,#231,#232,#233,#234));
#1276=EDGE_LOOP('',(#235,#236,#237,#238));
#1277=EDGE_LOOP('',(#239,#240,#241,#242));
#1278=EDGE_LOOP('',(#243,#244,#245,#246,#247,#248,#249));
#1279=EDGE_LOOP('',(#250,#251,#252,#253,#254,#255));
#1280=EDGE_LOOP('',(#256,#257,#258,#259));
#1281=EDGE_LOOP('',(#260,#261,#262,#263,#264,#265));
#1282=EDGE_LOOP('',(#266));
#1283=EDGE_LOOP('',(#267,#268,#269,#270,#271));
#1284=EDGE_LOOP('',(#272,#273,#274,#275,#276));
#1285=EDGE_LOOP('',(#277,#278,#279,#280));
#1286=EDGE_LOOP('',(#281));
#1287=EDGE_LOOP('',(#282));
#1288=EDGE_LOOP('',(#283));
#1289=EDGE_LOOP('',(#284,#285,#286,#287,#288,#289));
#1290=EDGE_LOOP('',(#290,#291,#292,#293));
#1291=EDGE_LOOP('',(#294,#295,#296,#297));
#1292=EDGE_LOOP('',(#298,#299,#300,#301,#302,#303,#304,#305));
#1293=EDGE_LOOP('',(#306,#307,#308,#309,#310,#311,#312,#313,#314));
#1294=EDGE_LOOP('',(#315,#316,#317,#318));
#1295=EDGE_LOOP('',(#319,#320,#321,#322));
#1296=EDGE_LOOP('',(#323,#324,#325,#326));
#1297=EDGE_LOOP('',(#327,#328,#329,#330));
#1298=EDGE_LOOP('',(#331,#332,#333,#334));
#1299=EDGE_LOOP('',(#335,#336,#337,#338));
#1300=EDGE_LOOP('',(#339,#340,#341,#342,#343,#344));
#1301=EDGE_LOOP('',(#345,#346,#347,#348));
#1302=EDGE_LOOP('',(#349,#350,#351,#352,#353,#354,#355));
#1303=EDGE_LOOP('',(#356,#357,#358,#359,#360,#361));
#1304=EDGE_LOOP('',(#362,#363,#364,#365,#366));
#1305=EDGE_LOOP('',(#367));
#1306=EDGE_LOOP('',(#368,#369,#370,#371,#372));
#1307=EDGE_LOOP('',(#373,#374,#375,#376));
#1308=EDGE_LOOP('',(#377));
#1309=EDGE_LOOP('',(#378));
#1310=EDGE_LOOP('',(#379));
#1311=EDGE_LOOP('',(#380,#381,#382,#383,#384,#385));
#1312=EDGE_LOOP('',(#386,#387,#388,#389,#390,#391,#392));
#1313=EDGE_LOOP('',(#393,#394,#395,#396,#397));
#1314=EDGE_LOOP('',(#398,#399,#400,#401,#402,#403));
#1315=EDGE_LOOP('',(#404,#405,#406,#407,#408,#409,#410));
#1316=EDGE_LOOP('',(#411,#412,#413,#414,#415));
#1317=EDGE_LOOP('',(#416,#417,#418,#419,#420,#421,#422,#423,#424,#425,#426,
#427));
#1318=EDGE_LOOP('',(#428,#429,#430,#431));
#1319=EDGE_LOOP('',(#432,#433,#434,#435));
#1320=EDGE_LOOP('',(#436,#437,#438,#439));
#1321=EDGE_LOOP('',(#440,#441,#442,#443));
#1322=EDGE_LOOP('',(#444,#445,#446,#447));
#1323=EDGE_LOOP('',(#448,#449,#450,#451));
#1324=EDGE_LOOP('',(#452,#453,#454,#455));
#1325=EDGE_LOOP('',(#456,#457,#458,#459));
#1326=EDGE_LOOP('',(#460,#461,#462,#463));
#1327=EDGE_LOOP('',(#464,#465,#466,#467));
#1328=EDGE_LOOP('',(#468,#469,#470,#471,#472));
#1329=EDGE_LOOP('',(#473,#474,#475,#476,#477,#478,#479,#480));
#1330=EDGE_LOOP('',(#481,#482,#483,#484,#485));
#1331=EDGE_LOOP('',(#486,#487,#488,#489,#490,#491,#492,#493));
#1332=EDGE_LOOP('',(#494,#495,#496,#497));
#1333=EDGE_LOOP('',(#498,#499));
#1334=FACE_BOUND('',#1250,.T.);
#1335=FACE_BOUND('',#1251,.T.);
#1336=FACE_BOUND('',#1252,.T.);
#1337=FACE_BOUND('',#1253,.T.);
#1338=FACE_BOUND('',#1254,.T.);
#1339=FACE_BOUND('',#1255,.T.);
#1340=FACE_BOUND('',#1256,.T.);
#1341=FACE_BOUND('',#1257,.T.);
#1342=FACE_BOUND('',#1258,.T.);
#1343=FACE_BOUND('',#1259,.T.);
#1344=FACE_BOUND('',#1260,.T.);
#1345=FACE_BOUND('',#1261,.T.);
#1346=FACE_BOUND('',#1262,.T.);
#1347=FACE_BOUND('',#1263,.T.);
#1348=FACE_BOUND('',#1264,.T.);
#1349=FACE_BOUND('',#1265,.T.);
#1350=FACE_BOUND('',#1266,.T.);
#1351=FACE_BOUND('',#1267,.T.);
#1352=FACE_BOUND('',#1268,.T.);
#1353=FACE_BOUND('',#1269,.T.);
#1354=FACE_BOUND('',#1270,.T.);
#1355=FACE_BOUND('',#1271,.T.);
#1356=FACE_BOUND('',#1272,.T.);
#1357=FACE_BOUND('',#1273,.T.);
#1358=FACE_BOUND('',#1274,.T.);
#1359=FACE_BOUND('',#1275,.T.);
#1360=FACE_BOUND('',#1276,.T.);
#1361=FACE_BOUND('',#1277,.T.);
#1362=FACE_BOUND('',#1278,.T.);
#1363=FACE_BOUND('',#1279,.T.);
#1364=FACE_BOUND('',#1280,.T.);
#1365=FACE_BOUND('',#1281,.T.);
#1366=FACE_BOUND('',#1282,.T.);
#1367=FACE_BOUND('',#1283,.T.);
#1368=FACE_BOUND('',#1284,.T.);
#1369=FACE_BOUND('',#1285,.T.);
#1370=FACE_BOUND('',#1286,.T.);
#1371=FACE_BOUND('',#1287,.T.);
#1372=FACE_BOUND('',#1288,.T.);
#1373=FACE_BOUND('',#1289,.T.);
#1374=FACE_BOUND('',#1290,.T.);
#1375=FACE_BOUND('',#1291,.T.);
#1376=FACE_BOUND('',#1292,.T.);
#1377=FACE_BOUND('',#1293,.T.);
#1378=FACE_BOUND('',#1294,.T.);
#1379=FACE_BOUND('',#1295,.T.);
#1380=FACE_BOUND('',#1296,.T.);
#1381=FACE_BOUND('',#1297,.T.);
#1382=FACE_BOUND('',#1298,.T.);
#1383=FACE_BOUND('',#1299,.T.);
#1384=FACE_BOUND('',#1300,.T.);
#1385=FACE_BOUND('',#1301,.T.);
#1386=FACE_BOUND('',#1302,.T.);
#1387=FACE_BOUND('',#1303,.T.);
#1388=FACE_BOUND('',#1304,.T.);
#1389=FACE_BOUND('',#1305,.T.);
#1390=FACE_BOUND('',#1306,.T.);
#1391=FACE_BOUND('',#1307,.T.);
#1392=FACE_BOUND('',#1308,.T.);
#1393=FACE_BOUND('',#1309,.T.);
#1394=FACE_BOUND('',#1310,.T.);
#1395=FACE_BOUND('',#1311,.T.);
#1396=FACE_BOUND('',#1312,.T.);
#1397=FACE_BOUND('',#1313,.T.);
#1398=FACE_BOUND('',#1314,.T.);
#1399=FACE_BOUND('',#1315,.T.);
#1400=FACE_BOUND('',#1316,.T.);
#1401=FACE_BOUND('',#1317,.T.);
#1402=FACE_BOUND('',#1318,.T.);
#1403=FACE_BOUND('',#1319,.T.);
#1404=FACE_BOUND('',#1320,.T.);
#1405=FACE_BOUND('',#1321,.T.);
#1406=FACE_BOUND('',#1322,.T.);
#1407=FACE_BOUND('',#1323,.T.);
#1408=FACE_BOUND('',#1324,.T.);
#1409=FACE_BOUND('',#1325,.T.);
#1410=FACE_BOUND('',#1326,.T.);
#1411=FACE_BOUND('',#1327,.T.);
#1412=FACE_BOUND('',#1328,.T.);
#1413=FACE_BOUND('',#1329,.T.);
#1414=FACE_BOUND('',#1330,.T.);
#1415=FACE_BOUND('',#1331,.T.);
#1416=FACE_BOUND('',#1332,.T.);
#1417=FACE_BOUND('',#1333,.T.);
#1418=PLANE('',#1578);
#1419=PLANE('',#1581);
#1420=PLANE('',#1585);
#1421=PLANE('',#1586);
#1422=PLANE('',#1587);
#1423=PLANE('',#1588);
#1424=PLANE('',#1590);
#1425=PLANE('',#1591);
#1426=PLANE('',#1592);
#1427=PLANE('',#1593);
#1428=PLANE('',#1594);
#1429=PLANE('',#1596);
#1430=PLANE('',#1597);
#1431=PLANE('',#1598);
#1432=PLANE('',#1601);
#1433=PLANE('',#1602);
#1434=PLANE('',#1605);
#1435=PLANE('',#1606);
#1436=PLANE('',#1607);
#1437=PLANE('',#1612);
#1438=PLANE('',#1613);
#1439=PLANE('',#1614);
#1440=PLANE('',#1615);
#1441=PLANE('',#1616);
#1442=PLANE('',#1617);
#1443=PLANE('',#1618);
#1444=PLANE('',#1619);
#1445=PLANE('',#1620);
#1446=PLANE('',#1621);
#1447=PLANE('',#1622);
#1448=PLANE('',#1624);
#1449=PLANE('',#1625);
#1450=PLANE('',#1626);
#1451=PLANE('',#1629);
#1452=PLANE('',#1630);
#1453=PLANE('',#1631);
#1454=PLANE('',#1632);
#1455=PLANE('',#1635);
#1456=PLANE('',#1638);
#1457=PLANE('',#1639);
#1458=PLANE('',#1640);
#1459=PLANE('',#1645);
#1460=PLANE('',#1646);
#1461=PLANE('',#1647);
#1462=PLANE('',#1648);
#1463=PLANE('',#1649);
#1464=PLANE('',#1650);
#1465=PLANE('',#1651);
#1466=PLANE('',#1653);
#1467=PLANE('',#1654);
#1468=PLANE('',#1657);
#1469=PLANE('',#1658);
#1470=PLANE('',#1659);
#1471=PLANE('',#1661);
#1472=PLANE('',#1662);
#1473=PLANE('',#1663);
#1474=PLANE('',#1666);
#1475=PLANE('',#1668);
#1476=PLANE('',#1670);
#1477=PLANE('',#1671);
#1478=PLANE('',#1673);
#1479=PLANE('',#1675);
#1480=PLANE('',#1676);
#1481=PLANE('',#1677);
#1482=PLANE('',#1678);
#1483=PLANE('',#1679);
#1484=PLANE('',#1682);
#1485=ADVANCED_FACE('',(#1334),#1418,.F.);
#1486=ADVANCED_FACE('',(#1335),#1419,.T.);
#1487=ADVANCED_FACE('',(#1336),#27,.F.);
#1488=ADVANCED_FACE('',(#1337),#1420,.T.);
#1489=ADVANCED_FACE('',(#1338),#1421,.T.);
#1490=ADVANCED_FACE('',(#1339),#1422,.T.);
#1491=ADVANCED_FACE('',(#1340),#1423,.T.);
#1492=ADVANCED_FACE('',(#1341),#1424,.T.);
#1493=ADVANCED_FACE('',(#1342),#1425,.T.);
#1494=ADVANCED_FACE('',(#1343),#1426,.T.);
#1495=ADVANCED_FACE('',(#1344),#1427,.T.);
#1496=ADVANCED_FACE('',(#1345),#1428,.F.);
#1497=ADVANCED_FACE('',(#1346),#1429,.T.);
#1498=ADVANCED_FACE('',(#1347),#1430,.T.);
#1499=ADVANCED_FACE('',(#1348),#1431,.T.);
#1500=ADVANCED_FACE('',(#1349),#1432,.T.);
#1501=ADVANCED_FACE('',(#1350),#1433,.F.);
#1502=ADVANCED_FACE('',(#1351),#1434,.T.);
#1503=ADVANCED_FACE('',(#1352),#1435,.T.);
#1504=ADVANCED_FACE('',(#1353),#1436,.T.);
#1505=ADVANCED_FACE('',(#1354),#28,.T.);
#1506=ADVANCED_FACE('',(#1355),#29,.T.);
#1507=ADVANCED_FACE('',(#1356),#1437,.T.);
#1508=ADVANCED_FACE('',(#1357),#1438,.T.);
#1509=ADVANCED_FACE('',(#1358),#1439,.T.);
#1510=ADVANCED_FACE('',(#1359),#1440,.F.);
#1511=ADVANCED_FACE('',(#1360),#1441,.F.);
#1512=ADVANCED_FACE('',(#1361),#1442,.F.);
#1513=ADVANCED_FACE('',(#1362),#1443,.T.);
#1514=ADVANCED_FACE('',(#1363),#1444,.T.);
#1515=ADVANCED_FACE('',(#1364),#1445,.T.);
#1516=ADVANCED_FACE('',(#1365),#1446,.F.);
#1517=ADVANCED_FACE('',(#1366,#1367),#1447,.T.);
#1518=ADVANCED_FACE('',(#1368),#1448,.T.);
#1519=ADVANCED_FACE('',(#1369),#1449,.T.);
#1520=ADVANCED_FACE('',(#1370),#1450,.F.);
#1521=ADVANCED_FACE('',(#1371,#1372),#14,.T.);
#1522=ADVANCED_FACE('',(#1373),#1451,.T.);
#1523=ADVANCED_FACE('',(#1374),#1452,.T.);
#1524=ADVANCED_FACE('',(#1375),#1453,.T.);
#1525=ADVANCED_FACE('',(#1376),#1454,.T.);
#1526=ADVANCED_FACE('',(#1377),#1455,.F.);
#1527=ADVANCED_FACE('',(#1378),#1456,.T.);
#1528=ADVANCED_FACE('',(#1379),#1457,.T.);
#1529=ADVANCED_FACE('',(#1380),#1458,.T.);
#1530=ADVANCED_FACE('',(#1381),#30,.T.);
#1531=ADVANCED_FACE('',(#1382),#31,.T.);
#1532=ADVANCED_FACE('',(#1383),#1459,.T.);
#1533=ADVANCED_FACE('',(#1384),#1460,.F.);
#1534=ADVANCED_FACE('',(#1385),#1461,.F.);
#1535=ADVANCED_FACE('',(#1386),#1462,.T.);
#1536=ADVANCED_FACE('',(#1387),#1463,.F.);
#1537=ADVANCED_FACE('',(#1388),#1464,.T.);
#1538=ADVANCED_FACE('',(#1389,#1390),#1465,.T.);
#1539=ADVANCED_FACE('',(#1391),#1466,.T.);
#1540=ADVANCED_FACE('',(#1392),#1467,.F.);
#1541=ADVANCED_FACE('',(#1393,#1394),#15,.T.);
#1542=ADVANCED_FACE('',(#1395),#1468,.F.);
#1543=ADVANCED_FACE('',(#1396),#1469,.F.);
#1544=ADVANCED_FACE('',(#1397),#1470,.F.);
#1545=ADVANCED_FACE('',(#1398),#1471,.F.);
#1546=ADVANCED_FACE('',(#1399),#1472,.F.);
#1547=ADVANCED_FACE('',(#1400),#1473,.F.);
#1548=ADVANCED_FACE('',(#1401),#16,.F.);
#1549=ADVANCED_FACE('',(#1402),#1474,.F.);
#1550=ADVANCED_FACE('',(#1403),#17,.T.);
#1551=ADVANCED_FACE('',(#1404),#1475,.F.);
#1552=ADVANCED_FACE('',(#1405),#18,.T.);
#1553=ADVANCED_FACE('',(#1406),#1476,.F.);
#1554=ADVANCED_FACE('',(#1407),#1477,.F.);
#1555=ADVANCED_FACE('',(#1408),#19,.T.);
#1556=ADVANCED_FACE('',(#1409),#1478,.F.);
#1557=ADVANCED_FACE('',(#1410),#20,.T.);
#1558=ADVANCED_FACE('',(#1411),#1479,.F.);
#1559=ADVANCED_FACE('',(#1412),#1480,.F.);
#1560=ADVANCED_FACE('',(#1413),#1481,.F.);
#1561=ADVANCED_FACE('',(#1414),#1482,.F.);
#1562=ADVANCED_FACE('',(#1415),#1483,.F.);
#1563=ADVANCED_FACE('',(#1416),#32,.F.);
#1564=ADVANCED_FACE('',(#1417),#1484,.T.);
#1565=CLOSED_SHELL('',(#1485,#1486,#1487,#1488,#1489,#1490,#1491,#1492,
#1493,#1494,#1495,#1496,#1497,#1498,#1499,#1500,#1501,#1502,#1503,#1504,
#1505,#1506,#1507,#1508,#1509,#1510,#1511,#1512,#1513,#1514,#1515,#1516,
#1517,#1518,#1519,#1520,#1521,#1522,#1523,#1524,#1525,#1526,#1527,#1528,
#1529,#1530,#1531,#1532,#1533,#1534,#1535,#1536,#1537,#1538,#1539,#1540,
#1541,#1542,#1543,#1544,#1545,#1546,#1547,#1548,#1549,#1550,#1551,#1552,
#1553,#1554,#1555,#1556,#1557,#1558,#1559,#1560,#1561,#1562,#1563,#1564));
#1566=STYLED_ITEM('',(#1567),#1574);
#1567=PRESENTATION_STYLE_ASSIGNMENT((#1568));
#1568=SURFACE_STYLE_USAGE(.BOTH.,#1569);
#1569=SURFACE_SIDE_STYLE('',(#1570));
#1570=SURFACE_STYLE_FILL_AREA(#1571);
#1571=FILL_AREA_STYLE('',(#1572));
#1572=FILL_AREA_STYLE_COLOUR('',#1573);
#1573=COLOUR_RGB('',0.231372549019608,0.380392156862745,0.705882352941177);
#1574=MANIFOLD_SOLID_BREP('spoiler',#1565);
#1575=SHAPE_DEFINITION_REPRESENTATION(#2559,#1576);
#1576=SHAPE_REPRESENTATION('spoiler',(#1577),#2554);
#1577=AXIS2_PLACEMENT_3D('',#2086,#1683,#1684);
#1578=AXIS2_PLACEMENT_3D('',#2087,#1685,#1686);
#1579=AXIS2_PLACEMENT_3D('',#2091,#1688,#1689);
#1580=AXIS2_PLACEMENT_3D('',#2107,#1697,#1698);
#1581=AXIS2_PLACEMENT_3D('',#2128,#1709,#1710);
#1582=AXIS2_PLACEMENT_3D('',#2134,#1714,#1715);
#1583=AXIS2_PLACEMENT_3D('',#2138,#1717,#1718);
#1584=AXIS2_PLACEMENT_3D('',#2142,#1720,#1721);
#1585=AXIS2_PLACEMENT_3D('',#2143,#1722,#1723);
#1586=AXIS2_PLACEMENT_3D('',#2166,#1730,#1731);
#1587=AXIS2_PLACEMENT_3D('',#2179,#1738,#1739);
#1588=AXIS2_PLACEMENT_3D('',#2196,#1748,#1749);
#1589=AXIS2_PLACEMENT_3D('',#2197,#1750,#1751);
#1590=AXIS2_PLACEMENT_3D('',#2207,#1757,#1758);
#1591=AXIS2_PLACEMENT_3D('',#2217,#1764,#1765);
#1592=AXIS2_PLACEMENT_3D('',#2227,#1771,#1772);
#1593=AXIS2_PLACEMENT_3D('',#2236,#1777,#1778);
#1594=AXIS2_PLACEMENT_3D('',#2244,#1784,#1785);
#1595=AXIS2_PLACEMENT_3D('',#2247,#1787,#1788);
#1596=AXIS2_PLACEMENT_3D('',#2255,#1793,#1794);
#1597=AXIS2_PLACEMENT_3D('',#2261,#1798,#1799);
#1598=AXIS2_PLACEMENT_3D('',#2265,#1802,#1803);
#1599=AXIS2_PLACEMENT_3D('',#2272,#1807,#1808);
#1600=AXIS2_PLACEMENT_3D('',#2276,#1810,#1811);
#1601=AXIS2_PLACEMENT_3D('',#2277,#1812,#1813);
#1602=AXIS2_PLACEMENT_3D('',#2292,#1822,#1823);
#1603=AXIS2_PLACEMENT_3D('',#2295,#1825,#1826);
#1604=AXIS2_PLACEMENT_3D('',#2299,#1828,#1829);
#1605=AXIS2_PLACEMENT_3D('',#2306,#1831,#1832);
#1606=AXIS2_PLACEMENT_3D('',#2310,#1835,#1836);
#1607=AXIS2_PLACEMENT_3D('',#2316,#1840,#1841);
#1608=AXIS2_PLACEMENT_3D('',#2320,#1844,#1845);
#1609=AXIS2_PLACEMENT_3D('',#2321,#1846,#1847);
#1610=AXIS2_PLACEMENT_3D('',#2322,#1848,#1849);
#1611=AXIS2_PLACEMENT_3D('',#2323,#1850,#1851);
#1612=AXIS2_PLACEMENT_3D('',#2324,#1852,#1853);
#1613=AXIS2_PLACEMENT_3D('',#2339,#1862,#1863);
#1614=AXIS2_PLACEMENT_3D('',#2361,#1875,#1876);
#1615=AXIS2_PLACEMENT_3D('',#2365,#1879,#1880);
#1616=AXIS2_PLACEMENT_3D('',#2371,#1884,#1885);
#1617=AXIS2_PLACEMENT_3D('',#2377,#1889,#1890);
#1618=AXIS2_PLACEMENT_3D('',#2383,#1894,#1895);
#1619=AXIS2_PLACEMENT_3D('',#2390,#1900,#1901);
#1620=AXIS2_PLACEMENT_3D('',#2394,#1904,#1905);
#1621=AXIS2_PLACEMENT_3D('',#2397,#1908,#1909);
#1622=AXIS2_PLACEMENT_3D('',#2404,#1914,#1915);
#1623=AXIS2_PLACEMENT_3D('',#2405,#1916,#1917);
#1624=AXIS2_PLACEMENT_3D('',#2408,#1919,#1920);
#1625=AXIS2_PLACEMENT_3D('',#2410,#1922,#1923);
#1626=AXIS2_PLACEMENT_3D('',#2411,#1924,#1925);
#1627=AXIS2_PLACEMENT_3D('',#2412,#1926,#1927);
#1628=AXIS2_PLACEMENT_3D('',#2414,#1928,#1929);
#1629=AXIS2_PLACEMENT_3D('',#2415,#1930,#1931);
#1630=AXIS2_PLACEMENT_3D('',#2422,#1936,#1937);
#1631=AXIS2_PLACEMENT_3D('',#2425,#1940,#1941);
#1632=AXIS2_PLACEMENT_3D('',#2427,#1943,#1944);
#1633=AXIS2_PLACEMENT_3D('',#2430,#1946,#1947);
#1634=AXIS2_PLACEMENT_3D('',#2434,#1949,#1950);
#1635=AXIS2_PLACEMENT_3D('',#2437,#1952,#1953);
#1636=AXIS2_PLACEMENT_3D('',#2446,#1956,#1957);
#1637=AXIS2_PLACEMENT_3D('',#2450,#1959,#1960);
#1638=AXIS2_PLACEMENT_3D('',#2451,#1961,#1962);
#1639=AXIS2_PLACEMENT_3D('',#2455,#1965,#1966);
#1640=AXIS2_PLACEMENT_3D('',#2461,#1970,#1971);
#1641=AXIS2_PLACEMENT_3D('',#2465,#1974,#1975);
#1642=AXIS2_PLACEMENT_3D('',#2466,#1976,#1977);
#1643=AXIS2_PLACEMENT_3D('',#2467,#1978,#1979);
#1644=AXIS2_PLACEMENT_3D('',#2468,#1980,#1981);
#1645=AXIS2_PLACEMENT_3D('',#2469,#1982,#1983);
#1646=AXIS2_PLACEMENT_3D('',#2473,#1986,#1987);
#1647=AXIS2_PLACEMENT_3D('',#2479,#1991,#1992);
#1648=AXIS2_PLACEMENT_3D('',#2483,#1995,#1996);
#1649=AXIS2_PLACEMENT_3D('',#2489,#2000,#2001);
#1650=AXIS2_PLACEMENT_3D('',#2496,#2006,#2007);
#1651=AXIS2_PLACEMENT_3D('',#2498,#2009,#2010);
#1652=AXIS2_PLACEMENT_3D('',#2499,#2011,#2012);
#1653=AXIS2_PLACEMENT_3D('',#2502,#2014,#2015);
#1654=AXIS2_PLACEMENT_3D('',#2503,#2016,#2017);
#1655=AXIS2_PLACEMENT_3D('',#2504,#2018,#2019);
#1656=AXIS2_PLACEMENT_3D('',#2506,#2020,#2021);
#1657=AXIS2_PLACEMENT_3D('',#2507,#2022,#2023);
#1658=AXIS2_PLACEMENT_3D('',#2509,#2025,#2026);
#1659=AXIS2_PLACEMENT_3D('',#2510,#2027,#2028);
#1660=AXIS2_PLACEMENT_3D('',#2511,#2029,#2030);
#1661=AXIS2_PLACEMENT_3D('',#2512,#2031,#2032);
#1662=AXIS2_PLACEMENT_3D('',#2514,#2034,#2035);
#1663=AXIS2_PLACEMENT_3D('',#2515,#2036,#2037);
#1664=AXIS2_PLACEMENT_3D('',#2516,#2038,#2039);
#1665=AXIS2_PLACEMENT_3D('',#2517,#2040,#2041);
#1666=AXIS2_PLACEMENT_3D('',#2526,#2042,#2043);
#1667=AXIS2_PLACEMENT_3D('',#2528,#2045,#2046);
#1668=AXIS2_PLACEMENT_3D('',#2530,#2048,#2049);
#1669=AXIS2_PLACEMENT_3D('',#2532,#2051,#2052);
#1670=AXIS2_PLACEMENT_3D('',#2534,#2054,#2055);
#1671=AXIS2_PLACEMENT_3D('',#2535,#2056,#2057);
#1672=AXIS2_PLACEMENT_3D('',#2537,#2059,#2060);
#1673=AXIS2_PLACEMENT_3D('',#2539,#2062,#2063);
#1674=AXIS2_PLACEMENT_3D('',#2541,#2065,#2066);
#1675=AXIS2_PLACEMENT_3D('',#2543,#2068,#2069);
#1676=AXIS2_PLACEMENT_3D('',#2544,#2070,#2071);
#1677=AXIS2_PLACEMENT_3D('',#2546,#2073,#2074);
#1678=AXIS2_PLACEMENT_3D('',#2547,#2075,#2076);
#1679=AXIS2_PLACEMENT_3D('',#2549,#2078,#2079);
#1680=AXIS2_PLACEMENT_3D('',#2550,#2080,#2081);
#1681=AXIS2_PLACEMENT_3D('',#2551,#2082,#2083);
#1682=AXIS2_PLACEMENT_3D('',#2552,#2084,#2085);
#1683=DIRECTION('',(0.,0.,1.));
#1684=DIRECTION('',(1.,0.,0.));
#1685=DIRECTION('',(0.,0.,1.));
#1686=DIRECTION('',(1.,0.,0.));
#1687=DIRECTION('',(0.,1.,0.));
#1688=DIRECTION('',(0.,0.,1.));
#1689=DIRECTION('',(1.,0.,0.));
#1690=DIRECTION('',(-0.601316822402262,-0.799010687723291,0.));
#1691=DIRECTION('',(0.,-1.,0.));
#1692=DIRECTION('',(0.601316822402263,-0.799010687723291,0.));
#1693=DIRECTION('',(1.,0.,0.));
#1694=DIRECTION('',(0.601316822402263,0.79901068772329,0.));
#1695=DIRECTION('',(0.,-1.,0.));
#1696=DIRECTION('',(-0.601316822402263,0.79901068772329,0.));
#1697=DIRECTION('',(0.,0.,1.));
#1698=DIRECTION('',(1.,0.,0.));
#1699=DIRECTION('',(0.,1.,0.));
#1700=DIRECTION('',(-1.,0.,0.));
#1701=DIRECTION('',(0.601316822402264,0.79901068772329,0.));
#1702=DIRECTION('',(0.,-1.,0.));
#1703=DIRECTION('',(-0.9094744755858,-0.415759760267794,0.));
#1704=DIRECTION('',(1.,0.,0.));
#1705=DIRECTION('',(0.9094744755858,-0.415759760267794,0.));
#1706=DIRECTION('',(0.,1.,0.));
#1707=DIRECTION('',(0.601316822402264,-0.79901068772329,0.));
#1708=DIRECTION('',(1.,0.,0.));
#1709=DIRECTION('',(0.,0.752576694706878,-0.658504607868518));
#1710=DIRECTION('',(0.,0.658504607868518,0.752576694706878));
#1711=DIRECTION('',(-1.,2.93074762634859E-16,3.3494258586841E-16));
#1712=DIRECTION('',(0.,0.658504607868518,0.752576694706878));
#1713=DIRECTION('',(0.,-0.658504607868518,-0.752576694706878));
#1714=DIRECTION('',(0.,0.,-1.));
#1715=DIRECTION('',(-1.,0.,0.));
#1716=DIRECTION('',(0.,0.,-1.));
#1717=DIRECTION('',(0.,0.,1.));
#1718=DIRECTION('',(1.,0.,0.));
#1719=DIRECTION('',(0.,0.,-1.));
#1720=DIRECTION('',(0.,0.,-1.));
#1721=DIRECTION('',(1.,0.,0.));
#1722=DIRECTION('',(0.,-0.752576694706878,0.658504607868518));
#1723=DIRECTION('',(0.,-0.658504607868518,-0.752576694706878));
#1724=DIRECTION('',(0.,-0.658504607868518,-0.752576694706878));
#1725=DIRECTION('',(1.,0.,0.));
#1726=DIRECTION('',(0.,0.658504607868518,0.752576694706878));
#1727=DIRECTION('',(-0.707106781186548,-0.465633073666417,-0.532152084190191));
#1728=DIRECTION('',(-1.,0.,0.));
#1729=DIRECTION('',(-0.707106781186548,0.465633073666417,0.532152084190191));
#1730=DIRECTION('',(0.,0.752576694706878,-0.658504607868518));
#1731=DIRECTION('',(0.,0.658504607868518,0.752576694706878));
#1732=DIRECTION('',(1.,0.,0.));
#1733=DIRECTION('',(0.,0.658504607868518,0.752576694706878));
#1734=DIRECTION('',(0.707106781186548,-0.465633073666417,-0.532152084190191));
#1735=DIRECTION('',(1.,0.,0.));
#1736=DIRECTION('',(0.707106781186548,0.465633073666417,0.532152084190191));
#1737=DIRECTION('',(0.,-0.658504607868518,-0.752576694706878));
#1738=DIRECTION('',(0.,-1.,0.));
#1739=DIRECTION('',(0.,0.,-1.));
#1740=DIRECTION('',(0.,0.,-1.));
#1741=DIRECTION('',(1.,0.,0.));
#1742=DIRECTION('',(0.,0.,-1.));
#1743=DIRECTION('',(1.,0.,0.));
#1744=DIRECTION('',(0.667178355458558,0.,-0.744898007788727));
#1745=DIRECTION('',(-1.,0.,0.));
#1746=DIRECTION('',(0.667178355458557,0.,0.744898007788728));
#1747=DIRECTION('',(1.,0.,0.));
#1748=DIRECTION('',(0.,0.,-1.));
#1749=DIRECTION('',(-1.,0.,0.));
#1750=DIRECTION('',(0.,0.,-1.));
#1751=DIRECTION('',(-1.,0.,0.));
#1752=DIRECTION('',(0.406357330656018,-0.913714244073121,0.));
#1753=DIRECTION('',(0.707106781186548,0.707106781186548,3.2741312559883E-16));
#1754=DIRECTION('',(1.,0.,0.));
#1755=DIRECTION('',(-0.707106781186548,0.707106781186548,3.2741312559883E-16));
#1756=DIRECTION('',(0.406357330656019,0.913714244073121,0.));
#1757=DIRECTION('',(1.,0.,0.));
#1758=DIRECTION('',(0.,1.,0.));
#1759=DIRECTION('',(0.,-0.658504607868518,-0.752576694706878));
#1760=DIRECTION('',(0.,-0.895664035186663,-0.444731307727648));
#1761=DIRECTION('',(0.,0.707106781186548,-0.707106781186548));
#1762=DIRECTION('',(0.,0.,1.));
#1763=DIRECTION('',(0.,0.658504607868518,0.752576694706878));
#1764=DIRECTION('',(-4.45061065834449E-16,-0.658504607868518,-0.752576694706878));
#1765=DIRECTION('',(0.,0.752576694706878,-0.658504607868518));
#1766=DIRECTION('',(1.,-6.75866289341613E-16,0.));
#1767=DIRECTION('',(0.816496580927727,-0.434500357274854,0.380187812615497));
#1768=DIRECTION('',(0.707106781186547,0.532152084190192,-0.465633073666418));
#1769=DIRECTION('',(0.707106781186547,-0.532152084190192,0.465633073666418));
#1770=DIRECTION('',(0.816496580927727,0.434500357274853,-0.380187812615497));
#1771=DIRECTION('',(-0.707106781186547,0.465633073666418,0.532152084190192));
#1772=DIRECTION('',(0.601316822402264,0.,0.79901068772329));
#1773=DIRECTION('',(0.,0.752576694706878,-0.658504607868518));
#1774=DIRECTION('',(0.707106781186548,0.465633073666417,0.532152084190191));
#1775=DIRECTION('',(-0.549971940922871,-0.835183132131828,0.));
#1776=DIRECTION('',(-0.707106781186548,-0.465633073666417,-0.532152084190191));
#1777=DIRECTION('',(0.,0.658504607868518,0.752576694706878));
#1778=DIRECTION('',(0.,-0.752576694706878,0.658504607868518));
#1779=DIRECTION('',(-0.816496580927727,0.434500357274853,-0.380187812615497));
#1780=DIRECTION('',(0.,0.752576694706878,-0.658504607868518));
#1781=DIRECTION('',(0.816496580927728,0.434500357274853,-0.380187812615496));
#1782=DIRECTION('',(0.816496580927728,-0.434500357274853,0.380187812615496));
#1783=DIRECTION('',(-0.816496580927727,-0.434500357274853,0.380187812615497));
#1784=DIRECTION('',(0.,0.,1.));
#1785=DIRECTION('',(1.,0.,0.));
#1786=DIRECTION('',(-0.376018762453118,0.926612049502501,0.));
#1787=DIRECTION('',(0.,0.,1.));
#1788=DIRECTION('',(1.,0.,0.));
#1789=DIRECTION('',(-0.376018762453118,-0.926612049502501,0.));
#1790=DIRECTION('',(0.549971940922871,-0.835183132131828,0.));
#1791=DIRECTION('',(0.864863180964878,-0.502007647562578,0.));
#1792=DIRECTION('',(0.864863180964878,0.502007647562578,0.));
#1793=DIRECTION('',(0.415759760267794,0.9094744755858,0.));
#1794=DIRECTION('',(-0.9094744755858,0.415759760267794,0.));
#1795=DIRECTION('',(0.,0.,-1.));
#1796=DIRECTION('',(0.9094744755858,-0.415759760267794,0.));
#1797=DIRECTION('',(0.,0.,-1.));
#1798=DIRECTION('',(0.,1.,0.));
#1799=DIRECTION('',(0.,0.,1.));
#1800=DIRECTION('',(0.,0.,-1.));
#1801=DIRECTION('',(1.,0.,0.));
#1802=DIRECTION('',(1.,0.,0.));
#1803=DIRECTION('',(0.,0.,-1.));
#1804=DIRECTION('',(0.,0.658504607868518,0.752576694706878));
#1805=DIRECTION('',(0.,-1.,0.));
#1806=DIRECTION('',(0.,-0.658504607868518,-0.752576694706878));
#1807=DIRECTION('',(1.,0.,0.));
#1808=DIRECTION('',(0.,0.,-1.));
#1809=DIRECTION('',(0.,0.985366056413752,0.17045156164615));
#1810=DIRECTION('',(1.,0.,0.));
#1811=DIRECTION('',(0.,0.,-1.));
#1812=DIRECTION('',(0.,0.,1.));
#1813=DIRECTION('',(1.,0.,0.));
#1814=DIRECTION('',(0.,-1.,0.));
#1815=DIRECTION('',(-0.601316822402264,0.79901068772329,0.));
#1816=DIRECTION('',(-1.,0.,0.));
#1817=DIRECTION('',(0.,-1.,0.));
#1818=DIRECTION('',(0.,-1.,0.));
#1819=DIRECTION('',(1.,0.,0.));
#1820=DIRECTION('',(-0.601316822402264,-0.79901068772329,0.));
#1821=DIRECTION('',(-0.9094744755858,-0.415759760267794,0.));
#1822=DIRECTION('',(1.,0.,0.));
#1823=DIRECTION('',(0.,1.,0.));
#1824=DIRECTION('',(0.,0.658504607868518,0.752576694706878));
#1825=DIRECTION('',(1.,0.,0.));
#1826=DIRECTION('',(0.,0.,-1.));
#1827=DIRECTION('',(0.,0.985366056413752,0.17045156164615));
#1828=DIRECTION('',(1.,0.,0.));
#1829=DIRECTION('',(0.,0.,-1.));
#1830=DIRECTION('',(0.,-0.658504607868518,-0.752576694706878));
#1831=DIRECTION('',(0.,-0.752576694706878,0.658504607868518));
#1832=DIRECTION('',(0.,-0.658504607868518,-0.752576694706878));
#1833=DIRECTION('',(1.,0.,0.));
#1834=DIRECTION('',(0.,0.658504607868518,0.752576694706878));
#1835=DIRECTION('',(0.,0.17045156164615,-0.985366056413751));
#1836=DIRECTION('',(0.,0.985366056413752,0.17045156164615));
#1837=DIRECTION('',(1.,0.,0.));
#1838=DIRECTION('',(0.,-0.985366056413752,-0.17045156164615));
#1839=DIRECTION('',(1.,0.,0.));
#1840=DIRECTION('',(0.,0.752576694706878,-0.658504607868518));
#1841=DIRECTION('',(0.,0.658504607868518,0.752576694706878));
#1842=DIRECTION('',(0.,-0.658504607868518,-0.752576694706878));
#1843=DIRECTION('',(1.,0.,0.));
#1844=DIRECTION('',(1.,0.,0.));
#1845=DIRECTION('',(0.,0.,-1.));
#1846=DIRECTION('',(1.,0.,0.));
#1847=DIRECTION('',(0.,0.,-1.));
#1848=DIRECTION('',(1.,0.,0.));
#1849=DIRECTION('',(0.,0.,-1.));
#1850=DIRECTION('',(1.,0.,0.));
#1851=DIRECTION('',(0.,0.,-1.));
#1852=DIRECTION('',(0.,1.,0.));
#1853=DIRECTION('',(-1.,0.,0.));
#1854=DIRECTION('',(-1.,0.,0.));
#1855=DIRECTION('',(0.,0.,1.));
#1856=DIRECTION('',(0.707106781186548,0.,0.707106781186548));
#1857=DIRECTION('',(0.,0.,1.));
#1858=DIRECTION('',(-0.54997194092287,0.,0.835183132131829));
#1859=DIRECTION('',(-0.54997194092287,0.,-0.835183132131829));
#1860=DIRECTION('',(-0.707106781186548,0.,0.707106781186548));
#1861=DIRECTION('',(0.,0.,1.));
#1862=DIRECTION('',(0.,0.,-1.));
#1863=DIRECTION('',(-0.707106781186548,-0.707106781186548,0.));
#1864=DIRECTION('',(1.,0.,0.));
#1865=DIRECTION('',(0.707106781186548,0.707106781186548,0.));
#1866=DIRECTION('',(-1.3879883828534E-15,1.,0.));
#1867=DIRECTION('',(1.,2.47869262723272E-15,0.));
#1868=DIRECTION('',(0.0720528365560235,-0.997400816494668,0.));
#1869=DIRECTION('',(0.707106781186548,0.707106781186548,0.));
#1870=DIRECTION('',(-0.707106781186548,0.707106781186548,0.));
#1871=DIRECTION('',(-0.0720528365560235,-0.997400816494668,0.));
#1872=DIRECTION('',(-1.,2.47869262723272E-15,0.));
#1873=DIRECTION('',(1.3879883828534E-15,1.,0.));
#1874=DIRECTION('',(-0.707106781186548,0.707106781186548,0.));
#1875=DIRECTION('',(0.707106781186548,0.707106781186548,0.));
#1876=DIRECTION('',(0.,0.,-1.));
#1877=DIRECTION('',(0.707106781186548,-0.707106781186548,0.));
#1878=DIRECTION('',(0.,0.,-1.));
#1879=DIRECTION('',(-0.577350269189626,-0.577350269189626,-0.577350269189626));
#1880=DIRECTION('',(-0.707106781186548,0.,0.707106781186547));
#1881=DIRECTION('',(0.679189012918032,0.052867865684572,-0.732056878602604));
#1882=DIRECTION('',(-0.816496580927726,0.408248290463865,0.408248290463862));
#1883=DIRECTION('',(0.0492114233973817,0.681215566568976,-0.730426989966358));
#1884=DIRECTION('',(0.,0.707106781186548,0.707106781186548));
#1885=DIRECTION('',(1.,0.,0.));
#1886=DIRECTION('',(0.,0.707106781186548,-0.707106781186548));
#1887=DIRECTION('',(-1.,0.,0.));
#1888=DIRECTION('',(0.,0.707106781186548,-0.707106781186548));
#1889=DIRECTION('',(0.707106781186548,0.707106781186548,0.));
#1890=DIRECTION('',(0.,0.,-1.));
#1891=DIRECTION('',(0.,0.,-1.));
#1892=DIRECTION('',(0.707106781186548,-0.707106781186548,0.));
#1893=DIRECTION('',(0.,0.,1.));
#1894=DIRECTION('',(-0.577350269189626,-0.577350269189626,-0.577350269189626));
#1895=DIRECTION('',(-0.707106781186548,0.,0.707106781186547));
#1896=DIRECTION('',(0.816496580927726,-0.408248290463865,-0.408248290463862));
#1897=DIRECTION('',(0.679189012918032,0.052867865684572,-0.732056878602604));
#1898=DIRECTION('',(-0.707106781186548,0.,0.707106781186548));
#1899=DIRECTION('',(-3.28773104896783E-16,-0.707106781186548,0.707106781186548));
#1900=DIRECTION('',(0.,-1.,0.));
#1901=DIRECTION('',(0.,0.,-1.));
#1902=DIRECTION('',(0.707106781186548,0.,0.707106781186548));
#1903=DIRECTION('',(0.,0.,1.));
#1904=DIRECTION('',(0.,-0.444731307727648,0.895664035186663));
#1905=DIRECTION('',(-1.,0.,0.));
#1906=DIRECTION('',(0.,0.895664035186663,0.444731307727648));
#1907=DIRECTION('',(0.,-0.895664035186663,-0.444731307727648));
#1908=DIRECTION('',(1.75270036519335E-15,0.707106781186547,-0.707106781186549));
#1909=DIRECTION('',(0.577350269189626,0.577350269189626,0.577350269189626));
#1910=DIRECTION('',(-9.81455997723794E-16,-0.707106781186549,-0.707106781186547));
#1911=DIRECTION('',(-1.,2.47869262723272E-15,0.));
#1912=DIRECTION('',(0.0510153052655687,0.706186037326094,0.706186037326092));
#1913=DIRECTION('',(0.303788244995129,-0.673688615831819,-0.673688615831816));
#1914=DIRECTION('',(-1.,1.3879883828534E-15,0.));
#1915=DIRECTION('',(-1.3879883828534E-15,-1.,0.));
#1916=DIRECTION('',(-1.,1.3879883828534E-15,0.));
#1917=DIRECTION('',(-1.3879883828534E-15,-1.,0.));
#1918=DIRECTION('',(-5.31160158433208E-16,-0.382683432365088,0.923879532511288));
#1919=DIRECTION('',(0.997400816494668,-0.0720528365560235,0.));
#1920=DIRECTION('',(0.0720528365560235,0.997400816494668,0.));
#1921=DIRECTION('',(0.0276347239033209,0.38253728100414,-0.923526691913529));
#1922=DIRECTION('',(-2.29001338568694E-15,-0.923879532511288,-0.382683432365088));
#1923=DIRECTION('',(-1.,2.47869262723272E-15,0.));
#1924=DIRECTION('',(1.,0.,0.));
#1925=DIRECTION('',(0.,1.,0.));
#1926=DIRECTION('',(1.,0.,0.));
#1927=DIRECTION('',(0.,0.,-1.));
#1928=DIRECTION('',(1.,0.,0.));
#1929=DIRECTION('',(0.,0.,-1.));
#1930=DIRECTION('',(-1.,0.,0.));
#1931=DIRECTION('',(0.,1.,0.));
#1932=DIRECTION('',(0.,0.707106781186548,-0.707106781186548));
#1933=DIRECTION('',(0.,0.895664035186663,0.444731307727648));
#1934=DIRECTION('',(0.,0.658504607868518,0.752576694706878));
#1935=DIRECTION('',(0.,-0.658504607868518,-0.752576694706878));
#1936=DIRECTION('',(0.707106781186547,0.465633073666418,0.532152084190192));
#1937=DIRECTION('',(-0.601316822402264,0.,0.79901068772329));
#1938=DIRECTION('',(0.707106781186548,-0.465633073666417,-0.532152084190191));
#1939=DIRECTION('',(-0.707106781186548,0.465633073666417,0.532152084190191));
#1940=DIRECTION('',(-0.415759760267794,0.9094744755858,0.));
#1941=DIRECTION('',(0.9094744755858,0.415759760267794,0.));
#1942=DIRECTION('',(0.,0.,-1.));
#1943=DIRECTION('',(-1.,0.,0.));
#1944=DIRECTION('',(0.,0.,-1.));
#1945=DIRECTION('',(0.,-0.658504607868518,-0.752576694706878));
#1946=DIRECTION('',(-1.,0.,0.));
#1947=DIRECTION('',(0.,0.,1.));
#1948=DIRECTION('',(0.,-0.985366056413752,-0.17045156164615));
#1949=DIRECTION('',(-1.,0.,0.));
#1950=DIRECTION('',(0.,0.,1.));
#1951=DIRECTION('',(0.,0.658504607868518,0.752576694706878));
#1952=DIRECTION('',(-1.,0.,0.));
#1953=DIRECTION('',(0.,1.,0.));
#1954=DIRECTION('',(0.,0.658504607868518,0.752576694706878));
#1955=DIRECTION('',(0.,-0.658504607868518,-0.752576694706878));
#1956=DIRECTION('',(1.,0.,0.));
#1957=DIRECTION('',(0.,0.,-1.));
#1958=DIRECTION('',(0.,0.985366056413752,0.17045156164615));
#1959=DIRECTION('',(1.,0.,0.));
#1960=DIRECTION('',(0.,0.,-1.));
#1961=DIRECTION('',(0.,-0.752576694706878,0.658504607868518));
#1962=DIRECTION('',(0.,-0.658504607868518,-0.752576694706878));
#1963=DIRECTION('',(0.,-0.658504607868518,-0.752576694706878));
#1964=DIRECTION('',(-1.,0.,0.));
#1965=DIRECTION('',(0.,0.17045156164615,-0.985366056413751));
#1966=DIRECTION('',(0.,0.985366056413752,0.17045156164615));
#1967=DIRECTION('',(-1.,0.,0.));
#1968=DIRECTION('',(0.,0.985366056413752,0.17045156164615));
#1969=DIRECTION('',(-1.,0.,0.));
#1970=DIRECTION('',(0.,0.752576694706878,-0.658504607868518));
#1971=DIRECTION('',(0.,0.658504607868518,0.752576694706878));
#1972=DIRECTION('',(-1.,0.,0.));
#1973=DIRECTION('',(0.,0.658504607868518,0.752576694706878));
#1974=DIRECTION('',(-1.,0.,0.));
#1975=DIRECTION('',(0.,0.,-1.));
#1976=DIRECTION('',(-1.,0.,0.));
#1977=DIRECTION('',(0.,0.,1.));
#1978=DIRECTION('',(-1.,0.,0.));
#1979=DIRECTION('',(0.,0.,-1.));
#1980=DIRECTION('',(-1.,0.,0.));
#1981=DIRECTION('',(0.,0.,1.));
#1982=DIRECTION('',(-0.707106781186548,0.707106781186548,0.));
#1983=DIRECTION('',(0.,0.,-1.));
#1984=DIRECTION('',(0.,0.,-1.));
#1985=DIRECTION('',(-0.707106781186548,-0.707106781186548,0.));
#1986=DIRECTION('',(0.577350269189626,-0.577350269189626,-0.577350269189626));
#1987=DIRECTION('',(0.707106781186548,0.,0.707106781186547));
#1988=DIRECTION('',(0.816496580927726,0.408248290463865,0.408248290463862));
#1989=DIRECTION('',(0.679189012918031,-0.0528678656845734,0.732056878602605));
#1990=DIRECTION('',(-0.0492114233973817,0.681215566568976,-0.730426989966358));
#1991=DIRECTION('',(-0.707106781186548,0.707106781186548,0.));
#1992=DIRECTION('',(0.,0.,-1.));
#1993=DIRECTION('',(-0.707106781186548,-0.707106781186548,0.));
#1994=DIRECTION('',(0.,0.,-1.));
#1995=DIRECTION('',(0.577350269189626,-0.577350269189626,-0.577350269189626));
#1996=DIRECTION('',(0.707106781186548,0.,0.707106781186547));
#1997=DIRECTION('',(0.679189012918031,-0.0528678656845734,0.732056878602605));
#1998=DIRECTION('',(-0.816496580927726,-0.408248290463865,-0.408248290463862));
#1999=DIRECTION('',(3.28773104896783E-16,-0.707106781186548,0.707106781186548));
#2000=DIRECTION('',(-1.75270036519335E-15,0.707106781186547,-0.707106781186549));
#2001=DIRECTION('',(-0.577350269189626,0.577350269189626,0.577350269189626));
#2002=DIRECTION('',(9.81455997723794E-16,-0.707106781186549,-0.707106781186547));
#2003=DIRECTION('',(0.303788244995128,0.673688615831819,0.673688615831816));
#2004=DIRECTION('',(-0.0510153052655687,0.706186037326094,0.706186037326092));
#2005=DIRECTION('',(1.,2.47869262723272E-15,0.));
#2006=DIRECTION('',(-0.997400816494668,-0.0720528365560235,0.));
#2007=DIRECTION('',(-0.0720528365560235,0.997400816494668,0.));
#2008=DIRECTION('',(-0.0276347239033209,0.38253728100414,-0.923526691913529));
#2009=DIRECTION('',(1.,1.3879883828534E-15,0.));
#2010=DIRECTION('',(1.3879883828534E-15,-1.,0.));
#2011=DIRECTION('',(-1.,-1.3879883828534E-15,0.));
#2012=DIRECTION('',(1.3879883828534E-15,-1.,0.));
#2013=DIRECTION('',(5.31160158433208E-16,-0.382683432365088,0.923879532511288));
#2014=DIRECTION('',(2.29001338568694E-15,-0.923879532511288,-0.382683432365088));
#2015=DIRECTION('',(1.,2.47869262723272E-15,0.));
#2016=DIRECTION('',(-1.,0.,0.));
#2017=DIRECTION('',(0.,1.,0.));
#2018=DIRECTION('',(1.,0.,0.));
#2019=DIRECTION('',(0.,0.,-1.));
#2020=DIRECTION('',(-1.,0.,0.));
#2021=DIRECTION('',(0.,0.,-1.));
#2022=DIRECTION('',(-0.5,-0.861404388124451,0.0893447263129796));
#2023=DIRECTION('',(-0.707106781186548,0.465633073666417,0.532152084190191));
#2024=DIRECTION('',(0.357406744336593,-0.299218803539264,-0.88471946215241));
#2025=DIRECTION('',(0.707106781186548,-0.532152084190191,0.465633073666417));
#2026=DIRECTION('',(0.,0.658504607868518,0.752576694706878));
#2027=DIRECTION('',(-0.5,0.202899780255934,-0.841921421019857));
#2028=DIRECTION('',(0.707106781186548,-0.465633073666417,-0.532152084190191));
#2029=DIRECTION('',(-0.5,0.202899780255934,-0.841921421019857));
#2030=DIRECTION('',(0.780134533451268,-0.316578250814658,-0.539600149025095));
#2031=DIRECTION('',(0.5,-0.861404388124451,0.0893447263129801));
#2032=DIRECTION('',(0.707106781186548,0.465633073666417,0.532152084190191));
#2033=DIRECTION('',(0.357406744336592,0.299218803539264,0.88471946215241));
#2034=DIRECTION('',(-0.707106781186548,-0.532152084190191,0.465633073666417));
#2035=DIRECTION('',(0.,0.658504607868518,0.752576694706878));
#2036=DIRECTION('',(0.5,0.202899780255934,-0.841921421019857));
#2037=DIRECTION('',(-0.707106781186548,-0.465633073666417,-0.532152084190191));
#2038=DIRECTION('',(0.5,0.202899780255934,-0.841921421019857));
#2039=DIRECTION('',(-0.780134533451268,-0.316578250814658,-0.539600149025095));
#2040=DIRECTION('',(0.,0.,-1.));
#2041=DIRECTION('',(-1.,0.,0.));
#2042=DIRECTION('',(0.707106781186547,0.532152084190192,-0.465633073666418));
#2043=DIRECTION('',(0.,-0.658504607868518,-0.752576694706878));
#2044=DIRECTION('',(-0.707106781186548,0.532152084190192,-0.465633073666416));
#2045=DIRECTION('',(1.,0.,0.));
#2046=DIRECTION('',(0.,0.,-1.));
#2047=DIRECTION('',(-0.707106781186549,-0.12052745510383,0.696759020441209));
#2048=DIRECTION('',(0.707106781186547,-0.12052745510383,0.69675902044121));
#2049=DIRECTION('',(0.,0.985366056413752,0.17045156164615));
#2050=DIRECTION('',(-0.707106781186548,-0.120527455103831,0.696759020441209));
#2051=DIRECTION('',(1.,0.,0.));
#2052=DIRECTION('',(0.,0.,-1.));
#2053=DIRECTION('',(-0.70710678118655,-0.53215208419019,0.465633073666415));
#2054=DIRECTION('',(0.707106781186547,-0.532152084190192,0.465633073666418));
#2055=DIRECTION('',(0.,0.658504607868518,0.752576694706878));
#2056=DIRECTION('',(-0.707106781186547,0.532152084190192,-0.465633073666418));
#2057=DIRECTION('',(0.,-0.658504607868518,-0.752576694706878));
#2058=DIRECTION('',(-0.707106781186548,-0.532152084190192,0.465633073666416));
#2059=DIRECTION('',(-1.,0.,0.));
#2060=DIRECTION('',(0.,0.,1.));
#2061=DIRECTION('',(-0.707106781186549,0.12052745510383,-0.696759020441209));
#2062=DIRECTION('',(-0.707106781186547,-0.12052745510383,0.69675902044121));
#2063=DIRECTION('',(0.,0.985366056413752,0.17045156164615));
#2064=DIRECTION('',(-0.707106781186547,0.120527455103831,-0.69675902044121));
#2065=DIRECTION('',(-1.,0.,0.));
#2066=DIRECTION('',(0.,0.,1.));
#2067=DIRECTION('',(-0.707106781186549,0.532152084190191,-0.465633073666417));
#2068=DIRECTION('',(-0.707106781186547,-0.532152084190192,0.465633073666418));
#2069=DIRECTION('',(0.,0.658504607868518,0.752576694706878));
#2070=DIRECTION('',(0.707106781186548,0.532152084190191,-0.465633073666417));
#2071=DIRECTION('',(0.,-0.658504607868518,-0.752576694706878));
#2072=DIRECTION('',(0.700271427200833,-0.435668224197144,0.565520226579931));
#2073=DIRECTION('',(0.707106781186548,0.314472523500181,-0.633330112945396));
#2074=DIRECTION('',(0.,-0.895664035186663,-0.444731307727648));
#2075=DIRECTION('',(-0.707106781186548,0.532152084190191,-0.465633073666417));
#2076=DIRECTION('',(0.,-0.658504607868518,-0.752576694706878));
#2077=DIRECTION('',(0.700271427200833,0.43566822419715,-0.565520226579925));
#2078=DIRECTION('',(-0.707106781186547,0.314472523500181,-0.633330112945397));
#2079=DIRECTION('',(0.,-0.895664035186663,-0.444731307727648));
#2080=DIRECTION('',(0.,0.,-1.));
#2081=DIRECTION('',(-1.,0.,0.));
#2082=DIRECTION('',(0.,0.,-1.));
#2083=DIRECTION('',(-1.,0.,0.));
#2084=DIRECTION('',(0.,0.,-1.));
#2085=DIRECTION('',(1.,0.,0.));
#2086=CARTESIAN_POINT('',(0.,0.,0.));
#2087=CARTESIAN_POINT('',(6.93889390390723E-18,0.04925,0.058));
#2088=CARTESIAN_POINT('',(0.047,0.04925,0.058));
#2089=CARTESIAN_POINT('',(0.047,0.0391130062642255,0.058));
#2090=CARTESIAN_POINT('',(0.047,0.05375,0.058));
#2091=CARTESIAN_POINT('',(4.16333634234433E-17,-0.378416666666664,0.058));
#2092=CARTESIAN_POINT('',(0.0259036549209182,0.0409507479467196,0.058));
#2093=CARTESIAN_POINT('',(0.0205248083715697,0.0338035075562321,0.058));
#2094=CARTESIAN_POINT('',(0.027,0.0424075364531837,0.058));
#2095=CARTESIAN_POINT('',(0.027,0.04925,0.058));
#2096=CARTESIAN_POINT('',(0.027,0.0547636953202245,0.058));
#2097=CARTESIAN_POINT('',(0.0198863902924736,0.0642160338759607,0.058));
#2098=CARTESIAN_POINT('',(0.024,0.05875,0.058));
#2099=CARTESIAN_POINT('',(-0.027,0.05875,0.058));
#2100=CARTESIAN_POINT('',(-0.024,0.05875,0.058));
#2101=CARTESIAN_POINT('',(-0.0198863902924736,0.0642160338759607,0.058));
#2102=CARTESIAN_POINT('',(-0.027,0.0547636953202245,0.058));
#2103=CARTESIAN_POINT('',(-0.027,0.04925,0.058));
#2104=CARTESIAN_POINT('',(-0.027,0.0424075364531837,0.058));
#2105=CARTESIAN_POINT('',(-0.0205248083715697,0.033803507556232,0.058));
#2106=CARTESIAN_POINT('',(-0.0259036549209182,0.0409507479467195,0.058));
#2107=CARTESIAN_POINT('',(4.16333634234433E-17,-0.378416666666664,0.058));
#2108=CARTESIAN_POINT('',(-0.047,0.0391130062642255,0.058));
#2109=CARTESIAN_POINT('',(-0.047,0.04925,0.058));
#2110=CARTESIAN_POINT('',(-0.047,0.05375,0.058));
#2111=CARTESIAN_POINT('',(-0.047,0.05375,0.058));
#2112=CARTESIAN_POINT('',(-0.048,0.05375,0.058));
#2113=CARTESIAN_POINT('',(-0.0328061313517426,0.0739391298988142,0.058));
#2114=CARTESIAN_POINT('',(-0.05,0.0510924635468164,0.058));
#2115=CARTESIAN_POINT('',(-0.05,0.04925,0.058));
#2116=CARTESIAN_POINT('',(-0.05,0.05375,0.058));
#2117=CARTESIAN_POINT('',(-0.04125,0.05775,0.058));
#2118=CARTESIAN_POINT('',(-0.0325,0.06175,0.058));
#2119=CARTESIAN_POINT('',(1.38777878078145E-17,0.06175,0.058));
#2120=CARTESIAN_POINT('',(0.0325,0.06175,0.058));
#2121=CARTESIAN_POINT('',(0.04125,0.05775,0.058));
#2122=CARTESIAN_POINT('',(0.05,0.05375,0.058));
#2123=CARTESIAN_POINT('',(0.05,0.04925,0.058));
#2124=CARTESIAN_POINT('',(0.05,0.0510924635468164,0.058));
#2125=CARTESIAN_POINT('',(0.0328061313517426,0.0739391298988142,0.058));
#2126=CARTESIAN_POINT('',(0.048,0.05375,0.058));
#2127=CARTESIAN_POINT('',(0.047,0.05375,0.058));
#2128=CARTESIAN_POINT('',(-0.027,0.047375,0.045));
#2129=CARTESIAN_POINT('',(0.,0.057432990784263,0.0564948466105862));
#2130=CARTESIAN_POINT('',(0.024,0.057432990784263,0.0564948466105862));
#2131=CARTESIAN_POINT('',(-0.024,0.057432990784263,0.0564948466105862));
#2132=CARTESIAN_POINT('',(-0.024,0.047375,0.045));
#2133=CARTESIAN_POINT('',(0.024,0.047375,0.045));
#2134=CARTESIAN_POINT('',(4.16333634234433E-17,-0.378416666666664,0.061));
#2135=CARTESIAN_POINT('',(-0.047,0.0371003138661523,0.061));
#2136=CARTESIAN_POINT('',(-0.047,0.0371003138661523,0.061));
#2137=CARTESIAN_POINT('',(-0.047,0.0371003138661523,0.06));
#2138=CARTESIAN_POINT('',(4.16333634234433E-17,-0.378416666666664,0.06));
#2139=CARTESIAN_POINT('',(0.047,0.0371003138661523,0.06));
#2140=CARTESIAN_POINT('',(0.047,0.0371003138661523,0.061));
#2141=CARTESIAN_POINT('',(0.047,0.0371003138661523,0.061));
#2142=CARTESIAN_POINT('',(4.16333634234433E-17,-0.378416666666664,0.061));
#2143=CARTESIAN_POINT('',(-0.027,0.0359875,0.0537));
#2144=CARTESIAN_POINT('',(-0.0169067438526678,0.0405241977532889,0.0588847974323301));
#2145=CARTESIAN_POINT('',(-0.0196051802211529,0.0404734007938702,0.0588267437644231));
#2146=CARTESIAN_POINT('',(-0.0223029318792631,0.0404104566393672,0.0587548075878482));
#2147=CARTESIAN_POINT('',(-0.025,0.0403353860995687,0.0586690126852214));
#2148=CARTESIAN_POINT('',(-0.0169067438526678,0.0405241977532889,0.0588847974323301));
#2149=CARTESIAN_POINT('',(-0.025,0.040335386099569,0.0586690126852216));
#2150=CARTESIAN_POINT('',(-0.025,0.0359875,0.0537));
#2151=CARTESIAN_POINT('',(-0.025,0.0340688129020318,0.0515072147451793));
#2152=CARTESIAN_POINT('',(0.027,0.0340688129020318,0.0515072147451793));
#2153=CARTESIAN_POINT('',(0.025,0.0340688129020318,0.0515072147451793));
#2154=CARTESIAN_POINT('',(0.025,0.0359875,0.0537));
#2155=CARTESIAN_POINT('',(0.025,0.040335386099569,0.0586690126852217));
#2156=CARTESIAN_POINT('',(0.025,0.0403353860995687,0.0586690126852214));
#2157=CARTESIAN_POINT('',(0.0223029318792631,0.0404104566393672,0.0587548075878482));
#2158=CARTESIAN_POINT('',(0.0196051802211529,0.0404734007938702,0.0588267437644231));
#2159=CARTESIAN_POINT('',(0.0169067438526678,0.0405241977532889,0.0588847974323301));
#2160=CARTESIAN_POINT('',(0.0169067438526678,0.0405241977532889,0.0588847974323301));
#2161=CARTESIAN_POINT('',(-0.00849132511836373,0.0237994523049022,0.039770802634174));
#2162=CARTESIAN_POINT('',(0.0072426406871193,0.0341603412878584,0.0516118186146954));
#2163=CARTESIAN_POINT('',(-0.027,0.0341603412878584,0.0516118186146954));
#2164=CARTESIAN_POINT('',(-0.0072426406871193,0.0341603412878584,0.0516118186146954));
#2165=CARTESIAN_POINT('',(-0.0185086748816363,0.0415790767173522,0.0600903733912596));
#2166=CARTESIAN_POINT('',(-0.027,0.047375,0.045));
#2167=CARTESIAN_POINT('',(-0.027,0.039,0.0354285714285714));
#2168=CARTESIAN_POINT('',(-0.024,0.039,0.0354285714285714));
#2169=CARTESIAN_POINT('',(0.024,0.039,0.0354285714285714));
#2170=CARTESIAN_POINT('',(-0.024,0.047375,0.045));
#2171=CARTESIAN_POINT('',(-0.024,0.0559562015580015,0.0548070874948588));
#2172=CARTESIAN_POINT('',(-0.0189843268707127,0.0526533576908035,0.0510324087894897));
#2173=CARTESIAN_POINT('',(-0.0072426406871193,0.0449214032347611,0.0421958894111555));
#2174=CARTESIAN_POINT('',(0.,0.0449214032347611,0.0421958894111555));
#2175=CARTESIAN_POINT('',(0.0072426406871193,0.0449214032347611,0.0421958894111555));
#2176=CARTESIAN_POINT('',(-0.00801567312928727,0.0348737332783536,0.0307128380324041));
#2177=CARTESIAN_POINT('',(0.024,0.0559562015580015,0.0548070874948588));
#2178=CARTESIAN_POINT('',(0.024,0.047375,0.045));
#2179=CARTESIAN_POINT('',(-0.027,0.027825,0.0487));
#2180=CARTESIAN_POINT('',(-0.000937749966675557,0.027825,0.0481));
#2181=CARTESIAN_POINT('',(-0.000937749966675557,0.027825,0.0481));
#2182=CARTESIAN_POINT('',(-0.000937749966675557,0.027825,0.048));
#2183=CARTESIAN_POINT('',(-0.027,0.027825,0.0481));
#2184=CARTESIAN_POINT('',(0.000937749966675557,0.027825,0.0481));
#2185=CARTESIAN_POINT('',(0.000937749966675557,0.027825,0.0481));
#2186=CARTESIAN_POINT('',(0.000937749966675557,0.027825,0.048));
#2187=CARTESIAN_POINT('',(-0.027,0.027825,0.048));
#2188=CARTESIAN_POINT('',(0.0253644670338061,0.027825,0.048));
#2189=CARTESIAN_POINT('',(0.00170774523668077,0.027825,0.0744124949397963));
#2190=CARTESIAN_POINT('',(0.025,0.027825,0.0484069238235407));
#2191=CARTESIAN_POINT('',(-0.027,0.027825,0.0484069238235407));
#2192=CARTESIAN_POINT('',(-0.025,0.027825,0.0484069238235407));
#2193=CARTESIAN_POINT('',(-0.0257446009682697,0.027825,0.047575584237471));
#2194=CARTESIAN_POINT('',(-0.0253644670338061,0.027825,0.048));
#2195=CARTESIAN_POINT('',(-0.027,0.027825,0.048));
#2196=CARTESIAN_POINT('',(-0.027,0.0304125,0.048));
#2197=CARTESIAN_POINT('',(0.,0.0284,0.048));
#2198=CARTESIAN_POINT('',(-0.0265952609787371,0.0305925001142146,0.048));
#2199=CARTESIAN_POINT('',(-0.0265376949535032,0.0304630601035079,0.048));
#2200=CARTESIAN_POINT('',(-0.0297503775285055,0.0272503775285055,0.048));
#2201=CARTESIAN_POINT('',(-0.0260007550570111,0.031,0.048));
#2202=CARTESIAN_POINT('',(-0.027,0.031,0.048));
#2203=CARTESIAN_POINT('',(0.0260007550570111,0.031,0.048));
#2204=CARTESIAN_POINT('',(0.0297503775285055,0.0272503775285055,0.048));
#2205=CARTESIAN_POINT('',(0.0265376949535032,0.0304630601035079,0.048));
#2206=CARTESIAN_POINT('',(0.0176784418491313,0.0105425981292021,0.048));
#2207=CARTESIAN_POINT('',(0.027,0.0442875,0.045));
#2208=CARTESIAN_POINT('',(0.027,0.0367802640088828,0.0515688314922276));
#2209=CARTESIAN_POINT('',(0.027,0.0353130967818944,0.0498920689470979));
#2210=CARTESIAN_POINT('',(0.027,0.0287144626154553,0.0466155957531674));
#2211=CARTESIAN_POINT('',(0.027,0.0339711608398227,0.049225746639895));
#2212=CARTESIAN_POINT('',(0.027,0.0412422037398589,0.0419547037398589));
#2213=CARTESIAN_POINT('',(0.027,0.039,0.0441969074797177));
#2214=CARTESIAN_POINT('',(0.027,0.039,0.045));
#2215=CARTESIAN_POINT('',(0.027,0.039,0.0399843482054577));
#2216=CARTESIAN_POINT('',(0.027,0.0437784424822511,0.0454454253280303));
#2217=CARTESIAN_POINT('',(0.,0.0361350703240583,0.0751305270132653));
#2218=CARTESIAN_POINT('',(-0.027,0.0557128154820758,0.058));
#2219=CARTESIAN_POINT('',(-0.0230101525445522,0.0557128154820758,0.058));
#2220=CARTESIAN_POINT('',(0.0230101525445522,0.0557128154820758,0.058));
#2221=CARTESIAN_POINT('',(-0.0156666666666666,0.0518049641669378,0.0614193699007458));
#2222=CARTESIAN_POINT('',(-0.0249289321881345,0.0567338980685098,0.0571065527368702));
#2223=CARTESIAN_POINT('',(-0.024,0.057432990784263,0.0564948466105862));
#2224=CARTESIAN_POINT('',(0.027,0.0551752607001423,0.0584703604341918));
#2225=CARTESIAN_POINT('',(0.0249289321881345,0.0567338980685098,0.0571065527368702));
#2226=CARTESIAN_POINT('',(0.00340376480951486,0.0452792353854347,0.0671293825845609));
#2227=CARTESIAN_POINT('',(0.0125,0.0298792765493074,0.06798104841355));
#2228=CARTESIAN_POINT('',(0.003,0.0236234827745565,0.0608315698138346));
#2229=CARTESIAN_POINT('',(0.003,0.0364180713719791,0.0496363047910898));
#2230=CARTESIAN_POINT('',(0.003,0.0426636731506405,0.0441714032347611));
#2231=CARTESIAN_POINT('',(0.0125,0.04267386514673,0.0567857833908052));
#2232=CARTESIAN_POINT('',(0.0141134124504982,0.0437363046797755,0.058));
#2233=CARTESIAN_POINT('',(0.00421046483613052,0.0286977650916896,0.058));
#2234=CARTESIAN_POINT('',(0.021375,0.0547636953202245,0.058));
#2235=CARTESIAN_POINT('',(0.0125,0.0489194669253914,0.0513208818344764));
#2236=CARTESIAN_POINT('',(0.,0.0236234827745565,0.0608315698138346));
#2237=CARTESIAN_POINT('',(-0.00933333333333334,0.046033969683845,0.0412223937682071));
#2238=CARTESIAN_POINT('',(-0.003,0.0426636731506405,0.0441714032347611));
#2239=CARTESIAN_POINT('',(-0.003,0.0236234827745565,0.0608315698138346));
#2240=CARTESIAN_POINT('',(-0.003,0.0364180713719791,0.0496363047910898));
#2241=CARTESIAN_POINT('',(-0.00933333333333335,0.0330477748387746,0.0525853142576438));
#2242=CARTESIAN_POINT('',(-0.00324666984986943,0.0397422497518351,0.0467276487087158));
#2243=CARTESIAN_POINT('',(-0.00292956852381845,0.039508240902342,0.0469324064520223));
#2244=CARTESIAN_POINT('',(6.93889390390723E-18,0.04925,0.058));
#2245=CARTESIAN_POINT('',(0.0101968144053126,0.0533878628042969,0.058));
#2246=CARTESIAN_POINT('',(0.0150285562076059,0.041481142658522,0.058));
#2247=CARTESIAN_POINT('',(4.16333634234433E-17,-0.378416666666664,0.058));
#2248=CARTESIAN_POINT('',(-0.0150285562076058,0.041481142658522,0.058));
#2249=CARTESIAN_POINT('',(-0.0101968144053126,0.0533878628042969,0.058));
#2250=CARTESIAN_POINT('',(-0.0141134124504982,0.0437363046797755,0.058));
#2251=CARTESIAN_POINT('',(-0.00421046483613052,0.0286977650916896,0.058));
#2252=CARTESIAN_POINT('',(-0.021375,0.0547636953202245,0.058));
#2253=CARTESIAN_POINT('',(-0.00299287993275323,0.0440938401855934,0.058));
#2254=CARTESIAN_POINT('',(0.00299287993275324,0.0440938401855935,0.058));
#2255=CARTESIAN_POINT('',(0.04125,0.05775,0.061));
#2256=CARTESIAN_POINT('',(0.0325,0.06175,0.061));
#2257=CARTESIAN_POINT('',(0.0325,0.06175,0.061));
#2258=CARTESIAN_POINT('',(0.04125,0.05775,0.061));
#2259=CARTESIAN_POINT('',(0.05,0.05375,0.061));
#2260=CARTESIAN_POINT('',(0.05,0.05375,0.061));
#2261=CARTESIAN_POINT('',(1.38777878078145E-17,0.06175,0.061));
#2262=CARTESIAN_POINT('',(-0.0325,0.06175,0.061));
#2263=CARTESIAN_POINT('',(-0.0325,0.06175,0.061));
#2264=CARTESIAN_POINT('',(1.38777878078145E-17,0.06175,0.061));
#2265=CARTESIAN_POINT('',(0.05,0.04525,0.061));
#2266=CARTESIAN_POINT('',(0.05,0.0500457315663385,0.0568037348794538));
#2267=CARTESIAN_POINT('',(0.05,0.043854719801833,0.0497282928628762));
#2268=CARTESIAN_POINT('',(0.05,0.04525,0.061));
#2269=CARTESIAN_POINT('',(0.05,0.0364075364531837,0.061));
#2270=CARTESIAN_POINT('',(0.05,0.0402418790531305,0.0653821058285108));
#2271=CARTESIAN_POINT('',(0.05,0.025083832331576,0.0480586238610198));
#2272=CARTESIAN_POINT('',(0.05,0.0258364090262829,0.0474001192531513));
#2273=CARTESIAN_POINT('',(0.05,0.026006860587929,0.0464147531967375));
#2274=CARTESIAN_POINT('',(0.05,0.0471406118975243,0.0500705325801602));
#2275=CARTESIAN_POINT('',(0.05,0.0432725946687723,0.049401431414331));
#2276=CARTESIAN_POINT('',(0.05,0.0431021431071261,0.0503867974707447));
#2277=CARTESIAN_POINT('',(6.93889390390723E-18,0.04925,0.061));
#2278=CARTESIAN_POINT('',(-0.05,0.04525,0.061));
#2279=CARTESIAN_POINT('',(-0.05,0.05375,0.061));
#2280=CARTESIAN_POINT('',(-0.05,0.0364075364531837,0.061));
#2281=CARTESIAN_POINT('',(-0.038091175597622,0.0205834689712423,0.061));
#2282=CARTESIAN_POINT('',(-0.048,0.03375,0.061));
#2283=CARTESIAN_POINT('',(-0.047,0.03375,0.061));
#2284=CARTESIAN_POINT('',(-0.047,0.03375,0.061));
#2285=CARTESIAN_POINT('',(-0.047,0.04375,0.061));
#2286=CARTESIAN_POINT('',(0.047,0.04375,0.061));
#2287=CARTESIAN_POINT('',(0.047,0.03375,0.061));
#2288=CARTESIAN_POINT('',(0.047,0.03375,0.061));
#2289=CARTESIAN_POINT('',(0.048,0.03375,0.061));
#2290=CARTESIAN_POINT('',(0.038091175597622,0.0205834689712423,0.061));
#2291=CARTESIAN_POINT('',(-0.04125,0.05775,0.061));
#2292=CARTESIAN_POINT('',(0.047,0.035875,0.052));
#2293=CARTESIAN_POINT('',(0.047,0.0492051535280084,0.0528058897462954));
#2294=CARTESIAN_POINT('',(0.047,0.0453598731912468,0.0484112836471392));
#2295=CARTESIAN_POINT('',(0.047,0.0431021431071261,0.0503867974707447));
#2296=CARTESIAN_POINT('',(0.047,0.0436134977920646,0.0474306993015035));
#2297=CARTESIAN_POINT('',(0.047,0.0313301535280084,0.0453058897462954));
#2298=CARTESIAN_POINT('',(0.047,0.0263477637112213,0.0444440210839101));
#2299=CARTESIAN_POINT('',(0.047,0.0258364090262829,0.0474001192531513));
#2300=CARTESIAN_POINT('',(0.047,0.0235786789421622,0.0493756330767568));
#2301=CARTESIAN_POINT('',(0.047,0.025875,0.052));
#2302=CARTESIAN_POINT('',(0.047,0.0371003138661523,0.06));
#2303=CARTESIAN_POINT('',(0.047,0.0377712214817264,0.0593333435472941));
#2304=CARTESIAN_POINT('',(0.047,0.0384421188991339,0.058666676831702));
#2305=CARTESIAN_POINT('',(0.047,0.0391130062642255,0.058));
#2306=CARTESIAN_POINT('',(0.047,0.025875,0.052));
#2307=CARTESIAN_POINT('',(0.047,0.0235786789421622,0.0493756330767568));
#2308=CARTESIAN_POINT('',(0.048,0.0235786789421622,0.0493756330767568));
#2309=CARTESIAN_POINT('',(0.048,0.025875,0.052));
#2310=CARTESIAN_POINT('',(0.047,0.0313301535280084,0.0453058897462954));
#2311=CARTESIAN_POINT('',(0.047,0.0436134977920646,0.0474306993015035));
#2312=CARTESIAN_POINT('',(0.048,0.0436134977920646,0.0474306993015035));
#2313=CARTESIAN_POINT('',(0.048,0.0313301535280084,0.0453058897462954));
#2314=CARTESIAN_POINT('',(0.048,0.0263477637112213,0.0444440210839101));
#2315=CARTESIAN_POINT('',(0.047,0.0263477637112213,0.0444440210839101));
#2316=CARTESIAN_POINT('',(0.047,0.0492051535280084,0.0528058897462954));
#2317=CARTESIAN_POINT('',(0.048,0.0492051535280084,0.0528058897462954));
#2318=CARTESIAN_POINT('',(0.048,0.0453598731912468,0.0484112836471392));
#2319=CARTESIAN_POINT('',(0.047,0.0453598731912468,0.0484112836471392));
#2320=CARTESIAN_POINT('',(0.047,0.0431021431071261,0.0503867974707447));
#2321=CARTESIAN_POINT('',(0.048,0.0431021431071261,0.0503867974707447));
#2322=CARTESIAN_POINT('',(0.047,0.0258364090262829,0.0474001192531513));
#2323=CARTESIAN_POINT('',(0.048,0.0258364090262829,0.0474001192531513));
#2324=CARTESIAN_POINT('',(0.036,0.039,0.032));
#2325=CARTESIAN_POINT('',(0.018,0.039,0.032));
#2326=CARTESIAN_POINT('',(-0.0322426406871193,0.039,0.032));
#2327=CARTESIAN_POINT('',(0.0322426406871193,0.039,0.032));
#2328=CARTESIAN_POINT('',(-0.0322426406871193,0.039,0.032));
#2329=CARTESIAN_POINT('',(-0.0322426406871193,0.039,0.0389542667925984));
#2330=CARTESIAN_POINT('',(-0.0375984537398589,0.039,0.0335984537398589));
#2331=CARTESIAN_POINT('',(-0.027,0.039,0.0441969074797177));
#2332=CARTESIAN_POINT('',(-0.027,0.039,0.045));
#2333=CARTESIAN_POINT('',(-0.027,0.039,0.0399843482054577));
#2334=CARTESIAN_POINT('',(-0.0283964183299582,0.039,0.0421049382716049));
#2335=CARTESIAN_POINT('',(0.0295084217453874,0.039,0.0437936180502152));
#2336=CARTESIAN_POINT('',(0.0375984537398589,0.039,0.0335984537398589));
#2337=CARTESIAN_POINT('',(0.0322426406871193,0.039,0.0389542667925984));
#2338=CARTESIAN_POINT('',(0.0322426406871193,0.039,0.032));
#2339=CARTESIAN_POINT('',(-0.0356213203435597,0.0356213203435597,0.032));
#2340=CARTESIAN_POINT('',(-0.027,0.036,0.032));
#2341=CARTESIAN_POINT('',(-0.031,0.036,0.032));
#2342=CARTESIAN_POINT('',(0.031,0.036,0.032));
#2343=CARTESIAN_POINT('',(-0.0335,0.0335,0.032));
#2344=CARTESIAN_POINT('',(-0.036,0.031,0.032));
#2345=CARTESIAN_POINT('',(-0.036,0.0285003775285055,0.032));
#2346=CARTESIAN_POINT('',(-0.036,0.0219505025253169,0.032));
#2347=CARTESIAN_POINT('',(0.0356213203435597,0.0219505025253171,0.032));
#2348=CARTESIAN_POINT('',(-0.0373143337268014,0.0219505025253169,0.032));
#2349=CARTESIAN_POINT('',(-0.0379266855755643,0.0304270631040698,0.032));
#2350=CARTESIAN_POINT('',(-0.0381213203435596,0.0331213203435596,0.032));
#2351=CARTESIAN_POINT('',(-0.0356213203435597,0.0356213203435597,0.032));
#2352=CARTESIAN_POINT('',(0.0356213203435597,0.0356213203435597,0.032));
#2353=CARTESIAN_POINT('',(0.0381213203435596,0.0331213203435596,0.032));
#2354=CARTESIAN_POINT('',(0.0379266855755643,0.0304270631040698,0.032));
#2355=CARTESIAN_POINT('',(0.0373143337268014,0.0219505025253169,0.032));
#2356=CARTESIAN_POINT('',(-0.0356213203435597,0.0219505025253171,0.032));
#2357=CARTESIAN_POINT('',(0.036,0.0219505025253169,0.032));
#2358=CARTESIAN_POINT('',(0.036,0.0285003775285055,0.032));
#2359=CARTESIAN_POINT('',(0.036,0.031,0.032));
#2360=CARTESIAN_POINT('',(0.0335,0.0335,0.032));
#2361=CARTESIAN_POINT('',(0.0356213203435597,0.0356213203435597,0.032));
#2362=CARTESIAN_POINT('',(0.0381213203435596,0.0331213203435596,0.0389542667925984));
#2363=CARTESIAN_POINT('',(0.0381213203435596,0.0331213203435596,0.0389542667925984));
#2364=CARTESIAN_POINT('',(0.0381213203435596,0.0331213203435596,0.032));
#2365=CARTESIAN_POINT('',(0.0377320508075689,0.0327320508075689,0.03973280586458));
#2366=CARTESIAN_POINT('',(0.0366261149665017,0.0347204546938661,0.03885033781935));
#2367=CARTESIAN_POINT('',(0.0254468774905791,0.0338502662572278,0.0508997637319109));
#2368=CARTESIAN_POINT('',(0.027782303339263,0.0326825533328858,0.0497320508075688));
#2369=CARTESIAN_POINT('',(0.0377302989486422,0.0277085555281962,0.0447580530028793));
#2370=CARTESIAN_POINT('',(0.0377325274085471,0.027739403275974,0.0447249767951966));
#2371=CARTESIAN_POINT('',(0.018,0.0335,0.0455));
#2372=CARTESIAN_POINT('',(-0.0260007550570111,0.0359996224714944,0.0430003775285056));
#2373=CARTESIAN_POINT('',(-0.0260007550570111,0.036,0.043));
#2374=CARTESIAN_POINT('',(0.018,0.036,0.043));
#2375=CARTESIAN_POINT('',(0.0260007550570111,0.036,0.043));
#2376=CARTESIAN_POINT('',(0.0260007550570111,0.0359996224714944,0.0430003775285056));
#2377=CARTESIAN_POINT('',(0.0335,0.0335,0.032));
#2378=CARTESIAN_POINT('',(0.036,0.031,0.032));
#2379=CARTESIAN_POINT('',(0.036,0.031,0.0380007550570112));
#2380=CARTESIAN_POINT('',(0.036,0.031,0.0380007550570111));
#2381=CARTESIAN_POINT('',(0.031,0.036,0.0380007550570111));
#2382=CARTESIAN_POINT('',(0.031,0.036,0.032));
#2383=CARTESIAN_POINT('',(0.036,0.031,0.0380007550570111));
#2384=CARTESIAN_POINT('',(0.036,0.025975628791164,0.0430251262658471));
#2385=CARTESIAN_POINT('',(0.036,0.025975628791164,0.043025126265847));
#2386=CARTESIAN_POINT('',(0.0269594749263381,0.030495891327995,0.047545388802678));
#2387=CARTESIAN_POINT('',(0.0358935891700147,0.0311913200567608,0.0379158458302356));
#2388=CARTESIAN_POINT('',(0.0365003775285056,0.036,0.0325003775285055));
#2389=CARTESIAN_POINT('',(0.036,0.0157501887642527,0.0532505662927584));
#2390=CARTESIAN_POINT('',(-0.027,0.036,0.0378125));
#2391=CARTESIAN_POINT('',(-0.0365003775285056,0.036,0.0325003775285055));
#2392=CARTESIAN_POINT('',(-0.031,0.036,0.0380007550570111));
#2393=CARTESIAN_POINT('',(-0.031,0.036,0.032));
#2394=CARTESIAN_POINT('',(-0.027,0.0340688129020318,0.0515072147451793));
#2395=CARTESIAN_POINT('',(-0.025,0.027825,0.0484069238235407));
#2396=CARTESIAN_POINT('',(0.025,0.0340688129020318,0.0515072147451793));
#2397=CARTESIAN_POINT('',(0.027782303339263,0.0326825533328858,0.0497320508075688));
#2398=CARTESIAN_POINT('',(0.036,0.0293477603704709,0.046397257845154));
#2399=CARTESIAN_POINT('',(0.036,0.0199002499936228,0.0369497474683059));
#2400=CARTESIAN_POINT('',(0.027782303339263,0.0199002499936228,0.0369497474683059));
#2401=CARTESIAN_POINT('',(0.0371662222473223,0.0199002499936228,0.0369497474683059));
#2402=CARTESIAN_POINT('',(0.0379183303608377,0.0303114049511287,0.0473609024258117));
#2403=CARTESIAN_POINT('',(0.0238888707930168,0.0373053419319111,0.0543548394065941));
#2404=CARTESIAN_POINT('',(0.036,0.0285003775285055,0.0472446406871194));
#2405=CARTESIAN_POINT('',(0.036,0.0245,0.0365));
#2406=CARTESIAN_POINT('',(0.036,0.0226414213562373,0.0365));
#2407=CARTESIAN_POINT('',(0.036,0.0175199151082645,0.0426963842315275));
#2408=CARTESIAN_POINT('',(0.0379266855755643,0.0304270631040698,0.0472446406871194));
#2409=CARTESIAN_POINT('',(0.0370153450828772,0.0178117131059617,0.0419919215480136));
#2410=CARTESIAN_POINT('',(0.027782303339263,0.0199002499936228,0.0369497474683059));
#2411=CARTESIAN_POINT('',(0.035,0.,0.0375));
#2412=CARTESIAN_POINT('',(0.035,0.0245,0.0365));
#2413=CARTESIAN_POINT('',(0.035,0.0245,0.0356414213562373));
#2414=CARTESIAN_POINT('',(0.0360707106781187,0.0245,0.0365));
#2415=CARTESIAN_POINT('',(-0.027,0.0442875,0.045));
#2416=CARTESIAN_POINT('',(-0.027,0.0412422037398589,0.0419547037398589));
#2417=CARTESIAN_POINT('',(-0.027,0.0339711608398227,0.049225746639895));
#2418=CARTESIAN_POINT('',(-0.027,0.0349582755174871,0.0497158866748059));
#2419=CARTESIAN_POINT('',(-0.027,0.0353130967818944,0.0498920689470979));
#2420=CARTESIAN_POINT('',(-0.027,0.0367802640088828,0.0515688314922276));
#2421=CARTESIAN_POINT('',(-0.027,0.0437784424822511,0.0454454253280303));
#2422=CARTESIAN_POINT('',(-0.0125,0.0298792765493074,0.06798104841355));
#2423=CARTESIAN_POINT('',(-0.0125,0.04267386514673,0.0567857833908051));
#2424=CARTESIAN_POINT('',(-0.0125,0.0489194669253914,0.0513208818344764));
#2425=CARTESIAN_POINT('',(-0.04125,0.05775,0.061));
#2426=CARTESIAN_POINT('',(-0.05,0.05375,0.061));
#2427=CARTESIAN_POINT('',(-0.05,0.04525,0.061));
#2428=CARTESIAN_POINT('',(-0.05,0.0500457315663385,0.0568037348794538));
#2429=CARTESIAN_POINT('',(-0.05,0.043854719801833,0.0497282928628762));
#2430=CARTESIAN_POINT('',(-0.05,0.0431021431071261,0.0503867974707447));
#2431=CARTESIAN_POINT('',(-0.05,0.0432725946687723,0.049401431414331));
#2432=CARTESIAN_POINT('',(-0.05,0.0471406118975243,0.0500705325801602));
#2433=CARTESIAN_POINT('',(-0.05,0.026006860587929,0.0464147531967375));
#2434=CARTESIAN_POINT('',(-0.05,0.0258364090262829,0.0474001192531513));
#2435=CARTESIAN_POINT('',(-0.05,0.025083832331576,0.0480586238610198));
#2436=CARTESIAN_POINT('',(-0.05,0.0402418790531305,0.0653821058285108));
#2437=CARTESIAN_POINT('',(-0.047,0.035875,0.052));
#2438=CARTESIAN_POINT('',(-0.047,0.0492051535280084,0.0528058897462954));
#2439=CARTESIAN_POINT('',(-0.047,0.0453598731912468,0.0484112836471392));
#2440=CARTESIAN_POINT('',(-0.047,0.0391130062642255,0.058));
#2441=CARTESIAN_POINT('',(-0.047,0.0384421188991339,0.058666676831702));
#2442=CARTESIAN_POINT('',(-0.047,0.0377712214817264,0.0593333435472941));
#2443=CARTESIAN_POINT('',(-0.047,0.0371003138661523,0.06));
#2444=CARTESIAN_POINT('',(-0.047,0.025875,0.052));
#2445=CARTESIAN_POINT('',(-0.047,0.0235786789421622,0.0493756330767568));
#2446=CARTESIAN_POINT('',(-0.047,0.0258364090262829,0.0474001192531513));
#2447=CARTESIAN_POINT('',(-0.047,0.0263477637112213,0.0444440210839101));
#2448=CARTESIAN_POINT('',(-0.047,0.0313301535280084,0.0453058897462954));
#2449=CARTESIAN_POINT('',(-0.047,0.0436134977920646,0.0474306993015035));
#2450=CARTESIAN_POINT('',(-0.047,0.0431021431071261,0.0503867974707447));
#2451=CARTESIAN_POINT('',(-0.047,0.025875,0.052));
#2452=CARTESIAN_POINT('',(-0.048,0.025875,0.052));
#2453=CARTESIAN_POINT('',(-0.048,0.0235786789421622,0.0493756330767568));
#2454=CARTESIAN_POINT('',(-0.047,0.0235786789421622,0.0493756330767568));
#2455=CARTESIAN_POINT('',(-0.047,0.0313301535280084,0.0453058897462954));
#2456=CARTESIAN_POINT('',(-0.047,0.0263477637112213,0.0444440210839101));
#2457=CARTESIAN_POINT('',(-0.048,0.0263477637112213,0.0444440210839101));
#2458=CARTESIAN_POINT('',(-0.048,0.0313301535280084,0.0453058897462954));
#2459=CARTESIAN_POINT('',(-0.048,0.0436134977920646,0.0474306993015035));
#2460=CARTESIAN_POINT('',(-0.047,0.0436134977920646,0.0474306993015035));
#2461=CARTESIAN_POINT('',(-0.047,0.0492051535280084,0.0528058897462954));
#2462=CARTESIAN_POINT('',(-0.047,0.0453598731912468,0.0484112836471392));
#2463=CARTESIAN_POINT('',(-0.048,0.0453598731912468,0.0484112836471392));
#2464=CARTESIAN_POINT('',(-0.048,0.0492051535280084,0.0528058897462954));
#2465=CARTESIAN_POINT('',(-0.047,0.0431021431071261,0.0503867974707447));
#2466=CARTESIAN_POINT('',(-0.048,0.0431021431071261,0.0503867974707447));
#2467=CARTESIAN_POINT('',(-0.047,0.0258364090262829,0.0474001192531513));
#2468=CARTESIAN_POINT('',(-0.048,0.0258364090262829,0.0474001192531513));
#2469=CARTESIAN_POINT('',(-0.0356213203435597,0.0356213203435597,0.032));
#2470=CARTESIAN_POINT('',(-0.0381213203435596,0.0331213203435596,0.032));
#2471=CARTESIAN_POINT('',(-0.0381213203435596,0.0331213203435596,0.0389542667925984));
#2472=CARTESIAN_POINT('',(-0.0381213203435596,0.0331213203435596,0.0389542667925984));
#2473=CARTESIAN_POINT('',(-0.0377320508075689,0.0327320508075689,0.03973280586458));
#2474=CARTESIAN_POINT('',(-0.027782303339263,0.0326825533328858,0.0497320508075688));
#2475=CARTESIAN_POINT('',(-0.0254468774905791,0.0338502662572278,0.0508997637319109));
#2476=CARTESIAN_POINT('',(-0.0377302989486422,0.0277085555281962,0.0447580530028793));
#2477=CARTESIAN_POINT('',(-0.0366261149665017,0.0347204546938661,0.03885033781935));
#2478=CARTESIAN_POINT('',(-0.0377325274085471,0.027739403275974,0.0447249767951966));
#2479=CARTESIAN_POINT('',(-0.0335,0.0335,0.032));
#2480=CARTESIAN_POINT('',(-0.036,0.031,0.0380007550570111));
#2481=CARTESIAN_POINT('',(-0.036,0.031,0.0380007550570112));
#2482=CARTESIAN_POINT('',(-0.036,0.031,0.032));
#2483=CARTESIAN_POINT('',(-0.036,0.031,0.0380007550570111));
#2484=CARTESIAN_POINT('',(-0.0358935891700147,0.0311913200567609,0.0379158458302356));
#2485=CARTESIAN_POINT('',(-0.0269594749263381,0.030495891327995,0.047545388802678));
#2486=CARTESIAN_POINT('',(-0.036,0.025975628791164,0.0430251262658471));
#2487=CARTESIAN_POINT('',(-0.036,0.025975628791164,0.043025126265847));
#2488=CARTESIAN_POINT('',(-0.036,0.0157501887642527,0.0532505662927584));
#2489=CARTESIAN_POINT('',(-0.027782303339263,0.0326825533328858,0.0497320508075688));
#2490=CARTESIAN_POINT('',(-0.036,0.0293477603704709,0.046397257845154));
#2491=CARTESIAN_POINT('',(-0.036,0.0199002499936228,0.0369497474683059));
#2492=CARTESIAN_POINT('',(-0.0252365887822623,0.0343166078987,0.0513661053733829));
#2493=CARTESIAN_POINT('',(-0.0379183303608377,0.0303114049511287,0.0473609024258117));
#2494=CARTESIAN_POINT('',(-0.0371662222473223,0.0199002499936228,0.0369497474683059));
#2495=CARTESIAN_POINT('',(-0.027782303339263,0.0199002499936228,0.0369497474683059));
#2496=CARTESIAN_POINT('',(-0.0379266855755643,0.0304270631040698,0.0472446406871194));
#2497=CARTESIAN_POINT('',(-0.0370153450828772,0.0178117131059617,0.0419919215480136));
#2498=CARTESIAN_POINT('',(-0.036,0.0285003775285055,0.0472446406871194));
#2499=CARTESIAN_POINT('',(-0.036,0.0245,0.0365));
#2500=CARTESIAN_POINT('',(-0.036,0.0226414213562373,0.0365));
#2501=CARTESIAN_POINT('',(-0.036,0.0175199151082645,0.0426963842315275));
#2502=CARTESIAN_POINT('',(-0.027782303339263,0.0199002499936228,0.0369497474683059));
#2503=CARTESIAN_POINT('',(-0.035,0.,0.0375));
#2504=CARTESIAN_POINT('',(-0.035,0.0245,0.0365));
#2505=CARTESIAN_POINT('',(-0.035,0.0245,0.0356414213562373));
#2506=CARTESIAN_POINT('',(-0.0360707106781187,0.0245,0.0365));
#2507=CARTESIAN_POINT('',(-0.0125,0.0489194669253914,0.0513208818344764));
#2508=CARTESIAN_POINT('',(-0.0199812549351093,0.0525917320590335,0.0448591443497531));
#2509=CARTESIAN_POINT('',(-0.024,0.047375,0.045));
#2510=CARTESIAN_POINT('',(-0.0125,0.04267386514673,0.0567857833908052));
#2511=CARTESIAN_POINT('',(0.534472032908241,-0.595305182726714,-0.421800240216294));
#2512=CARTESIAN_POINT('',(-0.00801567312928727,0.0348737332783536,0.0307128380324041));
#2513=CARTESIAN_POINT('',(0.0201206932636421,0.0527084689994865,0.0452043079622977));
#2514=CARTESIAN_POINT('',(0.027,0.0437784424822511,0.0454454253280303));
#2515=CARTESIAN_POINT('',(-0.00849132511836372,0.0237994523049022,0.039770802634174));
#2516=CARTESIAN_POINT('',(-0.534472032908239,-0.595305182726714,-0.421800240216293));
#2517=CARTESIAN_POINT('',(4.16333634234433E-17,-0.378416666666664,0.06));
#2518=CARTESIAN_POINT('',(0.025,0.0403353860995694,0.0586690126852221));
#2519=CARTESIAN_POINT('',(0.0253012296954926,0.0405406532167363,0.0584461585925255));
#2520=CARTESIAN_POINT('',(0.0256024479841358,0.0407457735966636,0.0582231541224796));
#2521=CARTESIAN_POINT('',(0.0259036549209182,0.0409507479467194,0.058));
#2522=CARTESIAN_POINT('',(-0.0259036549209182,0.0409507479467195,0.058));
#2523=CARTESIAN_POINT('',(-0.0256024479841359,0.0407457735966637,0.0582231541224796));
#2524=CARTESIAN_POINT('',(-0.0253012296954926,0.0405406532167358,0.058446158592525));
#2525=CARTESIAN_POINT('',(-0.025,0.0403353860995689,0.0586690126852216));
#2526=CARTESIAN_POINT('',(-0.048,0.025875,0.052));
#2527=CARTESIAN_POINT('',(-0.048,0.0235786789421622,0.0493756330767568));
#2528=CARTESIAN_POINT('',(-0.048,0.0258364090262829,0.0474001192531513));
#2529=CARTESIAN_POINT('',(-0.048,0.0263477637112213,0.0444440210839101));
#2530=CARTESIAN_POINT('',(-0.048,0.0313301535280084,0.0453058897462954));
#2531=CARTESIAN_POINT('',(-0.048,0.0436134977920646,0.0474306993015035));
#2532=CARTESIAN_POINT('',(-0.048,0.0431021431071261,0.0503867974707447));
#2533=CARTESIAN_POINT('',(-0.048,0.0453598731912468,0.0484112836471392));
#2534=CARTESIAN_POINT('',(-0.048,0.0492051535280084,0.0528058897462954));
#2535=CARTESIAN_POINT('',(0.05,0.0402418790531305,0.0653821058285108));
#2536=CARTESIAN_POINT('',(0.05,0.025083832331576,0.0480586238610198));
#2537=CARTESIAN_POINT('',(0.05,0.0258364090262829,0.0474001192531513));
#2538=CARTESIAN_POINT('',(0.05,0.026006860587929,0.0464147531967375));
#2539=CARTESIAN_POINT('',(0.05,0.0471406118975243,0.0500705325801602));
#2540=CARTESIAN_POINT('',(0.05,0.0432725946687723,0.049401431414331));
#2541=CARTESIAN_POINT('',(0.05,0.0431021431071261,0.0503867974707447));
#2542=CARTESIAN_POINT('',(0.05,0.043854719801833,0.0497282928628762));
#2543=CARTESIAN_POINT('',(0.05,0.0500457315663385,0.0568037348794538));
#2544=CARTESIAN_POINT('',(-0.025,0.0359875,0.0537));
#2545=CARTESIAN_POINT('',(-0.025,0.0340688129020318,0.0515072147451793));
#2546=CARTESIAN_POINT('',(-0.025,0.0340688129020318,0.0515072147451793));
#2547=CARTESIAN_POINT('',(0.027,0.0367802640088828,0.0515688314922276));
#2548=CARTESIAN_POINT('',(0.0275694325939338,0.0356673646805444,0.0494322106164065));
#2549=CARTESIAN_POINT('',(0.027,0.0405638322293235,0.0524992590879641));
#2550=CARTESIAN_POINT('',(0.,0.0284,0.0481));
#2551=CARTESIAN_POINT('',(0.,0.0284,0.0481));
#2552=CARTESIAN_POINT('',(0.,0.00204875,0.0481));
#2553=MECHANICAL_DESIGN_GEOMETRIC_PRESENTATION_REPRESENTATION('',(#1566),
#2554);
#2554=(
GEOMETRIC_REPRESENTATION_CONTEXT(3)
GLOBAL_UNCERTAINTY_ASSIGNED_CONTEXT((#2555))
GLOBAL_UNIT_ASSIGNED_CONTEXT((#2558,#2557,#2556))
REPRESENTATION_CONTEXT('spoiler','TOP_LEVEL_ASSEMBLY_PART')
);
#2555=UNCERTAINTY_MEASURE_WITH_UNIT(LENGTH_MEASURE(2.E-5),#2558,
'DISTANCE_ACCURACY_VALUE','Maximum Tolerance applied to model');
#2556=(
NAMED_UNIT(*)
SI_UNIT($,.STERADIAN.)
SOLID_ANGLE_UNIT()
);
#2557=(
NAMED_UNIT(*)
PLANE_ANGLE_UNIT()
SI_UNIT($,.RADIAN.)
);
#2558=(
LENGTH_UNIT()
NAMED_UNIT(*)
SI_UNIT($,.METRE.)
);
#2559=PRODUCT_DEFINITION_SHAPE('','',#2560);
#2560=PRODUCT_DEFINITION('','',#2562,#2561);
#2561=PRODUCT_DEFINITION_CONTEXT('',#2568,'design');
#2562=PRODUCT_DEFINITION_FORMATION_WITH_SPECIFIED_SOURCE('','',#2564,
 .NOT_KNOWN.);
#2563=PRODUCT_RELATED_PRODUCT_CATEGORY('','',(#2564));
#2564=PRODUCT('spoiler','spoiler','spoiler',(#2566));
#2565=PRODUCT_CATEGORY('','');
#2566=PRODUCT_CONTEXT('',#2568,'mechanical');
#2567=APPLICATION_PROTOCOL_DEFINITION('international standard',
'ap242_managed_model_based_3d_engineering',2011,#2568);
#2568=APPLICATION_CONTEXT('managed model based 3d engineering');
ENDSEC;
END-ISO-10303-21;
