ISO-10303-21;
HEADER;
/* Generated by software containing ST-Developer
 * from STEP Tools, Inc. (www.steptools.com) 
 */
/* OPTION: using custom schema-name function */

FILE_DESCRIPTION(
/* description */ (''),
/* implementation_level */ '2;1');

FILE_NAME(
/* name */ 'MIDDLE~1',
/* time_stamp */ '2026-08-17T11:05:52+02:00',
/* author */ (''),
/* organization */ (''),
/* preprocessor_version */ 'ST-DEVELOPER v15',
/* originating_system */ '',
/* authorisation */ '');

FILE_SCHEMA (('AUTOMOTIVE_DESIGN'));
ENDSEC;

DATA;
#10=SHAPE_REPRESENTATION_RELATIONSHIP('','',#1818,#22);
#11=COLOUR_RGB('',0.,0.588235294117647,1.);
#12=FILL_AREA_STYLE_COLOUR('',#11);
#13=FILL_AREA_STYLE('',(#12));
#14=SURFACE_STYLE_FILL_AREA(#13);
#15=SURFACE_SIDE_STYLE('middle_spacer',(#14));
#16=SURFACE_STYLE_USAGE(.BOTH.,#15);
#17=MECHANICAL_DESIGN_GEOMETRIC_PRESENTATION_REPRESENTATION('',(#19),#1817);
#18=PRESENTATION_STYLE_ASSIGNMENT((#16));
#19=STYLED_ITEM('',(#18),#21);
#20=PRESENTATION_LAYER_ASSIGNMENT('middle','',(#21));
#21=MANIFOLD_SOLID_BREP('middle_spacer',#23);
#22=ADVANCED_BREP_SHAPE_REPRESENTATION('brep_rep_0',(#21,#1920),#1817);
#23=CLOSED_SHELL('',(#26,#27,#28,#29,#30,#31,#32,#33,#34,#35,#36,#37,#38,
#39,#40,#41,#42,#43,#44,#45,#46,#47,#48,#49,#50,#51,#52,#53,#54,#55,#56,
#57,#58,#59,#60,#61,#62,#63,#64,#65,#66,#67,#68,#69,#70,#71,#72,#73,#74,
#75,#76,#77,#78,#79,#80,#81,#82,#83,#84,#85,#86,#87,#88,#89,#90,#91,#92,
#93,#94,#95,#96,#97,#98,#99,#100,#101,#102,#103,#104,#105,#106,#107,#108,
#109,#110,#111,#112,#113,#114,#115,#116,#117,#118,#119,#120,#121,#122,#123,
#124,#125));
#24=FACE_BOUND('',#247,.T.);
#25=FACE_BOUND('',#327,.T.);
#26=ADVANCED_FACE('',(#126),#1700,.T.);
#27=ADVANCED_FACE('',(#127),#1701,.T.);
#28=ADVANCED_FACE('',(#128),#1702,.T.);
#29=ADVANCED_FACE('',(#129),#1703,.T.);
#30=ADVANCED_FACE('',(#130),#1704,.T.);
#31=ADVANCED_FACE('',(#131),#1705,.T.);
#32=ADVANCED_FACE('',(#132),#1706,.T.);
#33=ADVANCED_FACE('',(#133),#1707,.T.);
#34=ADVANCED_FACE('',(#134),#1708,.T.);
#35=ADVANCED_FACE('',(#135),#1709,.T.);
#36=ADVANCED_FACE('',(#136),#1710,.T.);
#37=ADVANCED_FACE('',(#137),#1711,.T.);
#38=ADVANCED_FACE('',(#138),#1712,.T.);
#39=ADVANCED_FACE('',(#139),#1713,.T.);
#40=ADVANCED_FACE('',(#140),#1714,.T.);
#41=ADVANCED_FACE('',(#141),#1715,.T.);
#42=ADVANCED_FACE('',(#142),#1716,.T.);
#43=ADVANCED_FACE('',(#143),#1717,.T.);
#44=ADVANCED_FACE('',(#144),#1718,.T.);
#45=ADVANCED_FACE('',(#145),#1719,.T.);
#46=ADVANCED_FACE('',(#146,#24),#1720,.T.);
#47=ADVANCED_FACE('',(#147),#1721,.T.);
#48=ADVANCED_FACE('',(#148),#1722,.T.);
#49=ADVANCED_FACE('',(#149),#1723,.T.);
#50=ADVANCED_FACE('',(#150),#1724,.T.);
#51=ADVANCED_FACE('',(#151),#1725,.T.);
#52=ADVANCED_FACE('',(#152),#1726,.T.);
#53=ADVANCED_FACE('',(#153),#1727,.T.);
#54=ADVANCED_FACE('',(#154),#1728,.T.);
#55=ADVANCED_FACE('',(#155),#1729,.T.);
#56=ADVANCED_FACE('',(#156),#1730,.T.);
#57=ADVANCED_FACE('',(#157),#1731,.T.);
#58=ADVANCED_FACE('',(#158),#1732,.T.);
#59=ADVANCED_FACE('',(#159),#1733,.T.);
#60=ADVANCED_FACE('',(#160),#1734,.T.);
#61=ADVANCED_FACE('',(#161),#1735,.T.);
#62=ADVANCED_FACE('',(#162),#1736,.T.);
#63=ADVANCED_FACE('',(#163),#1737,.T.);
#64=ADVANCED_FACE('',(#164),#1738,.T.);
#65=ADVANCED_FACE('',(#165),#1739,.T.);
#66=ADVANCED_FACE('',(#166),#1740,.T.);
#67=ADVANCED_FACE('',(#167),#1741,.T.);
#68=ADVANCED_FACE('',(#168),#1742,.T.);
#69=ADVANCED_FACE('',(#169),#1743,.T.);
#70=ADVANCED_FACE('',(#170),#1744,.T.);
#71=ADVANCED_FACE('',(#171),#1745,.T.);
#72=ADVANCED_FACE('',(#172),#1746,.T.);
#73=ADVANCED_FACE('',(#173),#1747,.T.);
#74=ADVANCED_FACE('',(#174),#1748,.T.);
#75=ADVANCED_FACE('',(#175),#1749,.T.);
#76=ADVANCED_FACE('',(#176),#1750,.T.);
#77=ADVANCED_FACE('',(#177),#1751,.T.);
#78=ADVANCED_FACE('',(#178),#1752,.T.);
#79=ADVANCED_FACE('',(#179),#1753,.T.);
#80=ADVANCED_FACE('',(#180),#1754,.T.);
#81=ADVANCED_FACE('',(#181),#1755,.T.);
#82=ADVANCED_FACE('',(#182),#1756,.T.);
#83=ADVANCED_FACE('',(#183),#1757,.T.);
#84=ADVANCED_FACE('',(#184),#1758,.T.);
#85=ADVANCED_FACE('',(#185),#1759,.T.);
#86=ADVANCED_FACE('',(#186),#1760,.T.);
#87=ADVANCED_FACE('',(#187),#1761,.T.);
#88=ADVANCED_FACE('',(#188),#1762,.T.);
#89=ADVANCED_FACE('',(#189),#1763,.T.);
#90=ADVANCED_FACE('',(#190),#1764,.T.);
#91=ADVANCED_FACE('',(#191),#1765,.T.);
#92=ADVANCED_FACE('',(#192),#1766,.T.);
#93=ADVANCED_FACE('',(#193),#1767,.T.);
#94=ADVANCED_FACE('',(#194),#1768,.T.);
#95=ADVANCED_FACE('',(#195),#1769,.T.);
#96=ADVANCED_FACE('',(#196),#1770,.T.);
#97=ADVANCED_FACE('',(#197),#1771,.T.);
#98=ADVANCED_FACE('',(#198),#1772,.T.);
#99=ADVANCED_FACE('',(#199),#1773,.T.);
#100=ADVANCED_FACE('',(#200),#1774,.T.);
#101=ADVANCED_FACE('',(#201),#1775,.T.);
#102=ADVANCED_FACE('',(#202),#1776,.T.);
#103=ADVANCED_FACE('',(#203),#1777,.T.);
#104=ADVANCED_FACE('',(#204),#1778,.T.);
#105=ADVANCED_FACE('',(#205),#1779,.T.);
#106=ADVANCED_FACE('',(#206),#1780,.T.);
#107=ADVANCED_FACE('',(#207),#1781,.T.);
#108=ADVANCED_FACE('',(#208),#1782,.T.);
#109=ADVANCED_FACE('',(#209),#1783,.T.);
#110=ADVANCED_FACE('',(#210),#1784,.T.);
#111=ADVANCED_FACE('',(#211),#1785,.T.);
#112=ADVANCED_FACE('',(#212),#1786,.T.);
#113=ADVANCED_FACE('',(#213),#1787,.T.);
#114=ADVANCED_FACE('',(#214),#1788,.T.);
#115=ADVANCED_FACE('',(#215),#1789,.T.);
#116=ADVANCED_FACE('',(#216),#1790,.T.);
#117=ADVANCED_FACE('',(#217),#1791,.T.);
#118=ADVANCED_FACE('',(#218),#1792,.T.);
#119=ADVANCED_FACE('',(#219),#1793,.T.);
#120=ADVANCED_FACE('',(#220),#1794,.T.);
#121=ADVANCED_FACE('',(#221),#1795,.T.);
#122=ADVANCED_FACE('',(#222),#1796,.T.);
#123=ADVANCED_FACE('',(#223),#1797,.T.);
#124=ADVANCED_FACE('',(#224),#1798,.T.);
#125=ADVANCED_FACE('',(#225,#25),#1799,.T.);
#126=FACE_OUTER_BOUND('',#226,.T.);
#127=FACE_OUTER_BOUND('',#227,.T.);
#128=FACE_OUTER_BOUND('',#228,.T.);
#129=FACE_OUTER_BOUND('',#229,.T.);
#130=FACE_OUTER_BOUND('',#230,.T.);
#131=FACE_OUTER_BOUND('',#231,.T.);
#132=FACE_OUTER_BOUND('',#232,.T.);
#133=FACE_OUTER_BOUND('',#233,.T.);
#134=FACE_OUTER_BOUND('',#234,.T.);
#135=FACE_OUTER_BOUND('',#235,.T.);
#136=FACE_OUTER_BOUND('',#236,.T.);
#137=FACE_OUTER_BOUND('',#237,.T.);
#138=FACE_OUTER_BOUND('',#238,.T.);
#139=FACE_OUTER_BOUND('',#239,.T.);
#140=FACE_OUTER_BOUND('',#240,.T.);
#141=FACE_OUTER_BOUND('',#241,.T.);
#142=FACE_OUTER_BOUND('',#242,.T.);
#143=FACE_OUTER_BOUND('',#243,.T.);
#144=FACE_OUTER_BOUND('',#244,.T.);
#145=FACE_OUTER_BOUND('',#245,.T.);
#146=FACE_OUTER_BOUND('',#246,.T.);
#147=FACE_OUTER_BOUND('',#248,.T.);
#148=FACE_OUTER_BOUND('',#249,.T.);
#149=FACE_OUTER_BOUND('',#250,.T.);
#150=FACE_OUTER_BOUND('',#251,.T.);
#151=FACE_OUTER_BOUND('',#252,.T.);
#152=FACE_OUTER_BOUND('',#253,.T.);
#153=FACE_OUTER_BOUND('',#254,.T.);
#154=FACE_OUTER_BOUND('',#255,.T.);
#155=FACE_OUTER_BOUND('',#256,.T.);
#156=FACE_OUTER_BOUND('',#257,.T.);
#157=FACE_OUTER_BOUND('',#258,.T.);
#158=FACE_OUTER_BOUND('',#259,.T.);
#159=FACE_OUTER_BOUND('',#260,.T.);
#160=FACE_OUTER_BOUND('',#261,.T.);
#161=FACE_OUTER_BOUND('',#262,.T.);
#162=FACE_OUTER_BOUND('',#263,.T.);
#163=FACE_OUTER_BOUND('',#264,.T.);
#164=FACE_OUTER_BOUND('',#265,.T.);
#165=FACE_OUTER_BOUND('',#266,.T.);
#166=FACE_OUTER_BOUND('',#267,.T.);
#167=FACE_OUTER_BOUND('',#268,.T.);
#168=FACE_OUTER_BOUND('',#269,.T.);
#169=FACE_OUTER_BOUND('',#270,.T.);
#170=FACE_OUTER_BOUND('',#271,.T.);
#171=FACE_OUTER_BOUND('',#272,.T.);
#172=FACE_OUTER_BOUND('',#273,.T.);
#173=FACE_OUTER_BOUND('',#274,.T.);
#174=FACE_OUTER_BOUND('',#275,.T.);
#175=FACE_OUTER_BOUND('',#276,.T.);
#176=FACE_OUTER_BOUND('',#277,.T.);
#177=FACE_OUTER_BOUND('',#278,.T.);
#178=FACE_OUTER_BOUND('',#279,.T.);
#179=FACE_OUTER_BOUND('',#280,.T.);
#180=FACE_OUTER_BOUND('',#281,.T.);
#181=FACE_OUTER_BOUND('',#282,.T.);
#182=FACE_OUTER_BOUND('',#283,.T.);
#183=FACE_OUTER_BOUND('',#284,.T.);
#184=FACE_OUTER_BOUND('',#285,.T.);
#185=FACE_OUTER_BOUND('',#286,.T.);
#186=FACE_OUTER_BOUND('',#287,.T.);
#187=FACE_OUTER_BOUND('',#288,.T.);
#188=FACE_OUTER_BOUND('',#289,.T.);
#189=FACE_OUTER_BOUND('',#290,.T.);
#190=FACE_OUTER_BOUND('',#291,.T.);
#191=FACE_OUTER_BOUND('',#292,.T.);
#192=FACE_OUTER_BOUND('',#293,.T.);
#193=FACE_OUTER_BOUND('',#294,.T.);
#194=FACE_OUTER_BOUND('',#295,.T.);
#195=FACE_OUTER_BOUND('',#296,.T.);
#196=FACE_OUTER_BOUND('',#297,.T.);
#197=FACE_OUTER_BOUND('',#298,.T.);
#198=FACE_OUTER_BOUND('',#299,.T.);
#199=FACE_OUTER_BOUND('',#300,.T.);
#200=FACE_OUTER_BOUND('',#301,.T.);
#201=FACE_OUTER_BOUND('',#302,.T.);
#202=FACE_OUTER_BOUND('',#303,.T.);
#203=FACE_OUTER_BOUND('',#304,.T.);
#204=FACE_OUTER_BOUND('',#305,.T.);
#205=FACE_OUTER_BOUND('',#306,.T.);
#206=FACE_OUTER_BOUND('',#307,.T.);
#207=FACE_OUTER_BOUND('',#308,.T.);
#208=FACE_OUTER_BOUND('',#309,.T.);
#209=FACE_OUTER_BOUND('',#310,.T.);
#210=FACE_OUTER_BOUND('',#311,.T.);
#211=FACE_OUTER_BOUND('',#312,.T.);
#212=FACE_OUTER_BOUND('',#313,.T.);
#213=FACE_OUTER_BOUND('',#314,.T.);
#214=FACE_OUTER_BOUND('',#315,.T.);
#215=FACE_OUTER_BOUND('',#316,.T.);
#216=FACE_OUTER_BOUND('',#317,.T.);
#217=FACE_OUTER_BOUND('',#318,.T.);
#218=FACE_OUTER_BOUND('',#319,.T.);
#219=FACE_OUTER_BOUND('',#320,.T.);
#220=FACE_OUTER_BOUND('',#321,.T.);
#221=FACE_OUTER_BOUND('',#322,.T.);
#222=FACE_OUTER_BOUND('',#323,.T.);
#223=FACE_OUTER_BOUND('',#324,.T.);
#224=FACE_OUTER_BOUND('',#325,.T.);
#225=FACE_OUTER_BOUND('',#326,.T.);
#226=EDGE_LOOP('',(#328,#329,#330,#331,#332,#333,#334,#335,#336,#337,#338,
#339,#340,#341,#342,#343,#344,#345,#346,#347));
#227=EDGE_LOOP('',(#348,#349,#350,#351,#352,#353,#354,#355,#356,#357,#358,
#359,#360,#361,#362,#363,#364,#365,#366,#367));
#228=EDGE_LOOP('',(#368,#369,#370,#371,#372,#373,#374,#375,#376,#377,#378,
#379,#380,#381,#382,#383,#384,#385,#386,#387));
#229=EDGE_LOOP('',(#388,#389,#390,#391,#392,#393,#394,#395,#396,#397,#398,
#399,#400,#401,#402,#403,#404,#405,#406,#407));
#230=EDGE_LOOP('',(#408,#409,#410,#411));
#231=EDGE_LOOP('',(#412,#413,#414,#415));
#232=EDGE_LOOP('',(#416,#417,#418,#419));
#233=EDGE_LOOP('',(#420,#421,#422,#423));
#234=EDGE_LOOP('',(#424,#425,#426,#427));
#235=EDGE_LOOP('',(#428,#429,#430,#431));
#236=EDGE_LOOP('',(#432,#433,#434,#435));
#237=EDGE_LOOP('',(#436,#437,#438,#439));
#238=EDGE_LOOP('',(#440,#441,#442,#443));
#239=EDGE_LOOP('',(#444,#445,#446,#447));
#240=EDGE_LOOP('',(#448,#449,#450,#451));
#241=EDGE_LOOP('',(#452,#453,#454,#455));
#242=EDGE_LOOP('',(#456,#457,#458,#459,#460,#461,#462,#463,#464));
#243=EDGE_LOOP('',(#465,#466,#467,#468,#469,#470,#471,#472,#473));
#244=EDGE_LOOP('',(#474,#475,#476,#477,#478,#479,#480,#481,#482));
#245=EDGE_LOOP('',(#483,#484,#485,#486,#487,#488,#489,#490,#491));
#246=EDGE_LOOP('',(#492,#493,#494,#495,#496,#497,#498,#499));
#247=EDGE_LOOP('',(#500,#501,#502,#503,#504,#505,#506,#507,#508,#509,#510,
#511,#512,#513,#514,#515,#516,#517,#518,#519,#520,#521,#522,#523,#524,#525,
#526,#527,#528,#529,#530,#531));
#248=EDGE_LOOP('',(#532,#533,#534,#535));
#249=EDGE_LOOP('',(#536,#537,#538,#539));
#250=EDGE_LOOP('',(#540,#541,#542,#543));
#251=EDGE_LOOP('',(#544,#545,#546,#547));
#252=EDGE_LOOP('',(#548,#549,#550,#551));
#253=EDGE_LOOP('',(#552,#553,#554,#555));
#254=EDGE_LOOP('',(#556,#557,#558,#559));
#255=EDGE_LOOP('',(#560,#561,#562,#563));
#256=EDGE_LOOP('',(#564,#565,#566,#567));
#257=EDGE_LOOP('',(#568,#569,#570,#571));
#258=EDGE_LOOP('',(#572,#573,#574,#575));
#259=EDGE_LOOP('',(#576,#577,#578,#579));
#260=EDGE_LOOP('',(#580,#581,#582,#583));
#261=EDGE_LOOP('',(#584,#585,#586,#587));
#262=EDGE_LOOP('',(#588,#589,#590,#591,#592,#593,#594,#595));
#263=EDGE_LOOP('',(#596,#597,#598,#599));
#264=EDGE_LOOP('',(#600,#601,#602,#603));
#265=EDGE_LOOP('',(#604,#605,#606,#607));
#266=EDGE_LOOP('',(#608,#609,#610,#611));
#267=EDGE_LOOP('',(#612,#613,#614,#615));
#268=EDGE_LOOP('',(#616,#617,#618,#619));
#269=EDGE_LOOP('',(#620,#621,#622,#623));
#270=EDGE_LOOP('',(#624,#625,#626,#627,#628,#629,#630,#631));
#271=EDGE_LOOP('',(#632,#633,#634,#635));
#272=EDGE_LOOP('',(#636,#637,#638,#639));
#273=EDGE_LOOP('',(#640,#641,#642,#643));
#274=EDGE_LOOP('',(#644,#645,#646,#647));
#275=EDGE_LOOP('',(#648,#649,#650,#651));
#276=EDGE_LOOP('',(#652,#653,#654,#655));
#277=EDGE_LOOP('',(#656,#657,#658,#659));
#278=EDGE_LOOP('',(#660,#661,#662,#663));
#279=EDGE_LOOP('',(#664,#665,#666,#667));
#280=EDGE_LOOP('',(#668,#669,#670,#671));
#281=EDGE_LOOP('',(#672,#673,#674,#675));
#282=EDGE_LOOP('',(#676,#677,#678,#679));
#283=EDGE_LOOP('',(#680,#681,#682,#683));
#284=EDGE_LOOP('',(#684,#685,#686,#687));
#285=EDGE_LOOP('',(#688,#689,#690,#691));
#286=EDGE_LOOP('',(#692,#693,#694,#695));
#287=EDGE_LOOP('',(#696,#697,#698,#699));
#288=EDGE_LOOP('',(#700,#701,#702,#703));
#289=EDGE_LOOP('',(#704,#705,#706,#707));
#290=EDGE_LOOP('',(#708,#709,#710,#711));
#291=EDGE_LOOP('',(#712,#713,#714,#715));
#292=EDGE_LOOP('',(#716,#717,#718,#719,#720,#721));
#293=EDGE_LOOP('',(#722,#723,#724,#725));
#294=EDGE_LOOP('',(#726,#727,#728,#729,#730,#731));
#295=EDGE_LOOP('',(#732,#733,#734,#735));
#296=EDGE_LOOP('',(#736,#737,#738,#739));
#297=EDGE_LOOP('',(#740,#741,#742,#743));
#298=EDGE_LOOP('',(#744,#745,#746,#747));
#299=EDGE_LOOP('',(#748,#749,#750,#751));
#300=EDGE_LOOP('',(#752,#753,#754,#755,#756,#757));
#301=EDGE_LOOP('',(#758,#759,#760,#761));
#302=EDGE_LOOP('',(#762,#763,#764,#765,#766,#767));
#303=EDGE_LOOP('',(#768,#769,#770,#771));
#304=EDGE_LOOP('',(#772,#773,#774,#775));
#305=EDGE_LOOP('',(#776,#777,#778,#779));
#306=EDGE_LOOP('',(#780,#781,#782,#783));
#307=EDGE_LOOP('',(#784,#785,#786,#787));
#308=EDGE_LOOP('',(#788,#789,#790,#791,#792,#793));
#309=EDGE_LOOP('',(#794,#795,#796,#797));
#310=EDGE_LOOP('',(#798,#799,#800,#801,#802,#803));
#311=EDGE_LOOP('',(#804,#805,#806,#807));
#312=EDGE_LOOP('',(#808,#809,#810,#811));
#313=EDGE_LOOP('',(#812,#813,#814,#815));
#314=EDGE_LOOP('',(#816,#817,#818,#819));
#315=EDGE_LOOP('',(#820,#821,#822,#823));
#316=EDGE_LOOP('',(#824,#825,#826,#827,#828,#829));
#317=EDGE_LOOP('',(#830,#831,#832,#833));
#318=EDGE_LOOP('',(#834,#835,#836,#837,#838,#839));
#319=EDGE_LOOP('',(#840,#841,#842,#843));
#320=EDGE_LOOP('',(#844,#845,#846,#847));
#321=EDGE_LOOP('',(#848,#849,#850,#851));
#322=EDGE_LOOP('',(#852,#853,#854,#855));
#323=EDGE_LOOP('',(#856,#857,#858,#859));
#324=EDGE_LOOP('',(#860,#861,#862,#863));
#325=EDGE_LOOP('',(#864,#865,#866,#867));
#326=EDGE_LOOP('',(#868,#869,#870,#871,#872,#873,#874,#875));
#327=EDGE_LOOP('',(#876,#877,#878,#879,#880,#881,#882,#883,#884,#885,#886,
#887,#888,#889,#890,#891,#892,#893,#894,#895,#896,#897,#898,#899,#900,#901,
#902,#903,#904,#905,#906,#907,#908,#909,#910,#911,#912,#913,#914,#915));
#328=ORIENTED_EDGE('',*,*,#917,.F.);
#329=ORIENTED_EDGE('',*,*,#918,.F.);
#330=ORIENTED_EDGE('',*,*,#1112,.F.);
#331=ORIENTED_EDGE('',*,*,#919,.F.);
#332=ORIENTED_EDGE('',*,*,#1108,.F.);
#333=ORIENTED_EDGE('',*,*,#920,.F.);
#334=ORIENTED_EDGE('',*,*,#921,.F.);
#335=ORIENTED_EDGE('',*,*,#922,.F.);
#336=ORIENTED_EDGE('',*,*,#923,.F.);
#337=ORIENTED_EDGE('',*,*,#924,.F.);
#338=ORIENTED_EDGE('',*,*,#925,.F.);
#339=ORIENTED_EDGE('',*,*,#926,.F.);
#340=ORIENTED_EDGE('',*,*,#927,.F.);
#341=ORIENTED_EDGE('',*,*,#928,.F.);
#342=ORIENTED_EDGE('',*,*,#929,.F.);
#343=ORIENTED_EDGE('',*,*,#930,.F.);
#344=ORIENTED_EDGE('',*,*,#931,.F.);
#345=ORIENTED_EDGE('',*,*,#932,.F.);
#346=ORIENTED_EDGE('',*,*,#933,.F.);
#347=ORIENTED_EDGE('',*,*,#916,.F.);
#348=ORIENTED_EDGE('',*,*,#935,.F.);
#349=ORIENTED_EDGE('',*,*,#1105,.F.);
#350=ORIENTED_EDGE('',*,*,#936,.F.);
#351=ORIENTED_EDGE('',*,*,#1101,.F.);
#352=ORIENTED_EDGE('',*,*,#937,.F.);
#353=ORIENTED_EDGE('',*,*,#938,.F.);
#354=ORIENTED_EDGE('',*,*,#939,.F.);
#355=ORIENTED_EDGE('',*,*,#940,.F.);
#356=ORIENTED_EDGE('',*,*,#941,.F.);
#357=ORIENTED_EDGE('',*,*,#942,.F.);
#358=ORIENTED_EDGE('',*,*,#943,.F.);
#359=ORIENTED_EDGE('',*,*,#944,.F.);
#360=ORIENTED_EDGE('',*,*,#945,.F.);
#361=ORIENTED_EDGE('',*,*,#946,.F.);
#362=ORIENTED_EDGE('',*,*,#947,.F.);
#363=ORIENTED_EDGE('',*,*,#948,.F.);
#364=ORIENTED_EDGE('',*,*,#949,.F.);
#365=ORIENTED_EDGE('',*,*,#950,.F.);
#366=ORIENTED_EDGE('',*,*,#951,.F.);
#367=ORIENTED_EDGE('',*,*,#934,.F.);
#368=ORIENTED_EDGE('',*,*,#953,.F.);
#369=ORIENTED_EDGE('',*,*,#1097,.F.);
#370=ORIENTED_EDGE('',*,*,#954,.F.);
#371=ORIENTED_EDGE('',*,*,#1093,.F.);
#372=ORIENTED_EDGE('',*,*,#955,.F.);
#373=ORIENTED_EDGE('',*,*,#956,.F.);
#374=ORIENTED_EDGE('',*,*,#957,.F.);
#375=ORIENTED_EDGE('',*,*,#958,.F.);
#376=ORIENTED_EDGE('',*,*,#959,.F.);
#377=ORIENTED_EDGE('',*,*,#960,.F.);
#378=ORIENTED_EDGE('',*,*,#961,.F.);
#379=ORIENTED_EDGE('',*,*,#962,.F.);
#380=ORIENTED_EDGE('',*,*,#963,.F.);
#381=ORIENTED_EDGE('',*,*,#964,.F.);
#382=ORIENTED_EDGE('',*,*,#965,.F.);
#383=ORIENTED_EDGE('',*,*,#966,.F.);
#384=ORIENTED_EDGE('',*,*,#967,.F.);
#385=ORIENTED_EDGE('',*,*,#968,.F.);
#386=ORIENTED_EDGE('',*,*,#969,.F.);
#387=ORIENTED_EDGE('',*,*,#952,.F.);
#388=ORIENTED_EDGE('',*,*,#971,.F.);
#389=ORIENTED_EDGE('',*,*,#1090,.F.);
#390=ORIENTED_EDGE('',*,*,#972,.F.);
#391=ORIENTED_EDGE('',*,*,#1086,.F.);
#392=ORIENTED_EDGE('',*,*,#973,.F.);
#393=ORIENTED_EDGE('',*,*,#974,.F.);
#394=ORIENTED_EDGE('',*,*,#975,.F.);
#395=ORIENTED_EDGE('',*,*,#976,.F.);
#396=ORIENTED_EDGE('',*,*,#977,.F.);
#397=ORIENTED_EDGE('',*,*,#978,.F.);
#398=ORIENTED_EDGE('',*,*,#979,.F.);
#399=ORIENTED_EDGE('',*,*,#980,.F.);
#400=ORIENTED_EDGE('',*,*,#981,.F.);
#401=ORIENTED_EDGE('',*,*,#982,.F.);
#402=ORIENTED_EDGE('',*,*,#983,.F.);
#403=ORIENTED_EDGE('',*,*,#984,.F.);
#404=ORIENTED_EDGE('',*,*,#985,.F.);
#405=ORIENTED_EDGE('',*,*,#986,.F.);
#406=ORIENTED_EDGE('',*,*,#987,.F.);
#407=ORIENTED_EDGE('',*,*,#970,.F.);
#408=ORIENTED_EDGE('',*,*,#988,.T.);
#409=ORIENTED_EDGE('',*,*,#989,.T.);
#410=ORIENTED_EDGE('',*,*,#990,.T.);
#411=ORIENTED_EDGE('',*,*,#991,.T.);
#412=ORIENTED_EDGE('',*,*,#992,.T.);
#413=ORIENTED_EDGE('',*,*,#993,.T.);
#414=ORIENTED_EDGE('',*,*,#989,.F.);
#415=ORIENTED_EDGE('',*,*,#994,.T.);
#416=ORIENTED_EDGE('',*,*,#995,.T.);
#417=ORIENTED_EDGE('',*,*,#996,.T.);
#418=ORIENTED_EDGE('',*,*,#997,.T.);
#419=ORIENTED_EDGE('',*,*,#992,.F.);
#420=ORIENTED_EDGE('',*,*,#998,.T.);
#421=ORIENTED_EDGE('',*,*,#999,.T.);
#422=ORIENTED_EDGE('',*,*,#996,.F.);
#423=ORIENTED_EDGE('',*,*,#1000,.T.);
#424=ORIENTED_EDGE('',*,*,#1001,.T.);
#425=ORIENTED_EDGE('',*,*,#1002,.T.);
#426=ORIENTED_EDGE('',*,*,#1003,.T.);
#427=ORIENTED_EDGE('',*,*,#998,.F.);
#428=ORIENTED_EDGE('',*,*,#1004,.T.);
#429=ORIENTED_EDGE('',*,*,#1005,.T.);
#430=ORIENTED_EDGE('',*,*,#1002,.F.);
#431=ORIENTED_EDGE('',*,*,#1006,.T.);
#432=ORIENTED_EDGE('',*,*,#1007,.T.);
#433=ORIENTED_EDGE('',*,*,#1008,.T.);
#434=ORIENTED_EDGE('',*,*,#1009,.T.);
#435=ORIENTED_EDGE('',*,*,#1004,.F.);
#436=ORIENTED_EDGE('',*,*,#991,.F.);
#437=ORIENTED_EDGE('',*,*,#1010,.T.);
#438=ORIENTED_EDGE('',*,*,#1008,.F.);
#439=ORIENTED_EDGE('',*,*,#1011,.F.);
#440=ORIENTED_EDGE('',*,*,#1012,.T.);
#441=ORIENTED_EDGE('',*,*,#934,.T.);
#442=ORIENTED_EDGE('',*,*,#1013,.T.);
#443=ORIENTED_EDGE('',*,*,#921,.T.);
#444=ORIENTED_EDGE('',*,*,#1014,.T.);
#445=ORIENTED_EDGE('',*,*,#952,.T.);
#446=ORIENTED_EDGE('',*,*,#1015,.T.);
#447=ORIENTED_EDGE('',*,*,#938,.T.);
#448=ORIENTED_EDGE('',*,*,#1016,.T.);
#449=ORIENTED_EDGE('',*,*,#970,.T.);
#450=ORIENTED_EDGE('',*,*,#1017,.T.);
#451=ORIENTED_EDGE('',*,*,#956,.T.);
#452=ORIENTED_EDGE('',*,*,#974,.T.);
#453=ORIENTED_EDGE('',*,*,#1019,.T.);
#454=ORIENTED_EDGE('',*,*,#917,.T.);
#455=ORIENTED_EDGE('',*,*,#1018,.T.);
#456=ORIENTED_EDGE('',*,*,#1020,.T.);
#457=ORIENTED_EDGE('',*,*,#1021,.T.);
#458=ORIENTED_EDGE('',*,*,#1067,.T.);
#459=ORIENTED_EDGE('',*,*,#1063,.T.);
#460=ORIENTED_EDGE('',*,*,#1061,.T.);
#461=ORIENTED_EDGE('',*,*,#1022,.T.);
#462=ORIENTED_EDGE('',*,*,#1057,.T.);
#463=ORIENTED_EDGE('',*,*,#1023,.T.);
#464=ORIENTED_EDGE('',*,*,#1069,.T.);
#465=ORIENTED_EDGE('',*,*,#1025,.F.);
#466=ORIENTED_EDGE('',*,*,#1068,.F.);
#467=ORIENTED_EDGE('',*,*,#1026,.F.);
#468=ORIENTED_EDGE('',*,*,#1059,.F.);
#469=ORIENTED_EDGE('',*,*,#1027,.F.);
#470=ORIENTED_EDGE('',*,*,#1060,.F.);
#471=ORIENTED_EDGE('',*,*,#1065,.F.);
#472=ORIENTED_EDGE('',*,*,#1066,.F.);
#473=ORIENTED_EDGE('',*,*,#1024,.F.);
#474=ORIENTED_EDGE('',*,*,#1074,.T.);
#475=ORIENTED_EDGE('',*,*,#1028,.T.);
#476=ORIENTED_EDGE('',*,*,#1029,.T.);
#477=ORIENTED_EDGE('',*,*,#1054,.T.);
#478=ORIENTED_EDGE('',*,*,#1030,.T.);
#479=ORIENTED_EDGE('',*,*,#1079,.T.);
#480=ORIENTED_EDGE('',*,*,#1031,.T.);
#481=ORIENTED_EDGE('',*,*,#1072,.T.);
#482=ORIENTED_EDGE('',*,*,#1083,.T.);
#483=ORIENTED_EDGE('',*,*,#1075,.F.);
#484=ORIENTED_EDGE('',*,*,#1081,.F.);
#485=ORIENTED_EDGE('',*,*,#1071,.F.);
#486=ORIENTED_EDGE('',*,*,#1033,.F.);
#487=ORIENTED_EDGE('',*,*,#1077,.F.);
#488=ORIENTED_EDGE('',*,*,#1034,.F.);
#489=ORIENTED_EDGE('',*,*,#1053,.F.);
#490=ORIENTED_EDGE('',*,*,#1035,.F.);
#491=ORIENTED_EDGE('',*,*,#1032,.F.);
#492=ORIENTED_EDGE('',*,*,#997,.F.);
#493=ORIENTED_EDGE('',*,*,#999,.F.);
#494=ORIENTED_EDGE('',*,*,#1003,.F.);
#495=ORIENTED_EDGE('',*,*,#1005,.F.);
#496=ORIENTED_EDGE('',*,*,#1009,.F.);
#497=ORIENTED_EDGE('',*,*,#1010,.F.);
#498=ORIENTED_EDGE('',*,*,#990,.F.);
#499=ORIENTED_EDGE('',*,*,#993,.F.);
#500=ORIENTED_EDGE('',*,*,#1036,.F.);
#501=ORIENTED_EDGE('',*,*,#1037,.F.);
#502=ORIENTED_EDGE('',*,*,#918,.T.);
#503=ORIENTED_EDGE('',*,*,#1019,.F.);
#504=ORIENTED_EDGE('',*,*,#973,.T.);
#505=ORIENTED_EDGE('',*,*,#1038,.F.);
#506=ORIENTED_EDGE('',*,*,#1039,.F.);
#507=ORIENTED_EDGE('',*,*,#1028,.F.);
#508=ORIENTED_EDGE('',*,*,#1040,.F.);
#509=ORIENTED_EDGE('',*,*,#1032,.T.);
#510=ORIENTED_EDGE('',*,*,#1041,.F.);
#511=ORIENTED_EDGE('',*,*,#1042,.F.);
#512=ORIENTED_EDGE('',*,*,#971,.T.);
#513=ORIENTED_EDGE('',*,*,#1016,.F.);
#514=ORIENTED_EDGE('',*,*,#955,.T.);
#515=ORIENTED_EDGE('',*,*,#1043,.F.);
#516=ORIENTED_EDGE('',*,*,#1044,.F.);
#517=ORIENTED_EDGE('',*,*,#1045,.F.);
#518=ORIENTED_EDGE('',*,*,#953,.T.);
#519=ORIENTED_EDGE('',*,*,#1014,.F.);
#520=ORIENTED_EDGE('',*,*,#937,.T.);
#521=ORIENTED_EDGE('',*,*,#1046,.F.);
#522=ORIENTED_EDGE('',*,*,#1047,.F.);
#523=ORIENTED_EDGE('',*,*,#1024,.T.);
#524=ORIENTED_EDGE('',*,*,#1048,.F.);
#525=ORIENTED_EDGE('',*,*,#1021,.F.);
#526=ORIENTED_EDGE('',*,*,#1049,.F.);
#527=ORIENTED_EDGE('',*,*,#1050,.F.);
#528=ORIENTED_EDGE('',*,*,#935,.T.);
#529=ORIENTED_EDGE('',*,*,#1012,.F.);
#530=ORIENTED_EDGE('',*,*,#920,.T.);
#531=ORIENTED_EDGE('',*,*,#1051,.F.);
#532=ORIENTED_EDGE('',*,*,#1034,.T.);
#533=ORIENTED_EDGE('',*,*,#1076,.F.);
#534=ORIENTED_EDGE('',*,*,#1030,.F.);
#535=ORIENTED_EDGE('',*,*,#1052,.T.);
#536=ORIENTED_EDGE('',*,*,#1085,.F.);
#537=ORIENTED_EDGE('',*,*,#1053,.T.);
#538=ORIENTED_EDGE('',*,*,#1052,.F.);
#539=ORIENTED_EDGE('',*,*,#1054,.F.);
#540=ORIENTED_EDGE('',*,*,#1026,.T.);
#541=ORIENTED_EDGE('',*,*,#1055,.T.);
#542=ORIENTED_EDGE('',*,*,#1023,.F.);
#543=ORIENTED_EDGE('',*,*,#1056,.T.);
#544=ORIENTED_EDGE('',*,*,#1057,.F.);
#545=ORIENTED_EDGE('',*,*,#1058,.F.);
#546=ORIENTED_EDGE('',*,*,#1059,.T.);
#547=ORIENTED_EDGE('',*,*,#1056,.F.);
#548=ORIENTED_EDGE('',*,*,#1060,.T.);
#549=ORIENTED_EDGE('',*,*,#1070,.T.);
#550=ORIENTED_EDGE('',*,*,#1061,.F.);
#551=ORIENTED_EDGE('',*,*,#1062,.T.);
#552=ORIENTED_EDGE('',*,*,#1063,.F.);
#553=ORIENTED_EDGE('',*,*,#1064,.F.);
#554=ORIENTED_EDGE('',*,*,#1065,.T.);
#555=ORIENTED_EDGE('',*,*,#1062,.F.);
#556=ORIENTED_EDGE('',*,*,#1066,.T.);
#557=ORIENTED_EDGE('',*,*,#1064,.T.);
#558=ORIENTED_EDGE('',*,*,#1067,.F.);
#559=ORIENTED_EDGE('',*,*,#1048,.T.);
#560=ORIENTED_EDGE('',*,*,#1100,.F.);
#561=ORIENTED_EDGE('',*,*,#1069,.F.);
#562=ORIENTED_EDGE('',*,*,#1055,.F.);
#563=ORIENTED_EDGE('',*,*,#1068,.T.);
#564=ORIENTED_EDGE('',*,*,#1027,.T.);
#565=ORIENTED_EDGE('',*,*,#1058,.T.);
#566=ORIENTED_EDGE('',*,*,#1022,.F.);
#567=ORIENTED_EDGE('',*,*,#1070,.F.);
#568=ORIENTED_EDGE('',*,*,#1071,.T.);
#569=ORIENTED_EDGE('',*,*,#1080,.F.);
#570=ORIENTED_EDGE('',*,*,#1072,.F.);
#571=ORIENTED_EDGE('',*,*,#1073,.T.);
#572=ORIENTED_EDGE('',*,*,#1031,.F.);
#573=ORIENTED_EDGE('',*,*,#1078,.F.);
#574=ORIENTED_EDGE('',*,*,#1033,.T.);
#575=ORIENTED_EDGE('',*,*,#1073,.F.);
#576=ORIENTED_EDGE('',*,*,#1040,.T.);
#577=ORIENTED_EDGE('',*,*,#1074,.F.);
#578=ORIENTED_EDGE('',*,*,#1082,.F.);
#579=ORIENTED_EDGE('',*,*,#1075,.T.);
#580=ORIENTED_EDGE('',*,*,#1076,.T.);
#581=ORIENTED_EDGE('',*,*,#1077,.T.);
#582=ORIENTED_EDGE('',*,*,#1078,.T.);
#583=ORIENTED_EDGE('',*,*,#1079,.F.);
#584=ORIENTED_EDGE('',*,*,#1080,.T.);
#585=ORIENTED_EDGE('',*,*,#1081,.T.);
#586=ORIENTED_EDGE('',*,*,#1082,.T.);
#587=ORIENTED_EDGE('',*,*,#1083,.F.);
#588=ORIENTED_EDGE('',*,*,#1084,.T.);
#589=ORIENTED_EDGE('',*,*,#1091,.T.);
#590=ORIENTED_EDGE('',*,*,#1041,.T.);
#591=ORIENTED_EDGE('',*,*,#1035,.T.);
#592=ORIENTED_EDGE('',*,*,#1085,.T.);
#593=ORIENTED_EDGE('',*,*,#1029,.F.);
#594=ORIENTED_EDGE('',*,*,#1039,.T.);
#595=ORIENTED_EDGE('',*,*,#1087,.T.);
#596=ORIENTED_EDGE('',*,*,#1086,.T.);
#597=ORIENTED_EDGE('',*,*,#1088,.T.);
#598=ORIENTED_EDGE('',*,*,#1087,.F.);
#599=ORIENTED_EDGE('',*,*,#1038,.T.);
#600=ORIENTED_EDGE('',*,*,#972,.T.);
#601=ORIENTED_EDGE('',*,*,#1089,.F.);
#602=ORIENTED_EDGE('',*,*,#1084,.F.);
#603=ORIENTED_EDGE('',*,*,#1088,.F.);
#604=ORIENTED_EDGE('',*,*,#1089,.T.);
#605=ORIENTED_EDGE('',*,*,#1090,.T.);
#606=ORIENTED_EDGE('',*,*,#1042,.T.);
#607=ORIENTED_EDGE('',*,*,#1091,.F.);
#608=ORIENTED_EDGE('',*,*,#1092,.T.);
#609=ORIENTED_EDGE('',*,*,#1098,.T.);
#610=ORIENTED_EDGE('',*,*,#1044,.T.);
#611=ORIENTED_EDGE('',*,*,#1094,.T.);
#612=ORIENTED_EDGE('',*,*,#1093,.T.);
#613=ORIENTED_EDGE('',*,*,#1095,.T.);
#614=ORIENTED_EDGE('',*,*,#1094,.F.);
#615=ORIENTED_EDGE('',*,*,#1043,.T.);
#616=ORIENTED_EDGE('',*,*,#954,.T.);
#617=ORIENTED_EDGE('',*,*,#1096,.F.);
#618=ORIENTED_EDGE('',*,*,#1092,.F.);
#619=ORIENTED_EDGE('',*,*,#1095,.F.);
#620=ORIENTED_EDGE('',*,*,#1096,.T.);
#621=ORIENTED_EDGE('',*,*,#1097,.T.);
#622=ORIENTED_EDGE('',*,*,#1045,.T.);
#623=ORIENTED_EDGE('',*,*,#1098,.F.);
#624=ORIENTED_EDGE('',*,*,#1099,.T.);
#625=ORIENTED_EDGE('',*,*,#1106,.T.);
#626=ORIENTED_EDGE('',*,*,#1049,.T.);
#627=ORIENTED_EDGE('',*,*,#1020,.F.);
#628=ORIENTED_EDGE('',*,*,#1100,.T.);
#629=ORIENTED_EDGE('',*,*,#1025,.T.);
#630=ORIENTED_EDGE('',*,*,#1047,.T.);
#631=ORIENTED_EDGE('',*,*,#1102,.T.);
#632=ORIENTED_EDGE('',*,*,#1101,.T.);
#633=ORIENTED_EDGE('',*,*,#1103,.T.);
#634=ORIENTED_EDGE('',*,*,#1102,.F.);
#635=ORIENTED_EDGE('',*,*,#1046,.T.);
#636=ORIENTED_EDGE('',*,*,#936,.T.);
#637=ORIENTED_EDGE('',*,*,#1104,.F.);
#638=ORIENTED_EDGE('',*,*,#1099,.F.);
#639=ORIENTED_EDGE('',*,*,#1103,.F.);
#640=ORIENTED_EDGE('',*,*,#1104,.T.);
#641=ORIENTED_EDGE('',*,*,#1105,.T.);
#642=ORIENTED_EDGE('',*,*,#1050,.T.);
#643=ORIENTED_EDGE('',*,*,#1106,.F.);
#644=ORIENTED_EDGE('',*,*,#1107,.T.);
#645=ORIENTED_EDGE('',*,*,#1113,.T.);
#646=ORIENTED_EDGE('',*,*,#1036,.T.);
#647=ORIENTED_EDGE('',*,*,#1109,.T.);
#648=ORIENTED_EDGE('',*,*,#1108,.T.);
#649=ORIENTED_EDGE('',*,*,#1110,.T.);
#650=ORIENTED_EDGE('',*,*,#1109,.F.);
#651=ORIENTED_EDGE('',*,*,#1051,.T.);
#652=ORIENTED_EDGE('',*,*,#919,.T.);
#653=ORIENTED_EDGE('',*,*,#1111,.F.);
#654=ORIENTED_EDGE('',*,*,#1107,.F.);
#655=ORIENTED_EDGE('',*,*,#1110,.F.);
#656=ORIENTED_EDGE('',*,*,#1111,.T.);
#657=ORIENTED_EDGE('',*,*,#1112,.T.);
#658=ORIENTED_EDGE('',*,*,#1037,.T.);
#659=ORIENTED_EDGE('',*,*,#1113,.F.);
#660=ORIENTED_EDGE('',*,*,#1114,.T.);
#661=ORIENTED_EDGE('',*,*,#1115,.T.);
#662=ORIENTED_EDGE('',*,*,#1116,.T.);
#663=ORIENTED_EDGE('',*,*,#1117,.T.);
#664=ORIENTED_EDGE('',*,*,#1119,.F.);
#665=ORIENTED_EDGE('',*,*,#1120,.F.);
#666=ORIENTED_EDGE('',*,*,#1121,.F.);
#667=ORIENTED_EDGE('',*,*,#1118,.F.);
#668=ORIENTED_EDGE('',*,*,#1123,.F.);
#669=ORIENTED_EDGE('',*,*,#1124,.F.);
#670=ORIENTED_EDGE('',*,*,#1125,.F.);
#671=ORIENTED_EDGE('',*,*,#1122,.F.);
#672=ORIENTED_EDGE('',*,*,#1126,.T.);
#673=ORIENTED_EDGE('',*,*,#1127,.T.);
#674=ORIENTED_EDGE('',*,*,#1128,.T.);
#675=ORIENTED_EDGE('',*,*,#1129,.T.);
#676=ORIENTED_EDGE('',*,*,#1131,.F.);
#677=ORIENTED_EDGE('',*,*,#1132,.F.);
#678=ORIENTED_EDGE('',*,*,#1133,.F.);
#679=ORIENTED_EDGE('',*,*,#1130,.F.);
#680=ORIENTED_EDGE('',*,*,#1135,.F.);
#681=ORIENTED_EDGE('',*,*,#1136,.F.);
#682=ORIENTED_EDGE('',*,*,#1137,.F.);
#683=ORIENTED_EDGE('',*,*,#1134,.F.);
#684=ORIENTED_EDGE('',*,*,#1138,.T.);
#685=ORIENTED_EDGE('',*,*,#1139,.T.);
#686=ORIENTED_EDGE('',*,*,#1140,.T.);
#687=ORIENTED_EDGE('',*,*,#1141,.T.);
#688=ORIENTED_EDGE('',*,*,#1143,.F.);
#689=ORIENTED_EDGE('',*,*,#1144,.F.);
#690=ORIENTED_EDGE('',*,*,#1145,.F.);
#691=ORIENTED_EDGE('',*,*,#1142,.F.);
#692=ORIENTED_EDGE('',*,*,#1147,.F.);
#693=ORIENTED_EDGE('',*,*,#1148,.F.);
#694=ORIENTED_EDGE('',*,*,#1149,.F.);
#695=ORIENTED_EDGE('',*,*,#1146,.F.);
#696=ORIENTED_EDGE('',*,*,#1150,.T.);
#697=ORIENTED_EDGE('',*,*,#1151,.T.);
#698=ORIENTED_EDGE('',*,*,#1152,.T.);
#699=ORIENTED_EDGE('',*,*,#1153,.T.);
#700=ORIENTED_EDGE('',*,*,#1155,.F.);
#701=ORIENTED_EDGE('',*,*,#1156,.F.);
#702=ORIENTED_EDGE('',*,*,#1157,.F.);
#703=ORIENTED_EDGE('',*,*,#1154,.F.);
#704=ORIENTED_EDGE('',*,*,#1159,.F.);
#705=ORIENTED_EDGE('',*,*,#1160,.F.);
#706=ORIENTED_EDGE('',*,*,#1161,.F.);
#707=ORIENTED_EDGE('',*,*,#1158,.F.);
#708=ORIENTED_EDGE('',*,*,#1207,.F.);
#709=ORIENTED_EDGE('',*,*,#931,.T.);
#710=ORIENTED_EDGE('',*,*,#1163,.T.);
#711=ORIENTED_EDGE('',*,*,#1123,.T.);
#712=ORIENTED_EDGE('',*,*,#1124,.T.);
#713=ORIENTED_EDGE('',*,*,#1163,.F.);
#714=ORIENTED_EDGE('',*,*,#930,.T.);
#715=ORIENTED_EDGE('',*,*,#1162,.F.);
#716=ORIENTED_EDGE('',*,*,#1118,.T.);
#717=ORIENTED_EDGE('',*,*,#1208,.F.);
#718=ORIENTED_EDGE('',*,*,#1125,.T.);
#719=ORIENTED_EDGE('',*,*,#1162,.T.);
#720=ORIENTED_EDGE('',*,*,#929,.T.);
#721=ORIENTED_EDGE('',*,*,#1164,.F.);
#722=ORIENTED_EDGE('',*,*,#928,.T.);
#723=ORIENTED_EDGE('',*,*,#1165,.F.);
#724=ORIENTED_EDGE('',*,*,#1119,.T.);
#725=ORIENTED_EDGE('',*,*,#1164,.T.);
#726=ORIENTED_EDGE('',*,*,#1166,.T.);
#727=ORIENTED_EDGE('',*,*,#1120,.T.);
#728=ORIENTED_EDGE('',*,*,#1165,.T.);
#729=ORIENTED_EDGE('',*,*,#927,.T.);
#730=ORIENTED_EDGE('',*,*,#1168,.T.);
#731=ORIENTED_EDGE('',*,*,#1115,.F.);
#732=ORIENTED_EDGE('',*,*,#1167,.F.);
#733=ORIENTED_EDGE('',*,*,#1116,.F.);
#734=ORIENTED_EDGE('',*,*,#1168,.F.);
#735=ORIENTED_EDGE('',*,*,#926,.T.);
#736=ORIENTED_EDGE('',*,*,#1117,.F.);
#737=ORIENTED_EDGE('',*,*,#1167,.T.);
#738=ORIENTED_EDGE('',*,*,#925,.T.);
#739=ORIENTED_EDGE('',*,*,#1209,.F.);
#740=ORIENTED_EDGE('',*,*,#1169,.F.);
#741=ORIENTED_EDGE('',*,*,#923,.T.);
#742=ORIENTED_EDGE('',*,*,#1170,.T.);
#743=ORIENTED_EDGE('',*,*,#950,.T.);
#744=ORIENTED_EDGE('',*,*,#1204,.F.);
#745=ORIENTED_EDGE('',*,*,#948,.T.);
#746=ORIENTED_EDGE('',*,*,#1172,.T.);
#747=ORIENTED_EDGE('',*,*,#1159,.T.);
#748=ORIENTED_EDGE('',*,*,#1160,.T.);
#749=ORIENTED_EDGE('',*,*,#1172,.F.);
#750=ORIENTED_EDGE('',*,*,#947,.T.);
#751=ORIENTED_EDGE('',*,*,#1171,.F.);
#752=ORIENTED_EDGE('',*,*,#1154,.T.);
#753=ORIENTED_EDGE('',*,*,#1205,.F.);
#754=ORIENTED_EDGE('',*,*,#1161,.T.);
#755=ORIENTED_EDGE('',*,*,#1171,.T.);
#756=ORIENTED_EDGE('',*,*,#946,.T.);
#757=ORIENTED_EDGE('',*,*,#1173,.F.);
#758=ORIENTED_EDGE('',*,*,#945,.T.);
#759=ORIENTED_EDGE('',*,*,#1174,.F.);
#760=ORIENTED_EDGE('',*,*,#1155,.T.);
#761=ORIENTED_EDGE('',*,*,#1173,.T.);
#762=ORIENTED_EDGE('',*,*,#1175,.T.);
#763=ORIENTED_EDGE('',*,*,#1156,.T.);
#764=ORIENTED_EDGE('',*,*,#1174,.T.);
#765=ORIENTED_EDGE('',*,*,#944,.T.);
#766=ORIENTED_EDGE('',*,*,#1177,.T.);
#767=ORIENTED_EDGE('',*,*,#1151,.F.);
#768=ORIENTED_EDGE('',*,*,#1176,.F.);
#769=ORIENTED_EDGE('',*,*,#1152,.F.);
#770=ORIENTED_EDGE('',*,*,#1177,.F.);
#771=ORIENTED_EDGE('',*,*,#943,.T.);
#772=ORIENTED_EDGE('',*,*,#1153,.F.);
#773=ORIENTED_EDGE('',*,*,#1176,.T.);
#774=ORIENTED_EDGE('',*,*,#942,.T.);
#775=ORIENTED_EDGE('',*,*,#1206,.F.);
#776=ORIENTED_EDGE('',*,*,#1178,.F.);
#777=ORIENTED_EDGE('',*,*,#940,.T.);
#778=ORIENTED_EDGE('',*,*,#1179,.T.);
#779=ORIENTED_EDGE('',*,*,#968,.T.);
#780=ORIENTED_EDGE('',*,*,#1180,.T.);
#781=ORIENTED_EDGE('',*,*,#966,.T.);
#782=ORIENTED_EDGE('',*,*,#1181,.T.);
#783=ORIENTED_EDGE('',*,*,#1147,.T.);
#784=ORIENTED_EDGE('',*,*,#1148,.T.);
#785=ORIENTED_EDGE('',*,*,#1181,.F.);
#786=ORIENTED_EDGE('',*,*,#965,.T.);
#787=ORIENTED_EDGE('',*,*,#1182,.F.);
#788=ORIENTED_EDGE('',*,*,#1142,.T.);
#789=ORIENTED_EDGE('',*,*,#1183,.F.);
#790=ORIENTED_EDGE('',*,*,#1149,.T.);
#791=ORIENTED_EDGE('',*,*,#1182,.T.);
#792=ORIENTED_EDGE('',*,*,#964,.T.);
#793=ORIENTED_EDGE('',*,*,#1184,.F.);
#794=ORIENTED_EDGE('',*,*,#963,.T.);
#795=ORIENTED_EDGE('',*,*,#1185,.F.);
#796=ORIENTED_EDGE('',*,*,#1143,.T.);
#797=ORIENTED_EDGE('',*,*,#1184,.T.);
#798=ORIENTED_EDGE('',*,*,#1186,.T.);
#799=ORIENTED_EDGE('',*,*,#1144,.T.);
#800=ORIENTED_EDGE('',*,*,#1185,.T.);
#801=ORIENTED_EDGE('',*,*,#962,.T.);
#802=ORIENTED_EDGE('',*,*,#1187,.T.);
#803=ORIENTED_EDGE('',*,*,#1139,.F.);
#804=ORIENTED_EDGE('',*,*,#1188,.F.);
#805=ORIENTED_EDGE('',*,*,#1140,.F.);
#806=ORIENTED_EDGE('',*,*,#1187,.F.);
#807=ORIENTED_EDGE('',*,*,#961,.T.);
#808=ORIENTED_EDGE('',*,*,#1141,.F.);
#809=ORIENTED_EDGE('',*,*,#1188,.T.);
#810=ORIENTED_EDGE('',*,*,#960,.T.);
#811=ORIENTED_EDGE('',*,*,#1189,.F.);
#812=ORIENTED_EDGE('',*,*,#1190,.F.);
#813=ORIENTED_EDGE('',*,*,#958,.T.);
#814=ORIENTED_EDGE('',*,*,#1191,.T.);
#815=ORIENTED_EDGE('',*,*,#986,.T.);
#816=ORIENTED_EDGE('',*,*,#1192,.T.);
#817=ORIENTED_EDGE('',*,*,#984,.T.);
#818=ORIENTED_EDGE('',*,*,#1193,.T.);
#819=ORIENTED_EDGE('',*,*,#1135,.T.);
#820=ORIENTED_EDGE('',*,*,#1136,.T.);
#821=ORIENTED_EDGE('',*,*,#1193,.F.);
#822=ORIENTED_EDGE('',*,*,#983,.T.);
#823=ORIENTED_EDGE('',*,*,#1194,.F.);
#824=ORIENTED_EDGE('',*,*,#1130,.T.);
#825=ORIENTED_EDGE('',*,*,#1195,.F.);
#826=ORIENTED_EDGE('',*,*,#1137,.T.);
#827=ORIENTED_EDGE('',*,*,#1194,.T.);
#828=ORIENTED_EDGE('',*,*,#982,.T.);
#829=ORIENTED_EDGE('',*,*,#1196,.F.);
#830=ORIENTED_EDGE('',*,*,#981,.T.);
#831=ORIENTED_EDGE('',*,*,#1197,.F.);
#832=ORIENTED_EDGE('',*,*,#1131,.T.);
#833=ORIENTED_EDGE('',*,*,#1196,.T.);
#834=ORIENTED_EDGE('',*,*,#1198,.T.);
#835=ORIENTED_EDGE('',*,*,#1132,.T.);
#836=ORIENTED_EDGE('',*,*,#1197,.T.);
#837=ORIENTED_EDGE('',*,*,#980,.T.);
#838=ORIENTED_EDGE('',*,*,#1199,.T.);
#839=ORIENTED_EDGE('',*,*,#1127,.F.);
#840=ORIENTED_EDGE('',*,*,#1200,.F.);
#841=ORIENTED_EDGE('',*,*,#1128,.F.);
#842=ORIENTED_EDGE('',*,*,#1199,.F.);
#843=ORIENTED_EDGE('',*,*,#979,.T.);
#844=ORIENTED_EDGE('',*,*,#1129,.F.);
#845=ORIENTED_EDGE('',*,*,#1200,.T.);
#846=ORIENTED_EDGE('',*,*,#978,.T.);
#847=ORIENTED_EDGE('',*,*,#1201,.F.);
#848=ORIENTED_EDGE('',*,*,#1202,.F.);
#849=ORIENTED_EDGE('',*,*,#976,.T.);
#850=ORIENTED_EDGE('',*,*,#1203,.T.);
#851=ORIENTED_EDGE('',*,*,#933,.T.);
#852=ORIENTED_EDGE('',*,*,#1013,.F.);
#853=ORIENTED_EDGE('',*,*,#951,.T.);
#854=ORIENTED_EDGE('',*,*,#1170,.F.);
#855=ORIENTED_EDGE('',*,*,#922,.T.);
#856=ORIENTED_EDGE('',*,*,#1015,.F.);
#857=ORIENTED_EDGE('',*,*,#969,.T.);
#858=ORIENTED_EDGE('',*,*,#1179,.F.);
#859=ORIENTED_EDGE('',*,*,#939,.T.);
#860=ORIENTED_EDGE('',*,*,#1017,.F.);
#861=ORIENTED_EDGE('',*,*,#987,.T.);
#862=ORIENTED_EDGE('',*,*,#1191,.F.);
#863=ORIENTED_EDGE('',*,*,#957,.T.);
#864=ORIENTED_EDGE('',*,*,#1018,.F.);
#865=ORIENTED_EDGE('',*,*,#916,.T.);
#866=ORIENTED_EDGE('',*,*,#1203,.F.);
#867=ORIENTED_EDGE('',*,*,#975,.T.);
#868=ORIENTED_EDGE('',*,*,#994,.F.);
#869=ORIENTED_EDGE('',*,*,#988,.F.);
#870=ORIENTED_EDGE('',*,*,#1011,.T.);
#871=ORIENTED_EDGE('',*,*,#1007,.F.);
#872=ORIENTED_EDGE('',*,*,#1006,.F.);
#873=ORIENTED_EDGE('',*,*,#1001,.F.);
#874=ORIENTED_EDGE('',*,*,#1000,.F.);
#875=ORIENTED_EDGE('',*,*,#995,.F.);
#876=ORIENTED_EDGE('',*,*,#924,.T.);
#877=ORIENTED_EDGE('',*,*,#1169,.T.);
#878=ORIENTED_EDGE('',*,*,#949,.T.);
#879=ORIENTED_EDGE('',*,*,#1204,.T.);
#880=ORIENTED_EDGE('',*,*,#1158,.T.);
#881=ORIENTED_EDGE('',*,*,#1205,.T.);
#882=ORIENTED_EDGE('',*,*,#1157,.T.);
#883=ORIENTED_EDGE('',*,*,#1175,.F.);
#884=ORIENTED_EDGE('',*,*,#1150,.F.);
#885=ORIENTED_EDGE('',*,*,#1206,.T.);
#886=ORIENTED_EDGE('',*,*,#941,.T.);
#887=ORIENTED_EDGE('',*,*,#1178,.T.);
#888=ORIENTED_EDGE('',*,*,#967,.T.);
#889=ORIENTED_EDGE('',*,*,#1180,.F.);
#890=ORIENTED_EDGE('',*,*,#1146,.T.);
#891=ORIENTED_EDGE('',*,*,#1183,.T.);
#892=ORIENTED_EDGE('',*,*,#1145,.T.);
#893=ORIENTED_EDGE('',*,*,#1186,.F.);
#894=ORIENTED_EDGE('',*,*,#1138,.F.);
#895=ORIENTED_EDGE('',*,*,#1189,.T.);
#896=ORIENTED_EDGE('',*,*,#959,.T.);
#897=ORIENTED_EDGE('',*,*,#1190,.T.);
#898=ORIENTED_EDGE('',*,*,#985,.T.);
#899=ORIENTED_EDGE('',*,*,#1192,.F.);
#900=ORIENTED_EDGE('',*,*,#1134,.T.);
#901=ORIENTED_EDGE('',*,*,#1195,.T.);
#902=ORIENTED_EDGE('',*,*,#1133,.T.);
#903=ORIENTED_EDGE('',*,*,#1198,.F.);
#904=ORIENTED_EDGE('',*,*,#1126,.F.);
#905=ORIENTED_EDGE('',*,*,#1201,.T.);
#906=ORIENTED_EDGE('',*,*,#977,.T.);
#907=ORIENTED_EDGE('',*,*,#1202,.T.);
#908=ORIENTED_EDGE('',*,*,#932,.T.);
#909=ORIENTED_EDGE('',*,*,#1207,.T.);
#910=ORIENTED_EDGE('',*,*,#1122,.T.);
#911=ORIENTED_EDGE('',*,*,#1208,.T.);
#912=ORIENTED_EDGE('',*,*,#1121,.T.);
#913=ORIENTED_EDGE('',*,*,#1166,.F.);
#914=ORIENTED_EDGE('',*,*,#1114,.F.);
#915=ORIENTED_EDGE('',*,*,#1209,.T.);
#916=EDGE_CURVE('',#1504,#1505,#1210,.T.);
#917=EDGE_CURVE('',#1506,#1504,#1211,.T.);
#918=EDGE_CURVE('',#1507,#1506,#1212,.T.);
#919=EDGE_CURVE('',#1509,#1508,#1213,.T.);
#920=EDGE_CURVE('',#1511,#1510,#1214,.T.);
#921=EDGE_CURVE('',#1512,#1511,#1215,.T.);
#922=EDGE_CURVE('',#1513,#1512,#1216,.T.);
#923=EDGE_CURVE('',#1514,#1513,#1217,.T.);
#924=EDGE_CURVE('',#1515,#1514,#1218,.T.);
#925=EDGE_CURVE('',#1516,#1515,#1219,.T.);
#926=EDGE_CURVE('',#1517,#1516,#1220,.T.);
#927=EDGE_CURVE('',#1518,#1517,#1221,.T.);
#928=EDGE_CURVE('',#1519,#1518,#1222,.T.);
#929=EDGE_CURVE('',#1520,#1519,#1223,.T.);
#930=EDGE_CURVE('',#1521,#1520,#1224,.T.);
#931=EDGE_CURVE('',#1522,#1521,#1225,.T.);
#932=EDGE_CURVE('',#1523,#1522,#1226,.T.);
#933=EDGE_CURVE('',#1505,#1523,#1227,.T.);
#934=EDGE_CURVE('',#1524,#1525,#1228,.T.);
#935=EDGE_CURVE('',#1526,#1524,#1229,.T.);
#936=EDGE_CURVE('',#1528,#1527,#1230,.T.);
#937=EDGE_CURVE('',#1530,#1529,#1231,.T.);
#938=EDGE_CURVE('',#1531,#1530,#1232,.T.);
#939=EDGE_CURVE('',#1532,#1531,#1233,.T.);
#940=EDGE_CURVE('',#1533,#1532,#1234,.T.);
#941=EDGE_CURVE('',#1534,#1533,#1235,.T.);
#942=EDGE_CURVE('',#1535,#1534,#1236,.T.);
#943=EDGE_CURVE('',#1536,#1535,#1237,.T.);
#944=EDGE_CURVE('',#1537,#1536,#1238,.T.);
#945=EDGE_CURVE('',#1538,#1537,#1239,.T.);
#946=EDGE_CURVE('',#1539,#1538,#1240,.T.);
#947=EDGE_CURVE('',#1540,#1539,#1241,.T.);
#948=EDGE_CURVE('',#1541,#1540,#1242,.T.);
#949=EDGE_CURVE('',#1542,#1541,#1243,.T.);
#950=EDGE_CURVE('',#1543,#1542,#1244,.T.);
#951=EDGE_CURVE('',#1525,#1543,#1245,.T.);
#952=EDGE_CURVE('',#1544,#1545,#1246,.T.);
#953=EDGE_CURVE('',#1546,#1544,#1247,.T.);
#954=EDGE_CURVE('',#1548,#1547,#1248,.T.);
#955=EDGE_CURVE('',#1550,#1549,#1249,.T.);
#956=EDGE_CURVE('',#1551,#1550,#1250,.T.);
#957=EDGE_CURVE('',#1552,#1551,#1251,.T.);
#958=EDGE_CURVE('',#1553,#1552,#1252,.T.);
#959=EDGE_CURVE('',#1554,#1553,#1253,.T.);
#960=EDGE_CURVE('',#1555,#1554,#1254,.T.);
#961=EDGE_CURVE('',#1556,#1555,#1255,.T.);
#962=EDGE_CURVE('',#1557,#1556,#1256,.T.);
#963=EDGE_CURVE('',#1558,#1557,#1257,.T.);
#964=EDGE_CURVE('',#1559,#1558,#1258,.T.);
#965=EDGE_CURVE('',#1560,#1559,#1259,.T.);
#966=EDGE_CURVE('',#1561,#1560,#1260,.T.);
#967=EDGE_CURVE('',#1562,#1561,#1261,.T.);
#968=EDGE_CURVE('',#1563,#1562,#1262,.T.);
#969=EDGE_CURVE('',#1545,#1563,#1263,.T.);
#970=EDGE_CURVE('',#1564,#1565,#1264,.T.);
#971=EDGE_CURVE('',#1566,#1564,#1265,.T.);
#972=EDGE_CURVE('',#1568,#1567,#1266,.T.);
#973=EDGE_CURVE('',#1570,#1569,#1267,.T.);
#974=EDGE_CURVE('',#1571,#1570,#1268,.T.);
#975=EDGE_CURVE('',#1572,#1571,#1269,.T.);
#976=EDGE_CURVE('',#1573,#1572,#1270,.T.);
#977=EDGE_CURVE('',#1574,#1573,#1271,.T.);
#978=EDGE_CURVE('',#1575,#1574,#1272,.T.);
#979=EDGE_CURVE('',#1576,#1575,#1273,.T.);
#980=EDGE_CURVE('',#1577,#1576,#1274,.T.);
#981=EDGE_CURVE('',#1578,#1577,#1275,.T.);
#982=EDGE_CURVE('',#1579,#1578,#1276,.T.);
#983=EDGE_CURVE('',#1580,#1579,#1277,.T.);
#984=EDGE_CURVE('',#1581,#1580,#1278,.T.);
#985=EDGE_CURVE('',#1582,#1581,#1279,.T.);
#986=EDGE_CURVE('',#1583,#1582,#1280,.T.);
#987=EDGE_CURVE('',#1565,#1583,#1281,.T.);
#988=EDGE_CURVE('',#1584,#1585,#1282,.T.);
#989=EDGE_CURVE('',#1585,#1586,#1283,.T.);
#990=EDGE_CURVE('',#1586,#1587,#1284,.T.);
#991=EDGE_CURVE('',#1587,#1584,#1285,.T.);
#992=EDGE_CURVE('',#1588,#1589,#1286,.T.);
#993=EDGE_CURVE('',#1589,#1586,#1287,.T.);
#994=EDGE_CURVE('',#1585,#1588,#1288,.T.);
#995=EDGE_CURVE('',#1588,#1590,#1289,.T.);
#996=EDGE_CURVE('',#1590,#1591,#1290,.T.);
#997=EDGE_CURVE('',#1591,#1589,#1291,.T.);
#998=EDGE_CURVE('',#1592,#1593,#1292,.T.);
#999=EDGE_CURVE('',#1593,#1591,#1293,.T.);
#1000=EDGE_CURVE('',#1590,#1592,#1294,.T.);
#1001=EDGE_CURVE('',#1592,#1594,#1295,.T.);
#1002=EDGE_CURVE('',#1594,#1595,#1296,.T.);
#1003=EDGE_CURVE('',#1595,#1593,#1297,.T.);
#1004=EDGE_CURVE('',#1596,#1597,#1298,.T.);
#1005=EDGE_CURVE('',#1597,#1595,#1299,.T.);
#1006=EDGE_CURVE('',#1594,#1596,#1300,.T.);
#1007=EDGE_CURVE('',#1596,#1598,#1301,.T.);
#1008=EDGE_CURVE('',#1598,#1599,#1302,.T.);
#1009=EDGE_CURVE('',#1599,#1597,#1303,.T.);
#1010=EDGE_CURVE('',#1587,#1599,#1304,.T.);
#1011=EDGE_CURVE('',#1584,#1598,#1305,.T.);
#1012=EDGE_CURVE('',#1511,#1524,#1306,.T.);
#1013=EDGE_CURVE('',#1525,#1512,#1307,.T.);
#1014=EDGE_CURVE('',#1530,#1544,#1308,.T.);
#1015=EDGE_CURVE('',#1545,#1531,#1309,.T.);
#1016=EDGE_CURVE('',#1550,#1564,#1310,.T.);
#1017=EDGE_CURVE('',#1565,#1551,#1311,.T.);
#1018=EDGE_CURVE('',#1504,#1571,#1312,.T.);
#1019=EDGE_CURVE('',#1570,#1506,#1313,.T.);
#1020=EDGE_CURVE('',#1600,#1601,#1314,.T.);
#1021=EDGE_CURVE('',#1601,#1602,#1315,.T.);
#1022=EDGE_CURVE('',#1605,#1606,#1316,.T.);
#1023=EDGE_CURVE('',#1607,#1608,#1317,.T.);
#1024=EDGE_CURVE('',#1609,#1610,#1318,.T.);
#1025=EDGE_CURVE('',#1611,#1609,#1319,.T.);
#1026=EDGE_CURVE('',#1613,#1612,#1320,.T.);
#1027=EDGE_CURVE('',#1615,#1614,#1321,.T.);
#1028=EDGE_CURVE('',#1619,#1620,#1322,.T.);
#1029=EDGE_CURVE('',#1620,#1621,#1323,.T.);
#1030=EDGE_CURVE('',#1622,#1623,#1324,.T.);
#1031=EDGE_CURVE('',#1624,#1625,#1325,.T.);
#1032=EDGE_CURVE('',#1627,#1628,#1326,.T.);
#1033=EDGE_CURVE('',#1632,#1631,#1327,.T.);
#1034=EDGE_CURVE('',#1634,#1633,#1328,.T.);
#1035=EDGE_CURVE('',#1628,#1635,#1329,.T.);
#1036=EDGE_CURVE('',#1636,#1637,#1330,.T.);
#1037=EDGE_CURVE('',#1507,#1636,#1331,.T.);
#1038=EDGE_CURVE('',#1638,#1569,#1332,.T.);
#1039=EDGE_CURVE('',#1620,#1638,#1333,.T.);
#1040=EDGE_CURVE('',#1627,#1619,#1334,.T.);
#1041=EDGE_CURVE('',#1639,#1628,#1335,.T.);
#1042=EDGE_CURVE('',#1566,#1639,#1336,.T.);
#1043=EDGE_CURVE('',#1640,#1549,#1337,.T.);
#1044=EDGE_CURVE('',#1641,#1640,#1338,.T.);
#1045=EDGE_CURVE('',#1546,#1641,#1339,.T.);
#1046=EDGE_CURVE('',#1642,#1529,#1340,.T.);
#1047=EDGE_CURVE('',#1609,#1642,#1341,.T.);
#1048=EDGE_CURVE('',#1602,#1610,#1342,.T.);
#1049=EDGE_CURVE('',#1643,#1601,#1343,.T.);
#1050=EDGE_CURVE('',#1526,#1643,#1344,.T.);
#1051=EDGE_CURVE('',#1637,#1510,#1345,.T.);
#1052=EDGE_CURVE('',#1622,#1634,#1346,.T.);
#1053=EDGE_CURVE('',#1635,#1634,#1347,.T.);
#1054=EDGE_CURVE('',#1621,#1622,#1348,.T.);
#1055=EDGE_CURVE('',#1612,#1608,#1349,.T.);
#1056=EDGE_CURVE('',#1607,#1613,#1350,.T.);
#1057=EDGE_CURVE('',#1606,#1607,#1351,.T.);
#1058=EDGE_CURVE('',#1614,#1606,#1352,.T.);
#1059=EDGE_CURVE('',#1614,#1613,#1353,.T.);
#1060=EDGE_CURVE('',#1616,#1615,#1354,.T.);
#1061=EDGE_CURVE('',#1604,#1605,#1355,.T.);
#1062=EDGE_CURVE('',#1604,#1616,#1356,.T.);
#1063=EDGE_CURVE('',#1603,#1604,#1357,.T.);
#1064=EDGE_CURVE('',#1617,#1603,#1358,.T.);
#1065=EDGE_CURVE('',#1617,#1616,#1359,.T.);
#1066=EDGE_CURVE('',#1610,#1617,#1360,.T.);
#1067=EDGE_CURVE('',#1602,#1603,#1361,.T.);
#1068=EDGE_CURVE('',#1612,#1611,#1362,.T.);
#1069=EDGE_CURVE('',#1608,#1600,#1363,.T.);
#1070=EDGE_CURVE('',#1615,#1605,#1364,.T.);
#1071=EDGE_CURVE('',#1631,#1630,#1365,.T.);
#1072=EDGE_CURVE('',#1625,#1626,#1366,.T.);
#1073=EDGE_CURVE('',#1625,#1631,#1367,.T.);
#1074=EDGE_CURVE('',#1618,#1619,#1368,.T.);
#1075=EDGE_CURVE('',#1629,#1627,#1369,.T.);
#1076=EDGE_CURVE('',#1623,#1633,#1370,.T.);
#1077=EDGE_CURVE('',#1633,#1632,#1371,.T.);
#1078=EDGE_CURVE('',#1632,#1624,#1372,.T.);
#1079=EDGE_CURVE('',#1623,#1624,#1373,.T.);
#1080=EDGE_CURVE('',#1626,#1630,#1374,.T.);
#1081=EDGE_CURVE('',#1630,#1629,#1375,.T.);
#1082=EDGE_CURVE('',#1629,#1618,#1376,.T.);
#1083=EDGE_CURVE('',#1626,#1618,#1377,.T.);
#1084=EDGE_CURVE('',#1644,#1645,#1378,.T.);
#1085=EDGE_CURVE('',#1635,#1621,#1379,.T.);
#1086=EDGE_CURVE('',#1569,#1568,#1380,.T.);
#1087=EDGE_CURVE('',#1638,#1644,#1381,.T.);
#1088=EDGE_CURVE('',#1568,#1644,#1382,.T.);
#1089=EDGE_CURVE('',#1645,#1567,#1383,.T.);
#1090=EDGE_CURVE('',#1567,#1566,#1384,.T.);
#1091=EDGE_CURVE('',#1645,#1639,#1385,.T.);
#1092=EDGE_CURVE('',#1646,#1647,#1386,.T.);
#1093=EDGE_CURVE('',#1549,#1548,#1387,.T.);
#1094=EDGE_CURVE('',#1640,#1646,#1388,.T.);
#1095=EDGE_CURVE('',#1548,#1646,#1389,.T.);
#1096=EDGE_CURVE('',#1647,#1547,#1390,.T.);
#1097=EDGE_CURVE('',#1547,#1546,#1391,.T.);
#1098=EDGE_CURVE('',#1647,#1641,#1392,.T.);
#1099=EDGE_CURVE('',#1648,#1649,#1393,.T.);
#1100=EDGE_CURVE('',#1600,#1611,#1394,.T.);
#1101=EDGE_CURVE('',#1529,#1528,#1395,.T.);
#1102=EDGE_CURVE('',#1642,#1648,#1396,.T.);
#1103=EDGE_CURVE('',#1528,#1648,#1397,.T.);
#1104=EDGE_CURVE('',#1649,#1527,#1398,.T.);
#1105=EDGE_CURVE('',#1527,#1526,#1399,.T.);
#1106=EDGE_CURVE('',#1649,#1643,#1400,.T.);
#1107=EDGE_CURVE('',#1650,#1651,#1401,.T.);
#1108=EDGE_CURVE('',#1510,#1509,#1402,.T.);
#1109=EDGE_CURVE('',#1637,#1650,#1403,.T.);
#1110=EDGE_CURVE('',#1509,#1650,#1404,.T.);
#1111=EDGE_CURVE('',#1651,#1508,#1405,.T.);
#1112=EDGE_CURVE('',#1508,#1507,#1406,.T.);
#1113=EDGE_CURVE('',#1651,#1636,#1407,.T.);
#1114=EDGE_CURVE('',#1652,#1653,#1408,.T.);
#1115=EDGE_CURVE('',#1653,#1654,#1409,.T.);
#1116=EDGE_CURVE('',#1654,#1655,#1410,.T.);
#1117=EDGE_CURVE('',#1655,#1652,#1411,.T.);
#1118=EDGE_CURVE('',#1656,#1657,#1412,.T.);
#1119=EDGE_CURVE('',#1658,#1656,#1413,.T.);
#1120=EDGE_CURVE('',#1659,#1658,#1414,.T.);
#1121=EDGE_CURVE('',#1657,#1659,#1415,.T.);
#1122=EDGE_CURVE('',#1660,#1661,#1416,.T.);
#1123=EDGE_CURVE('',#1662,#1660,#1417,.T.);
#1124=EDGE_CURVE('',#1663,#1662,#1418,.T.);
#1125=EDGE_CURVE('',#1661,#1663,#1419,.T.);
#1126=EDGE_CURVE('',#1664,#1665,#1420,.T.);
#1127=EDGE_CURVE('',#1665,#1666,#1421,.T.);
#1128=EDGE_CURVE('',#1666,#1667,#1422,.T.);
#1129=EDGE_CURVE('',#1667,#1664,#1423,.T.);
#1130=EDGE_CURVE('',#1668,#1669,#1424,.T.);
#1131=EDGE_CURVE('',#1670,#1668,#1425,.T.);
#1132=EDGE_CURVE('',#1671,#1670,#1426,.T.);
#1133=EDGE_CURVE('',#1669,#1671,#1427,.T.);
#1134=EDGE_CURVE('',#1672,#1673,#1428,.T.);
#1135=EDGE_CURVE('',#1674,#1672,#1429,.T.);
#1136=EDGE_CURVE('',#1675,#1674,#1430,.T.);
#1137=EDGE_CURVE('',#1673,#1675,#1431,.T.);
#1138=EDGE_CURVE('',#1676,#1677,#1432,.T.);
#1139=EDGE_CURVE('',#1677,#1678,#1433,.T.);
#1140=EDGE_CURVE('',#1678,#1679,#1434,.T.);
#1141=EDGE_CURVE('',#1679,#1676,#1435,.T.);
#1142=EDGE_CURVE('',#1680,#1681,#1436,.T.);
#1143=EDGE_CURVE('',#1682,#1680,#1437,.T.);
#1144=EDGE_CURVE('',#1683,#1682,#1438,.T.);
#1145=EDGE_CURVE('',#1681,#1683,#1439,.T.);
#1146=EDGE_CURVE('',#1684,#1685,#1440,.T.);
#1147=EDGE_CURVE('',#1686,#1684,#1441,.T.);
#1148=EDGE_CURVE('',#1687,#1686,#1442,.T.);
#1149=EDGE_CURVE('',#1685,#1687,#1443,.T.);
#1150=EDGE_CURVE('',#1688,#1689,#1444,.T.);
#1151=EDGE_CURVE('',#1689,#1690,#1445,.T.);
#1152=EDGE_CURVE('',#1690,#1691,#1446,.T.);
#1153=EDGE_CURVE('',#1691,#1688,#1447,.T.);
#1154=EDGE_CURVE('',#1692,#1693,#1448,.T.);
#1155=EDGE_CURVE('',#1694,#1692,#1449,.T.);
#1156=EDGE_CURVE('',#1695,#1694,#1450,.T.);
#1157=EDGE_CURVE('',#1693,#1695,#1451,.T.);
#1158=EDGE_CURVE('',#1696,#1697,#1452,.T.);
#1159=EDGE_CURVE('',#1698,#1696,#1453,.T.);
#1160=EDGE_CURVE('',#1699,#1698,#1454,.T.);
#1161=EDGE_CURVE('',#1697,#1699,#1455,.T.);
#1162=EDGE_CURVE('',#1663,#1520,#1456,.T.);
#1163=EDGE_CURVE('',#1521,#1662,#1457,.T.);
#1164=EDGE_CURVE('',#1656,#1519,#1458,.T.);
#1165=EDGE_CURVE('',#1658,#1518,#1459,.T.);
#1166=EDGE_CURVE('',#1653,#1659,#1460,.T.);
#1167=EDGE_CURVE('',#1655,#1516,#1461,.T.);
#1168=EDGE_CURVE('',#1517,#1654,#1462,.T.);
#1169=EDGE_CURVE('',#1514,#1542,#1463,.T.);
#1170=EDGE_CURVE('',#1513,#1543,#1464,.T.);
#1171=EDGE_CURVE('',#1699,#1539,#1465,.T.);
#1172=EDGE_CURVE('',#1540,#1698,#1466,.T.);
#1173=EDGE_CURVE('',#1692,#1538,#1467,.T.);
#1174=EDGE_CURVE('',#1694,#1537,#1468,.T.);
#1175=EDGE_CURVE('',#1689,#1695,#1469,.T.);
#1176=EDGE_CURVE('',#1691,#1535,#1470,.T.);
#1177=EDGE_CURVE('',#1536,#1690,#1471,.T.);
#1178=EDGE_CURVE('',#1533,#1562,#1472,.T.);
#1179=EDGE_CURVE('',#1532,#1563,#1473,.T.);
#1180=EDGE_CURVE('',#1684,#1561,#1474,.T.);
#1181=EDGE_CURVE('',#1560,#1686,#1475,.T.);
#1182=EDGE_CURVE('',#1687,#1559,#1476,.T.);
#1183=EDGE_CURVE('',#1685,#1681,#1477,.T.);
#1184=EDGE_CURVE('',#1680,#1558,#1478,.T.);
#1185=EDGE_CURVE('',#1682,#1557,#1479,.T.);
#1186=EDGE_CURVE('',#1677,#1683,#1480,.T.);
#1187=EDGE_CURVE('',#1556,#1678,#1481,.T.);
#1188=EDGE_CURVE('',#1679,#1555,#1482,.T.);
#1189=EDGE_CURVE('',#1676,#1554,#1483,.T.);
#1190=EDGE_CURVE('',#1553,#1582,#1484,.T.);
#1191=EDGE_CURVE('',#1552,#1583,#1485,.T.);
#1192=EDGE_CURVE('',#1672,#1581,#1486,.T.);
#1193=EDGE_CURVE('',#1580,#1674,#1487,.T.);
#1194=EDGE_CURVE('',#1675,#1579,#1488,.T.);
#1195=EDGE_CURVE('',#1673,#1669,#1489,.T.);
#1196=EDGE_CURVE('',#1668,#1578,#1490,.T.);
#1197=EDGE_CURVE('',#1670,#1577,#1491,.T.);
#1198=EDGE_CURVE('',#1665,#1671,#1492,.T.);
#1199=EDGE_CURVE('',#1576,#1666,#1493,.T.);
#1200=EDGE_CURVE('',#1667,#1575,#1494,.T.);
#1201=EDGE_CURVE('',#1664,#1574,#1495,.T.);
#1202=EDGE_CURVE('',#1573,#1523,#1496,.T.);
#1203=EDGE_CURVE('',#1572,#1505,#1497,.T.);
#1204=EDGE_CURVE('',#1541,#1696,#1498,.T.);
#1205=EDGE_CURVE('',#1697,#1693,#1499,.T.);
#1206=EDGE_CURVE('',#1688,#1534,#1500,.T.);
#1207=EDGE_CURVE('',#1522,#1660,#1501,.T.);
#1208=EDGE_CURVE('',#1661,#1657,#1502,.T.);
#1209=EDGE_CURVE('',#1652,#1515,#1503,.T.);
#1210=B_SPLINE_CURVE_WITH_KNOTS('',1,(#2322,#2323),.UNSPECIFIED.,.F.,.F.,
(2,2),(-0.0070357864376269,0.),.UNSPECIFIED.);
#1211=B_SPLINE_CURVE_WITH_KNOTS('',1,(#2324,#2325),.UNSPECIFIED.,.F.,.F.,
(2,2),(0.,0.013),.UNSPECIFIED.);
#1212=B_SPLINE_CURVE_WITH_KNOTS('',1,(#2326,#2327),.UNSPECIFIED.,.F.,.F.,
(2,2),(-0.0101715728752538,0.),.UNSPECIFIED.);
#1213=B_SPLINE_CURVE_WITH_KNOTS('',1,(#2328,#2329),.UNSPECIFIED.,.F.,.F.,
(2,2),(-0.03,0.),.UNSPECIFIED.);
#1214=B_SPLINE_CURVE_WITH_KNOTS('',1,(#2330,#2331),.UNSPECIFIED.,.F.,.F.,
(2,2),(-0.0101715728752538,0.),.UNSPECIFIED.);
#1215=B_SPLINE_CURVE_WITH_KNOTS('',1,(#2332,#2333),.UNSPECIFIED.,.F.,.F.,
(2,2),(0.,0.013),.UNSPECIFIED.);
#1216=B_SPLINE_CURVE_WITH_KNOTS('',1,(#2334,#2335),.UNSPECIFIED.,.F.,.F.,
(2,2),(-0.0070357864376269,0.),.UNSPECIFIED.);
#1217=B_SPLINE_CURVE_WITH_KNOTS('',1,(#2336,#2337),.UNSPECIFIED.,.F.,.F.,
(2,2),(-0.003,0.),.UNSPECIFIED.);
#1218=B_SPLINE_CURVE_WITH_KNOTS('',1,(#2338,#2339),.UNSPECIFIED.,.F.,.F.,
(2,2),(-0.0040357864376269,0.),.UNSPECIFIED.);
#1219=B_SPLINE_CURVE_WITH_KNOTS('',1,(#2340,#2341),.UNSPECIFIED.,.F.,.F.,
(2,2),(0.,0.003),.UNSPECIFIED.);
#1220=B_SPLINE_CURVE_WITH_KNOTS('',1,(#2342,#2343),.UNSPECIFIED.,.F.,.F.,
(2,2),(-0.003,0.),.UNSPECIFIED.);
#1221=B_SPLINE_CURVE_WITH_KNOTS('',1,(#2344,#2345),.UNSPECIFIED.,.F.,.F.,
(2,2),(-4.53034206600311E-07,0.),.UNSPECIFIED.);
#1222=B_SPLINE_CURVE_WITH_KNOTS('',1,(#2346,#2347),.UNSPECIFIED.,.F.,.F.,
(2,2),(-0.0322,0.),.UNSPECIFIED.);
#1223=B_SPLINE_CURVE_WITH_KNOTS('',1,(#2348,#2349),.UNSPECIFIED.,.F.,.F.,
(2,2),(0.,4.53034206600311E-07),.UNSPECIFIED.);
#1224=B_SPLINE_CURVE_WITH_KNOTS('',1,(#2350,#2351),.UNSPECIFIED.,.F.,.F.,
(2,2),(-0.003,0.),.UNSPECIFIED.);
#1225=B_SPLINE_CURVE_WITH_KNOTS('',1,(#2352,#2353),.UNSPECIFIED.,.F.,.F.,
(2,2),(-0.003,0.),.UNSPECIFIED.);
#1226=B_SPLINE_CURVE_WITH_KNOTS('',1,(#2354,#2355),.UNSPECIFIED.,.F.,.F.,
(2,2),(-0.0040357864376269,0.),.UNSPECIFIED.);
#1227=B_SPLINE_CURVE_WITH_KNOTS('',1,(#2356,#2357),.UNSPECIFIED.,.F.,.F.,
(2,2),(0.,0.003),.UNSPECIFIED.);
#1228=B_SPLINE_CURVE_WITH_KNOTS('',1,(#2358,#2359),.UNSPECIFIED.,.F.,.F.,
(2,2),(-0.013,0.),.UNSPECIFIED.);
#1229=B_SPLINE_CURVE_WITH_KNOTS('',1,(#2360,#2361),.UNSPECIFIED.,.F.,.F.,
(2,2),(-0.0101715728752538,0.),.UNSPECIFIED.);
#1230=B_SPLINE_CURVE_WITH_KNOTS('',1,(#2362,#2363),.UNSPECIFIED.,.F.,.F.,
(2,2),(-0.03,0.),.UNSPECIFIED.);
#1231=B_SPLINE_CURVE_WITH_KNOTS('',1,(#2364,#2365),.UNSPECIFIED.,.F.,.F.,
(2,2),(-0.0101715728752538,0.),.UNSPECIFIED.);
#1232=B_SPLINE_CURVE_WITH_KNOTS('',1,(#2366,#2367),.UNSPECIFIED.,.F.,.F.,
(2,2),(0.,0.013),.UNSPECIFIED.);
#1233=B_SPLINE_CURVE_WITH_KNOTS('',1,(#2368,#2369),.UNSPECIFIED.,.F.,.F.,
(2,2),(-0.0070357864376269,0.),.UNSPECIFIED.);
#1234=B_SPLINE_CURVE_WITH_KNOTS('',1,(#2370,#2371),.UNSPECIFIED.,.F.,.F.,
(2,2),(-0.003,0.),.UNSPECIFIED.);
#1235=B_SPLINE_CURVE_WITH_KNOTS('',1,(#2372,#2373),.UNSPECIFIED.,.F.,.F.,
(2,2),(-0.0040357864376269,0.),.UNSPECIFIED.);
#1236=B_SPLINE_CURVE_WITH_KNOTS('',1,(#2374,#2375),.UNSPECIFIED.,.F.,.F.,
(2,2),(0.,0.003),.UNSPECIFIED.);
#1237=B_SPLINE_CURVE_WITH_KNOTS('',1,(#2376,#2377),.UNSPECIFIED.,.F.,.F.,
(2,2),(-0.003,0.),.UNSPECIFIED.);
#1238=B_SPLINE_CURVE_WITH_KNOTS('',1,(#2378,#2379),.UNSPECIFIED.,.F.,.F.,
(2,2),(-4.53034206600311E-07,0.),.UNSPECIFIED.);
#1239=B_SPLINE_CURVE_WITH_KNOTS('',1,(#2380,#2381),.UNSPECIFIED.,.F.,.F.,
(2,2),(-0.0322,0.),.UNSPECIFIED.);
#1240=B_SPLINE_CURVE_WITH_KNOTS('',1,(#2382,#2383),.UNSPECIFIED.,.F.,.F.,
(2,2),(0.,4.53034206600311E-07),.UNSPECIFIED.);
#1241=B_SPLINE_CURVE_WITH_KNOTS('',1,(#2384,#2385),.UNSPECIFIED.,.F.,.F.,
(2,2),(-0.003,0.),.UNSPECIFIED.);
#1242=B_SPLINE_CURVE_WITH_KNOTS('',1,(#2386,#2387),.UNSPECIFIED.,.F.,.F.,
(2,2),(-0.003,0.),.UNSPECIFIED.);
#1243=B_SPLINE_CURVE_WITH_KNOTS('',1,(#2388,#2389),.UNSPECIFIED.,.F.,.F.,
(2,2),(-0.0040357864376269,0.),.UNSPECIFIED.);
#1244=B_SPLINE_CURVE_WITH_KNOTS('',1,(#2390,#2391),.UNSPECIFIED.,.F.,.F.,
(2,2),(0.,0.003),.UNSPECIFIED.);
#1245=B_SPLINE_CURVE_WITH_KNOTS('',1,(#2392,#2393),.UNSPECIFIED.,.F.,.F.,
(2,2),(-0.0070357864376269,0.),.UNSPECIFIED.);
#1246=B_SPLINE_CURVE_WITH_KNOTS('',1,(#2394,#2395),.UNSPECIFIED.,.F.,.F.,
(2,2),(-0.013,0.),.UNSPECIFIED.);
#1247=B_SPLINE_CURVE_WITH_KNOTS('',1,(#2396,#2397),.UNSPECIFIED.,.F.,.F.,
(2,2),(-0.0101715728752538,0.),.UNSPECIFIED.);
#1248=B_SPLINE_CURVE_WITH_KNOTS('',1,(#2398,#2399),.UNSPECIFIED.,.F.,.F.,
(2,2),(-0.03,0.),.UNSPECIFIED.);
#1249=B_SPLINE_CURVE_WITH_KNOTS('',1,(#2400,#2401),.UNSPECIFIED.,.F.,.F.,
(2,2),(-0.0101715728752538,0.),.UNSPECIFIED.);
#1250=B_SPLINE_CURVE_WITH_KNOTS('',1,(#2402,#2403),.UNSPECIFIED.,.F.,.F.,
(2,2),(0.,0.013),.UNSPECIFIED.);
#1251=B_SPLINE_CURVE_WITH_KNOTS('',1,(#2404,#2405),.UNSPECIFIED.,.F.,.F.,
(2,2),(-0.0070357864376269,0.),.UNSPECIFIED.);
#1252=B_SPLINE_CURVE_WITH_KNOTS('',1,(#2406,#2407),.UNSPECIFIED.,.F.,.F.,
(2,2),(-0.003,0.),.UNSPECIFIED.);
#1253=B_SPLINE_CURVE_WITH_KNOTS('',1,(#2408,#2409),.UNSPECIFIED.,.F.,.F.,
(2,2),(-0.0040357864376269,0.),.UNSPECIFIED.);
#1254=B_SPLINE_CURVE_WITH_KNOTS('',1,(#2410,#2411),.UNSPECIFIED.,.F.,.F.,
(2,2),(0.,0.003),.UNSPECIFIED.);
#1255=B_SPLINE_CURVE_WITH_KNOTS('',1,(#2412,#2413),.UNSPECIFIED.,.F.,.F.,
(2,2),(-0.003,0.),.UNSPECIFIED.);
#1256=B_SPLINE_CURVE_WITH_KNOTS('',1,(#2414,#2415),.UNSPECIFIED.,.F.,.F.,
(2,2),(-4.53034206600311E-07,0.),.UNSPECIFIED.);
#1257=B_SPLINE_CURVE_WITH_KNOTS('',1,(#2416,#2417),.UNSPECIFIED.,.F.,.F.,
(2,2),(-0.0322,0.),.UNSPECIFIED.);
#1258=B_SPLINE_CURVE_WITH_KNOTS('',1,(#2418,#2419),.UNSPECIFIED.,.F.,.F.,
(2,2),(0.,4.53034206700925E-07),.UNSPECIFIED.);
#1259=B_SPLINE_CURVE_WITH_KNOTS('',1,(#2420,#2421),.UNSPECIFIED.,.F.,.F.,
(2,2),(-0.003,0.),.UNSPECIFIED.);
#1260=B_SPLINE_CURVE_WITH_KNOTS('',1,(#2422,#2423),.UNSPECIFIED.,.F.,.F.,
(2,2),(-0.003,0.),.UNSPECIFIED.);
#1261=B_SPLINE_CURVE_WITH_KNOTS('',1,(#2424,#2425),.UNSPECIFIED.,.F.,.F.,
(2,2),(-0.0040357864376269,0.),.UNSPECIFIED.);
#1262=B_SPLINE_CURVE_WITH_KNOTS('',1,(#2426,#2427),.UNSPECIFIED.,.F.,.F.,
(2,2),(0.,0.003),.UNSPECIFIED.);
#1263=B_SPLINE_CURVE_WITH_KNOTS('',1,(#2428,#2429),.UNSPECIFIED.,.F.,.F.,
(2,2),(-0.0070357864376269,0.),.UNSPECIFIED.);
#1264=B_SPLINE_CURVE_WITH_KNOTS('',1,(#2430,#2431),.UNSPECIFIED.,.F.,.F.,
(2,2),(-0.013,0.),.UNSPECIFIED.);
#1265=B_SPLINE_CURVE_WITH_KNOTS('',1,(#2432,#2433),.UNSPECIFIED.,.F.,.F.,
(2,2),(-0.0101715728752538,0.),.UNSPECIFIED.);
#1266=B_SPLINE_CURVE_WITH_KNOTS('',1,(#2434,#2435),.UNSPECIFIED.,.F.,.F.,
(2,2),(-0.03,0.),.UNSPECIFIED.);
#1267=B_SPLINE_CURVE_WITH_KNOTS('',1,(#2436,#2437),.UNSPECIFIED.,.F.,.F.,
(2,2),(-0.0101715728752538,0.),.UNSPECIFIED.);
#1268=B_SPLINE_CURVE_WITH_KNOTS('',1,(#2438,#2439),.UNSPECIFIED.,.F.,.F.,
(2,2),(-0.013,0.),.UNSPECIFIED.);
#1269=B_SPLINE_CURVE_WITH_KNOTS('',1,(#2440,#2441),.UNSPECIFIED.,.F.,.F.,
(2,2),(-0.0070357864376269,0.),.UNSPECIFIED.);
#1270=B_SPLINE_CURVE_WITH_KNOTS('',1,(#2442,#2443),.UNSPECIFIED.,.F.,.F.,
(2,2),(-0.003,0.),.UNSPECIFIED.);
#1271=B_SPLINE_CURVE_WITH_KNOTS('',1,(#2444,#2445),.UNSPECIFIED.,.F.,.F.,
(2,2),(-0.0040357864376269,0.),.UNSPECIFIED.);
#1272=B_SPLINE_CURVE_WITH_KNOTS('',1,(#2446,#2447),.UNSPECIFIED.,.F.,.F.,
(2,2),(0.,0.003),.UNSPECIFIED.);
#1273=B_SPLINE_CURVE_WITH_KNOTS('',1,(#2448,#2449),.UNSPECIFIED.,.F.,.F.,
(2,2),(-0.003,0.),.UNSPECIFIED.);
#1274=B_SPLINE_CURVE_WITH_KNOTS('',1,(#2450,#2451),.UNSPECIFIED.,.F.,.F.,
(2,2),(-4.53034206600311E-07,0.),.UNSPECIFIED.);
#1275=B_SPLINE_CURVE_WITH_KNOTS('',1,(#2452,#2453),.UNSPECIFIED.,.F.,.F.,
(2,2),(-0.0322,0.),.UNSPECIFIED.);
#1276=B_SPLINE_CURVE_WITH_KNOTS('',1,(#2454,#2455),.UNSPECIFIED.,.F.,.F.,
(2,2),(0.,4.53034206600311E-07),.UNSPECIFIED.);
#1277=B_SPLINE_CURVE_WITH_KNOTS('',1,(#2456,#2457),.UNSPECIFIED.,.F.,.F.,
(2,2),(-0.003,0.),.UNSPECIFIED.);
#1278=B_SPLINE_CURVE_WITH_KNOTS('',1,(#2458,#2459),.UNSPECIFIED.,.F.,.F.,
(2,2),(-0.003,0.),.UNSPECIFIED.);
#1279=B_SPLINE_CURVE_WITH_KNOTS('',1,(#2460,#2461),.UNSPECIFIED.,.F.,.F.,
(2,2),(-0.0040357864376269,0.),.UNSPECIFIED.);
#1280=B_SPLINE_CURVE_WITH_KNOTS('',1,(#2462,#2463),.UNSPECIFIED.,.F.,.F.,
(2,2),(0.,0.003),.UNSPECIFIED.);
#1281=B_SPLINE_CURVE_WITH_KNOTS('',1,(#2464,#2465),.UNSPECIFIED.,.F.,.F.,
(2,2),(-0.0070357864376269,0.),.UNSPECIFIED.);
#1282=B_SPLINE_CURVE_WITH_KNOTS('',1,(#2466,#2467),.UNSPECIFIED.,.F.,.F.,
(2,2),(0.,0.062),.UNSPECIFIED.);
#1283=B_SPLINE_CURVE_WITH_KNOTS('',1,(#2468,#2469),.UNSPECIFIED.,.F.,.F.,
(2,2),(-0.016,0.),.UNSPECIFIED.);
#1284=B_SPLINE_CURVE_WITH_KNOTS('',1,(#2470,#2471),.UNSPECIFIED.,.F.,.F.,
(2,2),(0.,0.062),.UNSPECIFIED.);
#1285=B_SPLINE_CURVE_WITH_KNOTS('',1,(#2472,#2473),.UNSPECIFIED.,.F.,.F.,
(2,2),(-0.016,0.),.UNSPECIFIED.);
#1286=B_SPLINE_CURVE_WITH_KNOTS('',1,(#2474,#2475),.UNSPECIFIED.,.F.,.F.,
(2,2),(0.,0.016),.UNSPECIFIED.);
#1287=B_SPLINE_CURVE_WITH_KNOTS('',1,(#2476,#2477),.UNSPECIFIED.,.F.,.F.,
(2,2),(-0.00707106781186547,0.),.UNSPECIFIED.);
#1288=B_SPLINE_CURVE_WITH_KNOTS('',1,(#2478,#2479),.UNSPECIFIED.,.F.,.F.,
(2,2),(0.,0.00707106781186547),.UNSPECIFIED.);
#1289=B_SPLINE_CURVE_WITH_KNOTS('',1,(#2480,#2481),.UNSPECIFIED.,.F.,.F.,
(2,2),(0.,0.062),.UNSPECIFIED.);
#1290=B_SPLINE_CURVE_WITH_KNOTS('',1,(#2482,#2483),.UNSPECIFIED.,.F.,.F.,
(2,2),(-0.016,0.),.UNSPECIFIED.);
#1291=B_SPLINE_CURVE_WITH_KNOTS('',1,(#2484,#2485),.UNSPECIFIED.,.F.,.F.,
(2,2),(0.,0.062),.UNSPECIFIED.);
#1292=B_SPLINE_CURVE_WITH_KNOTS('',1,(#2486,#2487),.UNSPECIFIED.,.F.,.F.,
(2,2),(0.,0.016),.UNSPECIFIED.);
#1293=B_SPLINE_CURVE_WITH_KNOTS('',1,(#2488,#2489),.UNSPECIFIED.,.F.,.F.,
(2,2),(0.,0.00707106781186547),.UNSPECIFIED.);
#1294=B_SPLINE_CURVE_WITH_KNOTS('',1,(#2490,#2491),.UNSPECIFIED.,.F.,.F.,
(2,2),(0.,0.00707106781186547),.UNSPECIFIED.);
#1295=B_SPLINE_CURVE_WITH_KNOTS('',1,(#2492,#2493),.UNSPECIFIED.,.F.,.F.,
(2,2),(0.,0.062),.UNSPECIFIED.);
#1296=B_SPLINE_CURVE_WITH_KNOTS('',1,(#2494,#2495),.UNSPECIFIED.,.F.,.F.,
(2,2),(-0.016,0.),.UNSPECIFIED.);
#1297=B_SPLINE_CURVE_WITH_KNOTS('',1,(#2496,#2497),.UNSPECIFIED.,.F.,.F.,
(2,2),(0.,0.062),.UNSPECIFIED.);
#1298=B_SPLINE_CURVE_WITH_KNOTS('',1,(#2498,#2499),.UNSPECIFIED.,.F.,.F.,
(2,2),(0.,0.016),.UNSPECIFIED.);
#1299=B_SPLINE_CURVE_WITH_KNOTS('',1,(#2500,#2501),.UNSPECIFIED.,.F.,.F.,
(2,2),(-0.00707106781186547,0.),.UNSPECIFIED.);
#1300=B_SPLINE_CURVE_WITH_KNOTS('',1,(#2502,#2503),.UNSPECIFIED.,.F.,.F.,
(2,2),(0.,0.00707106781186547),.UNSPECIFIED.);
#1301=B_SPLINE_CURVE_WITH_KNOTS('',1,(#2504,#2505),.UNSPECIFIED.,.F.,.F.,
(2,2),(0.,0.062),.UNSPECIFIED.);
#1302=B_SPLINE_CURVE_WITH_KNOTS('',1,(#2506,#2507),.UNSPECIFIED.,.F.,.F.,
(2,2),(-0.016,0.),.UNSPECIFIED.);
#1303=B_SPLINE_CURVE_WITH_KNOTS('',1,(#2508,#2509),.UNSPECIFIED.,.F.,.F.,
(2,2),(0.,0.062),.UNSPECIFIED.);
#1304=B_SPLINE_CURVE_WITH_KNOTS('',1,(#2510,#2511),.UNSPECIFIED.,.F.,.F.,
(2,2),(0.,0.00707106781186547),.UNSPECIFIED.);
#1305=B_SPLINE_CURVE_WITH_KNOTS('',1,(#2512,#2513),.UNSPECIFIED.,.F.,.F.,
(2,2),(-0.00707106781186547,0.),.UNSPECIFIED.);
#1306=B_SPLINE_CURVE_WITH_KNOTS('',1,(#2514,#2515),.UNSPECIFIED.,.F.,.F.,
(2,2),(0.,0.00541421356237311),.UNSPECIFIED.);
#1307=B_SPLINE_CURVE_WITH_KNOTS('',1,(#2516,#2517),.UNSPECIFIED.,.F.,.F.,
(2,2),(0.,0.00541421356237311),.UNSPECIFIED.);
#1308=B_SPLINE_CURVE_WITH_KNOTS('',1,(#2518,#2519),.UNSPECIFIED.,.F.,.F.,
(2,2),(0.,0.00541421356237311),.UNSPECIFIED.);
#1309=B_SPLINE_CURVE_WITH_KNOTS('',1,(#2520,#2521),.UNSPECIFIED.,.F.,.F.,
(2,2),(0.,0.00541421356237311),.UNSPECIFIED.);
#1310=B_SPLINE_CURVE_WITH_KNOTS('',1,(#2522,#2523),.UNSPECIFIED.,.F.,.F.,
(2,2),(0.,0.00541421356237311),.UNSPECIFIED.);
#1311=B_SPLINE_CURVE_WITH_KNOTS('',1,(#2524,#2525),.UNSPECIFIED.,.F.,.F.,
(2,2),(0.,0.00541421356237311),.UNSPECIFIED.);
#1312=B_SPLINE_CURVE_WITH_KNOTS('',1,(#2526,#2527),.UNSPECIFIED.,.F.,.F.,
(2,2),(0.,0.00541421356237311),.UNSPECIFIED.);
#1313=B_SPLINE_CURVE_WITH_KNOTS('',1,(#2528,#2529),.UNSPECIFIED.,.F.,.F.,
(2,2),(0.,0.00541421356237311),.UNSPECIFIED.);
#1314=B_SPLINE_CURVE_WITH_KNOTS('',1,(#2530,#2531),.UNSPECIFIED.,.F.,.F.,
(2,2),(-0.00142842712474608,0.),.UNSPECIFIED.);
#1315=B_SPLINE_CURVE_WITH_KNOTS('',1,(#2532,#2533),.UNSPECIFIED.,.F.,.F.,
(2,2),(0.,0.00140000000000001),.UNSPECIFIED.);
#1316=B_SPLINE_CURVE_WITH_KNOTS('',1,(#2534,#2535),.UNSPECIFIED.,.F.,.F.,
(2,2),(-0.0026284271247457,0.),.UNSPECIFIED.);
#1317=B_SPLINE_CURVE_WITH_KNOTS('',1,(#2536,#2537),.UNSPECIFIED.,.F.,.F.,
(2,2),(-0.00141421356237304,0.),.UNSPECIFIED.);
#1318=B_SPLINE_CURVE_WITH_KNOTS('',1,(#2538,#2539),.UNSPECIFIED.,.F.,.F.,
(2,2),(0.,0.00140000000000001),.UNSPECIFIED.);
#1319=B_SPLINE_CURVE_WITH_KNOTS('',1,(#2540,#2541),.UNSPECIFIED.,.F.,.F.,
(2,2),(-0.00142842712474608,0.),.UNSPECIFIED.);
#1320=B_SPLINE_CURVE_WITH_KNOTS('',1,(#2542,#2543),.UNSPECIFIED.,.F.,.F.,
(2,2),(0.,0.00141421356237308),.UNSPECIFIED.);
#1321=B_SPLINE_CURVE_WITH_KNOTS('',1,(#2544,#2545),.UNSPECIFIED.,.F.,.F.,
(2,2),(0.,0.0026284271247457),.UNSPECIFIED.);
#1322=B_SPLINE_CURVE_WITH_KNOTS('',1,(#2546,#2547),.UNSPECIFIED.,.F.,.F.,
(2,2),(0.,0.00140000000000001),.UNSPECIFIED.);
#1323=B_SPLINE_CURVE_WITH_KNOTS('',1,(#2548,#2549),.UNSPECIFIED.,.F.,.F.,
(2,2),(-0.00142842712474608,0.),.UNSPECIFIED.);
#1324=B_SPLINE_CURVE_WITH_KNOTS('',1,(#2550,#2551),.UNSPECIFIED.,.F.,.F.,
(2,2),(-0.00141421356237308,0.),.UNSPECIFIED.);
#1325=B_SPLINE_CURVE_WITH_KNOTS('',1,(#2552,#2553),.UNSPECIFIED.,.F.,.F.,
(2,2),(0.,0.0026284271247457),.UNSPECIFIED.);
#1326=B_SPLINE_CURVE_WITH_KNOTS('',1,(#2554,#2555),.UNSPECIFIED.,.F.,.F.,
(2,2),(0.,0.00140000000000001),.UNSPECIFIED.);
#1327=B_SPLINE_CURVE_WITH_KNOTS('',1,(#2556,#2557),.UNSPECIFIED.,.F.,.F.,
(2,2),(-0.0026284271247457,0.),.UNSPECIFIED.);
#1328=B_SPLINE_CURVE_WITH_KNOTS('',1,(#2558,#2559),.UNSPECIFIED.,.F.,.F.,
(2,2),(0.,0.00141421356237304),.UNSPECIFIED.);
#1329=B_SPLINE_CURVE_WITH_KNOTS('',1,(#2560,#2561),.UNSPECIFIED.,.F.,.F.,
(2,2),(-0.001428427124746,0.),.UNSPECIFIED.);
#1330=B_SPLINE_CURVE_WITH_KNOTS('',1,(#2562,#2563),.UNSPECIFIED.,.F.,.F.,
(2,2),(0.,0.0360402020253554),.UNSPECIFIED.);
#1331=B_SPLINE_CURVE_WITH_KNOTS('',1,(#2564,#2565),.UNSPECIFIED.,.F.,.F.,
(2,2),(-0.00242487113059641,0.),.UNSPECIFIED.);
#1332=B_SPLINE_CURVE_WITH_KNOTS('',1,(#2566,#2567),.UNSPECIFIED.,.F.,.F.,
(2,2),(0.,0.00242487113059641),.UNSPECIFIED.);
#1333=B_SPLINE_CURVE_WITH_KNOTS('',1,(#2568,#2569),.UNSPECIFIED.,.F.,.F.,
(2,2),(0.,0.0020201010126777),.UNSPECIFIED.);
#1334=B_SPLINE_CURVE_WITH_KNOTS('',1,(#2570,#2571),.UNSPECIFIED.,.F.,.F.,
(2,2),(0.,0.032),.UNSPECIFIED.);
#1335=B_SPLINE_CURVE_WITH_KNOTS('',1,(#2572,#2573),.UNSPECIFIED.,.F.,.F.,
(2,2),(0.,0.0020201010126777),.UNSPECIFIED.);
#1336=B_SPLINE_CURVE_WITH_KNOTS('',1,(#2574,#2575),.UNSPECIFIED.,.F.,.F.,
(2,2),(-0.00242487113059641,0.),.UNSPECIFIED.);
#1337=B_SPLINE_CURVE_WITH_KNOTS('',1,(#2576,#2577),.UNSPECIFIED.,.F.,.F.,
(2,2),(0.,0.00242487113059641),.UNSPECIFIED.);
#1338=B_SPLINE_CURVE_WITH_KNOTS('',1,(#2578,#2579),.UNSPECIFIED.,.F.,.F.,
(2,2),(0.,0.0360402020253554),.UNSPECIFIED.);
#1339=B_SPLINE_CURVE_WITH_KNOTS('',1,(#2580,#2581),.UNSPECIFIED.,.F.,.F.,
(2,2),(-0.00242487113059641,0.),.UNSPECIFIED.);
#1340=B_SPLINE_CURVE_WITH_KNOTS('',1,(#2582,#2583),.UNSPECIFIED.,.F.,.F.,
(2,2),(0.,0.00242487113059641),.UNSPECIFIED.);
#1341=B_SPLINE_CURVE_WITH_KNOTS('',1,(#2584,#2585),.UNSPECIFIED.,.F.,.F.,
(2,2),(0.,0.0020201010126777),.UNSPECIFIED.);
#1342=B_SPLINE_CURVE_WITH_KNOTS('',1,(#2586,#2587),.UNSPECIFIED.,.F.,.F.,
(2,2),(0.,0.032),.UNSPECIFIED.);
#1343=B_SPLINE_CURVE_WITH_KNOTS('',1,(#2588,#2589),.UNSPECIFIED.,.F.,.F.,
(2,2),(0.,0.0020201010126777),.UNSPECIFIED.);
#1344=B_SPLINE_CURVE_WITH_KNOTS('',1,(#2590,#2591),.UNSPECIFIED.,.F.,.F.,
(2,2),(-0.00242487113059641,0.),.UNSPECIFIED.);
#1345=B_SPLINE_CURVE_WITH_KNOTS('',1,(#2592,#2593),.UNSPECIFIED.,.F.,.F.,
(2,2),(0.,0.00242487113059641),.UNSPECIFIED.);
#1346=B_SPLINE_CURVE_WITH_KNOTS('',1,(#2594,#2595),.UNSPECIFIED.,.F.,.F.,
(2,2),(0.,0.032),.UNSPECIFIED.);
#1347=B_SPLINE_CURVE_WITH_KNOTS('',1,(#2596,#2597),.UNSPECIFIED.,.F.,.F.,
(2,2),(-0.0031414213562373,0.),.UNSPECIFIED.);
#1348=B_SPLINE_CURVE_WITH_KNOTS('',1,(#2598,#2599),.UNSPECIFIED.,.F.,.F.,
(2,2),(0.,0.00314142135623733),.UNSPECIFIED.);
#1349=B_SPLINE_CURVE_WITH_KNOTS('',1,(#2600,#2601),.UNSPECIFIED.,.F.,.F.,
(2,2),(0.,0.032),.UNSPECIFIED.);
#1350=B_SPLINE_CURVE_WITH_KNOTS('',1,(#2602,#2603),.UNSPECIFIED.,.F.,.F.,
(2,2),(0.,0.032),.UNSPECIFIED.);
#1351=B_SPLINE_CURVE_WITH_KNOTS('',1,(#2604,#2605),.UNSPECIFIED.,.F.,.F.,
(2,2),(-0.0011213203435604,0.),.UNSPECIFIED.);
#1352=B_SPLINE_CURVE_WITH_KNOTS('',1,(#2606,#2607),.UNSPECIFIED.,.F.,.F.,
(2,2),(-0.032,0.),.UNSPECIFIED.);
#1353=B_SPLINE_CURVE_WITH_KNOTS('',1,(#2608,#2609),.UNSPECIFIED.,.F.,.F.,
(2,2),(0.,0.0011213203435604),.UNSPECIFIED.);
#1354=B_SPLINE_CURVE_WITH_KNOTS('',1,(#2610,#2611),.UNSPECIFIED.,.F.,.F.,
(2,2),(0.,0.000153073372946079),.UNSPECIFIED.);
#1355=B_SPLINE_CURVE_WITH_KNOTS('',1,(#2612,#2613),.UNSPECIFIED.,.F.,.F.,
(2,2),(-0.000153073372946089,0.),.UNSPECIFIED.);
#1356=B_SPLINE_CURVE_WITH_KNOTS('',1,(#2614,#2615),.UNSPECIFIED.,.F.,.F.,
(2,2),(0.,0.032),.UNSPECIFIED.);
#1357=B_SPLINE_CURVE_WITH_KNOTS('',1,(#2616,#2617),.UNSPECIFIED.,.F.,.F.,
(2,2),(-0.00192132034355964,0.),.UNSPECIFIED.);
#1358=B_SPLINE_CURVE_WITH_KNOTS('',1,(#2618,#2619),.UNSPECIFIED.,.F.,.F.,
(2,2),(0.,0.032),.UNSPECIFIED.);
#1359=B_SPLINE_CURVE_WITH_KNOTS('',1,(#2620,#2621),.UNSPECIFIED.,.F.,.F.,
(2,2),(0.,0.00192132034355965),.UNSPECIFIED.);
#1360=B_SPLINE_CURVE_WITH_KNOTS('',1,(#2622,#2623),.UNSPECIFIED.,.F.,.F.,
(2,2),(0.,0.00212132034355964),.UNSPECIFIED.);
#1361=B_SPLINE_CURVE_WITH_KNOTS('',1,(#2624,#2625),.UNSPECIFIED.,.F.,.F.,
(2,2),(-0.00212132034355964,0.),.UNSPECIFIED.);
#1362=B_SPLINE_CURVE_WITH_KNOTS('',1,(#2626,#2627),.UNSPECIFIED.,.F.,.F.,
(2,2),(0.,0.00314142135623733),.UNSPECIFIED.);
#1363=B_SPLINE_CURVE_WITH_KNOTS('',1,(#2628,#2629),.UNSPECIFIED.,.F.,.F.,
(2,2),(-0.00314142135623735,0.),.UNSPECIFIED.);
#1364=B_SPLINE_CURVE_WITH_KNOTS('',1,(#2630,#2631),.UNSPECIFIED.,.F.,.F.,
(2,2),(0.,0.032),.UNSPECIFIED.);
#1365=B_SPLINE_CURVE_WITH_KNOTS('',1,(#2632,#2633),.UNSPECIFIED.,.F.,.F.,
(2,2),(0.,0.000153073372946089),.UNSPECIFIED.);
#1366=B_SPLINE_CURVE_WITH_KNOTS('',1,(#2634,#2635),.UNSPECIFIED.,.F.,.F.,
(2,2),(-0.000153073372946079,0.),.UNSPECIFIED.);
#1367=B_SPLINE_CURVE_WITH_KNOTS('',1,(#2636,#2637),.UNSPECIFIED.,.F.,.F.,
(2,2),(0.,0.032),.UNSPECIFIED.);
#1368=B_SPLINE_CURVE_WITH_KNOTS('',1,(#2638,#2639),.UNSPECIFIED.,.F.,.F.,
(2,2),(0.,0.00212132034355964),.UNSPECIFIED.);
#1369=B_SPLINE_CURVE_WITH_KNOTS('',1,(#2640,#2641),.UNSPECIFIED.,.F.,.F.,
(2,2),(-0.00212132034355964,0.),.UNSPECIFIED.);
#1370=B_SPLINE_CURVE_WITH_KNOTS('',1,(#2642,#2643),.UNSPECIFIED.,.F.,.F.,
(2,2),(-0.032,0.),.UNSPECIFIED.);
#1371=B_SPLINE_CURVE_WITH_KNOTS('',1,(#2644,#2645),.UNSPECIFIED.,.F.,.F.,
(2,2),(-0.0011213203435604,0.),.UNSPECIFIED.);
#1372=B_SPLINE_CURVE_WITH_KNOTS('',1,(#2646,#2647),.UNSPECIFIED.,.F.,.F.,
(2,2),(-0.032,0.),.UNSPECIFIED.);
#1373=B_SPLINE_CURVE_WITH_KNOTS('',1,(#2648,#2649),.UNSPECIFIED.,.F.,.F.,
(2,2),(0.,0.0011213203435604),.UNSPECIFIED.);
#1374=B_SPLINE_CURVE_WITH_KNOTS('',1,(#2650,#2651),.UNSPECIFIED.,.F.,.F.,
(2,2),(-0.032,0.),.UNSPECIFIED.);
#1375=B_SPLINE_CURVE_WITH_KNOTS('',1,(#2652,#2653),.UNSPECIFIED.,.F.,.F.,
(2,2),(-0.00192132034355964,0.),.UNSPECIFIED.);
#1376=B_SPLINE_CURVE_WITH_KNOTS('',1,(#2654,#2655),.UNSPECIFIED.,.F.,.F.,
(2,2),(0.,0.032),.UNSPECIFIED.);
#1377=B_SPLINE_CURVE_WITH_KNOTS('',1,(#2656,#2657),.UNSPECIFIED.,.F.,.F.,
(2,2),(0.,0.00192132034355965),.UNSPECIFIED.);
#1378=B_SPLINE_CURVE_WITH_KNOTS('',1,(#2658,#2659),.UNSPECIFIED.,.F.,.F.,
(2,2),(0.,0.0288402020253554),.UNSPECIFIED.);
#1379=B_SPLINE_CURVE_WITH_KNOTS('',1,(#2660,#2661),.UNSPECIFIED.,.F.,.F.,
(2,2),(0.,0.032),.UNSPECIFIED.);
#1380=B_SPLINE_CURVE_WITH_KNOTS('',1,(#2662,#2663),.UNSPECIFIED.,.F.,.F.,
(2,2),(-0.00707106781186548,0.),.UNSPECIFIED.);
#1381=B_SPLINE_CURVE_WITH_KNOTS('',1,(#2664,#2665),.UNSPECIFIED.,.F.,.F.,
(2,2),(0.,0.00509116882454314),.UNSPECIFIED.);
#1382=B_SPLINE_CURVE_WITH_KNOTS('',1,(#2666,#2667),.UNSPECIFIED.,.F.,.F.,
(2,2),(0.,0.00206307606149105),.UNSPECIFIED.);
#1383=B_SPLINE_CURVE_WITH_KNOTS('',1,(#2668,#2669),.UNSPECIFIED.,.F.,.F.,
(2,2),(0.,0.00206307606149105),.UNSPECIFIED.);
#1384=B_SPLINE_CURVE_WITH_KNOTS('',1,(#2670,#2671),.UNSPECIFIED.,.F.,.F.,
(2,2),(0.,0.00707106781186548),.UNSPECIFIED.);
#1385=B_SPLINE_CURVE_WITH_KNOTS('',1,(#2672,#2673),.UNSPECIFIED.,.F.,.F.,
(2,2),(0.,0.00509116882454314),.UNSPECIFIED.);
#1386=B_SPLINE_CURVE_WITH_KNOTS('',1,(#2674,#2675),.UNSPECIFIED.,.F.,.F.,
(2,2),(0.,0.0288402020253554),.UNSPECIFIED.);
#1387=B_SPLINE_CURVE_WITH_KNOTS('',1,(#2676,#2677),.UNSPECIFIED.,.F.,.F.,
(2,2),(-0.00707106781186548,0.),.UNSPECIFIED.);
#1388=B_SPLINE_CURVE_WITH_KNOTS('',1,(#2678,#2679),.UNSPECIFIED.,.F.,.F.,
(2,2),(0.,0.00509116882454314),.UNSPECIFIED.);
#1389=B_SPLINE_CURVE_WITH_KNOTS('',1,(#2680,#2681),.UNSPECIFIED.,.F.,.F.,
(2,2),(0.,0.00206307606149105),.UNSPECIFIED.);
#1390=B_SPLINE_CURVE_WITH_KNOTS('',1,(#2682,#2683),.UNSPECIFIED.,.F.,.F.,
(2,2),(0.,0.00206307606149105),.UNSPECIFIED.);
#1391=B_SPLINE_CURVE_WITH_KNOTS('',1,(#2684,#2685),.UNSPECIFIED.,.F.,.F.,
(2,2),(0.,0.00707106781186548),.UNSPECIFIED.);
#1392=B_SPLINE_CURVE_WITH_KNOTS('',1,(#2686,#2687),.UNSPECIFIED.,.F.,.F.,
(2,2),(0.,0.00509116882454314),.UNSPECIFIED.);
#1393=B_SPLINE_CURVE_WITH_KNOTS('',1,(#2688,#2689),.UNSPECIFIED.,.F.,.F.,
(2,2),(0.,0.0288402020253554),.UNSPECIFIED.);
#1394=B_SPLINE_CURVE_WITH_KNOTS('',1,(#2690,#2691),.UNSPECIFIED.,.F.,.F.,
(2,2),(-0.032,0.),.UNSPECIFIED.);
#1395=B_SPLINE_CURVE_WITH_KNOTS('',1,(#2692,#2693),.UNSPECIFIED.,.F.,.F.,
(2,2),(-0.00707106781186548,0.),.UNSPECIFIED.);
#1396=B_SPLINE_CURVE_WITH_KNOTS('',1,(#2694,#2695),.UNSPECIFIED.,.F.,.F.,
(2,2),(0.,0.00509116882454314),.UNSPECIFIED.);
#1397=B_SPLINE_CURVE_WITH_KNOTS('',1,(#2696,#2697),.UNSPECIFIED.,.F.,.F.,
(2,2),(0.,0.00206307606149105),.UNSPECIFIED.);
#1398=B_SPLINE_CURVE_WITH_KNOTS('',1,(#2698,#2699),.UNSPECIFIED.,.F.,.F.,
(2,2),(0.,0.00206307606149105),.UNSPECIFIED.);
#1399=B_SPLINE_CURVE_WITH_KNOTS('',1,(#2700,#2701),.UNSPECIFIED.,.F.,.F.,
(2,2),(0.,0.00707106781186548),.UNSPECIFIED.);
#1400=B_SPLINE_CURVE_WITH_KNOTS('',1,(#2702,#2703),.UNSPECIFIED.,.F.,.F.,
(2,2),(0.,0.00509116882454314),.UNSPECIFIED.);
#1401=B_SPLINE_CURVE_WITH_KNOTS('',1,(#2704,#2705),.UNSPECIFIED.,.F.,.F.,
(2,2),(0.,0.0288402020253554),.UNSPECIFIED.);
#1402=B_SPLINE_CURVE_WITH_KNOTS('',1,(#2706,#2707),.UNSPECIFIED.,.F.,.F.,
(2,2),(-0.00707106781186548,0.),.UNSPECIFIED.);
#1403=B_SPLINE_CURVE_WITH_KNOTS('',1,(#2708,#2709),.UNSPECIFIED.,.F.,.F.,
(2,2),(0.,0.00509116882454314),.UNSPECIFIED.);
#1404=B_SPLINE_CURVE_WITH_KNOTS('',1,(#2710,#2711),.UNSPECIFIED.,.F.,.F.,
(2,2),(0.,0.00206307606149105),.UNSPECIFIED.);
#1405=B_SPLINE_CURVE_WITH_KNOTS('',1,(#2712,#2713),.UNSPECIFIED.,.F.,.F.,
(2,2),(0.,0.00206307606149105),.UNSPECIFIED.);
#1406=B_SPLINE_CURVE_WITH_KNOTS('',1,(#2714,#2715),.UNSPECIFIED.,.F.,.F.,
(2,2),(0.,0.00707106781186548),.UNSPECIFIED.);
#1407=B_SPLINE_CURVE_WITH_KNOTS('',1,(#2716,#2717),.UNSPECIFIED.,.F.,.F.,
(2,2),(0.,0.00509116882454314),.UNSPECIFIED.);
#1408=B_SPLINE_CURVE_WITH_KNOTS('',1,(#2718,#2719),.UNSPECIFIED.,.F.,.F.,
(2,2),(-0.003,0.),.UNSPECIFIED.);
#1409=B_SPLINE_CURVE_WITH_KNOTS('',1,(#2720,#2721),.UNSPECIFIED.,.F.,.F.,
(2,2),(-0.003,0.),.UNSPECIFIED.);
#1410=B_SPLINE_CURVE_WITH_KNOTS('',1,(#2722,#2723),.UNSPECIFIED.,.F.,.F.,
(2,2),(0.,0.003),.UNSPECIFIED.);
#1411=B_SPLINE_CURVE_WITH_KNOTS('',1,(#2724,#2725),.UNSPECIFIED.,.F.,.F.,
(2,2),(0.,0.003),.UNSPECIFIED.);
#1412=B_SPLINE_CURVE_WITH_KNOTS('',1,(#2726,#2727),.UNSPECIFIED.,.F.,.F.,
(2,2),(-0.00212099999999998,0.),.UNSPECIFIED.);
#1413=B_SPLINE_CURVE_WITH_KNOTS('',1,(#2728,#2729),.UNSPECIFIED.,.F.,.F.,
(2,2),(0.,0.0322),.UNSPECIFIED.);
#1414=B_SPLINE_CURVE_WITH_KNOTS('',1,(#2730,#2731),.UNSPECIFIED.,.F.,.F.,
(2,2),(0.,0.00212099999999998),.UNSPECIFIED.);
#1415=B_SPLINE_CURVE_WITH_KNOTS('',1,(#2732,#2733),.UNSPECIFIED.,.F.,.F.,
(2,2),(-0.0322,0.),.UNSPECIFIED.);
#1416=B_SPLINE_CURVE_WITH_KNOTS('',1,(#2734,#2735),.UNSPECIFIED.,.F.,.F.,
(2,2),(-0.003,0.),.UNSPECIFIED.);
#1417=B_SPLINE_CURVE_WITH_KNOTS('',1,(#2736,#2737),.UNSPECIFIED.,.F.,.F.,
(2,2),(0.,0.003),.UNSPECIFIED.);
#1418=B_SPLINE_CURVE_WITH_KNOTS('',1,(#2738,#2739),.UNSPECIFIED.,.F.,.F.,
(2,2),(0.,0.003),.UNSPECIFIED.);
#1419=B_SPLINE_CURVE_WITH_KNOTS('',1,(#2740,#2741),.UNSPECIFIED.,.F.,.F.,
(2,2),(-0.003,0.),.UNSPECIFIED.);
#1420=B_SPLINE_CURVE_WITH_KNOTS('',1,(#2742,#2743),.UNSPECIFIED.,.F.,.F.,
(2,2),(-0.003,0.),.UNSPECIFIED.);
#1421=B_SPLINE_CURVE_WITH_KNOTS('',1,(#2744,#2745),.UNSPECIFIED.,.F.,.F.,
(2,2),(-0.003,0.),.UNSPECIFIED.);
#1422=B_SPLINE_CURVE_WITH_KNOTS('',1,(#2746,#2747),.UNSPECIFIED.,.F.,.F.,
(2,2),(0.,0.003),.UNSPECIFIED.);
#1423=B_SPLINE_CURVE_WITH_KNOTS('',1,(#2748,#2749),.UNSPECIFIED.,.F.,.F.,
(2,2),(0.,0.003),.UNSPECIFIED.);
#1424=B_SPLINE_CURVE_WITH_KNOTS('',1,(#2750,#2751),.UNSPECIFIED.,.F.,.F.,
(2,2),(-0.00212099999999998,0.),.UNSPECIFIED.);
#1425=B_SPLINE_CURVE_WITH_KNOTS('',1,(#2752,#2753),.UNSPECIFIED.,.F.,.F.,
(2,2),(0.,0.0322),.UNSPECIFIED.);
#1426=B_SPLINE_CURVE_WITH_KNOTS('',1,(#2754,#2755),.UNSPECIFIED.,.F.,.F.,
(2,2),(0.,0.00212099999999998),.UNSPECIFIED.);
#1427=B_SPLINE_CURVE_WITH_KNOTS('',1,(#2756,#2757),.UNSPECIFIED.,.F.,.F.,
(2,2),(-0.0322,0.),.UNSPECIFIED.);
#1428=B_SPLINE_CURVE_WITH_KNOTS('',1,(#2758,#2759),.UNSPECIFIED.,.F.,.F.,
(2,2),(-0.003,0.),.UNSPECIFIED.);
#1429=B_SPLINE_CURVE_WITH_KNOTS('',1,(#2760,#2761),.UNSPECIFIED.,.F.,.F.,
(2,2),(0.,0.003),.UNSPECIFIED.);
#1430=B_SPLINE_CURVE_WITH_KNOTS('',1,(#2762,#2763),.UNSPECIFIED.,.F.,.F.,
(2,2),(0.,0.003),.UNSPECIFIED.);
#1431=B_SPLINE_CURVE_WITH_KNOTS('',1,(#2764,#2765),.UNSPECIFIED.,.F.,.F.,
(2,2),(-0.003,0.),.UNSPECIFIED.);
#1432=B_SPLINE_CURVE_WITH_KNOTS('',1,(#2766,#2767),.UNSPECIFIED.,.F.,.F.,
(2,2),(-0.003,0.),.UNSPECIFIED.);
#1433=B_SPLINE_CURVE_WITH_KNOTS('',1,(#2768,#2769),.UNSPECIFIED.,.F.,.F.,
(2,2),(-0.003,0.),.UNSPECIFIED.);
#1434=B_SPLINE_CURVE_WITH_KNOTS('',1,(#2770,#2771),.UNSPECIFIED.,.F.,.F.,
(2,2),(0.,0.003),.UNSPECIFIED.);
#1435=B_SPLINE_CURVE_WITH_KNOTS('',1,(#2772,#2773),.UNSPECIFIED.,.F.,.F.,
(2,2),(0.,0.003),.UNSPECIFIED.);
#1436=B_SPLINE_CURVE_WITH_KNOTS('',1,(#2774,#2775),.UNSPECIFIED.,.F.,.F.,
(2,2),(-0.00212099999999998,0.),.UNSPECIFIED.);
#1437=B_SPLINE_CURVE_WITH_KNOTS('',1,(#2776,#2777),.UNSPECIFIED.,.F.,.F.,
(2,2),(0.,0.0322),.UNSPECIFIED.);
#1438=B_SPLINE_CURVE_WITH_KNOTS('',1,(#2778,#2779),.UNSPECIFIED.,.F.,.F.,
(2,2),(0.,0.00212099999999998),.UNSPECIFIED.);
#1439=B_SPLINE_CURVE_WITH_KNOTS('',1,(#2780,#2781),.UNSPECIFIED.,.F.,.F.,
(2,2),(-0.0322,0.),.UNSPECIFIED.);
#1440=B_SPLINE_CURVE_WITH_KNOTS('',1,(#2782,#2783),.UNSPECIFIED.,.F.,.F.,
(2,2),(-0.003,0.),.UNSPECIFIED.);
#1441=B_SPLINE_CURVE_WITH_KNOTS('',1,(#2784,#2785),.UNSPECIFIED.,.F.,.F.,
(2,2),(0.,0.003),.UNSPECIFIED.);
#1442=B_SPLINE_CURVE_WITH_KNOTS('',1,(#2786,#2787),.UNSPECIFIED.,.F.,.F.,
(2,2),(0.,0.003),.UNSPECIFIED.);
#1443=B_SPLINE_CURVE_WITH_KNOTS('',1,(#2788,#2789),.UNSPECIFIED.,.F.,.F.,
(2,2),(-0.003,0.),.UNSPECIFIED.);
#1444=B_SPLINE_CURVE_WITH_KNOTS('',1,(#2790,#2791),.UNSPECIFIED.,.F.,.F.,
(2,2),(-0.003,0.),.UNSPECIFIED.);
#1445=B_SPLINE_CURVE_WITH_KNOTS('',1,(#2792,#2793),.UNSPECIFIED.,.F.,.F.,
(2,2),(-0.003,0.),.UNSPECIFIED.);
#1446=B_SPLINE_CURVE_WITH_KNOTS('',1,(#2794,#2795),.UNSPECIFIED.,.F.,.F.,
(2,2),(0.,0.003),.UNSPECIFIED.);
#1447=B_SPLINE_CURVE_WITH_KNOTS('',1,(#2796,#2797),.UNSPECIFIED.,.F.,.F.,
(2,2),(0.,0.003),.UNSPECIFIED.);
#1448=B_SPLINE_CURVE_WITH_KNOTS('',1,(#2798,#2799),.UNSPECIFIED.,.F.,.F.,
(2,2),(-0.00212099999999998,0.),.UNSPECIFIED.);
#1449=B_SPLINE_CURVE_WITH_KNOTS('',1,(#2800,#2801),.UNSPECIFIED.,.F.,.F.,
(2,2),(0.,0.0322),.UNSPECIFIED.);
#1450=B_SPLINE_CURVE_WITH_KNOTS('',1,(#2802,#2803),.UNSPECIFIED.,.F.,.F.,
(2,2),(0.,0.00212099999999998),.UNSPECIFIED.);
#1451=B_SPLINE_CURVE_WITH_KNOTS('',1,(#2804,#2805),.UNSPECIFIED.,.F.,.F.,
(2,2),(-0.0322,0.),.UNSPECIFIED.);
#1452=B_SPLINE_CURVE_WITH_KNOTS('',1,(#2806,#2807),.UNSPECIFIED.,.F.,.F.,
(2,2),(-0.003,0.),.UNSPECIFIED.);
#1453=B_SPLINE_CURVE_WITH_KNOTS('',1,(#2808,#2809),.UNSPECIFIED.,.F.,.F.,
(2,2),(0.,0.003),.UNSPECIFIED.);
#1454=B_SPLINE_CURVE_WITH_KNOTS('',1,(#2810,#2811),.UNSPECIFIED.,.F.,.F.,
(2,2),(0.,0.003),.UNSPECIFIED.);
#1455=B_SPLINE_CURVE_WITH_KNOTS('',1,(#2812,#2813),.UNSPECIFIED.,.F.,.F.,
(2,2),(-0.003,0.),.UNSPECIFIED.);
#1456=B_SPLINE_CURVE_WITH_KNOTS('',1,(#2814,#2815),.UNSPECIFIED.,.F.,.F.,
(2,2),(-0.003,0.),.UNSPECIFIED.);
#1457=B_SPLINE_CURVE_WITH_KNOTS('',1,(#2816,#2817),.UNSPECIFIED.,.F.,.F.,
(2,2),(0.,0.003),.UNSPECIFIED.);
#1458=B_SPLINE_CURVE_WITH_KNOTS('',1,(#2818,#2819),.UNSPECIFIED.,.F.,.F.,
(2,2),(0.,0.00212099999999998),.UNSPECIFIED.);
#1459=B_SPLINE_CURVE_WITH_KNOTS('',1,(#2820,#2821),.UNSPECIFIED.,.F.,.F.,
(2,2),(0.,0.00212099999999998),.UNSPECIFIED.);
#1460=B_SPLINE_CURVE_WITH_KNOTS('',1,(#2822,#2823),.UNSPECIFIED.,.F.,.F.,
(2,2),(-0.003,0.),.UNSPECIFIED.);
#1461=B_SPLINE_CURVE_WITH_KNOTS('',1,(#2824,#2825),.UNSPECIFIED.,.F.,.F.,
(2,2),(-0.003,0.),.UNSPECIFIED.);
#1462=B_SPLINE_CURVE_WITH_KNOTS('',1,(#2826,#2827),.UNSPECIFIED.,.F.,.F.,
(2,2),(0.,0.003),.UNSPECIFIED.);
#1463=B_SPLINE_CURVE_WITH_KNOTS('',1,(#2828,#2829),.UNSPECIFIED.,.F.,.F.,
(2,2),(0.,0.0153643181644258),.UNSPECIFIED.);
#1464=B_SPLINE_CURVE_WITH_KNOTS('',1,(#2830,#2831),.UNSPECIFIED.,.F.,.F.,
(2,2),(0.,0.0153643181644258),.UNSPECIFIED.);
#1465=B_SPLINE_CURVE_WITH_KNOTS('',1,(#2832,#2833),.UNSPECIFIED.,.F.,.F.,
(2,2),(-0.003,0.),.UNSPECIFIED.);
#1466=B_SPLINE_CURVE_WITH_KNOTS('',1,(#2834,#2835),.UNSPECIFIED.,.F.,.F.,
(2,2),(0.,0.003),.UNSPECIFIED.);
#1467=B_SPLINE_CURVE_WITH_KNOTS('',1,(#2836,#2837),.UNSPECIFIED.,.F.,.F.,
(2,2),(0.,0.00212099999999998),.UNSPECIFIED.);
#1468=B_SPLINE_CURVE_WITH_KNOTS('',1,(#2838,#2839),.UNSPECIFIED.,.F.,.F.,
(2,2),(0.,0.00212099999999998),.UNSPECIFIED.);
#1469=B_SPLINE_CURVE_WITH_KNOTS('',1,(#2840,#2841),.UNSPECIFIED.,.F.,.F.,
(2,2),(-0.003,0.),.UNSPECIFIED.);
#1470=B_SPLINE_CURVE_WITH_KNOTS('',1,(#2842,#2843),.UNSPECIFIED.,.F.,.F.,
(2,2),(-0.003,0.),.UNSPECIFIED.);
#1471=B_SPLINE_CURVE_WITH_KNOTS('',1,(#2844,#2845),.UNSPECIFIED.,.F.,.F.,
(2,2),(0.,0.003),.UNSPECIFIED.);
#1472=B_SPLINE_CURVE_WITH_KNOTS('',1,(#2846,#2847),.UNSPECIFIED.,.F.,.F.,
(2,2),(0.,0.0153643181644258),.UNSPECIFIED.);
#1473=B_SPLINE_CURVE_WITH_KNOTS('',1,(#2848,#2849),.UNSPECIFIED.,.F.,.F.,
(2,2),(0.,0.0153643181644258),.UNSPECIFIED.);
#1474=B_SPLINE_CURVE_WITH_KNOTS('',1,(#2850,#2851),.UNSPECIFIED.,.F.,.F.,
(2,2),(-0.003,0.),.UNSPECIFIED.);
#1475=B_SPLINE_CURVE_WITH_KNOTS('',1,(#2852,#2853),.UNSPECIFIED.,.F.,.F.,
(2,2),(0.,0.003),.UNSPECIFIED.);
#1476=B_SPLINE_CURVE_WITH_KNOTS('',1,(#2854,#2855),.UNSPECIFIED.,.F.,.F.,
(2,2),(-0.003,0.),.UNSPECIFIED.);
#1477=B_SPLINE_CURVE_WITH_KNOTS('',1,(#2856,#2857),.UNSPECIFIED.,.F.,.F.,
(2,2),(-0.003,0.),.UNSPECIFIED.);
#1478=B_SPLINE_CURVE_WITH_KNOTS('',1,(#2858,#2859),.UNSPECIFIED.,.F.,.F.,
(2,2),(0.,0.0021209999999999),.UNSPECIFIED.);
#1479=B_SPLINE_CURVE_WITH_KNOTS('',1,(#2860,#2861),.UNSPECIFIED.,.F.,.F.,
(2,2),(0.,0.00212099999999998),.UNSPECIFIED.);
#1480=B_SPLINE_CURVE_WITH_KNOTS('',1,(#2862,#2863),.UNSPECIFIED.,.F.,.F.,
(2,2),(-0.003,0.),.UNSPECIFIED.);
#1481=B_SPLINE_CURVE_WITH_KNOTS('',1,(#2864,#2865),.UNSPECIFIED.,.F.,.F.,
(2,2),(0.,0.003),.UNSPECIFIED.);
#1482=B_SPLINE_CURVE_WITH_KNOTS('',1,(#2866,#2867),.UNSPECIFIED.,.F.,.F.,
(2,2),(-0.003,0.),.UNSPECIFIED.);
#1483=B_SPLINE_CURVE_WITH_KNOTS('',1,(#2868,#2869),.UNSPECIFIED.,.F.,.F.,
(2,2),(-0.003,0.),.UNSPECIFIED.);
#1484=B_SPLINE_CURVE_WITH_KNOTS('',1,(#2870,#2871),.UNSPECIFIED.,.F.,.F.,
(2,2),(0.,0.0153643181644258),.UNSPECIFIED.);
#1485=B_SPLINE_CURVE_WITH_KNOTS('',1,(#2872,#2873),.UNSPECIFIED.,.F.,.F.,
(2,2),(0.,0.0153643181644258),.UNSPECIFIED.);
#1486=B_SPLINE_CURVE_WITH_KNOTS('',1,(#2874,#2875),.UNSPECIFIED.,.F.,.F.,
(2,2),(-0.003,0.),.UNSPECIFIED.);
#1487=B_SPLINE_CURVE_WITH_KNOTS('',1,(#2876,#2877),.UNSPECIFIED.,.F.,.F.,
(2,2),(0.,0.003),.UNSPECIFIED.);
#1488=B_SPLINE_CURVE_WITH_KNOTS('',1,(#2878,#2879),.UNSPECIFIED.,.F.,.F.,
(2,2),(-0.003,0.),.UNSPECIFIED.);
#1489=B_SPLINE_CURVE_WITH_KNOTS('',1,(#2880,#2881),.UNSPECIFIED.,.F.,.F.,
(2,2),(-0.003,0.),.UNSPECIFIED.);
#1490=B_SPLINE_CURVE_WITH_KNOTS('',1,(#2882,#2883),.UNSPECIFIED.,.F.,.F.,
(2,2),(0.,0.00212099999999998),.UNSPECIFIED.);
#1491=B_SPLINE_CURVE_WITH_KNOTS('',1,(#2884,#2885),.UNSPECIFIED.,.F.,.F.,
(2,2),(0.,0.00212099999999998),.UNSPECIFIED.);
#1492=B_SPLINE_CURVE_WITH_KNOTS('',1,(#2886,#2887),.UNSPECIFIED.,.F.,.F.,
(2,2),(-0.003,0.),.UNSPECIFIED.);
#1493=B_SPLINE_CURVE_WITH_KNOTS('',1,(#2888,#2889),.UNSPECIFIED.,.F.,.F.,
(2,2),(0.,0.003),.UNSPECIFIED.);
#1494=B_SPLINE_CURVE_WITH_KNOTS('',1,(#2890,#2891),.UNSPECIFIED.,.F.,.F.,
(2,2),(-0.003,0.),.UNSPECIFIED.);
#1495=B_SPLINE_CURVE_WITH_KNOTS('',1,(#2892,#2893),.UNSPECIFIED.,.F.,.F.,
(2,2),(-0.003,0.),.UNSPECIFIED.);
#1496=B_SPLINE_CURVE_WITH_KNOTS('',1,(#2894,#2895),.UNSPECIFIED.,.F.,.F.,
(2,2),(0.,0.0153643181644258),.UNSPECIFIED.);
#1497=B_SPLINE_CURVE_WITH_KNOTS('',1,(#2896,#2897),.UNSPECIFIED.,.F.,.F.,
(2,2),(0.,0.0153643181644258),.UNSPECIFIED.);
#1498=B_SPLINE_CURVE_WITH_KNOTS('',1,(#2898,#2899),.UNSPECIFIED.,.F.,.F.,
(2,2),(0.,0.003),.UNSPECIFIED.);
#1499=B_SPLINE_CURVE_WITH_KNOTS('',1,(#2900,#2901),.UNSPECIFIED.,.F.,.F.,
(2,2),(-0.003,0.),.UNSPECIFIED.);
#1500=B_SPLINE_CURVE_WITH_KNOTS('',1,(#2902,#2903),.UNSPECIFIED.,.F.,.F.,
(2,2),(-0.003,0.),.UNSPECIFIED.);
#1501=B_SPLINE_CURVE_WITH_KNOTS('',1,(#2904,#2905),.UNSPECIFIED.,.F.,.F.,
(2,2),(0.,0.003),.UNSPECIFIED.);
#1502=B_SPLINE_CURVE_WITH_KNOTS('',1,(#2906,#2907),.UNSPECIFIED.,.F.,.F.,
(2,2),(-0.003,0.),.UNSPECIFIED.);
#1503=B_SPLINE_CURVE_WITH_KNOTS('',1,(#2908,#2909),.UNSPECIFIED.,.F.,.F.,
(2,2),(-0.003,0.),.UNSPECIFIED.);
#1504=VERTEX_POINT('',#2126);
#1505=VERTEX_POINT('',#2127);
#1506=VERTEX_POINT('',#2128);
#1507=VERTEX_POINT('',#2129);
#1508=VERTEX_POINT('',#2130);
#1509=VERTEX_POINT('',#2131);
#1510=VERTEX_POINT('',#2132);
#1511=VERTEX_POINT('',#2133);
#1512=VERTEX_POINT('',#2134);
#1513=VERTEX_POINT('',#2135);
#1514=VERTEX_POINT('',#2136);
#1515=VERTEX_POINT('',#2137);
#1516=VERTEX_POINT('',#2138);
#1517=VERTEX_POINT('',#2139);
#1518=VERTEX_POINT('',#2140);
#1519=VERTEX_POINT('',#2141);
#1520=VERTEX_POINT('',#2142);
#1521=VERTEX_POINT('',#2143);
#1522=VERTEX_POINT('',#2144);
#1523=VERTEX_POINT('',#2145);
#1524=VERTEX_POINT('',#2146);
#1525=VERTEX_POINT('',#2147);
#1526=VERTEX_POINT('',#2148);
#1527=VERTEX_POINT('',#2149);
#1528=VERTEX_POINT('',#2150);
#1529=VERTEX_POINT('',#2151);
#1530=VERTEX_POINT('',#2152);
#1531=VERTEX_POINT('',#2153);
#1532=VERTEX_POINT('',#2154);
#1533=VERTEX_POINT('',#2155);
#1534=VERTEX_POINT('',#2156);
#1535=VERTEX_POINT('',#2157);
#1536=VERTEX_POINT('',#2158);
#1537=VERTEX_POINT('',#2159);
#1538=VERTEX_POINT('',#2160);
#1539=VERTEX_POINT('',#2161);
#1540=VERTEX_POINT('',#2162);
#1541=VERTEX_POINT('',#2163);
#1542=VERTEX_POINT('',#2164);
#1543=VERTEX_POINT('',#2165);
#1544=VERTEX_POINT('',#2166);
#1545=VERTEX_POINT('',#2167);
#1546=VERTEX_POINT('',#2168);
#1547=VERTEX_POINT('',#2169);
#1548=VERTEX_POINT('',#2170);
#1549=VERTEX_POINT('',#2171);
#1550=VERTEX_POINT('',#2172);
#1551=VERTEX_POINT('',#2173);
#1552=VERTEX_POINT('',#2174);
#1553=VERTEX_POINT('',#2175);
#1554=VERTEX_POINT('',#2176);
#1555=VERTEX_POINT('',#2177);
#1556=VERTEX_POINT('',#2178);
#1557=VERTEX_POINT('',#2179);
#1558=VERTEX_POINT('',#2180);
#1559=VERTEX_POINT('',#2181);
#1560=VERTEX_POINT('',#2182);
#1561=VERTEX_POINT('',#2183);
#1562=VERTEX_POINT('',#2184);
#1563=VERTEX_POINT('',#2185);
#1564=VERTEX_POINT('',#2186);
#1565=VERTEX_POINT('',#2187);
#1566=VERTEX_POINT('',#2188);
#1567=VERTEX_POINT('',#2189);
#1568=VERTEX_POINT('',#2190);
#1569=VERTEX_POINT('',#2191);
#1570=VERTEX_POINT('',#2192);
#1571=VERTEX_POINT('',#2193);
#1572=VERTEX_POINT('',#2194);
#1573=VERTEX_POINT('',#2195);
#1574=VERTEX_POINT('',#2196);
#1575=VERTEX_POINT('',#2197);
#1576=VERTEX_POINT('',#2198);
#1577=VERTEX_POINT('',#2199);
#1578=VERTEX_POINT('',#2200);
#1579=VERTEX_POINT('',#2201);
#1580=VERTEX_POINT('',#2202);
#1581=VERTEX_POINT('',#2203);
#1582=VERTEX_POINT('',#2204);
#1583=VERTEX_POINT('',#2205);
#1584=VERTEX_POINT('',#2206);
#1585=VERTEX_POINT('',#2207);
#1586=VERTEX_POINT('',#2208);
#1587=VERTEX_POINT('',#2209);
#1588=VERTEX_POINT('',#2210);
#1589=VERTEX_POINT('',#2211);
#1590=VERTEX_POINT('',#2212);
#1591=VERTEX_POINT('',#2213);
#1592=VERTEX_POINT('',#2214);
#1593=VERTEX_POINT('',#2215);
#1594=VERTEX_POINT('',#2216);
#1595=VERTEX_POINT('',#2217);
#1596=VERTEX_POINT('',#2218);
#1597=VERTEX_POINT('',#2219);
#1598=VERTEX_POINT('',#2220);
#1599=VERTEX_POINT('',#2221);
#1600=VERTEX_POINT('',#2222);
#1601=VERTEX_POINT('',#2223);
#1602=VERTEX_POINT('',#2224);
#1603=VERTEX_POINT('',#2225);
#1604=VERTEX_POINT('',#2226);
#1605=VERTEX_POINT('',#2227);
#1606=VERTEX_POINT('',#2228);
#1607=VERTEX_POINT('',#2229);
#1608=VERTEX_POINT('',#2230);
#1609=VERTEX_POINT('',#2231);
#1610=VERTEX_POINT('',#2232);
#1611=VERTEX_POINT('',#2233);
#1612=VERTEX_POINT('',#2234);
#1613=VERTEX_POINT('',#2235);
#1614=VERTEX_POINT('',#2236);
#1615=VERTEX_POINT('',#2237);
#1616=VERTEX_POINT('',#2238);
#1617=VERTEX_POINT('',#2239);
#1618=VERTEX_POINT('',#2240);
#1619=VERTEX_POINT('',#2241);
#1620=VERTEX_POINT('',#2242);
#1621=VERTEX_POINT('',#2243);
#1622=VERTEX_POINT('',#2244);
#1623=VERTEX_POINT('',#2245);
#1624=VERTEX_POINT('',#2246);
#1625=VERTEX_POINT('',#2247);
#1626=VERTEX_POINT('',#2248);
#1627=VERTEX_POINT('',#2249);
#1628=VERTEX_POINT('',#2250);
#1629=VERTEX_POINT('',#2251);
#1630=VERTEX_POINT('',#2252);
#1631=VERTEX_POINT('',#2253);
#1632=VERTEX_POINT('',#2254);
#1633=VERTEX_POINT('',#2255);
#1634=VERTEX_POINT('',#2256);
#1635=VERTEX_POINT('',#2257);
#1636=VERTEX_POINT('',#2258);
#1637=VERTEX_POINT('',#2259);
#1638=VERTEX_POINT('',#2260);
#1639=VERTEX_POINT('',#2261);
#1640=VERTEX_POINT('',#2262);
#1641=VERTEX_POINT('',#2263);
#1642=VERTEX_POINT('',#2264);
#1643=VERTEX_POINT('',#2265);
#1644=VERTEX_POINT('',#2266);
#1645=VERTEX_POINT('',#2267);
#1646=VERTEX_POINT('',#2268);
#1647=VERTEX_POINT('',#2269);
#1648=VERTEX_POINT('',#2270);
#1649=VERTEX_POINT('',#2271);
#1650=VERTEX_POINT('',#2272);
#1651=VERTEX_POINT('',#2273);
#1652=VERTEX_POINT('',#2274);
#1653=VERTEX_POINT('',#2275);
#1654=VERTEX_POINT('',#2276);
#1655=VERTEX_POINT('',#2277);
#1656=VERTEX_POINT('',#2278);
#1657=VERTEX_POINT('',#2279);
#1658=VERTEX_POINT('',#2280);
#1659=VERTEX_POINT('',#2281);
#1660=VERTEX_POINT('',#2282);
#1661=VERTEX_POINT('',#2283);
#1662=VERTEX_POINT('',#2284);
#1663=VERTEX_POINT('',#2285);
#1664=VERTEX_POINT('',#2286);
#1665=VERTEX_POINT('',#2287);
#1666=VERTEX_POINT('',#2288);
#1667=VERTEX_POINT('',#2289);
#1668=VERTEX_POINT('',#2290);
#1669=VERTEX_POINT('',#2291);
#1670=VERTEX_POINT('',#2292);
#1671=VERTEX_POINT('',#2293);
#1672=VERTEX_POINT('',#2294);
#1673=VERTEX_POINT('',#2295);
#1674=VERTEX_POINT('',#2296);
#1675=VERTEX_POINT('',#2297);
#1676=VERTEX_POINT('',#2298);
#1677=VERTEX_POINT('',#2299);
#1678=VERTEX_POINT('',#2300);
#1679=VERTEX_POINT('',#2301);
#1680=VERTEX_POINT('',#2302);
#1681=VERTEX_POINT('',#2303);
#1682=VERTEX_POINT('',#2304);
#1683=VERTEX_POINT('',#2305);
#1684=VERTEX_POINT('',#2306);
#1685=VERTEX_POINT('',#2307);
#1686=VERTEX_POINT('',#2308);
#1687=VERTEX_POINT('',#2309);
#1688=VERTEX_POINT('',#2310);
#1689=VERTEX_POINT('',#2311);
#1690=VERTEX_POINT('',#2312);
#1691=VERTEX_POINT('',#2313);
#1692=VERTEX_POINT('',#2314);
#1693=VERTEX_POINT('',#2315);
#1694=VERTEX_POINT('',#2316);
#1695=VERTEX_POINT('',#2317);
#1696=VERTEX_POINT('',#2318);
#1697=VERTEX_POINT('',#2319);
#1698=VERTEX_POINT('',#2320);
#1699=VERTEX_POINT('',#2321);
#1700=PLANE('',#1820);
#1701=PLANE('',#1821);
#1702=PLANE('',#1822);
#1703=PLANE('',#1823);
#1704=PLANE('',#1824);
#1705=PLANE('',#1825);
#1706=PLANE('',#1826);
#1707=PLANE('',#1827);
#1708=PLANE('',#1828);
#1709=PLANE('',#1829);
#1710=PLANE('',#1830);
#1711=PLANE('',#1831);
#1712=PLANE('',#1832);
#1713=PLANE('',#1833);
#1714=PLANE('',#1834);
#1715=PLANE('',#1835);
#1716=PLANE('',#1836);
#1717=PLANE('',#1837);
#1718=PLANE('',#1838);
#1719=PLANE('',#1839);
#1720=PLANE('',#1840);
#1721=PLANE('',#1841);
#1722=PLANE('',#1842);
#1723=PLANE('',#1843);
#1724=PLANE('',#1844);
#1725=PLANE('',#1845);
#1726=PLANE('',#1846);
#1727=PLANE('',#1847);
#1728=PLANE('',#1848);
#1729=PLANE('',#1849);
#1730=PLANE('',#1850);
#1731=PLANE('',#1851);
#1732=PLANE('',#1852);
#1733=PLANE('',#1853);
#1734=PLANE('',#1854);
#1735=PLANE('',#1855);
#1736=PLANE('',#1856);
#1737=PLANE('',#1857);
#1738=PLANE('',#1858);
#1739=PLANE('',#1859);
#1740=PLANE('',#1860);
#1741=PLANE('',#1861);
#1742=PLANE('',#1862);
#1743=PLANE('',#1863);
#1744=PLANE('',#1864);
#1745=PLANE('',#1865);
#1746=PLANE('',#1866);
#1747=PLANE('',#1867);
#1748=PLANE('',#1868);
#1749=PLANE('',#1869);
#1750=PLANE('',#1870);
#1751=PLANE('',#1871);
#1752=PLANE('',#1872);
#1753=PLANE('',#1873);
#1754=PLANE('',#1874);
#1755=PLANE('',#1875);
#1756=PLANE('',#1876);
#1757=PLANE('',#1877);
#1758=PLANE('',#1878);
#1759=PLANE('',#1879);
#1760=PLANE('',#1880);
#1761=PLANE('',#1881);
#1762=PLANE('',#1882);
#1763=PLANE('',#1883);
#1764=PLANE('',#1884);
#1765=PLANE('',#1885);
#1766=PLANE('',#1886);
#1767=PLANE('',#1887);
#1768=PLANE('',#1888);
#1769=PLANE('',#1889);
#1770=PLANE('',#1890);
#1771=PLANE('',#1891);
#1772=PLANE('',#1892);
#1773=PLANE('',#1893);
#1774=PLANE('',#1894);
#1775=PLANE('',#1895);
#1776=PLANE('',#1896);
#1777=PLANE('',#1897);
#1778=PLANE('',#1898);
#1779=PLANE('',#1899);
#1780=PLANE('',#1900);
#1781=PLANE('',#1901);
#1782=PLANE('',#1902);
#1783=PLANE('',#1903);
#1784=PLANE('',#1904);
#1785=PLANE('',#1905);
#1786=PLANE('',#1906);
#1787=PLANE('',#1907);
#1788=PLANE('',#1908);
#1789=PLANE('',#1909);
#1790=PLANE('',#1910);
#1791=PLANE('',#1911);
#1792=PLANE('',#1912);
#1793=PLANE('',#1913);
#1794=PLANE('',#1914);
#1795=PLANE('',#1915);
#1796=PLANE('',#1916);
#1797=PLANE('',#1917);
#1798=PLANE('',#1918);
#1799=PLANE('',#1919);
#1800=SHAPE_DEFINITION_REPRESENTATION(#1801,#1818);
#1801=PRODUCT_DEFINITION_SHAPE('Document','',#1803);
#1802=PRODUCT_DEFINITION_CONTEXT('3D Mechanical Parts',#1807,'design');
#1803=PRODUCT_DEFINITION('A','First version',#1804,#1802);
#1804=PRODUCT_DEFINITION_FORMATION_WITH_SPECIFIED_SOURCE('A',
'First version',#1809,.MADE.);
#1805=PRODUCT_RELATED_PRODUCT_CATEGORY('tool','tool',(#1809));
#1806=APPLICATION_PROTOCOL_DEFINITION('Draft International Standard',
'automotive_design',1999,#1807);
#1807=APPLICATION_CONTEXT(
'data for automotive mechanical design processes');
#1808=PRODUCT_CONTEXT('3D Mechanical Parts',#1807,'mechanical');
#1809=PRODUCT('Document','Document','Rhino converted to STEP',(#1808));
#1810=(
LENGTH_UNIT()
NAMED_UNIT(*)
SI_UNIT(.MILLI.,.METRE.)
);
#1811=(
NAMED_UNIT(*)
PLANE_ANGLE_UNIT()
SI_UNIT($,.RADIAN.)
);
#1812=DIMENSIONAL_EXPONENTS(0.,0.,0.,0.,0.,0.,0.);
#1813=PLANE_ANGLE_MEASURE_WITH_UNIT(PLANE_ANGLE_MEASURE(0.01745329252),
#1811);
#1814=(
CONVERSION_BASED_UNIT('DEGREES',#1813)
NAMED_UNIT(#1812)
PLANE_ANGLE_UNIT()
);
#1815=(
NAMED_UNIT(*)
SI_UNIT($,.STERADIAN.)
SOLID_ANGLE_UNIT()
);
#1816=UNCERTAINTY_MEASURE_WITH_UNIT(LENGTH_MEASURE(0.001),#1810,
'DISTANCE_ACCURACY_VALUE',
'Maximum model space distance between geometric entities at asserted c
onnectivities');
#1817=(
GEOMETRIC_REPRESENTATION_CONTEXT(3)
GLOBAL_UNCERTAINTY_ASSIGNED_CONTEXT((#1816))
GLOBAL_UNIT_ASSIGNED_CONTEXT((#1815,#1814,#1810))
REPRESENTATION_CONTEXT('ID1','3D')
);
#1818=SHAPE_REPRESENTATION('Document',(#1819,#1920),#1817);
#1819=AXIS2_PLACEMENT_3D('',#2025,#1921,#1922);
#1820=AXIS2_PLACEMENT_3D('',#2026,#1923,$);
#1821=AXIS2_PLACEMENT_3D('',#2027,#1924,$);
#1822=AXIS2_PLACEMENT_3D('',#2028,#1925,$);
#1823=AXIS2_PLACEMENT_3D('',#2029,#1926,$);
#1824=AXIS2_PLACEMENT_3D('',#2030,#1927,$);
#1825=AXIS2_PLACEMENT_3D('',#2031,#1928,$);
#1826=AXIS2_PLACEMENT_3D('',#2032,#1929,$);
#1827=AXIS2_PLACEMENT_3D('',#2033,#1930,$);
#1828=AXIS2_PLACEMENT_3D('',#2034,#1931,$);
#1829=AXIS2_PLACEMENT_3D('',#2035,#1932,$);
#1830=AXIS2_PLACEMENT_3D('',#2036,#1933,$);
#1831=AXIS2_PLACEMENT_3D('',#2037,#1934,$);
#1832=AXIS2_PLACEMENT_3D('',#2038,#1935,$);
#1833=AXIS2_PLACEMENT_3D('',#2039,#1936,$);
#1834=AXIS2_PLACEMENT_3D('',#2040,#1937,$);
#1835=AXIS2_PLACEMENT_3D('',#2041,#1938,$);
#1836=AXIS2_PLACEMENT_3D('',#2042,#1939,$);
#1837=AXIS2_PLACEMENT_3D('',#2043,#1940,$);
#1838=AXIS2_PLACEMENT_3D('',#2044,#1941,$);
#1839=AXIS2_PLACEMENT_3D('',#2045,#1942,$);
#1840=AXIS2_PLACEMENT_3D('',#2046,#1943,$);
#1841=AXIS2_PLACEMENT_3D('',#2047,#1944,$);
#1842=AXIS2_PLACEMENT_3D('',#2048,#1945,$);
#1843=AXIS2_PLACEMENT_3D('',#2049,#1946,$);
#1844=AXIS2_PLACEMENT_3D('',#2050,#1947,$);
#1845=AXIS2_PLACEMENT_3D('',#2051,#1948,$);
#1846=AXIS2_PLACEMENT_3D('',#2052,#1949,$);
#1847=AXIS2_PLACEMENT_3D('',#2053,#1950,$);
#1848=AXIS2_PLACEMENT_3D('',#2054,#1951,$);
#1849=AXIS2_PLACEMENT_3D('',#2055,#1952,$);
#1850=AXIS2_PLACEMENT_3D('',#2056,#1953,$);
#1851=AXIS2_PLACEMENT_3D('',#2057,#1954,$);
#1852=AXIS2_PLACEMENT_3D('',#2058,#1955,$);
#1853=AXIS2_PLACEMENT_3D('',#2059,#1956,$);
#1854=AXIS2_PLACEMENT_3D('',#2060,#1957,$);
#1855=AXIS2_PLACEMENT_3D('',#2061,#1958,$);
#1856=AXIS2_PLACEMENT_3D('',#2062,#1959,$);
#1857=AXIS2_PLACEMENT_3D('',#2063,#1960,$);
#1858=AXIS2_PLACEMENT_3D('',#2064,#1961,$);
#1859=AXIS2_PLACEMENT_3D('',#2065,#1962,$);
#1860=AXIS2_PLACEMENT_3D('',#2066,#1963,$);
#1861=AXIS2_PLACEMENT_3D('',#2067,#1964,$);
#1862=AXIS2_PLACEMENT_3D('',#2068,#1965,$);
#1863=AXIS2_PLACEMENT_3D('',#2069,#1966,$);
#1864=AXIS2_PLACEMENT_3D('',#2070,#1967,$);
#1865=AXIS2_PLACEMENT_3D('',#2071,#1968,$);
#1866=AXIS2_PLACEMENT_3D('',#2072,#1969,$);
#1867=AXIS2_PLACEMENT_3D('',#2073,#1970,$);
#1868=AXIS2_PLACEMENT_3D('',#2074,#1971,$);
#1869=AXIS2_PLACEMENT_3D('',#2075,#1972,$);
#1870=AXIS2_PLACEMENT_3D('',#2076,#1973,$);
#1871=AXIS2_PLACEMENT_3D('',#2077,#1974,$);
#1872=AXIS2_PLACEMENT_3D('',#2078,#1975,$);
#1873=AXIS2_PLACEMENT_3D('',#2079,#1976,$);
#1874=AXIS2_PLACEMENT_3D('',#2080,#1977,$);
#1875=AXIS2_PLACEMENT_3D('',#2081,#1978,$);
#1876=AXIS2_PLACEMENT_3D('',#2082,#1979,$);
#1877=AXIS2_PLACEMENT_3D('',#2083,#1980,$);
#1878=AXIS2_PLACEMENT_3D('',#2084,#1981,$);
#1879=AXIS2_PLACEMENT_3D('',#2085,#1982,$);
#1880=AXIS2_PLACEMENT_3D('',#2086,#1983,$);
#1881=AXIS2_PLACEMENT_3D('',#2087,#1984,$);
#1882=AXIS2_PLACEMENT_3D('',#2088,#1985,$);
#1883=AXIS2_PLACEMENT_3D('',#2089,#1986,$);
#1884=AXIS2_PLACEMENT_3D('',#2090,#1987,$);
#1885=AXIS2_PLACEMENT_3D('',#2091,#1988,$);
#1886=AXIS2_PLACEMENT_3D('',#2092,#1989,$);
#1887=AXIS2_PLACEMENT_3D('',#2093,#1990,$);
#1888=AXIS2_PLACEMENT_3D('',#2094,#1991,$);
#1889=AXIS2_PLACEMENT_3D('',#2095,#1992,$);
#1890=AXIS2_PLACEMENT_3D('',#2096,#1993,$);
#1891=AXIS2_PLACEMENT_3D('',#2097,#1994,$);
#1892=AXIS2_PLACEMENT_3D('',#2098,#1995,$);
#1893=AXIS2_PLACEMENT_3D('',#2099,#1996,$);
#1894=AXIS2_PLACEMENT_3D('',#2100,#1997,$);
#1895=AXIS2_PLACEMENT_3D('',#2101,#1998,$);
#1896=AXIS2_PLACEMENT_3D('',#2102,#1999,$);
#1897=AXIS2_PLACEMENT_3D('',#2103,#2000,$);
#1898=AXIS2_PLACEMENT_3D('',#2104,#2001,$);
#1899=AXIS2_PLACEMENT_3D('',#2105,#2002,$);
#1900=AXIS2_PLACEMENT_3D('',#2106,#2003,$);
#1901=AXIS2_PLACEMENT_3D('',#2107,#2004,$);
#1902=AXIS2_PLACEMENT_3D('',#2108,#2005,$);
#1903=AXIS2_PLACEMENT_3D('',#2109,#2006,$);
#1904=AXIS2_PLACEMENT_3D('',#2110,#2007,$);
#1905=AXIS2_PLACEMENT_3D('',#2111,#2008,$);
#1906=AXIS2_PLACEMENT_3D('',#2112,#2009,$);
#1907=AXIS2_PLACEMENT_3D('',#2113,#2010,$);
#1908=AXIS2_PLACEMENT_3D('',#2114,#2011,$);
#1909=AXIS2_PLACEMENT_3D('',#2115,#2012,$);
#1910=AXIS2_PLACEMENT_3D('',#2116,#2013,$);
#1911=AXIS2_PLACEMENT_3D('',#2117,#2014,$);
#1912=AXIS2_PLACEMENT_3D('',#2118,#2015,$);
#1913=AXIS2_PLACEMENT_3D('',#2119,#2016,$);
#1914=AXIS2_PLACEMENT_3D('',#2120,#2017,$);
#1915=AXIS2_PLACEMENT_3D('',#2121,#2018,$);
#1916=AXIS2_PLACEMENT_3D('',#2122,#2019,$);
#1917=AXIS2_PLACEMENT_3D('',#2123,#2020,$);
#1918=AXIS2_PLACEMENT_3D('',#2124,#2021,$);
#1919=AXIS2_PLACEMENT_3D('',#2125,#2022,$);
#1920=AXIS2_PLACEMENT_3D('',#2910,#2023,#2024);
#1921=DIRECTION('',(0.,0.,1.));
#1922=DIRECTION('',(1.,0.,0.));
#1923=DIRECTION('',(0.,1.,0.));
#1924=DIRECTION('',(1.,0.,0.));
#1925=DIRECTION('',(0.,-1.,0.));
#1926=DIRECTION('',(-1.,0.,0.));
#1927=DIRECTION('',(1.,0.,0.));
#1928=DIRECTION('',(0.707106781186548,-0.707106781186547,0.));
#1929=DIRECTION('',(0.,-1.,0.));
#1930=DIRECTION('',(-0.707106781186548,-0.707106781186547,0.));
#1931=DIRECTION('',(-1.,0.,0.));
#1932=DIRECTION('',(-0.707106781186547,0.707106781186547,0.));
#1933=DIRECTION('',(0.,1.,0.));
#1934=DIRECTION('',(0.707106781186547,0.707106781186547,0.));
#1935=DIRECTION('',(0.707106781186548,0.707106781186547,0.));
#1936=DIRECTION('',(0.707106781186547,-0.707106781186547,0.));
#1937=DIRECTION('',(-0.707106781186547,-0.707106781186547,0.));
#1938=DIRECTION('',(-0.707106781186548,0.707106781186547,0.));
#1939=DIRECTION('',(0.,-1.,0.));
#1940=DIRECTION('',(0.,1.,0.));
#1941=DIRECTION('',(0.,-1.,0.));
#1942=DIRECTION('',(0.,1.,0.));
#1943=DIRECTION('',(0.,0.,-1.));
#1944=DIRECTION('',(-1.,0.,0.));
#1945=DIRECTION('',(-0.707106781186542,0.,0.707106781186553));
#1946=DIRECTION('',(1.,0.,0.));
#1947=DIRECTION('',(0.707106781186535,0.,-0.70710678118656));
#1948=DIRECTION('',(-0.923879532511326,0.,-0.382683432364994));
#1949=DIRECTION('',(-0.707106781186545,0.,0.70710678118655));
#1950=DIRECTION('',(-0.70710678118655,0.,-0.707106781186545));
#1951=DIRECTION('',(0.707106781186542,0.,0.707106781186553));
#1952=DIRECTION('',(0.,0.,-1.));
#1953=DIRECTION('',(0.923879532511335,0.,-0.382683432364974));
#1954=DIRECTION('',(0.,0.,-1.));
#1955=DIRECTION('',(0.70710678118655,0.,-0.707106781186545));
#1956=DIRECTION('',(-0.707106781186535,0.,-0.70710678118656));
#1957=DIRECTION('',(0.707106781186545,0.,0.70710678118655));
#1958=DIRECTION('',(-1.,0.,0.));
#1959=DIRECTION('',(-0.707106781186548,-0.5,0.499999999999999));
#1960=DIRECTION('',(-0.707106781186548,0.,0.707106781186547));
#1961=DIRECTION('',(-0.707106781186548,0.5,0.499999999999999));
#1962=DIRECTION('',(0.,-1.,0.));
#1963=DIRECTION('',(0.499999999999999,-0.707106781186548,0.499999999999999));
#1964=DIRECTION('',(-6.0291550413457E-17,-0.707106781186548,0.707106781186547));
#1965=DIRECTION('',(-0.5,-0.707106781186548,0.499999999999999));
#1966=DIRECTION('',(1.,0.,0.));
#1967=DIRECTION('',(0.707106781186548,0.5,0.5));
#1968=DIRECTION('',(0.707106781186548,-6.0291550413457E-17,0.707106781186547));
#1969=DIRECTION('',(0.707106781186548,-0.5,0.499999999999999));
#1970=DIRECTION('',(0.,1.,0.));
#1971=DIRECTION('',(-0.5,0.707106781186547,0.5));
#1972=DIRECTION('',(1.20583100826914E-16,0.707106781186548,0.707106781186547));
#1973=DIRECTION('',(0.5,0.707106781186548,0.499999999999999));
#1974=DIRECTION('',(0.,1.,0.));
#1975=DIRECTION('',(1.20583100826914E-16,0.707106781186548,0.707106781186547));
#1976=DIRECTION('',(0.,1.,0.));
#1977=DIRECTION('',(-1.,0.,0.));
#1978=DIRECTION('',(-0.707106781186547,0.,0.707106781186548));
#1979=DIRECTION('',(-1.,0.,0.));
#1980=DIRECTION('',(0.,-1.,0.));
#1981=DIRECTION('',(0.,-0.707106781186547,0.707106781186547));
#1982=DIRECTION('',(0.,-1.,0.));
#1983=DIRECTION('',(1.,0.,0.));
#1984=DIRECTION('',(0.707106781186547,-1.20583100826914E-16,0.707106781186547));
#1985=DIRECTION('',(1.,0.,0.));
#1986=DIRECTION('',(1.,0.,0.));
#1987=DIRECTION('',(0.,0.,-1.));
#1988=DIRECTION('',(-1.,0.,0.));
#1989=DIRECTION('',(1.60777467769219E-16,0.707106781186547,-0.707106781186547));
#1990=DIRECTION('',(1.,0.,0.));
#1991=DIRECTION('',(0.,0.,-1.));
#1992=DIRECTION('',(-1.,0.,0.));
#1993=DIRECTION('',(0.707106781186548,0.707106781186547,0.));
#1994=DIRECTION('',(0.,-1.,0.));
#1995=DIRECTION('',(0.,0.,-1.));
#1996=DIRECTION('',(0.,1.,0.));
#1997=DIRECTION('',(0.707106781186547,-1.60777467769219E-16,-0.707106781186548));
#1998=DIRECTION('',(0.,-1.,0.));
#1999=DIRECTION('',(0.,0.,-1.));
#2000=DIRECTION('',(0.,1.,0.));
#2001=DIRECTION('',(0.707106781186548,-0.707106781186547,0.));
#2002=DIRECTION('',(-1.,0.,0.));
#2003=DIRECTION('',(0.,0.,-1.));
#2004=DIRECTION('',(1.,0.,0.));
#2005=DIRECTION('',(0.,-0.707106781186547,-0.707106781186547));
#2006=DIRECTION('',(-1.,0.,0.));
#2007=DIRECTION('',(0.,0.,-1.));
#2008=DIRECTION('',(1.,0.,0.));
#2009=DIRECTION('',(-0.707106781186547,-0.707106781186548,0.));
#2010=DIRECTION('',(0.,1.,0.));
#2011=DIRECTION('',(0.,0.,-1.));
#2012=DIRECTION('',(0.,-1.,0.));
#2013=DIRECTION('',(-0.707106781186547,0.,-0.707106781186548));
#2014=DIRECTION('',(0.,1.,0.));
#2015=DIRECTION('',(0.,0.,-1.));
#2016=DIRECTION('',(0.,-1.,0.));
#2017=DIRECTION('',(-0.707106781186548,0.707106781186547,0.));
#2018=DIRECTION('',(0.,0.,-1.));
#2019=DIRECTION('',(0.,0.,-1.));
#2020=DIRECTION('',(0.,0.,-1.));
#2021=DIRECTION('',(0.,0.,-1.));
#2022=DIRECTION('',(0.,0.,1.));
#2023=DIRECTION('',(0.,0.,1.));
#2024=DIRECTION('',(1.,0.,0.));
#2025=CARTESIAN_POINT('',(0.,0.,0.));
#2026=CARTESIAN_POINT('',(-637.405887450305,-34.,-618.8));
#2027=CARTESIAN_POINT('',(-34.,637.405887450305,-618.8));
#2028=CARTESIAN_POINT('',(637.405887450305,34.,-618.8));
#2029=CARTESIAN_POINT('',(34.,-637.405887450305,-618.8));
#2030=CARTESIAN_POINT('',(36.,-638.4,-618.8));
#2031=CARTESIAN_POINT('',(-394.964068711928,-461.964068711929,602.8));
#2032=CARTESIAN_POINT('',(-638.4,-36.,-618.8));
#2033=CARTESIAN_POINT('',(394.964068711928,-461.964068711929,-618.8));
#2034=CARTESIAN_POINT('',(-36.,638.4,-618.8));
#2035=CARTESIAN_POINT('',(-461.964068711928,-394.964068711928,-618.8));
#2036=CARTESIAN_POINT('',(638.4,36.,-618.8));
#2037=CARTESIAN_POINT('',(461.964068711928,-394.964068711928,602.8));
#2038=CARTESIAN_POINT('',(395.675338549149,-459.846911424403,-618.5));
#2039=CARTESIAN_POINT('',(-459.846911424403,-395.675338549149,-618.5));
#2040=CARTESIAN_POINT('',(459.846911424403,-395.675338549149,599.5));
#2041=CARTESIAN_POINT('',(-395.675338549149,-459.846911424403,599.5));
#2042=CARTESIAN_POINT('',(-635.562132034356,-16.,587.071269837221));
#2043=CARTESIAN_POINT('',(571.183452377916,16.,-620.642842712475));
#2044=CARTESIAN_POINT('',(-571.183452377916,-16.,587.071269837221));
#2045=CARTESIAN_POINT('',(635.562132034356,16.,-620.642842712475));
#2046=CARTESIAN_POINT('',(-644.4,-644.4,-16.));
#2047=CARTESIAN_POINT('',(30.3786796564441,-620.4,-619.548528137424));
#2048=CARTESIAN_POINT('',(-395.307521089847,-620.4,-442.479093965095));
#2049=CARTESIAN_POINT('',(-30.3786796564365,-620.4,584.548528137424));
#2050=CARTESIAN_POINT('',(-456.714930909072,-620.4,-444.543358033803));
#2051=CARTESIAN_POINT('',(196.415917283372,-620.4,-574.790389779843));
#2052=CARTESIAN_POINT('',(393.099926576306,-620.4,408.099926576303));
#2053=CARTESIAN_POINT('',(-459.614068711927,-620.4,409.61406871193));
#2054=CARTESIAN_POINT('',(395.307521089847,-620.4,-442.479093965095));
#2055=CARTESIAN_POINT('',(-635.262842712475,-620.4,-18.9999999998775));
#2056=CARTESIAN_POINT('',(264.074495927123,-620.4,536.931811136086));
#2057=CARTESIAN_POINT('',(-570.291269837221,-620.4,-18.9999999998907));
#2058=CARTESIAN_POINT('',(459.614068711927,-620.4,409.61406871193));
#2059=CARTESIAN_POINT('',(456.714930909072,-620.4,-444.543358033803));
#2060=CARTESIAN_POINT('',(-393.099926576306,-620.4,408.099926576303));
#2061=CARTESIAN_POINT('',(32.6,622.824121215213,-617.56));
#2062=CARTESIAN_POINT('',(-394.829444971398,-142.764855149555,-745.221272173034));
#2063=CARTESIAN_POINT('',(459.604068711928,619.2,414.604068711929));
#2064=CARTESIAN_POINT('',(-394.829444971398,142.764855149555,-745.221272173034));
#2065=CARTESIAN_POINT('',(-622.824121215213,32.6,-617.56));
#2066=CARTESIAN_POINT('',(142.764855149555,-394.829444971398,-745.221272173034));
#2067=CARTESIAN_POINT('',(-619.2,459.604068711928,414.604068711929));
#2068=CARTESIAN_POINT('',(-142.764855149555,-394.829444971398,-745.221272173034));
#2069=CARTESIAN_POINT('',(-32.6000000000001,-622.824121215213,-617.56));
#2070=CARTESIAN_POINT('',(394.829444971398,142.764855149555,-745.221272173034));
#2071=CARTESIAN_POINT('',(-459.604068711928,-619.2,414.604068711929));
#2072=CARTESIAN_POINT('',(394.829444971398,-142.764855149555,-745.221272173034));
#2073=CARTESIAN_POINT('',(622.824121215213,-32.6000000000001,-617.56));
#2074=CARTESIAN_POINT('',(-142.764855149555,394.829444971398,-745.221272173033));
#2075=CARTESIAN_POINT('',(619.2,-459.604068711928,414.604068711929));
#2076=CARTESIAN_POINT('',(142.764855149555,394.829444971398,-745.221272173034));
#2077=CARTESIAN_POINT('',(585.4,-31.0000000000001,-604.5));
#2078=CARTESIAN_POINT('',(-620.52,-459.614046060218,425.614046060218));
#2079=CARTESIAN_POINT('',(-585.4,-30.9999999999999,-604.5));
#2080=CARTESIAN_POINT('',(31.,-620.6,-604.5));
#2081=CARTESIAN_POINT('',(459.614046060218,-620.52,425.614046060218));
#2082=CARTESIAN_POINT('',(31.,-585.4,601.5));
#2083=CARTESIAN_POINT('',(-585.4,31.,-604.5));
#2084=CARTESIAN_POINT('',(-620.52,-393.113819543115,-427.113819543115));
#2085=CARTESIAN_POINT('',(585.4,31.,-604.5));
#2086=CARTESIAN_POINT('',(-31.0000000000001,-585.4,-604.5));
#2087=CARTESIAN_POINT('',(393.113819543115,-620.52,-427.113819543115));
#2088=CARTESIAN_POINT('',(-30.9999999999999,585.4,-604.5));
#2089=CARTESIAN_POINT('',(19.0999999999999,-635.5,-604.5));
#2090=CARTESIAN_POINT('',(-585.4,570.5,-3.));
#2091=CARTESIAN_POINT('',(16.0999999999999,-635.5,-604.5));
#2092=CARTESIAN_POINT('',(-620.52,393.113819543115,424.114272577321));
#2093=CARTESIAN_POINT('',(-16.1000000000001,-635.5,-604.5));
#2094=CARTESIAN_POINT('',(-620.6,570.5,-3.));
#2095=CARTESIAN_POINT('',(-19.1000000000001,-635.5,-604.5));
#2096=CARTESIAN_POINT('',(403.414703630539,-460.550490068166,-604.5));
#2097=CARTESIAN_POINT('',(-635.5,-19.0999999999999,-604.5));
#2098=CARTESIAN_POINT('',(570.5,585.4,-3.));
#2099=CARTESIAN_POINT('',(-635.5,-16.0999999999999,-604.5));
#2100=CARTESIAN_POINT('',(-459.614046060218,-620.52,-428.613593026011));
#2101=CARTESIAN_POINT('',(-635.5,16.1000000000001,-604.5));
#2102=CARTESIAN_POINT('',(570.5,620.6,-3.));
#2103=CARTESIAN_POINT('',(-635.5,19.1000000000001,-604.5));
#2104=CARTESIAN_POINT('',(-460.550490068166,-403.414703630539,-604.5));
#2105=CARTESIAN_POINT('',(-19.1,635.5,-604.5));
#2106=CARTESIAN_POINT('',(585.4,-570.5,-3.));
#2107=CARTESIAN_POINT('',(-16.1,635.5,-604.5));
#2108=CARTESIAN_POINT('',(-620.52,459.614046060218,-428.613593026011));
#2109=CARTESIAN_POINT('',(16.1,635.5,-604.5));
#2110=CARTESIAN_POINT('',(620.6,-570.5,-3.));
#2111=CARTESIAN_POINT('',(19.1,635.5,-604.5));
#2112=CARTESIAN_POINT('',(-403.414703630539,460.550490068166,-604.5));
#2113=CARTESIAN_POINT('',(-570.5,19.1,-604.5));
#2114=CARTESIAN_POINT('',(-570.5,-585.4,-3.));
#2115=CARTESIAN_POINT('',(-570.5,16.1,-604.5));
#2116=CARTESIAN_POINT('',(-393.113819543115,-620.52,424.114272577321));
#2117=CARTESIAN_POINT('',(-570.5,-16.1,-604.5));
#2118=CARTESIAN_POINT('',(-570.5,-620.6,-3.));
#2119=CARTESIAN_POINT('',(-570.5,-19.1,-604.5));
#2120=CARTESIAN_POINT('',(460.550490068166,403.414703630539,-604.5));
#2121=CARTESIAN_POINT('',(579.150634918611,579.15063491861,-3.));
#2122=CARTESIAN_POINT('',(579.15063491861,-579.15063491861,-3.));
#2123=CARTESIAN_POINT('',(-579.15063491861,-579.15063491861,-3.));
#2124=CARTESIAN_POINT('',(-579.15063491861,-636.286421356237,-3.));
#2125=CARTESIAN_POINT('',(-644.4,-644.4,0.));
#2126=CARTESIAN_POINT('',(30.1715728752538,-34.,-3.));
#2127=CARTESIAN_POINT('',(23.1357864376269,-34.,-3.));
#2128=CARTESIAN_POINT('',(30.1715728752538,-34.,-16.));
#2129=CARTESIAN_POINT('',(20.,-34.,-16.));
#2130=CARTESIAN_POINT('',(15.,-34.,-11.));
#2131=CARTESIAN_POINT('',(-15.,-34.,-11.));
#2132=CARTESIAN_POINT('',(-20.,-34.,-16.));
#2133=CARTESIAN_POINT('',(-30.1715728752538,-34.,-16.));
#2134=CARTESIAN_POINT('',(-30.1715728752538,-34.,-3.));
#2135=CARTESIAN_POINT('',(-23.1357864376269,-34.,-3.));
#2136=CARTESIAN_POINT('',(-23.1357864376269,-34.,0.));
#2137=CARTESIAN_POINT('',(-19.1,-34.,0.));
#2138=CARTESIAN_POINT('',(-19.1,-34.,-3.));
#2139=CARTESIAN_POINT('',(-16.1,-34.,-3.));
#2140=CARTESIAN_POINT('',(-16.1,-34.,-2.99954696579339));
#2141=CARTESIAN_POINT('',(16.1,-34.,-2.99954696579339));
#2142=CARTESIAN_POINT('',(16.1,-34.,-3.));
#2143=CARTESIAN_POINT('',(19.1,-34.,-3.));
#2144=CARTESIAN_POINT('',(19.1,-34.,0.));
#2145=CARTESIAN_POINT('',(23.1357864376269,-34.,0.));
#2146=CARTESIAN_POINT('',(-34.,-30.1715728752538,-16.));
#2147=CARTESIAN_POINT('',(-34.,-30.1715728752538,-3.));
#2148=CARTESIAN_POINT('',(-34.,-20.,-16.));
#2149=CARTESIAN_POINT('',(-34.,-15.,-11.));
#2150=CARTESIAN_POINT('',(-34.,15.,-11.));
#2151=CARTESIAN_POINT('',(-34.,20.,-16.));
#2152=CARTESIAN_POINT('',(-34.,30.1715728752538,-16.));
#2153=CARTESIAN_POINT('',(-34.,30.1715728752538,-3.));
#2154=CARTESIAN_POINT('',(-34.,23.1357864376269,-3.));
#2155=CARTESIAN_POINT('',(-34.,23.1357864376269,0.));
#2156=CARTESIAN_POINT('',(-34.,19.1,0.));
#2157=CARTESIAN_POINT('',(-34.,19.1,-3.));
#2158=CARTESIAN_POINT('',(-34.,16.1,-3.));
#2159=CARTESIAN_POINT('',(-34.,16.1,-2.99954696579339));
#2160=CARTESIAN_POINT('',(-34.,-16.1,-2.99954696579339));
#2161=CARTESIAN_POINT('',(-34.,-16.1,-3.));
#2162=CARTESIAN_POINT('',(-34.,-19.1,-3.));
#2163=CARTESIAN_POINT('',(-34.,-19.1,0.));
#2164=CARTESIAN_POINT('',(-34.,-23.1357864376269,0.));
#2165=CARTESIAN_POINT('',(-34.,-23.1357864376269,-3.));
#2166=CARTESIAN_POINT('',(-30.1715728752538,34.,-16.));
#2167=CARTESIAN_POINT('',(-30.1715728752538,34.,-3.));
#2168=CARTESIAN_POINT('',(-20.,34.,-16.));
#2169=CARTESIAN_POINT('',(-15.,34.,-11.));
#2170=CARTESIAN_POINT('',(15.,34.,-11.));
#2171=CARTESIAN_POINT('',(20.,34.,-16.));
#2172=CARTESIAN_POINT('',(30.1715728752538,34.,-16.));
#2173=CARTESIAN_POINT('',(30.1715728752538,34.,-3.));
#2174=CARTESIAN_POINT('',(23.1357864376269,34.,-3.));
#2175=CARTESIAN_POINT('',(23.1357864376269,34.,0.));
#2176=CARTESIAN_POINT('',(19.1,34.,0.));
#2177=CARTESIAN_POINT('',(19.1,34.,-3.));
#2178=CARTESIAN_POINT('',(16.1,34.,-3.));
#2179=CARTESIAN_POINT('',(16.1,34.,-2.99954696579339));
#2180=CARTESIAN_POINT('',(-16.1,34.,-2.9995469657933));
#2181=CARTESIAN_POINT('',(-16.1,34.,-3.));
#2182=CARTESIAN_POINT('',(-19.1,34.,-3.));
#2183=CARTESIAN_POINT('',(-19.1,34.,0.));
#2184=CARTESIAN_POINT('',(-23.1357864376269,34.,0.));
#2185=CARTESIAN_POINT('',(-23.1357864376269,34.,-3.));
#2186=CARTESIAN_POINT('',(34.,30.1715728752538,-16.));
#2187=CARTESIAN_POINT('',(34.,30.1715728752538,-3.));
#2188=CARTESIAN_POINT('',(34.,20.,-16.));
#2189=CARTESIAN_POINT('',(34.,15.,-11.));
#2190=CARTESIAN_POINT('',(34.,-15.,-11.));
#2191=CARTESIAN_POINT('',(34.,-20.,-16.));
#2192=CARTESIAN_POINT('',(34.,-30.1715728752538,-16.));
#2193=CARTESIAN_POINT('',(34.,-30.1715728752538,-3.));
#2194=CARTESIAN_POINT('',(34.,-23.1357864376269,-3.));
#2195=CARTESIAN_POINT('',(34.,-23.1357864376269,0.));
#2196=CARTESIAN_POINT('',(34.,-19.1,0.));
#2197=CARTESIAN_POINT('',(34.,-19.1,-3.));
#2198=CARTESIAN_POINT('',(34.,-16.1,-3.));
#2199=CARTESIAN_POINT('',(34.,-16.1,-2.99954696579339));
#2200=CARTESIAN_POINT('',(34.,16.1,-2.99954696579339));
#2201=CARTESIAN_POINT('',(34.,16.1,-3.));
#2202=CARTESIAN_POINT('',(34.,19.1,-3.));
#2203=CARTESIAN_POINT('',(34.,19.1,0.));
#2204=CARTESIAN_POINT('',(34.,23.1357864376269,0.));
#2205=CARTESIAN_POINT('',(34.,23.1357864376269,-3.));
#2206=CARTESIAN_POINT('',(36.,31.,0.));
#2207=CARTESIAN_POINT('',(36.,-31.,0.));
#2208=CARTESIAN_POINT('',(36.,-31.,-16.));
#2209=CARTESIAN_POINT('',(36.,31.,-16.));
#2210=CARTESIAN_POINT('',(31.,-36.,0.));
#2211=CARTESIAN_POINT('',(31.,-36.,-16.));
#2212=CARTESIAN_POINT('',(-31.,-36.,0.));
#2213=CARTESIAN_POINT('',(-31.,-36.,-16.));
#2214=CARTESIAN_POINT('',(-36.,-31.,0.));
#2215=CARTESIAN_POINT('',(-36.,-31.,-16.));
#2216=CARTESIAN_POINT('',(-36.,31.,0.));
#2217=CARTESIAN_POINT('',(-36.,31.,-16.));
#2218=CARTESIAN_POINT('',(-31.,36.,0.));
#2219=CARTESIAN_POINT('',(-31.,36.,-16.));
#2220=CARTESIAN_POINT('',(31.,36.,0.));
#2221=CARTESIAN_POINT('',(31.,36.,-16.));
#2222=CARTESIAN_POINT('',(-32.6,-16.,-14.5715728752539));
#2223=CARTESIAN_POINT('',(-32.6,-16.,-16.));
#2224=CARTESIAN_POINT('',(-34.,-16.,-16.));
#2225=CARTESIAN_POINT('',(-32.5,-16.,-17.5));
#2226=CARTESIAN_POINT('',(-33.8585786437627,-16.,-18.8585786437627));
#2227=CARTESIAN_POINT('',(-33.8,-16.,-19.));
#2228=CARTESIAN_POINT('',(-31.1715728752543,-16.,-19.0000000000006));
#2229=CARTESIAN_POINT('',(-30.3786796564403,-16.,-18.2071067811866));
#2230=CARTESIAN_POINT('',(-30.3786796564403,-16.,-16.7928932188136));
#2231=CARTESIAN_POINT('',(-32.6,16.,-16.));
#2232=CARTESIAN_POINT('',(-34.,16.,-16.));
#2233=CARTESIAN_POINT('',(-32.6,16.,-14.5715728752539));
#2234=CARTESIAN_POINT('',(-30.3786796564403,16.,-16.7928932188135));
#2235=CARTESIAN_POINT('',(-30.3786796564403,16.,-18.2071067811866));
#2236=CARTESIAN_POINT('',(-31.1715728752543,16.,-19.0000000000006));
#2237=CARTESIAN_POINT('',(-33.8,16.,-19.));
#2238=CARTESIAN_POINT('',(-33.8585786437627,16.,-18.8585786437627));
#2239=CARTESIAN_POINT('',(-32.5,16.,-17.5));
#2240=CARTESIAN_POINT('',(32.5,-16.,-17.5));
#2241=CARTESIAN_POINT('',(34.,-16.,-16.));
#2242=CARTESIAN_POINT('',(32.6,-16.,-16.));
#2243=CARTESIAN_POINT('',(32.6,-16.,-14.5715728752539));
#2244=CARTESIAN_POINT('',(30.3786796564403,-16.,-16.7928932188135));
#2245=CARTESIAN_POINT('',(30.3786796564403,-16.,-18.2071067811866));
#2246=CARTESIAN_POINT('',(31.1715728752543,-16.,-19.0000000000048));
#2247=CARTESIAN_POINT('',(33.8,-16.,-19.0000000000046));
#2248=CARTESIAN_POINT('',(33.8585786437627,-16.,-18.8585786437627));
#2249=CARTESIAN_POINT('',(34.,16.,-16.));
#2250=CARTESIAN_POINT('',(32.6,16.,-16.));
#2251=CARTESIAN_POINT('',(32.5,16.,-17.5));
#2252=CARTESIAN_POINT('',(33.8585786437627,16.,-18.8585786437627));
#2253=CARTESIAN_POINT('',(33.8,16.,-19.0000000000046));
#2254=CARTESIAN_POINT('',(31.1715728752543,16.,-19.0000000000048));
#2255=CARTESIAN_POINT('',(30.3786796564403,16.,-18.2071067811866));
#2256=CARTESIAN_POINT('',(30.3786796564403,16.,-16.7928932188136));
#2257=CARTESIAN_POINT('',(32.6,16.,-14.571572875254));
#2258=CARTESIAN_POINT('',(18.0201010126777,-32.6,-16.));
#2259=CARTESIAN_POINT('',(-18.0201010126777,-32.6,-16.));
#2260=CARTESIAN_POINT('',(32.6,-18.0201010126777,-16.));
#2261=CARTESIAN_POINT('',(32.6,18.0201010126777,-16.));
#2262=CARTESIAN_POINT('',(18.0201010126777,32.6,-16.));
#2263=CARTESIAN_POINT('',(-18.0201010126777,32.6,-16.));
#2264=CARTESIAN_POINT('',(-32.6,18.0201010126777,-16.));
#2265=CARTESIAN_POINT('',(-32.6,-18.0201010126777,-16.));
#2266=CARTESIAN_POINT('',(32.6,-14.4201010126777,-12.4));
#2267=CARTESIAN_POINT('',(32.6,14.4201010126777,-12.4));
#2268=CARTESIAN_POINT('',(14.4201010126777,32.6,-12.4));
#2269=CARTESIAN_POINT('',(-14.4201010126777,32.6,-12.4));
#2270=CARTESIAN_POINT('',(-32.6,14.4201010126777,-12.4));
#2271=CARTESIAN_POINT('',(-32.6,-14.4201010126777,-12.4));
#2272=CARTESIAN_POINT('',(-14.4201010126777,-32.6,-12.4));
#2273=CARTESIAN_POINT('',(14.4201010126777,-32.6,-12.4));
#2274=CARTESIAN_POINT('',(-19.1,-31.,0.));
#2275=CARTESIAN_POINT('',(-16.1,-31.,0.));
#2276=CARTESIAN_POINT('',(-16.1,-31.,-3.));
#2277=CARTESIAN_POINT('',(-19.1,-31.,-3.));
#2278=CARTESIAN_POINT('',(16.1,-32.5002265171034,-1.49977348289669));
#2279=CARTESIAN_POINT('',(16.1,-34.,0.));
#2280=CARTESIAN_POINT('',(-16.1,-32.5002265171034,-1.49977348289669));
#2281=CARTESIAN_POINT('',(-16.1,-34.,0.));
#2282=CARTESIAN_POINT('',(19.1,-31.,0.));
#2283=CARTESIAN_POINT('',(16.1,-31.,0.));
#2284=CARTESIAN_POINT('',(19.1,-31.,-3.));
#2285=CARTESIAN_POINT('',(16.1,-31.,-3.));
#2286=CARTESIAN_POINT('',(31.,-19.1,0.));
#2287=CARTESIAN_POINT('',(31.,-16.1,0.));
#2288=CARTESIAN_POINT('',(31.,-16.1,-3.));
#2289=CARTESIAN_POINT('',(31.,-19.1,-3.));
#2290=CARTESIAN_POINT('',(32.5002265171034,16.1,-1.49977348289669));
#2291=CARTESIAN_POINT('',(34.,16.1,0.));
#2292=CARTESIAN_POINT('',(32.5002265171034,-16.1,-1.49977348289669));
#2293=CARTESIAN_POINT('',(34.,-16.1,0.));
#2294=CARTESIAN_POINT('',(31.,19.1,0.));
#2295=CARTESIAN_POINT('',(31.,16.1,0.));
#2296=CARTESIAN_POINT('',(31.,19.1,-3.));
#2297=CARTESIAN_POINT('',(31.,16.1,-3.));
#2298=CARTESIAN_POINT('',(19.1,31.,0.));
#2299=CARTESIAN_POINT('',(16.1,31.,0.));
#2300=CARTESIAN_POINT('',(16.1,31.,-3.));
#2301=CARTESIAN_POINT('',(19.1,31.,-3.));
#2302=CARTESIAN_POINT('',(-16.1,32.5002265171034,-1.49977348289669));
#2303=CARTESIAN_POINT('',(-16.1,34.,0.));
#2304=CARTESIAN_POINT('',(16.1,32.5002265171034,-1.49977348289669));
#2305=CARTESIAN_POINT('',(16.1,34.,0.));
#2306=CARTESIAN_POINT('',(-19.1,31.,0.));
#2307=CARTESIAN_POINT('',(-16.1,31.,0.));
#2308=CARTESIAN_POINT('',(-19.1,31.,-3.));
#2309=CARTESIAN_POINT('',(-16.1,31.,-3.));
#2310=CARTESIAN_POINT('',(-31.,19.1,0.));
#2311=CARTESIAN_POINT('',(-31.,16.1,0.));
#2312=CARTESIAN_POINT('',(-31.,16.1,-3.));
#2313=CARTESIAN_POINT('',(-31.,19.1,-3.));
#2314=CARTESIAN_POINT('',(-32.5002265171034,-16.1,-1.49977348289669));
#2315=CARTESIAN_POINT('',(-34.,-16.1,0.));
#2316=CARTESIAN_POINT('',(-32.5002265171034,16.1,-1.49977348289669));
#2317=CARTESIAN_POINT('',(-34.,16.1,0.));
#2318=CARTESIAN_POINT('',(-31.,-19.1,0.));
#2319=CARTESIAN_POINT('',(-31.,-16.1,0.));
#2320=CARTESIAN_POINT('',(-31.,-19.1,-3.));
#2321=CARTESIAN_POINT('',(-31.,-16.1,-3.));
#2322=CARTESIAN_POINT('',(30.1715728752538,-34.,-3.));
#2323=CARTESIAN_POINT('',(23.1357864376269,-34.,-3.));
#2324=CARTESIAN_POINT('',(30.1715728752538,-34.,-16.));
#2325=CARTESIAN_POINT('',(30.1715728752538,-34.,-3.));
#2326=CARTESIAN_POINT('',(20.,-34.,-16.));
#2327=CARTESIAN_POINT('',(30.1715728752538,-34.,-16.));
#2328=CARTESIAN_POINT('',(-15.,-34.,-11.));
#2329=CARTESIAN_POINT('',(15.,-34.,-11.));
#2330=CARTESIAN_POINT('',(-30.1715728752538,-34.,-16.));
#2331=CARTESIAN_POINT('',(-20.,-34.,-16.));
#2332=CARTESIAN_POINT('',(-30.1715728752538,-34.,-3.));
#2333=CARTESIAN_POINT('',(-30.1715728752538,-34.,-16.));
#2334=CARTESIAN_POINT('',(-23.1357864376269,-34.,-3.));
#2335=CARTESIAN_POINT('',(-30.1715728752538,-34.,-3.));
#2336=CARTESIAN_POINT('',(-23.1357864376269,-34.,0.));
#2337=CARTESIAN_POINT('',(-23.1357864376269,-34.,-3.));
#2338=CARTESIAN_POINT('',(-19.1,-34.,0.));
#2339=CARTESIAN_POINT('',(-23.1357864376269,-34.,0.));
#2340=CARTESIAN_POINT('',(-19.1,-34.,-3.));
#2341=CARTESIAN_POINT('',(-19.1,-34.,0.));
#2342=CARTESIAN_POINT('',(-16.1,-34.,-3.));
#2343=CARTESIAN_POINT('',(-19.1,-34.,-3.));
#2344=CARTESIAN_POINT('',(-16.1,-34.,-2.99954696579339));
#2345=CARTESIAN_POINT('',(-16.1,-34.,-3.));
#2346=CARTESIAN_POINT('',(16.1,-34.,-2.99954696579339));
#2347=CARTESIAN_POINT('',(-16.1,-34.,-2.99954696579339));
#2348=CARTESIAN_POINT('',(16.1,-34.,-3.));
#2349=CARTESIAN_POINT('',(16.1,-34.,-2.99954696579339));
#2350=CARTESIAN_POINT('',(19.1,-34.,-3.));
#2351=CARTESIAN_POINT('',(16.1,-34.,-3.));
#2352=CARTESIAN_POINT('',(19.1,-34.,0.));
#2353=CARTESIAN_POINT('',(19.1,-34.,-3.));
#2354=CARTESIAN_POINT('',(23.1357864376269,-34.,0.));
#2355=CARTESIAN_POINT('',(19.1,-34.,0.));
#2356=CARTESIAN_POINT('',(23.1357864376269,-34.,-3.));
#2357=CARTESIAN_POINT('',(23.1357864376269,-34.,0.));
#2358=CARTESIAN_POINT('',(-34.,-30.1715728752538,-16.));
#2359=CARTESIAN_POINT('',(-34.,-30.1715728752538,-3.));
#2360=CARTESIAN_POINT('',(-34.,-20.,-16.));
#2361=CARTESIAN_POINT('',(-34.,-30.1715728752538,-16.));
#2362=CARTESIAN_POINT('',(-34.,15.,-11.));
#2363=CARTESIAN_POINT('',(-34.,-15.,-11.));
#2364=CARTESIAN_POINT('',(-34.,30.1715728752538,-16.));
#2365=CARTESIAN_POINT('',(-34.,20.,-16.));
#2366=CARTESIAN_POINT('',(-34.,30.1715728752538,-3.));
#2367=CARTESIAN_POINT('',(-34.,30.1715728752538,-16.));
#2368=CARTESIAN_POINT('',(-34.,23.1357864376269,-3.));
#2369=CARTESIAN_POINT('',(-34.,30.1715728752538,-3.));
#2370=CARTESIAN_POINT('',(-34.,23.1357864376269,0.));
#2371=CARTESIAN_POINT('',(-34.,23.1357864376269,-3.));
#2372=CARTESIAN_POINT('',(-34.,19.1,0.));
#2373=CARTESIAN_POINT('',(-34.,23.1357864376269,0.));
#2374=CARTESIAN_POINT('',(-34.,19.1,-3.));
#2375=CARTESIAN_POINT('',(-34.,19.1,0.));
#2376=CARTESIAN_POINT('',(-34.,16.1,-3.));
#2377=CARTESIAN_POINT('',(-34.,19.1,-3.));
#2378=CARTESIAN_POINT('',(-34.,16.1,-2.99954696579339));
#2379=CARTESIAN_POINT('',(-34.,16.1,-3.));
#2380=CARTESIAN_POINT('',(-34.,-16.1,-2.99954696579339));
#2381=CARTESIAN_POINT('',(-34.,16.1,-2.99954696579339));
#2382=CARTESIAN_POINT('',(-34.,-16.1,-3.));
#2383=CARTESIAN_POINT('',(-34.,-16.1,-2.99954696579339));
#2384=CARTESIAN_POINT('',(-34.,-19.1,-3.));
#2385=CARTESIAN_POINT('',(-34.,-16.1,-3.));
#2386=CARTESIAN_POINT('',(-34.,-19.1,0.));
#2387=CARTESIAN_POINT('',(-34.,-19.1,-3.));
#2388=CARTESIAN_POINT('',(-34.,-23.1357864376269,0.));
#2389=CARTESIAN_POINT('',(-34.,-19.1,0.));
#2390=CARTESIAN_POINT('',(-34.,-23.1357864376269,-3.));
#2391=CARTESIAN_POINT('',(-34.,-23.1357864376269,0.));
#2392=CARTESIAN_POINT('',(-34.,-30.1715728752538,-3.));
#2393=CARTESIAN_POINT('',(-34.,-23.1357864376269,-3.));
#2394=CARTESIAN_POINT('',(-30.1715728752538,34.,-16.));
#2395=CARTESIAN_POINT('',(-30.1715728752538,34.,-3.));
#2396=CARTESIAN_POINT('',(-20.,34.,-16.));
#2397=CARTESIAN_POINT('',(-30.1715728752538,34.,-16.));
#2398=CARTESIAN_POINT('',(15.,34.,-11.));
#2399=CARTESIAN_POINT('',(-15.,34.,-11.));
#2400=CARTESIAN_POINT('',(30.1715728752538,34.,-16.));
#2401=CARTESIAN_POINT('',(20.,34.,-16.));
#2402=CARTESIAN_POINT('',(30.1715728752538,34.,-3.));
#2403=CARTESIAN_POINT('',(30.1715728752538,34.,-16.));
#2404=CARTESIAN_POINT('',(23.1357864376269,34.,-3.));
#2405=CARTESIAN_POINT('',(30.1715728752538,34.,-3.));
#2406=CARTESIAN_POINT('',(23.1357864376269,34.,0.));
#2407=CARTESIAN_POINT('',(23.1357864376269,34.,-3.));
#2408=CARTESIAN_POINT('',(19.1,34.,0.));
#2409=CARTESIAN_POINT('',(23.1357864376269,34.,0.));
#2410=CARTESIAN_POINT('',(19.1,34.,-3.));
#2411=CARTESIAN_POINT('',(19.1,34.,0.));
#2412=CARTESIAN_POINT('',(16.1,34.,-3.));
#2413=CARTESIAN_POINT('',(19.1,34.,-3.));
#2414=CARTESIAN_POINT('',(16.1,34.,-2.99954696579339));
#2415=CARTESIAN_POINT('',(16.1,34.,-3.));
#2416=CARTESIAN_POINT('',(-16.1,34.,-2.9995469657933));
#2417=CARTESIAN_POINT('',(16.1,34.,-2.99954696579339));
#2418=CARTESIAN_POINT('',(-16.1,34.,-3.));
#2419=CARTESIAN_POINT('',(-16.1,34.,-2.9995469657933));
#2420=CARTESIAN_POINT('',(-19.1,34.,-3.));
#2421=CARTESIAN_POINT('',(-16.1,34.,-3.));
#2422=CARTESIAN_POINT('',(-19.1,34.,0.));
#2423=CARTESIAN_POINT('',(-19.1,34.,-3.));
#2424=CARTESIAN_POINT('',(-23.1357864376269,34.,0.));
#2425=CARTESIAN_POINT('',(-19.1,34.,0.));
#2426=CARTESIAN_POINT('',(-23.1357864376269,34.,-3.));
#2427=CARTESIAN_POINT('',(-23.1357864376269,34.,0.));
#2428=CARTESIAN_POINT('',(-30.1715728752538,34.,-3.));
#2429=CARTESIAN_POINT('',(-23.1357864376269,34.,-3.));
#2430=CARTESIAN_POINT('',(34.,30.1715728752538,-16.));
#2431=CARTESIAN_POINT('',(34.,30.1715728752538,-3.));
#2432=CARTESIAN_POINT('',(34.,20.,-16.));
#2433=CARTESIAN_POINT('',(34.,30.1715728752538,-16.));
#2434=CARTESIAN_POINT('',(34.,-15.,-11.));
#2435=CARTESIAN_POINT('',(34.,15.,-11.));
#2436=CARTESIAN_POINT('',(34.,-30.1715728752538,-16.));
#2437=CARTESIAN_POINT('',(34.,-20.,-16.));
#2438=CARTESIAN_POINT('',(34.,-30.1715728752538,-3.));
#2439=CARTESIAN_POINT('',(34.,-30.1715728752538,-16.));
#2440=CARTESIAN_POINT('',(34.,-23.1357864376269,-3.));
#2441=CARTESIAN_POINT('',(34.,-30.1715728752538,-3.));
#2442=CARTESIAN_POINT('',(34.,-23.1357864376269,0.));
#2443=CARTESIAN_POINT('',(34.,-23.1357864376269,-3.));
#2444=CARTESIAN_POINT('',(34.,-19.1,0.));
#2445=CARTESIAN_POINT('',(34.,-23.1357864376269,0.));
#2446=CARTESIAN_POINT('',(34.,-19.1,-3.));
#2447=CARTESIAN_POINT('',(34.,-19.1,0.));
#2448=CARTESIAN_POINT('',(34.,-16.1,-3.));
#2449=CARTESIAN_POINT('',(34.,-19.1,-3.));
#2450=CARTESIAN_POINT('',(34.,-16.1,-2.99954696579339));
#2451=CARTESIAN_POINT('',(34.,-16.1,-3.));
#2452=CARTESIAN_POINT('',(34.,16.1,-2.99954696579339));
#2453=CARTESIAN_POINT('',(34.,-16.1,-2.99954696579339));
#2454=CARTESIAN_POINT('',(34.,16.1,-3.));
#2455=CARTESIAN_POINT('',(34.,16.1,-2.99954696579339));
#2456=CARTESIAN_POINT('',(34.,19.1,-3.));
#2457=CARTESIAN_POINT('',(34.,16.1,-3.));
#2458=CARTESIAN_POINT('',(34.,19.1,0.));
#2459=CARTESIAN_POINT('',(34.,19.1,-3.));
#2460=CARTESIAN_POINT('',(34.,23.1357864376269,0.));
#2461=CARTESIAN_POINT('',(34.,19.1,0.));
#2462=CARTESIAN_POINT('',(34.,23.1357864376269,-3.));
#2463=CARTESIAN_POINT('',(34.,23.1357864376269,0.));
#2464=CARTESIAN_POINT('',(34.,30.1715728752538,-3.));
#2465=CARTESIAN_POINT('',(34.,23.1357864376269,-3.));
#2466=CARTESIAN_POINT('',(36.,31.,0.));
#2467=CARTESIAN_POINT('',(36.,-31.,0.));
#2468=CARTESIAN_POINT('',(36.,-31.,0.));
#2469=CARTESIAN_POINT('',(36.,-31.,-16.));
#2470=CARTESIAN_POINT('',(36.,-31.,-16.));
#2471=CARTESIAN_POINT('',(36.,31.,-16.));
#2472=CARTESIAN_POINT('',(36.,31.,-16.));
#2473=CARTESIAN_POINT('',(36.,31.,0.));
#2474=CARTESIAN_POINT('',(31.,-36.,0.));
#2475=CARTESIAN_POINT('',(31.,-36.,-16.));
#2476=CARTESIAN_POINT('',(31.,-36.,-16.));
#2477=CARTESIAN_POINT('',(36.,-31.,-16.));
#2478=CARTESIAN_POINT('',(36.,-31.,0.));
#2479=CARTESIAN_POINT('',(31.,-36.,0.));
#2480=CARTESIAN_POINT('',(31.,-36.,0.));
#2481=CARTESIAN_POINT('',(-31.,-36.,0.));
#2482=CARTESIAN_POINT('',(-31.,-36.,0.));
#2483=CARTESIAN_POINT('',(-31.,-36.,-16.));
#2484=CARTESIAN_POINT('',(-31.,-36.,-16.));
#2485=CARTESIAN_POINT('',(31.,-36.,-16.));
#2486=CARTESIAN_POINT('',(-36.,-31.,0.));
#2487=CARTESIAN_POINT('',(-36.,-31.,-16.));
#2488=CARTESIAN_POINT('',(-36.,-31.,-16.));
#2489=CARTESIAN_POINT('',(-31.,-36.,-16.));
#2490=CARTESIAN_POINT('',(-31.,-36.,0.));
#2491=CARTESIAN_POINT('',(-36.,-31.,0.));
#2492=CARTESIAN_POINT('',(-36.,-31.,0.));
#2493=CARTESIAN_POINT('',(-36.,31.,0.));
#2494=CARTESIAN_POINT('',(-36.,31.,0.));
#2495=CARTESIAN_POINT('',(-36.,31.,-16.));
#2496=CARTESIAN_POINT('',(-36.,31.,-16.));
#2497=CARTESIAN_POINT('',(-36.,-31.,-16.));
#2498=CARTESIAN_POINT('',(-31.,36.,0.));
#2499=CARTESIAN_POINT('',(-31.,36.,-16.));
#2500=CARTESIAN_POINT('',(-31.,36.,-16.));
#2501=CARTESIAN_POINT('',(-36.,31.,-16.));
#2502=CARTESIAN_POINT('',(-36.,31.,0.));
#2503=CARTESIAN_POINT('',(-31.,36.,0.));
#2504=CARTESIAN_POINT('',(-31.,36.,0.));
#2505=CARTESIAN_POINT('',(31.,36.,0.));
#2506=CARTESIAN_POINT('',(31.,36.,0.));
#2507=CARTESIAN_POINT('',(31.,36.,-16.));
#2508=CARTESIAN_POINT('',(31.,36.,-16.));
#2509=CARTESIAN_POINT('',(-31.,36.,-16.));
#2510=CARTESIAN_POINT('',(36.,31.,-16.));
#2511=CARTESIAN_POINT('',(31.,36.,-16.));
#2512=CARTESIAN_POINT('',(36.,31.,0.));
#2513=CARTESIAN_POINT('',(31.,36.,0.));
#2514=CARTESIAN_POINT('',(-30.1715728752538,-34.,-16.));
#2515=CARTESIAN_POINT('',(-34.,-30.1715728752538,-16.));
#2516=CARTESIAN_POINT('',(-34.,-30.1715728752538,-3.));
#2517=CARTESIAN_POINT('',(-30.1715728752538,-34.,-3.));
#2518=CARTESIAN_POINT('',(-34.,30.1715728752538,-16.));
#2519=CARTESIAN_POINT('',(-30.1715728752538,34.,-16.));
#2520=CARTESIAN_POINT('',(-30.1715728752538,34.,-3.));
#2521=CARTESIAN_POINT('',(-34.,30.1715728752538,-3.));
#2522=CARTESIAN_POINT('',(30.1715728752538,34.,-16.));
#2523=CARTESIAN_POINT('',(34.,30.1715728752538,-16.));
#2524=CARTESIAN_POINT('',(34.,30.1715728752538,-3.));
#2525=CARTESIAN_POINT('',(30.1715728752538,34.,-3.));
#2526=CARTESIAN_POINT('',(30.1715728752538,-34.,-3.));
#2527=CARTESIAN_POINT('',(34.,-30.1715728752538,-3.));
#2528=CARTESIAN_POINT('',(34.,-30.1715728752538,-16.));
#2529=CARTESIAN_POINT('',(30.1715728752538,-34.,-16.));
#2530=CARTESIAN_POINT('',(-32.6,-16.,-14.5715728752539));
#2531=CARTESIAN_POINT('',(-32.6,-16.,-16.));
#2532=CARTESIAN_POINT('',(-32.6,-16.,-16.));
#2533=CARTESIAN_POINT('',(-34.,-16.,-16.));
#2534=CARTESIAN_POINT('',(-33.8,-16.,-19.));
#2535=CARTESIAN_POINT('',(-31.1715728752543,-16.,-19.0000000000006));
#2536=CARTESIAN_POINT('',(-30.3786796564403,-16.,-18.2071067811866));
#2537=CARTESIAN_POINT('',(-30.3786796564403,-16.,-16.7928932188136));
#2538=CARTESIAN_POINT('',(-32.6,16.,-16.));
#2539=CARTESIAN_POINT('',(-34.,16.,-16.));
#2540=CARTESIAN_POINT('',(-32.6,16.,-14.5715728752539));
#2541=CARTESIAN_POINT('',(-32.6,16.,-16.));
#2542=CARTESIAN_POINT('',(-30.3786796564403,16.,-18.2071067811866));
#2543=CARTESIAN_POINT('',(-30.3786796564403,16.,-16.7928932188135));
#2544=CARTESIAN_POINT('',(-33.8,16.,-19.));
#2545=CARTESIAN_POINT('',(-31.1715728752543,16.,-19.0000000000006));
#2546=CARTESIAN_POINT('',(34.,-16.,-16.));
#2547=CARTESIAN_POINT('',(32.6,-16.,-16.));
#2548=CARTESIAN_POINT('',(32.6,-16.,-16.));
#2549=CARTESIAN_POINT('',(32.6,-16.,-14.5715728752539));
#2550=CARTESIAN_POINT('',(30.3786796564403,-16.,-16.7928932188135));
#2551=CARTESIAN_POINT('',(30.3786796564403,-16.,-18.2071067811866));
#2552=CARTESIAN_POINT('',(31.1715728752543,-16.,-19.0000000000048));
#2553=CARTESIAN_POINT('',(33.8,-16.,-19.0000000000046));
#2554=CARTESIAN_POINT('',(34.,16.,-16.));
#2555=CARTESIAN_POINT('',(32.6,16.,-16.));
#2556=CARTESIAN_POINT('',(31.1715728752543,16.,-19.0000000000048));
#2557=CARTESIAN_POINT('',(33.8,16.,-19.0000000000046));
#2558=CARTESIAN_POINT('',(30.3786796564403,16.,-16.7928932188136));
#2559=CARTESIAN_POINT('',(30.3786796564403,16.,-18.2071067811866));
#2560=CARTESIAN_POINT('',(32.6,16.,-16.));
#2561=CARTESIAN_POINT('',(32.6,16.,-14.571572875254));
#2562=CARTESIAN_POINT('',(18.0201010126777,-32.6,-16.));
#2563=CARTESIAN_POINT('',(-18.0201010126777,-32.6,-16.));
#2564=CARTESIAN_POINT('',(20.,-34.,-16.));
#2565=CARTESIAN_POINT('',(18.0201010126777,-32.6,-16.));
#2566=CARTESIAN_POINT('',(32.6,-18.0201010126777,-16.));
#2567=CARTESIAN_POINT('',(34.,-20.,-16.));
#2568=CARTESIAN_POINT('',(32.6,-16.,-16.));
#2569=CARTESIAN_POINT('',(32.6,-18.0201010126777,-16.));
#2570=CARTESIAN_POINT('',(34.,16.,-16.));
#2571=CARTESIAN_POINT('',(34.,-16.,-16.));
#2572=CARTESIAN_POINT('',(32.6,18.0201010126777,-16.));
#2573=CARTESIAN_POINT('',(32.6,16.,-16.));
#2574=CARTESIAN_POINT('',(34.,20.,-16.));
#2575=CARTESIAN_POINT('',(32.6,18.0201010126777,-16.));
#2576=CARTESIAN_POINT('',(18.0201010126777,32.6,-16.));
#2577=CARTESIAN_POINT('',(20.,34.,-16.));
#2578=CARTESIAN_POINT('',(-18.0201010126777,32.6,-16.));
#2579=CARTESIAN_POINT('',(18.0201010126777,32.6,-16.));
#2580=CARTESIAN_POINT('',(-20.,34.,-16.));
#2581=CARTESIAN_POINT('',(-18.0201010126777,32.6,-16.));
#2582=CARTESIAN_POINT('',(-32.6,18.0201010126777,-16.));
#2583=CARTESIAN_POINT('',(-34.,20.,-16.));
#2584=CARTESIAN_POINT('',(-32.6,16.,-16.));
#2585=CARTESIAN_POINT('',(-32.6,18.0201010126777,-16.));
#2586=CARTESIAN_POINT('',(-34.,-16.,-16.));
#2587=CARTESIAN_POINT('',(-34.,16.,-16.));
#2588=CARTESIAN_POINT('',(-32.6,-18.0201010126777,-16.));
#2589=CARTESIAN_POINT('',(-32.6,-16.,-16.));
#2590=CARTESIAN_POINT('',(-34.,-20.,-16.));
#2591=CARTESIAN_POINT('',(-32.6,-18.0201010126777,-16.));
#2592=CARTESIAN_POINT('',(-18.0201010126777,-32.6,-16.));
#2593=CARTESIAN_POINT('',(-20.,-34.,-16.));
#2594=CARTESIAN_POINT('',(30.3786796564403,-16.,-16.7928932188135));
#2595=CARTESIAN_POINT('',(30.3786796564403,16.,-16.7928932188136));
#2596=CARTESIAN_POINT('',(32.6,16.,-14.571572875254));
#2597=CARTESIAN_POINT('',(30.3786796564403,16.,-16.7928932188136));
#2598=CARTESIAN_POINT('',(32.6,-16.,-14.5715728752539));
#2599=CARTESIAN_POINT('',(30.3786796564403,-16.,-16.7928932188135));
#2600=CARTESIAN_POINT('',(-30.3786796564403,16.,-16.7928932188135));
#2601=CARTESIAN_POINT('',(-30.3786796564403,-16.,-16.7928932188136));
#2602=CARTESIAN_POINT('',(-30.3786796564403,-16.,-18.2071067811866));
#2603=CARTESIAN_POINT('',(-30.3786796564403,16.,-18.2071067811866));
#2604=CARTESIAN_POINT('',(-31.1715728752543,-16.,-19.0000000000006));
#2605=CARTESIAN_POINT('',(-30.3786796564403,-16.,-18.2071067811866));
#2606=CARTESIAN_POINT('',(-31.1715728752543,16.,-19.0000000000006));
#2607=CARTESIAN_POINT('',(-31.1715728752543,-16.,-19.0000000000006));
#2608=CARTESIAN_POINT('',(-31.1715728752543,16.,-19.0000000000006));
#2609=CARTESIAN_POINT('',(-30.3786796564403,16.,-18.2071067811866));
#2610=CARTESIAN_POINT('',(-33.8585786437627,16.,-18.8585786437627));
#2611=CARTESIAN_POINT('',(-33.8,16.,-19.));
#2612=CARTESIAN_POINT('',(-33.8585786437627,-16.,-18.8585786437627));
#2613=CARTESIAN_POINT('',(-33.8,-16.,-19.));
#2614=CARTESIAN_POINT('',(-33.8585786437627,-16.,-18.8585786437627));
#2615=CARTESIAN_POINT('',(-33.8585786437627,16.,-18.8585786437627));
#2616=CARTESIAN_POINT('',(-32.5,-16.,-17.5));
#2617=CARTESIAN_POINT('',(-33.8585786437627,-16.,-18.8585786437627));
#2618=CARTESIAN_POINT('',(-32.5,16.,-17.5));
#2619=CARTESIAN_POINT('',(-32.5,-16.,-17.5));
#2620=CARTESIAN_POINT('',(-32.5,16.,-17.5));
#2621=CARTESIAN_POINT('',(-33.8585786437627,16.,-18.8585786437627));
#2622=CARTESIAN_POINT('',(-34.,16.,-16.));
#2623=CARTESIAN_POINT('',(-32.5,16.,-17.5));
#2624=CARTESIAN_POINT('',(-34.,-16.,-16.));
#2625=CARTESIAN_POINT('',(-32.5,-16.,-17.5));
#2626=CARTESIAN_POINT('',(-30.3786796564403,16.,-16.7928932188135));
#2627=CARTESIAN_POINT('',(-32.6,16.,-14.5715728752539));
#2628=CARTESIAN_POINT('',(-30.3786796564403,-16.,-16.7928932188136));
#2629=CARTESIAN_POINT('',(-32.6,-16.,-14.5715728752539));
#2630=CARTESIAN_POINT('',(-33.8,16.,-19.));
#2631=CARTESIAN_POINT('',(-33.8,-16.,-19.));
#2632=CARTESIAN_POINT('',(33.8,16.,-19.0000000000046));
#2633=CARTESIAN_POINT('',(33.8585786437627,16.,-18.8585786437627));
#2634=CARTESIAN_POINT('',(33.8,-16.,-19.0000000000046));
#2635=CARTESIAN_POINT('',(33.8585786437627,-16.,-18.8585786437627));
#2636=CARTESIAN_POINT('',(33.8,-16.,-19.0000000000046));
#2637=CARTESIAN_POINT('',(33.8,16.,-19.0000000000046));
#2638=CARTESIAN_POINT('',(32.5,-16.,-17.5));
#2639=CARTESIAN_POINT('',(34.,-16.,-16.));
#2640=CARTESIAN_POINT('',(32.5,16.,-17.5));
#2641=CARTESIAN_POINT('',(34.,16.,-16.));
#2642=CARTESIAN_POINT('',(30.3786796564403,-16.,-18.2071067811866));
#2643=CARTESIAN_POINT('',(30.3786796564403,16.,-18.2071067811866));
#2644=CARTESIAN_POINT('',(30.3786796564403,16.,-18.2071067811866));
#2645=CARTESIAN_POINT('',(31.1715728752543,16.,-19.0000000000048));
#2646=CARTESIAN_POINT('',(31.1715728752543,16.,-19.0000000000048));
#2647=CARTESIAN_POINT('',(31.1715728752543,-16.,-19.0000000000048));
#2648=CARTESIAN_POINT('',(30.3786796564403,-16.,-18.2071067811866));
#2649=CARTESIAN_POINT('',(31.1715728752543,-16.,-19.0000000000048));
#2650=CARTESIAN_POINT('',(33.8585786437627,-16.,-18.8585786437627));
#2651=CARTESIAN_POINT('',(33.8585786437627,16.,-18.8585786437627));
#2652=CARTESIAN_POINT('',(33.8585786437627,16.,-18.8585786437627));
#2653=CARTESIAN_POINT('',(32.5,16.,-17.5));
#2654=CARTESIAN_POINT('',(32.5,16.,-17.5));
#2655=CARTESIAN_POINT('',(32.5,-16.,-17.5));
#2656=CARTESIAN_POINT('',(33.8585786437627,-16.,-18.8585786437627));
#2657=CARTESIAN_POINT('',(32.5,-16.,-17.5));
#2658=CARTESIAN_POINT('',(32.6,-14.4201010126777,-12.4));
#2659=CARTESIAN_POINT('',(32.6,14.4201010126777,-12.4));
#2660=CARTESIAN_POINT('',(32.6,16.,-14.571572875254));
#2661=CARTESIAN_POINT('',(32.6,-16.,-14.5715728752539));
#2662=CARTESIAN_POINT('',(34.,-20.,-16.));
#2663=CARTESIAN_POINT('',(34.,-15.,-11.));
#2664=CARTESIAN_POINT('',(32.6,-18.0201010126777,-16.));
#2665=CARTESIAN_POINT('',(32.6,-14.4201010126777,-12.4));
#2666=CARTESIAN_POINT('',(34.,-15.,-11.));
#2667=CARTESIAN_POINT('',(32.6,-14.4201010126777,-12.4));
#2668=CARTESIAN_POINT('',(32.6,14.4201010126777,-12.4));
#2669=CARTESIAN_POINT('',(34.,15.,-11.));
#2670=CARTESIAN_POINT('',(34.,15.,-11.));
#2671=CARTESIAN_POINT('',(34.,20.,-16.));
#2672=CARTESIAN_POINT('',(32.6,14.4201010126777,-12.4));
#2673=CARTESIAN_POINT('',(32.6,18.0201010126777,-16.));
#2674=CARTESIAN_POINT('',(14.4201010126777,32.6,-12.4));
#2675=CARTESIAN_POINT('',(-14.4201010126777,32.6,-12.4));
#2676=CARTESIAN_POINT('',(20.,34.,-16.));
#2677=CARTESIAN_POINT('',(15.,34.,-11.));
#2678=CARTESIAN_POINT('',(18.0201010126777,32.6,-16.));
#2679=CARTESIAN_POINT('',(14.4201010126777,32.6,-12.4));
#2680=CARTESIAN_POINT('',(15.,34.,-11.));
#2681=CARTESIAN_POINT('',(14.4201010126777,32.6,-12.4));
#2682=CARTESIAN_POINT('',(-14.4201010126777,32.6,-12.4));
#2683=CARTESIAN_POINT('',(-15.,34.,-11.));
#2684=CARTESIAN_POINT('',(-15.,34.,-11.));
#2685=CARTESIAN_POINT('',(-20.,34.,-16.));
#2686=CARTESIAN_POINT('',(-14.4201010126777,32.6,-12.4));
#2687=CARTESIAN_POINT('',(-18.0201010126777,32.6,-16.));
#2688=CARTESIAN_POINT('',(-32.6,14.4201010126777,-12.4));
#2689=CARTESIAN_POINT('',(-32.6,-14.4201010126777,-12.4));
#2690=CARTESIAN_POINT('',(-32.6,-16.,-14.5715728752539));
#2691=CARTESIAN_POINT('',(-32.6,16.,-14.5715728752539));
#2692=CARTESIAN_POINT('',(-34.,20.,-16.));
#2693=CARTESIAN_POINT('',(-34.,15.,-11.));
#2694=CARTESIAN_POINT('',(-32.6,18.0201010126777,-16.));
#2695=CARTESIAN_POINT('',(-32.6,14.4201010126777,-12.4));
#2696=CARTESIAN_POINT('',(-34.,15.,-11.));
#2697=CARTESIAN_POINT('',(-32.6,14.4201010126777,-12.4));
#2698=CARTESIAN_POINT('',(-32.6,-14.4201010126777,-12.4));
#2699=CARTESIAN_POINT('',(-34.,-15.,-11.));
#2700=CARTESIAN_POINT('',(-34.,-15.,-11.));
#2701=CARTESIAN_POINT('',(-34.,-20.,-16.));
#2702=CARTESIAN_POINT('',(-32.6,-14.4201010126777,-12.4));
#2703=CARTESIAN_POINT('',(-32.6,-18.0201010126777,-16.));
#2704=CARTESIAN_POINT('',(-14.4201010126777,-32.6,-12.4));
#2705=CARTESIAN_POINT('',(14.4201010126777,-32.6,-12.4));
#2706=CARTESIAN_POINT('',(-20.,-34.,-16.));
#2707=CARTESIAN_POINT('',(-15.,-34.,-11.));
#2708=CARTESIAN_POINT('',(-18.0201010126777,-32.6,-16.));
#2709=CARTESIAN_POINT('',(-14.4201010126777,-32.6,-12.4));
#2710=CARTESIAN_POINT('',(-15.,-34.,-11.));
#2711=CARTESIAN_POINT('',(-14.4201010126777,-32.6,-12.4));
#2712=CARTESIAN_POINT('',(14.4201010126777,-32.6,-12.4));
#2713=CARTESIAN_POINT('',(15.,-34.,-11.));
#2714=CARTESIAN_POINT('',(15.,-34.,-11.));
#2715=CARTESIAN_POINT('',(20.,-34.,-16.));
#2716=CARTESIAN_POINT('',(14.4201010126777,-32.6,-12.4));
#2717=CARTESIAN_POINT('',(18.0201010126777,-32.6,-16.));
#2718=CARTESIAN_POINT('',(-19.1,-31.,0.));
#2719=CARTESIAN_POINT('',(-16.1,-31.,0.));
#2720=CARTESIAN_POINT('',(-16.1,-31.,0.));
#2721=CARTESIAN_POINT('',(-16.1,-31.,-3.));
#2722=CARTESIAN_POINT('',(-16.1,-31.,-3.));
#2723=CARTESIAN_POINT('',(-19.1,-31.,-3.));
#2724=CARTESIAN_POINT('',(-19.1,-31.,-3.));
#2725=CARTESIAN_POINT('',(-19.1,-31.,0.));
#2726=CARTESIAN_POINT('',(16.1,-32.5002265171034,-1.49977348289669));
#2727=CARTESIAN_POINT('',(16.1,-34.,0.));
#2728=CARTESIAN_POINT('',(-16.1,-32.5002265171034,-1.49977348289669));
#2729=CARTESIAN_POINT('',(16.1,-32.5002265171034,-1.49977348289669));
#2730=CARTESIAN_POINT('',(-16.1,-34.,0.));
#2731=CARTESIAN_POINT('',(-16.1,-32.5002265171034,-1.49977348289669));
#2732=CARTESIAN_POINT('',(16.1,-34.,0.));
#2733=CARTESIAN_POINT('',(-16.1,-34.,0.));
#2734=CARTESIAN_POINT('',(19.1,-31.,0.));
#2735=CARTESIAN_POINT('',(16.1,-31.,0.));
#2736=CARTESIAN_POINT('',(19.1,-31.,-3.));
#2737=CARTESIAN_POINT('',(19.1,-31.,0.));
#2738=CARTESIAN_POINT('',(16.1,-31.,-3.));
#2739=CARTESIAN_POINT('',(19.1,-31.,-3.));
#2740=CARTESIAN_POINT('',(16.1,-31.,0.));
#2741=CARTESIAN_POINT('',(16.1,-31.,-3.));
#2742=CARTESIAN_POINT('',(31.,-19.1,0.));
#2743=CARTESIAN_POINT('',(31.,-16.1,0.));
#2744=CARTESIAN_POINT('',(31.,-16.1,0.));
#2745=CARTESIAN_POINT('',(31.,-16.1,-3.));
#2746=CARTESIAN_POINT('',(31.,-16.1,-3.));
#2747=CARTESIAN_POINT('',(31.,-19.1,-3.));
#2748=CARTESIAN_POINT('',(31.,-19.1,-3.));
#2749=CARTESIAN_POINT('',(31.,-19.1,0.));
#2750=CARTESIAN_POINT('',(32.5002265171034,16.1,-1.49977348289669));
#2751=CARTESIAN_POINT('',(34.,16.1,0.));
#2752=CARTESIAN_POINT('',(32.5002265171034,-16.1,-1.49977348289669));
#2753=CARTESIAN_POINT('',(32.5002265171034,16.1,-1.49977348289669));
#2754=CARTESIAN_POINT('',(34.,-16.1,0.));
#2755=CARTESIAN_POINT('',(32.5002265171034,-16.1,-1.49977348289669));
#2756=CARTESIAN_POINT('',(34.,16.1,0.));
#2757=CARTESIAN_POINT('',(34.,-16.1,0.));
#2758=CARTESIAN_POINT('',(31.,19.1,0.));
#2759=CARTESIAN_POINT('',(31.,16.1,0.));
#2760=CARTESIAN_POINT('',(31.,19.1,-3.));
#2761=CARTESIAN_POINT('',(31.,19.1,0.));
#2762=CARTESIAN_POINT('',(31.,16.1,-3.));
#2763=CARTESIAN_POINT('',(31.,19.1,-3.));
#2764=CARTESIAN_POINT('',(31.,16.1,0.));
#2765=CARTESIAN_POINT('',(31.,16.1,-3.));
#2766=CARTESIAN_POINT('',(19.1,31.,0.));
#2767=CARTESIAN_POINT('',(16.1,31.,0.));
#2768=CARTESIAN_POINT('',(16.1,31.,0.));
#2769=CARTESIAN_POINT('',(16.1,31.,-3.));
#2770=CARTESIAN_POINT('',(16.1,31.,-3.));
#2771=CARTESIAN_POINT('',(19.1,31.,-3.));
#2772=CARTESIAN_POINT('',(19.1,31.,-3.));
#2773=CARTESIAN_POINT('',(19.1,31.,0.));
#2774=CARTESIAN_POINT('',(-16.1,32.5002265171034,-1.49977348289669));
#2775=CARTESIAN_POINT('',(-16.1,34.,0.));
#2776=CARTESIAN_POINT('',(16.1,32.5002265171034,-1.49977348289669));
#2777=CARTESIAN_POINT('',(-16.1,32.5002265171034,-1.49977348289669));
#2778=CARTESIAN_POINT('',(16.1,34.,0.));
#2779=CARTESIAN_POINT('',(16.1,32.5002265171034,-1.49977348289669));
#2780=CARTESIAN_POINT('',(-16.1,34.,0.));
#2781=CARTESIAN_POINT('',(16.1,34.,0.));
#2782=CARTESIAN_POINT('',(-19.1,31.,0.));
#2783=CARTESIAN_POINT('',(-16.1,31.,0.));
#2784=CARTESIAN_POINT('',(-19.1,31.,-3.));
#2785=CARTESIAN_POINT('',(-19.1,31.,0.));
#2786=CARTESIAN_POINT('',(-16.1,31.,-3.));
#2787=CARTESIAN_POINT('',(-19.1,31.,-3.));
#2788=CARTESIAN_POINT('',(-16.1,31.,0.));
#2789=CARTESIAN_POINT('',(-16.1,31.,-3.));
#2790=CARTESIAN_POINT('',(-31.,19.1,0.));
#2791=CARTESIAN_POINT('',(-31.,16.1,0.));
#2792=CARTESIAN_POINT('',(-31.,16.1,0.));
#2793=CARTESIAN_POINT('',(-31.,16.1,-3.));
#2794=CARTESIAN_POINT('',(-31.,16.1,-3.));
#2795=CARTESIAN_POINT('',(-31.,19.1,-3.));
#2796=CARTESIAN_POINT('',(-31.,19.1,-3.));
#2797=CARTESIAN_POINT('',(-31.,19.1,0.));
#2798=CARTESIAN_POINT('',(-32.5002265171034,-16.1,-1.49977348289669));
#2799=CARTESIAN_POINT('',(-34.,-16.1,0.));
#2800=CARTESIAN_POINT('',(-32.5002265171034,16.1,-1.49977348289669));
#2801=CARTESIAN_POINT('',(-32.5002265171034,-16.1,-1.49977348289669));
#2802=CARTESIAN_POINT('',(-34.,16.1,0.));
#2803=CARTESIAN_POINT('',(-32.5002265171034,16.1,-1.49977348289669));
#2804=CARTESIAN_POINT('',(-34.,-16.1,0.));
#2805=CARTESIAN_POINT('',(-34.,16.1,0.));
#2806=CARTESIAN_POINT('',(-31.,-19.1,0.));
#2807=CARTESIAN_POINT('',(-31.,-16.1,0.));
#2808=CARTESIAN_POINT('',(-31.,-19.1,-3.));
#2809=CARTESIAN_POINT('',(-31.,-19.1,0.));
#2810=CARTESIAN_POINT('',(-31.,-16.1,-3.));
#2811=CARTESIAN_POINT('',(-31.,-19.1,-3.));
#2812=CARTESIAN_POINT('',(-31.,-16.1,0.));
#2813=CARTESIAN_POINT('',(-31.,-16.1,-3.));
#2814=CARTESIAN_POINT('',(16.1,-31.,-3.));
#2815=CARTESIAN_POINT('',(16.1,-34.,-3.));
#2816=CARTESIAN_POINT('',(19.1,-34.,-3.));
#2817=CARTESIAN_POINT('',(19.1,-31.,-3.));
#2818=CARTESIAN_POINT('',(16.1,-32.5002265171034,-1.49977348289669));
#2819=CARTESIAN_POINT('',(16.1,-34.,-2.99954696579339));
#2820=CARTESIAN_POINT('',(-16.1,-32.5002265171034,-1.49977348289669));
#2821=CARTESIAN_POINT('',(-16.1,-34.,-2.99954696579339));
#2822=CARTESIAN_POINT('',(-16.1,-31.,0.));
#2823=CARTESIAN_POINT('',(-16.1,-34.,0.));
#2824=CARTESIAN_POINT('',(-19.1,-31.,-3.));
#2825=CARTESIAN_POINT('',(-19.1,-34.,-3.));
#2826=CARTESIAN_POINT('',(-16.1,-34.,-3.));
#2827=CARTESIAN_POINT('',(-16.1,-31.,-3.));
#2828=CARTESIAN_POINT('',(-23.1357864376269,-34.,0.));
#2829=CARTESIAN_POINT('',(-34.,-23.1357864376269,0.));
#2830=CARTESIAN_POINT('',(-23.1357864376269,-34.,-3.));
#2831=CARTESIAN_POINT('',(-34.,-23.1357864376269,-3.));
#2832=CARTESIAN_POINT('',(-31.,-16.1,-3.));
#2833=CARTESIAN_POINT('',(-34.,-16.1,-3.));
#2834=CARTESIAN_POINT('',(-34.,-19.1,-3.));
#2835=CARTESIAN_POINT('',(-31.,-19.1,-3.));
#2836=CARTESIAN_POINT('',(-32.5002265171034,-16.1,-1.49977348289669));
#2837=CARTESIAN_POINT('',(-34.,-16.1,-2.99954696579339));
#2838=CARTESIAN_POINT('',(-32.5002265171034,16.1,-1.49977348289669));
#2839=CARTESIAN_POINT('',(-34.,16.1,-2.99954696579339));
#2840=CARTESIAN_POINT('',(-31.,16.1,0.));
#2841=CARTESIAN_POINT('',(-34.,16.1,0.));
#2842=CARTESIAN_POINT('',(-31.,19.1,-3.));
#2843=CARTESIAN_POINT('',(-34.,19.1,-3.));
#2844=CARTESIAN_POINT('',(-34.,16.1,-3.));
#2845=CARTESIAN_POINT('',(-31.,16.1,-3.));
#2846=CARTESIAN_POINT('',(-34.,23.1357864376269,0.));
#2847=CARTESIAN_POINT('',(-23.1357864376269,34.,0.));
#2848=CARTESIAN_POINT('',(-34.,23.1357864376269,-3.));
#2849=CARTESIAN_POINT('',(-23.1357864376269,34.,-3.));
#2850=CARTESIAN_POINT('',(-19.1,31.,0.));
#2851=CARTESIAN_POINT('',(-19.1,34.,0.));
#2852=CARTESIAN_POINT('',(-19.1,34.,-3.));
#2853=CARTESIAN_POINT('',(-19.1,31.,-3.));
#2854=CARTESIAN_POINT('',(-16.1,31.,-3.));
#2855=CARTESIAN_POINT('',(-16.1,34.,-3.));
#2856=CARTESIAN_POINT('',(-16.1,31.,0.));
#2857=CARTESIAN_POINT('',(-16.1,34.,0.));
#2858=CARTESIAN_POINT('',(-16.1,32.5002265171034,-1.49977348289669));
#2859=CARTESIAN_POINT('',(-16.1,34.,-2.9995469657933));
#2860=CARTESIAN_POINT('',(16.1,32.5002265171034,-1.49977348289669));
#2861=CARTESIAN_POINT('',(16.1,34.,-2.99954696579339));
#2862=CARTESIAN_POINT('',(16.1,31.,0.));
#2863=CARTESIAN_POINT('',(16.1,34.,0.));
#2864=CARTESIAN_POINT('',(16.1,34.,-3.));
#2865=CARTESIAN_POINT('',(16.1,31.,-3.));
#2866=CARTESIAN_POINT('',(19.1,31.,-3.));
#2867=CARTESIAN_POINT('',(19.1,34.,-3.));
#2868=CARTESIAN_POINT('',(19.1,31.,0.));
#2869=CARTESIAN_POINT('',(19.1,34.,0.));
#2870=CARTESIAN_POINT('',(23.1357864376269,34.,0.));
#2871=CARTESIAN_POINT('',(34.,23.1357864376269,0.));
#2872=CARTESIAN_POINT('',(23.1357864376269,34.,-3.));
#2873=CARTESIAN_POINT('',(34.,23.1357864376269,-3.));
#2874=CARTESIAN_POINT('',(31.,19.1,0.));
#2875=CARTESIAN_POINT('',(34.,19.1,0.));
#2876=CARTESIAN_POINT('',(34.,19.1,-3.));
#2877=CARTESIAN_POINT('',(31.,19.1,-3.));
#2878=CARTESIAN_POINT('',(31.,16.1,-3.));
#2879=CARTESIAN_POINT('',(34.,16.1,-3.));
#2880=CARTESIAN_POINT('',(31.,16.1,0.));
#2881=CARTESIAN_POINT('',(34.,16.1,0.));
#2882=CARTESIAN_POINT('',(32.5002265171034,16.1,-1.49977348289669));
#2883=CARTESIAN_POINT('',(34.,16.1,-2.99954696579339));
#2884=CARTESIAN_POINT('',(32.5002265171034,-16.1,-1.49977348289669));
#2885=CARTESIAN_POINT('',(34.,-16.1,-2.99954696579339));
#2886=CARTESIAN_POINT('',(31.,-16.1,0.));
#2887=CARTESIAN_POINT('',(34.,-16.1,0.));
#2888=CARTESIAN_POINT('',(34.,-16.1,-3.));
#2889=CARTESIAN_POINT('',(31.,-16.1,-3.));
#2890=CARTESIAN_POINT('',(31.,-19.1,-3.));
#2891=CARTESIAN_POINT('',(34.,-19.1,-3.));
#2892=CARTESIAN_POINT('',(31.,-19.1,0.));
#2893=CARTESIAN_POINT('',(34.,-19.1,0.));
#2894=CARTESIAN_POINT('',(34.,-23.1357864376269,0.));
#2895=CARTESIAN_POINT('',(23.1357864376269,-34.,0.));
#2896=CARTESIAN_POINT('',(34.,-23.1357864376269,-3.));
#2897=CARTESIAN_POINT('',(23.1357864376269,-34.,-3.));
#2898=CARTESIAN_POINT('',(-34.,-19.1,0.));
#2899=CARTESIAN_POINT('',(-31.,-19.1,0.));
#2900=CARTESIAN_POINT('',(-31.,-16.1,0.));
#2901=CARTESIAN_POINT('',(-34.,-16.1,0.));
#2902=CARTESIAN_POINT('',(-31.,19.1,0.));
#2903=CARTESIAN_POINT('',(-34.,19.1,0.));
#2904=CARTESIAN_POINT('',(19.1,-34.,0.));
#2905=CARTESIAN_POINT('',(19.1,-31.,0.));
#2906=CARTESIAN_POINT('',(16.1,-31.,0.));
#2907=CARTESIAN_POINT('',(16.1,-34.,0.));
#2908=CARTESIAN_POINT('',(-19.1,-31.,0.));
#2909=CARTESIAN_POINT('',(-19.1,-34.,0.));
#2910=CARTESIAN_POINT('',(0.,0.,0.));
ENDSEC;
END-ISO-10303-21;
