ISO-10303-21;
HEADER;
/* Generated by software containing ST-Developer
 * from STEP Tools, Inc. (www.steptools.com) 
 */
/* OPTION: using custom schema-name function */

FILE_DESCRIPTION(
/* description */ (''),
/* implementation_level */ '2;1');

FILE_NAME(
/* name */ 'MIDDLE~2',
/* time_stamp */ '2026-08-17T11:06:08+02:00',
/* author */ (''),
/* organization */ (''),
/* preprocessor_version */ 'ST-DEVELOPER v15',
/* originating_system */ '',
/* authorisation */ '');

FILE_SCHEMA (('AUTOMOTIVE_DESIGN'));
ENDSEC;

DATA;
#10=SHAPE_REPRESENTATION_RELATIONSHIP('','',#2760,#22);
#11=COLOUR_RGB('',0.,0.588235294117647,1.);
#12=FILL_AREA_STYLE_COLOUR('',#11);
#13=FILL_AREA_STYLE('',(#12));
#14=SURFACE_STYLE_FILL_AREA(#13);
#15=SURFACE_SIDE_STYLE('middle_spacer',(#14));
#16=SURFACE_STYLE_USAGE(.BOTH.,#15);
#17=MECHANICAL_DESIGN_GEOMETRIC_PRESENTATION_REPRESENTATION('',(#19),#2759);
#18=PRESENTATION_STYLE_ASSIGNMENT((#16));
#19=STYLED_ITEM('',(#18),#21);
#20=PRESENTATION_LAYER_ASSIGNMENT('middle','',(#21));
#21=MANIFOLD_SOLID_BREP('middle_spacer',#23);
#22=ADVANCED_BREP_SHAPE_REPRESENTATION('brep_rep_0',(#21,#2905),#2759);
#23=CLOSED_SHELL('',(#29,#30,#31,#32,#33,#34,#35,#36,#37,#38,#39,#40,#41,
#42,#43,#44,#45,#46,#47,#48,#49,#50,#51,#52,#53,#54,#55,#56,#57,#58,#59,
#60,#61,#62,#63,#64,#65,#66,#67,#68,#69,#70,#71,#72,#73,#74,#75,#76,#77,
#78,#79,#80,#81,#82,#83,#84,#85,#86,#87,#88,#89,#90,#91,#92,#93,#94,#95,
#96,#97,#98,#99,#100,#101,#102,#103,#104,#105,#106,#107,#108,#109,#110,
#111,#112,#113,#114,#115,#116,#117,#118,#119,#120,#121,#122,#123,#124,#125,
#126,#127,#128,#129,#130,#131,#132,#133,#134,#135,#136,#137,#138,#139,#140,
#141,#142,#143,#144,#145,#146,#147,#148,#149,#150,#151,#152,#153,#154,#155,
#156,#157,#158,#159,#160,#161,#162,#163,#164,#165,#166,#167,#168,#169,#170,
#171,#172,#173,#174,#175,#176,#177,#178,#179));
#24=FACE_BOUND('',#430,.T.);
#25=FACE_BOUND('',#446,.T.);
#26=FACE_BOUND('',#449,.T.);
#27=FACE_BOUND('',#473,.T.);
#28=FACE_BOUND('',#476,.T.);
#29=ADVANCED_FACE('',(#180),#2599,.T.);
#30=ADVANCED_FACE('',(#181),#2600,.T.);
#31=ADVANCED_FACE('',(#182),#2601,.T.);
#32=ADVANCED_FACE('',(#183),#2602,.T.);
#33=ADVANCED_FACE('',(#184),#2603,.T.);
#34=ADVANCED_FACE('',(#185),#2604,.T.);
#35=ADVANCED_FACE('',(#186),#2605,.T.);
#36=ADVANCED_FACE('',(#187),#2606,.T.);
#37=ADVANCED_FACE('',(#188),#2607,.T.);
#38=ADVANCED_FACE('',(#189),#2608,.T.);
#39=ADVANCED_FACE('',(#190),#2609,.T.);
#40=ADVANCED_FACE('',(#191),#2610,.T.);
#41=ADVANCED_FACE('',(#192),#2611,.T.);
#42=ADVANCED_FACE('',(#193),#2612,.T.);
#43=ADVANCED_FACE('',(#194),#2613,.T.);
#44=ADVANCED_FACE('',(#195),#2614,.T.);
#45=ADVANCED_FACE('',(#196),#2615,.T.);
#46=ADVANCED_FACE('',(#197),#2616,.T.);
#47=ADVANCED_FACE('',(#198),#2617,.T.);
#48=ADVANCED_FACE('',(#199),#2618,.T.);
#49=ADVANCED_FACE('',(#200),#2619,.T.);
#50=ADVANCED_FACE('',(#201),#2620,.T.);
#51=ADVANCED_FACE('',(#202),#2621,.T.);
#52=ADVANCED_FACE('',(#203),#2622,.T.);
#53=ADVANCED_FACE('',(#204),#2623,.T.);
#54=ADVANCED_FACE('',(#205),#2624,.T.);
#55=ADVANCED_FACE('',(#206),#2625,.T.);
#56=ADVANCED_FACE('',(#207),#2626,.T.);
#57=ADVANCED_FACE('',(#208),#2627,.T.);
#58=ADVANCED_FACE('',(#209),#2628,.T.);
#59=ADVANCED_FACE('',(#210),#2629,.T.);
#60=ADVANCED_FACE('',(#211),#2630,.T.);
#61=ADVANCED_FACE('',(#212),#2631,.T.);
#62=ADVANCED_FACE('',(#213),#2632,.T.);
#63=ADVANCED_FACE('',(#214),#2633,.T.);
#64=ADVANCED_FACE('',(#215),#2634,.T.);
#65=ADVANCED_FACE('',(#216),#2635,.T.);
#66=ADVANCED_FACE('',(#217),#2636,.T.);
#67=ADVANCED_FACE('',(#218),#2637,.T.);
#68=ADVANCED_FACE('',(#219),#2638,.T.);
#69=ADVANCED_FACE('',(#220),#2639,.T.);
#70=ADVANCED_FACE('',(#221),#2640,.T.);
#71=ADVANCED_FACE('',(#222),#2641,.T.);
#72=ADVANCED_FACE('',(#223),#2642,.T.);
#73=ADVANCED_FACE('',(#224),#2643,.T.);
#74=ADVANCED_FACE('',(#225),#2644,.T.);
#75=ADVANCED_FACE('',(#226),#2645,.T.);
#76=ADVANCED_FACE('',(#227),#2646,.T.);
#77=ADVANCED_FACE('',(#228),#2647,.T.);
#78=ADVANCED_FACE('',(#229),#2648,.T.);
#79=ADVANCED_FACE('',(#230),#2649,.T.);
#80=ADVANCED_FACE('',(#231),#2650,.T.);
#81=ADVANCED_FACE('',(#232),#2651,.T.);
#82=ADVANCED_FACE('',(#233),#2652,.T.);
#83=ADVANCED_FACE('',(#234),#2653,.T.);
#84=ADVANCED_FACE('',(#235),#2654,.T.);
#85=ADVANCED_FACE('',(#236),#2655,.T.);
#86=ADVANCED_FACE('',(#237),#2656,.T.);
#87=ADVANCED_FACE('',(#238),#2657,.T.);
#88=ADVANCED_FACE('',(#239),#2658,.T.);
#89=ADVANCED_FACE('',(#240),#2659,.T.);
#90=ADVANCED_FACE('',(#241),#2660,.T.);
#91=ADVANCED_FACE('',(#242),#2661,.T.);
#92=ADVANCED_FACE('',(#243),#2662,.T.);
#93=ADVANCED_FACE('',(#244),#2663,.T.);
#94=ADVANCED_FACE('',(#245),#2664,.T.);
#95=ADVANCED_FACE('',(#246),#2665,.T.);
#96=ADVANCED_FACE('',(#247),#2666,.T.);
#97=ADVANCED_FACE('',(#248),#2667,.T.);
#98=ADVANCED_FACE('',(#249),#2668,.T.);
#99=ADVANCED_FACE('',(#250),#2669,.T.);
#100=ADVANCED_FACE('',(#251),#2670,.T.);
#101=ADVANCED_FACE('',(#252),#2671,.T.);
#102=ADVANCED_FACE('',(#253),#2672,.T.);
#103=ADVANCED_FACE('',(#254),#2673,.T.);
#104=ADVANCED_FACE('',(#255),#2674,.T.);
#105=ADVANCED_FACE('',(#256),#2675,.T.);
#106=ADVANCED_FACE('',(#257),#2676,.T.);
#107=ADVANCED_FACE('',(#258),#2677,.T.);
#108=ADVANCED_FACE('',(#259),#2678,.T.);
#109=ADVANCED_FACE('',(#260),#2679,.T.);
#110=ADVANCED_FACE('',(#261),#2680,.T.);
#111=ADVANCED_FACE('',(#262),#2681,.T.);
#112=ADVANCED_FACE('',(#263),#2682,.T.);
#113=ADVANCED_FACE('',(#264),#2683,.T.);
#114=ADVANCED_FACE('',(#265),#2684,.T.);
#115=ADVANCED_FACE('',(#266),#2685,.T.);
#116=ADVANCED_FACE('',(#267),#2686,.T.);
#117=ADVANCED_FACE('',(#268),#2687,.T.);
#118=ADVANCED_FACE('',(#269),#2688,.T.);
#119=ADVANCED_FACE('',(#270),#2689,.T.);
#120=ADVANCED_FACE('',(#271),#2690,.T.);
#121=ADVANCED_FACE('',(#272),#2691,.T.);
#122=ADVANCED_FACE('',(#273),#2692,.T.);
#123=ADVANCED_FACE('',(#274),#2693,.T.);
#124=ADVANCED_FACE('',(#275),#2694,.T.);
#125=ADVANCED_FACE('',(#276),#2695,.T.);
#126=ADVANCED_FACE('',(#277),#2696,.T.);
#127=ADVANCED_FACE('',(#278,#24),#2697,.T.);
#128=ADVANCED_FACE('',(#279),#2698,.T.);
#129=ADVANCED_FACE('',(#280),#2699,.T.);
#130=ADVANCED_FACE('',(#281),#2700,.T.);
#131=ADVANCED_FACE('',(#282),#2701,.T.);
#132=ADVANCED_FACE('',(#283),#2702,.T.);
#133=ADVANCED_FACE('',(#284),#2703,.T.);
#134=ADVANCED_FACE('',(#285),#2704,.T.);
#135=ADVANCED_FACE('',(#286),#2705,.T.);
#136=ADVANCED_FACE('',(#287),#2706,.T.);
#137=ADVANCED_FACE('',(#288),#2707,.T.);
#138=ADVANCED_FACE('',(#289),#2708,.T.);
#139=ADVANCED_FACE('',(#290),#2709,.T.);
#140=ADVANCED_FACE('',(#291),#2591,.T.);
#141=ADVANCED_FACE('',(#292),#2710,.T.);
#142=ADVANCED_FACE('',(#293,#25),#2711,.T.);
#143=ADVANCED_FACE('',(#294),#2712,.T.);
#144=ADVANCED_FACE('',(#295,#26),#2713,.T.);
#145=ADVANCED_FACE('',(#296),#2714,.T.);
#146=ADVANCED_FACE('',(#297),#2592,.T.);
#147=ADVANCED_FACE('',(#298),#2715,.T.);
#148=ADVANCED_FACE('',(#299),#2716,.T.);
#149=ADVANCED_FACE('',(#300),#2717,.T.);
#150=ADVANCED_FACE('',(#301),#2718,.T.);
#151=ADVANCED_FACE('',(#302),#2719,.T.);
#152=ADVANCED_FACE('',(#303),#2720,.T.);
#153=ADVANCED_FACE('',(#304),#2721,.T.);
#154=ADVANCED_FACE('',(#305),#2722,.T.);
#155=ADVANCED_FACE('',(#306),#2723,.T.);
#156=ADVANCED_FACE('',(#307),#2724,.T.);
#157=ADVANCED_FACE('',(#308),#2725,.T.);
#158=ADVANCED_FACE('',(#309),#2726,.T.);
#159=ADVANCED_FACE('',(#310),#2727,.T.);
#160=ADVANCED_FACE('',(#311),#2728,.T.);
#161=ADVANCED_FACE('',(#312),#2729,.T.);
#162=ADVANCED_FACE('',(#313),#2730,.T.);
#163=ADVANCED_FACE('',(#314),#2731,.T.);
#164=ADVANCED_FACE('',(#315),#2732,.T.);
#165=ADVANCED_FACE('',(#316),#2593,.T.);
#166=ADVANCED_FACE('',(#317),#2733,.T.);
#167=ADVANCED_FACE('',(#318,#27),#2734,.T.);
#168=ADVANCED_FACE('',(#319),#2735,.T.);
#169=ADVANCED_FACE('',(#320,#28),#2736,.T.);
#170=ADVANCED_FACE('',(#321),#2737,.T.);
#171=ADVANCED_FACE('',(#322),#2594,.T.);
#172=ADVANCED_FACE('',(#323),#2738,.T.);
#173=ADVANCED_FACE('',(#324),#2739,.T.);
#174=ADVANCED_FACE('',(#325),#2740,.T.);
#175=ADVANCED_FACE('',(#326),#2741,.T.);
#176=ADVANCED_FACE('',(#327),#2595,.T.);
#177=ADVANCED_FACE('',(#328),#2596,.T.);
#178=ADVANCED_FACE('',(#329),#2597,.T.);
#179=ADVANCED_FACE('',(#330),#2598,.T.);
#180=FACE_OUTER_BOUND('',#331,.T.);
#181=FACE_OUTER_BOUND('',#332,.T.);
#182=FACE_OUTER_BOUND('',#333,.T.);
#183=FACE_OUTER_BOUND('',#334,.T.);
#184=FACE_OUTER_BOUND('',#335,.T.);
#185=FACE_OUTER_BOUND('',#336,.T.);
#186=FACE_OUTER_BOUND('',#337,.T.);
#187=FACE_OUTER_BOUND('',#338,.T.);
#188=FACE_OUTER_BOUND('',#339,.T.);
#189=FACE_OUTER_BOUND('',#340,.T.);
#190=FACE_OUTER_BOUND('',#341,.T.);
#191=FACE_OUTER_BOUND('',#342,.T.);
#192=FACE_OUTER_BOUND('',#343,.T.);
#193=FACE_OUTER_BOUND('',#344,.T.);
#194=FACE_OUTER_BOUND('',#345,.T.);
#195=FACE_OUTER_BOUND('',#346,.T.);
#196=FACE_OUTER_BOUND('',#347,.T.);
#197=FACE_OUTER_BOUND('',#348,.T.);
#198=FACE_OUTER_BOUND('',#349,.T.);
#199=FACE_OUTER_BOUND('',#350,.T.);
#200=FACE_OUTER_BOUND('',#351,.T.);
#201=FACE_OUTER_BOUND('',#352,.T.);
#202=FACE_OUTER_BOUND('',#353,.T.);
#203=FACE_OUTER_BOUND('',#354,.T.);
#204=FACE_OUTER_BOUND('',#355,.T.);
#205=FACE_OUTER_BOUND('',#356,.T.);
#206=FACE_OUTER_BOUND('',#357,.T.);
#207=FACE_OUTER_BOUND('',#358,.T.);
#208=FACE_OUTER_BOUND('',#359,.T.);
#209=FACE_OUTER_BOUND('',#360,.T.);
#210=FACE_OUTER_BOUND('',#361,.T.);
#211=FACE_OUTER_BOUND('',#362,.T.);
#212=FACE_OUTER_BOUND('',#363,.T.);
#213=FACE_OUTER_BOUND('',#364,.T.);
#214=FACE_OUTER_BOUND('',#365,.T.);
#215=FACE_OUTER_BOUND('',#366,.T.);
#216=FACE_OUTER_BOUND('',#367,.T.);
#217=FACE_OUTER_BOUND('',#368,.T.);
#218=FACE_OUTER_BOUND('',#369,.T.);
#219=FACE_OUTER_BOUND('',#370,.T.);
#220=FACE_OUTER_BOUND('',#371,.T.);
#221=FACE_OUTER_BOUND('',#372,.T.);
#222=FACE_OUTER_BOUND('',#373,.T.);
#223=FACE_OUTER_BOUND('',#374,.T.);
#224=FACE_OUTER_BOUND('',#375,.T.);
#225=FACE_OUTER_BOUND('',#376,.T.);
#226=FACE_OUTER_BOUND('',#377,.T.);
#227=FACE_OUTER_BOUND('',#378,.T.);
#228=FACE_OUTER_BOUND('',#379,.T.);
#229=FACE_OUTER_BOUND('',#380,.T.);
#230=FACE_OUTER_BOUND('',#381,.T.);
#231=FACE_OUTER_BOUND('',#382,.T.);
#232=FACE_OUTER_BOUND('',#383,.T.);
#233=FACE_OUTER_BOUND('',#384,.T.);
#234=FACE_OUTER_BOUND('',#385,.T.);
#235=FACE_OUTER_BOUND('',#386,.T.);
#236=FACE_OUTER_BOUND('',#387,.T.);
#237=FACE_OUTER_BOUND('',#388,.T.);
#238=FACE_OUTER_BOUND('',#389,.T.);
#239=FACE_OUTER_BOUND('',#390,.T.);
#240=FACE_OUTER_BOUND('',#391,.T.);
#241=FACE_OUTER_BOUND('',#392,.T.);
#242=FACE_OUTER_BOUND('',#393,.T.);
#243=FACE_OUTER_BOUND('',#394,.T.);
#244=FACE_OUTER_BOUND('',#395,.T.);
#245=FACE_OUTER_BOUND('',#396,.T.);
#246=FACE_OUTER_BOUND('',#397,.T.);
#247=FACE_OUTER_BOUND('',#398,.T.);
#248=FACE_OUTER_BOUND('',#399,.T.);
#249=FACE_OUTER_BOUND('',#400,.T.);
#250=FACE_OUTER_BOUND('',#401,.T.);
#251=FACE_OUTER_BOUND('',#402,.T.);
#252=FACE_OUTER_BOUND('',#403,.T.);
#253=FACE_OUTER_BOUND('',#404,.T.);
#254=FACE_OUTER_BOUND('',#405,.T.);
#255=FACE_OUTER_BOUND('',#406,.T.);
#256=FACE_OUTER_BOUND('',#407,.T.);
#257=FACE_OUTER_BOUND('',#408,.T.);
#258=FACE_OUTER_BOUND('',#409,.T.);
#259=FACE_OUTER_BOUND('',#410,.T.);
#260=FACE_OUTER_BOUND('',#411,.T.);
#261=FACE_OUTER_BOUND('',#412,.T.);
#262=FACE_OUTER_BOUND('',#413,.T.);
#263=FACE_OUTER_BOUND('',#414,.T.);
#264=FACE_OUTER_BOUND('',#415,.T.);
#265=FACE_OUTER_BOUND('',#416,.T.);
#266=FACE_OUTER_BOUND('',#417,.T.);
#267=FACE_OUTER_BOUND('',#418,.T.);
#268=FACE_OUTER_BOUND('',#419,.T.);
#269=FACE_OUTER_BOUND('',#420,.T.);
#270=FACE_OUTER_BOUND('',#421,.T.);
#271=FACE_OUTER_BOUND('',#422,.T.);
#272=FACE_OUTER_BOUND('',#423,.T.);
#273=FACE_OUTER_BOUND('',#424,.T.);
#274=FACE_OUTER_BOUND('',#425,.T.);
#275=FACE_OUTER_BOUND('',#426,.T.);
#276=FACE_OUTER_BOUND('',#427,.T.);
#277=FACE_OUTER_BOUND('',#428,.T.);
#278=FACE_OUTER_BOUND('',#429,.T.);
#279=FACE_OUTER_BOUND('',#431,.T.);
#280=FACE_OUTER_BOUND('',#432,.T.);
#281=FACE_OUTER_BOUND('',#433,.T.);
#282=FACE_OUTER_BOUND('',#434,.T.);
#283=FACE_OUTER_BOUND('',#435,.T.);
#284=FACE_OUTER_BOUND('',#436,.T.);
#285=FACE_OUTER_BOUND('',#437,.T.);
#286=FACE_OUTER_BOUND('',#438,.T.);
#287=FACE_OUTER_BOUND('',#439,.T.);
#288=FACE_OUTER_BOUND('',#440,.T.);
#289=FACE_OUTER_BOUND('',#441,.T.);
#290=FACE_OUTER_BOUND('',#442,.T.);
#291=FACE_OUTER_BOUND('',#443,.T.);
#292=FACE_OUTER_BOUND('',#444,.T.);
#293=FACE_OUTER_BOUND('',#445,.T.);
#294=FACE_OUTER_BOUND('',#447,.T.);
#295=FACE_OUTER_BOUND('',#448,.T.);
#296=FACE_OUTER_BOUND('',#450,.T.);
#297=FACE_OUTER_BOUND('',#451,.T.);
#298=FACE_OUTER_BOUND('',#452,.T.);
#299=FACE_OUTER_BOUND('',#453,.T.);
#300=FACE_OUTER_BOUND('',#454,.T.);
#301=FACE_OUTER_BOUND('',#455,.T.);
#302=FACE_OUTER_BOUND('',#456,.T.);
#303=FACE_OUTER_BOUND('',#457,.T.);
#304=FACE_OUTER_BOUND('',#458,.T.);
#305=FACE_OUTER_BOUND('',#459,.T.);
#306=FACE_OUTER_BOUND('',#460,.T.);
#307=FACE_OUTER_BOUND('',#461,.T.);
#308=FACE_OUTER_BOUND('',#462,.T.);
#309=FACE_OUTER_BOUND('',#463,.T.);
#310=FACE_OUTER_BOUND('',#464,.T.);
#311=FACE_OUTER_BOUND('',#465,.T.);
#312=FACE_OUTER_BOUND('',#466,.T.);
#313=FACE_OUTER_BOUND('',#467,.T.);
#314=FACE_OUTER_BOUND('',#468,.T.);
#315=FACE_OUTER_BOUND('',#469,.T.);
#316=FACE_OUTER_BOUND('',#470,.T.);
#317=FACE_OUTER_BOUND('',#471,.T.);
#318=FACE_OUTER_BOUND('',#472,.T.);
#319=FACE_OUTER_BOUND('',#474,.T.);
#320=FACE_OUTER_BOUND('',#475,.T.);
#321=FACE_OUTER_BOUND('',#477,.T.);
#322=FACE_OUTER_BOUND('',#478,.T.);
#323=FACE_OUTER_BOUND('',#479,.T.);
#324=FACE_OUTER_BOUND('',#480,.T.);
#325=FACE_OUTER_BOUND('',#481,.T.);
#326=FACE_OUTER_BOUND('',#482,.T.);
#327=FACE_OUTER_BOUND('',#483,.T.);
#328=FACE_OUTER_BOUND('',#484,.T.);
#329=FACE_OUTER_BOUND('',#485,.T.);
#330=FACE_OUTER_BOUND('',#486,.T.);
#331=EDGE_LOOP('',(#487,#488,#489,#490,#491,#492,#493,#494,#495,#496,#497,
#498,#499,#500));
#332=EDGE_LOOP('',(#501,#502,#503,#504,#505,#506,#507,#508));
#333=EDGE_LOOP('',(#509,#510,#511,#512,#513,#514,#515,#516));
#334=EDGE_LOOP('',(#517,#518,#519,#520,#521,#522,#523,#524,#525,#526,#527,
#528,#529,#530,#531,#532,#533,#534,#535,#536,#537));
#335=EDGE_LOOP('',(#538,#539,#540,#541,#542,#543,#544));
#336=EDGE_LOOP('',(#545,#546,#547,#548));
#337=EDGE_LOOP('',(#549,#550,#551,#552,#553,#554,#555,#556,#557,#558,#559,
#560,#561,#562));
#338=EDGE_LOOP('',(#563,#564,#565,#566,#567,#568,#569,#570));
#339=EDGE_LOOP('',(#571,#572,#573,#574,#575,#576,#577,#578,#579,#580,#581,
#582,#583,#584,#585,#586,#587,#588,#589,#590,#591,#592,#593,#594,#595,#596,
#597,#598));
#340=EDGE_LOOP('',(#599,#600,#601,#602,#603,#604,#605,#606));
#341=EDGE_LOOP('',(#607,#608,#609,#610,#611,#612));
#342=EDGE_LOOP('',(#613,#614,#615,#616,#617,#618,#619,#620,#621,#622,#623,
#624,#625,#626,#627,#628,#629,#630,#631,#632,#633));
#343=EDGE_LOOP('',(#634,#635,#636,#637,#638,#639,#640,#641));
#344=EDGE_LOOP('',(#642,#643,#644,#645,#646,#647));
#345=EDGE_LOOP('',(#648,#649,#650,#651,#652,#653,#654));
#346=EDGE_LOOP('',(#655,#656,#657,#658));
#347=EDGE_LOOP('',(#659,#660,#661,#662,#663,#664,#665,#666,#667,#668,#669,
#670,#671,#672,#673,#674,#675,#676,#677,#678));
#348=EDGE_LOOP('',(#679,#680,#681,#682));
#349=EDGE_LOOP('',(#683,#684,#685,#686));
#350=EDGE_LOOP('',(#687,#688,#689,#690));
#351=EDGE_LOOP('',(#691,#692,#693,#694));
#352=EDGE_LOOP('',(#695,#696,#697,#698));
#353=EDGE_LOOP('',(#699,#700,#701,#702,#703,#704,#705,#706));
#354=EDGE_LOOP('',(#707,#708,#709,#710,#711,#712,#713,#714,#715));
#355=EDGE_LOOP('',(#716,#717,#718,#719,#720,#721,#722,#723,#724));
#356=EDGE_LOOP('',(#725,#726,#727,#728,#729,#730,#731,#732,#733,#734,#735,
#736,#737,#738,#739,#740,#741,#742,#743,#744,#745,#746,#747,#748,#749,#750,
#751,#752,#753,#754,#755,#756));
#357=EDGE_LOOP('',(#757,#758,#759,#760));
#358=EDGE_LOOP('',(#761,#762,#763,#764));
#359=EDGE_LOOP('',(#765,#766,#767,#768));
#360=EDGE_LOOP('',(#769,#770,#771,#772));
#361=EDGE_LOOP('',(#773,#774,#775,#776));
#362=EDGE_LOOP('',(#777,#778,#779,#780));
#363=EDGE_LOOP('',(#781,#782,#783,#784,#785,#786));
#364=EDGE_LOOP('',(#787,#788,#789,#790));
#365=EDGE_LOOP('',(#791,#792,#793,#794));
#366=EDGE_LOOP('',(#795,#796,#797,#798));
#367=EDGE_LOOP('',(#799,#800,#801,#802));
#368=EDGE_LOOP('',(#803,#804,#805,#806));
#369=EDGE_LOOP('',(#807,#808,#809,#810));
#370=EDGE_LOOP('',(#811,#812,#813,#814));
#371=EDGE_LOOP('',(#815,#816,#817,#818));
#372=EDGE_LOOP('',(#819,#820,#821,#822));
#373=EDGE_LOOP('',(#823,#824,#825,#826));
#374=EDGE_LOOP('',(#827,#828,#829,#830));
#375=EDGE_LOOP('',(#831,#832,#833,#834));
#376=EDGE_LOOP('',(#835,#836,#837,#838));
#377=EDGE_LOOP('',(#839,#840,#841,#842));
#378=EDGE_LOOP('',(#843,#844,#845,#846));
#379=EDGE_LOOP('',(#847,#848,#849,#850));
#380=EDGE_LOOP('',(#851,#852,#853,#854));
#381=EDGE_LOOP('',(#855,#856,#857,#858));
#382=EDGE_LOOP('',(#859,#860,#861,#862));
#383=EDGE_LOOP('',(#863,#864,#865,#866));
#384=EDGE_LOOP('',(#867,#868,#869,#870));
#385=EDGE_LOOP('',(#871,#872,#873,#874));
#386=EDGE_LOOP('',(#875,#876,#877,#878));
#387=EDGE_LOOP('',(#879,#880,#881,#882));
#388=EDGE_LOOP('',(#883,#884,#885,#886));
#389=EDGE_LOOP('',(#887,#888,#889,#890));
#390=EDGE_LOOP('',(#891,#892,#893,#894));
#391=EDGE_LOOP('',(#895,#896,#897,#898));
#392=EDGE_LOOP('',(#899,#900,#901,#902));
#393=EDGE_LOOP('',(#903,#904,#905,#906));
#394=EDGE_LOOP('',(#907,#908,#909,#910));
#395=EDGE_LOOP('',(#911,#912,#913,#914));
#396=EDGE_LOOP('',(#915,#916,#917,#918,#919,#920));
#397=EDGE_LOOP('',(#921,#922,#923,#924));
#398=EDGE_LOOP('',(#925,#926,#927,#928,#929,#930));
#399=EDGE_LOOP('',(#931,#932,#933,#934));
#400=EDGE_LOOP('',(#935,#936,#937,#938));
#401=EDGE_LOOP('',(#939,#940,#941,#942));
#402=EDGE_LOOP('',(#943,#944,#945,#946));
#403=EDGE_LOOP('',(#947,#948,#949,#950));
#404=EDGE_LOOP('',(#951,#952,#953,#954,#955,#956));
#405=EDGE_LOOP('',(#957,#958,#959,#960));
#406=EDGE_LOOP('',(#961,#962,#963,#964,#965,#966));
#407=EDGE_LOOP('',(#967,#968,#969,#970));
#408=EDGE_LOOP('',(#971,#972,#973,#974));
#409=EDGE_LOOP('',(#975,#976,#977,#978));
#410=EDGE_LOOP('',(#979,#980,#981,#982));
#411=EDGE_LOOP('',(#983,#984,#985,#986));
#412=EDGE_LOOP('',(#987,#988,#989,#990,#991,#992));
#413=EDGE_LOOP('',(#993,#994,#995,#996));
#414=EDGE_LOOP('',(#997,#998,#999,#1000,#1001,#1002));
#415=EDGE_LOOP('',(#1003,#1004,#1005,#1006));
#416=EDGE_LOOP('',(#1007,#1008,#1009,#1010));
#417=EDGE_LOOP('',(#1011,#1012,#1013,#1014));
#418=EDGE_LOOP('',(#1015,#1016,#1017,#1018));
#419=EDGE_LOOP('',(#1019,#1020,#1021,#1022));
#420=EDGE_LOOP('',(#1023,#1024,#1025,#1026,#1027,#1028));
#421=EDGE_LOOP('',(#1029,#1030,#1031,#1032));
#422=EDGE_LOOP('',(#1033,#1034,#1035,#1036,#1037,#1038));
#423=EDGE_LOOP('',(#1039,#1040,#1041,#1042));
#424=EDGE_LOOP('',(#1043,#1044,#1045,#1046));
#425=EDGE_LOOP('',(#1047,#1048,#1049,#1050));
#426=EDGE_LOOP('',(#1051,#1052,#1053,#1054,#1055,#1056));
#427=EDGE_LOOP('',(#1057,#1058,#1059,#1060));
#428=EDGE_LOOP('',(#1061,#1062,#1063,#1064));
#429=EDGE_LOOP('',(#1065,#1066,#1067,#1068,#1069,#1070,#1071,#1072,#1073,
#1074,#1075,#1076,#1077,#1078,#1079,#1080,#1081,#1082,#1083,#1084,#1085,
#1086,#1087,#1088));
#430=EDGE_LOOP('',(#1089,#1090,#1091,#1092,#1093,#1094,#1095,#1096,#1097,
#1098,#1099,#1100,#1101,#1102,#1103,#1104,#1105,#1106,#1107,#1108,#1109,
#1110,#1111,#1112,#1113,#1114,#1115,#1116,#1117,#1118,#1119,#1120,#1121,
#1122,#1123,#1124,#1125,#1126,#1127,#1128));
#431=EDGE_LOOP('',(#1129,#1130,#1131,#1132,#1133,#1134,#1135));
#432=EDGE_LOOP('',(#1136,#1137,#1138,#1139));
#433=EDGE_LOOP('',(#1140,#1141,#1142,#1143,#1144,#1145));
#434=EDGE_LOOP('',(#1146,#1147,#1148,#1149,#1150));
#435=EDGE_LOOP('',(#1151,#1152,#1153,#1154));
#436=EDGE_LOOP('',(#1155,#1156,#1157,#1158));
#437=EDGE_LOOP('',(#1159,#1160,#1161,#1162));
#438=EDGE_LOOP('',(#1163,#1164,#1165,#1166));
#439=EDGE_LOOP('',(#1167,#1168,#1169,#1170));
#440=EDGE_LOOP('',(#1171,#1172,#1173,#1174));
#441=EDGE_LOOP('',(#1175,#1176,#1177,#1178,#1179));
#442=EDGE_LOOP('',(#1180,#1181,#1182,#1183));
#443=EDGE_LOOP('',(#1184,#1185,#1186,#1187,#1188,#1189));
#444=EDGE_LOOP('',(#1190,#1191,#1192,#1193));
#445=EDGE_LOOP('',(#1194,#1195,#1196,#1197));
#446=EDGE_LOOP('',(#1198,#1199,#1200,#1201));
#447=EDGE_LOOP('',(#1202,#1203,#1204,#1205));
#448=EDGE_LOOP('',(#1206,#1207,#1208,#1209,#1210));
#449=EDGE_LOOP('',(#1211,#1212,#1213,#1214));
#450=EDGE_LOOP('',(#1215,#1216,#1217,#1218));
#451=EDGE_LOOP('',(#1219,#1220,#1221,#1222,#1223,#1224));
#452=EDGE_LOOP('',(#1225,#1226,#1227,#1228));
#453=EDGE_LOOP('',(#1229,#1230,#1231,#1232));
#454=EDGE_LOOP('',(#1233,#1234,#1235,#1236));
#455=EDGE_LOOP('',(#1237,#1238,#1239,#1240,#1241));
#456=EDGE_LOOP('',(#1242,#1243,#1244,#1245));
#457=EDGE_LOOP('',(#1246,#1247,#1248,#1249,#1250,#1251,#1252));
#458=EDGE_LOOP('',(#1253,#1254,#1255,#1256));
#459=EDGE_LOOP('',(#1257,#1258,#1259,#1260,#1261,#1262));
#460=EDGE_LOOP('',(#1263,#1264,#1265,#1266,#1267));
#461=EDGE_LOOP('',(#1268,#1269,#1270,#1271));
#462=EDGE_LOOP('',(#1272,#1273,#1274,#1275));
#463=EDGE_LOOP('',(#1276,#1277,#1278,#1279));
#464=EDGE_LOOP('',(#1280,#1281,#1282,#1283));
#465=EDGE_LOOP('',(#1284,#1285,#1286,#1287));
#466=EDGE_LOOP('',(#1288,#1289,#1290,#1291));
#467=EDGE_LOOP('',(#1292,#1293,#1294,#1295));
#468=EDGE_LOOP('',(#1296,#1297,#1298,#1299,#1300));
#469=EDGE_LOOP('',(#1301,#1302,#1303,#1304));
#470=EDGE_LOOP('',(#1305,#1306,#1307,#1308,#1309,#1310));
#471=EDGE_LOOP('',(#1311,#1312,#1313,#1314));
#472=EDGE_LOOP('',(#1315,#1316,#1317,#1318));
#473=EDGE_LOOP('',(#1319,#1320,#1321,#1322));
#474=EDGE_LOOP('',(#1323,#1324,#1325,#1326));
#475=EDGE_LOOP('',(#1327,#1328,#1329,#1330,#1331));
#476=EDGE_LOOP('',(#1332,#1333,#1334,#1335));
#477=EDGE_LOOP('',(#1336,#1337,#1338,#1339));
#478=EDGE_LOOP('',(#1340,#1341,#1342,#1343,#1344,#1345));
#479=EDGE_LOOP('',(#1346,#1347,#1348,#1349));
#480=EDGE_LOOP('',(#1350,#1351,#1352,#1353));
#481=EDGE_LOOP('',(#1354,#1355,#1356,#1357));
#482=EDGE_LOOP('',(#1358,#1359,#1360,#1361,#1362));
#483=EDGE_LOOP('',(#1363,#1364,#1365,#1366,#1367,#1368));
#484=EDGE_LOOP('',(#1369,#1370,#1371,#1372,#1373,#1374));
#485=EDGE_LOOP('',(#1375,#1376,#1377,#1378,#1379,#1380));
#486=EDGE_LOOP('',(#1381,#1382,#1383,#1384,#1385,#1386));
#487=ORIENTED_EDGE('',*,*,#1387,.T.);
#488=ORIENTED_EDGE('',*,*,#1388,.T.);
#489=ORIENTED_EDGE('',*,*,#1389,.T.);
#490=ORIENTED_EDGE('',*,*,#1390,.T.);
#491=ORIENTED_EDGE('',*,*,#1391,.T.);
#492=ORIENTED_EDGE('',*,*,#1392,.T.);
#493=ORIENTED_EDGE('',*,*,#1393,.T.);
#494=ORIENTED_EDGE('',*,*,#1394,.T.);
#495=ORIENTED_EDGE('',*,*,#1395,.T.);
#496=ORIENTED_EDGE('',*,*,#1396,.T.);
#497=ORIENTED_EDGE('',*,*,#1397,.T.);
#498=ORIENTED_EDGE('',*,*,#1398,.T.);
#499=ORIENTED_EDGE('',*,*,#1399,.T.);
#500=ORIENTED_EDGE('',*,*,#1400,.T.);
#501=ORIENTED_EDGE('',*,*,#1402,.F.);
#502=ORIENTED_EDGE('',*,*,#1403,.F.);
#503=ORIENTED_EDGE('',*,*,#1404,.F.);
#504=ORIENTED_EDGE('',*,*,#1405,.F.);
#505=ORIENTED_EDGE('',*,*,#1406,.F.);
#506=ORIENTED_EDGE('',*,*,#1407,.F.);
#507=ORIENTED_EDGE('',*,*,#1408,.F.);
#508=ORIENTED_EDGE('',*,*,#1401,.F.);
#509=ORIENTED_EDGE('',*,*,#1409,.F.);
#510=ORIENTED_EDGE('',*,*,#1410,.F.);
#511=ORIENTED_EDGE('',*,*,#1411,.F.);
#512=ORIENTED_EDGE('',*,*,#1412,.F.);
#513=ORIENTED_EDGE('',*,*,#1413,.F.);
#514=ORIENTED_EDGE('',*,*,#1414,.F.);
#515=ORIENTED_EDGE('',*,*,#1415,.F.);
#516=ORIENTED_EDGE('',*,*,#1395,.F.);
#517=ORIENTED_EDGE('',*,*,#1417,.F.);
#518=ORIENTED_EDGE('',*,*,#1440,.F.);
#519=ORIENTED_EDGE('',*,*,#1418,.F.);
#520=ORIENTED_EDGE('',*,*,#1616,.F.);
#521=ORIENTED_EDGE('',*,*,#1419,.F.);
#522=ORIENTED_EDGE('',*,*,#1420,.F.);
#523=ORIENTED_EDGE('',*,*,#1421,.F.);
#524=ORIENTED_EDGE('',*,*,#1422,.F.);
#525=ORIENTED_EDGE('',*,*,#1423,.F.);
#526=ORIENTED_EDGE('',*,*,#1424,.F.);
#527=ORIENTED_EDGE('',*,*,#1425,.F.);
#528=ORIENTED_EDGE('',*,*,#1426,.F.);
#529=ORIENTED_EDGE('',*,*,#1427,.F.);
#530=ORIENTED_EDGE('',*,*,#1428,.F.);
#531=ORIENTED_EDGE('',*,*,#1429,.F.);
#532=ORIENTED_EDGE('',*,*,#1430,.F.);
#533=ORIENTED_EDGE('',*,*,#1431,.F.);
#534=ORIENTED_EDGE('',*,*,#1432,.F.);
#535=ORIENTED_EDGE('',*,*,#1433,.F.);
#536=ORIENTED_EDGE('',*,*,#1408,.T.);
#537=ORIENTED_EDGE('',*,*,#1416,.F.);
#538=ORIENTED_EDGE('',*,*,#1434,.T.);
#539=ORIENTED_EDGE('',*,*,#1435,.T.);
#540=ORIENTED_EDGE('',*,*,#1436,.T.);
#541=ORIENTED_EDGE('',*,*,#1437,.T.);
#542=ORIENTED_EDGE('',*,*,#1617,.T.);
#543=ORIENTED_EDGE('',*,*,#1438,.T.);
#544=ORIENTED_EDGE('',*,*,#1439,.T.);
#545=ORIENTED_EDGE('',*,*,#1784,.F.);
#546=ORIENTED_EDGE('',*,*,#1439,.F.);
#547=ORIENTED_EDGE('',*,*,#1619,.T.);
#548=ORIENTED_EDGE('',*,*,#1440,.T.);
#549=ORIENTED_EDGE('',*,*,#1441,.T.);
#550=ORIENTED_EDGE('',*,*,#1442,.T.);
#551=ORIENTED_EDGE('',*,*,#1443,.T.);
#552=ORIENTED_EDGE('',*,*,#1444,.T.);
#553=ORIENTED_EDGE('',*,*,#1445,.T.);
#554=ORIENTED_EDGE('',*,*,#1446,.T.);
#555=ORIENTED_EDGE('',*,*,#1447,.T.);
#556=ORIENTED_EDGE('',*,*,#1414,.T.);
#557=ORIENTED_EDGE('',*,*,#1448,.T.);
#558=ORIENTED_EDGE('',*,*,#1449,.T.);
#559=ORIENTED_EDGE('',*,*,#1450,.T.);
#560=ORIENTED_EDGE('',*,*,#1451,.T.);
#561=ORIENTED_EDGE('',*,*,#1452,.T.);
#562=ORIENTED_EDGE('',*,*,#1453,.T.);
#563=ORIENTED_EDGE('',*,*,#1455,.F.);
#564=ORIENTED_EDGE('',*,*,#1456,.F.);
#565=ORIENTED_EDGE('',*,*,#1457,.F.);
#566=ORIENTED_EDGE('',*,*,#1458,.F.);
#567=ORIENTED_EDGE('',*,*,#1459,.F.);
#568=ORIENTED_EDGE('',*,*,#1460,.F.);
#569=ORIENTED_EDGE('',*,*,#1461,.F.);
#570=ORIENTED_EDGE('',*,*,#1454,.F.);
#571=ORIENTED_EDGE('',*,*,#1462,.F.);
#572=ORIENTED_EDGE('',*,*,#1463,.F.);
#573=ORIENTED_EDGE('',*,*,#1464,.F.);
#574=ORIENTED_EDGE('',*,*,#1465,.F.);
#575=ORIENTED_EDGE('',*,*,#1466,.F.);
#576=ORIENTED_EDGE('',*,*,#1467,.F.);
#577=ORIENTED_EDGE('',*,*,#1468,.F.);
#578=ORIENTED_EDGE('',*,*,#1469,.F.);
#579=ORIENTED_EDGE('',*,*,#1470,.F.);
#580=ORIENTED_EDGE('',*,*,#1471,.F.);
#581=ORIENTED_EDGE('',*,*,#1472,.F.);
#582=ORIENTED_EDGE('',*,*,#1473,.F.);
#583=ORIENTED_EDGE('',*,*,#1474,.F.);
#584=ORIENTED_EDGE('',*,*,#1475,.F.);
#585=ORIENTED_EDGE('',*,*,#1476,.F.);
#586=ORIENTED_EDGE('',*,*,#1477,.F.);
#587=ORIENTED_EDGE('',*,*,#1478,.F.);
#588=ORIENTED_EDGE('',*,*,#1458,.T.);
#589=ORIENTED_EDGE('',*,*,#1479,.F.);
#590=ORIENTED_EDGE('',*,*,#1448,.F.);
#591=ORIENTED_EDGE('',*,*,#1413,.T.);
#592=ORIENTED_EDGE('',*,*,#1625,.F.);
#593=ORIENTED_EDGE('',*,*,#1480,.F.);
#594=ORIENTED_EDGE('',*,*,#1621,.F.);
#595=ORIENTED_EDGE('',*,*,#1409,.T.);
#596=ORIENTED_EDGE('',*,*,#1394,.F.);
#597=ORIENTED_EDGE('',*,*,#1481,.F.);
#598=ORIENTED_EDGE('',*,*,#1404,.T.);
#599=ORIENTED_EDGE('',*,*,#1482,.T.);
#600=ORIENTED_EDGE('',*,*,#1483,.T.);
#601=ORIENTED_EDGE('',*,*,#1396,.F.);
#602=ORIENTED_EDGE('',*,*,#1415,.T.);
#603=ORIENTED_EDGE('',*,*,#1447,.F.);
#604=ORIENTED_EDGE('',*,*,#1484,.T.);
#605=ORIENTED_EDGE('',*,*,#1485,.T.);
#606=ORIENTED_EDGE('',*,*,#1486,.T.);
#607=ORIENTED_EDGE('',*,*,#1488,.F.);
#608=ORIENTED_EDGE('',*,*,#1476,.T.);
#609=ORIENTED_EDGE('',*,*,#1716,.F.);
#610=ORIENTED_EDGE('',*,*,#1489,.F.);
#611=ORIENTED_EDGE('',*,*,#1461,.T.);
#612=ORIENTED_EDGE('',*,*,#1487,.F.);
#613=ORIENTED_EDGE('',*,*,#1491,.F.);
#614=ORIENTED_EDGE('',*,*,#1454,.T.);
#615=ORIENTED_EDGE('',*,*,#1489,.T.);
#616=ORIENTED_EDGE('',*,*,#1492,.F.);
#617=ORIENTED_EDGE('',*,*,#1493,.F.);
#618=ORIENTED_EDGE('',*,*,#1494,.F.);
#619=ORIENTED_EDGE('',*,*,#1495,.F.);
#620=ORIENTED_EDGE('',*,*,#1496,.F.);
#621=ORIENTED_EDGE('',*,*,#1497,.F.);
#622=ORIENTED_EDGE('',*,*,#1498,.F.);
#623=ORIENTED_EDGE('',*,*,#1499,.F.);
#624=ORIENTED_EDGE('',*,*,#1500,.F.);
#625=ORIENTED_EDGE('',*,*,#1501,.F.);
#626=ORIENTED_EDGE('',*,*,#1502,.F.);
#627=ORIENTED_EDGE('',*,*,#1503,.F.);
#628=ORIENTED_EDGE('',*,*,#1504,.F.);
#629=ORIENTED_EDGE('',*,*,#1505,.F.);
#630=ORIENTED_EDGE('',*,*,#1607,.F.);
#631=ORIENTED_EDGE('',*,*,#1506,.F.);
#632=ORIENTED_EDGE('',*,*,#1521,.F.);
#633=ORIENTED_EDGE('',*,*,#1490,.F.);
#634=ORIENTED_EDGE('',*,*,#1507,.T.);
#635=ORIENTED_EDGE('',*,*,#1510,.T.);
#636=ORIENTED_EDGE('',*,*,#1508,.T.);
#637=ORIENTED_EDGE('',*,*,#1600,.T.);
#638=ORIENTED_EDGE('',*,*,#1509,.T.);
#639=ORIENTED_EDGE('',*,*,#1593,.T.);
#640=ORIENTED_EDGE('',*,*,#1604,.T.);
#641=ORIENTED_EDGE('',*,*,#1595,.T.);
#642=ORIENTED_EDGE('',*,*,#1510,.F.);
#643=ORIENTED_EDGE('',*,*,#1511,.T.);
#644=ORIENTED_EDGE('',*,*,#1512,.T.);
#645=ORIENTED_EDGE('',*,*,#1513,.T.);
#646=ORIENTED_EDGE('',*,*,#1514,.T.);
#647=ORIENTED_EDGE('',*,*,#1515,.T.);
#648=ORIENTED_EDGE('',*,*,#1513,.F.);
#649=ORIENTED_EDGE('',*,*,#1516,.T.);
#650=ORIENTED_EDGE('',*,*,#1520,.T.);
#651=ORIENTED_EDGE('',*,*,#1517,.T.);
#652=ORIENTED_EDGE('',*,*,#1608,.T.);
#653=ORIENTED_EDGE('',*,*,#1518,.T.);
#654=ORIENTED_EDGE('',*,*,#1519,.T.);
#655=ORIENTED_EDGE('',*,*,#1740,.T.);
#656=ORIENTED_EDGE('',*,*,#1521,.T.);
#657=ORIENTED_EDGE('',*,*,#1605,.T.);
#658=ORIENTED_EDGE('',*,*,#1520,.F.);
#659=ORIENTED_EDGE('',*,*,#1523,.F.);
#660=ORIENTED_EDGE('',*,*,#1614,.F.);
#661=ORIENTED_EDGE('',*,*,#1524,.F.);
#662=ORIENTED_EDGE('',*,*,#1610,.F.);
#663=ORIENTED_EDGE('',*,*,#1525,.F.);
#664=ORIENTED_EDGE('',*,*,#1526,.F.);
#665=ORIENTED_EDGE('',*,*,#1527,.F.);
#666=ORIENTED_EDGE('',*,*,#1528,.F.);
#667=ORIENTED_EDGE('',*,*,#1529,.F.);
#668=ORIENTED_EDGE('',*,*,#1530,.F.);
#669=ORIENTED_EDGE('',*,*,#1531,.F.);
#670=ORIENTED_EDGE('',*,*,#1532,.F.);
#671=ORIENTED_EDGE('',*,*,#1533,.F.);
#672=ORIENTED_EDGE('',*,*,#1534,.F.);
#673=ORIENTED_EDGE('',*,*,#1535,.F.);
#674=ORIENTED_EDGE('',*,*,#1536,.F.);
#675=ORIENTED_EDGE('',*,*,#1537,.F.);
#676=ORIENTED_EDGE('',*,*,#1538,.F.);
#677=ORIENTED_EDGE('',*,*,#1539,.F.);
#678=ORIENTED_EDGE('',*,*,#1522,.F.);
#679=ORIENTED_EDGE('',*,*,#1540,.T.);
#680=ORIENTED_EDGE('',*,*,#1541,.T.);
#681=ORIENTED_EDGE('',*,*,#1390,.F.);
#682=ORIENTED_EDGE('',*,*,#1542,.T.);
#683=ORIENTED_EDGE('',*,*,#1543,.T.);
#684=ORIENTED_EDGE('',*,*,#1544,.T.);
#685=ORIENTED_EDGE('',*,*,#1545,.T.);
#686=ORIENTED_EDGE('',*,*,#1540,.F.);
#687=ORIENTED_EDGE('',*,*,#1452,.F.);
#688=ORIENTED_EDGE('',*,*,#1546,.T.);
#689=ORIENTED_EDGE('',*,*,#1544,.F.);
#690=ORIENTED_EDGE('',*,*,#1547,.F.);
#691=ORIENTED_EDGE('',*,*,#1548,.T.);
#692=ORIENTED_EDGE('',*,*,#1522,.T.);
#693=ORIENTED_EDGE('',*,*,#1549,.T.);
#694=ORIENTED_EDGE('',*,*,#1420,.T.);
#695=ORIENTED_EDGE('',*,*,#1550,.T.);
#696=ORIENTED_EDGE('',*,*,#1504,.T.);
#697=ORIENTED_EDGE('',*,*,#1551,.T.);
#698=ORIENTED_EDGE('',*,*,#1526,.T.);
#699=ORIENTED_EDGE('',*,*,#1589,.T.);
#700=ORIENTED_EDGE('',*,*,#1552,.T.);
#701=ORIENTED_EDGE('',*,*,#1587,.T.);
#702=ORIENTED_EDGE('',*,*,#1583,.T.);
#703=ORIENTED_EDGE('',*,*,#1581,.T.);
#704=ORIENTED_EDGE('',*,*,#1553,.T.);
#705=ORIENTED_EDGE('',*,*,#1577,.T.);
#706=ORIENTED_EDGE('',*,*,#1554,.T.);
#707=ORIENTED_EDGE('',*,*,#1436,.F.);
#708=ORIENTED_EDGE('',*,*,#1590,.F.);
#709=ORIENTED_EDGE('',*,*,#1556,.F.);
#710=ORIENTED_EDGE('',*,*,#1579,.F.);
#711=ORIENTED_EDGE('',*,*,#1557,.F.);
#712=ORIENTED_EDGE('',*,*,#1580,.F.);
#713=ORIENTED_EDGE('',*,*,#1585,.F.);
#714=ORIENTED_EDGE('',*,*,#1586,.F.);
#715=ORIENTED_EDGE('',*,*,#1555,.F.);
#716=ORIENTED_EDGE('',*,*,#1596,.F.);
#717=ORIENTED_EDGE('',*,*,#1602,.F.);
#718=ORIENTED_EDGE('',*,*,#1592,.F.);
#719=ORIENTED_EDGE('',*,*,#1559,.F.);
#720=ORIENTED_EDGE('',*,*,#1598,.F.);
#721=ORIENTED_EDGE('',*,*,#1560,.F.);
#722=ORIENTED_EDGE('',*,*,#1514,.F.);
#723=ORIENTED_EDGE('',*,*,#1519,.F.);
#724=ORIENTED_EDGE('',*,*,#1558,.F.);
#725=ORIENTED_EDGE('',*,*,#1391,.F.);
#726=ORIENTED_EDGE('',*,*,#1541,.F.);
#727=ORIENTED_EDGE('',*,*,#1545,.F.);
#728=ORIENTED_EDGE('',*,*,#1546,.F.);
#729=ORIENTED_EDGE('',*,*,#1451,.F.);
#730=ORIENTED_EDGE('',*,*,#1562,.F.);
#731=ORIENTED_EDGE('',*,*,#1563,.F.);
#732=ORIENTED_EDGE('',*,*,#1564,.F.);
#733=ORIENTED_EDGE('',*,*,#1511,.F.);
#734=ORIENTED_EDGE('',*,*,#1507,.F.);
#735=ORIENTED_EDGE('',*,*,#1565,.F.);
#736=ORIENTED_EDGE('',*,*,#1558,.T.);
#737=ORIENTED_EDGE('',*,*,#1518,.F.);
#738=ORIENTED_EDGE('',*,*,#1566,.F.);
#739=ORIENTED_EDGE('',*,*,#1505,.T.);
#740=ORIENTED_EDGE('',*,*,#1550,.F.);
#741=ORIENTED_EDGE('',*,*,#1525,.T.);
#742=ORIENTED_EDGE('',*,*,#1567,.F.);
#743=ORIENTED_EDGE('',*,*,#1568,.F.);
#744=ORIENTED_EDGE('',*,*,#1569,.F.);
#745=ORIENTED_EDGE('',*,*,#1523,.T.);
#746=ORIENTED_EDGE('',*,*,#1548,.F.);
#747=ORIENTED_EDGE('',*,*,#1419,.T.);
#748=ORIENTED_EDGE('',*,*,#1570,.F.);
#749=ORIENTED_EDGE('',*,*,#1437,.F.);
#750=ORIENTED_EDGE('',*,*,#1555,.T.);
#751=ORIENTED_EDGE('',*,*,#1571,.F.);
#752=ORIENTED_EDGE('',*,*,#1552,.F.);
#753=ORIENTED_EDGE('',*,*,#1572,.F.);
#754=ORIENTED_EDGE('',*,*,#1573,.F.);
#755=ORIENTED_EDGE('',*,*,#1574,.F.);
#756=ORIENTED_EDGE('',*,*,#1561,.F.);
#757=ORIENTED_EDGE('',*,*,#1560,.T.);
#758=ORIENTED_EDGE('',*,*,#1597,.F.);
#759=ORIENTED_EDGE('',*,*,#1508,.F.);
#760=ORIENTED_EDGE('',*,*,#1515,.F.);
#761=ORIENTED_EDGE('',*,*,#1556,.T.);
#762=ORIENTED_EDGE('',*,*,#1575,.T.);
#763=ORIENTED_EDGE('',*,*,#1554,.F.);
#764=ORIENTED_EDGE('',*,*,#1576,.T.);
#765=ORIENTED_EDGE('',*,*,#1577,.F.);
#766=ORIENTED_EDGE('',*,*,#1578,.F.);
#767=ORIENTED_EDGE('',*,*,#1579,.T.);
#768=ORIENTED_EDGE('',*,*,#1576,.F.);
#769=ORIENTED_EDGE('',*,*,#1580,.T.);
#770=ORIENTED_EDGE('',*,*,#1591,.T.);
#771=ORIENTED_EDGE('',*,*,#1581,.F.);
#772=ORIENTED_EDGE('',*,*,#1582,.T.);
#773=ORIENTED_EDGE('',*,*,#1583,.F.);
#774=ORIENTED_EDGE('',*,*,#1584,.F.);
#775=ORIENTED_EDGE('',*,*,#1585,.T.);
#776=ORIENTED_EDGE('',*,*,#1582,.F.);
#777=ORIENTED_EDGE('',*,*,#1586,.T.);
#778=ORIENTED_EDGE('',*,*,#1584,.T.);
#779=ORIENTED_EDGE('',*,*,#1587,.F.);
#780=ORIENTED_EDGE('',*,*,#1571,.T.);
#781=ORIENTED_EDGE('',*,*,#1572,.T.);
#782=ORIENTED_EDGE('',*,*,#1589,.F.);
#783=ORIENTED_EDGE('',*,*,#1575,.F.);
#784=ORIENTED_EDGE('',*,*,#1590,.T.);
#785=ORIENTED_EDGE('',*,*,#1435,.F.);
#786=ORIENTED_EDGE('',*,*,#1588,.F.);
#787=ORIENTED_EDGE('',*,*,#1557,.T.);
#788=ORIENTED_EDGE('',*,*,#1578,.T.);
#789=ORIENTED_EDGE('',*,*,#1553,.F.);
#790=ORIENTED_EDGE('',*,*,#1591,.F.);
#791=ORIENTED_EDGE('',*,*,#1592,.T.);
#792=ORIENTED_EDGE('',*,*,#1601,.F.);
#793=ORIENTED_EDGE('',*,*,#1593,.F.);
#794=ORIENTED_EDGE('',*,*,#1594,.T.);
#795=ORIENTED_EDGE('',*,*,#1509,.F.);
#796=ORIENTED_EDGE('',*,*,#1599,.F.);
#797=ORIENTED_EDGE('',*,*,#1559,.T.);
#798=ORIENTED_EDGE('',*,*,#1594,.F.);
#799=ORIENTED_EDGE('',*,*,#1565,.T.);
#800=ORIENTED_EDGE('',*,*,#1595,.F.);
#801=ORIENTED_EDGE('',*,*,#1603,.F.);
#802=ORIENTED_EDGE('',*,*,#1596,.T.);
#803=ORIENTED_EDGE('',*,*,#1597,.T.);
#804=ORIENTED_EDGE('',*,*,#1598,.T.);
#805=ORIENTED_EDGE('',*,*,#1599,.T.);
#806=ORIENTED_EDGE('',*,*,#1600,.F.);
#807=ORIENTED_EDGE('',*,*,#1601,.T.);
#808=ORIENTED_EDGE('',*,*,#1602,.T.);
#809=ORIENTED_EDGE('',*,*,#1603,.T.);
#810=ORIENTED_EDGE('',*,*,#1604,.F.);
#811=ORIENTED_EDGE('',*,*,#1506,.T.);
#812=ORIENTED_EDGE('',*,*,#1606,.F.);
#813=ORIENTED_EDGE('',*,*,#1517,.F.);
#814=ORIENTED_EDGE('',*,*,#1605,.F.);
#815=ORIENTED_EDGE('',*,*,#1606,.T.);
#816=ORIENTED_EDGE('',*,*,#1607,.T.);
#817=ORIENTED_EDGE('',*,*,#1566,.T.);
#818=ORIENTED_EDGE('',*,*,#1608,.F.);
#819=ORIENTED_EDGE('',*,*,#1609,.T.);
#820=ORIENTED_EDGE('',*,*,#1615,.T.);
#821=ORIENTED_EDGE('',*,*,#1568,.T.);
#822=ORIENTED_EDGE('',*,*,#1611,.T.);
#823=ORIENTED_EDGE('',*,*,#1610,.T.);
#824=ORIENTED_EDGE('',*,*,#1612,.T.);
#825=ORIENTED_EDGE('',*,*,#1611,.F.);
#826=ORIENTED_EDGE('',*,*,#1567,.T.);
#827=ORIENTED_EDGE('',*,*,#1524,.T.);
#828=ORIENTED_EDGE('',*,*,#1613,.F.);
#829=ORIENTED_EDGE('',*,*,#1609,.F.);
#830=ORIENTED_EDGE('',*,*,#1612,.F.);
#831=ORIENTED_EDGE('',*,*,#1613,.T.);
#832=ORIENTED_EDGE('',*,*,#1614,.T.);
#833=ORIENTED_EDGE('',*,*,#1569,.T.);
#834=ORIENTED_EDGE('',*,*,#1615,.F.);
#835=ORIENTED_EDGE('',*,*,#1616,.T.);
#836=ORIENTED_EDGE('',*,*,#1618,.T.);
#837=ORIENTED_EDGE('',*,*,#1617,.F.);
#838=ORIENTED_EDGE('',*,*,#1570,.T.);
#839=ORIENTED_EDGE('',*,*,#1418,.T.);
#840=ORIENTED_EDGE('',*,*,#1619,.F.);
#841=ORIENTED_EDGE('',*,*,#1438,.F.);
#842=ORIENTED_EDGE('',*,*,#1618,.F.);
#843=ORIENTED_EDGE('',*,*,#1620,.T.);
#844=ORIENTED_EDGE('',*,*,#1626,.T.);
#845=ORIENTED_EDGE('',*,*,#1411,.T.);
#846=ORIENTED_EDGE('',*,*,#1622,.T.);
#847=ORIENTED_EDGE('',*,*,#1621,.T.);
#848=ORIENTED_EDGE('',*,*,#1623,.T.);
#849=ORIENTED_EDGE('',*,*,#1622,.F.);
#850=ORIENTED_EDGE('',*,*,#1410,.T.);
#851=ORIENTED_EDGE('',*,*,#1480,.T.);
#852=ORIENTED_EDGE('',*,*,#1624,.F.);
#853=ORIENTED_EDGE('',*,*,#1620,.F.);
#854=ORIENTED_EDGE('',*,*,#1623,.F.);
#855=ORIENTED_EDGE('',*,*,#1624,.T.);
#856=ORIENTED_EDGE('',*,*,#1625,.T.);
#857=ORIENTED_EDGE('',*,*,#1412,.T.);
#858=ORIENTED_EDGE('',*,*,#1626,.F.);
#859=ORIENTED_EDGE('',*,*,#1627,.T.);
#860=ORIENTED_EDGE('',*,*,#1628,.T.);
#861=ORIENTED_EDGE('',*,*,#1629,.T.);
#862=ORIENTED_EDGE('',*,*,#1630,.T.);
#863=ORIENTED_EDGE('',*,*,#1632,.F.);
#864=ORIENTED_EDGE('',*,*,#1633,.F.);
#865=ORIENTED_EDGE('',*,*,#1634,.F.);
#866=ORIENTED_EDGE('',*,*,#1631,.F.);
#867=ORIENTED_EDGE('',*,*,#1636,.F.);
#868=ORIENTED_EDGE('',*,*,#1637,.F.);
#869=ORIENTED_EDGE('',*,*,#1638,.F.);
#870=ORIENTED_EDGE('',*,*,#1635,.F.);
#871=ORIENTED_EDGE('',*,*,#1639,.T.);
#872=ORIENTED_EDGE('',*,*,#1640,.T.);
#873=ORIENTED_EDGE('',*,*,#1641,.T.);
#874=ORIENTED_EDGE('',*,*,#1642,.T.);
#875=ORIENTED_EDGE('',*,*,#1644,.F.);
#876=ORIENTED_EDGE('',*,*,#1645,.F.);
#877=ORIENTED_EDGE('',*,*,#1646,.F.);
#878=ORIENTED_EDGE('',*,*,#1643,.F.);
#879=ORIENTED_EDGE('',*,*,#1648,.F.);
#880=ORIENTED_EDGE('',*,*,#1649,.F.);
#881=ORIENTED_EDGE('',*,*,#1650,.F.);
#882=ORIENTED_EDGE('',*,*,#1647,.F.);
#883=ORIENTED_EDGE('',*,*,#1651,.T.);
#884=ORIENTED_EDGE('',*,*,#1652,.T.);
#885=ORIENTED_EDGE('',*,*,#1653,.T.);
#886=ORIENTED_EDGE('',*,*,#1654,.T.);
#887=ORIENTED_EDGE('',*,*,#1656,.F.);
#888=ORIENTED_EDGE('',*,*,#1657,.F.);
#889=ORIENTED_EDGE('',*,*,#1658,.F.);
#890=ORIENTED_EDGE('',*,*,#1655,.F.);
#891=ORIENTED_EDGE('',*,*,#1660,.F.);
#892=ORIENTED_EDGE('',*,*,#1661,.F.);
#893=ORIENTED_EDGE('',*,*,#1662,.F.);
#894=ORIENTED_EDGE('',*,*,#1659,.F.);
#895=ORIENTED_EDGE('',*,*,#1663,.T.);
#896=ORIENTED_EDGE('',*,*,#1664,.T.);
#897=ORIENTED_EDGE('',*,*,#1665,.T.);
#898=ORIENTED_EDGE('',*,*,#1666,.T.);
#899=ORIENTED_EDGE('',*,*,#1668,.F.);
#900=ORIENTED_EDGE('',*,*,#1669,.F.);
#901=ORIENTED_EDGE('',*,*,#1670,.F.);
#902=ORIENTED_EDGE('',*,*,#1667,.F.);
#903=ORIENTED_EDGE('',*,*,#1672,.F.);
#904=ORIENTED_EDGE('',*,*,#1673,.F.);
#905=ORIENTED_EDGE('',*,*,#1674,.F.);
#906=ORIENTED_EDGE('',*,*,#1671,.F.);
#907=ORIENTED_EDGE('',*,*,#1736,.F.);
#908=ORIENTED_EDGE('',*,*,#1473,.T.);
#909=ORIENTED_EDGE('',*,*,#1676,.T.);
#910=ORIENTED_EDGE('',*,*,#1636,.T.);
#911=ORIENTED_EDGE('',*,*,#1637,.T.);
#912=ORIENTED_EDGE('',*,*,#1676,.F.);
#913=ORIENTED_EDGE('',*,*,#1472,.T.);
#914=ORIENTED_EDGE('',*,*,#1675,.F.);
#915=ORIENTED_EDGE('',*,*,#1631,.T.);
#916=ORIENTED_EDGE('',*,*,#1737,.F.);
#917=ORIENTED_EDGE('',*,*,#1638,.T.);
#918=ORIENTED_EDGE('',*,*,#1675,.T.);
#919=ORIENTED_EDGE('',*,*,#1471,.T.);
#920=ORIENTED_EDGE('',*,*,#1677,.F.);
#921=ORIENTED_EDGE('',*,*,#1470,.T.);
#922=ORIENTED_EDGE('',*,*,#1678,.F.);
#923=ORIENTED_EDGE('',*,*,#1632,.T.);
#924=ORIENTED_EDGE('',*,*,#1677,.T.);
#925=ORIENTED_EDGE('',*,*,#1679,.T.);
#926=ORIENTED_EDGE('',*,*,#1633,.T.);
#927=ORIENTED_EDGE('',*,*,#1678,.T.);
#928=ORIENTED_EDGE('',*,*,#1469,.T.);
#929=ORIENTED_EDGE('',*,*,#1681,.T.);
#930=ORIENTED_EDGE('',*,*,#1628,.F.);
#931=ORIENTED_EDGE('',*,*,#1680,.F.);
#932=ORIENTED_EDGE('',*,*,#1629,.F.);
#933=ORIENTED_EDGE('',*,*,#1681,.F.);
#934=ORIENTED_EDGE('',*,*,#1468,.T.);
#935=ORIENTED_EDGE('',*,*,#1630,.F.);
#936=ORIENTED_EDGE('',*,*,#1680,.T.);
#937=ORIENTED_EDGE('',*,*,#1467,.T.);
#938=ORIENTED_EDGE('',*,*,#1738,.F.);
#939=ORIENTED_EDGE('',*,*,#1682,.F.);
#940=ORIENTED_EDGE('',*,*,#1465,.T.);
#941=ORIENTED_EDGE('',*,*,#1683,.T.);
#942=ORIENTED_EDGE('',*,*,#1432,.T.);
#943=ORIENTED_EDGE('',*,*,#1733,.F.);
#944=ORIENTED_EDGE('',*,*,#1430,.T.);
#945=ORIENTED_EDGE('',*,*,#1685,.T.);
#946=ORIENTED_EDGE('',*,*,#1672,.T.);
#947=ORIENTED_EDGE('',*,*,#1673,.T.);
#948=ORIENTED_EDGE('',*,*,#1685,.F.);
#949=ORIENTED_EDGE('',*,*,#1429,.T.);
#950=ORIENTED_EDGE('',*,*,#1684,.F.);
#951=ORIENTED_EDGE('',*,*,#1667,.T.);
#952=ORIENTED_EDGE('',*,*,#1734,.F.);
#953=ORIENTED_EDGE('',*,*,#1674,.T.);
#954=ORIENTED_EDGE('',*,*,#1684,.T.);
#955=ORIENTED_EDGE('',*,*,#1428,.T.);
#956=ORIENTED_EDGE('',*,*,#1686,.F.);
#957=ORIENTED_EDGE('',*,*,#1427,.T.);
#958=ORIENTED_EDGE('',*,*,#1687,.F.);
#959=ORIENTED_EDGE('',*,*,#1668,.T.);
#960=ORIENTED_EDGE('',*,*,#1686,.T.);
#961=ORIENTED_EDGE('',*,*,#1688,.T.);
#962=ORIENTED_EDGE('',*,*,#1669,.T.);
#963=ORIENTED_EDGE('',*,*,#1687,.T.);
#964=ORIENTED_EDGE('',*,*,#1426,.T.);
#965=ORIENTED_EDGE('',*,*,#1690,.T.);
#966=ORIENTED_EDGE('',*,*,#1664,.F.);
#967=ORIENTED_EDGE('',*,*,#1689,.F.);
#968=ORIENTED_EDGE('',*,*,#1665,.F.);
#969=ORIENTED_EDGE('',*,*,#1690,.F.);
#970=ORIENTED_EDGE('',*,*,#1425,.T.);
#971=ORIENTED_EDGE('',*,*,#1666,.F.);
#972=ORIENTED_EDGE('',*,*,#1689,.T.);
#973=ORIENTED_EDGE('',*,*,#1424,.T.);
#974=ORIENTED_EDGE('',*,*,#1735,.F.);
#975=ORIENTED_EDGE('',*,*,#1691,.F.);
#976=ORIENTED_EDGE('',*,*,#1422,.T.);
#977=ORIENTED_EDGE('',*,*,#1692,.T.);
#978=ORIENTED_EDGE('',*,*,#1538,.T.);
#979=ORIENTED_EDGE('',*,*,#1693,.T.);
#980=ORIENTED_EDGE('',*,*,#1536,.T.);
#981=ORIENTED_EDGE('',*,*,#1694,.T.);
#982=ORIENTED_EDGE('',*,*,#1660,.T.);
#983=ORIENTED_EDGE('',*,*,#1661,.T.);
#984=ORIENTED_EDGE('',*,*,#1694,.F.);
#985=ORIENTED_EDGE('',*,*,#1535,.T.);
#986=ORIENTED_EDGE('',*,*,#1695,.F.);
#987=ORIENTED_EDGE('',*,*,#1655,.T.);
#988=ORIENTED_EDGE('',*,*,#1696,.F.);
#989=ORIENTED_EDGE('',*,*,#1662,.T.);
#990=ORIENTED_EDGE('',*,*,#1695,.T.);
#991=ORIENTED_EDGE('',*,*,#1534,.T.);
#992=ORIENTED_EDGE('',*,*,#1697,.F.);
#993=ORIENTED_EDGE('',*,*,#1533,.T.);
#994=ORIENTED_EDGE('',*,*,#1698,.F.);
#995=ORIENTED_EDGE('',*,*,#1656,.T.);
#996=ORIENTED_EDGE('',*,*,#1697,.T.);
#997=ORIENTED_EDGE('',*,*,#1699,.T.);
#998=ORIENTED_EDGE('',*,*,#1657,.T.);
#999=ORIENTED_EDGE('',*,*,#1698,.T.);
#1000=ORIENTED_EDGE('',*,*,#1532,.T.);
#1001=ORIENTED_EDGE('',*,*,#1700,.T.);
#1002=ORIENTED_EDGE('',*,*,#1652,.F.);
#1003=ORIENTED_EDGE('',*,*,#1701,.F.);
#1004=ORIENTED_EDGE('',*,*,#1653,.F.);
#1005=ORIENTED_EDGE('',*,*,#1700,.F.);
#1006=ORIENTED_EDGE('',*,*,#1531,.T.);
#1007=ORIENTED_EDGE('',*,*,#1654,.F.);
#1008=ORIENTED_EDGE('',*,*,#1701,.T.);
#1009=ORIENTED_EDGE('',*,*,#1530,.T.);
#1010=ORIENTED_EDGE('',*,*,#1702,.F.);
#1011=ORIENTED_EDGE('',*,*,#1703,.F.);
#1012=ORIENTED_EDGE('',*,*,#1528,.T.);
#1013=ORIENTED_EDGE('',*,*,#1704,.T.);
#1014=ORIENTED_EDGE('',*,*,#1502,.T.);
#1015=ORIENTED_EDGE('',*,*,#1705,.T.);
#1016=ORIENTED_EDGE('',*,*,#1500,.T.);
#1017=ORIENTED_EDGE('',*,*,#1706,.T.);
#1018=ORIENTED_EDGE('',*,*,#1648,.T.);
#1019=ORIENTED_EDGE('',*,*,#1649,.T.);
#1020=ORIENTED_EDGE('',*,*,#1706,.F.);
#1021=ORIENTED_EDGE('',*,*,#1499,.T.);
#1022=ORIENTED_EDGE('',*,*,#1707,.F.);
#1023=ORIENTED_EDGE('',*,*,#1643,.T.);
#1024=ORIENTED_EDGE('',*,*,#1708,.F.);
#1025=ORIENTED_EDGE('',*,*,#1650,.T.);
#1026=ORIENTED_EDGE('',*,*,#1707,.T.);
#1027=ORIENTED_EDGE('',*,*,#1498,.T.);
#1028=ORIENTED_EDGE('',*,*,#1709,.F.);
#1029=ORIENTED_EDGE('',*,*,#1497,.T.);
#1030=ORIENTED_EDGE('',*,*,#1710,.F.);
#1031=ORIENTED_EDGE('',*,*,#1644,.T.);
#1032=ORIENTED_EDGE('',*,*,#1709,.T.);
#1033=ORIENTED_EDGE('',*,*,#1711,.T.);
#1034=ORIENTED_EDGE('',*,*,#1645,.T.);
#1035=ORIENTED_EDGE('',*,*,#1710,.T.);
#1036=ORIENTED_EDGE('',*,*,#1496,.T.);
#1037=ORIENTED_EDGE('',*,*,#1712,.T.);
#1038=ORIENTED_EDGE('',*,*,#1640,.F.);
#1039=ORIENTED_EDGE('',*,*,#1713,.F.);
#1040=ORIENTED_EDGE('',*,*,#1641,.F.);
#1041=ORIENTED_EDGE('',*,*,#1712,.F.);
#1042=ORIENTED_EDGE('',*,*,#1495,.T.);
#1043=ORIENTED_EDGE('',*,*,#1642,.F.);
#1044=ORIENTED_EDGE('',*,*,#1713,.T.);
#1045=ORIENTED_EDGE('',*,*,#1494,.T.);
#1046=ORIENTED_EDGE('',*,*,#1714,.F.);
#1047=ORIENTED_EDGE('',*,*,#1715,.F.);
#1048=ORIENTED_EDGE('',*,*,#1492,.T.);
#1049=ORIENTED_EDGE('',*,*,#1716,.T.);
#1050=ORIENTED_EDGE('',*,*,#1475,.T.);
#1051=ORIENTED_EDGE('',*,*,#1718,.F.);
#1052=ORIENTED_EDGE('',*,*,#1401,.T.);
#1053=ORIENTED_EDGE('',*,*,#1433,.T.);
#1054=ORIENTED_EDGE('',*,*,#1683,.F.);
#1055=ORIENTED_EDGE('',*,*,#1464,.T.);
#1056=ORIENTED_EDGE('',*,*,#1717,.F.);
#1057=ORIENTED_EDGE('',*,*,#1549,.F.);
#1058=ORIENTED_EDGE('',*,*,#1539,.T.);
#1059=ORIENTED_EDGE('',*,*,#1692,.F.);
#1060=ORIENTED_EDGE('',*,*,#1421,.T.);
#1061=ORIENTED_EDGE('',*,*,#1551,.F.);
#1062=ORIENTED_EDGE('',*,*,#1503,.T.);
#1063=ORIENTED_EDGE('',*,*,#1704,.F.);
#1064=ORIENTED_EDGE('',*,*,#1527,.T.);
#1065=ORIENTED_EDGE('',*,*,#1719,.T.);
#1066=ORIENTED_EDGE('',*,*,#1798,.T.);
#1067=ORIENTED_EDGE('',*,*,#1720,.T.);
#1068=ORIENTED_EDGE('',*,*,#1486,.F.);
#1069=ORIENTED_EDGE('',*,*,#1721,.T.);
#1070=ORIENTED_EDGE('',*,*,#1754,.T.);
#1071=ORIENTED_EDGE('',*,*,#1722,.T.);
#1072=ORIENTED_EDGE('',*,*,#1723,.T.);
#1073=ORIENTED_EDGE('',*,*,#1724,.T.);
#1074=ORIENTED_EDGE('',*,*,#1444,.F.);
#1075=ORIENTED_EDGE('',*,*,#1725,.T.);
#1076=ORIENTED_EDGE('',*,*,#1726,.T.);
#1077=ORIENTED_EDGE('',*,*,#1727,.T.);
#1078=ORIENTED_EDGE('',*,*,#1453,.F.);
#1079=ORIENTED_EDGE('',*,*,#1547,.T.);
#1080=ORIENTED_EDGE('',*,*,#1543,.F.);
#1081=ORIENTED_EDGE('',*,*,#1542,.F.);
#1082=ORIENTED_EDGE('',*,*,#1389,.F.);
#1083=ORIENTED_EDGE('',*,*,#1728,.T.);
#1084=ORIENTED_EDGE('',*,*,#1729,.T.);
#1085=ORIENTED_EDGE('',*,*,#1730,.T.);
#1086=ORIENTED_EDGE('',*,*,#1399,.F.);
#1087=ORIENTED_EDGE('',*,*,#1731,.T.);
#1088=ORIENTED_EDGE('',*,*,#1732,.T.);
#1089=ORIENTED_EDGE('',*,*,#1738,.T.);
#1090=ORIENTED_EDGE('',*,*,#1466,.T.);
#1091=ORIENTED_EDGE('',*,*,#1682,.T.);
#1092=ORIENTED_EDGE('',*,*,#1431,.T.);
#1093=ORIENTED_EDGE('',*,*,#1733,.T.);
#1094=ORIENTED_EDGE('',*,*,#1671,.T.);
#1095=ORIENTED_EDGE('',*,*,#1734,.T.);
#1096=ORIENTED_EDGE('',*,*,#1670,.T.);
#1097=ORIENTED_EDGE('',*,*,#1688,.F.);
#1098=ORIENTED_EDGE('',*,*,#1663,.F.);
#1099=ORIENTED_EDGE('',*,*,#1735,.T.);
#1100=ORIENTED_EDGE('',*,*,#1423,.T.);
#1101=ORIENTED_EDGE('',*,*,#1691,.T.);
#1102=ORIENTED_EDGE('',*,*,#1537,.T.);
#1103=ORIENTED_EDGE('',*,*,#1693,.F.);
#1104=ORIENTED_EDGE('',*,*,#1659,.T.);
#1105=ORIENTED_EDGE('',*,*,#1696,.T.);
#1106=ORIENTED_EDGE('',*,*,#1658,.T.);
#1107=ORIENTED_EDGE('',*,*,#1699,.F.);
#1108=ORIENTED_EDGE('',*,*,#1651,.F.);
#1109=ORIENTED_EDGE('',*,*,#1702,.T.);
#1110=ORIENTED_EDGE('',*,*,#1529,.T.);
#1111=ORIENTED_EDGE('',*,*,#1703,.T.);
#1112=ORIENTED_EDGE('',*,*,#1501,.T.);
#1113=ORIENTED_EDGE('',*,*,#1705,.F.);
#1114=ORIENTED_EDGE('',*,*,#1647,.T.);
#1115=ORIENTED_EDGE('',*,*,#1708,.T.);
#1116=ORIENTED_EDGE('',*,*,#1646,.T.);
#1117=ORIENTED_EDGE('',*,*,#1711,.F.);
#1118=ORIENTED_EDGE('',*,*,#1639,.F.);
#1119=ORIENTED_EDGE('',*,*,#1714,.T.);
#1120=ORIENTED_EDGE('',*,*,#1493,.T.);
#1121=ORIENTED_EDGE('',*,*,#1715,.T.);
#1122=ORIENTED_EDGE('',*,*,#1474,.T.);
#1123=ORIENTED_EDGE('',*,*,#1736,.T.);
#1124=ORIENTED_EDGE('',*,*,#1635,.T.);
#1125=ORIENTED_EDGE('',*,*,#1737,.T.);
#1126=ORIENTED_EDGE('',*,*,#1634,.T.);
#1127=ORIENTED_EDGE('',*,*,#1679,.F.);
#1128=ORIENTED_EDGE('',*,*,#1627,.F.);
#1129=ORIENTED_EDGE('',*,*,#1781,.F.);
#1130=ORIENTED_EDGE('',*,*,#1490,.T.);
#1131=ORIENTED_EDGE('',*,*,#1740,.F.);
#1132=ORIENTED_EDGE('',*,*,#1516,.F.);
#1133=ORIENTED_EDGE('',*,*,#1512,.F.);
#1134=ORIENTED_EDGE('',*,*,#1564,.T.);
#1135=ORIENTED_EDGE('',*,*,#1739,.F.);
#1136=ORIENTED_EDGE('',*,*,#1741,.F.);
#1137=ORIENTED_EDGE('',*,*,#1742,.F.);
#1138=ORIENTED_EDGE('',*,*,#1562,.T.);
#1139=ORIENTED_EDGE('',*,*,#1450,.F.);
#1140=ORIENTED_EDGE('',*,*,#1456,.T.);
#1141=ORIENTED_EDGE('',*,*,#1743,.T.);
#1142=ORIENTED_EDGE('',*,*,#1739,.T.);
#1143=ORIENTED_EDGE('',*,*,#1563,.T.);
#1144=ORIENTED_EDGE('',*,*,#1742,.T.);
#1145=ORIENTED_EDGE('',*,*,#1744,.T.);
#1146=ORIENTED_EDGE('',*,*,#1449,.F.);
#1147=ORIENTED_EDGE('',*,*,#1479,.T.);
#1148=ORIENTED_EDGE('',*,*,#1457,.T.);
#1149=ORIENTED_EDGE('',*,*,#1744,.F.);
#1150=ORIENTED_EDGE('',*,*,#1741,.T.);
#1151=ORIENTED_EDGE('',*,*,#1477,.T.);
#1152=ORIENTED_EDGE('',*,*,#1488,.T.);
#1153=ORIENTED_EDGE('',*,*,#1746,.F.);
#1154=ORIENTED_EDGE('',*,*,#1745,.F.);
#1155=ORIENTED_EDGE('',*,*,#1460,.T.);
#1156=ORIENTED_EDGE('',*,*,#1747,.F.);
#1157=ORIENTED_EDGE('',*,*,#1746,.T.);
#1158=ORIENTED_EDGE('',*,*,#1487,.T.);
#1159=ORIENTED_EDGE('',*,*,#1459,.T.);
#1160=ORIENTED_EDGE('',*,*,#1478,.T.);
#1161=ORIENTED_EDGE('',*,*,#1745,.T.);
#1162=ORIENTED_EDGE('',*,*,#1747,.T.);
#1163=ORIENTED_EDGE('',*,*,#1722,.F.);
#1164=ORIENTED_EDGE('',*,*,#1748,.T.);
#1165=ORIENTED_EDGE('',*,*,#1749,.T.);
#1166=ORIENTED_EDGE('',*,*,#1750,.T.);
#1167=ORIENTED_EDGE('',*,*,#1751,.F.);
#1168=ORIENTED_EDGE('',*,*,#1752,.F.);
#1169=ORIENTED_EDGE('',*,*,#1749,.F.);
#1170=ORIENTED_EDGE('',*,*,#1756,.F.);
#1171=ORIENTED_EDGE('',*,*,#1780,.F.);
#1172=ORIENTED_EDGE('',*,*,#1753,.F.);
#1173=ORIENTED_EDGE('',*,*,#1721,.F.);
#1174=ORIENTED_EDGE('',*,*,#1485,.F.);
#1175=ORIENTED_EDGE('',*,*,#1754,.F.);
#1176=ORIENTED_EDGE('',*,*,#1753,.T.);
#1177=ORIENTED_EDGE('',*,*,#1755,.T.);
#1178=ORIENTED_EDGE('',*,*,#1756,.T.);
#1179=ORIENTED_EDGE('',*,*,#1748,.F.);
#1180=ORIENTED_EDGE('',*,*,#1776,.F.);
#1181=ORIENTED_EDGE('',*,*,#1757,.F.);
#1182=ORIENTED_EDGE('',*,*,#1725,.F.);
#1183=ORIENTED_EDGE('',*,*,#1443,.F.);
#1184=ORIENTED_EDGE('',*,*,#1763,.F.);
#1185=ORIENTED_EDGE('',*,*,#1758,.F.);
#1186=ORIENTED_EDGE('',*,*,#1762,.T.);
#1187=ORIENTED_EDGE('',*,*,#1764,.F.);
#1188=ORIENTED_EDGE('',*,*,#1826,.F.);
#1189=ORIENTED_EDGE('',*,*,#1825,.F.);
#1190=ORIENTED_EDGE('',*,*,#1441,.F.);
#1191=ORIENTED_EDGE('',*,*,#1727,.F.);
#1192=ORIENTED_EDGE('',*,*,#1765,.T.);
#1193=ORIENTED_EDGE('',*,*,#1777,.T.);
#1194=ORIENTED_EDGE('',*,*,#1765,.F.);
#1195=ORIENTED_EDGE('',*,*,#1726,.F.);
#1196=ORIENTED_EDGE('',*,*,#1757,.T.);
#1197=ORIENTED_EDGE('',*,*,#1766,.T.);
#1198=ORIENTED_EDGE('',*,*,#1759,.T.);
#1199=ORIENTED_EDGE('',*,*,#1758,.T.);
#1200=ORIENTED_EDGE('',*,*,#1763,.T.);
#1201=ORIENTED_EDGE('',*,*,#1827,.T.);
#1202=ORIENTED_EDGE('',*,*,#1445,.F.);
#1203=ORIENTED_EDGE('',*,*,#1724,.F.);
#1204=ORIENTED_EDGE('',*,*,#1767,.T.);
#1205=ORIENTED_EDGE('',*,*,#1778,.T.);
#1206=ORIENTED_EDGE('',*,*,#1767,.F.);
#1207=ORIENTED_EDGE('',*,*,#1723,.F.);
#1208=ORIENTED_EDGE('',*,*,#1750,.F.);
#1209=ORIENTED_EDGE('',*,*,#1752,.T.);
#1210=ORIENTED_EDGE('',*,*,#1768,.T.);
#1211=ORIENTED_EDGE('',*,*,#1775,.T.);
#1212=ORIENTED_EDGE('',*,*,#1771,.T.);
#1213=ORIENTED_EDGE('',*,*,#1772,.T.);
#1214=ORIENTED_EDGE('',*,*,#1829,.T.);
#1215=ORIENTED_EDGE('',*,*,#1770,.T.);
#1216=ORIENTED_EDGE('',*,*,#1769,.T.);
#1217=ORIENTED_EDGE('',*,*,#1774,.T.);
#1218=ORIENTED_EDGE('',*,*,#1830,.T.);
#1219=ORIENTED_EDGE('',*,*,#1774,.F.);
#1220=ORIENTED_EDGE('',*,*,#1769,.F.);
#1221=ORIENTED_EDGE('',*,*,#1773,.T.);
#1222=ORIENTED_EDGE('',*,*,#1775,.F.);
#1223=ORIENTED_EDGE('',*,*,#1829,.F.);
#1224=ORIENTED_EDGE('',*,*,#1828,.F.);
#1225=ORIENTED_EDGE('',*,*,#1761,.T.);
#1226=ORIENTED_EDGE('',*,*,#1826,.T.);
#1227=ORIENTED_EDGE('',*,*,#1764,.T.);
#1228=ORIENTED_EDGE('',*,*,#1760,.T.);
#1229=ORIENTED_EDGE('',*,*,#1442,.F.);
#1230=ORIENTED_EDGE('',*,*,#1777,.F.);
#1231=ORIENTED_EDGE('',*,*,#1766,.F.);
#1232=ORIENTED_EDGE('',*,*,#1776,.T.);
#1233=ORIENTED_EDGE('',*,*,#1768,.F.);
#1234=ORIENTED_EDGE('',*,*,#1779,.F.);
#1235=ORIENTED_EDGE('',*,*,#1446,.F.);
#1236=ORIENTED_EDGE('',*,*,#1778,.F.);
#1237=ORIENTED_EDGE('',*,*,#1751,.T.);
#1238=ORIENTED_EDGE('',*,*,#1755,.F.);
#1239=ORIENTED_EDGE('',*,*,#1780,.T.);
#1240=ORIENTED_EDGE('',*,*,#1484,.F.);
#1241=ORIENTED_EDGE('',*,*,#1779,.T.);
#1242=ORIENTED_EDGE('',*,*,#1455,.T.);
#1243=ORIENTED_EDGE('',*,*,#1491,.T.);
#1244=ORIENTED_EDGE('',*,*,#1781,.T.);
#1245=ORIENTED_EDGE('',*,*,#1743,.F.);
#1246=ORIENTED_EDGE('',*,*,#1417,.T.);
#1247=ORIENTED_EDGE('',*,*,#1782,.T.);
#1248=ORIENTED_EDGE('',*,*,#1783,.T.);
#1249=ORIENTED_EDGE('',*,*,#1573,.T.);
#1250=ORIENTED_EDGE('',*,*,#1588,.T.);
#1251=ORIENTED_EDGE('',*,*,#1434,.F.);
#1252=ORIENTED_EDGE('',*,*,#1784,.T.);
#1253=ORIENTED_EDGE('',*,*,#1785,.T.);
#1254=ORIENTED_EDGE('',*,*,#1392,.F.);
#1255=ORIENTED_EDGE('',*,*,#1561,.T.);
#1256=ORIENTED_EDGE('',*,*,#1786,.T.);
#1257=ORIENTED_EDGE('',*,*,#1406,.T.);
#1258=ORIENTED_EDGE('',*,*,#1787,.T.);
#1259=ORIENTED_EDGE('',*,*,#1786,.F.);
#1260=ORIENTED_EDGE('',*,*,#1574,.T.);
#1261=ORIENTED_EDGE('',*,*,#1783,.F.);
#1262=ORIENTED_EDGE('',*,*,#1788,.T.);
#1263=ORIENTED_EDGE('',*,*,#1393,.F.);
#1264=ORIENTED_EDGE('',*,*,#1785,.F.);
#1265=ORIENTED_EDGE('',*,*,#1787,.F.);
#1266=ORIENTED_EDGE('',*,*,#1405,.T.);
#1267=ORIENTED_EDGE('',*,*,#1481,.T.);
#1268=ORIENTED_EDGE('',*,*,#1416,.T.);
#1269=ORIENTED_EDGE('',*,*,#1407,.T.);
#1270=ORIENTED_EDGE('',*,*,#1788,.F.);
#1271=ORIENTED_EDGE('',*,*,#1782,.F.);
#1272=ORIENTED_EDGE('',*,*,#1463,.T.);
#1273=ORIENTED_EDGE('',*,*,#1789,.F.);
#1274=ORIENTED_EDGE('',*,*,#1790,.F.);
#1275=ORIENTED_EDGE('',*,*,#1717,.T.);
#1276=ORIENTED_EDGE('',*,*,#1402,.T.);
#1277=ORIENTED_EDGE('',*,*,#1718,.T.);
#1278=ORIENTED_EDGE('',*,*,#1790,.T.);
#1279=ORIENTED_EDGE('',*,*,#1791,.T.);
#1280=ORIENTED_EDGE('',*,*,#1403,.T.);
#1281=ORIENTED_EDGE('',*,*,#1791,.F.);
#1282=ORIENTED_EDGE('',*,*,#1789,.T.);
#1283=ORIENTED_EDGE('',*,*,#1462,.T.);
#1284=ORIENTED_EDGE('',*,*,#1792,.T.);
#1285=ORIENTED_EDGE('',*,*,#1793,.T.);
#1286=ORIENTED_EDGE('',*,*,#1799,.T.);
#1287=ORIENTED_EDGE('',*,*,#1794,.T.);
#1288=ORIENTED_EDGE('',*,*,#1795,.F.);
#1289=ORIENTED_EDGE('',*,*,#1719,.F.);
#1290=ORIENTED_EDGE('',*,*,#1796,.F.);
#1291=ORIENTED_EDGE('',*,*,#1794,.F.);
#1292=ORIENTED_EDGE('',*,*,#1797,.F.);
#1293=ORIENTED_EDGE('',*,*,#1824,.F.);
#1294=ORIENTED_EDGE('',*,*,#1482,.F.);
#1295=ORIENTED_EDGE('',*,*,#1720,.F.);
#1296=ORIENTED_EDGE('',*,*,#1795,.T.);
#1297=ORIENTED_EDGE('',*,*,#1799,.F.);
#1298=ORIENTED_EDGE('',*,*,#1800,.F.);
#1299=ORIENTED_EDGE('',*,*,#1797,.T.);
#1300=ORIENTED_EDGE('',*,*,#1798,.F.);
#1301=ORIENTED_EDGE('',*,*,#1821,.F.);
#1302=ORIENTED_EDGE('',*,*,#1801,.F.);
#1303=ORIENTED_EDGE('',*,*,#1728,.F.);
#1304=ORIENTED_EDGE('',*,*,#1388,.F.);
#1305=ORIENTED_EDGE('',*,*,#1807,.F.);
#1306=ORIENTED_EDGE('',*,*,#1802,.F.);
#1307=ORIENTED_EDGE('',*,*,#1806,.T.);
#1308=ORIENTED_EDGE('',*,*,#1808,.F.);
#1309=ORIENTED_EDGE('',*,*,#1832,.F.);
#1310=ORIENTED_EDGE('',*,*,#1831,.F.);
#1311=ORIENTED_EDGE('',*,*,#1400,.F.);
#1312=ORIENTED_EDGE('',*,*,#1730,.F.);
#1313=ORIENTED_EDGE('',*,*,#1809,.T.);
#1314=ORIENTED_EDGE('',*,*,#1820,.T.);
#1315=ORIENTED_EDGE('',*,*,#1809,.F.);
#1316=ORIENTED_EDGE('',*,*,#1729,.F.);
#1317=ORIENTED_EDGE('',*,*,#1801,.T.);
#1318=ORIENTED_EDGE('',*,*,#1810,.T.);
#1319=ORIENTED_EDGE('',*,*,#1803,.T.);
#1320=ORIENTED_EDGE('',*,*,#1802,.T.);
#1321=ORIENTED_EDGE('',*,*,#1807,.T.);
#1322=ORIENTED_EDGE('',*,*,#1833,.T.);
#1323=ORIENTED_EDGE('',*,*,#1822,.F.);
#1324=ORIENTED_EDGE('',*,*,#1811,.F.);
#1325=ORIENTED_EDGE('',*,*,#1731,.F.);
#1326=ORIENTED_EDGE('',*,*,#1398,.F.);
#1327=ORIENTED_EDGE('',*,*,#1811,.T.);
#1328=ORIENTED_EDGE('',*,*,#1812,.T.);
#1329=ORIENTED_EDGE('',*,*,#1792,.F.);
#1330=ORIENTED_EDGE('',*,*,#1796,.T.);
#1331=ORIENTED_EDGE('',*,*,#1732,.F.);
#1332=ORIENTED_EDGE('',*,*,#1819,.T.);
#1333=ORIENTED_EDGE('',*,*,#1815,.T.);
#1334=ORIENTED_EDGE('',*,*,#1816,.T.);
#1335=ORIENTED_EDGE('',*,*,#1835,.T.);
#1336=ORIENTED_EDGE('',*,*,#1814,.T.);
#1337=ORIENTED_EDGE('',*,*,#1813,.T.);
#1338=ORIENTED_EDGE('',*,*,#1818,.T.);
#1339=ORIENTED_EDGE('',*,*,#1836,.T.);
#1340=ORIENTED_EDGE('',*,*,#1818,.F.);
#1341=ORIENTED_EDGE('',*,*,#1813,.F.);
#1342=ORIENTED_EDGE('',*,*,#1817,.T.);
#1343=ORIENTED_EDGE('',*,*,#1819,.F.);
#1344=ORIENTED_EDGE('',*,*,#1835,.F.);
#1345=ORIENTED_EDGE('',*,*,#1834,.F.);
#1346=ORIENTED_EDGE('',*,*,#1805,.T.);
#1347=ORIENTED_EDGE('',*,*,#1832,.T.);
#1348=ORIENTED_EDGE('',*,*,#1808,.T.);
#1349=ORIENTED_EDGE('',*,*,#1804,.T.);
#1350=ORIENTED_EDGE('',*,*,#1820,.F.);
#1351=ORIENTED_EDGE('',*,*,#1810,.F.);
#1352=ORIENTED_EDGE('',*,*,#1821,.T.);
#1353=ORIENTED_EDGE('',*,*,#1387,.F.);
#1354=ORIENTED_EDGE('',*,*,#1822,.T.);
#1355=ORIENTED_EDGE('',*,*,#1397,.F.);
#1356=ORIENTED_EDGE('',*,*,#1823,.T.);
#1357=ORIENTED_EDGE('',*,*,#1812,.F.);
#1358=ORIENTED_EDGE('',*,*,#1823,.F.);
#1359=ORIENTED_EDGE('',*,*,#1483,.F.);
#1360=ORIENTED_EDGE('',*,*,#1824,.T.);
#1361=ORIENTED_EDGE('',*,*,#1800,.T.);
#1362=ORIENTED_EDGE('',*,*,#1793,.F.);
#1363=ORIENTED_EDGE('',*,*,#1825,.T.);
#1364=ORIENTED_EDGE('',*,*,#1761,.F.);
#1365=ORIENTED_EDGE('',*,*,#1760,.F.);
#1366=ORIENTED_EDGE('',*,*,#1762,.F.);
#1367=ORIENTED_EDGE('',*,*,#1759,.F.);
#1368=ORIENTED_EDGE('',*,*,#1827,.F.);
#1369=ORIENTED_EDGE('',*,*,#1828,.T.);
#1370=ORIENTED_EDGE('',*,*,#1772,.F.);
#1371=ORIENTED_EDGE('',*,*,#1771,.F.);
#1372=ORIENTED_EDGE('',*,*,#1773,.F.);
#1373=ORIENTED_EDGE('',*,*,#1770,.F.);
#1374=ORIENTED_EDGE('',*,*,#1830,.F.);
#1375=ORIENTED_EDGE('',*,*,#1831,.T.);
#1376=ORIENTED_EDGE('',*,*,#1805,.F.);
#1377=ORIENTED_EDGE('',*,*,#1804,.F.);
#1378=ORIENTED_EDGE('',*,*,#1806,.F.);
#1379=ORIENTED_EDGE('',*,*,#1803,.F.);
#1380=ORIENTED_EDGE('',*,*,#1833,.F.);
#1381=ORIENTED_EDGE('',*,*,#1834,.T.);
#1382=ORIENTED_EDGE('',*,*,#1816,.F.);
#1383=ORIENTED_EDGE('',*,*,#1815,.F.);
#1384=ORIENTED_EDGE('',*,*,#1817,.F.);
#1385=ORIENTED_EDGE('',*,*,#1814,.F.);
#1386=ORIENTED_EDGE('',*,*,#1836,.F.);
#1387=EDGE_CURVE('',#2287,#2288,#1869,.T.);
#1388=EDGE_CURVE('',#2288,#2289,#1870,.T.);
#1389=EDGE_CURVE('',#2289,#2290,#1871,.T.);
#1390=EDGE_CURVE('',#2290,#2291,#1872,.T.);
#1391=EDGE_CURVE('',#2291,#2292,#1873,.T.);
#1392=EDGE_CURVE('',#2292,#2293,#1874,.T.);
#1393=EDGE_CURVE('',#2293,#2294,#1875,.T.);
#1394=EDGE_CURVE('',#2294,#2295,#1876,.T.);
#1395=EDGE_CURVE('',#2295,#2296,#1877,.T.);
#1396=EDGE_CURVE('',#2296,#2297,#1878,.T.);
#1397=EDGE_CURVE('',#2297,#2298,#1879,.T.);
#1398=EDGE_CURVE('',#2298,#2299,#1880,.T.);
#1399=EDGE_CURVE('',#2299,#2300,#1881,.T.);
#1400=EDGE_CURVE('',#2300,#2287,#1882,.T.);
#1401=EDGE_CURVE('',#2301,#2302,#1883,.T.);
#1402=EDGE_CURVE('',#2303,#2301,#1884,.T.);
#1403=EDGE_CURVE('',#2304,#2303,#1885,.T.);
#1404=EDGE_CURVE('',#2305,#2304,#1886,.T.);
#1405=EDGE_CURVE('',#2306,#2305,#1887,.T.);
#1406=EDGE_CURVE('',#2307,#2306,#1888,.T.);
#1407=EDGE_CURVE('',#2308,#2307,#1889,.T.);
#1408=EDGE_CURVE('',#2302,#2308,#1890,.T.);
#1409=EDGE_CURVE('',#2309,#2295,#1891,.T.);
#1410=EDGE_CURVE('',#2310,#2309,#1892,.T.);
#1411=EDGE_CURVE('',#2311,#2310,#1893,.T.);
#1412=EDGE_CURVE('',#2312,#2311,#1894,.T.);
#1413=EDGE_CURVE('',#2313,#2312,#1895,.T.);
#1414=EDGE_CURVE('',#2314,#2313,#1896,.T.);
#1415=EDGE_CURVE('',#2296,#2314,#1897,.T.);
#1416=EDGE_CURVE('',#2315,#2308,#1898,.T.);
#1417=EDGE_CURVE('',#2316,#2315,#1899,.T.);
#1418=EDGE_CURVE('',#2318,#2317,#1900,.T.);
#1419=EDGE_CURVE('',#2320,#2319,#1901,.T.);
#1420=EDGE_CURVE('',#2321,#2320,#1902,.T.);
#1421=EDGE_CURVE('',#2322,#2321,#1903,.T.);
#1422=EDGE_CURVE('',#2323,#2322,#1904,.T.);
#1423=EDGE_CURVE('',#2324,#2323,#1905,.T.);
#1424=EDGE_CURVE('',#2325,#2324,#1906,.T.);
#1425=EDGE_CURVE('',#2326,#2325,#1907,.T.);
#1426=EDGE_CURVE('',#2327,#2326,#1908,.T.);
#1427=EDGE_CURVE('',#2328,#2327,#1909,.T.);
#1428=EDGE_CURVE('',#2329,#2328,#1910,.T.);
#1429=EDGE_CURVE('',#2330,#2329,#1911,.T.);
#1430=EDGE_CURVE('',#2331,#2330,#1912,.T.);
#1431=EDGE_CURVE('',#2332,#2331,#1913,.T.);
#1432=EDGE_CURVE('',#2333,#2332,#1914,.T.);
#1433=EDGE_CURVE('',#2302,#2333,#1915,.T.);
#1434=EDGE_CURVE('',#2334,#2335,#1916,.T.);
#1435=EDGE_CURVE('',#2335,#2336,#1917,.T.);
#1436=EDGE_CURVE('',#2336,#2337,#1918,.T.);
#1437=EDGE_CURVE('',#2337,#2338,#1919,.T.);
#1438=EDGE_CURVE('',#2339,#2340,#1920,.T.);
#1439=EDGE_CURVE('',#2340,#2334,#1921,.T.);
#1440=EDGE_CURVE('',#2317,#2316,#1922,.T.);
#1441=EDGE_CURVE('',#2341,#2342,#1923,.T.);
#1442=EDGE_CURVE('',#2342,#2343,#1924,.T.);
#1443=EDGE_CURVE('',#2343,#2344,#1925,.T.);
#1444=EDGE_CURVE('',#2344,#2345,#1926,.T.);
#1445=EDGE_CURVE('',#2345,#2346,#1927,.T.);
#1446=EDGE_CURVE('',#2346,#2347,#1928,.T.);
#1447=EDGE_CURVE('',#2347,#2314,#1929,.T.);
#1448=EDGE_CURVE('',#2313,#2348,#1930,.T.);
#1449=EDGE_CURVE('',#2348,#2349,#1931,.T.);
#1450=EDGE_CURVE('',#2349,#2350,#1932,.T.);
#1451=EDGE_CURVE('',#2350,#2351,#1933,.T.);
#1452=EDGE_CURVE('',#2351,#2352,#1934,.T.);
#1453=EDGE_CURVE('',#2352,#2341,#1935,.T.);
#1454=EDGE_CURVE('',#2353,#2354,#1936,.T.);
#1455=EDGE_CURVE('',#2355,#2353,#1937,.T.);
#1456=EDGE_CURVE('',#2356,#2355,#1938,.T.);
#1457=EDGE_CURVE('',#2357,#2356,#1939,.T.);
#1458=EDGE_CURVE('',#2358,#2357,#1940,.T.);
#1459=EDGE_CURVE('',#2359,#2358,#1941,.T.);
#1460=EDGE_CURVE('',#2360,#2359,#1942,.T.);
#1461=EDGE_CURVE('',#2354,#2360,#1943,.T.);
#1462=EDGE_CURVE('',#2361,#2304,#1944,.T.);
#1463=EDGE_CURVE('',#2362,#2361,#1945,.T.);
#1464=EDGE_CURVE('',#2363,#2362,#1946,.T.);
#1465=EDGE_CURVE('',#2364,#2363,#1947,.T.);
#1466=EDGE_CURVE('',#2365,#2364,#1948,.T.);
#1467=EDGE_CURVE('',#2366,#2365,#1949,.T.);
#1468=EDGE_CURVE('',#2367,#2366,#1950,.T.);
#1469=EDGE_CURVE('',#2368,#2367,#1951,.T.);
#1470=EDGE_CURVE('',#2369,#2368,#1952,.T.);
#1471=EDGE_CURVE('',#2370,#2369,#1953,.T.);
#1472=EDGE_CURVE('',#2371,#2370,#1954,.T.);
#1473=EDGE_CURVE('',#2372,#2371,#1955,.T.);
#1474=EDGE_CURVE('',#2373,#2372,#1956,.T.);
#1475=EDGE_CURVE('',#2374,#2373,#1957,.T.);
#1476=EDGE_CURVE('',#2375,#2374,#1958,.T.);
#1477=EDGE_CURVE('',#2376,#2375,#1959,.T.);
#1478=EDGE_CURVE('',#2358,#2376,#1960,.T.);
#1479=EDGE_CURVE('',#2348,#2357,#1961,.T.);
#1480=EDGE_CURVE('',#2378,#2377,#1962,.T.);
#1481=EDGE_CURVE('',#2305,#2294,#1963,.T.);
#1482=EDGE_CURVE('',#2379,#2380,#1964,.T.);
#1483=EDGE_CURVE('',#2380,#2297,#1965,.T.);
#1484=EDGE_CURVE('',#2347,#2381,#1966,.T.);
#1485=EDGE_CURVE('',#2381,#2382,#1967,.T.);
#1486=EDGE_CURVE('',#2382,#2379,#1968,.T.);
#1487=EDGE_CURVE('',#2383,#2360,#1969,.T.);
#1488=EDGE_CURVE('',#2375,#2383,#1970,.T.);
#1489=EDGE_CURVE('',#2354,#2384,#1971,.T.);
#1490=EDGE_CURVE('',#2385,#2386,#1972,.T.);
#1491=EDGE_CURVE('',#2353,#2385,#1973,.T.);
#1492=EDGE_CURVE('',#2387,#2384,#1974,.T.);
#1493=EDGE_CURVE('',#2388,#2387,#1975,.T.);
#1494=EDGE_CURVE('',#2389,#2388,#1976,.T.);
#1495=EDGE_CURVE('',#2390,#2389,#1977,.T.);
#1496=EDGE_CURVE('',#2391,#2390,#1978,.T.);
#1497=EDGE_CURVE('',#2392,#2391,#1979,.T.);
#1498=EDGE_CURVE('',#2393,#2392,#1980,.T.);
#1499=EDGE_CURVE('',#2394,#2393,#1981,.T.);
#1500=EDGE_CURVE('',#2395,#2394,#1982,.T.);
#1501=EDGE_CURVE('',#2396,#2395,#1983,.T.);
#1502=EDGE_CURVE('',#2397,#2396,#1984,.T.);
#1503=EDGE_CURVE('',#2398,#2397,#1985,.T.);
#1504=EDGE_CURVE('',#2399,#2398,#1986,.T.);
#1505=EDGE_CURVE('',#2400,#2399,#1987,.T.);
#1506=EDGE_CURVE('',#2402,#2401,#1988,.T.);
#1507=EDGE_CURVE('',#2403,#2404,#1989,.T.);
#1508=EDGE_CURVE('',#2405,#2406,#1990,.T.);
#1509=EDGE_CURVE('',#2407,#2408,#1991,.T.);
#1510=EDGE_CURVE('',#2404,#2405,#1992,.T.);
#1511=EDGE_CURVE('',#2404,#2411,#1993,.T.);
#1512=EDGE_CURVE('',#2411,#2412,#1994,.T.);
#1513=EDGE_CURVE('',#2412,#2413,#1995,.T.);
#1514=EDGE_CURVE('',#2413,#2414,#1996,.T.);
#1515=EDGE_CURVE('',#2414,#2405,#1997,.T.);
#1516=EDGE_CURVE('',#2412,#2415,#1998,.T.);
#1517=EDGE_CURVE('',#2416,#2417,#1999,.T.);
#1518=EDGE_CURVE('',#2418,#2419,#2000,.T.);
#1519=EDGE_CURVE('',#2419,#2413,#2001,.T.);
#1520=EDGE_CURVE('',#2415,#2416,#2002,.T.);
#1521=EDGE_CURVE('',#2386,#2402,#2003,.T.);
#1522=EDGE_CURVE('',#2420,#2421,#2004,.T.);
#1523=EDGE_CURVE('',#2422,#2420,#2005,.T.);
#1524=EDGE_CURVE('',#2424,#2423,#2006,.T.);
#1525=EDGE_CURVE('',#2426,#2425,#2007,.T.);
#1526=EDGE_CURVE('',#2427,#2426,#2008,.T.);
#1527=EDGE_CURVE('',#2428,#2427,#2009,.T.);
#1528=EDGE_CURVE('',#2429,#2428,#2010,.T.);
#1529=EDGE_CURVE('',#2430,#2429,#2011,.T.);
#1530=EDGE_CURVE('',#2431,#2430,#2012,.T.);
#1531=EDGE_CURVE('',#2432,#2431,#2013,.T.);
#1532=EDGE_CURVE('',#2433,#2432,#2014,.T.);
#1533=EDGE_CURVE('',#2434,#2433,#2015,.T.);
#1534=EDGE_CURVE('',#2435,#2434,#2016,.T.);
#1535=EDGE_CURVE('',#2436,#2435,#2017,.T.);
#1536=EDGE_CURVE('',#2437,#2436,#2018,.T.);
#1537=EDGE_CURVE('',#2438,#2437,#2019,.T.);
#1538=EDGE_CURVE('',#2439,#2438,#2020,.T.);
#1539=EDGE_CURVE('',#2421,#2439,#2021,.T.);
#1540=EDGE_CURVE('',#2440,#2441,#2022,.T.);
#1541=EDGE_CURVE('',#2441,#2291,#2023,.T.);
#1542=EDGE_CURVE('',#2290,#2440,#2024,.T.);
#1543=EDGE_CURVE('',#2440,#2442,#2025,.T.);
#1544=EDGE_CURVE('',#2442,#2443,#2026,.T.);
#1545=EDGE_CURVE('',#2443,#2441,#2027,.T.);
#1546=EDGE_CURVE('',#2351,#2443,#2028,.T.);
#1547=EDGE_CURVE('',#2352,#2442,#2029,.T.);
#1548=EDGE_CURVE('',#2320,#2420,#2030,.T.);
#1549=EDGE_CURVE('',#2421,#2321,#2031,.T.);
#1550=EDGE_CURVE('',#2426,#2399,#2032,.T.);
#1551=EDGE_CURVE('',#2398,#2427,#2033,.T.);
#1552=EDGE_CURVE('',#2445,#2446,#2034,.T.);
#1553=EDGE_CURVE('',#2449,#2450,#2035,.T.);
#1554=EDGE_CURVE('',#2451,#2444,#2036,.T.);
#1555=EDGE_CURVE('',#2337,#2452,#2037,.T.);
#1556=EDGE_CURVE('',#2454,#2453,#2038,.T.);
#1557=EDGE_CURVE('',#2456,#2455,#2039,.T.);
#1558=EDGE_CURVE('',#2459,#2419,#2040,.T.);
#1559=EDGE_CURVE('',#2463,#2462,#2041,.T.);
#1560=EDGE_CURVE('',#2414,#2464,#2042,.T.);
#1561=EDGE_CURVE('',#2292,#2465,#2043,.T.);
#1562=EDGE_CURVE('',#2466,#2350,#2044,.T.);
#1563=EDGE_CURVE('',#2467,#2466,#2045,.T.);
#1564=EDGE_CURVE('',#2411,#2467,#2046,.T.);
#1565=EDGE_CURVE('',#2459,#2403,#2047,.T.);
#1566=EDGE_CURVE('',#2400,#2418,#2048,.T.);
#1567=EDGE_CURVE('',#2468,#2425,#2049,.T.);
#1568=EDGE_CURVE('',#2469,#2468,#2050,.T.);
#1569=EDGE_CURVE('',#2422,#2469,#2051,.T.);
#1570=EDGE_CURVE('',#2338,#2319,#2052,.T.);
#1571=EDGE_CURVE('',#2446,#2452,#2053,.T.);
#1572=EDGE_CURVE('',#2470,#2445,#2054,.T.);
#1573=EDGE_CURVE('',#2471,#2470,#2055,.T.);
#1574=EDGE_CURVE('',#2465,#2471,#2056,.T.);
#1575=EDGE_CURVE('',#2453,#2444,#2057,.T.);
#1576=EDGE_CURVE('',#2451,#2454,#2058,.T.);
#1577=EDGE_CURVE('',#2450,#2451,#2059,.T.);
#1578=EDGE_CURVE('',#2455,#2450,#2060,.T.);
#1579=EDGE_CURVE('',#2455,#2454,#2061,.T.);
#1580=EDGE_CURVE('',#2457,#2456,#2062,.T.);
#1581=EDGE_CURVE('',#2448,#2449,#2063,.T.);
#1582=EDGE_CURVE('',#2448,#2457,#2064,.T.);
#1583=EDGE_CURVE('',#2447,#2448,#2065,.T.);
#1584=EDGE_CURVE('',#2458,#2447,#2066,.T.);
#1585=EDGE_CURVE('',#2458,#2457,#2067,.T.);
#1586=EDGE_CURVE('',#2452,#2458,#2068,.T.);
#1587=EDGE_CURVE('',#2446,#2447,#2069,.T.);
#1588=EDGE_CURVE('',#2470,#2335,#2070,.T.);
#1589=EDGE_CURVE('',#2444,#2445,#2071,.T.);
#1590=EDGE_CURVE('',#2453,#2336,#2072,.T.);
#1591=EDGE_CURVE('',#2456,#2449,#2073,.T.);
#1592=EDGE_CURVE('',#2462,#2461,#2074,.T.);
#1593=EDGE_CURVE('',#2408,#2409,#2075,.T.);
#1594=EDGE_CURVE('',#2408,#2462,#2076,.T.);
#1595=EDGE_CURVE('',#2410,#2403,#2077,.T.);
#1596=EDGE_CURVE('',#2460,#2459,#2078,.T.);
#1597=EDGE_CURVE('',#2406,#2464,#2079,.T.);
#1598=EDGE_CURVE('',#2464,#2463,#2080,.T.);
#1599=EDGE_CURVE('',#2463,#2407,#2081,.T.);
#1600=EDGE_CURVE('',#2406,#2407,#2082,.T.);
#1601=EDGE_CURVE('',#2409,#2461,#2083,.T.);
#1602=EDGE_CURVE('',#2461,#2460,#2084,.T.);
#1603=EDGE_CURVE('',#2460,#2410,#2085,.T.);
#1604=EDGE_CURVE('',#2409,#2410,#2086,.T.);
#1605=EDGE_CURVE('',#2402,#2416,#2087,.T.);
#1606=EDGE_CURVE('',#2417,#2401,#2088,.T.);
#1607=EDGE_CURVE('',#2401,#2400,#2089,.T.);
#1608=EDGE_CURVE('',#2417,#2418,#2090,.T.);
#1609=EDGE_CURVE('',#2472,#2473,#2091,.T.);
#1610=EDGE_CURVE('',#2425,#2424,#2092,.T.);
#1611=EDGE_CURVE('',#2468,#2472,#2093,.T.);
#1612=EDGE_CURVE('',#2424,#2472,#2094,.T.);
#1613=EDGE_CURVE('',#2473,#2423,#2095,.T.);
#1614=EDGE_CURVE('',#2423,#2422,#2096,.T.);
#1615=EDGE_CURVE('',#2473,#2469,#2097,.T.);
#1616=EDGE_CURVE('',#2319,#2318,#2098,.T.);
#1617=EDGE_CURVE('',#2338,#2339,#2099,.T.);
#1618=EDGE_CURVE('',#2318,#2339,#2100,.T.);
#1619=EDGE_CURVE('',#2340,#2317,#2101,.T.);
#1620=EDGE_CURVE('',#2474,#2475,#2102,.T.);
#1621=EDGE_CURVE('',#2309,#2378,#2103,.T.);
#1622=EDGE_CURVE('',#2310,#2474,#2104,.T.);
#1623=EDGE_CURVE('',#2378,#2474,#2105,.T.);
#1624=EDGE_CURVE('',#2475,#2377,#2106,.T.);
#1625=EDGE_CURVE('',#2377,#2312,#2107,.T.);
#1626=EDGE_CURVE('',#2475,#2311,#2108,.T.);
#1627=EDGE_CURVE('',#2476,#2477,#2109,.T.);
#1628=EDGE_CURVE('',#2477,#2478,#2110,.T.);
#1629=EDGE_CURVE('',#2478,#2479,#2111,.T.);
#1630=EDGE_CURVE('',#2479,#2476,#2112,.T.);
#1631=EDGE_CURVE('',#2480,#2481,#2113,.T.);
#1632=EDGE_CURVE('',#2482,#2480,#2114,.T.);
#1633=EDGE_CURVE('',#2483,#2482,#2115,.T.);
#1634=EDGE_CURVE('',#2481,#2483,#2116,.T.);
#1635=EDGE_CURVE('',#2484,#2485,#2117,.T.);
#1636=EDGE_CURVE('',#2486,#2484,#2118,.T.);
#1637=EDGE_CURVE('',#2487,#2486,#2119,.T.);
#1638=EDGE_CURVE('',#2485,#2487,#2120,.T.);
#1639=EDGE_CURVE('',#2488,#2489,#2121,.T.);
#1640=EDGE_CURVE('',#2489,#2490,#2122,.T.);
#1641=EDGE_CURVE('',#2490,#2491,#2123,.T.);
#1642=EDGE_CURVE('',#2491,#2488,#2124,.T.);
#1643=EDGE_CURVE('',#2492,#2493,#2125,.T.);
#1644=EDGE_CURVE('',#2494,#2492,#2126,.T.);
#1645=EDGE_CURVE('',#2495,#2494,#2127,.T.);
#1646=EDGE_CURVE('',#2493,#2495,#2128,.T.);
#1647=EDGE_CURVE('',#2496,#2497,#2129,.T.);
#1648=EDGE_CURVE('',#2498,#2496,#2130,.T.);
#1649=EDGE_CURVE('',#2499,#2498,#2131,.T.);
#1650=EDGE_CURVE('',#2497,#2499,#2132,.T.);
#1651=EDGE_CURVE('',#2500,#2501,#2133,.T.);
#1652=EDGE_CURVE('',#2501,#2502,#2134,.T.);
#1653=EDGE_CURVE('',#2502,#2503,#2135,.T.);
#1654=EDGE_CURVE('',#2503,#2500,#2136,.T.);
#1655=EDGE_CURVE('',#2504,#2505,#2137,.T.);
#1656=EDGE_CURVE('',#2506,#2504,#2138,.T.);
#1657=EDGE_CURVE('',#2507,#2506,#2139,.T.);
#1658=EDGE_CURVE('',#2505,#2507,#2140,.T.);
#1659=EDGE_CURVE('',#2508,#2509,#2141,.T.);
#1660=EDGE_CURVE('',#2510,#2508,#2142,.T.);
#1661=EDGE_CURVE('',#2511,#2510,#2143,.T.);
#1662=EDGE_CURVE('',#2509,#2511,#2144,.T.);
#1663=EDGE_CURVE('',#2512,#2513,#2145,.T.);
#1664=EDGE_CURVE('',#2513,#2514,#2146,.T.);
#1665=EDGE_CURVE('',#2514,#2515,#2147,.T.);
#1666=EDGE_CURVE('',#2515,#2512,#2148,.T.);
#1667=EDGE_CURVE('',#2516,#2517,#2149,.T.);
#1668=EDGE_CURVE('',#2518,#2516,#2150,.T.);
#1669=EDGE_CURVE('',#2519,#2518,#2151,.T.);
#1670=EDGE_CURVE('',#2517,#2519,#2152,.T.);
#1671=EDGE_CURVE('',#2520,#2521,#2153,.T.);
#1672=EDGE_CURVE('',#2522,#2520,#2154,.T.);
#1673=EDGE_CURVE('',#2523,#2522,#2155,.T.);
#1674=EDGE_CURVE('',#2521,#2523,#2156,.T.);
#1675=EDGE_CURVE('',#2487,#2370,#2157,.T.);
#1676=EDGE_CURVE('',#2371,#2486,#2158,.T.);
#1677=EDGE_CURVE('',#2480,#2369,#2159,.T.);
#1678=EDGE_CURVE('',#2482,#2368,#2160,.T.);
#1679=EDGE_CURVE('',#2477,#2483,#2161,.T.);
#1680=EDGE_CURVE('',#2479,#2366,#2162,.T.);
#1681=EDGE_CURVE('',#2367,#2478,#2163,.T.);
#1682=EDGE_CURVE('',#2364,#2332,#2164,.T.);
#1683=EDGE_CURVE('',#2363,#2333,#2165,.T.);
#1684=EDGE_CURVE('',#2523,#2329,#2166,.T.);
#1685=EDGE_CURVE('',#2330,#2522,#2167,.T.);
#1686=EDGE_CURVE('',#2516,#2328,#2168,.T.);
#1687=EDGE_CURVE('',#2518,#2327,#2169,.T.);
#1688=EDGE_CURVE('',#2513,#2519,#2170,.T.);
#1689=EDGE_CURVE('',#2515,#2325,#2171,.T.);
#1690=EDGE_CURVE('',#2326,#2514,#2172,.T.);
#1691=EDGE_CURVE('',#2323,#2438,#2173,.T.);
#1692=EDGE_CURVE('',#2322,#2439,#2174,.T.);
#1693=EDGE_CURVE('',#2508,#2437,#2175,.T.);
#1694=EDGE_CURVE('',#2436,#2510,#2176,.T.);
#1695=EDGE_CURVE('',#2511,#2435,#2177,.T.);
#1696=EDGE_CURVE('',#2509,#2505,#2178,.T.);
#1697=EDGE_CURVE('',#2504,#2434,#2179,.T.);
#1698=EDGE_CURVE('',#2506,#2433,#2180,.T.);
#1699=EDGE_CURVE('',#2501,#2507,#2181,.T.);
#1700=EDGE_CURVE('',#2432,#2502,#2182,.T.);
#1701=EDGE_CURVE('',#2503,#2431,#2183,.T.);
#1702=EDGE_CURVE('',#2500,#2430,#2184,.T.);
#1703=EDGE_CURVE('',#2429,#2396,#2185,.T.);
#1704=EDGE_CURVE('',#2428,#2397,#2186,.T.);
#1705=EDGE_CURVE('',#2496,#2395,#2187,.T.);
#1706=EDGE_CURVE('',#2394,#2498,#2188,.T.);
#1707=EDGE_CURVE('',#2499,#2393,#2189,.T.);
#1708=EDGE_CURVE('',#2497,#2493,#2190,.T.);
#1709=EDGE_CURVE('',#2492,#2392,#2191,.T.);
#1710=EDGE_CURVE('',#2494,#2391,#2192,.T.);
#1711=EDGE_CURVE('',#2489,#2495,#2193,.T.);
#1712=EDGE_CURVE('',#2390,#2490,#2194,.T.);
#1713=EDGE_CURVE('',#2491,#2389,#2195,.T.);
#1714=EDGE_CURVE('',#2488,#2388,#2196,.T.);
#1715=EDGE_CURVE('',#2387,#2373,#2197,.T.);
#1716=EDGE_CURVE('',#2384,#2374,#2198,.T.);
#1717=EDGE_CURVE('',#2524,#2362,#2199,.T.);
#1718=EDGE_CURVE('',#2301,#2524,#2200,.T.);
#1719=EDGE_CURVE('',#2525,#2526,#2201,.T.);
#1720=EDGE_CURVE('',#2527,#2379,#2202,.T.);
#1721=EDGE_CURVE('',#2382,#2528,#2203,.T.);
#1722=EDGE_CURVE('',#2529,#2530,#2204,.T.);
#1723=EDGE_CURVE('',#2530,#2531,#2205,.T.);
#1724=EDGE_CURVE('',#2531,#2345,#2206,.T.);
#1725=EDGE_CURVE('',#2344,#2532,#2207,.T.);
#1726=EDGE_CURVE('',#2532,#2533,#2208,.T.);
#1727=EDGE_CURVE('',#2533,#2341,#2209,.T.);
#1728=EDGE_CURVE('',#2289,#2534,#2210,.T.);
#1729=EDGE_CURVE('',#2534,#2535,#2211,.T.);
#1730=EDGE_CURVE('',#2535,#2300,#2212,.T.);
#1731=EDGE_CURVE('',#2299,#2536,#2213,.T.);
#1732=EDGE_CURVE('',#2536,#2525,#2214,.T.);
#1733=EDGE_CURVE('',#2331,#2520,#2215,.T.);
#1734=EDGE_CURVE('',#2521,#2517,#2216,.T.);
#1735=EDGE_CURVE('',#2512,#2324,#2217,.T.);
#1736=EDGE_CURVE('',#2372,#2484,#2218,.T.);
#1737=EDGE_CURVE('',#2485,#2481,#2219,.T.);
#1738=EDGE_CURVE('',#2476,#2365,#2220,.T.);
#1739=EDGE_CURVE('',#2537,#2467,#2221,.T.);
#1740=EDGE_CURVE('',#2415,#2386,#2222,.T.);
#1741=EDGE_CURVE('',#2538,#2349,#2223,.T.);
#1742=EDGE_CURVE('',#2466,#2538,#2224,.T.);
#1743=EDGE_CURVE('',#2355,#2537,#2225,.T.);
#1744=EDGE_CURVE('',#2538,#2356,#2226,.T.);
#1745=EDGE_CURVE('',#2376,#2539,#2227,.T.);
#1746=EDGE_CURVE('',#2539,#2383,#2228,.T.);
#1747=EDGE_CURVE('',#2539,#2359,#2229,.T.);
#1748=EDGE_CURVE('',#2529,#2540,#2230,.T.);
#1749=EDGE_CURVE('',#2540,#2541,#2231,.T.);
#1750=EDGE_CURVE('',#2541,#2530,#2232,.T.);
#1751=EDGE_CURVE('',#2543,#2542,#2233,.T.);
#1752=EDGE_CURVE('',#2541,#2543,#2234,.T.);
#1753=EDGE_CURVE('',#2528,#2544,#2235,.T.);
#1754=EDGE_CURVE('',#2528,#2529,#2236,.T.);
#1755=EDGE_CURVE('',#2544,#2542,#2237,.T.);
#1756=EDGE_CURVE('',#2542,#2540,#2238,.T.);
#1757=EDGE_CURVE('',#2532,#2545,#2239,.T.);
#1758=EDGE_CURVE('',#2546,#2551,#1837,.T.);
#1759=EDGE_CURVE('',#2547,#2546,#1838,.T.);
#1760=EDGE_CURVE('',#2548,#2549,#1839,.T.);
#1761=EDGE_CURVE('',#2549,#2584,#1840,.T.);
#1762=EDGE_CURVE('',#2546,#2548,#2240,.T.);
#1763=EDGE_CURVE('',#2551,#2583,#1841,.T.);
#1764=EDGE_CURVE('',#2559,#2548,#1842,.T.);
#1765=EDGE_CURVE('',#2533,#2550,#2241,.T.);
#1766=EDGE_CURVE('',#2545,#2550,#2242,.T.);
#1767=EDGE_CURVE('',#2531,#2552,#2243,.T.);
#1768=EDGE_CURVE('',#2543,#2552,#2244,.T.);
#1769=EDGE_CURVE('',#2557,#2556,#1843,.T.);
#1770=EDGE_CURVE('',#2555,#2557,#1844,.T.);
#1771=EDGE_CURVE('',#2558,#2553,#1845,.T.);
#1772=EDGE_CURVE('',#2553,#2586,#1846,.T.);
#1773=EDGE_CURVE('',#2557,#2558,#2245,.T.);
#1774=EDGE_CURVE('',#2556,#2585,#1847,.T.);
#1775=EDGE_CURVE('',#2554,#2558,#1848,.T.);
#1776=EDGE_CURVE('',#2545,#2343,#2246,.T.);
#1777=EDGE_CURVE('',#2550,#2342,#2247,.T.);
#1778=EDGE_CURVE('',#2552,#2346,#2248,.T.);
#1779=EDGE_CURVE('',#2347,#2543,#2249,.T.);
#1780=EDGE_CURVE('',#2544,#2381,#2250,.T.);
#1781=EDGE_CURVE('',#2385,#2537,#2251,.T.);
#1782=EDGE_CURVE('',#2315,#2560,#2252,.T.);
#1783=EDGE_CURVE('',#2560,#2471,#2253,.T.);
#1784=EDGE_CURVE('',#2334,#2316,#2254,.T.);
#1785=EDGE_CURVE('',#2561,#2293,#2255,.T.);
#1786=EDGE_CURVE('',#2465,#2561,#2256,.T.);
#1787=EDGE_CURVE('',#2306,#2561,#2257,.T.);
#1788=EDGE_CURVE('',#2560,#2307,#2258,.T.);
#1789=EDGE_CURVE('',#2562,#2361,#2259,.T.);
#1790=EDGE_CURVE('',#2524,#2562,#2260,.T.);
#1791=EDGE_CURVE('',#2562,#2303,#2261,.T.);
#1792=EDGE_CURVE('',#2563,#2564,#2262,.T.);
#1793=EDGE_CURVE('',#2564,#2565,#2263,.T.);
#1794=EDGE_CURVE('',#2566,#2563,#2264,.T.);
#1795=EDGE_CURVE('',#2526,#2566,#2265,.T.);
#1796=EDGE_CURVE('',#2563,#2525,#2266,.T.);
#1797=EDGE_CURVE('',#2567,#2527,#2267,.T.);
#1798=EDGE_CURVE('',#2526,#2527,#2268,.T.);
#1799=EDGE_CURVE('',#2565,#2566,#2269,.T.);
#1800=EDGE_CURVE('',#2567,#2565,#2270,.T.);
#1801=EDGE_CURVE('',#2534,#2568,#2271,.T.);
#1802=EDGE_CURVE('',#2569,#2574,#1849,.T.);
#1803=EDGE_CURVE('',#2570,#2569,#1850,.T.);
#1804=EDGE_CURVE('',#2571,#2572,#1851,.T.);
#1805=EDGE_CURVE('',#2572,#2588,#1852,.T.);
#1806=EDGE_CURVE('',#2569,#2571,#2272,.T.);
#1807=EDGE_CURVE('',#2574,#2587,#1853,.T.);
#1808=EDGE_CURVE('',#2582,#2571,#1854,.T.);
#1809=EDGE_CURVE('',#2535,#2573,#2273,.T.);
#1810=EDGE_CURVE('',#2568,#2573,#2274,.T.);
#1811=EDGE_CURVE('',#2536,#2575,#2275,.T.);
#1812=EDGE_CURVE('',#2575,#2564,#2276,.T.);
#1813=EDGE_CURVE('',#2580,#2579,#1855,.T.);
#1814=EDGE_CURVE('',#2578,#2580,#1856,.T.);
#1815=EDGE_CURVE('',#2581,#2576,#1857,.T.);
#1816=EDGE_CURVE('',#2576,#2590,#1858,.T.);
#1817=EDGE_CURVE('',#2580,#2581,#2277,.T.);
#1818=EDGE_CURVE('',#2579,#2589,#1859,.T.);
#1819=EDGE_CURVE('',#2577,#2581,#1860,.T.);
#1820=EDGE_CURVE('',#2573,#2287,#2278,.T.);
#1821=EDGE_CURVE('',#2568,#2288,#2279,.T.);
#1822=EDGE_CURVE('',#2575,#2298,#2280,.T.);
#1823=EDGE_CURVE('',#2297,#2564,#2281,.T.);
#1824=EDGE_CURVE('',#2380,#2567,#2282,.T.);
#1825=EDGE_CURVE('',#2583,#2584,#2283,.T.);
#1826=EDGE_CURVE('',#2584,#2559,#1861,.T.);
#1827=EDGE_CURVE('',#2583,#2547,#1862,.T.);
#1828=EDGE_CURVE('',#2585,#2586,#2284,.T.);
#1829=EDGE_CURVE('',#2586,#2554,#1863,.T.);
#1830=EDGE_CURVE('',#2585,#2555,#1864,.T.);
#1831=EDGE_CURVE('',#2587,#2588,#2285,.T.);
#1832=EDGE_CURVE('',#2588,#2582,#1865,.T.);
#1833=EDGE_CURVE('',#2587,#2570,#1866,.T.);
#1834=EDGE_CURVE('',#2589,#2590,#2286,.T.);
#1835=EDGE_CURVE('',#2590,#2577,#1867,.T.);
#1836=EDGE_CURVE('',#2589,#2578,#1868,.T.);
#1837=(
BOUNDED_CURVE()
B_SPLINE_CURVE(2,(#4323,#4324,#4325),.UNSPECIFIED.,.F.,.F.)
B_SPLINE_CURVE_WITH_KNOTS((3,3),(-0.00471238898038469,-0.00314159265358979),
 .UNSPECIFIED.)
CURVE()
GEOMETRIC_REPRESENTATION_ITEM()
RATIONAL_B_SPLINE_CURVE((1.,0.707106781186546,1.))
REPRESENTATION_ITEM('')
);
#1838=(
BOUNDED_CURVE()
B_SPLINE_CURVE(2,(#4326,#4327,#4328),.UNSPECIFIED.,.F.,.F.)
B_SPLINE_CURVE_WITH_KNOTS((3,3),(-0.00628318530717959,-0.00471238898038469),
 .UNSPECIFIED.)
CURVE()
GEOMETRIC_REPRESENTATION_ITEM()
RATIONAL_B_SPLINE_CURVE((1.,0.707106781186547,1.))
REPRESENTATION_ITEM('')
);
#1839=(
BOUNDED_CURVE()
B_SPLINE_CURVE(2,(#4329,#4330,#4331),.UNSPECIFIED.,.F.,.F.)
B_SPLINE_CURVE_WITH_KNOTS((3,3),(0.00471238898038469,0.00628318530717959),
 .UNSPECIFIED.)
CURVE()
GEOMETRIC_REPRESENTATION_ITEM()
RATIONAL_B_SPLINE_CURVE((1.,0.707106781186547,1.))
REPRESENTATION_ITEM('')
);
#1840=(
BOUNDED_CURVE()
B_SPLINE_CURVE(2,(#4332,#4333,#4334),.UNSPECIFIED.,.F.,.F.)
B_SPLINE_CURVE_WITH_KNOTS((3,3),(0.,0.0015707963267949),.UNSPECIFIED.)
CURVE()
GEOMETRIC_REPRESENTATION_ITEM()
RATIONAL_B_SPLINE_CURVE((1.,0.707106781186546,1.))
REPRESENTATION_ITEM('')
);
#1841=(
BOUNDED_CURVE()
B_SPLINE_CURVE(2,(#4337,#4338,#4339),.UNSPECIFIED.,.F.,.F.)
B_SPLINE_CURVE_WITH_KNOTS((3,3),(-0.00314159265358979,-0.0015707963267949),
 .UNSPECIFIED.)
CURVE()
GEOMETRIC_REPRESENTATION_ITEM()
RATIONAL_B_SPLINE_CURVE((1.,0.707106781186548,1.))
REPRESENTATION_ITEM('')
);
#1842=(
BOUNDED_CURVE()
B_SPLINE_CURVE(2,(#4340,#4341,#4342),.UNSPECIFIED.,.F.,.F.)
B_SPLINE_CURVE_WITH_KNOTS((3,3),(0.00314159265358979,0.00471238898038469),
 .UNSPECIFIED.)
CURVE()
GEOMETRIC_REPRESENTATION_ITEM()
RATIONAL_B_SPLINE_CURVE((1.,0.707106781186546,1.))
REPRESENTATION_ITEM('')
);
#1843=(
BOUNDED_CURVE()
B_SPLINE_CURVE(2,(#4351,#4352,#4353),.UNSPECIFIED.,.F.,.F.)
B_SPLINE_CURVE_WITH_KNOTS((3,3),(0.0015707963267949,0.00314159265358979),
 .UNSPECIFIED.)
CURVE()
GEOMETRIC_REPRESENTATION_ITEM()
RATIONAL_B_SPLINE_CURVE((1.,0.707106781186544,1.))
REPRESENTATION_ITEM('')
);
#1844=(
BOUNDED_CURVE()
B_SPLINE_CURVE(2,(#4354,#4355,#4356),.UNSPECIFIED.,.F.,.F.)
B_SPLINE_CURVE_WITH_KNOTS((3,3),(0.,0.0015707963267949),.UNSPECIFIED.)
CURVE()
GEOMETRIC_REPRESENTATION_ITEM()
RATIONAL_B_SPLINE_CURVE((1.,0.707106781186548,1.))
REPRESENTATION_ITEM('')
);
#1845=(
BOUNDED_CURVE()
B_SPLINE_CURVE(2,(#4357,#4358,#4359),.UNSPECIFIED.,.F.,.F.)
B_SPLINE_CURVE_WITH_KNOTS((3,3),(-0.0015707963267949,0.),.UNSPECIFIED.)
CURVE()
GEOMETRIC_REPRESENTATION_ITEM()
RATIONAL_B_SPLINE_CURVE((1.,0.707106781186548,1.))
REPRESENTATION_ITEM('')
);
#1846=(
BOUNDED_CURVE()
B_SPLINE_CURVE(2,(#4360,#4361,#4362),.UNSPECIFIED.,.F.,.F.)
B_SPLINE_CURVE_WITH_KNOTS((3,3),(-0.00628318530717959,-0.00471238898038469),
 .UNSPECIFIED.)
CURVE()
GEOMETRIC_REPRESENTATION_ITEM()
RATIONAL_B_SPLINE_CURVE((1.,0.707106781186545,1.))
REPRESENTATION_ITEM('')
);
#1847=(
BOUNDED_CURVE()
B_SPLINE_CURVE(2,(#4365,#4366,#4367),.UNSPECIFIED.,.F.,.F.)
B_SPLINE_CURVE_WITH_KNOTS((3,3),(0.00314159265358979,0.00471238898038469),
 .UNSPECIFIED.)
CURVE()
GEOMETRIC_REPRESENTATION_ITEM()
RATIONAL_B_SPLINE_CURVE((1.,0.707106781186545,1.))
REPRESENTATION_ITEM('')
);
#1848=(
BOUNDED_CURVE()
B_SPLINE_CURVE(2,(#4368,#4369,#4370),.UNSPECIFIED.,.F.,.F.)
B_SPLINE_CURVE_WITH_KNOTS((3,3),(-0.00314159265358979,-0.0015707963267949),
 .UNSPECIFIED.)
CURVE()
GEOMETRIC_REPRESENTATION_ITEM()
RATIONAL_B_SPLINE_CURVE((1.,0.707106781186544,1.))
REPRESENTATION_ITEM('')
);
#1849=(
BOUNDED_CURVE()
B_SPLINE_CURVE(2,(#4423,#4424,#4425),.UNSPECIFIED.,.F.,.F.)
B_SPLINE_CURVE_WITH_KNOTS((3,3),(0.0015707963267949,0.0031415926535898),
 .UNSPECIFIED.)
CURVE()
GEOMETRIC_REPRESENTATION_ITEM()
RATIONAL_B_SPLINE_CURVE((1.,0.707106781186544,1.))
REPRESENTATION_ITEM('')
);
#1850=(
BOUNDED_CURVE()
B_SPLINE_CURVE(2,(#4426,#4427,#4428),.UNSPECIFIED.,.F.,.F.)
B_SPLINE_CURVE_WITH_KNOTS((3,3),(0.,0.0015707963267949),.UNSPECIFIED.)
CURVE()
GEOMETRIC_REPRESENTATION_ITEM()
RATIONAL_B_SPLINE_CURVE((1.,0.707106781186547,1.))
REPRESENTATION_ITEM('')
);
#1851=(
BOUNDED_CURVE()
B_SPLINE_CURVE(2,(#4429,#4430,#4431),.UNSPECIFIED.,.F.,.F.)
B_SPLINE_CURVE_WITH_KNOTS((3,3),(-0.0015707963267949,0.),.UNSPECIFIED.)
CURVE()
GEOMETRIC_REPRESENTATION_ITEM()
RATIONAL_B_SPLINE_CURVE((1.,0.707106781186547,1.))
REPRESENTATION_ITEM('')
);
#1852=(
BOUNDED_CURVE()
B_SPLINE_CURVE(2,(#4432,#4433,#4434),.UNSPECIFIED.,.F.,.F.)
B_SPLINE_CURVE_WITH_KNOTS((3,3),(-0.00628318530717959,-0.00471238898038469),
 .UNSPECIFIED.)
CURVE()
GEOMETRIC_REPRESENTATION_ITEM()
RATIONAL_B_SPLINE_CURVE((1.,0.707106781186549,1.))
REPRESENTATION_ITEM('')
);
#1853=(
BOUNDED_CURVE()
B_SPLINE_CURVE(2,(#4437,#4438,#4439),.UNSPECIFIED.,.F.,.F.)
B_SPLINE_CURVE_WITH_KNOTS((3,3),(0.0031415926535898,0.00471238898038469),
 .UNSPECIFIED.)
CURVE()
GEOMETRIC_REPRESENTATION_ITEM()
RATIONAL_B_SPLINE_CURVE((1.,0.707106781186548,1.))
REPRESENTATION_ITEM('')
);
#1854=(
BOUNDED_CURVE()
B_SPLINE_CURVE(2,(#4440,#4441,#4442),.UNSPECIFIED.,.F.,.F.)
B_SPLINE_CURVE_WITH_KNOTS((3,3),(-0.0031415926535898,-0.0015707963267949),
 .UNSPECIFIED.)
CURVE()
GEOMETRIC_REPRESENTATION_ITEM()
RATIONAL_B_SPLINE_CURVE((1.,0.707106781186545,1.))
REPRESENTATION_ITEM('')
);
#1855=(
BOUNDED_CURVE()
B_SPLINE_CURVE(2,(#4451,#4452,#4453),.UNSPECIFIED.,.F.,.F.)
B_SPLINE_CURVE_WITH_KNOTS((3,3),(-0.00471238898038469,-0.00314159265358978),
 .UNSPECIFIED.)
CURVE()
GEOMETRIC_REPRESENTATION_ITEM()
RATIONAL_B_SPLINE_CURVE((1.,0.707106781186547,1.))
REPRESENTATION_ITEM('')
);
#1856=(
BOUNDED_CURVE()
B_SPLINE_CURVE(2,(#4454,#4455,#4456),.UNSPECIFIED.,.F.,.F.)
B_SPLINE_CURVE_WITH_KNOTS((3,3),(-0.00628318530717959,-0.00471238898038469),
 .UNSPECIFIED.)
CURVE()
GEOMETRIC_REPRESENTATION_ITEM()
RATIONAL_B_SPLINE_CURVE((1.,0.707106781186548,1.))
REPRESENTATION_ITEM('')
);
#1857=(
BOUNDED_CURVE()
B_SPLINE_CURVE(2,(#4457,#4458,#4459),.UNSPECIFIED.,.F.,.F.)
B_SPLINE_CURVE_WITH_KNOTS((3,3),(0.00471238898038469,0.00628318530717959),
 .UNSPECIFIED.)
CURVE()
GEOMETRIC_REPRESENTATION_ITEM()
RATIONAL_B_SPLINE_CURVE((1.,0.707106781186548,1.))
REPRESENTATION_ITEM('')
);
#1858=(
BOUNDED_CURVE()
B_SPLINE_CURVE(2,(#4460,#4461,#4462),.UNSPECIFIED.,.F.,.F.)
B_SPLINE_CURVE_WITH_KNOTS((3,3),(0.,0.00157079632679489),.UNSPECIFIED.)
CURVE()
GEOMETRIC_REPRESENTATION_ITEM()
RATIONAL_B_SPLINE_CURVE((1.,0.70710678118655,1.))
REPRESENTATION_ITEM('')
);
#1859=(
BOUNDED_CURVE()
B_SPLINE_CURVE(2,(#4465,#4466,#4467),.UNSPECIFIED.,.F.,.F.)
B_SPLINE_CURVE_WITH_KNOTS((3,3),(-0.00314159265358978,-0.00157079632679489),
 .UNSPECIFIED.)
CURVE()
GEOMETRIC_REPRESENTATION_ITEM()
RATIONAL_B_SPLINE_CURVE((1.,0.70710678118655,1.))
REPRESENTATION_ITEM('')
);
#1860=(
BOUNDED_CURVE()
B_SPLINE_CURVE(2,(#4468,#4469,#4470),.UNSPECIFIED.,.F.,.F.)
B_SPLINE_CURVE_WITH_KNOTS((3,3),(0.00314159265358978,0.00471238898038469),
 .UNSPECIFIED.)
CURVE()
GEOMETRIC_REPRESENTATION_ITEM()
RATIONAL_B_SPLINE_CURVE((1.,0.707106781186544,1.))
REPRESENTATION_ITEM('')
);
#1861=(
BOUNDED_CURVE()
B_SPLINE_CURVE(2,(#4483,#4484,#4485),.UNSPECIFIED.,.F.,.F.)
B_SPLINE_CURVE_WITH_KNOTS((3,3),(0.0015707963267949,0.00314159265358979),
 .UNSPECIFIED.)
CURVE()
GEOMETRIC_REPRESENTATION_ITEM()
RATIONAL_B_SPLINE_CURVE((1.,0.707106781186548,1.))
REPRESENTATION_ITEM('')
);
#1862=(
BOUNDED_CURVE()
B_SPLINE_CURVE(2,(#4486,#4487,#4488),.UNSPECIFIED.,.F.,.F.)
B_SPLINE_CURVE_WITH_KNOTS((3,3),(-0.0015707963267949,0.),.UNSPECIFIED.)
CURVE()
GEOMETRIC_REPRESENTATION_ITEM()
RATIONAL_B_SPLINE_CURVE((1.,0.707106781186547,1.))
REPRESENTATION_ITEM('')
);
#1863=(
BOUNDED_CURVE()
B_SPLINE_CURVE(2,(#4491,#4492,#4493),.UNSPECIFIED.,.F.,.F.)
B_SPLINE_CURVE_WITH_KNOTS((3,3),(-0.00471238898038469,-0.00314159265358979),
 .UNSPECIFIED.)
CURVE()
GEOMETRIC_REPRESENTATION_ITEM()
RATIONAL_B_SPLINE_CURVE((1.,0.707106781186545,1.))
REPRESENTATION_ITEM('')
);
#1864=(
BOUNDED_CURVE()
B_SPLINE_CURVE(2,(#4494,#4495,#4496),.UNSPECIFIED.,.F.,.F.)
B_SPLINE_CURVE_WITH_KNOTS((3,3),(0.00471238898038469,0.00628318530717959),
 .UNSPECIFIED.)
CURVE()
GEOMETRIC_REPRESENTATION_ITEM()
RATIONAL_B_SPLINE_CURVE((1.,0.707106781186545,1.))
REPRESENTATION_ITEM('')
);
#1865=(
BOUNDED_CURVE()
B_SPLINE_CURVE(2,(#4499,#4500,#4501),.UNSPECIFIED.,.F.,.F.)
B_SPLINE_CURVE_WITH_KNOTS((3,3),(-0.00471238898038469,-0.0031415926535898),
 .UNSPECIFIED.)
CURVE()
GEOMETRIC_REPRESENTATION_ITEM()
RATIONAL_B_SPLINE_CURVE((1.,0.707106781186548,1.))
REPRESENTATION_ITEM('')
);
#1866=(
BOUNDED_CURVE()
B_SPLINE_CURVE(2,(#4502,#4503,#4504),.UNSPECIFIED.,.F.,.F.)
B_SPLINE_CURVE_WITH_KNOTS((3,3),(0.00471238898038469,0.00628318530717959),
 .UNSPECIFIED.)
CURVE()
GEOMETRIC_REPRESENTATION_ITEM()
RATIONAL_B_SPLINE_CURVE((1.,0.707106781186549,1.))
REPRESENTATION_ITEM('')
);
#1867=(
BOUNDED_CURVE()
B_SPLINE_CURVE(2,(#4507,#4508,#4509),.UNSPECIFIED.,.F.,.F.)
B_SPLINE_CURVE_WITH_KNOTS((3,3),(0.00157079632679489,0.00314159265358978),
 .UNSPECIFIED.)
CURVE()
GEOMETRIC_REPRESENTATION_ITEM()
RATIONAL_B_SPLINE_CURVE((1.,0.70710678118655,1.))
REPRESENTATION_ITEM('')
);
#1868=(
BOUNDED_CURVE()
B_SPLINE_CURVE(2,(#4510,#4511,#4512),.UNSPECIFIED.,.F.,.F.)
B_SPLINE_CURVE_WITH_KNOTS((3,3),(-0.00157079632679489,0.),.UNSPECIFIED.)
CURVE()
GEOMETRIC_REPRESENTATION_ITEM()
RATIONAL_B_SPLINE_CURVE((1.,0.70710678118655,1.))
REPRESENTATION_ITEM('')
);
#1869=B_SPLINE_CURVE_WITH_KNOTS('',1,(#3581,#3582),.UNSPECIFIED.,.F.,.F.,
(2,2),(0.,0.005),.UNSPECIFIED.);
#1870=B_SPLINE_CURVE_WITH_KNOTS('',1,(#3583,#3584),.UNSPECIFIED.,.F.,.F.,
(2,2),(-0.007,0.),.UNSPECIFIED.);
#1871=B_SPLINE_CURVE_WITH_KNOTS('',1,(#3585,#3586),.UNSPECIFIED.,.F.,.F.,
(2,2),(0.,0.0441),.UNSPECIFIED.);
#1872=B_SPLINE_CURVE_WITH_KNOTS('',1,(#3587,#3588),.UNSPECIFIED.,.F.,.F.,
(2,2),(-0.016,0.),.UNSPECIFIED.);
#1873=B_SPLINE_CURVE_WITH_KNOTS('',1,(#3589,#3590),.UNSPECIFIED.,.F.,.F.,
(2,2),(0.,0.0482),.UNSPECIFIED.);
#1874=B_SPLINE_CURVE_WITH_KNOTS('',1,(#3591,#3592),.UNSPECIFIED.,.F.,.F.,
(2,2),(0.,0.006),.UNSPECIFIED.);
#1875=B_SPLINE_CURVE_WITH_KNOTS('',1,(#3593,#3594),.UNSPECIFIED.,.F.,.F.,
(2,2),(0.,0.0168),.UNSPECIFIED.);
#1876=B_SPLINE_CURVE_WITH_KNOTS('',1,(#3595,#3596),.UNSPECIFIED.,.F.,.F.,
(2,2),(-0.00600000000000001,0.),.UNSPECIFIED.);
#1877=B_SPLINE_CURVE_WITH_KNOTS('',1,(#3597,#3598),.UNSPECIFIED.,.F.,.F.,
(2,2),(0.,0.00199999999999999),.UNSPECIFIED.);
#1878=B_SPLINE_CURVE_WITH_KNOTS('',1,(#3599,#3600),.UNSPECIFIED.,.F.,.F.,
(2,2),(0.,0.009),.UNSPECIFIED.);
#1879=B_SPLINE_CURVE_WITH_KNOTS('',1,(#3601,#3602),.UNSPECIFIED.,.F.,.F.,
(2,2),(0.,0.0029),.UNSPECIFIED.);
#1880=B_SPLINE_CURVE_WITH_KNOTS('',1,(#3603,#3604),.UNSPECIFIED.,.F.,.F.,
(2,2),(-0.007,0.),.UNSPECIFIED.);
#1881=B_SPLINE_CURVE_WITH_KNOTS('',1,(#3605,#3606),.UNSPECIFIED.,.F.,.F.,
(2,2),(0.,0.015),.UNSPECIFIED.);
#1882=B_SPLINE_CURVE_WITH_KNOTS('',1,(#3607,#3608),.UNSPECIFIED.,.F.,.F.,
(2,2),(0.,0.007),.UNSPECIFIED.);
#1883=B_SPLINE_CURVE_WITH_KNOTS('',1,(#3609,#3610),.UNSPECIFIED.,.F.,.F.,
(2,2),(-0.00414142135623732,0.),.UNSPECIFIED.);
#1884=B_SPLINE_CURVE_WITH_KNOTS('',1,(#3611,#3612),.UNSPECIFIED.,.F.,.F.,
(2,2),(-0.002,0.),.UNSPECIFIED.);
#1885=B_SPLINE_CURVE_WITH_KNOTS('',1,(#3613,#3614),.UNSPECIFIED.,.F.,.F.,
(2,2),(-0.00127279220613579,0.),.UNSPECIFIED.);
#1886=B_SPLINE_CURVE_WITH_KNOTS('',1,(#3615,#3616),.UNSPECIFIED.,.F.,.F.,
(2,2),(-0.005,0.),.UNSPECIFIED.);
#1887=B_SPLINE_CURVE_WITH_KNOTS('',1,(#3617,#3618),.UNSPECIFIED.,.F.,.F.,
(2,2),(0.,0.00117157287525382),.UNSPECIFIED.);
#1888=B_SPLINE_CURVE_WITH_KNOTS('',1,(#3619,#3620),.UNSPECIFIED.,.F.,.F.,
(2,2),(-0.002,0.),.UNSPECIFIED.);
#1889=B_SPLINE_CURVE_WITH_KNOTS('',1,(#3621,#3622),.UNSPECIFIED.,.F.,.F.,
(2,2),(-0.00424264068711929,0.),.UNSPECIFIED.);
#1890=B_SPLINE_CURVE_WITH_KNOTS('',1,(#3623,#3624),.UNSPECIFIED.,.F.,.F.,
(2,2),(0.,0.005),.UNSPECIFIED.);
#1891=B_SPLINE_CURVE_WITH_KNOTS('',1,(#3625,#3626),.UNSPECIFIED.,.F.,.F.,
(2,2),(0.,0.016),.UNSPECIFIED.);
#1892=B_SPLINE_CURVE_WITH_KNOTS('',1,(#3627,#3628),.UNSPECIFIED.,.F.,.F.,
(2,2),(0.,0.00242487113059641),.UNSPECIFIED.);
#1893=B_SPLINE_CURVE_WITH_KNOTS('',1,(#3629,#3630),.UNSPECIFIED.,.F.,.F.,
(2,2),(0.,0.0360402020253554),.UNSPECIFIED.);
#1894=B_SPLINE_CURVE_WITH_KNOTS('',1,(#3631,#3632),.UNSPECIFIED.,.F.,.F.,
(2,2),(-0.00242487113059641,0.),.UNSPECIFIED.);
#1895=B_SPLINE_CURVE_WITH_KNOTS('',1,(#3633,#3634),.UNSPECIFIED.,.F.,.F.,
(2,2),(0.,0.016),.UNSPECIFIED.);
#1896=B_SPLINE_CURVE_WITH_KNOTS('',1,(#3635,#3636),.UNSPECIFIED.,.F.,.F.,
(2,2),(-0.00199999999999999,0.),.UNSPECIFIED.);
#1897=B_SPLINE_CURVE_WITH_KNOTS('',1,(#3637,#3638),.UNSPECIFIED.,.F.,.F.,
(2,2),(0.,0.072),.UNSPECIFIED.);
#1898=B_SPLINE_CURVE_WITH_KNOTS('',1,(#3639,#3640),.UNSPECIFIED.,.F.,.F.,
(2,2),(-0.0149715728752538,0.),.UNSPECIFIED.);
#1899=B_SPLINE_CURVE_WITH_KNOTS('',1,(#3641,#3642),.UNSPECIFIED.,.F.,.F.,
(2,2),(-0.0032,0.),.UNSPECIFIED.);
#1900=B_SPLINE_CURVE_WITH_KNOTS('',1,(#3643,#3644),.UNSPECIFIED.,.F.,.F.,
(2,2),(-0.03,0.),.UNSPECIFIED.);
#1901=B_SPLINE_CURVE_WITH_KNOTS('',1,(#3645,#3646),.UNSPECIFIED.,.F.,.F.,
(2,2),(-0.0101715728752538,0.),.UNSPECIFIED.);
#1902=B_SPLINE_CURVE_WITH_KNOTS('',1,(#3647,#3648),.UNSPECIFIED.,.F.,.F.,
(2,2),(0.,0.013),.UNSPECIFIED.);
#1903=B_SPLINE_CURVE_WITH_KNOTS('',1,(#3649,#3650),.UNSPECIFIED.,.F.,.F.,
(2,2),(-0.0070357864376269,0.),.UNSPECIFIED.);
#1904=B_SPLINE_CURVE_WITH_KNOTS('',1,(#3651,#3652),.UNSPECIFIED.,.F.,.F.,
(2,2),(-0.003,0.),.UNSPECIFIED.);
#1905=B_SPLINE_CURVE_WITH_KNOTS('',1,(#3653,#3654),.UNSPECIFIED.,.F.,.F.,
(2,2),(-0.0040357864376269,0.),.UNSPECIFIED.);
#1906=B_SPLINE_CURVE_WITH_KNOTS('',1,(#3655,#3656),.UNSPECIFIED.,.F.,.F.,
(2,2),(0.,0.003),.UNSPECIFIED.);
#1907=B_SPLINE_CURVE_WITH_KNOTS('',1,(#3657,#3658),.UNSPECIFIED.,.F.,.F.,
(2,2),(-0.003,0.),.UNSPECIFIED.);
#1908=B_SPLINE_CURVE_WITH_KNOTS('',1,(#3659,#3660),.UNSPECIFIED.,.F.,.F.,
(2,2),(-4.53034206600311E-07,0.),.UNSPECIFIED.);
#1909=B_SPLINE_CURVE_WITH_KNOTS('',1,(#3661,#3662),.UNSPECIFIED.,.F.,.F.,
(2,2),(-0.0322,0.),.UNSPECIFIED.);
#1910=B_SPLINE_CURVE_WITH_KNOTS('',1,(#3663,#3664),.UNSPECIFIED.,.F.,.F.,
(2,2),(0.,4.53034206600311E-07),.UNSPECIFIED.);
#1911=B_SPLINE_CURVE_WITH_KNOTS('',1,(#3665,#3666),.UNSPECIFIED.,.F.,.F.,
(2,2),(-0.003,0.),.UNSPECIFIED.);
#1912=B_SPLINE_CURVE_WITH_KNOTS('',1,(#3667,#3668),.UNSPECIFIED.,.F.,.F.,
(2,2),(-0.003,0.),.UNSPECIFIED.);
#1913=B_SPLINE_CURVE_WITH_KNOTS('',1,(#3669,#3670),.UNSPECIFIED.,.F.,.F.,
(2,2),(-0.0040357864376269,0.),.UNSPECIFIED.);
#1914=B_SPLINE_CURVE_WITH_KNOTS('',1,(#3671,#3672),.UNSPECIFIED.,.F.,.F.,
(2,2),(0.,0.003),.UNSPECIFIED.);
#1915=B_SPLINE_CURVE_WITH_KNOTS('',1,(#3673,#3674),.UNSPECIFIED.,.F.,.F.,
(2,2),(-0.0070357864376269,0.),.UNSPECIFIED.);
#1916=B_SPLINE_CURVE_WITH_KNOTS('',1,(#3675,#3676),.UNSPECIFIED.,.F.,.F.,
(2,2),(-0.00139167388793159,0.),.UNSPECIFIED.);
#1917=B_SPLINE_CURVE_WITH_KNOTS('',1,(#3677,#3678),.UNSPECIFIED.,.F.,.F.,
(2,2),(-0.0312,0.),.UNSPECIFIED.);
#1918=B_SPLINE_CURVE_WITH_KNOTS('',1,(#3679,#3680),.UNSPECIFIED.,.F.,.F.,
(2,2),(-0.00142842712474608,0.),.UNSPECIFIED.);
#1919=B_SPLINE_CURVE_WITH_KNOTS('',1,(#3681,#3682),.UNSPECIFIED.,.F.,.F.,
(2,2),(0.,0.0020201010126777),.UNSPECIFIED.);
#1920=B_SPLINE_CURVE_WITH_KNOTS('',1,(#3683,#3684),.UNSPECIFIED.,.F.,.F.,
(2,2),(0.,0.0288402020253554),.UNSPECIFIED.);
#1921=B_SPLINE_CURVE_WITH_KNOTS('',1,(#3685,#3686),.UNSPECIFIED.,.F.,.F.,
(2,2),(0.,0.00110294372515226),.UNSPECIFIED.);
#1922=B_SPLINE_CURVE_WITH_KNOTS('',1,(#3687,#3688),.UNSPECIFIED.,.F.,.F.,
(2,2),(0.,0.00028284271247462),.UNSPECIFIED.);
#1923=B_SPLINE_CURVE_WITH_KNOTS('',1,(#3689,#3690),.UNSPECIFIED.,.F.,.F.,
(2,2),(0.,0.007),.UNSPECIFIED.);
#1924=B_SPLINE_CURVE_WITH_KNOTS('',1,(#3691,#3692),.UNSPECIFIED.,.F.,.F.,
(2,2),(0.,0.005),.UNSPECIFIED.);
#1925=B_SPLINE_CURVE_WITH_KNOTS('',1,(#3693,#3694),.UNSPECIFIED.,.F.,.F.,
(2,2),(-0.007,0.),.UNSPECIFIED.);
#1926=B_SPLINE_CURVE_WITH_KNOTS('',1,(#3695,#3696),.UNSPECIFIED.,.F.,.F.,
(2,2),(0.,0.015),.UNSPECIFIED.);
#1927=B_SPLINE_CURVE_WITH_KNOTS('',1,(#3697,#3698),.UNSPECIFIED.,.F.,.F.,
(2,2),(0.,0.007),.UNSPECIFIED.);
#1928=B_SPLINE_CURVE_WITH_KNOTS('',1,(#3699,#3700),.UNSPECIFIED.,.F.,.F.,
(2,2),(0.,0.0029),.UNSPECIFIED.);
#1929=B_SPLINE_CURVE_WITH_KNOTS('',1,(#3701,#3702),.UNSPECIFIED.,.F.,.F.,
(2,2),(-0.009,0.),.UNSPECIFIED.);
#1930=B_SPLINE_CURVE_WITH_KNOTS('',1,(#3703,#3704),.UNSPECIFIED.,.F.,.F.,
(2,2),(0.,0.00600000000000001),.UNSPECIFIED.);
#1931=B_SPLINE_CURVE_WITH_KNOTS('',1,(#3705,#3706),.UNSPECIFIED.,.F.,.F.,
(2,2),(-0.0168,0.),.UNSPECIFIED.);
#1932=B_SPLINE_CURVE_WITH_KNOTS('',1,(#3707,#3708),.UNSPECIFIED.,.F.,.F.,
(2,2),(-0.006,0.),.UNSPECIFIED.);
#1933=B_SPLINE_CURVE_WITH_KNOTS('',1,(#3709,#3710),.UNSPECIFIED.,.F.,.F.,
(2,2),(0.,0.0482),.UNSPECIFIED.);
#1934=B_SPLINE_CURVE_WITH_KNOTS('',1,(#3711,#3712),.UNSPECIFIED.,.F.,.F.,
(2,2),(-0.016,0.),.UNSPECIFIED.);
#1935=B_SPLINE_CURVE_WITH_KNOTS('',1,(#3713,#3714),.UNSPECIFIED.,.F.,.F.,
(2,2),(0.,0.0441),.UNSPECIFIED.);
#1936=B_SPLINE_CURVE_WITH_KNOTS('',1,(#3715,#3716),.UNSPECIFIED.,.F.,.F.,
(2,2),(0.,0.002),.UNSPECIFIED.);
#1937=B_SPLINE_CURVE_WITH_KNOTS('',1,(#3717,#3718),.UNSPECIFIED.,.F.,.F.,
(2,2),(0.,0.00519615242270664),.UNSPECIFIED.);
#1938=B_SPLINE_CURVE_WITH_KNOTS('',1,(#3719,#3720),.UNSPECIFIED.,.F.,.F.,
(2,2),(-0.002,0.),.UNSPECIFIED.);
#1939=B_SPLINE_CURVE_WITH_KNOTS('',1,(#3721,#3722),.UNSPECIFIED.,.F.,.F.,
(2,2),(-0.00117157287525382,0.),.UNSPECIFIED.);
#1940=B_SPLINE_CURVE_WITH_KNOTS('',1,(#3723,#3724),.UNSPECIFIED.,.F.,.F.,
(2,2),(-0.005,0.),.UNSPECIFIED.);
#1941=B_SPLINE_CURVE_WITH_KNOTS('',1,(#3725,#3726),.UNSPECIFIED.,.F.,.F.,
(2,2),(0.,0.00127279220613579),.UNSPECIFIED.);
#1942=B_SPLINE_CURVE_WITH_KNOTS('',1,(#3727,#3728),.UNSPECIFIED.,.F.,.F.,
(2,2),(0.,0.002),.UNSPECIFIED.);
#1943=B_SPLINE_CURVE_WITH_KNOTS('',1,(#3729,#3730),.UNSPECIFIED.,.F.,.F.,
(2,2),(-0.00414142135623732,0.),.UNSPECIFIED.);
#1944=B_SPLINE_CURVE_WITH_KNOTS('',1,(#3731,#3732),.UNSPECIFIED.,.F.,.F.,
(2,2),(-0.0021715728752538,0.),.UNSPECIFIED.);
#1945=B_SPLINE_CURVE_WITH_KNOTS('',1,(#3733,#3734),.UNSPECIFIED.,.F.,.F.,
(2,2),(0.,0.002),.UNSPECIFIED.);
#1946=B_SPLINE_CURVE_WITH_KNOTS('',1,(#3735,#3736),.UNSPECIFIED.,.F.,.F.,
(2,2),(-0.0048642135623731,0.),.UNSPECIFIED.);
#1947=B_SPLINE_CURVE_WITH_KNOTS('',1,(#3737,#3738),.UNSPECIFIED.,.F.,.F.,
(2,2),(-0.003,0.),.UNSPECIFIED.);
#1948=B_SPLINE_CURVE_WITH_KNOTS('',1,(#3739,#3740),.UNSPECIFIED.,.F.,.F.,
(2,2),(-0.0040357864376269,0.),.UNSPECIFIED.);
#1949=B_SPLINE_CURVE_WITH_KNOTS('',1,(#3741,#3742),.UNSPECIFIED.,.F.,.F.,
(2,2),(0.,0.003),.UNSPECIFIED.);
#1950=B_SPLINE_CURVE_WITH_KNOTS('',1,(#3743,#3744),.UNSPECIFIED.,.F.,.F.,
(2,2),(-0.003,0.),.UNSPECIFIED.);
#1951=B_SPLINE_CURVE_WITH_KNOTS('',1,(#3745,#3746),.UNSPECIFIED.,.F.,.F.,
(2,2),(-4.53034206600311E-07,0.),.UNSPECIFIED.);
#1952=B_SPLINE_CURVE_WITH_KNOTS('',1,(#3747,#3748),.UNSPECIFIED.,.F.,.F.,
(2,2),(-0.0322,0.),.UNSPECIFIED.);
#1953=B_SPLINE_CURVE_WITH_KNOTS('',1,(#3749,#3750),.UNSPECIFIED.,.F.,.F.,
(2,2),(0.,4.53034206600311E-07),.UNSPECIFIED.);
#1954=B_SPLINE_CURVE_WITH_KNOTS('',1,(#3751,#3752),.UNSPECIFIED.,.F.,.F.,
(2,2),(-0.003,0.),.UNSPECIFIED.);
#1955=B_SPLINE_CURVE_WITH_KNOTS('',1,(#3753,#3754),.UNSPECIFIED.,.F.,.F.,
(2,2),(-0.003,0.),.UNSPECIFIED.);
#1956=B_SPLINE_CURVE_WITH_KNOTS('',1,(#3755,#3756),.UNSPECIFIED.,.F.,.F.,
(2,2),(-0.0040357864376269,0.),.UNSPECIFIED.);
#1957=B_SPLINE_CURVE_WITH_KNOTS('',1,(#3757,#3758),.UNSPECIFIED.,.F.,.F.,
(2,2),(0.,0.003),.UNSPECIFIED.);
#1958=B_SPLINE_CURVE_WITH_KNOTS('',1,(#3759,#3760),.UNSPECIFIED.,.F.,.F.,
(2,2),(-0.0048642135623731,0.),.UNSPECIFIED.);
#1959=B_SPLINE_CURVE_WITH_KNOTS('',1,(#3761,#3762),.UNSPECIFIED.,.F.,.F.,
(2,2),(0.,0.002),.UNSPECIFIED.);
#1960=B_SPLINE_CURVE_WITH_KNOTS('',1,(#3763,#3764),.UNSPECIFIED.,.F.,.F.,
(2,2),(0.,0.0021715728752538),.UNSPECIFIED.);
#1961=B_SPLINE_CURVE_WITH_KNOTS('',1,(#3765,#3766),.UNSPECIFIED.,.F.,.F.,
(2,2),(-0.0058284271247462,0.),.UNSPECIFIED.);
#1962=B_SPLINE_CURVE_WITH_KNOTS('',1,(#3767,#3768),.UNSPECIFIED.,.F.,.F.,
(2,2),(-0.03,0.),.UNSPECIFIED.);
#1963=B_SPLINE_CURVE_WITH_KNOTS('',1,(#3769,#3770),.UNSPECIFIED.,.F.,.F.,
(2,2),(0.,0.0058284271247462),.UNSPECIFIED.);
#1964=B_SPLINE_CURVE_WITH_KNOTS('',1,(#3771,#3772),.UNSPECIFIED.,.F.,.F.,
(2,2),(0.,0.007),.UNSPECIFIED.);
#1965=B_SPLINE_CURVE_WITH_KNOTS('',1,(#3773,#3774),.UNSPECIFIED.,.F.,.F.,
(2,2),(0.,0.008),.UNSPECIFIED.);
#1966=B_SPLINE_CURVE_WITH_KNOTS('',1,(#3775,#3776),.UNSPECIFIED.,.F.,.F.,
(2,2),(0.,0.008),.UNSPECIFIED.);
#1967=B_SPLINE_CURVE_WITH_KNOTS('',1,(#3777,#3778),.UNSPECIFIED.,.F.,.F.,
(2,2),(0.,0.007),.UNSPECIFIED.);
#1968=B_SPLINE_CURVE_WITH_KNOTS('',1,(#3779,#3780),.UNSPECIFIED.,.F.,.F.,
(2,2),(0.,0.056),.UNSPECIFIED.);
#1969=B_SPLINE_CURVE_WITH_KNOTS('',1,(#3781,#3782),.UNSPECIFIED.,.F.,.F.,
(2,2),(0.,0.0030715728752538),.UNSPECIFIED.);
#1970=B_SPLINE_CURVE_WITH_KNOTS('',1,(#3783,#3784),.UNSPECIFIED.,.F.,.F.,
(2,2),(0.,0.000900000000000005),.UNSPECIFIED.);
#1971=B_SPLINE_CURVE_WITH_KNOTS('',1,(#3785,#3786),.UNSPECIFIED.,.F.,.F.,
(2,2),(0.,0.0070357864376269),.UNSPECIFIED.);
#1972=B_SPLINE_CURVE_WITH_KNOTS('',1,(#3787,#3788),.UNSPECIFIED.,.F.,.F.,
(2,2),(0.,0.0062),.UNSPECIFIED.);
#1973=B_SPLINE_CURVE_WITH_KNOTS('',1,(#3789,#3790),.UNSPECIFIED.,.F.,.F.,
(2,2),(-0.0149715728752538,0.),.UNSPECIFIED.);
#1974=B_SPLINE_CURVE_WITH_KNOTS('',1,(#3791,#3792),.UNSPECIFIED.,.F.,.F.,
(2,2),(-0.003,0.),.UNSPECIFIED.);
#1975=B_SPLINE_CURVE_WITH_KNOTS('',1,(#3793,#3794),.UNSPECIFIED.,.F.,.F.,
(2,2),(-0.0040357864376269,0.),.UNSPECIFIED.);
#1976=B_SPLINE_CURVE_WITH_KNOTS('',1,(#3795,#3796),.UNSPECIFIED.,.F.,.F.,
(2,2),(0.,0.003),.UNSPECIFIED.);
#1977=B_SPLINE_CURVE_WITH_KNOTS('',1,(#3797,#3798),.UNSPECIFIED.,.F.,.F.,
(2,2),(-0.003,0.),.UNSPECIFIED.);
#1978=B_SPLINE_CURVE_WITH_KNOTS('',1,(#3799,#3800),.UNSPECIFIED.,.F.,.F.,
(2,2),(-4.53034206600311E-07,0.),.UNSPECIFIED.);
#1979=B_SPLINE_CURVE_WITH_KNOTS('',1,(#3801,#3802),.UNSPECIFIED.,.F.,.F.,
(2,2),(-0.0322,0.),.UNSPECIFIED.);
#1980=B_SPLINE_CURVE_WITH_KNOTS('',1,(#3803,#3804),.UNSPECIFIED.,.F.,.F.,
(2,2),(0.,4.53034206600311E-07),.UNSPECIFIED.);
#1981=B_SPLINE_CURVE_WITH_KNOTS('',1,(#3805,#3806),.UNSPECIFIED.,.F.,.F.,
(2,2),(-0.003,0.),.UNSPECIFIED.);
#1982=B_SPLINE_CURVE_WITH_KNOTS('',1,(#3807,#3808),.UNSPECIFIED.,.F.,.F.,
(2,2),(-0.003,0.),.UNSPECIFIED.);
#1983=B_SPLINE_CURVE_WITH_KNOTS('',1,(#3809,#3810),.UNSPECIFIED.,.F.,.F.,
(2,2),(-0.0040357864376269,0.),.UNSPECIFIED.);
#1984=B_SPLINE_CURVE_WITH_KNOTS('',1,(#3811,#3812),.UNSPECIFIED.,.F.,.F.,
(2,2),(0.,0.003),.UNSPECIFIED.);
#1985=B_SPLINE_CURVE_WITH_KNOTS('',1,(#3813,#3814),.UNSPECIFIED.,.F.,.F.,
(2,2),(-0.0070357864376269,0.),.UNSPECIFIED.);
#1986=B_SPLINE_CURVE_WITH_KNOTS('',1,(#3815,#3816),.UNSPECIFIED.,.F.,.F.,
(2,2),(-0.013,0.),.UNSPECIFIED.);
#1987=B_SPLINE_CURVE_WITH_KNOTS('',1,(#3817,#3818),.UNSPECIFIED.,.F.,.F.,
(2,2),(-0.0101715728752538,0.),.UNSPECIFIED.);
#1988=B_SPLINE_CURVE_WITH_KNOTS('',1,(#3819,#3820),.UNSPECIFIED.,.F.,.F.,
(2,2),(-0.03,0.),.UNSPECIFIED.);
#1989=B_SPLINE_CURVE_WITH_KNOTS('',1,(#3821,#3822),.UNSPECIFIED.,.F.,.F.,
(2,2),(0.,0.0028284271247461),.UNSPECIFIED.);
#1990=B_SPLINE_CURVE_WITH_KNOTS('',1,(#3823,#3824),.UNSPECIFIED.,.F.,.F.,
(2,2),(-0.00141421356237308,0.),.UNSPECIFIED.);
#1991=B_SPLINE_CURVE_WITH_KNOTS('',1,(#3825,#3826),.UNSPECIFIED.,.F.,.F.,
(2,2),(0.,0.0026284271247457),.UNSPECIFIED.);
#1992=B_SPLINE_CURVE_WITH_KNOTS('',1,(#3827,#3828),.UNSPECIFIED.,.F.,.F.,
(2,2),(0.,0.0011213203435598),.UNSPECIFIED.);
#1993=B_SPLINE_CURVE_WITH_KNOTS('',1,(#3829,#3830),.UNSPECIFIED.,.F.,.F.,
(2,2),(0.,0.0008),.UNSPECIFIED.);
#1994=B_SPLINE_CURVE_WITH_KNOTS('',1,(#3831,#3832),.UNSPECIFIED.,.F.,.F.,
(2,2),(0.,0.0020201010126775),.UNSPECIFIED.);
#1995=B_SPLINE_CURVE_WITH_KNOTS('',1,(#3833,#3834),.UNSPECIFIED.,.F.,.F.,
(2,2),(-0.0312,0.),.UNSPECIFIED.);
#1996=B_SPLINE_CURVE_WITH_KNOTS('',1,(#3835,#3836),.UNSPECIFIED.,.F.,.F.,
(2,2),(-0.0031414213562373,0.),.UNSPECIFIED.);
#1997=B_SPLINE_CURVE_WITH_KNOTS('',1,(#3837,#3838),.UNSPECIFIED.,.F.,.F.,
(2,2),(-0.032,0.),.UNSPECIFIED.);
#1998=B_SPLINE_CURVE_WITH_KNOTS('',1,(#3839,#3840),.UNSPECIFIED.,.F.,.F.,
(2,2),(0.,0.00139167388793163),.UNSPECIFIED.);
#1999=B_SPLINE_CURVE_WITH_KNOTS('',1,(#3841,#3842),.UNSPECIFIED.,.F.,.F.,
(2,2),(0.,0.0288402020253554),.UNSPECIFIED.);
#2000=B_SPLINE_CURVE_WITH_KNOTS('',1,(#3843,#3844),.UNSPECIFIED.,.F.,.F.,
(2,2),(0.,0.0020201010126777),.UNSPECIFIED.);
#2001=B_SPLINE_CURVE_WITH_KNOTS('',1,(#3845,#3846),.UNSPECIFIED.,.F.,.F.,
(2,2),(-0.001428427124746,0.),.UNSPECIFIED.);
#2002=B_SPLINE_CURVE_WITH_KNOTS('',1,(#3847,#3848),.UNSPECIFIED.,.F.,.F.,
(2,2),(0.,0.00110294372515226),.UNSPECIFIED.);
#2003=B_SPLINE_CURVE_WITH_KNOTS('',1,(#3849,#3850),.UNSPECIFIED.,.F.,.F.,
(2,2),(-0.00028284271247462,0.),.UNSPECIFIED.);
#2004=B_SPLINE_CURVE_WITH_KNOTS('',1,(#3851,#3852),.UNSPECIFIED.,.F.,.F.,
(2,2),(-0.013,0.),.UNSPECIFIED.);
#2005=B_SPLINE_CURVE_WITH_KNOTS('',1,(#3853,#3854),.UNSPECIFIED.,.F.,.F.,
(2,2),(-0.0101715728752538,0.),.UNSPECIFIED.);
#2006=B_SPLINE_CURVE_WITH_KNOTS('',1,(#3855,#3856),.UNSPECIFIED.,.F.,.F.,
(2,2),(-0.03,0.),.UNSPECIFIED.);
#2007=B_SPLINE_CURVE_WITH_KNOTS('',1,(#3857,#3858),.UNSPECIFIED.,.F.,.F.,
(2,2),(-0.0101715728752538,0.),.UNSPECIFIED.);
#2008=B_SPLINE_CURVE_WITH_KNOTS('',1,(#3859,#3860),.UNSPECIFIED.,.F.,.F.,
(2,2),(0.,0.013),.UNSPECIFIED.);
#2009=B_SPLINE_CURVE_WITH_KNOTS('',1,(#3861,#3862),.UNSPECIFIED.,.F.,.F.,
(2,2),(-0.0070357864376269,0.),.UNSPECIFIED.);
#2010=B_SPLINE_CURVE_WITH_KNOTS('',1,(#3863,#3864),.UNSPECIFIED.,.F.,.F.,
(2,2),(-0.003,0.),.UNSPECIFIED.);
#2011=B_SPLINE_CURVE_WITH_KNOTS('',1,(#3865,#3866),.UNSPECIFIED.,.F.,.F.,
(2,2),(-0.0040357864376269,0.),.UNSPECIFIED.);
#2012=B_SPLINE_CURVE_WITH_KNOTS('',1,(#3867,#3868),.UNSPECIFIED.,.F.,.F.,
(2,2),(0.,0.003),.UNSPECIFIED.);
#2013=B_SPLINE_CURVE_WITH_KNOTS('',1,(#3869,#3870),.UNSPECIFIED.,.F.,.F.,
(2,2),(-0.003,0.),.UNSPECIFIED.);
#2014=B_SPLINE_CURVE_WITH_KNOTS('',1,(#3871,#3872),.UNSPECIFIED.,.F.,.F.,
(2,2),(-4.53034206600311E-07,0.),.UNSPECIFIED.);
#2015=B_SPLINE_CURVE_WITH_KNOTS('',1,(#3873,#3874),.UNSPECIFIED.,.F.,.F.,
(2,2),(-0.0322,0.),.UNSPECIFIED.);
#2016=B_SPLINE_CURVE_WITH_KNOTS('',1,(#3875,#3876),.UNSPECIFIED.,.F.,.F.,
(2,2),(0.,4.53034206700925E-07),.UNSPECIFIED.);
#2017=B_SPLINE_CURVE_WITH_KNOTS('',1,(#3877,#3878),.UNSPECIFIED.,.F.,.F.,
(2,2),(-0.003,0.),.UNSPECIFIED.);
#2018=B_SPLINE_CURVE_WITH_KNOTS('',1,(#3879,#3880),.UNSPECIFIED.,.F.,.F.,
(2,2),(-0.003,0.),.UNSPECIFIED.);
#2019=B_SPLINE_CURVE_WITH_KNOTS('',1,(#3881,#3882),.UNSPECIFIED.,.F.,.F.,
(2,2),(-0.0040357864376269,0.),.UNSPECIFIED.);
#2020=B_SPLINE_CURVE_WITH_KNOTS('',1,(#3883,#3884),.UNSPECIFIED.,.F.,.F.,
(2,2),(0.,0.003),.UNSPECIFIED.);
#2021=B_SPLINE_CURVE_WITH_KNOTS('',1,(#3885,#3886),.UNSPECIFIED.,.F.,.F.,
(2,2),(-0.0070357864376269,0.),.UNSPECIFIED.);
#2022=B_SPLINE_CURVE_WITH_KNOTS('',1,(#3887,#3888),.UNSPECIFIED.,.F.,.F.,
(2,2),(0.,0.016),.UNSPECIFIED.);
#2023=B_SPLINE_CURVE_WITH_KNOTS('',1,(#3889,#3890),.UNSPECIFIED.,.F.,.F.,
(2,2),(-0.00707106781186547,0.),.UNSPECIFIED.);
#2024=B_SPLINE_CURVE_WITH_KNOTS('',1,(#3891,#3892),.UNSPECIFIED.,.F.,.F.,
(2,2),(0.,0.00707106781186547),.UNSPECIFIED.);
#2025=B_SPLINE_CURVE_WITH_KNOTS('',1,(#3893,#3894),.UNSPECIFIED.,.F.,.F.,
(2,2),(0.,0.062),.UNSPECIFIED.);
#2026=B_SPLINE_CURVE_WITH_KNOTS('',1,(#3895,#3896),.UNSPECIFIED.,.F.,.F.,
(2,2),(-0.016,0.),.UNSPECIFIED.);
#2027=B_SPLINE_CURVE_WITH_KNOTS('',1,(#3897,#3898),.UNSPECIFIED.,.F.,.F.,
(2,2),(0.,0.062),.UNSPECIFIED.);
#2028=B_SPLINE_CURVE_WITH_KNOTS('',1,(#3899,#3900),.UNSPECIFIED.,.F.,.F.,
(2,2),(0.,0.00707106781186547),.UNSPECIFIED.);
#2029=B_SPLINE_CURVE_WITH_KNOTS('',1,(#3901,#3902),.UNSPECIFIED.,.F.,.F.,
(2,2),(-0.00707106781186547,0.),.UNSPECIFIED.);
#2030=B_SPLINE_CURVE_WITH_KNOTS('',1,(#3903,#3904),.UNSPECIFIED.,.F.,.F.,
(2,2),(0.,0.00541421356237311),.UNSPECIFIED.);
#2031=B_SPLINE_CURVE_WITH_KNOTS('',1,(#3905,#3906),.UNSPECIFIED.,.F.,.F.,
(2,2),(0.,0.00541421356237311),.UNSPECIFIED.);
#2032=B_SPLINE_CURVE_WITH_KNOTS('',1,(#3907,#3908),.UNSPECIFIED.,.F.,.F.,
(2,2),(0.,0.00541421356237311),.UNSPECIFIED.);
#2033=B_SPLINE_CURVE_WITH_KNOTS('',1,(#3909,#3910),.UNSPECIFIED.,.F.,.F.,
(2,2),(0.,0.00541421356237311),.UNSPECIFIED.);
#2034=B_SPLINE_CURVE_WITH_KNOTS('',1,(#3911,#3912),.UNSPECIFIED.,.F.,.F.,
(2,2),(0.,0.0028284271247461),.UNSPECIFIED.);
#2035=B_SPLINE_CURVE_WITH_KNOTS('',1,(#3913,#3914),.UNSPECIFIED.,.F.,.F.,
(2,2),(-0.0026284271247457,0.),.UNSPECIFIED.);
#2036=B_SPLINE_CURVE_WITH_KNOTS('',1,(#3915,#3916),.UNSPECIFIED.,.F.,.F.,
(2,2),(-0.00141421356237304,0.),.UNSPECIFIED.);
#2037=B_SPLINE_CURVE_WITH_KNOTS('',1,(#3917,#3918),.UNSPECIFIED.,.F.,.F.,
(2,2),(0.,0.00140000000000001),.UNSPECIFIED.);
#2038=B_SPLINE_CURVE_WITH_KNOTS('',1,(#3919,#3920),.UNSPECIFIED.,.F.,.F.,
(2,2),(0.,0.00141421356237308),.UNSPECIFIED.);
#2039=B_SPLINE_CURVE_WITH_KNOTS('',1,(#3921,#3922),.UNSPECIFIED.,.F.,.F.,
(2,2),(0.,0.0026284271247457),.UNSPECIFIED.);
#2040=B_SPLINE_CURVE_WITH_KNOTS('',1,(#3923,#3924),.UNSPECIFIED.,.F.,.F.,
(2,2),(0.,0.00140000000000001),.UNSPECIFIED.);
#2041=B_SPLINE_CURVE_WITH_KNOTS('',1,(#3925,#3926),.UNSPECIFIED.,.F.,.F.,
(2,2),(-0.0026284271247457,0.),.UNSPECIFIED.);
#2042=B_SPLINE_CURVE_WITH_KNOTS('',1,(#3927,#3928),.UNSPECIFIED.,.F.,.F.,
(2,2),(0.,0.00141421356237304),.UNSPECIFIED.);
#2043=B_SPLINE_CURVE_WITH_KNOTS('',1,(#3929,#3930),.UNSPECIFIED.,.F.,.F.,
(2,2),(-0.005,0.),.UNSPECIFIED.);
#2044=B_SPLINE_CURVE_WITH_KNOTS('',1,(#3931,#3932),.UNSPECIFIED.,.F.,.F.,
(2,2),(0.,0.005),.UNSPECIFIED.);
#2045=B_SPLINE_CURVE_WITH_KNOTS('',1,(#3933,#3934),.UNSPECIFIED.,.F.,.F.,
(2,2),(0.,0.002),.UNSPECIFIED.);
#2046=B_SPLINE_CURVE_WITH_KNOTS('',1,(#3935,#3936),.UNSPECIFIED.,.F.,.F.,
(2,2),(-0.000171572875253899,0.),.UNSPECIFIED.);
#2047=B_SPLINE_CURVE_WITH_KNOTS('',1,(#3937,#3938),.UNSPECIFIED.,.F.,.F.,
(2,2),(0.,0.032),.UNSPECIFIED.);
#2048=B_SPLINE_CURVE_WITH_KNOTS('',1,(#3939,#3940),.UNSPECIFIED.,.F.,.F.,
(2,2),(-0.00242487113059641,0.),.UNSPECIFIED.);
#2049=B_SPLINE_CURVE_WITH_KNOTS('',1,(#3941,#3942),.UNSPECIFIED.,.F.,.F.,
(2,2),(0.,0.00242487113059641),.UNSPECIFIED.);
#2050=B_SPLINE_CURVE_WITH_KNOTS('',1,(#3943,#3944),.UNSPECIFIED.,.F.,.F.,
(2,2),(0.,0.0360402020253554),.UNSPECIFIED.);
#2051=B_SPLINE_CURVE_WITH_KNOTS('',1,(#3945,#3946),.UNSPECIFIED.,.F.,.F.,
(2,2),(-0.00242487113059641,0.),.UNSPECIFIED.);
#2052=B_SPLINE_CURVE_WITH_KNOTS('',1,(#3947,#3948),.UNSPECIFIED.,.F.,.F.,
(2,2),(0.,0.00242487113059641),.UNSPECIFIED.);
#2053=B_SPLINE_CURVE_WITH_KNOTS('',1,(#3949,#3950),.UNSPECIFIED.,.F.,.F.,
(2,2),(0.,0.032),.UNSPECIFIED.);
#2054=B_SPLINE_CURVE_WITH_KNOTS('',1,(#3951,#3952),.UNSPECIFIED.,.F.,.F.,
(2,2),(0.,0.0008),.UNSPECIFIED.);
#2055=B_SPLINE_CURVE_WITH_KNOTS('',1,(#3953,#3954),.UNSPECIFIED.,.F.,.F.,
(2,2),(0.,0.000171572875253899),.UNSPECIFIED.);
#2056=B_SPLINE_CURVE_WITH_KNOTS('',1,(#3955,#3956),.UNSPECIFIED.,.F.,.F.,
(2,2),(-0.002,0.),.UNSPECIFIED.);
#2057=B_SPLINE_CURVE_WITH_KNOTS('',1,(#3957,#3958),.UNSPECIFIED.,.F.,.F.,
(2,2),(0.,0.032),.UNSPECIFIED.);
#2058=B_SPLINE_CURVE_WITH_KNOTS('',1,(#3959,#3960),.UNSPECIFIED.,.F.,.F.,
(2,2),(0.,0.032),.UNSPECIFIED.);
#2059=B_SPLINE_CURVE_WITH_KNOTS('',1,(#3961,#3962),.UNSPECIFIED.,.F.,.F.,
(2,2),(-0.0011213203435604,0.),.UNSPECIFIED.);
#2060=B_SPLINE_CURVE_WITH_KNOTS('',1,(#3963,#3964),.UNSPECIFIED.,.F.,.F.,
(2,2),(-0.032,0.),.UNSPECIFIED.);
#2061=B_SPLINE_CURVE_WITH_KNOTS('',1,(#3965,#3966),.UNSPECIFIED.,.F.,.F.,
(2,2),(0.,0.0011213203435604),.UNSPECIFIED.);
#2062=B_SPLINE_CURVE_WITH_KNOTS('',1,(#3967,#3968),.UNSPECIFIED.,.F.,.F.,
(2,2),(0.,0.000153073372946079),.UNSPECIFIED.);
#2063=B_SPLINE_CURVE_WITH_KNOTS('',1,(#3969,#3970),.UNSPECIFIED.,.F.,.F.,
(2,2),(-0.000153073372946089,0.),.UNSPECIFIED.);
#2064=B_SPLINE_CURVE_WITH_KNOTS('',1,(#3971,#3972),.UNSPECIFIED.,.F.,.F.,
(2,2),(0.,0.032),.UNSPECIFIED.);
#2065=B_SPLINE_CURVE_WITH_KNOTS('',1,(#3973,#3974),.UNSPECIFIED.,.F.,.F.,
(2,2),(-0.00192132034355964,0.),.UNSPECIFIED.);
#2066=B_SPLINE_CURVE_WITH_KNOTS('',1,(#3975,#3976),.UNSPECIFIED.,.F.,.F.,
(2,2),(0.,0.032),.UNSPECIFIED.);
#2067=B_SPLINE_CURVE_WITH_KNOTS('',1,(#3977,#3978),.UNSPECIFIED.,.F.,.F.,
(2,2),(0.,0.00192132034355965),.UNSPECIFIED.);
#2068=B_SPLINE_CURVE_WITH_KNOTS('',1,(#3979,#3980),.UNSPECIFIED.,.F.,.F.,
(2,2),(0.,0.00212132034355964),.UNSPECIFIED.);
#2069=B_SPLINE_CURVE_WITH_KNOTS('',1,(#3981,#3982),.UNSPECIFIED.,.F.,.F.,
(2,2),(-0.00212132034355964,0.),.UNSPECIFIED.);
#2070=B_SPLINE_CURVE_WITH_KNOTS('',1,(#3983,#3984),.UNSPECIFIED.,.F.,.F.,
(2,2),(-0.00202010101267752,0.),.UNSPECIFIED.);
#2071=B_SPLINE_CURVE_WITH_KNOTS('',1,(#3985,#3986),.UNSPECIFIED.,.F.,.F.,
(2,2),(-0.00112132034355983,0.),.UNSPECIFIED.);
#2072=B_SPLINE_CURVE_WITH_KNOTS('',1,(#3987,#3988),.UNSPECIFIED.,.F.,.F.,
(2,2),(0.,0.00314142135623733),.UNSPECIFIED.);
#2073=B_SPLINE_CURVE_WITH_KNOTS('',1,(#3989,#3990),.UNSPECIFIED.,.F.,.F.,
(2,2),(0.,0.032),.UNSPECIFIED.);
#2074=B_SPLINE_CURVE_WITH_KNOTS('',1,(#3991,#3992),.UNSPECIFIED.,.F.,.F.,
(2,2),(0.,0.000153073372946089),.UNSPECIFIED.);
#2075=B_SPLINE_CURVE_WITH_KNOTS('',1,(#3993,#3994),.UNSPECIFIED.,.F.,.F.,
(2,2),(-0.000153073372946079,0.),.UNSPECIFIED.);
#2076=B_SPLINE_CURVE_WITH_KNOTS('',1,(#3995,#3996),.UNSPECIFIED.,.F.,.F.,
(2,2),(0.,0.032),.UNSPECIFIED.);
#2077=B_SPLINE_CURVE_WITH_KNOTS('',1,(#3997,#3998),.UNSPECIFIED.,.F.,.F.,
(2,2),(0.,0.00212132034355964),.UNSPECIFIED.);
#2078=B_SPLINE_CURVE_WITH_KNOTS('',1,(#3999,#4000),.UNSPECIFIED.,.F.,.F.,
(2,2),(-0.00212132034355964,0.),.UNSPECIFIED.);
#2079=B_SPLINE_CURVE_WITH_KNOTS('',1,(#4001,#4002),.UNSPECIFIED.,.F.,.F.,
(2,2),(-0.032,0.),.UNSPECIFIED.);
#2080=B_SPLINE_CURVE_WITH_KNOTS('',1,(#4003,#4004),.UNSPECIFIED.,.F.,.F.,
(2,2),(-0.0011213203435604,0.),.UNSPECIFIED.);
#2081=B_SPLINE_CURVE_WITH_KNOTS('',1,(#4005,#4006),.UNSPECIFIED.,.F.,.F.,
(2,2),(-0.032,0.),.UNSPECIFIED.);
#2082=B_SPLINE_CURVE_WITH_KNOTS('',1,(#4007,#4008),.UNSPECIFIED.,.F.,.F.,
(2,2),(0.,0.0011213203435604),.UNSPECIFIED.);
#2083=B_SPLINE_CURVE_WITH_KNOTS('',1,(#4009,#4010),.UNSPECIFIED.,.F.,.F.,
(2,2),(-0.032,0.),.UNSPECIFIED.);
#2084=B_SPLINE_CURVE_WITH_KNOTS('',1,(#4011,#4012),.UNSPECIFIED.,.F.,.F.,
(2,2),(-0.00192132034355964,0.),.UNSPECIFIED.);
#2085=B_SPLINE_CURVE_WITH_KNOTS('',1,(#4013,#4014),.UNSPECIFIED.,.F.,.F.,
(2,2),(0.,0.032),.UNSPECIFIED.);
#2086=B_SPLINE_CURVE_WITH_KNOTS('',1,(#4015,#4016),.UNSPECIFIED.,.F.,.F.,
(2,2),(0.,0.00192132034355965),.UNSPECIFIED.);
#2087=B_SPLINE_CURVE_WITH_KNOTS('',1,(#4017,#4018),.UNSPECIFIED.,.F.,.F.,
(2,2),(0.,0.00206307606149105),.UNSPECIFIED.);
#2088=B_SPLINE_CURVE_WITH_KNOTS('',1,(#4019,#4020),.UNSPECIFIED.,.F.,.F.,
(2,2),(0.,0.00206307606149105),.UNSPECIFIED.);
#2089=B_SPLINE_CURVE_WITH_KNOTS('',1,(#4021,#4022),.UNSPECIFIED.,.F.,.F.,
(2,2),(0.,0.00707106781186548),.UNSPECIFIED.);
#2090=B_SPLINE_CURVE_WITH_KNOTS('',1,(#4023,#4024),.UNSPECIFIED.,.F.,.F.,
(2,2),(0.,0.00509116882454314),.UNSPECIFIED.);
#2091=B_SPLINE_CURVE_WITH_KNOTS('',1,(#4025,#4026),.UNSPECIFIED.,.F.,.F.,
(2,2),(0.,0.0288402020253554),.UNSPECIFIED.);
#2092=B_SPLINE_CURVE_WITH_KNOTS('',1,(#4027,#4028),.UNSPECIFIED.,.F.,.F.,
(2,2),(-0.00707106781186548,0.),.UNSPECIFIED.);
#2093=B_SPLINE_CURVE_WITH_KNOTS('',1,(#4029,#4030),.UNSPECIFIED.,.F.,.F.,
(2,2),(0.,0.00509116882454314),.UNSPECIFIED.);
#2094=B_SPLINE_CURVE_WITH_KNOTS('',1,(#4031,#4032),.UNSPECIFIED.,.F.,.F.,
(2,2),(0.,0.00206307606149105),.UNSPECIFIED.);
#2095=B_SPLINE_CURVE_WITH_KNOTS('',1,(#4033,#4034),.UNSPECIFIED.,.F.,.F.,
(2,2),(0.,0.00206307606149105),.UNSPECIFIED.);
#2096=B_SPLINE_CURVE_WITH_KNOTS('',1,(#4035,#4036),.UNSPECIFIED.,.F.,.F.,
(2,2),(0.,0.00707106781186548),.UNSPECIFIED.);
#2097=B_SPLINE_CURVE_WITH_KNOTS('',1,(#4037,#4038),.UNSPECIFIED.,.F.,.F.,
(2,2),(0.,0.00509116882454314),.UNSPECIFIED.);
#2098=B_SPLINE_CURVE_WITH_KNOTS('',1,(#4039,#4040),.UNSPECIFIED.,.F.,.F.,
(2,2),(-0.00707106781186548,0.),.UNSPECIFIED.);
#2099=B_SPLINE_CURVE_WITH_KNOTS('',1,(#4041,#4042),.UNSPECIFIED.,.F.,.F.,
(2,2),(0.,0.00509116882454314),.UNSPECIFIED.);
#2100=B_SPLINE_CURVE_WITH_KNOTS('',1,(#4043,#4044),.UNSPECIFIED.,.F.,.F.,
(2,2),(0.,0.00206307606149105),.UNSPECIFIED.);
#2101=B_SPLINE_CURVE_WITH_KNOTS('',1,(#4045,#4046),.UNSPECIFIED.,.F.,.F.,
(2,2),(0.,0.00206307606149105),.UNSPECIFIED.);
#2102=B_SPLINE_CURVE_WITH_KNOTS('',1,(#4047,#4048),.UNSPECIFIED.,.F.,.F.,
(2,2),(0.,0.0288402020253554),.UNSPECIFIED.);
#2103=B_SPLINE_CURVE_WITH_KNOTS('',1,(#4049,#4050),.UNSPECIFIED.,.F.,.F.,
(2,2),(-0.00707106781186548,0.),.UNSPECIFIED.);
#2104=B_SPLINE_CURVE_WITH_KNOTS('',1,(#4051,#4052),.UNSPECIFIED.,.F.,.F.,
(2,2),(0.,0.00509116882454314),.UNSPECIFIED.);
#2105=B_SPLINE_CURVE_WITH_KNOTS('',1,(#4053,#4054),.UNSPECIFIED.,.F.,.F.,
(2,2),(0.,0.00206307606149105),.UNSPECIFIED.);
#2106=B_SPLINE_CURVE_WITH_KNOTS('',1,(#4055,#4056),.UNSPECIFIED.,.F.,.F.,
(2,2),(0.,0.00206307606149105),.UNSPECIFIED.);
#2107=B_SPLINE_CURVE_WITH_KNOTS('',1,(#4057,#4058),.UNSPECIFIED.,.F.,.F.,
(2,2),(0.,0.00707106781186548),.UNSPECIFIED.);
#2108=B_SPLINE_CURVE_WITH_KNOTS('',1,(#4059,#4060),.UNSPECIFIED.,.F.,.F.,
(2,2),(0.,0.00509116882454314),.UNSPECIFIED.);
#2109=B_SPLINE_CURVE_WITH_KNOTS('',1,(#4061,#4062),.UNSPECIFIED.,.F.,.F.,
(2,2),(-0.003,0.),.UNSPECIFIED.);
#2110=B_SPLINE_CURVE_WITH_KNOTS('',1,(#4063,#4064),.UNSPECIFIED.,.F.,.F.,
(2,2),(-0.003,0.),.UNSPECIFIED.);
#2111=B_SPLINE_CURVE_WITH_KNOTS('',1,(#4065,#4066),.UNSPECIFIED.,.F.,.F.,
(2,2),(0.,0.003),.UNSPECIFIED.);
#2112=B_SPLINE_CURVE_WITH_KNOTS('',1,(#4067,#4068),.UNSPECIFIED.,.F.,.F.,
(2,2),(0.,0.003),.UNSPECIFIED.);
#2113=B_SPLINE_CURVE_WITH_KNOTS('',1,(#4069,#4070),.UNSPECIFIED.,.F.,.F.,
(2,2),(-0.00212099999999998,0.),.UNSPECIFIED.);
#2114=B_SPLINE_CURVE_WITH_KNOTS('',1,(#4071,#4072),.UNSPECIFIED.,.F.,.F.,
(2,2),(0.,0.0322),.UNSPECIFIED.);
#2115=B_SPLINE_CURVE_WITH_KNOTS('',1,(#4073,#4074),.UNSPECIFIED.,.F.,.F.,
(2,2),(0.,0.00212099999999998),.UNSPECIFIED.);
#2116=B_SPLINE_CURVE_WITH_KNOTS('',1,(#4075,#4076),.UNSPECIFIED.,.F.,.F.,
(2,2),(-0.0322,0.),.UNSPECIFIED.);
#2117=B_SPLINE_CURVE_WITH_KNOTS('',1,(#4077,#4078),.UNSPECIFIED.,.F.,.F.,
(2,2),(-0.003,0.),.UNSPECIFIED.);
#2118=B_SPLINE_CURVE_WITH_KNOTS('',1,(#4079,#4080),.UNSPECIFIED.,.F.,.F.,
(2,2),(0.,0.003),.UNSPECIFIED.);
#2119=B_SPLINE_CURVE_WITH_KNOTS('',1,(#4081,#4082),.UNSPECIFIED.,.F.,.F.,
(2,2),(0.,0.003),.UNSPECIFIED.);
#2120=B_SPLINE_CURVE_WITH_KNOTS('',1,(#4083,#4084),.UNSPECIFIED.,.F.,.F.,
(2,2),(-0.003,0.),.UNSPECIFIED.);
#2121=B_SPLINE_CURVE_WITH_KNOTS('',1,(#4085,#4086),.UNSPECIFIED.,.F.,.F.,
(2,2),(-0.003,0.),.UNSPECIFIED.);
#2122=B_SPLINE_CURVE_WITH_KNOTS('',1,(#4087,#4088),.UNSPECIFIED.,.F.,.F.,
(2,2),(-0.003,0.),.UNSPECIFIED.);
#2123=B_SPLINE_CURVE_WITH_KNOTS('',1,(#4089,#4090),.UNSPECIFIED.,.F.,.F.,
(2,2),(0.,0.003),.UNSPECIFIED.);
#2124=B_SPLINE_CURVE_WITH_KNOTS('',1,(#4091,#4092),.UNSPECIFIED.,.F.,.F.,
(2,2),(0.,0.003),.UNSPECIFIED.);
#2125=B_SPLINE_CURVE_WITH_KNOTS('',1,(#4093,#4094),.UNSPECIFIED.,.F.,.F.,
(2,2),(-0.00212099999999998,0.),.UNSPECIFIED.);
#2126=B_SPLINE_CURVE_WITH_KNOTS('',1,(#4095,#4096),.UNSPECIFIED.,.F.,.F.,
(2,2),(0.,0.0322),.UNSPECIFIED.);
#2127=B_SPLINE_CURVE_WITH_KNOTS('',1,(#4097,#4098),.UNSPECIFIED.,.F.,.F.,
(2,2),(0.,0.00212099999999998),.UNSPECIFIED.);
#2128=B_SPLINE_CURVE_WITH_KNOTS('',1,(#4099,#4100),.UNSPECIFIED.,.F.,.F.,
(2,2),(-0.0322,0.),.UNSPECIFIED.);
#2129=B_SPLINE_CURVE_WITH_KNOTS('',1,(#4101,#4102),.UNSPECIFIED.,.F.,.F.,
(2,2),(-0.003,0.),.UNSPECIFIED.);
#2130=B_SPLINE_CURVE_WITH_KNOTS('',1,(#4103,#4104),.UNSPECIFIED.,.F.,.F.,
(2,2),(0.,0.003),.UNSPECIFIED.);
#2131=B_SPLINE_CURVE_WITH_KNOTS('',1,(#4105,#4106),.UNSPECIFIED.,.F.,.F.,
(2,2),(0.,0.003),.UNSPECIFIED.);
#2132=B_SPLINE_CURVE_WITH_KNOTS('',1,(#4107,#4108),.UNSPECIFIED.,.F.,.F.,
(2,2),(-0.003,0.),.UNSPECIFIED.);
#2133=B_SPLINE_CURVE_WITH_KNOTS('',1,(#4109,#4110),.UNSPECIFIED.,.F.,.F.,
(2,2),(-0.003,0.),.UNSPECIFIED.);
#2134=B_SPLINE_CURVE_WITH_KNOTS('',1,(#4111,#4112),.UNSPECIFIED.,.F.,.F.,
(2,2),(-0.003,0.),.UNSPECIFIED.);
#2135=B_SPLINE_CURVE_WITH_KNOTS('',1,(#4113,#4114),.UNSPECIFIED.,.F.,.F.,
(2,2),(0.,0.003),.UNSPECIFIED.);
#2136=B_SPLINE_CURVE_WITH_KNOTS('',1,(#4115,#4116),.UNSPECIFIED.,.F.,.F.,
(2,2),(0.,0.003),.UNSPECIFIED.);
#2137=B_SPLINE_CURVE_WITH_KNOTS('',1,(#4117,#4118),.UNSPECIFIED.,.F.,.F.,
(2,2),(-0.00212099999999998,0.),.UNSPECIFIED.);
#2138=B_SPLINE_CURVE_WITH_KNOTS('',1,(#4119,#4120),.UNSPECIFIED.,.F.,.F.,
(2,2),(0.,0.0322),.UNSPECIFIED.);
#2139=B_SPLINE_CURVE_WITH_KNOTS('',1,(#4121,#4122),.UNSPECIFIED.,.F.,.F.,
(2,2),(0.,0.00212099999999998),.UNSPECIFIED.);
#2140=B_SPLINE_CURVE_WITH_KNOTS('',1,(#4123,#4124),.UNSPECIFIED.,.F.,.F.,
(2,2),(-0.0322,0.),.UNSPECIFIED.);
#2141=B_SPLINE_CURVE_WITH_KNOTS('',1,(#4125,#4126),.UNSPECIFIED.,.F.,.F.,
(2,2),(-0.003,0.),.UNSPECIFIED.);
#2142=B_SPLINE_CURVE_WITH_KNOTS('',1,(#4127,#4128),.UNSPECIFIED.,.F.,.F.,
(2,2),(0.,0.003),.UNSPECIFIED.);
#2143=B_SPLINE_CURVE_WITH_KNOTS('',1,(#4129,#4130),.UNSPECIFIED.,.F.,.F.,
(2,2),(0.,0.003),.UNSPECIFIED.);
#2144=B_SPLINE_CURVE_WITH_KNOTS('',1,(#4131,#4132),.UNSPECIFIED.,.F.,.F.,
(2,2),(-0.003,0.),.UNSPECIFIED.);
#2145=B_SPLINE_CURVE_WITH_KNOTS('',1,(#4133,#4134),.UNSPECIFIED.,.F.,.F.,
(2,2),(-0.003,0.),.UNSPECIFIED.);
#2146=B_SPLINE_CURVE_WITH_KNOTS('',1,(#4135,#4136),.UNSPECIFIED.,.F.,.F.,
(2,2),(-0.003,0.),.UNSPECIFIED.);
#2147=B_SPLINE_CURVE_WITH_KNOTS('',1,(#4137,#4138),.UNSPECIFIED.,.F.,.F.,
(2,2),(0.,0.003),.UNSPECIFIED.);
#2148=B_SPLINE_CURVE_WITH_KNOTS('',1,(#4139,#4140),.UNSPECIFIED.,.F.,.F.,
(2,2),(0.,0.003),.UNSPECIFIED.);
#2149=B_SPLINE_CURVE_WITH_KNOTS('',1,(#4141,#4142),.UNSPECIFIED.,.F.,.F.,
(2,2),(-0.00212099999999998,0.),.UNSPECIFIED.);
#2150=B_SPLINE_CURVE_WITH_KNOTS('',1,(#4143,#4144),.UNSPECIFIED.,.F.,.F.,
(2,2),(0.,0.0322),.UNSPECIFIED.);
#2151=B_SPLINE_CURVE_WITH_KNOTS('',1,(#4145,#4146),.UNSPECIFIED.,.F.,.F.,
(2,2),(0.,0.00212099999999998),.UNSPECIFIED.);
#2152=B_SPLINE_CURVE_WITH_KNOTS('',1,(#4147,#4148),.UNSPECIFIED.,.F.,.F.,
(2,2),(-0.0322,0.),.UNSPECIFIED.);
#2153=B_SPLINE_CURVE_WITH_KNOTS('',1,(#4149,#4150),.UNSPECIFIED.,.F.,.F.,
(2,2),(-0.003,0.),.UNSPECIFIED.);
#2154=B_SPLINE_CURVE_WITH_KNOTS('',1,(#4151,#4152),.UNSPECIFIED.,.F.,.F.,
(2,2),(0.,0.003),.UNSPECIFIED.);
#2155=B_SPLINE_CURVE_WITH_KNOTS('',1,(#4153,#4154),.UNSPECIFIED.,.F.,.F.,
(2,2),(0.,0.003),.UNSPECIFIED.);
#2156=B_SPLINE_CURVE_WITH_KNOTS('',1,(#4155,#4156),.UNSPECIFIED.,.F.,.F.,
(2,2),(-0.003,0.),.UNSPECIFIED.);
#2157=B_SPLINE_CURVE_WITH_KNOTS('',1,(#4157,#4158),.UNSPECIFIED.,.F.,.F.,
(2,2),(-0.003,0.),.UNSPECIFIED.);
#2158=B_SPLINE_CURVE_WITH_KNOTS('',1,(#4159,#4160),.UNSPECIFIED.,.F.,.F.,
(2,2),(0.,0.003),.UNSPECIFIED.);
#2159=B_SPLINE_CURVE_WITH_KNOTS('',1,(#4161,#4162),.UNSPECIFIED.,.F.,.F.,
(2,2),(0.,0.00212099999999998),.UNSPECIFIED.);
#2160=B_SPLINE_CURVE_WITH_KNOTS('',1,(#4163,#4164),.UNSPECIFIED.,.F.,.F.,
(2,2),(0.,0.00212099999999998),.UNSPECIFIED.);
#2161=B_SPLINE_CURVE_WITH_KNOTS('',1,(#4165,#4166),.UNSPECIFIED.,.F.,.F.,
(2,2),(-0.003,0.),.UNSPECIFIED.);
#2162=B_SPLINE_CURVE_WITH_KNOTS('',1,(#4167,#4168),.UNSPECIFIED.,.F.,.F.,
(2,2),(-0.003,0.),.UNSPECIFIED.);
#2163=B_SPLINE_CURVE_WITH_KNOTS('',1,(#4169,#4170),.UNSPECIFIED.,.F.,.F.,
(2,2),(0.,0.003),.UNSPECIFIED.);
#2164=B_SPLINE_CURVE_WITH_KNOTS('',1,(#4171,#4172),.UNSPECIFIED.,.F.,.F.,
(2,2),(0.,0.0153643181644258),.UNSPECIFIED.);
#2165=B_SPLINE_CURVE_WITH_KNOTS('',1,(#4173,#4174),.UNSPECIFIED.,.F.,.F.,
(2,2),(0.,0.0153643181644258),.UNSPECIFIED.);
#2166=B_SPLINE_CURVE_WITH_KNOTS('',1,(#4175,#4176),.UNSPECIFIED.,.F.,.F.,
(2,2),(-0.003,0.),.UNSPECIFIED.);
#2167=B_SPLINE_CURVE_WITH_KNOTS('',1,(#4177,#4178),.UNSPECIFIED.,.F.,.F.,
(2,2),(0.,0.003),.UNSPECIFIED.);
#2168=B_SPLINE_CURVE_WITH_KNOTS('',1,(#4179,#4180),.UNSPECIFIED.,.F.,.F.,
(2,2),(0.,0.00212099999999998),.UNSPECIFIED.);
#2169=B_SPLINE_CURVE_WITH_KNOTS('',1,(#4181,#4182),.UNSPECIFIED.,.F.,.F.,
(2,2),(0.,0.00212099999999998),.UNSPECIFIED.);
#2170=B_SPLINE_CURVE_WITH_KNOTS('',1,(#4183,#4184),.UNSPECIFIED.,.F.,.F.,
(2,2),(-0.003,0.),.UNSPECIFIED.);
#2171=B_SPLINE_CURVE_WITH_KNOTS('',1,(#4185,#4186),.UNSPECIFIED.,.F.,.F.,
(2,2),(-0.003,0.),.UNSPECIFIED.);
#2172=B_SPLINE_CURVE_WITH_KNOTS('',1,(#4187,#4188),.UNSPECIFIED.,.F.,.F.,
(2,2),(0.,0.003),.UNSPECIFIED.);
#2173=B_SPLINE_CURVE_WITH_KNOTS('',1,(#4189,#4190),.UNSPECIFIED.,.F.,.F.,
(2,2),(0.,0.0153643181644258),.UNSPECIFIED.);
#2174=B_SPLINE_CURVE_WITH_KNOTS('',1,(#4191,#4192),.UNSPECIFIED.,.F.,.F.,
(2,2),(0.,0.0153643181644258),.UNSPECIFIED.);
#2175=B_SPLINE_CURVE_WITH_KNOTS('',1,(#4193,#4194),.UNSPECIFIED.,.F.,.F.,
(2,2),(-0.003,0.),.UNSPECIFIED.);
#2176=B_SPLINE_CURVE_WITH_KNOTS('',1,(#4195,#4196),.UNSPECIFIED.,.F.,.F.,
(2,2),(0.,0.003),.UNSPECIFIED.);
#2177=B_SPLINE_CURVE_WITH_KNOTS('',1,(#4197,#4198),.UNSPECIFIED.,.F.,.F.,
(2,2),(-0.003,0.),.UNSPECIFIED.);
#2178=B_SPLINE_CURVE_WITH_KNOTS('',1,(#4199,#4200),.UNSPECIFIED.,.F.,.F.,
(2,2),(-0.003,0.),.UNSPECIFIED.);
#2179=B_SPLINE_CURVE_WITH_KNOTS('',1,(#4201,#4202),.UNSPECIFIED.,.F.,.F.,
(2,2),(0.,0.0021209999999999),.UNSPECIFIED.);
#2180=B_SPLINE_CURVE_WITH_KNOTS('',1,(#4203,#4204),.UNSPECIFIED.,.F.,.F.,
(2,2),(0.,0.00212099999999998),.UNSPECIFIED.);
#2181=B_SPLINE_CURVE_WITH_KNOTS('',1,(#4205,#4206),.UNSPECIFIED.,.F.,.F.,
(2,2),(-0.003,0.),.UNSPECIFIED.);
#2182=B_SPLINE_CURVE_WITH_KNOTS('',1,(#4207,#4208),.UNSPECIFIED.,.F.,.F.,
(2,2),(0.,0.003),.UNSPECIFIED.);
#2183=B_SPLINE_CURVE_WITH_KNOTS('',1,(#4209,#4210),.UNSPECIFIED.,.F.,.F.,
(2,2),(-0.003,0.),.UNSPECIFIED.);
#2184=B_SPLINE_CURVE_WITH_KNOTS('',1,(#4211,#4212),.UNSPECIFIED.,.F.,.F.,
(2,2),(-0.003,0.),.UNSPECIFIED.);
#2185=B_SPLINE_CURVE_WITH_KNOTS('',1,(#4213,#4214),.UNSPECIFIED.,.F.,.F.,
(2,2),(0.,0.0153643181644258),.UNSPECIFIED.);
#2186=B_SPLINE_CURVE_WITH_KNOTS('',1,(#4215,#4216),.UNSPECIFIED.,.F.,.F.,
(2,2),(0.,0.0153643181644258),.UNSPECIFIED.);
#2187=B_SPLINE_CURVE_WITH_KNOTS('',1,(#4217,#4218),.UNSPECIFIED.,.F.,.F.,
(2,2),(-0.003,0.),.UNSPECIFIED.);
#2188=B_SPLINE_CURVE_WITH_KNOTS('',1,(#4219,#4220),.UNSPECIFIED.,.F.,.F.,
(2,2),(0.,0.003),.UNSPECIFIED.);
#2189=B_SPLINE_CURVE_WITH_KNOTS('',1,(#4221,#4222),.UNSPECIFIED.,.F.,.F.,
(2,2),(-0.003,0.),.UNSPECIFIED.);
#2190=B_SPLINE_CURVE_WITH_KNOTS('',1,(#4223,#4224),.UNSPECIFIED.,.F.,.F.,
(2,2),(-0.003,0.),.UNSPECIFIED.);
#2191=B_SPLINE_CURVE_WITH_KNOTS('',1,(#4225,#4226),.UNSPECIFIED.,.F.,.F.,
(2,2),(0.,0.00212099999999998),.UNSPECIFIED.);
#2192=B_SPLINE_CURVE_WITH_KNOTS('',1,(#4227,#4228),.UNSPECIFIED.,.F.,.F.,
(2,2),(0.,0.00212099999999998),.UNSPECIFIED.);
#2193=B_SPLINE_CURVE_WITH_KNOTS('',1,(#4229,#4230),.UNSPECIFIED.,.F.,.F.,
(2,2),(-0.003,0.),.UNSPECIFIED.);
#2194=B_SPLINE_CURVE_WITH_KNOTS('',1,(#4231,#4232),.UNSPECIFIED.,.F.,.F.,
(2,2),(0.,0.003),.UNSPECIFIED.);
#2195=B_SPLINE_CURVE_WITH_KNOTS('',1,(#4233,#4234),.UNSPECIFIED.,.F.,.F.,
(2,2),(-0.003,0.),.UNSPECIFIED.);
#2196=B_SPLINE_CURVE_WITH_KNOTS('',1,(#4235,#4236),.UNSPECIFIED.,.F.,.F.,
(2,2),(-0.003,0.),.UNSPECIFIED.);
#2197=B_SPLINE_CURVE_WITH_KNOTS('',1,(#4237,#4238),.UNSPECIFIED.,.F.,.F.,
(2,2),(0.,0.0153643181644258),.UNSPECIFIED.);
#2198=B_SPLINE_CURVE_WITH_KNOTS('',1,(#4239,#4240),.UNSPECIFIED.,.F.,.F.,
(2,2),(0.,0.0153643181644258),.UNSPECIFIED.);
#2199=B_SPLINE_CURVE_WITH_KNOTS('',1,(#4241,#4242),.UNSPECIFIED.,.F.,.F.,
(2,2),(0.,0.000900000000000005),.UNSPECIFIED.);
#2200=B_SPLINE_CURVE_WITH_KNOTS('',1,(#4243,#4244),.UNSPECIFIED.,.F.,.F.,
(2,2),(-0.0030715728752538,0.),.UNSPECIFIED.);
#2201=B_SPLINE_CURVE_WITH_KNOTS('',1,(#4245,#4246),.UNSPECIFIED.,.F.,.F.,
(2,2),(-0.008,0.),.UNSPECIFIED.);
#2202=B_SPLINE_CURVE_WITH_KNOTS('',1,(#4247,#4248),.UNSPECIFIED.,.F.,.F.,
(2,2),(-0.000100000000000003,0.),.UNSPECIFIED.);
#2203=B_SPLINE_CURVE_WITH_KNOTS('',1,(#4249,#4250),.UNSPECIFIED.,.F.,.F.,
(2,2),(0.,0.000100000000000003),.UNSPECIFIED.);
#2204=B_SPLINE_CURVE_WITH_KNOTS('',1,(#4251,#4252),.UNSPECIFIED.,.F.,.F.,
(2,2),(0.,0.008),.UNSPECIFIED.);
#2205=B_SPLINE_CURVE_WITH_KNOTS('',1,(#4253,#4254),.UNSPECIFIED.,.F.,.F.,
(2,2),(-0.005,0.),.UNSPECIFIED.);
#2206=B_SPLINE_CURVE_WITH_KNOTS('',1,(#4255,#4256),.UNSPECIFIED.,.F.,.F.,
(2,2),(0.,0.002),.UNSPECIFIED.);
#2207=B_SPLINE_CURVE_WITH_KNOTS('',1,(#4257,#4258),.UNSPECIFIED.,.F.,.F.,
(2,2),(-0.002,0.),.UNSPECIFIED.);
#2208=B_SPLINE_CURVE_WITH_KNOTS('',1,(#4259,#4260),.UNSPECIFIED.,.F.,.F.,
(2,2),(-0.005,0.),.UNSPECIFIED.);
#2209=B_SPLINE_CURVE_WITH_KNOTS('',1,(#4261,#4262),.UNSPECIFIED.,.F.,.F.,
(2,2),(0.,0.002),.UNSPECIFIED.);
#2210=B_SPLINE_CURVE_WITH_KNOTS('',1,(#4263,#4264),.UNSPECIFIED.,.F.,.F.,
(2,2),(-0.002,0.),.UNSPECIFIED.);
#2211=B_SPLINE_CURVE_WITH_KNOTS('',1,(#4265,#4266),.UNSPECIFIED.,.F.,.F.,
(2,2),(0.,0.005),.UNSPECIFIED.);
#2212=B_SPLINE_CURVE_WITH_KNOTS('',1,(#4267,#4268),.UNSPECIFIED.,.F.,.F.,
(2,2),(0.,0.002),.UNSPECIFIED.);
#2213=B_SPLINE_CURVE_WITH_KNOTS('',1,(#4269,#4270),.UNSPECIFIED.,.F.,.F.,
(2,2),(-0.002,0.),.UNSPECIFIED.);
#2214=B_SPLINE_CURVE_WITH_KNOTS('',1,(#4271,#4272),.UNSPECIFIED.,.F.,.F.,
(2,2),(0.,0.005),.UNSPECIFIED.);
#2215=B_SPLINE_CURVE_WITH_KNOTS('',1,(#4273,#4274),.UNSPECIFIED.,.F.,.F.,
(2,2),(0.,0.003),.UNSPECIFIED.);
#2216=B_SPLINE_CURVE_WITH_KNOTS('',1,(#4275,#4276),.UNSPECIFIED.,.F.,.F.,
(2,2),(-0.003,0.),.UNSPECIFIED.);
#2217=B_SPLINE_CURVE_WITH_KNOTS('',1,(#4277,#4278),.UNSPECIFIED.,.F.,.F.,
(2,2),(-0.003,0.),.UNSPECIFIED.);
#2218=B_SPLINE_CURVE_WITH_KNOTS('',1,(#4279,#4280),.UNSPECIFIED.,.F.,.F.,
(2,2),(0.,0.003),.UNSPECIFIED.);
#2219=B_SPLINE_CURVE_WITH_KNOTS('',1,(#4281,#4282),.UNSPECIFIED.,.F.,.F.,
(2,2),(-0.003,0.),.UNSPECIFIED.);
#2220=B_SPLINE_CURVE_WITH_KNOTS('',1,(#4283,#4284),.UNSPECIFIED.,.F.,.F.,
(2,2),(-0.003,0.),.UNSPECIFIED.);
#2221=B_SPLINE_CURVE_WITH_KNOTS('',1,(#4285,#4286),.UNSPECIFIED.,.F.,.F.,
(2,2),(-0.008,0.),.UNSPECIFIED.);
#2222=B_SPLINE_CURVE_WITH_KNOTS('',1,(#4287,#4288),.UNSPECIFIED.,.F.,.F.,
(2,2),(-0.00242487113059643,0.),.UNSPECIFIED.);
#2223=B_SPLINE_CURVE_WITH_KNOTS('',1,(#4289,#4290),.UNSPECIFIED.,.F.,.F.,
(2,2),(0.,0.005),.UNSPECIFIED.);
#2224=B_SPLINE_CURVE_WITH_KNOTS('',1,(#4291,#4292),.UNSPECIFIED.,.F.,.F.,
(2,2),(0.,0.006),.UNSPECIFIED.);
#2225=B_SPLINE_CURVE_WITH_KNOTS('',1,(#4293,#4294),.UNSPECIFIED.,.F.,.F.,
(2,2),(-0.0179715728752538,0.),.UNSPECIFIED.);
#2226=B_SPLINE_CURVE_WITH_KNOTS('',1,(#4295,#4296),.UNSPECIFIED.,.F.,.F.,
(2,2),(0.,0.0159715728752538),.UNSPECIFIED.);
#2227=B_SPLINE_CURVE_WITH_KNOTS('',1,(#4297,#4298),.UNSPECIFIED.,.F.,.F.,
(2,2),(-0.000900000000000005,0.),.UNSPECIFIED.);
#2228=B_SPLINE_CURVE_WITH_KNOTS('',1,(#4299,#4300),.UNSPECIFIED.,.F.,.F.,
(2,2),(-0.002,0.),.UNSPECIFIED.);
#2229=B_SPLINE_CURVE_WITH_KNOTS('',1,(#4301,#4302),.UNSPECIFIED.,.F.,.F.,
(2,2),(0.,0.0030715728752538),.UNSPECIFIED.);
#2230=B_SPLINE_CURVE_WITH_KNOTS('',1,(#4303,#4304),.UNSPECIFIED.,.F.,.F.,
(2,2),(0.,0.005),.UNSPECIFIED.);
#2231=B_SPLINE_CURVE_WITH_KNOTS('',1,(#4305,#4306),.UNSPECIFIED.,.F.,.F.,
(2,2),(0.,0.008),.UNSPECIFIED.);
#2232=B_SPLINE_CURVE_WITH_KNOTS('',1,(#4307,#4308),.UNSPECIFIED.,.F.,.F.,
(2,2),(-0.005,0.),.UNSPECIFIED.);
#2233=B_SPLINE_CURVE_WITH_KNOTS('',1,(#4309,#4310),.UNSPECIFIED.,.F.,.F.,
(2,2),(-0.0081,0.),.UNSPECIFIED.);
#2234=B_SPLINE_CURVE_WITH_KNOTS('',1,(#4311,#4312),.UNSPECIFIED.,.F.,.F.,
(2,2),(-0.000100000000000003,0.),.UNSPECIFIED.);
#2235=B_SPLINE_CURVE_WITH_KNOTS('',1,(#4313,#4314),.UNSPECIFIED.,.F.,.F.,
(2,2),(-0.0069,0.),.UNSPECIFIED.);
#2236=B_SPLINE_CURVE_WITH_KNOTS('',1,(#4315,#4316),.UNSPECIFIED.,.F.,.F.,
(2,2),(0.,0.00282842712474619),.UNSPECIFIED.);
#2237=B_SPLINE_CURVE_WITH_KNOTS('',1,(#4317,#4318),.UNSPECIFIED.,.F.,.F.,
(2,2),(0.,0.00329089653438086),.UNSPECIFIED.);
#2238=B_SPLINE_CURVE_WITH_KNOTS('',1,(#4319,#4320),.UNSPECIFIED.,.F.,.F.,
(2,2),(-0.000141421356237311,0.),.UNSPECIFIED.);
#2239=B_SPLINE_CURVE_WITH_KNOTS('',1,(#4321,#4322),.UNSPECIFIED.,.F.,.F.,
(2,2),(0.,0.005),.UNSPECIFIED.);
#2240=B_SPLINE_CURVE_WITH_KNOTS('',1,(#4335,#4336),.UNSPECIFIED.,.F.,.F.,
(2,2),(0.0015,0.0045),.UNSPECIFIED.);
#2241=B_SPLINE_CURVE_WITH_KNOTS('',1,(#4343,#4344),.UNSPECIFIED.,.F.,.F.,
(2,2),(0.,0.005),.UNSPECIFIED.);
#2242=B_SPLINE_CURVE_WITH_KNOTS('',1,(#4345,#4346),.UNSPECIFIED.,.F.,.F.,
(2,2),(0.,0.005),.UNSPECIFIED.);
#2243=B_SPLINE_CURVE_WITH_KNOTS('',1,(#4347,#4348),.UNSPECIFIED.,.F.,.F.,
(2,2),(0.,0.005),.UNSPECIFIED.);
#2244=B_SPLINE_CURVE_WITH_KNOTS('',1,(#4349,#4350),.UNSPECIFIED.,.F.,.F.,
(2,2),(-0.0049,0.),.UNSPECIFIED.);
#2245=B_SPLINE_CURVE_WITH_KNOTS('',1,(#4363,#4364),.UNSPECIFIED.,.F.,.F.,
(2,2),(0.002,0.01),.UNSPECIFIED.);
#2246=B_SPLINE_CURVE_WITH_KNOTS('',1,(#4371,#4372),.UNSPECIFIED.,.F.,.F.,
(2,2),(-0.00282842712474619,0.),.UNSPECIFIED.);
#2247=B_SPLINE_CURVE_WITH_KNOTS('',1,(#4373,#4374),.UNSPECIFIED.,.F.,.F.,
(2,2),(0.,0.00282842712474619),.UNSPECIFIED.);
#2248=B_SPLINE_CURVE_WITH_KNOTS('',1,(#4375,#4376),.UNSPECIFIED.,.F.,.F.,
(2,2),(0.,0.00282842712474619),.UNSPECIFIED.);
#2249=B_SPLINE_CURVE_WITH_KNOTS('',1,(#4377,#4378),.UNSPECIFIED.,.F.,.F.,
(2,2),(-0.00346410161513776,0.),.UNSPECIFIED.);
#2250=B_SPLINE_CURVE_WITH_KNOTS('',1,(#4379,#4380),.UNSPECIFIED.,.F.,.F.,
(2,2),(-0.000141421356237312,0.),.UNSPECIFIED.);
#2251=B_SPLINE_CURVE_WITH_KNOTS('',1,(#4381,#4382),.UNSPECIFIED.,.F.,.F.,
(2,2),(0.,0.00424264068711929),.UNSPECIFIED.);
#2252=B_SPLINE_CURVE_WITH_KNOTS('',1,(#4383,#4384),.UNSPECIFIED.,.F.,.F.,
(2,2),(-0.003,0.),.UNSPECIFIED.);
#2253=B_SPLINE_CURVE_WITH_KNOTS('',1,(#4385,#4386),.UNSPECIFIED.,.F.,.F.,
(2,2),(-0.008,0.),.UNSPECIFIED.);
#2254=B_SPLINE_CURVE_WITH_KNOTS('',1,(#4387,#4388),.UNSPECIFIED.,.F.,.F.,
(2,2),(0.,0.00242487113059643),.UNSPECIFIED.);
#2255=B_SPLINE_CURVE_WITH_KNOTS('',1,(#4389,#4390),.UNSPECIFIED.,.F.,.F.,
(2,2),(0.,0.005),.UNSPECIFIED.);
#2256=B_SPLINE_CURVE_WITH_KNOTS('',1,(#4391,#4392),.UNSPECIFIED.,.F.,.F.,
(2,2),(0.,0.006),.UNSPECIFIED.);
#2257=B_SPLINE_CURVE_WITH_KNOTS('',1,(#4393,#4394),.UNSPECIFIED.,.F.,.F.,
(2,2),(-0.0159715728752538,0.),.UNSPECIFIED.);
#2258=B_SPLINE_CURVE_WITH_KNOTS('',1,(#4395,#4396),.UNSPECIFIED.,.F.,.F.,
(2,2),(0.,0.0179715728752538),.UNSPECIFIED.);
#2259=B_SPLINE_CURVE_WITH_KNOTS('',1,(#4397,#4398),.UNSPECIFIED.,.F.,.F.,
(2,2),(0.,0.000900000000000005),.UNSPECIFIED.);
#2260=B_SPLINE_CURVE_WITH_KNOTS('',1,(#4399,#4400),.UNSPECIFIED.,.F.,.F.,
(2,2),(0.,0.002),.UNSPECIFIED.);
#2261=B_SPLINE_CURVE_WITH_KNOTS('',1,(#4401,#4402),.UNSPECIFIED.,.F.,.F.,
(2,2),(0.,0.0030715728752538),.UNSPECIFIED.);
#2262=B_SPLINE_CURVE_WITH_KNOTS('',1,(#4403,#4404),.UNSPECIFIED.,.F.,.F.,
(2,2),(-0.000100000000000003,0.),.UNSPECIFIED.);
#2263=B_SPLINE_CURVE_WITH_KNOTS('',1,(#4405,#4406),.UNSPECIFIED.,.F.,.F.,
(2,2),(0.,0.0081),.UNSPECIFIED.);
#2264=B_SPLINE_CURVE_WITH_KNOTS('',1,(#4407,#4408),.UNSPECIFIED.,.F.,.F.,
(2,2),(0.,0.008),.UNSPECIFIED.);
#2265=B_SPLINE_CURVE_WITH_KNOTS('',1,(#4409,#4410),.UNSPECIFIED.,.F.,.F.,
(2,2),(-0.005,0.),.UNSPECIFIED.);
#2266=B_SPLINE_CURVE_WITH_KNOTS('',1,(#4411,#4412),.UNSPECIFIED.,.F.,.F.,
(2,2),(-0.005,0.),.UNSPECIFIED.);
#2267=B_SPLINE_CURVE_WITH_KNOTS('',1,(#4413,#4414),.UNSPECIFIED.,.F.,.F.,
(2,2),(-0.0069,0.),.UNSPECIFIED.);
#2268=B_SPLINE_CURVE_WITH_KNOTS('',1,(#4415,#4416),.UNSPECIFIED.,.F.,.F.,
(2,2),(-0.00282842712474619,0.),.UNSPECIFIED.);
#2269=B_SPLINE_CURVE_WITH_KNOTS('',1,(#4417,#4418),.UNSPECIFIED.,.F.,.F.,
(2,2),(-0.000141421356237311,0.),.UNSPECIFIED.);
#2270=B_SPLINE_CURVE_WITH_KNOTS('',1,(#4419,#4420),.UNSPECIFIED.,.F.,.F.,
(2,2),(-0.00329089653438086,0.),.UNSPECIFIED.);
#2271=B_SPLINE_CURVE_WITH_KNOTS('',1,(#4421,#4422),.UNSPECIFIED.,.F.,.F.,
(2,2),(0.,0.005),.UNSPECIFIED.);
#2272=B_SPLINE_CURVE_WITH_KNOTS('',1,(#4435,#4436),.UNSPECIFIED.,.F.,.F.,
(2,2),(0.0015,0.0045),.UNSPECIFIED.);
#2273=B_SPLINE_CURVE_WITH_KNOTS('',1,(#4443,#4444),.UNSPECIFIED.,.F.,.F.,
(2,2),(0.,0.005),.UNSPECIFIED.);
#2274=B_SPLINE_CURVE_WITH_KNOTS('',1,(#4445,#4446),.UNSPECIFIED.,.F.,.F.,
(2,2),(-0.005,0.),.UNSPECIFIED.);
#2275=B_SPLINE_CURVE_WITH_KNOTS('',1,(#4447,#4448),.UNSPECIFIED.,.F.,.F.,
(2,2),(0.,0.005),.UNSPECIFIED.);
#2276=B_SPLINE_CURVE_WITH_KNOTS('',1,(#4449,#4450),.UNSPECIFIED.,.F.,.F.,
(2,2),(0.,0.0049),.UNSPECIFIED.);
#2277=B_SPLINE_CURVE_WITH_KNOTS('',1,(#4463,#4464),.UNSPECIFIED.,.F.,.F.,
(2,2),(0.002,0.01),.UNSPECIFIED.);
#2278=B_SPLINE_CURVE_WITH_KNOTS('',1,(#4471,#4472),.UNSPECIFIED.,.F.,.F.,
(2,2),(-0.00282842712474619,0.),.UNSPECIFIED.);
#2279=B_SPLINE_CURVE_WITH_KNOTS('',1,(#4473,#4474),.UNSPECIFIED.,.F.,.F.,
(2,2),(0.,0.00282842712474619),.UNSPECIFIED.);
#2280=B_SPLINE_CURVE_WITH_KNOTS('',1,(#4475,#4476),.UNSPECIFIED.,.F.,.F.,
(2,2),(0.,0.00282842712474619),.UNSPECIFIED.);
#2281=B_SPLINE_CURVE_WITH_KNOTS('',1,(#4477,#4478),.UNSPECIFIED.,.F.,.F.,
(2,2),(0.,0.00346410161513776),.UNSPECIFIED.);
#2282=B_SPLINE_CURVE_WITH_KNOTS('',1,(#4479,#4480),.UNSPECIFIED.,.F.,.F.,
(2,2),(0.,0.000141421356237312),.UNSPECIFIED.);
#2283=B_SPLINE_CURVE_WITH_KNOTS('',1,(#4481,#4482),.UNSPECIFIED.,.F.,.F.,
(2,2),(0.0015,0.0045),.UNSPECIFIED.);
#2284=B_SPLINE_CURVE_WITH_KNOTS('',1,(#4489,#4490),.UNSPECIFIED.,.F.,.F.,
(2,2),(0.002,0.01),.UNSPECIFIED.);
#2285=B_SPLINE_CURVE_WITH_KNOTS('',1,(#4497,#4498),.UNSPECIFIED.,.F.,.F.,
(2,2),(0.0015,0.0045),.UNSPECIFIED.);
#2286=B_SPLINE_CURVE_WITH_KNOTS('',1,(#4505,#4506),.UNSPECIFIED.,.F.,.F.,
(2,2),(0.002,0.01),.UNSPECIFIED.);
#2287=VERTEX_POINT('',#3277);
#2288=VERTEX_POINT('',#3278);
#2289=VERTEX_POINT('',#3279);
#2290=VERTEX_POINT('',#3280);
#2291=VERTEX_POINT('',#3281);
#2292=VERTEX_POINT('',#3282);
#2293=VERTEX_POINT('',#3283);
#2294=VERTEX_POINT('',#3284);
#2295=VERTEX_POINT('',#3285);
#2296=VERTEX_POINT('',#3286);
#2297=VERTEX_POINT('',#3287);
#2298=VERTEX_POINT('',#3288);
#2299=VERTEX_POINT('',#3289);
#2300=VERTEX_POINT('',#3290);
#2301=VERTEX_POINT('',#3291);
#2302=VERTEX_POINT('',#3292);
#2303=VERTEX_POINT('',#3293);
#2304=VERTEX_POINT('',#3294);
#2305=VERTEX_POINT('',#3295);
#2306=VERTEX_POINT('',#3296);
#2307=VERTEX_POINT('',#3297);
#2308=VERTEX_POINT('',#3298);
#2309=VERTEX_POINT('',#3299);
#2310=VERTEX_POINT('',#3300);
#2311=VERTEX_POINT('',#3301);
#2312=VERTEX_POINT('',#3302);
#2313=VERTEX_POINT('',#3303);
#2314=VERTEX_POINT('',#3304);
#2315=VERTEX_POINT('',#3305);
#2316=VERTEX_POINT('',#3306);
#2317=VERTEX_POINT('',#3307);
#2318=VERTEX_POINT('',#3308);
#2319=VERTEX_POINT('',#3309);
#2320=VERTEX_POINT('',#3310);
#2321=VERTEX_POINT('',#3311);
#2322=VERTEX_POINT('',#3312);
#2323=VERTEX_POINT('',#3313);
#2324=VERTEX_POINT('',#3314);
#2325=VERTEX_POINT('',#3315);
#2326=VERTEX_POINT('',#3316);
#2327=VERTEX_POINT('',#3317);
#2328=VERTEX_POINT('',#3318);
#2329=VERTEX_POINT('',#3319);
#2330=VERTEX_POINT('',#3320);
#2331=VERTEX_POINT('',#3321);
#2332=VERTEX_POINT('',#3322);
#2333=VERTEX_POINT('',#3323);
#2334=VERTEX_POINT('',#3324);
#2335=VERTEX_POINT('',#3325);
#2336=VERTEX_POINT('',#3326);
#2337=VERTEX_POINT('',#3327);
#2338=VERTEX_POINT('',#3328);
#2339=VERTEX_POINT('',#3329);
#2340=VERTEX_POINT('',#3330);
#2341=VERTEX_POINT('',#3331);
#2342=VERTEX_POINT('',#3332);
#2343=VERTEX_POINT('',#3333);
#2344=VERTEX_POINT('',#3334);
#2345=VERTEX_POINT('',#3335);
#2346=VERTEX_POINT('',#3336);
#2347=VERTEX_POINT('',#3337);
#2348=VERTEX_POINT('',#3338);
#2349=VERTEX_POINT('',#3339);
#2350=VERTEX_POINT('',#3340);
#2351=VERTEX_POINT('',#3341);
#2352=VERTEX_POINT('',#3342);
#2353=VERTEX_POINT('',#3343);
#2354=VERTEX_POINT('',#3344);
#2355=VERTEX_POINT('',#3345);
#2356=VERTEX_POINT('',#3346);
#2357=VERTEX_POINT('',#3347);
#2358=VERTEX_POINT('',#3348);
#2359=VERTEX_POINT('',#3349);
#2360=VERTEX_POINT('',#3350);
#2361=VERTEX_POINT('',#3351);
#2362=VERTEX_POINT('',#3352);
#2363=VERTEX_POINT('',#3353);
#2364=VERTEX_POINT('',#3354);
#2365=VERTEX_POINT('',#3355);
#2366=VERTEX_POINT('',#3356);
#2367=VERTEX_POINT('',#3357);
#2368=VERTEX_POINT('',#3358);
#2369=VERTEX_POINT('',#3359);
#2370=VERTEX_POINT('',#3360);
#2371=VERTEX_POINT('',#3361);
#2372=VERTEX_POINT('',#3362);
#2373=VERTEX_POINT('',#3363);
#2374=VERTEX_POINT('',#3364);
#2375=VERTEX_POINT('',#3365);
#2376=VERTEX_POINT('',#3366);
#2377=VERTEX_POINT('',#3367);
#2378=VERTEX_POINT('',#3368);
#2379=VERTEX_POINT('',#3369);
#2380=VERTEX_POINT('',#3370);
#2381=VERTEX_POINT('',#3371);
#2382=VERTEX_POINT('',#3372);
#2383=VERTEX_POINT('',#3373);
#2384=VERTEX_POINT('',#3374);
#2385=VERTEX_POINT('',#3375);
#2386=VERTEX_POINT('',#3376);
#2387=VERTEX_POINT('',#3377);
#2388=VERTEX_POINT('',#3378);
#2389=VERTEX_POINT('',#3379);
#2390=VERTEX_POINT('',#3380);
#2391=VERTEX_POINT('',#3381);
#2392=VERTEX_POINT('',#3382);
#2393=VERTEX_POINT('',#3383);
#2394=VERTEX_POINT('',#3384);
#2395=VERTEX_POINT('',#3385);
#2396=VERTEX_POINT('',#3386);
#2397=VERTEX_POINT('',#3387);
#2398=VERTEX_POINT('',#3388);
#2399=VERTEX_POINT('',#3389);
#2400=VERTEX_POINT('',#3390);
#2401=VERTEX_POINT('',#3391);
#2402=VERTEX_POINT('',#3392);
#2403=VERTEX_POINT('',#3393);
#2404=VERTEX_POINT('',#3394);
#2405=VERTEX_POINT('',#3395);
#2406=VERTEX_POINT('',#3396);
#2407=VERTEX_POINT('',#3397);
#2408=VERTEX_POINT('',#3398);
#2409=VERTEX_POINT('',#3399);
#2410=VERTEX_POINT('',#3400);
#2411=VERTEX_POINT('',#3401);
#2412=VERTEX_POINT('',#3402);
#2413=VERTEX_POINT('',#3403);
#2414=VERTEX_POINT('',#3404);
#2415=VERTEX_POINT('',#3405);
#2416=VERTEX_POINT('',#3406);
#2417=VERTEX_POINT('',#3407);
#2418=VERTEX_POINT('',#3408);
#2419=VERTEX_POINT('',#3409);
#2420=VERTEX_POINT('',#3410);
#2421=VERTEX_POINT('',#3411);
#2422=VERTEX_POINT('',#3412);
#2423=VERTEX_POINT('',#3413);
#2424=VERTEX_POINT('',#3414);
#2425=VERTEX_POINT('',#3415);
#2426=VERTEX_POINT('',#3416);
#2427=VERTEX_POINT('',#3417);
#2428=VERTEX_POINT('',#3418);
#2429=VERTEX_POINT('',#3419);
#2430=VERTEX_POINT('',#3420);
#2431=VERTEX_POINT('',#3421);
#2432=VERTEX_POINT('',#3422);
#2433=VERTEX_POINT('',#3423);
#2434=VERTEX_POINT('',#3424);
#2435=VERTEX_POINT('',#3425);
#2436=VERTEX_POINT('',#3426);
#2437=VERTEX_POINT('',#3427);
#2438=VERTEX_POINT('',#3428);
#2439=VERTEX_POINT('',#3429);
#2440=VERTEX_POINT('',#3430);
#2441=VERTEX_POINT('',#3431);
#2442=VERTEX_POINT('',#3432);
#2443=VERTEX_POINT('',#3433);
#2444=VERTEX_POINT('',#3434);
#2445=VERTEX_POINT('',#3435);
#2446=VERTEX_POINT('',#3436);
#2447=VERTEX_POINT('',#3437);
#2448=VERTEX_POINT('',#3438);
#2449=VERTEX_POINT('',#3439);
#2450=VERTEX_POINT('',#3440);
#2451=VERTEX_POINT('',#3441);
#2452=VERTEX_POINT('',#3442);
#2453=VERTEX_POINT('',#3443);
#2454=VERTEX_POINT('',#3444);
#2455=VERTEX_POINT('',#3445);
#2456=VERTEX_POINT('',#3446);
#2457=VERTEX_POINT('',#3447);
#2458=VERTEX_POINT('',#3448);
#2459=VERTEX_POINT('',#3449);
#2460=VERTEX_POINT('',#3450);
#2461=VERTEX_POINT('',#3451);
#2462=VERTEX_POINT('',#3452);
#2463=VERTEX_POINT('',#3453);
#2464=VERTEX_POINT('',#3454);
#2465=VERTEX_POINT('',#3455);
#2466=VERTEX_POINT('',#3456);
#2467=VERTEX_POINT('',#3457);
#2468=VERTEX_POINT('',#3458);
#2469=VERTEX_POINT('',#3459);
#2470=VERTEX_POINT('',#3460);
#2471=VERTEX_POINT('',#3461);
#2472=VERTEX_POINT('',#3462);
#2473=VERTEX_POINT('',#3463);
#2474=VERTEX_POINT('',#3464);
#2475=VERTEX_POINT('',#3465);
#2476=VERTEX_POINT('',#3466);
#2477=VERTEX_POINT('',#3467);
#2478=VERTEX_POINT('',#3468);
#2479=VERTEX_POINT('',#3469);
#2480=VERTEX_POINT('',#3470);
#2481=VERTEX_POINT('',#3471);
#2482=VERTEX_POINT('',#3472);
#2483=VERTEX_POINT('',#3473);
#2484=VERTEX_POINT('',#3474);
#2485=VERTEX_POINT('',#3475);
#2486=VERTEX_POINT('',#3476);
#2487=VERTEX_POINT('',#3477);
#2488=VERTEX_POINT('',#3478);
#2489=VERTEX_POINT('',#3479);
#2490=VERTEX_POINT('',#3480);
#2491=VERTEX_POINT('',#3481);
#2492=VERTEX_POINT('',#3482);
#2493=VERTEX_POINT('',#3483);
#2494=VERTEX_POINT('',#3484);
#2495=VERTEX_POINT('',#3485);
#2496=VERTEX_POINT('',#3486);
#2497=VERTEX_POINT('',#3487);
#2498=VERTEX_POINT('',#3488);
#2499=VERTEX_POINT('',#3489);
#2500=VERTEX_POINT('',#3490);
#2501=VERTEX_POINT('',#3491);
#2502=VERTEX_POINT('',#3492);
#2503=VERTEX_POINT('',#3493);
#2504=VERTEX_POINT('',#3494);
#2505=VERTEX_POINT('',#3495);
#2506=VERTEX_POINT('',#3496);
#2507=VERTEX_POINT('',#3497);
#2508=VERTEX_POINT('',#3498);
#2509=VERTEX_POINT('',#3499);
#2510=VERTEX_POINT('',#3500);
#2511=VERTEX_POINT('',#3501);
#2512=VERTEX_POINT('',#3502);
#2513=VERTEX_POINT('',#3503);
#2514=VERTEX_POINT('',#3504);
#2515=VERTEX_POINT('',#3505);
#2516=VERTEX_POINT('',#3506);
#2517=VERTEX_POINT('',#3507);
#2518=VERTEX_POINT('',#3508);
#2519=VERTEX_POINT('',#3509);
#2520=VERTEX_POINT('',#3510);
#2521=VERTEX_POINT('',#3511);
#2522=VERTEX_POINT('',#3512);
#2523=VERTEX_POINT('',#3513);
#2524=VERTEX_POINT('',#3514);
#2525=VERTEX_POINT('',#3515);
#2526=VERTEX_POINT('',#3516);
#2527=VERTEX_POINT('',#3517);
#2528=VERTEX_POINT('',#3518);
#2529=VERTEX_POINT('',#3519);
#2530=VERTEX_POINT('',#3520);
#2531=VERTEX_POINT('',#3521);
#2532=VERTEX_POINT('',#3522);
#2533=VERTEX_POINT('',#3523);
#2534=VERTEX_POINT('',#3524);
#2535=VERTEX_POINT('',#3525);
#2536=VERTEX_POINT('',#3526);
#2537=VERTEX_POINT('',#3527);
#2538=VERTEX_POINT('',#3528);
#2539=VERTEX_POINT('',#3529);
#2540=VERTEX_POINT('',#3530);
#2541=VERTEX_POINT('',#3531);
#2542=VERTEX_POINT('',#3532);
#2543=VERTEX_POINT('',#3533);
#2544=VERTEX_POINT('',#3534);
#2545=VERTEX_POINT('',#3535);
#2546=VERTEX_POINT('',#3536);
#2547=VERTEX_POINT('',#3537);
#2548=VERTEX_POINT('',#3538);
#2549=VERTEX_POINT('',#3539);
#2550=VERTEX_POINT('',#3540);
#2551=VERTEX_POINT('',#3541);
#2552=VERTEX_POINT('',#3542);
#2553=VERTEX_POINT('',#3543);
#2554=VERTEX_POINT('',#3544);
#2555=VERTEX_POINT('',#3545);
#2556=VERTEX_POINT('',#3546);
#2557=VERTEX_POINT('',#3547);
#2558=VERTEX_POINT('',#3548);
#2559=VERTEX_POINT('',#3549);
#2560=VERTEX_POINT('',#3550);
#2561=VERTEX_POINT('',#3551);
#2562=VERTEX_POINT('',#3552);
#2563=VERTEX_POINT('',#3553);
#2564=VERTEX_POINT('',#3554);
#2565=VERTEX_POINT('',#3555);
#2566=VERTEX_POINT('',#3556);
#2567=VERTEX_POINT('',#3557);
#2568=VERTEX_POINT('',#3558);
#2569=VERTEX_POINT('',#3559);
#2570=VERTEX_POINT('',#3560);
#2571=VERTEX_POINT('',#3561);
#2572=VERTEX_POINT('',#3562);
#2573=VERTEX_POINT('',#3563);
#2574=VERTEX_POINT('',#3564);
#2575=VERTEX_POINT('',#3565);
#2576=VERTEX_POINT('',#3566);
#2577=VERTEX_POINT('',#3567);
#2578=VERTEX_POINT('',#3568);
#2579=VERTEX_POINT('',#3569);
#2580=VERTEX_POINT('',#3570);
#2581=VERTEX_POINT('',#3571);
#2582=VERTEX_POINT('',#3572);
#2583=VERTEX_POINT('',#3573);
#2584=VERTEX_POINT('',#3574);
#2585=VERTEX_POINT('',#3575);
#2586=VERTEX_POINT('',#3576);
#2587=VERTEX_POINT('',#3577);
#2588=VERTEX_POINT('',#3578);
#2589=VERTEX_POINT('',#3579);
#2590=VERTEX_POINT('',#3580);
#2591=(
BOUNDED_SURFACE()
B_SPLINE_SURFACE(1,2,((#3165,#3166,#3167,#3168,#3169),(#3170,#3171,#3172,
#3173,#3174)),.UNSPECIFIED.,.F.,.F.,.F.)
B_SPLINE_SURFACE_WITH_KNOTS((2,2),(3,2,3),(0.,0.006),(0.,0.0015707963267949,
0.0031415926535898),.UNSPECIFIED.)
GEOMETRIC_REPRESENTATION_ITEM()
RATIONAL_B_SPLINE_SURFACE(((1.,0.707106781186548,1.,0.707106781186548,1.),
(1.,0.707106781186548,1.,0.707106781186548,1.)))
REPRESENTATION_ITEM('')
SURFACE()
);
#2592=(
BOUNDED_SURFACE()
B_SPLINE_SURFACE(1,2,((#3180,#3181,#3182,#3183,#3184),(#3185,#3186,#3187,
#3188,#3189)),.UNSPECIFIED.,.F.,.F.,.F.)
B_SPLINE_SURFACE_WITH_KNOTS((2,2),(3,2,3),(0.,0.012),(0.,0.0015707963267949,
0.0031415926535898),.UNSPECIFIED.)
GEOMETRIC_REPRESENTATION_ITEM()
RATIONAL_B_SPLINE_SURFACE(((1.,0.707106781186548,1.,0.707106781186548,1.),
(1.,0.707106781186548,1.,0.707106781186548,1.)))
REPRESENTATION_ITEM('')
SURFACE()
);
#2593=(
BOUNDED_SURFACE()
B_SPLINE_SURFACE(1,2,((#3208,#3209,#3210,#3211,#3212),(#3213,#3214,#3215,
#3216,#3217)),.UNSPECIFIED.,.F.,.F.,.F.)
B_SPLINE_SURFACE_WITH_KNOTS((2,2),(3,2,3),(0.,0.006),(0.,0.0015707963267949,
0.0031415926535898),.UNSPECIFIED.)
GEOMETRIC_REPRESENTATION_ITEM()
RATIONAL_B_SPLINE_SURFACE(((1.,0.707106781186548,1.,0.707106781186548,1.),
(1.,0.707106781186548,1.,0.707106781186548,1.)))
REPRESENTATION_ITEM('')
SURFACE()
);
#2594=(
BOUNDED_SURFACE()
B_SPLINE_SURFACE(1,2,((#3223,#3224,#3225,#3226,#3227),(#3228,#3229,#3230,
#3231,#3232)),.UNSPECIFIED.,.F.,.F.,.F.)
B_SPLINE_SURFACE_WITH_KNOTS((2,2),(3,2,3),(0.,0.012),(0.,0.0015707963267949,
0.0031415926535898),.UNSPECIFIED.)
GEOMETRIC_REPRESENTATION_ITEM()
RATIONAL_B_SPLINE_SURFACE(((1.,0.707106781186548,1.,0.707106781186548,1.),
(1.,0.707106781186548,1.,0.707106781186548,1.)))
REPRESENTATION_ITEM('')
SURFACE()
);
#2595=(
BOUNDED_SURFACE()
B_SPLINE_SURFACE(1,2,((#3237,#3238,#3239,#3240,#3241),(#3242,#3243,#3244,
#3245,#3246)),.UNSPECIFIED.,.F.,.F.,.F.)
B_SPLINE_SURFACE_WITH_KNOTS((2,2),(3,2,3),(0.,0.006),(0.0031415926535898,
0.00471238898038469,0.00628318530717959),.UNSPECIFIED.)
GEOMETRIC_REPRESENTATION_ITEM()
RATIONAL_B_SPLINE_SURFACE(((1.,0.707106781186548,1.,0.707106781186548,1.),
(1.,0.707106781186548,1.,0.707106781186548,1.)))
REPRESENTATION_ITEM('')
SURFACE()
);
#2596=(
BOUNDED_SURFACE()
B_SPLINE_SURFACE(1,2,((#3247,#3248,#3249,#3250,#3251),(#3252,#3253,#3254,
#3255,#3256)),.UNSPECIFIED.,.F.,.F.,.F.)
B_SPLINE_SURFACE_WITH_KNOTS((2,2),(3,2,3),(0.,0.012),(0.0031415926535898,
0.00471238898038469,0.00628318530717959),.UNSPECIFIED.)
GEOMETRIC_REPRESENTATION_ITEM()
RATIONAL_B_SPLINE_SURFACE(((1.,0.707106781186548,1.,0.707106781186548,1.),
(1.,0.707106781186548,1.,0.707106781186548,1.)))
REPRESENTATION_ITEM('')
SURFACE()
);
#2597=(
BOUNDED_SURFACE()
B_SPLINE_SURFACE(1,2,((#3257,#3258,#3259,#3260,#3261),(#3262,#3263,#3264,
#3265,#3266)),.UNSPECIFIED.,.F.,.F.,.F.)
B_SPLINE_SURFACE_WITH_KNOTS((2,2),(3,2,3),(0.,0.006),(0.0031415926535898,
0.00471238898038469,0.00628318530717959),.UNSPECIFIED.)
GEOMETRIC_REPRESENTATION_ITEM()
RATIONAL_B_SPLINE_SURFACE(((1.,0.707106781186548,1.,0.707106781186548,1.),
(1.,0.707106781186548,1.,0.707106781186548,1.)))
REPRESENTATION_ITEM('')
SURFACE()
);
#2598=(
BOUNDED_SURFACE()
B_SPLINE_SURFACE(1,2,((#3267,#3268,#3269,#3270,#3271),(#3272,#3273,#3274,
#3275,#3276)),.UNSPECIFIED.,.F.,.F.,.F.)
B_SPLINE_SURFACE_WITH_KNOTS((2,2),(3,2,3),(0.,0.012),(0.0031415926535898,
0.00471238898038469,0.00628318530717959),.UNSPECIFIED.)
GEOMETRIC_REPRESENTATION_ITEM()
RATIONAL_B_SPLINE_SURFACE(((1.,0.707106781186548,1.,0.707106781186548,1.),
(1.,0.707106781186548,1.,0.707106781186548,1.)))
REPRESENTATION_ITEM('')
SURFACE()
);
#2599=PLANE('',#2762);
#2600=PLANE('',#2763);
#2601=PLANE('',#2764);
#2602=PLANE('',#2765);
#2603=PLANE('',#2766);
#2604=PLANE('',#2767);
#2605=PLANE('',#2768);
#2606=PLANE('',#2769);
#2607=PLANE('',#2770);
#2608=PLANE('',#2771);
#2609=PLANE('',#2772);
#2610=PLANE('',#2773);
#2611=PLANE('',#2774);
#2612=PLANE('',#2775);
#2613=PLANE('',#2776);
#2614=PLANE('',#2777);
#2615=PLANE('',#2778);
#2616=PLANE('',#2779);
#2617=PLANE('',#2780);
#2618=PLANE('',#2781);
#2619=PLANE('',#2782);
#2620=PLANE('',#2783);
#2621=PLANE('',#2784);
#2622=PLANE('',#2785);
#2623=PLANE('',#2786);
#2624=PLANE('',#2787);
#2625=PLANE('',#2788);
#2626=PLANE('',#2789);
#2627=PLANE('',#2790);
#2628=PLANE('',#2791);
#2629=PLANE('',#2792);
#2630=PLANE('',#2793);
#2631=PLANE('',#2794);
#2632=PLANE('',#2795);
#2633=PLANE('',#2796);
#2634=PLANE('',#2797);
#2635=PLANE('',#2798);
#2636=PLANE('',#2799);
#2637=PLANE('',#2800);
#2638=PLANE('',#2801);
#2639=PLANE('',#2802);
#2640=PLANE('',#2803);
#2641=PLANE('',#2804);
#2642=PLANE('',#2805);
#2643=PLANE('',#2806);
#2644=PLANE('',#2807);
#2645=PLANE('',#2808);
#2646=PLANE('',#2809);
#2647=PLANE('',#2810);
#2648=PLANE('',#2811);
#2649=PLANE('',#2812);
#2650=PLANE('',#2813);
#2651=PLANE('',#2814);
#2652=PLANE('',#2815);
#2653=PLANE('',#2816);
#2654=PLANE('',#2817);
#2655=PLANE('',#2818);
#2656=PLANE('',#2819);
#2657=PLANE('',#2820);
#2658=PLANE('',#2821);
#2659=PLANE('',#2822);
#2660=PLANE('',#2823);
#2661=PLANE('',#2824);
#2662=PLANE('',#2825);
#2663=PLANE('',#2826);
#2664=PLANE('',#2827);
#2665=PLANE('',#2828);
#2666=PLANE('',#2829);
#2667=PLANE('',#2830);
#2668=PLANE('',#2831);
#2669=PLANE('',#2832);
#2670=PLANE('',#2833);
#2671=PLANE('',#2834);
#2672=PLANE('',#2835);
#2673=PLANE('',#2836);
#2674=PLANE('',#2837);
#2675=PLANE('',#2838);
#2676=PLANE('',#2839);
#2677=PLANE('',#2840);
#2678=PLANE('',#2841);
#2679=PLANE('',#2842);
#2680=PLANE('',#2843);
#2681=PLANE('',#2844);
#2682=PLANE('',#2845);
#2683=PLANE('',#2846);
#2684=PLANE('',#2847);
#2685=PLANE('',#2848);
#2686=PLANE('',#2849);
#2687=PLANE('',#2850);
#2688=PLANE('',#2851);
#2689=PLANE('',#2852);
#2690=PLANE('',#2853);
#2691=PLANE('',#2854);
#2692=PLANE('',#2855);
#2693=PLANE('',#2856);
#2694=PLANE('',#2857);
#2695=PLANE('',#2858);
#2696=PLANE('',#2859);
#2697=PLANE('',#2860);
#2698=PLANE('',#2861);
#2699=PLANE('',#2862);
#2700=PLANE('',#2863);
#2701=PLANE('',#2864);
#2702=PLANE('',#2865);
#2703=PLANE('',#2866);
#2704=PLANE('',#2867);
#2705=PLANE('',#2868);
#2706=PLANE('',#2869);
#2707=PLANE('',#2870);
#2708=PLANE('',#2871);
#2709=PLANE('',#2872);
#2710=PLANE('',#2873);
#2711=PLANE('',#2874);
#2712=PLANE('',#2875);
#2713=PLANE('',#2876);
#2714=PLANE('',#2877);
#2715=PLANE('',#2878);
#2716=PLANE('',#2879);
#2717=PLANE('',#2880);
#2718=PLANE('',#2881);
#2719=PLANE('',#2882);
#2720=PLANE('',#2883);
#2721=PLANE('',#2884);
#2722=PLANE('',#2885);
#2723=PLANE('',#2886);
#2724=PLANE('',#2887);
#2725=PLANE('',#2888);
#2726=PLANE('',#2889);
#2727=PLANE('',#2890);
#2728=PLANE('',#2891);
#2729=PLANE('',#2892);
#2730=PLANE('',#2893);
#2731=PLANE('',#2894);
#2732=PLANE('',#2895);
#2733=PLANE('',#2896);
#2734=PLANE('',#2897);
#2735=PLANE('',#2898);
#2736=PLANE('',#2899);
#2737=PLANE('',#2900);
#2738=PLANE('',#2901);
#2739=PLANE('',#2902);
#2740=PLANE('',#2903);
#2741=PLANE('',#2904);
#2742=SHAPE_DEFINITION_REPRESENTATION(#2743,#2760);
#2743=PRODUCT_DEFINITION_SHAPE('Document','',#2745);
#2744=PRODUCT_DEFINITION_CONTEXT('3D Mechanical Parts',#2749,'design');
#2745=PRODUCT_DEFINITION('A','First version',#2746,#2744);
#2746=PRODUCT_DEFINITION_FORMATION_WITH_SPECIFIED_SOURCE('A',
'First version',#2751,.MADE.);
#2747=PRODUCT_RELATED_PRODUCT_CATEGORY('tool','tool',(#2751));
#2748=APPLICATION_PROTOCOL_DEFINITION('Draft International Standard',
'automotive_design',1999,#2749);
#2749=APPLICATION_CONTEXT(
'data for automotive mechanical design processes');
#2750=PRODUCT_CONTEXT('3D Mechanical Parts',#2749,'mechanical');
#2751=PRODUCT('Document','Document','Rhino converted to STEP',(#2750));
#2752=(
LENGTH_UNIT()
NAMED_UNIT(*)
SI_UNIT(.MILLI.,.METRE.)
);
#2753=(
NAMED_UNIT(*)
PLANE_ANGLE_UNIT()
SI_UNIT($,.RADIAN.)
);
#2754=DIMENSIONAL_EXPONENTS(0.,0.,0.,0.,0.,0.,0.);
#2755=PLANE_ANGLE_MEASURE_WITH_UNIT(PLANE_ANGLE_MEASURE(0.01745329252),
#2753);
#2756=(
CONVERSION_BASED_UNIT('DEGREES',#2755)
NAMED_UNIT(#2754)
PLANE_ANGLE_UNIT()
);
#2757=(
NAMED_UNIT(*)
SI_UNIT($,.STERADIAN.)
SOLID_ANGLE_UNIT()
);
#2758=UNCERTAINTY_MEASURE_WITH_UNIT(LENGTH_MEASURE(0.001),#2752,
'DISTANCE_ACCURACY_VALUE',
'Maximum model space distance between geometric entities at asserted c
onnectivities');
#2759=(
GEOMETRIC_REPRESENTATION_CONTEXT(3)
GLOBAL_UNCERTAINTY_ASSIGNED_CONTEXT((#2758))
GLOBAL_UNIT_ASSIGNED_CONTEXT((#2757,#2756,#2752))
REPRESENTATION_CONTEXT('ID1','3D')
);
#2760=SHAPE_REPRESENTATION('Document',(#2761,#2905),#2759);
#2761=AXIS2_PLACEMENT_3D('',#3053,#2906,#2907);
#2762=AXIS2_PLACEMENT_3D('',#3054,#2908,$);
#2763=AXIS2_PLACEMENT_3D('',#3055,#2909,$);
#2764=AXIS2_PLACEMENT_3D('',#3056,#2910,$);
#2765=AXIS2_PLACEMENT_3D('',#3057,#2911,$);
#2766=AXIS2_PLACEMENT_3D('',#3058,#2912,$);
#2767=AXIS2_PLACEMENT_3D('',#3059,#2913,$);
#2768=AXIS2_PLACEMENT_3D('',#3060,#2914,$);
#2769=AXIS2_PLACEMENT_3D('',#3061,#2915,$);
#2770=AXIS2_PLACEMENT_3D('',#3062,#2916,$);
#2771=AXIS2_PLACEMENT_3D('',#3063,#2917,$);
#2772=AXIS2_PLACEMENT_3D('',#3064,#2918,$);
#2773=AXIS2_PLACEMENT_3D('',#3065,#2919,$);
#2774=AXIS2_PLACEMENT_3D('',#3066,#2920,$);
#2775=AXIS2_PLACEMENT_3D('',#3067,#2921,$);
#2776=AXIS2_PLACEMENT_3D('',#3068,#2922,$);
#2777=AXIS2_PLACEMENT_3D('',#3069,#2923,$);
#2778=AXIS2_PLACEMENT_3D('',#3070,#2924,$);
#2779=AXIS2_PLACEMENT_3D('',#3071,#2925,$);
#2780=AXIS2_PLACEMENT_3D('',#3072,#2926,$);
#2781=AXIS2_PLACEMENT_3D('',#3073,#2927,$);
#2782=AXIS2_PLACEMENT_3D('',#3074,#2928,$);
#2783=AXIS2_PLACEMENT_3D('',#3075,#2929,$);
#2784=AXIS2_PLACEMENT_3D('',#3076,#2930,$);
#2785=AXIS2_PLACEMENT_3D('',#3077,#2931,$);
#2786=AXIS2_PLACEMENT_3D('',#3078,#2932,$);
#2787=AXIS2_PLACEMENT_3D('',#3079,#2933,$);
#2788=AXIS2_PLACEMENT_3D('',#3080,#2934,$);
#2789=AXIS2_PLACEMENT_3D('',#3081,#2935,$);
#2790=AXIS2_PLACEMENT_3D('',#3082,#2936,$);
#2791=AXIS2_PLACEMENT_3D('',#3083,#2937,$);
#2792=AXIS2_PLACEMENT_3D('',#3084,#2938,$);
#2793=AXIS2_PLACEMENT_3D('',#3085,#2939,$);
#2794=AXIS2_PLACEMENT_3D('',#3086,#2940,$);
#2795=AXIS2_PLACEMENT_3D('',#3087,#2941,$);
#2796=AXIS2_PLACEMENT_3D('',#3088,#2942,$);
#2797=AXIS2_PLACEMENT_3D('',#3089,#2943,$);
#2798=AXIS2_PLACEMENT_3D('',#3090,#2944,$);
#2799=AXIS2_PLACEMENT_3D('',#3091,#2945,$);
#2800=AXIS2_PLACEMENT_3D('',#3092,#2946,$);
#2801=AXIS2_PLACEMENT_3D('',#3093,#2947,$);
#2802=AXIS2_PLACEMENT_3D('',#3094,#2948,$);
#2803=AXIS2_PLACEMENT_3D('',#3095,#2949,$);
#2804=AXIS2_PLACEMENT_3D('',#3096,#2950,$);
#2805=AXIS2_PLACEMENT_3D('',#3097,#2951,$);
#2806=AXIS2_PLACEMENT_3D('',#3098,#2952,$);
#2807=AXIS2_PLACEMENT_3D('',#3099,#2953,$);
#2808=AXIS2_PLACEMENT_3D('',#3100,#2954,$);
#2809=AXIS2_PLACEMENT_3D('',#3101,#2955,$);
#2810=AXIS2_PLACEMENT_3D('',#3102,#2956,$);
#2811=AXIS2_PLACEMENT_3D('',#3103,#2957,$);
#2812=AXIS2_PLACEMENT_3D('',#3104,#2958,$);
#2813=AXIS2_PLACEMENT_3D('',#3105,#2959,$);
#2814=AXIS2_PLACEMENT_3D('',#3106,#2960,$);
#2815=AXIS2_PLACEMENT_3D('',#3107,#2961,$);
#2816=AXIS2_PLACEMENT_3D('',#3108,#2962,$);
#2817=AXIS2_PLACEMENT_3D('',#3109,#2963,$);
#2818=AXIS2_PLACEMENT_3D('',#3110,#2964,$);
#2819=AXIS2_PLACEMENT_3D('',#3111,#2965,$);
#2820=AXIS2_PLACEMENT_3D('',#3112,#2966,$);
#2821=AXIS2_PLACEMENT_3D('',#3113,#2967,$);
#2822=AXIS2_PLACEMENT_3D('',#3114,#2968,$);
#2823=AXIS2_PLACEMENT_3D('',#3115,#2969,$);
#2824=AXIS2_PLACEMENT_3D('',#3116,#2970,$);
#2825=AXIS2_PLACEMENT_3D('',#3117,#2971,$);
#2826=AXIS2_PLACEMENT_3D('',#3118,#2972,$);
#2827=AXIS2_PLACEMENT_3D('',#3119,#2973,$);
#2828=AXIS2_PLACEMENT_3D('',#3120,#2974,$);
#2829=AXIS2_PLACEMENT_3D('',#3121,#2975,$);
#2830=AXIS2_PLACEMENT_3D('',#3122,#2976,$);
#2831=AXIS2_PLACEMENT_3D('',#3123,#2977,$);
#2832=AXIS2_PLACEMENT_3D('',#3124,#2978,$);
#2833=AXIS2_PLACEMENT_3D('',#3125,#2979,$);
#2834=AXIS2_PLACEMENT_3D('',#3126,#2980,$);
#2835=AXIS2_PLACEMENT_3D('',#3127,#2981,$);
#2836=AXIS2_PLACEMENT_3D('',#3128,#2982,$);
#2837=AXIS2_PLACEMENT_3D('',#3129,#2983,$);
#2838=AXIS2_PLACEMENT_3D('',#3130,#2984,$);
#2839=AXIS2_PLACEMENT_3D('',#3131,#2985,$);
#2840=AXIS2_PLACEMENT_3D('',#3132,#2986,$);
#2841=AXIS2_PLACEMENT_3D('',#3133,#2987,$);
#2842=AXIS2_PLACEMENT_3D('',#3134,#2988,$);
#2843=AXIS2_PLACEMENT_3D('',#3135,#2989,$);
#2844=AXIS2_PLACEMENT_3D('',#3136,#2990,$);
#2845=AXIS2_PLACEMENT_3D('',#3137,#2991,$);
#2846=AXIS2_PLACEMENT_3D('',#3138,#2992,$);
#2847=AXIS2_PLACEMENT_3D('',#3139,#2993,$);
#2848=AXIS2_PLACEMENT_3D('',#3140,#2994,$);
#2849=AXIS2_PLACEMENT_3D('',#3141,#2995,$);
#2850=AXIS2_PLACEMENT_3D('',#3142,#2996,$);
#2851=AXIS2_PLACEMENT_3D('',#3143,#2997,$);
#2852=AXIS2_PLACEMENT_3D('',#3144,#2998,$);
#2853=AXIS2_PLACEMENT_3D('',#3145,#2999,$);
#2854=AXIS2_PLACEMENT_3D('',#3146,#3000,$);
#2855=AXIS2_PLACEMENT_3D('',#3147,#3001,$);
#2856=AXIS2_PLACEMENT_3D('',#3148,#3002,$);
#2857=AXIS2_PLACEMENT_3D('',#3149,#3003,$);
#2858=AXIS2_PLACEMENT_3D('',#3150,#3004,$);
#2859=AXIS2_PLACEMENT_3D('',#3151,#3005,$);
#2860=AXIS2_PLACEMENT_3D('',#3152,#3006,$);
#2861=AXIS2_PLACEMENT_3D('',#3153,#3007,$);
#2862=AXIS2_PLACEMENT_3D('',#3154,#3008,$);
#2863=AXIS2_PLACEMENT_3D('',#3155,#3009,$);
#2864=AXIS2_PLACEMENT_3D('',#3156,#3010,$);
#2865=AXIS2_PLACEMENT_3D('',#3157,#3011,$);
#2866=AXIS2_PLACEMENT_3D('',#3158,#3012,$);
#2867=AXIS2_PLACEMENT_3D('',#3159,#3013,$);
#2868=AXIS2_PLACEMENT_3D('',#3160,#3014,$);
#2869=AXIS2_PLACEMENT_3D('',#3161,#3015,$);
#2870=AXIS2_PLACEMENT_3D('',#3162,#3016,$);
#2871=AXIS2_PLACEMENT_3D('',#3163,#3017,$);
#2872=AXIS2_PLACEMENT_3D('',#3164,#3018,$);
#2873=AXIS2_PLACEMENT_3D('',#3175,#3019,$);
#2874=AXIS2_PLACEMENT_3D('',#3176,#3020,$);
#2875=AXIS2_PLACEMENT_3D('',#3177,#3021,$);
#2876=AXIS2_PLACEMENT_3D('',#3178,#3022,$);
#2877=AXIS2_PLACEMENT_3D('',#3179,#3023,$);
#2878=AXIS2_PLACEMENT_3D('',#3190,#3024,$);
#2879=AXIS2_PLACEMENT_3D('',#3191,#3025,$);
#2880=AXIS2_PLACEMENT_3D('',#3192,#3026,$);
#2881=AXIS2_PLACEMENT_3D('',#3193,#3027,$);
#2882=AXIS2_PLACEMENT_3D('',#3194,#3028,$);
#2883=AXIS2_PLACEMENT_3D('',#3195,#3029,$);
#2884=AXIS2_PLACEMENT_3D('',#3196,#3030,$);
#2885=AXIS2_PLACEMENT_3D('',#3197,#3031,$);
#2886=AXIS2_PLACEMENT_3D('',#3198,#3032,$);
#2887=AXIS2_PLACEMENT_3D('',#3199,#3033,$);
#2888=AXIS2_PLACEMENT_3D('',#3200,#3034,$);
#2889=AXIS2_PLACEMENT_3D('',#3201,#3035,$);
#2890=AXIS2_PLACEMENT_3D('',#3202,#3036,$);
#2891=AXIS2_PLACEMENT_3D('',#3203,#3037,$);
#2892=AXIS2_PLACEMENT_3D('',#3204,#3038,$);
#2893=AXIS2_PLACEMENT_3D('',#3205,#3039,$);
#2894=AXIS2_PLACEMENT_3D('',#3206,#3040,$);
#2895=AXIS2_PLACEMENT_3D('',#3207,#3041,$);
#2896=AXIS2_PLACEMENT_3D('',#3218,#3042,$);
#2897=AXIS2_PLACEMENT_3D('',#3219,#3043,$);
#2898=AXIS2_PLACEMENT_3D('',#3220,#3044,$);
#2899=AXIS2_PLACEMENT_3D('',#3221,#3045,$);
#2900=AXIS2_PLACEMENT_3D('',#3222,#3046,$);
#2901=AXIS2_PLACEMENT_3D('',#3233,#3047,$);
#2902=AXIS2_PLACEMENT_3D('',#3234,#3048,$);
#2903=AXIS2_PLACEMENT_3D('',#3235,#3049,$);
#2904=AXIS2_PLACEMENT_3D('',#3236,#3050,$);
#2905=AXIS2_PLACEMENT_3D('',#4513,#3051,#3052);
#2906=DIRECTION('',(0.,0.,1.));
#2907=DIRECTION('',(1.,0.,0.));
#2908=DIRECTION('',(-1.,0.,0.));
#2909=DIRECTION('',(0.707106781186548,0.707106781186547,0.));
#2910=DIRECTION('',(0.,0.,-1.));
#2911=DIRECTION('',(1.,0.,0.));
#2912=DIRECTION('',(1.,0.,0.));
#2913=DIRECTION('',(0.707106781186548,-0.5,0.499999999999999));
#2914=DIRECTION('',(1.,0.,0.));
#2915=DIRECTION('',(-0.707106781186548,0.707106781186547,0.));
#2916=DIRECTION('',(0.,1.,0.));
#2917=DIRECTION('',(0.,-1.,0.));
#2918=DIRECTION('',(0.,0.,-1.));
#2919=DIRECTION('',(-1.,0.,0.));
#2920=DIRECTION('',(0.,-1.,0.));
#2921=DIRECTION('',(-0.707106781186542,0.,0.707106781186553));
#2922=DIRECTION('',(-1.,0.,0.));
#2923=DIRECTION('',(-0.707106781186548,-0.499999999999999,0.499999999999999));
#2924=DIRECTION('',(0.,-1.,0.));
#2925=DIRECTION('',(-0.707106781186547,0.707106781186547,0.));
#2926=DIRECTION('',(0.,1.,0.));
#2927=DIRECTION('',(0.707106781186547,0.707106781186547,0.));
#2928=DIRECTION('',(0.707106781186547,-0.707106781186547,0.));
#2929=DIRECTION('',(-0.707106781186547,-0.707106781186547,0.));
#2930=DIRECTION('',(0.,-1.,0.));
#2931=DIRECTION('',(0.,1.,0.));
#2932=DIRECTION('',(0.,1.,0.));
#2933=DIRECTION('',(0.,0.,-1.));
#2934=DIRECTION('',(-1.,0.,0.));
#2935=DIRECTION('',(1.,0.,0.));
#2936=DIRECTION('',(0.707106781186535,0.,-0.70710678118656));
#2937=DIRECTION('',(-0.923879532511326,0.,-0.382683432364994));
#2938=DIRECTION('',(-0.707106781186545,0.,0.70710678118655));
#2939=DIRECTION('',(-0.70710678118655,0.,-0.707106781186545));
#2940=DIRECTION('',(0.707106781186542,0.,0.707106781186553));
#2941=DIRECTION('',(0.,0.,-1.));
#2942=DIRECTION('',(0.923879532511335,0.,-0.382683432364974));
#2943=DIRECTION('',(0.,0.,-1.));
#2944=DIRECTION('',(0.70710678118655,0.,-0.707106781186545));
#2945=DIRECTION('',(-0.707106781186535,0.,-0.70710678118656));
#2946=DIRECTION('',(0.707106781186545,0.,0.70710678118655));
#2947=DIRECTION('',(-0.707106781186548,0.,0.707106781186547));
#2948=DIRECTION('',(-0.707106781186548,0.5,0.499999999999999));
#2949=DIRECTION('',(0.,-1.,0.));
#2950=DIRECTION('',(0.499999999999999,-0.707106781186548,0.499999999999999));
#2951=DIRECTION('',(-6.0291550413457E-17,-0.707106781186548,0.707106781186547));
#2952=DIRECTION('',(-0.5,-0.707106781186548,0.499999999999999));
#2953=DIRECTION('',(0.707106781186548,0.5,0.5));
#2954=DIRECTION('',(0.707106781186548,-6.0291550413457E-17,0.707106781186547));
#2955=DIRECTION('',(0.,1.,0.));
#2956=DIRECTION('',(-0.5,0.707106781186547,0.5));
#2957=DIRECTION('',(1.20583100826914E-16,0.707106781186548,0.707106781186547));
#2958=DIRECTION('',(0.5,0.707106781186548,0.499999999999999));
#2959=DIRECTION('',(0.,1.,0.));
#2960=DIRECTION('',(1.20583100826914E-16,0.707106781186548,0.707106781186547));
#2961=DIRECTION('',(0.,1.,0.));
#2962=DIRECTION('',(-1.,0.,0.));
#2963=DIRECTION('',(-0.707106781186547,0.,0.707106781186548));
#2964=DIRECTION('',(-1.,0.,0.));
#2965=DIRECTION('',(0.,-1.,0.));
#2966=DIRECTION('',(0.,-0.707106781186547,0.707106781186547));
#2967=DIRECTION('',(0.,-1.,0.));
#2968=DIRECTION('',(1.,0.,0.));
#2969=DIRECTION('',(0.707106781186547,-1.20583100826914E-16,0.707106781186547));
#2970=DIRECTION('',(1.,0.,0.));
#2971=DIRECTION('',(1.,0.,0.));
#2972=DIRECTION('',(0.,0.,-1.));
#2973=DIRECTION('',(-1.,0.,0.));
#2974=DIRECTION('',(1.60777467769219E-16,0.707106781186547,-0.707106781186547));
#2975=DIRECTION('',(1.,0.,0.));
#2976=DIRECTION('',(0.,0.,-1.));
#2977=DIRECTION('',(-1.,0.,0.));
#2978=DIRECTION('',(0.707106781186548,0.707106781186547,0.));
#2979=DIRECTION('',(0.,-1.,0.));
#2980=DIRECTION('',(0.,0.,-1.));
#2981=DIRECTION('',(0.,1.,0.));
#2982=DIRECTION('',(0.707106781186547,-1.60777467769219E-16,-0.707106781186548));
#2983=DIRECTION('',(0.,-1.,0.));
#2984=DIRECTION('',(0.,0.,-1.));
#2985=DIRECTION('',(0.,1.,0.));
#2986=DIRECTION('',(0.707106781186548,-0.707106781186547,0.));
#2987=DIRECTION('',(-1.,0.,0.));
#2988=DIRECTION('',(0.,0.,-1.));
#2989=DIRECTION('',(1.,0.,0.));
#2990=DIRECTION('',(0.,-0.707106781186547,-0.707106781186547));
#2991=DIRECTION('',(-1.,0.,0.));
#2992=DIRECTION('',(0.,0.,-1.));
#2993=DIRECTION('',(1.,0.,0.));
#2994=DIRECTION('',(-0.707106781186547,-0.707106781186548,0.));
#2995=DIRECTION('',(0.,1.,0.));
#2996=DIRECTION('',(0.,0.,-1.));
#2997=DIRECTION('',(0.,-1.,0.));
#2998=DIRECTION('',(-0.707106781186547,0.,-0.707106781186548));
#2999=DIRECTION('',(0.,1.,0.));
#3000=DIRECTION('',(0.,0.,-1.));
#3001=DIRECTION('',(0.,-1.,0.));
#3002=DIRECTION('',(-0.707106781186548,0.707106781186547,0.));
#3003=DIRECTION('',(0.,0.,-1.));
#3004=DIRECTION('',(0.,0.,-1.));
#3005=DIRECTION('',(0.,0.,-1.));
#3006=DIRECTION('',(0.,0.,1.));
#3007=DIRECTION('',(0.,1.,0.));
#3008=DIRECTION('',(0.,-1.,0.));
#3009=DIRECTION('',(-1.,0.,0.));
#3010=DIRECTION('',(0.,0.,-1.));
#3011=DIRECTION('',(-1.,0.,0.));
#3012=DIRECTION('',(0.,1.,0.));
#3013=DIRECTION('',(0.,0.,-1.));
#3014=DIRECTION('',(0.,-1.,0.));
#3015=DIRECTION('',(0.,0.,-1.));
#3016=DIRECTION('',(-1.,0.,0.));
#3017=DIRECTION('',(-0.707106781186547,-0.707106781186547,0.));
#3018=DIRECTION('',(0.,-1.,0.));
#3019=DIRECTION('',(0.,1.,0.));
#3020=DIRECTION('',(1.,0.,0.));
#3021=DIRECTION('',(0.,1.,0.));
#3022=DIRECTION('',(1.,0.,0.));
#3023=DIRECTION('',(1.,0.,0.));
#3024=DIRECTION('',(1.,0.,0.));
#3025=DIRECTION('',(0.707106781186547,-2.6126338512498E-16,-0.707106781186548));
#3026=DIRECTION('',(0.707106781186547,0.,-0.707106781186548));
#3027=DIRECTION('',(0.,-0.707106781186547,-0.707106781186548));
#3028=DIRECTION('',(-0.707106781186547,-2.6126338512498E-16,0.707106781186548));
#3029=DIRECTION('',(0.,1.,0.));
#3030=DIRECTION('',(0.,-1.,0.));
#3031=DIRECTION('',(1.,0.,0.));
#3032=DIRECTION('',(0.,0.,-1.));
#3033=DIRECTION('',(0.,0.,1.));
#3034=DIRECTION('',(1.,0.,0.));
#3035=DIRECTION('',(0.,1.,0.));
#3036=DIRECTION('',(0.,0.,-1.));
#3037=DIRECTION('',(0.,0.,-1.));
#3038=DIRECTION('',(0.,-1.,0.));
#3039=DIRECTION('',(1.,0.,0.));
#3040=DIRECTION('',(0.707106781186547,-0.707106781186547,0.));
#3041=DIRECTION('',(0.,1.,0.));
#3042=DIRECTION('',(0.,-1.,0.));
#3043=DIRECTION('',(-1.,0.,0.));
#3044=DIRECTION('',(0.,1.,0.));
#3045=DIRECTION('',(-1.,0.,0.));
#3046=DIRECTION('',(-1.,0.,0.));
#3047=DIRECTION('',(-1.,0.,0.));
#3048=DIRECTION('',(-0.707106781186547,-2.41166201653828E-16,-0.707106781186548));
#3049=DIRECTION('',(-0.707106781186547,0.,-0.707106781186548));
#3050=DIRECTION('',(0.,-0.707106781186547,-0.707106781186548));
#3051=DIRECTION('',(0.,0.,1.));
#3052=DIRECTION('',(1.,0.,0.));
#3053=CARTESIAN_POINT('',(0.,0.,0.));
#3054=CARTESIAN_POINT('',(-36.,638.9,-618.8));
#3055=CARTESIAN_POINT('',(395.675338549149,-459.846911424403,-611.9));
#3056=CARTESIAN_POINT('',(-644.4,-637.54,-16.));
#3057=CARTESIAN_POINT('',(-34.,637.405887450305,-618.8));
#3058=CARTESIAN_POINT('',(-32.6000000000001,-619.722010101268,-617.56));
#3059=CARTESIAN_POINT('',(393.562977441581,-139.469327371068,-740.134688837575));
#3060=CARTESIAN_POINT('',(36.,-643.9,-618.8));
#3061=CARTESIAN_POINT('',(-395.675338549149,-459.846911424403,598.9));
#3062=CARTESIAN_POINT('',(-644.4,-34.,-618.8));
#3063=CARTESIAN_POINT('',(-644.4,-36.,-618.8));
#3064=CARTESIAN_POINT('',(-579.15063491861,-636.286421356237,-3.));
#3065=CARTESIAN_POINT('',(34.,-637.405887450305,-618.8));
#3066=CARTESIAN_POINT('',(-571.183452377916,-16.,585.5));
#3067=CARTESIAN_POINT('',(-395.307521089847,-620.4,-442.479093965095));
#3068=CARTESIAN_POINT('',(32.6,622.542111113946,-617.56));
#3069=CARTESIAN_POINT('',(-393.56297744158,-139.469327371069,-740.134688837575));
#3070=CARTESIAN_POINT('',(637.405887450305,34.,-618.8));
#3071=CARTESIAN_POINT('',(-461.964068711928,-394.964068711928,-618.8));
#3072=CARTESIAN_POINT('',(638.4,36.,-618.8));
#3073=CARTESIAN_POINT('',(461.964068711928,-394.964068711928,602.8));
#3074=CARTESIAN_POINT('',(-459.846911424403,-395.675338549149,-618.5));
#3075=CARTESIAN_POINT('',(459.846911424403,-395.675338549149,599.5));
#3076=CARTESIAN_POINT('',(-635.562132034356,-16.,585.5));
#3077=CARTESIAN_POINT('',(571.183452377916,16.,-620.642842712475));
#3078=CARTESIAN_POINT('',(635.562132034356,16.,-620.642842712475));
#3079=CARTESIAN_POINT('',(-644.4,-623.72,-16.));
#3080=CARTESIAN_POINT('',(30.3786796564441,-620.4,-619.548528137424));
#3081=CARTESIAN_POINT('',(-30.3786796564365,-620.4,584.548528137424));
#3082=CARTESIAN_POINT('',(-456.714930909072,-620.4,-444.543358033803));
#3083=CARTESIAN_POINT('',(196.415917283372,-620.4,-574.790389779843));
#3084=CARTESIAN_POINT('',(393.099926576306,-620.4,408.099926576303));
#3085=CARTESIAN_POINT('',(-459.614068711927,-620.4,409.61406871193));
#3086=CARTESIAN_POINT('',(395.307521089847,-620.4,-442.479093965095));
#3087=CARTESIAN_POINT('',(-635.262842712475,-620.4,-18.9999999998775));
#3088=CARTESIAN_POINT('',(264.074495927123,-620.4,536.931811136086));
#3089=CARTESIAN_POINT('',(-570.291269837221,-620.4,-18.9999999998907));
#3090=CARTESIAN_POINT('',(459.614068711927,-620.4,409.61406871193));
#3091=CARTESIAN_POINT('',(456.714930909072,-620.4,-444.543358033803));
#3092=CARTESIAN_POINT('',(-393.099926576306,-620.4,408.099926576303));
#3093=CARTESIAN_POINT('',(459.604068711928,619.2,414.604068711929));
#3094=CARTESIAN_POINT('',(-394.829444971398,142.764855149555,-745.221272173034));
#3095=CARTESIAN_POINT('',(-622.824121215213,32.6,-617.56));
#3096=CARTESIAN_POINT('',(142.764855149555,-394.829444971398,-745.221272173034));
#3097=CARTESIAN_POINT('',(-619.2,459.604068711928,414.604068711929));
#3098=CARTESIAN_POINT('',(-142.764855149555,-394.829444971398,-745.221272173034));
#3099=CARTESIAN_POINT('',(394.829444971398,142.764855149555,-745.221272173034));
#3100=CARTESIAN_POINT('',(-459.604068711928,-619.2,414.604068711929));
#3101=CARTESIAN_POINT('',(622.824121215213,-32.6000000000001,-617.56));
#3102=CARTESIAN_POINT('',(-142.764855149555,394.829444971398,-745.221272173033));
#3103=CARTESIAN_POINT('',(619.2,-459.604068711928,414.604068711929));
#3104=CARTESIAN_POINT('',(142.764855149555,394.829444971398,-745.221272173034));
#3105=CARTESIAN_POINT('',(585.4,-31.0000000000001,-604.5));
#3106=CARTESIAN_POINT('',(-620.52,-459.614046060218,425.614046060218));
#3107=CARTESIAN_POINT('',(-585.4,-30.9999999999999,-604.5));
#3108=CARTESIAN_POINT('',(31.,-620.6,-604.5));
#3109=CARTESIAN_POINT('',(459.614046060218,-620.52,425.614046060218));
#3110=CARTESIAN_POINT('',(31.,-585.4,601.5));
#3111=CARTESIAN_POINT('',(-585.4,31.,-604.5));
#3112=CARTESIAN_POINT('',(-620.52,-393.113819543115,-427.113819543115));
#3113=CARTESIAN_POINT('',(585.4,31.,-604.5));
#3114=CARTESIAN_POINT('',(-31.0000000000001,-585.4,-604.5));
#3115=CARTESIAN_POINT('',(393.113819543115,-620.52,-427.113819543115));
#3116=CARTESIAN_POINT('',(-30.9999999999999,585.4,-604.5));
#3117=CARTESIAN_POINT('',(19.0999999999999,-635.5,-604.5));
#3118=CARTESIAN_POINT('',(-585.4,570.5,-3.));
#3119=CARTESIAN_POINT('',(16.0999999999999,-635.5,-604.5));
#3120=CARTESIAN_POINT('',(-620.52,393.113819543115,424.114272577321));
#3121=CARTESIAN_POINT('',(-16.1000000000001,-635.5,-604.5));
#3122=CARTESIAN_POINT('',(-620.6,570.5,-3.));
#3123=CARTESIAN_POINT('',(-19.1000000000001,-635.5,-604.5));
#3124=CARTESIAN_POINT('',(403.414703630539,-460.550490068166,-604.5));
#3125=CARTESIAN_POINT('',(-635.5,-19.0999999999999,-604.5));
#3126=CARTESIAN_POINT('',(570.5,585.4,-3.));
#3127=CARTESIAN_POINT('',(-635.5,-16.0999999999999,-604.5));
#3128=CARTESIAN_POINT('',(-459.614046060218,-620.52,-428.613593026011));
#3129=CARTESIAN_POINT('',(-635.5,16.1000000000001,-604.5));
#3130=CARTESIAN_POINT('',(570.5,620.6,-3.));
#3131=CARTESIAN_POINT('',(-635.5,19.1000000000001,-604.5));
#3132=CARTESIAN_POINT('',(-460.550490068166,-403.414703630539,-604.5));
#3133=CARTESIAN_POINT('',(-19.1,635.5,-604.5));
#3134=CARTESIAN_POINT('',(585.4,-570.5,-3.));
#3135=CARTESIAN_POINT('',(-16.1,635.5,-604.5));
#3136=CARTESIAN_POINT('',(-620.52,459.614046060218,-428.613593026011));
#3137=CARTESIAN_POINT('',(16.1,635.5,-604.5));
#3138=CARTESIAN_POINT('',(620.6,-570.5,-3.));
#3139=CARTESIAN_POINT('',(19.1,635.5,-604.5));
#3140=CARTESIAN_POINT('',(-403.414703630539,460.550490068166,-604.5));
#3141=CARTESIAN_POINT('',(-570.5,19.1,-604.5));
#3142=CARTESIAN_POINT('',(-570.5,-585.4,-3.));
#3143=CARTESIAN_POINT('',(-570.5,16.1,-604.5));
#3144=CARTESIAN_POINT('',(-393.113819543115,-620.52,424.114272577321));
#3145=CARTESIAN_POINT('',(-570.5,-16.1,-604.5));
#3146=CARTESIAN_POINT('',(-570.5,-620.6,-3.));
#3147=CARTESIAN_POINT('',(-570.5,-19.1,-604.5));
#3148=CARTESIAN_POINT('',(460.550490068166,403.414703630539,-604.5));
#3149=CARTESIAN_POINT('',(579.150634918611,579.15063491861,-3.));
#3150=CARTESIAN_POINT('',(579.15063491861,-579.15063491861,-3.));
#3151=CARTESIAN_POINT('',(-579.15063491861,-579.15063491861,-3.));
#3152=CARTESIAN_POINT('',(-646.8,-646.71,0.));
#3153=CARTESIAN_POINT('',(-570.5,-15.2000000000001,597.3));
#3154=CARTESIAN_POINT('',(-570.7,-17.1999999999999,-617.8));
#3155=CARTESIAN_POINT('',(31.,-636.168730162779,-618.));
#3156=CARTESIAN_POINT('',(-571.611269837221,585.68,-9.99999999999978));
#3157=CARTESIAN_POINT('',(28.,-635.29,-606.4));
#3158=CARTESIAN_POINT('',(-573.507157287525,-33.1,598.4));
#3159=CARTESIAN_POINT('',(-573.507157287525,-635.29,-5.));
#3160=CARTESIAN_POINT('',(-572.,-38.1,601.7));
#3161=CARTESIAN_POINT('',(-572.11,-639.31,-5.));
#3162=CARTESIAN_POINT('',(28.,-637.31,-608.9));
#3163=CARTESIAN_POINT('',(455.664068711928,-463.764068711928,-608.79));
#3164=CARTESIAN_POINT('',(-565.4,-18.1,-608.9));
#3165=CARTESIAN_POINT('',(39.5,-16.6,-2.5));
#3166=CARTESIAN_POINT('',(39.5,-16.6,-1.5));
#3167=CARTESIAN_POINT('',(39.5,-15.6,-1.5));
#3168=CARTESIAN_POINT('',(39.5,-14.6,-1.5));
#3169=CARTESIAN_POINT('',(39.5,-14.6,-2.5));
#3170=CARTESIAN_POINT('',(33.5,-16.6,-2.5));
#3171=CARTESIAN_POINT('',(33.5,-16.6,-1.5));
#3172=CARTESIAN_POINT('',(33.5,-15.6,-1.5));
#3173=CARTESIAN_POINT('',(33.5,-14.6,-1.5));
#3174=CARTESIAN_POINT('',(33.5,-14.6,-2.5));
#3175=CARTESIAN_POINT('',(-565.4,-13.1,-608.9));
#3176=CARTESIAN_POINT('',(38.,-619.8,-606.7));
#3177=CARTESIAN_POINT('',(-565.4,-33.1,-608.9));
#3178=CARTESIAN_POINT('',(38.,-639.8,-606.7));
#3179=CARTESIAN_POINT('',(30.,-638.,-604.9));
#3180=CARTESIAN_POINT('',(28.,-34.6,-2.5));
#3181=CARTESIAN_POINT('',(28.,-34.6,-1.5));
#3182=CARTESIAN_POINT('',(28.,-35.6,-1.5));
#3183=CARTESIAN_POINT('',(28.,-36.6,-1.5));
#3184=CARTESIAN_POINT('',(28.,-36.6,-2.5));
#3185=CARTESIAN_POINT('',(40.,-34.6,-2.5));
#3186=CARTESIAN_POINT('',(40.,-34.6,-1.5));
#3187=CARTESIAN_POINT('',(40.,-35.6,-1.5));
#3188=CARTESIAN_POINT('',(40.,-36.6,-1.5));
#3189=CARTESIAN_POINT('',(40.,-36.6,-2.5));
#3190=CARTESIAN_POINT('',(35.,-618.,-604.9));
#3191=CARTESIAN_POINT('',(463.664068711929,-619.8,420.664068711928));
#3192=CARTESIAN_POINT('',(-389.664068711929,568.59,-432.664068711928));
#3193=CARTESIAN_POINT('',(640.2,389.664068711929,-432.664068711928));
#3194=CARTESIAN_POINT('',(-394.764068711928,587.797157287525,-433.764068711928));
#3195=CARTESIAN_POINT('',(-635.5,-15.1999999999999,-618.));
#3196=CARTESIAN_POINT('',(-637.7,-17.2000000000001,591.8));
#3197=CARTESIAN_POINT('',(-31.,587.797157287525,-618.));
#3198=CARTESIAN_POINT('',(-637.782842712475,-636.88,-10.0000000000002));
#3199=CARTESIAN_POINT('',(-635.5,587.797157287525,-7.99999999999978));
#3200=CARTESIAN_POINT('',(-28.,-635.29,598.4));
#3201=CARTESIAN_POINT('',(-632.578730162779,-33.1,-606.4));
#3202=CARTESIAN_POINT('',(573.507157287525,-635.29,-5.));
#3203=CARTESIAN_POINT('',(572.11,-639.31,-5.));
#3204=CARTESIAN_POINT('',(-640.,-38.1,-606.7));
#3205=CARTESIAN_POINT('',(-28.,-637.31,601.9));
#3206=CARTESIAN_POINT('',(397.664068711928,389.564068711928,601.89));
#3207=CARTESIAN_POINT('',(-639.4,-13.1,601.9));
#3208=CARTESIAN_POINT('',(-39.5,-14.6,-2.5));
#3209=CARTESIAN_POINT('',(-39.5,-14.6,-1.5));
#3210=CARTESIAN_POINT('',(-39.5,-15.6,-1.5));
#3211=CARTESIAN_POINT('',(-39.5,-16.6,-1.5));
#3212=CARTESIAN_POINT('',(-39.5,-16.6,-2.5));
#3213=CARTESIAN_POINT('',(-33.5,-14.6,-2.5));
#3214=CARTESIAN_POINT('',(-33.5,-14.6,-1.5));
#3215=CARTESIAN_POINT('',(-33.5,-15.6,-1.5));
#3216=CARTESIAN_POINT('',(-33.5,-16.6,-1.5));
#3217=CARTESIAN_POINT('',(-33.5,-16.6,-2.5));
#3218=CARTESIAN_POINT('',(-639.4,-18.1,601.9));
#3219=CARTESIAN_POINT('',(-38.,-619.8,601.7));
#3220=CARTESIAN_POINT('',(-639.4,-33.1,601.9));
#3221=CARTESIAN_POINT('',(-38.,-639.8,601.7));
#3222=CARTESIAN_POINT('',(-30.,-638.,599.9));
#3223=CARTESIAN_POINT('',(-28.,-36.6,-2.5));
#3224=CARTESIAN_POINT('',(-28.,-36.6,-1.5));
#3225=CARTESIAN_POINT('',(-28.,-35.6,-1.5));
#3226=CARTESIAN_POINT('',(-28.,-34.6,-1.5));
#3227=CARTESIAN_POINT('',(-28.,-34.6,-2.5));
#3228=CARTESIAN_POINT('',(-40.,-36.6,-2.5));
#3229=CARTESIAN_POINT('',(-40.,-36.6,-1.5));
#3230=CARTESIAN_POINT('',(-40.,-35.6,-1.5));
#3231=CARTESIAN_POINT('',(-40.,-34.6,-1.5));
#3232=CARTESIAN_POINT('',(-40.,-34.6,-2.5));
#3233=CARTESIAN_POINT('',(-35.,-618.,599.9));
#3234=CARTESIAN_POINT('',(389.664068711929,588.6,-432.664068711929));
#3235=CARTESIAN_POINT('',(-463.664068711929,-639.69,420.664068711928));
#3236=CARTESIAN_POINT('',(574.2,-463.664068711929,420.664068711928));
#3237=CARTESIAN_POINT('',(39.5,-14.6,-2.5));
#3238=CARTESIAN_POINT('',(39.5,-14.6,-3.5));
#3239=CARTESIAN_POINT('',(39.5,-15.6,-3.5));
#3240=CARTESIAN_POINT('',(39.5,-16.6,-3.5));
#3241=CARTESIAN_POINT('',(39.5,-16.6,-2.5));
#3242=CARTESIAN_POINT('',(33.5,-14.6,-2.5));
#3243=CARTESIAN_POINT('',(33.5,-14.6,-3.5));
#3244=CARTESIAN_POINT('',(33.5,-15.6,-3.5));
#3245=CARTESIAN_POINT('',(33.5,-16.6,-3.5));
#3246=CARTESIAN_POINT('',(33.5,-16.6,-2.5));
#3247=CARTESIAN_POINT('',(28.,-36.6,-2.5));
#3248=CARTESIAN_POINT('',(28.,-36.6,-3.5));
#3249=CARTESIAN_POINT('',(28.,-35.6,-3.5));
#3250=CARTESIAN_POINT('',(28.,-34.6,-3.5));
#3251=CARTESIAN_POINT('',(28.,-34.6,-2.5));
#3252=CARTESIAN_POINT('',(40.,-36.6,-2.5));
#3253=CARTESIAN_POINT('',(40.,-36.6,-3.5));
#3254=CARTESIAN_POINT('',(40.,-35.6,-3.5));
#3255=CARTESIAN_POINT('',(40.,-34.6,-3.5));
#3256=CARTESIAN_POINT('',(40.,-34.6,-2.5));
#3257=CARTESIAN_POINT('',(-39.5,-16.6,-2.5));
#3258=CARTESIAN_POINT('',(-39.5,-16.6,-3.5));
#3259=CARTESIAN_POINT('',(-39.5,-15.6,-3.5));
#3260=CARTESIAN_POINT('',(-39.5,-14.6,-3.5));
#3261=CARTESIAN_POINT('',(-39.5,-14.6,-2.5));
#3262=CARTESIAN_POINT('',(-33.5,-16.6,-2.5));
#3263=CARTESIAN_POINT('',(-33.5,-16.6,-3.5));
#3264=CARTESIAN_POINT('',(-33.5,-15.6,-3.5));
#3265=CARTESIAN_POINT('',(-33.5,-14.6,-3.5));
#3266=CARTESIAN_POINT('',(-33.5,-14.6,-2.5));
#3267=CARTESIAN_POINT('',(-28.,-34.6,-2.5));
#3268=CARTESIAN_POINT('',(-28.,-34.6,-3.5));
#3269=CARTESIAN_POINT('',(-28.,-35.6,-3.5));
#3270=CARTESIAN_POINT('',(-28.,-36.6,-3.5));
#3271=CARTESIAN_POINT('',(-28.,-36.6,-2.5));
#3272=CARTESIAN_POINT('',(-40.,-34.6,-2.5));
#3273=CARTESIAN_POINT('',(-40.,-34.6,-3.5));
#3274=CARTESIAN_POINT('',(-40.,-35.6,-3.5));
#3275=CARTESIAN_POINT('',(-40.,-36.6,-3.5));
#3276=CARTESIAN_POINT('',(-40.,-36.6,-2.5));
#3277=CARTESIAN_POINT('',(-36.,-18.1,-7.));
#3278=CARTESIAN_POINT('',(-36.,-13.1,-7.));
#3279=CARTESIAN_POINT('',(-36.,-13.1,0.));
#3280=CARTESIAN_POINT('',(-36.,31.,0.));
#3281=CARTESIAN_POINT('',(-36.,31.,-16.));
#3282=CARTESIAN_POINT('',(-36.,-17.2,-16.));
#3283=CARTESIAN_POINT('',(-36.,-17.2,-10.));
#3284=CARTESIAN_POINT('',(-36.,-34.,-10.));
#3285=CARTESIAN_POINT('',(-36.,-34.,-16.));
#3286=CARTESIAN_POINT('',(-36.,-36.,-16.));
#3287=CARTESIAN_POINT('',(-36.,-36.,-7.));
#3288=CARTESIAN_POINT('',(-36.,-33.1,-7.));
#3289=CARTESIAN_POINT('',(-36.,-33.1,0.));
#3290=CARTESIAN_POINT('',(-36.,-18.1,0.));
#3291=CARTESIAN_POINT('',(-31.0715728752538,-33.1,-3.));
#3292=CARTESIAN_POINT('',(-34.,-30.1715728752538,-3.));
#3293=CARTESIAN_POINT('',(-31.0715728752538,-33.1,-5.));
#3294=CARTESIAN_POINT('',(-30.1715728752538,-34.,-5.));
#3295=CARTESIAN_POINT('',(-30.1715728752538,-34.,-10.));
#3296=CARTESIAN_POINT('',(-31.,-33.1715728752538,-10.));
#3297=CARTESIAN_POINT('',(-31.,-33.1715728752538,-8.));
#3298=CARTESIAN_POINT('',(-34.,-30.1715728752538,-8.));
#3299=CARTESIAN_POINT('',(-20.,-34.,-16.));
#3300=CARTESIAN_POINT('',(-18.0201010126777,-32.6,-16.));
#3301=CARTESIAN_POINT('',(18.0201010126777,-32.6,-16.));
#3302=CARTESIAN_POINT('',(20.,-34.,-16.));
#3303=CARTESIAN_POINT('',(36.,-34.,-16.));
#3304=CARTESIAN_POINT('',(36.,-36.,-16.));
#3305=CARTESIAN_POINT('',(-34.,-15.2,-8.));
#3306=CARTESIAN_POINT('',(-34.,-15.2,-11.2));
#3307=CARTESIAN_POINT('',(-34.,-15.,-11.));
#3308=CARTESIAN_POINT('',(-34.,15.,-11.));
#3309=CARTESIAN_POINT('',(-34.,20.,-16.));
#3310=CARTESIAN_POINT('',(-34.,30.1715728752538,-16.));
#3311=CARTESIAN_POINT('',(-34.,30.1715728752538,-3.));
#3312=CARTESIAN_POINT('',(-34.,23.1357864376269,-3.));
#3313=CARTESIAN_POINT('',(-34.,23.1357864376269,0.));
#3314=CARTESIAN_POINT('',(-34.,19.1,0.));
#3315=CARTESIAN_POINT('',(-34.,19.1,-3.));
#3316=CARTESIAN_POINT('',(-34.,16.1,-3.));
#3317=CARTESIAN_POINT('',(-34.,16.1,-2.99954696579339));
#3318=CARTESIAN_POINT('',(-34.,-16.1,-2.99954696579339));
#3319=CARTESIAN_POINT('',(-34.,-16.1,-3.));
#3320=CARTESIAN_POINT('',(-34.,-19.1,-3.));
#3321=CARTESIAN_POINT('',(-34.,-19.1,0.));
#3322=CARTESIAN_POINT('',(-34.,-23.1357864376269,0.));
#3323=CARTESIAN_POINT('',(-34.,-23.1357864376269,-3.));
#3324=CARTESIAN_POINT('',(-32.6,-15.2,-13.1798989873223));
#3325=CARTESIAN_POINT('',(-32.6,-15.2,-14.5715728752539));
#3326=CARTESIAN_POINT('',(-32.6,16.,-14.5715728752539));
#3327=CARTESIAN_POINT('',(-32.6,16.,-16.));
#3328=CARTESIAN_POINT('',(-32.6,18.0201010126777,-16.));
#3329=CARTESIAN_POINT('',(-32.6,14.4201010126777,-12.4));
#3330=CARTESIAN_POINT('',(-32.6,-14.4201010126777,-12.4));
#3331=CARTESIAN_POINT('',(36.,-13.1,0.));
#3332=CARTESIAN_POINT('',(36.,-13.1,-7.));
#3333=CARTESIAN_POINT('',(36.,-18.1,-7.));
#3334=CARTESIAN_POINT('',(36.,-18.1,0.));
#3335=CARTESIAN_POINT('',(36.,-33.1,0.));
#3336=CARTESIAN_POINT('',(36.,-33.1,-7.));
#3337=CARTESIAN_POINT('',(36.,-36.,-7.));
#3338=CARTESIAN_POINT('',(36.,-34.,-10.));
#3339=CARTESIAN_POINT('',(36.,-17.2,-10.));
#3340=CARTESIAN_POINT('',(36.,-17.2,-16.));
#3341=CARTESIAN_POINT('',(36.,31.,-16.));
#3342=CARTESIAN_POINT('',(36.,31.,0.));
#3343=CARTESIAN_POINT('',(34.,-30.1715728752538,-5.));
#3344=CARTESIAN_POINT('',(34.,-30.1715728752538,-3.));
#3345=CARTESIAN_POINT('',(31.,-33.1715728752538,-8.));
#3346=CARTESIAN_POINT('',(31.,-33.1715728752538,-10.));
#3347=CARTESIAN_POINT('',(30.1715728752538,-34.,-10.));
#3348=CARTESIAN_POINT('',(30.1715728752538,-34.,-5.));
#3349=CARTESIAN_POINT('',(31.0715728752538,-33.1,-5.));
#3350=CARTESIAN_POINT('',(31.0715728752538,-33.1,-3.));
#3351=CARTESIAN_POINT('',(-28.,-34.,-5.));
#3352=CARTESIAN_POINT('',(-28.,-34.,-3.));
#3353=CARTESIAN_POINT('',(-23.1357864376269,-34.,-3.));
#3354=CARTESIAN_POINT('',(-23.1357864376269,-34.,0.));
#3355=CARTESIAN_POINT('',(-19.1,-34.,0.));
#3356=CARTESIAN_POINT('',(-19.1,-34.,-3.));
#3357=CARTESIAN_POINT('',(-16.1,-34.,-3.));
#3358=CARTESIAN_POINT('',(-16.1,-34.,-2.99954696579339));
#3359=CARTESIAN_POINT('',(16.1,-34.,-2.99954696579339));
#3360=CARTESIAN_POINT('',(16.1,-34.,-3.));
#3361=CARTESIAN_POINT('',(19.1,-34.,-3.));
#3362=CARTESIAN_POINT('',(19.1,-34.,0.));
#3363=CARTESIAN_POINT('',(23.1357864376269,-34.,0.));
#3364=CARTESIAN_POINT('',(23.1357864376269,-34.,-3.));
#3365=CARTESIAN_POINT('',(28.,-34.,-3.));
#3366=CARTESIAN_POINT('',(28.,-34.,-5.));
#3367=CARTESIAN_POINT('',(15.,-34.,-11.));
#3368=CARTESIAN_POINT('',(-15.,-34.,-11.));
#3369=CARTESIAN_POINT('',(-28.,-36.,0.));
#3370=CARTESIAN_POINT('',(-28.,-36.,-7.));
#3371=CARTESIAN_POINT('',(28.,-36.,-7.));
#3372=CARTESIAN_POINT('',(28.,-36.,0.));
#3373=CARTESIAN_POINT('',(28.,-33.1,-3.));
#3374=CARTESIAN_POINT('',(34.,-23.1357864376269,-3.));
#3375=CARTESIAN_POINT('',(34.,-15.2,-5.));
#3376=CARTESIAN_POINT('',(34.,-15.2,-11.2));
#3377=CARTESIAN_POINT('',(34.,-23.1357864376269,0.));
#3378=CARTESIAN_POINT('',(34.,-19.1,0.));
#3379=CARTESIAN_POINT('',(34.,-19.1,-3.));
#3380=CARTESIAN_POINT('',(34.,-16.1,-3.));
#3381=CARTESIAN_POINT('',(34.,-16.1,-2.99954696579339));
#3382=CARTESIAN_POINT('',(34.,16.1,-2.99954696579339));
#3383=CARTESIAN_POINT('',(34.,16.1,-3.));
#3384=CARTESIAN_POINT('',(34.,19.1,-3.));
#3385=CARTESIAN_POINT('',(34.,19.1,0.));
#3386=CARTESIAN_POINT('',(34.,23.1357864376269,0.));
#3387=CARTESIAN_POINT('',(34.,23.1357864376269,-3.));
#3388=CARTESIAN_POINT('',(34.,30.1715728752538,-3.));
#3389=CARTESIAN_POINT('',(34.,30.1715728752538,-16.));
#3390=CARTESIAN_POINT('',(34.,20.,-16.));
#3391=CARTESIAN_POINT('',(34.,15.,-11.));
#3392=CARTESIAN_POINT('',(34.,-15.,-11.));
#3393=CARTESIAN_POINT('',(34.,-16.,-16.));
#3394=CARTESIAN_POINT('',(31.1715728752539,-16.,-16.));
#3395=CARTESIAN_POINT('',(30.3786796564403,-16.,-16.7928932188135));
#3396=CARTESIAN_POINT('',(30.3786796564403,-16.,-18.2071067811866));
#3397=CARTESIAN_POINT('',(31.1715728752543,-16.,-19.0000000000048));
#3398=CARTESIAN_POINT('',(33.8,-16.,-19.0000000000046));
#3399=CARTESIAN_POINT('',(33.8585786437627,-16.,-18.8585786437627));
#3400=CARTESIAN_POINT('',(32.5,-16.,-17.5));
#3401=CARTESIAN_POINT('',(31.1715728752539,-15.2,-16.));
#3402=CARTESIAN_POINT('',(32.6,-15.2,-14.571572875254));
#3403=CARTESIAN_POINT('',(32.6,16.,-14.571572875254));
#3404=CARTESIAN_POINT('',(30.3786796564403,16.,-16.7928932188136));
#3405=CARTESIAN_POINT('',(32.6,-15.2,-13.1798989873223));
#3406=CARTESIAN_POINT('',(32.6,-14.4201010126777,-12.4));
#3407=CARTESIAN_POINT('',(32.6,14.4201010126777,-12.4));
#3408=CARTESIAN_POINT('',(32.6,18.0201010126777,-16.));
#3409=CARTESIAN_POINT('',(32.6,16.,-16.));
#3410=CARTESIAN_POINT('',(-30.1715728752538,34.,-16.));
#3411=CARTESIAN_POINT('',(-30.1715728752538,34.,-3.));
#3412=CARTESIAN_POINT('',(-20.,34.,-16.));
#3413=CARTESIAN_POINT('',(-15.,34.,-11.));
#3414=CARTESIAN_POINT('',(15.,34.,-11.));
#3415=CARTESIAN_POINT('',(20.,34.,-16.));
#3416=CARTESIAN_POINT('',(30.1715728752538,34.,-16.));
#3417=CARTESIAN_POINT('',(30.1715728752538,34.,-3.));
#3418=CARTESIAN_POINT('',(23.1357864376269,34.,-3.));
#3419=CARTESIAN_POINT('',(23.1357864376269,34.,0.));
#3420=CARTESIAN_POINT('',(19.1,34.,0.));
#3421=CARTESIAN_POINT('',(19.1,34.,-3.));
#3422=CARTESIAN_POINT('',(16.1,34.,-3.));
#3423=CARTESIAN_POINT('',(16.1,34.,-2.99954696579339));
#3424=CARTESIAN_POINT('',(-16.1,34.,-2.9995469657933));
#3425=CARTESIAN_POINT('',(-16.1,34.,-3.));
#3426=CARTESIAN_POINT('',(-19.1,34.,-3.));
#3427=CARTESIAN_POINT('',(-19.1,34.,0.));
#3428=CARTESIAN_POINT('',(-23.1357864376269,34.,0.));
#3429=CARTESIAN_POINT('',(-23.1357864376269,34.,-3.));
#3430=CARTESIAN_POINT('',(-31.,36.,0.));
#3431=CARTESIAN_POINT('',(-31.,36.,-16.));
#3432=CARTESIAN_POINT('',(31.,36.,0.));
#3433=CARTESIAN_POINT('',(31.,36.,-16.));
#3434=CARTESIAN_POINT('',(-30.3786796564403,-16.,-16.7928932188136));
#3435=CARTESIAN_POINT('',(-31.1715728752539,-16.,-16.));
#3436=CARTESIAN_POINT('',(-34.,-16.,-16.));
#3437=CARTESIAN_POINT('',(-32.5,-16.,-17.5));
#3438=CARTESIAN_POINT('',(-33.8585786437627,-16.,-18.8585786437627));
#3439=CARTESIAN_POINT('',(-33.8,-16.,-19.));
#3440=CARTESIAN_POINT('',(-31.1715728752543,-16.,-19.0000000000006));
#3441=CARTESIAN_POINT('',(-30.3786796564403,-16.,-18.2071067811866));
#3442=CARTESIAN_POINT('',(-34.,16.,-16.));
#3443=CARTESIAN_POINT('',(-30.3786796564403,16.,-16.7928932188135));
#3444=CARTESIAN_POINT('',(-30.3786796564403,16.,-18.2071067811866));
#3445=CARTESIAN_POINT('',(-31.1715728752543,16.,-19.0000000000006));
#3446=CARTESIAN_POINT('',(-33.8,16.,-19.));
#3447=CARTESIAN_POINT('',(-33.8585786437627,16.,-18.8585786437627));
#3448=CARTESIAN_POINT('',(-32.5,16.,-17.5));
#3449=CARTESIAN_POINT('',(34.,16.,-16.));
#3450=CARTESIAN_POINT('',(32.5,16.,-17.5));
#3451=CARTESIAN_POINT('',(33.8585786437627,16.,-18.8585786437627));
#3452=CARTESIAN_POINT('',(33.8,16.,-19.0000000000046));
#3453=CARTESIAN_POINT('',(31.1715728752543,16.,-19.0000000000048));
#3454=CARTESIAN_POINT('',(30.3786796564403,16.,-18.2071067811866));
#3455=CARTESIAN_POINT('',(-31.,-17.2,-16.));
#3456=CARTESIAN_POINT('',(31.,-17.2,-16.));
#3457=CARTESIAN_POINT('',(31.,-15.2,-16.));
#3458=CARTESIAN_POINT('',(18.0201010126777,32.6,-16.));
#3459=CARTESIAN_POINT('',(-18.0201010126777,32.6,-16.));
#3460=CARTESIAN_POINT('',(-31.1715728752539,-15.2,-16.));
#3461=CARTESIAN_POINT('',(-31.,-15.2,-16.));
#3462=CARTESIAN_POINT('',(14.4201010126777,32.6,-12.4));
#3463=CARTESIAN_POINT('',(-14.4201010126777,32.6,-12.4));
#3464=CARTESIAN_POINT('',(-14.4201010126777,-32.6,-12.4));
#3465=CARTESIAN_POINT('',(14.4201010126777,-32.6,-12.4));
#3466=CARTESIAN_POINT('',(-19.1,-31.,0.));
#3467=CARTESIAN_POINT('',(-16.1,-31.,0.));
#3468=CARTESIAN_POINT('',(-16.1,-31.,-3.));
#3469=CARTESIAN_POINT('',(-19.1,-31.,-3.));
#3470=CARTESIAN_POINT('',(16.1,-32.5002265171034,-1.49977348289669));
#3471=CARTESIAN_POINT('',(16.1,-34.,0.));
#3472=CARTESIAN_POINT('',(-16.1,-32.5002265171034,-1.49977348289669));
#3473=CARTESIAN_POINT('',(-16.1,-34.,0.));
#3474=CARTESIAN_POINT('',(19.1,-31.,0.));
#3475=CARTESIAN_POINT('',(16.1,-31.,0.));
#3476=CARTESIAN_POINT('',(19.1,-31.,-3.));
#3477=CARTESIAN_POINT('',(16.1,-31.,-3.));
#3478=CARTESIAN_POINT('',(31.,-19.1,0.));
#3479=CARTESIAN_POINT('',(31.,-16.1,0.));
#3480=CARTESIAN_POINT('',(31.,-16.1,-3.));
#3481=CARTESIAN_POINT('',(31.,-19.1,-3.));
#3482=CARTESIAN_POINT('',(32.5002265171034,16.1,-1.49977348289669));
#3483=CARTESIAN_POINT('',(34.,16.1,0.));
#3484=CARTESIAN_POINT('',(32.5002265171034,-16.1,-1.49977348289669));
#3485=CARTESIAN_POINT('',(34.,-16.1,0.));
#3486=CARTESIAN_POINT('',(31.,19.1,0.));
#3487=CARTESIAN_POINT('',(31.,16.1,0.));
#3488=CARTESIAN_POINT('',(31.,19.1,-3.));
#3489=CARTESIAN_POINT('',(31.,16.1,-3.));
#3490=CARTESIAN_POINT('',(19.1,31.,0.));
#3491=CARTESIAN_POINT('',(16.1,31.,0.));
#3492=CARTESIAN_POINT('',(16.1,31.,-3.));
#3493=CARTESIAN_POINT('',(19.1,31.,-3.));
#3494=CARTESIAN_POINT('',(-16.1,32.5002265171034,-1.49977348289669));
#3495=CARTESIAN_POINT('',(-16.1,34.,0.));
#3496=CARTESIAN_POINT('',(16.1,32.5002265171034,-1.49977348289669));
#3497=CARTESIAN_POINT('',(16.1,34.,0.));
#3498=CARTESIAN_POINT('',(-19.1,31.,0.));
#3499=CARTESIAN_POINT('',(-16.1,31.,0.));
#3500=CARTESIAN_POINT('',(-19.1,31.,-3.));
#3501=CARTESIAN_POINT('',(-16.1,31.,-3.));
#3502=CARTESIAN_POINT('',(-31.,19.1,0.));
#3503=CARTESIAN_POINT('',(-31.,16.1,0.));
#3504=CARTESIAN_POINT('',(-31.,16.1,-3.));
#3505=CARTESIAN_POINT('',(-31.,19.1,-3.));
#3506=CARTESIAN_POINT('',(-32.5002265171034,-16.1,-1.49977348289669));
#3507=CARTESIAN_POINT('',(-34.,-16.1,0.));
#3508=CARTESIAN_POINT('',(-32.5002265171034,16.1,-1.49977348289669));
#3509=CARTESIAN_POINT('',(-34.,16.1,0.));
#3510=CARTESIAN_POINT('',(-31.,-19.1,0.));
#3511=CARTESIAN_POINT('',(-31.,-16.1,0.));
#3512=CARTESIAN_POINT('',(-31.,-19.1,-3.));
#3513=CARTESIAN_POINT('',(-31.,-16.1,-3.));
#3514=CARTESIAN_POINT('',(-28.,-33.1,-3.));
#3515=CARTESIAN_POINT('',(-38.,-38.1,0.));
#3516=CARTESIAN_POINT('',(-30.,-38.1,0.));
#3517=CARTESIAN_POINT('',(-28.,-36.1,0.));
#3518=CARTESIAN_POINT('',(28.,-36.1,0.));
#3519=CARTESIAN_POINT('',(30.,-38.1,0.));
#3520=CARTESIAN_POINT('',(38.,-38.1,0.));
#3521=CARTESIAN_POINT('',(38.,-33.1,0.));
#3522=CARTESIAN_POINT('',(38.,-18.1,0.));
#3523=CARTESIAN_POINT('',(38.,-13.1,0.));
#3524=CARTESIAN_POINT('',(-38.,-13.1,0.));
#3525=CARTESIAN_POINT('',(-38.,-18.1,0.));
#3526=CARTESIAN_POINT('',(-38.,-33.1,0.));
#3527=CARTESIAN_POINT('',(31.,-15.2,-8.));
#3528=CARTESIAN_POINT('',(31.,-17.2,-10.));
#3529=CARTESIAN_POINT('',(28.,-33.1,-5.));
#3530=CARTESIAN_POINT('',(30.,-38.1,-5.));
#3531=CARTESIAN_POINT('',(38.,-38.1,-5.));
#3532=CARTESIAN_POINT('',(29.9,-38.,-5.));
#3533=CARTESIAN_POINT('',(38.,-38.,-5.));
#3534=CARTESIAN_POINT('',(28.,-36.1,-6.9));
#3535=CARTESIAN_POINT('',(38.,-18.1,-5.));
#3536=CARTESIAN_POINT('',(38.,-16.6,-2.5));
#3537=CARTESIAN_POINT('',(38.,-15.6,-3.5));
#3538=CARTESIAN_POINT('',(35.,-16.6,-2.5));
#3539=CARTESIAN_POINT('',(35.,-15.6,-3.5));
#3540=CARTESIAN_POINT('',(38.,-13.1,-5.));
#3541=CARTESIAN_POINT('',(38.,-15.6,-1.5));
#3542=CARTESIAN_POINT('',(38.,-33.1,-5.));
#3543=CARTESIAN_POINT('',(38.,-35.6,-3.5));
#3544=CARTESIAN_POINT('',(38.,-35.6,-1.5));
#3545=CARTESIAN_POINT('',(30.,-35.6,-3.5));
#3546=CARTESIAN_POINT('',(30.,-35.6,-1.5));
#3547=CARTESIAN_POINT('',(30.,-34.6,-2.5));
#3548=CARTESIAN_POINT('',(38.,-34.6,-2.5));
#3549=CARTESIAN_POINT('',(35.,-15.6,-1.5));
#3550=CARTESIAN_POINT('',(-31.,-15.2,-8.));
#3551=CARTESIAN_POINT('',(-31.,-17.2,-10.));
#3552=CARTESIAN_POINT('',(-28.,-33.1,-5.));
#3553=CARTESIAN_POINT('',(-38.,-38.1,-5.));
#3554=CARTESIAN_POINT('',(-38.,-38.,-5.));
#3555=CARTESIAN_POINT('',(-29.9,-38.,-5.));
#3556=CARTESIAN_POINT('',(-30.,-38.1,-5.));
#3557=CARTESIAN_POINT('',(-28.,-36.1,-6.9));
#3558=CARTESIAN_POINT('',(-38.,-13.1,-5.));
#3559=CARTESIAN_POINT('',(-38.,-14.6,-2.5));
#3560=CARTESIAN_POINT('',(-38.,-15.6,-3.5));
#3561=CARTESIAN_POINT('',(-35.,-14.6,-2.5));
#3562=CARTESIAN_POINT('',(-35.,-15.6,-3.5));
#3563=CARTESIAN_POINT('',(-38.,-18.1,-5.));
#3564=CARTESIAN_POINT('',(-38.,-15.6,-1.5));
#3565=CARTESIAN_POINT('',(-38.,-33.1,-5.));
#3566=CARTESIAN_POINT('',(-38.,-35.6,-3.5));
#3567=CARTESIAN_POINT('',(-38.,-35.6,-1.5));
#3568=CARTESIAN_POINT('',(-30.,-35.6,-3.5));
#3569=CARTESIAN_POINT('',(-30.,-35.6,-1.5));
#3570=CARTESIAN_POINT('',(-30.,-36.6,-2.5));
#3571=CARTESIAN_POINT('',(-38.,-36.6,-2.5));
#3572=CARTESIAN_POINT('',(-35.,-15.6,-1.5));
#3573=CARTESIAN_POINT('',(38.,-14.6,-2.5));
#3574=CARTESIAN_POINT('',(35.,-14.6,-2.5));
#3575=CARTESIAN_POINT('',(30.,-36.6,-2.5));
#3576=CARTESIAN_POINT('',(38.,-36.6,-2.5));
#3577=CARTESIAN_POINT('',(-38.,-16.6,-2.5));
#3578=CARTESIAN_POINT('',(-35.,-16.6,-2.5));
#3579=CARTESIAN_POINT('',(-30.,-34.6,-2.5));
#3580=CARTESIAN_POINT('',(-38.,-34.6,-2.5));
#3581=CARTESIAN_POINT('',(-36.,-18.1,-7.));
#3582=CARTESIAN_POINT('',(-36.,-13.1,-7.));
#3583=CARTESIAN_POINT('',(-36.,-13.1,-7.));
#3584=CARTESIAN_POINT('',(-36.,-13.1,0.));
#3585=CARTESIAN_POINT('',(-36.,-13.1,0.));
#3586=CARTESIAN_POINT('',(-36.,31.,0.));
#3587=CARTESIAN_POINT('',(-36.,31.,0.));
#3588=CARTESIAN_POINT('',(-36.,31.,-16.));
#3589=CARTESIAN_POINT('',(-36.,31.,-16.));
#3590=CARTESIAN_POINT('',(-36.,-17.2,-16.));
#3591=CARTESIAN_POINT('',(-36.,-17.2,-16.));
#3592=CARTESIAN_POINT('',(-36.,-17.2,-10.));
#3593=CARTESIAN_POINT('',(-36.,-17.2,-10.));
#3594=CARTESIAN_POINT('',(-36.,-34.,-10.));
#3595=CARTESIAN_POINT('',(-36.,-34.,-10.));
#3596=CARTESIAN_POINT('',(-36.,-34.,-16.));
#3597=CARTESIAN_POINT('',(-36.,-34.,-16.));
#3598=CARTESIAN_POINT('',(-36.,-36.,-16.));
#3599=CARTESIAN_POINT('',(-36.,-36.,-16.));
#3600=CARTESIAN_POINT('',(-36.,-36.,-7.));
#3601=CARTESIAN_POINT('',(-36.,-36.,-7.));
#3602=CARTESIAN_POINT('',(-36.,-33.1,-7.));
#3603=CARTESIAN_POINT('',(-36.,-33.1,-7.));
#3604=CARTESIAN_POINT('',(-36.,-33.1,0.));
#3605=CARTESIAN_POINT('',(-36.,-33.1,0.));
#3606=CARTESIAN_POINT('',(-36.,-18.1,0.));
#3607=CARTESIAN_POINT('',(-36.,-18.1,0.));
#3608=CARTESIAN_POINT('',(-36.,-18.1,-7.));
#3609=CARTESIAN_POINT('',(-31.0715728752538,-33.1,-3.));
#3610=CARTESIAN_POINT('',(-34.,-30.1715728752538,-3.));
#3611=CARTESIAN_POINT('',(-31.0715728752538,-33.1,-5.));
#3612=CARTESIAN_POINT('',(-31.0715728752538,-33.1,-3.));
#3613=CARTESIAN_POINT('',(-30.1715728752538,-34.,-5.));
#3614=CARTESIAN_POINT('',(-31.0715728752538,-33.1,-5.));
#3615=CARTESIAN_POINT('',(-30.1715728752538,-34.,-10.));
#3616=CARTESIAN_POINT('',(-30.1715728752538,-34.,-5.));
#3617=CARTESIAN_POINT('',(-31.,-33.1715728752538,-10.));
#3618=CARTESIAN_POINT('',(-30.1715728752538,-34.,-10.));
#3619=CARTESIAN_POINT('',(-31.,-33.1715728752538,-8.));
#3620=CARTESIAN_POINT('',(-31.,-33.1715728752538,-10.));
#3621=CARTESIAN_POINT('',(-34.,-30.1715728752538,-8.));
#3622=CARTESIAN_POINT('',(-31.,-33.1715728752538,-8.));
#3623=CARTESIAN_POINT('',(-34.,-30.1715728752538,-3.));
#3624=CARTESIAN_POINT('',(-34.,-30.1715728752538,-8.));
#3625=CARTESIAN_POINT('',(-20.,-34.,-16.));
#3626=CARTESIAN_POINT('',(-36.,-34.,-16.));
#3627=CARTESIAN_POINT('',(-18.0201010126777,-32.6,-16.));
#3628=CARTESIAN_POINT('',(-20.,-34.,-16.));
#3629=CARTESIAN_POINT('',(18.0201010126777,-32.6,-16.));
#3630=CARTESIAN_POINT('',(-18.0201010126777,-32.6,-16.));
#3631=CARTESIAN_POINT('',(20.,-34.,-16.));
#3632=CARTESIAN_POINT('',(18.0201010126777,-32.6,-16.));
#3633=CARTESIAN_POINT('',(36.,-34.,-16.));
#3634=CARTESIAN_POINT('',(20.,-34.,-16.));
#3635=CARTESIAN_POINT('',(36.,-36.,-16.));
#3636=CARTESIAN_POINT('',(36.,-34.,-16.));
#3637=CARTESIAN_POINT('',(-36.,-36.,-16.));
#3638=CARTESIAN_POINT('',(36.,-36.,-16.));
#3639=CARTESIAN_POINT('',(-34.,-15.2,-8.));
#3640=CARTESIAN_POINT('',(-34.,-30.1715728752538,-8.));
#3641=CARTESIAN_POINT('',(-34.,-15.2,-11.2));
#3642=CARTESIAN_POINT('',(-34.,-15.2,-8.));
#3643=CARTESIAN_POINT('',(-34.,15.,-11.));
#3644=CARTESIAN_POINT('',(-34.,-15.,-11.));
#3645=CARTESIAN_POINT('',(-34.,30.1715728752538,-16.));
#3646=CARTESIAN_POINT('',(-34.,20.,-16.));
#3647=CARTESIAN_POINT('',(-34.,30.1715728752538,-3.));
#3648=CARTESIAN_POINT('',(-34.,30.1715728752538,-16.));
#3649=CARTESIAN_POINT('',(-34.,23.1357864376269,-3.));
#3650=CARTESIAN_POINT('',(-34.,30.1715728752538,-3.));
#3651=CARTESIAN_POINT('',(-34.,23.1357864376269,0.));
#3652=CARTESIAN_POINT('',(-34.,23.1357864376269,-3.));
#3653=CARTESIAN_POINT('',(-34.,19.1,0.));
#3654=CARTESIAN_POINT('',(-34.,23.1357864376269,0.));
#3655=CARTESIAN_POINT('',(-34.,19.1,-3.));
#3656=CARTESIAN_POINT('',(-34.,19.1,0.));
#3657=CARTESIAN_POINT('',(-34.,16.1,-3.));
#3658=CARTESIAN_POINT('',(-34.,19.1,-3.));
#3659=CARTESIAN_POINT('',(-34.,16.1,-2.99954696579339));
#3660=CARTESIAN_POINT('',(-34.,16.1,-3.));
#3661=CARTESIAN_POINT('',(-34.,-16.1,-2.99954696579339));
#3662=CARTESIAN_POINT('',(-34.,16.1,-2.99954696579339));
#3663=CARTESIAN_POINT('',(-34.,-16.1,-3.));
#3664=CARTESIAN_POINT('',(-34.,-16.1,-2.99954696579339));
#3665=CARTESIAN_POINT('',(-34.,-19.1,-3.));
#3666=CARTESIAN_POINT('',(-34.,-16.1,-3.));
#3667=CARTESIAN_POINT('',(-34.,-19.1,0.));
#3668=CARTESIAN_POINT('',(-34.,-19.1,-3.));
#3669=CARTESIAN_POINT('',(-34.,-23.1357864376269,0.));
#3670=CARTESIAN_POINT('',(-34.,-19.1,0.));
#3671=CARTESIAN_POINT('',(-34.,-23.1357864376269,-3.));
#3672=CARTESIAN_POINT('',(-34.,-23.1357864376269,0.));
#3673=CARTESIAN_POINT('',(-34.,-30.1715728752538,-3.));
#3674=CARTESIAN_POINT('',(-34.,-23.1357864376269,-3.));
#3675=CARTESIAN_POINT('',(-32.6,-15.2,-13.1798989873223));
#3676=CARTESIAN_POINT('',(-32.6,-15.2,-14.5715728752539));
#3677=CARTESIAN_POINT('',(-32.6,-15.2,-14.5715728752539));
#3678=CARTESIAN_POINT('',(-32.6,16.,-14.5715728752539));
#3679=CARTESIAN_POINT('',(-32.6,16.,-14.5715728752539));
#3680=CARTESIAN_POINT('',(-32.6,16.,-16.));
#3681=CARTESIAN_POINT('',(-32.6,16.,-16.));
#3682=CARTESIAN_POINT('',(-32.6,18.0201010126777,-16.));
#3683=CARTESIAN_POINT('',(-32.6,14.4201010126777,-12.4));
#3684=CARTESIAN_POINT('',(-32.6,-14.4201010126777,-12.4));
#3685=CARTESIAN_POINT('',(-32.6,-14.4201010126777,-12.4));
#3686=CARTESIAN_POINT('',(-32.6,-15.2,-13.1798989873223));
#3687=CARTESIAN_POINT('',(-34.,-15.,-11.));
#3688=CARTESIAN_POINT('',(-34.,-15.2,-11.2));
#3689=CARTESIAN_POINT('',(36.,-13.1,0.));
#3690=CARTESIAN_POINT('',(36.,-13.1,-7.));
#3691=CARTESIAN_POINT('',(36.,-13.1,-7.));
#3692=CARTESIAN_POINT('',(36.,-18.1,-7.));
#3693=CARTESIAN_POINT('',(36.,-18.1,-7.));
#3694=CARTESIAN_POINT('',(36.,-18.1,0.));
#3695=CARTESIAN_POINT('',(36.,-18.1,0.));
#3696=CARTESIAN_POINT('',(36.,-33.1,0.));
#3697=CARTESIAN_POINT('',(36.,-33.1,0.));
#3698=CARTESIAN_POINT('',(36.,-33.1,-7.));
#3699=CARTESIAN_POINT('',(36.,-33.1,-7.));
#3700=CARTESIAN_POINT('',(36.,-36.,-7.));
#3701=CARTESIAN_POINT('',(36.,-36.,-7.));
#3702=CARTESIAN_POINT('',(36.,-36.,-16.));
#3703=CARTESIAN_POINT('',(36.,-34.,-16.));
#3704=CARTESIAN_POINT('',(36.,-34.,-10.));
#3705=CARTESIAN_POINT('',(36.,-34.,-10.));
#3706=CARTESIAN_POINT('',(36.,-17.2,-10.));
#3707=CARTESIAN_POINT('',(36.,-17.2,-10.));
#3708=CARTESIAN_POINT('',(36.,-17.2,-16.));
#3709=CARTESIAN_POINT('',(36.,-17.2,-16.));
#3710=CARTESIAN_POINT('',(36.,31.,-16.));
#3711=CARTESIAN_POINT('',(36.,31.,-16.));
#3712=CARTESIAN_POINT('',(36.,31.,0.));
#3713=CARTESIAN_POINT('',(36.,31.,0.));
#3714=CARTESIAN_POINT('',(36.,-13.1,0.));
#3715=CARTESIAN_POINT('',(34.,-30.1715728752538,-5.));
#3716=CARTESIAN_POINT('',(34.,-30.1715728752538,-3.));
#3717=CARTESIAN_POINT('',(31.,-33.1715728752538,-8.));
#3718=CARTESIAN_POINT('',(34.,-30.1715728752538,-5.));
#3719=CARTESIAN_POINT('',(31.,-33.1715728752538,-10.));
#3720=CARTESIAN_POINT('',(31.,-33.1715728752538,-8.));
#3721=CARTESIAN_POINT('',(30.1715728752538,-34.,-10.));
#3722=CARTESIAN_POINT('',(31.,-33.1715728752538,-10.));
#3723=CARTESIAN_POINT('',(30.1715728752538,-34.,-5.));
#3724=CARTESIAN_POINT('',(30.1715728752538,-34.,-10.));
#3725=CARTESIAN_POINT('',(31.0715728752538,-33.1,-5.));
#3726=CARTESIAN_POINT('',(30.1715728752538,-34.,-5.));
#3727=CARTESIAN_POINT('',(31.0715728752538,-33.1,-3.));
#3728=CARTESIAN_POINT('',(31.0715728752538,-33.1,-5.));
#3729=CARTESIAN_POINT('',(34.,-30.1715728752538,-3.));
#3730=CARTESIAN_POINT('',(31.0715728752538,-33.1,-3.));
#3731=CARTESIAN_POINT('',(-28.,-34.,-5.));
#3732=CARTESIAN_POINT('',(-30.1715728752538,-34.,-5.));
#3733=CARTESIAN_POINT('',(-28.,-34.,-3.));
#3734=CARTESIAN_POINT('',(-28.,-34.,-5.));
#3735=CARTESIAN_POINT('',(-23.1357864376269,-34.,-3.));
#3736=CARTESIAN_POINT('',(-28.,-34.,-3.));
#3737=CARTESIAN_POINT('',(-23.1357864376269,-34.,0.));
#3738=CARTESIAN_POINT('',(-23.1357864376269,-34.,-3.));
#3739=CARTESIAN_POINT('',(-19.1,-34.,0.));
#3740=CARTESIAN_POINT('',(-23.1357864376269,-34.,0.));
#3741=CARTESIAN_POINT('',(-19.1,-34.,-3.));
#3742=CARTESIAN_POINT('',(-19.1,-34.,0.));
#3743=CARTESIAN_POINT('',(-16.1,-34.,-3.));
#3744=CARTESIAN_POINT('',(-19.1,-34.,-3.));
#3745=CARTESIAN_POINT('',(-16.1,-34.,-2.99954696579339));
#3746=CARTESIAN_POINT('',(-16.1,-34.,-3.));
#3747=CARTESIAN_POINT('',(16.1,-34.,-2.99954696579339));
#3748=CARTESIAN_POINT('',(-16.1,-34.,-2.99954696579339));
#3749=CARTESIAN_POINT('',(16.1,-34.,-3.));
#3750=CARTESIAN_POINT('',(16.1,-34.,-2.99954696579339));
#3751=CARTESIAN_POINT('',(19.1,-34.,-3.));
#3752=CARTESIAN_POINT('',(16.1,-34.,-3.));
#3753=CARTESIAN_POINT('',(19.1,-34.,0.));
#3754=CARTESIAN_POINT('',(19.1,-34.,-3.));
#3755=CARTESIAN_POINT('',(23.1357864376269,-34.,0.));
#3756=CARTESIAN_POINT('',(19.1,-34.,0.));
#3757=CARTESIAN_POINT('',(23.1357864376269,-34.,-3.));
#3758=CARTESIAN_POINT('',(23.1357864376269,-34.,0.));
#3759=CARTESIAN_POINT('',(28.,-34.,-3.));
#3760=CARTESIAN_POINT('',(23.1357864376269,-34.,-3.));
#3761=CARTESIAN_POINT('',(28.,-34.,-5.));
#3762=CARTESIAN_POINT('',(28.,-34.,-3.));
#3763=CARTESIAN_POINT('',(30.1715728752538,-34.,-5.));
#3764=CARTESIAN_POINT('',(28.,-34.,-5.));
#3765=CARTESIAN_POINT('',(36.,-34.,-10.));
#3766=CARTESIAN_POINT('',(30.1715728752538,-34.,-10.));
#3767=CARTESIAN_POINT('',(-15.,-34.,-11.));
#3768=CARTESIAN_POINT('',(15.,-34.,-11.));
#3769=CARTESIAN_POINT('',(-30.1715728752538,-34.,-10.));
#3770=CARTESIAN_POINT('',(-36.,-34.,-10.));
#3771=CARTESIAN_POINT('',(-28.,-36.,0.));
#3772=CARTESIAN_POINT('',(-28.,-36.,-7.));
#3773=CARTESIAN_POINT('',(-28.,-36.,-7.));
#3774=CARTESIAN_POINT('',(-36.,-36.,-7.));
#3775=CARTESIAN_POINT('',(36.,-36.,-7.));
#3776=CARTESIAN_POINT('',(28.,-36.,-7.));
#3777=CARTESIAN_POINT('',(28.,-36.,-7.));
#3778=CARTESIAN_POINT('',(28.,-36.,0.));
#3779=CARTESIAN_POINT('',(28.,-36.,0.));
#3780=CARTESIAN_POINT('',(-28.,-36.,0.));
#3781=CARTESIAN_POINT('',(28.,-33.1,-3.));
#3782=CARTESIAN_POINT('',(31.0715728752538,-33.1,-3.));
#3783=CARTESIAN_POINT('',(28.,-34.,-3.));
#3784=CARTESIAN_POINT('',(28.,-33.1,-3.));
#3785=CARTESIAN_POINT('',(34.,-30.1715728752538,-3.));
#3786=CARTESIAN_POINT('',(34.,-23.1357864376269,-3.));
#3787=CARTESIAN_POINT('',(34.,-15.2,-5.));
#3788=CARTESIAN_POINT('',(34.,-15.2,-11.2));
#3789=CARTESIAN_POINT('',(34.,-30.1715728752538,-5.));
#3790=CARTESIAN_POINT('',(34.,-15.2,-5.));
#3791=CARTESIAN_POINT('',(34.,-23.1357864376269,0.));
#3792=CARTESIAN_POINT('',(34.,-23.1357864376269,-3.));
#3793=CARTESIAN_POINT('',(34.,-19.1,0.));
#3794=CARTESIAN_POINT('',(34.,-23.1357864376269,0.));
#3795=CARTESIAN_POINT('',(34.,-19.1,-3.));
#3796=CARTESIAN_POINT('',(34.,-19.1,0.));
#3797=CARTESIAN_POINT('',(34.,-16.1,-3.));
#3798=CARTESIAN_POINT('',(34.,-19.1,-3.));
#3799=CARTESIAN_POINT('',(34.,-16.1,-2.99954696579339));
#3800=CARTESIAN_POINT('',(34.,-16.1,-3.));
#3801=CARTESIAN_POINT('',(34.,16.1,-2.99954696579339));
#3802=CARTESIAN_POINT('',(34.,-16.1,-2.99954696579339));
#3803=CARTESIAN_POINT('',(34.,16.1,-3.));
#3804=CARTESIAN_POINT('',(34.,16.1,-2.99954696579339));
#3805=CARTESIAN_POINT('',(34.,19.1,-3.));
#3806=CARTESIAN_POINT('',(34.,16.1,-3.));
#3807=CARTESIAN_POINT('',(34.,19.1,0.));
#3808=CARTESIAN_POINT('',(34.,19.1,-3.));
#3809=CARTESIAN_POINT('',(34.,23.1357864376269,0.));
#3810=CARTESIAN_POINT('',(34.,19.1,0.));
#3811=CARTESIAN_POINT('',(34.,23.1357864376269,-3.));
#3812=CARTESIAN_POINT('',(34.,23.1357864376269,0.));
#3813=CARTESIAN_POINT('',(34.,30.1715728752538,-3.));
#3814=CARTESIAN_POINT('',(34.,23.1357864376269,-3.));
#3815=CARTESIAN_POINT('',(34.,30.1715728752538,-16.));
#3816=CARTESIAN_POINT('',(34.,30.1715728752538,-3.));
#3817=CARTESIAN_POINT('',(34.,20.,-16.));
#3818=CARTESIAN_POINT('',(34.,30.1715728752538,-16.));
#3819=CARTESIAN_POINT('',(34.,-15.,-11.));
#3820=CARTESIAN_POINT('',(34.,15.,-11.));
#3821=CARTESIAN_POINT('',(34.,-16.,-16.));
#3822=CARTESIAN_POINT('',(31.1715728752539,-16.,-16.));
#3823=CARTESIAN_POINT('',(30.3786796564403,-16.,-16.7928932188135));
#3824=CARTESIAN_POINT('',(30.3786796564403,-16.,-18.2071067811866));
#3825=CARTESIAN_POINT('',(31.1715728752543,-16.,-19.0000000000048));
#3826=CARTESIAN_POINT('',(33.8,-16.,-19.0000000000046));
#3827=CARTESIAN_POINT('',(31.1715728752539,-16.,-16.));
#3828=CARTESIAN_POINT('',(30.3786796564403,-16.,-16.7928932188135));
#3829=CARTESIAN_POINT('',(31.1715728752539,-16.,-16.));
#3830=CARTESIAN_POINT('',(31.1715728752539,-15.2,-16.));
#3831=CARTESIAN_POINT('',(31.1715728752539,-15.2,-16.));
#3832=CARTESIAN_POINT('',(32.6,-15.2,-14.571572875254));
#3833=CARTESIAN_POINT('',(32.6,-15.2,-14.571572875254));
#3834=CARTESIAN_POINT('',(32.6,16.,-14.571572875254));
#3835=CARTESIAN_POINT('',(32.6,16.,-14.571572875254));
#3836=CARTESIAN_POINT('',(30.3786796564403,16.,-16.7928932188136));
#3837=CARTESIAN_POINT('',(30.3786796564403,16.,-16.7928932188136));
#3838=CARTESIAN_POINT('',(30.3786796564403,-16.,-16.7928932188135));
#3839=CARTESIAN_POINT('',(32.6,-15.2,-14.571572875254));
#3840=CARTESIAN_POINT('',(32.6,-15.2,-13.1798989873223));
#3841=CARTESIAN_POINT('',(32.6,-14.4201010126777,-12.4));
#3842=CARTESIAN_POINT('',(32.6,14.4201010126777,-12.4));
#3843=CARTESIAN_POINT('',(32.6,18.0201010126777,-16.));
#3844=CARTESIAN_POINT('',(32.6,16.,-16.));
#3845=CARTESIAN_POINT('',(32.6,16.,-16.));
#3846=CARTESIAN_POINT('',(32.6,16.,-14.571572875254));
#3847=CARTESIAN_POINT('',(32.6,-15.2,-13.1798989873223));
#3848=CARTESIAN_POINT('',(32.6,-14.4201010126777,-12.4));
#3849=CARTESIAN_POINT('',(34.,-15.2,-11.2));
#3850=CARTESIAN_POINT('',(34.,-15.,-11.));
#3851=CARTESIAN_POINT('',(-30.1715728752538,34.,-16.));
#3852=CARTESIAN_POINT('',(-30.1715728752538,34.,-3.));
#3853=CARTESIAN_POINT('',(-20.,34.,-16.));
#3854=CARTESIAN_POINT('',(-30.1715728752538,34.,-16.));
#3855=CARTESIAN_POINT('',(15.,34.,-11.));
#3856=CARTESIAN_POINT('',(-15.,34.,-11.));
#3857=CARTESIAN_POINT('',(30.1715728752538,34.,-16.));
#3858=CARTESIAN_POINT('',(20.,34.,-16.));
#3859=CARTESIAN_POINT('',(30.1715728752538,34.,-3.));
#3860=CARTESIAN_POINT('',(30.1715728752538,34.,-16.));
#3861=CARTESIAN_POINT('',(23.1357864376269,34.,-3.));
#3862=CARTESIAN_POINT('',(30.1715728752538,34.,-3.));
#3863=CARTESIAN_POINT('',(23.1357864376269,34.,0.));
#3864=CARTESIAN_POINT('',(23.1357864376269,34.,-3.));
#3865=CARTESIAN_POINT('',(19.1,34.,0.));
#3866=CARTESIAN_POINT('',(23.1357864376269,34.,0.));
#3867=CARTESIAN_POINT('',(19.1,34.,-3.));
#3868=CARTESIAN_POINT('',(19.1,34.,0.));
#3869=CARTESIAN_POINT('',(16.1,34.,-3.));
#3870=CARTESIAN_POINT('',(19.1,34.,-3.));
#3871=CARTESIAN_POINT('',(16.1,34.,-2.99954696579339));
#3872=CARTESIAN_POINT('',(16.1,34.,-3.));
#3873=CARTESIAN_POINT('',(-16.1,34.,-2.9995469657933));
#3874=CARTESIAN_POINT('',(16.1,34.,-2.99954696579339));
#3875=CARTESIAN_POINT('',(-16.1,34.,-3.));
#3876=CARTESIAN_POINT('',(-16.1,34.,-2.9995469657933));
#3877=CARTESIAN_POINT('',(-19.1,34.,-3.));
#3878=CARTESIAN_POINT('',(-16.1,34.,-3.));
#3879=CARTESIAN_POINT('',(-19.1,34.,0.));
#3880=CARTESIAN_POINT('',(-19.1,34.,-3.));
#3881=CARTESIAN_POINT('',(-23.1357864376269,34.,0.));
#3882=CARTESIAN_POINT('',(-19.1,34.,0.));
#3883=CARTESIAN_POINT('',(-23.1357864376269,34.,-3.));
#3884=CARTESIAN_POINT('',(-23.1357864376269,34.,0.));
#3885=CARTESIAN_POINT('',(-30.1715728752538,34.,-3.));
#3886=CARTESIAN_POINT('',(-23.1357864376269,34.,-3.));
#3887=CARTESIAN_POINT('',(-31.,36.,0.));
#3888=CARTESIAN_POINT('',(-31.,36.,-16.));
#3889=CARTESIAN_POINT('',(-31.,36.,-16.));
#3890=CARTESIAN_POINT('',(-36.,31.,-16.));
#3891=CARTESIAN_POINT('',(-36.,31.,0.));
#3892=CARTESIAN_POINT('',(-31.,36.,0.));
#3893=CARTESIAN_POINT('',(-31.,36.,0.));
#3894=CARTESIAN_POINT('',(31.,36.,0.));
#3895=CARTESIAN_POINT('',(31.,36.,0.));
#3896=CARTESIAN_POINT('',(31.,36.,-16.));
#3897=CARTESIAN_POINT('',(31.,36.,-16.));
#3898=CARTESIAN_POINT('',(-31.,36.,-16.));
#3899=CARTESIAN_POINT('',(36.,31.,-16.));
#3900=CARTESIAN_POINT('',(31.,36.,-16.));
#3901=CARTESIAN_POINT('',(36.,31.,0.));
#3902=CARTESIAN_POINT('',(31.,36.,0.));
#3903=CARTESIAN_POINT('',(-34.,30.1715728752538,-16.));
#3904=CARTESIAN_POINT('',(-30.1715728752538,34.,-16.));
#3905=CARTESIAN_POINT('',(-30.1715728752538,34.,-3.));
#3906=CARTESIAN_POINT('',(-34.,30.1715728752538,-3.));
#3907=CARTESIAN_POINT('',(30.1715728752538,34.,-16.));
#3908=CARTESIAN_POINT('',(34.,30.1715728752538,-16.));
#3909=CARTESIAN_POINT('',(34.,30.1715728752538,-3.));
#3910=CARTESIAN_POINT('',(30.1715728752538,34.,-3.));
#3911=CARTESIAN_POINT('',(-31.1715728752539,-16.,-16.));
#3912=CARTESIAN_POINT('',(-34.,-16.,-16.));
#3913=CARTESIAN_POINT('',(-33.8,-16.,-19.));
#3914=CARTESIAN_POINT('',(-31.1715728752543,-16.,-19.0000000000006));
#3915=CARTESIAN_POINT('',(-30.3786796564403,-16.,-18.2071067811866));
#3916=CARTESIAN_POINT('',(-30.3786796564403,-16.,-16.7928932188136));
#3917=CARTESIAN_POINT('',(-32.6,16.,-16.));
#3918=CARTESIAN_POINT('',(-34.,16.,-16.));
#3919=CARTESIAN_POINT('',(-30.3786796564403,16.,-18.2071067811866));
#3920=CARTESIAN_POINT('',(-30.3786796564403,16.,-16.7928932188135));
#3921=CARTESIAN_POINT('',(-33.8,16.,-19.));
#3922=CARTESIAN_POINT('',(-31.1715728752543,16.,-19.0000000000006));
#3923=CARTESIAN_POINT('',(34.,16.,-16.));
#3924=CARTESIAN_POINT('',(32.6,16.,-16.));
#3925=CARTESIAN_POINT('',(31.1715728752543,16.,-19.0000000000048));
#3926=CARTESIAN_POINT('',(33.8,16.,-19.0000000000046));
#3927=CARTESIAN_POINT('',(30.3786796564403,16.,-16.7928932188136));
#3928=CARTESIAN_POINT('',(30.3786796564403,16.,-18.2071067811866));
#3929=CARTESIAN_POINT('',(-36.,-17.2,-16.));
#3930=CARTESIAN_POINT('',(-31.,-17.2,-16.));
#3931=CARTESIAN_POINT('',(31.,-17.2,-16.));
#3932=CARTESIAN_POINT('',(36.,-17.2,-16.));
#3933=CARTESIAN_POINT('',(31.,-15.2,-16.));
#3934=CARTESIAN_POINT('',(31.,-17.2,-16.));
#3935=CARTESIAN_POINT('',(31.1715728752539,-15.2,-16.));
#3936=CARTESIAN_POINT('',(31.,-15.2,-16.));
#3937=CARTESIAN_POINT('',(34.,16.,-16.));
#3938=CARTESIAN_POINT('',(34.,-16.,-16.));
#3939=CARTESIAN_POINT('',(34.,20.,-16.));
#3940=CARTESIAN_POINT('',(32.6,18.0201010126777,-16.));
#3941=CARTESIAN_POINT('',(18.0201010126777,32.6,-16.));
#3942=CARTESIAN_POINT('',(20.,34.,-16.));
#3943=CARTESIAN_POINT('',(-18.0201010126777,32.6,-16.));
#3944=CARTESIAN_POINT('',(18.0201010126777,32.6,-16.));
#3945=CARTESIAN_POINT('',(-20.,34.,-16.));
#3946=CARTESIAN_POINT('',(-18.0201010126777,32.6,-16.));
#3947=CARTESIAN_POINT('',(-32.6,18.0201010126777,-16.));
#3948=CARTESIAN_POINT('',(-34.,20.,-16.));
#3949=CARTESIAN_POINT('',(-34.,-16.,-16.));
#3950=CARTESIAN_POINT('',(-34.,16.,-16.));
#3951=CARTESIAN_POINT('',(-31.1715728752539,-15.2,-16.));
#3952=CARTESIAN_POINT('',(-31.1715728752539,-16.,-16.));
#3953=CARTESIAN_POINT('',(-31.,-15.2,-16.));
#3954=CARTESIAN_POINT('',(-31.1715728752539,-15.2,-16.));
#3955=CARTESIAN_POINT('',(-31.,-17.2,-16.));
#3956=CARTESIAN_POINT('',(-31.,-15.2,-16.));
#3957=CARTESIAN_POINT('',(-30.3786796564403,16.,-16.7928932188135));
#3958=CARTESIAN_POINT('',(-30.3786796564403,-16.,-16.7928932188136));
#3959=CARTESIAN_POINT('',(-30.3786796564403,-16.,-18.2071067811866));
#3960=CARTESIAN_POINT('',(-30.3786796564403,16.,-18.2071067811866));
#3961=CARTESIAN_POINT('',(-31.1715728752543,-16.,-19.0000000000006));
#3962=CARTESIAN_POINT('',(-30.3786796564403,-16.,-18.2071067811866));
#3963=CARTESIAN_POINT('',(-31.1715728752543,16.,-19.0000000000006));
#3964=CARTESIAN_POINT('',(-31.1715728752543,-16.,-19.0000000000006));
#3965=CARTESIAN_POINT('',(-31.1715728752543,16.,-19.0000000000006));
#3966=CARTESIAN_POINT('',(-30.3786796564403,16.,-18.2071067811866));
#3967=CARTESIAN_POINT('',(-33.8585786437627,16.,-18.8585786437627));
#3968=CARTESIAN_POINT('',(-33.8,16.,-19.));
#3969=CARTESIAN_POINT('',(-33.8585786437627,-16.,-18.8585786437627));
#3970=CARTESIAN_POINT('',(-33.8,-16.,-19.));
#3971=CARTESIAN_POINT('',(-33.8585786437627,-16.,-18.8585786437627));
#3972=CARTESIAN_POINT('',(-33.8585786437627,16.,-18.8585786437627));
#3973=CARTESIAN_POINT('',(-32.5,-16.,-17.5));
#3974=CARTESIAN_POINT('',(-33.8585786437627,-16.,-18.8585786437627));
#3975=CARTESIAN_POINT('',(-32.5,16.,-17.5));
#3976=CARTESIAN_POINT('',(-32.5,-16.,-17.5));
#3977=CARTESIAN_POINT('',(-32.5,16.,-17.5));
#3978=CARTESIAN_POINT('',(-33.8585786437627,16.,-18.8585786437627));
#3979=CARTESIAN_POINT('',(-34.,16.,-16.));
#3980=CARTESIAN_POINT('',(-32.5,16.,-17.5));
#3981=CARTESIAN_POINT('',(-34.,-16.,-16.));
#3982=CARTESIAN_POINT('',(-32.5,-16.,-17.5));
#3983=CARTESIAN_POINT('',(-31.1715728752539,-15.2,-16.));
#3984=CARTESIAN_POINT('',(-32.6,-15.2,-14.5715728752539));
#3985=CARTESIAN_POINT('',(-30.3786796564403,-16.,-16.7928932188136));
#3986=CARTESIAN_POINT('',(-31.1715728752539,-16.,-16.));
#3987=CARTESIAN_POINT('',(-30.3786796564403,16.,-16.7928932188135));
#3988=CARTESIAN_POINT('',(-32.6,16.,-14.5715728752539));
#3989=CARTESIAN_POINT('',(-33.8,16.,-19.));
#3990=CARTESIAN_POINT('',(-33.8,-16.,-19.));
#3991=CARTESIAN_POINT('',(33.8,16.,-19.0000000000046));
#3992=CARTESIAN_POINT('',(33.8585786437627,16.,-18.8585786437627));
#3993=CARTESIAN_POINT('',(33.8,-16.,-19.0000000000046));
#3994=CARTESIAN_POINT('',(33.8585786437627,-16.,-18.8585786437627));
#3995=CARTESIAN_POINT('',(33.8,-16.,-19.0000000000046));
#3996=CARTESIAN_POINT('',(33.8,16.,-19.0000000000046));
#3997=CARTESIAN_POINT('',(32.5,-16.,-17.5));
#3998=CARTESIAN_POINT('',(34.,-16.,-16.));
#3999=CARTESIAN_POINT('',(32.5,16.,-17.5));
#4000=CARTESIAN_POINT('',(34.,16.,-16.));
#4001=CARTESIAN_POINT('',(30.3786796564403,-16.,-18.2071067811866));
#4002=CARTESIAN_POINT('',(30.3786796564403,16.,-18.2071067811866));
#4003=CARTESIAN_POINT('',(30.3786796564403,16.,-18.2071067811866));
#4004=CARTESIAN_POINT('',(31.1715728752543,16.,-19.0000000000048));
#4005=CARTESIAN_POINT('',(31.1715728752543,16.,-19.0000000000048));
#4006=CARTESIAN_POINT('',(31.1715728752543,-16.,-19.0000000000048));
#4007=CARTESIAN_POINT('',(30.3786796564403,-16.,-18.2071067811866));
#4008=CARTESIAN_POINT('',(31.1715728752543,-16.,-19.0000000000048));
#4009=CARTESIAN_POINT('',(33.8585786437627,-16.,-18.8585786437627));
#4010=CARTESIAN_POINT('',(33.8585786437627,16.,-18.8585786437627));
#4011=CARTESIAN_POINT('',(33.8585786437627,16.,-18.8585786437627));
#4012=CARTESIAN_POINT('',(32.5,16.,-17.5));
#4013=CARTESIAN_POINT('',(32.5,16.,-17.5));
#4014=CARTESIAN_POINT('',(32.5,-16.,-17.5));
#4015=CARTESIAN_POINT('',(33.8585786437627,-16.,-18.8585786437627));
#4016=CARTESIAN_POINT('',(32.5,-16.,-17.5));
#4017=CARTESIAN_POINT('',(34.,-15.,-11.));
#4018=CARTESIAN_POINT('',(32.6,-14.4201010126777,-12.4));
#4019=CARTESIAN_POINT('',(32.6,14.4201010126777,-12.4));
#4020=CARTESIAN_POINT('',(34.,15.,-11.));
#4021=CARTESIAN_POINT('',(34.,15.,-11.));
#4022=CARTESIAN_POINT('',(34.,20.,-16.));
#4023=CARTESIAN_POINT('',(32.6,14.4201010126777,-12.4));
#4024=CARTESIAN_POINT('',(32.6,18.0201010126777,-16.));
#4025=CARTESIAN_POINT('',(14.4201010126777,32.6,-12.4));
#4026=CARTESIAN_POINT('',(-14.4201010126777,32.6,-12.4));
#4027=CARTESIAN_POINT('',(20.,34.,-16.));
#4028=CARTESIAN_POINT('',(15.,34.,-11.));
#4029=CARTESIAN_POINT('',(18.0201010126777,32.6,-16.));
#4030=CARTESIAN_POINT('',(14.4201010126777,32.6,-12.4));
#4031=CARTESIAN_POINT('',(15.,34.,-11.));
#4032=CARTESIAN_POINT('',(14.4201010126777,32.6,-12.4));
#4033=CARTESIAN_POINT('',(-14.4201010126777,32.6,-12.4));
#4034=CARTESIAN_POINT('',(-15.,34.,-11.));
#4035=CARTESIAN_POINT('',(-15.,34.,-11.));
#4036=CARTESIAN_POINT('',(-20.,34.,-16.));
#4037=CARTESIAN_POINT('',(-14.4201010126777,32.6,-12.4));
#4038=CARTESIAN_POINT('',(-18.0201010126777,32.6,-16.));
#4039=CARTESIAN_POINT('',(-34.,20.,-16.));
#4040=CARTESIAN_POINT('',(-34.,15.,-11.));
#4041=CARTESIAN_POINT('',(-32.6,18.0201010126777,-16.));
#4042=CARTESIAN_POINT('',(-32.6,14.4201010126777,-12.4));
#4043=CARTESIAN_POINT('',(-34.,15.,-11.));
#4044=CARTESIAN_POINT('',(-32.6,14.4201010126777,-12.4));
#4045=CARTESIAN_POINT('',(-32.6,-14.4201010126777,-12.4));
#4046=CARTESIAN_POINT('',(-34.,-15.,-11.));
#4047=CARTESIAN_POINT('',(-14.4201010126777,-32.6,-12.4));
#4048=CARTESIAN_POINT('',(14.4201010126777,-32.6,-12.4));
#4049=CARTESIAN_POINT('',(-20.,-34.,-16.));
#4050=CARTESIAN_POINT('',(-15.,-34.,-11.));
#4051=CARTESIAN_POINT('',(-18.0201010126777,-32.6,-16.));
#4052=CARTESIAN_POINT('',(-14.4201010126777,-32.6,-12.4));
#4053=CARTESIAN_POINT('',(-15.,-34.,-11.));
#4054=CARTESIAN_POINT('',(-14.4201010126777,-32.6,-12.4));
#4055=CARTESIAN_POINT('',(14.4201010126777,-32.6,-12.4));
#4056=CARTESIAN_POINT('',(15.,-34.,-11.));
#4057=CARTESIAN_POINT('',(15.,-34.,-11.));
#4058=CARTESIAN_POINT('',(20.,-34.,-16.));
#4059=CARTESIAN_POINT('',(14.4201010126777,-32.6,-12.4));
#4060=CARTESIAN_POINT('',(18.0201010126777,-32.6,-16.));
#4061=CARTESIAN_POINT('',(-19.1,-31.,0.));
#4062=CARTESIAN_POINT('',(-16.1,-31.,0.));
#4063=CARTESIAN_POINT('',(-16.1,-31.,0.));
#4064=CARTESIAN_POINT('',(-16.1,-31.,-3.));
#4065=CARTESIAN_POINT('',(-16.1,-31.,-3.));
#4066=CARTESIAN_POINT('',(-19.1,-31.,-3.));
#4067=CARTESIAN_POINT('',(-19.1,-31.,-3.));
#4068=CARTESIAN_POINT('',(-19.1,-31.,0.));
#4069=CARTESIAN_POINT('',(16.1,-32.5002265171034,-1.49977348289669));
#4070=CARTESIAN_POINT('',(16.1,-34.,0.));
#4071=CARTESIAN_POINT('',(-16.1,-32.5002265171034,-1.49977348289669));
#4072=CARTESIAN_POINT('',(16.1,-32.5002265171034,-1.49977348289669));
#4073=CARTESIAN_POINT('',(-16.1,-34.,0.));
#4074=CARTESIAN_POINT('',(-16.1,-32.5002265171034,-1.49977348289669));
#4075=CARTESIAN_POINT('',(16.1,-34.,0.));
#4076=CARTESIAN_POINT('',(-16.1,-34.,0.));
#4077=CARTESIAN_POINT('',(19.1,-31.,0.));
#4078=CARTESIAN_POINT('',(16.1,-31.,0.));
#4079=CARTESIAN_POINT('',(19.1,-31.,-3.));
#4080=CARTESIAN_POINT('',(19.1,-31.,0.));
#4081=CARTESIAN_POINT('',(16.1,-31.,-3.));
#4082=CARTESIAN_POINT('',(19.1,-31.,-3.));
#4083=CARTESIAN_POINT('',(16.1,-31.,0.));
#4084=CARTESIAN_POINT('',(16.1,-31.,-3.));
#4085=CARTESIAN_POINT('',(31.,-19.1,0.));
#4086=CARTESIAN_POINT('',(31.,-16.1,0.));
#4087=CARTESIAN_POINT('',(31.,-16.1,0.));
#4088=CARTESIAN_POINT('',(31.,-16.1,-3.));
#4089=CARTESIAN_POINT('',(31.,-16.1,-3.));
#4090=CARTESIAN_POINT('',(31.,-19.1,-3.));
#4091=CARTESIAN_POINT('',(31.,-19.1,-3.));
#4092=CARTESIAN_POINT('',(31.,-19.1,0.));
#4093=CARTESIAN_POINT('',(32.5002265171034,16.1,-1.49977348289669));
#4094=CARTESIAN_POINT('',(34.,16.1,0.));
#4095=CARTESIAN_POINT('',(32.5002265171034,-16.1,-1.49977348289669));
#4096=CARTESIAN_POINT('',(32.5002265171034,16.1,-1.49977348289669));
#4097=CARTESIAN_POINT('',(34.,-16.1,0.));
#4098=CARTESIAN_POINT('',(32.5002265171034,-16.1,-1.49977348289669));
#4099=CARTESIAN_POINT('',(34.,16.1,0.));
#4100=CARTESIAN_POINT('',(34.,-16.1,0.));
#4101=CARTESIAN_POINT('',(31.,19.1,0.));
#4102=CARTESIAN_POINT('',(31.,16.1,0.));
#4103=CARTESIAN_POINT('',(31.,19.1,-3.));
#4104=CARTESIAN_POINT('',(31.,19.1,0.));
#4105=CARTESIAN_POINT('',(31.,16.1,-3.));
#4106=CARTESIAN_POINT('',(31.,19.1,-3.));
#4107=CARTESIAN_POINT('',(31.,16.1,0.));
#4108=CARTESIAN_POINT('',(31.,16.1,-3.));
#4109=CARTESIAN_POINT('',(19.1,31.,0.));
#4110=CARTESIAN_POINT('',(16.1,31.,0.));
#4111=CARTESIAN_POINT('',(16.1,31.,0.));
#4112=CARTESIAN_POINT('',(16.1,31.,-3.));
#4113=CARTESIAN_POINT('',(16.1,31.,-3.));
#4114=CARTESIAN_POINT('',(19.1,31.,-3.));
#4115=CARTESIAN_POINT('',(19.1,31.,-3.));
#4116=CARTESIAN_POINT('',(19.1,31.,0.));
#4117=CARTESIAN_POINT('',(-16.1,32.5002265171034,-1.49977348289669));
#4118=CARTESIAN_POINT('',(-16.1,34.,0.));
#4119=CARTESIAN_POINT('',(16.1,32.5002265171034,-1.49977348289669));
#4120=CARTESIAN_POINT('',(-16.1,32.5002265171034,-1.49977348289669));
#4121=CARTESIAN_POINT('',(16.1,34.,0.));
#4122=CARTESIAN_POINT('',(16.1,32.5002265171034,-1.49977348289669));
#4123=CARTESIAN_POINT('',(-16.1,34.,0.));
#4124=CARTESIAN_POINT('',(16.1,34.,0.));
#4125=CARTESIAN_POINT('',(-19.1,31.,0.));
#4126=CARTESIAN_POINT('',(-16.1,31.,0.));
#4127=CARTESIAN_POINT('',(-19.1,31.,-3.));
#4128=CARTESIAN_POINT('',(-19.1,31.,0.));
#4129=CARTESIAN_POINT('',(-16.1,31.,-3.));
#4130=CARTESIAN_POINT('',(-19.1,31.,-3.));
#4131=CARTESIAN_POINT('',(-16.1,31.,0.));
#4132=CARTESIAN_POINT('',(-16.1,31.,-3.));
#4133=CARTESIAN_POINT('',(-31.,19.1,0.));
#4134=CARTESIAN_POINT('',(-31.,16.1,0.));
#4135=CARTESIAN_POINT('',(-31.,16.1,0.));
#4136=CARTESIAN_POINT('',(-31.,16.1,-3.));
#4137=CARTESIAN_POINT('',(-31.,16.1,-3.));
#4138=CARTESIAN_POINT('',(-31.,19.1,-3.));
#4139=CARTESIAN_POINT('',(-31.,19.1,-3.));
#4140=CARTESIAN_POINT('',(-31.,19.1,0.));
#4141=CARTESIAN_POINT('',(-32.5002265171034,-16.1,-1.49977348289669));
#4142=CARTESIAN_POINT('',(-34.,-16.1,0.));
#4143=CARTESIAN_POINT('',(-32.5002265171034,16.1,-1.49977348289669));
#4144=CARTESIAN_POINT('',(-32.5002265171034,-16.1,-1.49977348289669));
#4145=CARTESIAN_POINT('',(-34.,16.1,0.));
#4146=CARTESIAN_POINT('',(-32.5002265171034,16.1,-1.49977348289669));
#4147=CARTESIAN_POINT('',(-34.,-16.1,0.));
#4148=CARTESIAN_POINT('',(-34.,16.1,0.));
#4149=CARTESIAN_POINT('',(-31.,-19.1,0.));
#4150=CARTESIAN_POINT('',(-31.,-16.1,0.));
#4151=CARTESIAN_POINT('',(-31.,-19.1,-3.));
#4152=CARTESIAN_POINT('',(-31.,-19.1,0.));
#4153=CARTESIAN_POINT('',(-31.,-16.1,-3.));
#4154=CARTESIAN_POINT('',(-31.,-19.1,-3.));
#4155=CARTESIAN_POINT('',(-31.,-16.1,0.));
#4156=CARTESIAN_POINT('',(-31.,-16.1,-3.));
#4157=CARTESIAN_POINT('',(16.1,-31.,-3.));
#4158=CARTESIAN_POINT('',(16.1,-34.,-3.));
#4159=CARTESIAN_POINT('',(19.1,-34.,-3.));
#4160=CARTESIAN_POINT('',(19.1,-31.,-3.));
#4161=CARTESIAN_POINT('',(16.1,-32.5002265171034,-1.49977348289669));
#4162=CARTESIAN_POINT('',(16.1,-34.,-2.99954696579339));
#4163=CARTESIAN_POINT('',(-16.1,-32.5002265171034,-1.49977348289669));
#4164=CARTESIAN_POINT('',(-16.1,-34.,-2.99954696579339));
#4165=CARTESIAN_POINT('',(-16.1,-31.,0.));
#4166=CARTESIAN_POINT('',(-16.1,-34.,0.));
#4167=CARTESIAN_POINT('',(-19.1,-31.,-3.));
#4168=CARTESIAN_POINT('',(-19.1,-34.,-3.));
#4169=CARTESIAN_POINT('',(-16.1,-34.,-3.));
#4170=CARTESIAN_POINT('',(-16.1,-31.,-3.));
#4171=CARTESIAN_POINT('',(-23.1357864376269,-34.,0.));
#4172=CARTESIAN_POINT('',(-34.,-23.1357864376269,0.));
#4173=CARTESIAN_POINT('',(-23.1357864376269,-34.,-3.));
#4174=CARTESIAN_POINT('',(-34.,-23.1357864376269,-3.));
#4175=CARTESIAN_POINT('',(-31.,-16.1,-3.));
#4176=CARTESIAN_POINT('',(-34.,-16.1,-3.));
#4177=CARTESIAN_POINT('',(-34.,-19.1,-3.));
#4178=CARTESIAN_POINT('',(-31.,-19.1,-3.));
#4179=CARTESIAN_POINT('',(-32.5002265171034,-16.1,-1.49977348289669));
#4180=CARTESIAN_POINT('',(-34.,-16.1,-2.99954696579339));
#4181=CARTESIAN_POINT('',(-32.5002265171034,16.1,-1.49977348289669));
#4182=CARTESIAN_POINT('',(-34.,16.1,-2.99954696579339));
#4183=CARTESIAN_POINT('',(-31.,16.1,0.));
#4184=CARTESIAN_POINT('',(-34.,16.1,0.));
#4185=CARTESIAN_POINT('',(-31.,19.1,-3.));
#4186=CARTESIAN_POINT('',(-34.,19.1,-3.));
#4187=CARTESIAN_POINT('',(-34.,16.1,-3.));
#4188=CARTESIAN_POINT('',(-31.,16.1,-3.));
#4189=CARTESIAN_POINT('',(-34.,23.1357864376269,0.));
#4190=CARTESIAN_POINT('',(-23.1357864376269,34.,0.));
#4191=CARTESIAN_POINT('',(-34.,23.1357864376269,-3.));
#4192=CARTESIAN_POINT('',(-23.1357864376269,34.,-3.));
#4193=CARTESIAN_POINT('',(-19.1,31.,0.));
#4194=CARTESIAN_POINT('',(-19.1,34.,0.));
#4195=CARTESIAN_POINT('',(-19.1,34.,-3.));
#4196=CARTESIAN_POINT('',(-19.1,31.,-3.));
#4197=CARTESIAN_POINT('',(-16.1,31.,-3.));
#4198=CARTESIAN_POINT('',(-16.1,34.,-3.));
#4199=CARTESIAN_POINT('',(-16.1,31.,0.));
#4200=CARTESIAN_POINT('',(-16.1,34.,0.));
#4201=CARTESIAN_POINT('',(-16.1,32.5002265171034,-1.49977348289669));
#4202=CARTESIAN_POINT('',(-16.1,34.,-2.9995469657933));
#4203=CARTESIAN_POINT('',(16.1,32.5002265171034,-1.49977348289669));
#4204=CARTESIAN_POINT('',(16.1,34.,-2.99954696579339));
#4205=CARTESIAN_POINT('',(16.1,31.,0.));
#4206=CARTESIAN_POINT('',(16.1,34.,0.));
#4207=CARTESIAN_POINT('',(16.1,34.,-3.));
#4208=CARTESIAN_POINT('',(16.1,31.,-3.));
#4209=CARTESIAN_POINT('',(19.1,31.,-3.));
#4210=CARTESIAN_POINT('',(19.1,34.,-3.));
#4211=CARTESIAN_POINT('',(19.1,31.,0.));
#4212=CARTESIAN_POINT('',(19.1,34.,0.));
#4213=CARTESIAN_POINT('',(23.1357864376269,34.,0.));
#4214=CARTESIAN_POINT('',(34.,23.1357864376269,0.));
#4215=CARTESIAN_POINT('',(23.1357864376269,34.,-3.));
#4216=CARTESIAN_POINT('',(34.,23.1357864376269,-3.));
#4217=CARTESIAN_POINT('',(31.,19.1,0.));
#4218=CARTESIAN_POINT('',(34.,19.1,0.));
#4219=CARTESIAN_POINT('',(34.,19.1,-3.));
#4220=CARTESIAN_POINT('',(31.,19.1,-3.));
#4221=CARTESIAN_POINT('',(31.,16.1,-3.));
#4222=CARTESIAN_POINT('',(34.,16.1,-3.));
#4223=CARTESIAN_POINT('',(31.,16.1,0.));
#4224=CARTESIAN_POINT('',(34.,16.1,0.));
#4225=CARTESIAN_POINT('',(32.5002265171034,16.1,-1.49977348289669));
#4226=CARTESIAN_POINT('',(34.,16.1,-2.99954696579339));
#4227=CARTESIAN_POINT('',(32.5002265171034,-16.1,-1.49977348289669));
#4228=CARTESIAN_POINT('',(34.,-16.1,-2.99954696579339));
#4229=CARTESIAN_POINT('',(31.,-16.1,0.));
#4230=CARTESIAN_POINT('',(34.,-16.1,0.));
#4231=CARTESIAN_POINT('',(34.,-16.1,-3.));
#4232=CARTESIAN_POINT('',(31.,-16.1,-3.));
#4233=CARTESIAN_POINT('',(31.,-19.1,-3.));
#4234=CARTESIAN_POINT('',(34.,-19.1,-3.));
#4235=CARTESIAN_POINT('',(31.,-19.1,0.));
#4236=CARTESIAN_POINT('',(34.,-19.1,0.));
#4237=CARTESIAN_POINT('',(34.,-23.1357864376269,0.));
#4238=CARTESIAN_POINT('',(23.1357864376269,-34.,0.));
#4239=CARTESIAN_POINT('',(34.,-23.1357864376269,-3.));
#4240=CARTESIAN_POINT('',(23.1357864376269,-34.,-3.));
#4241=CARTESIAN_POINT('',(-28.,-33.1,-3.));
#4242=CARTESIAN_POINT('',(-28.,-34.,-3.));
#4243=CARTESIAN_POINT('',(-31.0715728752538,-33.1,-3.));
#4244=CARTESIAN_POINT('',(-28.,-33.1,-3.));
#4245=CARTESIAN_POINT('',(-38.,-38.1,0.));
#4246=CARTESIAN_POINT('',(-30.,-38.1,0.));
#4247=CARTESIAN_POINT('',(-28.,-36.1,0.));
#4248=CARTESIAN_POINT('',(-28.,-36.,0.));
#4249=CARTESIAN_POINT('',(28.,-36.,0.));
#4250=CARTESIAN_POINT('',(28.,-36.1,0.));
#4251=CARTESIAN_POINT('',(30.,-38.1,0.));
#4252=CARTESIAN_POINT('',(38.,-38.1,0.));
#4253=CARTESIAN_POINT('',(38.,-38.1,0.));
#4254=CARTESIAN_POINT('',(38.,-33.1,0.));
#4255=CARTESIAN_POINT('',(38.,-33.1,0.));
#4256=CARTESIAN_POINT('',(36.,-33.1,0.));
#4257=CARTESIAN_POINT('',(36.,-18.1,0.));
#4258=CARTESIAN_POINT('',(38.,-18.1,0.));
#4259=CARTESIAN_POINT('',(38.,-18.1,0.));
#4260=CARTESIAN_POINT('',(38.,-13.1,0.));
#4261=CARTESIAN_POINT('',(38.,-13.1,0.));
#4262=CARTESIAN_POINT('',(36.,-13.1,0.));
#4263=CARTESIAN_POINT('',(-36.,-13.1,0.));
#4264=CARTESIAN_POINT('',(-38.,-13.1,0.));
#4265=CARTESIAN_POINT('',(-38.,-13.1,0.));
#4266=CARTESIAN_POINT('',(-38.,-18.1,0.));
#4267=CARTESIAN_POINT('',(-38.,-18.1,0.));
#4268=CARTESIAN_POINT('',(-36.,-18.1,0.));
#4269=CARTESIAN_POINT('',(-36.,-33.1,0.));
#4270=CARTESIAN_POINT('',(-38.,-33.1,0.));
#4271=CARTESIAN_POINT('',(-38.,-33.1,0.));
#4272=CARTESIAN_POINT('',(-38.,-38.1,0.));
#4273=CARTESIAN_POINT('',(-34.,-19.1,0.));
#4274=CARTESIAN_POINT('',(-31.,-19.1,0.));
#4275=CARTESIAN_POINT('',(-31.,-16.1,0.));
#4276=CARTESIAN_POINT('',(-34.,-16.1,0.));
#4277=CARTESIAN_POINT('',(-31.,19.1,0.));
#4278=CARTESIAN_POINT('',(-34.,19.1,0.));
#4279=CARTESIAN_POINT('',(19.1,-34.,0.));
#4280=CARTESIAN_POINT('',(19.1,-31.,0.));
#4281=CARTESIAN_POINT('',(16.1,-31.,0.));
#4282=CARTESIAN_POINT('',(16.1,-34.,0.));
#4283=CARTESIAN_POINT('',(-19.1,-31.,0.));
#4284=CARTESIAN_POINT('',(-19.1,-34.,0.));
#4285=CARTESIAN_POINT('',(31.,-15.2,-8.));
#4286=CARTESIAN_POINT('',(31.,-15.2,-16.));
#4287=CARTESIAN_POINT('',(32.6,-15.2,-13.1798989873223));
#4288=CARTESIAN_POINT('',(34.,-15.2,-11.2));
#4289=CARTESIAN_POINT('',(31.,-17.2,-10.));
#4290=CARTESIAN_POINT('',(36.,-17.2,-10.));
#4291=CARTESIAN_POINT('',(31.,-17.2,-16.));
#4292=CARTESIAN_POINT('',(31.,-17.2,-10.));
#4293=CARTESIAN_POINT('',(31.,-33.1715728752538,-8.));
#4294=CARTESIAN_POINT('',(31.,-15.2,-8.));
#4295=CARTESIAN_POINT('',(31.,-17.2,-10.));
#4296=CARTESIAN_POINT('',(31.,-33.1715728752538,-10.));
#4297=CARTESIAN_POINT('',(28.,-34.,-5.));
#4298=CARTESIAN_POINT('',(28.,-33.1,-5.));
#4299=CARTESIAN_POINT('',(28.,-33.1,-5.));
#4300=CARTESIAN_POINT('',(28.,-33.1,-3.));
#4301=CARTESIAN_POINT('',(28.,-33.1,-5.));
#4302=CARTESIAN_POINT('',(31.0715728752538,-33.1,-5.));
#4303=CARTESIAN_POINT('',(30.,-38.1,0.));
#4304=CARTESIAN_POINT('',(30.,-38.1,-5.));
#4305=CARTESIAN_POINT('',(30.,-38.1,-5.));
#4306=CARTESIAN_POINT('',(38.,-38.1,-5.));
#4307=CARTESIAN_POINT('',(38.,-38.1,-5.));
#4308=CARTESIAN_POINT('',(38.,-38.1,0.));
#4309=CARTESIAN_POINT('',(38.,-38.,-5.));
#4310=CARTESIAN_POINT('',(29.9,-38.,-5.));
#4311=CARTESIAN_POINT('',(38.,-38.1,-5.));
#4312=CARTESIAN_POINT('',(38.,-38.,-5.));
#4313=CARTESIAN_POINT('',(28.,-36.1,0.));
#4314=CARTESIAN_POINT('',(28.,-36.1,-6.9));
#4315=CARTESIAN_POINT('',(28.,-36.1,0.));
#4316=CARTESIAN_POINT('',(30.,-38.1,0.));
#4317=CARTESIAN_POINT('',(28.,-36.1,-6.9));
#4318=CARTESIAN_POINT('',(29.9,-38.,-5.));
#4319=CARTESIAN_POINT('',(29.9,-38.,-5.));
#4320=CARTESIAN_POINT('',(30.,-38.1,-5.));
#4321=CARTESIAN_POINT('',(38.,-18.1,0.));
#4322=CARTESIAN_POINT('',(38.,-18.1,-5.));
#4323=CARTESIAN_POINT('',(38.,-16.6,-2.5));
#4324=CARTESIAN_POINT('',(38.,-16.6,-1.5));
#4325=CARTESIAN_POINT('',(38.,-15.6,-1.5));
#4326=CARTESIAN_POINT('',(38.,-15.6,-3.5));
#4327=CARTESIAN_POINT('',(38.,-16.6,-3.5));
#4328=CARTESIAN_POINT('',(38.,-16.6,-2.5));
#4329=CARTESIAN_POINT('',(35.,-16.6,-2.5));
#4330=CARTESIAN_POINT('',(35.,-16.6,-3.5));
#4331=CARTESIAN_POINT('',(35.,-15.6,-3.5));
#4332=CARTESIAN_POINT('',(35.,-15.6,-3.5));
#4333=CARTESIAN_POINT('',(35.,-14.6,-3.5));
#4334=CARTESIAN_POINT('',(35.,-14.6,-2.5));
#4335=CARTESIAN_POINT('',(38.,-16.6,-2.5));
#4336=CARTESIAN_POINT('',(35.,-16.6,-2.5));
#4337=CARTESIAN_POINT('',(38.,-15.6,-1.5));
#4338=CARTESIAN_POINT('',(38.,-14.6,-1.5));
#4339=CARTESIAN_POINT('',(38.,-14.6,-2.5));
#4340=CARTESIAN_POINT('',(35.,-15.6,-1.5));
#4341=CARTESIAN_POINT('',(35.,-16.6,-1.5));
#4342=CARTESIAN_POINT('',(35.,-16.6,-2.5));
#4343=CARTESIAN_POINT('',(38.,-13.1,0.));
#4344=CARTESIAN_POINT('',(38.,-13.1,-5.));
#4345=CARTESIAN_POINT('',(38.,-18.1,-5.));
#4346=CARTESIAN_POINT('',(38.,-13.1,-5.));
#4347=CARTESIAN_POINT('',(38.,-33.1,0.));
#4348=CARTESIAN_POINT('',(38.,-33.1,-5.));
#4349=CARTESIAN_POINT('',(38.,-38.,-5.));
#4350=CARTESIAN_POINT('',(38.,-33.1,-5.));
#4351=CARTESIAN_POINT('',(30.,-34.6,-2.5));
#4352=CARTESIAN_POINT('',(30.,-34.6,-1.5));
#4353=CARTESIAN_POINT('',(30.,-35.6,-1.5));
#4354=CARTESIAN_POINT('',(30.,-35.6,-3.5));
#4355=CARTESIAN_POINT('',(30.,-34.6,-3.5));
#4356=CARTESIAN_POINT('',(30.,-34.6,-2.5));
#4357=CARTESIAN_POINT('',(38.,-34.6,-2.5));
#4358=CARTESIAN_POINT('',(38.,-34.6,-3.5));
#4359=CARTESIAN_POINT('',(38.,-35.6,-3.5));
#4360=CARTESIAN_POINT('',(38.,-35.6,-3.5));
#4361=CARTESIAN_POINT('',(38.,-36.6,-3.50000000000001));
#4362=CARTESIAN_POINT('',(38.,-36.6,-2.5));
#4363=CARTESIAN_POINT('',(30.,-34.6,-2.5));
#4364=CARTESIAN_POINT('',(38.,-34.6,-2.5));
#4365=CARTESIAN_POINT('',(30.,-35.6,-1.5));
#4366=CARTESIAN_POINT('',(30.,-36.6,-1.49999999999999));
#4367=CARTESIAN_POINT('',(30.,-36.6,-2.5));
#4368=CARTESIAN_POINT('',(38.,-35.6,-1.5));
#4369=CARTESIAN_POINT('',(38.,-34.6,-1.5));
#4370=CARTESIAN_POINT('',(38.,-34.6,-2.5));
#4371=CARTESIAN_POINT('',(38.,-18.1,-5.));
#4372=CARTESIAN_POINT('',(36.,-18.1,-7.));
#4373=CARTESIAN_POINT('',(38.,-13.1,-5.));
#4374=CARTESIAN_POINT('',(36.,-13.1,-7.));
#4375=CARTESIAN_POINT('',(38.,-33.1,-5.));
#4376=CARTESIAN_POINT('',(36.,-33.1,-7.));
#4377=CARTESIAN_POINT('',(36.,-36.,-7.));
#4378=CARTESIAN_POINT('',(38.,-38.,-5.));
#4379=CARTESIAN_POINT('',(28.,-36.1,-6.9));
#4380=CARTESIAN_POINT('',(28.,-36.,-7.));
#4381=CARTESIAN_POINT('',(34.,-15.2,-5.));
#4382=CARTESIAN_POINT('',(31.,-15.2,-8.));
#4383=CARTESIAN_POINT('',(-34.,-15.2,-8.));
#4384=CARTESIAN_POINT('',(-31.,-15.2,-8.));
#4385=CARTESIAN_POINT('',(-31.,-15.2,-8.));
#4386=CARTESIAN_POINT('',(-31.,-15.2,-16.));
#4387=CARTESIAN_POINT('',(-32.6,-15.2,-13.1798989873223));
#4388=CARTESIAN_POINT('',(-34.,-15.2,-11.2));
#4389=CARTESIAN_POINT('',(-31.,-17.2,-10.));
#4390=CARTESIAN_POINT('',(-36.,-17.2,-10.));
#4391=CARTESIAN_POINT('',(-31.,-17.2,-16.));
#4392=CARTESIAN_POINT('',(-31.,-17.2,-10.));
#4393=CARTESIAN_POINT('',(-31.,-33.1715728752538,-10.));
#4394=CARTESIAN_POINT('',(-31.,-17.2,-10.));
#4395=CARTESIAN_POINT('',(-31.,-15.2,-8.));
#4396=CARTESIAN_POINT('',(-31.,-33.1715728752538,-8.));
#4397=CARTESIAN_POINT('',(-28.,-33.1,-5.));
#4398=CARTESIAN_POINT('',(-28.,-34.,-5.));
#4399=CARTESIAN_POINT('',(-28.,-33.1,-3.));
#4400=CARTESIAN_POINT('',(-28.,-33.1,-5.));
#4401=CARTESIAN_POINT('',(-28.,-33.1,-5.));
#4402=CARTESIAN_POINT('',(-31.0715728752538,-33.1,-5.));
#4403=CARTESIAN_POINT('',(-38.,-38.1,-5.));
#4404=CARTESIAN_POINT('',(-38.,-38.,-5.));
#4405=CARTESIAN_POINT('',(-38.,-38.,-5.));
#4406=CARTESIAN_POINT('',(-29.9,-38.,-5.));
#4407=CARTESIAN_POINT('',(-30.,-38.1,-5.));
#4408=CARTESIAN_POINT('',(-38.,-38.1,-5.));
#4409=CARTESIAN_POINT('',(-30.,-38.1,0.));
#4410=CARTESIAN_POINT('',(-30.,-38.1,-5.));
#4411=CARTESIAN_POINT('',(-38.,-38.1,-5.));
#4412=CARTESIAN_POINT('',(-38.,-38.1,0.));
#4413=CARTESIAN_POINT('',(-28.,-36.1,-6.9));
#4414=CARTESIAN_POINT('',(-28.,-36.1,0.));
#4415=CARTESIAN_POINT('',(-30.,-38.1,0.));
#4416=CARTESIAN_POINT('',(-28.,-36.1,0.));
#4417=CARTESIAN_POINT('',(-29.9,-38.,-5.));
#4418=CARTESIAN_POINT('',(-30.,-38.1,-5.));
#4419=CARTESIAN_POINT('',(-28.,-36.1,-6.9));
#4420=CARTESIAN_POINT('',(-29.9,-38.,-5.));
#4421=CARTESIAN_POINT('',(-38.,-13.1,0.));
#4422=CARTESIAN_POINT('',(-38.,-13.1,-5.));
#4423=CARTESIAN_POINT('',(-38.,-14.6,-2.5));
#4424=CARTESIAN_POINT('',(-38.,-14.6,-1.5));
#4425=CARTESIAN_POINT('',(-38.,-15.6,-1.5));
#4426=CARTESIAN_POINT('',(-38.,-15.6,-3.5));
#4427=CARTESIAN_POINT('',(-38.,-14.6,-3.5));
#4428=CARTESIAN_POINT('',(-38.,-14.6,-2.5));
#4429=CARTESIAN_POINT('',(-35.,-14.6,-2.5));
#4430=CARTESIAN_POINT('',(-35.,-14.6,-3.5));
#4431=CARTESIAN_POINT('',(-35.,-15.6,-3.5));
#4432=CARTESIAN_POINT('',(-35.,-15.6,-3.5));
#4433=CARTESIAN_POINT('',(-35.,-16.6,-3.5));
#4434=CARTESIAN_POINT('',(-35.,-16.6,-2.5));
#4435=CARTESIAN_POINT('',(-38.,-14.6,-2.5));
#4436=CARTESIAN_POINT('',(-35.,-14.6,-2.5));
#4437=CARTESIAN_POINT('',(-38.,-15.6,-1.5));
#4438=CARTESIAN_POINT('',(-38.,-16.6,-1.5));
#4439=CARTESIAN_POINT('',(-38.,-16.6,-2.5));
#4440=CARTESIAN_POINT('',(-35.,-15.6,-1.5));
#4441=CARTESIAN_POINT('',(-35.,-14.6,-1.5));
#4442=CARTESIAN_POINT('',(-35.,-14.6,-2.5));
#4443=CARTESIAN_POINT('',(-38.,-18.1,0.));
#4444=CARTESIAN_POINT('',(-38.,-18.1,-5.));
#4445=CARTESIAN_POINT('',(-38.,-13.1,-5.));
#4446=CARTESIAN_POINT('',(-38.,-18.1,-5.));
#4447=CARTESIAN_POINT('',(-38.,-33.1,0.));
#4448=CARTESIAN_POINT('',(-38.,-33.1,-5.));
#4449=CARTESIAN_POINT('',(-38.,-33.1,-5.));
#4450=CARTESIAN_POINT('',(-38.,-38.,-5.));
#4451=CARTESIAN_POINT('',(-30.,-36.6,-2.5));
#4452=CARTESIAN_POINT('',(-30.,-36.6,-1.5));
#4453=CARTESIAN_POINT('',(-30.,-35.6,-1.5));
#4454=CARTESIAN_POINT('',(-30.,-35.6,-3.5));
#4455=CARTESIAN_POINT('',(-30.,-36.6,-3.5));
#4456=CARTESIAN_POINT('',(-30.,-36.6,-2.5));
#4457=CARTESIAN_POINT('',(-38.,-36.6,-2.5));
#4458=CARTESIAN_POINT('',(-38.,-36.6,-3.5));
#4459=CARTESIAN_POINT('',(-38.,-35.6,-3.5));
#4460=CARTESIAN_POINT('',(-38.,-35.6,-3.5));
#4461=CARTESIAN_POINT('',(-38.,-34.6,-3.49999999999999));
#4462=CARTESIAN_POINT('',(-38.,-34.6,-2.5));
#4463=CARTESIAN_POINT('',(-30.,-36.6,-2.5));
#4464=CARTESIAN_POINT('',(-38.,-36.6,-2.5));
#4465=CARTESIAN_POINT('',(-30.,-35.6,-1.5));
#4466=CARTESIAN_POINT('',(-30.,-34.6,-1.50000000000001));
#4467=CARTESIAN_POINT('',(-30.,-34.6,-2.5));
#4468=CARTESIAN_POINT('',(-38.,-35.6,-1.5));
#4469=CARTESIAN_POINT('',(-38.,-36.6,-1.5));
#4470=CARTESIAN_POINT('',(-38.,-36.6,-2.5));
#4471=CARTESIAN_POINT('',(-38.,-18.1,-5.));
#4472=CARTESIAN_POINT('',(-36.,-18.1,-7.));
#4473=CARTESIAN_POINT('',(-38.,-13.1,-5.));
#4474=CARTESIAN_POINT('',(-36.,-13.1,-7.));
#4475=CARTESIAN_POINT('',(-38.,-33.1,-5.));
#4476=CARTESIAN_POINT('',(-36.,-33.1,-7.));
#4477=CARTESIAN_POINT('',(-36.,-36.,-7.));
#4478=CARTESIAN_POINT('',(-38.,-38.,-5.));
#4479=CARTESIAN_POINT('',(-28.,-36.,-7.));
#4480=CARTESIAN_POINT('',(-28.,-36.1,-6.9));
#4481=CARTESIAN_POINT('',(38.,-14.6,-2.5));
#4482=CARTESIAN_POINT('',(35.,-14.6,-2.5));
#4483=CARTESIAN_POINT('',(35.,-14.6,-2.5));
#4484=CARTESIAN_POINT('',(35.,-14.6,-1.5));
#4485=CARTESIAN_POINT('',(35.,-15.6,-1.5));
#4486=CARTESIAN_POINT('',(38.,-14.6,-2.5));
#4487=CARTESIAN_POINT('',(38.,-14.6,-3.5));
#4488=CARTESIAN_POINT('',(38.,-15.6,-3.5));
#4489=CARTESIAN_POINT('',(30.,-36.6,-2.5));
#4490=CARTESIAN_POINT('',(38.,-36.6,-2.5));
#4491=CARTESIAN_POINT('',(38.,-36.6,-2.5));
#4492=CARTESIAN_POINT('',(38.,-36.6,-1.49999999999999));
#4493=CARTESIAN_POINT('',(38.,-35.6,-1.5));
#4494=CARTESIAN_POINT('',(30.,-36.6,-2.5));
#4495=CARTESIAN_POINT('',(30.,-36.6,-3.50000000000001));
#4496=CARTESIAN_POINT('',(30.,-35.6,-3.5));
#4497=CARTESIAN_POINT('',(-38.,-16.6,-2.5));
#4498=CARTESIAN_POINT('',(-35.,-16.6,-2.5));
#4499=CARTESIAN_POINT('',(-35.,-16.6,-2.5));
#4500=CARTESIAN_POINT('',(-35.,-16.6,-1.5));
#4501=CARTESIAN_POINT('',(-35.,-15.6,-1.5));
#4502=CARTESIAN_POINT('',(-38.,-16.6,-2.5));
#4503=CARTESIAN_POINT('',(-38.,-16.6,-3.5));
#4504=CARTESIAN_POINT('',(-38.,-15.6,-3.5));
#4505=CARTESIAN_POINT('',(-30.,-34.6,-2.5));
#4506=CARTESIAN_POINT('',(-38.,-34.6,-2.5));
#4507=CARTESIAN_POINT('',(-38.,-34.6,-2.5));
#4508=CARTESIAN_POINT('',(-38.,-34.6,-1.50000000000001));
#4509=CARTESIAN_POINT('',(-38.,-35.6,-1.5));
#4510=CARTESIAN_POINT('',(-30.,-34.6,-2.5));
#4511=CARTESIAN_POINT('',(-30.,-34.6,-3.49999999999999));
#4512=CARTESIAN_POINT('',(-30.,-35.6,-3.5));
#4513=CARTESIAN_POINT('',(0.,0.,0.));
ENDSEC;
END-ISO-10303-21;
