ISO-10303-21;
HEADER;
/* Generated by software containing ST-Developer
 * from STEP Tools, Inc. (www.steptools.com) 
 */
/* OPTION: using custom schema-name function */

FILE_DESCRIPTION(
/* description */ (''),
/* implementation_level */ '2;1');

FILE_NAME(
/* name */ 'Top_Duck',
/* time_stamp */ '2026-08-24T14:02:15+02:00',
/* author */ (''),
/* organization */ (''),
/* preprocessor_version */ 'ST-DEVELOPER v15',
/* originating_system */ '',
/* authorisation */ '');

FILE_SCHEMA (('AUTOMOTIVE_DESIGN'));
ENDSEC;

DATA;
#10=SHAPE_REPRESENTATION_RELATIONSHIP('','',#6237,#22);
#11=COLOUR_RGB('',1.,0.850980392156863,0.);
#12=FILL_AREA_STYLE_COLOUR('',#11);
#13=FILL_AREA_STYLE('',(#12));
#14=SURFACE_STYLE_FILL_AREA(#13);
#15=SURFACE_SIDE_STYLE('Body1',(#14));
#16=SURFACE_STYLE_USAGE(.BOTH.,#15);
#17=MECHANICAL_DESIGN_GEOMETRIC_PRESENTATION_REPRESENTATION('',(#19),#6236);
#18=PRESENTATION_STYLE_ASSIGNMENT((#16));
#19=STYLED_ITEM('',(#18),#21);
#20=PRESENTATION_LAYER_ASSIGNMENT('middle::pcb','',(#21));
#21=MANIFOLD_SOLID_BREP('Body1',#23);
#22=ADVANCED_BREP_SHAPE_REPRESENTATION('brep_rep_0',(#21,#6531),#6236);
#23=CLOSED_SHELL('',(#49,#50,#51,#52,#53,#54,#55,#56,#57,#58,#59,#60,#61,
#62,#63,#64,#65,#66,#67,#68,#69,#70,#71,#72,#73,#74,#75,#76,#77,#78,#79,
#80,#81,#82,#83,#84,#85,#86,#87,#88,#89,#90,#91,#92,#93,#94,#95,#96,#97,
#98,#99,#100,#101,#102,#103,#104,#105,#106,#107,#108,#109,#110,#111,#112,
#113,#114,#115,#116,#117,#118,#119,#120,#121,#122,#123,#124,#125,#126,#127,
#128,#129,#130,#131,#132,#133,#134,#135,#136,#137,#138,#139,#140,#141,#142,
#143,#144,#145,#146,#147,#148,#149,#150,#151,#152,#153,#154,#155,#156,#157,
#158,#159,#160,#161,#162,#163,#164,#165,#166,#167,#168,#169,#170,#171,#172,
#173,#174,#175,#176,#177,#178,#179,#180,#181,#182,#183,#184,#185,#186,#187,
#188,#189,#190,#191,#192,#193,#194,#195,#196,#197,#198,#199,#200,#201,#202,
#203,#204,#205,#206,#207,#208,#209,#210,#211,#212,#213,#214,#215,#216,#217,
#218,#219,#220,#221,#222,#223,#224,#225,#226,#227,#228,#229,#230,#231,#232,
#233,#234,#235,#236,#237,#238,#239,#240,#241,#242,#243,#244,#245,#246,#247,
#248,#249,#250,#251,#252,#253,#254,#255,#256,#257,#258,#259,#260,#261,#262,
#263,#264,#265,#266,#267,#268,#269,#270,#271,#272,#273,#274,#275,#276,#277,
#278,#279,#280,#281,#282,#283,#284,#285,#286,#287,#288,#289,#290,#291,#292,
#293,#294,#295,#296,#297,#298,#299,#300,#301,#302,#303,#304,#305,#306,#307,
#308,#309,#310,#311,#312,#313,#314,#315,#316,#317,#318,#319,#320,#321,#322,
#323,#324,#325,#326,#327,#328,#329,#330,#331,#332,#333,#334,#335,#336,#337,
#338,#339,#340,#341,#342,#343,#344,#345,#346,#347,#348,#349,#350,#351,#352,
#353,#354,#355,#356,#357,#358,#359,#360,#361,#362,#363,#364,#365,#366,#367,
#368,#369,#370,#371,#372,#373,#374,#375,#376,#377,#378,#379,#380,#381,#382,
#383,#384,#385,#386,#387,#388,#389,#390,#391,#392,#393,#394,#395,#396,#397,
#398,#399,#400,#401,#402,#403,#404,#405,#406,#407,#408,#409,#410,#411,#412,
#413,#414,#415,#416,#417,#418,#419,#420,#421,#422,#423));
#24=FACE_BOUND('',#804,.T.);
#25=FACE_BOUND('',#836,.T.);
#26=FACE_BOUND('',#896,.T.);
#27=FACE_BOUND('',#897,.T.);
#28=FACE_BOUND('',#902,.T.);
#29=FACE_BOUND('',#903,.T.);
#30=FACE_BOUND('',#942,.T.);
#31=FACE_BOUND('',#962,.T.);
#32=FACE_BOUND('',#965,.T.);
#33=FACE_BOUND('',#1070,.T.);
#34=FACE_BOUND('',#1071,.T.);
#35=FACE_BOUND('',#1072,.T.);
#36=FACE_BOUND('',#1073,.T.);
#37=FACE_BOUND('',#1074,.T.);
#38=FACE_BOUND('',#1075,.T.);
#39=FACE_BOUND('',#1076,.T.);
#40=FACE_BOUND('',#1077,.T.);
#41=FACE_BOUND('',#1078,.T.);
#42=FACE_BOUND('',#1079,.T.);
#43=FACE_BOUND('',#1080,.T.);
#44=FACE_BOUND('',#1081,.T.);
#45=FACE_BOUND('',#1082,.T.);
#46=FACE_BOUND('',#1113,.T.);
#47=FACE_BOUND('',#1126,.T.);
#48=FACE_BOUND('',#1189,.T.);
#49=ADVANCED_FACE('',(#424),#6144,.T.);
#50=ADVANCED_FACE('',(#425),#5852,.T.);
#51=ADVANCED_FACE('',(#426),#6145,.T.);
#52=ADVANCED_FACE('',(#427),#5853,.T.);
#53=ADVANCED_FACE('',(#428,#24),#5854,.T.);
#54=ADVANCED_FACE('',(#429),#5855,.T.);
#55=ADVANCED_FACE('',(#430),#5856,.T.);
#56=ADVANCED_FACE('',(#431),#6146,.T.);
#57=ADVANCED_FACE('',(#432),#5857,.T.);
#58=ADVANCED_FACE('',(#433),#6147,.T.);
#59=ADVANCED_FACE('',(#434),#5858,.T.);
#60=ADVANCED_FACE('',(#435),#5859,.T.);
#61=ADVANCED_FACE('',(#436),#5860,.T.);
#62=ADVANCED_FACE('',(#437),#5861,.T.);
#63=ADVANCED_FACE('',(#438),#5862,.T.);
#64=ADVANCED_FACE('',(#439),#5863,.T.);
#65=ADVANCED_FACE('',(#440),#5864,.T.);
#66=ADVANCED_FACE('',(#441),#5865,.T.);
#67=ADVANCED_FACE('',(#442),#5866,.T.);
#68=ADVANCED_FACE('',(#443),#5867,.T.);
#69=ADVANCED_FACE('',(#444),#5868,.T.);
#70=ADVANCED_FACE('',(#445),#5869,.T.);
#71=ADVANCED_FACE('',(#446),#5870,.T.);
#72=ADVANCED_FACE('',(#447),#5871,.T.);
#73=ADVANCED_FACE('',(#448),#5872,.T.);
#74=ADVANCED_FACE('',(#449),#5873,.T.);
#75=ADVANCED_FACE('',(#450),#5874,.T.);
#76=ADVANCED_FACE('',(#451),#5875,.T.);
#77=ADVANCED_FACE('',(#452),#5876,.T.);
#78=ADVANCED_FACE('',(#453),#5877,.T.);
#79=ADVANCED_FACE('',(#454),#5878,.T.);
#80=ADVANCED_FACE('',(#455),#5879,.T.);
#81=ADVANCED_FACE('',(#456),#5880,.T.);
#82=ADVANCED_FACE('',(#457),#5881,.T.);
#83=ADVANCED_FACE('',(#458),#5882,.T.);
#84=ADVANCED_FACE('',(#459,#25),#5883,.T.);
#85=ADVANCED_FACE('',(#460),#5884,.T.);
#86=ADVANCED_FACE('',(#461),#5885,.T.);
#87=ADVANCED_FACE('',(#462),#5886,.T.);
#88=ADVANCED_FACE('',(#463),#5887,.T.);
#89=ADVANCED_FACE('',(#464),#5888,.T.);
#90=ADVANCED_FACE('',(#465),#5889,.T.);
#91=ADVANCED_FACE('',(#466),#5890,.T.);
#92=ADVANCED_FACE('',(#467),#5891,.T.);
#93=ADVANCED_FACE('',(#468),#5892,.T.);
#94=ADVANCED_FACE('',(#469),#5893,.T.);
#95=ADVANCED_FACE('',(#470),#5894,.T.);
#96=ADVANCED_FACE('',(#471),#5895,.T.);
#97=ADVANCED_FACE('',(#472),#5896,.T.);
#98=ADVANCED_FACE('',(#473),#5897,.T.);
#99=ADVANCED_FACE('',(#474),#5898,.T.);
#100=ADVANCED_FACE('',(#475),#5899,.T.);
#101=ADVANCED_FACE('',(#476),#5900,.T.);
#102=ADVANCED_FACE('',(#477),#5901,.T.);
#103=ADVANCED_FACE('',(#478),#5902,.T.);
#104=ADVANCED_FACE('',(#479),#5903,.T.);
#105=ADVANCED_FACE('',(#480),#5904,.T.);
#106=ADVANCED_FACE('',(#481),#5905,.T.);
#107=ADVANCED_FACE('',(#482),#5906,.T.);
#108=ADVANCED_FACE('',(#483),#5907,.T.);
#109=ADVANCED_FACE('',(#484),#5908,.T.);
#110=ADVANCED_FACE('',(#485),#5909,.T.);
#111=ADVANCED_FACE('',(#486),#5910,.T.);
#112=ADVANCED_FACE('',(#487),#5911,.T.);
#113=ADVANCED_FACE('',(#488),#5912,.T.);
#114=ADVANCED_FACE('',(#489),#5913,.T.);
#115=ADVANCED_FACE('',(#490),#5914,.T.);
#116=ADVANCED_FACE('',(#491),#5915,.T.);
#117=ADVANCED_FACE('',(#492),#5916,.T.);
#118=ADVANCED_FACE('',(#493),#5917,.T.);
#119=ADVANCED_FACE('',(#494),#5918,.T.);
#120=ADVANCED_FACE('',(#495),#5919,.T.);
#121=ADVANCED_FACE('',(#496),#5920,.T.);
#122=ADVANCED_FACE('',(#497),#5921,.T.);
#123=ADVANCED_FACE('',(#498),#5922,.T.);
#124=ADVANCED_FACE('',(#499),#5923,.T.);
#125=ADVANCED_FACE('',(#500),#6148,.T.);
#126=ADVANCED_FACE('',(#501),#5924,.T.);
#127=ADVANCED_FACE('',(#502),#5925,.T.);
#128=ADVANCED_FACE('',(#503),#5926,.T.);
#129=ADVANCED_FACE('',(#504),#5927,.T.);
#130=ADVANCED_FACE('',(#505),#5928,.T.);
#131=ADVANCED_FACE('',(#506),#5929,.T.);
#132=ADVANCED_FACE('',(#507),#5930,.T.);
#133=ADVANCED_FACE('',(#508),#6149,.T.);
#134=ADVANCED_FACE('',(#509),#5931,.T.);
#135=ADVANCED_FACE('',(#510),#5932,.T.);
#136=ADVANCED_FACE('',(#511),#5933,.T.);
#137=ADVANCED_FACE('',(#512),#5934,.T.);
#138=ADVANCED_FACE('',(#513),#5935,.T.);
#139=ADVANCED_FACE('',(#514),#5936,.T.);
#140=ADVANCED_FACE('',(#515),#6150,.T.);
#141=ADVANCED_FACE('',(#516),#5937,.T.);
#142=ADVANCED_FACE('',(#517),#6151,.T.);
#143=ADVANCED_FACE('',(#518,#26,#27),#5938,.T.);
#144=ADVANCED_FACE('',(#519),#5939,.T.);
#145=ADVANCED_FACE('',(#520),#6152,.T.);
#146=ADVANCED_FACE('',(#521),#5940,.T.);
#147=ADVANCED_FACE('',(#522,#28,#29),#5941,.T.);
#148=ADVANCED_FACE('',(#523),#6153,.T.);
#149=ADVANCED_FACE('',(#524),#6154,.T.);
#150=ADVANCED_FACE('',(#525),#5942,.T.);
#151=ADVANCED_FACE('',(#526),#5943,.T.);
#152=ADVANCED_FACE('',(#527),#6155,.T.);
#153=ADVANCED_FACE('',(#528),#5944,.T.);
#154=ADVANCED_FACE('',(#529),#5945,.T.);
#155=ADVANCED_FACE('',(#530),#6156,.T.);
#156=ADVANCED_FACE('',(#531),#5946,.T.);
#157=ADVANCED_FACE('',(#532),#5947,.T.);
#158=ADVANCED_FACE('',(#533),#5948,.T.);
#159=ADVANCED_FACE('',(#534),#5949,.T.);
#160=ADVANCED_FACE('',(#535),#5950,.T.);
#161=ADVANCED_FACE('',(#536),#5951,.T.);
#162=ADVANCED_FACE('',(#537),#6157,.T.);
#163=ADVANCED_FACE('',(#538),#5952,.T.);
#164=ADVANCED_FACE('',(#539),#5953,.T.);
#165=ADVANCED_FACE('',(#540),#6158,.T.);
#166=ADVANCED_FACE('',(#541),#5954,.T.);
#167=ADVANCED_FACE('',(#542),#6159,.T.);
#168=ADVANCED_FACE('',(#543),#5955,.T.);
#169=ADVANCED_FACE('',(#544),#5956,.T.);
#170=ADVANCED_FACE('',(#545),#5957,.T.);
#171=ADVANCED_FACE('',(#546),#5958,.T.);
#172=ADVANCED_FACE('',(#547),#5959,.T.);
#173=ADVANCED_FACE('',(#548),#5960,.T.);
#174=ADVANCED_FACE('',(#549),#5961,.T.);
#175=ADVANCED_FACE('',(#550),#6160,.T.);
#176=ADVANCED_FACE('',(#551),#6161,.T.);
#177=ADVANCED_FACE('',(#552),#5962,.T.);
#178=ADVANCED_FACE('',(#553),#5963,.T.);
#179=ADVANCED_FACE('',(#554),#5964,.T.);
#180=ADVANCED_FACE('',(#555),#5965,.T.);
#181=ADVANCED_FACE('',(#556),#6162,.T.);
#182=ADVANCED_FACE('',(#557),#6163,.T.);
#183=ADVANCED_FACE('',(#558),#5966,.T.);
#184=ADVANCED_FACE('',(#559),#6164,.T.);
#185=ADVANCED_FACE('',(#560,#30),#5967,.T.);
#186=ADVANCED_FACE('',(#561),#5968,.T.);
#187=ADVANCED_FACE('',(#562),#5969,.T.);
#188=ADVANCED_FACE('',(#563),#5970,.T.);
#189=ADVANCED_FACE('',(#564),#5971,.T.);
#190=ADVANCED_FACE('',(#565),#6165,.T.);
#191=ADVANCED_FACE('',(#566),#6166,.T.);
#192=ADVANCED_FACE('',(#567),#5972,.T.);
#193=ADVANCED_FACE('',(#568),#5973,.T.);
#194=ADVANCED_FACE('',(#569),#5974,.T.);
#195=ADVANCED_FACE('',(#570),#5975,.T.);
#196=ADVANCED_FACE('',(#571),#5976,.T.);
#197=ADVANCED_FACE('',(#572),#5977,.T.);
#198=ADVANCED_FACE('',(#573),#5978,.T.);
#199=ADVANCED_FACE('',(#574),#5979,.T.);
#200=ADVANCED_FACE('',(#575),#5980,.T.);
#201=ADVANCED_FACE('',(#576),#6167,.T.);
#202=ADVANCED_FACE('',(#577),#6168,.T.);
#203=ADVANCED_FACE('',(#578),#5981,.T.);
#204=ADVANCED_FACE('',(#579,#31),#5982,.T.);
#205=ADVANCED_FACE('',(#580),#5983,.T.);
#206=ADVANCED_FACE('',(#581,#32),#5984,.T.);
#207=ADVANCED_FACE('',(#582),#5985,.T.);
#208=ADVANCED_FACE('',(#583),#5986,.T.);
#209=ADVANCED_FACE('',(#584),#6169,.T.);
#210=ADVANCED_FACE('',(#585),#5987,.T.);
#211=ADVANCED_FACE('',(#586),#5988,.T.);
#212=ADVANCED_FACE('',(#587),#5989,.T.);
#213=ADVANCED_FACE('',(#588),#6170,.T.);
#214=ADVANCED_FACE('',(#589),#5990,.T.);
#215=ADVANCED_FACE('',(#590),#5991,.T.);
#216=ADVANCED_FACE('',(#591),#5992,.T.);
#217=ADVANCED_FACE('',(#592),#6171,.T.);
#218=ADVANCED_FACE('',(#593),#5993,.T.);
#219=ADVANCED_FACE('',(#594),#5994,.T.);
#220=ADVANCED_FACE('',(#595),#5995,.T.);
#221=ADVANCED_FACE('',(#596),#6172,.T.);
#222=ADVANCED_FACE('',(#597),#5996,.T.);
#223=ADVANCED_FACE('',(#598),#5997,.T.);
#224=ADVANCED_FACE('',(#599),#5998,.T.);
#225=ADVANCED_FACE('',(#600),#6173,.T.);
#226=ADVANCED_FACE('',(#601),#6174,.T.);
#227=ADVANCED_FACE('',(#602),#5999,.T.);
#228=ADVANCED_FACE('',(#603),#6000,.T.);
#229=ADVANCED_FACE('',(#604),#6001,.T.);
#230=ADVANCED_FACE('',(#605),#6175,.T.);
#231=ADVANCED_FACE('',(#606),#6002,.T.);
#232=ADVANCED_FACE('',(#607),#6003,.T.);
#233=ADVANCED_FACE('',(#608),#6004,.T.);
#234=ADVANCED_FACE('',(#609),#6176,.T.);
#235=ADVANCED_FACE('',(#610),#6005,.T.);
#236=ADVANCED_FACE('',(#611),#6006,.T.);
#237=ADVANCED_FACE('',(#612),#6007,.T.);
#238=ADVANCED_FACE('',(#613),#6177,.T.);
#239=ADVANCED_FACE('',(#614),#6008,.T.);
#240=ADVANCED_FACE('',(#615),#6009,.T.);
#241=ADVANCED_FACE('',(#616),#6010,.T.);
#242=ADVANCED_FACE('',(#617),#6178,.T.);
#243=ADVANCED_FACE('',(#618),#6011,.T.);
#244=ADVANCED_FACE('',(#619),#6012,.T.);
#245=ADVANCED_FACE('',(#620),#6013,.T.);
#246=ADVANCED_FACE('',(#621),#6179,.T.);
#247=ADVANCED_FACE('',(#622),#6014,.T.);
#248=ADVANCED_FACE('',(#623),#6015,.T.);
#249=ADVANCED_FACE('',(#624),#6016,.T.);
#250=ADVANCED_FACE('',(#625),#6180,.T.);
#251=ADVANCED_FACE('',(#626),#6181,.T.);
#252=ADVANCED_FACE('',(#627),#6017,.T.);
#253=ADVANCED_FACE('',(#628),#6018,.T.);
#254=ADVANCED_FACE('',(#629),#6019,.T.);
#255=ADVANCED_FACE('',(#630),#6182,.T.);
#256=ADVANCED_FACE('',(#631),#6020,.T.);
#257=ADVANCED_FACE('',(#632),#6021,.T.);
#258=ADVANCED_FACE('',(#633),#6022,.T.);
#259=ADVANCED_FACE('',(#634),#6183,.T.);
#260=ADVANCED_FACE('',(#635),#6023,.T.);
#261=ADVANCED_FACE('',(#636),#6024,.T.);
#262=ADVANCED_FACE('',(#637),#6025,.T.);
#263=ADVANCED_FACE('',(#638),#6184,.T.);
#264=ADVANCED_FACE('',(#639),#6026,.T.);
#265=ADVANCED_FACE('',(#640),#6027,.T.);
#266=ADVANCED_FACE('',(#641),#6028,.T.);
#267=ADVANCED_FACE('',(#642),#6185,.T.);
#268=ADVANCED_FACE('',(#643),#6029,.T.);
#269=ADVANCED_FACE('',(#644),#6030,.T.);
#270=ADVANCED_FACE('',(#645),#6031,.T.);
#271=ADVANCED_FACE('',(#646),#6186,.T.);
#272=ADVANCED_FACE('',(#647),#6032,.T.);
#273=ADVANCED_FACE('',(#648),#6033,.T.);
#274=ADVANCED_FACE('',(#649),#6034,.T.);
#275=ADVANCED_FACE('',(#650),#6187,.T.);
#276=ADVANCED_FACE('',(#651),#6188,.T.);
#277=ADVANCED_FACE('',(#652),#6035,.T.);
#278=ADVANCED_FACE('',(#653),#6036,.T.);
#279=ADVANCED_FACE('',(#654),#6037,.T.);
#280=ADVANCED_FACE('',(#655),#6189,.T.);
#281=ADVANCED_FACE('',(#656),#6038,.T.);
#282=ADVANCED_FACE('',(#657),#6039,.T.);
#283=ADVANCED_FACE('',(#658),#6040,.T.);
#284=ADVANCED_FACE('',(#659),#6190,.T.);
#285=ADVANCED_FACE('',(#660),#6041,.T.);
#286=ADVANCED_FACE('',(#661),#6042,.T.);
#287=ADVANCED_FACE('',(#662),#6043,.T.);
#288=ADVANCED_FACE('',(#663),#6191,.T.);
#289=ADVANCED_FACE('',(#664),#6044,.T.);
#290=ADVANCED_FACE('',(#665),#6045,.T.);
#291=ADVANCED_FACE('',(#666),#6046,.T.);
#292=ADVANCED_FACE('',(#667),#6192,.T.);
#293=ADVANCED_FACE('',(#668),#6047,.T.);
#294=ADVANCED_FACE('',(#669),#6048,.T.);
#295=ADVANCED_FACE('',(#670),#6049,.T.);
#296=ADVANCED_FACE('',(#671),#6193,.T.);
#297=ADVANCED_FACE('',(#672),#6050,.T.);
#298=ADVANCED_FACE('',(#673),#6051,.T.);
#299=ADVANCED_FACE('',(#674),#6052,.T.);
#300=ADVANCED_FACE('',(#675),#6194,.T.);
#301=ADVANCED_FACE('',(#676),#6053,.T.);
#302=ADVANCED_FACE('',(#677),#6054,.T.);
#303=ADVANCED_FACE('',(#678),#6055,.T.);
#304=ADVANCED_FACE('',(#679),#6195,.T.);
#305=ADVANCED_FACE('',(#680),#6056,.T.);
#306=ADVANCED_FACE('',(#681),#6057,.T.);
#307=ADVANCED_FACE('',(#682),#6058,.T.);
#308=ADVANCED_FACE('',(#683),#6196,.T.);
#309=ADVANCED_FACE('',(#684),#6197,.T.);
#310=ADVANCED_FACE('',(#685,#33,#34,#35,#36,#37,#38,#39,#40,#41,#42,#43,
#44,#45),#6059,.T.);
#311=ADVANCED_FACE('',(#686),#6198,.T.);
#312=ADVANCED_FACE('',(#687),#6199,.T.);
#313=ADVANCED_FACE('',(#688),#6060,.T.);
#314=ADVANCED_FACE('',(#689),#6061,.T.);
#315=ADVANCED_FACE('',(#690),#6062,.T.);
#316=ADVANCED_FACE('',(#691),#6063,.T.);
#317=ADVANCED_FACE('',(#692),#6064,.T.);
#318=ADVANCED_FACE('',(#693),#6065,.T.);
#319=ADVANCED_FACE('',(#694),#6066,.T.);
#320=ADVANCED_FACE('',(#695),#6200,.T.);
#321=ADVANCED_FACE('',(#696),#6067,.T.);
#322=ADVANCED_FACE('',(#697),#6201,.T.);
#323=ADVANCED_FACE('',(#698),#6068,.T.);
#324=ADVANCED_FACE('',(#699),#6069,.T.);
#325=ADVANCED_FACE('',(#700),#6202,.T.);
#326=ADVANCED_FACE('',(#701),#6070,.T.);
#327=ADVANCED_FACE('',(#702),#6071,.T.);
#328=ADVANCED_FACE('',(#703),#6203,.T.);
#329=ADVANCED_FACE('',(#704),#6072,.T.);
#330=ADVANCED_FACE('',(#705),#6073,.T.);
#331=ADVANCED_FACE('',(#706),#6074,.T.);
#332=ADVANCED_FACE('',(#707),#6204,.T.);
#333=ADVANCED_FACE('',(#708),#6075,.T.);
#334=ADVANCED_FACE('',(#709),#6076,.T.);
#335=ADVANCED_FACE('',(#710),#6077,.T.);
#336=ADVANCED_FACE('',(#711),#6078,.T.);
#337=ADVANCED_FACE('',(#712),#6079,.T.);
#338=ADVANCED_FACE('',(#713),#6080,.T.);
#339=ADVANCED_FACE('',(#714),#6081,.T.);
#340=ADVANCED_FACE('',(#715,#46),#6082,.T.);
#341=ADVANCED_FACE('',(#716),#6205,.T.);
#342=ADVANCED_FACE('',(#717),#6083,.T.);
#343=ADVANCED_FACE('',(#718),#6206,.T.);
#344=ADVANCED_FACE('',(#719),#6084,.T.);
#345=ADVANCED_FACE('',(#720),#6207,.T.);
#346=ADVANCED_FACE('',(#721),#6085,.T.);
#347=ADVANCED_FACE('',(#722),#6208,.T.);
#348=ADVANCED_FACE('',(#723),#6209,.T.);
#349=ADVANCED_FACE('',(#724),#6210,.T.);
#350=ADVANCED_FACE('',(#725),#6086,.T.);
#351=ADVANCED_FACE('',(#726),#6211,.T.);
#352=ADVANCED_FACE('',(#727,#47),#6087,.T.);
#353=ADVANCED_FACE('',(#728),#6088,.T.);
#354=ADVANCED_FACE('',(#729),#6212,.T.);
#355=ADVANCED_FACE('',(#730),#6089,.T.);
#356=ADVANCED_FACE('',(#731),#6090,.T.);
#357=ADVANCED_FACE('',(#732),#6091,.T.);
#358=ADVANCED_FACE('',(#733),#6092,.T.);
#359=ADVANCED_FACE('',(#734),#6093,.T.);
#360=ADVANCED_FACE('',(#735),#6213,.T.);
#361=ADVANCED_FACE('',(#736),#6094,.T.);
#362=ADVANCED_FACE('',(#737),#6095,.T.);
#363=ADVANCED_FACE('',(#738),#6214,.T.);
#364=ADVANCED_FACE('',(#739),#6096,.T.);
#365=ADVANCED_FACE('',(#740),#6215,.T.);
#366=ADVANCED_FACE('',(#741),#6097,.T.);
#367=ADVANCED_FACE('',(#742),#6098,.T.);
#368=ADVANCED_FACE('',(#743),#6216,.T.);
#369=ADVANCED_FACE('',(#744),#6099,.T.);
#370=ADVANCED_FACE('',(#745),#6100,.T.);
#371=ADVANCED_FACE('',(#746),#6217,.T.);
#372=ADVANCED_FACE('',(#747),#6101,.T.);
#373=ADVANCED_FACE('',(#748),#6102,.T.);
#374=ADVANCED_FACE('',(#749),#6103,.T.);
#375=ADVANCED_FACE('',(#750),#6104,.T.);
#376=ADVANCED_FACE('',(#751),#6105,.T.);
#377=ADVANCED_FACE('',(#752),#6106,.T.);
#378=ADVANCED_FACE('',(#753),#6107,.T.);
#379=ADVANCED_FACE('',(#754),#6108,.T.);
#380=ADVANCED_FACE('',(#755),#6109,.T.);
#381=ADVANCED_FACE('',(#756),#6110,.T.);
#382=ADVANCED_FACE('',(#757),#6111,.T.);
#383=ADVANCED_FACE('',(#758),#6112,.T.);
#384=ADVANCED_FACE('',(#759),#6113,.T.);
#385=ADVANCED_FACE('',(#760),#6114,.T.);
#386=ADVANCED_FACE('',(#761),#6115,.T.);
#387=ADVANCED_FACE('',(#762),#6116,.T.);
#388=ADVANCED_FACE('',(#763),#6117,.T.);
#389=ADVANCED_FACE('',(#764),#6118,.T.);
#390=ADVANCED_FACE('',(#765),#6119,.T.);
#391=ADVANCED_FACE('',(#766),#6120,.T.);
#392=ADVANCED_FACE('',(#767),#6218,.T.);
#393=ADVANCED_FACE('',(#768),#6121,.T.);
#394=ADVANCED_FACE('',(#769),#6122,.T.);
#395=ADVANCED_FACE('',(#770),#6123,.T.);
#396=ADVANCED_FACE('',(#771),#6124,.T.);
#397=ADVANCED_FACE('',(#772),#6125,.T.);
#398=ADVANCED_FACE('',(#773),#6126,.T.);
#399=ADVANCED_FACE('',(#774),#6127,.T.);
#400=ADVANCED_FACE('',(#775),#6128,.T.);
#401=ADVANCED_FACE('',(#776),#6129,.T.);
#402=ADVANCED_FACE('',(#777),#6130,.T.);
#403=ADVANCED_FACE('',(#778),#5844,.T.);
#404=ADVANCED_FACE('',(#779),#5845,.T.);
#405=ADVANCED_FACE('',(#780),#5846,.T.);
#406=ADVANCED_FACE('',(#781),#5847,.T.);
#407=ADVANCED_FACE('',(#782),#6131,.T.);
#408=ADVANCED_FACE('',(#783),#6132,.T.);
#409=ADVANCED_FACE('',(#784),#5848,.T.);
#410=ADVANCED_FACE('',(#785),#5849,.T.);
#411=ADVANCED_FACE('',(#786),#5850,.T.);
#412=ADVANCED_FACE('',(#787),#5851,.T.);
#413=ADVANCED_FACE('',(#788),#6133,.T.);
#414=ADVANCED_FACE('',(#789,#48),#6134,.T.);
#415=ADVANCED_FACE('',(#790),#6135,.T.);
#416=ADVANCED_FACE('',(#791),#6136,.T.);
#417=ADVANCED_FACE('',(#792),#6137,.T.);
#418=ADVANCED_FACE('',(#793),#6138,.T.);
#419=ADVANCED_FACE('',(#794),#6139,.T.);
#420=ADVANCED_FACE('',(#795),#6140,.T.);
#421=ADVANCED_FACE('',(#796),#6141,.T.);
#422=ADVANCED_FACE('',(#797),#6142,.T.);
#423=ADVANCED_FACE('',(#798),#6143,.T.);
#424=FACE_OUTER_BOUND('',#799,.T.);
#425=FACE_OUTER_BOUND('',#800,.T.);
#426=FACE_OUTER_BOUND('',#801,.T.);
#427=FACE_OUTER_BOUND('',#802,.T.);
#428=FACE_OUTER_BOUND('',#803,.T.);
#429=FACE_OUTER_BOUND('',#805,.T.);
#430=FACE_OUTER_BOUND('',#806,.T.);
#431=FACE_OUTER_BOUND('',#807,.T.);
#432=FACE_OUTER_BOUND('',#808,.T.);
#433=FACE_OUTER_BOUND('',#809,.T.);
#434=FACE_OUTER_BOUND('',#810,.T.);
#435=FACE_OUTER_BOUND('',#811,.T.);
#436=FACE_OUTER_BOUND('',#812,.T.);
#437=FACE_OUTER_BOUND('',#813,.T.);
#438=FACE_OUTER_BOUND('',#814,.T.);
#439=FACE_OUTER_BOUND('',#815,.T.);
#440=FACE_OUTER_BOUND('',#816,.T.);
#441=FACE_OUTER_BOUND('',#817,.T.);
#442=FACE_OUTER_BOUND('',#818,.T.);
#443=FACE_OUTER_BOUND('',#819,.T.);
#444=FACE_OUTER_BOUND('',#820,.T.);
#445=FACE_OUTER_BOUND('',#821,.T.);
#446=FACE_OUTER_BOUND('',#822,.T.);
#447=FACE_OUTER_BOUND('',#823,.T.);
#448=FACE_OUTER_BOUND('',#824,.T.);
#449=FACE_OUTER_BOUND('',#825,.T.);
#450=FACE_OUTER_BOUND('',#826,.T.);
#451=FACE_OUTER_BOUND('',#827,.T.);
#452=FACE_OUTER_BOUND('',#828,.T.);
#453=FACE_OUTER_BOUND('',#829,.T.);
#454=FACE_OUTER_BOUND('',#830,.T.);
#455=FACE_OUTER_BOUND('',#831,.T.);
#456=FACE_OUTER_BOUND('',#832,.T.);
#457=FACE_OUTER_BOUND('',#833,.T.);
#458=FACE_OUTER_BOUND('',#834,.T.);
#459=FACE_OUTER_BOUND('',#835,.T.);
#460=FACE_OUTER_BOUND('',#837,.T.);
#461=FACE_OUTER_BOUND('',#838,.T.);
#462=FACE_OUTER_BOUND('',#839,.T.);
#463=FACE_OUTER_BOUND('',#840,.T.);
#464=FACE_OUTER_BOUND('',#841,.T.);
#465=FACE_OUTER_BOUND('',#842,.T.);
#466=FACE_OUTER_BOUND('',#843,.T.);
#467=FACE_OUTER_BOUND('',#844,.T.);
#468=FACE_OUTER_BOUND('',#845,.T.);
#469=FACE_OUTER_BOUND('',#846,.T.);
#470=FACE_OUTER_BOUND('',#847,.T.);
#471=FACE_OUTER_BOUND('',#848,.T.);
#472=FACE_OUTER_BOUND('',#849,.T.);
#473=FACE_OUTER_BOUND('',#850,.T.);
#474=FACE_OUTER_BOUND('',#851,.T.);
#475=FACE_OUTER_BOUND('',#852,.T.);
#476=FACE_OUTER_BOUND('',#853,.T.);
#477=FACE_OUTER_BOUND('',#854,.T.);
#478=FACE_OUTER_BOUND('',#855,.T.);
#479=FACE_OUTER_BOUND('',#856,.T.);
#480=FACE_OUTER_BOUND('',#857,.T.);
#481=FACE_OUTER_BOUND('',#858,.T.);
#482=FACE_OUTER_BOUND('',#859,.T.);
#483=FACE_OUTER_BOUND('',#860,.T.);
#484=FACE_OUTER_BOUND('',#861,.T.);
#485=FACE_OUTER_BOUND('',#862,.T.);
#486=FACE_OUTER_BOUND('',#863,.T.);
#487=FACE_OUTER_BOUND('',#864,.T.);
#488=FACE_OUTER_BOUND('',#865,.T.);
#489=FACE_OUTER_BOUND('',#866,.T.);
#490=FACE_OUTER_BOUND('',#867,.T.);
#491=FACE_OUTER_BOUND('',#868,.T.);
#492=FACE_OUTER_BOUND('',#869,.T.);
#493=FACE_OUTER_BOUND('',#870,.T.);
#494=FACE_OUTER_BOUND('',#871,.T.);
#495=FACE_OUTER_BOUND('',#872,.T.);
#496=FACE_OUTER_BOUND('',#873,.T.);
#497=FACE_OUTER_BOUND('',#874,.T.);
#498=FACE_OUTER_BOUND('',#875,.T.);
#499=FACE_OUTER_BOUND('',#876,.T.);
#500=FACE_OUTER_BOUND('',#877,.T.);
#501=FACE_OUTER_BOUND('',#878,.T.);
#502=FACE_OUTER_BOUND('',#879,.T.);
#503=FACE_OUTER_BOUND('',#880,.T.);
#504=FACE_OUTER_BOUND('',#881,.T.);
#505=FACE_OUTER_BOUND('',#882,.T.);
#506=FACE_OUTER_BOUND('',#883,.T.);
#507=FACE_OUTER_BOUND('',#884,.T.);
#508=FACE_OUTER_BOUND('',#885,.T.);
#509=FACE_OUTER_BOUND('',#886,.T.);
#510=FACE_OUTER_BOUND('',#887,.T.);
#511=FACE_OUTER_BOUND('',#888,.T.);
#512=FACE_OUTER_BOUND('',#889,.T.);
#513=FACE_OUTER_BOUND('',#890,.T.);
#514=FACE_OUTER_BOUND('',#891,.T.);
#515=FACE_OUTER_BOUND('',#892,.T.);
#516=FACE_OUTER_BOUND('',#893,.T.);
#517=FACE_OUTER_BOUND('',#894,.T.);
#518=FACE_OUTER_BOUND('',#895,.T.);
#519=FACE_OUTER_BOUND('',#898,.T.);
#520=FACE_OUTER_BOUND('',#899,.T.);
#521=FACE_OUTER_BOUND('',#900,.T.);
#522=FACE_OUTER_BOUND('',#901,.T.);
#523=FACE_OUTER_BOUND('',#904,.T.);
#524=FACE_OUTER_BOUND('',#905,.T.);
#525=FACE_OUTER_BOUND('',#906,.T.);
#526=FACE_OUTER_BOUND('',#907,.T.);
#527=FACE_OUTER_BOUND('',#908,.T.);
#528=FACE_OUTER_BOUND('',#909,.T.);
#529=FACE_OUTER_BOUND('',#910,.T.);
#530=FACE_OUTER_BOUND('',#911,.T.);
#531=FACE_OUTER_BOUND('',#912,.T.);
#532=FACE_OUTER_BOUND('',#913,.T.);
#533=FACE_OUTER_BOUND('',#914,.T.);
#534=FACE_OUTER_BOUND('',#915,.T.);
#535=FACE_OUTER_BOUND('',#916,.T.);
#536=FACE_OUTER_BOUND('',#917,.T.);
#537=FACE_OUTER_BOUND('',#918,.T.);
#538=FACE_OUTER_BOUND('',#919,.T.);
#539=FACE_OUTER_BOUND('',#920,.T.);
#540=FACE_OUTER_BOUND('',#921,.T.);
#541=FACE_OUTER_BOUND('',#922,.T.);
#542=FACE_OUTER_BOUND('',#923,.T.);
#543=FACE_OUTER_BOUND('',#924,.T.);
#544=FACE_OUTER_BOUND('',#925,.T.);
#545=FACE_OUTER_BOUND('',#926,.T.);
#546=FACE_OUTER_BOUND('',#927,.T.);
#547=FACE_OUTER_BOUND('',#928,.T.);
#548=FACE_OUTER_BOUND('',#929,.T.);
#549=FACE_OUTER_BOUND('',#930,.T.);
#550=FACE_OUTER_BOUND('',#931,.T.);
#551=FACE_OUTER_BOUND('',#932,.T.);
#552=FACE_OUTER_BOUND('',#933,.T.);
#553=FACE_OUTER_BOUND('',#934,.T.);
#554=FACE_OUTER_BOUND('',#935,.T.);
#555=FACE_OUTER_BOUND('',#936,.T.);
#556=FACE_OUTER_BOUND('',#937,.T.);
#557=FACE_OUTER_BOUND('',#938,.T.);
#558=FACE_OUTER_BOUND('',#939,.T.);
#559=FACE_OUTER_BOUND('',#940,.T.);
#560=FACE_OUTER_BOUND('',#941,.T.);
#561=FACE_OUTER_BOUND('',#943,.T.);
#562=FACE_OUTER_BOUND('',#944,.T.);
#563=FACE_OUTER_BOUND('',#945,.T.);
#564=FACE_OUTER_BOUND('',#946,.T.);
#565=FACE_OUTER_BOUND('',#947,.T.);
#566=FACE_OUTER_BOUND('',#948,.T.);
#567=FACE_OUTER_BOUND('',#949,.T.);
#568=FACE_OUTER_BOUND('',#950,.T.);
#569=FACE_OUTER_BOUND('',#951,.T.);
#570=FACE_OUTER_BOUND('',#952,.T.);
#571=FACE_OUTER_BOUND('',#953,.T.);
#572=FACE_OUTER_BOUND('',#954,.T.);
#573=FACE_OUTER_BOUND('',#955,.T.);
#574=FACE_OUTER_BOUND('',#956,.T.);
#575=FACE_OUTER_BOUND('',#957,.T.);
#576=FACE_OUTER_BOUND('',#958,.T.);
#577=FACE_OUTER_BOUND('',#959,.T.);
#578=FACE_OUTER_BOUND('',#960,.T.);
#579=FACE_OUTER_BOUND('',#961,.T.);
#580=FACE_OUTER_BOUND('',#963,.T.);
#581=FACE_OUTER_BOUND('',#964,.T.);
#582=FACE_OUTER_BOUND('',#966,.T.);
#583=FACE_OUTER_BOUND('',#967,.T.);
#584=FACE_OUTER_BOUND('',#968,.T.);
#585=FACE_OUTER_BOUND('',#969,.T.);
#586=FACE_OUTER_BOUND('',#970,.T.);
#587=FACE_OUTER_BOUND('',#971,.T.);
#588=FACE_OUTER_BOUND('',#972,.T.);
#589=FACE_OUTER_BOUND('',#973,.T.);
#590=FACE_OUTER_BOUND('',#974,.T.);
#591=FACE_OUTER_BOUND('',#975,.T.);
#592=FACE_OUTER_BOUND('',#976,.T.);
#593=FACE_OUTER_BOUND('',#977,.T.);
#594=FACE_OUTER_BOUND('',#978,.T.);
#595=FACE_OUTER_BOUND('',#979,.T.);
#596=FACE_OUTER_BOUND('',#980,.T.);
#597=FACE_OUTER_BOUND('',#981,.T.);
#598=FACE_OUTER_BOUND('',#982,.T.);
#599=FACE_OUTER_BOUND('',#983,.T.);
#600=FACE_OUTER_BOUND('',#984,.T.);
#601=FACE_OUTER_BOUND('',#985,.T.);
#602=FACE_OUTER_BOUND('',#986,.T.);
#603=FACE_OUTER_BOUND('',#987,.T.);
#604=FACE_OUTER_BOUND('',#988,.T.);
#605=FACE_OUTER_BOUND('',#989,.T.);
#606=FACE_OUTER_BOUND('',#990,.T.);
#607=FACE_OUTER_BOUND('',#991,.T.);
#608=FACE_OUTER_BOUND('',#992,.T.);
#609=FACE_OUTER_BOUND('',#993,.T.);
#610=FACE_OUTER_BOUND('',#994,.T.);
#611=FACE_OUTER_BOUND('',#995,.T.);
#612=FACE_OUTER_BOUND('',#996,.T.);
#613=FACE_OUTER_BOUND('',#997,.T.);
#614=FACE_OUTER_BOUND('',#998,.T.);
#615=FACE_OUTER_BOUND('',#999,.T.);
#616=FACE_OUTER_BOUND('',#1000,.T.);
#617=FACE_OUTER_BOUND('',#1001,.T.);
#618=FACE_OUTER_BOUND('',#1002,.T.);
#619=FACE_OUTER_BOUND('',#1003,.T.);
#620=FACE_OUTER_BOUND('',#1004,.T.);
#621=FACE_OUTER_BOUND('',#1005,.T.);
#622=FACE_OUTER_BOUND('',#1006,.T.);
#623=FACE_OUTER_BOUND('',#1007,.T.);
#624=FACE_OUTER_BOUND('',#1008,.T.);
#625=FACE_OUTER_BOUND('',#1009,.T.);
#626=FACE_OUTER_BOUND('',#1010,.T.);
#627=FACE_OUTER_BOUND('',#1011,.T.);
#628=FACE_OUTER_BOUND('',#1012,.T.);
#629=FACE_OUTER_BOUND('',#1013,.T.);
#630=FACE_OUTER_BOUND('',#1014,.T.);
#631=FACE_OUTER_BOUND('',#1015,.T.);
#632=FACE_OUTER_BOUND('',#1016,.T.);
#633=FACE_OUTER_BOUND('',#1017,.T.);
#634=FACE_OUTER_BOUND('',#1018,.T.);
#635=FACE_OUTER_BOUND('',#1019,.T.);
#636=FACE_OUTER_BOUND('',#1020,.T.);
#637=FACE_OUTER_BOUND('',#1021,.T.);
#638=FACE_OUTER_BOUND('',#1022,.T.);
#639=FACE_OUTER_BOUND('',#1023,.T.);
#640=FACE_OUTER_BOUND('',#1024,.T.);
#641=FACE_OUTER_BOUND('',#1025,.T.);
#642=FACE_OUTER_BOUND('',#1026,.T.);
#643=FACE_OUTER_BOUND('',#1027,.T.);
#644=FACE_OUTER_BOUND('',#1028,.T.);
#645=FACE_OUTER_BOUND('',#1029,.T.);
#646=FACE_OUTER_BOUND('',#1030,.T.);
#647=FACE_OUTER_BOUND('',#1031,.T.);
#648=FACE_OUTER_BOUND('',#1032,.T.);
#649=FACE_OUTER_BOUND('',#1033,.T.);
#650=FACE_OUTER_BOUND('',#1034,.T.);
#651=FACE_OUTER_BOUND('',#1035,.T.);
#652=FACE_OUTER_BOUND('',#1036,.T.);
#653=FACE_OUTER_BOUND('',#1037,.T.);
#654=FACE_OUTER_BOUND('',#1038,.T.);
#655=FACE_OUTER_BOUND('',#1039,.T.);
#656=FACE_OUTER_BOUND('',#1040,.T.);
#657=FACE_OUTER_BOUND('',#1041,.T.);
#658=FACE_OUTER_BOUND('',#1042,.T.);
#659=FACE_OUTER_BOUND('',#1043,.T.);
#660=FACE_OUTER_BOUND('',#1044,.T.);
#661=FACE_OUTER_BOUND('',#1045,.T.);
#662=FACE_OUTER_BOUND('',#1046,.T.);
#663=FACE_OUTER_BOUND('',#1047,.T.);
#664=FACE_OUTER_BOUND('',#1048,.T.);
#665=FACE_OUTER_BOUND('',#1049,.T.);
#666=FACE_OUTER_BOUND('',#1050,.T.);
#667=FACE_OUTER_BOUND('',#1051,.T.);
#668=FACE_OUTER_BOUND('',#1052,.T.);
#669=FACE_OUTER_BOUND('',#1053,.T.);
#670=FACE_OUTER_BOUND('',#1054,.T.);
#671=FACE_OUTER_BOUND('',#1055,.T.);
#672=FACE_OUTER_BOUND('',#1056,.T.);
#673=FACE_OUTER_BOUND('',#1057,.T.);
#674=FACE_OUTER_BOUND('',#1058,.T.);
#675=FACE_OUTER_BOUND('',#1059,.T.);
#676=FACE_OUTER_BOUND('',#1060,.T.);
#677=FACE_OUTER_BOUND('',#1061,.T.);
#678=FACE_OUTER_BOUND('',#1062,.T.);
#679=FACE_OUTER_BOUND('',#1063,.T.);
#680=FACE_OUTER_BOUND('',#1064,.T.);
#681=FACE_OUTER_BOUND('',#1065,.T.);
#682=FACE_OUTER_BOUND('',#1066,.T.);
#683=FACE_OUTER_BOUND('',#1067,.T.);
#684=FACE_OUTER_BOUND('',#1068,.T.);
#685=FACE_OUTER_BOUND('',#1069,.T.);
#686=FACE_OUTER_BOUND('',#1083,.T.);
#687=FACE_OUTER_BOUND('',#1084,.T.);
#688=FACE_OUTER_BOUND('',#1085,.T.);
#689=FACE_OUTER_BOUND('',#1086,.T.);
#690=FACE_OUTER_BOUND('',#1087,.T.);
#691=FACE_OUTER_BOUND('',#1088,.T.);
#692=FACE_OUTER_BOUND('',#1089,.T.);
#693=FACE_OUTER_BOUND('',#1090,.T.);
#694=FACE_OUTER_BOUND('',#1091,.T.);
#695=FACE_OUTER_BOUND('',#1092,.T.);
#696=FACE_OUTER_BOUND('',#1093,.T.);
#697=FACE_OUTER_BOUND('',#1094,.T.);
#698=FACE_OUTER_BOUND('',#1095,.T.);
#699=FACE_OUTER_BOUND('',#1096,.T.);
#700=FACE_OUTER_BOUND('',#1097,.T.);
#701=FACE_OUTER_BOUND('',#1098,.T.);
#702=FACE_OUTER_BOUND('',#1099,.T.);
#703=FACE_OUTER_BOUND('',#1100,.T.);
#704=FACE_OUTER_BOUND('',#1101,.T.);
#705=FACE_OUTER_BOUND('',#1102,.T.);
#706=FACE_OUTER_BOUND('',#1103,.T.);
#707=FACE_OUTER_BOUND('',#1104,.T.);
#708=FACE_OUTER_BOUND('',#1105,.T.);
#709=FACE_OUTER_BOUND('',#1106,.T.);
#710=FACE_OUTER_BOUND('',#1107,.T.);
#711=FACE_OUTER_BOUND('',#1108,.T.);
#712=FACE_OUTER_BOUND('',#1109,.T.);
#713=FACE_OUTER_BOUND('',#1110,.T.);
#714=FACE_OUTER_BOUND('',#1111,.T.);
#715=FACE_OUTER_BOUND('',#1112,.T.);
#716=FACE_OUTER_BOUND('',#1114,.T.);
#717=FACE_OUTER_BOUND('',#1115,.T.);
#718=FACE_OUTER_BOUND('',#1116,.T.);
#719=FACE_OUTER_BOUND('',#1117,.T.);
#720=FACE_OUTER_BOUND('',#1118,.T.);
#721=FACE_OUTER_BOUND('',#1119,.T.);
#722=FACE_OUTER_BOUND('',#1120,.T.);
#723=FACE_OUTER_BOUND('',#1121,.T.);
#724=FACE_OUTER_BOUND('',#1122,.T.);
#725=FACE_OUTER_BOUND('',#1123,.T.);
#726=FACE_OUTER_BOUND('',#1124,.T.);
#727=FACE_OUTER_BOUND('',#1125,.T.);
#728=FACE_OUTER_BOUND('',#1127,.T.);
#729=FACE_OUTER_BOUND('',#1128,.T.);
#730=FACE_OUTER_BOUND('',#1129,.T.);
#731=FACE_OUTER_BOUND('',#1130,.T.);
#732=FACE_OUTER_BOUND('',#1131,.T.);
#733=FACE_OUTER_BOUND('',#1132,.T.);
#734=FACE_OUTER_BOUND('',#1133,.T.);
#735=FACE_OUTER_BOUND('',#1134,.T.);
#736=FACE_OUTER_BOUND('',#1135,.T.);
#737=FACE_OUTER_BOUND('',#1136,.T.);
#738=FACE_OUTER_BOUND('',#1137,.T.);
#739=FACE_OUTER_BOUND('',#1138,.T.);
#740=FACE_OUTER_BOUND('',#1139,.T.);
#741=FACE_OUTER_BOUND('',#1140,.T.);
#742=FACE_OUTER_BOUND('',#1141,.T.);
#743=FACE_OUTER_BOUND('',#1142,.T.);
#744=FACE_OUTER_BOUND('',#1143,.T.);
#745=FACE_OUTER_BOUND('',#1144,.T.);
#746=FACE_OUTER_BOUND('',#1145,.T.);
#747=FACE_OUTER_BOUND('',#1146,.T.);
#748=FACE_OUTER_BOUND('',#1147,.T.);
#749=FACE_OUTER_BOUND('',#1148,.T.);
#750=FACE_OUTER_BOUND('',#1149,.T.);
#751=FACE_OUTER_BOUND('',#1150,.T.);
#752=FACE_OUTER_BOUND('',#1151,.T.);
#753=FACE_OUTER_BOUND('',#1152,.T.);
#754=FACE_OUTER_BOUND('',#1153,.T.);
#755=FACE_OUTER_BOUND('',#1154,.T.);
#756=FACE_OUTER_BOUND('',#1155,.T.);
#757=FACE_OUTER_BOUND('',#1156,.T.);
#758=FACE_OUTER_BOUND('',#1157,.T.);
#759=FACE_OUTER_BOUND('',#1158,.T.);
#760=FACE_OUTER_BOUND('',#1159,.T.);
#761=FACE_OUTER_BOUND('',#1160,.T.);
#762=FACE_OUTER_BOUND('',#1161,.T.);
#763=FACE_OUTER_BOUND('',#1162,.T.);
#764=FACE_OUTER_BOUND('',#1163,.T.);
#765=FACE_OUTER_BOUND('',#1164,.T.);
#766=FACE_OUTER_BOUND('',#1165,.T.);
#767=FACE_OUTER_BOUND('',#1166,.T.);
#768=FACE_OUTER_BOUND('',#1167,.T.);
#769=FACE_OUTER_BOUND('',#1168,.T.);
#770=FACE_OUTER_BOUND('',#1169,.T.);
#771=FACE_OUTER_BOUND('',#1170,.T.);
#772=FACE_OUTER_BOUND('',#1171,.T.);
#773=FACE_OUTER_BOUND('',#1172,.T.);
#774=FACE_OUTER_BOUND('',#1173,.T.);
#775=FACE_OUTER_BOUND('',#1174,.T.);
#776=FACE_OUTER_BOUND('',#1175,.T.);
#777=FACE_OUTER_BOUND('',#1176,.T.);
#778=FACE_OUTER_BOUND('',#1177,.T.);
#779=FACE_OUTER_BOUND('',#1178,.T.);
#780=FACE_OUTER_BOUND('',#1179,.T.);
#781=FACE_OUTER_BOUND('',#1180,.T.);
#782=FACE_OUTER_BOUND('',#1181,.T.);
#783=FACE_OUTER_BOUND('',#1182,.T.);
#784=FACE_OUTER_BOUND('',#1183,.T.);
#785=FACE_OUTER_BOUND('',#1184,.T.);
#786=FACE_OUTER_BOUND('',#1185,.T.);
#787=FACE_OUTER_BOUND('',#1186,.T.);
#788=FACE_OUTER_BOUND('',#1187,.T.);
#789=FACE_OUTER_BOUND('',#1188,.T.);
#790=FACE_OUTER_BOUND('',#1190,.T.);
#791=FACE_OUTER_BOUND('',#1191,.T.);
#792=FACE_OUTER_BOUND('',#1192,.T.);
#793=FACE_OUTER_BOUND('',#1193,.T.);
#794=FACE_OUTER_BOUND('',#1194,.T.);
#795=FACE_OUTER_BOUND('',#1195,.T.);
#796=FACE_OUTER_BOUND('',#1196,.T.);
#797=FACE_OUTER_BOUND('',#1197,.T.);
#798=FACE_OUTER_BOUND('',#1198,.T.);
#799=EDGE_LOOP('',(#1199,#1200,#1201,#1202,#1203,#1204));
#800=EDGE_LOOP('',(#1205,#1206,#1207,#1208));
#801=EDGE_LOOP('',(#1209,#1210,#1211,#1212,#1213,#1214));
#802=EDGE_LOOP('',(#1215,#1216,#1217,#1218));
#803=EDGE_LOOP('',(#1219,#1220,#1221,#1222,#1223,#1224,#1225,#1226));
#804=EDGE_LOOP('',(#1227,#1228));
#805=EDGE_LOOP('',(#1229,#1230,#1231,#1232));
#806=EDGE_LOOP('',(#1233,#1234,#1235,#1236,#1237,#1238,#1239,#1240,#1241,
#1242,#1243,#1244));
#807=EDGE_LOOP('',(#1245,#1246,#1247,#1248));
#808=EDGE_LOOP('',(#1249,#1250,#1251,#1252));
#809=EDGE_LOOP('',(#1253,#1254,#1255,#1256));
#810=EDGE_LOOP('',(#1257,#1258,#1259,#1260,#1261,#1262,#1263,#1264,#1265,
#1266,#1267,#1268));
#811=EDGE_LOOP('',(#1269,#1270,#1271,#1272));
#812=EDGE_LOOP('',(#1273,#1274,#1275,#1276));
#813=EDGE_LOOP('',(#1277,#1278,#1279,#1280));
#814=EDGE_LOOP('',(#1281,#1282,#1283,#1284,#1285,#1286,#1287,#1288,#1289,
#1290,#1291,#1292,#1293,#1294,#1295,#1296,#1297,#1298,#1299,#1300,#1301,
#1302,#1303));
#815=EDGE_LOOP('',(#1304,#1305,#1306,#1307));
#816=EDGE_LOOP('',(#1308,#1309,#1310,#1311,#1312,#1313));
#817=EDGE_LOOP('',(#1314,#1315,#1316,#1317));
#818=EDGE_LOOP('',(#1318,#1319,#1320,#1321));
#819=EDGE_LOOP('',(#1322,#1323,#1324,#1325,#1326,#1327));
#820=EDGE_LOOP('',(#1328,#1329,#1330,#1331));
#821=EDGE_LOOP('',(#1332,#1333,#1334,#1335,#1336,#1337));
#822=EDGE_LOOP('',(#1338,#1339,#1340,#1341,#1342,#1343));
#823=EDGE_LOOP('',(#1344,#1345,#1346,#1347));
#824=EDGE_LOOP('',(#1348,#1349,#1350,#1351,#1352,#1353,#1354,#1355,#1356,
#1357,#1358,#1359,#1360,#1361,#1362,#1363,#1364));
#825=EDGE_LOOP('',(#1365,#1366,#1367,#1368));
#826=EDGE_LOOP('',(#1369,#1370,#1371,#1372));
#827=EDGE_LOOP('',(#1373,#1374,#1375,#1376));
#828=EDGE_LOOP('',(#1377,#1378,#1379,#1380));
#829=EDGE_LOOP('',(#1381,#1382,#1383,#1384));
#830=EDGE_LOOP('',(#1385,#1386,#1387,#1388));
#831=EDGE_LOOP('',(#1389,#1390,#1391,#1392,#1393,#1394,#1395,#1396,#1397,
#1398,#1399,#1400));
#832=EDGE_LOOP('',(#1401,#1402,#1403,#1404));
#833=EDGE_LOOP('',(#1405,#1406,#1407,#1408));
#834=EDGE_LOOP('',(#1409,#1410,#1411,#1412));
#835=EDGE_LOOP('',(#1413,#1414,#1415,#1416,#1417,#1418,#1419,#1420,#1421,
#1422,#1423,#1424,#1425,#1426,#1427,#1428,#1429,#1430));
#836=EDGE_LOOP('',(#1431,#1432,#1433,#1434,#1435,#1436,#1437,#1438,#1439,
#1440,#1441,#1442,#1443,#1444,#1445,#1446,#1447,#1448,#1449,#1450));
#837=EDGE_LOOP('',(#1451,#1452,#1453,#1454));
#838=EDGE_LOOP('',(#1455,#1456,#1457,#1458));
#839=EDGE_LOOP('',(#1459,#1460,#1461,#1462,#1463,#1464,#1465,#1466,#1467));
#840=EDGE_LOOP('',(#1468,#1469,#1470,#1471));
#841=EDGE_LOOP('',(#1472,#1473,#1474,#1475));
#842=EDGE_LOOP('',(#1476,#1477,#1478,#1479));
#843=EDGE_LOOP('',(#1480,#1481,#1482,#1483));
#844=EDGE_LOOP('',(#1484,#1485,#1486,#1487,#1488,#1489));
#845=EDGE_LOOP('',(#1490,#1491,#1492,#1493));
#846=EDGE_LOOP('',(#1494,#1495,#1496,#1497));
#847=EDGE_LOOP('',(#1498,#1499,#1500,#1501));
#848=EDGE_LOOP('',(#1502,#1503,#1504,#1505,#1506,#1507));
#849=EDGE_LOOP('',(#1508,#1509,#1510,#1511));
#850=EDGE_LOOP('',(#1512,#1513,#1514,#1515));
#851=EDGE_LOOP('',(#1516,#1517,#1518,#1519));
#852=EDGE_LOOP('',(#1520,#1521,#1522,#1523));
#853=EDGE_LOOP('',(#1524,#1525,#1526,#1527));
#854=EDGE_LOOP('',(#1528,#1529,#1530,#1531));
#855=EDGE_LOOP('',(#1532,#1533,#1534,#1535,#1536,#1537,#1538,#1539,#1540));
#856=EDGE_LOOP('',(#1541,#1542,#1543,#1544));
#857=EDGE_LOOP('',(#1545,#1546,#1547,#1548));
#858=EDGE_LOOP('',(#1549,#1550,#1551,#1552));
#859=EDGE_LOOP('',(#1553,#1554,#1555,#1556));
#860=EDGE_LOOP('',(#1557,#1558,#1559,#1560,#1561,#1562,#1563,#1564,#1565));
#861=EDGE_LOOP('',(#1566,#1567,#1568,#1569,#1570,#1571,#1572,#1573,#1574));
#862=EDGE_LOOP('',(#1575,#1576,#1577,#1578));
#863=EDGE_LOOP('',(#1579,#1580,#1581,#1582,#1583,#1584));
#864=EDGE_LOOP('',(#1585,#1586,#1587,#1588,#1589));
#865=EDGE_LOOP('',(#1590,#1591,#1592,#1593));
#866=EDGE_LOOP('',(#1594,#1595,#1596,#1597));
#867=EDGE_LOOP('',(#1598,#1599,#1600,#1601));
#868=EDGE_LOOP('',(#1602,#1603,#1604,#1605,#1606));
#869=EDGE_LOOP('',(#1607,#1608,#1609,#1610,#1611,#1612,#1613,#1614,#1615,
#1616,#1617,#1618));
#870=EDGE_LOOP('',(#1619,#1620,#1621,#1622));
#871=EDGE_LOOP('',(#1623,#1624,#1625,#1626,#1627,#1628));
#872=EDGE_LOOP('',(#1629,#1630,#1631,#1632,#1633));
#873=EDGE_LOOP('',(#1634,#1635,#1636,#1637));
#874=EDGE_LOOP('',(#1638,#1639,#1640,#1641));
#875=EDGE_LOOP('',(#1642,#1643,#1644,#1645));
#876=EDGE_LOOP('',(#1646,#1647,#1648,#1649,#1650));
#877=EDGE_LOOP('',(#1651,#1652,#1653,#1654));
#878=EDGE_LOOP('',(#1655,#1656));
#879=EDGE_LOOP('',(#1657,#1658,#1659,#1660));
#880=EDGE_LOOP('',(#1661,#1662,#1663,#1664));
#881=EDGE_LOOP('',(#1665,#1666,#1667,#1668));
#882=EDGE_LOOP('',(#1669,#1670,#1671,#1672));
#883=EDGE_LOOP('',(#1673,#1674,#1675,#1676));
#884=EDGE_LOOP('',(#1677,#1678,#1679,#1680));
#885=EDGE_LOOP('',(#1681,#1682,#1683,#1684));
#886=EDGE_LOOP('',(#1685,#1686,#1687,#1688));
#887=EDGE_LOOP('',(#1689,#1690,#1691,#1692));
#888=EDGE_LOOP('',(#1693,#1694,#1695,#1696));
#889=EDGE_LOOP('',(#1697,#1698,#1699,#1700));
#890=EDGE_LOOP('',(#1701,#1702,#1703,#1704));
#891=EDGE_LOOP('',(#1705,#1706,#1707,#1708));
#892=EDGE_LOOP('',(#1709,#1710,#1711,#1712));
#893=EDGE_LOOP('',(#1713,#1714,#1715,#1716));
#894=EDGE_LOOP('',(#1717,#1718,#1719,#1720));
#895=EDGE_LOOP('',(#1721,#1722));
#896=EDGE_LOOP('',(#1723,#1724,#1725,#1726));
#897=EDGE_LOOP('',(#1727,#1728,#1729,#1730,#1731,#1732,#1733,#1734,#1735,
#1736,#1737,#1738,#1739,#1740,#1741,#1742,#1743,#1744,#1745));
#898=EDGE_LOOP('',(#1746,#1747,#1748,#1749));
#899=EDGE_LOOP('',(#1750,#1751,#1752,#1753));
#900=EDGE_LOOP('',(#1754,#1755,#1756,#1757,#1758,#1759,#1760,#1761,#1762,
#1763,#1764,#1765,#1766,#1767,#1768,#1769,#1770,#1771,#1772));
#901=EDGE_LOOP('',(#1773,#1774));
#902=EDGE_LOOP('',(#1775,#1776,#1777,#1778));
#903=EDGE_LOOP('',(#1779,#1780,#1781,#1782,#1783,#1784,#1785,#1786,#1787,
#1788,#1789,#1790,#1791,#1792,#1793,#1794,#1795,#1796,#1797,#1798,#1799));
#904=EDGE_LOOP('',(#1800,#1801,#1802,#1803));
#905=EDGE_LOOP('',(#1804,#1805,#1806,#1807));
#906=EDGE_LOOP('',(#1808,#1809,#1810,#1811));
#907=EDGE_LOOP('',(#1812,#1813,#1814,#1815));
#908=EDGE_LOOP('',(#1816,#1817,#1818,#1819));
#909=EDGE_LOOP('',(#1820,#1821,#1822,#1823));
#910=EDGE_LOOP('',(#1824,#1825,#1826,#1827));
#911=EDGE_LOOP('',(#1828,#1829,#1830,#1831));
#912=EDGE_LOOP('',(#1832,#1833,#1834,#1835));
#913=EDGE_LOOP('',(#1836,#1837,#1838,#1839));
#914=EDGE_LOOP('',(#1840,#1841,#1842,#1843));
#915=EDGE_LOOP('',(#1844,#1845,#1846,#1847));
#916=EDGE_LOOP('',(#1848,#1849,#1850,#1851));
#917=EDGE_LOOP('',(#1852,#1853,#1854,#1855));
#918=EDGE_LOOP('',(#1856,#1857,#1858,#1859));
#919=EDGE_LOOP('',(#1860,#1861,#1862,#1863));
#920=EDGE_LOOP('',(#1864,#1865,#1866,#1867));
#921=EDGE_LOOP('',(#1868,#1869,#1870,#1871));
#922=EDGE_LOOP('',(#1872,#1873,#1874,#1875));
#923=EDGE_LOOP('',(#1876,#1877,#1878,#1879));
#924=EDGE_LOOP('',(#1880,#1881,#1882,#1883));
#925=EDGE_LOOP('',(#1884,#1885,#1886,#1887));
#926=EDGE_LOOP('',(#1888,#1889,#1890,#1891));
#927=EDGE_LOOP('',(#1892,#1893,#1894,#1895));
#928=EDGE_LOOP('',(#1896,#1897));
#929=EDGE_LOOP('',(#1898,#1899,#1900,#1901,#1902,#1903,#1904,#1905,#1906,
#1907));
#930=EDGE_LOOP('',(#1908,#1909,#1910,#1911));
#931=EDGE_LOOP('',(#1912,#1913,#1914,#1915));
#932=EDGE_LOOP('',(#1916,#1917,#1918,#1919));
#933=EDGE_LOOP('',(#1920,#1921,#1922,#1923));
#934=EDGE_LOOP('',(#1924,#1925,#1926,#1927));
#935=EDGE_LOOP('',(#1928,#1929,#1930,#1931,#1932,#1933,#1934,#1935,#1936,
#1937));
#936=EDGE_LOOP('',(#1938,#1939,#1940,#1941));
#937=EDGE_LOOP('',(#1942,#1943,#1944,#1945));
#938=EDGE_LOOP('',(#1946,#1947,#1948,#1949));
#939=EDGE_LOOP('',(#1950,#1951,#1952,#1953));
#940=EDGE_LOOP('',(#1954,#1955,#1956,#1957));
#941=EDGE_LOOP('',(#1958,#1959,#1960,#1961));
#942=EDGE_LOOP('',(#1962,#1963));
#943=EDGE_LOOP('',(#1964,#1965,#1966,#1967));
#944=EDGE_LOOP('',(#1968,#1969));
#945=EDGE_LOOP('',(#1970,#1971,#1972,#1973,#1974,#1975,#1976,#1977,#1978,
#1979));
#946=EDGE_LOOP('',(#1980,#1981,#1982,#1983));
#947=EDGE_LOOP('',(#1984,#1985,#1986,#1987));
#948=EDGE_LOOP('',(#1988,#1989,#1990,#1991));
#949=EDGE_LOOP('',(#1992,#1993,#1994,#1995));
#950=EDGE_LOOP('',(#1996,#1997,#1998,#1999));
#951=EDGE_LOOP('',(#2000,#2001,#2002,#2003));
#952=EDGE_LOOP('',(#2004,#2005,#2006,#2007));
#953=EDGE_LOOP('',(#2008,#2009));
#954=EDGE_LOOP('',(#2010,#2011,#2012,#2013,#2014,#2015,#2016,#2017));
#955=EDGE_LOOP('',(#2018,#2019,#2020,#2021,#2022,#2023,#2024,#2025));
#956=EDGE_LOOP('',(#2026,#2027,#2028,#2029,#2030,#2031,#2032,#2033,#2034,
#2035));
#957=EDGE_LOOP('',(#2036,#2037,#2038,#2039));
#958=EDGE_LOOP('',(#2040,#2041,#2042,#2043));
#959=EDGE_LOOP('',(#2044,#2045,#2046,#2047));
#960=EDGE_LOOP('',(#2048,#2049,#2050,#2051));
#961=EDGE_LOOP('',(#2052,#2053,#2054,#2055));
#962=EDGE_LOOP('',(#2056,#2057));
#963=EDGE_LOOP('',(#2058,#2059,#2060,#2061));
#964=EDGE_LOOP('',(#2062,#2063,#2064,#2065));
#965=EDGE_LOOP('',(#2066,#2067));
#966=EDGE_LOOP('',(#2068,#2069,#2070,#2071,#2072,#2073,#2074,#2075));
#967=EDGE_LOOP('',(#2076,#2077,#2078,#2079,#2080,#2081));
#968=EDGE_LOOP('',(#2082,#2083,#2084,#2085));
#969=EDGE_LOOP('',(#2086,#2087,#2088,#2089));
#970=EDGE_LOOP('',(#2090,#2091,#2092,#2093));
#971=EDGE_LOOP('',(#2094,#2095,#2096,#2097));
#972=EDGE_LOOP('',(#2098,#2099,#2100,#2101));
#973=EDGE_LOOP('',(#2102,#2103,#2104,#2105));
#974=EDGE_LOOP('',(#2106,#2107,#2108,#2109));
#975=EDGE_LOOP('',(#2110,#2111,#2112,#2113));
#976=EDGE_LOOP('',(#2114,#2115,#2116,#2117));
#977=EDGE_LOOP('',(#2118,#2119,#2120,#2121));
#978=EDGE_LOOP('',(#2122,#2123,#2124,#2125));
#979=EDGE_LOOP('',(#2126,#2127,#2128,#2129));
#980=EDGE_LOOP('',(#2130,#2131,#2132,#2133));
#981=EDGE_LOOP('',(#2134,#2135,#2136,#2137));
#982=EDGE_LOOP('',(#2138,#2139,#2140,#2141));
#983=EDGE_LOOP('',(#2142,#2143,#2144,#2145));
#984=EDGE_LOOP('',(#2146,#2147,#2148,#2149));
#985=EDGE_LOOP('',(#2150,#2151,#2152,#2153));
#986=EDGE_LOOP('',(#2154,#2155,#2156,#2157));
#987=EDGE_LOOP('',(#2158,#2159,#2160,#2161));
#988=EDGE_LOOP('',(#2162,#2163,#2164,#2165));
#989=EDGE_LOOP('',(#2166,#2167,#2168,#2169));
#990=EDGE_LOOP('',(#2170,#2171,#2172,#2173));
#991=EDGE_LOOP('',(#2174,#2175,#2176,#2177));
#992=EDGE_LOOP('',(#2178,#2179,#2180,#2181));
#993=EDGE_LOOP('',(#2182,#2183,#2184,#2185));
#994=EDGE_LOOP('',(#2186,#2187,#2188,#2189));
#995=EDGE_LOOP('',(#2190,#2191,#2192,#2193));
#996=EDGE_LOOP('',(#2194,#2195,#2196,#2197));
#997=EDGE_LOOP('',(#2198,#2199,#2200,#2201));
#998=EDGE_LOOP('',(#2202,#2203,#2204,#2205));
#999=EDGE_LOOP('',(#2206,#2207,#2208,#2209));
#1000=EDGE_LOOP('',(#2210,#2211,#2212,#2213));
#1001=EDGE_LOOP('',(#2214,#2215,#2216,#2217));
#1002=EDGE_LOOP('',(#2218,#2219,#2220,#2221));
#1003=EDGE_LOOP('',(#2222,#2223,#2224,#2225));
#1004=EDGE_LOOP('',(#2226,#2227,#2228,#2229));
#1005=EDGE_LOOP('',(#2230,#2231,#2232,#2233));
#1006=EDGE_LOOP('',(#2234,#2235,#2236,#2237));
#1007=EDGE_LOOP('',(#2238,#2239,#2240,#2241));
#1008=EDGE_LOOP('',(#2242,#2243,#2244,#2245));
#1009=EDGE_LOOP('',(#2246,#2247,#2248,#2249));
#1010=EDGE_LOOP('',(#2250,#2251,#2252,#2253));
#1011=EDGE_LOOP('',(#2254,#2255,#2256,#2257));
#1012=EDGE_LOOP('',(#2258,#2259,#2260,#2261));
#1013=EDGE_LOOP('',(#2262,#2263,#2264,#2265));
#1014=EDGE_LOOP('',(#2266,#2267,#2268,#2269));
#1015=EDGE_LOOP('',(#2270,#2271,#2272,#2273));
#1016=EDGE_LOOP('',(#2274,#2275,#2276,#2277));
#1017=EDGE_LOOP('',(#2278,#2279,#2280,#2281));
#1018=EDGE_LOOP('',(#2282,#2283,#2284,#2285));
#1019=EDGE_LOOP('',(#2286,#2287,#2288,#2289));
#1020=EDGE_LOOP('',(#2290,#2291,#2292,#2293));
#1021=EDGE_LOOP('',(#2294,#2295,#2296,#2297));
#1022=EDGE_LOOP('',(#2298,#2299,#2300,#2301));
#1023=EDGE_LOOP('',(#2302,#2303,#2304,#2305));
#1024=EDGE_LOOP('',(#2306,#2307,#2308,#2309));
#1025=EDGE_LOOP('',(#2310,#2311,#2312,#2313));
#1026=EDGE_LOOP('',(#2314,#2315,#2316,#2317));
#1027=EDGE_LOOP('',(#2318,#2319,#2320,#2321));
#1028=EDGE_LOOP('',(#2322,#2323,#2324,#2325));
#1029=EDGE_LOOP('',(#2326,#2327,#2328,#2329));
#1030=EDGE_LOOP('',(#2330,#2331,#2332,#2333));
#1031=EDGE_LOOP('',(#2334,#2335,#2336,#2337));
#1032=EDGE_LOOP('',(#2338,#2339,#2340,#2341));
#1033=EDGE_LOOP('',(#2342,#2343,#2344,#2345));
#1034=EDGE_LOOP('',(#2346,#2347,#2348,#2349));
#1035=EDGE_LOOP('',(#2350,#2351,#2352,#2353));
#1036=EDGE_LOOP('',(#2354,#2355,#2356,#2357));
#1037=EDGE_LOOP('',(#2358,#2359,#2360,#2361));
#1038=EDGE_LOOP('',(#2362,#2363,#2364,#2365));
#1039=EDGE_LOOP('',(#2366,#2367,#2368,#2369));
#1040=EDGE_LOOP('',(#2370,#2371,#2372,#2373));
#1041=EDGE_LOOP('',(#2374,#2375,#2376,#2377));
#1042=EDGE_LOOP('',(#2378,#2379,#2380,#2381));
#1043=EDGE_LOOP('',(#2382,#2383,#2384,#2385));
#1044=EDGE_LOOP('',(#2386,#2387,#2388,#2389));
#1045=EDGE_LOOP('',(#2390,#2391,#2392,#2393));
#1046=EDGE_LOOP('',(#2394,#2395,#2396,#2397));
#1047=EDGE_LOOP('',(#2398,#2399,#2400,#2401));
#1048=EDGE_LOOP('',(#2402,#2403,#2404,#2405));
#1049=EDGE_LOOP('',(#2406,#2407,#2408,#2409));
#1050=EDGE_LOOP('',(#2410,#2411,#2412,#2413));
#1051=EDGE_LOOP('',(#2414,#2415,#2416,#2417));
#1052=EDGE_LOOP('',(#2418,#2419,#2420,#2421));
#1053=EDGE_LOOP('',(#2422,#2423,#2424,#2425));
#1054=EDGE_LOOP('',(#2426,#2427,#2428,#2429));
#1055=EDGE_LOOP('',(#2430,#2431,#2432,#2433));
#1056=EDGE_LOOP('',(#2434,#2435,#2436,#2437));
#1057=EDGE_LOOP('',(#2438,#2439,#2440,#2441));
#1058=EDGE_LOOP('',(#2442,#2443,#2444,#2445));
#1059=EDGE_LOOP('',(#2446,#2447,#2448,#2449));
#1060=EDGE_LOOP('',(#2450,#2451,#2452,#2453));
#1061=EDGE_LOOP('',(#2454,#2455,#2456,#2457));
#1062=EDGE_LOOP('',(#2458,#2459,#2460,#2461));
#1063=EDGE_LOOP('',(#2462,#2463,#2464,#2465));
#1064=EDGE_LOOP('',(#2466,#2467,#2468,#2469));
#1065=EDGE_LOOP('',(#2470,#2471,#2472,#2473));
#1066=EDGE_LOOP('',(#2474,#2475,#2476,#2477));
#1067=EDGE_LOOP('',(#2478,#2479,#2480,#2481,#2482));
#1068=EDGE_LOOP('',(#2483,#2484,#2485,#2486,#2487));
#1069=EDGE_LOOP('',(#2488,#2489,#2490,#2491,#2492,#2493,#2494,#2495));
#1070=EDGE_LOOP('',(#2496,#2497));
#1071=EDGE_LOOP('',(#2498,#2499,#2500,#2501,#2502,#2503,#2504,#2505));
#1072=EDGE_LOOP('',(#2506,#2507,#2508,#2509,#2510,#2511,#2512,#2513));
#1073=EDGE_LOOP('',(#2514,#2515,#2516,#2517,#2518,#2519,#2520,#2521));
#1074=EDGE_LOOP('',(#2522,#2523,#2524,#2525,#2526,#2527,#2528,#2529));
#1075=EDGE_LOOP('',(#2530,#2531,#2532,#2533,#2534,#2535,#2536,#2537));
#1076=EDGE_LOOP('',(#2538,#2539,#2540,#2541,#2542,#2543,#2544,#2545));
#1077=EDGE_LOOP('',(#2546,#2547,#2548,#2549,#2550,#2551,#2552,#2553));
#1078=EDGE_LOOP('',(#2554,#2555,#2556,#2557,#2558,#2559,#2560,#2561));
#1079=EDGE_LOOP('',(#2562,#2563,#2564,#2565,#2566,#2567,#2568,#2569));
#1080=EDGE_LOOP('',(#2570,#2571,#2572,#2573,#2574,#2575,#2576,#2577));
#1081=EDGE_LOOP('',(#2578,#2579,#2580,#2581,#2582,#2583,#2584,#2585));
#1082=EDGE_LOOP('',(#2586,#2587,#2588,#2589,#2590,#2591,#2592,#2593));
#1083=EDGE_LOOP('',(#2594,#2595,#2596,#2597,#2598));
#1084=EDGE_LOOP('',(#2599,#2600,#2601,#2602,#2603));
#1085=EDGE_LOOP('',(#2604,#2605,#2606,#2607,#2608,#2609,#2610,#2611));
#1086=EDGE_LOOP('',(#2612,#2613,#2614,#2615));
#1087=EDGE_LOOP('',(#2616,#2617,#2618,#2619,#2620));
#1088=EDGE_LOOP('',(#2621,#2622,#2623,#2624));
#1089=EDGE_LOOP('',(#2625,#2626,#2627,#2628,#2629));
#1090=EDGE_LOOP('',(#2630,#2631,#2632,#2633));
#1091=EDGE_LOOP('',(#2634,#2635,#2636,#2637));
#1092=EDGE_LOOP('',(#2638,#2639,#2640,#2641));
#1093=EDGE_LOOP('',(#2642,#2643,#2644,#2645));
#1094=EDGE_LOOP('',(#2646,#2647,#2648,#2649));
#1095=EDGE_LOOP('',(#2650,#2651,#2652,#2653));
#1096=EDGE_LOOP('',(#2654,#2655,#2656,#2657));
#1097=EDGE_LOOP('',(#2658,#2659,#2660,#2661));
#1098=EDGE_LOOP('',(#2662,#2663,#2664,#2665));
#1099=EDGE_LOOP('',(#2666,#2667,#2668,#2669));
#1100=EDGE_LOOP('',(#2670,#2671,#2672,#2673));
#1101=EDGE_LOOP('',(#2674,#2675,#2676,#2677));
#1102=EDGE_LOOP('',(#2678,#2679,#2680,#2681));
#1103=EDGE_LOOP('',(#2682,#2683,#2684,#2685));
#1104=EDGE_LOOP('',(#2686,#2687,#2688,#2689,#2690,#2691,#2692));
#1105=EDGE_LOOP('',(#2693,#2694,#2695,#2696));
#1106=EDGE_LOOP('',(#2697,#2698,#2699,#2700));
#1107=EDGE_LOOP('',(#2701,#2702,#2703,#2704));
#1108=EDGE_LOOP('',(#2705,#2706,#2707,#2708));
#1109=EDGE_LOOP('',(#2709,#2710,#2711,#2712));
#1110=EDGE_LOOP('',(#2713,#2714,#2715,#2716));
#1111=EDGE_LOOP('',(#2717,#2718,#2719,#2720,#2721,#2722,#2723,#2724));
#1112=EDGE_LOOP('',(#2725,#2726,#2727,#2728));
#1113=EDGE_LOOP('',(#2729,#2730));
#1114=EDGE_LOOP('',(#2731,#2732,#2733,#2734));
#1115=EDGE_LOOP('',(#2735,#2736,#2737,#2738,#2739,#2740,#2741,#2742));
#1116=EDGE_LOOP('',(#2743,#2744,#2745,#2746));
#1117=EDGE_LOOP('',(#2747,#2748,#2749,#2750,#2751,#2752,#2753,#2754));
#1118=EDGE_LOOP('',(#2755,#2756,#2757,#2758));
#1119=EDGE_LOOP('',(#2759,#2760,#2761,#2762,#2763,#2764,#2765,#2766));
#1120=EDGE_LOOP('',(#2767,#2768,#2769,#2770));
#1121=EDGE_LOOP('',(#2771,#2772,#2773,#2774,#2775,#2776,#2777,#2778));
#1122=EDGE_LOOP('',(#2779,#2780,#2781,#2782,#2783,#2784,#2785,#2786));
#1123=EDGE_LOOP('',(#2787,#2788,#2789,#2790));
#1124=EDGE_LOOP('',(#2791,#2792,#2793,#2794,#2795,#2796,#2797,#2798));
#1125=EDGE_LOOP('',(#2799,#2800,#2801,#2802,#2803,#2804,#2805,#2806));
#1126=EDGE_LOOP('',(#2807,#2808,#2809,#2810,#2811,#2812,#2813,#2814));
#1127=EDGE_LOOP('',(#2815,#2816,#2817,#2818));
#1128=EDGE_LOOP('',(#2819,#2820,#2821,#2822,#2823,#2824,#2825,#2826));
#1129=EDGE_LOOP('',(#2827,#2828,#2829,#2830,#2831,#2832,#2833,#2834));
#1130=EDGE_LOOP('',(#2835,#2836,#2837,#2838,#2839,#2840,#2841,#2842,#2843,
#2844,#2845,#2846,#2847,#2848,#2849,#2850,#2851,#2852));
#1131=EDGE_LOOP('',(#2853,#2854,#2855,#2856,#2857));
#1132=EDGE_LOOP('',(#2858,#2859,#2860,#2861,#2862));
#1133=EDGE_LOOP('',(#2863,#2864,#2865,#2866));
#1134=EDGE_LOOP('',(#2867,#2868,#2869,#2870));
#1135=EDGE_LOOP('',(#2871,#2872,#2873,#2874));
#1136=EDGE_LOOP('',(#2875,#2876,#2877,#2878));
#1137=EDGE_LOOP('',(#2879,#2880,#2881,#2882));
#1138=EDGE_LOOP('',(#2883,#2884,#2885,#2886));
#1139=EDGE_LOOP('',(#2887,#2888,#2889,#2890));
#1140=EDGE_LOOP('',(#2891,#2892,#2893,#2894));
#1141=EDGE_LOOP('',(#2895,#2896,#2897,#2898));
#1142=EDGE_LOOP('',(#2899,#2900,#2901,#2902));
#1143=EDGE_LOOP('',(#2903,#2904,#2905,#2906));
#1144=EDGE_LOOP('',(#2907,#2908,#2909,#2910));
#1145=EDGE_LOOP('',(#2911,#2912,#2913,#2914));
#1146=EDGE_LOOP('',(#2915,#2916,#2917,#2918));
#1147=EDGE_LOOP('',(#2919,#2920,#2921,#2922));
#1148=EDGE_LOOP('',(#2923,#2924,#2925,#2926));
#1149=EDGE_LOOP('',(#2927,#2928,#2929,#2930));
#1150=EDGE_LOOP('',(#2931,#2932,#2933,#2934));
#1151=EDGE_LOOP('',(#2935,#2936,#2937,#2938));
#1152=EDGE_LOOP('',(#2939,#2940,#2941,#2942));
#1153=EDGE_LOOP('',(#2943,#2944,#2945,#2946,#2947,#2948,#2949,#2950));
#1154=EDGE_LOOP('',(#2951,#2952,#2953,#2954,#2955,#2956,#2957,#2958));
#1155=EDGE_LOOP('',(#2959,#2960,#2961,#2962,#2963,#2964,#2965,#2966));
#1156=EDGE_LOOP('',(#2967,#2968,#2969,#2970,#2971,#2972,#2973,#2974));
#1157=EDGE_LOOP('',(#2975,#2976,#2977,#2978,#2979,#2980,#2981,#2982));
#1158=EDGE_LOOP('',(#2983,#2984,#2985,#2986,#2987,#2988,#2989,#2990));
#1159=EDGE_LOOP('',(#2991,#2992,#2993,#2994,#2995,#2996,#2997,#2998));
#1160=EDGE_LOOP('',(#2999,#3000,#3001,#3002,#3003,#3004,#3005,#3006));
#1161=EDGE_LOOP('',(#3007,#3008,#3009,#3010,#3011,#3012,#3013,#3014));
#1162=EDGE_LOOP('',(#3015,#3016,#3017,#3018,#3019,#3020,#3021,#3022));
#1163=EDGE_LOOP('',(#3023,#3024,#3025,#3026,#3027,#3028,#3029,#3030));
#1164=EDGE_LOOP('',(#3031,#3032,#3033,#3034,#3035,#3036,#3037,#3038));
#1165=EDGE_LOOP('',(#3039,#3040));
#1166=EDGE_LOOP('',(#3041,#3042,#3043,#3044));
#1167=EDGE_LOOP('',(#3045,#3046,#3047,#3048));
#1168=EDGE_LOOP('',(#3049,#3050,#3051,#3052));
#1169=EDGE_LOOP('',(#3053,#3054,#3055,#3056));
#1170=EDGE_LOOP('',(#3057,#3058,#3059,#3060));
#1171=EDGE_LOOP('',(#3061,#3062,#3063,#3064,#3065));
#1172=EDGE_LOOP('',(#3066,#3067,#3068,#3069,#3070));
#1173=EDGE_LOOP('',(#3071,#3072,#3073,#3074,#3075));
#1174=EDGE_LOOP('',(#3076,#3077,#3078,#3079,#3080));
#1175=EDGE_LOOP('',(#3081,#3082,#3083,#3084));
#1176=EDGE_LOOP('',(#3085,#3086,#3087,#3088));
#1177=EDGE_LOOP('',(#3089,#3090,#3091,#3092));
#1178=EDGE_LOOP('',(#3093,#3094,#3095,#3096));
#1179=EDGE_LOOP('',(#3097,#3098,#3099,#3100));
#1180=EDGE_LOOP('',(#3101,#3102,#3103,#3104));
#1181=EDGE_LOOP('',(#3105,#3106,#3107,#3108));
#1182=EDGE_LOOP('',(#3109,#3110,#3111,#3112));
#1183=EDGE_LOOP('',(#3113,#3114,#3115,#3116));
#1184=EDGE_LOOP('',(#3117,#3118,#3119,#3120));
#1185=EDGE_LOOP('',(#3121,#3122,#3123,#3124));
#1186=EDGE_LOOP('',(#3125,#3126,#3127,#3128));
#1187=EDGE_LOOP('',(#3129,#3130,#3131,#3132));
#1188=EDGE_LOOP('',(#3133,#3134,#3135,#3136,#3137,#3138,#3139,#3140,#3141,
#3142,#3143,#3144,#3145));
#1189=EDGE_LOOP('',(#3146,#3147,#3148,#3149,#3150,#3151,#3152));
#1190=EDGE_LOOP('',(#3153,#3154,#3155,#3156,#3157,#3158,#3159));
#1191=EDGE_LOOP('',(#3160,#3161,#3162,#3163,#3164));
#1192=EDGE_LOOP('',(#3165,#3166,#3167,#3168));
#1193=EDGE_LOOP('',(#3169,#3170,#3171,#3172,#3173));
#1194=EDGE_LOOP('',(#3174,#3175,#3176,#3177));
#1195=EDGE_LOOP('',(#3178,#3179,#3180,#3181));
#1196=EDGE_LOOP('',(#3182,#3183,#3184,#3185));
#1197=EDGE_LOOP('',(#3186,#3187,#3188,#3189));
#1198=EDGE_LOOP('',(#3190,#3191,#3192,#3193,#3194,#3195,#3196));
#1199=ORIENTED_EDGE('',*,*,#3240,.T.);
#1200=ORIENTED_EDGE('',*,*,#3197,.T.);
#1201=ORIENTED_EDGE('',*,*,#3198,.T.);
#1202=ORIENTED_EDGE('',*,*,#3199,.T.);
#1203=ORIENTED_EDGE('',*,*,#3207,.T.);
#1204=ORIENTED_EDGE('',*,*,#3200,.T.);
#1205=ORIENTED_EDGE('',*,*,#3201,.T.);
#1206=ORIENTED_EDGE('',*,*,#3202,.T.);
#1207=ORIENTED_EDGE('',*,*,#3198,.F.);
#1208=ORIENTED_EDGE('',*,*,#3203,.T.);
#1209=ORIENTED_EDGE('',*,*,#3215,.T.);
#1210=ORIENTED_EDGE('',*,*,#3204,.T.);
#1211=ORIENTED_EDGE('',*,*,#3201,.F.);
#1212=ORIENTED_EDGE('',*,*,#3205,.T.);
#1213=ORIENTED_EDGE('',*,*,#3242,.T.);
#1214=ORIENTED_EDGE('',*,*,#3206,.T.);
#1215=ORIENTED_EDGE('',*,*,#3207,.F.);
#1216=ORIENTED_EDGE('',*,*,#3208,.T.);
#1217=ORIENTED_EDGE('',*,*,#3209,.T.);
#1218=ORIENTED_EDGE('',*,*,#3210,.T.);
#1219=ORIENTED_EDGE('',*,*,#3199,.F.);
#1220=ORIENTED_EDGE('',*,*,#3202,.F.);
#1221=ORIENTED_EDGE('',*,*,#3204,.F.);
#1222=ORIENTED_EDGE('',*,*,#3211,.T.);
#1223=ORIENTED_EDGE('',*,*,#3212,.T.);
#1224=ORIENTED_EDGE('',*,*,#3213,.T.);
#1225=ORIENTED_EDGE('',*,*,#3214,.T.);
#1226=ORIENTED_EDGE('',*,*,#3208,.F.);
#1227=ORIENTED_EDGE('',*,*,#3515,.T.);
#1228=ORIENTED_EDGE('',*,*,#3516,.T.);
#1229=ORIENTED_EDGE('',*,*,#3215,.F.);
#1230=ORIENTED_EDGE('',*,*,#3216,.T.);
#1231=ORIENTED_EDGE('',*,*,#3217,.T.);
#1232=ORIENTED_EDGE('',*,*,#3211,.F.);
#1233=ORIENTED_EDGE('',*,*,#3206,.F.);
#1234=ORIENTED_EDGE('',*,*,#3218,.T.);
#1235=ORIENTED_EDGE('',*,*,#3219,.T.);
#1236=ORIENTED_EDGE('',*,*,#3220,.T.);
#1237=ORIENTED_EDGE('',*,*,#3376,.T.);
#1238=ORIENTED_EDGE('',*,*,#3221,.T.);
#1239=ORIENTED_EDGE('',*,*,#3372,.T.);
#1240=ORIENTED_EDGE('',*,*,#3222,.T.);
#1241=ORIENTED_EDGE('',*,*,#3223,.T.);
#1242=ORIENTED_EDGE('',*,*,#3224,.T.);
#1243=ORIENTED_EDGE('',*,*,#3225,.T.);
#1244=ORIENTED_EDGE('',*,*,#3216,.F.);
#1245=ORIENTED_EDGE('',*,*,#3205,.F.);
#1246=ORIENTED_EDGE('',*,*,#3226,.T.);
#1247=ORIENTED_EDGE('',*,*,#3227,.T.);
#1248=ORIENTED_EDGE('',*,*,#3228,.T.);
#1249=ORIENTED_EDGE('',*,*,#3203,.F.);
#1250=ORIENTED_EDGE('',*,*,#3229,.T.);
#1251=ORIENTED_EDGE('',*,*,#3230,.T.);
#1252=ORIENTED_EDGE('',*,*,#3226,.F.);
#1253=ORIENTED_EDGE('',*,*,#3197,.F.);
#1254=ORIENTED_EDGE('',*,*,#3231,.T.);
#1255=ORIENTED_EDGE('',*,*,#3232,.T.);
#1256=ORIENTED_EDGE('',*,*,#3229,.F.);
#1257=ORIENTED_EDGE('',*,*,#3200,.F.);
#1258=ORIENTED_EDGE('',*,*,#3210,.F.);
#1259=ORIENTED_EDGE('',*,*,#3658,.T.);
#1260=ORIENTED_EDGE('',*,*,#3233,.T.);
#1261=ORIENTED_EDGE('',*,*,#3234,.T.);
#1262=ORIENTED_EDGE('',*,*,#3235,.T.);
#1263=ORIENTED_EDGE('',*,*,#3383,.T.);
#1264=ORIENTED_EDGE('',*,*,#3236,.T.);
#1265=ORIENTED_EDGE('',*,*,#3379,.T.);
#1266=ORIENTED_EDGE('',*,*,#3237,.T.);
#1267=ORIENTED_EDGE('',*,*,#3238,.T.);
#1268=ORIENTED_EDGE('',*,*,#3239,.T.);
#1269=ORIENTED_EDGE('',*,*,#3240,.F.);
#1270=ORIENTED_EDGE('',*,*,#3239,.F.);
#1271=ORIENTED_EDGE('',*,*,#3241,.F.);
#1272=ORIENTED_EDGE('',*,*,#3231,.F.);
#1273=ORIENTED_EDGE('',*,*,#3242,.F.);
#1274=ORIENTED_EDGE('',*,*,#3228,.F.);
#1275=ORIENTED_EDGE('',*,*,#3243,.F.);
#1276=ORIENTED_EDGE('',*,*,#3218,.F.);
#1277=ORIENTED_EDGE('',*,*,#4141,.T.);
#1278=ORIENTED_EDGE('',*,*,#3244,.T.);
#1279=ORIENTED_EDGE('',*,*,#3245,.T.);
#1280=ORIENTED_EDGE('',*,*,#3246,.T.);
#1281=ORIENTED_EDGE('',*,*,#3247,.T.);
#1282=ORIENTED_EDGE('',*,*,#3248,.T.);
#1283=ORIENTED_EDGE('',*,*,#3249,.T.);
#1284=ORIENTED_EDGE('',*,*,#3609,.T.);
#1285=ORIENTED_EDGE('',*,*,#4066,.T.);
#1286=ORIENTED_EDGE('',*,*,#3250,.T.);
#1287=ORIENTED_EDGE('',*,*,#4049,.T.);
#1288=ORIENTED_EDGE('',*,*,#3602,.T.);
#1289=ORIENTED_EDGE('',*,*,#3251,.T.);
#1290=ORIENTED_EDGE('',*,*,#3252,.T.);
#1291=ORIENTED_EDGE('',*,*,#3253,.T.);
#1292=ORIENTED_EDGE('',*,*,#3254,.T.);
#1293=ORIENTED_EDGE('',*,*,#3255,.T.);
#1294=ORIENTED_EDGE('',*,*,#3256,.T.);
#1295=ORIENTED_EDGE('',*,*,#3257,.T.);
#1296=ORIENTED_EDGE('',*,*,#3258,.T.);
#1297=ORIENTED_EDGE('',*,*,#4146,.T.);
#1298=ORIENTED_EDGE('',*,*,#3259,.T.);
#1299=ORIENTED_EDGE('',*,*,#3260,.T.);
#1300=ORIENTED_EDGE('',*,*,#4187,.T.);
#1301=ORIENTED_EDGE('',*,*,#3261,.T.);
#1302=ORIENTED_EDGE('',*,*,#4192,.T.);
#1303=ORIENTED_EDGE('',*,*,#3262,.T.);
#1304=ORIENTED_EDGE('',*,*,#3263,.T.);
#1305=ORIENTED_EDGE('',*,*,#3565,.T.);
#1306=ORIENTED_EDGE('',*,*,#3264,.T.);
#1307=ORIENTED_EDGE('',*,*,#3569,.T.);
#1308=ORIENTED_EDGE('',*,*,#3265,.T.);
#1309=ORIENTED_EDGE('',*,*,#3266,.T.);
#1310=ORIENTED_EDGE('',*,*,#3267,.T.);
#1311=ORIENTED_EDGE('',*,*,#3273,.T.);
#1312=ORIENTED_EDGE('',*,*,#3268,.T.);
#1313=ORIENTED_EDGE('',*,*,#3269,.T.);
#1314=ORIENTED_EDGE('',*,*,#3659,.F.);
#1315=ORIENTED_EDGE('',*,*,#3213,.F.);
#1316=ORIENTED_EDGE('',*,*,#3270,.F.);
#1317=ORIENTED_EDGE('',*,*,#3267,.F.);
#1318=ORIENTED_EDGE('',*,*,#3271,.F.);
#1319=ORIENTED_EDGE('',*,*,#3268,.F.);
#1320=ORIENTED_EDGE('',*,*,#3272,.F.);
#1321=ORIENTED_EDGE('',*,*,#3224,.F.);
#1322=ORIENTED_EDGE('',*,*,#3212,.F.);
#1323=ORIENTED_EDGE('',*,*,#3217,.F.);
#1324=ORIENTED_EDGE('',*,*,#3225,.F.);
#1325=ORIENTED_EDGE('',*,*,#3272,.T.);
#1326=ORIENTED_EDGE('',*,*,#3273,.F.);
#1327=ORIENTED_EDGE('',*,*,#3270,.T.);
#1328=ORIENTED_EDGE('',*,*,#3274,.F.);
#1329=ORIENTED_EDGE('',*,*,#3233,.F.);
#1330=ORIENTED_EDGE('',*,*,#3275,.F.);
#1331=ORIENTED_EDGE('',*,*,#3265,.F.);
#1332=ORIENTED_EDGE('',*,*,#3575,.T.);
#1333=ORIENTED_EDGE('',*,*,#3276,.T.);
#1334=ORIENTED_EDGE('',*,*,#3277,.T.);
#1335=ORIENTED_EDGE('',*,*,#3278,.T.);
#1336=ORIENTED_EDGE('',*,*,#3279,.T.);
#1337=ORIENTED_EDGE('',*,*,#3280,.T.);
#1338=ORIENTED_EDGE('',*,*,#3281,.T.);
#1339=ORIENTED_EDGE('',*,*,#3282,.T.);
#1340=ORIENTED_EDGE('',*,*,#3615,.T.);
#1341=ORIENTED_EDGE('',*,*,#3283,.T.);
#1342=ORIENTED_EDGE('',*,*,#3284,.T.);
#1343=ORIENTED_EDGE('',*,*,#3285,.T.);
#1344=ORIENTED_EDGE('',*,*,#3286,.T.);
#1345=ORIENTED_EDGE('',*,*,#3287,.T.);
#1346=ORIENTED_EDGE('',*,*,#3288,.T.);
#1347=ORIENTED_EDGE('',*,*,#3289,.T.);
#1348=ORIENTED_EDGE('',*,*,#3290,.T.);
#1349=ORIENTED_EDGE('',*,*,#3291,.T.);
#1350=ORIENTED_EDGE('',*,*,#3292,.T.);
#1351=ORIENTED_EDGE('',*,*,#3259,.F.);
#1352=ORIENTED_EDGE('',*,*,#3293,.T.);
#1353=ORIENTED_EDGE('',*,*,#3294,.T.);
#1354=ORIENTED_EDGE('',*,*,#3295,.T.);
#1355=ORIENTED_EDGE('',*,*,#3296,.T.);
#1356=ORIENTED_EDGE('',*,*,#3246,.F.);
#1357=ORIENTED_EDGE('',*,*,#3297,.T.);
#1358=ORIENTED_EDGE('',*,*,#3298,.T.);
#1359=ORIENTED_EDGE('',*,*,#3299,.T.);
#1360=ORIENTED_EDGE('',*,*,#3252,.F.);
#1361=ORIENTED_EDGE('',*,*,#3300,.T.);
#1362=ORIENTED_EDGE('',*,*,#3276,.F.);
#1363=ORIENTED_EDGE('',*,*,#3301,.T.);
#1364=ORIENTED_EDGE('',*,*,#3248,.F.);
#1365=ORIENTED_EDGE('',*,*,#3302,.T.);
#1366=ORIENTED_EDGE('',*,*,#3303,.T.);
#1367=ORIENTED_EDGE('',*,*,#3304,.T.);
#1368=ORIENTED_EDGE('',*,*,#3305,.T.);
#1369=ORIENTED_EDGE('',*,*,#3278,.F.);
#1370=ORIENTED_EDGE('',*,*,#3306,.T.);
#1371=ORIENTED_EDGE('',*,*,#3307,.T.);
#1372=ORIENTED_EDGE('',*,*,#3308,.T.);
#1373=ORIENTED_EDGE('',*,*,#3309,.T.);
#1374=ORIENTED_EDGE('',*,*,#3310,.T.);
#1375=ORIENTED_EDGE('',*,*,#3280,.F.);
#1376=ORIENTED_EDGE('',*,*,#3311,.T.);
#1377=ORIENTED_EDGE('',*,*,#3283,.F.);
#1378=ORIENTED_EDGE('',*,*,#3312,.T.);
#1379=ORIENTED_EDGE('',*,*,#3313,.T.);
#1380=ORIENTED_EDGE('',*,*,#3314,.T.);
#1381=ORIENTED_EDGE('',*,*,#3315,.T.);
#1382=ORIENTED_EDGE('',*,*,#3316,.T.);
#1383=ORIENTED_EDGE('',*,*,#3282,.F.);
#1384=ORIENTED_EDGE('',*,*,#3317,.T.);
#1385=ORIENTED_EDGE('',*,*,#3285,.F.);
#1386=ORIENTED_EDGE('',*,*,#3318,.T.);
#1387=ORIENTED_EDGE('',*,*,#3319,.T.);
#1388=ORIENTED_EDGE('',*,*,#3320,.T.);
#1389=ORIENTED_EDGE('',*,*,#3321,.T.);
#1390=ORIENTED_EDGE('',*,*,#3307,.F.);
#1391=ORIENTED_EDGE('',*,*,#3594,.T.);
#1392=ORIENTED_EDGE('',*,*,#3302,.F.);
#1393=ORIENTED_EDGE('',*,*,#3322,.T.);
#1394=ORIENTED_EDGE('',*,*,#3315,.F.);
#1395=ORIENTED_EDGE('',*,*,#3323,.T.);
#1396=ORIENTED_EDGE('',*,*,#3324,.T.);
#1397=ORIENTED_EDGE('',*,*,#3325,.T.);
#1398=ORIENTED_EDGE('',*,*,#3326,.T.);
#1399=ORIENTED_EDGE('',*,*,#3327,.T.);
#1400=ORIENTED_EDGE('',*,*,#3328,.T.);
#1401=ORIENTED_EDGE('',*,*,#3329,.T.);
#1402=ORIENTED_EDGE('',*,*,#3330,.T.);
#1403=ORIENTED_EDGE('',*,*,#3331,.T.);
#1404=ORIENTED_EDGE('',*,*,#3332,.T.);
#1405=ORIENTED_EDGE('',*,*,#3333,.T.);
#1406=ORIENTED_EDGE('',*,*,#3334,.T.);
#1407=ORIENTED_EDGE('',*,*,#3335,.T.);
#1408=ORIENTED_EDGE('',*,*,#3336,.T.);
#1409=ORIENTED_EDGE('',*,*,#3331,.F.);
#1410=ORIENTED_EDGE('',*,*,#3337,.T.);
#1411=ORIENTED_EDGE('',*,*,#3338,.T.);
#1412=ORIENTED_EDGE('',*,*,#3339,.T.);
#1413=ORIENTED_EDGE('',*,*,#3340,.T.);
#1414=ORIENTED_EDGE('',*,*,#3234,.F.);
#1415=ORIENTED_EDGE('',*,*,#3274,.T.);
#1416=ORIENTED_EDGE('',*,*,#3269,.F.);
#1417=ORIENTED_EDGE('',*,*,#3271,.T.);
#1418=ORIENTED_EDGE('',*,*,#3223,.F.);
#1419=ORIENTED_EDGE('',*,*,#3341,.T.);
#1420=ORIENTED_EDGE('',*,*,#3342,.T.);
#1421=ORIENTED_EDGE('',*,*,#3343,.T.);
#1422=ORIENTED_EDGE('',*,*,#3219,.F.);
#1423=ORIENTED_EDGE('',*,*,#3243,.T.);
#1424=ORIENTED_EDGE('',*,*,#3227,.F.);
#1425=ORIENTED_EDGE('',*,*,#3230,.F.);
#1426=ORIENTED_EDGE('',*,*,#3232,.F.);
#1427=ORIENTED_EDGE('',*,*,#3241,.T.);
#1428=ORIENTED_EDGE('',*,*,#3238,.F.);
#1429=ORIENTED_EDGE('',*,*,#3344,.T.);
#1430=ORIENTED_EDGE('',*,*,#3345,.T.);
#1431=ORIENTED_EDGE('',*,*,#3433,.T.);
#1432=ORIENTED_EDGE('',*,*,#3346,.T.);
#1433=ORIENTED_EDGE('',*,*,#3347,.T.);
#1434=ORIENTED_EDGE('',*,*,#3348,.T.);
#1435=ORIENTED_EDGE('',*,*,#3438,.T.);
#1436=ORIENTED_EDGE('',*,*,#3349,.T.);
#1437=ORIENTED_EDGE('',*,*,#3311,.F.);
#1438=ORIENTED_EDGE('',*,*,#3279,.F.);
#1439=ORIENTED_EDGE('',*,*,#3308,.F.);
#1440=ORIENTED_EDGE('',*,*,#3321,.F.);
#1441=ORIENTED_EDGE('',*,*,#3413,.T.);
#1442=ORIENTED_EDGE('',*,*,#3350,.T.);
#1443=ORIENTED_EDGE('',*,*,#3338,.F.);
#1444=ORIENTED_EDGE('',*,*,#3351,.T.);
#1445=ORIENTED_EDGE('',*,*,#3418,.T.);
#1446=ORIENTED_EDGE('',*,*,#3323,.F.);
#1447=ORIENTED_EDGE('',*,*,#3317,.F.);
#1448=ORIENTED_EDGE('',*,*,#3281,.F.);
#1449=ORIENTED_EDGE('',*,*,#3320,.F.);
#1450=ORIENTED_EDGE('',*,*,#3352,.T.);
#1451=ORIENTED_EDGE('',*,*,#3353,.T.);
#1452=ORIENTED_EDGE('',*,*,#3341,.F.);
#1453=ORIENTED_EDGE('',*,*,#3222,.F.);
#1454=ORIENTED_EDGE('',*,*,#3354,.T.);
#1455=ORIENTED_EDGE('',*,*,#3220,.F.);
#1456=ORIENTED_EDGE('',*,*,#3343,.F.);
#1457=ORIENTED_EDGE('',*,*,#3355,.T.);
#1458=ORIENTED_EDGE('',*,*,#3356,.T.);
#1459=ORIENTED_EDGE('',*,*,#3357,.T.);
#1460=ORIENTED_EDGE('',*,*,#3426,.T.);
#1461=ORIENTED_EDGE('',*,*,#3358,.T.);
#1462=ORIENTED_EDGE('',*,*,#3388,.T.);
#1463=ORIENTED_EDGE('',*,*,#3359,.T.);
#1464=ORIENTED_EDGE('',*,*,#3396,.T.);
#1465=ORIENTED_EDGE('',*,*,#3394,.T.);
#1466=ORIENTED_EDGE('',*,*,#3364,.T.);
#1467=ORIENTED_EDGE('',*,*,#3346,.F.);
#1468=ORIENTED_EDGE('',*,*,#3360,.T.);
#1469=ORIENTED_EDGE('',*,*,#3359,.F.);
#1470=ORIENTED_EDGE('',*,*,#3361,.T.);
#1471=ORIENTED_EDGE('',*,*,#3362,.T.);
#1472=ORIENTED_EDGE('',*,*,#3363,.T.);
#1473=ORIENTED_EDGE('',*,*,#3347,.F.);
#1474=ORIENTED_EDGE('',*,*,#3364,.F.);
#1475=ORIENTED_EDGE('',*,*,#3365,.T.);
#1476=ORIENTED_EDGE('',*,*,#3235,.F.);
#1477=ORIENTED_EDGE('',*,*,#3340,.F.);
#1478=ORIENTED_EDGE('',*,*,#3366,.T.);
#1479=ORIENTED_EDGE('',*,*,#3367,.T.);
#1480=ORIENTED_EDGE('',*,*,#3368,.T.);
#1481=ORIENTED_EDGE('',*,*,#3344,.F.);
#1482=ORIENTED_EDGE('',*,*,#3237,.F.);
#1483=ORIENTED_EDGE('',*,*,#3369,.T.);
#1484=ORIENTED_EDGE('',*,*,#3355,.F.);
#1485=ORIENTED_EDGE('',*,*,#3342,.F.);
#1486=ORIENTED_EDGE('',*,*,#3353,.F.);
#1487=ORIENTED_EDGE('',*,*,#3371,.T.);
#1488=ORIENTED_EDGE('',*,*,#3370,.T.);
#1489=ORIENTED_EDGE('',*,*,#3375,.T.);
#1490=ORIENTED_EDGE('',*,*,#3371,.F.);
#1491=ORIENTED_EDGE('',*,*,#3354,.F.);
#1492=ORIENTED_EDGE('',*,*,#3372,.F.);
#1493=ORIENTED_EDGE('',*,*,#3373,.F.);
#1494=ORIENTED_EDGE('',*,*,#3370,.F.);
#1495=ORIENTED_EDGE('',*,*,#3373,.T.);
#1496=ORIENTED_EDGE('',*,*,#3221,.F.);
#1497=ORIENTED_EDGE('',*,*,#3374,.F.);
#1498=ORIENTED_EDGE('',*,*,#3375,.F.);
#1499=ORIENTED_EDGE('',*,*,#3374,.T.);
#1500=ORIENTED_EDGE('',*,*,#3376,.F.);
#1501=ORIENTED_EDGE('',*,*,#3356,.F.);
#1502=ORIENTED_EDGE('',*,*,#3382,.T.);
#1503=ORIENTED_EDGE('',*,*,#3366,.F.);
#1504=ORIENTED_EDGE('',*,*,#3345,.F.);
#1505=ORIENTED_EDGE('',*,*,#3368,.F.);
#1506=ORIENTED_EDGE('',*,*,#3378,.T.);
#1507=ORIENTED_EDGE('',*,*,#3377,.T.);
#1508=ORIENTED_EDGE('',*,*,#3378,.F.);
#1509=ORIENTED_EDGE('',*,*,#3369,.F.);
#1510=ORIENTED_EDGE('',*,*,#3379,.F.);
#1511=ORIENTED_EDGE('',*,*,#3381,.F.);
#1512=ORIENTED_EDGE('',*,*,#3380,.F.);
#1513=ORIENTED_EDGE('',*,*,#3377,.F.);
#1514=ORIENTED_EDGE('',*,*,#3381,.T.);
#1515=ORIENTED_EDGE('',*,*,#3236,.F.);
#1516=ORIENTED_EDGE('',*,*,#3382,.F.);
#1517=ORIENTED_EDGE('',*,*,#3380,.T.);
#1518=ORIENTED_EDGE('',*,*,#3383,.F.);
#1519=ORIENTED_EDGE('',*,*,#3367,.F.);
#1520=ORIENTED_EDGE('',*,*,#3384,.T.);
#1521=ORIENTED_EDGE('',*,*,#3333,.F.);
#1522=ORIENTED_EDGE('',*,*,#3385,.T.);
#1523=ORIENTED_EDGE('',*,*,#3386,.T.);
#1524=ORIENTED_EDGE('',*,*,#3387,.T.);
#1525=ORIENTED_EDGE('',*,*,#3361,.F.);
#1526=ORIENTED_EDGE('',*,*,#3388,.F.);
#1527=ORIENTED_EDGE('',*,*,#3389,.T.);
#1528=ORIENTED_EDGE('',*,*,#3358,.F.);
#1529=ORIENTED_EDGE('',*,*,#3390,.T.);
#1530=ORIENTED_EDGE('',*,*,#3391,.T.);
#1531=ORIENTED_EDGE('',*,*,#3389,.F.);
#1532=ORIENTED_EDGE('',*,*,#3348,.F.);
#1533=ORIENTED_EDGE('',*,*,#3363,.F.);
#1534=ORIENTED_EDGE('',*,*,#3393,.T.);
#1535=ORIENTED_EDGE('',*,*,#3397,.T.);
#1536=ORIENTED_EDGE('',*,*,#3362,.F.);
#1537=ORIENTED_EDGE('',*,*,#3387,.F.);
#1538=ORIENTED_EDGE('',*,*,#3391,.F.);
#1539=ORIENTED_EDGE('',*,*,#3425,.T.);
#1540=ORIENTED_EDGE('',*,*,#3392,.T.);
#1541=ORIENTED_EDGE('',*,*,#3393,.F.);
#1542=ORIENTED_EDGE('',*,*,#3365,.F.);
#1543=ORIENTED_EDGE('',*,*,#3394,.F.);
#1544=ORIENTED_EDGE('',*,*,#3395,.T.);
#1545=ORIENTED_EDGE('',*,*,#3396,.F.);
#1546=ORIENTED_EDGE('',*,*,#3360,.F.);
#1547=ORIENTED_EDGE('',*,*,#3397,.F.);
#1548=ORIENTED_EDGE('',*,*,#3395,.F.);
#1549=ORIENTED_EDGE('',*,*,#3398,.T.);
#1550=ORIENTED_EDGE('',*,*,#3399,.T.);
#1551=ORIENTED_EDGE('',*,*,#3335,.F.);
#1552=ORIENTED_EDGE('',*,*,#3400,.T.);
#1553=ORIENTED_EDGE('',*,*,#3401,.T.);
#1554=ORIENTED_EDGE('',*,*,#3329,.F.);
#1555=ORIENTED_EDGE('',*,*,#3402,.T.);
#1556=ORIENTED_EDGE('',*,*,#3398,.F.);
#1557=ORIENTED_EDGE('',*,*,#3403,.T.);
#1558=ORIENTED_EDGE('',*,*,#3351,.F.);
#1559=ORIENTED_EDGE('',*,*,#3337,.F.);
#1560=ORIENTED_EDGE('',*,*,#3330,.F.);
#1561=ORIENTED_EDGE('',*,*,#3401,.F.);
#1562=ORIENTED_EDGE('',*,*,#3400,.F.);
#1563=ORIENTED_EDGE('',*,*,#3334,.F.);
#1564=ORIENTED_EDGE('',*,*,#3384,.F.);
#1565=ORIENTED_EDGE('',*,*,#3405,.T.);
#1566=ORIENTED_EDGE('',*,*,#3350,.F.);
#1567=ORIENTED_EDGE('',*,*,#3404,.T.);
#1568=ORIENTED_EDGE('',*,*,#3406,.T.);
#1569=ORIENTED_EDGE('',*,*,#3385,.F.);
#1570=ORIENTED_EDGE('',*,*,#3336,.F.);
#1571=ORIENTED_EDGE('',*,*,#3399,.F.);
#1572=ORIENTED_EDGE('',*,*,#3402,.F.);
#1573=ORIENTED_EDGE('',*,*,#3332,.F.);
#1574=ORIENTED_EDGE('',*,*,#3339,.F.);
#1575=ORIENTED_EDGE('',*,*,#3412,.F.);
#1576=ORIENTED_EDGE('',*,*,#3405,.F.);
#1577=ORIENTED_EDGE('',*,*,#3386,.F.);
#1578=ORIENTED_EDGE('',*,*,#3406,.F.);
#1579=ORIENTED_EDGE('',*,*,#3407,.T.);
#1580=ORIENTED_EDGE('',*,*,#3408,.T.);
#1581=ORIENTED_EDGE('',*,*,#3409,.T.);
#1582=ORIENTED_EDGE('',*,*,#3410,.T.);
#1583=ORIENTED_EDGE('',*,*,#3411,.T.);
#1584=ORIENTED_EDGE('',*,*,#3412,.T.);
#1585=ORIENTED_EDGE('',*,*,#3407,.F.);
#1586=ORIENTED_EDGE('',*,*,#3404,.F.);
#1587=ORIENTED_EDGE('',*,*,#3413,.F.);
#1588=ORIENTED_EDGE('',*,*,#3328,.F.);
#1589=ORIENTED_EDGE('',*,*,#3415,.F.);
#1590=ORIENTED_EDGE('',*,*,#3327,.F.);
#1591=ORIENTED_EDGE('',*,*,#3414,.T.);
#1592=ORIENTED_EDGE('',*,*,#3408,.F.);
#1593=ORIENTED_EDGE('',*,*,#3415,.T.);
#1594=ORIENTED_EDGE('',*,*,#3326,.F.);
#1595=ORIENTED_EDGE('',*,*,#3416,.F.);
#1596=ORIENTED_EDGE('',*,*,#3409,.F.);
#1597=ORIENTED_EDGE('',*,*,#3414,.F.);
#1598=ORIENTED_EDGE('',*,*,#3410,.F.);
#1599=ORIENTED_EDGE('',*,*,#3416,.T.);
#1600=ORIENTED_EDGE('',*,*,#3325,.F.);
#1601=ORIENTED_EDGE('',*,*,#3417,.T.);
#1602=ORIENTED_EDGE('',*,*,#3324,.F.);
#1603=ORIENTED_EDGE('',*,*,#3418,.F.);
#1604=ORIENTED_EDGE('',*,*,#3403,.F.);
#1605=ORIENTED_EDGE('',*,*,#3411,.F.);
#1606=ORIENTED_EDGE('',*,*,#3417,.F.);
#1607=ORIENTED_EDGE('',*,*,#3419,.T.);
#1608=ORIENTED_EDGE('',*,*,#3420,.T.);
#1609=ORIENTED_EDGE('',*,*,#3421,.T.);
#1610=ORIENTED_EDGE('',*,*,#3422,.T.);
#1611=ORIENTED_EDGE('',*,*,#3352,.F.);
#1612=ORIENTED_EDGE('',*,*,#3319,.F.);
#1613=ORIENTED_EDGE('',*,*,#3642,.T.);
#1614=ORIENTED_EDGE('',*,*,#3286,.F.);
#1615=ORIENTED_EDGE('',*,*,#3423,.T.);
#1616=ORIENTED_EDGE('',*,*,#3309,.F.);
#1617=ORIENTED_EDGE('',*,*,#3349,.F.);
#1618=ORIENTED_EDGE('',*,*,#3424,.T.);
#1619=ORIENTED_EDGE('',*,*,#3425,.F.);
#1620=ORIENTED_EDGE('',*,*,#3390,.F.);
#1621=ORIENTED_EDGE('',*,*,#3426,.F.);
#1622=ORIENTED_EDGE('',*,*,#3431,.F.);
#1623=ORIENTED_EDGE('',*,*,#3427,.T.);
#1624=ORIENTED_EDGE('',*,*,#3428,.T.);
#1625=ORIENTED_EDGE('',*,*,#3429,.T.);
#1626=ORIENTED_EDGE('',*,*,#3430,.T.);
#1627=ORIENTED_EDGE('',*,*,#3431,.T.);
#1628=ORIENTED_EDGE('',*,*,#3432,.T.);
#1629=ORIENTED_EDGE('',*,*,#3432,.F.);
#1630=ORIENTED_EDGE('',*,*,#3357,.F.);
#1631=ORIENTED_EDGE('',*,*,#3433,.F.);
#1632=ORIENTED_EDGE('',*,*,#3422,.F.);
#1633=ORIENTED_EDGE('',*,*,#3435,.F.);
#1634=ORIENTED_EDGE('',*,*,#3421,.F.);
#1635=ORIENTED_EDGE('',*,*,#3434,.T.);
#1636=ORIENTED_EDGE('',*,*,#3427,.F.);
#1637=ORIENTED_EDGE('',*,*,#3435,.T.);
#1638=ORIENTED_EDGE('',*,*,#3428,.F.);
#1639=ORIENTED_EDGE('',*,*,#3434,.F.);
#1640=ORIENTED_EDGE('',*,*,#3420,.F.);
#1641=ORIENTED_EDGE('',*,*,#3436,.F.);
#1642=ORIENTED_EDGE('',*,*,#3429,.F.);
#1643=ORIENTED_EDGE('',*,*,#3436,.T.);
#1644=ORIENTED_EDGE('',*,*,#3419,.F.);
#1645=ORIENTED_EDGE('',*,*,#3437,.T.);
#1646=ORIENTED_EDGE('',*,*,#3424,.F.);
#1647=ORIENTED_EDGE('',*,*,#3438,.F.);
#1648=ORIENTED_EDGE('',*,*,#3392,.F.);
#1649=ORIENTED_EDGE('',*,*,#3430,.F.);
#1650=ORIENTED_EDGE('',*,*,#3437,.F.);
#1651=ORIENTED_EDGE('',*,*,#3440,.F.);
#1652=ORIENTED_EDGE('',*,*,#3441,.F.);
#1653=ORIENTED_EDGE('',*,*,#3442,.F.);
#1654=ORIENTED_EDGE('',*,*,#3439,.F.);
#1655=ORIENTED_EDGE('',*,*,#3578,.T.);
#1656=ORIENTED_EDGE('',*,*,#3577,.T.);
#1657=ORIENTED_EDGE('',*,*,#3443,.T.);
#1658=ORIENTED_EDGE('',*,*,#3444,.T.);
#1659=ORIENTED_EDGE('',*,*,#3445,.T.);
#1660=ORIENTED_EDGE('',*,*,#3439,.T.);
#1661=ORIENTED_EDGE('',*,*,#3446,.T.);
#1662=ORIENTED_EDGE('',*,*,#3447,.T.);
#1663=ORIENTED_EDGE('',*,*,#3448,.T.);
#1664=ORIENTED_EDGE('',*,*,#3449,.T.);
#1665=ORIENTED_EDGE('',*,*,#3450,.T.);
#1666=ORIENTED_EDGE('',*,*,#3451,.T.);
#1667=ORIENTED_EDGE('',*,*,#3452,.T.);
#1668=ORIENTED_EDGE('',*,*,#3447,.F.);
#1669=ORIENTED_EDGE('',*,*,#3453,.T.);
#1670=ORIENTED_EDGE('',*,*,#3454,.T.);
#1671=ORIENTED_EDGE('',*,*,#3455,.T.);
#1672=ORIENTED_EDGE('',*,*,#3456,.T.);
#1673=ORIENTED_EDGE('',*,*,#3457,.T.);
#1674=ORIENTED_EDGE('',*,*,#3456,.F.);
#1675=ORIENTED_EDGE('',*,*,#3458,.T.);
#1676=ORIENTED_EDGE('',*,*,#3459,.T.);
#1677=ORIENTED_EDGE('',*,*,#3460,.T.);
#1678=ORIENTED_EDGE('',*,*,#3459,.F.);
#1679=ORIENTED_EDGE('',*,*,#3461,.T.);
#1680=ORIENTED_EDGE('',*,*,#3462,.T.);
#1681=ORIENTED_EDGE('',*,*,#3464,.F.);
#1682=ORIENTED_EDGE('',*,*,#3454,.F.);
#1683=ORIENTED_EDGE('',*,*,#3465,.F.);
#1684=ORIENTED_EDGE('',*,*,#3463,.F.);
#1685=ORIENTED_EDGE('',*,*,#3466,.T.);
#1686=ORIENTED_EDGE('',*,*,#3467,.T.);
#1687=ORIENTED_EDGE('',*,*,#3468,.T.);
#1688=ORIENTED_EDGE('',*,*,#3463,.T.);
#1689=ORIENTED_EDGE('',*,*,#3469,.T.);
#1690=ORIENTED_EDGE('',*,*,#3470,.T.);
#1691=ORIENTED_EDGE('',*,*,#3471,.T.);
#1692=ORIENTED_EDGE('',*,*,#3467,.F.);
#1693=ORIENTED_EDGE('',*,*,#3472,.T.);
#1694=ORIENTED_EDGE('',*,*,#3473,.T.);
#1695=ORIENTED_EDGE('',*,*,#3474,.T.);
#1696=ORIENTED_EDGE('',*,*,#3475,.T.);
#1697=ORIENTED_EDGE('',*,*,#3476,.T.);
#1698=ORIENTED_EDGE('',*,*,#3477,.T.);
#1699=ORIENTED_EDGE('',*,*,#3478,.T.);
#1700=ORIENTED_EDGE('',*,*,#3473,.F.);
#1701=ORIENTED_EDGE('',*,*,#3479,.T.);
#1702=ORIENTED_EDGE('',*,*,#3441,.T.);
#1703=ORIENTED_EDGE('',*,*,#3480,.T.);
#1704=ORIENTED_EDGE('',*,*,#3481,.T.);
#1705=ORIENTED_EDGE('',*,*,#3482,.T.);
#1706=ORIENTED_EDGE('',*,*,#3481,.F.);
#1707=ORIENTED_EDGE('',*,*,#3483,.T.);
#1708=ORIENTED_EDGE('',*,*,#3484,.T.);
#1709=ORIENTED_EDGE('',*,*,#3485,.T.);
#1710=ORIENTED_EDGE('',*,*,#3486,.T.);
#1711=ORIENTED_EDGE('',*,*,#3487,.T.);
#1712=ORIENTED_EDGE('',*,*,#3470,.F.);
#1713=ORIENTED_EDGE('',*,*,#3488,.T.);
#1714=ORIENTED_EDGE('',*,*,#3489,.T.);
#1715=ORIENTED_EDGE('',*,*,#3490,.T.);
#1716=ORIENTED_EDGE('',*,*,#3444,.F.);
#1717=ORIENTED_EDGE('',*,*,#4004,.F.);
#1718=ORIENTED_EDGE('',*,*,#3449,.F.);
#1719=ORIENTED_EDGE('',*,*,#3491,.F.);
#1720=ORIENTED_EDGE('',*,*,#3489,.F.);
#1721=ORIENTED_EDGE('',*,*,#3961,.T.);
#1722=ORIENTED_EDGE('',*,*,#3960,.T.);
#1723=ORIENTED_EDGE('',*,*,#3478,.F.);
#1724=ORIENTED_EDGE('',*,*,#4015,.T.);
#1725=ORIENTED_EDGE('',*,*,#3492,.T.);
#1726=ORIENTED_EDGE('',*,*,#3474,.F.);
#1727=ORIENTED_EDGE('',*,*,#3496,.T.);
#1728=ORIENTED_EDGE('',*,*,#3498,.T.);
#1729=ORIENTED_EDGE('',*,*,#3483,.F.);
#1730=ORIENTED_EDGE('',*,*,#3480,.F.);
#1731=ORIENTED_EDGE('',*,*,#3440,.T.);
#1732=ORIENTED_EDGE('',*,*,#3445,.F.);
#1733=ORIENTED_EDGE('',*,*,#3490,.F.);
#1734=ORIENTED_EDGE('',*,*,#3491,.T.);
#1735=ORIENTED_EDGE('',*,*,#3448,.F.);
#1736=ORIENTED_EDGE('',*,*,#3452,.F.);
#1737=ORIENTED_EDGE('',*,*,#3978,.T.);
#1738=ORIENTED_EDGE('',*,*,#3493,.T.);
#1739=ORIENTED_EDGE('',*,*,#3461,.F.);
#1740=ORIENTED_EDGE('',*,*,#3458,.F.);
#1741=ORIENTED_EDGE('',*,*,#3455,.F.);
#1742=ORIENTED_EDGE('',*,*,#3464,.T.);
#1743=ORIENTED_EDGE('',*,*,#3468,.F.);
#1744=ORIENTED_EDGE('',*,*,#3471,.F.);
#1745=ORIENTED_EDGE('',*,*,#3487,.F.);
#1746=ORIENTED_EDGE('',*,*,#3494,.T.);
#1747=ORIENTED_EDGE('',*,*,#3495,.T.);
#1748=ORIENTED_EDGE('',*,*,#3496,.F.);
#1749=ORIENTED_EDGE('',*,*,#3486,.F.);
#1750=ORIENTED_EDGE('',*,*,#3497,.T.);
#1751=ORIENTED_EDGE('',*,*,#3484,.F.);
#1752=ORIENTED_EDGE('',*,*,#3498,.F.);
#1753=ORIENTED_EDGE('',*,*,#3495,.F.);
#1754=ORIENTED_EDGE('',*,*,#3563,.T.);
#1755=ORIENTED_EDGE('',*,*,#3499,.T.);
#1756=ORIENTED_EDGE('',*,*,#3524,.T.);
#1757=ORIENTED_EDGE('',*,*,#3525,.T.);
#1758=ORIENTED_EDGE('',*,*,#3531,.T.);
#1759=ORIENTED_EDGE('',*,*,#3500,.T.);
#1760=ORIENTED_EDGE('',*,*,#3535,.T.);
#1761=ORIENTED_EDGE('',*,*,#3537,.T.);
#1762=ORIENTED_EDGE('',*,*,#3501,.T.);
#1763=ORIENTED_EDGE('',*,*,#3541,.T.);
#1764=ORIENTED_EDGE('',*,*,#3502,.T.);
#1765=ORIENTED_EDGE('',*,*,#3543,.T.);
#1766=ORIENTED_EDGE('',*,*,#3503,.T.);
#1767=ORIENTED_EDGE('',*,*,#3547,.T.);
#1768=ORIENTED_EDGE('',*,*,#3548,.T.);
#1769=ORIENTED_EDGE('',*,*,#3554,.T.);
#1770=ORIENTED_EDGE('',*,*,#3504,.T.);
#1771=ORIENTED_EDGE('',*,*,#3558,.T.);
#1772=ORIENTED_EDGE('',*,*,#3560,.T.);
#1773=ORIENTED_EDGE('',*,*,#3518,.T.);
#1774=ORIENTED_EDGE('',*,*,#3517,.T.);
#1775=ORIENTED_EDGE('',*,*,#3506,.T.);
#1776=ORIENTED_EDGE('',*,*,#3564,.T.);
#1777=ORIENTED_EDGE('',*,*,#3505,.T.);
#1778=ORIENTED_EDGE('',*,*,#3568,.T.);
#1779=ORIENTED_EDGE('',*,*,#3527,.T.);
#1780=ORIENTED_EDGE('',*,*,#3523,.T.);
#1781=ORIENTED_EDGE('',*,*,#3507,.T.);
#1782=ORIENTED_EDGE('',*,*,#3562,.T.);
#1783=ORIENTED_EDGE('',*,*,#3559,.T.);
#1784=ORIENTED_EDGE('',*,*,#3556,.T.);
#1785=ORIENTED_EDGE('',*,*,#3508,.T.);
#1786=ORIENTED_EDGE('',*,*,#3552,.T.);
#1787=ORIENTED_EDGE('',*,*,#3550,.T.);
#1788=ORIENTED_EDGE('',*,*,#3546,.T.);
#1789=ORIENTED_EDGE('',*,*,#3509,.T.);
#1790=ORIENTED_EDGE('',*,*,#3542,.T.);
#1791=ORIENTED_EDGE('',*,*,#3510,.T.);
#1792=ORIENTED_EDGE('',*,*,#3511,.T.);
#1793=ORIENTED_EDGE('',*,*,#3512,.T.);
#1794=ORIENTED_EDGE('',*,*,#3540,.T.);
#1795=ORIENTED_EDGE('',*,*,#3513,.T.);
#1796=ORIENTED_EDGE('',*,*,#3536,.T.);
#1797=ORIENTED_EDGE('',*,*,#3533,.T.);
#1798=ORIENTED_EDGE('',*,*,#3514,.T.);
#1799=ORIENTED_EDGE('',*,*,#3529,.T.);
#1800=ORIENTED_EDGE('',*,*,#3520,.T.);
#1801=ORIENTED_EDGE('',*,*,#3518,.F.);
#1802=ORIENTED_EDGE('',*,*,#3519,.F.);
#1803=ORIENTED_EDGE('',*,*,#3515,.F.);
#1804=ORIENTED_EDGE('',*,*,#3519,.T.);
#1805=ORIENTED_EDGE('',*,*,#3517,.F.);
#1806=ORIENTED_EDGE('',*,*,#3520,.F.);
#1807=ORIENTED_EDGE('',*,*,#3516,.F.);
#1808=ORIENTED_EDGE('',*,*,#3521,.T.);
#1809=ORIENTED_EDGE('',*,*,#3507,.F.);
#1810=ORIENTED_EDGE('',*,*,#3522,.T.);
#1811=ORIENTED_EDGE('',*,*,#3499,.F.);
#1812=ORIENTED_EDGE('',*,*,#3522,.F.);
#1813=ORIENTED_EDGE('',*,*,#3523,.F.);
#1814=ORIENTED_EDGE('',*,*,#3526,.F.);
#1815=ORIENTED_EDGE('',*,*,#3524,.F.);
#1816=ORIENTED_EDGE('',*,*,#3525,.F.);
#1817=ORIENTED_EDGE('',*,*,#3526,.T.);
#1818=ORIENTED_EDGE('',*,*,#3527,.F.);
#1819=ORIENTED_EDGE('',*,*,#3528,.T.);
#1820=ORIENTED_EDGE('',*,*,#3528,.F.);
#1821=ORIENTED_EDGE('',*,*,#3529,.F.);
#1822=ORIENTED_EDGE('',*,*,#3530,.T.);
#1823=ORIENTED_EDGE('',*,*,#3531,.F.);
#1824=ORIENTED_EDGE('',*,*,#3530,.F.);
#1825=ORIENTED_EDGE('',*,*,#3514,.F.);
#1826=ORIENTED_EDGE('',*,*,#3532,.T.);
#1827=ORIENTED_EDGE('',*,*,#3500,.F.);
#1828=ORIENTED_EDGE('',*,*,#3533,.F.);
#1829=ORIENTED_EDGE('',*,*,#3534,.F.);
#1830=ORIENTED_EDGE('',*,*,#3535,.F.);
#1831=ORIENTED_EDGE('',*,*,#3532,.F.);
#1832=ORIENTED_EDGE('',*,*,#3534,.T.);
#1833=ORIENTED_EDGE('',*,*,#3536,.F.);
#1834=ORIENTED_EDGE('',*,*,#3538,.F.);
#1835=ORIENTED_EDGE('',*,*,#3537,.F.);
#1836=ORIENTED_EDGE('',*,*,#3538,.T.);
#1837=ORIENTED_EDGE('',*,*,#3513,.F.);
#1838=ORIENTED_EDGE('',*,*,#3539,.T.);
#1839=ORIENTED_EDGE('',*,*,#3501,.F.);
#1840=ORIENTED_EDGE('',*,*,#3539,.F.);
#1841=ORIENTED_EDGE('',*,*,#3540,.F.);
#1842=ORIENTED_EDGE('',*,*,#4073,.F.);
#1843=ORIENTED_EDGE('',*,*,#3541,.F.);
#1844=ORIENTED_EDGE('',*,*,#4072,.F.);
#1845=ORIENTED_EDGE('',*,*,#3542,.F.);
#1846=ORIENTED_EDGE('',*,*,#3544,.F.);
#1847=ORIENTED_EDGE('',*,*,#3543,.F.);
#1848=ORIENTED_EDGE('',*,*,#3544,.T.);
#1849=ORIENTED_EDGE('',*,*,#3509,.F.);
#1850=ORIENTED_EDGE('',*,*,#3545,.T.);
#1851=ORIENTED_EDGE('',*,*,#3503,.F.);
#1852=ORIENTED_EDGE('',*,*,#3545,.F.);
#1853=ORIENTED_EDGE('',*,*,#3546,.F.);
#1854=ORIENTED_EDGE('',*,*,#3549,.F.);
#1855=ORIENTED_EDGE('',*,*,#3547,.F.);
#1856=ORIENTED_EDGE('',*,*,#3548,.F.);
#1857=ORIENTED_EDGE('',*,*,#3549,.T.);
#1858=ORIENTED_EDGE('',*,*,#3550,.F.);
#1859=ORIENTED_EDGE('',*,*,#3551,.T.);
#1860=ORIENTED_EDGE('',*,*,#3551,.F.);
#1861=ORIENTED_EDGE('',*,*,#3552,.F.);
#1862=ORIENTED_EDGE('',*,*,#3553,.T.);
#1863=ORIENTED_EDGE('',*,*,#3554,.F.);
#1864=ORIENTED_EDGE('',*,*,#3553,.F.);
#1865=ORIENTED_EDGE('',*,*,#3508,.F.);
#1866=ORIENTED_EDGE('',*,*,#3555,.T.);
#1867=ORIENTED_EDGE('',*,*,#3504,.F.);
#1868=ORIENTED_EDGE('',*,*,#3556,.F.);
#1869=ORIENTED_EDGE('',*,*,#3557,.F.);
#1870=ORIENTED_EDGE('',*,*,#3558,.F.);
#1871=ORIENTED_EDGE('',*,*,#3555,.F.);
#1872=ORIENTED_EDGE('',*,*,#3557,.T.);
#1873=ORIENTED_EDGE('',*,*,#3559,.F.);
#1874=ORIENTED_EDGE('',*,*,#3561,.T.);
#1875=ORIENTED_EDGE('',*,*,#3560,.F.);
#1876=ORIENTED_EDGE('',*,*,#3562,.F.);
#1877=ORIENTED_EDGE('',*,*,#3521,.F.);
#1878=ORIENTED_EDGE('',*,*,#3563,.F.);
#1879=ORIENTED_EDGE('',*,*,#3561,.F.);
#1880=ORIENTED_EDGE('',*,*,#3571,.F.);
#1881=ORIENTED_EDGE('',*,*,#3564,.F.);
#1882=ORIENTED_EDGE('',*,*,#3566,.F.);
#1883=ORIENTED_EDGE('',*,*,#3565,.F.);
#1884=ORIENTED_EDGE('',*,*,#3566,.T.);
#1885=ORIENTED_EDGE('',*,*,#3506,.F.);
#1886=ORIENTED_EDGE('',*,*,#3567,.T.);
#1887=ORIENTED_EDGE('',*,*,#3264,.F.);
#1888=ORIENTED_EDGE('',*,*,#3567,.F.);
#1889=ORIENTED_EDGE('',*,*,#3568,.F.);
#1890=ORIENTED_EDGE('',*,*,#3570,.F.);
#1891=ORIENTED_EDGE('',*,*,#3569,.F.);
#1892=ORIENTED_EDGE('',*,*,#3570,.T.);
#1893=ORIENTED_EDGE('',*,*,#3505,.F.);
#1894=ORIENTED_EDGE('',*,*,#3571,.T.);
#1895=ORIENTED_EDGE('',*,*,#3263,.F.);
#1896=ORIENTED_EDGE('',*,*,#3596,.T.);
#1897=ORIENTED_EDGE('',*,*,#3595,.T.);
#1898=ORIENTED_EDGE('',*,*,#3572,.T.);
#1899=ORIENTED_EDGE('',*,*,#3573,.T.);
#1900=ORIENTED_EDGE('',*,*,#3574,.T.);
#1901=ORIENTED_EDGE('',*,*,#3249,.F.);
#1902=ORIENTED_EDGE('',*,*,#3301,.F.);
#1903=ORIENTED_EDGE('',*,*,#3575,.F.);
#1904=ORIENTED_EDGE('',*,*,#3310,.F.);
#1905=ORIENTED_EDGE('',*,*,#3423,.F.);
#1906=ORIENTED_EDGE('',*,*,#3289,.F.);
#1907=ORIENTED_EDGE('',*,*,#3576,.T.);
#1908=ORIENTED_EDGE('',*,*,#3610,.T.);
#1909=ORIENTED_EDGE('',*,*,#3573,.F.);
#1910=ORIENTED_EDGE('',*,*,#3583,.T.);
#1911=ORIENTED_EDGE('',*,*,#4068,.T.);
#1912=ORIENTED_EDGE('',*,*,#3582,.T.);
#1913=ORIENTED_EDGE('',*,*,#3580,.F.);
#1914=ORIENTED_EDGE('',*,*,#3581,.F.);
#1915=ORIENTED_EDGE('',*,*,#3577,.F.);
#1916=ORIENTED_EDGE('',*,*,#3581,.T.);
#1917=ORIENTED_EDGE('',*,*,#3579,.F.);
#1918=ORIENTED_EDGE('',*,*,#3582,.F.);
#1919=ORIENTED_EDGE('',*,*,#3578,.F.);
#1920=ORIENTED_EDGE('',*,*,#3583,.F.);
#1921=ORIENTED_EDGE('',*,*,#3572,.F.);
#1922=ORIENTED_EDGE('',*,*,#3584,.T.);
#1923=ORIENTED_EDGE('',*,*,#3585,.T.);
#1924=ORIENTED_EDGE('',*,*,#3586,.T.);
#1925=ORIENTED_EDGE('',*,*,#3587,.T.);
#1926=ORIENTED_EDGE('',*,*,#3588,.T.);
#1927=ORIENTED_EDGE('',*,*,#3589,.T.);
#1928=ORIENTED_EDGE('',*,*,#3590,.T.);
#1929=ORIENTED_EDGE('',*,*,#3591,.T.);
#1930=ORIENTED_EDGE('',*,*,#3592,.T.);
#1931=ORIENTED_EDGE('',*,*,#3593,.T.);
#1932=ORIENTED_EDGE('',*,*,#3303,.F.);
#1933=ORIENTED_EDGE('',*,*,#3594,.F.);
#1934=ORIENTED_EDGE('',*,*,#3306,.F.);
#1935=ORIENTED_EDGE('',*,*,#3277,.F.);
#1936=ORIENTED_EDGE('',*,*,#3300,.F.);
#1937=ORIENTED_EDGE('',*,*,#3251,.F.);
#1938=ORIENTED_EDGE('',*,*,#3630,.T.);
#1939=ORIENTED_EDGE('',*,*,#3591,.F.);
#1940=ORIENTED_EDGE('',*,*,#3601,.T.);
#1941=ORIENTED_EDGE('',*,*,#4047,.T.);
#1942=ORIENTED_EDGE('',*,*,#3600,.T.);
#1943=ORIENTED_EDGE('',*,*,#3598,.F.);
#1944=ORIENTED_EDGE('',*,*,#3599,.F.);
#1945=ORIENTED_EDGE('',*,*,#3595,.F.);
#1946=ORIENTED_EDGE('',*,*,#3599,.T.);
#1947=ORIENTED_EDGE('',*,*,#3597,.F.);
#1948=ORIENTED_EDGE('',*,*,#3600,.F.);
#1949=ORIENTED_EDGE('',*,*,#3596,.F.);
#1950=ORIENTED_EDGE('',*,*,#3601,.F.);
#1951=ORIENTED_EDGE('',*,*,#3590,.F.);
#1952=ORIENTED_EDGE('',*,*,#3602,.F.);
#1953=ORIENTED_EDGE('',*,*,#4048,.F.);
#1954=ORIENTED_EDGE('',*,*,#3604,.F.);
#1955=ORIENTED_EDGE('',*,*,#3605,.F.);
#1956=ORIENTED_EDGE('',*,*,#3606,.F.);
#1957=ORIENTED_EDGE('',*,*,#3603,.F.);
#1958=ORIENTED_EDGE('',*,*,#3607,.T.);
#1959=ORIENTED_EDGE('',*,*,#4044,.T.);
#1960=ORIENTED_EDGE('',*,*,#3608,.T.);
#1961=ORIENTED_EDGE('',*,*,#3604,.T.);
#1962=ORIENTED_EDGE('',*,*,#3579,.T.);
#1963=ORIENTED_EDGE('',*,*,#3580,.T.);
#1964=ORIENTED_EDGE('',*,*,#3609,.F.);
#1965=ORIENTED_EDGE('',*,*,#3574,.F.);
#1966=ORIENTED_EDGE('',*,*,#3610,.F.);
#1967=ORIENTED_EDGE('',*,*,#4067,.F.);
#1968=ORIENTED_EDGE('',*,*,#3621,.T.);
#1969=ORIENTED_EDGE('',*,*,#3620,.T.);
#1970=ORIENTED_EDGE('',*,*,#3611,.T.);
#1971=ORIENTED_EDGE('',*,*,#3612,.T.);
#1972=ORIENTED_EDGE('',*,*,#3613,.T.);
#1973=ORIENTED_EDGE('',*,*,#3614,.T.);
#1974=ORIENTED_EDGE('',*,*,#3312,.F.);
#1975=ORIENTED_EDGE('',*,*,#3615,.F.);
#1976=ORIENTED_EDGE('',*,*,#3316,.F.);
#1977=ORIENTED_EDGE('',*,*,#3322,.F.);
#1978=ORIENTED_EDGE('',*,*,#3305,.F.);
#1979=ORIENTED_EDGE('',*,*,#3616,.T.);
#1980=ORIENTED_EDGE('',*,*,#3617,.T.);
#1981=ORIENTED_EDGE('',*,*,#3611,.F.);
#1982=ORIENTED_EDGE('',*,*,#3618,.T.);
#1983=ORIENTED_EDGE('',*,*,#3619,.T.);
#1984=ORIENTED_EDGE('',*,*,#3625,.T.);
#1985=ORIENTED_EDGE('',*,*,#3623,.F.);
#1986=ORIENTED_EDGE('',*,*,#3624,.F.);
#1987=ORIENTED_EDGE('',*,*,#3620,.F.);
#1988=ORIENTED_EDGE('',*,*,#3624,.T.);
#1989=ORIENTED_EDGE('',*,*,#3622,.F.);
#1990=ORIENTED_EDGE('',*,*,#3625,.F.);
#1991=ORIENTED_EDGE('',*,*,#3621,.F.);
#1992=ORIENTED_EDGE('',*,*,#3626,.T.);
#1993=ORIENTED_EDGE('',*,*,#3613,.F.);
#1994=ORIENTED_EDGE('',*,*,#3627,.T.);
#1995=ORIENTED_EDGE('',*,*,#3628,.T.);
#1996=ORIENTED_EDGE('',*,*,#3617,.F.);
#1997=ORIENTED_EDGE('',*,*,#4054,.T.);
#1998=ORIENTED_EDGE('',*,*,#3627,.F.);
#1999=ORIENTED_EDGE('',*,*,#3612,.F.);
#2000=ORIENTED_EDGE('',*,*,#3629,.T.);
#2001=ORIENTED_EDGE('',*,*,#3592,.F.);
#2002=ORIENTED_EDGE('',*,*,#3630,.F.);
#2003=ORIENTED_EDGE('',*,*,#3631,.T.);
#2004=ORIENTED_EDGE('',*,*,#3632,.T.);
#2005=ORIENTED_EDGE('',*,*,#3633,.T.);
#2006=ORIENTED_EDGE('',*,*,#3634,.T.);
#2007=ORIENTED_EDGE('',*,*,#3635,.T.);
#2008=ORIENTED_EDGE('',*,*,#3647,.T.);
#2009=ORIENTED_EDGE('',*,*,#3646,.T.);
#2010=ORIENTED_EDGE('',*,*,#3636,.T.);
#2011=ORIENTED_EDGE('',*,*,#3313,.F.);
#2012=ORIENTED_EDGE('',*,*,#3614,.F.);
#2013=ORIENTED_EDGE('',*,*,#3626,.F.);
#2014=ORIENTED_EDGE('',*,*,#4053,.T.);
#2015=ORIENTED_EDGE('',*,*,#3637,.T.);
#2016=ORIENTED_EDGE('',*,*,#4062,.T.);
#2017=ORIENTED_EDGE('',*,*,#3644,.T.);
#2018=ORIENTED_EDGE('',*,*,#4059,.T.);
#2019=ORIENTED_EDGE('',*,*,#3587,.F.);
#2020=ORIENTED_EDGE('',*,*,#4069,.T.);
#2021=ORIENTED_EDGE('',*,*,#3584,.F.);
#2022=ORIENTED_EDGE('',*,*,#3576,.F.);
#2023=ORIENTED_EDGE('',*,*,#3288,.F.);
#2024=ORIENTED_EDGE('',*,*,#3638,.T.);
#2025=ORIENTED_EDGE('',*,*,#3654,.T.);
#2026=ORIENTED_EDGE('',*,*,#3639,.T.);
#2027=ORIENTED_EDGE('',*,*,#3640,.T.);
#2028=ORIENTED_EDGE('',*,*,#3641,.T.);
#2029=ORIENTED_EDGE('',*,*,#3638,.F.);
#2030=ORIENTED_EDGE('',*,*,#3287,.F.);
#2031=ORIENTED_EDGE('',*,*,#3642,.F.);
#2032=ORIENTED_EDGE('',*,*,#3318,.F.);
#2033=ORIENTED_EDGE('',*,*,#3284,.F.);
#2034=ORIENTED_EDGE('',*,*,#3314,.F.);
#2035=ORIENTED_EDGE('',*,*,#3636,.F.);
#2036=ORIENTED_EDGE('',*,*,#3643,.T.);
#2037=ORIENTED_EDGE('',*,*,#3639,.F.);
#2038=ORIENTED_EDGE('',*,*,#3644,.F.);
#2039=ORIENTED_EDGE('',*,*,#3645,.T.);
#2040=ORIENTED_EDGE('',*,*,#3651,.T.);
#2041=ORIENTED_EDGE('',*,*,#3649,.F.);
#2042=ORIENTED_EDGE('',*,*,#3650,.F.);
#2043=ORIENTED_EDGE('',*,*,#3646,.F.);
#2044=ORIENTED_EDGE('',*,*,#3650,.T.);
#2045=ORIENTED_EDGE('',*,*,#3648,.F.);
#2046=ORIENTED_EDGE('',*,*,#3651,.F.);
#2047=ORIENTED_EDGE('',*,*,#3647,.F.);
#2048=ORIENTED_EDGE('',*,*,#3655,.T.);
#2049=ORIENTED_EDGE('',*,*,#3640,.F.);
#2050=ORIENTED_EDGE('',*,*,#3643,.F.);
#2051=ORIENTED_EDGE('',*,*,#4061,.T.);
#2052=ORIENTED_EDGE('',*,*,#3652,.T.);
#2053=ORIENTED_EDGE('',*,*,#4039,.T.);
#2054=ORIENTED_EDGE('',*,*,#3653,.T.);
#2055=ORIENTED_EDGE('',*,*,#3861,.T.);
#2056=ORIENTED_EDGE('',*,*,#3648,.T.);
#2057=ORIENTED_EDGE('',*,*,#3649,.T.);
#2058=ORIENTED_EDGE('',*,*,#3654,.F.);
#2059=ORIENTED_EDGE('',*,*,#3641,.F.);
#2060=ORIENTED_EDGE('',*,*,#3655,.F.);
#2061=ORIENTED_EDGE('',*,*,#4060,.F.);
#2062=ORIENTED_EDGE('',*,*,#3656,.T.);
#2063=ORIENTED_EDGE('',*,*,#4033,.T.);
#2064=ORIENTED_EDGE('',*,*,#3657,.T.);
#2065=ORIENTED_EDGE('',*,*,#3785,.T.);
#2066=ORIENTED_EDGE('',*,*,#3622,.T.);
#2067=ORIENTED_EDGE('',*,*,#3623,.T.);
#2068=ORIENTED_EDGE('',*,*,#4055,.T.);
#2069=ORIENTED_EDGE('',*,*,#3618,.F.);
#2070=ORIENTED_EDGE('',*,*,#3616,.F.);
#2071=ORIENTED_EDGE('',*,*,#3304,.F.);
#2072=ORIENTED_EDGE('',*,*,#3593,.F.);
#2073=ORIENTED_EDGE('',*,*,#3629,.F.);
#2074=ORIENTED_EDGE('',*,*,#4046,.T.);
#2075=ORIENTED_EDGE('',*,*,#3633,.F.);
#2076=ORIENTED_EDGE('',*,*,#3266,.F.);
#2077=ORIENTED_EDGE('',*,*,#3275,.T.);
#2078=ORIENTED_EDGE('',*,*,#3658,.F.);
#2079=ORIENTED_EDGE('',*,*,#3209,.F.);
#2080=ORIENTED_EDGE('',*,*,#3214,.F.);
#2081=ORIENTED_EDGE('',*,*,#3659,.T.);
#2082=ORIENTED_EDGE('',*,*,#3661,.F.);
#2083=ORIENTED_EDGE('',*,*,#3662,.F.);
#2084=ORIENTED_EDGE('',*,*,#3663,.F.);
#2085=ORIENTED_EDGE('',*,*,#3660,.F.);
#2086=ORIENTED_EDGE('',*,*,#3664,.T.);
#2087=ORIENTED_EDGE('',*,*,#3665,.T.);
#2088=ORIENTED_EDGE('',*,*,#3661,.T.);
#2089=ORIENTED_EDGE('',*,*,#3666,.T.);
#2090=ORIENTED_EDGE('',*,*,#3667,.T.);
#2091=ORIENTED_EDGE('',*,*,#3668,.T.);
#2092=ORIENTED_EDGE('',*,*,#3664,.F.);
#2093=ORIENTED_EDGE('',*,*,#3669,.T.);
#2094=ORIENTED_EDGE('',*,*,#3670,.T.);
#2095=ORIENTED_EDGE('',*,*,#3671,.T.);
#2096=ORIENTED_EDGE('',*,*,#3667,.F.);
#2097=ORIENTED_EDGE('',*,*,#3672,.T.);
#2098=ORIENTED_EDGE('',*,*,#3673,.T.);
#2099=ORIENTED_EDGE('',*,*,#3674,.T.);
#2100=ORIENTED_EDGE('',*,*,#3670,.F.);
#2101=ORIENTED_EDGE('',*,*,#3675,.T.);
#2102=ORIENTED_EDGE('',*,*,#3676,.T.);
#2103=ORIENTED_EDGE('',*,*,#3677,.T.);
#2104=ORIENTED_EDGE('',*,*,#3673,.F.);
#2105=ORIENTED_EDGE('',*,*,#3678,.T.);
#2106=ORIENTED_EDGE('',*,*,#3679,.T.);
#2107=ORIENTED_EDGE('',*,*,#3680,.T.);
#2108=ORIENTED_EDGE('',*,*,#3676,.F.);
#2109=ORIENTED_EDGE('',*,*,#3681,.T.);
#2110=ORIENTED_EDGE('',*,*,#3663,.T.);
#2111=ORIENTED_EDGE('',*,*,#3682,.F.);
#2112=ORIENTED_EDGE('',*,*,#3679,.F.);
#2113=ORIENTED_EDGE('',*,*,#3683,.F.);
#2114=ORIENTED_EDGE('',*,*,#3685,.F.);
#2115=ORIENTED_EDGE('',*,*,#3686,.F.);
#2116=ORIENTED_EDGE('',*,*,#3687,.F.);
#2117=ORIENTED_EDGE('',*,*,#3684,.F.);
#2118=ORIENTED_EDGE('',*,*,#3688,.T.);
#2119=ORIENTED_EDGE('',*,*,#3689,.T.);
#2120=ORIENTED_EDGE('',*,*,#3685,.T.);
#2121=ORIENTED_EDGE('',*,*,#3690,.T.);
#2122=ORIENTED_EDGE('',*,*,#3691,.T.);
#2123=ORIENTED_EDGE('',*,*,#3692,.T.);
#2124=ORIENTED_EDGE('',*,*,#3688,.F.);
#2125=ORIENTED_EDGE('',*,*,#3693,.T.);
#2126=ORIENTED_EDGE('',*,*,#3694,.T.);
#2127=ORIENTED_EDGE('',*,*,#3695,.T.);
#2128=ORIENTED_EDGE('',*,*,#3691,.F.);
#2129=ORIENTED_EDGE('',*,*,#3696,.T.);
#2130=ORIENTED_EDGE('',*,*,#3697,.T.);
#2131=ORIENTED_EDGE('',*,*,#3698,.T.);
#2132=ORIENTED_EDGE('',*,*,#3694,.F.);
#2133=ORIENTED_EDGE('',*,*,#3699,.T.);
#2134=ORIENTED_EDGE('',*,*,#3700,.T.);
#2135=ORIENTED_EDGE('',*,*,#3701,.T.);
#2136=ORIENTED_EDGE('',*,*,#3697,.F.);
#2137=ORIENTED_EDGE('',*,*,#3702,.T.);
#2138=ORIENTED_EDGE('',*,*,#3703,.T.);
#2139=ORIENTED_EDGE('',*,*,#3704,.T.);
#2140=ORIENTED_EDGE('',*,*,#3700,.F.);
#2141=ORIENTED_EDGE('',*,*,#3705,.T.);
#2142=ORIENTED_EDGE('',*,*,#3687,.T.);
#2143=ORIENTED_EDGE('',*,*,#3706,.F.);
#2144=ORIENTED_EDGE('',*,*,#3703,.F.);
#2145=ORIENTED_EDGE('',*,*,#3707,.F.);
#2146=ORIENTED_EDGE('',*,*,#3709,.F.);
#2147=ORIENTED_EDGE('',*,*,#3710,.F.);
#2148=ORIENTED_EDGE('',*,*,#3711,.F.);
#2149=ORIENTED_EDGE('',*,*,#3708,.F.);
#2150=ORIENTED_EDGE('',*,*,#3713,.F.);
#2151=ORIENTED_EDGE('',*,*,#3714,.F.);
#2152=ORIENTED_EDGE('',*,*,#3715,.F.);
#2153=ORIENTED_EDGE('',*,*,#3712,.F.);
#2154=ORIENTED_EDGE('',*,*,#3716,.T.);
#2155=ORIENTED_EDGE('',*,*,#3717,.T.);
#2156=ORIENTED_EDGE('',*,*,#3713,.T.);
#2157=ORIENTED_EDGE('',*,*,#3718,.T.);
#2158=ORIENTED_EDGE('',*,*,#3719,.T.);
#2159=ORIENTED_EDGE('',*,*,#3720,.T.);
#2160=ORIENTED_EDGE('',*,*,#3716,.F.);
#2161=ORIENTED_EDGE('',*,*,#3721,.T.);
#2162=ORIENTED_EDGE('',*,*,#3722,.T.);
#2163=ORIENTED_EDGE('',*,*,#3723,.T.);
#2164=ORIENTED_EDGE('',*,*,#3719,.F.);
#2165=ORIENTED_EDGE('',*,*,#3724,.T.);
#2166=ORIENTED_EDGE('',*,*,#3725,.T.);
#2167=ORIENTED_EDGE('',*,*,#3726,.T.);
#2168=ORIENTED_EDGE('',*,*,#3722,.F.);
#2169=ORIENTED_EDGE('',*,*,#3727,.T.);
#2170=ORIENTED_EDGE('',*,*,#3728,.T.);
#2171=ORIENTED_EDGE('',*,*,#3729,.T.);
#2172=ORIENTED_EDGE('',*,*,#3725,.F.);
#2173=ORIENTED_EDGE('',*,*,#3730,.T.);
#2174=ORIENTED_EDGE('',*,*,#3731,.T.);
#2175=ORIENTED_EDGE('',*,*,#3732,.T.);
#2176=ORIENTED_EDGE('',*,*,#3728,.F.);
#2177=ORIENTED_EDGE('',*,*,#3733,.T.);
#2178=ORIENTED_EDGE('',*,*,#3715,.T.);
#2179=ORIENTED_EDGE('',*,*,#3734,.T.);
#2180=ORIENTED_EDGE('',*,*,#3731,.F.);
#2181=ORIENTED_EDGE('',*,*,#3735,.T.);
#2182=ORIENTED_EDGE('',*,*,#3737,.F.);
#2183=ORIENTED_EDGE('',*,*,#3738,.F.);
#2184=ORIENTED_EDGE('',*,*,#3739,.F.);
#2185=ORIENTED_EDGE('',*,*,#3736,.F.);
#2186=ORIENTED_EDGE('',*,*,#3740,.T.);
#2187=ORIENTED_EDGE('',*,*,#3741,.T.);
#2188=ORIENTED_EDGE('',*,*,#3737,.T.);
#2189=ORIENTED_EDGE('',*,*,#3742,.T.);
#2190=ORIENTED_EDGE('',*,*,#3743,.T.);
#2191=ORIENTED_EDGE('',*,*,#3744,.T.);
#2192=ORIENTED_EDGE('',*,*,#3740,.F.);
#2193=ORIENTED_EDGE('',*,*,#3745,.T.);
#2194=ORIENTED_EDGE('',*,*,#3746,.T.);
#2195=ORIENTED_EDGE('',*,*,#3747,.T.);
#2196=ORIENTED_EDGE('',*,*,#3743,.F.);
#2197=ORIENTED_EDGE('',*,*,#3748,.T.);
#2198=ORIENTED_EDGE('',*,*,#3749,.T.);
#2199=ORIENTED_EDGE('',*,*,#3750,.T.);
#2200=ORIENTED_EDGE('',*,*,#3746,.F.);
#2201=ORIENTED_EDGE('',*,*,#3751,.T.);
#2202=ORIENTED_EDGE('',*,*,#3752,.T.);
#2203=ORIENTED_EDGE('',*,*,#3753,.T.);
#2204=ORIENTED_EDGE('',*,*,#3749,.F.);
#2205=ORIENTED_EDGE('',*,*,#3754,.T.);
#2206=ORIENTED_EDGE('',*,*,#3755,.T.);
#2207=ORIENTED_EDGE('',*,*,#3756,.T.);
#2208=ORIENTED_EDGE('',*,*,#3752,.F.);
#2209=ORIENTED_EDGE('',*,*,#3757,.T.);
#2210=ORIENTED_EDGE('',*,*,#3739,.T.);
#2211=ORIENTED_EDGE('',*,*,#3758,.F.);
#2212=ORIENTED_EDGE('',*,*,#3755,.F.);
#2213=ORIENTED_EDGE('',*,*,#3759,.F.);
#2214=ORIENTED_EDGE('',*,*,#3761,.F.);
#2215=ORIENTED_EDGE('',*,*,#3762,.F.);
#2216=ORIENTED_EDGE('',*,*,#3763,.F.);
#2217=ORIENTED_EDGE('',*,*,#3760,.F.);
#2218=ORIENTED_EDGE('',*,*,#3764,.T.);
#2219=ORIENTED_EDGE('',*,*,#3765,.T.);
#2220=ORIENTED_EDGE('',*,*,#3761,.T.);
#2221=ORIENTED_EDGE('',*,*,#3766,.T.);
#2222=ORIENTED_EDGE('',*,*,#3767,.T.);
#2223=ORIENTED_EDGE('',*,*,#3768,.T.);
#2224=ORIENTED_EDGE('',*,*,#3764,.F.);
#2225=ORIENTED_EDGE('',*,*,#3769,.T.);
#2226=ORIENTED_EDGE('',*,*,#3770,.T.);
#2227=ORIENTED_EDGE('',*,*,#3771,.T.);
#2228=ORIENTED_EDGE('',*,*,#3767,.F.);
#2229=ORIENTED_EDGE('',*,*,#3772,.T.);
#2230=ORIENTED_EDGE('',*,*,#3773,.T.);
#2231=ORIENTED_EDGE('',*,*,#3774,.T.);
#2232=ORIENTED_EDGE('',*,*,#3770,.F.);
#2233=ORIENTED_EDGE('',*,*,#3775,.T.);
#2234=ORIENTED_EDGE('',*,*,#3776,.T.);
#2235=ORIENTED_EDGE('',*,*,#3777,.T.);
#2236=ORIENTED_EDGE('',*,*,#3773,.F.);
#2237=ORIENTED_EDGE('',*,*,#3778,.T.);
#2238=ORIENTED_EDGE('',*,*,#3779,.T.);
#2239=ORIENTED_EDGE('',*,*,#3780,.T.);
#2240=ORIENTED_EDGE('',*,*,#3776,.F.);
#2241=ORIENTED_EDGE('',*,*,#3781,.T.);
#2242=ORIENTED_EDGE('',*,*,#3763,.T.);
#2243=ORIENTED_EDGE('',*,*,#3782,.F.);
#2244=ORIENTED_EDGE('',*,*,#3779,.F.);
#2245=ORIENTED_EDGE('',*,*,#3783,.F.);
#2246=ORIENTED_EDGE('',*,*,#3785,.F.);
#2247=ORIENTED_EDGE('',*,*,#3786,.F.);
#2248=ORIENTED_EDGE('',*,*,#3787,.F.);
#2249=ORIENTED_EDGE('',*,*,#3784,.F.);
#2250=ORIENTED_EDGE('',*,*,#3789,.F.);
#2251=ORIENTED_EDGE('',*,*,#3790,.F.);
#2252=ORIENTED_EDGE('',*,*,#3791,.F.);
#2253=ORIENTED_EDGE('',*,*,#3788,.F.);
#2254=ORIENTED_EDGE('',*,*,#3792,.T.);
#2255=ORIENTED_EDGE('',*,*,#3793,.T.);
#2256=ORIENTED_EDGE('',*,*,#3789,.T.);
#2257=ORIENTED_EDGE('',*,*,#3794,.T.);
#2258=ORIENTED_EDGE('',*,*,#3795,.T.);
#2259=ORIENTED_EDGE('',*,*,#3796,.T.);
#2260=ORIENTED_EDGE('',*,*,#3792,.F.);
#2261=ORIENTED_EDGE('',*,*,#3797,.T.);
#2262=ORIENTED_EDGE('',*,*,#3798,.T.);
#2263=ORIENTED_EDGE('',*,*,#3799,.T.);
#2264=ORIENTED_EDGE('',*,*,#3795,.F.);
#2265=ORIENTED_EDGE('',*,*,#3800,.T.);
#2266=ORIENTED_EDGE('',*,*,#3801,.T.);
#2267=ORIENTED_EDGE('',*,*,#3802,.T.);
#2268=ORIENTED_EDGE('',*,*,#3798,.F.);
#2269=ORIENTED_EDGE('',*,*,#3803,.T.);
#2270=ORIENTED_EDGE('',*,*,#3804,.T.);
#2271=ORIENTED_EDGE('',*,*,#3805,.T.);
#2272=ORIENTED_EDGE('',*,*,#3801,.F.);
#2273=ORIENTED_EDGE('',*,*,#3806,.T.);
#2274=ORIENTED_EDGE('',*,*,#3807,.T.);
#2275=ORIENTED_EDGE('',*,*,#3808,.T.);
#2276=ORIENTED_EDGE('',*,*,#3804,.F.);
#2277=ORIENTED_EDGE('',*,*,#3809,.T.);
#2278=ORIENTED_EDGE('',*,*,#3791,.T.);
#2279=ORIENTED_EDGE('',*,*,#3810,.T.);
#2280=ORIENTED_EDGE('',*,*,#3807,.F.);
#2281=ORIENTED_EDGE('',*,*,#3811,.T.);
#2282=ORIENTED_EDGE('',*,*,#3813,.F.);
#2283=ORIENTED_EDGE('',*,*,#3814,.F.);
#2284=ORIENTED_EDGE('',*,*,#3815,.F.);
#2285=ORIENTED_EDGE('',*,*,#3812,.F.);
#2286=ORIENTED_EDGE('',*,*,#3816,.T.);
#2287=ORIENTED_EDGE('',*,*,#3817,.T.);
#2288=ORIENTED_EDGE('',*,*,#3813,.T.);
#2289=ORIENTED_EDGE('',*,*,#3818,.T.);
#2290=ORIENTED_EDGE('',*,*,#3819,.T.);
#2291=ORIENTED_EDGE('',*,*,#3820,.T.);
#2292=ORIENTED_EDGE('',*,*,#3816,.F.);
#2293=ORIENTED_EDGE('',*,*,#3821,.T.);
#2294=ORIENTED_EDGE('',*,*,#3822,.T.);
#2295=ORIENTED_EDGE('',*,*,#3823,.T.);
#2296=ORIENTED_EDGE('',*,*,#3819,.F.);
#2297=ORIENTED_EDGE('',*,*,#3824,.T.);
#2298=ORIENTED_EDGE('',*,*,#3825,.T.);
#2299=ORIENTED_EDGE('',*,*,#3826,.T.);
#2300=ORIENTED_EDGE('',*,*,#3822,.F.);
#2301=ORIENTED_EDGE('',*,*,#3827,.T.);
#2302=ORIENTED_EDGE('',*,*,#3828,.T.);
#2303=ORIENTED_EDGE('',*,*,#3829,.T.);
#2304=ORIENTED_EDGE('',*,*,#3825,.F.);
#2305=ORIENTED_EDGE('',*,*,#3830,.T.);
#2306=ORIENTED_EDGE('',*,*,#3831,.T.);
#2307=ORIENTED_EDGE('',*,*,#3832,.T.);
#2308=ORIENTED_EDGE('',*,*,#3828,.F.);
#2309=ORIENTED_EDGE('',*,*,#3833,.T.);
#2310=ORIENTED_EDGE('',*,*,#3815,.T.);
#2311=ORIENTED_EDGE('',*,*,#3834,.F.);
#2312=ORIENTED_EDGE('',*,*,#3831,.F.);
#2313=ORIENTED_EDGE('',*,*,#3835,.F.);
#2314=ORIENTED_EDGE('',*,*,#3837,.F.);
#2315=ORIENTED_EDGE('',*,*,#3838,.F.);
#2316=ORIENTED_EDGE('',*,*,#3839,.F.);
#2317=ORIENTED_EDGE('',*,*,#3836,.F.);
#2318=ORIENTED_EDGE('',*,*,#3840,.T.);
#2319=ORIENTED_EDGE('',*,*,#3841,.T.);
#2320=ORIENTED_EDGE('',*,*,#3837,.T.);
#2321=ORIENTED_EDGE('',*,*,#3842,.T.);
#2322=ORIENTED_EDGE('',*,*,#3843,.T.);
#2323=ORIENTED_EDGE('',*,*,#3844,.T.);
#2324=ORIENTED_EDGE('',*,*,#3840,.F.);
#2325=ORIENTED_EDGE('',*,*,#3845,.T.);
#2326=ORIENTED_EDGE('',*,*,#3846,.T.);
#2327=ORIENTED_EDGE('',*,*,#3847,.T.);
#2328=ORIENTED_EDGE('',*,*,#3843,.F.);
#2329=ORIENTED_EDGE('',*,*,#3848,.T.);
#2330=ORIENTED_EDGE('',*,*,#3849,.T.);
#2331=ORIENTED_EDGE('',*,*,#3850,.T.);
#2332=ORIENTED_EDGE('',*,*,#3846,.F.);
#2333=ORIENTED_EDGE('',*,*,#3851,.T.);
#2334=ORIENTED_EDGE('',*,*,#3852,.T.);
#2335=ORIENTED_EDGE('',*,*,#3853,.T.);
#2336=ORIENTED_EDGE('',*,*,#3849,.F.);
#2337=ORIENTED_EDGE('',*,*,#3854,.T.);
#2338=ORIENTED_EDGE('',*,*,#3855,.T.);
#2339=ORIENTED_EDGE('',*,*,#3856,.T.);
#2340=ORIENTED_EDGE('',*,*,#3852,.F.);
#2341=ORIENTED_EDGE('',*,*,#3857,.T.);
#2342=ORIENTED_EDGE('',*,*,#3839,.T.);
#2343=ORIENTED_EDGE('',*,*,#3858,.F.);
#2344=ORIENTED_EDGE('',*,*,#3855,.F.);
#2345=ORIENTED_EDGE('',*,*,#3859,.F.);
#2346=ORIENTED_EDGE('',*,*,#3861,.F.);
#2347=ORIENTED_EDGE('',*,*,#3862,.F.);
#2348=ORIENTED_EDGE('',*,*,#3863,.F.);
#2349=ORIENTED_EDGE('',*,*,#3860,.F.);
#2350=ORIENTED_EDGE('',*,*,#3865,.F.);
#2351=ORIENTED_EDGE('',*,*,#3866,.F.);
#2352=ORIENTED_EDGE('',*,*,#3867,.F.);
#2353=ORIENTED_EDGE('',*,*,#3864,.F.);
#2354=ORIENTED_EDGE('',*,*,#3868,.T.);
#2355=ORIENTED_EDGE('',*,*,#3869,.T.);
#2356=ORIENTED_EDGE('',*,*,#3865,.T.);
#2357=ORIENTED_EDGE('',*,*,#3870,.T.);
#2358=ORIENTED_EDGE('',*,*,#3871,.T.);
#2359=ORIENTED_EDGE('',*,*,#3872,.T.);
#2360=ORIENTED_EDGE('',*,*,#3868,.F.);
#2361=ORIENTED_EDGE('',*,*,#3873,.T.);
#2362=ORIENTED_EDGE('',*,*,#3874,.T.);
#2363=ORIENTED_EDGE('',*,*,#3875,.T.);
#2364=ORIENTED_EDGE('',*,*,#3871,.F.);
#2365=ORIENTED_EDGE('',*,*,#3876,.T.);
#2366=ORIENTED_EDGE('',*,*,#3877,.T.);
#2367=ORIENTED_EDGE('',*,*,#3878,.T.);
#2368=ORIENTED_EDGE('',*,*,#3874,.F.);
#2369=ORIENTED_EDGE('',*,*,#3879,.T.);
#2370=ORIENTED_EDGE('',*,*,#3880,.T.);
#2371=ORIENTED_EDGE('',*,*,#3881,.T.);
#2372=ORIENTED_EDGE('',*,*,#3877,.F.);
#2373=ORIENTED_EDGE('',*,*,#3882,.T.);
#2374=ORIENTED_EDGE('',*,*,#3883,.T.);
#2375=ORIENTED_EDGE('',*,*,#3884,.T.);
#2376=ORIENTED_EDGE('',*,*,#3880,.F.);
#2377=ORIENTED_EDGE('',*,*,#3885,.T.);
#2378=ORIENTED_EDGE('',*,*,#3867,.T.);
#2379=ORIENTED_EDGE('',*,*,#3886,.T.);
#2380=ORIENTED_EDGE('',*,*,#3883,.F.);
#2381=ORIENTED_EDGE('',*,*,#3887,.T.);
#2382=ORIENTED_EDGE('',*,*,#3889,.F.);
#2383=ORIENTED_EDGE('',*,*,#3890,.F.);
#2384=ORIENTED_EDGE('',*,*,#3891,.F.);
#2385=ORIENTED_EDGE('',*,*,#3888,.F.);
#2386=ORIENTED_EDGE('',*,*,#3892,.T.);
#2387=ORIENTED_EDGE('',*,*,#3893,.T.);
#2388=ORIENTED_EDGE('',*,*,#3889,.T.);
#2389=ORIENTED_EDGE('',*,*,#3894,.T.);
#2390=ORIENTED_EDGE('',*,*,#3895,.T.);
#2391=ORIENTED_EDGE('',*,*,#3896,.T.);
#2392=ORIENTED_EDGE('',*,*,#3892,.F.);
#2393=ORIENTED_EDGE('',*,*,#3897,.T.);
#2394=ORIENTED_EDGE('',*,*,#3898,.T.);
#2395=ORIENTED_EDGE('',*,*,#3899,.T.);
#2396=ORIENTED_EDGE('',*,*,#3895,.F.);
#2397=ORIENTED_EDGE('',*,*,#3900,.T.);
#2398=ORIENTED_EDGE('',*,*,#3901,.T.);
#2399=ORIENTED_EDGE('',*,*,#3902,.T.);
#2400=ORIENTED_EDGE('',*,*,#3898,.F.);
#2401=ORIENTED_EDGE('',*,*,#3903,.T.);
#2402=ORIENTED_EDGE('',*,*,#3904,.T.);
#2403=ORIENTED_EDGE('',*,*,#3905,.T.);
#2404=ORIENTED_EDGE('',*,*,#3901,.F.);
#2405=ORIENTED_EDGE('',*,*,#3906,.T.);
#2406=ORIENTED_EDGE('',*,*,#3907,.T.);
#2407=ORIENTED_EDGE('',*,*,#3908,.T.);
#2408=ORIENTED_EDGE('',*,*,#3904,.F.);
#2409=ORIENTED_EDGE('',*,*,#3909,.T.);
#2410=ORIENTED_EDGE('',*,*,#3891,.T.);
#2411=ORIENTED_EDGE('',*,*,#3910,.T.);
#2412=ORIENTED_EDGE('',*,*,#3907,.F.);
#2413=ORIENTED_EDGE('',*,*,#3911,.T.);
#2414=ORIENTED_EDGE('',*,*,#3913,.F.);
#2415=ORIENTED_EDGE('',*,*,#3914,.F.);
#2416=ORIENTED_EDGE('',*,*,#3915,.F.);
#2417=ORIENTED_EDGE('',*,*,#3912,.F.);
#2418=ORIENTED_EDGE('',*,*,#3916,.T.);
#2419=ORIENTED_EDGE('',*,*,#3917,.T.);
#2420=ORIENTED_EDGE('',*,*,#3913,.T.);
#2421=ORIENTED_EDGE('',*,*,#3918,.T.);
#2422=ORIENTED_EDGE('',*,*,#3919,.T.);
#2423=ORIENTED_EDGE('',*,*,#3920,.T.);
#2424=ORIENTED_EDGE('',*,*,#3916,.F.);
#2425=ORIENTED_EDGE('',*,*,#3921,.T.);
#2426=ORIENTED_EDGE('',*,*,#3922,.T.);
#2427=ORIENTED_EDGE('',*,*,#3923,.T.);
#2428=ORIENTED_EDGE('',*,*,#3919,.F.);
#2429=ORIENTED_EDGE('',*,*,#3924,.T.);
#2430=ORIENTED_EDGE('',*,*,#3925,.T.);
#2431=ORIENTED_EDGE('',*,*,#3926,.T.);
#2432=ORIENTED_EDGE('',*,*,#3922,.F.);
#2433=ORIENTED_EDGE('',*,*,#3927,.T.);
#2434=ORIENTED_EDGE('',*,*,#3928,.T.);
#2435=ORIENTED_EDGE('',*,*,#3929,.T.);
#2436=ORIENTED_EDGE('',*,*,#3925,.F.);
#2437=ORIENTED_EDGE('',*,*,#3930,.T.);
#2438=ORIENTED_EDGE('',*,*,#3931,.T.);
#2439=ORIENTED_EDGE('',*,*,#3932,.T.);
#2440=ORIENTED_EDGE('',*,*,#3928,.F.);
#2441=ORIENTED_EDGE('',*,*,#3933,.T.);
#2442=ORIENTED_EDGE('',*,*,#3915,.T.);
#2443=ORIENTED_EDGE('',*,*,#3934,.F.);
#2444=ORIENTED_EDGE('',*,*,#3931,.F.);
#2445=ORIENTED_EDGE('',*,*,#3935,.F.);
#2446=ORIENTED_EDGE('',*,*,#3937,.F.);
#2447=ORIENTED_EDGE('',*,*,#3938,.F.);
#2448=ORIENTED_EDGE('',*,*,#3939,.F.);
#2449=ORIENTED_EDGE('',*,*,#3936,.F.);
#2450=ORIENTED_EDGE('',*,*,#3940,.T.);
#2451=ORIENTED_EDGE('',*,*,#3941,.T.);
#2452=ORIENTED_EDGE('',*,*,#3937,.T.);
#2453=ORIENTED_EDGE('',*,*,#3942,.T.);
#2454=ORIENTED_EDGE('',*,*,#3943,.T.);
#2455=ORIENTED_EDGE('',*,*,#3944,.T.);
#2456=ORIENTED_EDGE('',*,*,#3940,.F.);
#2457=ORIENTED_EDGE('',*,*,#3945,.T.);
#2458=ORIENTED_EDGE('',*,*,#3946,.T.);
#2459=ORIENTED_EDGE('',*,*,#3947,.T.);
#2460=ORIENTED_EDGE('',*,*,#3943,.F.);
#2461=ORIENTED_EDGE('',*,*,#3948,.T.);
#2462=ORIENTED_EDGE('',*,*,#3949,.T.);
#2463=ORIENTED_EDGE('',*,*,#3950,.T.);
#2464=ORIENTED_EDGE('',*,*,#3946,.F.);
#2465=ORIENTED_EDGE('',*,*,#3951,.T.);
#2466=ORIENTED_EDGE('',*,*,#3952,.T.);
#2467=ORIENTED_EDGE('',*,*,#3953,.T.);
#2468=ORIENTED_EDGE('',*,*,#3949,.F.);
#2469=ORIENTED_EDGE('',*,*,#3954,.T.);
#2470=ORIENTED_EDGE('',*,*,#3955,.T.);
#2471=ORIENTED_EDGE('',*,*,#3956,.T.);
#2472=ORIENTED_EDGE('',*,*,#3952,.F.);
#2473=ORIENTED_EDGE('',*,*,#3957,.T.);
#2474=ORIENTED_EDGE('',*,*,#3939,.T.);
#2475=ORIENTED_EDGE('',*,*,#3958,.T.);
#2476=ORIENTED_EDGE('',*,*,#3955,.F.);
#2477=ORIENTED_EDGE('',*,*,#3959,.T.);
#2478=ORIENTED_EDGE('',*,*,#3965,.F.);
#2479=ORIENTED_EDGE('',*,*,#3961,.F.);
#2480=ORIENTED_EDGE('',*,*,#3963,.T.);
#2481=ORIENTED_EDGE('',*,*,#3972,.T.);
#2482=ORIENTED_EDGE('',*,*,#3971,.T.);
#2483=ORIENTED_EDGE('',*,*,#3965,.T.);
#2484=ORIENTED_EDGE('',*,*,#3964,.F.);
#2485=ORIENTED_EDGE('',*,*,#3962,.F.);
#2486=ORIENTED_EDGE('',*,*,#3963,.F.);
#2487=ORIENTED_EDGE('',*,*,#3960,.F.);
#2488=ORIENTED_EDGE('',*,*,#3711,.T.);
#2489=ORIENTED_EDGE('',*,*,#3966,.T.);
#2490=ORIENTED_EDGE('',*,*,#3606,.T.);
#2491=ORIENTED_EDGE('',*,*,#4042,.F.);
#2492=ORIENTED_EDGE('',*,*,#3863,.T.);
#2493=ORIENTED_EDGE('',*,*,#4036,.F.);
#2494=ORIENTED_EDGE('',*,*,#3787,.T.);
#2495=ORIENTED_EDGE('',*,*,#3967,.T.);
#2496=ORIENTED_EDGE('',*,*,#3968,.T.);
#2497=ORIENTED_EDGE('',*,*,#3969,.T.);
#2498=ORIENTED_EDGE('',*,*,#3956,.F.);
#2499=ORIENTED_EDGE('',*,*,#3958,.F.);
#2500=ORIENTED_EDGE('',*,*,#3938,.T.);
#2501=ORIENTED_EDGE('',*,*,#3941,.F.);
#2502=ORIENTED_EDGE('',*,*,#3944,.F.);
#2503=ORIENTED_EDGE('',*,*,#3947,.F.);
#2504=ORIENTED_EDGE('',*,*,#3950,.F.);
#2505=ORIENTED_EDGE('',*,*,#3953,.F.);
#2506=ORIENTED_EDGE('',*,*,#3932,.F.);
#2507=ORIENTED_EDGE('',*,*,#3934,.T.);
#2508=ORIENTED_EDGE('',*,*,#3914,.T.);
#2509=ORIENTED_EDGE('',*,*,#3917,.F.);
#2510=ORIENTED_EDGE('',*,*,#3920,.F.);
#2511=ORIENTED_EDGE('',*,*,#3923,.F.);
#2512=ORIENTED_EDGE('',*,*,#3926,.F.);
#2513=ORIENTED_EDGE('',*,*,#3929,.F.);
#2514=ORIENTED_EDGE('',*,*,#3908,.F.);
#2515=ORIENTED_EDGE('',*,*,#3910,.F.);
#2516=ORIENTED_EDGE('',*,*,#3890,.T.);
#2517=ORIENTED_EDGE('',*,*,#3893,.F.);
#2518=ORIENTED_EDGE('',*,*,#3896,.F.);
#2519=ORIENTED_EDGE('',*,*,#3899,.F.);
#2520=ORIENTED_EDGE('',*,*,#3902,.F.);
#2521=ORIENTED_EDGE('',*,*,#3905,.F.);
#2522=ORIENTED_EDGE('',*,*,#3884,.F.);
#2523=ORIENTED_EDGE('',*,*,#3886,.F.);
#2524=ORIENTED_EDGE('',*,*,#3866,.T.);
#2525=ORIENTED_EDGE('',*,*,#3869,.F.);
#2526=ORIENTED_EDGE('',*,*,#3872,.F.);
#2527=ORIENTED_EDGE('',*,*,#3875,.F.);
#2528=ORIENTED_EDGE('',*,*,#3878,.F.);
#2529=ORIENTED_EDGE('',*,*,#3881,.F.);
#2530=ORIENTED_EDGE('',*,*,#3856,.F.);
#2531=ORIENTED_EDGE('',*,*,#3858,.T.);
#2532=ORIENTED_EDGE('',*,*,#3838,.T.);
#2533=ORIENTED_EDGE('',*,*,#3841,.F.);
#2534=ORIENTED_EDGE('',*,*,#3844,.F.);
#2535=ORIENTED_EDGE('',*,*,#3847,.F.);
#2536=ORIENTED_EDGE('',*,*,#3850,.F.);
#2537=ORIENTED_EDGE('',*,*,#3853,.F.);
#2538=ORIENTED_EDGE('',*,*,#3832,.F.);
#2539=ORIENTED_EDGE('',*,*,#3834,.T.);
#2540=ORIENTED_EDGE('',*,*,#3814,.T.);
#2541=ORIENTED_EDGE('',*,*,#3817,.F.);
#2542=ORIENTED_EDGE('',*,*,#3820,.F.);
#2543=ORIENTED_EDGE('',*,*,#3823,.F.);
#2544=ORIENTED_EDGE('',*,*,#3826,.F.);
#2545=ORIENTED_EDGE('',*,*,#3829,.F.);
#2546=ORIENTED_EDGE('',*,*,#3808,.F.);
#2547=ORIENTED_EDGE('',*,*,#3810,.F.);
#2548=ORIENTED_EDGE('',*,*,#3790,.T.);
#2549=ORIENTED_EDGE('',*,*,#3793,.F.);
#2550=ORIENTED_EDGE('',*,*,#3796,.F.);
#2551=ORIENTED_EDGE('',*,*,#3799,.F.);
#2552=ORIENTED_EDGE('',*,*,#3802,.F.);
#2553=ORIENTED_EDGE('',*,*,#3805,.F.);
#2554=ORIENTED_EDGE('',*,*,#3780,.F.);
#2555=ORIENTED_EDGE('',*,*,#3782,.T.);
#2556=ORIENTED_EDGE('',*,*,#3762,.T.);
#2557=ORIENTED_EDGE('',*,*,#3765,.F.);
#2558=ORIENTED_EDGE('',*,*,#3768,.F.);
#2559=ORIENTED_EDGE('',*,*,#3771,.F.);
#2560=ORIENTED_EDGE('',*,*,#3774,.F.);
#2561=ORIENTED_EDGE('',*,*,#3777,.F.);
#2562=ORIENTED_EDGE('',*,*,#3756,.F.);
#2563=ORIENTED_EDGE('',*,*,#3758,.T.);
#2564=ORIENTED_EDGE('',*,*,#3738,.T.);
#2565=ORIENTED_EDGE('',*,*,#3741,.F.);
#2566=ORIENTED_EDGE('',*,*,#3744,.F.);
#2567=ORIENTED_EDGE('',*,*,#3747,.F.);
#2568=ORIENTED_EDGE('',*,*,#3750,.F.);
#2569=ORIENTED_EDGE('',*,*,#3753,.F.);
#2570=ORIENTED_EDGE('',*,*,#3732,.F.);
#2571=ORIENTED_EDGE('',*,*,#3734,.F.);
#2572=ORIENTED_EDGE('',*,*,#3714,.T.);
#2573=ORIENTED_EDGE('',*,*,#3717,.F.);
#2574=ORIENTED_EDGE('',*,*,#3720,.F.);
#2575=ORIENTED_EDGE('',*,*,#3723,.F.);
#2576=ORIENTED_EDGE('',*,*,#3726,.F.);
#2577=ORIENTED_EDGE('',*,*,#3729,.F.);
#2578=ORIENTED_EDGE('',*,*,#3704,.F.);
#2579=ORIENTED_EDGE('',*,*,#3706,.T.);
#2580=ORIENTED_EDGE('',*,*,#3686,.T.);
#2581=ORIENTED_EDGE('',*,*,#3689,.F.);
#2582=ORIENTED_EDGE('',*,*,#3692,.F.);
#2583=ORIENTED_EDGE('',*,*,#3695,.F.);
#2584=ORIENTED_EDGE('',*,*,#3698,.F.);
#2585=ORIENTED_EDGE('',*,*,#3701,.F.);
#2586=ORIENTED_EDGE('',*,*,#3680,.F.);
#2587=ORIENTED_EDGE('',*,*,#3682,.T.);
#2588=ORIENTED_EDGE('',*,*,#3662,.T.);
#2589=ORIENTED_EDGE('',*,*,#3665,.F.);
#2590=ORIENTED_EDGE('',*,*,#3668,.F.);
#2591=ORIENTED_EDGE('',*,*,#3671,.F.);
#2592=ORIENTED_EDGE('',*,*,#3674,.F.);
#2593=ORIENTED_EDGE('',*,*,#3677,.F.);
#2594=ORIENTED_EDGE('',*,*,#3973,.T.);
#2595=ORIENTED_EDGE('',*,*,#3969,.F.);
#2596=ORIENTED_EDGE('',*,*,#3970,.T.);
#2597=ORIENTED_EDGE('',*,*,#3964,.T.);
#2598=ORIENTED_EDGE('',*,*,#3971,.F.);
#2599=ORIENTED_EDGE('',*,*,#3973,.F.);
#2600=ORIENTED_EDGE('',*,*,#3972,.F.);
#2601=ORIENTED_EDGE('',*,*,#3962,.T.);
#2602=ORIENTED_EDGE('',*,*,#3970,.F.);
#2603=ORIENTED_EDGE('',*,*,#3968,.F.);
#2604=ORIENTED_EDGE('',*,*,#4009,.T.);
#2605=ORIENTED_EDGE('',*,*,#3974,.T.);
#2606=ORIENTED_EDGE('',*,*,#3511,.F.);
#2607=ORIENTED_EDGE('',*,*,#3975,.T.);
#2608=ORIENTED_EDGE('',*,*,#3987,.T.);
#2609=ORIENTED_EDGE('',*,*,#3462,.F.);
#2610=ORIENTED_EDGE('',*,*,#3493,.F.);
#2611=ORIENTED_EDGE('',*,*,#3976,.T.);
#2612=ORIENTED_EDGE('',*,*,#3977,.T.);
#2613=ORIENTED_EDGE('',*,*,#3976,.F.);
#2614=ORIENTED_EDGE('',*,*,#3978,.F.);
#2615=ORIENTED_EDGE('',*,*,#3451,.F.);
#2616=ORIENTED_EDGE('',*,*,#3979,.T.);
#2617=ORIENTED_EDGE('',*,*,#3980,.T.);
#2618=ORIENTED_EDGE('',*,*,#3457,.F.);
#2619=ORIENTED_EDGE('',*,*,#3981,.T.);
#2620=ORIENTED_EDGE('',*,*,#3982,.T.);
#2621=ORIENTED_EDGE('',*,*,#4091,.T.);
#2622=ORIENTED_EDGE('',*,*,#3983,.T.);
#2623=ORIENTED_EDGE('',*,*,#3466,.F.);
#2624=ORIENTED_EDGE('',*,*,#3984,.T.);
#2625=ORIENTED_EDGE('',*,*,#3985,.T.);
#2626=ORIENTED_EDGE('',*,*,#4130,.T.);
#2627=ORIENTED_EDGE('',*,*,#3986,.T.);
#2628=ORIENTED_EDGE('',*,*,#3453,.F.);
#2629=ORIENTED_EDGE('',*,*,#3980,.F.);
#2630=ORIENTED_EDGE('',*,*,#3460,.F.);
#2631=ORIENTED_EDGE('',*,*,#3987,.F.);
#2632=ORIENTED_EDGE('',*,*,#4084,.T.);
#2633=ORIENTED_EDGE('',*,*,#3981,.F.);
#2634=ORIENTED_EDGE('',*,*,#3988,.T.);
#2635=ORIENTED_EDGE('',*,*,#3989,.T.);
#2636=ORIENTED_EDGE('',*,*,#3469,.F.);
#2637=ORIENTED_EDGE('',*,*,#3983,.F.);
#2638=ORIENTED_EDGE('',*,*,#3990,.T.);
#2639=ORIENTED_EDGE('',*,*,#3485,.F.);
#2640=ORIENTED_EDGE('',*,*,#3989,.F.);
#2641=ORIENTED_EDGE('',*,*,#3991,.T.);
#2642=ORIENTED_EDGE('',*,*,#3990,.F.);
#2643=ORIENTED_EDGE('',*,*,#4096,.T.);
#2644=ORIENTED_EDGE('',*,*,#3993,.T.);
#2645=ORIENTED_EDGE('',*,*,#3494,.F.);
#2646=ORIENTED_EDGE('',*,*,#3992,.T.);
#2647=ORIENTED_EDGE('',*,*,#3497,.F.);
#2648=ORIENTED_EDGE('',*,*,#3993,.F.);
#2649=ORIENTED_EDGE('',*,*,#3994,.T.);
#2650=ORIENTED_EDGE('',*,*,#3482,.F.);
#2651=ORIENTED_EDGE('',*,*,#3992,.F.);
#2652=ORIENTED_EDGE('',*,*,#3995,.T.);
#2653=ORIENTED_EDGE('',*,*,#3996,.T.);
#2654=ORIENTED_EDGE('',*,*,#4102,.T.);
#2655=ORIENTED_EDGE('',*,*,#3997,.T.);
#2656=ORIENTED_EDGE('',*,*,#3479,.F.);
#2657=ORIENTED_EDGE('',*,*,#3996,.F.);
#2658=ORIENTED_EDGE('',*,*,#3998,.F.);
#2659=ORIENTED_EDGE('',*,*,#3999,.F.);
#2660=ORIENTED_EDGE('',*,*,#3442,.T.);
#2661=ORIENTED_EDGE('',*,*,#3997,.F.);
#2662=ORIENTED_EDGE('',*,*,#3443,.F.);
#2663=ORIENTED_EDGE('',*,*,#3999,.T.);
#2664=ORIENTED_EDGE('',*,*,#4108,.T.);
#2665=ORIENTED_EDGE('',*,*,#4000,.T.);
#2666=ORIENTED_EDGE('',*,*,#4001,.T.);
#2667=ORIENTED_EDGE('',*,*,#4002,.T.);
#2668=ORIENTED_EDGE('',*,*,#3488,.F.);
#2669=ORIENTED_EDGE('',*,*,#4000,.F.);
#2670=ORIENTED_EDGE('',*,*,#4003,.T.);
#2671=ORIENTED_EDGE('',*,*,#4004,.T.);
#2672=ORIENTED_EDGE('',*,*,#4002,.F.);
#2673=ORIENTED_EDGE('',*,*,#4005,.T.);
#2674=ORIENTED_EDGE('',*,*,#3446,.F.);
#2675=ORIENTED_EDGE('',*,*,#4003,.F.);
#2676=ORIENTED_EDGE('',*,*,#4114,.T.);
#2677=ORIENTED_EDGE('',*,*,#4006,.T.);
#2678=ORIENTED_EDGE('',*,*,#3450,.F.);
#2679=ORIENTED_EDGE('',*,*,#4006,.F.);
#2680=ORIENTED_EDGE('',*,*,#4007,.T.);
#2681=ORIENTED_EDGE('',*,*,#4008,.T.);
#2682=ORIENTED_EDGE('',*,*,#4082,.F.);
#2683=ORIENTED_EDGE('',*,*,#4009,.F.);
#2684=ORIENTED_EDGE('',*,*,#3977,.F.);
#2685=ORIENTED_EDGE('',*,*,#4008,.F.);
#2686=ORIENTED_EDGE('',*,*,#3984,.F.);
#2687=ORIENTED_EDGE('',*,*,#3465,.T.);
#2688=ORIENTED_EDGE('',*,*,#3986,.F.);
#2689=ORIENTED_EDGE('',*,*,#4011,.F.);
#2690=ORIENTED_EDGE('',*,*,#3985,.F.);
#2691=ORIENTED_EDGE('',*,*,#3979,.F.);
#2692=ORIENTED_EDGE('',*,*,#4010,.F.);
#2693=ORIENTED_EDGE('',*,*,#4012,.T.);
#2694=ORIENTED_EDGE('',*,*,#3475,.F.);
#2695=ORIENTED_EDGE('',*,*,#3492,.F.);
#2696=ORIENTED_EDGE('',*,*,#4013,.T.);
#2697=ORIENTED_EDGE('',*,*,#4014,.F.);
#2698=ORIENTED_EDGE('',*,*,#4013,.F.);
#2699=ORIENTED_EDGE('',*,*,#4015,.F.);
#2700=ORIENTED_EDGE('',*,*,#3477,.F.);
#2701=ORIENTED_EDGE('',*,*,#4122,.T.);
#2702=ORIENTED_EDGE('',*,*,#4016,.T.);
#2703=ORIENTED_EDGE('',*,*,#3472,.F.);
#2704=ORIENTED_EDGE('',*,*,#4017,.T.);
#2705=ORIENTED_EDGE('',*,*,#4018,.T.);
#2706=ORIENTED_EDGE('',*,*,#4019,.T.);
#2707=ORIENTED_EDGE('',*,*,#3476,.F.);
#2708=ORIENTED_EDGE('',*,*,#4016,.F.);
#2709=ORIENTED_EDGE('',*,*,#4125,.T.);
#2710=ORIENTED_EDGE('',*,*,#4020,.T.);
#2711=ORIENTED_EDGE('',*,*,#4014,.T.);
#2712=ORIENTED_EDGE('',*,*,#4019,.F.);
#2713=ORIENTED_EDGE('',*,*,#4012,.F.);
#2714=ORIENTED_EDGE('',*,*,#4020,.F.);
#2715=ORIENTED_EDGE('',*,*,#4119,.F.);
#2716=ORIENTED_EDGE('',*,*,#4017,.F.);
#2717=ORIENTED_EDGE('',*,*,#4021,.T.);
#2718=ORIENTED_EDGE('',*,*,#3607,.F.);
#2719=ORIENTED_EDGE('',*,*,#3603,.T.);
#2720=ORIENTED_EDGE('',*,*,#3966,.F.);
#2721=ORIENTED_EDGE('',*,*,#3710,.T.);
#2722=ORIENTED_EDGE('',*,*,#4022,.T.);
#2723=ORIENTED_EDGE('',*,*,#4023,.T.);
#2724=ORIENTED_EDGE('',*,*,#4024,.T.);
#2725=ORIENTED_EDGE('',*,*,#4025,.T.);
#2726=ORIENTED_EDGE('',*,*,#4028,.T.);
#2727=ORIENTED_EDGE('',*,*,#4022,.F.);
#2728=ORIENTED_EDGE('',*,*,#3709,.T.);
#2729=ORIENTED_EDGE('',*,*,#3597,.T.);
#2730=ORIENTED_EDGE('',*,*,#3598,.T.);
#2731=ORIENTED_EDGE('',*,*,#4027,.F.);
#2732=ORIENTED_EDGE('',*,*,#4023,.F.);
#2733=ORIENTED_EDGE('',*,*,#4028,.F.);
#2734=ORIENTED_EDGE('',*,*,#4026,.F.);
#2735=ORIENTED_EDGE('',*,*,#4029,.T.);
#2736=ORIENTED_EDGE('',*,*,#4030,.T.);
#2737=ORIENTED_EDGE('',*,*,#4026,.T.);
#2738=ORIENTED_EDGE('',*,*,#4025,.F.);
#2739=ORIENTED_EDGE('',*,*,#3708,.T.);
#2740=ORIENTED_EDGE('',*,*,#3967,.F.);
#2741=ORIENTED_EDGE('',*,*,#3786,.T.);
#2742=ORIENTED_EDGE('',*,*,#3657,.F.);
#2743=ORIENTED_EDGE('',*,*,#4032,.F.);
#2744=ORIENTED_EDGE('',*,*,#4029,.F.);
#2745=ORIENTED_EDGE('',*,*,#4033,.F.);
#2746=ORIENTED_EDGE('',*,*,#4031,.F.);
#2747=ORIENTED_EDGE('',*,*,#4034,.T.);
#2748=ORIENTED_EDGE('',*,*,#4035,.T.);
#2749=ORIENTED_EDGE('',*,*,#4031,.T.);
#2750=ORIENTED_EDGE('',*,*,#3656,.F.);
#2751=ORIENTED_EDGE('',*,*,#3784,.T.);
#2752=ORIENTED_EDGE('',*,*,#4036,.T.);
#2753=ORIENTED_EDGE('',*,*,#3862,.T.);
#2754=ORIENTED_EDGE('',*,*,#3653,.F.);
#2755=ORIENTED_EDGE('',*,*,#4038,.F.);
#2756=ORIENTED_EDGE('',*,*,#4034,.F.);
#2757=ORIENTED_EDGE('',*,*,#4039,.F.);
#2758=ORIENTED_EDGE('',*,*,#4037,.F.);
#2759=ORIENTED_EDGE('',*,*,#4040,.T.);
#2760=ORIENTED_EDGE('',*,*,#4041,.T.);
#2761=ORIENTED_EDGE('',*,*,#4037,.T.);
#2762=ORIENTED_EDGE('',*,*,#3652,.F.);
#2763=ORIENTED_EDGE('',*,*,#3860,.T.);
#2764=ORIENTED_EDGE('',*,*,#4042,.T.);
#2765=ORIENTED_EDGE('',*,*,#3605,.T.);
#2766=ORIENTED_EDGE('',*,*,#3608,.F.);
#2767=ORIENTED_EDGE('',*,*,#4043,.F.);
#2768=ORIENTED_EDGE('',*,*,#4040,.F.);
#2769=ORIENTED_EDGE('',*,*,#4044,.F.);
#2770=ORIENTED_EDGE('',*,*,#4021,.F.);
#2771=ORIENTED_EDGE('',*,*,#4045,.T.);
#2772=ORIENTED_EDGE('',*,*,#3634,.F.);
#2773=ORIENTED_EDGE('',*,*,#4046,.F.);
#2774=ORIENTED_EDGE('',*,*,#3631,.F.);
#2775=ORIENTED_EDGE('',*,*,#4047,.F.);
#2776=ORIENTED_EDGE('',*,*,#4048,.T.);
#2777=ORIENTED_EDGE('',*,*,#4049,.F.);
#2778=ORIENTED_EDGE('',*,*,#4050,.T.);
#2779=ORIENTED_EDGE('',*,*,#4051,.T.);
#2780=ORIENTED_EDGE('',*,*,#4052,.T.);
#2781=ORIENTED_EDGE('',*,*,#4053,.F.);
#2782=ORIENTED_EDGE('',*,*,#3628,.F.);
#2783=ORIENTED_EDGE('',*,*,#4054,.F.);
#2784=ORIENTED_EDGE('',*,*,#3619,.F.);
#2785=ORIENTED_EDGE('',*,*,#4055,.F.);
#2786=ORIENTED_EDGE('',*,*,#3632,.F.);
#2787=ORIENTED_EDGE('',*,*,#4056,.T.);
#2788=ORIENTED_EDGE('',*,*,#3637,.F.);
#2789=ORIENTED_EDGE('',*,*,#4052,.F.);
#2790=ORIENTED_EDGE('',*,*,#4057,.T.);
#2791=ORIENTED_EDGE('',*,*,#4058,.T.);
#2792=ORIENTED_EDGE('',*,*,#3588,.F.);
#2793=ORIENTED_EDGE('',*,*,#4059,.F.);
#2794=ORIENTED_EDGE('',*,*,#4060,.T.);
#2795=ORIENTED_EDGE('',*,*,#4061,.F.);
#2796=ORIENTED_EDGE('',*,*,#3645,.F.);
#2797=ORIENTED_EDGE('',*,*,#4062,.F.);
#2798=ORIENTED_EDGE('',*,*,#4056,.F.);
#2799=ORIENTED_EDGE('',*,*,#4063,.T.);
#2800=ORIENTED_EDGE('',*,*,#4065,.T.);
#2801=ORIENTED_EDGE('',*,*,#3589,.F.);
#2802=ORIENTED_EDGE('',*,*,#4058,.F.);
#2803=ORIENTED_EDGE('',*,*,#4057,.F.);
#2804=ORIENTED_EDGE('',*,*,#4051,.F.);
#2805=ORIENTED_EDGE('',*,*,#3635,.F.);
#2806=ORIENTED_EDGE('',*,*,#4045,.F.);
#2807=ORIENTED_EDGE('',*,*,#4027,.T.);
#2808=ORIENTED_EDGE('',*,*,#4030,.F.);
#2809=ORIENTED_EDGE('',*,*,#4032,.T.);
#2810=ORIENTED_EDGE('',*,*,#4035,.F.);
#2811=ORIENTED_EDGE('',*,*,#4038,.T.);
#2812=ORIENTED_EDGE('',*,*,#4041,.F.);
#2813=ORIENTED_EDGE('',*,*,#4043,.T.);
#2814=ORIENTED_EDGE('',*,*,#4024,.F.);
#2815=ORIENTED_EDGE('',*,*,#4064,.T.);
#2816=ORIENTED_EDGE('',*,*,#4063,.F.);
#2817=ORIENTED_EDGE('',*,*,#4050,.F.);
#2818=ORIENTED_EDGE('',*,*,#3250,.F.);
#2819=ORIENTED_EDGE('',*,*,#4065,.F.);
#2820=ORIENTED_EDGE('',*,*,#4064,.F.);
#2821=ORIENTED_EDGE('',*,*,#4066,.F.);
#2822=ORIENTED_EDGE('',*,*,#4067,.T.);
#2823=ORIENTED_EDGE('',*,*,#4068,.F.);
#2824=ORIENTED_EDGE('',*,*,#3585,.F.);
#2825=ORIENTED_EDGE('',*,*,#4069,.F.);
#2826=ORIENTED_EDGE('',*,*,#3586,.F.);
#2827=ORIENTED_EDGE('',*,*,#4070,.T.);
#2828=ORIENTED_EDGE('',*,*,#4071,.T.);
#2829=ORIENTED_EDGE('',*,*,#3510,.F.);
#2830=ORIENTED_EDGE('',*,*,#4072,.T.);
#2831=ORIENTED_EDGE('',*,*,#3502,.F.);
#2832=ORIENTED_EDGE('',*,*,#4073,.T.);
#2833=ORIENTED_EDGE('',*,*,#3512,.F.);
#2834=ORIENTED_EDGE('',*,*,#4074,.T.);
#2835=ORIENTED_EDGE('',*,*,#4081,.T.);
#2836=ORIENTED_EDGE('',*,*,#4075,.T.);
#2837=ORIENTED_EDGE('',*,*,#4112,.T.);
#2838=ORIENTED_EDGE('',*,*,#4110,.T.);
#2839=ORIENTED_EDGE('',*,*,#4076,.T.);
#2840=ORIENTED_EDGE('',*,*,#4106,.T.);
#2841=ORIENTED_EDGE('',*,*,#4104,.T.);
#2842=ORIENTED_EDGE('',*,*,#4101,.T.);
#2843=ORIENTED_EDGE('',*,*,#4077,.T.);
#2844=ORIENTED_EDGE('',*,*,#4098,.T.);
#2845=ORIENTED_EDGE('',*,*,#4095,.T.);
#2846=ORIENTED_EDGE('',*,*,#4093,.T.);
#2847=ORIENTED_EDGE('',*,*,#4078,.T.);
#2848=ORIENTED_EDGE('',*,*,#4089,.T.);
#2849=ORIENTED_EDGE('',*,*,#4087,.T.);
#2850=ORIENTED_EDGE('',*,*,#4079,.T.);
#2851=ORIENTED_EDGE('',*,*,#4083,.T.);
#2852=ORIENTED_EDGE('',*,*,#4070,.F.);
#2853=ORIENTED_EDGE('',*,*,#4080,.T.);
#2854=ORIENTED_EDGE('',*,*,#4081,.F.);
#2855=ORIENTED_EDGE('',*,*,#4074,.F.);
#2856=ORIENTED_EDGE('',*,*,#3974,.F.);
#2857=ORIENTED_EDGE('',*,*,#4082,.T.);
#2858=ORIENTED_EDGE('',*,*,#3975,.F.);
#2859=ORIENTED_EDGE('',*,*,#4071,.F.);
#2860=ORIENTED_EDGE('',*,*,#4083,.F.);
#2861=ORIENTED_EDGE('',*,*,#4085,.F.);
#2862=ORIENTED_EDGE('',*,*,#4084,.F.);
#2863=ORIENTED_EDGE('',*,*,#4085,.T.);
#2864=ORIENTED_EDGE('',*,*,#4079,.F.);
#2865=ORIENTED_EDGE('',*,*,#4086,.T.);
#2866=ORIENTED_EDGE('',*,*,#3982,.F.);
#2867=ORIENTED_EDGE('',*,*,#4087,.F.);
#2868=ORIENTED_EDGE('',*,*,#4088,.F.);
#2869=ORIENTED_EDGE('',*,*,#4010,.T.);
#2870=ORIENTED_EDGE('',*,*,#4086,.F.);
#2871=ORIENTED_EDGE('',*,*,#4088,.T.);
#2872=ORIENTED_EDGE('',*,*,#4089,.F.);
#2873=ORIENTED_EDGE('',*,*,#4090,.T.);
#2874=ORIENTED_EDGE('',*,*,#4091,.F.);
#2875=ORIENTED_EDGE('',*,*,#4090,.F.);
#2876=ORIENTED_EDGE('',*,*,#4078,.F.);
#2877=ORIENTED_EDGE('',*,*,#4092,.F.);
#2878=ORIENTED_EDGE('',*,*,#3988,.F.);
#2879=ORIENTED_EDGE('',*,*,#3991,.F.);
#2880=ORIENTED_EDGE('',*,*,#4092,.T.);
#2881=ORIENTED_EDGE('',*,*,#4093,.F.);
#2882=ORIENTED_EDGE('',*,*,#4094,.T.);
#2883=ORIENTED_EDGE('',*,*,#4094,.F.);
#2884=ORIENTED_EDGE('',*,*,#4095,.F.);
#2885=ORIENTED_EDGE('',*,*,#4097,.F.);
#2886=ORIENTED_EDGE('',*,*,#4096,.F.);
#2887=ORIENTED_EDGE('',*,*,#3994,.F.);
#2888=ORIENTED_EDGE('',*,*,#4097,.T.);
#2889=ORIENTED_EDGE('',*,*,#4098,.F.);
#2890=ORIENTED_EDGE('',*,*,#4099,.T.);
#2891=ORIENTED_EDGE('',*,*,#4099,.F.);
#2892=ORIENTED_EDGE('',*,*,#4077,.F.);
#2893=ORIENTED_EDGE('',*,*,#4100,.T.);
#2894=ORIENTED_EDGE('',*,*,#3995,.F.);
#2895=ORIENTED_EDGE('',*,*,#4100,.F.);
#2896=ORIENTED_EDGE('',*,*,#4101,.F.);
#2897=ORIENTED_EDGE('',*,*,#4103,.T.);
#2898=ORIENTED_EDGE('',*,*,#4102,.F.);
#2899=ORIENTED_EDGE('',*,*,#4104,.F.);
#2900=ORIENTED_EDGE('',*,*,#4105,.F.);
#2901=ORIENTED_EDGE('',*,*,#3998,.T.);
#2902=ORIENTED_EDGE('',*,*,#4103,.F.);
#2903=ORIENTED_EDGE('',*,*,#4105,.T.);
#2904=ORIENTED_EDGE('',*,*,#4106,.F.);
#2905=ORIENTED_EDGE('',*,*,#4107,.T.);
#2906=ORIENTED_EDGE('',*,*,#4108,.F.);
#2907=ORIENTED_EDGE('',*,*,#4107,.F.);
#2908=ORIENTED_EDGE('',*,*,#4076,.F.);
#2909=ORIENTED_EDGE('',*,*,#4109,.F.);
#2910=ORIENTED_EDGE('',*,*,#4001,.F.);
#2911=ORIENTED_EDGE('',*,*,#4005,.F.);
#2912=ORIENTED_EDGE('',*,*,#4109,.T.);
#2913=ORIENTED_EDGE('',*,*,#4110,.F.);
#2914=ORIENTED_EDGE('',*,*,#4111,.T.);
#2915=ORIENTED_EDGE('',*,*,#4111,.F.);
#2916=ORIENTED_EDGE('',*,*,#4112,.F.);
#2917=ORIENTED_EDGE('',*,*,#4113,.T.);
#2918=ORIENTED_EDGE('',*,*,#4114,.F.);
#2919=ORIENTED_EDGE('',*,*,#4113,.F.);
#2920=ORIENTED_EDGE('',*,*,#4075,.F.);
#2921=ORIENTED_EDGE('',*,*,#4080,.F.);
#2922=ORIENTED_EDGE('',*,*,#4007,.F.);
#2923=ORIENTED_EDGE('',*,*,#4115,.T.);
#2924=ORIENTED_EDGE('',*,*,#4124,.T.);
#2925=ORIENTED_EDGE('',*,*,#4116,.T.);
#2926=ORIENTED_EDGE('',*,*,#4120,.T.);
#2927=ORIENTED_EDGE('',*,*,#4117,.T.);
#2928=ORIENTED_EDGE('',*,*,#4115,.F.);
#2929=ORIENTED_EDGE('',*,*,#4118,.T.);
#2930=ORIENTED_EDGE('',*,*,#4119,.T.);
#2931=ORIENTED_EDGE('',*,*,#4118,.F.);
#2932=ORIENTED_EDGE('',*,*,#4120,.F.);
#2933=ORIENTED_EDGE('',*,*,#4121,.T.);
#2934=ORIENTED_EDGE('',*,*,#4122,.F.);
#2935=ORIENTED_EDGE('',*,*,#4121,.F.);
#2936=ORIENTED_EDGE('',*,*,#4116,.F.);
#2937=ORIENTED_EDGE('',*,*,#4123,.F.);
#2938=ORIENTED_EDGE('',*,*,#4018,.F.);
#2939=ORIENTED_EDGE('',*,*,#4123,.T.);
#2940=ORIENTED_EDGE('',*,*,#4124,.F.);
#2941=ORIENTED_EDGE('',*,*,#4117,.F.);
#2942=ORIENTED_EDGE('',*,*,#4125,.F.);
#2943=ORIENTED_EDGE('',*,*,#3935,.T.);
#2944=ORIENTED_EDGE('',*,*,#3933,.F.);
#2945=ORIENTED_EDGE('',*,*,#3930,.F.);
#2946=ORIENTED_EDGE('',*,*,#3927,.F.);
#2947=ORIENTED_EDGE('',*,*,#3924,.F.);
#2948=ORIENTED_EDGE('',*,*,#3921,.F.);
#2949=ORIENTED_EDGE('',*,*,#3918,.F.);
#2950=ORIENTED_EDGE('',*,*,#3912,.T.);
#2951=ORIENTED_EDGE('',*,*,#3887,.F.);
#2952=ORIENTED_EDGE('',*,*,#3885,.F.);
#2953=ORIENTED_EDGE('',*,*,#3882,.F.);
#2954=ORIENTED_EDGE('',*,*,#3879,.F.);
#2955=ORIENTED_EDGE('',*,*,#3876,.F.);
#2956=ORIENTED_EDGE('',*,*,#3873,.F.);
#2957=ORIENTED_EDGE('',*,*,#3870,.F.);
#2958=ORIENTED_EDGE('',*,*,#3864,.T.);
#2959=ORIENTED_EDGE('',*,*,#3835,.T.);
#2960=ORIENTED_EDGE('',*,*,#3833,.F.);
#2961=ORIENTED_EDGE('',*,*,#3830,.F.);
#2962=ORIENTED_EDGE('',*,*,#3827,.F.);
#2963=ORIENTED_EDGE('',*,*,#3824,.F.);
#2964=ORIENTED_EDGE('',*,*,#3821,.F.);
#2965=ORIENTED_EDGE('',*,*,#3818,.F.);
#2966=ORIENTED_EDGE('',*,*,#3812,.T.);
#2967=ORIENTED_EDGE('',*,*,#3783,.T.);
#2968=ORIENTED_EDGE('',*,*,#3781,.F.);
#2969=ORIENTED_EDGE('',*,*,#3778,.F.);
#2970=ORIENTED_EDGE('',*,*,#3775,.F.);
#2971=ORIENTED_EDGE('',*,*,#3772,.F.);
#2972=ORIENTED_EDGE('',*,*,#3769,.F.);
#2973=ORIENTED_EDGE('',*,*,#3766,.F.);
#2974=ORIENTED_EDGE('',*,*,#3760,.T.);
#2975=ORIENTED_EDGE('',*,*,#3735,.F.);
#2976=ORIENTED_EDGE('',*,*,#3733,.F.);
#2977=ORIENTED_EDGE('',*,*,#3730,.F.);
#2978=ORIENTED_EDGE('',*,*,#3727,.F.);
#2979=ORIENTED_EDGE('',*,*,#3724,.F.);
#2980=ORIENTED_EDGE('',*,*,#3721,.F.);
#2981=ORIENTED_EDGE('',*,*,#3718,.F.);
#2982=ORIENTED_EDGE('',*,*,#3712,.T.);
#2983=ORIENTED_EDGE('',*,*,#3683,.T.);
#2984=ORIENTED_EDGE('',*,*,#3681,.F.);
#2985=ORIENTED_EDGE('',*,*,#3678,.F.);
#2986=ORIENTED_EDGE('',*,*,#3675,.F.);
#2987=ORIENTED_EDGE('',*,*,#3672,.F.);
#2988=ORIENTED_EDGE('',*,*,#3669,.F.);
#2989=ORIENTED_EDGE('',*,*,#3666,.F.);
#2990=ORIENTED_EDGE('',*,*,#3660,.T.);
#2991=ORIENTED_EDGE('',*,*,#3707,.T.);
#2992=ORIENTED_EDGE('',*,*,#3705,.F.);
#2993=ORIENTED_EDGE('',*,*,#3702,.F.);
#2994=ORIENTED_EDGE('',*,*,#3699,.F.);
#2995=ORIENTED_EDGE('',*,*,#3696,.F.);
#2996=ORIENTED_EDGE('',*,*,#3693,.F.);
#2997=ORIENTED_EDGE('',*,*,#3690,.F.);
#2998=ORIENTED_EDGE('',*,*,#3684,.T.);
#2999=ORIENTED_EDGE('',*,*,#3759,.T.);
#3000=ORIENTED_EDGE('',*,*,#3757,.F.);
#3001=ORIENTED_EDGE('',*,*,#3754,.F.);
#3002=ORIENTED_EDGE('',*,*,#3751,.F.);
#3003=ORIENTED_EDGE('',*,*,#3748,.F.);
#3004=ORIENTED_EDGE('',*,*,#3745,.F.);
#3005=ORIENTED_EDGE('',*,*,#3742,.F.);
#3006=ORIENTED_EDGE('',*,*,#3736,.T.);
#3007=ORIENTED_EDGE('',*,*,#3811,.F.);
#3008=ORIENTED_EDGE('',*,*,#3809,.F.);
#3009=ORIENTED_EDGE('',*,*,#3806,.F.);
#3010=ORIENTED_EDGE('',*,*,#3803,.F.);
#3011=ORIENTED_EDGE('',*,*,#3800,.F.);
#3012=ORIENTED_EDGE('',*,*,#3797,.F.);
#3013=ORIENTED_EDGE('',*,*,#3794,.F.);
#3014=ORIENTED_EDGE('',*,*,#3788,.T.);
#3015=ORIENTED_EDGE('',*,*,#3859,.T.);
#3016=ORIENTED_EDGE('',*,*,#3857,.F.);
#3017=ORIENTED_EDGE('',*,*,#3854,.F.);
#3018=ORIENTED_EDGE('',*,*,#3851,.F.);
#3019=ORIENTED_EDGE('',*,*,#3848,.F.);
#3020=ORIENTED_EDGE('',*,*,#3845,.F.);
#3021=ORIENTED_EDGE('',*,*,#3842,.F.);
#3022=ORIENTED_EDGE('',*,*,#3836,.T.);
#3023=ORIENTED_EDGE('',*,*,#3911,.F.);
#3024=ORIENTED_EDGE('',*,*,#3909,.F.);
#3025=ORIENTED_EDGE('',*,*,#3906,.F.);
#3026=ORIENTED_EDGE('',*,*,#3903,.F.);
#3027=ORIENTED_EDGE('',*,*,#3900,.F.);
#3028=ORIENTED_EDGE('',*,*,#3897,.F.);
#3029=ORIENTED_EDGE('',*,*,#3894,.F.);
#3030=ORIENTED_EDGE('',*,*,#3888,.T.);
#3031=ORIENTED_EDGE('',*,*,#3959,.F.);
#3032=ORIENTED_EDGE('',*,*,#3957,.F.);
#3033=ORIENTED_EDGE('',*,*,#3954,.F.);
#3034=ORIENTED_EDGE('',*,*,#3951,.F.);
#3035=ORIENTED_EDGE('',*,*,#3948,.F.);
#3036=ORIENTED_EDGE('',*,*,#3945,.F.);
#3037=ORIENTED_EDGE('',*,*,#3942,.F.);
#3038=ORIENTED_EDGE('',*,*,#3936,.T.);
#3039=ORIENTED_EDGE('',*,*,#4127,.T.);
#3040=ORIENTED_EDGE('',*,*,#4129,.T.);
#3041=ORIENTED_EDGE('',*,*,#4127,.F.);
#3042=ORIENTED_EDGE('',*,*,#4128,.F.);
#3043=ORIENTED_EDGE('',*,*,#4011,.T.);
#3044=ORIENTED_EDGE('',*,*,#4126,.F.);
#3045=ORIENTED_EDGE('',*,*,#4128,.T.);
#3046=ORIENTED_EDGE('',*,*,#4129,.F.);
#3047=ORIENTED_EDGE('',*,*,#4126,.T.);
#3048=ORIENTED_EDGE('',*,*,#4130,.F.);
#3049=ORIENTED_EDGE('',*,*,#3298,.F.);
#3050=ORIENTED_EDGE('',*,*,#4131,.T.);
#3051=ORIENTED_EDGE('',*,*,#4132,.T.);
#3052=ORIENTED_EDGE('',*,*,#4133,.T.);
#3053=ORIENTED_EDGE('',*,*,#3294,.F.);
#3054=ORIENTED_EDGE('',*,*,#4134,.T.);
#3055=ORIENTED_EDGE('',*,*,#4135,.T.);
#3056=ORIENTED_EDGE('',*,*,#4136,.T.);
#3057=ORIENTED_EDGE('',*,*,#3295,.F.);
#3058=ORIENTED_EDGE('',*,*,#4136,.F.);
#3059=ORIENTED_EDGE('',*,*,#4137,.T.);
#3060=ORIENTED_EDGE('',*,*,#4138,.T.);
#3061=ORIENTED_EDGE('',*,*,#3296,.F.);
#3062=ORIENTED_EDGE('',*,*,#4138,.F.);
#3063=ORIENTED_EDGE('',*,*,#4139,.T.);
#3064=ORIENTED_EDGE('',*,*,#4140,.T.);
#3065=ORIENTED_EDGE('',*,*,#4141,.F.);
#3066=ORIENTED_EDGE('',*,*,#3297,.F.);
#3067=ORIENTED_EDGE('',*,*,#3245,.F.);
#3068=ORIENTED_EDGE('',*,*,#4142,.T.);
#3069=ORIENTED_EDGE('',*,*,#4143,.T.);
#3070=ORIENTED_EDGE('',*,*,#4131,.F.);
#3071=ORIENTED_EDGE('',*,*,#3299,.F.);
#3072=ORIENTED_EDGE('',*,*,#4133,.F.);
#3073=ORIENTED_EDGE('',*,*,#4144,.T.);
#3074=ORIENTED_EDGE('',*,*,#4145,.T.);
#3075=ORIENTED_EDGE('',*,*,#3253,.F.);
#3076=ORIENTED_EDGE('',*,*,#3293,.F.);
#3077=ORIENTED_EDGE('',*,*,#4146,.F.);
#3078=ORIENTED_EDGE('',*,*,#4147,.T.);
#3079=ORIENTED_EDGE('',*,*,#4148,.T.);
#3080=ORIENTED_EDGE('',*,*,#4134,.F.);
#3081=ORIENTED_EDGE('',*,*,#3244,.F.);
#3082=ORIENTED_EDGE('',*,*,#4140,.F.);
#3083=ORIENTED_EDGE('',*,*,#4149,.T.);
#3084=ORIENTED_EDGE('',*,*,#4142,.F.);
#3085=ORIENTED_EDGE('',*,*,#3254,.F.);
#3086=ORIENTED_EDGE('',*,*,#4145,.F.);
#3087=ORIENTED_EDGE('',*,*,#4150,.T.);
#3088=ORIENTED_EDGE('',*,*,#4151,.T.);
#3089=ORIENTED_EDGE('',*,*,#4175,.T.);
#3090=ORIENTED_EDGE('',*,*,#4152,.T.);
#3091=ORIENTED_EDGE('',*,*,#3255,.F.);
#3092=ORIENTED_EDGE('',*,*,#4151,.F.);
#3093=ORIENTED_EDGE('',*,*,#4153,.T.);
#3094=ORIENTED_EDGE('',*,*,#4154,.T.);
#3095=ORIENTED_EDGE('',*,*,#3256,.F.);
#3096=ORIENTED_EDGE('',*,*,#4152,.F.);
#3097=ORIENTED_EDGE('',*,*,#4174,.T.);
#3098=ORIENTED_EDGE('',*,*,#4155,.T.);
#3099=ORIENTED_EDGE('',*,*,#3257,.F.);
#3100=ORIENTED_EDGE('',*,*,#4154,.F.);
#3101=ORIENTED_EDGE('',*,*,#3258,.F.);
#3102=ORIENTED_EDGE('',*,*,#4155,.F.);
#3103=ORIENTED_EDGE('',*,*,#4156,.F.);
#3104=ORIENTED_EDGE('',*,*,#4147,.F.);
#3105=ORIENTED_EDGE('',*,*,#4157,.T.);
#3106=ORIENTED_EDGE('',*,*,#4158,.T.);
#3107=ORIENTED_EDGE('',*,*,#4159,.T.);
#3108=ORIENTED_EDGE('',*,*,#4160,.T.);
#3109=ORIENTED_EDGE('',*,*,#4161,.T.);
#3110=ORIENTED_EDGE('',*,*,#4160,.F.);
#3111=ORIENTED_EDGE('',*,*,#4162,.T.);
#3112=ORIENTED_EDGE('',*,*,#4163,.T.);
#3113=ORIENTED_EDGE('',*,*,#4178,.T.);
#3114=ORIENTED_EDGE('',*,*,#4163,.F.);
#3115=ORIENTED_EDGE('',*,*,#4177,.T.);
#3116=ORIENTED_EDGE('',*,*,#4164,.T.);
#3117=ORIENTED_EDGE('',*,*,#4176,.T.);
#3118=ORIENTED_EDGE('',*,*,#4165,.T.);
#3119=ORIENTED_EDGE('',*,*,#4179,.T.);
#3120=ORIENTED_EDGE('',*,*,#4164,.F.);
#3121=ORIENTED_EDGE('',*,*,#4166,.T.);
#3122=ORIENTED_EDGE('',*,*,#4167,.T.);
#3123=ORIENTED_EDGE('',*,*,#4168,.T.);
#3124=ORIENTED_EDGE('',*,*,#4165,.F.);
#3125=ORIENTED_EDGE('',*,*,#4169,.T.);
#3126=ORIENTED_EDGE('',*,*,#4170,.T.);
#3127=ORIENTED_EDGE('',*,*,#4171,.T.);
#3128=ORIENTED_EDGE('',*,*,#4167,.F.);
#3129=ORIENTED_EDGE('',*,*,#4172,.T.);
#3130=ORIENTED_EDGE('',*,*,#4170,.F.);
#3131=ORIENTED_EDGE('',*,*,#4173,.T.);
#3132=ORIENTED_EDGE('',*,*,#4158,.F.);
#3133=ORIENTED_EDGE('',*,*,#4139,.F.);
#3134=ORIENTED_EDGE('',*,*,#4137,.F.);
#3135=ORIENTED_EDGE('',*,*,#4135,.F.);
#3136=ORIENTED_EDGE('',*,*,#4148,.F.);
#3137=ORIENTED_EDGE('',*,*,#4156,.T.);
#3138=ORIENTED_EDGE('',*,*,#4174,.F.);
#3139=ORIENTED_EDGE('',*,*,#4153,.F.);
#3140=ORIENTED_EDGE('',*,*,#4175,.F.);
#3141=ORIENTED_EDGE('',*,*,#4150,.F.);
#3142=ORIENTED_EDGE('',*,*,#4144,.F.);
#3143=ORIENTED_EDGE('',*,*,#4132,.F.);
#3144=ORIENTED_EDGE('',*,*,#4143,.F.);
#3145=ORIENTED_EDGE('',*,*,#4149,.F.);
#3146=ORIENTED_EDGE('',*,*,#4159,.F.);
#3147=ORIENTED_EDGE('',*,*,#4173,.F.);
#3148=ORIENTED_EDGE('',*,*,#4169,.F.);
#3149=ORIENTED_EDGE('',*,*,#4166,.F.);
#3150=ORIENTED_EDGE('',*,*,#4176,.F.);
#3151=ORIENTED_EDGE('',*,*,#4177,.F.);
#3152=ORIENTED_EDGE('',*,*,#4162,.F.);
#3153=ORIENTED_EDGE('',*,*,#4157,.F.);
#3154=ORIENTED_EDGE('',*,*,#4161,.F.);
#3155=ORIENTED_EDGE('',*,*,#4178,.F.);
#3156=ORIENTED_EDGE('',*,*,#4179,.F.);
#3157=ORIENTED_EDGE('',*,*,#4168,.F.);
#3158=ORIENTED_EDGE('',*,*,#4171,.F.);
#3159=ORIENTED_EDGE('',*,*,#4172,.F.);
#3160=ORIENTED_EDGE('',*,*,#3290,.F.);
#3161=ORIENTED_EDGE('',*,*,#3247,.F.);
#3162=ORIENTED_EDGE('',*,*,#4180,.T.);
#3163=ORIENTED_EDGE('',*,*,#4181,.T.);
#3164=ORIENTED_EDGE('',*,*,#4182,.T.);
#3165=ORIENTED_EDGE('',*,*,#3291,.F.);
#3166=ORIENTED_EDGE('',*,*,#4182,.F.);
#3167=ORIENTED_EDGE('',*,*,#4183,.T.);
#3168=ORIENTED_EDGE('',*,*,#4184,.T.);
#3169=ORIENTED_EDGE('',*,*,#3292,.F.);
#3170=ORIENTED_EDGE('',*,*,#4184,.F.);
#3171=ORIENTED_EDGE('',*,*,#4185,.T.);
#3172=ORIENTED_EDGE('',*,*,#4186,.T.);
#3173=ORIENTED_EDGE('',*,*,#3260,.F.);
#3174=ORIENTED_EDGE('',*,*,#4187,.F.);
#3175=ORIENTED_EDGE('',*,*,#4186,.F.);
#3176=ORIENTED_EDGE('',*,*,#4188,.T.);
#3177=ORIENTED_EDGE('',*,*,#4189,.T.);
#3178=ORIENTED_EDGE('',*,*,#3261,.F.);
#3179=ORIENTED_EDGE('',*,*,#4189,.F.);
#3180=ORIENTED_EDGE('',*,*,#4190,.T.);
#3181=ORIENTED_EDGE('',*,*,#4191,.T.);
#3182=ORIENTED_EDGE('',*,*,#4192,.F.);
#3183=ORIENTED_EDGE('',*,*,#4191,.F.);
#3184=ORIENTED_EDGE('',*,*,#4193,.T.);
#3185=ORIENTED_EDGE('',*,*,#4194,.T.);
#3186=ORIENTED_EDGE('',*,*,#3262,.F.);
#3187=ORIENTED_EDGE('',*,*,#4194,.F.);
#3188=ORIENTED_EDGE('',*,*,#4195,.T.);
#3189=ORIENTED_EDGE('',*,*,#4180,.F.);
#3190=ORIENTED_EDGE('',*,*,#4195,.F.);
#3191=ORIENTED_EDGE('',*,*,#4193,.F.);
#3192=ORIENTED_EDGE('',*,*,#4190,.F.);
#3193=ORIENTED_EDGE('',*,*,#4188,.F.);
#3194=ORIENTED_EDGE('',*,*,#4185,.F.);
#3195=ORIENTED_EDGE('',*,*,#4183,.F.);
#3196=ORIENTED_EDGE('',*,*,#4181,.F.);
#3197=EDGE_CURVE('',#5196,#5197,#5039,.T.);
#3198=EDGE_CURVE('',#5197,#5198,#4196,.T.);
#3199=EDGE_CURVE('',#5198,#5199,#5040,.T.);
#3200=EDGE_CURVE('',#5200,#5195,#4197,.T.);
#3201=EDGE_CURVE('',#5201,#5202,#4198,.T.);
#3202=EDGE_CURVE('',#5202,#5198,#4199,.T.);
#3203=EDGE_CURVE('',#5197,#5201,#4200,.T.);
#3204=EDGE_CURVE('',#5204,#5202,#5041,.T.);
#3205=EDGE_CURVE('',#5201,#5205,#5042,.T.);
#3206=EDGE_CURVE('',#5206,#5203,#4201,.T.);
#3207=EDGE_CURVE('',#5199,#5200,#5043,.T.);
#3208=EDGE_CURVE('',#5199,#5207,#4202,.T.);
#3209=EDGE_CURVE('',#5207,#5208,#4203,.T.);
#3210=EDGE_CURVE('',#5208,#5200,#4204,.T.);
#3211=EDGE_CURVE('',#5204,#5209,#4205,.T.);
#3212=EDGE_CURVE('',#5209,#5210,#4206,.T.);
#3213=EDGE_CURVE('',#5210,#5211,#4207,.T.);
#3214=EDGE_CURVE('',#5211,#5207,#4208,.T.);
#3215=EDGE_CURVE('',#5203,#5204,#5044,.T.);
#3216=EDGE_CURVE('',#5203,#5214,#4209,.T.);
#3217=EDGE_CURVE('',#5214,#5209,#4210,.T.);
#3218=EDGE_CURVE('',#5206,#5215,#4211,.T.);
#3219=EDGE_CURVE('',#5215,#5216,#4212,.T.);
#3220=EDGE_CURVE('',#5216,#5217,#4213,.T.);
#3221=EDGE_CURVE('',#5218,#5219,#4214,.T.);
#3222=EDGE_CURVE('',#5220,#5221,#4215,.T.);
#3223=EDGE_CURVE('',#5221,#5222,#4216,.T.);
#3224=EDGE_CURVE('',#5222,#5223,#4217,.T.);
#3225=EDGE_CURVE('',#5223,#5214,#4218,.T.);
#3226=EDGE_CURVE('',#5201,#5224,#4219,.T.);
#3227=EDGE_CURVE('',#5224,#5225,#5045,.T.);
#3228=EDGE_CURVE('',#5225,#5205,#4220,.T.);
#3229=EDGE_CURVE('',#5197,#5226,#4221,.T.);
#3230=EDGE_CURVE('',#5226,#5224,#4222,.T.);
#3231=EDGE_CURVE('',#5196,#5227,#4223,.T.);
#3232=EDGE_CURVE('',#5227,#5226,#5046,.T.);
#3233=EDGE_CURVE('',#5228,#5229,#4224,.T.);
#3234=EDGE_CURVE('',#5229,#5230,#4225,.T.);
#3235=EDGE_CURVE('',#5230,#5231,#4226,.T.);
#3236=EDGE_CURVE('',#5232,#5233,#4227,.T.);
#3237=EDGE_CURVE('',#5234,#5235,#4228,.T.);
#3238=EDGE_CURVE('',#5235,#5236,#4229,.T.);
#3239=EDGE_CURVE('',#5236,#5195,#4230,.T.);
#3240=EDGE_CURVE('',#5195,#5196,#5047,.T.);
#3241=EDGE_CURVE('',#5227,#5236,#4231,.T.);
#3242=EDGE_CURVE('',#5205,#5206,#5048,.T.);
#3243=EDGE_CURVE('',#5215,#5225,#4232,.T.);
#3244=EDGE_CURVE('',#5238,#5239,#4233,.T.);
#3245=EDGE_CURVE('',#5239,#5240,#4234,.T.);
#3246=EDGE_CURVE('',#5240,#5237,#4235,.T.);
#3247=EDGE_CURVE('',#5241,#5242,#4236,.T.);
#3248=EDGE_CURVE('',#5242,#5243,#4237,.T.);
#3249=EDGE_CURVE('',#5243,#5244,#4238,.T.);
#3250=EDGE_CURVE('',#5246,#5247,#4239,.T.);
#3251=EDGE_CURVE('',#5249,#5250,#4240,.T.);
#3252=EDGE_CURVE('',#5250,#5251,#4241,.T.);
#3253=EDGE_CURVE('',#5251,#5252,#4242,.T.);
#3254=EDGE_CURVE('',#5252,#5253,#4243,.T.);
#3255=EDGE_CURVE('',#5253,#5254,#4244,.T.);
#3256=EDGE_CURVE('',#5254,#5255,#4245,.T.);
#3257=EDGE_CURVE('',#5255,#5256,#4246,.T.);
#3258=EDGE_CURVE('',#5256,#5257,#4247,.T.);
#3259=EDGE_CURVE('',#5258,#5259,#4248,.T.);
#3260=EDGE_CURVE('',#5259,#5260,#4249,.T.);
#3261=EDGE_CURVE('',#5261,#5262,#4250,.T.);
#3262=EDGE_CURVE('',#5263,#5241,#4251,.T.);
#3263=EDGE_CURVE('',#5264,#5265,#4252,.T.);
#3264=EDGE_CURVE('',#5266,#5267,#4253,.T.);
#3265=EDGE_CURVE('',#5268,#5269,#4254,.T.);
#3266=EDGE_CURVE('',#5269,#5270,#4255,.T.);
#3267=EDGE_CURVE('',#5270,#5271,#4256,.T.);
#3268=EDGE_CURVE('',#5272,#5273,#4257,.T.);
#3269=EDGE_CURVE('',#5273,#5268,#4258,.T.);
#3270=EDGE_CURVE('',#5271,#5210,#4259,.T.);
#3271=EDGE_CURVE('',#5273,#5222,#4260,.T.);
#3272=EDGE_CURVE('',#5223,#5272,#4261,.T.);
#3273=EDGE_CURVE('',#5271,#5272,#4262,.T.);
#3274=EDGE_CURVE('',#5229,#5268,#4263,.T.);
#3275=EDGE_CURVE('',#5269,#5228,#4264,.T.);
#3276=EDGE_CURVE('',#5275,#5276,#4265,.T.);
#3277=EDGE_CURVE('',#5276,#5277,#4266,.T.);
#3278=EDGE_CURVE('',#5277,#5278,#4267,.T.);
#3279=EDGE_CURVE('',#5278,#5279,#4268,.T.);
#3280=EDGE_CURVE('',#5279,#5274,#4269,.T.);
#3281=EDGE_CURVE('',#5280,#5281,#4270,.T.);
#3282=EDGE_CURVE('',#5281,#5282,#4271,.T.);
#3283=EDGE_CURVE('',#5283,#5284,#4272,.T.);
#3284=EDGE_CURVE('',#5284,#5285,#4273,.T.);
#3285=EDGE_CURVE('',#5285,#5280,#4274,.T.);
#3286=EDGE_CURVE('',#5286,#5287,#4275,.T.);
#3287=EDGE_CURVE('',#5287,#5288,#4276,.T.);
#3288=EDGE_CURVE('',#5288,#5289,#4277,.T.);
#3289=EDGE_CURVE('',#5289,#5286,#4278,.T.);
#3290=EDGE_CURVE('',#5242,#5290,#4279,.T.);
#3291=EDGE_CURVE('',#5290,#5291,#4280,.T.);
#3292=EDGE_CURVE('',#5291,#5259,#4281,.T.);
#3293=EDGE_CURVE('',#5258,#5292,#4282,.T.);
#3294=EDGE_CURVE('',#5292,#5293,#4283,.T.);
#3295=EDGE_CURVE('',#5293,#5294,#4284,.T.);
#3296=EDGE_CURVE('',#5294,#5237,#4285,.T.);
#3297=EDGE_CURVE('',#5240,#5295,#4286,.T.);
#3298=EDGE_CURVE('',#5295,#5296,#4287,.T.);
#3299=EDGE_CURVE('',#5296,#5251,#4288,.T.);
#3300=EDGE_CURVE('',#5250,#5276,#4289,.T.);
#3301=EDGE_CURVE('',#5275,#5243,#4290,.T.);
#3302=EDGE_CURVE('',#5297,#5298,#4291,.T.);
#3303=EDGE_CURVE('',#5298,#5299,#4292,.T.);
#3304=EDGE_CURVE('',#5299,#5300,#4293,.T.);
#3305=EDGE_CURVE('',#5300,#5297,#4294,.T.);
#3306=EDGE_CURVE('',#5277,#5301,#4295,.T.);
#3307=EDGE_CURVE('',#5301,#5302,#4296,.T.);
#3308=EDGE_CURVE('',#5302,#5278,#4297,.T.);
#3309=EDGE_CURVE('',#5303,#5304,#4298,.T.);
#3310=EDGE_CURVE('',#5304,#5274,#4299,.T.);
#3311=EDGE_CURVE('',#5279,#5303,#4300,.T.);
#3312=EDGE_CURVE('',#5283,#5305,#4301,.T.);
#3313=EDGE_CURVE('',#5305,#5306,#4302,.T.);
#3314=EDGE_CURVE('',#5306,#5284,#4303,.T.);
#3315=EDGE_CURVE('',#5307,#5308,#4304,.T.);
#3316=EDGE_CURVE('',#5308,#5282,#4305,.T.);
#3317=EDGE_CURVE('',#5281,#5307,#4306,.T.);
#3318=EDGE_CURVE('',#5285,#5309,#4307,.T.);
#3319=EDGE_CURVE('',#5309,#5310,#4308,.T.);
#3320=EDGE_CURVE('',#5310,#5280,#4309,.T.);
#3321=EDGE_CURVE('',#5311,#5302,#4310,.T.);
#3322=EDGE_CURVE('',#5297,#5308,#4311,.T.);
#3323=EDGE_CURVE('',#5307,#5312,#4312,.T.);
#3324=EDGE_CURVE('',#5312,#5313,#4313,.T.);
#3325=EDGE_CURVE('',#5313,#5314,#4314,.T.);
#3326=EDGE_CURVE('',#5314,#5315,#4315,.T.);
#3327=EDGE_CURVE('',#5315,#5316,#4316,.T.);
#3328=EDGE_CURVE('',#5316,#5311,#4317,.T.);
#3329=EDGE_CURVE('',#5317,#5318,#4318,.T.);
#3330=EDGE_CURVE('',#5318,#5319,#4319,.T.);
#3331=EDGE_CURVE('',#5319,#5320,#4320,.T.);
#3332=EDGE_CURVE('',#5320,#5317,#4321,.T.);
#3333=EDGE_CURVE('',#5321,#5322,#4322,.T.);
#3334=EDGE_CURVE('',#5322,#5323,#4323,.T.);
#3335=EDGE_CURVE('',#5323,#5324,#4324,.T.);
#3336=EDGE_CURVE('',#5324,#5321,#4325,.T.);
#3337=EDGE_CURVE('',#5319,#5325,#4326,.T.);
#3338=EDGE_CURVE('',#5325,#5326,#4327,.T.);
#3339=EDGE_CURVE('',#5326,#5320,#4328,.T.);
#3340=EDGE_CURVE('',#5327,#5230,#4329,.T.);
#3341=EDGE_CURVE('',#5221,#5328,#4330,.T.);
#3342=EDGE_CURVE('',#5328,#5329,#4331,.T.);
#3343=EDGE_CURVE('',#5329,#5216,#4332,.T.);
#3344=EDGE_CURVE('',#5235,#5330,#4333,.T.);
#3345=EDGE_CURVE('',#5330,#5327,#4334,.T.);
#3346=EDGE_CURVE('',#5331,#5332,#4335,.T.);
#3347=EDGE_CURVE('',#5332,#5333,#4336,.T.);
#3348=EDGE_CURVE('',#5333,#5334,#4337,.T.);
#3349=EDGE_CURVE('',#5335,#5303,#4338,.T.);
#3350=EDGE_CURVE('',#5336,#5326,#4339,.T.);
#3351=EDGE_CURVE('',#5325,#5337,#4340,.T.);
#3352=EDGE_CURVE('',#5310,#5338,#4341,.T.);
#3353=EDGE_CURVE('',#5339,#5328,#4342,.T.);
#3354=EDGE_CURVE('',#5220,#5339,#4343,.T.);
#3355=EDGE_CURVE('',#5329,#5340,#4344,.T.);
#3356=EDGE_CURVE('',#5340,#5217,#4345,.T.);
#3357=EDGE_CURVE('',#5331,#5341,#4346,.T.);
#3358=EDGE_CURVE('',#5342,#5343,#4347,.T.);
#3359=EDGE_CURVE('',#5344,#5345,#4348,.T.);
#3360=EDGE_CURVE('',#5348,#5345,#4349,.T.);
#3361=EDGE_CURVE('',#5344,#5349,#4350,.T.);
#3362=EDGE_CURVE('',#5349,#5348,#4351,.T.);
#3363=EDGE_CURVE('',#5350,#5333,#4352,.T.);
#3364=EDGE_CURVE('',#5347,#5332,#4353,.T.);
#3365=EDGE_CURVE('',#5347,#5350,#4354,.T.);
#3366=EDGE_CURVE('',#5327,#5351,#4355,.T.);
#3367=EDGE_CURVE('',#5351,#5231,#4356,.T.);
#3368=EDGE_CURVE('',#5352,#5330,#4357,.T.);
#3369=EDGE_CURVE('',#5234,#5352,#4358,.T.);
#3370=EDGE_CURVE('',#5353,#5354,#4359,.T.);
#3371=EDGE_CURVE('',#5339,#5353,#4360,.T.);
#3372=EDGE_CURVE('',#5219,#5220,#4361,.T.);
#3373=EDGE_CURVE('',#5353,#5219,#4362,.T.);
#3374=EDGE_CURVE('',#5354,#5218,#4363,.T.);
#3375=EDGE_CURVE('',#5354,#5340,#4364,.T.);
#3376=EDGE_CURVE('',#5217,#5218,#4365,.T.);
#3377=EDGE_CURVE('',#5356,#5355,#4366,.T.);
#3378=EDGE_CURVE('',#5352,#5356,#4367,.T.);
#3379=EDGE_CURVE('',#5233,#5234,#4368,.T.);
#3380=EDGE_CURVE('',#5355,#5232,#4369,.T.);
#3381=EDGE_CURVE('',#5356,#5233,#4370,.T.);
#3382=EDGE_CURVE('',#5355,#5351,#4371,.T.);
#3383=EDGE_CURVE('',#5231,#5232,#4372,.T.);
#3384=EDGE_CURVE('',#5357,#5322,#4373,.T.);
#3385=EDGE_CURVE('',#5321,#5358,#4374,.T.);
#3386=EDGE_CURVE('',#5358,#5357,#4375,.T.);
#3387=EDGE_CURVE('',#5359,#5349,#4376,.T.);
#3388=EDGE_CURVE('',#5343,#5344,#4377,.T.);
#3389=EDGE_CURVE('',#5343,#5359,#4378,.T.);
#3390=EDGE_CURVE('',#5342,#5360,#4379,.T.);
#3391=EDGE_CURVE('',#5360,#5359,#4380,.T.);
#3392=EDGE_CURVE('',#5362,#5334,#4381,.T.);
#3393=EDGE_CURVE('',#5350,#5361,#4382,.T.);
#3394=EDGE_CURVE('',#5346,#5347,#4383,.T.);
#3395=EDGE_CURVE('',#5346,#5361,#4384,.T.);
#3396=EDGE_CURVE('',#5345,#5346,#4385,.T.);
#3397=EDGE_CURVE('',#5361,#5348,#4386,.T.);
#3398=EDGE_CURVE('',#5363,#5364,#4387,.T.);
#3399=EDGE_CURVE('',#5364,#5324,#4388,.T.);
#3400=EDGE_CURVE('',#5323,#5363,#4389,.T.);
#3401=EDGE_CURVE('',#5363,#5318,#4390,.T.);
#3402=EDGE_CURVE('',#5317,#5364,#4391,.T.);
#3403=EDGE_CURVE('',#5365,#5337,#4392,.T.);
#3404=EDGE_CURVE('',#5336,#5366,#4393,.T.);
#3405=EDGE_CURVE('',#5357,#5365,#4394,.T.);
#3406=EDGE_CURVE('',#5366,#5358,#4395,.T.);
#3407=EDGE_CURVE('',#5366,#5367,#4396,.T.);
#3408=EDGE_CURVE('',#5367,#5368,#4397,.T.);
#3409=EDGE_CURVE('',#5368,#5369,#4398,.T.);
#3410=EDGE_CURVE('',#5369,#5370,#4399,.T.);
#3411=EDGE_CURVE('',#5370,#5365,#4400,.T.);
#3412=EDGE_CURVE('',#5365,#5366,#4401,.T.);
#3413=EDGE_CURVE('',#5311,#5336,#4402,.T.);
#3414=EDGE_CURVE('',#5315,#5368,#4403,.T.);
#3415=EDGE_CURVE('',#5367,#5316,#4404,.T.);
#3416=EDGE_CURVE('',#5369,#5314,#4405,.T.);
#3417=EDGE_CURVE('',#5313,#5370,#4406,.T.);
#3418=EDGE_CURVE('',#5337,#5312,#4407,.T.);
#3419=EDGE_CURVE('',#5371,#5372,#4408,.T.);
#3420=EDGE_CURVE('',#5372,#5373,#4409,.T.);
#3421=EDGE_CURVE('',#5373,#5374,#4410,.T.);
#3422=EDGE_CURVE('',#5374,#5338,#4411,.T.);
#3423=EDGE_CURVE('',#5286,#5304,#4412,.T.);
#3424=EDGE_CURVE('',#5335,#5371,#4413,.T.);
#3425=EDGE_CURVE('',#5360,#5362,#4414,.T.);
#3426=EDGE_CURVE('',#5341,#5342,#4415,.T.);
#3427=EDGE_CURVE('',#5375,#5376,#4416,.T.);
#3428=EDGE_CURVE('',#5376,#5377,#4417,.T.);
#3429=EDGE_CURVE('',#5377,#5378,#4418,.T.);
#3430=EDGE_CURVE('',#5378,#5362,#4419,.T.);
#3431=EDGE_CURVE('',#5362,#5341,#4420,.T.);
#3432=EDGE_CURVE('',#5341,#5375,#4421,.T.);
#3433=EDGE_CURVE('',#5338,#5331,#4422,.T.);
#3434=EDGE_CURVE('',#5373,#5376,#4423,.T.);
#3435=EDGE_CURVE('',#5375,#5374,#4424,.T.);
#3436=EDGE_CURVE('',#5377,#5372,#4425,.T.);
#3437=EDGE_CURVE('',#5371,#5378,#4426,.T.);
#3438=EDGE_CURVE('',#5334,#5335,#4427,.T.);
#3439=EDGE_CURVE('',#5379,#5380,#4428,.T.);
#3440=EDGE_CURVE('',#5381,#5379,#5049,.T.);
#3441=EDGE_CURVE('',#5382,#5381,#4429,.T.);
#3442=EDGE_CURVE('',#5380,#5382,#5050,.T.);
#3443=EDGE_CURVE('',#5380,#5385,#4430,.T.);
#3444=EDGE_CURVE('',#5385,#5386,#4431,.T.);
#3445=EDGE_CURVE('',#5386,#5379,#4432,.T.);
#3446=EDGE_CURVE('',#5387,#5388,#4433,.T.);
#3447=EDGE_CURVE('',#5388,#5389,#4434,.T.);
#3448=EDGE_CURVE('',#5389,#5390,#4435,.T.);
#3449=EDGE_CURVE('',#5390,#5387,#4436,.T.);
#3450=EDGE_CURVE('',#5388,#5391,#4437,.T.);
#3451=EDGE_CURVE('',#5391,#5392,#4438,.T.);
#3452=EDGE_CURVE('',#5392,#5389,#4439,.T.);
#3453=EDGE_CURVE('',#5393,#5394,#4440,.T.);
#3454=EDGE_CURVE('',#5394,#5395,#4441,.T.);
#3455=EDGE_CURVE('',#5395,#5396,#4442,.T.);
#3456=EDGE_CURVE('',#5396,#5393,#4443,.T.);
#3457=EDGE_CURVE('',#5397,#5393,#4444,.T.);
#3458=EDGE_CURVE('',#5396,#5398,#4445,.T.);
#3459=EDGE_CURVE('',#5398,#5397,#4446,.T.);
#3460=EDGE_CURVE('',#5399,#5397,#4447,.T.);
#3461=EDGE_CURVE('',#5398,#5400,#4448,.T.);
#3462=EDGE_CURVE('',#5400,#5399,#4449,.T.);
#3463=EDGE_CURVE('',#5401,#5402,#4450,.T.);
#3464=EDGE_CURVE('',#5395,#5401,#5051,.T.);
#3465=EDGE_CURVE('',#5402,#5394,#5052,.T.);
#3466=EDGE_CURVE('',#5402,#5403,#4451,.T.);
#3467=EDGE_CURVE('',#5403,#5404,#4452,.T.);
#3468=EDGE_CURVE('',#5404,#5401,#4453,.T.);
#3469=EDGE_CURVE('',#5403,#5405,#4454,.T.);
#3470=EDGE_CURVE('',#5405,#5406,#4455,.T.);
#3471=EDGE_CURVE('',#5406,#5404,#4456,.T.);
#3472=EDGE_CURVE('',#5407,#5408,#4457,.T.);
#3473=EDGE_CURVE('',#5408,#5409,#4458,.T.);
#3474=EDGE_CURVE('',#5409,#5410,#4459,.T.);
#3475=EDGE_CURVE('',#5410,#5407,#4460,.T.);
#3476=EDGE_CURVE('',#5408,#5411,#4461,.T.);
#3477=EDGE_CURVE('',#5411,#5412,#4462,.T.);
#3478=EDGE_CURVE('',#5412,#5409,#4463,.T.);
#3479=EDGE_CURVE('',#5413,#5382,#4464,.T.);
#3480=EDGE_CURVE('',#5381,#5414,#4465,.T.);
#3481=EDGE_CURVE('',#5414,#5413,#4466,.T.);
#3482=EDGE_CURVE('',#5415,#5413,#4467,.T.);
#3483=EDGE_CURVE('',#5414,#5416,#4468,.T.);
#3484=EDGE_CURVE('',#5416,#5415,#4469,.T.);
#3485=EDGE_CURVE('',#5405,#5417,#5053,.T.);
#3486=EDGE_CURVE('',#5417,#5418,#4470,.T.);
#3487=EDGE_CURVE('',#5418,#5406,#5054,.T.);
#3488=EDGE_CURVE('',#5385,#5419,#4471,.T.);
#3489=EDGE_CURVE('',#5419,#5420,#4472,.T.);
#3490=EDGE_CURVE('',#5420,#5386,#4473,.T.);
#3491=EDGE_CURVE('',#5420,#5390,#5055,.T.);
#3492=EDGE_CURVE('',#5423,#5410,#4474,.T.);
#3493=EDGE_CURVE('',#5425,#5400,#4475,.T.);
#3494=EDGE_CURVE('',#5417,#5426,#4476,.T.);
#3495=EDGE_CURVE('',#5426,#5424,#4477,.T.);
#3496=EDGE_CURVE('',#5418,#5424,#4478,.T.);
#3497=EDGE_CURVE('',#5426,#5415,#5056,.T.);
#3498=EDGE_CURVE('',#5424,#5416,#5057,.T.);
#3499=EDGE_CURVE('',#5428,#5429,#4479,.T.);
#3500=EDGE_CURVE('',#5432,#5433,#4480,.T.);
#3501=EDGE_CURVE('',#5435,#5436,#4481,.T.);
#3502=EDGE_CURVE('',#5437,#5438,#4482,.T.);
#3503=EDGE_CURVE('',#5439,#5440,#4483,.T.);
#3504=EDGE_CURVE('',#5443,#5444,#4484,.T.);
#3505=EDGE_CURVE('',#5449,#5450,#4485,.T.);
#3506=EDGE_CURVE('',#5451,#5448,#4486,.T.);
#3507=EDGE_CURVE('',#5453,#5454,#4487,.T.);
#3508=EDGE_CURVE('',#5457,#5458,#4488,.T.);
#3509=EDGE_CURVE('',#5461,#5462,#4489,.T.);
#3510=EDGE_CURVE('',#5463,#5464,#4490,.T.);
#3511=EDGE_CURVE('',#5464,#5465,#4491,.T.);
#3512=EDGE_CURVE('',#5465,#5466,#4492,.T.);
#3513=EDGE_CURVE('',#5467,#5468,#4493,.T.);
#3514=EDGE_CURVE('',#5470,#5471,#4494,.T.);
#3515=EDGE_CURVE('',#5213,#5212,#5058,.T.);
#3516=EDGE_CURVE('',#5212,#5213,#5059,.T.);
#3517=EDGE_CURVE('',#5447,#5446,#5060,.T.);
#3518=EDGE_CURVE('',#5446,#5447,#5061,.T.);
#3519=EDGE_CURVE('',#5212,#5446,#4495,.T.);
#3520=EDGE_CURVE('',#5213,#5447,#4496,.T.);
#3521=EDGE_CURVE('',#5428,#5454,#4497,.T.);
#3522=EDGE_CURVE('',#5453,#5429,#4498,.T.);
#3523=EDGE_CURVE('',#5452,#5453,#4499,.T.);
#3524=EDGE_CURVE('',#5429,#5430,#4500,.T.);
#3525=EDGE_CURVE('',#5430,#5431,#5062,.T.);
#3526=EDGE_CURVE('',#5430,#5452,#4501,.T.);
#3527=EDGE_CURVE('',#5472,#5452,#5063,.T.);
#3528=EDGE_CURVE('',#5472,#5431,#4502,.T.);
#3529=EDGE_CURVE('',#5471,#5472,#4503,.T.);
#3530=EDGE_CURVE('',#5471,#5432,#4504,.T.);
#3531=EDGE_CURVE('',#5431,#5432,#4505,.T.);
#3532=EDGE_CURVE('',#5470,#5433,#4506,.T.);
#3533=EDGE_CURVE('',#5469,#5470,#5064,.T.);
#3534=EDGE_CURVE('',#5434,#5469,#4507,.T.);
#3535=EDGE_CURVE('',#5433,#5434,#5065,.T.);
#3536=EDGE_CURVE('',#5468,#5469,#4508,.T.);
#3537=EDGE_CURVE('',#5434,#5435,#4509,.T.);
#3538=EDGE_CURVE('',#5435,#5468,#4510,.T.);
#3539=EDGE_CURVE('',#5467,#5436,#4511,.T.);
#3540=EDGE_CURVE('',#5466,#5467,#4512,.T.);
#3541=EDGE_CURVE('',#5436,#5437,#4513,.T.);
#3542=EDGE_CURVE('',#5462,#5463,#4514,.T.);
#3543=EDGE_CURVE('',#5438,#5439,#4515,.T.);
#3544=EDGE_CURVE('',#5439,#5462,#4516,.T.);
#3545=EDGE_CURVE('',#5461,#5440,#4517,.T.);
#3546=EDGE_CURVE('',#5460,#5461,#4518,.T.);
#3547=EDGE_CURVE('',#5440,#5441,#4519,.T.);
#3548=EDGE_CURVE('',#5441,#5442,#5066,.T.);
#3549=EDGE_CURVE('',#5441,#5460,#4520,.T.);
#3550=EDGE_CURVE('',#5459,#5460,#5067,.T.);
#3551=EDGE_CURVE('',#5459,#5442,#4521,.T.);
#3552=EDGE_CURVE('',#5458,#5459,#4522,.T.);
#3553=EDGE_CURVE('',#5458,#5443,#4523,.T.);
#3554=EDGE_CURVE('',#5442,#5443,#4524,.T.);
#3555=EDGE_CURVE('',#5457,#5444,#4525,.T.);
#3556=EDGE_CURVE('',#5456,#5457,#5068,.T.);
#3557=EDGE_CURVE('',#5445,#5456,#4526,.T.);
#3558=EDGE_CURVE('',#5444,#5445,#5069,.T.);
#3559=EDGE_CURVE('',#5455,#5456,#4527,.T.);
#3560=EDGE_CURVE('',#5445,#5427,#4528,.T.);
#3561=EDGE_CURVE('',#5455,#5427,#4529,.T.);
#3562=EDGE_CURVE('',#5454,#5455,#5070,.T.);
#3563=EDGE_CURVE('',#5427,#5428,#5071,.T.);
#3564=EDGE_CURVE('',#5448,#5449,#4530,.T.);
#3565=EDGE_CURVE('',#5265,#5266,#4531,.T.);
#3566=EDGE_CURVE('',#5266,#5448,#4532,.T.);
#3567=EDGE_CURVE('',#5451,#5267,#4533,.T.);
#3568=EDGE_CURVE('',#5450,#5451,#4534,.T.);
#3569=EDGE_CURVE('',#5267,#5264,#4535,.T.);
#3570=EDGE_CURVE('',#5264,#5450,#4536,.T.);
#3571=EDGE_CURVE('',#5449,#5265,#4537,.T.);
#3572=EDGE_CURVE('',#5475,#5476,#4538,.T.);
#3573=EDGE_CURVE('',#5476,#5477,#4539,.T.);
#3574=EDGE_CURVE('',#5477,#5244,#4540,.T.);
#3575=EDGE_CURVE('',#5274,#5275,#4541,.T.);
#3576=EDGE_CURVE('',#5289,#5475,#4542,.T.);
#3577=EDGE_CURVE('',#5384,#5383,#5072,.T.);
#3578=EDGE_CURVE('',#5383,#5384,#5073,.T.);
#3579=EDGE_CURVE('',#5480,#5481,#5074,.T.);
#3580=EDGE_CURVE('',#5481,#5480,#5075,.T.);
#3581=EDGE_CURVE('',#5383,#5481,#4543,.T.);
#3582=EDGE_CURVE('',#5384,#5480,#4544,.T.);
#3583=EDGE_CURVE('',#5476,#5479,#4545,.T.);
#3584=EDGE_CURVE('',#5475,#5482,#4546,.T.);
#3585=EDGE_CURVE('',#5482,#5479,#4547,.T.);
#3586=EDGE_CURVE('',#5483,#5484,#4548,.T.);
#3587=EDGE_CURVE('',#5484,#5485,#4549,.T.);
#3588=EDGE_CURVE('',#5485,#5486,#4550,.T.);
#3589=EDGE_CURVE('',#5486,#5483,#4551,.T.);
#3590=EDGE_CURVE('',#5249,#5487,#4552,.T.);
#3591=EDGE_CURVE('',#5487,#5488,#4553,.T.);
#3592=EDGE_CURVE('',#5488,#5489,#4554,.T.);
#3593=EDGE_CURVE('',#5489,#5299,#4555,.T.);
#3594=EDGE_CURVE('',#5301,#5298,#4556,.T.);
#3595=EDGE_CURVE('',#5474,#5473,#5076,.T.);
#3596=EDGE_CURVE('',#5473,#5474,#5077,.T.);
#3597=EDGE_CURVE('',#5492,#5493,#5078,.T.);
#3598=EDGE_CURVE('',#5493,#5492,#5079,.T.);
#3599=EDGE_CURVE('',#5473,#5493,#4557,.T.);
#3600=EDGE_CURVE('',#5474,#5492,#4558,.T.);
#3601=EDGE_CURVE('',#5487,#5491,#4559,.T.);
#3602=EDGE_CURVE('',#5248,#5249,#4560,.T.);
#3603=EDGE_CURVE('',#5494,#5495,#4561,.T.);
#3604=EDGE_CURVE('',#5496,#5494,#5080,.T.);
#3605=EDGE_CURVE('',#5497,#5496,#4562,.T.);
#3606=EDGE_CURVE('',#5495,#5497,#5081,.T.);
#3607=EDGE_CURVE('',#5494,#5498,#4563,.T.);
#3608=EDGE_CURVE('',#5499,#5496,#4564,.T.);
#3609=EDGE_CURVE('',#5244,#5245,#4565,.T.);
#3610=EDGE_CURVE('',#5478,#5477,#4566,.T.);
#3611=EDGE_CURVE('',#5502,#5503,#4567,.T.);
#3612=EDGE_CURVE('',#5503,#5504,#4568,.T.);
#3613=EDGE_CURVE('',#5504,#5505,#4569,.T.);
#3614=EDGE_CURVE('',#5505,#5305,#4570,.T.);
#3615=EDGE_CURVE('',#5282,#5283,#4571,.T.);
#3616=EDGE_CURVE('',#5300,#5502,#4572,.T.);
#3617=EDGE_CURVE('',#5506,#5503,#4573,.T.);
#3618=EDGE_CURVE('',#5502,#5507,#4574,.T.);
#3619=EDGE_CURVE('',#5507,#5506,#4575,.T.);
#3620=EDGE_CURVE('',#5501,#5500,#5082,.T.);
#3621=EDGE_CURVE('',#5500,#5501,#5083,.T.);
#3622=EDGE_CURVE('',#5508,#5509,#5084,.T.);
#3623=EDGE_CURVE('',#5509,#5508,#5085,.T.);
#3624=EDGE_CURVE('',#5500,#5509,#4576,.T.);
#3625=EDGE_CURVE('',#5501,#5508,#4577,.T.);
#3626=EDGE_CURVE('',#5510,#5505,#4578,.T.);
#3627=EDGE_CURVE('',#5504,#5511,#4579,.T.);
#3628=EDGE_CURVE('',#5511,#5510,#4580,.T.);
#3629=EDGE_CURVE('',#5512,#5489,#4581,.T.);
#3630=EDGE_CURVE('',#5490,#5488,#4582,.T.);
#3631=EDGE_CURVE('',#5490,#5512,#4583,.T.);
#3632=EDGE_CURVE('',#5513,#5514,#4584,.T.);
#3633=EDGE_CURVE('',#5514,#5515,#4585,.T.);
#3634=EDGE_CURVE('',#5515,#5516,#4586,.T.);
#3635=EDGE_CURVE('',#5516,#5513,#4587,.T.);
#3636=EDGE_CURVE('',#5519,#5306,#4588,.T.);
#3637=EDGE_CURVE('',#5520,#5521,#4589,.T.);
#3638=EDGE_CURVE('',#5288,#5524,#4590,.T.);
#3639=EDGE_CURVE('',#5519,#5525,#4591,.T.);
#3640=EDGE_CURVE('',#5525,#5526,#4592,.T.);
#3641=EDGE_CURVE('',#5526,#5524,#4593,.T.);
#3642=EDGE_CURVE('',#5309,#5287,#4594,.T.);
#3643=EDGE_CURVE('',#5527,#5525,#4595,.T.);
#3644=EDGE_CURVE('',#5522,#5519,#4596,.T.);
#3645=EDGE_CURVE('',#5522,#5527,#4597,.T.);
#3646=EDGE_CURVE('',#5518,#5517,#5086,.T.);
#3647=EDGE_CURVE('',#5517,#5518,#5087,.T.);
#3648=EDGE_CURVE('',#5528,#5529,#5088,.T.);
#3649=EDGE_CURVE('',#5529,#5528,#5089,.T.);
#3650=EDGE_CURVE('',#5517,#5529,#4598,.T.);
#3651=EDGE_CURVE('',#5518,#5528,#4599,.T.);
#3652=EDGE_CURVE('',#5531,#5532,#4600,.T.);
#3653=EDGE_CURVE('',#5533,#5534,#4601,.T.);
#3654=EDGE_CURVE('',#5524,#5523,#4602,.T.);
#3655=EDGE_CURVE('',#5530,#5526,#4603,.T.);
#3656=EDGE_CURVE('',#5535,#5536,#4604,.T.);
#3657=EDGE_CURVE('',#5537,#5538,#4605,.T.);
#3658=EDGE_CURVE('',#5208,#5228,#4606,.T.);
#3659=EDGE_CURVE('',#5211,#5270,#4607,.T.);
#3660=EDGE_CURVE('',#5539,#5540,#5090,.T.);
#3661=EDGE_CURVE('',#5541,#5539,#4608,.T.);
#3662=EDGE_CURVE('',#5542,#5541,#5091,.T.);
#3663=EDGE_CURVE('',#5540,#5542,#4609,.T.);
#3664=EDGE_CURVE('',#5543,#5544,#4610,.T.);
#3665=EDGE_CURVE('',#5544,#5541,#4611,.T.);
#3666=EDGE_CURVE('',#5539,#5543,#4612,.T.);
#3667=EDGE_CURVE('',#5545,#5546,#4613,.T.);
#3668=EDGE_CURVE('',#5546,#5544,#4614,.T.);
#3669=EDGE_CURVE('',#5543,#5545,#4615,.T.);
#3670=EDGE_CURVE('',#5547,#5548,#4616,.T.);
#3671=EDGE_CURVE('',#5548,#5546,#4617,.T.);
#3672=EDGE_CURVE('',#5545,#5547,#4618,.T.);
#3673=EDGE_CURVE('',#5549,#5550,#4619,.T.);
#3674=EDGE_CURVE('',#5550,#5548,#5092,.T.);
#3675=EDGE_CURVE('',#5547,#5549,#5093,.T.);
#3676=EDGE_CURVE('',#5551,#5552,#4620,.T.);
#3677=EDGE_CURVE('',#5552,#5550,#4621,.T.);
#3678=EDGE_CURVE('',#5549,#5551,#4622,.T.);
#3679=EDGE_CURVE('',#5553,#5554,#4623,.T.);
#3680=EDGE_CURVE('',#5554,#5552,#4624,.T.);
#3681=EDGE_CURVE('',#5551,#5553,#4625,.T.);
#3682=EDGE_CURVE('',#5554,#5542,#4626,.T.);
#3683=EDGE_CURVE('',#5540,#5553,#4627,.T.);
#3684=EDGE_CURVE('',#5555,#5556,#5094,.T.);
#3685=EDGE_CURVE('',#5557,#5555,#4628,.T.);
#3686=EDGE_CURVE('',#5558,#5557,#5095,.T.);
#3687=EDGE_CURVE('',#5556,#5558,#4629,.T.);
#3688=EDGE_CURVE('',#5559,#5560,#4630,.T.);
#3689=EDGE_CURVE('',#5560,#5557,#4631,.T.);
#3690=EDGE_CURVE('',#5555,#5559,#4632,.T.);
#3691=EDGE_CURVE('',#5561,#5562,#4633,.T.);
#3692=EDGE_CURVE('',#5562,#5560,#4634,.T.);
#3693=EDGE_CURVE('',#5559,#5561,#4635,.T.);
#3694=EDGE_CURVE('',#5563,#5564,#4636,.T.);
#3695=EDGE_CURVE('',#5564,#5562,#4637,.T.);
#3696=EDGE_CURVE('',#5561,#5563,#4638,.T.);
#3697=EDGE_CURVE('',#5565,#5566,#4639,.T.);
#3698=EDGE_CURVE('',#5566,#5564,#5096,.T.);
#3699=EDGE_CURVE('',#5563,#5565,#5097,.T.);
#3700=EDGE_CURVE('',#5567,#5568,#4640,.T.);
#3701=EDGE_CURVE('',#5568,#5566,#4641,.T.);
#3702=EDGE_CURVE('',#5565,#5567,#4642,.T.);
#3703=EDGE_CURVE('',#5569,#5570,#4643,.T.);
#3704=EDGE_CURVE('',#5570,#5568,#4644,.T.);
#3705=EDGE_CURVE('',#5567,#5569,#4645,.T.);
#3706=EDGE_CURVE('',#5570,#5558,#4646,.T.);
#3707=EDGE_CURVE('',#5556,#5569,#4647,.T.);
#3708=EDGE_CURVE('',#5571,#5572,#4648,.T.);
#3709=EDGE_CURVE('',#5573,#5571,#5098,.T.);
#3710=EDGE_CURVE('',#5574,#5573,#4649,.T.);
#3711=EDGE_CURVE('',#5572,#5574,#5099,.T.);
#3712=EDGE_CURVE('',#5575,#5576,#5100,.T.);
#3713=EDGE_CURVE('',#5577,#5575,#4650,.T.);
#3714=EDGE_CURVE('',#5578,#5577,#5101,.T.);
#3715=EDGE_CURVE('',#5576,#5578,#4651,.T.);
#3716=EDGE_CURVE('',#5579,#5580,#4652,.T.);
#3717=EDGE_CURVE('',#5580,#5577,#4653,.T.);
#3718=EDGE_CURVE('',#5575,#5579,#4654,.T.);
#3719=EDGE_CURVE('',#5581,#5582,#4655,.T.);
#3720=EDGE_CURVE('',#5582,#5580,#4656,.T.);
#3721=EDGE_CURVE('',#5579,#5581,#4657,.T.);
#3722=EDGE_CURVE('',#5583,#5584,#4658,.T.);
#3723=EDGE_CURVE('',#5584,#5582,#4659,.T.);
#3724=EDGE_CURVE('',#5581,#5583,#4660,.T.);
#3725=EDGE_CURVE('',#5585,#5586,#4661,.T.);
#3726=EDGE_CURVE('',#5586,#5584,#5102,.T.);
#3727=EDGE_CURVE('',#5583,#5585,#5103,.T.);
#3728=EDGE_CURVE('',#5587,#5588,#4662,.T.);
#3729=EDGE_CURVE('',#5588,#5586,#4663,.T.);
#3730=EDGE_CURVE('',#5585,#5587,#4664,.T.);
#3731=EDGE_CURVE('',#5589,#5590,#4665,.T.);
#3732=EDGE_CURVE('',#5590,#5588,#4666,.T.);
#3733=EDGE_CURVE('',#5587,#5589,#4667,.T.);
#3734=EDGE_CURVE('',#5578,#5590,#4668,.T.);
#3735=EDGE_CURVE('',#5589,#5576,#4669,.T.);
#3736=EDGE_CURVE('',#5591,#5592,#5104,.T.);
#3737=EDGE_CURVE('',#5593,#5591,#4670,.T.);
#3738=EDGE_CURVE('',#5594,#5593,#5105,.T.);
#3739=EDGE_CURVE('',#5592,#5594,#4671,.T.);
#3740=EDGE_CURVE('',#5595,#5596,#4672,.T.);
#3741=EDGE_CURVE('',#5596,#5593,#4673,.T.);
#3742=EDGE_CURVE('',#5591,#5595,#4674,.T.);
#3743=EDGE_CURVE('',#5597,#5598,#4675,.T.);
#3744=EDGE_CURVE('',#5598,#5596,#4676,.T.);
#3745=EDGE_CURVE('',#5595,#5597,#4677,.T.);
#3746=EDGE_CURVE('',#5599,#5600,#4678,.T.);
#3747=EDGE_CURVE('',#5600,#5598,#4679,.T.);
#3748=EDGE_CURVE('',#5597,#5599,#4680,.T.);
#3749=EDGE_CURVE('',#5601,#5602,#4681,.T.);
#3750=EDGE_CURVE('',#5602,#5600,#5106,.T.);
#3751=EDGE_CURVE('',#5599,#5601,#5107,.T.);
#3752=EDGE_CURVE('',#5603,#5604,#4682,.T.);
#3753=EDGE_CURVE('',#5604,#5602,#4683,.T.);
#3754=EDGE_CURVE('',#5601,#5603,#4684,.T.);
#3755=EDGE_CURVE('',#5605,#5606,#4685,.T.);
#3756=EDGE_CURVE('',#5606,#5604,#4686,.T.);
#3757=EDGE_CURVE('',#5603,#5605,#4687,.T.);
#3758=EDGE_CURVE('',#5606,#5594,#4688,.T.);
#3759=EDGE_CURVE('',#5592,#5605,#4689,.T.);
#3760=EDGE_CURVE('',#5607,#5608,#5108,.T.);
#3761=EDGE_CURVE('',#5609,#5607,#4690,.T.);
#3762=EDGE_CURVE('',#5610,#5609,#5109,.T.);
#3763=EDGE_CURVE('',#5608,#5610,#4691,.T.);
#3764=EDGE_CURVE('',#5611,#5612,#4692,.T.);
#3765=EDGE_CURVE('',#5612,#5609,#4693,.T.);
#3766=EDGE_CURVE('',#5607,#5611,#4694,.T.);
#3767=EDGE_CURVE('',#5613,#5614,#4695,.T.);
#3768=EDGE_CURVE('',#5614,#5612,#4696,.T.);
#3769=EDGE_CURVE('',#5611,#5613,#4697,.T.);
#3770=EDGE_CURVE('',#5615,#5616,#4698,.T.);
#3771=EDGE_CURVE('',#5616,#5614,#4699,.T.);
#3772=EDGE_CURVE('',#5613,#5615,#4700,.T.);
#3773=EDGE_CURVE('',#5617,#5618,#4701,.T.);
#3774=EDGE_CURVE('',#5618,#5616,#5110,.T.);
#3775=EDGE_CURVE('',#5615,#5617,#5111,.T.);
#3776=EDGE_CURVE('',#5619,#5620,#4702,.T.);
#3777=EDGE_CURVE('',#5620,#5618,#4703,.T.);
#3778=EDGE_CURVE('',#5617,#5619,#4704,.T.);
#3779=EDGE_CURVE('',#5621,#5622,#4705,.T.);
#3780=EDGE_CURVE('',#5622,#5620,#4706,.T.);
#3781=EDGE_CURVE('',#5619,#5621,#4707,.T.);
#3782=EDGE_CURVE('',#5622,#5610,#4708,.T.);
#3783=EDGE_CURVE('',#5608,#5621,#4709,.T.);
#3784=EDGE_CURVE('',#5535,#5623,#4710,.T.);
#3785=EDGE_CURVE('',#5538,#5535,#5112,.T.);
#3786=EDGE_CURVE('',#5624,#5538,#4711,.T.);
#3787=EDGE_CURVE('',#5623,#5624,#5113,.T.);
#3788=EDGE_CURVE('',#5625,#5626,#5114,.T.);
#3789=EDGE_CURVE('',#5627,#5625,#4712,.T.);
#3790=EDGE_CURVE('',#5628,#5627,#5115,.T.);
#3791=EDGE_CURVE('',#5626,#5628,#4713,.T.);
#3792=EDGE_CURVE('',#5629,#5630,#4714,.T.);
#3793=EDGE_CURVE('',#5630,#5627,#4715,.T.);
#3794=EDGE_CURVE('',#5625,#5629,#4716,.T.);
#3795=EDGE_CURVE('',#5631,#5632,#4717,.T.);
#3796=EDGE_CURVE('',#5632,#5630,#4718,.T.);
#3797=EDGE_CURVE('',#5629,#5631,#4719,.T.);
#3798=EDGE_CURVE('',#5633,#5634,#4720,.T.);
#3799=EDGE_CURVE('',#5634,#5632,#4721,.T.);
#3800=EDGE_CURVE('',#5631,#5633,#4722,.T.);
#3801=EDGE_CURVE('',#5635,#5636,#4723,.T.);
#3802=EDGE_CURVE('',#5636,#5634,#5116,.T.);
#3803=EDGE_CURVE('',#5633,#5635,#5117,.T.);
#3804=EDGE_CURVE('',#5637,#5638,#4724,.T.);
#3805=EDGE_CURVE('',#5638,#5636,#4725,.T.);
#3806=EDGE_CURVE('',#5635,#5637,#4726,.T.);
#3807=EDGE_CURVE('',#5639,#5640,#4727,.T.);
#3808=EDGE_CURVE('',#5640,#5638,#4728,.T.);
#3809=EDGE_CURVE('',#5637,#5639,#4729,.T.);
#3810=EDGE_CURVE('',#5628,#5640,#4730,.T.);
#3811=EDGE_CURVE('',#5639,#5626,#4731,.T.);
#3812=EDGE_CURVE('',#5641,#5642,#5118,.T.);
#3813=EDGE_CURVE('',#5643,#5641,#4732,.T.);
#3814=EDGE_CURVE('',#5644,#5643,#5119,.T.);
#3815=EDGE_CURVE('',#5642,#5644,#4733,.T.);
#3816=EDGE_CURVE('',#5645,#5646,#4734,.T.);
#3817=EDGE_CURVE('',#5646,#5643,#4735,.T.);
#3818=EDGE_CURVE('',#5641,#5645,#4736,.T.);
#3819=EDGE_CURVE('',#5647,#5648,#4737,.T.);
#3820=EDGE_CURVE('',#5648,#5646,#4738,.T.);
#3821=EDGE_CURVE('',#5645,#5647,#4739,.T.);
#3822=EDGE_CURVE('',#5649,#5650,#4740,.T.);
#3823=EDGE_CURVE('',#5650,#5648,#4741,.T.);
#3824=EDGE_CURVE('',#5647,#5649,#4742,.T.);
#3825=EDGE_CURVE('',#5651,#5652,#4743,.T.);
#3826=EDGE_CURVE('',#5652,#5650,#5120,.T.);
#3827=EDGE_CURVE('',#5649,#5651,#5121,.T.);
#3828=EDGE_CURVE('',#5653,#5654,#4744,.T.);
#3829=EDGE_CURVE('',#5654,#5652,#4745,.T.);
#3830=EDGE_CURVE('',#5651,#5653,#4746,.T.);
#3831=EDGE_CURVE('',#5655,#5656,#4747,.T.);
#3832=EDGE_CURVE('',#5656,#5654,#4748,.T.);
#3833=EDGE_CURVE('',#5653,#5655,#4749,.T.);
#3834=EDGE_CURVE('',#5656,#5644,#4750,.T.);
#3835=EDGE_CURVE('',#5642,#5655,#4751,.T.);
#3836=EDGE_CURVE('',#5657,#5658,#5122,.T.);
#3837=EDGE_CURVE('',#5659,#5657,#4752,.T.);
#3838=EDGE_CURVE('',#5660,#5659,#5123,.T.);
#3839=EDGE_CURVE('',#5658,#5660,#4753,.T.);
#3840=EDGE_CURVE('',#5661,#5662,#4754,.T.);
#3841=EDGE_CURVE('',#5662,#5659,#4755,.T.);
#3842=EDGE_CURVE('',#5657,#5661,#4756,.T.);
#3843=EDGE_CURVE('',#5663,#5664,#4757,.T.);
#3844=EDGE_CURVE('',#5664,#5662,#4758,.T.);
#3845=EDGE_CURVE('',#5661,#5663,#4759,.T.);
#3846=EDGE_CURVE('',#5665,#5666,#4760,.T.);
#3847=EDGE_CURVE('',#5666,#5664,#4761,.T.);
#3848=EDGE_CURVE('',#5663,#5665,#4762,.T.);
#3849=EDGE_CURVE('',#5667,#5668,#4763,.T.);
#3850=EDGE_CURVE('',#5668,#5666,#5124,.T.);
#3851=EDGE_CURVE('',#5665,#5667,#5125,.T.);
#3852=EDGE_CURVE('',#5669,#5670,#4764,.T.);
#3853=EDGE_CURVE('',#5670,#5668,#4765,.T.);
#3854=EDGE_CURVE('',#5667,#5669,#4766,.T.);
#3855=EDGE_CURVE('',#5671,#5672,#4767,.T.);
#3856=EDGE_CURVE('',#5672,#5670,#4768,.T.);
#3857=EDGE_CURVE('',#5669,#5671,#4769,.T.);
#3858=EDGE_CURVE('',#5672,#5660,#4770,.T.);
#3859=EDGE_CURVE('',#5658,#5671,#4771,.T.);
#3860=EDGE_CURVE('',#5531,#5673,#4772,.T.);
#3861=EDGE_CURVE('',#5534,#5531,#5126,.T.);
#3862=EDGE_CURVE('',#5674,#5534,#4773,.T.);
#3863=EDGE_CURVE('',#5673,#5674,#5127,.T.);
#3864=EDGE_CURVE('',#5675,#5676,#5128,.T.);
#3865=EDGE_CURVE('',#5677,#5675,#4774,.T.);
#3866=EDGE_CURVE('',#5678,#5677,#5129,.T.);
#3867=EDGE_CURVE('',#5676,#5678,#4775,.T.);
#3868=EDGE_CURVE('',#5679,#5680,#4776,.T.);
#3869=EDGE_CURVE('',#5680,#5677,#4777,.T.);
#3870=EDGE_CURVE('',#5675,#5679,#4778,.T.);
#3871=EDGE_CURVE('',#5681,#5682,#4779,.T.);
#3872=EDGE_CURVE('',#5682,#5680,#4780,.T.);
#3873=EDGE_CURVE('',#5679,#5681,#4781,.T.);
#3874=EDGE_CURVE('',#5683,#5684,#4782,.T.);
#3875=EDGE_CURVE('',#5684,#5682,#4783,.T.);
#3876=EDGE_CURVE('',#5681,#5683,#4784,.T.);
#3877=EDGE_CURVE('',#5685,#5686,#4785,.T.);
#3878=EDGE_CURVE('',#5686,#5684,#5130,.T.);
#3879=EDGE_CURVE('',#5683,#5685,#5131,.T.);
#3880=EDGE_CURVE('',#5687,#5688,#4786,.T.);
#3881=EDGE_CURVE('',#5688,#5686,#4787,.T.);
#3882=EDGE_CURVE('',#5685,#5687,#4788,.T.);
#3883=EDGE_CURVE('',#5689,#5690,#4789,.T.);
#3884=EDGE_CURVE('',#5690,#5688,#4790,.T.);
#3885=EDGE_CURVE('',#5687,#5689,#4791,.T.);
#3886=EDGE_CURVE('',#5678,#5690,#4792,.T.);
#3887=EDGE_CURVE('',#5689,#5676,#4793,.T.);
#3888=EDGE_CURVE('',#5691,#5692,#5132,.T.);
#3889=EDGE_CURVE('',#5693,#5691,#4794,.T.);
#3890=EDGE_CURVE('',#5694,#5693,#5133,.T.);
#3891=EDGE_CURVE('',#5692,#5694,#4795,.T.);
#3892=EDGE_CURVE('',#5695,#5696,#4796,.T.);
#3893=EDGE_CURVE('',#5696,#5693,#4797,.T.);
#3894=EDGE_CURVE('',#5691,#5695,#4798,.T.);
#3895=EDGE_CURVE('',#5697,#5698,#4799,.T.);
#3896=EDGE_CURVE('',#5698,#5696,#4800,.T.);
#3897=EDGE_CURVE('',#5695,#5697,#4801,.T.);
#3898=EDGE_CURVE('',#5699,#5700,#4802,.T.);
#3899=EDGE_CURVE('',#5700,#5698,#4803,.T.);
#3900=EDGE_CURVE('',#5697,#5699,#4804,.T.);
#3901=EDGE_CURVE('',#5701,#5702,#4805,.T.);
#3902=EDGE_CURVE('',#5702,#5700,#5134,.T.);
#3903=EDGE_CURVE('',#5699,#5701,#5135,.T.);
#3904=EDGE_CURVE('',#5703,#5704,#4806,.T.);
#3905=EDGE_CURVE('',#5704,#5702,#4807,.T.);
#3906=EDGE_CURVE('',#5701,#5703,#4808,.T.);
#3907=EDGE_CURVE('',#5705,#5706,#4809,.T.);
#3908=EDGE_CURVE('',#5706,#5704,#4810,.T.);
#3909=EDGE_CURVE('',#5703,#5705,#4811,.T.);
#3910=EDGE_CURVE('',#5694,#5706,#4812,.T.);
#3911=EDGE_CURVE('',#5705,#5692,#4813,.T.);
#3912=EDGE_CURVE('',#5707,#5708,#5136,.T.);
#3913=EDGE_CURVE('',#5709,#5707,#4814,.T.);
#3914=EDGE_CURVE('',#5710,#5709,#5137,.T.);
#3915=EDGE_CURVE('',#5708,#5710,#4815,.T.);
#3916=EDGE_CURVE('',#5711,#5712,#4816,.T.);
#3917=EDGE_CURVE('',#5712,#5709,#4817,.T.);
#3918=EDGE_CURVE('',#5707,#5711,#4818,.T.);
#3919=EDGE_CURVE('',#5713,#5714,#4819,.T.);
#3920=EDGE_CURVE('',#5714,#5712,#4820,.T.);
#3921=EDGE_CURVE('',#5711,#5713,#4821,.T.);
#3922=EDGE_CURVE('',#5715,#5716,#4822,.T.);
#3923=EDGE_CURVE('',#5716,#5714,#4823,.T.);
#3924=EDGE_CURVE('',#5713,#5715,#4824,.T.);
#3925=EDGE_CURVE('',#5717,#5718,#4825,.T.);
#3926=EDGE_CURVE('',#5718,#5716,#5138,.T.);
#3927=EDGE_CURVE('',#5715,#5717,#5139,.T.);
#3928=EDGE_CURVE('',#5719,#5720,#4826,.T.);
#3929=EDGE_CURVE('',#5720,#5718,#4827,.T.);
#3930=EDGE_CURVE('',#5717,#5719,#4828,.T.);
#3931=EDGE_CURVE('',#5721,#5722,#4829,.T.);
#3932=EDGE_CURVE('',#5722,#5720,#4830,.T.);
#3933=EDGE_CURVE('',#5719,#5721,#4831,.T.);
#3934=EDGE_CURVE('',#5722,#5710,#4832,.T.);
#3935=EDGE_CURVE('',#5708,#5721,#4833,.T.);
#3936=EDGE_CURVE('',#5723,#5724,#5140,.T.);
#3937=EDGE_CURVE('',#5725,#5723,#4834,.T.);
#3938=EDGE_CURVE('',#5726,#5725,#5141,.T.);
#3939=EDGE_CURVE('',#5724,#5726,#4835,.T.);
#3940=EDGE_CURVE('',#5727,#5728,#4836,.T.);
#3941=EDGE_CURVE('',#5728,#5725,#4837,.T.);
#3942=EDGE_CURVE('',#5723,#5727,#4838,.T.);
#3943=EDGE_CURVE('',#5729,#5730,#4839,.T.);
#3944=EDGE_CURVE('',#5730,#5728,#4840,.T.);
#3945=EDGE_CURVE('',#5727,#5729,#4841,.T.);
#3946=EDGE_CURVE('',#5731,#5732,#4842,.T.);
#3947=EDGE_CURVE('',#5732,#5730,#4843,.T.);
#3948=EDGE_CURVE('',#5729,#5731,#4844,.T.);
#3949=EDGE_CURVE('',#5733,#5734,#4845,.T.);
#3950=EDGE_CURVE('',#5734,#5732,#5142,.T.);
#3951=EDGE_CURVE('',#5731,#5733,#5143,.T.);
#3952=EDGE_CURVE('',#5735,#5736,#4846,.T.);
#3953=EDGE_CURVE('',#5736,#5734,#4847,.T.);
#3954=EDGE_CURVE('',#5733,#5735,#4848,.T.);
#3955=EDGE_CURVE('',#5737,#5738,#4849,.T.);
#3956=EDGE_CURVE('',#5738,#5736,#4850,.T.);
#3957=EDGE_CURVE('',#5735,#5737,#4851,.T.);
#3958=EDGE_CURVE('',#5726,#5738,#4852,.T.);
#3959=EDGE_CURVE('',#5737,#5724,#4853,.T.);
#3960=EDGE_CURVE('',#5422,#5421,#5144,.T.);
#3961=EDGE_CURVE('',#5421,#5422,#5145,.T.);
#3962=EDGE_CURVE('',#5739,#5740,#5146,.T.);
#3963=EDGE_CURVE('',#5421,#5739,#4854,.T.);
#3964=EDGE_CURVE('',#5740,#5741,#5147,.T.);
#3965=EDGE_CURVE('',#5422,#5741,#4855,.T.);
#3966=EDGE_CURVE('',#5574,#5495,#4856,.T.);
#3967=EDGE_CURVE('',#5624,#5572,#4857,.T.);
#3968=EDGE_CURVE('',#5743,#5742,#5148,.T.);
#3969=EDGE_CURVE('',#5742,#5743,#5149,.T.);
#3970=EDGE_CURVE('',#5742,#5740,#4858,.T.);
#3971=EDGE_CURVE('',#5744,#5741,#5150,.T.);
#3972=EDGE_CURVE('',#5739,#5744,#5151,.T.);
#3973=EDGE_CURVE('',#5744,#5743,#4859,.T.);
#3974=EDGE_CURVE('',#5746,#5465,#4860,.T.);
#3975=EDGE_CURVE('',#5464,#5747,#4861,.T.);
#3976=EDGE_CURVE('',#5425,#5745,#4862,.T.);
#3977=EDGE_CURVE('',#5391,#5745,#4863,.T.);
#3978=EDGE_CURVE('',#5392,#5425,#4864,.T.);
#3979=EDGE_CURVE('',#5748,#5749,#5152,.T.);
#3980=EDGE_CURVE('',#5749,#5393,#4865,.T.);
#3981=EDGE_CURVE('',#5397,#5750,#4866,.T.);
#3982=EDGE_CURVE('',#5750,#5748,#4867,.T.);
#3983=EDGE_CURVE('',#5752,#5403,#4868,.T.);
#3984=EDGE_CURVE('',#5402,#5751,#5153,.T.);
#3985=EDGE_CURVE('',#5749,#5753,#5154,.T.);
#3986=EDGE_CURVE('',#5754,#5394,#5155,.T.);
#3987=EDGE_CURVE('',#5747,#5399,#4869,.T.);
#3988=EDGE_CURVE('',#5752,#5755,#4870,.T.);
#3989=EDGE_CURVE('',#5755,#5405,#4871,.T.);
#3990=EDGE_CURVE('',#5756,#5417,#4872,.T.);
#3991=EDGE_CURVE('',#5755,#5756,#5156,.T.);
#3992=EDGE_CURVE('',#5758,#5415,#4873,.T.);
#3993=EDGE_CURVE('',#5757,#5426,#4874,.T.);
#3994=EDGE_CURVE('',#5757,#5758,#5157,.T.);
#3995=EDGE_CURVE('',#5758,#5759,#4875,.T.);
#3996=EDGE_CURVE('',#5759,#5413,#4876,.T.);
#3997=EDGE_CURVE('',#5760,#5382,#5158,.T.);
#3998=EDGE_CURVE('',#5761,#5760,#5159,.T.);
#3999=EDGE_CURVE('',#5380,#5761,#5160,.T.);
#4000=EDGE_CURVE('',#5762,#5385,#4877,.T.);
#4001=EDGE_CURVE('',#5762,#5763,#4878,.T.);
#4002=EDGE_CURVE('',#5763,#5419,#4879,.T.);
#4003=EDGE_CURVE('',#5764,#5387,#4880,.T.);
#4004=EDGE_CURVE('',#5387,#5419,#5161,.T.);
#4005=EDGE_CURVE('',#5763,#5764,#5162,.T.);
#4006=EDGE_CURVE('',#5765,#5388,#4881,.T.);
#4007=EDGE_CURVE('',#5765,#5766,#4882,.T.);
#4008=EDGE_CURVE('',#5766,#5391,#4883,.T.);
#4009=EDGE_CURVE('',#5745,#5746,#4884,.T.);
#4010=EDGE_CURVE('',#5751,#5748,#5163,.T.);
#4011=EDGE_CURVE('',#5753,#5754,#5164,.T.);
#4012=EDGE_CURVE('',#5767,#5407,#4885,.T.);
#4013=EDGE_CURVE('',#5423,#5767,#4886,.T.);
#4014=EDGE_CURVE('',#5767,#5411,#4887,.T.);
#4015=EDGE_CURVE('',#5412,#5423,#4888,.T.);
#4016=EDGE_CURVE('',#5769,#5408,#4889,.T.);
#4017=EDGE_CURVE('',#5407,#5768,#4890,.T.);
#4018=EDGE_CURVE('',#5769,#5770,#4891,.T.);
#4019=EDGE_CURVE('',#5770,#5411,#4892,.T.);
#4020=EDGE_CURVE('',#5771,#5767,#4893,.T.);
#4021=EDGE_CURVE('',#5772,#5498,#4894,.T.);
#4022=EDGE_CURVE('',#5573,#5773,#4895,.T.);
#4023=EDGE_CURVE('',#5773,#5774,#4896,.T.);
#4024=EDGE_CURVE('',#5774,#5772,#4897,.T.);
#4025=EDGE_CURVE('',#5571,#5775,#4898,.T.);
#4026=EDGE_CURVE('',#5776,#5775,#4899,.T.);
#4027=EDGE_CURVE('',#5774,#5776,#5165,.T.);
#4028=EDGE_CURVE('',#5775,#5773,#5166,.T.);
#4029=EDGE_CURVE('',#5537,#5777,#4900,.T.);
#4030=EDGE_CURVE('',#5777,#5776,#4901,.T.);
#4031=EDGE_CURVE('',#5778,#5536,#4902,.T.);
#4032=EDGE_CURVE('',#5777,#5778,#5167,.T.);
#4033=EDGE_CURVE('',#5536,#5537,#5168,.T.);
#4034=EDGE_CURVE('',#5533,#5779,#4903,.T.);
#4035=EDGE_CURVE('',#5779,#5778,#4904,.T.);
#4036=EDGE_CURVE('',#5623,#5674,#4905,.T.);
#4037=EDGE_CURVE('',#5780,#5532,#4906,.T.);
#4038=EDGE_CURVE('',#5779,#5780,#5169,.T.);
#4039=EDGE_CURVE('',#5532,#5533,#5170,.T.);
#4040=EDGE_CURVE('',#5499,#5781,#4907,.T.);
#4041=EDGE_CURVE('',#5781,#5780,#4908,.T.);
#4042=EDGE_CURVE('',#5673,#5497,#4909,.T.);
#4043=EDGE_CURVE('',#5781,#5772,#5171,.T.);
#4044=EDGE_CURVE('',#5498,#5499,#5172,.T.);
#4045=EDGE_CURVE('',#5782,#5516,#5173,.T.);
#4046=EDGE_CURVE('',#5512,#5515,#5174,.T.);
#4047=EDGE_CURVE('',#5491,#5490,#5175,.T.);
#4048=EDGE_CURVE('',#5491,#5248,#4910,.T.);
#4049=EDGE_CURVE('',#5247,#5248,#5176,.T.);
#4050=EDGE_CURVE('',#5247,#5782,#4911,.T.);
#4051=EDGE_CURVE('',#5513,#5783,#5177,.T.);
#4052=EDGE_CURVE('',#5783,#5520,#4912,.T.);
#4053=EDGE_CURVE('',#5510,#5520,#5178,.T.);
#4054=EDGE_CURVE('',#5506,#5511,#5179,.T.);
#4055=EDGE_CURVE('',#5514,#5507,#5180,.T.);
#4056=EDGE_CURVE('',#5784,#5521,#4913,.T.);
#4057=EDGE_CURVE('',#5783,#5784,#4914,.T.);
#4058=EDGE_CURVE('',#5784,#5486,#5181,.T.);
#4059=EDGE_CURVE('',#5523,#5485,#5182,.T.);
#4060=EDGE_CURVE('',#5523,#5530,#4915,.T.);
#4061=EDGE_CURVE('',#5527,#5530,#5183,.T.);
#4062=EDGE_CURVE('',#5521,#5522,#5184,.T.);
#4063=EDGE_CURVE('',#5782,#5785,#4916,.T.);
#4064=EDGE_CURVE('',#5246,#5785,#4917,.T.);
#4065=EDGE_CURVE('',#5785,#5483,#5185,.T.);
#4066=EDGE_CURVE('',#5245,#5246,#5186,.T.);
#4067=EDGE_CURVE('',#5245,#5478,#4918,.T.);
#4068=EDGE_CURVE('',#5479,#5478,#5187,.T.);
#4069=EDGE_CURVE('',#5484,#5482,#5188,.T.);
#4070=EDGE_CURVE('',#5786,#5787,#4919,.T.);
#4071=EDGE_CURVE('',#5787,#5464,#4920,.T.);
#4072=EDGE_CURVE('',#5463,#5438,#4921,.T.);
#4073=EDGE_CURVE('',#5437,#5466,#4922,.T.);
#4074=EDGE_CURVE('',#5465,#5786,#4923,.T.);
#4075=EDGE_CURVE('',#5788,#5789,#4924,.T.);
#4076=EDGE_CURVE('',#5791,#5792,#4925,.T.);
#4077=EDGE_CURVE('',#5795,#5796,#4926,.T.);
#4078=EDGE_CURVE('',#5799,#5800,#4927,.T.);
#4079=EDGE_CURVE('',#5802,#5803,#4928,.T.);
#4080=EDGE_CURVE('',#5766,#5788,#4929,.T.);
#4081=EDGE_CURVE('',#5786,#5788,#4930,.T.);
#4082=EDGE_CURVE('',#5746,#5766,#4931,.T.);
#4083=EDGE_CURVE('',#5803,#5787,#4932,.T.);
#4084=EDGE_CURVE('',#5747,#5750,#4933,.T.);
#4085=EDGE_CURVE('',#5750,#5803,#4934,.T.);
#4086=EDGE_CURVE('',#5802,#5748,#4935,.T.);
#4087=EDGE_CURVE('',#5801,#5802,#5189,.T.);
#4088=EDGE_CURVE('',#5751,#5801,#4936,.T.);
#4089=EDGE_CURVE('',#5800,#5801,#4937,.T.);
#4090=EDGE_CURVE('',#5800,#5752,#4938,.T.);
#4091=EDGE_CURVE('',#5751,#5752,#4939,.T.);
#4092=EDGE_CURVE('',#5755,#5799,#4940,.T.);
#4093=EDGE_CURVE('',#5798,#5799,#5190,.T.);
#4094=EDGE_CURVE('',#5798,#5756,#4941,.T.);
#4095=EDGE_CURVE('',#5797,#5798,#4942,.T.);
#4096=EDGE_CURVE('',#5756,#5757,#4943,.T.);
#4097=EDGE_CURVE('',#5757,#5797,#4944,.T.);
#4098=EDGE_CURVE('',#5796,#5797,#5191,.T.);
#4099=EDGE_CURVE('',#5796,#5758,#4945,.T.);
#4100=EDGE_CURVE('',#5795,#5759,#4946,.T.);
#4101=EDGE_CURVE('',#5794,#5795,#4947,.T.);
#4102=EDGE_CURVE('',#5759,#5760,#4948,.T.);
#4103=EDGE_CURVE('',#5794,#5760,#4949,.T.);
#4104=EDGE_CURVE('',#5793,#5794,#5192,.T.);
#4105=EDGE_CURVE('',#5761,#5793,#4950,.T.);
#4106=EDGE_CURVE('',#5792,#5793,#4951,.T.);
#4107=EDGE_CURVE('',#5792,#5762,#4952,.T.);
#4108=EDGE_CURVE('',#5761,#5762,#4953,.T.);
#4109=EDGE_CURVE('',#5763,#5791,#4954,.T.);
#4110=EDGE_CURVE('',#5790,#5791,#5193,.T.);
#4111=EDGE_CURVE('',#5790,#5764,#4955,.T.);
#4112=EDGE_CURVE('',#5789,#5790,#4956,.T.);
#4113=EDGE_CURVE('',#5789,#5765,#4957,.T.);
#4114=EDGE_CURVE('',#5764,#5765,#4958,.T.);
#4115=EDGE_CURVE('',#5804,#5805,#4959,.T.);
#4116=EDGE_CURVE('',#5806,#5807,#4960,.T.);
#4117=EDGE_CURVE('',#5771,#5805,#4961,.T.);
#4118=EDGE_CURVE('',#5804,#5768,#4962,.T.);
#4119=EDGE_CURVE('',#5768,#5771,#4963,.T.);
#4120=EDGE_CURVE('',#5807,#5804,#4964,.T.);
#4121=EDGE_CURVE('',#5807,#5769,#4965,.T.);
#4122=EDGE_CURVE('',#5768,#5769,#4966,.T.);
#4123=EDGE_CURVE('',#5770,#5806,#4967,.T.);
#4124=EDGE_CURVE('',#5805,#5806,#4968,.T.);
#4125=EDGE_CURVE('',#5770,#5771,#4969,.T.);
#4126=EDGE_CURVE('',#5809,#5754,#4970,.T.);
#4127=EDGE_CURVE('',#5808,#5809,#5194,.T.);
#4128=EDGE_CURVE('',#5753,#5808,#4971,.T.);
#4129=EDGE_CURVE('',#5809,#5808,#4972,.T.);
#4130=EDGE_CURVE('',#5753,#5754,#4973,.T.);
#4131=EDGE_CURVE('',#5295,#5810,#4974,.T.);
#4132=EDGE_CURVE('',#5810,#5811,#4975,.T.);
#4133=EDGE_CURVE('',#5811,#5296,#4976,.T.);
#4134=EDGE_CURVE('',#5292,#5812,#4977,.T.);
#4135=EDGE_CURVE('',#5812,#5813,#4978,.T.);
#4136=EDGE_CURVE('',#5813,#5293,#4979,.T.);
#4137=EDGE_CURVE('',#5813,#5814,#4980,.T.);
#4138=EDGE_CURVE('',#5814,#5294,#4981,.T.);
#4139=EDGE_CURVE('',#5814,#5815,#4982,.T.);
#4140=EDGE_CURVE('',#5815,#5238,#4983,.T.);
#4141=EDGE_CURVE('',#5237,#5238,#4984,.T.);
#4142=EDGE_CURVE('',#5239,#5816,#4985,.T.);
#4143=EDGE_CURVE('',#5816,#5810,#4986,.T.);
#4144=EDGE_CURVE('',#5811,#5817,#4987,.T.);
#4145=EDGE_CURVE('',#5817,#5252,#4988,.T.);
#4146=EDGE_CURVE('',#5257,#5258,#4989,.T.);
#4147=EDGE_CURVE('',#5257,#5818,#4990,.T.);
#4148=EDGE_CURVE('',#5818,#5812,#4991,.T.);
#4149=EDGE_CURVE('',#5815,#5816,#4992,.T.);
#4150=EDGE_CURVE('',#5817,#5819,#4993,.T.);
#4151=EDGE_CURVE('',#5819,#5253,#4994,.T.);
#4152=EDGE_CURVE('',#5820,#5254,#4995,.T.);
#4153=EDGE_CURVE('',#5820,#5821,#4996,.T.);
#4154=EDGE_CURVE('',#5821,#5255,#4997,.T.);
#4155=EDGE_CURVE('',#5822,#5256,#4998,.T.);
#4156=EDGE_CURVE('',#5818,#5822,#4999,.T.);
#4157=EDGE_CURVE('',#5823,#5824,#5000,.T.);
#4158=EDGE_CURVE('',#5824,#5825,#5001,.T.);
#4159=EDGE_CURVE('',#5825,#5826,#5002,.T.);
#4160=EDGE_CURVE('',#5826,#5823,#5003,.T.);
#4161=EDGE_CURVE('',#5827,#5823,#5004,.T.);
#4162=EDGE_CURVE('',#5826,#5828,#5005,.T.);
#4163=EDGE_CURVE('',#5828,#5827,#5006,.T.);
#4164=EDGE_CURVE('',#5830,#5829,#5007,.T.);
#4165=EDGE_CURVE('',#5831,#5832,#5008,.T.);
#4166=EDGE_CURVE('',#5831,#5833,#5009,.T.);
#4167=EDGE_CURVE('',#5833,#5834,#5010,.T.);
#4168=EDGE_CURVE('',#5834,#5832,#5011,.T.);
#4169=EDGE_CURVE('',#5833,#5835,#5012,.T.);
#4170=EDGE_CURVE('',#5835,#5836,#5013,.T.);
#4171=EDGE_CURVE('',#5836,#5834,#5014,.T.);
#4172=EDGE_CURVE('',#5824,#5836,#5015,.T.);
#4173=EDGE_CURVE('',#5835,#5825,#5016,.T.);
#4174=EDGE_CURVE('',#5821,#5822,#5017,.T.);
#4175=EDGE_CURVE('',#5819,#5820,#5018,.T.);
#4176=EDGE_CURVE('',#5830,#5831,#5019,.T.);
#4177=EDGE_CURVE('',#5828,#5830,#5020,.T.);
#4178=EDGE_CURVE('',#5829,#5827,#5021,.T.);
#4179=EDGE_CURVE('',#5832,#5829,#5022,.T.);
#4180=EDGE_CURVE('',#5241,#5837,#5023,.T.);
#4181=EDGE_CURVE('',#5837,#5838,#5024,.T.);
#4182=EDGE_CURVE('',#5838,#5290,#5025,.T.);
#4183=EDGE_CURVE('',#5838,#5839,#5026,.T.);
#4184=EDGE_CURVE('',#5839,#5291,#5027,.T.);
#4185=EDGE_CURVE('',#5839,#5840,#5028,.T.);
#4186=EDGE_CURVE('',#5840,#5260,#5029,.T.);
#4187=EDGE_CURVE('',#5260,#5261,#5030,.T.);
#4188=EDGE_CURVE('',#5840,#5841,#5031,.T.);
#4189=EDGE_CURVE('',#5841,#5261,#5032,.T.);
#4190=EDGE_CURVE('',#5841,#5842,#5033,.T.);
#4191=EDGE_CURVE('',#5842,#5262,#5034,.T.);
#4192=EDGE_CURVE('',#5262,#5263,#5035,.T.);
#4193=EDGE_CURVE('',#5842,#5843,#5036,.T.);
#4194=EDGE_CURVE('',#5843,#5263,#5037,.T.);
#4195=EDGE_CURVE('',#5843,#5837,#5038,.T.);
#4196=B_SPLINE_CURVE_WITH_KNOTS('',1,(#9187,#9188),.UNSPECIFIED.,.F.,.F.,
(2,2),(0.,8.48528137423871),.UNSPECIFIED.);
#4197=B_SPLINE_CURVE_WITH_KNOTS('',3,(#9192,#9193,#9194,#9195),
 .UNSPECIFIED.,.F.,.F.,(4,4),(0.,0.0114414539124053),.UNSPECIFIED.);
#4198=B_SPLINE_CURVE_WITH_KNOTS('',1,(#9196,#9197),.UNSPECIFIED.,.F.,.F.,
(2,2),(0.,8.48528137423857),.UNSPECIFIED.);
#4199=B_SPLINE_CURVE_WITH_KNOTS('',1,(#9198,#9199),.UNSPECIFIED.,.F.,.F.,
(2,2),(0.,14.376476400838),.UNSPECIFIED.);
#4200=B_SPLINE_CURVE_WITH_KNOTS('',1,(#9200,#9201),.UNSPECIFIED.,.F.,.F.,
(2,2),(0.,14.376476400838),.UNSPECIFIED.);
#4201=B_SPLINE_CURVE_WITH_KNOTS('',3,(#9208,#9209,#9210,#9211),
 .UNSPECIFIED.,.F.,.F.,(4,4),(1.74975332700524,1.76119478091765),
 .UNSPECIFIED.);
#4202=B_SPLINE_CURVE_WITH_KNOTS('',1,(#9215,#9216),.UNSPECIFIED.,.F.,.F.,
(2,2),(0.,54.6149408469328),.UNSPECIFIED.);
#4203=B_SPLINE_CURVE_WITH_KNOTS('',1,(#9217,#9218),.UNSPECIFIED.,.F.,.F.,
(2,2),(0.,7.07106781186548),.UNSPECIFIED.);
#4204=B_SPLINE_CURVE_WITH_KNOTS('',1,(#9219,#9220),.UNSPECIFIED.,.F.,.F.,
(2,2),(0.,56.9206921184182),.UNSPECIFIED.);
#4205=B_SPLINE_CURVE_WITH_KNOTS('',1,(#9221,#9222),.UNSPECIFIED.,.F.,.F.,
(2,2),(-54.6149408469328,0.),.UNSPECIFIED.);
#4206=B_SPLINE_CURVE_WITH_KNOTS('',1,(#9223,#9224),.UNSPECIFIED.,.F.,.F.,
(2,2),(0.,7.07000000000001),.UNSPECIFIED.);
#4207=B_SPLINE_CURVE_WITH_KNOTS('',1,(#9225,#9226),.UNSPECIFIED.,.F.,.F.,
(2,2),(-52.0015101140222,0.),.UNSPECIFIED.);
#4208=B_SPLINE_CURVE_WITH_KNOTS('',1,(#9227,#9228),.UNSPECIFIED.,.F.,.F.,
(2,2),(0.,7.07000000000001),.UNSPECIFIED.);
#4209=B_SPLINE_CURVE_WITH_KNOTS('',1,(#9232,#9233),.UNSPECIFIED.,.F.,.F.,
(2,2),(-56.9206921184182,0.),.UNSPECIFIED.);
#4210=B_SPLINE_CURVE_WITH_KNOTS('',1,(#9234,#9235),.UNSPECIFIED.,.F.,.F.,
(2,2),(0.,7.07106781186548),.UNSPECIFIED.);
#4211=B_SPLINE_CURVE_WITH_KNOTS('',1,(#9236,#9237),.UNSPECIFIED.,.F.,.F.,
(2,2),(0.,10.9405339327598),.UNSPECIFIED.);
#4212=B_SPLINE_CURVE_WITH_KNOTS('',1,(#9238,#9239),.UNSPECIFIED.,.F.,.F.,
(2,2),(0.,15.),.UNSPECIFIED.);
#4213=B_SPLINE_CURVE_WITH_KNOTS('',1,(#9240,#9241),.UNSPECIFIED.,.F.,.F.,
(2,2),(0.,2.),.UNSPECIFIED.);
#4214=B_SPLINE_CURVE_WITH_KNOTS('',1,(#9242,#9243),.UNSPECIFIED.,.F.,.F.,
(2,2),(0.,26.),.UNSPECIFIED.);
#4215=B_SPLINE_CURVE_WITH_KNOTS('',1,(#9244,#9245),.UNSPECIFIED.,.F.,.F.,
(2,2),(0.,2.),.UNSPECIFIED.);
#4216=B_SPLINE_CURVE_WITH_KNOTS('',1,(#9246,#9247),.UNSPECIFIED.,.F.,.F.,
(2,2),(0.,15.),.UNSPECIFIED.);
#4217=B_SPLINE_CURVE_WITH_KNOTS('',1,(#9248,#9249),.UNSPECIFIED.,.F.,.F.,
(2,2),(0.,6.0007550570111),.UNSPECIFIED.);
#4218=B_SPLINE_CURVE_WITH_KNOTS('',1,(#9250,#9251),.UNSPECIFIED.,.F.,.F.,
(2,2),(0.,7.07000000000001),.UNSPECIFIED.);
#4219=B_SPLINE_CURVE_WITH_KNOTS('',1,(#9252,#9253),.UNSPECIFIED.,.F.,.F.,
(2,2),(-10.,0.),.UNSPECIFIED.);
#4220=B_SPLINE_CURVE_WITH_KNOTS('',1,(#9257,#9258),.UNSPECIFIED.,.F.,.F.,
(2,2),(0.,10.),.UNSPECIFIED.);
#4221=B_SPLINE_CURVE_WITH_KNOTS('',1,(#9259,#9260),.UNSPECIFIED.,.F.,.F.,
(2,2),(-10.,0.),.UNSPECIFIED.);
#4222=B_SPLINE_CURVE_WITH_KNOTS('',1,(#9261,#9262),.UNSPECIFIED.,.F.,.F.,
(2,2),(0.,14.376476400838),.UNSPECIFIED.);
#4223=B_SPLINE_CURVE_WITH_KNOTS('',1,(#9263,#9264),.UNSPECIFIED.,.F.,.F.,
(2,2),(0.,10.),.UNSPECIFIED.);
#4224=B_SPLINE_CURVE_WITH_KNOTS('',1,(#9268,#9269),.UNSPECIFIED.,.F.,.F.,
(2,2),(-6.0007550570111,0.),.UNSPECIFIED.);
#4225=B_SPLINE_CURVE_WITH_KNOTS('',1,(#9270,#9271),.UNSPECIFIED.,.F.,.F.,
(2,2),(0.,15.),.UNSPECIFIED.);
#4226=B_SPLINE_CURVE_WITH_KNOTS('',1,(#9272,#9273),.UNSPECIFIED.,.F.,.F.,
(2,2),(0.,2.),.UNSPECIFIED.);
#4227=B_SPLINE_CURVE_WITH_KNOTS('',1,(#9274,#9275),.UNSPECIFIED.,.F.,.F.,
(2,2),(0.,26.),.UNSPECIFIED.);
#4228=B_SPLINE_CURVE_WITH_KNOTS('',1,(#9276,#9277),.UNSPECIFIED.,.F.,.F.,
(2,2),(0.,2.),.UNSPECIFIED.);
#4229=B_SPLINE_CURVE_WITH_KNOTS('',1,(#9278,#9279),.UNSPECIFIED.,.F.,.F.,
(2,2),(0.,15.),.UNSPECIFIED.);
#4230=B_SPLINE_CURVE_WITH_KNOTS('',1,(#9280,#9281),.UNSPECIFIED.,.F.,.F.,
(2,2),(-10.9405339327598,0.),.UNSPECIFIED.);
#4231=B_SPLINE_CURVE_WITH_KNOTS('',1,(#9285,#9286),.UNSPECIFIED.,.F.,.F.,
(2,2),(-7.07106781186548,0.),.UNSPECIFIED.);
#4232=B_SPLINE_CURVE_WITH_KNOTS('',1,(#9290,#9291),.UNSPECIFIED.,.F.,.F.,
(2,2),(-7.07106781186548,0.),.UNSPECIFIED.);
#4233=B_SPLINE_CURVE_WITH_KNOTS('',1,(#9292,#9293),.UNSPECIFIED.,.F.,.F.,
(2,2),(-0.59980468749998,0.),.UNSPECIFIED.);
#4234=B_SPLINE_CURVE_WITH_KNOTS('',1,(#9294,#9295),.UNSPECIFIED.,.F.,.F.,
(2,2),(-1.2620105079931,0.),.UNSPECIFIED.);
#4235=B_SPLINE_CURVE_WITH_KNOTS('',1,(#9296,#9297),.UNSPECIFIED.,.F.,.F.,
(2,2),(-1.24596012766693,0.),.UNSPECIFIED.);
#4236=B_SPLINE_CURVE_WITH_KNOTS('',1,(#9298,#9299),.UNSPECIFIED.,.F.,.F.,
(2,2),(-3.582540021882,0.),.UNSPECIFIED.);
#4237=B_SPLINE_CURVE_WITH_KNOTS('',1,(#9300,#9301),.UNSPECIFIED.,.F.,.F.,
(2,2),(-22.8803474937029,0.),.UNSPECIFIED.);
#4238=B_SPLINE_CURVE_WITH_KNOTS('',1,(#9302,#9303),.UNSPECIFIED.,.F.,.F.,
(2,2),(-2.39870330515615,0.),.UNSPECIFIED.);
#4239=B_SPLINE_CURVE_WITH_KNOTS('',1,(#9304,#9305),.UNSPECIFIED.,.F.,.F.,
(2,2),(-29.,0.),.UNSPECIFIED.);
#4240=B_SPLINE_CURVE_WITH_KNOTS('',1,(#9306,#9307),.UNSPECIFIED.,.F.,.F.,
(2,2),(-2.3987033051563,0.),.UNSPECIFIED.);
#4241=B_SPLINE_CURVE_WITH_KNOTS('',1,(#9308,#9309),.UNSPECIFIED.,.F.,.F.,
(2,2),(-22.8867711048139,0.),.UNSPECIFIED.);
#4242=B_SPLINE_CURVE_WITH_KNOTS('',1,(#9310,#9311),.UNSPECIFIED.,.F.,.F.,
(2,2),(-3.5777223135487,0.),.UNSPECIFIED.);
#4243=B_SPLINE_CURVE_WITH_KNOTS('',1,(#9312,#9313),.UNSPECIFIED.,.F.,.F.,
(2,2),(-1.35779080141553,0.),.UNSPECIFIED.);
#4244=B_SPLINE_CURVE_WITH_KNOTS('',3,(#9314,#9315,#9316,#9317),
 .UNSPECIFIED.,.F.,.F.,(4,4),(0.,0.0010810232894211),.UNSPECIFIED.);
#4245=B_SPLINE_CURVE_WITH_KNOTS('',3,(#9318,#9319,#9320,#9321),
 .UNSPECIFIED.,.F.,.F.,(4,4),(0.,0.000950225146228487),.UNSPECIFIED.);
#4246=B_SPLINE_CURVE_WITH_KNOTS('',3,(#9322,#9323,#9324,#9325),
 .UNSPECIFIED.,.F.,.F.,(4,4),(0.,0.00066230708724883),.UNSPECIFIED.);
#4247=B_SPLINE_CURVE_WITH_KNOTS('',3,(#9326,#9327,#9328,#9329),
 .UNSPECIFIED.,.F.,.F.,(4,4),(0.,1.),.UNSPECIFIED.);
#4248=B_SPLINE_CURVE_WITH_KNOTS('',1,(#9330,#9331),.UNSPECIFIED.,.F.,.F.,
(2,2),(-1.41368974623981,0.),.UNSPECIFIED.);
#4249=B_SPLINE_CURVE_WITH_KNOTS('',1,(#9332,#9333),.UNSPECIFIED.,.F.,.F.,
(2,2),(-2.7193672788265,0.),.UNSPECIFIED.);
#4250=B_SPLINE_CURVE_WITH_KNOTS('',1,(#9334,#9335),.UNSPECIFIED.,.F.,.F.,
(2,2),(-0.589366319444398,0.),.UNSPECIFIED.);
#4251=B_SPLINE_CURVE_WITH_KNOTS('',1,(#9336,#9337),.UNSPECIFIED.,.F.,.F.,
(2,2),(-0.0778862847222199,0.),.UNSPECIFIED.);
#4252=B_SPLINE_CURVE_WITH_KNOTS('',1,(#9338,#9339),.UNSPECIFIED.,.F.,.F.,
(2,2),(0.,2.10470715000792),.UNSPECIFIED.);
#4253=B_SPLINE_CURVE_WITH_KNOTS('',1,(#9340,#9341),.UNSPECIFIED.,.F.,.F.,
(2,2),(0.,2.10470715001879),.UNSPECIFIED.);
#4254=B_SPLINE_CURVE_WITH_KNOTS('',1,(#9342,#9343),.UNSPECIFIED.,.F.,.F.,
(2,2),(0.,6.0007550570111),.UNSPECIFIED.);
#4255=B_SPLINE_CURVE_WITH_KNOTS('',1,(#9344,#9345),.UNSPECIFIED.,.F.,.F.,
(2,2),(0.,7.07000000000001),.UNSPECIFIED.);
#4256=B_SPLINE_CURVE_WITH_KNOTS('',1,(#9346,#9347),.UNSPECIFIED.,.F.,.F.,
(2,2),(0.,52.0015101140222),.UNSPECIFIED.);
#4257=B_SPLINE_CURVE_WITH_KNOTS('',1,(#9348,#9349),.UNSPECIFIED.,.F.,.F.,
(2,2),(0.,6.0007550570111),.UNSPECIFIED.);
#4258=B_SPLINE_CURVE_WITH_KNOTS('',1,(#9350,#9351),.UNSPECIFIED.,.F.,.F.,
(2,2),(0.,62.),.UNSPECIFIED.);
#4259=B_SPLINE_CURVE_WITH_KNOTS('',1,(#9352,#9353),.UNSPECIFIED.,.F.,.F.,
(2,2),(-7.07106781186548,0.),.UNSPECIFIED.);
#4260=B_SPLINE_CURVE_WITH_KNOTS('',1,(#9354,#9355),.UNSPECIFIED.,.F.,.F.,
(2,2),(-7.07106781186548,0.),.UNSPECIFIED.);
#4261=B_SPLINE_CURVE_WITH_KNOTS('',1,(#9356,#9357),.UNSPECIFIED.,.F.,.F.,
(2,2),(-7.07106781186548,0.),.UNSPECIFIED.);
#4262=B_SPLINE_CURVE_WITH_KNOTS('',1,(#9358,#9359),.UNSPECIFIED.,.F.,.F.,
(2,2),(0.,7.07000000000001),.UNSPECIFIED.);
#4263=B_SPLINE_CURVE_WITH_KNOTS('',1,(#9360,#9361),.UNSPECIFIED.,.F.,.F.,
(2,2),(-7.07106781186548,0.),.UNSPECIFIED.);
#4264=B_SPLINE_CURVE_WITH_KNOTS('',1,(#9362,#9363),.UNSPECIFIED.,.F.,.F.,
(2,2),(-7.07106781186548,0.),.UNSPECIFIED.);
#4265=B_SPLINE_CURVE_WITH_KNOTS('',1,(#9364,#9365),.UNSPECIFIED.,.F.,.F.,
(2,2),(-50.730161133239,0.),.UNSPECIFIED.);
#4266=B_SPLINE_CURVE_WITH_KNOTS('',1,(#9366,#9367),.UNSPECIFIED.,.F.,.F.,
(2,2),(-6.79740661031252,0.),.UNSPECIFIED.);
#4267=B_SPLINE_CURVE_WITH_KNOTS('',1,(#9368,#9369),.UNSPECIFIED.,.F.,.F.,
(2,2),(-5.3650805666196,0.),.UNSPECIFIED.);
#4268=B_SPLINE_CURVE_WITH_KNOTS('',1,(#9370,#9371),.UNSPECIFIED.,.F.,.F.,
(2,2),(-60.3431457505076,0.),.UNSPECIFIED.);
#4269=B_SPLINE_CURVE_WITH_KNOTS('',1,(#9372,#9373),.UNSPECIFIED.,.F.,.F.,
(2,2),(-5.3650805666196,0.),.UNSPECIFIED.);
#4270=B_SPLINE_CURVE_WITH_KNOTS('',1,(#9374,#9375),.UNSPECIFIED.,.F.,.F.,
(2,2),(-60.3431457505076,0.),.UNSPECIFIED.);
#4271=B_SPLINE_CURVE_WITH_KNOTS('',1,(#9376,#9377),.UNSPECIFIED.,.F.,.F.,
(2,2),(-5.3650805666196,0.),.UNSPECIFIED.);
#4272=B_SPLINE_CURVE_WITH_KNOTS('',1,(#9378,#9379),.UNSPECIFIED.,.F.,.F.,
(2,2),(-50.730161133239,0.),.UNSPECIFIED.);
#4273=B_SPLINE_CURVE_WITH_KNOTS('',1,(#9380,#9381),.UNSPECIFIED.,.F.,.F.,
(2,2),(-6.79740661031252,0.),.UNSPECIFIED.);
#4274=B_SPLINE_CURVE_WITH_KNOTS('',1,(#9382,#9383),.UNSPECIFIED.,.F.,.F.,
(2,2),(-5.3650805666196,0.),.UNSPECIFIED.);
#4275=B_SPLINE_CURVE_WITH_KNOTS('',1,(#9384,#9385),.UNSPECIFIED.,.F.,.F.,
(2,2),(-50.7301611332391,0.),.UNSPECIFIED.);
#4276=B_SPLINE_CURVE_WITH_KNOTS('',1,(#9386,#9387),.UNSPECIFIED.,.F.,.F.,
(2,2),(-5.41421356237311,0.),.UNSPECIFIED.);
#4277=B_SPLINE_CURVE_WITH_KNOTS('',1,(#9388,#9389),.UNSPECIFIED.,.F.,.F.,
(2,2),(-50.7301611332391,0.),.UNSPECIFIED.);
#4278=B_SPLINE_CURVE_WITH_KNOTS('',1,(#9390,#9391),.UNSPECIFIED.,.F.,.F.,
(2,2),(-5.41421356237311,0.),.UNSPECIFIED.);
#4279=B_SPLINE_CURVE_WITH_KNOTS('',1,(#9392,#9393),.UNSPECIFIED.,.F.,.F.,
(2,2),(-0.107065167397579,0.),.UNSPECIFIED.);
#4280=B_SPLINE_CURVE_WITH_KNOTS('',1,(#9394,#9395),.UNSPECIFIED.,.F.,.F.,
(2,2),(-0.72506510416666,0.),.UNSPECIFIED.);
#4281=B_SPLINE_CURVE_WITH_KNOTS('',1,(#9396,#9397),.UNSPECIFIED.,.F.,.F.,
(2,2),(-0.107065167397579,0.),.UNSPECIFIED.);
#4282=B_SPLINE_CURVE_WITH_KNOTS('',1,(#9398,#9399),.UNSPECIFIED.,.F.,.F.,
(2,2),(-0.0609697539146008,0.),.UNSPECIFIED.);
#4283=B_SPLINE_CURVE_WITH_KNOTS('',1,(#9400,#9401),.UNSPECIFIED.,.F.,.F.,
(2,2),(-0.0499639687400046,0.),.UNSPECIFIED.);
#4284=B_SPLINE_CURVE_WITH_KNOTS('',1,(#9402,#9403),.UNSPECIFIED.,.F.,.F.,
(2,2),(-0.807769097222249,0.),.UNSPECIFIED.);
#4285=B_SPLINE_CURVE_WITH_KNOTS('',1,(#9404,#9405),.UNSPECIFIED.,.F.,.F.,
(2,2),(-0.113865930129242,0.),.UNSPECIFIED.);
#4286=B_SPLINE_CURVE_WITH_KNOTS('',1,(#9406,#9407),.UNSPECIFIED.,.F.,.F.,
(2,2),(-0.107065167397649,0.),.UNSPECIFIED.);
#4287=B_SPLINE_CURVE_WITH_KNOTS('',1,(#9408,#9409),.UNSPECIFIED.,.F.,.F.,
(2,2),(-0.75316840277778,0.),.UNSPECIFIED.);
#4288=B_SPLINE_CURVE_WITH_KNOTS('',1,(#9410,#9411),.UNSPECIFIED.,.F.,.F.,
(2,2),(-0.107065167397649,0.),.UNSPECIFIED.);
#4289=B_SPLINE_CURVE_WITH_KNOTS('',1,(#9412,#9413),.UNSPECIFIED.,.F.,.F.,
(2,2),(-5.41421356237311,0.),.UNSPECIFIED.);
#4290=B_SPLINE_CURVE_WITH_KNOTS('',1,(#9414,#9415),.UNSPECIFIED.,.F.,.F.,
(2,2),(-5.41421356237311,0.),.UNSPECIFIED.);
#4291=B_SPLINE_CURVE_WITH_KNOTS('',1,(#9416,#9417),.UNSPECIFIED.,.F.,.F.,
(2,2),(-50.7301611332391,0.),.UNSPECIFIED.);
#4292=B_SPLINE_CURVE_WITH_KNOTS('',1,(#9418,#9419),.UNSPECIFIED.,.F.,.F.,
(2,2),(-5.41421356237311,0.),.UNSPECIFIED.);
#4293=B_SPLINE_CURVE_WITH_KNOTS('',1,(#9420,#9421),.UNSPECIFIED.,.F.,.F.,
(2,2),(-50.7301611332391,0.),.UNSPECIFIED.);
#4294=B_SPLINE_CURVE_WITH_KNOTS('',1,(#9422,#9423),.UNSPECIFIED.,.F.,.F.,
(2,2),(-5.41421356237311,0.),.UNSPECIFIED.);
#4295=B_SPLINE_CURVE_WITH_KNOTS('',1,(#9424,#9425),.UNSPECIFIED.,.F.,.F.,
(2,2),(-5.41421356237311,0.),.UNSPECIFIED.);
#4296=B_SPLINE_CURVE_WITH_KNOTS('',1,(#9426,#9427),.UNSPECIFIED.,.F.,.F.,
(2,2),(-5.3650805666196,0.),.UNSPECIFIED.);
#4297=B_SPLINE_CURVE_WITH_KNOTS('',1,(#9428,#9429),.UNSPECIFIED.,.F.,.F.,
(2,2),(-5.41421356237311,0.),.UNSPECIFIED.);
#4298=B_SPLINE_CURVE_WITH_KNOTS('',1,(#9430,#9431),.UNSPECIFIED.,.F.,.F.,
(2,2),(-5.3650805666196,0.),.UNSPECIFIED.);
#4299=B_SPLINE_CURVE_WITH_KNOTS('',1,(#9432,#9433),.UNSPECIFIED.,.F.,.F.,
(2,2),(-5.41421356237311,0.),.UNSPECIFIED.);
#4300=B_SPLINE_CURVE_WITH_KNOTS('',1,(#9434,#9435),.UNSPECIFIED.,.F.,.F.,
(2,2),(-5.41421356237311,0.),.UNSPECIFIED.);
#4301=B_SPLINE_CURVE_WITH_KNOTS('',1,(#9436,#9437),.UNSPECIFIED.,.F.,.F.,
(2,2),(-5.41421356237311,0.),.UNSPECIFIED.);
#4302=B_SPLINE_CURVE_WITH_KNOTS('',1,(#9438,#9439),.UNSPECIFIED.,.F.,.F.,
(2,2),(-50.7301611332391,0.),.UNSPECIFIED.);
#4303=B_SPLINE_CURVE_WITH_KNOTS('',1,(#9440,#9441),.UNSPECIFIED.,.F.,.F.,
(2,2),(-5.41421356237311,0.),.UNSPECIFIED.);
#4304=B_SPLINE_CURVE_WITH_KNOTS('',1,(#9442,#9443),.UNSPECIFIED.,.F.,.F.,
(2,2),(-5.3650805666196,0.),.UNSPECIFIED.);
#4305=B_SPLINE_CURVE_WITH_KNOTS('',1,(#9444,#9445),.UNSPECIFIED.,.F.,.F.,
(2,2),(-5.41421356237311,0.),.UNSPECIFIED.);
#4306=B_SPLINE_CURVE_WITH_KNOTS('',1,(#9446,#9447),.UNSPECIFIED.,.F.,.F.,
(2,2),(-5.41421356237311,0.),.UNSPECIFIED.);
#4307=B_SPLINE_CURVE_WITH_KNOTS('',1,(#9448,#9449),.UNSPECIFIED.,.F.,.F.,
(2,2),(-5.41421356237311,0.),.UNSPECIFIED.);
#4308=B_SPLINE_CURVE_WITH_KNOTS('',1,(#9450,#9451),.UNSPECIFIED.,.F.,.F.,
(2,2),(-5.3650805666196,0.),.UNSPECIFIED.);
#4309=B_SPLINE_CURVE_WITH_KNOTS('',1,(#9452,#9453),.UNSPECIFIED.,.F.,.F.,
(2,2),(-5.41421356237311,0.),.UNSPECIFIED.);
#4310=B_SPLINE_CURVE_WITH_KNOTS('',1,(#9454,#9455),.UNSPECIFIED.,.F.,.F.,
(2,2),(-13.1715728752538,0.),.UNSPECIFIED.);
#4311=B_SPLINE_CURVE_WITH_KNOTS('',1,(#9456,#9457),.UNSPECIFIED.,.F.,.F.,
(2,2),(-6.79740661031245,0.),.UNSPECIFIED.);
#4312=B_SPLINE_CURVE_WITH_KNOTS('',1,(#9458,#9459),.UNSPECIFIED.,.F.,.F.,
(2,2),(-13.1715728752538,0.),.UNSPECIFIED.);
#4313=B_SPLINE_CURVE_WITH_KNOTS('',1,(#9460,#9461),.UNSPECIFIED.,.F.,.F.,
(2,2),(-2.3178372451957,0.),.UNSPECIFIED.);
#4314=B_SPLINE_CURVE_WITH_KNOTS('',1,(#9462,#9463),.UNSPECIFIED.,.F.,.F.,
(2,2),(-6.03162775810748,0.),.UNSPECIFIED.);
#4315=B_SPLINE_CURVE_WITH_KNOTS('',1,(#9464,#9465),.UNSPECIFIED.,.F.,.F.,
(2,2),(-27.03527618041,0.),.UNSPECIFIED.);
#4316=B_SPLINE_CURVE_WITH_KNOTS('',1,(#9466,#9467),.UNSPECIFIED.,.F.,.F.,
(2,2),(-6.03162775810748,0.),.UNSPECIFIED.);
#4317=B_SPLINE_CURVE_WITH_KNOTS('',1,(#9468,#9469),.UNSPECIFIED.,.F.,.F.,
(2,2),(-2.3178372451957,0.),.UNSPECIFIED.);
#4318=B_SPLINE_CURVE_WITH_KNOTS('',1,(#9470,#9471),.UNSPECIFIED.,.F.,.F.,
(2,2),(0.,32.),.UNSPECIFIED.);
#4319=B_SPLINE_CURVE_WITH_KNOTS('',1,(#9472,#9473),.UNSPECIFIED.,.F.,.F.,
(2,2),(0.,1.7213203435596),.UNSPECIFIED.);
#4320=B_SPLINE_CURVE_WITH_KNOTS('',1,(#9474,#9475),.UNSPECIFIED.,.F.,.F.,
(2,2),(0.,32.),.UNSPECIFIED.);
#4321=B_SPLINE_CURVE_WITH_KNOTS('',1,(#9476,#9477),.UNSPECIFIED.,.F.,.F.,
(2,2),(0.,1.7213203435596),.UNSPECIFIED.);
#4322=B_SPLINE_CURVE_WITH_KNOTS('',1,(#9478,#9479),.UNSPECIFIED.,.F.,.F.,
(2,2),(0.,32.),.UNSPECIFIED.);
#4323=B_SPLINE_CURVE_WITH_KNOTS('',1,(#9480,#9481),.UNSPECIFIED.,.F.,.F.,
(2,2),(0.,1.12132034355745),.UNSPECIFIED.);
#4324=B_SPLINE_CURVE_WITH_KNOTS('',1,(#9482,#9483),.UNSPECIFIED.,.F.,.F.,
(2,2),(0.,32.),.UNSPECIFIED.);
#4325=B_SPLINE_CURVE_WITH_KNOTS('',1,(#9484,#9485),.UNSPECIFIED.,.F.,.F.,
(2,2),(0.,1.12132034355745),.UNSPECIFIED.);
#4326=B_SPLINE_CURVE_WITH_KNOTS('',1,(#9486,#9487),.UNSPECIFIED.,.F.,.F.,
(2,2),(0.,2.12132034355964),.UNSPECIFIED.);
#4327=B_SPLINE_CURVE_WITH_KNOTS('',1,(#9488,#9489),.UNSPECIFIED.,.F.,.F.,
(2,2),(0.,32.),.UNSPECIFIED.);
#4328=B_SPLINE_CURVE_WITH_KNOTS('',1,(#9490,#9491),.UNSPECIFIED.,.F.,.F.,
(2,2),(0.,2.12132034355964),.UNSPECIFIED.);
#4329=B_SPLINE_CURVE_WITH_KNOTS('',1,(#9492,#9493),.UNSPECIFIED.,.F.,.F.,
(2,2),(-1.2,0.),.UNSPECIFIED.);
#4330=B_SPLINE_CURVE_WITH_KNOTS('',1,(#9494,#9495),.UNSPECIFIED.,.F.,.F.,
(2,2),(-1.2,0.),.UNSPECIFIED.);
#4331=B_SPLINE_CURVE_WITH_KNOTS('',1,(#9496,#9497),.UNSPECIFIED.,.F.,.F.,
(2,2),(-32.,0.),.UNSPECIFIED.);
#4332=B_SPLINE_CURVE_WITH_KNOTS('',1,(#9498,#9499),.UNSPECIFIED.,.F.,.F.,
(2,2),(-1.2,0.),.UNSPECIFIED.);
#4333=B_SPLINE_CURVE_WITH_KNOTS('',1,(#9500,#9501),.UNSPECIFIED.,.F.,.F.,
(2,2),(-1.2,0.),.UNSPECIFIED.);
#4334=B_SPLINE_CURVE_WITH_KNOTS('',1,(#9502,#9503),.UNSPECIFIED.,.F.,.F.,
(2,2),(-32.,0.),.UNSPECIFIED.);
#4335=B_SPLINE_CURVE_WITH_KNOTS('',1,(#9504,#9505),.UNSPECIFIED.,.F.,.F.,
(2,2),(-0.9858578643762,0.),.UNSPECIFIED.);
#4336=B_SPLINE_CURVE_WITH_KNOTS('',1,(#9506,#9507),.UNSPECIFIED.,.F.,.F.,
(2,2),(-32.,0.),.UNSPECIFIED.);
#4337=B_SPLINE_CURVE_WITH_KNOTS('',1,(#9508,#9509),.UNSPECIFIED.,.F.,.F.,
(2,2),(-0.9858578643762,0.),.UNSPECIFIED.);
#4338=B_SPLINE_CURVE_WITH_KNOTS('',1,(#9510,#9511),.UNSPECIFIED.,.F.,.F.,
(2,2),(-13.1715728752538,0.),.UNSPECIFIED.);
#4339=B_SPLINE_CURVE_WITH_KNOTS('',1,(#9512,#9513),.UNSPECIFIED.,.F.,.F.,
(2,2),(-0.9858578643763,0.),.UNSPECIFIED.);
#4340=B_SPLINE_CURVE_WITH_KNOTS('',1,(#9514,#9515),.UNSPECIFIED.,.F.,.F.,
(2,2),(-0.9858578643763,0.),.UNSPECIFIED.);
#4341=B_SPLINE_CURVE_WITH_KNOTS('',1,(#9516,#9517),.UNSPECIFIED.,.F.,.F.,
(2,2),(-13.1715728752538,0.),.UNSPECIFIED.);
#4342=B_SPLINE_CURVE_WITH_KNOTS('',1,(#9518,#9519),.UNSPECIFIED.,.F.,.F.,
(2,2),(-0.799999999999997,0.),.UNSPECIFIED.);
#4343=B_SPLINE_CURVE_WITH_KNOTS('',1,(#9520,#9521),.UNSPECIFIED.,.F.,.F.,
(2,2),(-1.69705627484772,0.),.UNSPECIFIED.);
#4344=B_SPLINE_CURVE_WITH_KNOTS('',1,(#9522,#9523),.UNSPECIFIED.,.F.,.F.,
(2,2),(-0.799999999999997,0.),.UNSPECIFIED.);
#4345=B_SPLINE_CURVE_WITH_KNOTS('',1,(#9524,#9525),.UNSPECIFIED.,.F.,.F.,
(2,2),(-1.69705627484772,0.),.UNSPECIFIED.);
#4346=B_SPLINE_CURVE_WITH_KNOTS('',1,(#9526,#9527),.UNSPECIFIED.,.F.,.F.,
(2,2),(0.,1.8284271247462),.UNSPECIFIED.);
#4347=B_SPLINE_CURVE_WITH_KNOTS('',1,(#9528,#9529),.UNSPECIFIED.,.F.,.F.,
(2,2),(0.,1.4142135623731),.UNSPECIFIED.);
#4348=B_SPLINE_CURVE_WITH_KNOTS('',1,(#9530,#9531),.UNSPECIFIED.,.F.,.F.,
(2,2),(0.,2.4142849891239),.UNSPECIFIED.);
#4349=B_SPLINE_CURVE_WITH_KNOTS('',1,(#9532,#9533),.UNSPECIFIED.,.F.,.F.,
(2,2),(0.,32.),.UNSPECIFIED.);
#4350=B_SPLINE_CURVE_WITH_KNOTS('',1,(#9534,#9535),.UNSPECIFIED.,.F.,.F.,
(2,2),(0.,32.),.UNSPECIFIED.);
#4351=B_SPLINE_CURVE_WITH_KNOTS('',1,(#9536,#9537),.UNSPECIFIED.,.F.,.F.,
(2,2),(0.,2.4142849891239),.UNSPECIFIED.);
#4352=B_SPLINE_CURVE_WITH_KNOTS('',1,(#9538,#9539),.UNSPECIFIED.,.F.,.F.,
(2,2),(-2.12132034355964,0.),.UNSPECIFIED.);
#4353=B_SPLINE_CURVE_WITH_KNOTS('',1,(#9540,#9541),.UNSPECIFIED.,.F.,.F.,
(2,2),(0.,2.12132034355964),.UNSPECIFIED.);
#4354=B_SPLINE_CURVE_WITH_KNOTS('',1,(#9542,#9543),.UNSPECIFIED.,.F.,.F.,
(2,2),(-32.,0.),.UNSPECIFIED.);
#4355=B_SPLINE_CURVE_WITH_KNOTS('',1,(#9544,#9545),.UNSPECIFIED.,.F.,.F.,
(2,2),(-0.799999999999997,0.),.UNSPECIFIED.);
#4356=B_SPLINE_CURVE_WITH_KNOTS('',1,(#9546,#9547),.UNSPECIFIED.,.F.,.F.,
(2,2),(-1.69705627484772,0.),.UNSPECIFIED.);
#4357=B_SPLINE_CURVE_WITH_KNOTS('',1,(#9548,#9549),.UNSPECIFIED.,.F.,.F.,
(2,2),(-0.799999999999997,0.),.UNSPECIFIED.);
#4358=B_SPLINE_CURVE_WITH_KNOTS('',1,(#9550,#9551),.UNSPECIFIED.,.F.,.F.,
(2,2),(-1.69705627484772,0.),.UNSPECIFIED.);
#4359=B_SPLINE_CURVE_WITH_KNOTS('',1,(#9552,#9553),.UNSPECIFIED.,.F.,.F.,
(2,2),(-26.,0.),.UNSPECIFIED.);
#4360=B_SPLINE_CURVE_WITH_KNOTS('',1,(#9554,#9555),.UNSPECIFIED.,.F.,.F.,
(2,2),(-5.19615242270657,0.),.UNSPECIFIED.);
#4361=B_SPLINE_CURVE_WITH_KNOTS('',1,(#9556,#9557),.UNSPECIFIED.,.F.,.F.,
(2,2),(0.,5.19615242270656),.UNSPECIFIED.);
#4362=B_SPLINE_CURVE_WITH_KNOTS('',1,(#9558,#9559),.UNSPECIFIED.,.F.,.F.,
(2,2),(-1.69705627484771,0.),.UNSPECIFIED.);
#4363=B_SPLINE_CURVE_WITH_KNOTS('',1,(#9560,#9561),.UNSPECIFIED.,.F.,.F.,
(2,2),(0.,1.69705627484771),.UNSPECIFIED.);
#4364=B_SPLINE_CURVE_WITH_KNOTS('',1,(#9562,#9563),.UNSPECIFIED.,.F.,.F.,
(2,2),(-5.19615242270657,0.),.UNSPECIFIED.);
#4365=B_SPLINE_CURVE_WITH_KNOTS('',1,(#9564,#9565),.UNSPECIFIED.,.F.,.F.,
(2,2),(0.,5.19615242270656),.UNSPECIFIED.);
#4366=B_SPLINE_CURVE_WITH_KNOTS('',1,(#9566,#9567),.UNSPECIFIED.,.F.,.F.,
(2,2),(0.,26.),.UNSPECIFIED.);
#4367=B_SPLINE_CURVE_WITH_KNOTS('',1,(#9568,#9569),.UNSPECIFIED.,.F.,.F.,
(2,2),(0.,5.19615242270657),.UNSPECIFIED.);
#4368=B_SPLINE_CURVE_WITH_KNOTS('',1,(#9570,#9571),.UNSPECIFIED.,.F.,.F.,
(2,2),(0.,5.19615242270656),.UNSPECIFIED.);
#4369=B_SPLINE_CURVE_WITH_KNOTS('',1,(#9572,#9573),.UNSPECIFIED.,.F.,.F.,
(2,2),(0.,1.69705627484771),.UNSPECIFIED.);
#4370=B_SPLINE_CURVE_WITH_KNOTS('',1,(#9574,#9575),.UNSPECIFIED.,.F.,.F.,
(2,2),(-1.69705627484771,0.),.UNSPECIFIED.);
#4371=B_SPLINE_CURVE_WITH_KNOTS('',1,(#9576,#9577),.UNSPECIFIED.,.F.,.F.,
(2,2),(0.,5.19615242270657),.UNSPECIFIED.);
#4372=B_SPLINE_CURVE_WITH_KNOTS('',1,(#9578,#9579),.UNSPECIFIED.,.F.,.F.,
(2,2),(0.,5.19615242270656),.UNSPECIFIED.);
#4373=B_SPLINE_CURVE_WITH_KNOTS('',1,(#9580,#9581),.UNSPECIFIED.,.F.,.F.,
(2,2),(0.,1.414213562373),.UNSPECIFIED.);
#4374=B_SPLINE_CURVE_WITH_KNOTS('',1,(#9582,#9583),.UNSPECIFIED.,.F.,.F.,
(2,2),(0.,1.414213562373),.UNSPECIFIED.);
#4375=B_SPLINE_CURVE_WITH_KNOTS('',1,(#9584,#9585),.UNSPECIFIED.,.F.,.F.,
(2,2),(0.,32.),.UNSPECIFIED.);
#4376=B_SPLINE_CURVE_WITH_KNOTS('',1,(#9586,#9587),.UNSPECIFIED.,.F.,.F.,
(2,2),(-1.12132034354861,0.),.UNSPECIFIED.);
#4377=B_SPLINE_CURVE_WITH_KNOTS('',1,(#9588,#9589),.UNSPECIFIED.,.F.,.F.,
(2,2),(0.,1.12132034354861),.UNSPECIFIED.);
#4378=B_SPLINE_CURVE_WITH_KNOTS('',1,(#9590,#9591),.UNSPECIFIED.,.F.,.F.,
(2,2),(-32.,0.),.UNSPECIFIED.);
#4379=B_SPLINE_CURVE_WITH_KNOTS('',1,(#9592,#9593),.UNSPECIFIED.,.F.,.F.,
(2,2),(0.,32.),.UNSPECIFIED.);
#4380=B_SPLINE_CURVE_WITH_KNOTS('',1,(#9594,#9595),.UNSPECIFIED.,.F.,.F.,
(2,2),(0.,1.4142135623731),.UNSPECIFIED.);
#4381=B_SPLINE_CURVE_WITH_KNOTS('',1,(#9596,#9597),.UNSPECIFIED.,.F.,.F.,
(2,2),(0.,1.8284271247462),.UNSPECIFIED.);
#4382=B_SPLINE_CURVE_WITH_KNOTS('',1,(#9598,#9599),.UNSPECIFIED.,.F.,.F.,
(2,2),(0.,1.72132034355967),.UNSPECIFIED.);
#4383=B_SPLINE_CURVE_WITH_KNOTS('',1,(#9600,#9601),.UNSPECIFIED.,.F.,.F.,
(2,2),(0.,1.72132034355967),.UNSPECIFIED.);
#4384=B_SPLINE_CURVE_WITH_KNOTS('',1,(#9602,#9603),.UNSPECIFIED.,.F.,.F.,
(2,2),(-32.,0.),.UNSPECIFIED.);
#4385=B_SPLINE_CURVE_WITH_KNOTS('',1,(#9604,#9605),.UNSPECIFIED.,.F.,.F.,
(2,2),(0.,0.306146745879552),.UNSPECIFIED.);
#4386=B_SPLINE_CURVE_WITH_KNOTS('',1,(#9606,#9607),.UNSPECIFIED.,.F.,.F.,
(2,2),(0.,0.306146745879552),.UNSPECIFIED.);
#4387=B_SPLINE_CURVE_WITH_KNOTS('',1,(#9608,#9609),.UNSPECIFIED.,.F.,.F.,
(2,2),(0.,32.),.UNSPECIFIED.);
#4388=B_SPLINE_CURVE_WITH_KNOTS('',1,(#9610,#9611),.UNSPECIFIED.,.F.,.F.,
(2,2),(0.,2.4142849891239),.UNSPECIFIED.);
#4389=B_SPLINE_CURVE_WITH_KNOTS('',1,(#9612,#9613),.UNSPECIFIED.,.F.,.F.,
(2,2),(0.,2.4142849891239),.UNSPECIFIED.);
#4390=B_SPLINE_CURVE_WITH_KNOTS('',1,(#9614,#9615),.UNSPECIFIED.,.F.,.F.,
(2,2),(0.,0.306146745891933),.UNSPECIFIED.);
#4391=B_SPLINE_CURVE_WITH_KNOTS('',1,(#9616,#9617),.UNSPECIFIED.,.F.,.F.,
(2,2),(0.,0.306146745891933),.UNSPECIFIED.);
#4392=B_SPLINE_CURVE_WITH_KNOTS('',1,(#9618,#9619),.UNSPECIFIED.,.F.,.F.,
(2,2),(0.,1.8284271247462),.UNSPECIFIED.);
#4393=B_SPLINE_CURVE_WITH_KNOTS('',1,(#9620,#9621),.UNSPECIFIED.,.F.,.F.,
(2,2),(0.,1.8284271247462),.UNSPECIFIED.);
#4394=B_SPLINE_CURVE_WITH_KNOTS('',1,(#9622,#9623),.UNSPECIFIED.,.F.,.F.,
(2,2),(0.,3.70710678118642),.UNSPECIFIED.);
#4395=B_SPLINE_CURVE_WITH_KNOTS('',1,(#9624,#9625),.UNSPECIFIED.,.F.,.F.,
(2,2),(0.,3.70710678118642),.UNSPECIFIED.);
#4396=B_SPLINE_CURVE_WITH_KNOTS('',1,(#9626,#9627),.UNSPECIFIED.,.F.,.F.,
(2,2),(0.,0.171572875253801),.UNSPECIFIED.);
#4397=B_SPLINE_CURVE_WITH_KNOTS('',1,(#9628,#9629),.UNSPECIFIED.,.F.,.F.,
(2,2),(0.,5.19615242270656),.UNSPECIFIED.);
#4398=B_SPLINE_CURVE_WITH_KNOTS('',1,(#9630,#9631),.UNSPECIFIED.,.F.,.F.,
(2,2),(0.,26.),.UNSPECIFIED.);
#4399=B_SPLINE_CURVE_WITH_KNOTS('',1,(#9632,#9633),.UNSPECIFIED.,.F.,.F.,
(2,2),(0.,5.19615242270656),.UNSPECIFIED.);
#4400=B_SPLINE_CURVE_WITH_KNOTS('',1,(#9634,#9635),.UNSPECIFIED.,.F.,.F.,
(2,2),(0.,0.171572875253801),.UNSPECIFIED.);
#4401=B_SPLINE_CURVE_WITH_KNOTS('',1,(#9636,#9637),.UNSPECIFIED.,.F.,.F.,
(2,2),(0.,32.),.UNSPECIFIED.);
#4402=B_SPLINE_CURVE_WITH_KNOTS('',1,(#9638,#9639),.UNSPECIFIED.,.F.,.F.,
(2,2),(-1.4142135623731,0.),.UNSPECIFIED.);
#4403=B_SPLINE_CURVE_WITH_KNOTS('',1,(#9640,#9641),.UNSPECIFIED.,.F.,.F.,
(2,2),(-1.50597117915021,0.),.UNSPECIFIED.);
#4404=B_SPLINE_CURVE_WITH_KNOTS('',1,(#9642,#9643),.UNSPECIFIED.,.F.,.F.,
(2,2),(-1.44948974278316,0.),.UNSPECIFIED.);
#4405=B_SPLINE_CURVE_WITH_KNOTS('',1,(#9644,#9645),.UNSPECIFIED.,.F.,.F.,
(2,2),(-1.50597117915021,0.),.UNSPECIFIED.);
#4406=B_SPLINE_CURVE_WITH_KNOTS('',1,(#9646,#9647),.UNSPECIFIED.,.F.,.F.,
(2,2),(-1.44948974278316,0.),.UNSPECIFIED.);
#4407=B_SPLINE_CURVE_WITH_KNOTS('',1,(#9648,#9649),.UNSPECIFIED.,.F.,.F.,
(2,2),(-1.4142135623731,0.),.UNSPECIFIED.);
#4408=B_SPLINE_CURVE_WITH_KNOTS('',1,(#9650,#9651),.UNSPECIFIED.,.F.,.F.,
(2,2),(-6.03162775810748,0.),.UNSPECIFIED.);
#4409=B_SPLINE_CURVE_WITH_KNOTS('',1,(#9652,#9653),.UNSPECIFIED.,.F.,.F.,
(2,2),(-27.03527618041,0.),.UNSPECIFIED.);
#4410=B_SPLINE_CURVE_WITH_KNOTS('',1,(#9654,#9655),.UNSPECIFIED.,.F.,.F.,
(2,2),(-6.03162775810748,0.),.UNSPECIFIED.);
#4411=B_SPLINE_CURVE_WITH_KNOTS('',1,(#9656,#9657),.UNSPECIFIED.,.F.,.F.,
(2,2),(-2.3178372451957,0.),.UNSPECIFIED.);
#4412=B_SPLINE_CURVE_WITH_KNOTS('',1,(#9658,#9659),.UNSPECIFIED.,.F.,.F.,
(2,2),(-6.79740661031245,0.),.UNSPECIFIED.);
#4413=B_SPLINE_CURVE_WITH_KNOTS('',1,(#9660,#9661),.UNSPECIFIED.,.F.,.F.,
(2,2),(-2.3178372451957,0.),.UNSPECIFIED.);
#4414=B_SPLINE_CURVE_WITH_KNOTS('',1,(#9662,#9663),.UNSPECIFIED.,.F.,.F.,
(2,2),(0.,3.70710678118635),.UNSPECIFIED.);
#4415=B_SPLINE_CURVE_WITH_KNOTS('',1,(#9664,#9665),.UNSPECIFIED.,.F.,.F.,
(2,2),(0.,3.70710678118635),.UNSPECIFIED.);
#4416=B_SPLINE_CURVE_WITH_KNOTS('',1,(#9666,#9667),.UNSPECIFIED.,.F.,.F.,
(2,2),(-5.19615242270656,0.),.UNSPECIFIED.);
#4417=B_SPLINE_CURVE_WITH_KNOTS('',1,(#9668,#9669),.UNSPECIFIED.,.F.,.F.,
(2,2),(-26.,0.),.UNSPECIFIED.);
#4418=B_SPLINE_CURVE_WITH_KNOTS('',1,(#9670,#9671),.UNSPECIFIED.,.F.,.F.,
(2,2),(-5.19615242270656,0.),.UNSPECIFIED.);
#4419=B_SPLINE_CURVE_WITH_KNOTS('',1,(#9672,#9673),.UNSPECIFIED.,.F.,.F.,
(2,2),(-0.171572875253801,0.),.UNSPECIFIED.);
#4420=B_SPLINE_CURVE_WITH_KNOTS('',1,(#9674,#9675),.UNSPECIFIED.,.F.,.F.,
(2,2),(-32.,0.),.UNSPECIFIED.);
#4421=B_SPLINE_CURVE_WITH_KNOTS('',1,(#9676,#9677),.UNSPECIFIED.,.F.,.F.,
(2,2),(-0.171572875253801,0.),.UNSPECIFIED.);
#4422=B_SPLINE_CURVE_WITH_KNOTS('',1,(#9678,#9679),.UNSPECIFIED.,.F.,.F.,
(2,2),(-1.4142135623731,0.),.UNSPECIFIED.);
#4423=B_SPLINE_CURVE_WITH_KNOTS('',1,(#9680,#9681),.UNSPECIFIED.,.F.,.F.,
(2,2),(-1.50597117915021,0.),.UNSPECIFIED.);
#4424=B_SPLINE_CURVE_WITH_KNOTS('',1,(#9682,#9683),.UNSPECIFIED.,.F.,.F.,
(2,2),(-1.44948974278316,0.),.UNSPECIFIED.);
#4425=B_SPLINE_CURVE_WITH_KNOTS('',1,(#9684,#9685),.UNSPECIFIED.,.F.,.F.,
(2,2),(-1.50597117915021,0.),.UNSPECIFIED.);
#4426=B_SPLINE_CURVE_WITH_KNOTS('',1,(#9686,#9687),.UNSPECIFIED.,.F.,.F.,
(2,2),(-1.44948974278316,0.),.UNSPECIFIED.);
#4427=B_SPLINE_CURVE_WITH_KNOTS('',1,(#9688,#9689),.UNSPECIFIED.,.F.,.F.,
(2,2),(-1.4142135623731,0.),.UNSPECIFIED.);
#4428=B_SPLINE_CURVE_WITH_KNOTS('',1,(#9690,#9691),.UNSPECIFIED.,.F.,.F.,
(2,2),(0.,0.399999999999999),.UNSPECIFIED.);
#4429=B_SPLINE_CURVE_WITH_KNOTS('',1,(#9701,#9702),.UNSPECIFIED.,.F.,.F.,
(2,2),(0.,0.399999999999999),.UNSPECIFIED.);
#4430=B_SPLINE_CURVE_WITH_KNOTS('',1,(#9712,#9713),.UNSPECIFIED.,.F.,.F.,
(2,2),(0.,7.88683650530696),.UNSPECIFIED.);
#4431=B_SPLINE_CURVE_WITH_KNOTS('',1,(#9714,#9715),.UNSPECIFIED.,.F.,.F.,
(2,2),(0.,0.399999999999999),.UNSPECIFIED.);
#4432=B_SPLINE_CURVE_WITH_KNOTS('',1,(#9716,#9717),.UNSPECIFIED.,.F.,.F.,
(2,2),(0.,7.88683650530707),.UNSPECIFIED.);
#4433=B_SPLINE_CURVE_WITH_KNOTS('',1,(#9718,#9719),.UNSPECIFIED.,.F.,.F.,
(2,2),(0.,9.77194688656193),.UNSPECIFIED.);
#4434=B_SPLINE_CURVE_WITH_KNOTS('',1,(#9720,#9721),.UNSPECIFIED.,.F.,.F.,
(2,2),(0.,0.399999999999999),.UNSPECIFIED.);
#4435=B_SPLINE_CURVE_WITH_KNOTS('',1,(#9722,#9723),.UNSPECIFIED.,.F.,.F.,
(2,2),(0.,9.77194688656193),.UNSPECIFIED.);
#4436=B_SPLINE_CURVE_WITH_KNOTS('',1,(#9724,#9725),.UNSPECIFIED.,.F.,.F.,
(2,2),(0.,0.399999999999999),.UNSPECIFIED.);
#4437=B_SPLINE_CURVE_WITH_KNOTS('',1,(#9726,#9727),.UNSPECIFIED.,.F.,.F.,
(2,2),(0.,2.84135465250224),.UNSPECIFIED.);
#4438=B_SPLINE_CURVE_WITH_KNOTS('',1,(#9728,#9729),.UNSPECIFIED.,.F.,.F.,
(2,2),(0.,0.399999999999999),.UNSPECIFIED.);
#4439=B_SPLINE_CURVE_WITH_KNOTS('',1,(#9730,#9731),.UNSPECIFIED.,.F.,.F.,
(2,2),(0.,2.84135465250224),.UNSPECIFIED.);
#4440=B_SPLINE_CURVE_WITH_KNOTS('',1,(#9732,#9733),.UNSPECIFIED.,.F.,.F.,
(2,2),(0.,20.0581315449054),.UNSPECIFIED.);
#4441=B_SPLINE_CURVE_WITH_KNOTS('',1,(#9734,#9735),.UNSPECIFIED.,.F.,.F.,
(2,2),(0.,0.399999999999999),.UNSPECIFIED.);
#4442=B_SPLINE_CURVE_WITH_KNOTS('',1,(#9736,#9737),.UNSPECIFIED.,.F.,.F.,
(2,2),(0.,20.0581315449054),.UNSPECIFIED.);
#4443=B_SPLINE_CURVE_WITH_KNOTS('',1,(#9738,#9739),.UNSPECIFIED.,.F.,.F.,
(2,2),(0.,0.399999999999999),.UNSPECIFIED.);
#4444=B_SPLINE_CURVE_WITH_KNOTS('',1,(#9740,#9741),.UNSPECIFIED.,.F.,.F.,
(2,2),(0.,2.84135465250225),.UNSPECIFIED.);
#4445=B_SPLINE_CURVE_WITH_KNOTS('',1,(#9742,#9743),.UNSPECIFIED.,.F.,.F.,
(2,2),(0.,2.84135465250225),.UNSPECIFIED.);
#4446=B_SPLINE_CURVE_WITH_KNOTS('',1,(#9744,#9745),.UNSPECIFIED.,.F.,.F.,
(2,2),(0.,0.399999999999999),.UNSPECIFIED.);
#4447=B_SPLINE_CURVE_WITH_KNOTS('',1,(#9746,#9747),.UNSPECIFIED.,.F.,.F.,
(2,2),(0.,10.5235357500294),.UNSPECIFIED.);
#4448=B_SPLINE_CURVE_WITH_KNOTS('',1,(#9748,#9749),.UNSPECIFIED.,.F.,.F.,
(2,2),(0.,10.5235357500294),.UNSPECIFIED.);
#4449=B_SPLINE_CURVE_WITH_KNOTS('',1,(#9750,#9751),.UNSPECIFIED.,.F.,.F.,
(2,2),(0.,0.399999999999999),.UNSPECIFIED.);
#4450=B_SPLINE_CURVE_WITH_KNOTS('',1,(#9752,#9753),.UNSPECIFIED.,.F.,.F.,
(2,2),(0.,0.399999999999999),.UNSPECIFIED.);
#4451=B_SPLINE_CURVE_WITH_KNOTS('',1,(#9764,#9765),.UNSPECIFIED.,.F.,.F.,
(2,2),(0.,20.1747900366621),.UNSPECIFIED.);
#4452=B_SPLINE_CURVE_WITH_KNOTS('',1,(#9766,#9767),.UNSPECIFIED.,.F.,.F.,
(2,2),(0.,0.3999999999998),.UNSPECIFIED.);
#4453=B_SPLINE_CURVE_WITH_KNOTS('',1,(#9768,#9769),.UNSPECIFIED.,.F.,.F.,
(2,2),(0.,20.1747900366619),.UNSPECIFIED.);
#4454=B_SPLINE_CURVE_WITH_KNOTS('',1,(#9770,#9771),.UNSPECIFIED.,.F.,.F.,
(2,2),(0.,4.93112044153118),.UNSPECIFIED.);
#4455=B_SPLINE_CURVE_WITH_KNOTS('',1,(#9772,#9773),.UNSPECIFIED.,.F.,.F.,
(2,2),(0.,0.3999999999998),.UNSPECIFIED.);
#4456=B_SPLINE_CURVE_WITH_KNOTS('',1,(#9774,#9775),.UNSPECIFIED.,.F.,.F.,
(2,2),(0.,4.93112044153118),.UNSPECIFIED.);
#4457=B_SPLINE_CURVE_WITH_KNOTS('',1,(#9776,#9777),.UNSPECIFIED.,.F.,.F.,
(2,2),(0.,8.41882860002879),.UNSPECIFIED.);
#4458=B_SPLINE_CURVE_WITH_KNOTS('',1,(#9778,#9779),.UNSPECIFIED.,.F.,.F.,
(2,2),(0.,0.399999999999999),.UNSPECIFIED.);
#4459=B_SPLINE_CURVE_WITH_KNOTS('',1,(#9780,#9781),.UNSPECIFIED.,.F.,.F.,
(2,2),(0.,8.41882860002878),.UNSPECIFIED.);
#4460=B_SPLINE_CURVE_WITH_KNOTS('',1,(#9782,#9783),.UNSPECIFIED.,.F.,.F.,
(2,2),(0.,0.399999999999999),.UNSPECIFIED.);
#4461=B_SPLINE_CURVE_WITH_KNOTS('',1,(#9784,#9785),.UNSPECIFIED.,.F.,.F.,
(2,2),(0.,2.10470715000791),.UNSPECIFIED.);
#4462=B_SPLINE_CURVE_WITH_KNOTS('',1,(#9786,#9787),.UNSPECIFIED.,.F.,.F.,
(2,2),(0.,0.399999999999999),.UNSPECIFIED.);
#4463=B_SPLINE_CURVE_WITH_KNOTS('',1,(#9788,#9789),.UNSPECIFIED.,.F.,.F.,
(2,2),(0.,2.10470715000791),.UNSPECIFIED.);
#4464=B_SPLINE_CURVE_WITH_KNOTS('',1,(#9790,#9791),.UNSPECIFIED.,.F.,.F.,
(2,2),(0.,7.89097257262583),.UNSPECIFIED.);
#4465=B_SPLINE_CURVE_WITH_KNOTS('',1,(#9792,#9793),.UNSPECIFIED.,.F.,.F.,
(2,2),(0.,7.89097257262583),.UNSPECIFIED.);
#4466=B_SPLINE_CURVE_WITH_KNOTS('',1,(#9794,#9795),.UNSPECIFIED.,.F.,.F.,
(2,2),(0.,0.399999999999999),.UNSPECIFIED.);
#4467=B_SPLINE_CURVE_WITH_KNOTS('',1,(#9796,#9797),.UNSPECIFIED.,.F.,.F.,
(2,2),(0.,3.54564672610514),.UNSPECIFIED.);
#4468=B_SPLINE_CURVE_WITH_KNOTS('',1,(#9798,#9799),.UNSPECIFIED.,.F.,.F.,
(2,2),(0.,3.54564672610514),.UNSPECIFIED.);
#4469=B_SPLINE_CURVE_WITH_KNOTS('',1,(#9800,#9801),.UNSPECIFIED.,.F.,.F.,
(2,2),(0.,0.399999999999999),.UNSPECIFIED.);
#4470=B_SPLINE_CURVE_WITH_KNOTS('',1,(#9807,#9808),.UNSPECIFIED.,.F.,.F.,
(2,2),(0.,0.399999999999999),.UNSPECIFIED.);
#4471=B_SPLINE_CURVE_WITH_KNOTS('',1,(#9814,#9815),.UNSPECIFIED.,.F.,.F.,
(2,2),(0.,2.08976578904669),.UNSPECIFIED.);
#4472=B_SPLINE_CURVE_WITH_KNOTS('',1,(#9816,#9817),.UNSPECIFIED.,.F.,.F.,
(2,2),(0.,0.399999999999999),.UNSPECIFIED.);
#4473=B_SPLINE_CURVE_WITH_KNOTS('',1,(#9818,#9819),.UNSPECIFIED.,.F.,.F.,
(2,2),(0.,2.08976578904669),.UNSPECIFIED.);
#4474=B_SPLINE_CURVE_WITH_KNOTS('',1,(#9825,#9826),.UNSPECIFIED.,.F.,.F.,
(2,2),(-2.10470715001879,0.),.UNSPECIFIED.);
#4475=B_SPLINE_CURVE_WITH_KNOTS('',1,(#9827,#9828),.UNSPECIFIED.,.F.,.F.,
(2,2),(-2.10470715000792,0.),.UNSPECIFIED.);
#4476=B_SPLINE_CURVE_WITH_KNOTS('',1,(#9829,#9830),.UNSPECIFIED.,.F.,.F.,
(2,2),(0.,8.37153181014014),.UNSPECIFIED.);
#4477=B_SPLINE_CURVE_WITH_KNOTS('',1,(#9831,#9832),.UNSPECIFIED.,.F.,.F.,
(2,2),(0.,0.399999999999999),.UNSPECIFIED.);
#4478=B_SPLINE_CURVE_WITH_KNOTS('',1,(#9833,#9834),.UNSPECIFIED.,.F.,.F.,
(2,2),(-8.37153181014015,0.),.UNSPECIFIED.);
#4479=B_SPLINE_CURVE_WITH_KNOTS('',1,(#9841,#9842),.UNSPECIFIED.,.F.,.F.,
(2,2),(0.,3.54564672610514),.UNSPECIFIED.);
#4480=B_SPLINE_CURVE_WITH_KNOTS('',1,(#9843,#9844),.UNSPECIFIED.,.F.,.F.,
(2,2),(0.,2.08976578904669),.UNSPECIFIED.);
#4481=B_SPLINE_CURVE_WITH_KNOTS('',1,(#9845,#9846),.UNSPECIFIED.,.F.,.F.,
(2,2),(0.,2.84135465250224),.UNSPECIFIED.);
#4482=B_SPLINE_CURVE_WITH_KNOTS('',1,(#9847,#9848),.UNSPECIFIED.,.F.,.F.,
(2,2),(0.,2.10470715000792),.UNSPECIFIED.);
#4483=B_SPLINE_CURVE_WITH_KNOTS('',1,(#9849,#9850),.UNSPECIFIED.,.F.,.F.,
(2,2),(0.,2.84135465250225),.UNSPECIFIED.);
#4484=B_SPLINE_CURVE_WITH_KNOTS('',1,(#9851,#9852),.UNSPECIFIED.,.F.,.F.,
(2,2),(0.,4.93112044153118),.UNSPECIFIED.);
#4485=B_SPLINE_CURVE_WITH_KNOTS('',1,(#9853,#9854),.UNSPECIFIED.,.F.,.F.,
(2,2),(0.,2.10470715000791),.UNSPECIFIED.);
#4486=B_SPLINE_CURVE_WITH_KNOTS('',1,(#9855,#9856),.UNSPECIFIED.,.F.,.F.,
(2,2),(0.,2.10470715001879),.UNSPECIFIED.);
#4487=B_SPLINE_CURVE_WITH_KNOTS('',1,(#9857,#9858),.UNSPECIFIED.,.F.,.F.,
(2,2),(0.,3.54564672610514),.UNSPECIFIED.);
#4488=B_SPLINE_CURVE_WITH_KNOTS('',1,(#9859,#9860),.UNSPECIFIED.,.F.,.F.,
(2,2),(0.,4.93112044153118),.UNSPECIFIED.);
#4489=B_SPLINE_CURVE_WITH_KNOTS('',1,(#9861,#9862),.UNSPECIFIED.,.F.,.F.,
(2,2),(0.,2.84135465250225),.UNSPECIFIED.);
#4490=B_SPLINE_CURVE_WITH_KNOTS('',1,(#9863,#9864),.UNSPECIFIED.,.F.,.F.,
(2,2),(0.,0.85134221798006),.UNSPECIFIED.);
#4491=B_SPLINE_CURVE_WITH_KNOTS('',1,(#9865,#9866),.UNSPECIFIED.,.F.,.F.,
(2,2),(0.,0.40202271404781),.UNSPECIFIED.);
#4492=B_SPLINE_CURVE_WITH_KNOTS('',1,(#9867,#9868),.UNSPECIFIED.,.F.,.F.,
(2,2),(0.,0.85134221798005),.UNSPECIFIED.);
#4493=B_SPLINE_CURVE_WITH_KNOTS('',1,(#9869,#9870),.UNSPECIFIED.,.F.,.F.,
(2,2),(0.,2.84135465250224),.UNSPECIFIED.);
#4494=B_SPLINE_CURVE_WITH_KNOTS('',1,(#9871,#9872),.UNSPECIFIED.,.F.,.F.,
(2,2),(0.,2.08976578904669),.UNSPECIFIED.);
#4495=B_SPLINE_CURVE_WITH_KNOTS('',1,(#9893,#9894),.UNSPECIFIED.,.F.,.F.,
(2,2),(-0.700000000000003,0.),.UNSPECIFIED.);
#4496=B_SPLINE_CURVE_WITH_KNOTS('',1,(#9895,#9896),.UNSPECIFIED.,.F.,.F.,
(2,2),(0.190000000000004,0.890000000000008),.UNSPECIFIED.);
#4497=B_SPLINE_CURVE_WITH_KNOTS('',1,(#9897,#9898),.UNSPECIFIED.,.F.,.F.,
(2,2),(-0.700000000000003,0.),.UNSPECIFIED.);
#4498=B_SPLINE_CURVE_WITH_KNOTS('',1,(#9899,#9900),.UNSPECIFIED.,.F.,.F.,
(2,2),(-0.700000000000003,0.),.UNSPECIFIED.);
#4499=B_SPLINE_CURVE_WITH_KNOTS('',1,(#9901,#9902),.UNSPECIFIED.,.F.,.F.,
(2,2),(0.,7.89097257262583),.UNSPECIFIED.);
#4500=B_SPLINE_CURVE_WITH_KNOTS('',1,(#9903,#9904),.UNSPECIFIED.,.F.,.F.,
(2,2),(0.,7.89097257262583),.UNSPECIFIED.);
#4501=B_SPLINE_CURVE_WITH_KNOTS('',1,(#9914,#9915),.UNSPECIFIED.,.F.,.F.,
(2,2),(0.,0.700000000000003),.UNSPECIFIED.);
#4502=B_SPLINE_CURVE_WITH_KNOTS('',1,(#9925,#9926),.UNSPECIFIED.,.F.,.F.,
(2,2),(0.,0.700000000000003),.UNSPECIFIED.);
#4503=B_SPLINE_CURVE_WITH_KNOTS('',1,(#9927,#9928),.UNSPECIFIED.,.F.,.F.,
(2,2),(0.,7.88683650530707),.UNSPECIFIED.);
#4504=B_SPLINE_CURVE_WITH_KNOTS('',1,(#9929,#9930),.UNSPECIFIED.,.F.,.F.,
(2,2),(-0.700000000000003,0.),.UNSPECIFIED.);
#4505=B_SPLINE_CURVE_WITH_KNOTS('',1,(#9931,#9932),.UNSPECIFIED.,.F.,.F.,
(2,2),(0.,7.88683650530707),.UNSPECIFIED.);
#4506=B_SPLINE_CURVE_WITH_KNOTS('',1,(#9933,#9934),.UNSPECIFIED.,.F.,.F.,
(2,2),(0.,0.700000000000003),.UNSPECIFIED.);
#4507=B_SPLINE_CURVE_WITH_KNOTS('',1,(#9940,#9941),.UNSPECIFIED.,.F.,.F.,
(2,2),(-0.700000000000003,0.),.UNSPECIFIED.);
#4508=B_SPLINE_CURVE_WITH_KNOTS('',1,(#9947,#9948),.UNSPECIFIED.,.F.,.F.,
(2,2),(0.,9.77194688656193),.UNSPECIFIED.);
#4509=B_SPLINE_CURVE_WITH_KNOTS('',1,(#9949,#9950),.UNSPECIFIED.,.F.,.F.,
(2,2),(0.,9.77194688656193),.UNSPECIFIED.);
#4510=B_SPLINE_CURVE_WITH_KNOTS('',1,(#9951,#9952),.UNSPECIFIED.,.F.,.F.,
(2,2),(0.,0.700000000000003),.UNSPECIFIED.);
#4511=B_SPLINE_CURVE_WITH_KNOTS('',1,(#9953,#9954),.UNSPECIFIED.,.F.,.F.,
(2,2),(-0.700000000000003,0.),.UNSPECIFIED.);
#4512=B_SPLINE_CURVE_WITH_KNOTS('',1,(#9955,#9956),.UNSPECIFIED.,.F.,.F.,
(2,2),(0.,10.5235357500294),.UNSPECIFIED.);
#4513=B_SPLINE_CURVE_WITH_KNOTS('',1,(#9957,#9958),.UNSPECIFIED.,.F.,.F.,
(2,2),(0.,10.5235357500294),.UNSPECIFIED.);
#4514=B_SPLINE_CURVE_WITH_KNOTS('',1,(#9959,#9960),.UNSPECIFIED.,.F.,.F.,
(2,2),(0.,10.5235357500294),.UNSPECIFIED.);
#4515=B_SPLINE_CURVE_WITH_KNOTS('',1,(#9961,#9962),.UNSPECIFIED.,.F.,.F.,
(2,2),(0.,10.5235357500294),.UNSPECIFIED.);
#4516=B_SPLINE_CURVE_WITH_KNOTS('',1,(#9963,#9964),.UNSPECIFIED.,.F.,.F.,
(2,2),(-0.700000000000003,0.),.UNSPECIFIED.);
#4517=B_SPLINE_CURVE_WITH_KNOTS('',1,(#9965,#9966),.UNSPECIFIED.,.F.,.F.,
(2,2),(-0.700000000000003,0.),.UNSPECIFIED.);
#4518=B_SPLINE_CURVE_WITH_KNOTS('',1,(#9967,#9968),.UNSPECIFIED.,.F.,.F.,
(2,2),(0.,20.0581315449054),.UNSPECIFIED.);
#4519=B_SPLINE_CURVE_WITH_KNOTS('',1,(#9969,#9970),.UNSPECIFIED.,.F.,.F.,
(2,2),(0.,20.0581315449054),.UNSPECIFIED.);
#4520=B_SPLINE_CURVE_WITH_KNOTS('',1,(#9976,#9977),.UNSPECIFIED.,.F.,.F.,
(2,2),(0.,0.700000000000003),.UNSPECIFIED.);
#4521=B_SPLINE_CURVE_WITH_KNOTS('',1,(#9983,#9984),.UNSPECIFIED.,.F.,.F.,
(2,2),(0.,0.700000000000003),.UNSPECIFIED.);
#4522=B_SPLINE_CURVE_WITH_KNOTS('',1,(#9985,#9986),.UNSPECIFIED.,.F.,.F.,
(2,2),(0.,20.1747900366619),.UNSPECIFIED.);
#4523=B_SPLINE_CURVE_WITH_KNOTS('',1,(#9987,#9988),.UNSPECIFIED.,.F.,.F.,
(2,2),(0.,0.700000000000003),.UNSPECIFIED.);
#4524=B_SPLINE_CURVE_WITH_KNOTS('',1,(#9989,#9990),.UNSPECIFIED.,.F.,.F.,
(2,2),(0.,20.1747900366619),.UNSPECIFIED.);
#4525=B_SPLINE_CURVE_WITH_KNOTS('',1,(#9991,#9992),.UNSPECIFIED.,.F.,.F.,
(2,2),(-0.700000000000003,0.),.UNSPECIFIED.);
#4526=B_SPLINE_CURVE_WITH_KNOTS('',1,(#9998,#9999),.UNSPECIFIED.,.F.,.F.,
(2,2),(-0.700000000000003,0.),.UNSPECIFIED.);
#4527=B_SPLINE_CURVE_WITH_KNOTS('',1,(#10005,#10006),.UNSPECIFIED.,.F.,
 .F.,(2,2),(0.,8.37153181014016),.UNSPECIFIED.);
#4528=B_SPLINE_CURVE_WITH_KNOTS('',1,(#10007,#10008),.UNSPECIFIED.,.F.,
 .F.,(2,2),(0.,8.37153181014016),.UNSPECIFIED.);
#4529=B_SPLINE_CURVE_WITH_KNOTS('',1,(#10009,#10010),.UNSPECIFIED.,.F.,
 .F.,(2,2),(0.,0.700000000000003),.UNSPECIFIED.);
#4530=B_SPLINE_CURVE_WITH_KNOTS('',1,(#10017,#10018),.UNSPECIFIED.,.F.,
 .F.,(2,2),(0.,8.41882860003251),.UNSPECIFIED.);
#4531=B_SPLINE_CURVE_WITH_KNOTS('',1,(#10019,#10020),.UNSPECIFIED.,.F.,
 .F.,(2,2),(0.,8.4188286000325),.UNSPECIFIED.);
#4532=B_SPLINE_CURVE_WITH_KNOTS('',1,(#10021,#10022),.UNSPECIFIED.,.F.,
 .F.,(2,2),(-0.700000000000003,0.),.UNSPECIFIED.);
#4533=B_SPLINE_CURVE_WITH_KNOTS('',1,(#10023,#10024),.UNSPECIFIED.,.F.,
 .F.,(2,2),(-0.700000000000003,0.),.UNSPECIFIED.);
#4534=B_SPLINE_CURVE_WITH_KNOTS('',1,(#10025,#10026),.UNSPECIFIED.,.F.,
 .F.,(2,2),(0.,8.41882860002879),.UNSPECIFIED.);
#4535=B_SPLINE_CURVE_WITH_KNOTS('',1,(#10027,#10028),.UNSPECIFIED.,.F.,
 .F.,(2,2),(0.,8.41882860002878),.UNSPECIFIED.);
#4536=B_SPLINE_CURVE_WITH_KNOTS('',1,(#10029,#10030),.UNSPECIFIED.,.F.,
 .F.,(2,2),(0.,0.700000000000003),.UNSPECIFIED.);
#4537=B_SPLINE_CURVE_WITH_KNOTS('',1,(#10031,#10032),.UNSPECIFIED.,.F.,
 .F.,(2,2),(0.,0.700000000000003),.UNSPECIFIED.);
#4538=B_SPLINE_CURVE_WITH_KNOTS('',1,(#10033,#10034),.UNSPECIFIED.,.F.,
 .F.,(2,2),(0.,4.65403051128796),.UNSPECIFIED.);
#4539=B_SPLINE_CURVE_WITH_KNOTS('',1,(#10035,#10036),.UNSPECIFIED.,.F.,
 .F.,(2,2),(0.,2.00000000000001),.UNSPECIFIED.);
#4540=B_SPLINE_CURVE_WITH_KNOTS('',1,(#10037,#10038),.UNSPECIFIED.,.F.,
 .F.,(2,2),(0.,4.654030511288),.UNSPECIFIED.);
#4541=B_SPLINE_CURVE_WITH_KNOTS('',1,(#10039,#10040),.UNSPECIFIED.,.F.,
 .F.,(2,2),(-6.79740661031252,0.),.UNSPECIFIED.);
#4542=B_SPLINE_CURVE_WITH_KNOTS('',1,(#10041,#10042),.UNSPECIFIED.,.F.,
 .F.,(2,2),(0.,2.39870330515623),.UNSPECIFIED.);
#4543=B_SPLINE_CURVE_WITH_KNOTS('',1,(#10063,#10064),.UNSPECIFIED.,.F.,
 .F.,(2,2),(-3.8,0.),.UNSPECIFIED.);
#4544=B_SPLINE_CURVE_WITH_KNOTS('',1,(#10065,#10066),.UNSPECIFIED.,.F.,
 .F.,(2,2),(0.500000000000006,4.30000000000001),.UNSPECIFIED.);
#4545=B_SPLINE_CURVE_WITH_KNOTS('',1,(#10067,#10068),.UNSPECIFIED.,.F.,
 .F.,(2,2),(0.,9.49299262415348),.UNSPECIFIED.);
#4546=B_SPLINE_CURVE_WITH_KNOTS('',1,(#10069,#10070),.UNSPECIFIED.,.F.,
 .F.,(2,2),(0.,6.80598685564473),.UNSPECIFIED.);
#4547=B_SPLINE_CURVE_WITH_KNOTS('',1,(#10071,#10072),.UNSPECIFIED.,.F.,
 .F.,(2,2),(0.,3.8),.UNSPECIFIED.);
#4548=B_SPLINE_CURVE_WITH_KNOTS('',1,(#10073,#10074),.UNSPECIFIED.,.F.,
 .F.,(2,2),(0.,5.4),.UNSPECIFIED.);
#4549=B_SPLINE_CURVE_WITH_KNOTS('',1,(#10075,#10076),.UNSPECIFIED.,.F.,
 .F.,(2,2),(0.,29.),.UNSPECIFIED.);
#4550=B_SPLINE_CURVE_WITH_KNOTS('',1,(#10077,#10078),.UNSPECIFIED.,.F.,
 .F.,(2,2),(0.,5.4),.UNSPECIFIED.);
#4551=B_SPLINE_CURVE_WITH_KNOTS('',1,(#10079,#10080),.UNSPECIFIED.,.F.,
 .F.,(2,2),(0.,29.),.UNSPECIFIED.);
#4552=B_SPLINE_CURVE_WITH_KNOTS('',1,(#10081,#10082),.UNSPECIFIED.,.F.,
 .F.,(2,2),(0.,4.65403051128796),.UNSPECIFIED.);
#4553=B_SPLINE_CURVE_WITH_KNOTS('',1,(#10083,#10084),.UNSPECIFIED.,.F.,
 .F.,(2,2),(0.,2.00000000000001),.UNSPECIFIED.);
#4554=B_SPLINE_CURVE_WITH_KNOTS('',1,(#10085,#10086),.UNSPECIFIED.,.F.,
 .F.,(2,2),(0.,4.654030511288),.UNSPECIFIED.);
#4555=B_SPLINE_CURVE_WITH_KNOTS('',1,(#10087,#10088),.UNSPECIFIED.,.F.,
 .F.,(2,2),(0.,2.39870330515623),.UNSPECIFIED.);
#4556=B_SPLINE_CURVE_WITH_KNOTS('',1,(#10089,#10090),.UNSPECIFIED.,.F.,
 .F.,(2,2),(-6.79740661031252,0.),.UNSPECIFIED.);
#4557=B_SPLINE_CURVE_WITH_KNOTS('',1,(#10111,#10112),.UNSPECIFIED.,.F.,
 .F.,(2,2),(-3.8,0.),.UNSPECIFIED.);
#4558=B_SPLINE_CURVE_WITH_KNOTS('',1,(#10113,#10114),.UNSPECIFIED.,.F.,
 .F.,(2,2),(0.5,4.3),.UNSPECIFIED.);
#4559=B_SPLINE_CURVE_WITH_KNOTS('',1,(#10115,#10116),.UNSPECIFIED.,.F.,
 .F.,(2,2),(0.,9.49299262415348),.UNSPECIFIED.);
#4560=B_SPLINE_CURVE_WITH_KNOTS('',1,(#10117,#10118),.UNSPECIFIED.,.F.,
 .F.,(2,2),(-6.80598685564473,0.),.UNSPECIFIED.);
#4561=B_SPLINE_CURVE_WITH_KNOTS('',1,(#10119,#10120),.UNSPECIFIED.,.F.,
 .F.,(2,2),(0.,2.),.UNSPECIFIED.);
#4562=B_SPLINE_CURVE_WITH_KNOTS('',1,(#10124,#10125),.UNSPECIFIED.,.F.,
 .F.,(2,2),(0.,2.),.UNSPECIFIED.);
#4563=B_SPLINE_CURVE_WITH_KNOTS('',1,(#10129,#10130),.UNSPECIFIED.,.F.,
 .F.,(2,2),(0.,11.3125245098982),.UNSPECIFIED.);
#4564=B_SPLINE_CURVE_WITH_KNOTS('',1,(#10131,#10132),.UNSPECIFIED.,.F.,
 .F.,(2,2),(0.,11.3125245098982),.UNSPECIFIED.);
#4565=B_SPLINE_CURVE_WITH_KNOTS('',1,(#10133,#10134),.UNSPECIFIED.,.F.,
 .F.,(2,2),(-6.80598685564459,0.),.UNSPECIFIED.);
#4566=B_SPLINE_CURVE_WITH_KNOTS('',1,(#10135,#10136),.UNSPECIFIED.,.F.,
 .F.,(2,2),(0.,9.49299262415341),.UNSPECIFIED.);
#4567=B_SPLINE_CURVE_WITH_KNOTS('',1,(#10137,#10138),.UNSPECIFIED.,.F.,
 .F.,(2,2),(0.,4.65403051128804),.UNSPECIFIED.);
#4568=B_SPLINE_CURVE_WITH_KNOTS('',1,(#10139,#10140),.UNSPECIFIED.,.F.,
 .F.,(2,2),(0.,2.00000000000001),.UNSPECIFIED.);
#4569=B_SPLINE_CURVE_WITH_KNOTS('',1,(#10141,#10142),.UNSPECIFIED.,.F.,
 .F.,(2,2),(0.,4.65403051128804),.UNSPECIFIED.);
#4570=B_SPLINE_CURVE_WITH_KNOTS('',1,(#10143,#10144),.UNSPECIFIED.,.F.,
 .F.,(2,2),(0.,2.39870330515622),.UNSPECIFIED.);
#4571=B_SPLINE_CURVE_WITH_KNOTS('',1,(#10145,#10146),.UNSPECIFIED.,.F.,
 .F.,(2,2),(-6.79740661031252,0.),.UNSPECIFIED.);
#4572=B_SPLINE_CURVE_WITH_KNOTS('',1,(#10147,#10148),.UNSPECIFIED.,.F.,
 .F.,(2,2),(0.,2.39870330515622),.UNSPECIFIED.);
#4573=B_SPLINE_CURVE_WITH_KNOTS('',1,(#10149,#10150),.UNSPECIFIED.,.F.,
 .F.,(2,2),(0.,9.49299262415348),.UNSPECIFIED.);
#4574=B_SPLINE_CURVE_WITH_KNOTS('',1,(#10151,#10152),.UNSPECIFIED.,.F.,
 .F.,(2,2),(0.,6.80598685564459),.UNSPECIFIED.);
#4575=B_SPLINE_CURVE_WITH_KNOTS('',1,(#10153,#10154),.UNSPECIFIED.,.F.,
 .F.,(2,2),(0.,3.8),.UNSPECIFIED.);
#4576=B_SPLINE_CURVE_WITH_KNOTS('',1,(#10175,#10176),.UNSPECIFIED.,.F.,
 .F.,(2,2),(-3.8,0.),.UNSPECIFIED.);
#4577=B_SPLINE_CURVE_WITH_KNOTS('',1,(#10177,#10178),.UNSPECIFIED.,.F.,
 .F.,(2,2),(0.500000000000006,4.30000000000001),.UNSPECIFIED.);
#4578=B_SPLINE_CURVE_WITH_KNOTS('',1,(#10179,#10180),.UNSPECIFIED.,.F.,
 .F.,(2,2),(0.,6.80598685564459),.UNSPECIFIED.);
#4579=B_SPLINE_CURVE_WITH_KNOTS('',1,(#10181,#10182),.UNSPECIFIED.,.F.,
 .F.,(2,2),(0.,9.49299262415348),.UNSPECIFIED.);
#4580=B_SPLINE_CURVE_WITH_KNOTS('',1,(#10183,#10184),.UNSPECIFIED.,.F.,
 .F.,(2,2),(0.,3.8),.UNSPECIFIED.);
#4581=B_SPLINE_CURVE_WITH_KNOTS('',1,(#10185,#10186),.UNSPECIFIED.,.F.,
 .F.,(2,2),(0.,6.80598685564459),.UNSPECIFIED.);
#4582=B_SPLINE_CURVE_WITH_KNOTS('',1,(#10187,#10188),.UNSPECIFIED.,.F.,
 .F.,(2,2),(0.,9.49299262415341),.UNSPECIFIED.);
#4583=B_SPLINE_CURVE_WITH_KNOTS('',1,(#10189,#10190),.UNSPECIFIED.,.F.,
 .F.,(2,2),(0.,3.8),.UNSPECIFIED.);
#4584=B_SPLINE_CURVE_WITH_KNOTS('',1,(#10191,#10192),.UNSPECIFIED.,.F.,
 .F.,(2,2),(0.,5.4),.UNSPECIFIED.);
#4585=B_SPLINE_CURVE_WITH_KNOTS('',1,(#10193,#10194),.UNSPECIFIED.,.F.,
 .F.,(2,2),(0.,29.),.UNSPECIFIED.);
#4586=B_SPLINE_CURVE_WITH_KNOTS('',1,(#10195,#10196),.UNSPECIFIED.,.F.,
 .F.,(2,2),(0.,5.4),.UNSPECIFIED.);
#4587=B_SPLINE_CURVE_WITH_KNOTS('',1,(#10197,#10198),.UNSPECIFIED.,.F.,
 .F.,(2,2),(0.,29.),.UNSPECIFIED.);
#4588=B_SPLINE_CURVE_WITH_KNOTS('',1,(#10199,#10200),.UNSPECIFIED.,.F.,
 .F.,(2,2),(-2.3987033051563,0.),.UNSPECIFIED.);
#4589=B_SPLINE_CURVE_WITH_KNOTS('',1,(#10201,#10202),.UNSPECIFIED.,.F.,
 .F.,(2,2),(-29.,0.),.UNSPECIFIED.);
#4590=B_SPLINE_CURVE_WITH_KNOTS('',1,(#10203,#10204),.UNSPECIFIED.,.F.,
 .F.,(2,2),(-2.3987033051563,0.),.UNSPECIFIED.);
#4591=B_SPLINE_CURVE_WITH_KNOTS('',1,(#10205,#10206),.UNSPECIFIED.,.F.,
 .F.,(2,2),(0.,4.65403051128804),.UNSPECIFIED.);
#4592=B_SPLINE_CURVE_WITH_KNOTS('',1,(#10207,#10208),.UNSPECIFIED.,.F.,
 .F.,(2,2),(0.,2.00000000000001),.UNSPECIFIED.);
#4593=B_SPLINE_CURVE_WITH_KNOTS('',1,(#10209,#10210),.UNSPECIFIED.,.F.,
 .F.,(2,2),(0.,4.65403051128804),.UNSPECIFIED.);
#4594=B_SPLINE_CURVE_WITH_KNOTS('',1,(#10211,#10212),.UNSPECIFIED.,.F.,
 .F.,(2,2),(-6.79740661031252,0.),.UNSPECIFIED.);
#4595=B_SPLINE_CURVE_WITH_KNOTS('',1,(#10213,#10214),.UNSPECIFIED.,.F.,
 .F.,(2,2),(0.,9.49299262415348),.UNSPECIFIED.);
#4596=B_SPLINE_CURVE_WITH_KNOTS('',1,(#10215,#10216),.UNSPECIFIED.,.F.,
 .F.,(2,2),(-6.80598685564459,0.),.UNSPECIFIED.);
#4597=B_SPLINE_CURVE_WITH_KNOTS('',1,(#10217,#10218),.UNSPECIFIED.,.F.,
 .F.,(2,2),(0.,3.8),.UNSPECIFIED.);
#4598=B_SPLINE_CURVE_WITH_KNOTS('',1,(#10239,#10240),.UNSPECIFIED.,.F.,
 .F.,(2,2),(-3.8,0.),.UNSPECIFIED.);
#4599=B_SPLINE_CURVE_WITH_KNOTS('',1,(#10241,#10242),.UNSPECIFIED.,.F.,
 .F.,(2,2),(0.500000000000022,4.30000000000004),.UNSPECIFIED.);
#4600=B_SPLINE_CURVE_WITH_KNOTS('',1,(#10243,#10244),.UNSPECIFIED.,.F.,
 .F.,(2,2),(0.,11.3125245098982),.UNSPECIFIED.);
#4601=B_SPLINE_CURVE_WITH_KNOTS('',1,(#10245,#10246),.UNSPECIFIED.,.F.,
 .F.,(2,2),(0.,11.3125245098982),.UNSPECIFIED.);
#4602=B_SPLINE_CURVE_WITH_KNOTS('',1,(#10247,#10248),.UNSPECIFIED.,.F.,
 .F.,(2,2),(-6.80598685564459,0.),.UNSPECIFIED.);
#4603=B_SPLINE_CURVE_WITH_KNOTS('',1,(#10249,#10250),.UNSPECIFIED.,.F.,
 .F.,(2,2),(0.,9.49299262415348),.UNSPECIFIED.);
#4604=B_SPLINE_CURVE_WITH_KNOTS('',1,(#10251,#10252),.UNSPECIFIED.,.F.,
 .F.,(2,2),(0.,11.3125245098982),.UNSPECIFIED.);
#4605=B_SPLINE_CURVE_WITH_KNOTS('',1,(#10253,#10254),.UNSPECIFIED.,.F.,
 .F.,(2,2),(0.,11.3125245098982),.UNSPECIFIED.);
#4606=B_SPLINE_CURVE_WITH_KNOTS('',1,(#10255,#10256),.UNSPECIFIED.,.F.,
 .F.,(2,2),(0.,7.07000000000001),.UNSPECIFIED.);
#4607=B_SPLINE_CURVE_WITH_KNOTS('',1,(#10257,#10258),.UNSPECIFIED.,.F.,
 .F.,(2,2),(-7.07106781186548,0.),.UNSPECIFIED.);
#4608=B_SPLINE_CURVE_WITH_KNOTS('',1,(#10262,#10263),.UNSPECIFIED.,.F.,
 .F.,(2,2),(0.,3.2),.UNSPECIFIED.);
#4609=B_SPLINE_CURVE_WITH_KNOTS('',1,(#10267,#10268),.UNSPECIFIED.,.F.,
 .F.,(2,2),(0.,3.2),.UNSPECIFIED.);
#4610=B_SPLINE_CURVE_WITH_KNOTS('',1,(#10269,#10270),.UNSPECIFIED.,.F.,
 .F.,(2,2),(0.,3.2),.UNSPECIFIED.);
#4611=B_SPLINE_CURVE_WITH_KNOTS('',1,(#10271,#10272),.UNSPECIFIED.,.F.,
 .F.,(2,2),(0.,0.551800508553416),.UNSPECIFIED.);
#4612=B_SPLINE_CURVE_WITH_KNOTS('',1,(#10273,#10274),.UNSPECIFIED.,.F.,
 .F.,(2,2),(0.,0.551800508553416),.UNSPECIFIED.);
#4613=B_SPLINE_CURVE_WITH_KNOTS('',1,(#10275,#10276),.UNSPECIFIED.,.F.,
 .F.,(2,2),(0.,3.2),.UNSPECIFIED.);
#4614=B_SPLINE_CURVE_WITH_KNOTS('',1,(#10277,#10278),.UNSPECIFIED.,.F.,
 .F.,(2,2),(0.,6.44693326287046),.UNSPECIFIED.);
#4615=B_SPLINE_CURVE_WITH_KNOTS('',1,(#10279,#10280),.UNSPECIFIED.,.F.,
 .F.,(2,2),(0.,6.44693326287046),.UNSPECIFIED.);
#4616=B_SPLINE_CURVE_WITH_KNOTS('',1,(#10281,#10282),.UNSPECIFIED.,.F.,
 .F.,(2,2),(0.,3.2),.UNSPECIFIED.);
#4617=B_SPLINE_CURVE_WITH_KNOTS('',1,(#10283,#10284),.UNSPECIFIED.,.F.,
 .F.,(2,2),(0.,0.584832888710064),.UNSPECIFIED.);
#4618=B_SPLINE_CURVE_WITH_KNOTS('',1,(#10285,#10286),.UNSPECIFIED.,.F.,
 .F.,(2,2),(0.,0.584832888710081),.UNSPECIFIED.);
#4619=B_SPLINE_CURVE_WITH_KNOTS('',1,(#10287,#10288),.UNSPECIFIED.,.F.,
 .F.,(2,2),(0.,3.2),.UNSPECIFIED.);
#4620=B_SPLINE_CURVE_WITH_KNOTS('',1,(#10295,#10296),.UNSPECIFIED.,.F.,
 .F.,(2,2),(0.,3.2),.UNSPECIFIED.);
#4621=B_SPLINE_CURVE_WITH_KNOTS('',1,(#10297,#10298),.UNSPECIFIED.,.F.,
 .F.,(2,2),(0.,0.584832888705139),.UNSPECIFIED.);
#4622=B_SPLINE_CURVE_WITH_KNOTS('',1,(#10299,#10300),.UNSPECIFIED.,.F.,
 .F.,(2,2),(0.,0.584832888705088),.UNSPECIFIED.);
#4623=B_SPLINE_CURVE_WITH_KNOTS('',1,(#10301,#10302),.UNSPECIFIED.,.F.,
 .F.,(2,2),(0.,3.2),.UNSPECIFIED.);
#4624=B_SPLINE_CURVE_WITH_KNOTS('',1,(#10303,#10304),.UNSPECIFIED.,.F.,
 .F.,(2,2),(0.,6.44693326287034),.UNSPECIFIED.);
#4625=B_SPLINE_CURVE_WITH_KNOTS('',1,(#10305,#10306),.UNSPECIFIED.,.F.,
 .F.,(2,2),(0.,6.44693326287034),.UNSPECIFIED.);
#4626=B_SPLINE_CURVE_WITH_KNOTS('',1,(#10307,#10308),.UNSPECIFIED.,.F.,
 .F.,(2,2),(0.,0.551800508548461),.UNSPECIFIED.);
#4627=B_SPLINE_CURVE_WITH_KNOTS('',1,(#10309,#10310),.UNSPECIFIED.,.F.,
 .F.,(2,2),(0.,0.551800508548461),.UNSPECIFIED.);
#4628=B_SPLINE_CURVE_WITH_KNOTS('',1,(#10314,#10315),.UNSPECIFIED.,.F.,
 .F.,(2,2),(0.,3.2),.UNSPECIFIED.);
#4629=B_SPLINE_CURVE_WITH_KNOTS('',1,(#10319,#10320),.UNSPECIFIED.,.F.,
 .F.,(2,2),(0.,3.2),.UNSPECIFIED.);
#4630=B_SPLINE_CURVE_WITH_KNOTS('',1,(#10321,#10322),.UNSPECIFIED.,.F.,
 .F.,(2,2),(0.,3.2),.UNSPECIFIED.);
#4631=B_SPLINE_CURVE_WITH_KNOTS('',1,(#10323,#10324),.UNSPECIFIED.,.F.,
 .F.,(2,2),(0.,0.551800508553474),.UNSPECIFIED.);
#4632=B_SPLINE_CURVE_WITH_KNOTS('',1,(#10325,#10326),.UNSPECIFIED.,.F.,
 .F.,(2,2),(0.,0.551800508553474),.UNSPECIFIED.);
#4633=B_SPLINE_CURVE_WITH_KNOTS('',1,(#10327,#10328),.UNSPECIFIED.,.F.,
 .F.,(2,2),(0.,3.2),.UNSPECIFIED.);
#4634=B_SPLINE_CURVE_WITH_KNOTS('',1,(#10329,#10330),.UNSPECIFIED.,.F.,
 .F.,(2,2),(0.,6.44693326287044),.UNSPECIFIED.);
#4635=B_SPLINE_CURVE_WITH_KNOTS('',1,(#10331,#10332),.UNSPECIFIED.,.F.,
 .F.,(2,2),(0.,6.44693326287044),.UNSPECIFIED.);
#4636=B_SPLINE_CURVE_WITH_KNOTS('',1,(#10333,#10334),.UNSPECIFIED.,.F.,
 .F.,(2,2),(0.,3.2),.UNSPECIFIED.);
#4637=B_SPLINE_CURVE_WITH_KNOTS('',1,(#10335,#10336),.UNSPECIFIED.,.F.,
 .F.,(2,2),(0.,0.584832888709952),.UNSPECIFIED.);
#4638=B_SPLINE_CURVE_WITH_KNOTS('',1,(#10337,#10338),.UNSPECIFIED.,.F.,
 .F.,(2,2),(0.,0.584832888709952),.UNSPECIFIED.);
#4639=B_SPLINE_CURVE_WITH_KNOTS('',1,(#10339,#10340),.UNSPECIFIED.,.F.,
 .F.,(2,2),(0.,3.2),.UNSPECIFIED.);
#4640=B_SPLINE_CURVE_WITH_KNOTS('',1,(#10347,#10348),.UNSPECIFIED.,.F.,
 .F.,(2,2),(0.,3.2),.UNSPECIFIED.);
#4641=B_SPLINE_CURVE_WITH_KNOTS('',1,(#10349,#10350),.UNSPECIFIED.,.F.,
 .F.,(2,2),(0.,0.584832888705119),.UNSPECIFIED.);
#4642=B_SPLINE_CURVE_WITH_KNOTS('',1,(#10351,#10352),.UNSPECIFIED.,.F.,
 .F.,(2,2),(0.,0.584832888705119),.UNSPECIFIED.);
#4643=B_SPLINE_CURVE_WITH_KNOTS('',1,(#10353,#10354),.UNSPECIFIED.,.F.,
 .F.,(2,2),(0.,3.2),.UNSPECIFIED.);
#4644=B_SPLINE_CURVE_WITH_KNOTS('',1,(#10355,#10356),.UNSPECIFIED.,.F.,
 .F.,(2,2),(0.,6.44693326287021),.UNSPECIFIED.);
#4645=B_SPLINE_CURVE_WITH_KNOTS('',1,(#10357,#10358),.UNSPECIFIED.,.F.,
 .F.,(2,2),(0.,6.44693326287021),.UNSPECIFIED.);
#4646=B_SPLINE_CURVE_WITH_KNOTS('',1,(#10359,#10360),.UNSPECIFIED.,.F.,
 .F.,(2,2),(-0.551800508548606,0.),.UNSPECIFIED.);
#4647=B_SPLINE_CURVE_WITH_KNOTS('',1,(#10361,#10362),.UNSPECIFIED.,.F.,
 .F.,(2,2),(-0.551800508548598,0.),.UNSPECIFIED.);
#4648=B_SPLINE_CURVE_WITH_KNOTS('',1,(#10363,#10364),.UNSPECIFIED.,.F.,
 .F.,(2,2),(0.,2.),.UNSPECIFIED.);
#4649=B_SPLINE_CURVE_WITH_KNOTS('',1,(#10368,#10369),.UNSPECIFIED.,.F.,
 .F.,(2,2),(0.,2.),.UNSPECIFIED.);
#4650=B_SPLINE_CURVE_WITH_KNOTS('',1,(#10376,#10377),.UNSPECIFIED.,.F.,
 .F.,(2,2),(0.,3.2),.UNSPECIFIED.);
#4651=B_SPLINE_CURVE_WITH_KNOTS('',1,(#10381,#10382),.UNSPECIFIED.,.F.,
 .F.,(2,2),(0.,3.2),.UNSPECIFIED.);
#4652=B_SPLINE_CURVE_WITH_KNOTS('',1,(#10383,#10384),.UNSPECIFIED.,.F.,
 .F.,(2,2),(0.,3.2),.UNSPECIFIED.);
#4653=B_SPLINE_CURVE_WITH_KNOTS('',1,(#10385,#10386),.UNSPECIFIED.,.F.,
 .F.,(2,2),(0.,0.551800508553468),.UNSPECIFIED.);
#4654=B_SPLINE_CURVE_WITH_KNOTS('',1,(#10387,#10388),.UNSPECIFIED.,.F.,
 .F.,(2,2),(0.,0.551800508553459),.UNSPECIFIED.);
#4655=B_SPLINE_CURVE_WITH_KNOTS('',1,(#10389,#10390),.UNSPECIFIED.,.F.,
 .F.,(2,2),(0.,3.2),.UNSPECIFIED.);
#4656=B_SPLINE_CURVE_WITH_KNOTS('',1,(#10391,#10392),.UNSPECIFIED.,.F.,
 .F.,(2,2),(0.,6.44693326287041),.UNSPECIFIED.);
#4657=B_SPLINE_CURVE_WITH_KNOTS('',1,(#10393,#10394),.UNSPECIFIED.,.F.,
 .F.,(2,2),(0.,6.44693326287041),.UNSPECIFIED.);
#4658=B_SPLINE_CURVE_WITH_KNOTS('',1,(#10395,#10396),.UNSPECIFIED.,.F.,
 .F.,(2,2),(0.,3.2),.UNSPECIFIED.);
#4659=B_SPLINE_CURVE_WITH_KNOTS('',1,(#10397,#10398),.UNSPECIFIED.,.F.,
 .F.,(2,2),(0.,0.584832888710132),.UNSPECIFIED.);
#4660=B_SPLINE_CURVE_WITH_KNOTS('',1,(#10399,#10400),.UNSPECIFIED.,.F.,
 .F.,(2,2),(0.,0.584832888710132),.UNSPECIFIED.);
#4661=B_SPLINE_CURVE_WITH_KNOTS('',1,(#10401,#10402),.UNSPECIFIED.,.F.,
 .F.,(2,2),(0.,3.2),.UNSPECIFIED.);
#4662=B_SPLINE_CURVE_WITH_KNOTS('',1,(#10409,#10410),.UNSPECIFIED.,.F.,
 .F.,(2,2),(0.,3.2),.UNSPECIFIED.);
#4663=B_SPLINE_CURVE_WITH_KNOTS('',1,(#10411,#10412),.UNSPECIFIED.,.F.,
 .F.,(2,2),(0.,0.584832888705123),.UNSPECIFIED.);
#4664=B_SPLINE_CURVE_WITH_KNOTS('',1,(#10413,#10414),.UNSPECIFIED.,.F.,
 .F.,(2,2),(0.,0.584832888705123),.UNSPECIFIED.);
#4665=B_SPLINE_CURVE_WITH_KNOTS('',1,(#10415,#10416),.UNSPECIFIED.,.F.,
 .F.,(2,2),(0.,3.2),.UNSPECIFIED.);
#4666=B_SPLINE_CURVE_WITH_KNOTS('',1,(#10417,#10418),.UNSPECIFIED.,.F.,
 .F.,(2,2),(0.,6.44693326287029),.UNSPECIFIED.);
#4667=B_SPLINE_CURVE_WITH_KNOTS('',1,(#10419,#10420),.UNSPECIFIED.,.F.,
 .F.,(2,2),(0.,6.44693326287029),.UNSPECIFIED.);
#4668=B_SPLINE_CURVE_WITH_KNOTS('',1,(#10421,#10422),.UNSPECIFIED.,.F.,
 .F.,(2,2),(0.,0.551800508548561),.UNSPECIFIED.);
#4669=B_SPLINE_CURVE_WITH_KNOTS('',1,(#10423,#10424),.UNSPECIFIED.,.F.,
 .F.,(2,2),(0.,0.551800508548561),.UNSPECIFIED.);
#4670=B_SPLINE_CURVE_WITH_KNOTS('',1,(#10428,#10429),.UNSPECIFIED.,.F.,
 .F.,(2,2),(0.,3.2),.UNSPECIFIED.);
#4671=B_SPLINE_CURVE_WITH_KNOTS('',1,(#10433,#10434),.UNSPECIFIED.,.F.,
 .F.,(2,2),(0.,3.2),.UNSPECIFIED.);
#4672=B_SPLINE_CURVE_WITH_KNOTS('',1,(#10435,#10436),.UNSPECIFIED.,.F.,
 .F.,(2,2),(0.,3.2),.UNSPECIFIED.);
#4673=B_SPLINE_CURVE_WITH_KNOTS('',1,(#10437,#10438),.UNSPECIFIED.,.F.,
 .F.,(2,2),(0.,0.551800508553416),.UNSPECIFIED.);
#4674=B_SPLINE_CURVE_WITH_KNOTS('',1,(#10439,#10440),.UNSPECIFIED.,.F.,
 .F.,(2,2),(0.,0.551800508553416),.UNSPECIFIED.);
#4675=B_SPLINE_CURVE_WITH_KNOTS('',1,(#10441,#10442),.UNSPECIFIED.,.F.,
 .F.,(2,2),(0.,3.2),.UNSPECIFIED.);
#4676=B_SPLINE_CURVE_WITH_KNOTS('',1,(#10443,#10444),.UNSPECIFIED.,.F.,
 .F.,(2,2),(0.,6.44693326287046),.UNSPECIFIED.);
#4677=B_SPLINE_CURVE_WITH_KNOTS('',1,(#10445,#10446),.UNSPECIFIED.,.F.,
 .F.,(2,2),(0.,6.44693326287046),.UNSPECIFIED.);
#4678=B_SPLINE_CURVE_WITH_KNOTS('',1,(#10447,#10448),.UNSPECIFIED.,.F.,
 .F.,(2,2),(0.,3.2),.UNSPECIFIED.);
#4679=B_SPLINE_CURVE_WITH_KNOTS('',1,(#10449,#10450),.UNSPECIFIED.,.F.,
 .F.,(2,2),(0.,0.584832888710072),.UNSPECIFIED.);
#4680=B_SPLINE_CURVE_WITH_KNOTS('',1,(#10451,#10452),.UNSPECIFIED.,.F.,
 .F.,(2,2),(0.,0.584832888710089),.UNSPECIFIED.);
#4681=B_SPLINE_CURVE_WITH_KNOTS('',1,(#10453,#10454),.UNSPECIFIED.,.F.,
 .F.,(2,2),(0.,3.2),.UNSPECIFIED.);
#4682=B_SPLINE_CURVE_WITH_KNOTS('',1,(#10461,#10462),.UNSPECIFIED.,.F.,
 .F.,(2,2),(0.,3.2),.UNSPECIFIED.);
#4683=B_SPLINE_CURVE_WITH_KNOTS('',1,(#10463,#10464),.UNSPECIFIED.,.F.,
 .F.,(2,2),(0.,0.584832888705242),.UNSPECIFIED.);
#4684=B_SPLINE_CURVE_WITH_KNOTS('',1,(#10465,#10466),.UNSPECIFIED.,.F.,
 .F.,(2,2),(0.,0.584832888705105),.UNSPECIFIED.);
#4685=B_SPLINE_CURVE_WITH_KNOTS('',1,(#10467,#10468),.UNSPECIFIED.,.F.,
 .F.,(2,2),(0.,3.2),.UNSPECIFIED.);
#4686=B_SPLINE_CURVE_WITH_KNOTS('',1,(#10469,#10470),.UNSPECIFIED.,.F.,
 .F.,(2,2),(0.,6.44693326287024),.UNSPECIFIED.);
#4687=B_SPLINE_CURVE_WITH_KNOTS('',1,(#10471,#10472),.UNSPECIFIED.,.F.,
 .F.,(2,2),(0.,6.44693326287034),.UNSPECIFIED.);
#4688=B_SPLINE_CURVE_WITH_KNOTS('',1,(#10473,#10474),.UNSPECIFIED.,.F.,
 .F.,(2,2),(0.,0.551800508548472),.UNSPECIFIED.);
#4689=B_SPLINE_CURVE_WITH_KNOTS('',1,(#10475,#10476),.UNSPECIFIED.,.F.,
 .F.,(2,2),(0.,0.551800508548472),.UNSPECIFIED.);
#4690=B_SPLINE_CURVE_WITH_KNOTS('',1,(#10480,#10481),.UNSPECIFIED.,.F.,
 .F.,(2,2),(0.,3.2),.UNSPECIFIED.);
#4691=B_SPLINE_CURVE_WITH_KNOTS('',1,(#10485,#10486),.UNSPECIFIED.,.F.,
 .F.,(2,2),(0.,3.2),.UNSPECIFIED.);
#4692=B_SPLINE_CURVE_WITH_KNOTS('',1,(#10487,#10488),.UNSPECIFIED.,.F.,
 .F.,(2,2),(0.,3.2),.UNSPECIFIED.);
#4693=B_SPLINE_CURVE_WITH_KNOTS('',1,(#10489,#10490),.UNSPECIFIED.,.F.,
 .F.,(2,2),(0.,0.551800508553576),.UNSPECIFIED.);
#4694=B_SPLINE_CURVE_WITH_KNOTS('',1,(#10491,#10492),.UNSPECIFIED.,.F.,
 .F.,(2,2),(0.,0.551800508553474),.UNSPECIFIED.);
#4695=B_SPLINE_CURVE_WITH_KNOTS('',1,(#10493,#10494),.UNSPECIFIED.,.F.,
 .F.,(2,2),(0.,3.2),.UNSPECIFIED.);
#4696=B_SPLINE_CURVE_WITH_KNOTS('',1,(#10495,#10496),.UNSPECIFIED.,.F.,
 .F.,(2,2),(0.,6.44693326287044),.UNSPECIFIED.);
#4697=B_SPLINE_CURVE_WITH_KNOTS('',1,(#10497,#10498),.UNSPECIFIED.,.F.,
 .F.,(2,2),(0.,6.44693326287037),.UNSPECIFIED.);
#4698=B_SPLINE_CURVE_WITH_KNOTS('',1,(#10499,#10500),.UNSPECIFIED.,.F.,
 .F.,(2,2),(0.,3.2),.UNSPECIFIED.);
#4699=B_SPLINE_CURVE_WITH_KNOTS('',1,(#10501,#10502),.UNSPECIFIED.,.F.,
 .F.,(2,2),(0.,0.584832888710047),.UNSPECIFIED.);
#4700=B_SPLINE_CURVE_WITH_KNOTS('',1,(#10503,#10504),.UNSPECIFIED.,.F.,
 .F.,(2,2),(0.,0.584832888710147),.UNSPECIFIED.);
#4701=B_SPLINE_CURVE_WITH_KNOTS('',1,(#10505,#10506),.UNSPECIFIED.,.F.,
 .F.,(2,2),(0.,3.2),.UNSPECIFIED.);
#4702=B_SPLINE_CURVE_WITH_KNOTS('',1,(#10513,#10514),.UNSPECIFIED.,.F.,
 .F.,(2,2),(0.,3.2),.UNSPECIFIED.);
#4703=B_SPLINE_CURVE_WITH_KNOTS('',1,(#10515,#10516),.UNSPECIFIED.,.F.,
 .F.,(2,2),(0.,0.584832888705123),.UNSPECIFIED.);
#4704=B_SPLINE_CURVE_WITH_KNOTS('',1,(#10517,#10518),.UNSPECIFIED.,.F.,
 .F.,(2,2),(0.,0.584832888705123),.UNSPECIFIED.);
#4705=B_SPLINE_CURVE_WITH_KNOTS('',1,(#10519,#10520),.UNSPECIFIED.,.F.,
 .F.,(2,2),(0.,3.2),.UNSPECIFIED.);
#4706=B_SPLINE_CURVE_WITH_KNOTS('',1,(#10521,#10522),.UNSPECIFIED.,.F.,
 .F.,(2,2),(0.,6.44693326287021),.UNSPECIFIED.);
#4707=B_SPLINE_CURVE_WITH_KNOTS('',1,(#10523,#10524),.UNSPECIFIED.,.F.,
 .F.,(2,2),(0.,6.44693326287021),.UNSPECIFIED.);
#4708=B_SPLINE_CURVE_WITH_KNOTS('',1,(#10525,#10526),.UNSPECIFIED.,.F.,
 .F.,(2,2),(-0.55180050854858,0.),.UNSPECIFIED.);
#4709=B_SPLINE_CURVE_WITH_KNOTS('',1,(#10527,#10528),.UNSPECIFIED.,.F.,
 .F.,(2,2),(-0.55180050854858,0.),.UNSPECIFIED.);
#4710=B_SPLINE_CURVE_WITH_KNOTS('',1,(#10529,#10530),.UNSPECIFIED.,.F.,
 .F.,(2,2),(0.,2.),.UNSPECIFIED.);
#4711=B_SPLINE_CURVE_WITH_KNOTS('',1,(#10534,#10535),.UNSPECIFIED.,.F.,
 .F.,(2,2),(0.,2.),.UNSPECIFIED.);
#4712=B_SPLINE_CURVE_WITH_KNOTS('',1,(#10542,#10543),.UNSPECIFIED.,.F.,
 .F.,(2,2),(0.,3.2),.UNSPECIFIED.);
#4713=B_SPLINE_CURVE_WITH_KNOTS('',1,(#10547,#10548),.UNSPECIFIED.,.F.,
 .F.,(2,2),(0.,3.2),.UNSPECIFIED.);
#4714=B_SPLINE_CURVE_WITH_KNOTS('',1,(#10549,#10550),.UNSPECIFIED.,.F.,
 .F.,(2,2),(0.,3.2),.UNSPECIFIED.);
#4715=B_SPLINE_CURVE_WITH_KNOTS('',1,(#10551,#10552),.UNSPECIFIED.,.F.,
 .F.,(2,2),(0.,0.551800508548352),.UNSPECIFIED.);
#4716=B_SPLINE_CURVE_WITH_KNOTS('',1,(#10553,#10554),.UNSPECIFIED.,.F.,
 .F.,(2,2),(0.,0.551800508548343),.UNSPECIFIED.);
#4717=B_SPLINE_CURVE_WITH_KNOTS('',1,(#10555,#10556),.UNSPECIFIED.,.F.,
 .F.,(2,2),(0.,3.2),.UNSPECIFIED.);
#4718=B_SPLINE_CURVE_WITH_KNOTS('',1,(#10557,#10558),.UNSPECIFIED.,.F.,
 .F.,(2,2),(0.,6.44693326287045),.UNSPECIFIED.);
#4719=B_SPLINE_CURVE_WITH_KNOTS('',1,(#10559,#10560),.UNSPECIFIED.,.F.,
 .F.,(2,2),(0.,6.44693326287045),.UNSPECIFIED.);
#4720=B_SPLINE_CURVE_WITH_KNOTS('',1,(#10561,#10562),.UNSPECIFIED.,.F.,
 .F.,(2,2),(0.,3.2),.UNSPECIFIED.);
#4721=B_SPLINE_CURVE_WITH_KNOTS('',1,(#10563,#10564),.UNSPECIFIED.,.F.,
 .F.,(2,2),(0.,0.584832888705828),.UNSPECIFIED.);
#4722=B_SPLINE_CURVE_WITH_KNOTS('',1,(#10565,#10566),.UNSPECIFIED.,.F.,
 .F.,(2,2),(0.,0.584832888705944),.UNSPECIFIED.);
#4723=B_SPLINE_CURVE_WITH_KNOTS('',1,(#10567,#10568),.UNSPECIFIED.,.F.,
 .F.,(2,2),(0.,3.2),.UNSPECIFIED.);
#4724=B_SPLINE_CURVE_WITH_KNOTS('',1,(#10575,#10576),.UNSPECIFIED.,.F.,
 .F.,(2,2),(0.,3.2),.UNSPECIFIED.);
#4725=B_SPLINE_CURVE_WITH_KNOTS('',1,(#10577,#10578),.UNSPECIFIED.,.F.,
 .F.,(2,2),(0.,0.584832888705123),.UNSPECIFIED.);
#4726=B_SPLINE_CURVE_WITH_KNOTS('',1,(#10579,#10580),.UNSPECIFIED.,.F.,
 .F.,(2,2),(0.,0.584832888705123),.UNSPECIFIED.);
#4727=B_SPLINE_CURVE_WITH_KNOTS('',1,(#10581,#10582),.UNSPECIFIED.,.F.,
 .F.,(2,2),(0.,3.2),.UNSPECIFIED.);
#4728=B_SPLINE_CURVE_WITH_KNOTS('',1,(#10583,#10584),.UNSPECIFIED.,.F.,
 .F.,(2,2),(0.,6.44693326287029),.UNSPECIFIED.);
#4729=B_SPLINE_CURVE_WITH_KNOTS('',1,(#10585,#10586),.UNSPECIFIED.,.F.,
 .F.,(2,2),(0.,6.44693326287029),.UNSPECIFIED.);
#4730=B_SPLINE_CURVE_WITH_KNOTS('',1,(#10587,#10588),.UNSPECIFIED.,.F.,
 .F.,(2,2),(0.,0.551800508548561),.UNSPECIFIED.);
#4731=B_SPLINE_CURVE_WITH_KNOTS('',1,(#10589,#10590),.UNSPECIFIED.,.F.,
 .F.,(2,2),(0.,0.551800508548561),.UNSPECIFIED.);
#4732=B_SPLINE_CURVE_WITH_KNOTS('',1,(#10594,#10595),.UNSPECIFIED.,.F.,
 .F.,(2,2),(0.,3.2),.UNSPECIFIED.);
#4733=B_SPLINE_CURVE_WITH_KNOTS('',1,(#10599,#10600),.UNSPECIFIED.,.F.,
 .F.,(2,2),(0.,3.2),.UNSPECIFIED.);
#4734=B_SPLINE_CURVE_WITH_KNOTS('',1,(#10601,#10602),.UNSPECIFIED.,.F.,
 .F.,(2,2),(0.,3.2),.UNSPECIFIED.);
#4735=B_SPLINE_CURVE_WITH_KNOTS('',1,(#10603,#10604),.UNSPECIFIED.,.F.,
 .F.,(2,2),(0.,0.551800508548336),.UNSPECIFIED.);
#4736=B_SPLINE_CURVE_WITH_KNOTS('',1,(#10605,#10606),.UNSPECIFIED.,.F.,
 .F.,(2,2),(0.,0.551800508548326),.UNSPECIFIED.);
#4737=B_SPLINE_CURVE_WITH_KNOTS('',1,(#10607,#10608),.UNSPECIFIED.,.F.,
 .F.,(2,2),(0.,3.2),.UNSPECIFIED.);
#4738=B_SPLINE_CURVE_WITH_KNOTS('',1,(#10609,#10610),.UNSPECIFIED.,.F.,
 .F.,(2,2),(0.,6.44693326287042),.UNSPECIFIED.);
#4739=B_SPLINE_CURVE_WITH_KNOTS('',1,(#10611,#10612),.UNSPECIFIED.,.F.,
 .F.,(2,2),(0.,6.44693326287042),.UNSPECIFIED.);
#4740=B_SPLINE_CURVE_WITH_KNOTS('',1,(#10613,#10614),.UNSPECIFIED.,.F.,
 .F.,(2,2),(0.,3.2),.UNSPECIFIED.);
#4741=B_SPLINE_CURVE_WITH_KNOTS('',1,(#10615,#10616),.UNSPECIFIED.,.F.,
 .F.,(2,2),(0.,0.584832888705905),.UNSPECIFIED.);
#4742=B_SPLINE_CURVE_WITH_KNOTS('',1,(#10617,#10618),.UNSPECIFIED.,.F.,
 .F.,(2,2),(0.,0.58483288870588),.UNSPECIFIED.);
#4743=B_SPLINE_CURVE_WITH_KNOTS('',1,(#10619,#10620),.UNSPECIFIED.,.F.,
 .F.,(2,2),(0.,3.2),.UNSPECIFIED.);
#4744=B_SPLINE_CURVE_WITH_KNOTS('',1,(#10627,#10628),.UNSPECIFIED.,.F.,
 .F.,(2,2),(0.,3.2),.UNSPECIFIED.);
#4745=B_SPLINE_CURVE_WITH_KNOTS('',1,(#10629,#10630),.UNSPECIFIED.,.F.,
 .F.,(2,2),(0.,0.584832888705105),.UNSPECIFIED.);
#4746=B_SPLINE_CURVE_WITH_KNOTS('',1,(#10631,#10632),.UNSPECIFIED.,.F.,
 .F.,(2,2),(0.,0.584832888705096),.UNSPECIFIED.);
#4747=B_SPLINE_CURVE_WITH_KNOTS('',1,(#10633,#10634),.UNSPECIFIED.,.F.,
 .F.,(2,2),(0.,3.2),.UNSPECIFIED.);
#4748=B_SPLINE_CURVE_WITH_KNOTS('',1,(#10635,#10636),.UNSPECIFIED.,.F.,
 .F.,(2,2),(0.,6.44693326287034),.UNSPECIFIED.);
#4749=B_SPLINE_CURVE_WITH_KNOTS('',1,(#10637,#10638),.UNSPECIFIED.,.F.,
 .F.,(2,2),(0.,6.44693326287034),.UNSPECIFIED.);
#4750=B_SPLINE_CURVE_WITH_KNOTS('',1,(#10639,#10640),.UNSPECIFIED.,.F.,
 .F.,(2,2),(0.,0.551800508548461),.UNSPECIFIED.);
#4751=B_SPLINE_CURVE_WITH_KNOTS('',1,(#10641,#10642),.UNSPECIFIED.,.F.,
 .F.,(2,2),(0.,0.551800508548461),.UNSPECIFIED.);
#4752=B_SPLINE_CURVE_WITH_KNOTS('',1,(#10646,#10647),.UNSPECIFIED.,.F.,
 .F.,(2,2),(0.,3.2),.UNSPECIFIED.);
#4753=B_SPLINE_CURVE_WITH_KNOTS('',1,(#10651,#10652),.UNSPECIFIED.,.F.,
 .F.,(2,2),(0.,3.2),.UNSPECIFIED.);
#4754=B_SPLINE_CURVE_WITH_KNOTS('',1,(#10653,#10654),.UNSPECIFIED.,.F.,
 .F.,(2,2),(0.,3.2),.UNSPECIFIED.);
#4755=B_SPLINE_CURVE_WITH_KNOTS('',1,(#10655,#10656),.UNSPECIFIED.,.F.,
 .F.,(2,2),(0.,0.551800508548352),.UNSPECIFIED.);
#4756=B_SPLINE_CURVE_WITH_KNOTS('',1,(#10657,#10658),.UNSPECIFIED.,.F.,
 .F.,(2,2),(0.,0.551800508548354),.UNSPECIFIED.);
#4757=B_SPLINE_CURVE_WITH_KNOTS('',1,(#10659,#10660),.UNSPECIFIED.,.F.,
 .F.,(2,2),(0.,3.2),.UNSPECIFIED.);
#4758=B_SPLINE_CURVE_WITH_KNOTS('',1,(#10661,#10662),.UNSPECIFIED.,.F.,
 .F.,(2,2),(0.,6.44693326287044),.UNSPECIFIED.);
#4759=B_SPLINE_CURVE_WITH_KNOTS('',1,(#10663,#10664),.UNSPECIFIED.,.F.,
 .F.,(2,2),(0.,6.44693326287044),.UNSPECIFIED.);
#4760=B_SPLINE_CURVE_WITH_KNOTS('',1,(#10665,#10666),.UNSPECIFIED.,.F.,
 .F.,(2,2),(0.,3.2),.UNSPECIFIED.);
#4761=B_SPLINE_CURVE_WITH_KNOTS('',1,(#10667,#10668),.UNSPECIFIED.,.F.,
 .F.,(2,2),(0.,0.584832888705802),.UNSPECIFIED.);
#4762=B_SPLINE_CURVE_WITH_KNOTS('',1,(#10669,#10670),.UNSPECIFIED.,.F.,
 .F.,(2,2),(0.,0.584832888705901),.UNSPECIFIED.);
#4763=B_SPLINE_CURVE_WITH_KNOTS('',1,(#10671,#10672),.UNSPECIFIED.,.F.,
 .F.,(2,2),(0.,3.2),.UNSPECIFIED.);
#4764=B_SPLINE_CURVE_WITH_KNOTS('',1,(#10679,#10680),.UNSPECIFIED.,.F.,
 .F.,(2,2),(0.,3.2),.UNSPECIFIED.);
#4765=B_SPLINE_CURVE_WITH_KNOTS('',1,(#10681,#10682),.UNSPECIFIED.,.F.,
 .F.,(2,2),(0.,0.584832888705675),.UNSPECIFIED.);
#4766=B_SPLINE_CURVE_WITH_KNOTS('',1,(#10683,#10684),.UNSPECIFIED.,.F.,
 .F.,(2,2),(0.,0.584832888705679),.UNSPECIFIED.);
#4767=B_SPLINE_CURVE_WITH_KNOTS('',1,(#10685,#10686),.UNSPECIFIED.,.F.,
 .F.,(2,2),(0.,3.2),.UNSPECIFIED.);
#4768=B_SPLINE_CURVE_WITH_KNOTS('',1,(#10687,#10688),.UNSPECIFIED.,.F.,
 .F.,(2,2),(0.,6.44693326287026),.UNSPECIFIED.);
#4769=B_SPLINE_CURVE_WITH_KNOTS('',1,(#10689,#10690),.UNSPECIFIED.,.F.,
 .F.,(2,2),(0.,6.44693326287026),.UNSPECIFIED.);
#4770=B_SPLINE_CURVE_WITH_KNOTS('',1,(#10691,#10692),.UNSPECIFIED.,.F.,
 .F.,(2,2),(0.,0.551800508548475),.UNSPECIFIED.);
#4771=B_SPLINE_CURVE_WITH_KNOTS('',1,(#10693,#10694),.UNSPECIFIED.,.F.,
 .F.,(2,2),(0.,0.551800508548475),.UNSPECIFIED.);
#4772=B_SPLINE_CURVE_WITH_KNOTS('',1,(#10695,#10696),.UNSPECIFIED.,.F.,
 .F.,(2,2),(0.,2.),.UNSPECIFIED.);
#4773=B_SPLINE_CURVE_WITH_KNOTS('',1,(#10700,#10701),.UNSPECIFIED.,.F.,
 .F.,(2,2),(0.,2.),.UNSPECIFIED.);
#4774=B_SPLINE_CURVE_WITH_KNOTS('',1,(#10708,#10709),.UNSPECIFIED.,.F.,
 .F.,(2,2),(0.,3.2),.UNSPECIFIED.);
#4775=B_SPLINE_CURVE_WITH_KNOTS('',1,(#10713,#10714),.UNSPECIFIED.,.F.,
 .F.,(2,2),(0.,3.2),.UNSPECIFIED.);
#4776=B_SPLINE_CURVE_WITH_KNOTS('',1,(#10715,#10716),.UNSPECIFIED.,.F.,
 .F.,(2,2),(0.,3.2),.UNSPECIFIED.);
#4777=B_SPLINE_CURVE_WITH_KNOTS('',1,(#10717,#10718),.UNSPECIFIED.,.F.,
 .F.,(2,2),(0.,0.551800508548308),.UNSPECIFIED.);
#4778=B_SPLINE_CURVE_WITH_KNOTS('',1,(#10719,#10720),.UNSPECIFIED.,.F.,
 .F.,(2,2),(0.,0.551800508548325),.UNSPECIFIED.);
#4779=B_SPLINE_CURVE_WITH_KNOTS('',1,(#10721,#10722),.UNSPECIFIED.,.F.,
 .F.,(2,2),(0.,3.2),.UNSPECIFIED.);
#4780=B_SPLINE_CURVE_WITH_KNOTS('',1,(#10723,#10724),.UNSPECIFIED.,.F.,
 .F.,(2,2),(0.,6.44693326287045),.UNSPECIFIED.);
#4781=B_SPLINE_CURVE_WITH_KNOTS('',1,(#10725,#10726),.UNSPECIFIED.,.F.,
 .F.,(2,2),(0.,6.44693326287045),.UNSPECIFIED.);
#4782=B_SPLINE_CURVE_WITH_KNOTS('',1,(#10727,#10728),.UNSPECIFIED.,.F.,
 .F.,(2,2),(0.,3.2),.UNSPECIFIED.);
#4783=B_SPLINE_CURVE_WITH_KNOTS('',1,(#10729,#10730),.UNSPECIFIED.,.F.,
 .F.,(2,2),(0.,0.584832888705837),.UNSPECIFIED.);
#4784=B_SPLINE_CURVE_WITH_KNOTS('',1,(#10731,#10732),.UNSPECIFIED.,.F.,
 .F.,(2,2),(0.,0.584832888705944),.UNSPECIFIED.);
#4785=B_SPLINE_CURVE_WITH_KNOTS('',1,(#10733,#10734),.UNSPECIFIED.,.F.,
 .F.,(2,2),(0.,3.2),.UNSPECIFIED.);
#4786=B_SPLINE_CURVE_WITH_KNOTS('',1,(#10741,#10742),.UNSPECIFIED.,.F.,
 .F.,(2,2),(0.,3.2),.UNSPECIFIED.);
#4787=B_SPLINE_CURVE_WITH_KNOTS('',1,(#10743,#10744),.UNSPECIFIED.,.F.,
 .F.,(2,2),(0.,0.584832888705702),.UNSPECIFIED.);
#4788=B_SPLINE_CURVE_WITH_KNOTS('',1,(#10745,#10746),.UNSPECIFIED.,.F.,
 .F.,(2,2),(0.,0.584832888705702),.UNSPECIFIED.);
#4789=B_SPLINE_CURVE_WITH_KNOTS('',1,(#10747,#10748),.UNSPECIFIED.,.F.,
 .F.,(2,2),(0.,3.2),.UNSPECIFIED.);
#4790=B_SPLINE_CURVE_WITH_KNOTS('',1,(#10749,#10750),.UNSPECIFIED.,.F.,
 .F.,(2,2),(0.,6.44693326287029),.UNSPECIFIED.);
#4791=B_SPLINE_CURVE_WITH_KNOTS('',1,(#10751,#10752),.UNSPECIFIED.,.F.,
 .F.,(2,2),(0.,6.44693326287029),.UNSPECIFIED.);
#4792=B_SPLINE_CURVE_WITH_KNOTS('',1,(#10753,#10754),.UNSPECIFIED.,.F.,
 .F.,(2,2),(-0.551800508548459,0.),.UNSPECIFIED.);
#4793=B_SPLINE_CURVE_WITH_KNOTS('',1,(#10755,#10756),.UNSPECIFIED.,.F.,
 .F.,(2,2),(-0.551800508548457,0.),.UNSPECIFIED.);
#4794=B_SPLINE_CURVE_WITH_KNOTS('',1,(#10760,#10761),.UNSPECIFIED.,.F.,
 .F.,(2,2),(0.,3.2),.UNSPECIFIED.);
#4795=B_SPLINE_CURVE_WITH_KNOTS('',1,(#10765,#10766),.UNSPECIFIED.,.F.,
 .F.,(2,2),(0.,3.2),.UNSPECIFIED.);
#4796=B_SPLINE_CURVE_WITH_KNOTS('',1,(#10767,#10768),.UNSPECIFIED.,.F.,
 .F.,(2,2),(0.,3.2),.UNSPECIFIED.);
#4797=B_SPLINE_CURVE_WITH_KNOTS('',1,(#10769,#10770),.UNSPECIFIED.,.F.,
 .F.,(2,2),(0.,0.551800508548321),.UNSPECIFIED.);
#4798=B_SPLINE_CURVE_WITH_KNOTS('',1,(#10771,#10772),.UNSPECIFIED.,.F.,
 .F.,(2,2),(0.,0.551800508548321),.UNSPECIFIED.);
#4799=B_SPLINE_CURVE_WITH_KNOTS('',1,(#10773,#10774),.UNSPECIFIED.,.F.,
 .F.,(2,2),(0.,3.2),.UNSPECIFIED.);
#4800=B_SPLINE_CURVE_WITH_KNOTS('',1,(#10775,#10776),.UNSPECIFIED.,.F.,
 .F.,(2,2),(0.,6.44693326287042),.UNSPECIFIED.);
#4801=B_SPLINE_CURVE_WITH_KNOTS('',1,(#10777,#10778),.UNSPECIFIED.,.F.,
 .F.,(2,2),(0.,6.44693326287042),.UNSPECIFIED.);
#4802=B_SPLINE_CURVE_WITH_KNOTS('',1,(#10779,#10780),.UNSPECIFIED.,.F.,
 .F.,(2,2),(0.,3.2),.UNSPECIFIED.);
#4803=B_SPLINE_CURVE_WITH_KNOTS('',1,(#10781,#10782),.UNSPECIFIED.,.F.,
 .F.,(2,2),(0.,0.58483288870588),.UNSPECIFIED.);
#4804=B_SPLINE_CURVE_WITH_KNOTS('',1,(#10783,#10784),.UNSPECIFIED.,.F.,
 .F.,(2,2),(0.,0.584832888705922),.UNSPECIFIED.);
#4805=B_SPLINE_CURVE_WITH_KNOTS('',1,(#10785,#10786),.UNSPECIFIED.,.F.,
 .F.,(2,2),(0.,3.2),.UNSPECIFIED.);
#4806=B_SPLINE_CURVE_WITH_KNOTS('',1,(#10793,#10794),.UNSPECIFIED.,.F.,
 .F.,(2,2),(0.,3.2),.UNSPECIFIED.);
#4807=B_SPLINE_CURVE_WITH_KNOTS('',1,(#10795,#10796),.UNSPECIFIED.,.F.,
 .F.,(2,2),(0.,0.584832888705693),.UNSPECIFIED.);
#4808=B_SPLINE_CURVE_WITH_KNOTS('',1,(#10797,#10798),.UNSPECIFIED.,.F.,
 .F.,(2,2),(0.,0.584832888705676),.UNSPECIFIED.);
#4809=B_SPLINE_CURVE_WITH_KNOTS('',1,(#10799,#10800),.UNSPECIFIED.,.F.,
 .F.,(2,2),(0.,3.2),.UNSPECIFIED.);
#4810=B_SPLINE_CURVE_WITH_KNOTS('',1,(#10801,#10802),.UNSPECIFIED.,.F.,
 .F.,(2,2),(0.,6.4469332628703),.UNSPECIFIED.);
#4811=B_SPLINE_CURVE_WITH_KNOTS('',1,(#10803,#10804),.UNSPECIFIED.,.F.,
 .F.,(2,2),(0.,6.4469332628703),.UNSPECIFIED.);
#4812=B_SPLINE_CURVE_WITH_KNOTS('',1,(#10805,#10806),.UNSPECIFIED.,.F.,
 .F.,(2,2),(-0.551800508548404,0.),.UNSPECIFIED.);
#4813=B_SPLINE_CURVE_WITH_KNOTS('',1,(#10807,#10808),.UNSPECIFIED.,.F.,
 .F.,(2,2),(-0.551800508548409,0.),.UNSPECIFIED.);
#4814=B_SPLINE_CURVE_WITH_KNOTS('',1,(#10812,#10813),.UNSPECIFIED.,.F.,
 .F.,(2,2),(0.,3.2),.UNSPECIFIED.);
#4815=B_SPLINE_CURVE_WITH_KNOTS('',1,(#10817,#10818),.UNSPECIFIED.,.F.,
 .F.,(2,2),(0.,3.2),.UNSPECIFIED.);
#4816=B_SPLINE_CURVE_WITH_KNOTS('',1,(#10819,#10820),.UNSPECIFIED.,.F.,
 .F.,(2,2),(0.,3.2),.UNSPECIFIED.);
#4817=B_SPLINE_CURVE_WITH_KNOTS('',1,(#10821,#10822),.UNSPECIFIED.,.F.,
 .F.,(2,2),(0.,0.551800508548352),.UNSPECIFIED.);
#4818=B_SPLINE_CURVE_WITH_KNOTS('',1,(#10823,#10824),.UNSPECIFIED.,.F.,
 .F.,(2,2),(0.,0.551800508548352),.UNSPECIFIED.);
#4819=B_SPLINE_CURVE_WITH_KNOTS('',1,(#10825,#10826),.UNSPECIFIED.,.F.,
 .F.,(2,2),(0.,3.2),.UNSPECIFIED.);
#4820=B_SPLINE_CURVE_WITH_KNOTS('',1,(#10827,#10828),.UNSPECIFIED.,.F.,
 .F.,(2,2),(0.,6.44693326287044),.UNSPECIFIED.);
#4821=B_SPLINE_CURVE_WITH_KNOTS('',1,(#10829,#10830),.UNSPECIFIED.,.F.,
 .F.,(2,2),(0.,6.44693326287044),.UNSPECIFIED.);
#4822=B_SPLINE_CURVE_WITH_KNOTS('',1,(#10831,#10832),.UNSPECIFIED.,.F.,
 .F.,(2,2),(0.,3.2),.UNSPECIFIED.);
#4823=B_SPLINE_CURVE_WITH_KNOTS('',1,(#10833,#10834),.UNSPECIFIED.,.F.,
 .F.,(2,2),(0.,0.584832888705898),.UNSPECIFIED.);
#4824=B_SPLINE_CURVE_WITH_KNOTS('',1,(#10835,#10836),.UNSPECIFIED.,.F.,
 .F.,(2,2),(0.,0.584832888705898),.UNSPECIFIED.);
#4825=B_SPLINE_CURVE_WITH_KNOTS('',1,(#10837,#10838),.UNSPECIFIED.,.F.,
 .F.,(2,2),(0.,3.2),.UNSPECIFIED.);
#4826=B_SPLINE_CURVE_WITH_KNOTS('',1,(#10845,#10846),.UNSPECIFIED.,.F.,
 .F.,(2,2),(0.,3.2),.UNSPECIFIED.);
#4827=B_SPLINE_CURVE_WITH_KNOTS('',1,(#10847,#10848),.UNSPECIFIED.,.F.,
 .F.,(2,2),(0.,0.584832888705689),.UNSPECIFIED.);
#4828=B_SPLINE_CURVE_WITH_KNOTS('',1,(#10849,#10850),.UNSPECIFIED.,.F.,
 .F.,(2,2),(0.,0.584832888705684),.UNSPECIFIED.);
#4829=B_SPLINE_CURVE_WITH_KNOTS('',1,(#10851,#10852),.UNSPECIFIED.,.F.,
 .F.,(2,2),(0.,3.2),.UNSPECIFIED.);
#4830=B_SPLINE_CURVE_WITH_KNOTS('',1,(#10853,#10854),.UNSPECIFIED.,.F.,
 .F.,(2,2),(0.,6.44693326287026),.UNSPECIFIED.);
#4831=B_SPLINE_CURVE_WITH_KNOTS('',1,(#10855,#10856),.UNSPECIFIED.,.F.,
 .F.,(2,2),(0.,6.44693326287026),.UNSPECIFIED.);
#4832=B_SPLINE_CURVE_WITH_KNOTS('',1,(#10857,#10858),.UNSPECIFIED.,.F.,
 .F.,(2,2),(0.,0.551800508548492),.UNSPECIFIED.);
#4833=B_SPLINE_CURVE_WITH_KNOTS('',1,(#10859,#10860),.UNSPECIFIED.,.F.,
 .F.,(2,2),(0.,0.551800508548457),.UNSPECIFIED.);
#4834=B_SPLINE_CURVE_WITH_KNOTS('',1,(#10864,#10865),.UNSPECIFIED.,.F.,
 .F.,(2,2),(0.,3.2),.UNSPECIFIED.);
#4835=B_SPLINE_CURVE_WITH_KNOTS('',1,(#10869,#10870),.UNSPECIFIED.,.F.,
 .F.,(2,2),(0.,3.2),.UNSPECIFIED.);
#4836=B_SPLINE_CURVE_WITH_KNOTS('',1,(#10871,#10872),.UNSPECIFIED.,.F.,
 .F.,(2,2),(0.,3.2),.UNSPECIFIED.);
#4837=B_SPLINE_CURVE_WITH_KNOTS('',1,(#10873,#10874),.UNSPECIFIED.,.F.,
 .F.,(2,2),(0.,0.55180050854836),.UNSPECIFIED.);
#4838=B_SPLINE_CURVE_WITH_KNOTS('',1,(#10875,#10876),.UNSPECIFIED.,.F.,
 .F.,(2,2),(0.,0.55180050854836),.UNSPECIFIED.);
#4839=B_SPLINE_CURVE_WITH_KNOTS('',1,(#10877,#10878),.UNSPECIFIED.,.F.,
 .F.,(2,2),(0.,3.2),.UNSPECIFIED.);
#4840=B_SPLINE_CURVE_WITH_KNOTS('',1,(#10879,#10880),.UNSPECIFIED.,.F.,
 .F.,(2,2),(0.,6.44693326287045),.UNSPECIFIED.);
#4841=B_SPLINE_CURVE_WITH_KNOTS('',1,(#10881,#10882),.UNSPECIFIED.,.F.,
 .F.,(2,2),(0.,6.44693326287045),.UNSPECIFIED.);
#4842=B_SPLINE_CURVE_WITH_KNOTS('',1,(#10883,#10884),.UNSPECIFIED.,.F.,
 .F.,(2,2),(0.,3.2),.UNSPECIFIED.);
#4843=B_SPLINE_CURVE_WITH_KNOTS('',1,(#10885,#10886),.UNSPECIFIED.,.F.,
 .F.,(2,2),(0.,0.584832888705948),.UNSPECIFIED.);
#4844=B_SPLINE_CURVE_WITH_KNOTS('',1,(#10887,#10888),.UNSPECIFIED.,.F.,
 .F.,(2,2),(0.,0.584832888705948),.UNSPECIFIED.);
#4845=B_SPLINE_CURVE_WITH_KNOTS('',1,(#10889,#10890),.UNSPECIFIED.,.F.,
 .F.,(2,2),(0.,3.2),.UNSPECIFIED.);
#4846=B_SPLINE_CURVE_WITH_KNOTS('',1,(#10897,#10898),.UNSPECIFIED.,.F.,
 .F.,(2,2),(0.,3.2),.UNSPECIFIED.);
#4847=B_SPLINE_CURVE_WITH_KNOTS('',1,(#10899,#10900),.UNSPECIFIED.,.F.,
 .F.,(2,2),(0.,0.584832888705702),.UNSPECIFIED.);
#4848=B_SPLINE_CURVE_WITH_KNOTS('',1,(#10901,#10902),.UNSPECIFIED.,.F.,
 .F.,(2,2),(0.,0.584832888705702),.UNSPECIFIED.);
#4849=B_SPLINE_CURVE_WITH_KNOTS('',1,(#10903,#10904),.UNSPECIFIED.,.F.,
 .F.,(2,2),(0.,3.2),.UNSPECIFIED.);
#4850=B_SPLINE_CURVE_WITH_KNOTS('',1,(#10905,#10906),.UNSPECIFIED.,.F.,
 .F.,(2,2),(0.,6.44693326287029),.UNSPECIFIED.);
#4851=B_SPLINE_CURVE_WITH_KNOTS('',1,(#10907,#10908),.UNSPECIFIED.,.F.,
 .F.,(2,2),(0.,6.44693326287029),.UNSPECIFIED.);
#4852=B_SPLINE_CURVE_WITH_KNOTS('',1,(#10909,#10910),.UNSPECIFIED.,.F.,
 .F.,(2,2),(-0.551800508548559,0.),.UNSPECIFIED.);
#4853=B_SPLINE_CURVE_WITH_KNOTS('',1,(#10911,#10912),.UNSPECIFIED.,.F.,
 .F.,(2,2),(-0.551800508548559,0.),.UNSPECIFIED.);
#4854=B_SPLINE_CURVE_WITH_KNOTS('',1,(#10928,#10929),.UNSPECIFIED.,.F.,
 .F.,(2,2),(-0.799999999999997,0.),.UNSPECIFIED.);
#4855=B_SPLINE_CURVE_WITH_KNOTS('',1,(#10933,#10934),.UNSPECIFIED.,.F.,
 .F.,(2,2),(0.200000000000001,1.),.UNSPECIFIED.);
#4856=B_SPLINE_CURVE_WITH_KNOTS('',1,(#10935,#10936),.UNSPECIFIED.,.F.,
 .F.,(2,2),(-6.37495098020361,0.),.UNSPECIFIED.);
#4857=B_SPLINE_CURVE_WITH_KNOTS('',1,(#10937,#10938),.UNSPECIFIED.,.F.,
 .F.,(2,2),(0.,6.37495098020361),.UNSPECIFIED.);
#4858=B_SPLINE_CURVE_WITH_KNOTS('',1,(#10949,#10950),.UNSPECIFIED.,.F.,
 .F.,(2,2),(-1.41421356237311,0.),.UNSPECIFIED.);
#4859=B_SPLINE_CURVE_WITH_KNOTS('',1,(#10959,#10960),.UNSPECIFIED.,.F.,
 .F.,(2,2),(21.9203102167829,23.334523779156),.UNSPECIFIED.);
#4860=B_SPLINE_CURVE_WITH_KNOTS('',1,(#10961,#10962),.UNSPECIFIED.,.F.,
 .F.,(2,2),(0.,0.0999999999999943),.UNSPECIFIED.);
#4861=B_SPLINE_CURVE_WITH_KNOTS('',1,(#10963,#10964),.UNSPECIFIED.,.F.,
 .F.,(2,2),(0.,0.0999999999999943),.UNSPECIFIED.);
#4862=B_SPLINE_CURVE_WITH_KNOTS('',1,(#10965,#10966),.UNSPECIFIED.,.F.,
 .F.,(2,2),(0.,0.399999999999999),.UNSPECIFIED.);
#4863=B_SPLINE_CURVE_WITH_KNOTS('',1,(#10967,#10968),.UNSPECIFIED.,.F.,
 .F.,(2,2),(0.,10.5235357500294),.UNSPECIFIED.);
#4864=B_SPLINE_CURVE_WITH_KNOTS('',1,(#10969,#10970),.UNSPECIFIED.,.F.,
 .F.,(2,2),(-10.5235357500294,0.),.UNSPECIFIED.);
#4865=B_SPLINE_CURVE_WITH_KNOTS('',1,(#10974,#10975),.UNSPECIFIED.,.F.,
 .F.,(2,2),(0.,1.1125527543984),.UNSPECIFIED.);
#4866=B_SPLINE_CURVE_WITH_KNOTS('',1,(#10976,#10977),.UNSPECIFIED.,.F.,
 .F.,(2,2),(0.,1.26245236813256),.UNSPECIFIED.);
#4867=B_SPLINE_CURVE_WITH_KNOTS('',1,(#10978,#10979),.UNSPECIFIED.,.F.,
 .F.,(2,2),(0.,3.75244456205602),.UNSPECIFIED.);
#4868=B_SPLINE_CURVE_WITH_KNOTS('',1,(#10980,#10981),.UNSPECIFIED.,.F.,
 .F.,(2,2),(0.,1.26245236813222),.UNSPECIFIED.);
#4869=B_SPLINE_CURVE_WITH_KNOTS('',1,(#10991,#10992),.UNSPECIFIED.,.F.,
 .F.,(2,2),(0.,1.16823951829888),.UNSPECIFIED.);
#4870=B_SPLINE_CURVE_WITH_KNOTS('',1,(#10993,#10994),.UNSPECIFIED.,.F.,
 .F.,(2,2),(0.,5.49128647209894),.UNSPECIFIED.);
#4871=B_SPLINE_CURVE_WITH_KNOTS('',1,(#10995,#10996),.UNSPECIFIED.,.F.,
 .F.,(2,2),(0.,1.13137084989875),.UNSPECIFIED.);
#4872=B_SPLINE_CURVE_WITH_KNOTS('',1,(#10997,#10998),.UNSPECIFIED.,.F.,
 .F.,(2,2),(0.,1.13137084989847),.UNSPECIFIED.);
#4873=B_SPLINE_CURVE_WITH_KNOTS('',1,(#11004,#11005),.UNSPECIFIED.,.F.,
 .F.,(2,2),(0.,1.13137084989848),.UNSPECIFIED.);
#4874=B_SPLINE_CURVE_WITH_KNOTS('',1,(#11006,#11007),.UNSPECIFIED.,.F.,
 .F.,(2,2),(0.,1.13137084989848),.UNSPECIFIED.);
#4875=B_SPLINE_CURVE_WITH_KNOTS('',1,(#11011,#11012),.UNSPECIFIED.,.F.,
 .F.,(2,2),(0.,2.98548069553786),.UNSPECIFIED.);
#4876=B_SPLINE_CURVE_WITH_KNOTS('',1,(#11013,#11014),.UNSPECIFIED.,.F.,
 .F.,(2,2),(0.,1.26245236813177),.UNSPECIFIED.);
#4877=B_SPLINE_CURVE_WITH_KNOTS('',1,(#11026,#11027),.UNSPECIFIED.,.F.,
 .F.,(2,2),(0.,1.60790183365089),.UNSPECIFIED.);
#4878=B_SPLINE_CURVE_WITH_KNOTS('',1,(#11028,#11029),.UNSPECIFIED.,.F.,
 .F.,(2,2),(0.,0.947247383655672),.UNSPECIFIED.);
#4879=B_SPLINE_CURVE_WITH_KNOTS('',1,(#11030,#11031),.UNSPECIFIED.,.F.,
 .F.,(2,2),(0.,1.13137084989876),.UNSPECIFIED.);
#4880=B_SPLINE_CURVE_WITH_KNOTS('',1,(#11032,#11033),.UNSPECIFIED.,.F.,
 .F.,(2,2),(0.,1.13137084989848),.UNSPECIFIED.);
#4881=B_SPLINE_CURVE_WITH_KNOTS('',1,(#11044,#11045),.UNSPECIFIED.,.F.,
 .F.,(2,2),(0.,1.26245236813221),.UNSPECIFIED.);
#4882=B_SPLINE_CURVE_WITH_KNOTS('',1,(#11046,#11047),.UNSPECIFIED.,.F.,
 .F.,(2,2),(0.,4.54403908846153),.UNSPECIFIED.);
#4883=B_SPLINE_CURVE_WITH_KNOTS('',1,(#11048,#11049),.UNSPECIFIED.,.F.,
 .F.,(2,2),(0.,1.60790183365068),.UNSPECIFIED.);
#4884=B_SPLINE_CURVE_WITH_KNOTS('',1,(#11050,#11051),.UNSPECIFIED.,.F.,
 .F.,(2,2),(0.,1.16823951829888),.UNSPECIFIED.);
#4885=B_SPLINE_CURVE_WITH_KNOTS('',1,(#11060,#11061),.UNSPECIFIED.,.F.,
 .F.,(2,2),(0.,2.10470715001879),.UNSPECIFIED.);
#4886=B_SPLINE_CURVE_WITH_KNOTS('',1,(#11062,#11063),.UNSPECIFIED.,.F.,
 .F.,(2,2),(0.,0.399999999999999),.UNSPECIFIED.);
#4887=B_SPLINE_CURVE_WITH_KNOTS('',1,(#11064,#11065),.UNSPECIFIED.,.F.,
 .F.,(2,2),(-8.41882860003251,0.),.UNSPECIFIED.);
#4888=B_SPLINE_CURVE_WITH_KNOTS('',1,(#11066,#11067),.UNSPECIFIED.,.F.,
 .F.,(2,2),(-8.41882860003251,0.),.UNSPECIFIED.);
#4889=B_SPLINE_CURVE_WITH_KNOTS('',1,(#11068,#11069),.UNSPECIFIED.,.F.,
 .F.,(2,2),(0.,1.60790183365226),.UNSPECIFIED.);
#4890=B_SPLINE_CURVE_WITH_KNOTS('',1,(#11070,#11071),.UNSPECIFIED.,.F.,
 .F.,(2,2),(0.,1.26245236813209),.UNSPECIFIED.);
#4891=B_SPLINE_CURVE_WITH_KNOTS('',1,(#11072,#11073),.UNSPECIFIED.,.F.,
 .F.,(2,2),(0.,0.40202271404742),.UNSPECIFIED.);
#4892=B_SPLINE_CURVE_WITH_KNOTS('',1,(#11074,#11075),.UNSPECIFIED.,.F.,
 .F.,(2,2),(0.,1.26245236813176),.UNSPECIFIED.);
#4893=B_SPLINE_CURVE_WITH_KNOTS('',1,(#11076,#11077),.UNSPECIFIED.,.F.,
 .F.,(2,2),(0.,1.6079018336533),.UNSPECIFIED.);
#4894=B_SPLINE_CURVE_WITH_KNOTS('',1,(#11078,#11079),.UNSPECIFIED.,.F.,
 .F.,(2,2),(0.,1.6),.UNSPECIFIED.);
#4895=B_SPLINE_CURVE_WITH_KNOTS('',1,(#11080,#11081),.UNSPECIFIED.,.F.,
 .F.,(2,2),(0.,11.3125245098982),.UNSPECIFIED.);
#4896=B_SPLINE_CURVE_WITH_KNOTS('',1,(#11082,#11083),.UNSPECIFIED.,.F.,
 .F.,(2,2),(0.,1.6),.UNSPECIFIED.);
#4897=B_SPLINE_CURVE_WITH_KNOTS('',1,(#11084,#11085),.UNSPECIFIED.,.F.,
 .F.,(2,2),(0.,29.),.UNSPECIFIED.);
#4898=B_SPLINE_CURVE_WITH_KNOTS('',1,(#11086,#11087),.UNSPECIFIED.,.F.,
 .F.,(2,2),(0.,11.3125245098982),.UNSPECIFIED.);
#4899=B_SPLINE_CURVE_WITH_KNOTS('',1,(#11088,#11089),.UNSPECIFIED.,.F.,
 .F.,(2,2),(0.,1.6),.UNSPECIFIED.);
#4900=B_SPLINE_CURVE_WITH_KNOTS('',1,(#11096,#11097),.UNSPECIFIED.,.F.,
 .F.,(2,2),(0.,1.6),.UNSPECIFIED.);
#4901=B_SPLINE_CURVE_WITH_KNOTS('',1,(#11098,#11099),.UNSPECIFIED.,.F.,
 .F.,(2,2),(0.,29.),.UNSPECIFIED.);
#4902=B_SPLINE_CURVE_WITH_KNOTS('',1,(#11100,#11101),.UNSPECIFIED.,.F.,
 .F.,(2,2),(0.,1.6),.UNSPECIFIED.);
#4903=B_SPLINE_CURVE_WITH_KNOTS('',1,(#11108,#11109),.UNSPECIFIED.,.F.,
 .F.,(2,2),(0.,1.6),.UNSPECIFIED.);
#4904=B_SPLINE_CURVE_WITH_KNOTS('',1,(#11110,#11111),.UNSPECIFIED.,.F.,
 .F.,(2,2),(0.,29.),.UNSPECIFIED.);
#4905=B_SPLINE_CURVE_WITH_KNOTS('',1,(#11112,#11113),.UNSPECIFIED.,.F.,
 .F.,(2,2),(-6.37495098020368,0.),.UNSPECIFIED.);
#4906=B_SPLINE_CURVE_WITH_KNOTS('',1,(#11114,#11115),.UNSPECIFIED.,.F.,
 .F.,(2,2),(0.,1.6),.UNSPECIFIED.);
#4907=B_SPLINE_CURVE_WITH_KNOTS('',1,(#11122,#11123),.UNSPECIFIED.,.F.,
 .F.,(2,2),(0.,1.6),.UNSPECIFIED.);
#4908=B_SPLINE_CURVE_WITH_KNOTS('',1,(#11124,#11125),.UNSPECIFIED.,.F.,
 .F.,(2,2),(0.,29.),.UNSPECIFIED.);
#4909=B_SPLINE_CURVE_WITH_KNOTS('',1,(#11126,#11127),.UNSPECIFIED.,.F.,
 .F.,(2,2),(-6.37495098020368,0.),.UNSPECIFIED.);
#4910=B_SPLINE_CURVE_WITH_KNOTS('',1,(#11143,#11144),.UNSPECIFIED.,.F.,
 .F.,(2,2),(0.,3.8),.UNSPECIFIED.);
#4911=B_SPLINE_CURVE_WITH_KNOTS('',1,(#11148,#11149),.UNSPECIFIED.,.F.,
 .F.,(2,2),(0.,5.4),.UNSPECIFIED.);
#4912=B_SPLINE_CURVE_WITH_KNOTS('',1,(#11153,#11154),.UNSPECIFIED.,.F.,
 .F.,(2,2),(0.,5.4),.UNSPECIFIED.);
#4913=B_SPLINE_CURVE_WITH_KNOTS('',1,(#11164,#11165),.UNSPECIFIED.,.F.,
 .F.,(2,2),(0.,5.4),.UNSPECIFIED.);
#4914=B_SPLINE_CURVE_WITH_KNOTS('',1,(#11166,#11167),.UNSPECIFIED.,.F.,
 .F.,(2,2),(0.,29.),.UNSPECIFIED.);
#4915=B_SPLINE_CURVE_WITH_KNOTS('',1,(#11174,#11175),.UNSPECIFIED.,.F.,
 .F.,(2,2),(0.,3.8),.UNSPECIFIED.);
#4916=B_SPLINE_CURVE_WITH_KNOTS('',1,(#11182,#11183),.UNSPECIFIED.,.F.,
 .F.,(2,2),(0.,29.),.UNSPECIFIED.);
#4917=B_SPLINE_CURVE_WITH_KNOTS('',1,(#11184,#11185),.UNSPECIFIED.,.F.,
 .F.,(2,2),(-5.4,0.),.UNSPECIFIED.);
#4918=B_SPLINE_CURVE_WITH_KNOTS('',1,(#11192,#11193),.UNSPECIFIED.,.F.,
 .F.,(2,2),(0.,3.8),.UNSPECIFIED.);
#4919=B_SPLINE_CURVE_WITH_KNOTS('',1,(#11200,#11201),.UNSPECIFIED.,.F.,
 .F.,(2,2),(-0.40202271404782,0.),.UNSPECIFIED.);
#4920=B_SPLINE_CURVE_WITH_KNOTS('',1,(#11202,#11203),.UNSPECIFIED.,.F.,
 .F.,(2,2),(-0.100000000000001,0.),.UNSPECIFIED.);
#4921=B_SPLINE_CURVE_WITH_KNOTS('',1,(#11204,#11205),.UNSPECIFIED.,.F.,
 .F.,(2,2),(-0.700000000000003,0.),.UNSPECIFIED.);
#4922=B_SPLINE_CURVE_WITH_KNOTS('',1,(#11206,#11207),.UNSPECIFIED.,.F.,
 .F.,(2,2),(-0.700000000000003,0.),.UNSPECIFIED.);
#4923=B_SPLINE_CURVE_WITH_KNOTS('',1,(#11208,#11209),.UNSPECIFIED.,.F.,
 .F.,(2,2),(-0.100000000000001,0.),.UNSPECIFIED.);
#4924=B_SPLINE_CURVE_WITH_KNOTS('',1,(#11210,#11211),.UNSPECIFIED.,.F.,
 .F.,(2,2),(0.,4.54403908846153),.UNSPECIFIED.);
#4925=B_SPLINE_CURVE_WITH_KNOTS('',1,(#11212,#11213),.UNSPECIFIED.,.F.,
 .F.,(2,2),(0.,0.947247383655682),.UNSPECIFIED.);
#4926=B_SPLINE_CURVE_WITH_KNOTS('',1,(#11214,#11215),.UNSPECIFIED.,.F.,
 .F.,(2,2),(0.,2.98548069553786),.UNSPECIFIED.);
#4927=B_SPLINE_CURVE_WITH_KNOTS('',1,(#11216,#11217),.UNSPECIFIED.,.F.,
 .F.,(2,2),(0.,5.49128647209894),.UNSPECIFIED.);
#4928=B_SPLINE_CURVE_WITH_KNOTS('',1,(#11218,#11219),.UNSPECIFIED.,.F.,
 .F.,(2,2),(0.,3.75244456205603),.UNSPECIFIED.);
#4929=B_SPLINE_CURVE_WITH_KNOTS('',1,(#11220,#11221),.UNSPECIFIED.,.F.,
 .F.,(2,2),(-0.199999999999996,0.),.UNSPECIFIED.);
#4930=B_SPLINE_CURVE_WITH_KNOTS('',1,(#11222,#11223),.UNSPECIFIED.,.F.,
 .F.,(2,2),(0.,11.3748779680095),.UNSPECIFIED.);
#4931=B_SPLINE_CURVE_WITH_KNOTS('',1,(#11224,#11225),.UNSPECIFIED.,.F.,
 .F.,(2,2),(-11.3748779680095,0.),.UNSPECIFIED.);
#4932=B_SPLINE_CURVE_WITH_KNOTS('',1,(#11226,#11227),.UNSPECIFIED.,.F.,
 .F.,(2,2),(0.,11.3748779680095),.UNSPECIFIED.);
#4933=B_SPLINE_CURVE_WITH_KNOTS('',1,(#11228,#11229),.UNSPECIFIED.,.F.,
 .F.,(2,2),(0.,11.3748779680095),.UNSPECIFIED.);
#4934=B_SPLINE_CURVE_WITH_KNOTS('',1,(#11230,#11231),.UNSPECIFIED.,.F.,
 .F.,(2,2),(-0.199999999999996,0.),.UNSPECIFIED.);
#4935=B_SPLINE_CURVE_WITH_KNOTS('',1,(#11232,#11233),.UNSPECIFIED.,.F.,
 .F.,(2,2),(-0.199999999999996,0.),.UNSPECIFIED.);
#4936=B_SPLINE_CURVE_WITH_KNOTS('',1,(#11237,#11238),.UNSPECIFIED.,.F.,
 .F.,(2,2),(-0.199999999999996,0.),.UNSPECIFIED.);
#4937=B_SPLINE_CURVE_WITH_KNOTS('',1,(#11239,#11240),.UNSPECIFIED.,.F.,
 .F.,(2,2),(0.,20.0114698644404),.UNSPECIFIED.);
#4938=B_SPLINE_CURVE_WITH_KNOTS('',1,(#11241,#11242),.UNSPECIFIED.,.F.,
 .F.,(2,2),(-0.200000000000202,0.),.UNSPECIFIED.);
#4939=B_SPLINE_CURVE_WITH_KNOTS('',1,(#11243,#11244),.UNSPECIFIED.,.F.,
 .F.,(2,2),(0.,20.0114698644404),.UNSPECIFIED.);
#4940=B_SPLINE_CURVE_WITH_KNOTS('',1,(#11245,#11246),.UNSPECIFIED.,.F.,
 .F.,(2,2),(0.,0.200000000000202),.UNSPECIFIED.);
#4941=B_SPLINE_CURVE_WITH_KNOTS('',1,(#11252,#11253),.UNSPECIFIED.,.F.,
 .F.,(2,2),(0.,0.199999999999996),.UNSPECIFIED.);
#4942=B_SPLINE_CURVE_WITH_KNOTS('',1,(#11254,#11255),.UNSPECIFIED.,.F.,
 .F.,(2,2),(0.,8.37153181014016),.UNSPECIFIED.);
#4943=B_SPLINE_CURVE_WITH_KNOTS('',1,(#11256,#11257),.UNSPECIFIED.,.F.,
 .F.,(2,2),(0.,8.37153181014016),.UNSPECIFIED.);
#4944=B_SPLINE_CURVE_WITH_KNOTS('',1,(#11258,#11259),.UNSPECIFIED.,.F.,
 .F.,(2,2),(0.,0.199999999999996),.UNSPECIFIED.);
#4945=B_SPLINE_CURVE_WITH_KNOTS('',1,(#11263,#11264),.UNSPECIFIED.,.F.,
 .F.,(2,2),(0.,0.199999999999996),.UNSPECIFIED.);
#4946=B_SPLINE_CURVE_WITH_KNOTS('',1,(#11265,#11266),.UNSPECIFIED.,.F.,
 .F.,(2,2),(-0.199999999999996,0.),.UNSPECIFIED.);
#4947=B_SPLINE_CURVE_WITH_KNOTS('',1,(#11267,#11268),.UNSPECIFIED.,.F.,
 .F.,(2,2),(0.,6.15166561993768),.UNSPECIFIED.);
#4948=B_SPLINE_CURVE_WITH_KNOTS('',1,(#11269,#11270),.UNSPECIFIED.,.F.,
 .F.,(2,2),(0.,6.15166561993767),.UNSPECIFIED.);
#4949=B_SPLINE_CURVE_WITH_KNOTS('',1,(#11271,#11272),.UNSPECIFIED.,.F.,
 .F.,(2,2),(-0.199999999999996,0.),.UNSPECIFIED.);
#4950=B_SPLINE_CURVE_WITH_KNOTS('',1,(#11278,#11279),.UNSPECIFIED.,.F.,
 .F.,(2,2),(-0.199999999999996,0.),.UNSPECIFIED.);
#4951=B_SPLINE_CURVE_WITH_KNOTS('',1,(#11280,#11281),.UNSPECIFIED.,.F.,
 .F.,(2,2),(0.,6.18859743083235),.UNSPECIFIED.);
#4952=B_SPLINE_CURVE_WITH_KNOTS('',1,(#11282,#11283),.UNSPECIFIED.,.F.,
 .F.,(2,2),(0.,0.199999999999996),.UNSPECIFIED.);
#4953=B_SPLINE_CURVE_WITH_KNOTS('',1,(#11284,#11285),.UNSPECIFIED.,.F.,
 .F.,(2,2),(0.,6.18859743083235),.UNSPECIFIED.);
#4954=B_SPLINE_CURVE_WITH_KNOTS('',1,(#11286,#11287),.UNSPECIFIED.,.F.,
 .F.,(2,2),(0.,0.199999999999996),.UNSPECIFIED.);
#4955=B_SPLINE_CURVE_WITH_KNOTS('',1,(#11293,#11294),.UNSPECIFIED.,.F.,
 .F.,(2,2),(0.,0.199999999999996),.UNSPECIFIED.);
#4956=B_SPLINE_CURVE_WITH_KNOTS('',1,(#11295,#11296),.UNSPECIFIED.,.F.,
 .F.,(2,2),(0.,10.3321129171302),.UNSPECIFIED.);
#4957=B_SPLINE_CURVE_WITH_KNOTS('',1,(#11297,#11298),.UNSPECIFIED.,.F.,
 .F.,(2,2),(0.,0.199999999999996),.UNSPECIFIED.);
#4958=B_SPLINE_CURVE_WITH_KNOTS('',1,(#11299,#11300),.UNSPECIFIED.,.F.,
 .F.,(2,2),(0.,10.3321129171302),.UNSPECIFIED.);
#4959=B_SPLINE_CURVE_WITH_KNOTS('',1,(#11301,#11302),.UNSPECIFIED.,.F.,
 .F.,(2,2),(0.,0.4020227140561),.UNSPECIFIED.);
#4960=B_SPLINE_CURVE_WITH_KNOTS('',1,(#11303,#11304),.UNSPECIFIED.,.F.,
 .F.,(2,2),(0.,0.40202271404743),.UNSPECIFIED.);
#4961=B_SPLINE_CURVE_WITH_KNOTS('',1,(#11305,#11306),.UNSPECIFIED.,.F.,
 .F.,(2,2),(-0.199999999999996,0.),.UNSPECIFIED.);
#4962=B_SPLINE_CURVE_WITH_KNOTS('',1,(#11307,#11308),.UNSPECIFIED.,.F.,
 .F.,(2,2),(-0.199999999999996,0.),.UNSPECIFIED.);
#4963=B_SPLINE_CURVE_WITH_KNOTS('',1,(#11309,#11310),.UNSPECIFIED.,.F.,
 .F.,(2,2),(-0.40202271405609,0.),.UNSPECIFIED.);
#4964=B_SPLINE_CURVE_WITH_KNOTS('',1,(#11311,#11312),.UNSPECIFIED.,.F.,
 .F.,(2,2),(0.,6.71614416406757),.UNSPECIFIED.);
#4965=B_SPLINE_CURVE_WITH_KNOTS('',1,(#11313,#11314),.UNSPECIFIED.,.F.,
 .F.,(2,2),(0.,0.199999999999996),.UNSPECIFIED.);
#4966=B_SPLINE_CURVE_WITH_KNOTS('',1,(#11315,#11316),.UNSPECIFIED.,.F.,
 .F.,(2,2),(0.,6.71614416406756),.UNSPECIFIED.);
#4967=B_SPLINE_CURVE_WITH_KNOTS('',1,(#11317,#11318),.UNSPECIFIED.,.F.,
 .F.,(2,2),(-0.199999999999996,0.),.UNSPECIFIED.);
#4968=B_SPLINE_CURVE_WITH_KNOTS('',1,(#11319,#11320),.UNSPECIFIED.,.F.,
 .F.,(2,2),(0.,6.71614416407053),.UNSPECIFIED.);
#4969=B_SPLINE_CURVE_WITH_KNOTS('',1,(#11321,#11322),.UNSPECIFIED.,.F.,
 .F.,(2,2),(0.,6.71614416407053),.UNSPECIFIED.);
#4970=B_SPLINE_CURVE_WITH_KNOTS('',1,(#11323,#11324),.UNSPECIFIED.,.F.,
 .F.,(2,2),(0.,0.199999999999996),.UNSPECIFIED.);
#4971=B_SPLINE_CURVE_WITH_KNOTS('',1,(#11330,#11331),.UNSPECIFIED.,.F.,
 .F.,(2,2),(-0.199999999999996,0.),.UNSPECIFIED.);
#4972=B_SPLINE_CURVE_WITH_KNOTS('',1,(#11332,#11333),.UNSPECIFIED.,.F.,
 .F.,(2,2),(0.,18.6611911663194),.UNSPECIFIED.);
#4973=B_SPLINE_CURVE_WITH_KNOTS('',1,(#11334,#11335),.UNSPECIFIED.,.F.,
 .F.,(2,2),(0.,18.6611911663194),.UNSPECIFIED.);
#4974=B_SPLINE_CURVE_WITH_KNOTS('',1,(#11336,#11337),.UNSPECIFIED.,.F.,
 .F.,(2,2),(0.,0.324293494104197),.UNSPECIFIED.);
#4975=B_SPLINE_CURVE_WITH_KNOTS('',1,(#11338,#11339),.UNSPECIFIED.,.F.,
 .F.,(2,2),(0.,0.75316840277778),.UNSPECIFIED.);
#4976=B_SPLINE_CURVE_WITH_KNOTS('',1,(#11340,#11341),.UNSPECIFIED.,.F.,
 .F.,(2,2),(0.,0.324293494104197),.UNSPECIFIED.);
#4977=B_SPLINE_CURVE_WITH_KNOTS('',1,(#11342,#11343),.UNSPECIFIED.,.F.,
 .F.,(2,2),(0.,0.359623355215398),.UNSPECIFIED.);
#4978=B_SPLINE_CURVE_WITH_KNOTS('',1,(#11344,#11345),.UNSPECIFIED.,.F.,
 .F.,(2,2),(0.,0.0353298611109985),.UNSPECIFIED.);
#4979=B_SPLINE_CURVE_WITH_KNOTS('',1,(#11346,#11347),.UNSPECIFIED.,.F.,
 .F.,(2,2),(0.,0.324293494104296),.UNSPECIFIED.);
#4980=B_SPLINE_CURVE_WITH_KNOTS('',1,(#11348,#11349),.UNSPECIFIED.,.F.,
 .F.,(2,2),(0.,0.807769097222279),.UNSPECIFIED.);
#4981=B_SPLINE_CURVE_WITH_KNOTS('',1,(#11350,#11351),.UNSPECIFIED.,.F.,
 .F.,(2,2),(0.,0.324293494104197),.UNSPECIFIED.);
#4982=B_SPLINE_CURVE_WITH_KNOTS('',1,(#11352,#11353),.UNSPECIFIED.,.F.,
 .F.,(2,2),(0.,1.50286354624014),.UNSPECIFIED.);
#4983=B_SPLINE_CURVE_WITH_KNOTS('',1,(#11354,#11355),.UNSPECIFIED.,.F.,
 .F.,(2,2),(0.,0.399999999999999),.UNSPECIFIED.);
#4984=B_SPLINE_CURVE_WITH_KNOTS('',1,(#11356,#11357),.UNSPECIFIED.,.F.,
 .F.,(2,2),(-1.41781076845337,0.),.UNSPECIFIED.);
#4985=B_SPLINE_CURVE_WITH_KNOTS('',1,(#11358,#11359),.UNSPECIFIED.,.F.,
 .F.,(2,2),(0.,0.399999999999999),.UNSPECIFIED.);
#4986=B_SPLINE_CURVE_WITH_KNOTS('',1,(#11360,#11361),.UNSPECIFIED.,.F.,
 .F.,(2,2),(0.,1.3377170138888),.UNSPECIFIED.);
#4987=B_SPLINE_CURVE_WITH_KNOTS('',1,(#11362,#11363),.UNSPECIFIED.,.F.,
 .F.,(2,2),(0.,3.6534288194444),.UNSPECIFIED.);
#4988=B_SPLINE_CURVE_WITH_KNOTS('',1,(#11364,#11365),.UNSPECIFIED.,.F.,
 .F.,(2,2),(0.,0.399999999999999),.UNSPECIFIED.);
#4989=B_SPLINE_CURVE_WITH_KNOTS('',1,(#11366,#11367),.UNSPECIFIED.,.F.,
 .F.,(2,2),(-1.64321434529775,0.),.UNSPECIFIED.);
#4990=B_SPLINE_CURVE_WITH_KNOTS('',1,(#11368,#11369),.UNSPECIFIED.,.F.,
 .F.,(2,2),(0.,0.399999999999999),.UNSPECIFIED.);
#4991=B_SPLINE_CURVE_WITH_KNOTS('',1,(#11370,#11371),.UNSPECIFIED.,.F.,
 .F.,(2,2),(0.,1.68889845028346),.UNSPECIFIED.);
#4992=B_SPLINE_CURVE_WITH_KNOTS('',1,(#11372,#11373),.UNSPECIFIED.,.F.,
 .F.,(2,2),(0.,0.59980468749998),.UNSPECIFIED.);
#4993=B_SPLINE_CURVE_WITH_KNOTS('',1,(#11374,#11375),.UNSPECIFIED.,.F.,
 .F.,(2,2),(0.,1.35779080141553),.UNSPECIFIED.);
#4994=B_SPLINE_CURVE_WITH_KNOTS('',1,(#11376,#11377),.UNSPECIFIED.,.F.,
 .F.,(2,2),(0.,0.399999999999999),.UNSPECIFIED.);
#4995=B_SPLINE_CURVE_WITH_KNOTS('',1,(#11378,#11379),.UNSPECIFIED.,.F.,
 .F.,(2,2),(0.,0.399999999999999),.UNSPECIFIED.);
#4996=B_SPLINE_CURVE_WITH_KNOTS('',3,(#11380,#11381,#11382,#11383),
 .UNSPECIFIED.,.F.,.F.,(4,4),(0.,0.000950225146228487),.UNSPECIFIED.);
#4997=B_SPLINE_CURVE_WITH_KNOTS('',1,(#11384,#11385),.UNSPECIFIED.,.F.,
 .F.,(2,2),(0.,0.399999999999999),.UNSPECIFIED.);
#4998=B_SPLINE_CURVE_WITH_KNOTS('',1,(#11386,#11387),.UNSPECIFIED.,.F.,
 .F.,(2,2),(0.,0.399999999999999),.UNSPECIFIED.);
#4999=B_SPLINE_CURVE_WITH_KNOTS('',3,(#11388,#11389,#11390,#11391),
 .UNSPECIFIED.,.F.,.F.,(4,4),(-1.,0.),.UNSPECIFIED.);
#5000=B_SPLINE_CURVE_WITH_KNOTS('',1,(#11392,#11393),.UNSPECIFIED.,.F.,
 .F.,(2,2),(0.,1.0968315972222),.UNSPECIFIED.);
#5001=B_SPLINE_CURVE_WITH_KNOTS('',1,(#11394,#11395),.UNSPECIFIED.,.F.,
 .F.,(2,2),(0.,0.399999999999999),.UNSPECIFIED.);
#5002=B_SPLINE_CURVE_WITH_KNOTS('',1,(#11396,#11397),.UNSPECIFIED.,.F.,
 .F.,(2,2),(0.,1.0968315972222),.UNSPECIFIED.);
#5003=B_SPLINE_CURVE_WITH_KNOTS('',1,(#11398,#11399),.UNSPECIFIED.,.F.,
 .F.,(2,2),(0.,0.399999999999999),.UNSPECIFIED.);
#5004=B_SPLINE_CURVE_WITH_KNOTS('',1,(#11400,#11401),.UNSPECIFIED.,.F.,
 .F.,(2,2),(0.,0.60703125),.UNSPECIFIED.);
#5005=B_SPLINE_CURVE_WITH_KNOTS('',1,(#11402,#11403),.UNSPECIFIED.,.F.,
 .F.,(2,2),(0.,0.60703125),.UNSPECIFIED.);
#5006=B_SPLINE_CURVE_WITH_KNOTS('',1,(#11404,#11405),.UNSPECIFIED.,.F.,
 .F.,(2,2),(0.,0.399999999999999),.UNSPECIFIED.);
#5007=B_SPLINE_CURVE_WITH_KNOTS('',1,(#11406,#11407),.UNSPECIFIED.,.F.,
 .F.,(2,2),(0.,0.399999999999999),.UNSPECIFIED.);
#5008=B_SPLINE_CURVE_WITH_KNOTS('',1,(#11408,#11409),.UNSPECIFIED.,.F.,
 .F.,(2,2),(0.,0.399999999999999),.UNSPECIFIED.);
#5009=B_SPLINE_CURVE_WITH_KNOTS('',3,(#11410,#11411,#11412,#11413),
 .UNSPECIFIED.,.F.,.F.,(4,4),(0.,0.000455614238669636),.UNSPECIFIED.);
#5010=B_SPLINE_CURVE_WITH_KNOTS('',1,(#11414,#11415),.UNSPECIFIED.,.F.,
 .F.,(2,2),(0.,0.399999999999999),.UNSPECIFIED.);
#5011=B_SPLINE_CURVE_WITH_KNOTS('',3,(#11416,#11417,#11418,#11419),
 .UNSPECIFIED.,.F.,.F.,(4,4),(-0.000455614238669636,0.),.UNSPECIFIED.);
#5012=B_SPLINE_CURVE_WITH_KNOTS('',3,(#11420,#11421,#11422,#11423),
 .UNSPECIFIED.,.F.,.F.,(4,4),(0.,0.000499512826271965),.UNSPECIFIED.);
#5013=B_SPLINE_CURVE_WITH_KNOTS('',1,(#11424,#11425),.UNSPECIFIED.,.F.,
 .F.,(2,2),(0.,0.399999999999999),.UNSPECIFIED.);
#5014=B_SPLINE_CURVE_WITH_KNOTS('',3,(#11426,#11427,#11428,#11429),
 .UNSPECIFIED.,.F.,.F.,(4,4),(-0.000499512826271965,0.),.UNSPECIFIED.);
#5015=B_SPLINE_CURVE_WITH_KNOTS('',1,(#11430,#11431),.UNSPECIFIED.,.F.,
 .F.,(2,2),(0.,0.6046223970262),.UNSPECIFIED.);
#5016=B_SPLINE_CURVE_WITH_KNOTS('',1,(#11432,#11433),.UNSPECIFIED.,.F.,
 .F.,(2,2),(0.,0.6046223970262),.UNSPECIFIED.);
#5017=B_SPLINE_CURVE_WITH_KNOTS('',3,(#11434,#11435,#11436,#11437),
 .UNSPECIFIED.,.F.,.F.,(4,4),(0.,0.00066230708724883),.UNSPECIFIED.);
#5018=B_SPLINE_CURVE_WITH_KNOTS('',3,(#11438,#11439,#11440,#11441),
 .UNSPECIFIED.,.F.,.F.,(4,4),(0.,0.0010810232894211),.UNSPECIFIED.);
#5019=B_SPLINE_CURVE_WITH_KNOTS('',3,(#11442,#11443,#11444,#11445),
 .UNSPECIFIED.,.F.,.F.,(4,4),(0.,0.000453060219435086),.UNSPECIFIED.);
#5020=B_SPLINE_CURVE_WITH_KNOTS('',3,(#11446,#11447,#11448,#11449),
 .UNSPECIFIED.,.F.,.F.,(4,4),(0.,1.),.UNSPECIFIED.);
#5021=B_SPLINE_CURVE_WITH_KNOTS('',3,(#11450,#11451,#11452,#11453),
 .UNSPECIFIED.,.F.,.F.,(4,4),(-1.,0.),.UNSPECIFIED.);
#5022=B_SPLINE_CURVE_WITH_KNOTS('',3,(#11454,#11455,#11456,#11457),
 .UNSPECIFIED.,.F.,.F.,(4,4),(-0.000453060219435086,0.),.UNSPECIFIED.);
#5023=B_SPLINE_CURVE_WITH_KNOTS('',1,(#11458,#11459),.UNSPECIFIED.,.F.,
 .F.,(2,2),(0.,0.399999999999999),.UNSPECIFIED.);
#5024=B_SPLINE_CURVE_WITH_KNOTS('',1,(#11460,#11461),.UNSPECIFIED.,.F.,
 .F.,(2,2),(0.,3.6582465277777),.UNSPECIFIED.);
#5025=B_SPLINE_CURVE_WITH_KNOTS('',1,(#11462,#11463),.UNSPECIFIED.,.F.,
 .F.,(2,2),(0.,0.324293494104296),.UNSPECIFIED.);
#5026=B_SPLINE_CURVE_WITH_KNOTS('',1,(#11464,#11465),.UNSPECIFIED.,.F.,
 .F.,(2,2),(0.,0.72506510416666),.UNSPECIFIED.);
#5027=B_SPLINE_CURVE_WITH_KNOTS('',1,(#11466,#11467),.UNSPECIFIED.,.F.,
 .F.,(2,2),(0.,0.324293494104296),.UNSPECIFIED.);
#5028=B_SPLINE_CURVE_WITH_KNOTS('',1,(#11468,#11469),.UNSPECIFIED.,.F.,
 .F.,(2,2),(0.,2.7950737847222),.UNSPECIFIED.);
#5029=B_SPLINE_CURVE_WITH_KNOTS('',1,(#11470,#11471),.UNSPECIFIED.,.F.,
 .F.,(2,2),(0.,0.399999999999999),.UNSPECIFIED.);
#5030=B_SPLINE_CURVE_WITH_KNOTS('',1,(#11472,#11473),.UNSPECIFIED.,.F.,
 .F.,(2,2),(-0.906176089621908,0.),.UNSPECIFIED.);
#5031=B_SPLINE_CURVE_WITH_KNOTS('',1,(#11474,#11475),.UNSPECIFIED.,.F.,
 .F.,(2,2),(0.,0.906176089621908),.UNSPECIFIED.);
#5032=B_SPLINE_CURVE_WITH_KNOTS('',1,(#11476,#11477),.UNSPECIFIED.,.F.,
 .F.,(2,2),(0.,0.399999999999999),.UNSPECIFIED.);
#5033=B_SPLINE_CURVE_WITH_KNOTS('',1,(#11478,#11479),.UNSPECIFIED.,.F.,
 .F.,(2,2),(0.,0.589366319444398),.UNSPECIFIED.);
#5034=B_SPLINE_CURVE_WITH_KNOTS('',1,(#11480,#11481),.UNSPECIFIED.,.F.,
 .F.,(2,2),(0.,0.399999999999999),.UNSPECIFIED.);
#5035=B_SPLINE_CURVE_WITH_KNOTS('',1,(#11482,#11483),.UNSPECIFIED.,.F.,
 .F.,(2,2),(-1.60692240308751,0.),.UNSPECIFIED.);
#5036=B_SPLINE_CURVE_WITH_KNOTS('',1,(#11484,#11485),.UNSPECIFIED.,.F.,
 .F.,(2,2),(0.,1.60692240308751),.UNSPECIFIED.);
#5037=B_SPLINE_CURVE_WITH_KNOTS('',1,(#11486,#11487),.UNSPECIFIED.,.F.,
 .F.,(2,2),(0.,0.399999999999999),.UNSPECIFIED.);
#5038=B_SPLINE_CURVE_WITH_KNOTS('',1,(#11488,#11489),.UNSPECIFIED.,.F.,
 .F.,(2,2),(0.,0.0778862847222199),.UNSPECIFIED.);
#5039=(
BOUNDED_CURVE()
B_SPLINE_CURVE(2,(#9184,#9185,#9186),.UNSPECIFIED.,.F.,.F.)
B_SPLINE_CURVE_WITH_KNOTS((3,3),(0.,25.1607597215868),.UNSPECIFIED.)
CURVE()
GEOMETRIC_REPRESENTATION_ITEM()
RATIONAL_B_SPLINE_CURVE((1.,0.959403223600249,1.))
REPRESENTATION_ITEM('')
);
#5040=(
BOUNDED_CURVE()
B_SPLINE_CURVE(2,(#9189,#9190,#9191),.UNSPECIFIED.,.F.,.F.)
B_SPLINE_CURVE_WITH_KNOTS((3,3),(0.,25.7341827873027),.UNSPECIFIED.)
CURVE()
GEOMETRIC_REPRESENTATION_ITEM()
RATIONAL_B_SPLINE_CURVE((1.,0.943218076237451,1.))
REPRESENTATION_ITEM('')
);
#5041=(
BOUNDED_CURVE()
B_SPLINE_CURVE(2,(#9202,#9203,#9204),.UNSPECIFIED.,.F.,.F.)
B_SPLINE_CURVE_WITH_KNOTS((3,3),(0.,25.7341827873027),.UNSPECIFIED.)
CURVE()
GEOMETRIC_REPRESENTATION_ITEM()
RATIONAL_B_SPLINE_CURVE((1.,0.943218076237452,1.))
REPRESENTATION_ITEM('')
);
#5042=(
BOUNDED_CURVE()
B_SPLINE_CURVE(2,(#9205,#9206,#9207),.UNSPECIFIED.,.F.,.F.)
B_SPLINE_CURVE_WITH_KNOTS((3,3),(0.,25.1607597215868),.UNSPECIFIED.)
CURVE()
GEOMETRIC_REPRESENTATION_ITEM()
RATIONAL_B_SPLINE_CURVE((1.,0.95940322360025,1.))
REPRESENTATION_ITEM('')
);
#5043=(
BOUNDED_CURVE()
B_SPLINE_CURVE(2,(#9212,#9213,#9214),.UNSPECIFIED.,.F.,.F.)
B_SPLINE_CURVE_WITH_KNOTS((3,3),(0.,0.743761899045565),.UNSPECIFIED.)
CURVE()
GEOMETRIC_REPRESENTATION_ITEM()
RATIONAL_B_SPLINE_CURVE((1.,1.,1.))
REPRESENTATION_ITEM('')
);
#5044=(
BOUNDED_CURVE()
B_SPLINE_CURVE(2,(#9229,#9230,#9231),.UNSPECIFIED.,.F.,.F.)
B_SPLINE_CURVE_WITH_KNOTS((3,3),(0.,0.743761899045579),.UNSPECIFIED.)
CURVE()
GEOMETRIC_REPRESENTATION_ITEM()
RATIONAL_B_SPLINE_CURVE((1.,1.,1.))
REPRESENTATION_ITEM('')
);
#5045=(
BOUNDED_CURVE()
B_SPLINE_CURVE(2,(#9254,#9255,#9256),.UNSPECIFIED.,.F.,.F.)
B_SPLINE_CURVE_WITH_KNOTS((3,3),(0.,25.1607597215868),.UNSPECIFIED.)
CURVE()
GEOMETRIC_REPRESENTATION_ITEM()
RATIONAL_B_SPLINE_CURVE((1.,0.959403223600249,1.))
REPRESENTATION_ITEM('')
);
#5046=(
BOUNDED_CURVE()
B_SPLINE_CURVE(2,(#9265,#9266,#9267),.UNSPECIFIED.,.F.,.F.)
B_SPLINE_CURVE_WITH_KNOTS((3,3),(0.,25.1607597215868),.UNSPECIFIED.)
CURVE()
GEOMETRIC_REPRESENTATION_ITEM()
RATIONAL_B_SPLINE_CURVE((1.,0.95940322360025,1.))
REPRESENTATION_ITEM('')
);
#5047=(
BOUNDED_CURVE()
B_SPLINE_CURVE(2,(#9282,#9283,#9284),.UNSPECIFIED.,.F.,.F.)
B_SPLINE_CURVE_WITH_KNOTS((3,3),(3.71479626568783,4.54378090224839),
 .UNSPECIFIED.)
CURVE()
GEOMETRIC_REPRESENTATION_ITEM()
RATIONAL_B_SPLINE_CURVE((1.,1.00331484378394,1.))
REPRESENTATION_ITEM('')
);
#5048=(
BOUNDED_CURVE()
B_SPLINE_CURVE(2,(#9287,#9288,#9289),.UNSPECIFIED.,.F.,.F.)
B_SPLINE_CURVE_WITH_KNOTS((3,3),(2.34956607119327,3.17855070775382),
 .UNSPECIFIED.)
CURVE()
GEOMETRIC_REPRESENTATION_ITEM()
RATIONAL_B_SPLINE_CURVE((1.,1.00331484378394,1.))
REPRESENTATION_ITEM('')
);
#5049=(
BOUNDED_CURVE()
B_SPLINE_CURVE(2,(#9692,#9693,#9694,#9695,#9696,#9697,#9698,#9699,#9700),
 .UNSPECIFIED.,.F.,.F.)
B_SPLINE_CURVE_WITH_KNOTS((3,2,2,2,3),(0.,10.63187804874,21.26375609748,
31.89563414622,42.52751219496),.UNSPECIFIED.)
CURVE()
GEOMETRIC_REPRESENTATION_ITEM()
RATIONAL_B_SPLINE_CURVE((1.,0.921761354227815,1.,0.921761354227815,1.,0.921761354227815,
1.,0.921761354227815,1.))
REPRESENTATION_ITEM('')
);
#5050=(
BOUNDED_CURVE()
B_SPLINE_CURVE(2,(#9703,#9704,#9705,#9706,#9707,#9708,#9709,#9710,#9711),
 .UNSPECIFIED.,.F.,.F.)
B_SPLINE_CURVE_WITH_KNOTS((3,2,2,2,3),(0.,10.63187804874,21.26375609748,
31.89563414622,42.52751219496),.UNSPECIFIED.)
CURVE()
GEOMETRIC_REPRESENTATION_ITEM()
RATIONAL_B_SPLINE_CURVE((1.,0.921761354227813,1.,0.921761354227813,1.,0.921761354227813,
1.,0.921761354227813,1.))
REPRESENTATION_ITEM('')
);
#5051=(
BOUNDED_CURVE()
B_SPLINE_CURVE(2,(#9754,#9755,#9756,#9757,#9758),.UNSPECIFIED.,.F.,.F.)
B_SPLINE_CURVE_WITH_KNOTS((3,2,3),(0.,17.7853399606843,35.5706799213686),
 .UNSPECIFIED.)
CURVE()
GEOMETRIC_REPRESENTATION_ITEM()
RATIONAL_B_SPLINE_CURVE((1.,0.786226667602477,1.,0.786226667602477,1.))
REPRESENTATION_ITEM('')
);
#5052=(
BOUNDED_CURVE()
B_SPLINE_CURVE(2,(#9759,#9760,#9761,#9762,#9763),.UNSPECIFIED.,.F.,.F.)
B_SPLINE_CURVE_WITH_KNOTS((3,2,3),(0.,17.7853399606842,35.5706799213683),
 .UNSPECIFIED.)
CURVE()
GEOMETRIC_REPRESENTATION_ITEM()
RATIONAL_B_SPLINE_CURVE((1.,0.78622666760248,1.,0.78622666760248,1.))
REPRESENTATION_ITEM('')
);
#5053=(
BOUNDED_CURVE()
B_SPLINE_CURVE(2,(#9802,#9803,#9804,#9805,#9806),.UNSPECIFIED.,.F.,.F.)
B_SPLINE_CURVE_WITH_KNOTS((3,2,3),(0.,1.91986217719309,3.83972435438619),
 .UNSPECIFIED.)
CURVE()
GEOMETRIC_REPRESENTATION_ITEM()
RATIONAL_B_SPLINE_CURVE((1.,0.887010833178315,1.,0.887010833178315,1.))
REPRESENTATION_ITEM('')
);
#5054=(
BOUNDED_CURVE()
B_SPLINE_CURVE(2,(#9809,#9810,#9811,#9812,#9813),.UNSPECIFIED.,.F.,.F.)
B_SPLINE_CURVE_WITH_KNOTS((3,2,3),(0.,1.91986217719308,3.83972435438616),
 .UNSPECIFIED.)
CURVE()
GEOMETRIC_REPRESENTATION_ITEM()
RATIONAL_B_SPLINE_CURVE((1.,0.887010833178309,1.,0.887010833178309,1.))
REPRESENTATION_ITEM('')
);
#5055=(
BOUNDED_CURVE()
B_SPLINE_CURVE(2,(#9820,#9821,#9822,#9823,#9824),.UNSPECIFIED.,.F.,.F.)
B_SPLINE_CURVE_WITH_KNOTS((3,2,3),(-3.83972435438582,-1.91986217719291,
0.),.UNSPECIFIED.)
CURVE()
GEOMETRIC_REPRESENTATION_ITEM()
RATIONAL_B_SPLINE_CURVE((1.,0.887010833178292,1.,0.887010833178292,1.))
REPRESENTATION_ITEM('')
);
#5056=(
BOUNDED_CURVE()
B_SPLINE_CURVE(2,(#9835,#9836,#9837),.UNSPECIFIED.,.F.,.F.)
B_SPLINE_CURVE_WITH_KNOTS((3,3),(0.,2.44346095279338),.UNSPECIFIED.)
CURVE()
GEOMETRIC_REPRESENTATION_ITEM()
RATIONAL_B_SPLINE_CURVE((1.,0.819152044288791,1.))
REPRESENTATION_ITEM('')
);
#5057=(
BOUNDED_CURVE()
B_SPLINE_CURVE(2,(#9838,#9839,#9840),.UNSPECIFIED.,.F.,.F.)
B_SPLINE_CURVE_WITH_KNOTS((3,3),(-2.44346095279337,0.),.UNSPECIFIED.)
CURVE()
GEOMETRIC_REPRESENTATION_ITEM()
RATIONAL_B_SPLINE_CURVE((1.,0.819152044288792,1.))
REPRESENTATION_ITEM('')
);
#5058=(
BOUNDED_CURVE()
B_SPLINE_CURVE(2,(#9873,#9874,#9875,#9876,#9877),.UNSPECIFIED.,.F.,.F.)
B_SPLINE_CURVE_WITH_KNOTS((3,2,3),(48.6946861306418,73.0420291959627,97.3893722612836),
 .UNSPECIFIED.)
CURVE()
GEOMETRIC_REPRESENTATION_ITEM()
RATIONAL_B_SPLINE_CURVE((1.,0.707106781186548,1.,0.707106781186548,1.))
REPRESENTATION_ITEM('')
);
#5059=(
BOUNDED_CURVE()
B_SPLINE_CURVE(2,(#9878,#9879,#9880,#9881,#9882),.UNSPECIFIED.,.F.,.F.)
B_SPLINE_CURVE_WITH_KNOTS((3,2,3),(0.,24.3473430653209,48.6946861306418),
 .UNSPECIFIED.)
CURVE()
GEOMETRIC_REPRESENTATION_ITEM()
RATIONAL_B_SPLINE_CURVE((1.,0.707106781186548,1.,0.707106781186548,1.))
REPRESENTATION_ITEM('')
);
#5060=(
BOUNDED_CURVE()
B_SPLINE_CURVE(2,(#9883,#9884,#9885,#9886,#9887),.UNSPECIFIED.,.F.,.F.)
B_SPLINE_CURVE_WITH_KNOTS((3,2,3),(48.6946861306418,73.0420291959627,97.3893722612836),
 .UNSPECIFIED.)
CURVE()
GEOMETRIC_REPRESENTATION_ITEM()
RATIONAL_B_SPLINE_CURVE((1.,0.707106781186548,1.,0.707106781186548,1.))
REPRESENTATION_ITEM('')
);
#5061=(
BOUNDED_CURVE()
B_SPLINE_CURVE(2,(#9888,#9889,#9890,#9891,#9892),.UNSPECIFIED.,.F.,.F.)
B_SPLINE_CURVE_WITH_KNOTS((3,2,3),(0.,24.3473430653209,48.6946861306418),
 .UNSPECIFIED.)
CURVE()
GEOMETRIC_REPRESENTATION_ITEM()
RATIONAL_B_SPLINE_CURVE((1.,0.707106781186548,1.,0.707106781186548,1.))
REPRESENTATION_ITEM('')
);
#5062=(
BOUNDED_CURVE()
B_SPLINE_CURVE(2,(#9905,#9906,#9907,#9908,#9909,#9910,#9911,#9912,#9913),
 .UNSPECIFIED.,.F.,.F.)
B_SPLINE_CURVE_WITH_KNOTS((3,2,2,2,3),(0.,10.63187804874,21.26375609748,
31.89563414622,42.52751219496),.UNSPECIFIED.)
CURVE()
GEOMETRIC_REPRESENTATION_ITEM()
RATIONAL_B_SPLINE_CURVE((1.,0.921761354227815,1.,0.921761354227815,1.,0.921761354227815,
1.,0.921761354227815,1.))
REPRESENTATION_ITEM('')
);
#5063=(
BOUNDED_CURVE()
B_SPLINE_CURVE(2,(#9916,#9917,#9918,#9919,#9920,#9921,#9922,#9923,#9924),
 .UNSPECIFIED.,.F.,.F.)
B_SPLINE_CURVE_WITH_KNOTS((3,2,2,2,3),(0.,10.63187804874,21.26375609748,
31.89563414622,42.52751219496),.UNSPECIFIED.)
CURVE()
GEOMETRIC_REPRESENTATION_ITEM()
RATIONAL_B_SPLINE_CURVE((1.,0.921761354227815,1.,0.921761354227815,1.,0.921761354227815,
1.,0.921761354227815,1.))
REPRESENTATION_ITEM('')
);
#5064=(
BOUNDED_CURVE()
B_SPLINE_CURVE(2,(#9935,#9936,#9937,#9938,#9939),.UNSPECIFIED.,.F.,.F.)
B_SPLINE_CURVE_WITH_KNOTS((3,2,3),(0.,1.91986217719291,3.83972435438582),
 .UNSPECIFIED.)
CURVE()
GEOMETRIC_REPRESENTATION_ITEM()
RATIONAL_B_SPLINE_CURVE((1.,0.887010833178293,1.,0.887010833178293,1.))
REPRESENTATION_ITEM('')
);
#5065=(
BOUNDED_CURVE()
B_SPLINE_CURVE(2,(#9942,#9943,#9944,#9945,#9946),.UNSPECIFIED.,.F.,.F.)
B_SPLINE_CURVE_WITH_KNOTS((3,2,3),(0.,1.91986217719291,3.83972435438582),
 .UNSPECIFIED.)
CURVE()
GEOMETRIC_REPRESENTATION_ITEM()
RATIONAL_B_SPLINE_CURVE((1.,0.887010833178293,1.,0.887010833178293,1.))
REPRESENTATION_ITEM('')
);
#5066=(
BOUNDED_CURVE()
B_SPLINE_CURVE(2,(#9971,#9972,#9973,#9974,#9975),.UNSPECIFIED.,.F.,.F.)
B_SPLINE_CURVE_WITH_KNOTS((3,2,3),(0.,17.7853399606843,35.5706799213686),
 .UNSPECIFIED.)
CURVE()
GEOMETRIC_REPRESENTATION_ITEM()
RATIONAL_B_SPLINE_CURVE((1.,0.786226667602478,1.,0.786226667602478,1.))
REPRESENTATION_ITEM('')
);
#5067=(
BOUNDED_CURVE()
B_SPLINE_CURVE(2,(#9978,#9979,#9980,#9981,#9982),.UNSPECIFIED.,.F.,.F.)
B_SPLINE_CURVE_WITH_KNOTS((3,2,3),(0.,17.7853399606843,35.5706799213686),
 .UNSPECIFIED.)
CURVE()
GEOMETRIC_REPRESENTATION_ITEM()
RATIONAL_B_SPLINE_CURVE((1.,0.786226667602477,1.,0.786226667602477,1.))
REPRESENTATION_ITEM('')
);
#5068=(
BOUNDED_CURVE()
B_SPLINE_CURVE(2,(#9993,#9994,#9995,#9996,#9997),.UNSPECIFIED.,.F.,.F.)
B_SPLINE_CURVE_WITH_KNOTS((3,2,3),(0.,1.91986217719309,3.83972435438617),
 .UNSPECIFIED.)
CURVE()
GEOMETRIC_REPRESENTATION_ITEM()
RATIONAL_B_SPLINE_CURVE((1.,0.88701083317831,1.,0.88701083317831,1.))
REPRESENTATION_ITEM('')
);
#5069=(
BOUNDED_CURVE()
B_SPLINE_CURVE(2,(#10000,#10001,#10002,#10003,#10004),.UNSPECIFIED.,.F.,
 .F.)
B_SPLINE_CURVE_WITH_KNOTS((3,2,3),(0.,1.91986217719308,3.83972435438617),
 .UNSPECIFIED.)
CURVE()
GEOMETRIC_REPRESENTATION_ITEM()
RATIONAL_B_SPLINE_CURVE((1.,0.88701083317831,1.,0.88701083317831,1.))
REPRESENTATION_ITEM('')
);
#5070=(
BOUNDED_CURVE()
B_SPLINE_CURVE(2,(#10011,#10012,#10013),.UNSPECIFIED.,.F.,.F.)
B_SPLINE_CURVE_WITH_KNOTS((3,3),(0.,2.44346095279337),.UNSPECIFIED.)
CURVE()
GEOMETRIC_REPRESENTATION_ITEM()
RATIONAL_B_SPLINE_CURVE((1.,0.819152044288794,1.))
REPRESENTATION_ITEM('')
);
#5071=(
BOUNDED_CURVE()
B_SPLINE_CURVE(2,(#10014,#10015,#10016),.UNSPECIFIED.,.F.,.F.)
B_SPLINE_CURVE_WITH_KNOTS((3,3),(0.,2.44346095279336),.UNSPECIFIED.)
CURVE()
GEOMETRIC_REPRESENTATION_ITEM()
RATIONAL_B_SPLINE_CURVE((1.,0.819152044288793,1.))
REPRESENTATION_ITEM('')
);
#5072=(
BOUNDED_CURVE()
B_SPLINE_CURVE(2,(#10043,#10044,#10045,#10046,#10047),.UNSPECIFIED.,.F.,
 .F.)
B_SPLINE_CURVE_WITH_KNOTS((3,2,3),(-2.98451302091031,-1.49225651045515,
0.),.UNSPECIFIED.)
CURVE()
GEOMETRIC_REPRESENTATION_ITEM()
RATIONAL_B_SPLINE_CURVE((1.,0.707106781186548,1.,0.707106781186548,1.))
REPRESENTATION_ITEM('')
);
#5073=(
BOUNDED_CURVE()
B_SPLINE_CURVE(2,(#10048,#10049,#10050,#10051,#10052),.UNSPECIFIED.,.F.,
 .F.)
B_SPLINE_CURVE_WITH_KNOTS((3,2,3),(-5.96902604182062,-4.47676953136546,
-2.98451302091031),.UNSPECIFIED.)
CURVE()
GEOMETRIC_REPRESENTATION_ITEM()
RATIONAL_B_SPLINE_CURVE((1.,0.707106781186548,1.,0.707106781186548,1.))
REPRESENTATION_ITEM('')
);
#5074=(
BOUNDED_CURVE()
B_SPLINE_CURVE(2,(#10053,#10054,#10055,#10056,#10057),.UNSPECIFIED.,.F.,
 .F.)
B_SPLINE_CURVE_WITH_KNOTS((3,2,3),(2.98451302091031,4.47676953136546,5.96902604182062),
 .UNSPECIFIED.)
CURVE()
GEOMETRIC_REPRESENTATION_ITEM()
RATIONAL_B_SPLINE_CURVE((1.,0.707106781186548,1.,0.707106781186548,1.))
REPRESENTATION_ITEM('')
);
#5075=(
BOUNDED_CURVE()
B_SPLINE_CURVE(2,(#10058,#10059,#10060,#10061,#10062),.UNSPECIFIED.,.F.,
 .F.)
B_SPLINE_CURVE_WITH_KNOTS((3,2,3),(0.,1.49225651045515,2.98451302091031),
 .UNSPECIFIED.)
CURVE()
GEOMETRIC_REPRESENTATION_ITEM()
RATIONAL_B_SPLINE_CURVE((1.,0.707106781186548,1.,0.707106781186548,1.))
REPRESENTATION_ITEM('')
);
#5076=(
BOUNDED_CURVE()
B_SPLINE_CURVE(2,(#10091,#10092,#10093,#10094,#10095),.UNSPECIFIED.,.F.,
 .F.)
B_SPLINE_CURVE_WITH_KNOTS((3,2,3),(2.9845130209103,4.47676953136545,5.96902604182059),
 .UNSPECIFIED.)
CURVE()
GEOMETRIC_REPRESENTATION_ITEM()
RATIONAL_B_SPLINE_CURVE((1.,0.707106781186548,1.,0.707106781186548,1.))
REPRESENTATION_ITEM('')
);
#5077=(
BOUNDED_CURVE()
B_SPLINE_CURVE(2,(#10096,#10097,#10098,#10099,#10100),.UNSPECIFIED.,.F.,
 .F.)
B_SPLINE_CURVE_WITH_KNOTS((3,2,3),(0.,1.49225651045515,2.9845130209103),
 .UNSPECIFIED.)
CURVE()
GEOMETRIC_REPRESENTATION_ITEM()
RATIONAL_B_SPLINE_CURVE((1.,0.707106781186548,1.,0.707106781186548,1.))
REPRESENTATION_ITEM('')
);
#5078=(
BOUNDED_CURVE()
B_SPLINE_CURVE(2,(#10101,#10102,#10103,#10104,#10105),.UNSPECIFIED.,.F.,
 .F.)
B_SPLINE_CURVE_WITH_KNOTS((3,2,3),(2.9845130209103,4.47676953136546,5.96902604182061),
 .UNSPECIFIED.)
CURVE()
GEOMETRIC_REPRESENTATION_ITEM()
RATIONAL_B_SPLINE_CURVE((1.,0.707106781186548,1.,0.707106781186548,1.))
REPRESENTATION_ITEM('')
);
#5079=(
BOUNDED_CURVE()
B_SPLINE_CURVE(2,(#10106,#10107,#10108,#10109,#10110),.UNSPECIFIED.,.F.,
 .F.)
B_SPLINE_CURVE_WITH_KNOTS((3,2,3),(0.,1.49225651045515,2.9845130209103),
 .UNSPECIFIED.)
CURVE()
GEOMETRIC_REPRESENTATION_ITEM()
RATIONAL_B_SPLINE_CURVE((1.,0.707106781186548,1.,0.707106781186548,1.))
REPRESENTATION_ITEM('')
);
#5080=(
BOUNDED_CURVE()
B_SPLINE_CURVE(2,(#10121,#10122,#10123),.UNSPECIFIED.,.F.,.F.)
B_SPLINE_CURVE_WITH_KNOTS((3,3),(0.,33.6636363510062),.UNSPECIFIED.)
CURVE()
GEOMETRIC_REPRESENTATION_ITEM()
RATIONAL_B_SPLINE_CURVE((1.,0.789948513644571,1.))
REPRESENTATION_ITEM('')
);
#5081=(
BOUNDED_CURVE()
B_SPLINE_CURVE(2,(#10126,#10127,#10128),.UNSPECIFIED.,.F.,.F.)
B_SPLINE_CURVE_WITH_KNOTS((3,3),(0.,33.6636363510061),.UNSPECIFIED.)
CURVE()
GEOMETRIC_REPRESENTATION_ITEM()
RATIONAL_B_SPLINE_CURVE((1.,0.78994851364457,1.))
REPRESENTATION_ITEM('')
);
#5082=(
BOUNDED_CURVE()
B_SPLINE_CURVE(2,(#10155,#10156,#10157,#10158,#10159),.UNSPECIFIED.,.F.,
 .F.)
B_SPLINE_CURVE_WITH_KNOTS((3,2,3),(-2.98451302091031,-1.49225651045515,
0.),.UNSPECIFIED.)
CURVE()
GEOMETRIC_REPRESENTATION_ITEM()
RATIONAL_B_SPLINE_CURVE((1.,0.707106781186548,1.,0.707106781186548,1.))
REPRESENTATION_ITEM('')
);
#5083=(
BOUNDED_CURVE()
B_SPLINE_CURVE(2,(#10160,#10161,#10162,#10163,#10164),.UNSPECIFIED.,.F.,
 .F.)
B_SPLINE_CURVE_WITH_KNOTS((3,2,3),(-5.96902604182062,-4.47676953136546,
-2.98451302091031),.UNSPECIFIED.)
CURVE()
GEOMETRIC_REPRESENTATION_ITEM()
RATIONAL_B_SPLINE_CURVE((1.,0.707106781186548,1.,0.707106781186548,1.))
REPRESENTATION_ITEM('')
);
#5084=(
BOUNDED_CURVE()
B_SPLINE_CURVE(2,(#10165,#10166,#10167,#10168,#10169),.UNSPECIFIED.,.F.,
 .F.)
B_SPLINE_CURVE_WITH_KNOTS((3,2,3),(2.9845130209103,4.47676953136546,5.96902604182061),
 .UNSPECIFIED.)
CURVE()
GEOMETRIC_REPRESENTATION_ITEM()
RATIONAL_B_SPLINE_CURVE((1.,0.707106781186548,1.,0.707106781186548,1.))
REPRESENTATION_ITEM('')
);
#5085=(
BOUNDED_CURVE()
B_SPLINE_CURVE(2,(#10170,#10171,#10172,#10173,#10174),.UNSPECIFIED.,.F.,
 .F.)
B_SPLINE_CURVE_WITH_KNOTS((3,2,3),(0.,1.49225651045515,2.9845130209103),
 .UNSPECIFIED.)
CURVE()
GEOMETRIC_REPRESENTATION_ITEM()
RATIONAL_B_SPLINE_CURVE((1.,0.707106781186548,1.,0.707106781186548,1.))
REPRESENTATION_ITEM('')
);
#5086=(
BOUNDED_CURVE()
B_SPLINE_CURVE(2,(#10219,#10220,#10221,#10222,#10223),.UNSPECIFIED.,.F.,
 .F.)
B_SPLINE_CURVE_WITH_KNOTS((3,2,3),(-2.98451302091031,-1.49225651045515,
0.),.UNSPECIFIED.)
CURVE()
GEOMETRIC_REPRESENTATION_ITEM()
RATIONAL_B_SPLINE_CURVE((1.,0.707106781186548,1.,0.707106781186548,1.))
REPRESENTATION_ITEM('')
);
#5087=(
BOUNDED_CURVE()
B_SPLINE_CURVE(2,(#10224,#10225,#10226,#10227,#10228),.UNSPECIFIED.,.F.,
 .F.)
B_SPLINE_CURVE_WITH_KNOTS((3,2,3),(-5.96902604182062,-4.47676953136546,
-2.98451302091031),.UNSPECIFIED.)
CURVE()
GEOMETRIC_REPRESENTATION_ITEM()
RATIONAL_B_SPLINE_CURVE((1.,0.707106781186548,1.,0.707106781186548,1.))
REPRESENTATION_ITEM('')
);
#5088=(
BOUNDED_CURVE()
B_SPLINE_CURVE(2,(#10229,#10230,#10231,#10232,#10233),.UNSPECIFIED.,.F.,
 .F.)
B_SPLINE_CURVE_WITH_KNOTS((3,2,3),(2.98451302091031,4.47676953136546,5.96902604182062),
 .UNSPECIFIED.)
CURVE()
GEOMETRIC_REPRESENTATION_ITEM()
RATIONAL_B_SPLINE_CURVE((1.,0.707106781186548,1.,0.707106781186548,1.))
REPRESENTATION_ITEM('')
);
#5089=(
BOUNDED_CURVE()
B_SPLINE_CURVE(2,(#10234,#10235,#10236,#10237,#10238),.UNSPECIFIED.,.F.,
 .F.)
B_SPLINE_CURVE_WITH_KNOTS((3,2,3),(0.,1.49225651045515,2.98451302091031),
 .UNSPECIFIED.)
CURVE()
GEOMETRIC_REPRESENTATION_ITEM()
RATIONAL_B_SPLINE_CURVE((1.,0.707106781186548,1.,0.707106781186548,1.))
REPRESENTATION_ITEM('')
);
#5090=(
BOUNDED_CURVE()
B_SPLINE_CURVE(2,(#10259,#10260,#10261),.UNSPECIFIED.,.F.,.F.)
B_SPLINE_CURVE_WITH_KNOTS((3,3),(0.,10.0396710170895),.UNSPECIFIED.)
CURVE()
GEOMETRIC_REPRESENTATION_ITEM()
RATIONAL_B_SPLINE_CURVE((1.,0.979036593256609,1.))
REPRESENTATION_ITEM('')
);
#5091=(
BOUNDED_CURVE()
B_SPLINE_CURVE(2,(#10264,#10265,#10266),.UNSPECIFIED.,.F.,.F.)
B_SPLINE_CURVE_WITH_KNOTS((3,3),(0.,10.0396710170895),.UNSPECIFIED.)
CURVE()
GEOMETRIC_REPRESENTATION_ITEM()
RATIONAL_B_SPLINE_CURVE((1.,0.979036593256608,1.))
REPRESENTATION_ITEM('')
);
#5092=(
BOUNDED_CURVE()
B_SPLINE_CURVE(2,(#10289,#10290,#10291),.UNSPECIFIED.,.F.,.F.)
B_SPLINE_CURVE_WITH_KNOTS((3,3),(0.,6.24901520363153),.UNSPECIFIED.)
CURVE()
GEOMETRIC_REPRESENTATION_ITEM()
RATIONAL_B_SPLINE_CURVE((1.,0.983610564657579,1.))
REPRESENTATION_ITEM('')
);
#5093=(
BOUNDED_CURVE()
B_SPLINE_CURVE(2,(#10292,#10293,#10294),.UNSPECIFIED.,.F.,.F.)
B_SPLINE_CURVE_WITH_KNOTS((3,3),(0.,6.24901520363153),.UNSPECIFIED.)
CURVE()
GEOMETRIC_REPRESENTATION_ITEM()
RATIONAL_B_SPLINE_CURVE((1.,0.983610564657578,1.))
REPRESENTATION_ITEM('')
);
#5094=(
BOUNDED_CURVE()
B_SPLINE_CURVE(2,(#10311,#10312,#10313),.UNSPECIFIED.,.F.,.F.)
B_SPLINE_CURVE_WITH_KNOTS((3,3),(0.,10.0396710170895),.UNSPECIFIED.)
CURVE()
GEOMETRIC_REPRESENTATION_ITEM()
RATIONAL_B_SPLINE_CURVE((1.,0.979036593256611,1.))
REPRESENTATION_ITEM('')
);
#5095=(
BOUNDED_CURVE()
B_SPLINE_CURVE(2,(#10316,#10317,#10318),.UNSPECIFIED.,.F.,.F.)
B_SPLINE_CURVE_WITH_KNOTS((3,3),(0.,10.0396710170895),.UNSPECIFIED.)
CURVE()
GEOMETRIC_REPRESENTATION_ITEM()
RATIONAL_B_SPLINE_CURVE((1.,0.97903659325661,1.))
REPRESENTATION_ITEM('')
);
#5096=(
BOUNDED_CURVE()
B_SPLINE_CURVE(2,(#10341,#10342,#10343),.UNSPECIFIED.,.F.,.F.)
B_SPLINE_CURVE_WITH_KNOTS((3,3),(0.,6.24901520363159),.UNSPECIFIED.)
CURVE()
GEOMETRIC_REPRESENTATION_ITEM()
RATIONAL_B_SPLINE_CURVE((1.,0.983610564657585,1.))
REPRESENTATION_ITEM('')
);
#5097=(
BOUNDED_CURVE()
B_SPLINE_CURVE(2,(#10344,#10345,#10346),.UNSPECIFIED.,.F.,.F.)
B_SPLINE_CURVE_WITH_KNOTS((3,3),(0.,6.24901520363163),.UNSPECIFIED.)
CURVE()
GEOMETRIC_REPRESENTATION_ITEM()
RATIONAL_B_SPLINE_CURVE((1.,0.983610564657585,1.))
REPRESENTATION_ITEM('')
);
#5098=(
BOUNDED_CURVE()
B_SPLINE_CURVE(2,(#10365,#10366,#10367),.UNSPECIFIED.,.F.,.F.)
B_SPLINE_CURVE_WITH_KNOTS((3,3),(0.,33.6636363510062),.UNSPECIFIED.)
CURVE()
GEOMETRIC_REPRESENTATION_ITEM()
RATIONAL_B_SPLINE_CURVE((1.,0.789948513644571,1.))
REPRESENTATION_ITEM('')
);
#5099=(
BOUNDED_CURVE()
B_SPLINE_CURVE(2,(#10370,#10371,#10372),.UNSPECIFIED.,.F.,.F.)
B_SPLINE_CURVE_WITH_KNOTS((3,3),(0.,33.6636363510062),.UNSPECIFIED.)
CURVE()
GEOMETRIC_REPRESENTATION_ITEM()
RATIONAL_B_SPLINE_CURVE((1.,0.78994851364457,1.))
REPRESENTATION_ITEM('')
);
#5100=(
BOUNDED_CURVE()
B_SPLINE_CURVE(2,(#10373,#10374,#10375),.UNSPECIFIED.,.F.,.F.)
B_SPLINE_CURVE_WITH_KNOTS((3,3),(0.,10.0396710170894),.UNSPECIFIED.)
CURVE()
GEOMETRIC_REPRESENTATION_ITEM()
RATIONAL_B_SPLINE_CURVE((1.,0.979036593256605,1.))
REPRESENTATION_ITEM('')
);
#5101=(
BOUNDED_CURVE()
B_SPLINE_CURVE(2,(#10378,#10379,#10380),.UNSPECIFIED.,.F.,.F.)
B_SPLINE_CURVE_WITH_KNOTS((3,3),(0.,10.0396710170894),.UNSPECIFIED.)
CURVE()
GEOMETRIC_REPRESENTATION_ITEM()
RATIONAL_B_SPLINE_CURVE((1.,0.979036593256604,1.))
REPRESENTATION_ITEM('')
);
#5102=(
BOUNDED_CURVE()
B_SPLINE_CURVE(2,(#10403,#10404,#10405),.UNSPECIFIED.,.F.,.F.)
B_SPLINE_CURVE_WITH_KNOTS((3,3),(0.,6.24901520363156),.UNSPECIFIED.)
CURVE()
GEOMETRIC_REPRESENTATION_ITEM()
RATIONAL_B_SPLINE_CURVE((1.,0.983610564657586,1.))
REPRESENTATION_ITEM('')
);
#5103=(
BOUNDED_CURVE()
B_SPLINE_CURVE(2,(#10406,#10407,#10408),.UNSPECIFIED.,.F.,.F.)
B_SPLINE_CURVE_WITH_KNOTS((3,3),(0.,6.24901520363153),.UNSPECIFIED.)
CURVE()
GEOMETRIC_REPRESENTATION_ITEM()
RATIONAL_B_SPLINE_CURVE((1.,0.983610564657586,1.))
REPRESENTATION_ITEM('')
);
#5104=(
BOUNDED_CURVE()
B_SPLINE_CURVE(2,(#10425,#10426,#10427),.UNSPECIFIED.,.F.,.F.)
B_SPLINE_CURVE_WITH_KNOTS((3,3),(0.,10.0396710170894),.UNSPECIFIED.)
CURVE()
GEOMETRIC_REPRESENTATION_ITEM()
RATIONAL_B_SPLINE_CURVE((1.,0.979036593256611,1.))
REPRESENTATION_ITEM('')
);
#5105=(
BOUNDED_CURVE()
B_SPLINE_CURVE(2,(#10430,#10431,#10432),.UNSPECIFIED.,.F.,.F.)
B_SPLINE_CURVE_WITH_KNOTS((3,3),(0.,10.0396710170894),.UNSPECIFIED.)
CURVE()
GEOMETRIC_REPRESENTATION_ITEM()
RATIONAL_B_SPLINE_CURVE((1.,0.97903659325661,1.))
REPRESENTATION_ITEM('')
);
#5106=(
BOUNDED_CURVE()
B_SPLINE_CURVE(2,(#10455,#10456,#10457),.UNSPECIFIED.,.F.,.F.)
B_SPLINE_CURVE_WITH_KNOTS((3,3),(0.,6.2490152036315),.UNSPECIFIED.)
CURVE()
GEOMETRIC_REPRESENTATION_ITEM()
RATIONAL_B_SPLINE_CURVE((1.,0.983610564657574,1.))
REPRESENTATION_ITEM('')
);
#5107=(
BOUNDED_CURVE()
B_SPLINE_CURVE(2,(#10458,#10459,#10460),.UNSPECIFIED.,.F.,.F.)
B_SPLINE_CURVE_WITH_KNOTS((3,3),(0.,6.24901520363153),.UNSPECIFIED.)
CURVE()
GEOMETRIC_REPRESENTATION_ITEM()
RATIONAL_B_SPLINE_CURVE((1.,0.983610564657574,1.))
REPRESENTATION_ITEM('')
);
#5108=(
BOUNDED_CURVE()
B_SPLINE_CURVE(2,(#10477,#10478,#10479),.UNSPECIFIED.,.F.,.F.)
B_SPLINE_CURVE_WITH_KNOTS((3,3),(0.,10.0396710170895),.UNSPECIFIED.)
CURVE()
GEOMETRIC_REPRESENTATION_ITEM()
RATIONAL_B_SPLINE_CURVE((1.,0.979036593256612,1.))
REPRESENTATION_ITEM('')
);
#5109=(
BOUNDED_CURVE()
B_SPLINE_CURVE(2,(#10482,#10483,#10484),.UNSPECIFIED.,.F.,.F.)
B_SPLINE_CURVE_WITH_KNOTS((3,3),(0.,10.0396710170894),.UNSPECIFIED.)
CURVE()
GEOMETRIC_REPRESENTATION_ITEM()
RATIONAL_B_SPLINE_CURVE((1.,0.979036593256612,1.))
REPRESENTATION_ITEM('')
);
#5110=(
BOUNDED_CURVE()
B_SPLINE_CURVE(2,(#10507,#10508,#10509),.UNSPECIFIED.,.F.,.F.)
B_SPLINE_CURVE_WITH_KNOTS((3,3),(0.,6.2490152036315),.UNSPECIFIED.)
CURVE()
GEOMETRIC_REPRESENTATION_ITEM()
RATIONAL_B_SPLINE_CURVE((1.,0.983610564657579,1.))
REPRESENTATION_ITEM('')
);
#5111=(
BOUNDED_CURVE()
B_SPLINE_CURVE(2,(#10510,#10511,#10512),.UNSPECIFIED.,.F.,.F.)
B_SPLINE_CURVE_WITH_KNOTS((3,3),(0.,6.24901520363148),.UNSPECIFIED.)
CURVE()
GEOMETRIC_REPRESENTATION_ITEM()
RATIONAL_B_SPLINE_CURVE((1.,0.983610564657579,1.))
REPRESENTATION_ITEM('')
);
#5112=(
BOUNDED_CURVE()
B_SPLINE_CURVE(2,(#10531,#10532,#10533),.UNSPECIFIED.,.F.,.F.)
B_SPLINE_CURVE_WITH_KNOTS((3,3),(0.,33.6636363510062),.UNSPECIFIED.)
CURVE()
GEOMETRIC_REPRESENTATION_ITEM()
RATIONAL_B_SPLINE_CURVE((1.,0.789948513644571,1.))
REPRESENTATION_ITEM('')
);
#5113=(
BOUNDED_CURVE()
B_SPLINE_CURVE(2,(#10536,#10537,#10538),.UNSPECIFIED.,.F.,.F.)
B_SPLINE_CURVE_WITH_KNOTS((3,3),(0.,33.6636363510062),.UNSPECIFIED.)
CURVE()
GEOMETRIC_REPRESENTATION_ITEM()
RATIONAL_B_SPLINE_CURVE((1.,0.789948513644571,1.))
REPRESENTATION_ITEM('')
);
#5114=(
BOUNDED_CURVE()
B_SPLINE_CURVE(2,(#10539,#10540,#10541),.UNSPECIFIED.,.F.,.F.)
B_SPLINE_CURVE_WITH_KNOTS((3,3),(0.,10.0396710170894),.UNSPECIFIED.)
CURVE()
GEOMETRIC_REPRESENTATION_ITEM()
RATIONAL_B_SPLINE_CURVE((1.,0.979036593256611,1.))
REPRESENTATION_ITEM('')
);
#5115=(
BOUNDED_CURVE()
B_SPLINE_CURVE(2,(#10544,#10545,#10546),.UNSPECIFIED.,.F.,.F.)
B_SPLINE_CURVE_WITH_KNOTS((3,3),(0.,10.0396710170894),.UNSPECIFIED.)
CURVE()
GEOMETRIC_REPRESENTATION_ITEM()
RATIONAL_B_SPLINE_CURVE((1.,0.979036593256611,1.))
REPRESENTATION_ITEM('')
);
#5116=(
BOUNDED_CURVE()
B_SPLINE_CURVE(2,(#10569,#10570,#10571),.UNSPECIFIED.,.F.,.F.)
B_SPLINE_CURVE_WITH_KNOTS((3,3),(0.,6.24901520363161),.UNSPECIFIED.)
CURVE()
GEOMETRIC_REPRESENTATION_ITEM()
RATIONAL_B_SPLINE_CURVE((1.,0.983610564657585,1.))
REPRESENTATION_ITEM('')
);
#5117=(
BOUNDED_CURVE()
B_SPLINE_CURVE(2,(#10572,#10573,#10574),.UNSPECIFIED.,.F.,.F.)
B_SPLINE_CURVE_WITH_KNOTS((3,3),(0.,6.24901520363148),.UNSPECIFIED.)
CURVE()
GEOMETRIC_REPRESENTATION_ITEM()
RATIONAL_B_SPLINE_CURVE((1.,0.983610564657585,1.))
REPRESENTATION_ITEM('')
);
#5118=(
BOUNDED_CURVE()
B_SPLINE_CURVE(2,(#10591,#10592,#10593),.UNSPECIFIED.,.F.,.F.)
B_SPLINE_CURVE_WITH_KNOTS((3,3),(0.,10.0396710170894),.UNSPECIFIED.)
CURVE()
GEOMETRIC_REPRESENTATION_ITEM()
RATIONAL_B_SPLINE_CURVE((1.,0.979036593256605,1.))
REPRESENTATION_ITEM('')
);
#5119=(
BOUNDED_CURVE()
B_SPLINE_CURVE(2,(#10596,#10597,#10598),.UNSPECIFIED.,.F.,.F.)
B_SPLINE_CURVE_WITH_KNOTS((3,3),(0.,10.0396710170894),.UNSPECIFIED.)
CURVE()
GEOMETRIC_REPRESENTATION_ITEM()
RATIONAL_B_SPLINE_CURVE((1.,0.979036593256604,1.))
REPRESENTATION_ITEM('')
);
#5120=(
BOUNDED_CURVE()
B_SPLINE_CURVE(2,(#10621,#10622,#10623),.UNSPECIFIED.,.F.,.F.)
B_SPLINE_CURVE_WITH_KNOTS((3,3),(0.,6.24901520363155),.UNSPECIFIED.)
CURVE()
GEOMETRIC_REPRESENTATION_ITEM()
RATIONAL_B_SPLINE_CURVE((1.,0.983610564657586,1.))
REPRESENTATION_ITEM('')
);
#5121=(
BOUNDED_CURVE()
B_SPLINE_CURVE(2,(#10624,#10625,#10626),.UNSPECIFIED.,.F.,.F.)
B_SPLINE_CURVE_WITH_KNOTS((3,3),(0.,6.24901520363161),.UNSPECIFIED.)
CURVE()
GEOMETRIC_REPRESENTATION_ITEM()
RATIONAL_B_SPLINE_CURVE((1.,0.983610564657586,1.))
REPRESENTATION_ITEM('')
);
#5122=(
BOUNDED_CURVE()
B_SPLINE_CURVE(2,(#10643,#10644,#10645),.UNSPECIFIED.,.F.,.F.)
B_SPLINE_CURVE_WITH_KNOTS((3,3),(0.,10.0396710170894),.UNSPECIFIED.)
CURVE()
GEOMETRIC_REPRESENTATION_ITEM()
RATIONAL_B_SPLINE_CURVE((1.,0.97903659325661,1.))
REPRESENTATION_ITEM('')
);
#5123=(
BOUNDED_CURVE()
B_SPLINE_CURVE(2,(#10648,#10649,#10650),.UNSPECIFIED.,.F.,.F.)
B_SPLINE_CURVE_WITH_KNOTS((3,3),(0.,10.0396710170895),.UNSPECIFIED.)
CURVE()
GEOMETRIC_REPRESENTATION_ITEM()
RATIONAL_B_SPLINE_CURVE((1.,0.979036593256612,1.))
REPRESENTATION_ITEM('')
);
#5124=(
BOUNDED_CURVE()
B_SPLINE_CURVE(2,(#10673,#10674,#10675),.UNSPECIFIED.,.F.,.F.)
B_SPLINE_CURVE_WITH_KNOTS((3,3),(0.,6.24901520363163),.UNSPECIFIED.)
CURVE()
GEOMETRIC_REPRESENTATION_ITEM()
RATIONAL_B_SPLINE_CURVE((1.,0.983610564657583,1.))
REPRESENTATION_ITEM('')
);
#5125=(
BOUNDED_CURVE()
B_SPLINE_CURVE(2,(#10676,#10677,#10678),.UNSPECIFIED.,.F.,.F.)
B_SPLINE_CURVE_WITH_KNOTS((3,3),(0.,6.24901520363154),.UNSPECIFIED.)
CURVE()
GEOMETRIC_REPRESENTATION_ITEM()
RATIONAL_B_SPLINE_CURVE((1.,0.983610564657581,1.))
REPRESENTATION_ITEM('')
);
#5126=(
BOUNDED_CURVE()
B_SPLINE_CURVE(2,(#10697,#10698,#10699),.UNSPECIFIED.,.F.,.F.)
B_SPLINE_CURVE_WITH_KNOTS((3,3),(0.,33.6636363510062),.UNSPECIFIED.)
CURVE()
GEOMETRIC_REPRESENTATION_ITEM()
RATIONAL_B_SPLINE_CURVE((1.,0.789948513644572,1.))
REPRESENTATION_ITEM('')
);
#5127=(
BOUNDED_CURVE()
B_SPLINE_CURVE(2,(#10702,#10703,#10704),.UNSPECIFIED.,.F.,.F.)
B_SPLINE_CURVE_WITH_KNOTS((3,3),(0.,33.6636363510061),.UNSPECIFIED.)
CURVE()
GEOMETRIC_REPRESENTATION_ITEM()
RATIONAL_B_SPLINE_CURVE((1.,0.789948513644571,1.))
REPRESENTATION_ITEM('')
);
#5128=(
BOUNDED_CURVE()
B_SPLINE_CURVE(2,(#10705,#10706,#10707),.UNSPECIFIED.,.F.,.F.)
B_SPLINE_CURVE_WITH_KNOTS((3,3),(0.,10.0396710170895),.UNSPECIFIED.)
CURVE()
GEOMETRIC_REPRESENTATION_ITEM()
RATIONAL_B_SPLINE_CURVE((1.,0.979036593256608,1.))
REPRESENTATION_ITEM('')
);
#5129=(
BOUNDED_CURVE()
B_SPLINE_CURVE(2,(#10710,#10711,#10712),.UNSPECIFIED.,.F.,.F.)
B_SPLINE_CURVE_WITH_KNOTS((3,3),(0.,10.0396710170895),.UNSPECIFIED.)
CURVE()
GEOMETRIC_REPRESENTATION_ITEM()
RATIONAL_B_SPLINE_CURVE((1.,0.979036593256608,1.))
REPRESENTATION_ITEM('')
);
#5130=(
BOUNDED_CURVE()
B_SPLINE_CURVE(2,(#10735,#10736,#10737),.UNSPECIFIED.,.F.,.F.)
B_SPLINE_CURVE_WITH_KNOTS((3,3),(0.,6.2490152036316),.UNSPECIFIED.)
CURVE()
GEOMETRIC_REPRESENTATION_ITEM()
RATIONAL_B_SPLINE_CURVE((1.,0.983610564657582,1.))
REPRESENTATION_ITEM('')
);
#5131=(
BOUNDED_CURVE()
B_SPLINE_CURVE(2,(#10738,#10739,#10740),.UNSPECIFIED.,.F.,.F.)
B_SPLINE_CURVE_WITH_KNOTS((3,3),(0.,6.24901520363149),.UNSPECIFIED.)
CURVE()
GEOMETRIC_REPRESENTATION_ITEM()
RATIONAL_B_SPLINE_CURVE((1.,0.983610564657581,1.))
REPRESENTATION_ITEM('')
);
#5132=(
BOUNDED_CURVE()
B_SPLINE_CURVE(2,(#10757,#10758,#10759),.UNSPECIFIED.,.F.,.F.)
B_SPLINE_CURVE_WITH_KNOTS((3,3),(0.,10.0396710170894),.UNSPECIFIED.)
CURVE()
GEOMETRIC_REPRESENTATION_ITEM()
RATIONAL_B_SPLINE_CURVE((1.,0.97903659325661,1.))
REPRESENTATION_ITEM('')
);
#5133=(
BOUNDED_CURVE()
B_SPLINE_CURVE(2,(#10762,#10763,#10764),.UNSPECIFIED.,.F.,.F.)
B_SPLINE_CURVE_WITH_KNOTS((3,3),(0.,10.0396710170895),.UNSPECIFIED.)
CURVE()
GEOMETRIC_REPRESENTATION_ITEM()
RATIONAL_B_SPLINE_CURVE((1.,0.97903659325661,1.))
REPRESENTATION_ITEM('')
);
#5134=(
BOUNDED_CURVE()
B_SPLINE_CURVE(2,(#10787,#10788,#10789),.UNSPECIFIED.,.F.,.F.)
B_SPLINE_CURVE_WITH_KNOTS((3,3),(0.,6.24901520363159),.UNSPECIFIED.)
CURVE()
GEOMETRIC_REPRESENTATION_ITEM()
RATIONAL_B_SPLINE_CURVE((1.,0.983610564657584,1.))
REPRESENTATION_ITEM('')
);
#5135=(
BOUNDED_CURVE()
B_SPLINE_CURVE(2,(#10790,#10791,#10792),.UNSPECIFIED.,.F.,.F.)
B_SPLINE_CURVE_WITH_KNOTS((3,3),(0.,6.24901520363153),.UNSPECIFIED.)
CURVE()
GEOMETRIC_REPRESENTATION_ITEM()
RATIONAL_B_SPLINE_CURVE((1.,0.983610564657584,1.))
REPRESENTATION_ITEM('')
);
#5136=(
BOUNDED_CURVE()
B_SPLINE_CURVE(2,(#10809,#10810,#10811),.UNSPECIFIED.,.F.,.F.)
B_SPLINE_CURVE_WITH_KNOTS((3,3),(0.,10.0396710170895),.UNSPECIFIED.)
CURVE()
GEOMETRIC_REPRESENTATION_ITEM()
RATIONAL_B_SPLINE_CURVE((1.,0.979036593256608,1.))
REPRESENTATION_ITEM('')
);
#5137=(
BOUNDED_CURVE()
B_SPLINE_CURVE(2,(#10814,#10815,#10816),.UNSPECIFIED.,.F.,.F.)
B_SPLINE_CURVE_WITH_KNOTS((3,3),(0.,10.0396710170895),.UNSPECIFIED.)
CURVE()
GEOMETRIC_REPRESENTATION_ITEM()
RATIONAL_B_SPLINE_CURVE((1.,0.979036593256609,1.))
REPRESENTATION_ITEM('')
);
#5138=(
BOUNDED_CURVE()
B_SPLINE_CURVE(2,(#10839,#10840,#10841),.UNSPECIFIED.,.F.,.F.)
B_SPLINE_CURVE_WITH_KNOTS((3,3),(0.,6.24901520363148),.UNSPECIFIED.)
CURVE()
GEOMETRIC_REPRESENTATION_ITEM()
RATIONAL_B_SPLINE_CURVE((1.,0.983610564657583,1.))
REPRESENTATION_ITEM('')
);
#5139=(
BOUNDED_CURVE()
B_SPLINE_CURVE(2,(#10842,#10843,#10844),.UNSPECIFIED.,.F.,.F.)
B_SPLINE_CURVE_WITH_KNOTS((3,3),(0.,6.24901520363148),.UNSPECIFIED.)
CURVE()
GEOMETRIC_REPRESENTATION_ITEM()
RATIONAL_B_SPLINE_CURVE((1.,0.983610564657583,1.))
REPRESENTATION_ITEM('')
);
#5140=(
BOUNDED_CURVE()
B_SPLINE_CURVE(2,(#10861,#10862,#10863),.UNSPECIFIED.,.F.,.F.)
B_SPLINE_CURVE_WITH_KNOTS((3,3),(0.,10.0396710170893),.UNSPECIFIED.)
CURVE()
GEOMETRIC_REPRESENTATION_ITEM()
RATIONAL_B_SPLINE_CURVE((1.,0.97903659325661,1.))
REPRESENTATION_ITEM('')
);
#5141=(
BOUNDED_CURVE()
B_SPLINE_CURVE(2,(#10866,#10867,#10868),.UNSPECIFIED.,.F.,.F.)
B_SPLINE_CURVE_WITH_KNOTS((3,3),(0.,10.0396710170893),.UNSPECIFIED.)
CURVE()
GEOMETRIC_REPRESENTATION_ITEM()
RATIONAL_B_SPLINE_CURVE((1.,0.97903659325661,1.))
REPRESENTATION_ITEM('')
);
#5142=(
BOUNDED_CURVE()
B_SPLINE_CURVE(2,(#10891,#10892,#10893),.UNSPECIFIED.,.F.,.F.)
B_SPLINE_CURVE_WITH_KNOTS((3,3),(0.,6.24901520363151),.UNSPECIFIED.)
CURVE()
GEOMETRIC_REPRESENTATION_ITEM()
RATIONAL_B_SPLINE_CURVE((1.,0.983610564657581,1.))
REPRESENTATION_ITEM('')
);
#5143=(
BOUNDED_CURVE()
B_SPLINE_CURVE(2,(#10894,#10895,#10896),.UNSPECIFIED.,.F.,.F.)
B_SPLINE_CURVE_WITH_KNOTS((3,3),(0.,6.24901520363153),.UNSPECIFIED.)
CURVE()
GEOMETRIC_REPRESENTATION_ITEM()
RATIONAL_B_SPLINE_CURVE((1.,0.983610564657581,1.))
REPRESENTATION_ITEM('')
);
#5144=(
BOUNDED_CURVE()
B_SPLINE_CURVE(2,(#10913,#10914,#10915,#10916,#10917),.UNSPECIFIED.,.F.,
 .F.)
B_SPLINE_CURVE_WITH_KNOTS((3,2,3),(-48.6946861306418,-24.3473430653209,
0.),.UNSPECIFIED.)
CURVE()
GEOMETRIC_REPRESENTATION_ITEM()
RATIONAL_B_SPLINE_CURVE((1.,0.707106781186548,1.,0.707106781186548,1.))
REPRESENTATION_ITEM('')
);
#5145=(
BOUNDED_CURVE()
B_SPLINE_CURVE(2,(#10918,#10919,#10920,#10921,#10922),.UNSPECIFIED.,.F.,
 .F.)
B_SPLINE_CURVE_WITH_KNOTS((3,2,3),(-97.3893722612836,-73.0420291959627,
-48.6946861306418),.UNSPECIFIED.)
CURVE()
GEOMETRIC_REPRESENTATION_ITEM()
RATIONAL_B_SPLINE_CURVE((1.,0.707106781186548,1.,0.707106781186548,1.))
REPRESENTATION_ITEM('')
);
#5146=(
BOUNDED_CURVE()
B_SPLINE_CURVE(2,(#10923,#10924,#10925,#10926,#10927),.UNSPECIFIED.,.F.,
 .F.)
B_SPLINE_CURVE_WITH_KNOTS((3,2,3),(0.,22.036197274895,44.07239454979),
 .UNSPECIFIED.)
CURVE()
GEOMETRIC_REPRESENTATION_ITEM()
RATIONAL_B_SPLINE_CURVE((1.,0.757810757893898,1.,0.757810757893898,1.))
REPRESENTATION_ITEM('')
);
#5147=(
BOUNDED_CURVE()
B_SPLINE_CURVE(2,(#10930,#10931,#10932),.UNSPECIFIED.,.F.,.F.)
B_SPLINE_CURVE_WITH_KNOTS((3,3),(0.,4.62229158085176),.UNSPECIFIED.)
CURVE()
GEOMETRIC_REPRESENTATION_ITEM()
RATIONAL_B_SPLINE_CURVE((1.,0.988904253734145,1.))
REPRESENTATION_ITEM('')
);
#5148=(
BOUNDED_CURVE()
B_SPLINE_CURVE(2,(#10939,#10940,#10941,#10942,#10943),.UNSPECIFIED.,.F.,
 .F.)
B_SPLINE_CURVE_WITH_KNOTS((3,2,3),(51.8362787842316,77.7544181763474,103.672557568463),
 .UNSPECIFIED.)
CURVE()
GEOMETRIC_REPRESENTATION_ITEM()
RATIONAL_B_SPLINE_CURVE((1.,0.707106781186548,1.,0.707106781186548,1.))
REPRESENTATION_ITEM('')
);
#5149=(
BOUNDED_CURVE()
B_SPLINE_CURVE(2,(#10944,#10945,#10946,#10947,#10948),.UNSPECIFIED.,.F.,
 .F.)
B_SPLINE_CURVE_WITH_KNOTS((3,2,3),(0.,25.9181393921158,51.8362787842316),
 .UNSPECIFIED.)
CURVE()
GEOMETRIC_REPRESENTATION_ITEM()
RATIONAL_B_SPLINE_CURVE((1.,0.707106781186548,1.,0.707106781186548,1.))
REPRESENTATION_ITEM('')
);
#5150=(
BOUNDED_CURVE()
B_SPLINE_CURVE(2,(#10951,#10952,#10953,#10954,#10955),.UNSPECIFIED.,.F.,
 .F.)
B_SPLINE_CURVE_WITH_KNOTS((3,2,3),(-48.6946861306418,-26.6584888557468,
-4.62229158085176),.UNSPECIFIED.)
CURVE()
GEOMETRIC_REPRESENTATION_ITEM()
RATIONAL_B_SPLINE_CURVE((1.,0.757810757893898,1.,0.757810757893898,1.))
REPRESENTATION_ITEM('')
);
#5151=(
BOUNDED_CURVE()
B_SPLINE_CURVE(2,(#10956,#10957,#10958),.UNSPECIFIED.,.F.,.F.)
B_SPLINE_CURVE_WITH_KNOTS((3,3),(-53.3169777114936,-48.6946861306418),
 .UNSPECIFIED.)
CURVE()
GEOMETRIC_REPRESENTATION_ITEM()
RATIONAL_B_SPLINE_CURVE((1.,0.988904253734146,1.))
REPRESENTATION_ITEM('')
);
#5152=(
BOUNDED_CURVE()
B_SPLINE_CURVE(2,(#10971,#10972,#10973),.UNSPECIFIED.,.F.,.F.)
B_SPLINE_CURVE_WITH_KNOTS((3,3),(-0.371525703196615,-0.314903759462324),
 .UNSPECIFIED.)
CURVE()
GEOMETRIC_REPRESENTATION_ITEM()
RATIONAL_B_SPLINE_CURVE((1.,1.,1.))
REPRESENTATION_ITEM('')
);
#5153=(
BOUNDED_CURVE()
B_SPLINE_CURVE(2,(#10982,#10983,#10984),.UNSPECIFIED.,.F.,.F.)
B_SPLINE_CURVE_WITH_KNOTS((3,3),(6209.63750003651,6218.51485811677),
 .UNSPECIFIED.)
CURVE()
GEOMETRIC_REPRESENTATION_ITEM()
RATIONAL_B_SPLINE_CURVE((1.,0.999997947222589,1.))
REPRESENTATION_ITEM('')
);
#5154=(
BOUNDED_CURVE()
B_SPLINE_CURVE(2,(#10985,#10986,#10987),.UNSPECIFIED.,.F.,.F.)
B_SPLINE_CURVE_WITH_KNOTS((3,3),(-0.377556025101622,-0.313049776016839),
 .UNSPECIFIED.)
CURVE()
GEOMETRIC_REPRESENTATION_ITEM()
RATIONAL_B_SPLINE_CURVE((1.,1.,1.))
REPRESENTATION_ITEM('')
);
#5155=(
BOUNDED_CURVE()
B_SPLINE_CURVE(2,(#10988,#10989,#10990),.UNSPECIFIED.,.F.,.F.)
B_SPLINE_CURVE_WITH_KNOTS((3,3),(8420.60865780025,8438.14053909623),
 .UNSPECIFIED.)
CURVE()
GEOMETRIC_REPRESENTATION_ITEM()
RATIONAL_B_SPLINE_CURVE((1.,0.999995424395139,1.))
REPRESENTATION_ITEM('')
);
#5156=(
BOUNDED_CURVE()
B_SPLINE_CURVE(2,(#10999,#11000,#11001,#11002,#11003),.UNSPECIFIED.,.F.,
 .F.)
B_SPLINE_CURVE_WITH_KNOTS((3,2,3),(0.,2.68780704807033,5.37561409614066),
 .UNSPECIFIED.)
CURVE()
GEOMETRIC_REPRESENTATION_ITEM()
RATIONAL_B_SPLINE_CURVE((1.,0.887010833178325,1.,0.887010833178325,1.))
REPRESENTATION_ITEM('')
);
#5157=(
BOUNDED_CURVE()
B_SPLINE_CURVE(2,(#11008,#11009,#11010),.UNSPECIFIED.,.F.,.F.)
B_SPLINE_CURVE_WITH_KNOTS((3,3),(0.,3.42084533391071),.UNSPECIFIED.)
CURVE()
GEOMETRIC_REPRESENTATION_ITEM()
RATIONAL_B_SPLINE_CURVE((1.,0.819152044288791,1.))
REPRESENTATION_ITEM('')
);
#5158=(
BOUNDED_CURVE()
B_SPLINE_CURVE(2,(#11015,#11016,#11017),.UNSPECIFIED.,.F.,.F.)
B_SPLINE_CURVE_WITH_KNOTS((3,3),(120.423551211449,132.678892203543),
 .UNSPECIFIED.)
CURVE()
GEOMETRIC_REPRESENTATION_ITEM()
RATIONAL_B_SPLINE_CURVE((1.,0.999996618978782,1.))
REPRESENTATION_ITEM('')
);
#5159=(
BOUNDED_CURVE()
B_SPLINE_CURVE(2,(#11018,#11019,#11020,#11021,#11022),.UNSPECIFIED.,.F.,
 .F.)
B_SPLINE_CURVE_WITH_KNOTS((3,2,3),(0.,19.1482661178752,38.2965322357504),
 .UNSPECIFIED.)
CURVE()
GEOMETRIC_REPRESENTATION_ITEM()
RATIONAL_B_SPLINE_CURVE((1.,0.722849516101295,1.,0.722849516101295,1.))
REPRESENTATION_ITEM('')
);
#5160=(
BOUNDED_CURVE()
B_SPLINE_CURVE(2,(#11023,#11024,#11025),.UNSPECIFIED.,.F.,.F.)
B_SPLINE_CURVE_WITH_KNOTS((3,3),(12870.669772772,12878.7350830618),
 .UNSPECIFIED.)
CURVE()
GEOMETRIC_REPRESENTATION_ITEM()
RATIONAL_B_SPLINE_CURVE((1.,0.999998375968412,1.))
REPRESENTATION_ITEM('')
);
#5161=(
BOUNDED_CURVE()
B_SPLINE_CURVE(2,(#11034,#11035,#11036,#11037,#11038),.UNSPECIFIED.,.F.,
 .F.)
B_SPLINE_CURVE_WITH_KNOTS((3,2,3),(0.,1.91986217719291,3.83972435438582),
 .UNSPECIFIED.)
CURVE()
GEOMETRIC_REPRESENTATION_ITEM()
RATIONAL_B_SPLINE_CURVE((1.,0.887010833178304,1.,0.887010833178304,1.))
REPRESENTATION_ITEM('')
);
#5162=(
BOUNDED_CURVE()
B_SPLINE_CURVE(2,(#11039,#11040,#11041,#11042,#11043),.UNSPECIFIED.,.F.,
 .F.)
B_SPLINE_CURVE_WITH_KNOTS((3,2,3),(0.,2.68780704807007,5.37561409614015),
 .UNSPECIFIED.)
CURVE()
GEOMETRIC_REPRESENTATION_ITEM()
RATIONAL_B_SPLINE_CURVE((1.,0.887010833178323,1.,0.887010833178323,1.))
REPRESENTATION_ITEM('')
);
#5163=(
BOUNDED_CURVE()
B_SPLINE_CURVE(2,(#11052,#11053,#11054),.UNSPECIFIED.,.F.,.F.)
B_SPLINE_CURVE_WITH_KNOTS((3,3),(0.,9.1288777366985),.UNSPECIFIED.)
CURVE()
GEOMETRIC_REPRESENTATION_ITEM()
RATIONAL_B_SPLINE_CURVE((1.,0.934586896132423,1.))
REPRESENTATION_ITEM('')
);
#5164=(
BOUNDED_CURVE()
B_SPLINE_CURVE(2,(#11055,#11056,#11057,#11058,#11059),.UNSPECIFIED.,.F.,
 .F.)
B_SPLINE_CURVE_WITH_KNOTS((3,2,3),(0.,10.5200343334147,21.0400686668294),
 .UNSPECIFIED.)
CURVE()
GEOMETRIC_REPRESENTATION_ITEM()
RATIONAL_B_SPLINE_CURVE((1.,0.913445432463104,1.,0.913445432463104,1.))
REPRESENTATION_ITEM('')
);
#5165=(
BOUNDED_CURVE()
B_SPLINE_CURVE(2,(#11090,#11091,#11092),.UNSPECIFIED.,.F.,.F.)
B_SPLINE_CURVE_WITH_KNOTS((3,3),(0.,16.9646003293849),.UNSPECIFIED.)
CURVE()
GEOMETRIC_REPRESENTATION_ITEM()
RATIONAL_B_SPLINE_CURVE((1.,0.707106781186545,1.))
REPRESENTATION_ITEM('')
);
#5166=(
BOUNDED_CURVE()
B_SPLINE_CURVE(2,(#11093,#11094,#11095),.UNSPECIFIED.,.F.,.F.)
B_SPLINE_CURVE_WITH_KNOTS((3,3),(0.,16.9646003293849),.UNSPECIFIED.)
CURVE()
GEOMETRIC_REPRESENTATION_ITEM()
RATIONAL_B_SPLINE_CURVE((1.,0.707106781186545,1.))
REPRESENTATION_ITEM('')
);
#5167=(
BOUNDED_CURVE()
B_SPLINE_CURVE(2,(#11102,#11103,#11104),.UNSPECIFIED.,.F.,.F.)
B_SPLINE_CURVE_WITH_KNOTS((3,3),(0.,16.9646003293849),.UNSPECIFIED.)
CURVE()
GEOMETRIC_REPRESENTATION_ITEM()
RATIONAL_B_SPLINE_CURVE((1.,0.707106781186546,1.))
REPRESENTATION_ITEM('')
);
#5168=(
BOUNDED_CURVE()
B_SPLINE_CURVE(2,(#11105,#11106,#11107),.UNSPECIFIED.,.F.,.F.)
B_SPLINE_CURVE_WITH_KNOTS((3,3),(0.,16.9646003293849),.UNSPECIFIED.)
CURVE()
GEOMETRIC_REPRESENTATION_ITEM()
RATIONAL_B_SPLINE_CURVE((1.,0.707106781186547,1.))
REPRESENTATION_ITEM('')
);
#5169=(
BOUNDED_CURVE()
B_SPLINE_CURVE(2,(#11116,#11117,#11118),.UNSPECIFIED.,.F.,.F.)
B_SPLINE_CURVE_WITH_KNOTS((3,3),(0.,16.9646003293849),.UNSPECIFIED.)
CURVE()
GEOMETRIC_REPRESENTATION_ITEM()
RATIONAL_B_SPLINE_CURVE((1.,0.707106781186548,1.))
REPRESENTATION_ITEM('')
);
#5170=(
BOUNDED_CURVE()
B_SPLINE_CURVE(2,(#11119,#11120,#11121),.UNSPECIFIED.,.F.,.F.)
B_SPLINE_CURVE_WITH_KNOTS((3,3),(0.,16.9646003293849),.UNSPECIFIED.)
CURVE()
GEOMETRIC_REPRESENTATION_ITEM()
RATIONAL_B_SPLINE_CURVE((1.,0.707106781186548,1.))
REPRESENTATION_ITEM('')
);
#5171=(
BOUNDED_CURVE()
B_SPLINE_CURVE(2,(#11128,#11129,#11130),.UNSPECIFIED.,.F.,.F.)
B_SPLINE_CURVE_WITH_KNOTS((3,3),(0.,16.9646003293849),.UNSPECIFIED.)
CURVE()
GEOMETRIC_REPRESENTATION_ITEM()
RATIONAL_B_SPLINE_CURVE((1.,0.707106781186547,1.))
REPRESENTATION_ITEM('')
);
#5172=(
BOUNDED_CURVE()
B_SPLINE_CURVE(2,(#11131,#11132,#11133),.UNSPECIFIED.,.F.,.F.)
B_SPLINE_CURVE_WITH_KNOTS((3,3),(0.,16.9646003293849),.UNSPECIFIED.)
CURVE()
GEOMETRIC_REPRESENTATION_ITEM()
RATIONAL_B_SPLINE_CURVE((1.,0.707106781186546,1.))
REPRESENTATION_ITEM('')
);
#5173=(
BOUNDED_CURVE()
B_SPLINE_CURVE(2,(#11134,#11135,#11136),.UNSPECIFIED.,.F.,.F.)
B_SPLINE_CURVE_WITH_KNOTS((3,3),(0.,18.8495559215388),.UNSPECIFIED.)
CURVE()
GEOMETRIC_REPRESENTATION_ITEM()
RATIONAL_B_SPLINE_CURVE((1.,0.707106781186548,1.))
REPRESENTATION_ITEM('')
);
#5174=(
BOUNDED_CURVE()
B_SPLINE_CURVE(2,(#11137,#11138,#11139),.UNSPECIFIED.,.F.,.F.)
B_SPLINE_CURVE_WITH_KNOTS((3,3),(-8.42361692144191,0.),.UNSPECIFIED.)
CURVE()
GEOMETRIC_REPRESENTATION_ITEM()
RATIONAL_B_SPLINE_CURVE((1.,0.939034833482194,1.))
REPRESENTATION_ITEM('')
);
#5175=(
BOUNDED_CURVE()
B_SPLINE_CURVE(2,(#11140,#11141,#11142),.UNSPECIFIED.,.F.,.F.)
B_SPLINE_CURVE_WITH_KNOTS((3,3),(0.,2.00232207865484),.UNSPECIFIED.)
CURVE()
GEOMETRIC_REPRESENTATION_ITEM()
RATIONAL_B_SPLINE_CURVE((1.,0.996521728591782,1.))
REPRESENTATION_ITEM('')
);
#5176=(
BOUNDED_CURVE()
B_SPLINE_CURVE(2,(#11145,#11146,#11147),.UNSPECIFIED.,.F.,.F.)
B_SPLINE_CURVE_WITH_KNOTS((3,3),(-8.42361692144199,0.),.UNSPECIFIED.)
CURVE()
GEOMETRIC_REPRESENTATION_ITEM()
RATIONAL_B_SPLINE_CURVE((1.,0.939034833482198,1.))
REPRESENTATION_ITEM('')
);
#5177=(
BOUNDED_CURVE()
B_SPLINE_CURVE(2,(#11150,#11151,#11152),.UNSPECIFIED.,.F.,.F.)
B_SPLINE_CURVE_WITH_KNOTS((3,3),(0.,18.8495559215388),.UNSPECIFIED.)
CURVE()
GEOMETRIC_REPRESENTATION_ITEM()
RATIONAL_B_SPLINE_CURVE((1.,0.707106781186548,1.))
REPRESENTATION_ITEM('')
);
#5178=(
BOUNDED_CURVE()
B_SPLINE_CURVE(2,(#11155,#11156,#11157),.UNSPECIFIED.,.F.,.F.)
B_SPLINE_CURVE_WITH_KNOTS((3,3),(-8.42361692144199,0.),.UNSPECIFIED.)
CURVE()
GEOMETRIC_REPRESENTATION_ITEM()
RATIONAL_B_SPLINE_CURVE((1.,0.93903483348219,1.))
REPRESENTATION_ITEM('')
);
#5179=(
BOUNDED_CURVE()
B_SPLINE_CURVE(2,(#11158,#11159,#11160),.UNSPECIFIED.,.F.,.F.)
B_SPLINE_CURVE_WITH_KNOTS((3,3),(0.,2.00232207865476),.UNSPECIFIED.)
CURVE()
GEOMETRIC_REPRESENTATION_ITEM()
RATIONAL_B_SPLINE_CURVE((1.,0.996521728591781,1.))
REPRESENTATION_ITEM('')
);
#5180=(
BOUNDED_CURVE()
B_SPLINE_CURVE(2,(#11161,#11162,#11163),.UNSPECIFIED.,.F.,.F.)
B_SPLINE_CURVE_WITH_KNOTS((3,3),(-8.42361692144199,0.),.UNSPECIFIED.)
CURVE()
GEOMETRIC_REPRESENTATION_ITEM()
RATIONAL_B_SPLINE_CURVE((1.,0.9390348334822,1.))
REPRESENTATION_ITEM('')
);
#5181=(
BOUNDED_CURVE()
B_SPLINE_CURVE(2,(#11168,#11169,#11170),.UNSPECIFIED.,.F.,.F.)
B_SPLINE_CURVE_WITH_KNOTS((3,3),(0.,18.8495559215388),.UNSPECIFIED.)
CURVE()
GEOMETRIC_REPRESENTATION_ITEM()
RATIONAL_B_SPLINE_CURVE((1.,0.707106781186548,1.))
REPRESENTATION_ITEM('')
);
#5182=(
BOUNDED_CURVE()
B_SPLINE_CURVE(2,(#11171,#11172,#11173),.UNSPECIFIED.,.F.,.F.)
B_SPLINE_CURVE_WITH_KNOTS((3,3),(-8.423616921442,0.),.UNSPECIFIED.)
CURVE()
GEOMETRIC_REPRESENTATION_ITEM()
RATIONAL_B_SPLINE_CURVE((1.,0.939034833482193,1.))
REPRESENTATION_ITEM('')
);
#5183=(
BOUNDED_CURVE()
B_SPLINE_CURVE(2,(#11176,#11177,#11178),.UNSPECIFIED.,.F.,.F.)
B_SPLINE_CURVE_WITH_KNOTS((3,3),(0.,2.00232207865476),.UNSPECIFIED.)
CURVE()
GEOMETRIC_REPRESENTATION_ITEM()
RATIONAL_B_SPLINE_CURVE((1.,0.99652172859178,1.))
REPRESENTATION_ITEM('')
);
#5184=(
BOUNDED_CURVE()
B_SPLINE_CURVE(2,(#11179,#11180,#11181),.UNSPECIFIED.,.F.,.F.)
B_SPLINE_CURVE_WITH_KNOTS((3,3),(-8.42361692144199,0.),.UNSPECIFIED.)
CURVE()
GEOMETRIC_REPRESENTATION_ITEM()
RATIONAL_B_SPLINE_CURVE((1.,0.939034833482198,1.))
REPRESENTATION_ITEM('')
);
#5185=(
BOUNDED_CURVE()
B_SPLINE_CURVE(2,(#11186,#11187,#11188),.UNSPECIFIED.,.F.,.F.)
B_SPLINE_CURVE_WITH_KNOTS((3,3),(0.,18.8495559215388),.UNSPECIFIED.)
CURVE()
GEOMETRIC_REPRESENTATION_ITEM()
RATIONAL_B_SPLINE_CURVE((1.,0.707106781186548,1.))
REPRESENTATION_ITEM('')
);
#5186=(
BOUNDED_CURVE()
B_SPLINE_CURVE(2,(#11189,#11190,#11191),.UNSPECIFIED.,.F.,.F.)
B_SPLINE_CURVE_WITH_KNOTS((3,3),(-8.42361692144193,0.),.UNSPECIFIED.)
CURVE()
GEOMETRIC_REPRESENTATION_ITEM()
RATIONAL_B_SPLINE_CURVE((1.,0.939034833482193,1.))
REPRESENTATION_ITEM('')
);
#5187=(
BOUNDED_CURVE()
B_SPLINE_CURVE(2,(#11194,#11195,#11196),.UNSPECIFIED.,.F.,.F.)
B_SPLINE_CURVE_WITH_KNOTS((3,3),(0.,2.00232207865483),.UNSPECIFIED.)
CURVE()
GEOMETRIC_REPRESENTATION_ITEM()
RATIONAL_B_SPLINE_CURVE((1.,0.996521728591783,1.))
REPRESENTATION_ITEM('')
);
#5188=(
BOUNDED_CURVE()
B_SPLINE_CURVE(2,(#11197,#11198,#11199),.UNSPECIFIED.,.F.,.F.)
B_SPLINE_CURVE_WITH_KNOTS((3,3),(-8.42361692144199,0.),.UNSPECIFIED.)
CURVE()
GEOMETRIC_REPRESENTATION_ITEM()
RATIONAL_B_SPLINE_CURVE((1.,0.939034833482198,1.))
REPRESENTATION_ITEM('')
);
#5189=(
BOUNDED_CURVE()
B_SPLINE_CURVE(2,(#11234,#11235,#11236),.UNSPECIFIED.,.F.,.F.)
B_SPLINE_CURVE_WITH_KNOTS((3,3),(0.,9.12887773669851),.UNSPECIFIED.)
CURVE()
GEOMETRIC_REPRESENTATION_ITEM()
RATIONAL_B_SPLINE_CURVE((1.,0.934586896132412,1.))
REPRESENTATION_ITEM('')
);
#5190=(
BOUNDED_CURVE()
B_SPLINE_CURVE(2,(#11247,#11248,#11249,#11250,#11251),.UNSPECIFIED.,.F.,
 .F.)
B_SPLINE_CURVE_WITH_KNOTS((3,2,3),(0.,2.68780704807033,5.37561409614066),
 .UNSPECIFIED.)
CURVE()
GEOMETRIC_REPRESENTATION_ITEM()
RATIONAL_B_SPLINE_CURVE((1.,0.88701083317832,1.,0.88701083317832,1.))
REPRESENTATION_ITEM('')
);
#5191=(
BOUNDED_CURVE()
B_SPLINE_CURVE(2,(#11260,#11261,#11262),.UNSPECIFIED.,.F.,.F.)
B_SPLINE_CURVE_WITH_KNOTS((3,3),(0.,3.42084533391072),.UNSPECIFIED.)
CURVE()
GEOMETRIC_REPRESENTATION_ITEM()
RATIONAL_B_SPLINE_CURVE((1.,0.819152044288795,1.))
REPRESENTATION_ITEM('')
);
#5192=(
BOUNDED_CURVE()
B_SPLINE_CURVE(2,(#11273,#11274,#11275,#11276,#11277),.UNSPECIFIED.,.F.,
 .F.)
B_SPLINE_CURVE_WITH_KNOTS((3,2,3),(0.,19.1482661178752,38.2965322357504),
 .UNSPECIFIED.)
CURVE()
GEOMETRIC_REPRESENTATION_ITEM()
RATIONAL_B_SPLINE_CURVE((1.,0.722849516101303,1.,0.722849516101303,1.))
REPRESENTATION_ITEM('')
);
#5193=(
BOUNDED_CURVE()
B_SPLINE_CURVE(2,(#11288,#11289,#11290,#11291,#11292),.UNSPECIFIED.,.F.,
 .F.)
B_SPLINE_CURVE_WITH_KNOTS((3,2,3),(0.,2.68780704807007,5.37561409614015),
 .UNSPECIFIED.)
CURVE()
GEOMETRIC_REPRESENTATION_ITEM()
RATIONAL_B_SPLINE_CURVE((1.,0.88701083317832,1.,0.88701083317832,1.))
REPRESENTATION_ITEM('')
);
#5194=(
BOUNDED_CURVE()
B_SPLINE_CURVE(2,(#11325,#11326,#11327,#11328,#11329),.UNSPECIFIED.,.F.,
 .F.)
B_SPLINE_CURVE_WITH_KNOTS((3,2,3),(0.,10.5200343334147,21.0400686668293),
 .UNSPECIFIED.)
CURVE()
GEOMETRIC_REPRESENTATION_ITEM()
RATIONAL_B_SPLINE_CURVE((1.,0.913445432463112,1.,0.913445432463112,1.))
REPRESENTATION_ITEM('')
);
#5195=VERTEX_POINT('',#8535);
#5196=VERTEX_POINT('',#8536);
#5197=VERTEX_POINT('',#8537);
#5198=VERTEX_POINT('',#8538);
#5199=VERTEX_POINT('',#8539);
#5200=VERTEX_POINT('',#8540);
#5201=VERTEX_POINT('',#8541);
#5202=VERTEX_POINT('',#8542);
#5203=VERTEX_POINT('',#8543);
#5204=VERTEX_POINT('',#8544);
#5205=VERTEX_POINT('',#8545);
#5206=VERTEX_POINT('',#8546);
#5207=VERTEX_POINT('',#8547);
#5208=VERTEX_POINT('',#8548);
#5209=VERTEX_POINT('',#8549);
#5210=VERTEX_POINT('',#8550);
#5211=VERTEX_POINT('',#8551);
#5212=VERTEX_POINT('',#8552);
#5213=VERTEX_POINT('',#8553);
#5214=VERTEX_POINT('',#8554);
#5215=VERTEX_POINT('',#8555);
#5216=VERTEX_POINT('',#8556);
#5217=VERTEX_POINT('',#8557);
#5218=VERTEX_POINT('',#8558);
#5219=VERTEX_POINT('',#8559);
#5220=VERTEX_POINT('',#8560);
#5221=VERTEX_POINT('',#8561);
#5222=VERTEX_POINT('',#8562);
#5223=VERTEX_POINT('',#8563);
#5224=VERTEX_POINT('',#8564);
#5225=VERTEX_POINT('',#8565);
#5226=VERTEX_POINT('',#8566);
#5227=VERTEX_POINT('',#8567);
#5228=VERTEX_POINT('',#8568);
#5229=VERTEX_POINT('',#8569);
#5230=VERTEX_POINT('',#8570);
#5231=VERTEX_POINT('',#8571);
#5232=VERTEX_POINT('',#8572);
#5233=VERTEX_POINT('',#8573);
#5234=VERTEX_POINT('',#8574);
#5235=VERTEX_POINT('',#8575);
#5236=VERTEX_POINT('',#8576);
#5237=VERTEX_POINT('',#8577);
#5238=VERTEX_POINT('',#8578);
#5239=VERTEX_POINT('',#8579);
#5240=VERTEX_POINT('',#8580);
#5241=VERTEX_POINT('',#8581);
#5242=VERTEX_POINT('',#8582);
#5243=VERTEX_POINT('',#8583);
#5244=VERTEX_POINT('',#8584);
#5245=VERTEX_POINT('',#8585);
#5246=VERTEX_POINT('',#8586);
#5247=VERTEX_POINT('',#8587);
#5248=VERTEX_POINT('',#8588);
#5249=VERTEX_POINT('',#8589);
#5250=VERTEX_POINT('',#8590);
#5251=VERTEX_POINT('',#8591);
#5252=VERTEX_POINT('',#8592);
#5253=VERTEX_POINT('',#8593);
#5254=VERTEX_POINT('',#8594);
#5255=VERTEX_POINT('',#8595);
#5256=VERTEX_POINT('',#8596);
#5257=VERTEX_POINT('',#8597);
#5258=VERTEX_POINT('',#8598);
#5259=VERTEX_POINT('',#8599);
#5260=VERTEX_POINT('',#8600);
#5261=VERTEX_POINT('',#8601);
#5262=VERTEX_POINT('',#8602);
#5263=VERTEX_POINT('',#8603);
#5264=VERTEX_POINT('',#8604);
#5265=VERTEX_POINT('',#8605);
#5266=VERTEX_POINT('',#8606);
#5267=VERTEX_POINT('',#8607);
#5268=VERTEX_POINT('',#8608);
#5269=VERTEX_POINT('',#8609);
#5270=VERTEX_POINT('',#8610);
#5271=VERTEX_POINT('',#8611);
#5272=VERTEX_POINT('',#8612);
#5273=VERTEX_POINT('',#8613);
#5274=VERTEX_POINT('',#8614);
#5275=VERTEX_POINT('',#8615);
#5276=VERTEX_POINT('',#8616);
#5277=VERTEX_POINT('',#8617);
#5278=VERTEX_POINT('',#8618);
#5279=VERTEX_POINT('',#8619);
#5280=VERTEX_POINT('',#8620);
#5281=VERTEX_POINT('',#8621);
#5282=VERTEX_POINT('',#8622);
#5283=VERTEX_POINT('',#8623);
#5284=VERTEX_POINT('',#8624);
#5285=VERTEX_POINT('',#8625);
#5286=VERTEX_POINT('',#8626);
#5287=VERTEX_POINT('',#8627);
#5288=VERTEX_POINT('',#8628);
#5289=VERTEX_POINT('',#8629);
#5290=VERTEX_POINT('',#8630);
#5291=VERTEX_POINT('',#8631);
#5292=VERTEX_POINT('',#8632);
#5293=VERTEX_POINT('',#8633);
#5294=VERTEX_POINT('',#8634);
#5295=VERTEX_POINT('',#8635);
#5296=VERTEX_POINT('',#8636);
#5297=VERTEX_POINT('',#8637);
#5298=VERTEX_POINT('',#8638);
#5299=VERTEX_POINT('',#8639);
#5300=VERTEX_POINT('',#8640);
#5301=VERTEX_POINT('',#8641);
#5302=VERTEX_POINT('',#8642);
#5303=VERTEX_POINT('',#8643);
#5304=VERTEX_POINT('',#8644);
#5305=VERTEX_POINT('',#8645);
#5306=VERTEX_POINT('',#8646);
#5307=VERTEX_POINT('',#8647);
#5308=VERTEX_POINT('',#8648);
#5309=VERTEX_POINT('',#8649);
#5310=VERTEX_POINT('',#8650);
#5311=VERTEX_POINT('',#8651);
#5312=VERTEX_POINT('',#8652);
#5313=VERTEX_POINT('',#8653);
#5314=VERTEX_POINT('',#8654);
#5315=VERTEX_POINT('',#8655);
#5316=VERTEX_POINT('',#8656);
#5317=VERTEX_POINT('',#8657);
#5318=VERTEX_POINT('',#8658);
#5319=VERTEX_POINT('',#8659);
#5320=VERTEX_POINT('',#8660);
#5321=VERTEX_POINT('',#8661);
#5322=VERTEX_POINT('',#8662);
#5323=VERTEX_POINT('',#8663);
#5324=VERTEX_POINT('',#8664);
#5325=VERTEX_POINT('',#8665);
#5326=VERTEX_POINT('',#8666);
#5327=VERTEX_POINT('',#8667);
#5328=VERTEX_POINT('',#8668);
#5329=VERTEX_POINT('',#8669);
#5330=VERTEX_POINT('',#8670);
#5331=VERTEX_POINT('',#8671);
#5332=VERTEX_POINT('',#8672);
#5333=VERTEX_POINT('',#8673);
#5334=VERTEX_POINT('',#8674);
#5335=VERTEX_POINT('',#8675);
#5336=VERTEX_POINT('',#8676);
#5337=VERTEX_POINT('',#8677);
#5338=VERTEX_POINT('',#8678);
#5339=VERTEX_POINT('',#8679);
#5340=VERTEX_POINT('',#8680);
#5341=VERTEX_POINT('',#8681);
#5342=VERTEX_POINT('',#8682);
#5343=VERTEX_POINT('',#8683);
#5344=VERTEX_POINT('',#8684);
#5345=VERTEX_POINT('',#8685);
#5346=VERTEX_POINT('',#8686);
#5347=VERTEX_POINT('',#8687);
#5348=VERTEX_POINT('',#8688);
#5349=VERTEX_POINT('',#8689);
#5350=VERTEX_POINT('',#8690);
#5351=VERTEX_POINT('',#8691);
#5352=VERTEX_POINT('',#8692);
#5353=VERTEX_POINT('',#8693);
#5354=VERTEX_POINT('',#8694);
#5355=VERTEX_POINT('',#8695);
#5356=VERTEX_POINT('',#8696);
#5357=VERTEX_POINT('',#8697);
#5358=VERTEX_POINT('',#8698);
#5359=VERTEX_POINT('',#8699);
#5360=VERTEX_POINT('',#8700);
#5361=VERTEX_POINT('',#8701);
#5362=VERTEX_POINT('',#8702);
#5363=VERTEX_POINT('',#8703);
#5364=VERTEX_POINT('',#8704);
#5365=VERTEX_POINT('',#8705);
#5366=VERTEX_POINT('',#8706);
#5367=VERTEX_POINT('',#8707);
#5368=VERTEX_POINT('',#8708);
#5369=VERTEX_POINT('',#8709);
#5370=VERTEX_POINT('',#8710);
#5371=VERTEX_POINT('',#8711);
#5372=VERTEX_POINT('',#8712);
#5373=VERTEX_POINT('',#8713);
#5374=VERTEX_POINT('',#8714);
#5375=VERTEX_POINT('',#8715);
#5376=VERTEX_POINT('',#8716);
#5377=VERTEX_POINT('',#8717);
#5378=VERTEX_POINT('',#8718);
#5379=VERTEX_POINT('',#8719);
#5380=VERTEX_POINT('',#8720);
#5381=VERTEX_POINT('',#8721);
#5382=VERTEX_POINT('',#8722);
#5383=VERTEX_POINT('',#8723);
#5384=VERTEX_POINT('',#8724);
#5385=VERTEX_POINT('',#8725);
#5386=VERTEX_POINT('',#8726);
#5387=VERTEX_POINT('',#8727);
#5388=VERTEX_POINT('',#8728);
#5389=VERTEX_POINT('',#8729);
#5390=VERTEX_POINT('',#8730);
#5391=VERTEX_POINT('',#8731);
#5392=VERTEX_POINT('',#8732);
#5393=VERTEX_POINT('',#8733);
#5394=VERTEX_POINT('',#8734);
#5395=VERTEX_POINT('',#8735);
#5396=VERTEX_POINT('',#8736);
#5397=VERTEX_POINT('',#8737);
#5398=VERTEX_POINT('',#8738);
#5399=VERTEX_POINT('',#8739);
#5400=VERTEX_POINT('',#8740);
#5401=VERTEX_POINT('',#8741);
#5402=VERTEX_POINT('',#8742);
#5403=VERTEX_POINT('',#8743);
#5404=VERTEX_POINT('',#8744);
#5405=VERTEX_POINT('',#8745);
#5406=VERTEX_POINT('',#8746);
#5407=VERTEX_POINT('',#8747);
#5408=VERTEX_POINT('',#8748);
#5409=VERTEX_POINT('',#8749);
#5410=VERTEX_POINT('',#8750);
#5411=VERTEX_POINT('',#8751);
#5412=VERTEX_POINT('',#8752);
#5413=VERTEX_POINT('',#8753);
#5414=VERTEX_POINT('',#8754);
#5415=VERTEX_POINT('',#8755);
#5416=VERTEX_POINT('',#8756);
#5417=VERTEX_POINT('',#8757);
#5418=VERTEX_POINT('',#8758);
#5419=VERTEX_POINT('',#8759);
#5420=VERTEX_POINT('',#8760);
#5421=VERTEX_POINT('',#8761);
#5422=VERTEX_POINT('',#8762);
#5423=VERTEX_POINT('',#8763);
#5424=VERTEX_POINT('',#8764);
#5425=VERTEX_POINT('',#8765);
#5426=VERTEX_POINT('',#8766);
#5427=VERTEX_POINT('',#8767);
#5428=VERTEX_POINT('',#8768);
#5429=VERTEX_POINT('',#8769);
#5430=VERTEX_POINT('',#8770);
#5431=VERTEX_POINT('',#8771);
#5432=VERTEX_POINT('',#8772);
#5433=VERTEX_POINT('',#8773);
#5434=VERTEX_POINT('',#8774);
#5435=VERTEX_POINT('',#8775);
#5436=VERTEX_POINT('',#8776);
#5437=VERTEX_POINT('',#8777);
#5438=VERTEX_POINT('',#8778);
#5439=VERTEX_POINT('',#8779);
#5440=VERTEX_POINT('',#8780);
#5441=VERTEX_POINT('',#8781);
#5442=VERTEX_POINT('',#8782);
#5443=VERTEX_POINT('',#8783);
#5444=VERTEX_POINT('',#8784);
#5445=VERTEX_POINT('',#8785);
#5446=VERTEX_POINT('',#8786);
#5447=VERTEX_POINT('',#8787);
#5448=VERTEX_POINT('',#8788);
#5449=VERTEX_POINT('',#8789);
#5450=VERTEX_POINT('',#8790);
#5451=VERTEX_POINT('',#8791);
#5452=VERTEX_POINT('',#8792);
#5453=VERTEX_POINT('',#8793);
#5454=VERTEX_POINT('',#8794);
#5455=VERTEX_POINT('',#8795);
#5456=VERTEX_POINT('',#8796);
#5457=VERTEX_POINT('',#8797);
#5458=VERTEX_POINT('',#8798);
#5459=VERTEX_POINT('',#8799);
#5460=VERTEX_POINT('',#8800);
#5461=VERTEX_POINT('',#8801);
#5462=VERTEX_POINT('',#8802);
#5463=VERTEX_POINT('',#8803);
#5464=VERTEX_POINT('',#8804);
#5465=VERTEX_POINT('',#8805);
#5466=VERTEX_POINT('',#8806);
#5467=VERTEX_POINT('',#8807);
#5468=VERTEX_POINT('',#8808);
#5469=VERTEX_POINT('',#8809);
#5470=VERTEX_POINT('',#8810);
#5471=VERTEX_POINT('',#8811);
#5472=VERTEX_POINT('',#8812);
#5473=VERTEX_POINT('',#8813);
#5474=VERTEX_POINT('',#8814);
#5475=VERTEX_POINT('',#8815);
#5476=VERTEX_POINT('',#8816);
#5477=VERTEX_POINT('',#8817);
#5478=VERTEX_POINT('',#8818);
#5479=VERTEX_POINT('',#8819);
#5480=VERTEX_POINT('',#8820);
#5481=VERTEX_POINT('',#8821);
#5482=VERTEX_POINT('',#8822);
#5483=VERTEX_POINT('',#8823);
#5484=VERTEX_POINT('',#8824);
#5485=VERTEX_POINT('',#8825);
#5486=VERTEX_POINT('',#8826);
#5487=VERTEX_POINT('',#8827);
#5488=VERTEX_POINT('',#8828);
#5489=VERTEX_POINT('',#8829);
#5490=VERTEX_POINT('',#8830);
#5491=VERTEX_POINT('',#8831);
#5492=VERTEX_POINT('',#8832);
#5493=VERTEX_POINT('',#8833);
#5494=VERTEX_POINT('',#8834);
#5495=VERTEX_POINT('',#8835);
#5496=VERTEX_POINT('',#8836);
#5497=VERTEX_POINT('',#8837);
#5498=VERTEX_POINT('',#8838);
#5499=VERTEX_POINT('',#8839);
#5500=VERTEX_POINT('',#8840);
#5501=VERTEX_POINT('',#8841);
#5502=VERTEX_POINT('',#8842);
#5503=VERTEX_POINT('',#8843);
#5504=VERTEX_POINT('',#8844);
#5505=VERTEX_POINT('',#8845);
#5506=VERTEX_POINT('',#8846);
#5507=VERTEX_POINT('',#8847);
#5508=VERTEX_POINT('',#8848);
#5509=VERTEX_POINT('',#8849);
#5510=VERTEX_POINT('',#8850);
#5511=VERTEX_POINT('',#8851);
#5512=VERTEX_POINT('',#8852);
#5513=VERTEX_POINT('',#8853);
#5514=VERTEX_POINT('',#8854);
#5515=VERTEX_POINT('',#8855);
#5516=VERTEX_POINT('',#8856);
#5517=VERTEX_POINT('',#8857);
#5518=VERTEX_POINT('',#8858);
#5519=VERTEX_POINT('',#8859);
#5520=VERTEX_POINT('',#8860);
#5521=VERTEX_POINT('',#8861);
#5522=VERTEX_POINT('',#8862);
#5523=VERTEX_POINT('',#8863);
#5524=VERTEX_POINT('',#8864);
#5525=VERTEX_POINT('',#8865);
#5526=VERTEX_POINT('',#8866);
#5527=VERTEX_POINT('',#8867);
#5528=VERTEX_POINT('',#8868);
#5529=VERTEX_POINT('',#8869);
#5530=VERTEX_POINT('',#8870);
#5531=VERTEX_POINT('',#8871);
#5532=VERTEX_POINT('',#8872);
#5533=VERTEX_POINT('',#8873);
#5534=VERTEX_POINT('',#8874);
#5535=VERTEX_POINT('',#8875);
#5536=VERTEX_POINT('',#8876);
#5537=VERTEX_POINT('',#8877);
#5538=VERTEX_POINT('',#8878);
#5539=VERTEX_POINT('',#8879);
#5540=VERTEX_POINT('',#8880);
#5541=VERTEX_POINT('',#8881);
#5542=VERTEX_POINT('',#8882);
#5543=VERTEX_POINT('',#8883);
#5544=VERTEX_POINT('',#8884);
#5545=VERTEX_POINT('',#8885);
#5546=VERTEX_POINT('',#8886);
#5547=VERTEX_POINT('',#8887);
#5548=VERTEX_POINT('',#8888);
#5549=VERTEX_POINT('',#8889);
#5550=VERTEX_POINT('',#8890);
#5551=VERTEX_POINT('',#8891);
#5552=VERTEX_POINT('',#8892);
#5553=VERTEX_POINT('',#8893);
#5554=VERTEX_POINT('',#8894);
#5555=VERTEX_POINT('',#8895);
#5556=VERTEX_POINT('',#8896);
#5557=VERTEX_POINT('',#8897);
#5558=VERTEX_POINT('',#8898);
#5559=VERTEX_POINT('',#8899);
#5560=VERTEX_POINT('',#8900);
#5561=VERTEX_POINT('',#8901);
#5562=VERTEX_POINT('',#8902);
#5563=VERTEX_POINT('',#8903);
#5564=VERTEX_POINT('',#8904);
#5565=VERTEX_POINT('',#8905);
#5566=VERTEX_POINT('',#8906);
#5567=VERTEX_POINT('',#8907);
#5568=VERTEX_POINT('',#8908);
#5569=VERTEX_POINT('',#8909);
#5570=VERTEX_POINT('',#8910);
#5571=VERTEX_POINT('',#8911);
#5572=VERTEX_POINT('',#8912);
#5573=VERTEX_POINT('',#8913);
#5574=VERTEX_POINT('',#8914);
#5575=VERTEX_POINT('',#8915);
#5576=VERTEX_POINT('',#8916);
#5577=VERTEX_POINT('',#8917);
#5578=VERTEX_POINT('',#8918);
#5579=VERTEX_POINT('',#8919);
#5580=VERTEX_POINT('',#8920);
#5581=VERTEX_POINT('',#8921);
#5582=VERTEX_POINT('',#8922);
#5583=VERTEX_POINT('',#8923);
#5584=VERTEX_POINT('',#8924);
#5585=VERTEX_POINT('',#8925);
#5586=VERTEX_POINT('',#8926);
#5587=VERTEX_POINT('',#8927);
#5588=VERTEX_POINT('',#8928);
#5589=VERTEX_POINT('',#8929);
#5590=VERTEX_POINT('',#8930);
#5591=VERTEX_POINT('',#8931);
#5592=VERTEX_POINT('',#8932);
#5593=VERTEX_POINT('',#8933);
#5594=VERTEX_POINT('',#8934);
#5595=VERTEX_POINT('',#8935);
#5596=VERTEX_POINT('',#8936);
#5597=VERTEX_POINT('',#8937);
#5598=VERTEX_POINT('',#8938);
#5599=VERTEX_POINT('',#8939);
#5600=VERTEX_POINT('',#8940);
#5601=VERTEX_POINT('',#8941);
#5602=VERTEX_POINT('',#8942);
#5603=VERTEX_POINT('',#8943);
#5604=VERTEX_POINT('',#8944);
#5605=VERTEX_POINT('',#8945);
#5606=VERTEX_POINT('',#8946);
#5607=VERTEX_POINT('',#8947);
#5608=VERTEX_POINT('',#8948);
#5609=VERTEX_POINT('',#8949);
#5610=VERTEX_POINT('',#8950);
#5611=VERTEX_POINT('',#8951);
#5612=VERTEX_POINT('',#8952);
#5613=VERTEX_POINT('',#8953);
#5614=VERTEX_POINT('',#8954);
#5615=VERTEX_POINT('',#8955);
#5616=VERTEX_POINT('',#8956);
#5617=VERTEX_POINT('',#8957);
#5618=VERTEX_POINT('',#8958);
#5619=VERTEX_POINT('',#8959);
#5620=VERTEX_POINT('',#8960);
#5621=VERTEX_POINT('',#8961);
#5622=VERTEX_POINT('',#8962);
#5623=VERTEX_POINT('',#8963);
#5624=VERTEX_POINT('',#8964);
#5625=VERTEX_POINT('',#8965);
#5626=VERTEX_POINT('',#8966);
#5627=VERTEX_POINT('',#8967);
#5628=VERTEX_POINT('',#8968);
#5629=VERTEX_POINT('',#8969);
#5630=VERTEX_POINT('',#8970);
#5631=VERTEX_POINT('',#8971);
#5632=VERTEX_POINT('',#8972);
#5633=VERTEX_POINT('',#8973);
#5634=VERTEX_POINT('',#8974);
#5635=VERTEX_POINT('',#8975);
#5636=VERTEX_POINT('',#8976);
#5637=VERTEX_POINT('',#8977);
#5638=VERTEX_POINT('',#8978);
#5639=VERTEX_POINT('',#8979);
#5640=VERTEX_POINT('',#8980);
#5641=VERTEX_POINT('',#8981);
#5642=VERTEX_POINT('',#8982);
#5643=VERTEX_POINT('',#8983);
#5644=VERTEX_POINT('',#8984);
#5645=VERTEX_POINT('',#8985);
#5646=VERTEX_POINT('',#8986);
#5647=VERTEX_POINT('',#8987);
#5648=VERTEX_POINT('',#8988);
#5649=VERTEX_POINT('',#8989);
#5650=VERTEX_POINT('',#8990);
#5651=VERTEX_POINT('',#8991);
#5652=VERTEX_POINT('',#8992);
#5653=VERTEX_POINT('',#8993);
#5654=VERTEX_POINT('',#8994);
#5655=VERTEX_POINT('',#8995);
#5656=VERTEX_POINT('',#8996);
#5657=VERTEX_POINT('',#8997);
#5658=VERTEX_POINT('',#8998);
#5659=VERTEX_POINT('',#8999);
#5660=VERTEX_POINT('',#9000);
#5661=VERTEX_POINT('',#9001);
#5662=VERTEX_POINT('',#9002);
#5663=VERTEX_POINT('',#9003);
#5664=VERTEX_POINT('',#9004);
#5665=VERTEX_POINT('',#9005);
#5666=VERTEX_POINT('',#9006);
#5667=VERTEX_POINT('',#9007);
#5668=VERTEX_POINT('',#9008);
#5669=VERTEX_POINT('',#9009);
#5670=VERTEX_POINT('',#9010);
#5671=VERTEX_POINT('',#9011);
#5672=VERTEX_POINT('',#9012);
#5673=VERTEX_POINT('',#9013);
#5674=VERTEX_POINT('',#9014);
#5675=VERTEX_POINT('',#9015);
#5676=VERTEX_POINT('',#9016);
#5677=VERTEX_POINT('',#9017);
#5678=VERTEX_POINT('',#9018);
#5679=VERTEX_POINT('',#9019);
#5680=VERTEX_POINT('',#9020);
#5681=VERTEX_POINT('',#9021);
#5682=VERTEX_POINT('',#9022);
#5683=VERTEX_POINT('',#9023);
#5684=VERTEX_POINT('',#9024);
#5685=VERTEX_POINT('',#9025);
#5686=VERTEX_POINT('',#9026);
#5687=VERTEX_POINT('',#9027);
#5688=VERTEX_POINT('',#9028);
#5689=VERTEX_POINT('',#9029);
#5690=VERTEX_POINT('',#9030);
#5691=VERTEX_POINT('',#9031);
#5692=VERTEX_POINT('',#9032);
#5693=VERTEX_POINT('',#9033);
#5694=VERTEX_POINT('',#9034);
#5695=VERTEX_POINT('',#9035);
#5696=VERTEX_POINT('',#9036);
#5697=VERTEX_POINT('',#9037);
#5698=VERTEX_POINT('',#9038);
#5699=VERTEX_POINT('',#9039);
#5700=VERTEX_POINT('',#9040);
#5701=VERTEX_POINT('',#9041);
#5702=VERTEX_POINT('',#9042);
#5703=VERTEX_POINT('',#9043);
#5704=VERTEX_POINT('',#9044);
#5705=VERTEX_POINT('',#9045);
#5706=VERTEX_POINT('',#9046);
#5707=VERTEX_POINT('',#9047);
#5708=VERTEX_POINT('',#9048);
#5709=VERTEX_POINT('',#9049);
#5710=VERTEX_POINT('',#9050);
#5711=VERTEX_POINT('',#9051);
#5712=VERTEX_POINT('',#9052);
#5713=VERTEX_POINT('',#9053);
#5714=VERTEX_POINT('',#9054);
#5715=VERTEX_POINT('',#9055);
#5716=VERTEX_POINT('',#9056);
#5717=VERTEX_POINT('',#9057);
#5718=VERTEX_POINT('',#9058);
#5719=VERTEX_POINT('',#9059);
#5720=VERTEX_POINT('',#9060);
#5721=VERTEX_POINT('',#9061);
#5722=VERTEX_POINT('',#9062);
#5723=VERTEX_POINT('',#9063);
#5724=VERTEX_POINT('',#9064);
#5725=VERTEX_POINT('',#9065);
#5726=VERTEX_POINT('',#9066);
#5727=VERTEX_POINT('',#9067);
#5728=VERTEX_POINT('',#9068);
#5729=VERTEX_POINT('',#9069);
#5730=VERTEX_POINT('',#9070);
#5731=VERTEX_POINT('',#9071);
#5732=VERTEX_POINT('',#9072);
#5733=VERTEX_POINT('',#9073);
#5734=VERTEX_POINT('',#9074);
#5735=VERTEX_POINT('',#9075);
#5736=VERTEX_POINT('',#9076);
#5737=VERTEX_POINT('',#9077);
#5738=VERTEX_POINT('',#9078);
#5739=VERTEX_POINT('',#9079);
#5740=VERTEX_POINT('',#9080);
#5741=VERTEX_POINT('',#9081);
#5742=VERTEX_POINT('',#9082);
#5743=VERTEX_POINT('',#9083);
#5744=VERTEX_POINT('',#9084);
#5745=VERTEX_POINT('',#9085);
#5746=VERTEX_POINT('',#9086);
#5747=VERTEX_POINT('',#9087);
#5748=VERTEX_POINT('',#9088);
#5749=VERTEX_POINT('',#9089);
#5750=VERTEX_POINT('',#9090);
#5751=VERTEX_POINT('',#9091);
#5752=VERTEX_POINT('',#9092);
#5753=VERTEX_POINT('',#9093);
#5754=VERTEX_POINT('',#9094);
#5755=VERTEX_POINT('',#9095);
#5756=VERTEX_POINT('',#9096);
#5757=VERTEX_POINT('',#9097);
#5758=VERTEX_POINT('',#9098);
#5759=VERTEX_POINT('',#9099);
#5760=VERTEX_POINT('',#9100);
#5761=VERTEX_POINT('',#9101);
#5762=VERTEX_POINT('',#9102);
#5763=VERTEX_POINT('',#9103);
#5764=VERTEX_POINT('',#9104);
#5765=VERTEX_POINT('',#9105);
#5766=VERTEX_POINT('',#9106);
#5767=VERTEX_POINT('',#9107);
#5768=VERTEX_POINT('',#9108);
#5769=VERTEX_POINT('',#9109);
#5770=VERTEX_POINT('',#9110);
#5771=VERTEX_POINT('',#9111);
#5772=VERTEX_POINT('',#9112);
#5773=VERTEX_POINT('',#9113);
#5774=VERTEX_POINT('',#9114);
#5775=VERTEX_POINT('',#9115);
#5776=VERTEX_POINT('',#9116);
#5777=VERTEX_POINT('',#9117);
#5778=VERTEX_POINT('',#9118);
#5779=VERTEX_POINT('',#9119);
#5780=VERTEX_POINT('',#9120);
#5781=VERTEX_POINT('',#9121);
#5782=VERTEX_POINT('',#9122);
#5783=VERTEX_POINT('',#9123);
#5784=VERTEX_POINT('',#9124);
#5785=VERTEX_POINT('',#9125);
#5786=VERTEX_POINT('',#9126);
#5787=VERTEX_POINT('',#9127);
#5788=VERTEX_POINT('',#9128);
#5789=VERTEX_POINT('',#9129);
#5790=VERTEX_POINT('',#9130);
#5791=VERTEX_POINT('',#9131);
#5792=VERTEX_POINT('',#9132);
#5793=VERTEX_POINT('',#9133);
#5794=VERTEX_POINT('',#9134);
#5795=VERTEX_POINT('',#9135);
#5796=VERTEX_POINT('',#9136);
#5797=VERTEX_POINT('',#9137);
#5798=VERTEX_POINT('',#9138);
#5799=VERTEX_POINT('',#9139);
#5800=VERTEX_POINT('',#9140);
#5801=VERTEX_POINT('',#9141);
#5802=VERTEX_POINT('',#9142);
#5803=VERTEX_POINT('',#9143);
#5804=VERTEX_POINT('',#9144);
#5805=VERTEX_POINT('',#9145);
#5806=VERTEX_POINT('',#9146);
#5807=VERTEX_POINT('',#9147);
#5808=VERTEX_POINT('',#9148);
#5809=VERTEX_POINT('',#9149);
#5810=VERTEX_POINT('',#9150);
#5811=VERTEX_POINT('',#9151);
#5812=VERTEX_POINT('',#9152);
#5813=VERTEX_POINT('',#9153);
#5814=VERTEX_POINT('',#9154);
#5815=VERTEX_POINT('',#9155);
#5816=VERTEX_POINT('',#9156);
#5817=VERTEX_POINT('',#9157);
#5818=VERTEX_POINT('',#9158);
#5819=VERTEX_POINT('',#9159);
#5820=VERTEX_POINT('',#9160);
#5821=VERTEX_POINT('',#9161);
#5822=VERTEX_POINT('',#9162);
#5823=VERTEX_POINT('',#9163);
#5824=VERTEX_POINT('',#9164);
#5825=VERTEX_POINT('',#9165);
#5826=VERTEX_POINT('',#9166);
#5827=VERTEX_POINT('',#9167);
#5828=VERTEX_POINT('',#9168);
#5829=VERTEX_POINT('',#9169);
#5830=VERTEX_POINT('',#9170);
#5831=VERTEX_POINT('',#9171);
#5832=VERTEX_POINT('',#9172);
#5833=VERTEX_POINT('',#9173);
#5834=VERTEX_POINT('',#9174);
#5835=VERTEX_POINT('',#9175);
#5836=VERTEX_POINT('',#9176);
#5837=VERTEX_POINT('',#9177);
#5838=VERTEX_POINT('',#9178);
#5839=VERTEX_POINT('',#9179);
#5840=VERTEX_POINT('',#9180);
#5841=VERTEX_POINT('',#9181);
#5842=VERTEX_POINT('',#9182);
#5843=VERTEX_POINT('',#9183);
#5844=B_SPLINE_SURFACE_WITH_KNOTS('',3,1,((#8458,#8459),(#8460,#8461),(#8462,
#8463),(#8464,#8465)),.UNSPECIFIED.,.F.,.F.,.F.,(4,4),(2,2),(-4.07343769825985E-10,
1.0810232894211),(0.,0.479999999999997),.UNSPECIFIED.);
#5845=B_SPLINE_SURFACE_WITH_KNOTS('',3,1,((#8466,#8467),(#8468,#8469),(#8470,
#8471),(#8472,#8473)),.UNSPECIFIED.,.F.,.F.,.F.,(4,4),(2,2),(0.,0.950225146519023),
(-2.88657986402541E-15,0.479999999999997),.UNSPECIFIED.);
#5846=B_SPLINE_SURFACE_WITH_KNOTS('',3,1,((#8474,#8475),(#8476,#8477),(#8478,
#8479),(#8480,#8481)),.UNSPECIFIED.,.F.,.F.,.F.,(4,4),(2,2),(-3.07462333370978E-10,
0.662307087248831),(-2.74086309204336E-15,0.479999999999997),
 .UNSPECIFIED.);
#5847=B_SPLINE_SURFACE_WITH_KNOTS('',3,1,((#8482,#8483),(#8484,#8485),(#8486,
#8487),(#8488,#8489)),.UNSPECIFIED.,.F.,.F.,.F.,(4,4),(2,2),(0.,0.648883414942875),
(-2.86576318231369E-15,0.479999999999997),.UNSPECIFIED.);
#5848=B_SPLINE_SURFACE_WITH_KNOTS('',3,1,((#8492,#8493),(#8494,#8495),(#8496,
#8497),(#8498,#8499)),.UNSPECIFIED.,.F.,.F.,.F.,(4,4),(2,2),(-9.29811783123569E-16,
0.484529127160944),(-2.51187959321442E-15,0.479999999999997),
 .UNSPECIFIED.);
#5849=B_SPLINE_SURFACE_WITH_KNOTS('',3,1,((#8500,#8501),(#8502,#8503),(#8504,
#8505),(#8506,#8507)),.UNSPECIFIED.,.F.,.F.,.F.,(4,4),(2,2),(0.,0.453060219675156),
(0.,0.479999999999997),.UNSPECIFIED.);
#5850=B_SPLINE_SURFACE_WITH_KNOTS('',3,1,((#8508,#8509),(#8510,#8511),(#8512,
#8513),(#8514,#8515)),.UNSPECIFIED.,.F.,.F.,.F.,(4,4),(2,2),(-2.7217599701812E-10,
0.455614238669633),(0.,0.479999999999997),.UNSPECIFIED.);
#5851=B_SPLINE_SURFACE_WITH_KNOTS('',3,1,((#8516,#8517),(#8518,#8519),(#8520,
#8521),(#8522,#8523)),.UNSPECIFIED.,.F.,.F.,.F.,(4,4),(2,2),(0.,0.49951282705725),
(0.,0.479999999999997),.UNSPECIFIED.);
#5852=PLANE('',#6239);
#5853=PLANE('',#6240);
#5854=PLANE('',#6241);
#5855=PLANE('',#6242);
#5856=PLANE('',#6243);
#5857=PLANE('',#6244);
#5858=PLANE('',#6245);
#5859=PLANE('',#6246);
#5860=PLANE('',#6247);
#5861=PLANE('',#6248);
#5862=PLANE('',#6249);
#5863=PLANE('',#6250);
#5864=PLANE('',#6251);
#5865=PLANE('',#6252);
#5866=PLANE('',#6253);
#5867=PLANE('',#6254);
#5868=PLANE('',#6255);
#5869=PLANE('',#6256);
#5870=PLANE('',#6257);
#5871=PLANE('',#6258);
#5872=PLANE('',#6259);
#5873=PLANE('',#6260);
#5874=PLANE('',#6261);
#5875=PLANE('',#6262);
#5876=PLANE('',#6263);
#5877=PLANE('',#6264);
#5878=PLANE('',#6265);
#5879=PLANE('',#6266);
#5880=PLANE('',#6267);
#5881=PLANE('',#6268);
#5882=PLANE('',#6269);
#5883=PLANE('',#6270);
#5884=PLANE('',#6271);
#5885=PLANE('',#6272);
#5886=PLANE('',#6273);
#5887=PLANE('',#6274);
#5888=PLANE('',#6275);
#5889=PLANE('',#6276);
#5890=PLANE('',#6277);
#5891=PLANE('',#6278);
#5892=PLANE('',#6279);
#5893=PLANE('',#6280);
#5894=PLANE('',#6281);
#5895=PLANE('',#6282);
#5896=PLANE('',#6283);
#5897=PLANE('',#6284);
#5898=PLANE('',#6285);
#5899=PLANE('',#6286);
#5900=PLANE('',#6287);
#5901=PLANE('',#6288);
#5902=PLANE('',#6289);
#5903=PLANE('',#6290);
#5904=PLANE('',#6291);
#5905=PLANE('',#6292);
#5906=PLANE('',#6293);
#5907=PLANE('',#6294);
#5908=PLANE('',#6295);
#5909=PLANE('',#6296);
#5910=PLANE('',#6297);
#5911=PLANE('',#6298);
#5912=PLANE('',#6299);
#5913=PLANE('',#6300);
#5914=PLANE('',#6301);
#5915=PLANE('',#6302);
#5916=PLANE('',#6303);
#5917=PLANE('',#6304);
#5918=PLANE('',#6305);
#5919=PLANE('',#6306);
#5920=PLANE('',#6307);
#5921=PLANE('',#6308);
#5922=PLANE('',#6309);
#5923=PLANE('',#6310);
#5924=PLANE('',#6311);
#5925=PLANE('',#6312);
#5926=PLANE('',#6313);
#5927=PLANE('',#6314);
#5928=PLANE('',#6315);
#5929=PLANE('',#6316);
#5930=PLANE('',#6317);
#5931=PLANE('',#6318);
#5932=PLANE('',#6319);
#5933=PLANE('',#6320);
#5934=PLANE('',#6321);
#5935=PLANE('',#6322);
#5936=PLANE('',#6323);
#5937=PLANE('',#6324);
#5938=PLANE('',#6325);
#5939=PLANE('',#6326);
#5940=PLANE('',#6327);
#5941=PLANE('',#6328);
#5942=PLANE('',#6329);
#5943=PLANE('',#6330);
#5944=PLANE('',#6331);
#5945=PLANE('',#6332);
#5946=PLANE('',#6333);
#5947=PLANE('',#6334);
#5948=PLANE('',#6335);
#5949=PLANE('',#6336);
#5950=PLANE('',#6337);
#5951=PLANE('',#6338);
#5952=PLANE('',#6339);
#5953=PLANE('',#6340);
#5954=PLANE('',#6341);
#5955=PLANE('',#6342);
#5956=PLANE('',#6343);
#5957=PLANE('',#6344);
#5958=PLANE('',#6345);
#5959=PLANE('',#6346);
#5960=PLANE('',#6347);
#5961=PLANE('',#6348);
#5962=PLANE('',#6349);
#5963=PLANE('',#6350);
#5964=PLANE('',#6351);
#5965=PLANE('',#6352);
#5966=PLANE('',#6353);
#5967=PLANE('',#6354);
#5968=PLANE('',#6355);
#5969=PLANE('',#6356);
#5970=PLANE('',#6357);
#5971=PLANE('',#6358);
#5972=PLANE('',#6359);
#5973=PLANE('',#6360);
#5974=PLANE('',#6361);
#5975=PLANE('',#6362);
#5976=PLANE('',#6363);
#5977=PLANE('',#6364);
#5978=PLANE('',#6365);
#5979=PLANE('',#6366);
#5980=PLANE('',#6367);
#5981=PLANE('',#6368);
#5982=PLANE('',#6369);
#5983=PLANE('',#6370);
#5984=PLANE('',#6371);
#5985=PLANE('',#6372);
#5986=PLANE('',#6373);
#5987=PLANE('',#6374);
#5988=PLANE('',#6375);
#5989=PLANE('',#6376);
#5990=PLANE('',#6377);
#5991=PLANE('',#6378);
#5992=PLANE('',#6379);
#5993=PLANE('',#6380);
#5994=PLANE('',#6381);
#5995=PLANE('',#6382);
#5996=PLANE('',#6383);
#5997=PLANE('',#6384);
#5998=PLANE('',#6385);
#5999=PLANE('',#6386);
#6000=PLANE('',#6387);
#6001=PLANE('',#6388);
#6002=PLANE('',#6389);
#6003=PLANE('',#6390);
#6004=PLANE('',#6391);
#6005=PLANE('',#6392);
#6006=PLANE('',#6393);
#6007=PLANE('',#6394);
#6008=PLANE('',#6395);
#6009=PLANE('',#6396);
#6010=PLANE('',#6397);
#6011=PLANE('',#6398);
#6012=PLANE('',#6399);
#6013=PLANE('',#6400);
#6014=PLANE('',#6401);
#6015=PLANE('',#6402);
#6016=PLANE('',#6403);
#6017=PLANE('',#6404);
#6018=PLANE('',#6405);
#6019=PLANE('',#6406);
#6020=PLANE('',#6407);
#6021=PLANE('',#6408);
#6022=PLANE('',#6409);
#6023=PLANE('',#6410);
#6024=PLANE('',#6411);
#6025=PLANE('',#6412);
#6026=PLANE('',#6413);
#6027=PLANE('',#6414);
#6028=PLANE('',#6415);
#6029=PLANE('',#6416);
#6030=PLANE('',#6417);
#6031=PLANE('',#6418);
#6032=PLANE('',#6419);
#6033=PLANE('',#6420);
#6034=PLANE('',#6421);
#6035=PLANE('',#6422);
#6036=PLANE('',#6423);
#6037=PLANE('',#6424);
#6038=PLANE('',#6425);
#6039=PLANE('',#6426);
#6040=PLANE('',#6427);
#6041=PLANE('',#6428);
#6042=PLANE('',#6429);
#6043=PLANE('',#6430);
#6044=PLANE('',#6431);
#6045=PLANE('',#6432);
#6046=PLANE('',#6433);
#6047=PLANE('',#6434);
#6048=PLANE('',#6435);
#6049=PLANE('',#6436);
#6050=PLANE('',#6437);
#6051=PLANE('',#6438);
#6052=PLANE('',#6439);
#6053=PLANE('',#6440);
#6054=PLANE('',#6441);
#6055=PLANE('',#6442);
#6056=PLANE('',#6443);
#6057=PLANE('',#6444);
#6058=PLANE('',#6445);
#6059=PLANE('',#6446);
#6060=PLANE('',#6447);
#6061=PLANE('',#6448);
#6062=PLANE('',#6449);
#6063=PLANE('',#6450);
#6064=PLANE('',#6451);
#6065=PLANE('',#6452);
#6066=PLANE('',#6453);
#6067=PLANE('',#6454);
#6068=PLANE('',#6455);
#6069=PLANE('',#6456);
#6070=PLANE('',#6457);
#6071=PLANE('',#6458);
#6072=PLANE('',#6459);
#6073=PLANE('',#6460);
#6074=PLANE('',#6461);
#6075=PLANE('',#6462);
#6076=PLANE('',#6463);
#6077=PLANE('',#6464);
#6078=PLANE('',#6465);
#6079=PLANE('',#6466);
#6080=PLANE('',#6467);
#6081=PLANE('',#6468);
#6082=PLANE('',#6469);
#6083=PLANE('',#6470);
#6084=PLANE('',#6471);
#6085=PLANE('',#6472);
#6086=PLANE('',#6473);
#6087=PLANE('',#6474);
#6088=PLANE('',#6475);
#6089=PLANE('',#6476);
#6090=PLANE('',#6477);
#6091=PLANE('',#6478);
#6092=PLANE('',#6479);
#6093=PLANE('',#6480);
#6094=PLANE('',#6481);
#6095=PLANE('',#6482);
#6096=PLANE('',#6483);
#6097=PLANE('',#6484);
#6098=PLANE('',#6485);
#6099=PLANE('',#6486);
#6100=PLANE('',#6487);
#6101=PLANE('',#6488);
#6102=PLANE('',#6489);
#6103=PLANE('',#6490);
#6104=PLANE('',#6491);
#6105=PLANE('',#6492);
#6106=PLANE('',#6493);
#6107=PLANE('',#6494);
#6108=PLANE('',#6495);
#6109=PLANE('',#6496);
#6110=PLANE('',#6497);
#6111=PLANE('',#6498);
#6112=PLANE('',#6499);
#6113=PLANE('',#6500);
#6114=PLANE('',#6501);
#6115=PLANE('',#6502);
#6116=PLANE('',#6503);
#6117=PLANE('',#6504);
#6118=PLANE('',#6505);
#6119=PLANE('',#6506);
#6120=PLANE('',#6507);
#6121=PLANE('',#6508);
#6122=PLANE('',#6509);
#6123=PLANE('',#6510);
#6124=PLANE('',#6511);
#6125=PLANE('',#6512);
#6126=PLANE('',#6513);
#6127=PLANE('',#6514);
#6128=PLANE('',#6515);
#6129=PLANE('',#6516);
#6130=PLANE('',#6517);
#6131=PLANE('',#6518);
#6132=PLANE('',#6519);
#6133=PLANE('',#6520);
#6134=PLANE('',#6521);
#6135=PLANE('',#6522);
#6136=PLANE('',#6523);
#6137=PLANE('',#6524);
#6138=PLANE('',#6525);
#6139=PLANE('',#6526);
#6140=PLANE('',#6527);
#6141=PLANE('',#6528);
#6142=PLANE('',#6529);
#6143=PLANE('',#6530);
#6144=(
BOUNDED_SURFACE()
B_SPLINE_SURFACE(2,1,((#6829,#6830),(#6831,#6832),(#6833,#6834),(#6835,
#6836),(#6837,#6838),(#6839,#6840),(#6841,#6842),(#6843,#6844),(#6845,#6846)),
 .UNSPECIFIED.,.T.,.F.,.F.)
B_SPLINE_SURFACE_WITH_KNOTS((3,2,2,2,3),(2,2),(0.,70.2460117342678,140.492023468536,
210.738035202803,280.984046937071),(0.,10.5217489040558),.UNSPECIFIED.)
GEOMETRIC_REPRESENTATION_ITEM()
RATIONAL_B_SPLINE_SURFACE(((1.,1.),(0.707106781186548,0.707106781186548),
(1.,1.),(0.707106781186548,0.707106781186548),(1.,1.),(0.707106781186548,
0.707106781186548),(1.,1.),(0.707106781186548,0.707106781186548),(1.,1.)))
REPRESENTATION_ITEM('')
SURFACE()
);
#6145=(
BOUNDED_SURFACE()
B_SPLINE_SURFACE(2,1,((#6848,#6849),(#6850,#6851),(#6852,#6853),(#6854,
#6855),(#6856,#6857),(#6858,#6859),(#6860,#6861),(#6862,#6863),(#6864,#6865)),
 .UNSPECIFIED.,.T.,.F.,.F.)
B_SPLINE_SURFACE_WITH_KNOTS((3,2,2,2,3),(2,2),(0.,70.2460117342678,140.492023468536,
210.738035202803,280.984046937071),(0.,10.5217489040558),.UNSPECIFIED.)
GEOMETRIC_REPRESENTATION_ITEM()
RATIONAL_B_SPLINE_SURFACE(((1.,1.),(0.707106781186548,0.707106781186548),
(1.,1.),(0.707106781186548,0.707106781186548),(1.,1.),(0.707106781186548,
0.707106781186548),(1.,1.),(0.707106781186548,0.707106781186548),(1.,1.)))
REPRESENTATION_ITEM('')
SURFACE()
);
#6146=(
BOUNDED_SURFACE()
B_SPLINE_SURFACE(2,1,((#6870,#6871),(#6872,#6873),(#6874,#6875),(#6876,
#6877),(#6878,#6879),(#6880,#6881),(#6882,#6883),(#6884,#6885),(#6886,#6887)),
 .UNSPECIFIED.,.T.,.F.,.F.)
B_SPLINE_SURFACE_WITH_KNOTS((3,2,2,2,3),(2,2),(0.,69.1150383789754,138.230076757951,
207.345115136926,276.460153515902),(0.,12.24),.UNSPECIFIED.)
GEOMETRIC_REPRESENTATION_ITEM()
RATIONAL_B_SPLINE_SURFACE(((1.,1.),(0.707106781186548,0.707106781186548),
(1.,1.),(0.707106781186548,0.707106781186548),(1.,1.),(0.707106781186548,
0.707106781186548),(1.,1.),(0.707106781186548,0.707106781186548),(1.,1.)))
REPRESENTATION_ITEM('')
SURFACE()
);
#6147=(
BOUNDED_SURFACE()
B_SPLINE_SURFACE(2,1,((#6889,#6890),(#6891,#6892),(#6893,#6894),(#6895,
#6896),(#6897,#6898),(#6899,#6900),(#6901,#6902),(#6903,#6904),(#6905,#6906)),
 .UNSPECIFIED.,.T.,.F.,.F.)
B_SPLINE_SURFACE_WITH_KNOTS((3,2,2,2,3),(2,2),(0.,69.1150383789754,138.230076757951,
207.345115136926,276.460153515902),(0.,12.24),.UNSPECIFIED.)
GEOMETRIC_REPRESENTATION_ITEM()
RATIONAL_B_SPLINE_SURFACE(((1.,1.),(0.707106781186548,0.707106781186548),
(1.,1.),(0.707106781186548,0.707106781186548),(1.,1.),(0.707106781186548,
0.707106781186548),(1.,1.),(0.707106781186548,0.707106781186548),(1.,1.)))
REPRESENTATION_ITEM('')
SURFACE()
);
#6148=(
BOUNDED_SURFACE()
B_SPLINE_SURFACE(1,2,((#6973,#6974,#6975,#6976,#6977,#6978,#6979,#6980,
#6981),(#6982,#6983,#6984,#6985,#6986,#6987,#6988,#6989,#6990)),
 .UNSPECIFIED.,.F.,.F.,.F.)
B_SPLINE_SURFACE_WITH_KNOTS((2,2),(3,2,2,2,3),(0.,0.720000000000006),(0.,
1.5707963267949,3.14159265358979,4.71238898038469,6.28318530717959),
 .UNSPECIFIED.)
GEOMETRIC_REPRESENTATION_ITEM()
RATIONAL_B_SPLINE_SURFACE(((1.,0.707106781186548,1.,0.707106781186548,1.,
0.707106781186548,1.,0.707106781186548,1.),(1.,0.707106781186548,1.,0.707106781186548,
1.,0.707106781186548,1.,0.707106781186548,1.)))
REPRESENTATION_ITEM('')
SURFACE()
);
#6149=(
BOUNDED_SURFACE()
B_SPLINE_SURFACE(1,2,((#6998,#6999,#7000,#7001,#7002,#7003,#7004,#7005,
#7006),(#7007,#7008,#7009,#7010,#7011,#7012,#7013,#7014,#7015)),
 .UNSPECIFIED.,.F.,.F.,.F.)
B_SPLINE_SURFACE_WITH_KNOTS((2,2),(3,2,2,2,3),(0.,0.720000000000006),(0.,
1.5707963267949,3.14159265358979,4.71238898038469,6.28318530717959),
 .UNSPECIFIED.)
GEOMETRIC_REPRESENTATION_ITEM()
RATIONAL_B_SPLINE_SURFACE(((1.,0.707106781186548,1.,0.707106781186548,1.,
0.707106781186548,1.,0.707106781186548,1.),(1.,0.707106781186548,1.,0.707106781186548,
1.,0.707106781186548,1.,0.707106781186548,1.)))
REPRESENTATION_ITEM('')
SURFACE()
);
#6150=(
BOUNDED_SURFACE()
B_SPLINE_SURFACE(2,1,((#7022,#7023),(#7024,#7025),(#7026,#7027),(#7028,
#7029),(#7030,#7031),(#7032,#7033),(#7034,#7035),(#7036,#7037),(#7038,#7039)),
 .UNSPECIFIED.,.T.,.F.,.F.)
B_SPLINE_SURFACE_WITH_KNOTS((3,2,2,2,3),(2,2),(0.,1.5707963267949,3.14159265358979,
4.71238898038469,6.28318530717959),(0.,0.720000000000042),.UNSPECIFIED.)
GEOMETRIC_REPRESENTATION_ITEM()
RATIONAL_B_SPLINE_SURFACE(((1.,1.),(0.707106781186548,0.707106781186548),
(1.,1.),(0.707106781186548,0.707106781186548),(1.,1.),(0.707106781186548,
0.707106781186548),(1.,1.),(0.707106781186548,0.707106781186548),(1.,1.)))
REPRESENTATION_ITEM('')
SURFACE()
);
#6151=(
BOUNDED_SURFACE()
B_SPLINE_SURFACE(2,1,((#7041,#7042),(#7043,#7044),(#7045,#7046),(#7047,
#7048),(#7049,#7050),(#7051,#7052),(#7053,#7054),(#7055,#7056),(#7057,#7058)),
 .UNSPECIFIED.,.T.,.F.,.F.)
B_SPLINE_SURFACE_WITH_KNOTS((3,2,2,2,3),(2,2),(0.,1.5707963267949,3.14159265358979,
4.71238898038469,6.28318530717959),(0.,0.720000000000027),.UNSPECIFIED.)
GEOMETRIC_REPRESENTATION_ITEM()
RATIONAL_B_SPLINE_SURFACE(((1.,1.),(0.707106781186548,0.707106781186548),
(1.,1.),(0.707106781186548,0.707106781186548),(1.,1.),(0.707106781186548,
0.707106781186548),(1.,1.),(0.707106781186548,0.707106781186548),(1.,1.)))
REPRESENTATION_ITEM('')
SURFACE()
);
#6152=(
BOUNDED_SURFACE()
B_SPLINE_SURFACE(2,1,((#7061,#7062),(#7063,#7064),(#7065,#7066),(#7067,
#7068),(#7069,#7070),(#7071,#7072),(#7073,#7074),(#7075,#7076),(#7077,#7078)),
 .UNSPECIFIED.,.T.,.F.,.F.)
B_SPLINE_SURFACE_WITH_KNOTS((3,2,2,2,3),(2,2),(0.,1.5707963267949,3.14159265358979,
4.71238898038469,6.28318530717959),(0.,0.720000000000006),.UNSPECIFIED.)
GEOMETRIC_REPRESENTATION_ITEM()
RATIONAL_B_SPLINE_SURFACE(((1.,1.),(0.707106781186548,0.707106781186548),
(1.,1.),(0.707106781186548,0.707106781186548),(1.,1.),(0.707106781186548,
0.707106781186548),(1.,1.),(0.707106781186548,0.707106781186548),(1.,1.)))
REPRESENTATION_ITEM('')
SURFACE()
);
#6153=(
BOUNDED_SURFACE()
B_SPLINE_SURFACE(1,2,((#7081,#7082,#7083,#7084,#7085,#7086,#7087,#7088,
#7089),(#7090,#7091,#7092,#7093,#7094,#7095,#7096,#7097,#7098)),
 .UNSPECIFIED.,.F.,.F.,.F.)
B_SPLINE_SURFACE_WITH_KNOTS((2,2),(3,2,2,2,3),(0.,1.08000000000001),(0.,
1.5707963267949,3.14159265358979,4.71238898038469,6.28318530717959),
 .UNSPECIFIED.)
GEOMETRIC_REPRESENTATION_ITEM()
RATIONAL_B_SPLINE_SURFACE(((1.,0.707106781186548,1.,0.707106781186548,1.,
0.707106781186548,1.,0.707106781186548,1.),(1.,0.707106781186548,1.,0.707106781186548,
1.,0.707106781186548,1.,0.707106781186548,1.)))
REPRESENTATION_ITEM('')
SURFACE()
);
#6154=(
BOUNDED_SURFACE()
B_SPLINE_SURFACE(1,2,((#7099,#7100,#7101,#7102,#7103,#7104,#7105,#7106,
#7107),(#7108,#7109,#7110,#7111,#7112,#7113,#7114,#7115,#7116)),
 .UNSPECIFIED.,.F.,.F.,.F.)
B_SPLINE_SURFACE_WITH_KNOTS((2,2),(3,2,2,2,3),(0.,1.08000000000001),(0.,
1.5707963267949,3.14159265358979,4.71238898038469,6.28318530717959),
 .UNSPECIFIED.)
GEOMETRIC_REPRESENTATION_ITEM()
RATIONAL_B_SPLINE_SURFACE(((1.,0.707106781186548,1.,0.707106781186548,1.,
0.707106781186548,1.,0.707106781186548,1.),(1.,0.707106781186548,1.,0.707106781186548,
1.,0.707106781186548,1.,0.707106781186548,1.)))
REPRESENTATION_ITEM('')
SURFACE()
);
#6155=(
BOUNDED_SURFACE()
B_SPLINE_SURFACE(2,1,((#7119,#7120),(#7121,#7122),(#7123,#7124),(#7125,
#7126),(#7127,#7128),(#7129,#7130),(#7131,#7132),(#7133,#7134),(#7135,#7136)),
 .UNSPECIFIED.,.T.,.F.,.F.)
B_SPLINE_SURFACE_WITH_KNOTS((3,2,2,2,3),(2,2),(0.,1.5707963267949,3.14159265358979,
4.71238898038469,6.28318530717959),(0.,1.08000000000003),.UNSPECIFIED.)
GEOMETRIC_REPRESENTATION_ITEM()
RATIONAL_B_SPLINE_SURFACE(((1.,1.),(0.707106781186548,0.707106781186548),
(1.,1.),(0.707106781186548,0.707106781186548),(1.,1.),(0.707106781186548,
0.707106781186548),(1.,1.),(0.707106781186548,0.707106781186548),(1.,1.)))
REPRESENTATION_ITEM('')
SURFACE()
);
#6156=(
BOUNDED_SURFACE()
B_SPLINE_SURFACE(1,2,((#7139,#7140,#7141,#7142,#7143,#7144,#7145,#7146,
#7147),(#7148,#7149,#7150,#7151,#7152,#7153,#7154,#7155,#7156)),
 .UNSPECIFIED.,.F.,.F.,.F.)
B_SPLINE_SURFACE_WITH_KNOTS((2,2),(3,2,2,2,3),(0.,1.08000000000003),(0.,
1.5707963267949,3.14159265358979,4.71238898038469,6.28318530717959),
 .UNSPECIFIED.)
GEOMETRIC_REPRESENTATION_ITEM()
RATIONAL_B_SPLINE_SURFACE(((1.,0.707106781186548,1.,0.707106781186548,1.,
0.707106781186548,1.,0.707106781186548,1.),(1.,0.707106781186548,1.,0.707106781186548,
1.,0.707106781186548,1.,0.707106781186548,1.)))
REPRESENTATION_ITEM('')
SURFACE()
);
#6157=(
BOUNDED_SURFACE()
B_SPLINE_SURFACE(2,1,((#7163,#7164),(#7165,#7166),(#7167,#7168),(#7169,
#7170),(#7171,#7172),(#7173,#7174),(#7175,#7176),(#7177,#7178),(#7179,#7180)),
 .UNSPECIFIED.,.T.,.F.,.F.)
B_SPLINE_SURFACE_WITH_KNOTS((3,2,2,2,3),(2,2),(0.,1.5707963267949,3.14159265358979,
4.71238898038469,6.28318530717959),(0.,1.08000000000001),.UNSPECIFIED.)
GEOMETRIC_REPRESENTATION_ITEM()
RATIONAL_B_SPLINE_SURFACE(((1.,1.),(0.707106781186548,0.707106781186548),
(1.,1.),(0.707106781186548,0.707106781186548),(1.,1.),(0.707106781186548,
0.707106781186548),(1.,1.),(0.707106781186548,0.707106781186548),(1.,1.)))
REPRESENTATION_ITEM('')
SURFACE()
);
#6158=(
BOUNDED_SURFACE()
B_SPLINE_SURFACE(1,2,((#7183,#7184,#7185,#7186,#7187,#7188,#7189,#7190,
#7191),(#7192,#7193,#7194,#7195,#7196,#7197,#7198,#7199,#7200)),
 .UNSPECIFIED.,.F.,.F.,.F.)
B_SPLINE_SURFACE_WITH_KNOTS((2,2),(3,2,2,2,3),(0.,1.08000000000005),(0.,
1.5707963267949,3.14159265358979,4.71238898038469,6.28318530717959),
 .UNSPECIFIED.)
GEOMETRIC_REPRESENTATION_ITEM()
RATIONAL_B_SPLINE_SURFACE(((1.,0.707106781186548,1.,0.707106781186548,1.,
0.707106781186548,1.,0.707106781186548,1.),(1.,0.707106781186548,1.,0.707106781186548,
1.,0.707106781186548,1.,0.707106781186548,1.)))
REPRESENTATION_ITEM('')
SURFACE()
);
#6159=(
BOUNDED_SURFACE()
B_SPLINE_SURFACE(1,2,((#7202,#7203,#7204,#7205,#7206,#7207,#7208,#7209,
#7210),(#7211,#7212,#7213,#7214,#7215,#7216,#7217,#7218,#7219)),
 .UNSPECIFIED.,.F.,.F.,.F.)
B_SPLINE_SURFACE_WITH_KNOTS((2,2),(3,2,2,2,3),(0.,1.08000000000001),(0.,
1.5707963267949,3.14159265358979,4.71238898038469,6.28318530717959),
 .UNSPECIFIED.)
GEOMETRIC_REPRESENTATION_ITEM()
RATIONAL_B_SPLINE_SURFACE(((1.,0.707106781186548,1.,0.707106781186548,1.,
0.707106781186548,1.,0.707106781186548,1.),(1.,0.707106781186548,1.,0.707106781186548,
1.,0.707106781186548,1.,0.707106781186548,1.)))
REPRESENTATION_ITEM('')
SURFACE()
);
#6160=(
BOUNDED_SURFACE()
B_SPLINE_SURFACE(1,2,((#7227,#7228,#7229,#7230,#7231,#7232,#7233,#7234,
#7235),(#7236,#7237,#7238,#7239,#7240,#7241,#7242,#7243,#7244)),
 .UNSPECIFIED.,.F.,.F.,.F.)
B_SPLINE_SURFACE_WITH_KNOTS((2,2),(3,2,2,2,3),(0.,4.80000000000001),(0.,
1.5707963267949,3.14159265358979,4.71238898038469,6.28318530717959),
 .UNSPECIFIED.)
GEOMETRIC_REPRESENTATION_ITEM()
RATIONAL_B_SPLINE_SURFACE(((1.,0.707106781186548,1.,0.707106781186548,1.,
0.707106781186548,1.,0.707106781186548,1.),(1.,0.707106781186548,1.,0.707106781186548,
1.,0.707106781186548,1.,0.707106781186548,1.)))
REPRESENTATION_ITEM('')
SURFACE()
);
#6161=(
BOUNDED_SURFACE()
B_SPLINE_SURFACE(1,2,((#7245,#7246,#7247,#7248,#7249,#7250,#7251,#7252,
#7253),(#7254,#7255,#7256,#7257,#7258,#7259,#7260,#7261,#7262)),
 .UNSPECIFIED.,.F.,.F.,.F.)
B_SPLINE_SURFACE_WITH_KNOTS((2,2),(3,2,2,2,3),(0.,4.80000000000001),(0.,
1.5707963267949,3.14159265358979,4.71238898038469,6.28318530717959),
 .UNSPECIFIED.)
GEOMETRIC_REPRESENTATION_ITEM()
RATIONAL_B_SPLINE_SURFACE(((1.,0.707106781186548,1.,0.707106781186548,1.,
0.707106781186548,1.,0.707106781186548,1.),(1.,0.707106781186548,1.,0.707106781186548,
1.,0.707106781186548,1.,0.707106781186548,1.)))
REPRESENTATION_ITEM('')
SURFACE()
);
#6162=(
BOUNDED_SURFACE()
B_SPLINE_SURFACE(1,2,((#7267,#7268,#7269,#7270,#7271,#7272,#7273,#7274,
#7275),(#7276,#7277,#7278,#7279,#7280,#7281,#7282,#7283,#7284)),
 .UNSPECIFIED.,.F.,.F.,.F.)
B_SPLINE_SURFACE_WITH_KNOTS((2,2),(3,2,2,2,3),(0.,4.8),(0.,1.5707963267949,
3.14159265358979,4.71238898038469,6.28318530717959),.UNSPECIFIED.)
GEOMETRIC_REPRESENTATION_ITEM()
RATIONAL_B_SPLINE_SURFACE(((1.,0.707106781186548,1.,0.707106781186548,1.,
0.707106781186548,1.,0.707106781186548,1.),(1.,0.707106781186548,1.,0.707106781186548,
1.,0.707106781186548,1.,0.707106781186548,1.)))
REPRESENTATION_ITEM('')
SURFACE()
);
#6163=(
BOUNDED_SURFACE()
B_SPLINE_SURFACE(1,2,((#7285,#7286,#7287,#7288,#7289,#7290,#7291,#7292,
#7293),(#7294,#7295,#7296,#7297,#7298,#7299,#7300,#7301,#7302)),
 .UNSPECIFIED.,.F.,.F.,.F.)
B_SPLINE_SURFACE_WITH_KNOTS((2,2),(3,2,2,2,3),(0.,4.8),(0.,1.5707963267949,
3.14159265358979,4.71238898038469,6.28318530717959),.UNSPECIFIED.)
GEOMETRIC_REPRESENTATION_ITEM()
RATIONAL_B_SPLINE_SURFACE(((1.,0.707106781186548,1.,0.707106781186548,1.,
0.707106781186548,1.,0.707106781186548,1.),(1.,0.707106781186548,1.,0.707106781186548,
1.,0.707106781186548,1.,0.707106781186548,1.)))
REPRESENTATION_ITEM('')
SURFACE()
);
#6164=(
BOUNDED_SURFACE()
B_SPLINE_SURFACE(1,2,((#7304,#7305,#7306,#7307,#7308,#7309,#7310,#7311,
#7312),(#7313,#7314,#7315,#7316,#7317,#7318,#7319,#7320,#7321)),
 .UNSPECIFIED.,.F.,.F.,.F.)
B_SPLINE_SURFACE_WITH_KNOTS((2,2),(3,2,2,2,3),(0.,2.64000000000006),(0.,
40.0553063332699,80.1106126665397,120.16591899981,160.221225333079),
 .UNSPECIFIED.)
GEOMETRIC_REPRESENTATION_ITEM()
RATIONAL_B_SPLINE_SURFACE(((1.,0.707106781186548,1.,0.707106781186548,1.,
0.707106781186548,1.,0.707106781186548,1.),(1.,0.707106781186548,1.,0.707106781186548,
1.,0.707106781186548,1.,0.707106781186548,1.)))
REPRESENTATION_ITEM('')
SURFACE()
);
#6165=(
BOUNDED_SURFACE()
B_SPLINE_SURFACE(1,2,((#7327,#7328,#7329,#7330,#7331,#7332,#7333,#7334,
#7335),(#7336,#7337,#7338,#7339,#7340,#7341,#7342,#7343,#7344)),
 .UNSPECIFIED.,.F.,.F.,.F.)
B_SPLINE_SURFACE_WITH_KNOTS((2,2),(3,2,2,2,3),(0.,4.80000000000001),(0.,
1.5707963267949,3.14159265358979,4.71238898038469,6.28318530717959),
 .UNSPECIFIED.)
GEOMETRIC_REPRESENTATION_ITEM()
RATIONAL_B_SPLINE_SURFACE(((1.,0.707106781186548,1.,0.707106781186548,1.,
0.707106781186548,1.,0.707106781186548,1.),(1.,0.707106781186548,1.,0.707106781186548,
1.,0.707106781186548,1.,0.707106781186548,1.)))
REPRESENTATION_ITEM('')
SURFACE()
);
#6166=(
BOUNDED_SURFACE()
B_SPLINE_SURFACE(1,2,((#7345,#7346,#7347,#7348,#7349,#7350,#7351,#7352,
#7353),(#7354,#7355,#7356,#7357,#7358,#7359,#7360,#7361,#7362)),
 .UNSPECIFIED.,.F.,.F.,.F.)
B_SPLINE_SURFACE_WITH_KNOTS((2,2),(3,2,2,2,3),(0.,4.80000000000001),(0.,
1.5707963267949,3.14159265358979,4.71238898038469,6.28318530717959),
 .UNSPECIFIED.)
GEOMETRIC_REPRESENTATION_ITEM()
RATIONAL_B_SPLINE_SURFACE(((1.,0.707106781186548,1.,0.707106781186548,1.,
0.707106781186548,1.,0.707106781186548,1.),(1.,0.707106781186548,1.,0.707106781186548,
1.,0.707106781186548,1.,0.707106781186548,1.)))
REPRESENTATION_ITEM('')
SURFACE()
);
#6167=(
BOUNDED_SURFACE()
B_SPLINE_SURFACE(1,2,((#7372,#7373,#7374,#7375,#7376,#7377,#7378,#7379,
#7380),(#7381,#7382,#7383,#7384,#7385,#7386,#7387,#7388,#7389)),
 .UNSPECIFIED.,.F.,.F.,.F.)
B_SPLINE_SURFACE_WITH_KNOTS((2,2),(3,2,2,2,3),(0.,4.80000000000005),(0.,
1.5707963267949,3.14159265358979,4.71238898038469,6.28318530717959),
 .UNSPECIFIED.)
GEOMETRIC_REPRESENTATION_ITEM()
RATIONAL_B_SPLINE_SURFACE(((1.,0.707106781186548,1.,0.707106781186548,1.,
0.707106781186548,1.,0.707106781186548,1.),(1.,0.707106781186548,1.,0.707106781186548,
1.,0.707106781186548,1.,0.707106781186548,1.)))
REPRESENTATION_ITEM('')
SURFACE()
);
#6168=(
BOUNDED_SURFACE()
B_SPLINE_SURFACE(1,2,((#7390,#7391,#7392,#7393,#7394,#7395,#7396,#7397,
#7398),(#7399,#7400,#7401,#7402,#7403,#7404,#7405,#7406,#7407)),
 .UNSPECIFIED.,.F.,.F.,.F.)
B_SPLINE_SURFACE_WITH_KNOTS((2,2),(3,2,2,2,3),(0.,4.80000000000005),(0.,
1.5707963267949,3.14159265358979,4.71238898038469,6.28318530717959),
 .UNSPECIFIED.)
GEOMETRIC_REPRESENTATION_ITEM()
RATIONAL_B_SPLINE_SURFACE(((1.,0.707106781186548,1.,0.707106781186548,1.,
0.707106781186548,1.,0.707106781186548,1.),(1.,0.707106781186548,1.,0.707106781186548,
1.,0.707106781186548,1.,0.707106781186548,1.)))
REPRESENTATION_ITEM('')
SURFACE()
);
#6169=(
BOUNDED_SURFACE()
B_SPLINE_SURFACE(1,2,((#7414,#7415,#7416,#7417,#7418,#7419,#7420,#7421,
#7422),(#7423,#7424,#7425,#7426,#7427,#7428,#7429,#7430,#7431)),
 .UNSPECIFIED.,.F.,.F.,.F.)
B_SPLINE_SURFACE_WITH_KNOTS((2,2),(3,2,2,2,3),(0.,4.08000000000002),(0.,
38.4416314983735,76.8832629967471,115.324894495121,153.766525993494),
 .UNSPECIFIED.)
GEOMETRIC_REPRESENTATION_ITEM()
RATIONAL_B_SPLINE_SURFACE(((1.,0.707106781186548,1.,0.707106781186548,1.,
0.707106781186548,1.,0.707106781186548,1.),(1.,0.707106781186548,1.,0.707106781186548,
1.,0.707106781186548,1.,0.707106781186548,1.)))
REPRESENTATION_ITEM('')
SURFACE()
);
#6170=(
BOUNDED_SURFACE()
B_SPLINE_SURFACE(2,1,((#7435,#7436),(#7437,#7438),(#7439,#7440),(#7441,
#7442),(#7443,#7444),(#7445,#7446),(#7447,#7448),(#7449,#7450),(#7451,#7452)),
 .UNSPECIFIED.,.T.,.F.,.F.)
B_SPLINE_SURFACE_WITH_KNOTS((3,2,2,2,3),(2,2),(0.,1.5707963267949,3.14159265358979,
4.71238898038469,6.28318530717959),(0.,4.08000000000006),.UNSPECIFIED.)
GEOMETRIC_REPRESENTATION_ITEM()
RATIONAL_B_SPLINE_SURFACE(((1.,1.),(0.707106781186548,0.707106781186548),
(1.,1.),(0.707106781186548,0.707106781186548),(1.,1.),(0.707106781186548,
0.707106781186548),(1.,1.),(0.707106781186548,0.707106781186548),(1.,1.)))
REPRESENTATION_ITEM('')
SURFACE()
);
#6171=(
BOUNDED_SURFACE()
B_SPLINE_SURFACE(1,2,((#7456,#7457,#7458,#7459,#7460,#7461,#7462,#7463,
#7464),(#7465,#7466,#7467,#7468,#7469,#7470,#7471,#7472,#7473)),
 .UNSPECIFIED.,.F.,.F.,.F.)
B_SPLINE_SURFACE_WITH_KNOTS((2,2),(3,2,2,2,3),(0.,4.08),(0.,38.4416314983735,
76.8832629967471,115.324894495121,153.766525993494),.UNSPECIFIED.)
GEOMETRIC_REPRESENTATION_ITEM()
RATIONAL_B_SPLINE_SURFACE(((1.,0.707106781186548,1.,0.707106781186548,1.,
0.707106781186548,1.,0.707106781186548,1.),(1.,0.707106781186548,1.,0.707106781186548,
1.,0.707106781186548,1.,0.707106781186548,1.)))
REPRESENTATION_ITEM('')
SURFACE()
);
#6172=(
BOUNDED_SURFACE()
B_SPLINE_SURFACE(2,1,((#7477,#7478),(#7479,#7480),(#7481,#7482),(#7483,
#7484),(#7485,#7486),(#7487,#7488),(#7489,#7490),(#7491,#7492),(#7493,#7494)),
 .UNSPECIFIED.,.T.,.F.,.F.)
B_SPLINE_SURFACE_WITH_KNOTS((3,2,2,2,3),(2,2),(0.,1.5707963267949,3.14159265358979,
4.71238898038469,6.28318530717959),(0.,4.08000000000001),.UNSPECIFIED.)
GEOMETRIC_REPRESENTATION_ITEM()
RATIONAL_B_SPLINE_SURFACE(((1.,1.),(0.707106781186548,0.707106781186548),
(1.,1.),(0.707106781186548,0.707106781186548),(1.,1.),(0.707106781186548,
0.707106781186548),(1.,1.),(0.707106781186548,0.707106781186548),(1.,1.)))
REPRESENTATION_ITEM('')
SURFACE()
);
#6173=(
BOUNDED_SURFACE()
B_SPLINE_SURFACE(1,2,((#7498,#7499,#7500,#7501,#7502,#7503,#7504,#7505,
#7506),(#7507,#7508,#7509,#7510,#7511,#7512,#7513,#7514,#7515)),
 .UNSPECIFIED.,.F.,.F.,.F.)
B_SPLINE_SURFACE_WITH_KNOTS((2,2),(3,2,2,2,3),(0.,2.64),(0.,40.0553063332699,
80.1106126665397,120.16591899981,160.221225333079),.UNSPECIFIED.)
GEOMETRIC_REPRESENTATION_ITEM()
RATIONAL_B_SPLINE_SURFACE(((1.,0.707106781186548,1.,0.707106781186548,1.,
0.707106781186548,1.,0.707106781186548,1.),(1.,0.707106781186548,1.,0.707106781186548,
1.,0.707106781186548,1.,0.707106781186548,1.)))
REPRESENTATION_ITEM('')
SURFACE()
);
#6174=(
BOUNDED_SURFACE()
B_SPLINE_SURFACE(1,2,((#7516,#7517,#7518,#7519,#7520,#7521,#7522,#7523,
#7524),(#7525,#7526,#7527,#7528,#7529,#7530,#7531,#7532,#7533)),
 .UNSPECIFIED.,.F.,.F.,.F.)
B_SPLINE_SURFACE_WITH_KNOTS((2,2),(3,2,2,2,3),(0.,4.08000000000001),(0.,
38.4416314983735,76.8832629967471,115.324894495121,153.766525993494),
 .UNSPECIFIED.)
GEOMETRIC_REPRESENTATION_ITEM()
RATIONAL_B_SPLINE_SURFACE(((1.,0.707106781186548,1.,0.707106781186548,1.,
0.707106781186548,1.,0.707106781186548,1.),(1.,0.707106781186548,1.,0.707106781186548,
1.,0.707106781186548,1.,0.707106781186548,1.)))
REPRESENTATION_ITEM('')
SURFACE()
);
#6175=(
BOUNDED_SURFACE()
B_SPLINE_SURFACE(2,1,((#7537,#7538),(#7539,#7540),(#7541,#7542),(#7543,
#7544),(#7545,#7546),(#7547,#7548),(#7549,#7550),(#7551,#7552),(#7553,#7554)),
 .UNSPECIFIED.,.T.,.F.,.F.)
B_SPLINE_SURFACE_WITH_KNOTS((3,2,2,2,3),(2,2),(0.,1.5707963267949,3.14159265358979,
4.71238898038469,6.28318530717959),(0.,4.08000000000006),.UNSPECIFIED.)
GEOMETRIC_REPRESENTATION_ITEM()
RATIONAL_B_SPLINE_SURFACE(((1.,1.),(0.707106781186548,0.707106781186548),
(1.,1.),(0.707106781186548,0.707106781186548),(1.,1.),(0.707106781186548,
0.707106781186548),(1.,1.),(0.707106781186548,0.707106781186548),(1.,1.)))
REPRESENTATION_ITEM('')
SURFACE()
);
#6176=(
BOUNDED_SURFACE()
B_SPLINE_SURFACE(1,2,((#7558,#7559,#7560,#7561,#7562,#7563,#7564,#7565,
#7566),(#7567,#7568,#7569,#7570,#7571,#7572,#7573,#7574,#7575)),
 .UNSPECIFIED.,.F.,.F.,.F.)
B_SPLINE_SURFACE_WITH_KNOTS((2,2),(3,2,2,2,3),(0.,4.08000000000001),(0.,
38.4416314983735,76.8832629967471,115.324894495121,153.766525993494),
 .UNSPECIFIED.)
GEOMETRIC_REPRESENTATION_ITEM()
RATIONAL_B_SPLINE_SURFACE(((1.,0.707106781186548,1.,0.707106781186548,1.,
0.707106781186548,1.,0.707106781186548,1.),(1.,0.707106781186548,1.,0.707106781186548,
1.,0.707106781186548,1.,0.707106781186548,1.)))
REPRESENTATION_ITEM('')
SURFACE()
);
#6177=(
BOUNDED_SURFACE()
B_SPLINE_SURFACE(2,1,((#7579,#7580),(#7581,#7582),(#7583,#7584),(#7585,
#7586),(#7587,#7588),(#7589,#7590),(#7591,#7592),(#7593,#7594),(#7595,#7596)),
 .UNSPECIFIED.,.T.,.F.,.F.)
B_SPLINE_SURFACE_WITH_KNOTS((3,2,2,2,3),(2,2),(0.,1.5707963267949,3.14159265358979,
4.71238898038469,6.28318530717959),(0.,4.08000000000006),.UNSPECIFIED.)
GEOMETRIC_REPRESENTATION_ITEM()
RATIONAL_B_SPLINE_SURFACE(((1.,1.),(0.707106781186548,0.707106781186548),
(1.,1.),(0.707106781186548,0.707106781186548),(1.,1.),(0.707106781186548,
0.707106781186548),(1.,1.),(0.707106781186548,0.707106781186548),(1.,1.)))
REPRESENTATION_ITEM('')
SURFACE()
);
#6178=(
BOUNDED_SURFACE()
B_SPLINE_SURFACE(1,2,((#7600,#7601,#7602,#7603,#7604,#7605,#7606,#7607,
#7608),(#7609,#7610,#7611,#7612,#7613,#7614,#7615,#7616,#7617)),
 .UNSPECIFIED.,.F.,.F.,.F.)
B_SPLINE_SURFACE_WITH_KNOTS((2,2),(3,2,2,2,3),(0.,4.08000000000001),(0.,
38.4416314983735,76.8832629967471,115.324894495121,153.766525993494),
 .UNSPECIFIED.)
GEOMETRIC_REPRESENTATION_ITEM()
RATIONAL_B_SPLINE_SURFACE(((1.,0.707106781186548,1.,0.707106781186548,1.,
0.707106781186548,1.,0.707106781186548,1.),(1.,0.707106781186548,1.,0.707106781186548,
1.,0.707106781186548,1.,0.707106781186548,1.)))
REPRESENTATION_ITEM('')
SURFACE()
);
#6179=(
BOUNDED_SURFACE()
B_SPLINE_SURFACE(2,1,((#7621,#7622),(#7623,#7624),(#7625,#7626),(#7627,
#7628),(#7629,#7630),(#7631,#7632),(#7633,#7634),(#7635,#7636),(#7637,#7638)),
 .UNSPECIFIED.,.T.,.F.,.F.)
B_SPLINE_SURFACE_WITH_KNOTS((3,2,2,2,3),(2,2),(0.,1.5707963267949,3.14159265358979,
4.71238898038469,6.28318530717959),(0.,4.08000000000006),.UNSPECIFIED.)
GEOMETRIC_REPRESENTATION_ITEM()
RATIONAL_B_SPLINE_SURFACE(((1.,1.),(0.707106781186548,0.707106781186548),
(1.,1.),(0.707106781186548,0.707106781186548),(1.,1.),(0.707106781186548,
0.707106781186548),(1.,1.),(0.707106781186548,0.707106781186548),(1.,1.)))
REPRESENTATION_ITEM('')
SURFACE()
);
#6180=(
BOUNDED_SURFACE()
B_SPLINE_SURFACE(1,2,((#7642,#7643,#7644,#7645,#7646,#7647,#7648,#7649,
#7650),(#7651,#7652,#7653,#7654,#7655,#7656,#7657,#7658,#7659)),
 .UNSPECIFIED.,.F.,.F.,.F.)
B_SPLINE_SURFACE_WITH_KNOTS((2,2),(3,2,2,2,3),(0.,2.64),(0.,40.0553063332699,
80.1106126665397,120.16591899981,160.221225333079),.UNSPECIFIED.)
GEOMETRIC_REPRESENTATION_ITEM()
RATIONAL_B_SPLINE_SURFACE(((1.,0.707106781186548,1.,0.707106781186548,1.,
0.707106781186548,1.,0.707106781186548,1.),(1.,0.707106781186548,1.,0.707106781186548,
1.,0.707106781186548,1.,0.707106781186548,1.)))
REPRESENTATION_ITEM('')
SURFACE()
);
#6181=(
BOUNDED_SURFACE()
B_SPLINE_SURFACE(1,2,((#7660,#7661,#7662,#7663,#7664,#7665,#7666,#7667,
#7668),(#7669,#7670,#7671,#7672,#7673,#7674,#7675,#7676,#7677)),
 .UNSPECIFIED.,.F.,.F.,.F.)
B_SPLINE_SURFACE_WITH_KNOTS((2,2),(3,2,2,2,3),(0.,4.08000000000003),(0.,
38.4416314983735,76.8832629967471,115.324894495121,153.766525993494),
 .UNSPECIFIED.)
GEOMETRIC_REPRESENTATION_ITEM()
RATIONAL_B_SPLINE_SURFACE(((1.,0.707106781186548,1.,0.707106781186548,1.,
0.707106781186548,1.,0.707106781186548,1.),(1.,0.707106781186548,1.,0.707106781186548,
1.,0.707106781186548,1.,0.707106781186548,1.)))
REPRESENTATION_ITEM('')
SURFACE()
);
#6182=(
BOUNDED_SURFACE()
B_SPLINE_SURFACE(2,1,((#7681,#7682),(#7683,#7684),(#7685,#7686),(#7687,
#7688),(#7689,#7690),(#7691,#7692),(#7693,#7694),(#7695,#7696),(#7697,#7698)),
 .UNSPECIFIED.,.T.,.F.,.F.)
B_SPLINE_SURFACE_WITH_KNOTS((3,2,2,2,3),(2,2),(0.,1.5707963267949,3.14159265358979,
4.71238898038469,6.28318530717959),(0.,4.08000000000006),.UNSPECIFIED.)
GEOMETRIC_REPRESENTATION_ITEM()
RATIONAL_B_SPLINE_SURFACE(((1.,1.),(0.707106781186548,0.707106781186548),
(1.,1.),(0.707106781186548,0.707106781186548),(1.,1.),(0.707106781186548,
0.707106781186548),(1.,1.),(0.707106781186548,0.707106781186548),(1.,1.)))
REPRESENTATION_ITEM('')
SURFACE()
);
#6183=(
BOUNDED_SURFACE()
B_SPLINE_SURFACE(1,2,((#7702,#7703,#7704,#7705,#7706,#7707,#7708,#7709,
#7710),(#7711,#7712,#7713,#7714,#7715,#7716,#7717,#7718,#7719)),
 .UNSPECIFIED.,.F.,.F.,.F.)
B_SPLINE_SURFACE_WITH_KNOTS((2,2),(3,2,2,2,3),(0.,4.08000000000002),(0.,
38.4416314983735,76.8832629967471,115.324894495121,153.766525993494),
 .UNSPECIFIED.)
GEOMETRIC_REPRESENTATION_ITEM()
RATIONAL_B_SPLINE_SURFACE(((1.,0.707106781186548,1.,0.707106781186548,1.,
0.707106781186548,1.,0.707106781186548,1.),(1.,0.707106781186548,1.,0.707106781186548,
1.,0.707106781186548,1.,0.707106781186548,1.)))
REPRESENTATION_ITEM('')
SURFACE()
);
#6184=(
BOUNDED_SURFACE()
B_SPLINE_SURFACE(2,1,((#7723,#7724),(#7725,#7726),(#7727,#7728),(#7729,
#7730),(#7731,#7732),(#7733,#7734),(#7735,#7736),(#7737,#7738),(#7739,#7740)),
 .UNSPECIFIED.,.T.,.F.,.F.)
B_SPLINE_SURFACE_WITH_KNOTS((3,2,2,2,3),(2,2),(0.,1.5707963267949,3.14159265358979,
4.71238898038469,6.28318530717959),(0.,4.08000000000006),.UNSPECIFIED.)
GEOMETRIC_REPRESENTATION_ITEM()
RATIONAL_B_SPLINE_SURFACE(((1.,1.),(0.707106781186548,0.707106781186548),
(1.,1.),(0.707106781186548,0.707106781186548),(1.,1.),(0.707106781186548,
0.707106781186548),(1.,1.),(0.707106781186548,0.707106781186548),(1.,1.)))
REPRESENTATION_ITEM('')
SURFACE()
);
#6185=(
BOUNDED_SURFACE()
B_SPLINE_SURFACE(1,2,((#7744,#7745,#7746,#7747,#7748,#7749,#7750,#7751,
#7752),(#7753,#7754,#7755,#7756,#7757,#7758,#7759,#7760,#7761)),
 .UNSPECIFIED.,.F.,.F.,.F.)
B_SPLINE_SURFACE_WITH_KNOTS((2,2),(3,2,2,2,3),(0.,4.08),(0.,38.4416314983735,
76.8832629967471,115.324894495121,153.766525993494),.UNSPECIFIED.)
GEOMETRIC_REPRESENTATION_ITEM()
RATIONAL_B_SPLINE_SURFACE(((1.,0.707106781186548,1.,0.707106781186548,1.,
0.707106781186548,1.,0.707106781186548,1.),(1.,0.707106781186548,1.,0.707106781186548,
1.,0.707106781186548,1.,0.707106781186548,1.)))
REPRESENTATION_ITEM('')
SURFACE()
);
#6186=(
BOUNDED_SURFACE()
B_SPLINE_SURFACE(2,1,((#7765,#7766),(#7767,#7768),(#7769,#7770),(#7771,
#7772),(#7773,#7774),(#7775,#7776),(#7777,#7778),(#7779,#7780),(#7781,#7782)),
 .UNSPECIFIED.,.T.,.F.,.F.)
B_SPLINE_SURFACE_WITH_KNOTS((3,2,2,2,3),(2,2),(0.,1.5707963267949,3.14159265358979,
4.71238898038469,6.28318530717959),(0.,4.08000000000006),.UNSPECIFIED.)
GEOMETRIC_REPRESENTATION_ITEM()
RATIONAL_B_SPLINE_SURFACE(((1.,1.),(0.707106781186548,0.707106781186548),
(1.,1.),(0.707106781186548,0.707106781186548),(1.,1.),(0.707106781186548,
0.707106781186548),(1.,1.),(0.707106781186548,0.707106781186548),(1.,1.)))
REPRESENTATION_ITEM('')
SURFACE()
);
#6187=(
BOUNDED_SURFACE()
B_SPLINE_SURFACE(1,2,((#7786,#7787,#7788,#7789,#7790,#7791,#7792,#7793,
#7794),(#7795,#7796,#7797,#7798,#7799,#7800,#7801,#7802,#7803)),
 .UNSPECIFIED.,.F.,.F.,.F.)
B_SPLINE_SURFACE_WITH_KNOTS((2,2),(3,2,2,2,3),(0.,2.64),(0.,40.0553063332699,
80.1106126665397,120.16591899981,160.221225333079),.UNSPECIFIED.)
GEOMETRIC_REPRESENTATION_ITEM()
RATIONAL_B_SPLINE_SURFACE(((1.,0.707106781186548,1.,0.707106781186548,1.,
0.707106781186548,1.,0.707106781186548,1.),(1.,0.707106781186548,1.,0.707106781186548,
1.,0.707106781186548,1.,0.707106781186548,1.)))
REPRESENTATION_ITEM('')
SURFACE()
);
#6188=(
BOUNDED_SURFACE()
B_SPLINE_SURFACE(1,2,((#7804,#7805,#7806,#7807,#7808,#7809,#7810,#7811,
#7812),(#7813,#7814,#7815,#7816,#7817,#7818,#7819,#7820,#7821)),
 .UNSPECIFIED.,.F.,.F.,.F.)
B_SPLINE_SURFACE_WITH_KNOTS((2,2),(3,2,2,2,3),(0.,4.08),(0.,38.4416314983735,
76.8832629967471,115.324894495121,153.766525993494),.UNSPECIFIED.)
GEOMETRIC_REPRESENTATION_ITEM()
RATIONAL_B_SPLINE_SURFACE(((1.,0.707106781186548,1.,0.707106781186548,1.,
0.707106781186548,1.,0.707106781186548,1.),(1.,0.707106781186548,1.,0.707106781186548,
1.,0.707106781186548,1.,0.707106781186548,1.)))
REPRESENTATION_ITEM('')
SURFACE()
);
#6189=(
BOUNDED_SURFACE()
B_SPLINE_SURFACE(2,1,((#7825,#7826),(#7827,#7828),(#7829,#7830),(#7831,
#7832),(#7833,#7834),(#7835,#7836),(#7837,#7838),(#7839,#7840),(#7841,#7842)),
 .UNSPECIFIED.,.T.,.F.,.F.)
B_SPLINE_SURFACE_WITH_KNOTS((3,2,2,2,3),(2,2),(0.,1.5707963267949,3.14159265358979,
4.71238898038469,6.28318530717959),(0.,4.08000000000006),.UNSPECIFIED.)
GEOMETRIC_REPRESENTATION_ITEM()
RATIONAL_B_SPLINE_SURFACE(((1.,1.),(0.707106781186548,0.707106781186548),
(1.,1.),(0.707106781186548,0.707106781186548),(1.,1.),(0.707106781186548,
0.707106781186548),(1.,1.),(0.707106781186548,0.707106781186548),(1.,1.)))
REPRESENTATION_ITEM('')
SURFACE()
);
#6190=(
BOUNDED_SURFACE()
B_SPLINE_SURFACE(1,2,((#7846,#7847,#7848,#7849,#7850,#7851,#7852,#7853,
#7854),(#7855,#7856,#7857,#7858,#7859,#7860,#7861,#7862,#7863)),
 .UNSPECIFIED.,.F.,.F.,.F.)
B_SPLINE_SURFACE_WITH_KNOTS((2,2),(3,2,2,2,3),(0.,4.08000000000001),(0.,
38.4416314983735,76.8832629967471,115.324894495121,153.766525993494),
 .UNSPECIFIED.)
GEOMETRIC_REPRESENTATION_ITEM()
RATIONAL_B_SPLINE_SURFACE(((1.,0.707106781186548,1.,0.707106781186548,1.,
0.707106781186548,1.,0.707106781186548,1.),(1.,0.707106781186548,1.,0.707106781186548,
1.,0.707106781186548,1.,0.707106781186548,1.)))
REPRESENTATION_ITEM('')
SURFACE()
);
#6191=(
BOUNDED_SURFACE()
B_SPLINE_SURFACE(2,1,((#7867,#7868),(#7869,#7870),(#7871,#7872),(#7873,
#7874),(#7875,#7876),(#7877,#7878),(#7879,#7880),(#7881,#7882),(#7883,#7884)),
 .UNSPECIFIED.,.T.,.F.,.F.)
B_SPLINE_SURFACE_WITH_KNOTS((3,2,2,2,3),(2,2),(0.,1.5707963267949,3.14159265358979,
4.71238898038469,6.28318530717959),(0.,4.08000000000006),.UNSPECIFIED.)
GEOMETRIC_REPRESENTATION_ITEM()
RATIONAL_B_SPLINE_SURFACE(((1.,1.),(0.707106781186548,0.707106781186548),
(1.,1.),(0.707106781186548,0.707106781186548),(1.,1.),(0.707106781186548,
0.707106781186548),(1.,1.),(0.707106781186548,0.707106781186548),(1.,1.)))
REPRESENTATION_ITEM('')
SURFACE()
);
#6192=(
BOUNDED_SURFACE()
B_SPLINE_SURFACE(1,2,((#7888,#7889,#7890,#7891,#7892,#7893,#7894,#7895,
#7896),(#7897,#7898,#7899,#7900,#7901,#7902,#7903,#7904,#7905)),
 .UNSPECIFIED.,.F.,.F.,.F.)
B_SPLINE_SURFACE_WITH_KNOTS((2,2),(3,2,2,2,3),(0.,4.08),(0.,38.4416314983735,
76.8832629967471,115.324894495121,153.766525993494),.UNSPECIFIED.)
GEOMETRIC_REPRESENTATION_ITEM()
RATIONAL_B_SPLINE_SURFACE(((1.,0.707106781186548,1.,0.707106781186548,1.,
0.707106781186548,1.,0.707106781186548,1.),(1.,0.707106781186548,1.,0.707106781186548,
1.,0.707106781186548,1.,0.707106781186548,1.)))
REPRESENTATION_ITEM('')
SURFACE()
);
#6193=(
BOUNDED_SURFACE()
B_SPLINE_SURFACE(2,1,((#7909,#7910),(#7911,#7912),(#7913,#7914),(#7915,
#7916),(#7917,#7918),(#7919,#7920),(#7921,#7922),(#7923,#7924),(#7925,#7926)),
 .UNSPECIFIED.,.T.,.F.,.F.)
B_SPLINE_SURFACE_WITH_KNOTS((3,2,2,2,3),(2,2),(0.,1.5707963267949,3.14159265358979,
4.71238898038469,6.28318530717959),(0.,4.08000000000001),.UNSPECIFIED.)
GEOMETRIC_REPRESENTATION_ITEM()
RATIONAL_B_SPLINE_SURFACE(((1.,1.),(0.707106781186548,0.707106781186548),
(1.,1.),(0.707106781186548,0.707106781186548),(1.,1.),(0.707106781186548,
0.707106781186548),(1.,1.),(0.707106781186548,0.707106781186548),(1.,1.)))
REPRESENTATION_ITEM('')
SURFACE()
);
#6194=(
BOUNDED_SURFACE()
B_SPLINE_SURFACE(1,2,((#7930,#7931,#7932,#7933,#7934,#7935,#7936,#7937,
#7938),(#7939,#7940,#7941,#7942,#7943,#7944,#7945,#7946,#7947)),
 .UNSPECIFIED.,.F.,.F.,.F.)
B_SPLINE_SURFACE_WITH_KNOTS((2,2),(3,2,2,2,3),(0.,4.08000000000003),(0.,
38.4416314983735,76.8832629967471,115.324894495121,153.766525993494),
 .UNSPECIFIED.)
GEOMETRIC_REPRESENTATION_ITEM()
RATIONAL_B_SPLINE_SURFACE(((1.,0.707106781186548,1.,0.707106781186548,1.,
0.707106781186548,1.,0.707106781186548,1.),(1.,0.707106781186548,1.,0.707106781186548,
1.,0.707106781186548,1.,0.707106781186548,1.)))
REPRESENTATION_ITEM('')
SURFACE()
);
#6195=(
BOUNDED_SURFACE()
B_SPLINE_SURFACE(2,1,((#7951,#7952),(#7953,#7954),(#7955,#7956),(#7957,
#7958),(#7959,#7960),(#7961,#7962),(#7963,#7964),(#7965,#7966),(#7967,#7968)),
 .UNSPECIFIED.,.T.,.F.,.F.)
B_SPLINE_SURFACE_WITH_KNOTS((3,2,2,2,3),(2,2),(0.,1.5707963267949,3.14159265358979,
4.71238898038469,6.28318530717959),(0.,4.08000000000006),.UNSPECIFIED.)
GEOMETRIC_REPRESENTATION_ITEM()
RATIONAL_B_SPLINE_SURFACE(((1.,1.),(0.707106781186548,0.707106781186548),
(1.,1.),(0.707106781186548,0.707106781186548),(1.,1.),(0.707106781186548,
0.707106781186548),(1.,1.),(0.707106781186548,0.707106781186548),(1.,1.)))
REPRESENTATION_ITEM('')
SURFACE()
);
#6196=(
BOUNDED_SURFACE()
B_SPLINE_SURFACE(1,2,((#7972,#7973,#7974,#7975,#7976,#7977,#7978,#7979,
#7980),(#7981,#7982,#7983,#7984,#7985,#7986,#7987,#7988,#7989)),
 .UNSPECIFIED.,.F.,.F.,.F.)
B_SPLINE_SURFACE_WITH_KNOTS((2,2),(3,2,2,2,3),(0.,1.20000000000001),(0.,
1.5707963267949,3.14159265358979,4.71238898038469,6.28318530717959),
 .UNSPECIFIED.)
GEOMETRIC_REPRESENTATION_ITEM()
RATIONAL_B_SPLINE_SURFACE(((1.,0.707106781186548,1.,0.707106781186548,1.,
0.707106781186548,1.,0.707106781186548,1.),(1.,0.707106781186548,1.,0.707106781186548,
1.,0.707106781186548,1.,0.707106781186548,1.)))
REPRESENTATION_ITEM('')
SURFACE()
);
#6197=(
BOUNDED_SURFACE()
B_SPLINE_SURFACE(1,2,((#7990,#7991,#7992,#7993,#7994,#7995,#7996,#7997,
#7998),(#7999,#8000,#8001,#8002,#8003,#8004,#8005,#8006,#8007)),
 .UNSPECIFIED.,.F.,.F.,.F.)
B_SPLINE_SURFACE_WITH_KNOTS((2,2),(3,2,2,2,3),(0.,1.20000000000001),(0.,
1.5707963267949,3.14159265358979,4.71238898038469,6.28318530717959),
 .UNSPECIFIED.)
GEOMETRIC_REPRESENTATION_ITEM()
RATIONAL_B_SPLINE_SURFACE(((1.,0.707106781186548,1.,0.707106781186548,1.,
0.707106781186548,1.,0.707106781186548,1.),(1.,0.707106781186548,1.,0.707106781186548,
1.,0.707106781186548,1.,0.707106781186548,1.)))
REPRESENTATION_ITEM('')
SURFACE()
);
#6198=(
BOUNDED_SURFACE()
B_SPLINE_SURFACE(1,2,((#8009,#8010,#8011,#8012,#8013,#8014,#8015,#8016,
#8017),(#8018,#8019,#8020,#8021,#8022,#8023,#8024,#8025,#8026)),
 .UNSPECIFIED.,.F.,.F.,.F.)
B_SPLINE_SURFACE_WITH_KNOTS((2,2),(3,2,2,2,3),(0.,25.8376817845564),(0.,
1.5707963267949,3.14159265358979,4.71238898038469,6.28318530717959),
 .UNSPECIFIED.)
GEOMETRIC_REPRESENTATION_ITEM()
RATIONAL_B_SPLINE_SURFACE(((1.,0.707106781186548,1.,0.707106781186548,1.,
0.707106781186548,1.,0.707106781186548,1.),(1.,0.707106781186548,1.,0.707106781186548,
1.,0.707106781186548,1.,0.707106781186548,1.)))
REPRESENTATION_ITEM('')
SURFACE()
);
#6199=(
BOUNDED_SURFACE()
B_SPLINE_SURFACE(1,2,((#8027,#8028,#8029,#8030,#8031,#8032,#8033,#8034,
#8035),(#8036,#8037,#8038,#8039,#8040,#8041,#8042,#8043,#8044)),
 .UNSPECIFIED.,.F.,.F.,.F.)
B_SPLINE_SURFACE_WITH_KNOTS((2,2),(3,2,2,2,3),(0.,25.8376817845564),(0.,
1.5707963267949,3.14159265358979,4.71238898038469,6.28318530717959),
 .UNSPECIFIED.)
GEOMETRIC_REPRESENTATION_ITEM()
RATIONAL_B_SPLINE_SURFACE(((1.,0.707106781186548,1.,0.707106781186548,1.,
0.707106781186548,1.,0.707106781186548,1.),(1.,0.707106781186548,1.,0.707106781186548,
1.,0.707106781186548,1.,0.707106781186548,1.)))
REPRESENTATION_ITEM('')
SURFACE()
);
#6200=(
BOUNDED_SURFACE()
B_SPLINE_SURFACE(2,1,((#8052,#8053),(#8054,#8055),(#8056,#8057),(#8058,
#8059),(#8060,#8061),(#8062,#8063),(#8064,#8065),(#8066,#8067),(#8068,#8069)),
 .UNSPECIFIED.,.T.,.F.,.F.)
B_SPLINE_SURFACE_WITH_KNOTS((3,2,2,2,3),(2,2),(0.,1.5707963267949,3.14159265358979,
4.71238898038469,6.28318530717959),(0.,4.52548339959391),.UNSPECIFIED.)
GEOMETRIC_REPRESENTATION_ITEM()
RATIONAL_B_SPLINE_SURFACE(((1.,1.),(0.707106781186548,0.707106781186548),
(1.,1.),(0.707106781186548,0.707106781186548),(1.,1.),(0.707106781186548,
0.707106781186548),(1.,1.),(0.707106781186548,0.707106781186548),(1.,1.)))
REPRESENTATION_ITEM('')
SURFACE()
);
#6201=(
BOUNDED_SURFACE()
B_SPLINE_SURFACE(2,1,((#8071,#8072),(#8073,#8074),(#8075,#8076),(#8077,
#8078),(#8079,#8080),(#8081,#8082),(#8083,#8084),(#8085,#8086),(#8087,#8088)),
 .UNSPECIFIED.,.T.,.F.,.F.)
B_SPLINE_SURFACE_WITH_KNOTS((3,2,2,2,3),(2,2),(0.,1.5707963267949,3.14159265358979,
4.71238898038469,6.28318530717959),(0.,4.525483399594),.UNSPECIFIED.)
GEOMETRIC_REPRESENTATION_ITEM()
RATIONAL_B_SPLINE_SURFACE(((1.,1.),(0.707106781186548,0.707106781186548),
(1.,1.),(0.707106781186548,0.707106781186548),(1.,1.),(0.707106781186548,
0.707106781186548),(1.,1.),(0.707106781186548,0.707106781186548),(1.,1.)))
REPRESENTATION_ITEM('')
SURFACE()
);
#6202=(
BOUNDED_SURFACE()
B_SPLINE_SURFACE(1,2,((#8091,#8092,#8093,#8094,#8095,#8096,#8097,#8098,
#8099),(#8100,#8101,#8102,#8103,#8104,#8105,#8106,#8107,#8108)),
 .UNSPECIFIED.,.F.,.F.,.F.)
B_SPLINE_SURFACE_WITH_KNOTS((2,2),(3,2,2,2,3),(0.,20.9374317909346),(0.,
1.5707963267949,3.14159265358979,4.71238898038469,6.28318530717959),
 .UNSPECIFIED.)
GEOMETRIC_REPRESENTATION_ITEM()
RATIONAL_B_SPLINE_SURFACE(((1.,0.707106781186548,1.,0.707106781186548,1.,
0.707106781186548,1.,0.707106781186548,1.),(1.,0.707106781186548,1.,0.707106781186548,
1.,0.707106781186548,1.,0.707106781186548,1.)))
REPRESENTATION_ITEM('')
SURFACE()
);
#6203=(
BOUNDED_SURFACE()
B_SPLINE_SURFACE(2,1,((#8111,#8112),(#8113,#8114),(#8115,#8116),(#8117,
#8118),(#8119,#8120),(#8121,#8122),(#8123,#8124),(#8125,#8126),(#8127,#8128)),
 .UNSPECIFIED.,.T.,.F.,.F.)
B_SPLINE_SURFACE_WITH_KNOTS((3,2,2,2,3),(2,2),(0.,1.5707963267949,3.14159265358979,
4.71238898038469,6.28318530717959),(0.,4.52548339959397),.UNSPECIFIED.)
GEOMETRIC_REPRESENTATION_ITEM()
RATIONAL_B_SPLINE_SURFACE(((1.,1.),(0.707106781186548,0.707106781186548),
(1.,1.),(0.707106781186548,0.707106781186548),(1.,1.),(0.707106781186548,
0.707106781186548),(1.,1.),(0.707106781186548,0.707106781186548),(1.,1.)))
REPRESENTATION_ITEM('')
SURFACE()
);
#6204=(
BOUNDED_SURFACE()
B_SPLINE_SURFACE(1,2,((#8132,#8133,#8134,#8135,#8136,#8137,#8138,#8139,
#8140),(#8141,#8142,#8143,#8144,#8145,#8146,#8147,#8148,#8149)),
 .UNSPECIFIED.,.F.,.F.,.F.)
B_SPLINE_SURFACE_WITH_KNOTS((2,2),(3,2,2,2,3),(0.,20.9374317909404),(0.,
1.5707963267949,3.14159265358979,4.71238898038469,6.28318530717959),
 .UNSPECIFIED.)
GEOMETRIC_REPRESENTATION_ITEM()
RATIONAL_B_SPLINE_SURFACE(((1.,0.707106781186548,1.,0.707106781186548,1.,
0.707106781186548,1.,0.707106781186548,1.),(1.,0.707106781186548,1.,0.707106781186548,
1.,0.707106781186548,1.,0.707106781186548,1.)))
REPRESENTATION_ITEM('')
SURFACE()
);
#6205=(
BOUNDED_SURFACE()
B_SPLINE_SURFACE(1,2,((#8158,#8159,#8160,#8161,#8162,#8163,#8164,#8165,
#8166),(#8167,#8168,#8169,#8170,#8171,#8172,#8173,#8174,#8175)),
 .UNSPECIFIED.,.F.,.F.,.F.)
B_SPLINE_SURFACE_WITH_KNOTS((2,2),(3,2,2,2,3),(0.,2.16),(0.,1.5707963267949,
3.14159265358979,4.71238898038469,6.28318530717959),.UNSPECIFIED.)
GEOMETRIC_REPRESENTATION_ITEM()
RATIONAL_B_SPLINE_SURFACE(((1.,0.707106781186548,1.,0.707106781186548,1.,
0.707106781186548,1.,0.707106781186548,1.),(1.,0.707106781186548,1.,0.707106781186548,
1.,0.707106781186548,1.,0.707106781186548,1.)))
REPRESENTATION_ITEM('')
SURFACE()
);
#6206=(
BOUNDED_SURFACE()
B_SPLINE_SURFACE(1,2,((#8177,#8178,#8179,#8180,#8181,#8182,#8183,#8184,
#8185),(#8186,#8187,#8188,#8189,#8190,#8191,#8192,#8193,#8194)),
 .UNSPECIFIED.,.F.,.F.,.F.)
B_SPLINE_SURFACE_WITH_KNOTS((2,2),(3,2,2,2,3),(0.,2.16),(0.,1.5707963267949,
3.14159265358979,4.71238898038469,6.28318530717959),.UNSPECIFIED.)
GEOMETRIC_REPRESENTATION_ITEM()
RATIONAL_B_SPLINE_SURFACE(((1.,0.707106781186548,1.,0.707106781186548,1.,
0.707106781186548,1.,0.707106781186548,1.),(1.,0.707106781186548,1.,0.707106781186548,
1.,0.707106781186548,1.,0.707106781186548,1.)))
REPRESENTATION_ITEM('')
SURFACE()
);
#6207=(
BOUNDED_SURFACE()
B_SPLINE_SURFACE(1,2,((#8196,#8197,#8198,#8199,#8200,#8201,#8202,#8203,
#8204),(#8205,#8206,#8207,#8208,#8209,#8210,#8211,#8212,#8213)),
 .UNSPECIFIED.,.F.,.F.,.F.)
B_SPLINE_SURFACE_WITH_KNOTS((2,2),(3,2,2,2,3),(0.,2.16),(0.,1.5707963267949,
3.14159265358979,4.71238898038469,6.28318530717959),.UNSPECIFIED.)
GEOMETRIC_REPRESENTATION_ITEM()
RATIONAL_B_SPLINE_SURFACE(((1.,0.707106781186548,1.,0.707106781186548,1.,
0.707106781186548,1.,0.707106781186548,1.),(1.,0.707106781186548,1.,0.707106781186548,
1.,0.707106781186548,1.,0.707106781186548,1.)))
REPRESENTATION_ITEM('')
SURFACE()
);
#6208=(
BOUNDED_SURFACE()
B_SPLINE_SURFACE(1,2,((#8215,#8216,#8217,#8218,#8219,#8220,#8221,#8222,
#8223),(#8224,#8225,#8226,#8227,#8228,#8229,#8230,#8231,#8232)),
 .UNSPECIFIED.,.F.,.F.,.F.)
B_SPLINE_SURFACE_WITH_KNOTS((2,2),(3,2,2,2,3),(0.,2.16),(0.,1.5707963267949,
3.14159265358979,4.71238898038469,6.28318530717959),.UNSPECIFIED.)
GEOMETRIC_REPRESENTATION_ITEM()
RATIONAL_B_SPLINE_SURFACE(((1.,0.707106781186548,1.,0.707106781186548,1.,
0.707106781186548,1.,0.707106781186548,1.),(1.,0.707106781186548,1.,0.707106781186548,
1.,0.707106781186548,1.,0.707106781186548,1.)))
REPRESENTATION_ITEM('')
SURFACE()
);
#6209=(
BOUNDED_SURFACE()
B_SPLINE_SURFACE(2,1,((#8233,#8234),(#8235,#8236),(#8237,#8238),(#8239,
#8240),(#8241,#8242),(#8243,#8244),(#8245,#8246),(#8247,#8248),(#8249,#8250)),
 .UNSPECIFIED.,.T.,.F.,.F.)
B_SPLINE_SURFACE_WITH_KNOTS((3,2,2,2,3),(2,2),(0.,1.5707963267949,3.14159265358979,
4.71238898038469,6.28318530717959),(0.,6.72000000000001),.UNSPECIFIED.)
GEOMETRIC_REPRESENTATION_ITEM()
RATIONAL_B_SPLINE_SURFACE(((1.,1.),(0.707106781186548,0.707106781186548),
(1.,1.),(0.707106781186548,0.707106781186548),(1.,1.),(0.707106781186548,
0.707106781186548),(1.,1.),(0.707106781186548,0.707106781186548),(1.,1.)))
REPRESENTATION_ITEM('')
SURFACE()
);
#6210=(
BOUNDED_SURFACE()
B_SPLINE_SURFACE(2,1,((#8251,#8252),(#8253,#8254),(#8255,#8256),(#8257,
#8258),(#8259,#8260),(#8261,#8262),(#8263,#8264),(#8265,#8266),(#8267,#8268)),
 .UNSPECIFIED.,.T.,.F.,.F.)
B_SPLINE_SURFACE_WITH_KNOTS((3,2,2,2,3),(2,2),(0.,1.5707963267949,3.14159265358979,
4.71238898038469,6.28318530717959),(0.,6.72000000000004),.UNSPECIFIED.)
GEOMETRIC_REPRESENTATION_ITEM()
RATIONAL_B_SPLINE_SURFACE(((1.,1.),(0.707106781186548,0.707106781186548),
(1.,1.),(0.707106781186548,0.707106781186548),(1.,1.),(0.707106781186548,
0.707106781186548),(1.,1.),(0.707106781186548,0.707106781186548),(1.,1.)))
REPRESENTATION_ITEM('')
SURFACE()
);
#6211=(
BOUNDED_SURFACE()
B_SPLINE_SURFACE(2,1,((#8270,#8271),(#8272,#8273),(#8274,#8275),(#8276,
#8277),(#8278,#8279),(#8280,#8281),(#8282,#8283),(#8284,#8285),(#8286,#8287)),
 .UNSPECIFIED.,.T.,.F.,.F.)
B_SPLINE_SURFACE_WITH_KNOTS((3,2,2,2,3),(2,2),(0.,1.5707963267949,3.14159265358979,
4.71238898038469,6.28318530717959),(0.,6.72000000000004),.UNSPECIFIED.)
GEOMETRIC_REPRESENTATION_ITEM()
RATIONAL_B_SPLINE_SURFACE(((1.,1.),(0.707106781186548,0.707106781186548),
(1.,1.),(0.707106781186548,0.707106781186548),(1.,1.),(0.707106781186548,
0.707106781186548),(1.,1.),(0.707106781186548,0.707106781186548),(1.,1.)))
REPRESENTATION_ITEM('')
SURFACE()
);
#6212=(
BOUNDED_SURFACE()
B_SPLINE_SURFACE(2,1,((#8290,#8291),(#8292,#8293),(#8294,#8295),(#8296,
#8297),(#8298,#8299),(#8300,#8301),(#8302,#8303),(#8304,#8305),(#8306,#8307)),
 .UNSPECIFIED.,.T.,.F.,.F.)
B_SPLINE_SURFACE_WITH_KNOTS((3,2,2,2,3),(2,2),(0.,1.5707963267949,3.14159265358979,
4.71238898038469,6.28318530717959),(0.,6.72000000000001),.UNSPECIFIED.)
GEOMETRIC_REPRESENTATION_ITEM()
RATIONAL_B_SPLINE_SURFACE(((1.,1.),(0.707106781186548,0.707106781186548),
(1.,1.),(0.707106781186548,0.707106781186548),(1.,1.),(0.707106781186548,
0.707106781186548),(1.,1.),(0.707106781186548,0.707106781186548),(1.,1.)))
REPRESENTATION_ITEM('')
SURFACE()
);
#6213=(
BOUNDED_SURFACE()
B_SPLINE_SURFACE(1,2,((#8313,#8314,#8315,#8316,#8317,#8318,#8319,#8320,
#8321),(#8322,#8323,#8324,#8325,#8326,#8327,#8328,#8329,#8330)),
 .UNSPECIFIED.,.F.,.F.,.F.)
B_SPLINE_SURFACE_WITH_KNOTS((2,2),(3,2,2,2,3),(0.,0.479999999999997),(0.,
1.5707963267949,3.14159265358979,4.71238898038469,6.28318530717959),
 .UNSPECIFIED.)
GEOMETRIC_REPRESENTATION_ITEM()
RATIONAL_B_SPLINE_SURFACE(((1.,0.707106781186548,1.,0.707106781186548,1.,
0.707106781186548,1.,0.707106781186548,1.),(1.,0.707106781186548,1.,0.707106781186548,
1.,0.707106781186548,1.,0.707106781186548,1.)))
REPRESENTATION_ITEM('')
SURFACE()
);
#6214=(
BOUNDED_SURFACE()
B_SPLINE_SURFACE(2,1,((#8333,#8334),(#8335,#8336),(#8337,#8338),(#8339,
#8340),(#8341,#8342),(#8343,#8344),(#8345,#8346),(#8347,#8348),(#8349,#8350)),
 .UNSPECIFIED.,.T.,.F.,.F.)
B_SPLINE_SURFACE_WITH_KNOTS((3,2,2,2,3),(2,2),(0.,1.5707963267949,3.14159265358979,
4.71238898038469,6.28318530717959),(0.,0.48000000000031),.UNSPECIFIED.)
GEOMETRIC_REPRESENTATION_ITEM()
RATIONAL_B_SPLINE_SURFACE(((1.,1.),(0.707106781186548,0.707106781186548),
(1.,1.),(0.707106781186548,0.707106781186548),(1.,1.),(0.707106781186548,
0.707106781186548),(1.,1.),(0.707106781186548,0.707106781186548),(1.,1.)))
REPRESENTATION_ITEM('')
SURFACE()
);
#6215=(
BOUNDED_SURFACE()
B_SPLINE_SURFACE(2,1,((#8352,#8353),(#8354,#8355),(#8356,#8357),(#8358,
#8359),(#8360,#8361),(#8362,#8363),(#8364,#8365),(#8366,#8367),(#8368,#8369)),
 .UNSPECIFIED.,.T.,.F.,.F.)
B_SPLINE_SURFACE_WITH_KNOTS((3,2,2,2,3),(2,2),(0.,1.5707963267949,3.14159265358979,
4.71238898038469,6.28318530717959),(0.,0.480000000000068),.UNSPECIFIED.)
GEOMETRIC_REPRESENTATION_ITEM()
RATIONAL_B_SPLINE_SURFACE(((1.,1.),(0.707106781186548,0.707106781186548),
(1.,1.),(0.707106781186548,0.707106781186548),(1.,1.),(0.707106781186548,
0.707106781186548),(1.,1.),(0.707106781186548,0.707106781186548),(1.,1.)))
REPRESENTATION_ITEM('')
SURFACE()
);
#6216=(
BOUNDED_SURFACE()
B_SPLINE_SURFACE(1,2,((#8372,#8373,#8374,#8375,#8376,#8377,#8378,#8379,
#8380),(#8381,#8382,#8383,#8384,#8385,#8386,#8387,#8388,#8389)),
 .UNSPECIFIED.,.F.,.F.,.F.)
B_SPLINE_SURFACE_WITH_KNOTS((2,2),(3,2,2,2,3),(0.,0.480000000000054),(0.,
1.5707963267949,3.14159265358979,4.71238898038469,6.28318530717959),
 .UNSPECIFIED.)
GEOMETRIC_REPRESENTATION_ITEM()
RATIONAL_B_SPLINE_SURFACE(((1.,0.707106781186548,1.,0.707106781186548,1.,
0.707106781186548,1.,0.707106781186548,1.),(1.,0.707106781186548,1.,0.707106781186548,
1.,0.707106781186548,1.,0.707106781186548,1.)))
REPRESENTATION_ITEM('')
SURFACE()
);
#6217=(
BOUNDED_SURFACE()
B_SPLINE_SURFACE(2,1,((#8392,#8393),(#8394,#8395),(#8396,#8397),(#8398,
#8399),(#8400,#8401),(#8402,#8403),(#8404,#8405),(#8406,#8407),(#8408,#8409)),
 .UNSPECIFIED.,.T.,.F.,.F.)
B_SPLINE_SURFACE_WITH_KNOTS((3,2,2,2,3),(2,2),(0.,1.5707963267949,3.14159265358979,
4.71238898038469,6.28318530717959),(0.,0.479999999999997),.UNSPECIFIED.)
GEOMETRIC_REPRESENTATION_ITEM()
RATIONAL_B_SPLINE_SURFACE(((1.,1.),(0.707106781186548,0.707106781186548),
(1.,1.),(0.707106781186548,0.707106781186548),(1.,1.),(0.707106781186548,
0.707106781186548),(1.,1.),(0.707106781186548,0.707106781186548),(1.,1.)))
REPRESENTATION_ITEM('')
SURFACE()
);
#6218=(
BOUNDED_SURFACE()
B_SPLINE_SURFACE(1,2,((#8430,#8431,#8432,#8433,#8434,#8435,#8436,#8437,
#8438),(#8439,#8440,#8441,#8442,#8443,#8444,#8445,#8446,#8447)),
 .UNSPECIFIED.,.F.,.F.,.F.)
B_SPLINE_SURFACE_WITH_KNOTS((2,2),(3,2,2,2,3),(0.,0.480000000000075),(0.,
1.5707963267949,3.14159265358979,4.71238898038469,6.28318530717959),
 .UNSPECIFIED.)
GEOMETRIC_REPRESENTATION_ITEM()
RATIONAL_B_SPLINE_SURFACE(((1.,0.707106781186548,1.,0.707106781186548,1.,
0.707106781186548,1.,0.707106781186548,1.),(1.,0.707106781186548,1.,0.707106781186548,
1.,0.707106781186548,1.,0.707106781186548,1.)))
REPRESENTATION_ITEM('')
SURFACE()
);
#6219=SHAPE_DEFINITION_REPRESENTATION(#6220,#6237);
#6220=PRODUCT_DEFINITION_SHAPE('Document','',#6222);
#6221=PRODUCT_DEFINITION_CONTEXT('3D Mechanical Parts',#6226,'design');
#6222=PRODUCT_DEFINITION('A','First version',#6223,#6221);
#6223=PRODUCT_DEFINITION_FORMATION_WITH_SPECIFIED_SOURCE('A',
'First version',#6228,.MADE.);
#6224=PRODUCT_RELATED_PRODUCT_CATEGORY('tool','tool',(#6228));
#6225=APPLICATION_PROTOCOL_DEFINITION('Draft International Standard',
'automotive_design',1999,#6226);
#6226=APPLICATION_CONTEXT(
'data for automotive mechanical design processes');
#6227=PRODUCT_CONTEXT('3D Mechanical Parts',#6226,'mechanical');
#6228=PRODUCT('Document','Document','Rhino converted to STEP',(#6227));
#6229=(
LENGTH_UNIT()
NAMED_UNIT(*)
SI_UNIT(.MILLI.,.METRE.)
);
#6230=(
NAMED_UNIT(*)
PLANE_ANGLE_UNIT()
SI_UNIT($,.RADIAN.)
);
#6231=DIMENSIONAL_EXPONENTS(0.,0.,0.,0.,0.,0.,0.);
#6232=PLANE_ANGLE_MEASURE_WITH_UNIT(PLANE_ANGLE_MEASURE(0.01745329252),
#6230);
#6233=(
CONVERSION_BASED_UNIT('DEGREES',#6232)
NAMED_UNIT(#6231)
PLANE_ANGLE_UNIT()
);
#6234=(
NAMED_UNIT(*)
SI_UNIT($,.STERADIAN.)
SOLID_ANGLE_UNIT()
);
#6235=UNCERTAINTY_MEASURE_WITH_UNIT(LENGTH_MEASURE(0.001),#6229,
'DISTANCE_ACCURACY_VALUE',
'Maximum model space distance between geometric entities at asserted c
onnectivities');
#6236=(
GEOMETRIC_REPRESENTATION_CONTEXT(3)
GLOBAL_UNCERTAINTY_ASSIGNED_CONTEXT((#6235))
GLOBAL_UNIT_ASSIGNED_CONTEXT((#6234,#6233,#6229))
REPRESENTATION_CONTEXT('ID1','3D')
);
#6237=SHAPE_REPRESENTATION('Document',(#6238,#6531),#6236);
#6238=AXIS2_PLACEMENT_3D('',#6828,#6532,#6533);
#6239=AXIS2_PLACEMENT_3D('',#6847,#6534,$);
#6240=AXIS2_PLACEMENT_3D('',#6866,#6535,$);
#6241=AXIS2_PLACEMENT_3D('',#6867,#6536,$);
#6242=AXIS2_PLACEMENT_3D('',#6868,#6537,$);
#6243=AXIS2_PLACEMENT_3D('',#6869,#6538,$);
#6244=AXIS2_PLACEMENT_3D('',#6888,#6539,$);
#6245=AXIS2_PLACEMENT_3D('',#6907,#6540,$);
#6246=AXIS2_PLACEMENT_3D('',#6908,#6541,$);
#6247=AXIS2_PLACEMENT_3D('',#6909,#6542,$);
#6248=AXIS2_PLACEMENT_3D('',#6910,#6543,$);
#6249=AXIS2_PLACEMENT_3D('',#6911,#6544,$);
#6250=AXIS2_PLACEMENT_3D('',#6912,#6545,$);
#6251=AXIS2_PLACEMENT_3D('',#6913,#6546,$);
#6252=AXIS2_PLACEMENT_3D('',#6914,#6547,$);
#6253=AXIS2_PLACEMENT_3D('',#6915,#6548,$);
#6254=AXIS2_PLACEMENT_3D('',#6916,#6549,$);
#6255=AXIS2_PLACEMENT_3D('',#6917,#6550,$);
#6256=AXIS2_PLACEMENT_3D('',#6918,#6551,$);
#6257=AXIS2_PLACEMENT_3D('',#6919,#6552,$);
#6258=AXIS2_PLACEMENT_3D('',#6920,#6553,$);
#6259=AXIS2_PLACEMENT_3D('',#6921,#6554,$);
#6260=AXIS2_PLACEMENT_3D('',#6922,#6555,$);
#6261=AXIS2_PLACEMENT_3D('',#6923,#6556,$);
#6262=AXIS2_PLACEMENT_3D('',#6924,#6557,$);
#6263=AXIS2_PLACEMENT_3D('',#6925,#6558,$);
#6264=AXIS2_PLACEMENT_3D('',#6926,#6559,$);
#6265=AXIS2_PLACEMENT_3D('',#6927,#6560,$);
#6266=AXIS2_PLACEMENT_3D('',#6928,#6561,$);
#6267=AXIS2_PLACEMENT_3D('',#6929,#6562,$);
#6268=AXIS2_PLACEMENT_3D('',#6930,#6563,$);
#6269=AXIS2_PLACEMENT_3D('',#6931,#6564,$);
#6270=AXIS2_PLACEMENT_3D('',#6932,#6565,$);
#6271=AXIS2_PLACEMENT_3D('',#6933,#6566,$);
#6272=AXIS2_PLACEMENT_3D('',#6934,#6567,$);
#6273=AXIS2_PLACEMENT_3D('',#6935,#6568,$);
#6274=AXIS2_PLACEMENT_3D('',#6936,#6569,$);
#6275=AXIS2_PLACEMENT_3D('',#6937,#6570,$);
#6276=AXIS2_PLACEMENT_3D('',#6938,#6571,$);
#6277=AXIS2_PLACEMENT_3D('',#6939,#6572,$);
#6278=AXIS2_PLACEMENT_3D('',#6940,#6573,$);
#6279=AXIS2_PLACEMENT_3D('',#6941,#6574,$);
#6280=AXIS2_PLACEMENT_3D('',#6942,#6575,$);
#6281=AXIS2_PLACEMENT_3D('',#6943,#6576,$);
#6282=AXIS2_PLACEMENT_3D('',#6944,#6577,$);
#6283=AXIS2_PLACEMENT_3D('',#6945,#6578,$);
#6284=AXIS2_PLACEMENT_3D('',#6946,#6579,$);
#6285=AXIS2_PLACEMENT_3D('',#6947,#6580,$);
#6286=AXIS2_PLACEMENT_3D('',#6948,#6581,$);
#6287=AXIS2_PLACEMENT_3D('',#6949,#6582,$);
#6288=AXIS2_PLACEMENT_3D('',#6950,#6583,$);
#6289=AXIS2_PLACEMENT_3D('',#6951,#6584,$);
#6290=AXIS2_PLACEMENT_3D('',#6952,#6585,$);
#6291=AXIS2_PLACEMENT_3D('',#6953,#6586,$);
#6292=AXIS2_PLACEMENT_3D('',#6954,#6587,$);
#6293=AXIS2_PLACEMENT_3D('',#6955,#6588,$);
#6294=AXIS2_PLACEMENT_3D('',#6956,#6589,$);
#6295=AXIS2_PLACEMENT_3D('',#6957,#6590,$);
#6296=AXIS2_PLACEMENT_3D('',#6958,#6591,$);
#6297=AXIS2_PLACEMENT_3D('',#6959,#6592,$);
#6298=AXIS2_PLACEMENT_3D('',#6960,#6593,$);
#6299=AXIS2_PLACEMENT_3D('',#6961,#6594,$);
#6300=AXIS2_PLACEMENT_3D('',#6962,#6595,$);
#6301=AXIS2_PLACEMENT_3D('',#6963,#6596,$);
#6302=AXIS2_PLACEMENT_3D('',#6964,#6597,$);
#6303=AXIS2_PLACEMENT_3D('',#6965,#6598,$);
#6304=AXIS2_PLACEMENT_3D('',#6966,#6599,$);
#6305=AXIS2_PLACEMENT_3D('',#6967,#6600,$);
#6306=AXIS2_PLACEMENT_3D('',#6968,#6601,$);
#6307=AXIS2_PLACEMENT_3D('',#6969,#6602,$);
#6308=AXIS2_PLACEMENT_3D('',#6970,#6603,$);
#6309=AXIS2_PLACEMENT_3D('',#6971,#6604,$);
#6310=AXIS2_PLACEMENT_3D('',#6972,#6605,$);
#6311=AXIS2_PLACEMENT_3D('',#6991,#6606,$);
#6312=AXIS2_PLACEMENT_3D('',#6992,#6607,$);
#6313=AXIS2_PLACEMENT_3D('',#6993,#6608,$);
#6314=AXIS2_PLACEMENT_3D('',#6994,#6609,$);
#6315=AXIS2_PLACEMENT_3D('',#6995,#6610,$);
#6316=AXIS2_PLACEMENT_3D('',#6996,#6611,$);
#6317=AXIS2_PLACEMENT_3D('',#6997,#6612,$);
#6318=AXIS2_PLACEMENT_3D('',#7016,#6613,$);
#6319=AXIS2_PLACEMENT_3D('',#7017,#6614,$);
#6320=AXIS2_PLACEMENT_3D('',#7018,#6615,$);
#6321=AXIS2_PLACEMENT_3D('',#7019,#6616,$);
#6322=AXIS2_PLACEMENT_3D('',#7020,#6617,$);
#6323=AXIS2_PLACEMENT_3D('',#7021,#6618,$);
#6324=AXIS2_PLACEMENT_3D('',#7040,#6619,$);
#6325=AXIS2_PLACEMENT_3D('',#7059,#6620,$);
#6326=AXIS2_PLACEMENT_3D('',#7060,#6621,$);
#6327=AXIS2_PLACEMENT_3D('',#7079,#6622,$);
#6328=AXIS2_PLACEMENT_3D('',#7080,#6623,$);
#6329=AXIS2_PLACEMENT_3D('',#7117,#6624,$);
#6330=AXIS2_PLACEMENT_3D('',#7118,#6625,$);
#6331=AXIS2_PLACEMENT_3D('',#7137,#6626,$);
#6332=AXIS2_PLACEMENT_3D('',#7138,#6627,$);
#6333=AXIS2_PLACEMENT_3D('',#7157,#6628,$);
#6334=AXIS2_PLACEMENT_3D('',#7158,#6629,$);
#6335=AXIS2_PLACEMENT_3D('',#7159,#6630,$);
#6336=AXIS2_PLACEMENT_3D('',#7160,#6631,$);
#6337=AXIS2_PLACEMENT_3D('',#7161,#6632,$);
#6338=AXIS2_PLACEMENT_3D('',#7162,#6633,$);
#6339=AXIS2_PLACEMENT_3D('',#7181,#6634,$);
#6340=AXIS2_PLACEMENT_3D('',#7182,#6635,$);
#6341=AXIS2_PLACEMENT_3D('',#7201,#6636,$);
#6342=AXIS2_PLACEMENT_3D('',#7220,#6637,$);
#6343=AXIS2_PLACEMENT_3D('',#7221,#6638,$);
#6344=AXIS2_PLACEMENT_3D('',#7222,#6639,$);
#6345=AXIS2_PLACEMENT_3D('',#7223,#6640,$);
#6346=AXIS2_PLACEMENT_3D('',#7224,#6641,$);
#6347=AXIS2_PLACEMENT_3D('',#7225,#6642,$);
#6348=AXIS2_PLACEMENT_3D('',#7226,#6643,$);
#6349=AXIS2_PLACEMENT_3D('',#7263,#6644,$);
#6350=AXIS2_PLACEMENT_3D('',#7264,#6645,$);
#6351=AXIS2_PLACEMENT_3D('',#7265,#6646,$);
#6352=AXIS2_PLACEMENT_3D('',#7266,#6647,$);
#6353=AXIS2_PLACEMENT_3D('',#7303,#6648,$);
#6354=AXIS2_PLACEMENT_3D('',#7322,#6649,$);
#6355=AXIS2_PLACEMENT_3D('',#7323,#6650,$);
#6356=AXIS2_PLACEMENT_3D('',#7324,#6651,$);
#6357=AXIS2_PLACEMENT_3D('',#7325,#6652,$);
#6358=AXIS2_PLACEMENT_3D('',#7326,#6653,$);
#6359=AXIS2_PLACEMENT_3D('',#7363,#6654,$);
#6360=AXIS2_PLACEMENT_3D('',#7364,#6655,$);
#6361=AXIS2_PLACEMENT_3D('',#7365,#6656,$);
#6362=AXIS2_PLACEMENT_3D('',#7366,#6657,$);
#6363=AXIS2_PLACEMENT_3D('',#7367,#6658,$);
#6364=AXIS2_PLACEMENT_3D('',#7368,#6659,$);
#6365=AXIS2_PLACEMENT_3D('',#7369,#6660,$);
#6366=AXIS2_PLACEMENT_3D('',#7370,#6661,$);
#6367=AXIS2_PLACEMENT_3D('',#7371,#6662,$);
#6368=AXIS2_PLACEMENT_3D('',#7408,#6663,$);
#6369=AXIS2_PLACEMENT_3D('',#7409,#6664,$);
#6370=AXIS2_PLACEMENT_3D('',#7410,#6665,$);
#6371=AXIS2_PLACEMENT_3D('',#7411,#6666,$);
#6372=AXIS2_PLACEMENT_3D('',#7412,#6667,$);
#6373=AXIS2_PLACEMENT_3D('',#7413,#6668,$);
#6374=AXIS2_PLACEMENT_3D('',#7432,#6669,$);
#6375=AXIS2_PLACEMENT_3D('',#7433,#6670,$);
#6376=AXIS2_PLACEMENT_3D('',#7434,#6671,$);
#6377=AXIS2_PLACEMENT_3D('',#7453,#6672,$);
#6378=AXIS2_PLACEMENT_3D('',#7454,#6673,$);
#6379=AXIS2_PLACEMENT_3D('',#7455,#6674,$);
#6380=AXIS2_PLACEMENT_3D('',#7474,#6675,$);
#6381=AXIS2_PLACEMENT_3D('',#7475,#6676,$);
#6382=AXIS2_PLACEMENT_3D('',#7476,#6677,$);
#6383=AXIS2_PLACEMENT_3D('',#7495,#6678,$);
#6384=AXIS2_PLACEMENT_3D('',#7496,#6679,$);
#6385=AXIS2_PLACEMENT_3D('',#7497,#6680,$);
#6386=AXIS2_PLACEMENT_3D('',#7534,#6681,$);
#6387=AXIS2_PLACEMENT_3D('',#7535,#6682,$);
#6388=AXIS2_PLACEMENT_3D('',#7536,#6683,$);
#6389=AXIS2_PLACEMENT_3D('',#7555,#6684,$);
#6390=AXIS2_PLACEMENT_3D('',#7556,#6685,$);
#6391=AXIS2_PLACEMENT_3D('',#7557,#6686,$);
#6392=AXIS2_PLACEMENT_3D('',#7576,#6687,$);
#6393=AXIS2_PLACEMENT_3D('',#7577,#6688,$);
#6394=AXIS2_PLACEMENT_3D('',#7578,#6689,$);
#6395=AXIS2_PLACEMENT_3D('',#7597,#6690,$);
#6396=AXIS2_PLACEMENT_3D('',#7598,#6691,$);
#6397=AXIS2_PLACEMENT_3D('',#7599,#6692,$);
#6398=AXIS2_PLACEMENT_3D('',#7618,#6693,$);
#6399=AXIS2_PLACEMENT_3D('',#7619,#6694,$);
#6400=AXIS2_PLACEMENT_3D('',#7620,#6695,$);
#6401=AXIS2_PLACEMENT_3D('',#7639,#6696,$);
#6402=AXIS2_PLACEMENT_3D('',#7640,#6697,$);
#6403=AXIS2_PLACEMENT_3D('',#7641,#6698,$);
#6404=AXIS2_PLACEMENT_3D('',#7678,#6699,$);
#6405=AXIS2_PLACEMENT_3D('',#7679,#6700,$);
#6406=AXIS2_PLACEMENT_3D('',#7680,#6701,$);
#6407=AXIS2_PLACEMENT_3D('',#7699,#6702,$);
#6408=AXIS2_PLACEMENT_3D('',#7700,#6703,$);
#6409=AXIS2_PLACEMENT_3D('',#7701,#6704,$);
#6410=AXIS2_PLACEMENT_3D('',#7720,#6705,$);
#6411=AXIS2_PLACEMENT_3D('',#7721,#6706,$);
#6412=AXIS2_PLACEMENT_3D('',#7722,#6707,$);
#6413=AXIS2_PLACEMENT_3D('',#7741,#6708,$);
#6414=AXIS2_PLACEMENT_3D('',#7742,#6709,$);
#6415=AXIS2_PLACEMENT_3D('',#7743,#6710,$);
#6416=AXIS2_PLACEMENT_3D('',#7762,#6711,$);
#6417=AXIS2_PLACEMENT_3D('',#7763,#6712,$);
#6418=AXIS2_PLACEMENT_3D('',#7764,#6713,$);
#6419=AXIS2_PLACEMENT_3D('',#7783,#6714,$);
#6420=AXIS2_PLACEMENT_3D('',#7784,#6715,$);
#6421=AXIS2_PLACEMENT_3D('',#7785,#6716,$);
#6422=AXIS2_PLACEMENT_3D('',#7822,#6717,$);
#6423=AXIS2_PLACEMENT_3D('',#7823,#6718,$);
#6424=AXIS2_PLACEMENT_3D('',#7824,#6719,$);
#6425=AXIS2_PLACEMENT_3D('',#7843,#6720,$);
#6426=AXIS2_PLACEMENT_3D('',#7844,#6721,$);
#6427=AXIS2_PLACEMENT_3D('',#7845,#6722,$);
#6428=AXIS2_PLACEMENT_3D('',#7864,#6723,$);
#6429=AXIS2_PLACEMENT_3D('',#7865,#6724,$);
#6430=AXIS2_PLACEMENT_3D('',#7866,#6725,$);
#6431=AXIS2_PLACEMENT_3D('',#7885,#6726,$);
#6432=AXIS2_PLACEMENT_3D('',#7886,#6727,$);
#6433=AXIS2_PLACEMENT_3D('',#7887,#6728,$);
#6434=AXIS2_PLACEMENT_3D('',#7906,#6729,$);
#6435=AXIS2_PLACEMENT_3D('',#7907,#6730,$);
#6436=AXIS2_PLACEMENT_3D('',#7908,#6731,$);
#6437=AXIS2_PLACEMENT_3D('',#7927,#6732,$);
#6438=AXIS2_PLACEMENT_3D('',#7928,#6733,$);
#6439=AXIS2_PLACEMENT_3D('',#7929,#6734,$);
#6440=AXIS2_PLACEMENT_3D('',#7948,#6735,$);
#6441=AXIS2_PLACEMENT_3D('',#7949,#6736,$);
#6442=AXIS2_PLACEMENT_3D('',#7950,#6737,$);
#6443=AXIS2_PLACEMENT_3D('',#7969,#6738,$);
#6444=AXIS2_PLACEMENT_3D('',#7970,#6739,$);
#6445=AXIS2_PLACEMENT_3D('',#7971,#6740,$);
#6446=AXIS2_PLACEMENT_3D('',#8008,#6741,$);
#6447=AXIS2_PLACEMENT_3D('',#8045,#6742,$);
#6448=AXIS2_PLACEMENT_3D('',#8046,#6743,$);
#6449=AXIS2_PLACEMENT_3D('',#8047,#6744,$);
#6450=AXIS2_PLACEMENT_3D('',#8048,#6745,$);
#6451=AXIS2_PLACEMENT_3D('',#8049,#6746,$);
#6452=AXIS2_PLACEMENT_3D('',#8050,#6747,$);
#6453=AXIS2_PLACEMENT_3D('',#8051,#6748,$);
#6454=AXIS2_PLACEMENT_3D('',#8070,#6749,$);
#6455=AXIS2_PLACEMENT_3D('',#8089,#6750,$);
#6456=AXIS2_PLACEMENT_3D('',#8090,#6751,$);
#6457=AXIS2_PLACEMENT_3D('',#8109,#6752,$);
#6458=AXIS2_PLACEMENT_3D('',#8110,#6753,$);
#6459=AXIS2_PLACEMENT_3D('',#8129,#6754,$);
#6460=AXIS2_PLACEMENT_3D('',#8130,#6755,$);
#6461=AXIS2_PLACEMENT_3D('',#8131,#6756,$);
#6462=AXIS2_PLACEMENT_3D('',#8150,#6757,$);
#6463=AXIS2_PLACEMENT_3D('',#8151,#6758,$);
#6464=AXIS2_PLACEMENT_3D('',#8152,#6759,$);
#6465=AXIS2_PLACEMENT_3D('',#8153,#6760,$);
#6466=AXIS2_PLACEMENT_3D('',#8154,#6761,$);
#6467=AXIS2_PLACEMENT_3D('',#8155,#6762,$);
#6468=AXIS2_PLACEMENT_3D('',#8156,#6763,$);
#6469=AXIS2_PLACEMENT_3D('',#8157,#6764,$);
#6470=AXIS2_PLACEMENT_3D('',#8176,#6765,$);
#6471=AXIS2_PLACEMENT_3D('',#8195,#6766,$);
#6472=AXIS2_PLACEMENT_3D('',#8214,#6767,$);
#6473=AXIS2_PLACEMENT_3D('',#8269,#6768,$);
#6474=AXIS2_PLACEMENT_3D('',#8288,#6769,$);
#6475=AXIS2_PLACEMENT_3D('',#8289,#6770,$);
#6476=AXIS2_PLACEMENT_3D('',#8308,#6771,$);
#6477=AXIS2_PLACEMENT_3D('',#8309,#6772,$);
#6478=AXIS2_PLACEMENT_3D('',#8310,#6773,$);
#6479=AXIS2_PLACEMENT_3D('',#8311,#6774,$);
#6480=AXIS2_PLACEMENT_3D('',#8312,#6775,$);
#6481=AXIS2_PLACEMENT_3D('',#8331,#6776,$);
#6482=AXIS2_PLACEMENT_3D('',#8332,#6777,$);
#6483=AXIS2_PLACEMENT_3D('',#8351,#6778,$);
#6484=AXIS2_PLACEMENT_3D('',#8370,#6779,$);
#6485=AXIS2_PLACEMENT_3D('',#8371,#6780,$);
#6486=AXIS2_PLACEMENT_3D('',#8390,#6781,$);
#6487=AXIS2_PLACEMENT_3D('',#8391,#6782,$);
#6488=AXIS2_PLACEMENT_3D('',#8410,#6783,$);
#6489=AXIS2_PLACEMENT_3D('',#8411,#6784,$);
#6490=AXIS2_PLACEMENT_3D('',#8412,#6785,$);
#6491=AXIS2_PLACEMENT_3D('',#8413,#6786,$);
#6492=AXIS2_PLACEMENT_3D('',#8414,#6787,$);
#6493=AXIS2_PLACEMENT_3D('',#8415,#6788,$);
#6494=AXIS2_PLACEMENT_3D('',#8416,#6789,$);
#6495=AXIS2_PLACEMENT_3D('',#8417,#6790,$);
#6496=AXIS2_PLACEMENT_3D('',#8418,#6791,$);
#6497=AXIS2_PLACEMENT_3D('',#8419,#6792,$);
#6498=AXIS2_PLACEMENT_3D('',#8420,#6793,$);
#6499=AXIS2_PLACEMENT_3D('',#8421,#6794,$);
#6500=AXIS2_PLACEMENT_3D('',#8422,#6795,$);
#6501=AXIS2_PLACEMENT_3D('',#8423,#6796,$);
#6502=AXIS2_PLACEMENT_3D('',#8424,#6797,$);
#6503=AXIS2_PLACEMENT_3D('',#8425,#6798,$);
#6504=AXIS2_PLACEMENT_3D('',#8426,#6799,$);
#6505=AXIS2_PLACEMENT_3D('',#8427,#6800,$);
#6506=AXIS2_PLACEMENT_3D('',#8428,#6801,$);
#6507=AXIS2_PLACEMENT_3D('',#8429,#6802,$);
#6508=AXIS2_PLACEMENT_3D('',#8448,#6803,$);
#6509=AXIS2_PLACEMENT_3D('',#8449,#6804,$);
#6510=AXIS2_PLACEMENT_3D('',#8450,#6805,$);
#6511=AXIS2_PLACEMENT_3D('',#8451,#6806,$);
#6512=AXIS2_PLACEMENT_3D('',#8452,#6807,$);
#6513=AXIS2_PLACEMENT_3D('',#8453,#6808,$);
#6514=AXIS2_PLACEMENT_3D('',#8454,#6809,$);
#6515=AXIS2_PLACEMENT_3D('',#8455,#6810,$);
#6516=AXIS2_PLACEMENT_3D('',#8456,#6811,$);
#6517=AXIS2_PLACEMENT_3D('',#8457,#6812,$);
#6518=AXIS2_PLACEMENT_3D('',#8490,#6813,$);
#6519=AXIS2_PLACEMENT_3D('',#8491,#6814,$);
#6520=AXIS2_PLACEMENT_3D('',#8524,#6815,$);
#6521=AXIS2_PLACEMENT_3D('',#8525,#6816,$);
#6522=AXIS2_PLACEMENT_3D('',#8526,#6817,$);
#6523=AXIS2_PLACEMENT_3D('',#8527,#6818,$);
#6524=AXIS2_PLACEMENT_3D('',#8528,#6819,$);
#6525=AXIS2_PLACEMENT_3D('',#8529,#6820,$);
#6526=AXIS2_PLACEMENT_3D('',#8530,#6821,$);
#6527=AXIS2_PLACEMENT_3D('',#8531,#6822,$);
#6528=AXIS2_PLACEMENT_3D('',#8532,#6823,$);
#6529=AXIS2_PLACEMENT_3D('',#8533,#6824,$);
#6530=AXIS2_PLACEMENT_3D('',#8534,#6825,$);
#6531=AXIS2_PLACEMENT_3D('',#11490,#6826,#6827);
#6532=DIRECTION('',(0.,0.,1.));
#6533=DIRECTION('',(1.,0.,0.));
#6534=DIRECTION('',(0.,-0.70710678118655,0.707106781186545));
#6535=DIRECTION('',(-0.707106781186548,0.,0.707106781186547));
#6536=DIRECTION('',(0.,0.,1.));
#6537=DIRECTION('',(0.707106781186548,0.,0.707106781186547));
#6538=DIRECTION('',(1.,0.,0.));
#6539=DIRECTION('',(0.,-1.,0.));
#6540=DIRECTION('',(-1.,0.,0.));
#6541=DIRECTION('',(-0.707106781186547,-0.707106781186547,1.57009245868377E-16));
#6542=DIRECTION('',(0.707106781186547,-0.707106781186547,1.57009245868377E-16));
#6543=DIRECTION('',(0.,0.,-1.));
#6544=DIRECTION('',(0.,0.,-1.));
#6545=DIRECTION('',(0.,0.,1.));
#6546=DIRECTION('',(0.,1.,0.));
#6547=DIRECTION('',(1.96261557335472E-17,0.707106781186548,0.707106781186547));
#6548=DIRECTION('',(0.707106781186547,0.707106781186548,3.14018491736755E-16));
#6549=DIRECTION('',(0.577350269189625,0.577350269189628,0.577350269189625));
#6550=DIRECTION('',(-0.707106781186547,0.707106781186548,3.14018491736755E-16));
#6551=DIRECTION('',(0.,1.,0.));
#6552=DIRECTION('',(0.,-1.,0.));
#6553=DIRECTION('',(0.707106781186547,0.,-0.707106781186547));
#6554=DIRECTION('',(-2.46519032881566E-32,0.707106781186547,-0.707106781186548));
#6555=DIRECTION('',(-0.707106781186547,0.,-0.707106781186547));
#6556=DIRECTION('',(-0.707106781186547,0.707106781186547,3.14018491736755E-16));
#6557=DIRECTION('',(0.707106781186547,0.707106781186547,3.14018491736755E-16));
#6558=DIRECTION('',(0.,-0.707106781186547,-0.707106781186547));
#6559=DIRECTION('',(-0.707106781186547,-0.707106781186547,-3.14018491736755E-16));
#6560=DIRECTION('',(0.707106781186547,-0.707106781186547,-3.14018491736755E-16));
#6561=DIRECTION('',(-1.,0.,0.));
#6562=DIRECTION('',(0.707106781186559,0.,0.707106781186536));
#6563=DIRECTION('',(-0.70710678118653,0.,-0.707106781186565));
#6564=DIRECTION('',(0.707106781186538,0.,-0.707106781186557));
#6565=DIRECTION('',(0.,0.,-1.));
#6566=DIRECTION('',(0.,-1.,0.));
#6567=DIRECTION('',(0.,1.,0.));
#6568=DIRECTION('',(0.,1.,0.));
#6569=DIRECTION('',(0.,0.,-1.));
#6570=DIRECTION('',(-0.707106781186538,0.,-0.707106781186557));
#6571=DIRECTION('',(0.,-1.,0.));
#6572=DIRECTION('',(0.,1.,0.));
#6573=DIRECTION('',(1.,0.,0.));
#6574=DIRECTION('',(0.499999999999992,-0.707106781186548,-0.500000000000008));
#6575=DIRECTION('',(0.707106781186525,0.,-0.70710678118657));
#6576=DIRECTION('',(0.499999999999998,0.707106781186547,-0.500000000000002));
#6577=DIRECTION('',(-1.,0.,0.));
#6578=DIRECTION('',(-0.499999999999991,0.707106781186548,-0.500000000000008));
#6579=DIRECTION('',(-0.707106781186525,0.,-0.70710678118657));
#6580=DIRECTION('',(-0.499999999999992,-0.707106781186544,-0.500000000000013));
#6581=DIRECTION('',(-1.,0.,0.));
#6582=DIRECTION('',(0.707106781186546,0.,-0.707106781186549));
#6583=DIRECTION('',(1.,0.,0.));
#6584=DIRECTION('',(0.,-1.,0.));
#6585=DIRECTION('',(-0.707106781186559,0.,0.707106781186536));
#6586=DIRECTION('',(-0.923879532511169,-5.12856164486913E-17,-0.382683432365374));
#6587=DIRECTION('',(0.,0.,-1.));
#6588=DIRECTION('',(0.92387953251116,2.12431978877324E-17,-0.382683432365397));
#6589=DIRECTION('',(0.,1.,0.));
#6590=DIRECTION('',(0.,-1.,0.));
#6591=DIRECTION('',(-0.707106781186547,0.,0.707106781186547));
#6592=DIRECTION('',(-1.,0.,0.));
#6593=DIRECTION('',(-0.707106781186562,-0.707106781186533,0.));
#6594=DIRECTION('',(-0.707106781186545,-0.577350269189621,0.408248290463874));
#6595=DIRECTION('',(-0.707106781186547,0.,0.707106781186547));
#6596=DIRECTION('',(-0.707106781186542,0.577350269189628,0.408248290463869));
#6597=DIRECTION('',(-0.707106781186546,0.707106781186549,-3.14018491736754E-16));
#6598=DIRECTION('',(1.,0.,0.));
#6599=DIRECTION('',(0.707106781186547,0.,0.707106781186547));
#6600=DIRECTION('',(1.,0.,0.));
#6601=DIRECTION('',(0.707106781186546,0.707106781186549,-3.14018491736753E-16));
#6602=DIRECTION('',(0.707106781186546,0.577350269189621,0.408248290463874));
#6603=DIRECTION('',(0.707106781186547,0.,0.707106781186547));
#6604=DIRECTION('',(0.707106781186542,-0.577350269189627,0.408248290463871));
#6605=DIRECTION('',(0.707106781186562,-0.707106781186533,0.));
#6606=DIRECTION('',(0.,0.,-1.));
#6607=DIRECTION('',(0.939692620786663,-0.342020143323594,0.));
#6608=DIRECTION('',(0.939692620786199,-0.34202014332487,0.));
#6609=DIRECTION('',(0.,-1.,0.));
#6610=DIRECTION('',(-0.939692620786662,0.342020143323597,0.));
#6611=DIRECTION('',(0.,-1.,0.));
#6612=DIRECTION('',(0.939692620786663,-0.342020143323597,0.));
#6613=DIRECTION('',(-0.939692620785909,0.342020143325667,0.));
#6614=DIRECTION('',(0.,1.,0.));
#6615=DIRECTION('',(-0.93969262078604,0.342020143325306,0.));
#6616=DIRECTION('',(0.,-1.,0.));
#6617=DIRECTION('',(0.939692620785626,-0.342020143326444,0.));
#6618=DIRECTION('',(0.,-1.,0.));
#6619=DIRECTION('',(0.,1.,0.));
#6620=DIRECTION('',(0.,0.,-1.));
#6621=DIRECTION('',(0.939692620786135,-0.342020143325046,0.));
#6622=DIRECTION('',(0.,0.,1.));
#6623=DIRECTION('',(0.,0.,1.));
#6624=DIRECTION('',(0.,1.,0.));
#6625=DIRECTION('',(-0.939692620785626,0.342020143326444,0.));
#6626=DIRECTION('',(-0.939692620786663,0.342020143323594,0.));
#6627=DIRECTION('',(0.,-1.,0.));
#6628=DIRECTION('',(-0.939692620786199,0.34202014332487,0.));
#6629=DIRECTION('',(0.,1.,0.));
#6630=DIRECTION('',(0.939692620786663,-0.342020143323596,0.));
#6631=DIRECTION('',(-0.939692620786663,0.342020143323597,0.));
#6632=DIRECTION('',(0.,1.,0.));
#6633=DIRECTION('',(0.939692620786662,-0.342020143323597,0.));
#6634=DIRECTION('',(0.939692620785909,-0.342020143325668,0.));
#6635=DIRECTION('',(0.,-1.,0.));
#6636=DIRECTION('',(-0.939692620786135,0.342020143325046,0.));
#6637=DIRECTION('',(-0.939692620785627,0.342020143326443,0.));
#6638=DIRECTION('',(0.,-1.,0.));
#6639=DIRECTION('',(0.93969262078604,-0.342020143325306,0.));
#6640=DIRECTION('',(0.,1.,0.));
#6641=DIRECTION('',(0.,0.,-1.));
#6642=DIRECTION('',(0.577350269189624,0.577350269189626,-0.577350269189628));
#6643=DIRECTION('',(0.,0.,-1.));
#6644=DIRECTION('',(-0.707106781186547,0.707106781186548,0.));
#6645=DIRECTION('',(-1.,0.,0.));
#6646=DIRECTION('',(-0.577350269189626,0.577350269189623,-0.577350269189629));
#6647=DIRECTION('',(0.,0.,-1.));
#6648=DIRECTION('',(-0.707106781186548,-0.707106781186547,0.));
#6649=DIRECTION('',(0.,0.,-1.));
#6650=DIRECTION('',(0.707106781186547,-0.707106781186548,0.));
#6651=DIRECTION('',(0.,0.,-1.));
#6652=DIRECTION('',(-0.577350269189623,-0.577350269189627,-0.577350269189627));
#6653=DIRECTION('',(0.707106781186547,-0.707106781186548,0.));
#6654=DIRECTION('',(-0.70710678118655,0.707106781186545,0.));
#6655=DIRECTION('',(0.,0.,-1.));
#6656=DIRECTION('',(0.707106781186548,0.707106781186547,0.));
#6657=DIRECTION('',(1.,0.,0.));
#6658=DIRECTION('',(0.,0.,-1.));
#6659=DIRECTION('',(0.,0.,-1.));
#6660=DIRECTION('',(0.,0.,-1.));
#6661=DIRECTION('',(0.577350269189625,-0.577350269189626,-0.577350269189626));
#6662=DIRECTION('',(0.707106781186548,0.707106781186547,0.));
#6663=DIRECTION('',(0.,0.,-1.));
#6664=DIRECTION('',(0.,0.,-1.));
#6665=DIRECTION('',(-0.707106781186545,-0.70710678118655,6.28036983473511E-16));
#6666=DIRECTION('',(0.,0.,-1.));
#6667=DIRECTION('',(0.,0.,-1.));
#6668=DIRECTION('',(-0.577350269189626,0.577350269189626,0.577350269189626));
#6669=DIRECTION('',(-0.853645106279848,0.520855097435426,0.));
#6670=DIRECTION('',(-0.965925826288955,-0.258819045102944,0.));
#6671=DIRECTION('',(-0.529530605225127,-0.848290833458615,4.06111659461919E-16));
#6672=DIRECTION('',(0.529530605225282,-0.848290833458518,-3.76716805953644E-16));
#6673=DIRECTION('',(0.965925826289066,-0.25881904510253,0.));
#6674=DIRECTION('',(0.853645106279732,0.520855097435617,0.));
#6675=DIRECTION('',(-0.999705896572328,0.0242511929297764,0.));
#6676=DIRECTION('',(-0.707106781186238,-0.707106781186857,1.57009245868446E-16));
#6677=DIRECTION('',(-0.0344415394770065,-0.999406714185198,-7.64755802618178E-18));
#6678=DIRECTION('',(0.88273237293571,-0.469876108959895,0.));
#6679=DIRECTION('',(0.96592582628907,0.258819045102514,0.));
#6680=DIRECTION('',(0.478850799136724,0.877896299209719,0.));
#6681=DIRECTION('',(-0.877896299209631,-0.478850799136886,0.));
#6682=DIRECTION('',(-0.258819045102099,-0.965925826289181,5.74693726167694E-17));
#6683=DIRECTION('',(0.469876108960078,-0.882732372935612,-2.02336435479263E-16));
#6684=DIRECTION('',(0.999406714185191,0.0344415394771911,0.));
#6685=DIRECTION('',(0.707106781186554,0.70710678118654,0.));
#6686=DIRECTION('',(-0.0242511929299894,0.999705896572323,4.54728294797452E-16));
#6687=DIRECTION('',(-0.520855097435426,-0.853645106279848,9.47736451850476E-17));
#6688=DIRECTION('',(0.258819045102944,-0.965925826288955,-1.14938745233914E-16));
#6689=DIRECTION('',(0.848290833458615,-0.529530605225126,0.));
#6690=DIRECTION('',(0.848290833458514,0.529530605225289,0.));
#6691=DIRECTION('',(0.258819045102534,0.965925826289065,-5.36196546213099E-17));
#6692=DIRECTION('',(-0.520855097435622,0.853645106279729,3.26079773851597E-16));
#6693=DIRECTION('',(-0.0242511929297817,-0.999705896572328,1.07696931061082E-17));
#6694=DIRECTION('',(0.707106781186858,-0.707106781186237,0.));
#6695=DIRECTION('',(0.999406714185198,-0.0344415394770034,0.));
#6696=DIRECTION('',(0.469876108959917,0.882732372935698,2.08666909955431E-16));
#6697=DIRECTION('',(-0.258819045102514,0.96592582628907,-4.9769936625759E-17));
#6698=DIRECTION('',(-0.87789629920973,0.478850799136705,0.));
#6699=DIRECTION('',(0.478850799136914,-0.877896299209616,0.));
#6700=DIRECTION('',(0.965925826289066,-0.25881904510253,0.));
#6701=DIRECTION('',(0.882732372935618,0.469876108960067,0.));
#6702=DIRECTION('',(-0.0344415394771854,0.999406714185192,0.));
#6703=DIRECTION('',(-0.707106781186537,0.707106781186558,4.68386162474976E-30));
#6704=DIRECTION('',(-0.999705896572323,-0.024251192929989,0.));
#6705=DIRECTION('',(0.853645106279833,-0.520855097435451,0.));
#6706=DIRECTION('',(0.96592582628907,0.258819045102513,0.));
#6707=DIRECTION('',(0.529530605225147,0.848290833458602,0.));
#6708=DIRECTION('',(-0.529530605225277,0.848290833458521,-2.93948535082399E-17));
#6709=DIRECTION('',(-0.965925826289065,0.258819045102534,0.));
#6710=DIRECTION('',(-0.853645106279757,-0.520855097435575,0.));
#6711=DIRECTION('',(0.999705896572328,-0.0242511929297861,0.));
#6712=DIRECTION('',(0.707106781186554,0.707106781186541,0.));
#6713=DIRECTION('',(0.0344415394770021,0.999406714185198,7.6475580261808E-18));
#6714=DIRECTION('',(-0.882732372935702,0.469876108959909,0.));
#6715=DIRECTION('',(-0.965925826288955,-0.258819045102945,0.));
#6716=DIRECTION('',(-0.478850799136707,-0.877896299209728,0.));
#6717=DIRECTION('',(0.877896299209628,0.478850799136892,0.));
#6718=DIRECTION('',(0.25881904510253,0.965925826289066,-1.0723930924262E-16));
#6719=DIRECTION('',(-0.469876108960067,0.882732372935618,0.));
#6720=DIRECTION('',(-0.999406714185192,-0.0344415394771862,0.));
#6721=DIRECTION('',(-0.707106781186238,-0.707106781186857,-3.14018491736893E-16));
#6722=DIRECTION('',(0.0242511929299837,-0.999705896572323,-2.21979300845626E-16));
#6723=DIRECTION('',(0.520855097435451,0.853645106279833,3.26079773851533E-16));
#6724=DIRECTION('',(-0.258819045102514,0.96592582628907,1.14938745233723E-16));
#6725=DIRECTION('',(-0.848290833458602,0.529530605225146,0.));
#6726=DIRECTION('',(-0.848290833458522,-0.529530605225275,0.));
#6727=DIRECTION('',(-0.258819045102099,-0.965925826289182,0.));
#6728=DIRECTION('',(0.520855097435598,-0.853645106279743,-1.36532483481516E-16));
#6729=DIRECTION('',(0.0242511929297826,0.999705896572328,-2.11209607739518E-16));
#6730=DIRECTION('',(-0.70710678118654,0.707106781186555,0.));
#6731=DIRECTION('',(-0.999406714185198,0.0344415394770013,0.));
#6732=DIRECTION('',(-0.469876108959908,-0.882732372935703,2.08666909955427E-16));
#6733=DIRECTION('',(0.258819045102945,-0.965925826288955,1.14938745233915E-16));
#6734=DIRECTION('',(0.877896299209718,-0.478850799136727,0.));
#6735=DIRECTION('',(-0.47885079913689,0.877896299209628,0.));
#6736=DIRECTION('',(-0.965925826289066,0.25881904510253,0.));
#6737=DIRECTION('',(-0.882732372935618,-0.469876108960068,0.));
#6738=DIRECTION('',(0.0344415394771863,-0.999406714185192,2.29560427036896E-16));
#6739=DIRECTION('',(0.707106781186857,-0.707106781186238,0.));
#6740=DIRECTION('',(0.999705896572323,0.0242511929299837,0.));
#6741=DIRECTION('',(0.,0.,-1.));
#6742=DIRECTION('',(0.,-1.,0.));
#6743=DIRECTION('',(-0.939692620786663,0.342020143323596,0.));
#6744=DIRECTION('',(1.57009245868375E-15,-0.707106781186563,-0.707106781186532));
#6745=DIRECTION('',(-0.664463024388676,0.241844762647974,-0.707106781186547));
#6746=DIRECTION('',(-0.664463024389207,0.24184476264651,-0.707106781186549));
#6747=DIRECTION('',(0.664463024389208,-0.241844762646511,-0.707106781186548));
#6748=DIRECTION('',(-3.14018491736762E-16,0.707106781186532,-0.707106781186563));
#6749=DIRECTION('',(0.664463024388837,-0.24184476264754,-0.707106781186544));
#6750=DIRECTION('',(1.57009245868382E-16,-0.707106781186566,-0.707106781186529));
#6751=DIRECTION('',(0.664463024388473,-0.241844762648522,-0.70710678118655));
#6752=DIRECTION('',(0.664463024389206,-0.241844762646511,-0.707106781186549));
#6753=DIRECTION('',(0.,0.707106781186565,-0.70710678118653));
#6754=DIRECTION('',(0.664463024388879,-0.24184476264741,-0.707106781186549));
#6755=DIRECTION('',(7.85046229341905E-17,-0.707106781186564,-0.707106781186531));
#6756=DIRECTION('',(-0.664463024389205,0.241844762646511,-0.70710678118655));
#6757=DIRECTION('',(0.,1.,0.));
#6758=DIRECTION('',(0.939692620785627,-0.342020143326443,0.));
#6759=DIRECTION('',(-0.66446302438877,0.241844762647718,-0.707106781186546));
#6760=DIRECTION('',(1.25607396694702E-15,-0.707106781186547,-0.707106781186548));
#6761=DIRECTION('',(0.66446302438847,-0.241844762648523,-0.707106781186552));
#6762=DIRECTION('',(0.,0.707106781186547,-0.707106781186548));
#6763=DIRECTION('',(0.,1.,0.));
#6764=DIRECTION('',(0.,0.,-1.));
#6765=DIRECTION('',(-1.,0.,0.));
#6766=DIRECTION('',(0.,-1.,0.));
#6767=DIRECTION('',(1.,0.,0.));
#6768=DIRECTION('',(0.,1.,0.));
#6769=DIRECTION('',(0.,0.,-1.));
#6770=DIRECTION('',(0.,-1.,0.));
#6771=DIRECTION('',(0.,1.,0.));
#6772=DIRECTION('',(0.,0.,-1.));
#6773=DIRECTION('',(-0.939692620786662,0.342020143323598,0.));
#6774=DIRECTION('',(0.939692620786663,-0.342020143323595,0.));
#6775=DIRECTION('',(0.,-1.,0.));
#6776=DIRECTION('',(-0.939692620785909,0.342020143325668,0.));
#6777=DIRECTION('',(0.,1.,0.));
#6778=DIRECTION('',(0.939692620786135,-0.342020143325048,0.));
#6779=DIRECTION('',(0.,-1.,0.));
#6780=DIRECTION('',(0.939692620785627,-0.342020143326441,0.));
#6781=DIRECTION('',(0.939692620786663,-0.342020143323595,0.));
#6782=DIRECTION('',(0.,1.,0.));
#6783=DIRECTION('',(0.9396926207862,-0.342020143324868,0.));
#6784=DIRECTION('',(0.,-1.,0.));
#6785=DIRECTION('',(0.,0.,-1.));
#6786=DIRECTION('',(0.,1.,0.));
#6787=DIRECTION('',(-0.939692620786041,0.342020143325304,0.));
#6788=DIRECTION('',(0.,-1.,0.));
#6789=DIRECTION('',(0.939692620785627,-0.342020143326441,0.));
#6790=DIRECTION('',(0.,0.,-1.));
#6791=DIRECTION('',(0.,0.,-1.));
#6792=DIRECTION('',(0.,0.,-1.));
#6793=DIRECTION('',(0.,0.,-1.));
#6794=DIRECTION('',(0.,0.,-1.));
#6795=DIRECTION('',(0.,0.,-1.));
#6796=DIRECTION('',(0.,0.,-1.));
#6797=DIRECTION('',(0.,0.,-1.));
#6798=DIRECTION('',(0.,0.,-1.));
#6799=DIRECTION('',(0.,0.,-1.));
#6800=DIRECTION('',(0.,0.,-1.));
#6801=DIRECTION('',(0.,0.,-1.));
#6802=DIRECTION('',(0.,0.,-1.));
#6803=DIRECTION('',(-0.939692620786663,0.342020143323597,0.));
#6804=DIRECTION('',(0.,-1.,0.));
#6805=DIRECTION('',(-1.,0.,0.));
#6806=DIRECTION('',(0.,-1.,0.));
#6807=DIRECTION('',(0.890112091171225,-0.45574166492739,0.));
#6808=DIRECTION('',(-1.,0.,0.));
#6809=DIRECTION('',(1.,0.,0.));
#6810=DIRECTION('',(-0.883822607388845,0.467822187020222,0.));
#6811=DIRECTION('',(0.,-1.,0.));
#6812=DIRECTION('',(0.,1.,0.));
#6813=DIRECTION('',(-1.,0.,0.));
#6814=DIRECTION('',(0.,1.,0.));
#6815=DIRECTION('',(0.,-1.,0.));
#6816=DIRECTION('',(0.,0.,-1.));
#6817=DIRECTION('',(0.,0.,-1.));
#6818=DIRECTION('',(-1.,0.,0.));
#6819=DIRECTION('',(0.,-1.,0.));
#6820=DIRECTION('',(1.,0.,0.));
#6821=DIRECTION('',(-0.295953255620333,-0.955202423828439,8.48390179289676E-16));
#6822=DIRECTION('',(1.,0.,0.));
#6823=DIRECTION('',(0.337285849309609,0.94140228162858,0.));
#6824=DIRECTION('',(0.,1.,0.));
#6825=DIRECTION('',(0.,0.,-1.));
#6826=DIRECTION('',(0.,0.,1.));
#6827=DIRECTION('',(1.,0.,0.));
#6828=CARTESIAN_POINT('',(0.,0.,0.));
#6829=CARTESIAN_POINT('',(12.9868181606806,32.3490909090913,48.72));
#6830=CARTESIAN_POINT('',(17.0131706104279,38.6054545454549,41.28));
#6831=CARTESIAN_POINT('',(44.3359090697716,12.1740345479917,48.72));
#6832=CARTESIAN_POINT('',(54.6186251558826,14.404045734608,41.28));
#6833=CARTESIAN_POINT('',(24.1608527086721,-19.1750563610994,48.72));
#6834=CARTESIAN_POINT('',(30.4172163450357,-23.2014088108467,41.28));
#6835=CARTESIAN_POINT('',(3.98579634757253,-50.5241472701904,48.72));
#6836=CARTESIAN_POINT('',(6.21580753418887,-60.8068633563014,41.28));
#6837=CARTESIAN_POINT('',(-27.3632945615185,-30.3490909090909,48.72));
#6838=CARTESIAN_POINT('',(-31.3896470112659,-36.6054545454545,41.28));
#6839=CARTESIAN_POINT('',(-58.7123854706096,-10.1740345479913,48.72));
#6840=CARTESIAN_POINT('',(-68.9951015567206,-12.4040457346077,41.28));
#6841=CARTESIAN_POINT('',(-38.5373291095101,21.1750563610997,48.72));
#6842=CARTESIAN_POINT('',(-44.7936927458737,25.2014088108471,41.28));
#6843=CARTESIAN_POINT('',(-18.3622727484105,52.5241472701908,48.72));
#6844=CARTESIAN_POINT('',(-20.5922839350268,62.8068633563018,41.28));
#6845=CARTESIAN_POINT('',(12.9868181606806,32.3490909090913,48.72));
#6846=CARTESIAN_POINT('',(17.0131706104279,38.6054545454549,41.28));
#6847=CARTESIAN_POINT('',(-8.74588584050275,-43.72,41.28));
#6848=CARTESIAN_POINT('',(7.18823820041897,38.2800000000002,48.72));
#6849=CARTESIAN_POINT('',(7.18823820041897,45.7200000000002,41.28));
#6850=CARTESIAN_POINT('',(44.468238200419,38.2800000000002,48.72));
#6851=CARTESIAN_POINT('',(51.908238200419,45.7200000000002,41.28));
#6852=CARTESIAN_POINT('',(44.468238200419,1.00000000000022,48.72));
#6853=CARTESIAN_POINT('',(51.908238200419,1.00000000000022,41.28));
#6854=CARTESIAN_POINT('',(44.468238200419,-36.2799999999998,48.72));
#6855=CARTESIAN_POINT('',(51.908238200419,-43.7199999999998,41.28));
#6856=CARTESIAN_POINT('',(7.18823820041899,-36.2799999999998,48.72));
#6857=CARTESIAN_POINT('',(7.18823820041899,-43.7199999999998,41.28));
#6858=CARTESIAN_POINT('',(-30.091761799581,-36.2799999999998,48.72));
#6859=CARTESIAN_POINT('',(-37.531761799581,-43.7199999999998,41.28));
#6860=CARTESIAN_POINT('',(-30.091761799581,1.0000000000002,48.72));
#6861=CARTESIAN_POINT('',(-37.531761799581,1.00000000000019,41.28));
#6862=CARTESIAN_POINT('',(-30.091761799581,38.2800000000002,48.72));
#6863=CARTESIAN_POINT('',(-37.531761799581,45.7200000000002,41.28));
#6864=CARTESIAN_POINT('',(7.18823820041897,38.2800000000002,48.72));
#6865=CARTESIAN_POINT('',(7.18823820041897,45.7200000000002,41.28));
#6866=CARTESIAN_POINT('',(-30.3800000000001,31.812824268853,48.6199999999999));
#6867=CARTESIAN_POINT('',(37.3200000000001,37.9200000000001,48.));
#6868=CARTESIAN_POINT('',(36.6199999999999,31.812824268853,42.3800000000001));
#6869=CARTESIAN_POINT('',(36.,37.3200000000001,44.22));
#6870=CARTESIAN_POINT('',(51.188238200419,1.00000000000021,30.88));
#6871=CARTESIAN_POINT('',(51.188238200419,1.00000000000021,43.12));
#6872=CARTESIAN_POINT('',(51.188238200419,45.0000000000002,30.88));
#6873=CARTESIAN_POINT('',(51.188238200419,45.0000000000002,43.12));
#6874=CARTESIAN_POINT('',(7.18823820041898,45.0000000000002,30.88));
#6875=CARTESIAN_POINT('',(7.18823820041898,45.0000000000002,43.12));
#6876=CARTESIAN_POINT('',(-36.811761799581,45.0000000000002,30.88));
#6877=CARTESIAN_POINT('',(-36.811761799581,45.0000000000002,43.12));
#6878=CARTESIAN_POINT('',(-36.811761799581,1.00000000000022,30.88));
#6879=CARTESIAN_POINT('',(-36.811761799581,1.00000000000022,43.12));
#6880=CARTESIAN_POINT('',(-36.811761799581,-42.9999999999998,30.88));
#6881=CARTESIAN_POINT('',(-36.811761799581,-42.9999999999998,43.12));
#6882=CARTESIAN_POINT('',(7.18823820041897,-42.9999999999998,30.88));
#6883=CARTESIAN_POINT('',(7.18823820041897,-42.9999999999998,43.12));
#6884=CARTESIAN_POINT('',(51.188238200419,-42.9999999999998,30.88));
#6885=CARTESIAN_POINT('',(51.188238200419,-42.9999999999998,43.12));
#6886=CARTESIAN_POINT('',(51.188238200419,1.00000000000021,30.88));
#6887=CARTESIAN_POINT('',(51.188238200419,1.00000000000021,43.12));
#6888=CARTESIAN_POINT('',(-8.74588584050275,-43.,43.12));
#6889=CARTESIAN_POINT('',(36.811761799581,1.00000000000019,30.88));
#6890=CARTESIAN_POINT('',(36.811761799581,1.00000000000019,43.12));
#6891=CARTESIAN_POINT('',(36.811761799581,45.0000000000002,30.88));
#6892=CARTESIAN_POINT('',(36.811761799581,45.0000000000002,43.12));
#6893=CARTESIAN_POINT('',(-7.18823820041899,45.0000000000002,30.88));
#6894=CARTESIAN_POINT('',(-7.18823820041899,45.0000000000002,43.12));
#6895=CARTESIAN_POINT('',(-51.188238200419,45.0000000000002,30.88));
#6896=CARTESIAN_POINT('',(-51.188238200419,45.0000000000002,43.12));
#6897=CARTESIAN_POINT('',(-51.188238200419,1.0000000000002,30.88));
#6898=CARTESIAN_POINT('',(-51.188238200419,1.0000000000002,43.12));
#6899=CARTESIAN_POINT('',(-51.188238200419,-42.9999999999998,30.88));
#6900=CARTESIAN_POINT('',(-51.188238200419,-42.9999999999998,43.12));
#6901=CARTESIAN_POINT('',(-7.188238200419,-42.9999999999998,30.88));
#6902=CARTESIAN_POINT('',(-7.188238200419,-42.9999999999998,43.12));
#6903=CARTESIAN_POINT('',(36.811761799581,-42.9999999999998,30.88));
#6904=CARTESIAN_POINT('',(36.811761799581,-42.9999999999998,43.12));
#6905=CARTESIAN_POINT('',(36.811761799581,1.00000000000019,30.88));
#6906=CARTESIAN_POINT('',(36.811761799581,1.00000000000019,43.12));
#6907=CARTESIAN_POINT('',(-36.,-37.3200000000001,44.22));
#6908=CARTESIAN_POINT('',(-30.3799999999999,-36.6200000000001,30.785946606724));
#6909=CARTESIAN_POINT('',(36.6199999999999,-30.3800000000001,30.785946606724));
#6910=CARTESIAN_POINT('',(0.234584918594123,-28.6633613164614,46.));
#6911=CARTESIAN_POINT('',(-32.5934639277002,-22.8920041606881,46.));
#6912=CARTESIAN_POINT('',(8.81599732507982,4.86666666666486,48.));
#6913=CARTESIAN_POINT('',(37.3200000000001,36.,44.22));
#6914=CARTESIAN_POINT('',(31.3209060684134,36.6199999999999,42.3800000000001));
#6915=CARTESIAN_POINT('',(36.6200000000001,30.3799999999999,38.7208305627123));
#6916=CARTESIAN_POINT('',(33.0401006742681,39.1596476400614,32.8010067426814));
#6917=CARTESIAN_POINT('',(-30.3800000000001,36.6199999999999,38.7208305627123));
#6918=CARTESIAN_POINT('',(36.3258874503045,-34.,43.3087301627792));
#6919=CARTESIAN_POINT('',(36.3258874503045,34.,30.8628427124746));
#6920=CARTESIAN_POINT('',(-34.5028427124748,30.5580966799433,41.6687301627792));
#6921=CARTESIAN_POINT('',(-30.5580966799434,-29.6687301627794,46.5028427124746));
#6922=CARTESIAN_POINT('',(29.6687301627792,30.5580966799434,46.5028427124748));
#6923=CARTESIAN_POINT('',(34.5028427124746,-29.6687301627794,38.0215886232816));
#6924=CARTESIAN_POINT('',(-29.6687301627792,-34.5028427124748,38.0215886232816));
#6925=CARTESIAN_POINT('',(-30.5580966799433,34.5028427124746,41.6687301627794));
#6926=CARTESIAN_POINT('',(34.5028427124748,29.6687301627792,31.343491943338));
#6927=CARTESIAN_POINT('',(-29.6687301627794,34.5028427124746,31.343491943338));
#6928=CARTESIAN_POINT('',(34.,-36.3258874503045,43.3087301627792));
#6929=CARTESIAN_POINT('',(32.2441421356239,19.3200000000001,30.7417157287527));
#6930=CARTESIAN_POINT('',(30.1793903345592,19.3200000000001,29.9921825406947));
#6931=CARTESIAN_POINT('',(32.2158578643762,19.3200000000001,30.2300000000002));
#6932=CARTESIAN_POINT('',(-43.3200000000001,44.02,32.));
#6933=CARTESIAN_POINT('',(36.24,16.,31.68));
#6934=CARTESIAN_POINT('',(36.24,-16.,34.3200000000001));
#6935=CARTESIAN_POINT('',(-29.897961835647,16.,34.4312698372195));
#6936=CARTESIAN_POINT('',(-33.9472863632888,19.3200000000001,28.9999999996784));
#6937=CARTESIAN_POINT('',(-34.255857864376,19.3200000000001,32.2700000000001));
#6938=CARTESIAN_POINT('',(-34.5600000000001,16.,31.68));
#6939=CARTESIAN_POINT('',(-34.5600000000001,-16.,34.3200000000001));
#6940=CARTESIAN_POINT('',(34.800000000005,19.3200000000001,37.6669047558311));
#6941=CARTESIAN_POINT('',(37.5552186130072,17.7519595949285,33.0775735931287));
#6942=CARTESIAN_POINT('',(34.5600000000001,15.72,36.8026406871191));
#6943=CARTESIAN_POINT('',(37.5552186130072,-13.2799999999995,39.4018795026613));
#6944=CARTESIAN_POINT('',(-34.800000000005,-19.3200000000001,37.6669047558311));
#6945=CARTESIAN_POINT('',(-33.2447813869928,-11.2480404050715,37.9650670939905));
#6946=CARTESIAN_POINT('',(-36.2400000000001,15.72,38.482640687119));
#6947=CARTESIAN_POINT('',(-33.2447813869935,15.7199999999996,31.6407611844573));
#6948=CARTESIAN_POINT('',(30.3786796564443,-19.3200000000001,31.4685281374238));
#6949=CARTESIAN_POINT('',(-31.3708621971267,19.3200000000001,28.8007106781273));
#6950=CARTESIAN_POINT('',(-30.3786796564367,19.3200000000001,31.468528137424));
#6951=CARTESIAN_POINT('',(-29.897961835647,-16.,28.3971572875403));
#6952=CARTESIAN_POINT('',(-32.2441421356239,-19.3200000000001,30.7417157287527));
#6953=CARTESIAN_POINT('',(-34.0043409400732,-19.3200000000001,30.0103075169701));
#6954=CARTESIAN_POINT('',(30.81014437634,19.3200000000001,28.9999999996395));
#6955=CARTESIAN_POINT('',(34.0043409400737,19.3200000000001,30.0103075169709));
#6956=CARTESIAN_POINT('',(34.4665756851699,16.,34.4312698372208));
#6957=CARTESIAN_POINT('',(34.4665756851699,-16.,28.3971572875255));
#6958=CARTESIAN_POINT('',(33.3821320343559,19.3200000000001,34.210559159102));
#6959=CARTESIAN_POINT('',(33.,-19.3200000000001,38.8040620433566));
#6960=CARTESIAN_POINT('',(34.2200000000003,-17.2199999999997,34.6696209697153));
#6961=CARTESIAN_POINT('',(36.3414547010291,-15.7878394900166,40.0876095839903));
#6962=CARTESIAN_POINT('',(34.2199999999995,16.341165708246,39.4626406871195));
#6963=CARTESIAN_POINT('',(33.2963690403039,12.0583864440951,40.0876095839904));
#6964=CARTESIAN_POINT('',(34.2199999999994,17.2200000000004,34.6696209697153));
#6965=CARTESIAN_POINT('',(-34.,36.3258874503045,43.3087301627792));
#6966=CARTESIAN_POINT('',(-29.9965476220846,19.3200000000001,30.8249747468308));
#6967=CARTESIAN_POINT('',(-33.,19.3200000000001,38.8040620433566));
#6968=CARTESIAN_POINT('',(-32.7799999999995,15.7800000000005,34.6696209697153));
#6969=CARTESIAN_POINT('',(-36.3414547010289,15.7878394900169,40.0876095839906));
#6970=CARTESIAN_POINT('',(-32.7799999999996,16.341165708246,38.0226406871196));
#6971=CARTESIAN_POINT('',(-33.2963690403036,-12.0583864440953,40.0876095839905));
#6972=CARTESIAN_POINT('',(-32.7800000000003,-15.7799999999997,34.6696209697153));
#6973=CARTESIAN_POINT('',(-13.35,0.,46.56));
#6974=CARTESIAN_POINT('',(-13.35,13.35,46.56));
#6975=CARTESIAN_POINT('',(1.40299431081945E-15,13.35,46.56));
#6976=CARTESIAN_POINT('',(13.35,13.35,46.56));
#6977=CARTESIAN_POINT('',(13.35,1.63490347686172E-15,46.56));
#6978=CARTESIAN_POINT('',(13.35,-13.35,46.56));
#6979=CARTESIAN_POINT('',(4.67280126454288E-15,-13.35,46.56));
#6980=CARTESIAN_POINT('',(-13.35,-13.35,46.56));
#6981=CARTESIAN_POINT('',(-13.35,0.,46.56));
#6982=CARTESIAN_POINT('',(-13.35,0.,45.84));
#6983=CARTESIAN_POINT('',(-13.35,13.35,45.84));
#6984=CARTESIAN_POINT('',(1.40299431081945E-15,13.35,45.84));
#6985=CARTESIAN_POINT('',(13.35,13.35,45.84));
#6986=CARTESIAN_POINT('',(13.35,1.63490347686172E-15,45.84));
#6987=CARTESIAN_POINT('',(13.35,-13.35,45.84));
#6988=CARTESIAN_POINT('',(4.67280126454288E-15,-13.35,45.84));
#6989=CARTESIAN_POINT('',(-13.35,-13.35,45.84));
#6990=CARTESIAN_POINT('',(-13.35,0.,45.84));
#6991=CARTESIAN_POINT('',(-21.26,-18.74,46.));
#6992=CARTESIAN_POINT('',(-0.0595855632094242,14.2301855284279,47.16));
#6993=CARTESIAN_POINT('',(1.27658308777413,4.31208560785353,47.16));
#6994=CARTESIAN_POINT('',(-2.04830897914474,-5.93333333333333,45.24));
#6995=CARTESIAN_POINT('',(-10.9784939919807,-7.96271107645305,47.16));
#6996=CARTESIAN_POINT('',(-6.99437078165488,-5.93333333333333,45.24));
#6997=CARTESIAN_POINT('',(-3.38671433086535,5.08897436761094,47.16));
#6998=CARTESIAN_POINT('',(13.35,0.,46.56));
#6999=CARTESIAN_POINT('',(13.35,-13.35,46.56));
#7000=CARTESIAN_POINT('',(-1.40299431081945E-15,-13.35,46.56));
#7001=CARTESIAN_POINT('',(-13.35,-13.35,46.56));
#7002=CARTESIAN_POINT('',(-13.35,-1.63490347686172E-15,46.56));
#7003=CARTESIAN_POINT('',(-13.35,13.35,46.56));
#7004=CARTESIAN_POINT('',(-4.67280126454288E-15,13.35,46.56));
#7005=CARTESIAN_POINT('',(13.35,13.35,46.56));
#7006=CARTESIAN_POINT('',(13.35,0.,46.56));
#7007=CARTESIAN_POINT('',(13.35,0.,45.84));
#7008=CARTESIAN_POINT('',(13.35,-13.35,45.84));
#7009=CARTESIAN_POINT('',(-1.40299431081945E-15,-13.35,45.84));
#7010=CARTESIAN_POINT('',(-13.35,-13.35,45.84));
#7011=CARTESIAN_POINT('',(-13.35,-1.63490347686172E-15,45.84));
#7012=CARTESIAN_POINT('',(-13.35,13.35,45.84));
#7013=CARTESIAN_POINT('',(-4.67280126454288E-15,13.35,45.84));
#7014=CARTESIAN_POINT('',(13.35,13.35,45.84));
#7015=CARTESIAN_POINT('',(13.35,0.,45.84));
#7016=CARTESIAN_POINT('',(-3.67143147566173,-15.0651080455286,47.16));
#7017=CARTESIAN_POINT('',(9.51560863791133,5.93333333333184,47.1599999999997));
#7018=CARTESIAN_POINT('',(4.97763126278863,-4.89119658983498,47.16));
#7019=CARTESIAN_POINT('',(8.52805642863746,3.95555555555397,45.24));
#7020=CARTESIAN_POINT('',(2.81610910512049,-5.04729454043331,47.16));
#7021=CARTESIAN_POINT('',(6.51382875681441,-5.93333333333333,45.24));
#7022=CARTESIAN_POINT('',(6.90249659375822,3.93333333333175,45.84));
#7023=CARTESIAN_POINT('',(6.90249659375822,3.93333333333175,46.56));
#7024=CARTESIAN_POINT('',(6.90249659375822,1.93333333333176,45.84));
#7025=CARTESIAN_POINT('',(6.90249659375822,1.93333333333176,46.56));
#7026=CARTESIAN_POINT('',(8.90249659375821,1.93333333333176,45.84));
#7027=CARTESIAN_POINT('',(8.90249659375821,1.93333333333176,46.56));
#7028=CARTESIAN_POINT('',(10.9024965937582,1.93333333333176,45.84));
#7029=CARTESIAN_POINT('',(10.9024965937582,1.93333333333176,46.56));
#7030=CARTESIAN_POINT('',(10.9024965937582,3.93333333333175,45.84));
#7031=CARTESIAN_POINT('',(10.9024965937582,3.93333333333175,46.56));
#7032=CARTESIAN_POINT('',(10.9024965937582,5.93333333333174,45.84));
#7033=CARTESIAN_POINT('',(10.9024965937582,5.93333333333174,46.56));
#7034=CARTESIAN_POINT('',(8.90249659375821,5.93333333333174,45.84));
#7035=CARTESIAN_POINT('',(8.90249659375821,5.93333333333174,46.56));
#7036=CARTESIAN_POINT('',(6.90249659375822,5.93333333333174,45.84));
#7037=CARTESIAN_POINT('',(6.90249659375822,5.93333333333174,46.56));
#7038=CARTESIAN_POINT('',(6.90249659375822,3.93333333333175,45.84));
#7039=CARTESIAN_POINT('',(6.90249659375822,3.93333333333175,46.56));
#7040=CARTESIAN_POINT('',(-0.660650432357897,5.93333333333184,47.16));
#7041=CARTESIAN_POINT('',(-2.98962701126249,3.93333333333334,45.84));
#7042=CARTESIAN_POINT('',(-2.98962701126249,3.93333333333334,46.56));
#7043=CARTESIAN_POINT('',(-2.98962701126249,1.93333333333334,45.84));
#7044=CARTESIAN_POINT('',(-2.98962701126249,1.93333333333334,46.56));
#7045=CARTESIAN_POINT('',(-0.989627011262489,1.93333333333334,45.84));
#7046=CARTESIAN_POINT('',(-0.989627011262489,1.93333333333334,46.56));
#7047=CARTESIAN_POINT('',(1.01037298873751,1.93333333333334,45.84));
#7048=CARTESIAN_POINT('',(1.01037298873751,1.93333333333334,46.56));
#7049=CARTESIAN_POINT('',(1.01037298873751,3.93333333333334,45.84));
#7050=CARTESIAN_POINT('',(1.01037298873751,3.93333333333334,46.56));
#7051=CARTESIAN_POINT('',(1.01037298873751,5.93333333333334,45.84));
#7052=CARTESIAN_POINT('',(1.01037298873751,5.93333333333334,46.56));
#7053=CARTESIAN_POINT('',(-0.989627011262489,5.93333333333334,45.84));
#7054=CARTESIAN_POINT('',(-0.989627011262489,5.93333333333334,46.56));
#7055=CARTESIAN_POINT('',(-2.98962701126249,5.93333333333334,45.84));
#7056=CARTESIAN_POINT('',(-2.98962701126249,5.93333333333334,46.56));
#7057=CARTESIAN_POINT('',(-2.98962701126249,3.93333333333334,45.84));
#7058=CARTESIAN_POINT('',(-2.98962701126249,3.93333333333334,46.56));
#7059=CARTESIAN_POINT('',(-18.72,18.72,46.));
#7060=CARTESIAN_POINT('',(11.12080967628,4.18048963651654,47.16));
#7061=CARTESIAN_POINT('',(8.03926408420388,-3.93333333333333,45.84));
#7062=CARTESIAN_POINT('',(8.03926408420388,-3.93333333333333,46.56));
#7063=CARTESIAN_POINT('',(8.03926408420388,-1.93333333333333,45.84));
#7064=CARTESIAN_POINT('',(8.03926408420388,-1.93333333333333,46.56));
#7065=CARTESIAN_POINT('',(6.03926408420388,-1.93333333333333,45.84));
#7066=CARTESIAN_POINT('',(6.03926408420388,-1.93333333333333,46.56));
#7067=CARTESIAN_POINT('',(4.03926408420388,-1.93333333333333,45.84));
#7068=CARTESIAN_POINT('',(4.03926408420388,-1.93333333333333,46.56));
#7069=CARTESIAN_POINT('',(4.03926408420388,-3.93333333333333,45.84));
#7070=CARTESIAN_POINT('',(4.03926408420388,-3.93333333333333,46.56));
#7071=CARTESIAN_POINT('',(4.03926408420388,-5.93333333333333,45.84));
#7072=CARTESIAN_POINT('',(4.03926408420388,-5.93333333333333,46.56));
#7073=CARTESIAN_POINT('',(6.03926408420388,-5.93333333333333,45.84));
#7074=CARTESIAN_POINT('',(6.03926408420388,-5.93333333333333,46.56));
#7075=CARTESIAN_POINT('',(8.03926408420388,-5.93333333333333,45.84));
#7076=CARTESIAN_POINT('',(8.03926408420388,-5.93333333333333,46.56));
#7077=CARTESIAN_POINT('',(8.03926408420388,-3.93333333333333,45.84));
#7078=CARTESIAN_POINT('',(8.03926408420388,-3.93333333333333,46.56));
#7079=CARTESIAN_POINT('',(16.1985957244486,16.3192015698387,48.));
#7080=CARTESIAN_POINT('',(18.72,18.72,47.3));
#7081=CARTESIAN_POINT('',(-15.5,-7.85046229341887E-16,48.19));
#7082=CARTESIAN_POINT('',(-15.5,15.5,48.19));
#7083=CARTESIAN_POINT('',(-3.16954731858951E-15,15.5,48.19));
#7084=CARTESIAN_POINT('',(15.5,15.5,48.19));
#7085=CARTESIAN_POINT('',(15.5,1.11315630933651E-15,48.19));
#7086=CARTESIAN_POINT('',(15.5,-15.5,48.19));
#7087=CARTESIAN_POINT('',(6.26857758767286E-16,-15.5,48.19));
#7088=CARTESIAN_POINT('',(-15.5,-15.5,48.19));
#7089=CARTESIAN_POINT('',(-15.5,-7.85046229341887E-16,48.19));
#7090=CARTESIAN_POINT('',(-15.5,-7.85046229341887E-16,47.11));
#7091=CARTESIAN_POINT('',(-15.5,15.5,47.11));
#7092=CARTESIAN_POINT('',(-3.16954731858951E-15,15.5,47.11));
#7093=CARTESIAN_POINT('',(15.5,15.5,47.11));
#7094=CARTESIAN_POINT('',(15.5,1.11315630933651E-15,47.11));
#7095=CARTESIAN_POINT('',(15.5,-15.5,47.11));
#7096=CARTESIAN_POINT('',(6.26857758767286E-16,-15.5,47.11));
#7097=CARTESIAN_POINT('',(-15.5,-15.5,47.11));
#7098=CARTESIAN_POINT('',(-15.5,-7.85046229341887E-16,47.11));
#7099=CARTESIAN_POINT('',(-15.5,-7.85046229341887E-16,48.19));
#7100=CARTESIAN_POINT('',(-15.5,15.5,48.19));
#7101=CARTESIAN_POINT('',(-3.16954731858951E-15,15.5,48.19));
#7102=CARTESIAN_POINT('',(15.5,15.5,48.19));
#7103=CARTESIAN_POINT('',(15.5,1.11315630933651E-15,48.19));
#7104=CARTESIAN_POINT('',(15.5,-15.5,48.19));
#7105=CARTESIAN_POINT('',(6.26857758767286E-16,-15.5,48.19));
#7106=CARTESIAN_POINT('',(-15.5,-15.5,48.19));
#7107=CARTESIAN_POINT('',(-15.5,-7.85046229341887E-16,48.19));
#7108=CARTESIAN_POINT('',(-15.5,-7.85046229341887E-16,47.11));
#7109=CARTESIAN_POINT('',(-15.5,15.5,47.11));
#7110=CARTESIAN_POINT('',(-3.16954731858951E-15,15.5,47.11));
#7111=CARTESIAN_POINT('',(15.5,15.5,47.11));
#7112=CARTESIAN_POINT('',(15.5,1.11315630933651E-15,47.11));
#7113=CARTESIAN_POINT('',(15.5,-15.5,47.11));
#7114=CARTESIAN_POINT('',(6.26857758767286E-16,-15.5,47.11));
#7115=CARTESIAN_POINT('',(-15.5,-15.5,47.11));
#7116=CARTESIAN_POINT('',(-15.5,-7.85046229341887E-16,47.11));
#7117=CARTESIAN_POINT('',(6.51382875681441,-5.93333333333333,48.79));
#7118=CARTESIAN_POINT('',(-0.527745959197404,-14.2344608235521,48.79));
#7119=CARTESIAN_POINT('',(-13.35,2.4244674979563E-15,47.11));
#7120=CARTESIAN_POINT('',(-13.35,2.4244674979563E-15,48.19));
#7121=CARTESIAN_POINT('',(-13.35,-13.35,47.11));
#7122=CARTESIAN_POINT('',(-13.35,-13.35,48.19));
#7123=CARTESIAN_POINT('',(3.62344036006977E-15,-13.35,47.11));
#7124=CARTESIAN_POINT('',(3.62344036006977E-15,-13.35,48.19));
#7125=CARTESIAN_POINT('',(13.35,-13.35,47.11));
#7126=CARTESIAN_POINT('',(13.35,-13.35,48.19));
#7127=CARTESIAN_POINT('',(13.35,7.89564021094583E-16,47.11));
#7128=CARTESIAN_POINT('',(13.35,7.89564021094583E-16,48.19));
#7129=CARTESIAN_POINT('',(13.35,13.35,47.11));
#7130=CARTESIAN_POINT('',(13.35,13.35,48.19));
#7131=CARTESIAN_POINT('',(6.8932473137932E-15,13.35,47.11));
#7132=CARTESIAN_POINT('',(6.8932473137932E-15,13.35,48.19));
#7133=CARTESIAN_POINT('',(-13.35,13.35,47.11));
#7134=CARTESIAN_POINT('',(-13.35,13.35,48.19));
#7135=CARTESIAN_POINT('',(-13.35,2.4244674979563E-15,47.11));
#7136=CARTESIAN_POINT('',(-13.35,2.4244674979563E-15,48.19));
#7137=CARTESIAN_POINT('',(-3.40174308549462,5.04768320362587,48.79));
#7138=CARTESIAN_POINT('',(-0.660650432357897,5.93333333333184,46.51));
#7139=CARTESIAN_POINT('',(-2.98962701126249,3.93333333333334,48.19));
#7140=CARTESIAN_POINT('',(-2.98962701126249,5.93333333333334,48.19));
#7141=CARTESIAN_POINT('',(-0.98962701126249,5.93333333333334,48.19));
#7142=CARTESIAN_POINT('',(1.01037298873751,5.93333333333334,48.19));
#7143=CARTESIAN_POINT('',(1.01037298873751,3.93333333333334,48.19));
#7144=CARTESIAN_POINT('',(1.01037298873751,1.93333333333334,48.19));
#7145=CARTESIAN_POINT('',(-0.98962701126249,1.93333333333334,48.19));
#7146=CARTESIAN_POINT('',(-2.98962701126249,1.93333333333334,48.19));
#7147=CARTESIAN_POINT('',(-2.98962701126249,3.93333333333334,48.19));
#7148=CARTESIAN_POINT('',(-2.98962701126249,3.93333333333334,47.11));
#7149=CARTESIAN_POINT('',(-2.98962701126249,5.93333333333334,47.11));
#7150=CARTESIAN_POINT('',(-0.98962701126249,5.93333333333334,47.11));
#7151=CARTESIAN_POINT('',(1.01037298873751,5.93333333333334,47.11));
#7152=CARTESIAN_POINT('',(1.01037298873751,3.93333333333334,47.11));
#7153=CARTESIAN_POINT('',(1.01037298873751,1.93333333333334,47.11));
#7154=CARTESIAN_POINT('',(-0.98962701126249,1.93333333333334,47.11));
#7155=CARTESIAN_POINT('',(-2.98962701126249,1.93333333333334,47.11));
#7156=CARTESIAN_POINT('',(-2.98962701126249,3.93333333333334,47.11));
#7157=CARTESIAN_POINT('',(-2.83926930185956,-6.99612589450328,48.79));
#7158=CARTESIAN_POINT('',(-2.04830897914474,-5.93333333333333,48.79));
#7159=CARTESIAN_POINT('',(-1.28200718085782,5.08897436761094,48.79));
#7160=CARTESIAN_POINT('',(-7.81103695744798,-7.06675214539041,48.79));
#7161=CARTESIAN_POINT('',(-6.99437078165488,-5.93333333333333,48.79));
#7162=CARTESIAN_POINT('',(-2.64094278104287,14.9445226093023,48.79));
#7163=CARTESIAN_POINT('',(13.35,-2.4244674979563E-15,47.11));
#7164=CARTESIAN_POINT('',(13.35,-2.4244674979563E-15,48.19));
#7165=CARTESIAN_POINT('',(13.35,13.35,47.11));
#7166=CARTESIAN_POINT('',(13.35,13.35,48.19));
#7167=CARTESIAN_POINT('',(-3.62344036006977E-15,13.35,47.11));
#7168=CARTESIAN_POINT('',(-3.62344036006977E-15,13.35,48.19));
#7169=CARTESIAN_POINT('',(-13.35,13.35,47.11));
#7170=CARTESIAN_POINT('',(-13.35,13.35,48.19));
#7171=CARTESIAN_POINT('',(-13.35,-7.89564021094583E-16,47.11));
#7172=CARTESIAN_POINT('',(-13.35,-7.89564021094583E-16,48.19));
#7173=CARTESIAN_POINT('',(-13.35,-13.35,47.11));
#7174=CARTESIAN_POINT('',(-13.35,-13.35,48.19));
#7175=CARTESIAN_POINT('',(-6.8932473137932E-15,-13.35,47.11));
#7176=CARTESIAN_POINT('',(-6.8932473137932E-15,-13.35,48.19));
#7177=CARTESIAN_POINT('',(13.35,-13.35,47.11));
#7178=CARTESIAN_POINT('',(13.35,-13.35,48.19));
#7179=CARTESIAN_POINT('',(13.35,-2.4244674979563E-15,47.11));
#7180=CARTESIAN_POINT('',(13.35,-2.4244674979563E-15,48.19));
#7181=CARTESIAN_POINT('',(4.71399920021162,7.97367338883555,48.79));
#7182=CARTESIAN_POINT('',(9.51560863791133,5.93333333333184,46.51));
#7183=CARTESIAN_POINT('',(6.90249659375824,3.93333333333175,48.19));
#7184=CARTESIAN_POINT('',(6.90249659375824,5.93333333333172,48.19));
#7185=CARTESIAN_POINT('',(8.90249659375821,5.93333333333172,48.19));
#7186=CARTESIAN_POINT('',(10.9024965937582,5.93333333333172,48.19));
#7187=CARTESIAN_POINT('',(10.9024965937582,3.93333333333175,48.19));
#7188=CARTESIAN_POINT('',(10.9024965937582,1.93333333333178,48.19));
#7189=CARTESIAN_POINT('',(8.90249659375821,1.93333333333178,48.19));
#7190=CARTESIAN_POINT('',(6.90249659375824,1.93333333333178,48.19));
#7191=CARTESIAN_POINT('',(6.90249659375824,3.93333333333175,48.19));
#7192=CARTESIAN_POINT('',(6.90249659375824,3.93333333333175,47.11));
#7193=CARTESIAN_POINT('',(6.90249659375824,5.93333333333172,47.11));
#7194=CARTESIAN_POINT('',(8.90249659375821,5.93333333333172,47.11));
#7195=CARTESIAN_POINT('',(10.9024965937582,5.93333333333172,47.11));
#7196=CARTESIAN_POINT('',(10.9024965937582,3.93333333333175,47.11));
#7197=CARTESIAN_POINT('',(10.9024965937582,1.93333333333178,47.11));
#7198=CARTESIAN_POINT('',(8.90249659375821,1.93333333333178,47.11));
#7199=CARTESIAN_POINT('',(6.90249659375824,1.93333333333178,47.11));
#7200=CARTESIAN_POINT('',(6.90249659375824,3.93333333333175,47.11));
#7201=CARTESIAN_POINT('',(7.57972148482688,-5.54857020981831,48.79));
#7202=CARTESIAN_POINT('',(4.03926408420388,-3.93333333333333,48.19));
#7203=CARTESIAN_POINT('',(4.03926408420388,-1.93333333333333,48.19));
#7204=CARTESIAN_POINT('',(6.03926408420388,-1.93333333333333,48.19));
#7205=CARTESIAN_POINT('',(8.03926408420388,-1.93333333333333,48.19));
#7206=CARTESIAN_POINT('',(8.03926408420388,-3.93333333333333,48.19));
#7207=CARTESIAN_POINT('',(8.03926408420388,-5.93333333333333,48.19));
#7208=CARTESIAN_POINT('',(6.03926408420388,-5.93333333333333,48.19));
#7209=CARTESIAN_POINT('',(4.03926408420388,-5.93333333333333,48.19));
#7210=CARTESIAN_POINT('',(4.03926408420388,-3.93333333333333,48.19));
#7211=CARTESIAN_POINT('',(4.03926408420388,-3.93333333333333,47.11));
#7212=CARTESIAN_POINT('',(4.03926408420388,-1.93333333333333,47.11));
#7213=CARTESIAN_POINT('',(6.03926408420388,-1.93333333333333,47.11));
#7214=CARTESIAN_POINT('',(8.03926408420388,-1.93333333333333,47.11));
#7215=CARTESIAN_POINT('',(8.03926408420388,-3.93333333333333,47.11));
#7216=CARTESIAN_POINT('',(8.03926408420388,-5.93333333333333,47.11));
#7217=CARTESIAN_POINT('',(6.03926408420388,-5.93333333333333,47.11));
#7218=CARTESIAN_POINT('',(4.03926408420388,-5.93333333333333,47.11));
#7219=CARTESIAN_POINT('',(4.03926408420388,-3.93333333333333,47.11));
#7220=CARTESIAN_POINT('',(2.87292411276857,-4.89119658983509,48.79));
#7221=CARTESIAN_POINT('',(5.64864746422552,-3.95555555555556,46.51));
#7222=CARTESIAN_POINT('',(8.53813120007223,4.89119658983304,48.79));
#7223=CARTESIAN_POINT('',(8.52805642863746,3.95555555555397,48.79));
#7224=CARTESIAN_POINT('',(18.74,-18.74,46.));
#7225=CARTESIAN_POINT('',(-38.6804705806714,-22.7776156005866,40.078567260615));
#7226=CARTESIAN_POINT('',(-31.3081108041898,-21.3159831793907,42.2));
#7227=CARTESIAN_POINT('',(-20.95,-20.,46.5));
#7228=CARTESIAN_POINT('',(-20.95,-19.05,46.5));
#7229=CARTESIAN_POINT('',(-20.,-19.05,46.5));
#7230=CARTESIAN_POINT('',(-19.05,-19.05,46.5));
#7231=CARTESIAN_POINT('',(-19.05,-20.,46.5));
#7232=CARTESIAN_POINT('',(-19.05,-20.95,46.5));
#7233=CARTESIAN_POINT('',(-20.,-20.95,46.5));
#7234=CARTESIAN_POINT('',(-20.95,-20.95,46.5));
#7235=CARTESIAN_POINT('',(-20.95,-20.,46.5));
#7236=CARTESIAN_POINT('',(-20.95,-20.,41.7));
#7237=CARTESIAN_POINT('',(-20.95,-19.05,41.7));
#7238=CARTESIAN_POINT('',(-20.,-19.05,41.7));
#7239=CARTESIAN_POINT('',(-19.05,-19.05,41.7));
#7240=CARTESIAN_POINT('',(-19.05,-20.,41.7));
#7241=CARTESIAN_POINT('',(-19.05,-20.95,41.7));
#7242=CARTESIAN_POINT('',(-20.,-20.95,41.7));
#7243=CARTESIAN_POINT('',(-20.95,-20.95,41.7));
#7244=CARTESIAN_POINT('',(-20.95,-20.,41.7));
#7245=CARTESIAN_POINT('',(-20.95,-20.,46.5));
#7246=CARTESIAN_POINT('',(-20.95,-19.05,46.5));
#7247=CARTESIAN_POINT('',(-20.,-19.05,46.5));
#7248=CARTESIAN_POINT('',(-19.05,-19.05,46.5));
#7249=CARTESIAN_POINT('',(-19.05,-20.,46.5));
#7250=CARTESIAN_POINT('',(-19.05,-20.95,46.5));
#7251=CARTESIAN_POINT('',(-20.,-20.95,46.5));
#7252=CARTESIAN_POINT('',(-20.95,-20.95,46.5));
#7253=CARTESIAN_POINT('',(-20.95,-20.,46.5));
#7254=CARTESIAN_POINT('',(-20.95,-20.,41.7));
#7255=CARTESIAN_POINT('',(-20.95,-19.05,41.7));
#7256=CARTESIAN_POINT('',(-20.,-19.05,41.7));
#7257=CARTESIAN_POINT('',(-19.05,-19.05,41.7));
#7258=CARTESIAN_POINT('',(-19.05,-20.,41.7));
#7259=CARTESIAN_POINT('',(-19.05,-20.95,41.7));
#7260=CARTESIAN_POINT('',(-20.,-20.95,41.7));
#7261=CARTESIAN_POINT('',(-20.95,-20.95,41.7));
#7262=CARTESIAN_POINT('',(-20.95,-20.,41.7));
#7263=CARTESIAN_POINT('',(-31.1666894479527,-29.7524758855791,46.5));
#7264=CARTESIAN_POINT('',(-26.5,-17.52,46.6600000000001));
#7265=CARTESIAN_POINT('',(36.9134866939953,-21.0106317139106,43.612535033967));
#7266=CARTESIAN_POINT('',(21.3159831793906,-21.3159831793907,42.2));
#7267=CARTESIAN_POINT('',(19.05,-20.,46.5));
#7268=CARTESIAN_POINT('',(19.05,-19.05,46.5));
#7269=CARTESIAN_POINT('',(20.,-19.05,46.5));
#7270=CARTESIAN_POINT('',(20.95,-19.05,46.5));
#7271=CARTESIAN_POINT('',(20.95,-20.,46.5));
#7272=CARTESIAN_POINT('',(20.95,-20.95,46.5));
#7273=CARTESIAN_POINT('',(20.,-20.95,46.5));
#7274=CARTESIAN_POINT('',(19.05,-20.95,46.5));
#7275=CARTESIAN_POINT('',(19.05,-20.,46.5));
#7276=CARTESIAN_POINT('',(19.05,-20.,41.7));
#7277=CARTESIAN_POINT('',(19.05,-19.05,41.7));
#7278=CARTESIAN_POINT('',(20.,-19.05,41.7));
#7279=CARTESIAN_POINT('',(20.95,-19.05,41.7));
#7280=CARTESIAN_POINT('',(20.95,-20.,41.7));
#7281=CARTESIAN_POINT('',(20.95,-20.95,41.7));
#7282=CARTESIAN_POINT('',(20.,-20.95,41.7));
#7283=CARTESIAN_POINT('',(19.05,-20.95,41.7));
#7284=CARTESIAN_POINT('',(19.05,-20.,41.7));
#7285=CARTESIAN_POINT('',(19.05,-20.,46.5));
#7286=CARTESIAN_POINT('',(19.05,-19.05,46.5));
#7287=CARTESIAN_POINT('',(20.,-19.05,46.5));
#7288=CARTESIAN_POINT('',(20.95,-19.05,46.5));
#7289=CARTESIAN_POINT('',(20.95,-20.,46.5));
#7290=CARTESIAN_POINT('',(20.95,-20.95,46.5));
#7291=CARTESIAN_POINT('',(20.,-20.95,46.5));
#7292=CARTESIAN_POINT('',(19.05,-20.95,46.5));
#7293=CARTESIAN_POINT('',(19.05,-20.,46.5));
#7294=CARTESIAN_POINT('',(19.05,-20.,41.7));
#7295=CARTESIAN_POINT('',(19.05,-19.05,41.7));
#7296=CARTESIAN_POINT('',(20.,-19.05,41.7));
#7297=CARTESIAN_POINT('',(20.95,-19.05,41.7));
#7298=CARTESIAN_POINT('',(20.95,-20.,41.7));
#7299=CARTESIAN_POINT('',(20.95,-20.95,41.7));
#7300=CARTESIAN_POINT('',(20.,-20.95,41.7));
#7301=CARTESIAN_POINT('',(19.05,-20.95,41.7));
#7302=CARTESIAN_POINT('',(19.05,-20.,41.7));
#7303=CARTESIAN_POINT('',(29.7524758855791,-31.1666894479527,41.7));
#7304=CARTESIAN_POINT('',(25.5,0.,41.8799999999999));
#7305=CARTESIAN_POINT('',(25.5,25.5,41.8799999999999));
#7306=CARTESIAN_POINT('',(-1.1761251626589E-14,25.5,41.8799999999999));
#7307=CARTESIAN_POINT('',(-25.5,25.5,41.8799999999999));
#7308=CARTESIAN_POINT('',(-25.5,3.12284933782575E-15,41.8799999999999));
#7309=CARTESIAN_POINT('',(-25.5,-25.5,41.8799999999999));
#7310=CARTESIAN_POINT('',(-1.80069503022405E-14,-25.5,41.8799999999999));
#7311=CARTESIAN_POINT('',(25.5,-25.5,41.8799999999999));
#7312=CARTESIAN_POINT('',(25.5,0.,41.8799999999999));
#7313=CARTESIAN_POINT('',(25.5,0.,44.52));
#7314=CARTESIAN_POINT('',(25.5,25.5,44.52));
#7315=CARTESIAN_POINT('',(-1.1761251626589E-14,25.5,44.52));
#7316=CARTESIAN_POINT('',(-25.5,25.5,44.52));
#7317=CARTESIAN_POINT('',(-25.5,3.12284933782575E-15,44.52));
#7318=CARTESIAN_POINT('',(-25.5,-25.5,44.52));
#7319=CARTESIAN_POINT('',(-1.80069503022405E-14,-25.5,44.52));
#7320=CARTESIAN_POINT('',(25.5,-25.5,44.52));
#7321=CARTESIAN_POINT('',(25.5,0.,44.52));
#7322=CARTESIAN_POINT('',(-27.6312524509899,-0.856223039112024,42.2));
#7323=CARTESIAN_POINT('',(-21.4574045356283,-22.8716180980009,46.5));
#7324=CARTESIAN_POINT('',(18.74,21.26,46.));
#7325=CARTESIAN_POINT('',(21.0106317139105,36.9134866939954,43.612535033967));
#7326=CARTESIAN_POINT('',(31.1666894479527,29.7524758855791,46.5));
#7327=CARTESIAN_POINT('',(19.05,20.,46.5));
#7328=CARTESIAN_POINT('',(19.05,20.95,46.5));
#7329=CARTESIAN_POINT('',(20.,20.95,46.5));
#7330=CARTESIAN_POINT('',(20.95,20.95,46.5));
#7331=CARTESIAN_POINT('',(20.95,20.,46.5));
#7332=CARTESIAN_POINT('',(20.95,19.05,46.5));
#7333=CARTESIAN_POINT('',(20.,19.05,46.5));
#7334=CARTESIAN_POINT('',(19.05,19.05,46.5));
#7335=CARTESIAN_POINT('',(19.05,20.,46.5));
#7336=CARTESIAN_POINT('',(19.05,20.,41.7));
#7337=CARTESIAN_POINT('',(19.05,20.95,41.7));
#7338=CARTESIAN_POINT('',(20.,20.95,41.7));
#7339=CARTESIAN_POINT('',(20.95,20.95,41.7));
#7340=CARTESIAN_POINT('',(20.95,20.,41.7));
#7341=CARTESIAN_POINT('',(20.95,19.05,41.7));
#7342=CARTESIAN_POINT('',(20.,19.05,41.7));
#7343=CARTESIAN_POINT('',(19.05,19.05,41.7));
#7344=CARTESIAN_POINT('',(19.05,20.,41.7));
#7345=CARTESIAN_POINT('',(19.05,20.,46.5));
#7346=CARTESIAN_POINT('',(19.05,20.95,46.5));
#7347=CARTESIAN_POINT('',(20.,20.95,46.5));
#7348=CARTESIAN_POINT('',(20.95,20.95,46.5));
#7349=CARTESIAN_POINT('',(20.95,20.,46.5));
#7350=CARTESIAN_POINT('',(20.95,19.05,46.5));
#7351=CARTESIAN_POINT('',(20.,19.05,46.5));
#7352=CARTESIAN_POINT('',(19.05,19.05,46.5));
#7353=CARTESIAN_POINT('',(19.05,20.,46.5));
#7354=CARTESIAN_POINT('',(19.05,20.,41.7));
#7355=CARTESIAN_POINT('',(19.05,20.95,41.7));
#7356=CARTESIAN_POINT('',(20.,20.95,41.7));
#7357=CARTESIAN_POINT('',(20.95,20.95,41.7));
#7358=CARTESIAN_POINT('',(20.95,20.,41.7));
#7359=CARTESIAN_POINT('',(20.95,19.05,41.7));
#7360=CARTESIAN_POINT('',(20.,19.05,41.7));
#7361=CARTESIAN_POINT('',(19.05,19.05,41.7));
#7362=CARTESIAN_POINT('',(19.05,20.,41.7));
#7363=CARTESIAN_POINT('',(21.4574045356283,22.8716180980008,46.5));
#7364=CARTESIAN_POINT('',(21.3159831793906,31.3081108041898,42.2));
#7365=CARTESIAN_POINT('',(31.1666894479522,-29.7524758855796,46.5));
#7366=CARTESIAN_POINT('',(26.5000000000001,17.52,46.6600000000001));
#7367=CARTESIAN_POINT('',(-21.26,21.26,46.));
#7368=CARTESIAN_POINT('',(-32.5934639277002,30.9424427583962,46.));
#7369=CARTESIAN_POINT('',(-30.9424427583962,32.5934639277002,46.));
#7370=CARTESIAN_POINT('',(-22.7776156005866,38.6804705806715,40.0785672606149));
#7371=CARTESIAN_POINT('',(-21.4574045356278,22.8716180980014,46.5));
#7372=CARTESIAN_POINT('',(-20.95,20.,46.5));
#7373=CARTESIAN_POINT('',(-20.95,20.95,46.5));
#7374=CARTESIAN_POINT('',(-20.,20.95,46.5));
#7375=CARTESIAN_POINT('',(-19.05,20.95,46.5));
#7376=CARTESIAN_POINT('',(-19.05,20.,46.5));
#7377=CARTESIAN_POINT('',(-19.05,19.05,46.5));
#7378=CARTESIAN_POINT('',(-20.,19.05,46.5));
#7379=CARTESIAN_POINT('',(-20.95,19.05,46.5));
#7380=CARTESIAN_POINT('',(-20.95,20.,46.5));
#7381=CARTESIAN_POINT('',(-20.95,20.,41.7));
#7382=CARTESIAN_POINT('',(-20.95,20.95,41.7));
#7383=CARTESIAN_POINT('',(-20.,20.95,41.7));
#7384=CARTESIAN_POINT('',(-19.05,20.95,41.7));
#7385=CARTESIAN_POINT('',(-19.05,20.,41.7));
#7386=CARTESIAN_POINT('',(-19.05,19.05,41.7));
#7387=CARTESIAN_POINT('',(-20.,19.05,41.7));
#7388=CARTESIAN_POINT('',(-20.95,19.05,41.7));
#7389=CARTESIAN_POINT('',(-20.95,20.,41.7));
#7390=CARTESIAN_POINT('',(-20.95,20.,46.5));
#7391=CARTESIAN_POINT('',(-20.95,20.95,46.5));
#7392=CARTESIAN_POINT('',(-20.,20.95,46.5));
#7393=CARTESIAN_POINT('',(-19.05,20.95,46.5));
#7394=CARTESIAN_POINT('',(-19.05,20.,46.5));
#7395=CARTESIAN_POINT('',(-19.05,19.05,46.5));
#7396=CARTESIAN_POINT('',(-20.,19.05,46.5));
#7397=CARTESIAN_POINT('',(-20.95,19.05,46.5));
#7398=CARTESIAN_POINT('',(-20.95,20.,46.5));
#7399=CARTESIAN_POINT('',(-20.95,20.,41.7));
#7400=CARTESIAN_POINT('',(-20.95,20.95,41.7));
#7401=CARTESIAN_POINT('',(-20.,20.95,41.7));
#7402=CARTESIAN_POINT('',(-19.05,20.95,41.7));
#7403=CARTESIAN_POINT('',(-19.05,20.,41.7));
#7404=CARTESIAN_POINT('',(-19.05,19.05,41.7));
#7405=CARTESIAN_POINT('',(-20.,19.05,41.7));
#7406=CARTESIAN_POINT('',(-20.95,19.05,41.7));
#7407=CARTESIAN_POINT('',(-20.95,20.,41.7));
#7408=CARTESIAN_POINT('',(-31.3081108041898,31.3081108041898,42.2));
#7409=CARTESIAN_POINT('',(-27.6312524509898,27.6312524509898,42.2));
#7410=CARTESIAN_POINT('',(-22.8716180980008,21.4574045356283,41.7));
#7411=CARTESIAN_POINT('',(0.856223039112024,27.6312524509898,42.2));
#7412=CARTESIAN_POINT('',(22.8920041606881,32.5934639277002,46.));
#7413=CARTESIAN_POINT('',(-22.8408557312792,28.9604026970726,53.1994966286593));
#7414=CARTESIAN_POINT('',(-24.472702693933,1.57009245868377E-15,47.84));
#7415=CARTESIAN_POINT('',(-24.472702693933,24.472702693933,47.84));
#7416=CARTESIAN_POINT('',(1.18241554444714E-14,24.472702693933,47.84));
#7417=CARTESIAN_POINT('',(24.472702693933,24.472702693933,47.84));
#7418=CARTESIAN_POINT('',(24.472702693933,4.56713416074476E-15,47.84));
#7419=CARTESIAN_POINT('',(24.472702693933,-24.472702693933,47.84));
#7420=CARTESIAN_POINT('',(1.78182388485934E-14,-24.472702693933,47.84));
#7421=CARTESIAN_POINT('',(-24.472702693933,-24.472702693933,47.84));
#7422=CARTESIAN_POINT('',(-24.472702693933,1.57009245868377E-15,47.84));
#7423=CARTESIAN_POINT('',(-24.472702693933,1.57009245868377E-15,43.76));
#7424=CARTESIAN_POINT('',(-24.472702693933,24.472702693933,43.76));
#7425=CARTESIAN_POINT('',(1.18241554444714E-14,24.472702693933,43.76));
#7426=CARTESIAN_POINT('',(24.472702693933,24.472702693933,43.76));
#7427=CARTESIAN_POINT('',(24.472702693933,4.56713416074476E-15,43.76));
#7428=CARTESIAN_POINT('',(24.472702693933,-24.472702693933,43.76));
#7429=CARTESIAN_POINT('',(1.78182388485934E-14,-24.472702693933,43.76));
#7430=CARTESIAN_POINT('',(-24.472702693933,-24.472702693933,43.76));
#7431=CARTESIAN_POINT('',(-24.472702693933,1.57009245868377E-15,43.76));
#7432=CARTESIAN_POINT('',(4.5575448996006,-24.6597629620926,47.84));
#7433=CARTESIAN_POINT('',(5.47701411586257,-24.2533171276035,47.84));
#7434=CARTESIAN_POINT('',(4.30236815156758,-17.6976092194431,43.76));
#7435=CARTESIAN_POINT('',(17.2341412608814,3.73638933914283E-15,43.7599999999999));
#7436=CARTESIAN_POINT('',(17.2341412608814,3.73638933914283E-15,47.84));
#7437=CARTESIAN_POINT('',(17.2341412608814,17.2341412608814,43.7599999999999));
#7438=CARTESIAN_POINT('',(17.2341412608814,17.2341412608814,47.84));
#7439=CARTESIAN_POINT('',(5.49617889506022E-15,17.2341412608814,43.7599999999999));
#7440=CARTESIAN_POINT('',(5.49617889506022E-15,17.2341412608814,47.84));
#7441=CARTESIAN_POINT('',(-17.2341412608814,17.2341412608814,43.7599999999999));
#7442=CARTESIAN_POINT('',(-17.2341412608814,17.2341412608814,47.84));
#7443=CARTESIAN_POINT('',(-17.2341412608814,5.846962932262E-15,43.7599999999999));
#7444=CARTESIAN_POINT('',(-17.2341412608814,5.846962932262E-15,47.84));
#7445=CARTESIAN_POINT('',(-17.2341412608814,-17.2341412608814,43.7599999999999));
#7446=CARTESIAN_POINT('',(-17.2341412608814,-17.2341412608814,47.84));
#7447=CARTESIAN_POINT('',(1.27503170882187E-15,-17.2341412608814,43.7599999999999));
#7448=CARTESIAN_POINT('',(1.27503170882187E-15,-17.2341412608814,47.84));
#7449=CARTESIAN_POINT('',(17.2341412608814,-17.2341412608814,43.7599999999999));
#7450=CARTESIAN_POINT('',(17.2341412608814,-17.2341412608814,47.84));
#7451=CARTESIAN_POINT('',(17.2341412608814,3.73638933914283E-15,43.7599999999999));
#7452=CARTESIAN_POINT('',(17.2341412608814,3.73638933914283E-15,47.84));
#7453=CARTESIAN_POINT('',(-2.40857870592436,-16.5154445280789,43.76));
#7454=CARTESIAN_POINT('',(-3.39863023117354,-16.4966828723926,47.84));
#7455=CARTESIAN_POINT('',(-5.69928045070475,-22.7885381806425,47.84));
#7456=CARTESIAN_POINT('',(-24.472702693933,1.57009245868377E-15,47.84));
#7457=CARTESIAN_POINT('',(-24.472702693933,24.472702693933,47.84));
#7458=CARTESIAN_POINT('',(1.18241554444714E-14,24.472702693933,47.84));
#7459=CARTESIAN_POINT('',(24.472702693933,24.472702693933,47.84));
#7460=CARTESIAN_POINT('',(24.472702693933,4.56713416074476E-15,47.84));
#7461=CARTESIAN_POINT('',(24.472702693933,-24.472702693933,47.84));
#7462=CARTESIAN_POINT('',(1.78182388485934E-14,-24.472702693933,47.84));
#7463=CARTESIAN_POINT('',(-24.472702693933,-24.472702693933,47.84));
#7464=CARTESIAN_POINT('',(-24.472702693933,1.57009245868377E-15,47.84));
#7465=CARTESIAN_POINT('',(-24.472702693933,1.57009245868377E-15,43.76));
#7466=CARTESIAN_POINT('',(-24.472702693933,24.472702693933,43.76));
#7467=CARTESIAN_POINT('',(1.18241554444714E-14,24.472702693933,43.76));
#7468=CARTESIAN_POINT('',(24.472702693933,24.472702693933,43.76));
#7469=CARTESIAN_POINT('',(24.472702693933,4.56713416074476E-15,43.76));
#7470=CARTESIAN_POINT('',(24.472702693933,-24.472702693933,43.76));
#7471=CARTESIAN_POINT('',(1.78182388485934E-14,-24.472702693933,43.76));
#7472=CARTESIAN_POINT('',(-24.472702693933,-24.472702693933,43.76));
#7473=CARTESIAN_POINT('',(-24.472702693933,1.57009245868377E-15,43.76));
#7474=CARTESIAN_POINT('',(16.2778512736318,-19.0351559244808,47.84));
#7475=CARTESIAN_POINT('',(16.8859688765702,-18.2815586521596,43.76));
#7476=CARTESIAN_POINT('',(12.5335124321389,-13.1739734585803,43.76));
#7477=CARTESIAN_POINT('',(17.2341412608814,3.73638933914283E-15,43.76));
#7478=CARTESIAN_POINT('',(17.2341412608814,3.73638933914283E-15,47.84));
#7479=CARTESIAN_POINT('',(17.2341412608814,17.2341412608814,43.76));
#7480=CARTESIAN_POINT('',(17.2341412608814,17.2341412608814,47.84));
#7481=CARTESIAN_POINT('',(5.49617889506022E-15,17.2341412608814,43.76));
#7482=CARTESIAN_POINT('',(5.49617889506022E-15,17.2341412608814,47.84));
#7483=CARTESIAN_POINT('',(-17.2341412608814,17.2341412608814,43.76));
#7484=CARTESIAN_POINT('',(-17.2341412608814,17.2341412608814,47.84));
#7485=CARTESIAN_POINT('',(-17.2341412608814,5.846962932262E-15,43.76));
#7486=CARTESIAN_POINT('',(-17.2341412608814,5.846962932262E-15,47.84));
#7487=CARTESIAN_POINT('',(-17.2341412608814,-17.2341412608814,43.76));
#7488=CARTESIAN_POINT('',(-17.2341412608814,-17.2341412608814,47.84));
#7489=CARTESIAN_POINT('',(1.27503170882187E-15,-17.2341412608814,43.76));
#7490=CARTESIAN_POINT('',(1.27503170882187E-15,-17.2341412608814,47.84));
#7491=CARTESIAN_POINT('',(17.2341412608814,-17.2341412608814,43.76));
#7492=CARTESIAN_POINT('',(17.2341412608814,-17.2341412608814,47.84));
#7493=CARTESIAN_POINT('',(17.2341412608814,3.73638933914283E-15,43.76));
#7494=CARTESIAN_POINT('',(17.2341412608814,3.73638933914283E-15,47.84));
#7495=CARTESIAN_POINT('',(6.17041028177101,-15.5097546242524,47.84));
#7496=CARTESIAN_POINT('',(5.30504131793006,-15.9858615612543,47.84));
#7497=CARTESIAN_POINT('',(8.38106157284369,-23.6337334956315,47.84));
#7498=CARTESIAN_POINT('',(25.5,0.,41.88));
#7499=CARTESIAN_POINT('',(25.5,25.5,41.88));
#7500=CARTESIAN_POINT('',(-7.32035952808838E-15,25.5,41.88));
#7501=CARTESIAN_POINT('',(-25.5,25.5,41.88));
#7502=CARTESIAN_POINT('',(-25.5,3.12284933782575E-15,41.88));
#7503=CARTESIAN_POINT('',(-25.5,-25.5,41.88));
#7504=CARTESIAN_POINT('',(-1.35660582037399E-14,-25.5,41.88));
#7505=CARTESIAN_POINT('',(25.5,-25.5,41.88));
#7506=CARTESIAN_POINT('',(25.5,0.,41.88));
#7507=CARTESIAN_POINT('',(25.5,0.,44.52));
#7508=CARTESIAN_POINT('',(25.5,25.5,44.52));
#7509=CARTESIAN_POINT('',(-7.32035952808838E-15,25.5,44.52));
#7510=CARTESIAN_POINT('',(-25.5,25.5,44.52));
#7511=CARTESIAN_POINT('',(-25.5,3.12284933782575E-15,44.52));
#7512=CARTESIAN_POINT('',(-25.5,-25.5,44.52));
#7513=CARTESIAN_POINT('',(-1.35660582037399E-14,-25.5,44.52));
#7514=CARTESIAN_POINT('',(25.5,-25.5,44.52));
#7515=CARTESIAN_POINT('',(25.5,0.,44.52));
#7516=CARTESIAN_POINT('',(-24.472702693933,1.57009245868377E-15,47.84));
#7517=CARTESIAN_POINT('',(-24.472702693933,24.472702693933,47.84));
#7518=CARTESIAN_POINT('',(1.18241554444714E-14,24.472702693933,47.84));
#7519=CARTESIAN_POINT('',(24.472702693933,24.472702693933,47.84));
#7520=CARTESIAN_POINT('',(24.472702693933,4.56713416074476E-15,47.84));
#7521=CARTESIAN_POINT('',(24.472702693933,-24.472702693933,47.84));
#7522=CARTESIAN_POINT('',(1.78182388485934E-14,-24.472702693933,47.84));
#7523=CARTESIAN_POINT('',(-24.472702693933,-24.472702693933,47.84));
#7524=CARTESIAN_POINT('',(-24.472702693933,1.57009245868377E-15,47.84));
#7525=CARTESIAN_POINT('',(-24.472702693933,1.57009245868377E-15,43.76));
#7526=CARTESIAN_POINT('',(-24.472702693933,24.472702693933,43.76));
#7527=CARTESIAN_POINT('',(1.18241554444714E-14,24.472702693933,43.76));
#7528=CARTESIAN_POINT('',(24.472702693933,24.472702693933,43.76));
#7529=CARTESIAN_POINT('',(24.472702693933,4.56713416074476E-15,43.76));
#7530=CARTESIAN_POINT('',(24.472702693933,-24.472702693933,43.76));
#7531=CARTESIAN_POINT('',(1.78182388485934E-14,-24.472702693933,43.76));
#7532=CARTESIAN_POINT('',(-24.472702693933,-24.472702693933,43.76));
#7533=CARTESIAN_POINT('',(-24.472702693933,1.57009245868377E-15,43.76));
#7534=CARTESIAN_POINT('',(23.6337334956315,-8.38106157284381,47.84));
#7535=CARTESIAN_POINT('',(23.7424958164756,-7.38342520257885,43.76));
#7536=CARTESIAN_POINT('',(17.4750924908903,-5.12426612995529,43.76));
#7537=CARTESIAN_POINT('',(17.2341412608814,3.73638933914283E-15,43.7599999999999));
#7538=CARTESIAN_POINT('',(17.2341412608814,3.73638933914283E-15,47.84));
#7539=CARTESIAN_POINT('',(17.2341412608814,17.2341412608814,43.7599999999999));
#7540=CARTESIAN_POINT('',(17.2341412608814,17.2341412608814,47.84));
#7541=CARTESIAN_POINT('',(5.49617889506022E-15,17.2341412608814,43.7599999999999));
#7542=CARTESIAN_POINT('',(5.49617889506022E-15,17.2341412608814,47.84));
#7543=CARTESIAN_POINT('',(-17.2341412608814,17.2341412608814,43.7599999999999));
#7544=CARTESIAN_POINT('',(-17.2341412608814,17.2341412608814,47.84));
#7545=CARTESIAN_POINT('',(-17.2341412608814,5.846962932262E-15,43.7599999999999));
#7546=CARTESIAN_POINT('',(-17.2341412608814,5.846962932262E-15,47.84));
#7547=CARTESIAN_POINT('',(-17.2341412608814,-17.2341412608814,43.7599999999999));
#7548=CARTESIAN_POINT('',(-17.2341412608814,-17.2341412608814,47.84));
#7549=CARTESIAN_POINT('',(1.27503170882187E-15,-17.2341412608814,43.7599999999999));
#7550=CARTESIAN_POINT('',(1.27503170882187E-15,-17.2341412608814,47.84));
#7551=CARTESIAN_POINT('',(17.2341412608814,-17.2341412608814,43.7599999999999));
#7552=CARTESIAN_POINT('',(17.2341412608814,-17.2341412608814,47.84));
#7553=CARTESIAN_POINT('',(17.2341412608814,3.73638933914283E-15,43.7599999999999));
#7554=CARTESIAN_POINT('',(17.2341412608814,3.73638933914283E-15,47.84));
#7555=CARTESIAN_POINT('',(13.0999267990709,-10.3848649036576,47.84));
#7556=CARTESIAN_POINT('',(12.5711543785348,-11.1755646029162,47.84));
#7557=CARTESIAN_POINT('',(19.0351559244804,-16.2778512736317,47.84));
#7558=CARTESIAN_POINT('',(-24.472702693933,1.57009245868377E-15,47.84));
#7559=CARTESIAN_POINT('',(-24.472702693933,24.472702693933,47.84));
#7560=CARTESIAN_POINT('',(1.18241554444714E-14,24.472702693933,47.84));
#7561=CARTESIAN_POINT('',(24.472702693933,24.472702693933,47.84));
#7562=CARTESIAN_POINT('',(24.472702693933,4.56713416074476E-15,47.84));
#7563=CARTESIAN_POINT('',(24.472702693933,-24.472702693933,47.84));
#7564=CARTESIAN_POINT('',(1.78182388485934E-14,-24.472702693933,47.84));
#7565=CARTESIAN_POINT('',(-24.472702693933,-24.472702693933,47.84));
#7566=CARTESIAN_POINT('',(-24.472702693933,1.57009245868377E-15,47.84));
#7567=CARTESIAN_POINT('',(-24.472702693933,1.57009245868377E-15,43.76));
#7568=CARTESIAN_POINT('',(-24.472702693933,24.472702693933,43.76));
#7569=CARTESIAN_POINT('',(1.18241554444714E-14,24.472702693933,43.76));
#7570=CARTESIAN_POINT('',(24.472702693933,24.472702693933,43.76));
#7571=CARTESIAN_POINT('',(24.472702693933,4.56713416074476E-15,43.76));
#7572=CARTESIAN_POINT('',(24.472702693933,-24.472702693933,43.76));
#7573=CARTESIAN_POINT('',(1.78182388485934E-14,-24.472702693933,43.76));
#7574=CARTESIAN_POINT('',(-24.472702693933,-24.472702693933,43.76));
#7575=CARTESIAN_POINT('',(-24.472702693933,1.57009245868377E-15,43.76));
#7576=CARTESIAN_POINT('',(24.6597629620927,4.55754489960054,43.76));
#7577=CARTESIAN_POINT('',(24.2533171276035,5.47701411586257,43.76));
#7578=CARTESIAN_POINT('',(17.6976092194427,4.30236815156758,47.84));
#7579=CARTESIAN_POINT('',(-17.2341412608814,3.73638933914283E-15,43.7599999999999));
#7580=CARTESIAN_POINT('',(-17.2341412608814,3.73638933914283E-15,47.84));
#7581=CARTESIAN_POINT('',(-17.2341412608814,-17.2341412608814,43.7599999999999));
#7582=CARTESIAN_POINT('',(-17.2341412608814,-17.2341412608814,47.84));
#7583=CARTESIAN_POINT('',(3.38560530194104E-15,-17.2341412608814,43.7599999999999));
#7584=CARTESIAN_POINT('',(3.38560530194104E-15,-17.2341412608814,47.84));
#7585=CARTESIAN_POINT('',(17.2341412608814,-17.2341412608814,43.7599999999999));
#7586=CARTESIAN_POINT('',(17.2341412608814,-17.2341412608814,47.84));
#7587=CARTESIAN_POINT('',(17.2341412608814,1.62581574602366E-15,43.7599999999999));
#7588=CARTESIAN_POINT('',(17.2341412608814,1.62581574602366E-15,47.84));
#7589=CARTESIAN_POINT('',(17.2341412608814,17.2341412608814,43.7599999999999));
#7590=CARTESIAN_POINT('',(17.2341412608814,17.2341412608814,47.84));
#7591=CARTESIAN_POINT('',(7.60675248817939E-15,17.2341412608814,43.7599999999999));
#7592=CARTESIAN_POINT('',(7.60675248817939E-15,17.2341412608814,47.84));
#7593=CARTESIAN_POINT('',(-17.2341412608814,17.2341412608814,43.7599999999999));
#7594=CARTESIAN_POINT('',(-17.2341412608814,17.2341412608814,47.84));
#7595=CARTESIAN_POINT('',(-17.2341412608814,3.73638933914283E-15,43.7599999999999));
#7596=CARTESIAN_POINT('',(-17.2341412608814,3.73638933914283E-15,47.84));
#7597=CARTESIAN_POINT('',(16.5154445280789,-2.40857870592436,47.84));
#7598=CARTESIAN_POINT('',(24.2533171276091,-5.47701411584205,47.84));
#7599=CARTESIAN_POINT('',(24.6597629620921,-4.55754489960049,47.84));
#7600=CARTESIAN_POINT('',(-24.472702693933,1.57009245868377E-15,47.84));
#7601=CARTESIAN_POINT('',(-24.472702693933,24.472702693933,47.84));
#7602=CARTESIAN_POINT('',(1.18241554444714E-14,24.472702693933,47.84));
#7603=CARTESIAN_POINT('',(24.472702693933,24.472702693933,47.84));
#7604=CARTESIAN_POINT('',(24.472702693933,4.56713416074476E-15,47.84));
#7605=CARTESIAN_POINT('',(24.472702693933,-24.472702693933,47.84));
#7606=CARTESIAN_POINT('',(1.78182388485934E-14,-24.472702693933,47.84));
#7607=CARTESIAN_POINT('',(-24.472702693933,-24.472702693933,47.84));
#7608=CARTESIAN_POINT('',(-24.472702693933,1.57009245868377E-15,47.84));
#7609=CARTESIAN_POINT('',(-24.472702693933,1.57009245868377E-15,43.76));
#7610=CARTESIAN_POINT('',(-24.472702693933,24.472702693933,43.76));
#7611=CARTESIAN_POINT('',(1.18241554444714E-14,24.472702693933,43.76));
#7612=CARTESIAN_POINT('',(24.472702693933,24.472702693933,43.76));
#7613=CARTESIAN_POINT('',(24.472702693933,4.56713416074476E-15,43.76));
#7614=CARTESIAN_POINT('',(24.472702693933,-24.472702693933,43.76));
#7615=CARTESIAN_POINT('',(1.78182388485934E-14,-24.472702693933,43.76));
#7616=CARTESIAN_POINT('',(-24.472702693933,-24.472702693933,43.76));
#7617=CARTESIAN_POINT('',(-24.472702693933,1.57009245868377E-15,43.76));
#7618=CARTESIAN_POINT('',(19.0351559244809,16.2778512736318,43.76));
#7619=CARTESIAN_POINT('',(18.2815586521596,16.8859688765702,47.84));
#7620=CARTESIAN_POINT('',(13.1739734585803,12.5335124321388,47.84));
#7621=CARTESIAN_POINT('',(17.2341412608814,3.73638933914279E-15,43.7599999999999));
#7622=CARTESIAN_POINT('',(17.2341412608814,3.73638933914279E-15,47.84));
#7623=CARTESIAN_POINT('',(17.2341412608814,17.2341412608814,43.7599999999999));
#7624=CARTESIAN_POINT('',(17.2341412608814,17.2341412608814,47.84));
#7625=CARTESIAN_POINT('',(5.49617889506022E-15,17.2341412608814,43.7599999999999));
#7626=CARTESIAN_POINT('',(5.49617889506022E-15,17.2341412608814,47.84));
#7627=CARTESIAN_POINT('',(-17.2341412608814,17.2341412608814,43.7599999999999));
#7628=CARTESIAN_POINT('',(-17.2341412608814,17.2341412608814,47.84));
#7629=CARTESIAN_POINT('',(-17.2341412608814,5.84696293226196E-15,43.7599999999999));
#7630=CARTESIAN_POINT('',(-17.2341412608814,5.84696293226196E-15,47.84));
#7631=CARTESIAN_POINT('',(-17.2341412608814,-17.2341412608814,43.7599999999999));
#7632=CARTESIAN_POINT('',(-17.2341412608814,-17.2341412608814,47.84));
#7633=CARTESIAN_POINT('',(1.27503170882187E-15,-17.2341412608814,43.7599999999999));
#7634=CARTESIAN_POINT('',(1.27503170882187E-15,-17.2341412608814,47.84));
#7635=CARTESIAN_POINT('',(17.2341412608814,-17.2341412608814,43.7599999999999));
#7636=CARTESIAN_POINT('',(17.2341412608814,-17.2341412608814,47.84));
#7637=CARTESIAN_POINT('',(17.2341412608814,3.73638933914279E-15,43.7599999999999));
#7638=CARTESIAN_POINT('',(17.2341412608814,3.73638933914279E-15,47.84));
#7639=CARTESIAN_POINT('',(17.4750924908865,5.12426612995455,47.84));
#7640=CARTESIAN_POINT('',(23.7424958164705,7.38342520259877,47.84));
#7641=CARTESIAN_POINT('',(22.5861133355435,6.46041768297937,47.84));
#7642=CARTESIAN_POINT('',(25.5,0.,41.88));
#7643=CARTESIAN_POINT('',(25.5,25.5,41.88));
#7644=CARTESIAN_POINT('',(-7.32035952808838E-15,25.5,41.88));
#7645=CARTESIAN_POINT('',(-25.5,25.5,41.88));
#7646=CARTESIAN_POINT('',(-25.5,3.12284933782575E-15,41.88));
#7647=CARTESIAN_POINT('',(-25.5,-25.5,41.88));
#7648=CARTESIAN_POINT('',(-1.35660582037399E-14,-25.5,41.88));
#7649=CARTESIAN_POINT('',(25.5,-25.5,41.88));
#7650=CARTESIAN_POINT('',(25.5,0.,41.88));
#7651=CARTESIAN_POINT('',(25.5,0.,44.52));
#7652=CARTESIAN_POINT('',(25.5,25.5,44.52));
#7653=CARTESIAN_POINT('',(-7.32035952808838E-15,25.5,44.52));
#7654=CARTESIAN_POINT('',(-25.5,25.5,44.52));
#7655=CARTESIAN_POINT('',(-25.5,3.12284933782575E-15,44.52));
#7656=CARTESIAN_POINT('',(-25.5,-25.5,44.52));
#7657=CARTESIAN_POINT('',(-1.35660582037399E-14,-25.5,44.52));
#7658=CARTESIAN_POINT('',(25.5,-25.5,44.52));
#7659=CARTESIAN_POINT('',(25.5,0.,44.52));
#7660=CARTESIAN_POINT('',(-24.472702693933,1.57009245868377E-15,47.84));
#7661=CARTESIAN_POINT('',(-24.472702693933,24.472702693933,47.84));
#7662=CARTESIAN_POINT('',(1.18241554444714E-14,24.472702693933,47.84));
#7663=CARTESIAN_POINT('',(24.472702693933,24.472702693933,47.84));
#7664=CARTESIAN_POINT('',(24.472702693933,4.56713416074476E-15,47.84));
#7665=CARTESIAN_POINT('',(24.472702693933,-24.472702693933,47.84));
#7666=CARTESIAN_POINT('',(1.78182388485934E-14,-24.472702693933,47.84));
#7667=CARTESIAN_POINT('',(-24.472702693933,-24.472702693933,47.84));
#7668=CARTESIAN_POINT('',(-24.472702693933,1.57009245868377E-15,47.84));
#7669=CARTESIAN_POINT('',(-24.472702693933,1.57009245868377E-15,43.76));
#7670=CARTESIAN_POINT('',(-24.472702693933,24.472702693933,43.76));
#7671=CARTESIAN_POINT('',(1.18241554444714E-14,24.472702693933,43.76));
#7672=CARTESIAN_POINT('',(24.472702693933,24.472702693933,43.76));
#7673=CARTESIAN_POINT('',(24.472702693933,4.56713416074476E-15,43.76));
#7674=CARTESIAN_POINT('',(24.472702693933,-24.472702693933,43.76));
#7675=CARTESIAN_POINT('',(1.78182388485934E-14,-24.472702693933,43.76));
#7676=CARTESIAN_POINT('',(-24.472702693933,-24.472702693933,43.76));
#7677=CARTESIAN_POINT('',(-24.472702693933,1.57009245868377E-15,43.76));
#7678=CARTESIAN_POINT('',(8.38106157284324,23.633733495632,43.76));
#7679=CARTESIAN_POINT('',(7.38342520259943,23.7424958164702,47.84));
#7680=CARTESIAN_POINT('',(5.12426612995728,17.4750924908865,47.84));
#7681=CARTESIAN_POINT('',(17.2341412608814,3.73638933914283E-15,43.7599999999999));
#7682=CARTESIAN_POINT('',(17.2341412608814,3.73638933914283E-15,47.84));
#7683=CARTESIAN_POINT('',(17.2341412608814,17.2341412608814,43.7599999999999));
#7684=CARTESIAN_POINT('',(17.2341412608814,17.2341412608814,47.84));
#7685=CARTESIAN_POINT('',(5.49617889506022E-15,17.2341412608814,43.7599999999999));
#7686=CARTESIAN_POINT('',(5.49617889506022E-15,17.2341412608814,47.84));
#7687=CARTESIAN_POINT('',(-17.2341412608814,17.2341412608814,43.7599999999999));
#7688=CARTESIAN_POINT('',(-17.2341412608814,17.2341412608814,47.84));
#7689=CARTESIAN_POINT('',(-17.2341412608814,5.846962932262E-15,43.7599999999999));
#7690=CARTESIAN_POINT('',(-17.2341412608814,5.846962932262E-15,47.84));
#7691=CARTESIAN_POINT('',(-17.2341412608814,-17.2341412608814,43.7599999999999));
#7692=CARTESIAN_POINT('',(-17.2341412608814,-17.2341412608814,47.84));
#7693=CARTESIAN_POINT('',(1.27503170882187E-15,-17.2341412608814,43.7599999999999));
#7694=CARTESIAN_POINT('',(1.27503170882187E-15,-17.2341412608814,47.84));
#7695=CARTESIAN_POINT('',(17.2341412608814,-17.2341412608814,43.7599999999999));
#7696=CARTESIAN_POINT('',(17.2341412608814,-17.2341412608814,47.84));
#7697=CARTESIAN_POINT('',(17.2341412608814,3.73638933914283E-15,43.7599999999999));
#7698=CARTESIAN_POINT('',(17.2341412608814,3.73638933914283E-15,47.84));
#7699=CARTESIAN_POINT('',(12.5335124321357,13.1739734585783,47.84));
#7700=CARTESIAN_POINT('',(16.8859688765554,18.2815586521742,47.84));
#7701=CARTESIAN_POINT('',(16.3289706132807,16.9278655563895,47.84));
#7702=CARTESIAN_POINT('',(-24.472702693933,1.57009245868377E-15,47.84));
#7703=CARTESIAN_POINT('',(-24.472702693933,24.472702693933,47.84));
#7704=CARTESIAN_POINT('',(1.18241554444714E-14,24.472702693933,47.84));
#7705=CARTESIAN_POINT('',(24.472702693933,24.472702693933,47.84));
#7706=CARTESIAN_POINT('',(24.472702693933,4.56713416074476E-15,47.84));
#7707=CARTESIAN_POINT('',(24.472702693933,-24.472702693933,47.84));
#7708=CARTESIAN_POINT('',(1.78182388485934E-14,-24.472702693933,47.84));
#7709=CARTESIAN_POINT('',(-24.472702693933,-24.472702693933,47.84));
#7710=CARTESIAN_POINT('',(-24.472702693933,1.57009245868377E-15,47.84));
#7711=CARTESIAN_POINT('',(-24.472702693933,1.57009245868377E-15,43.76));
#7712=CARTESIAN_POINT('',(-24.472702693933,24.472702693933,43.76));
#7713=CARTESIAN_POINT('',(1.18241554444714E-14,24.472702693933,43.76));
#7714=CARTESIAN_POINT('',(24.472702693933,24.472702693933,43.76));
#7715=CARTESIAN_POINT('',(24.472702693933,4.56713416074476E-15,43.76));
#7716=CARTESIAN_POINT('',(24.472702693933,-24.472702693933,43.76));
#7717=CARTESIAN_POINT('',(1.78182388485934E-14,-24.472702693933,43.76));
#7718=CARTESIAN_POINT('',(-24.472702693933,-24.472702693933,43.76));
#7719=CARTESIAN_POINT('',(-24.472702693933,1.57009245868377E-15,43.76));
#7720=CARTESIAN_POINT('',(-4.55754489960049,24.659762962092,47.84));
#7721=CARTESIAN_POINT('',(-5.477014115842,24.2533171276089,47.84));
#7722=CARTESIAN_POINT('',(-2.40857870592112,16.5154445280801,47.84));
#7723=CARTESIAN_POINT('',(17.2341412608814,3.73638933914283E-15,43.7599999999999));
#7724=CARTESIAN_POINT('',(17.2341412608814,3.73638933914283E-15,47.84));
#7725=CARTESIAN_POINT('',(17.2341412608814,17.2341412608814,43.7599999999999));
#7726=CARTESIAN_POINT('',(17.2341412608814,17.2341412608814,47.84));
#7727=CARTESIAN_POINT('',(5.49617889506022E-15,17.2341412608814,43.7599999999999));
#7728=CARTESIAN_POINT('',(5.49617889506022E-15,17.2341412608814,47.84));
#7729=CARTESIAN_POINT('',(-17.2341412608814,17.2341412608814,43.7599999999999));
#7730=CARTESIAN_POINT('',(-17.2341412608814,17.2341412608814,47.84));
#7731=CARTESIAN_POINT('',(-17.2341412608814,5.846962932262E-15,43.7599999999999));
#7732=CARTESIAN_POINT('',(-17.2341412608814,5.846962932262E-15,47.84));
#7733=CARTESIAN_POINT('',(-17.2341412608814,-17.2341412608814,43.7599999999999));
#7734=CARTESIAN_POINT('',(-17.2341412608814,-17.2341412608814,47.84));
#7735=CARTESIAN_POINT('',(1.27503170882187E-15,-17.2341412608814,43.7599999999999));
#7736=CARTESIAN_POINT('',(1.27503170882187E-15,-17.2341412608814,47.84));
#7737=CARTESIAN_POINT('',(17.2341412608814,-17.2341412608814,43.7599999999999));
#7738=CARTESIAN_POINT('',(17.2341412608814,-17.2341412608814,47.84));
#7739=CARTESIAN_POINT('',(17.2341412608814,3.73638933914283E-15,43.7599999999999));
#7740=CARTESIAN_POINT('',(17.2341412608814,3.73638933914283E-15,47.84));
#7741=CARTESIAN_POINT('',(4.30236815156576,17.6976092194402,47.84));
#7742=CARTESIAN_POINT('',(3.39863023117317,16.4966828723929,47.84));
#7743=CARTESIAN_POINT('',(5.69928045070492,22.7885381806424,47.84));
#7744=CARTESIAN_POINT('',(-24.472702693933,1.57009245868377E-15,47.84));
#7745=CARTESIAN_POINT('',(-24.472702693933,24.472702693933,47.84));
#7746=CARTESIAN_POINT('',(1.6265047542972E-14,24.472702693933,47.84));
#7747=CARTESIAN_POINT('',(24.472702693933,24.472702693933,47.84));
#7748=CARTESIAN_POINT('',(24.472702693933,4.56713416074476E-15,47.84));
#7749=CARTESIAN_POINT('',(24.472702693933,-24.472702693933,47.84));
#7750=CARTESIAN_POINT('',(2.2259130947094E-14,-24.472702693933,47.84));
#7751=CARTESIAN_POINT('',(-24.472702693933,-24.472702693933,47.84));
#7752=CARTESIAN_POINT('',(-24.472702693933,1.57009245868377E-15,47.84));
#7753=CARTESIAN_POINT('',(-24.472702693933,1.57009245868377E-15,43.76));
#7754=CARTESIAN_POINT('',(-24.472702693933,24.472702693933,43.76));
#7755=CARTESIAN_POINT('',(1.6265047542972E-14,24.472702693933,43.76));
#7756=CARTESIAN_POINT('',(24.472702693933,24.472702693933,43.76));
#7757=CARTESIAN_POINT('',(24.472702693933,4.56713416074476E-15,43.76));
#7758=CARTESIAN_POINT('',(24.472702693933,-24.472702693933,43.76));
#7759=CARTESIAN_POINT('',(2.2259130947094E-14,-24.472702693933,43.76));
#7760=CARTESIAN_POINT('',(-24.472702693933,-24.472702693933,43.76));
#7761=CARTESIAN_POINT('',(-24.472702693933,1.57009245868377E-15,43.76));
#7762=CARTESIAN_POINT('',(-16.2778512736318,19.0351559244804,47.84));
#7763=CARTESIAN_POINT('',(-16.8859688765552,18.2815586521748,47.84));
#7764=CARTESIAN_POINT('',(-10.3848649036549,13.099926799073,47.84));
#7765=CARTESIAN_POINT('',(17.2341412608814,3.73638933914283E-15,43.7599999999999));
#7766=CARTESIAN_POINT('',(17.2341412608814,3.73638933914283E-15,47.84));
#7767=CARTESIAN_POINT('',(17.2341412608814,17.2341412608814,43.7599999999999));
#7768=CARTESIAN_POINT('',(17.2341412608814,17.2341412608814,47.84));
#7769=CARTESIAN_POINT('',(5.49617889506022E-15,17.2341412608814,43.7599999999999));
#7770=CARTESIAN_POINT('',(5.49617889506022E-15,17.2341412608814,47.84));
#7771=CARTESIAN_POINT('',(-17.2341412608814,17.2341412608814,43.7599999999999));
#7772=CARTESIAN_POINT('',(-17.2341412608814,17.2341412608814,47.84));
#7773=CARTESIAN_POINT('',(-17.2341412608814,5.846962932262E-15,43.7599999999999));
#7774=CARTESIAN_POINT('',(-17.2341412608814,5.846962932262E-15,47.84));
#7775=CARTESIAN_POINT('',(-17.2341412608814,-17.2341412608814,43.7599999999999));
#7776=CARTESIAN_POINT('',(-17.2341412608814,-17.2341412608814,47.84));
#7777=CARTESIAN_POINT('',(1.27503170882187E-15,-17.2341412608814,43.7599999999999));
#7778=CARTESIAN_POINT('',(1.27503170882187E-15,-17.2341412608814,47.84));
#7779=CARTESIAN_POINT('',(17.2341412608814,-17.2341412608814,43.7599999999999));
#7780=CARTESIAN_POINT('',(17.2341412608814,-17.2341412608814,47.84));
#7781=CARTESIAN_POINT('',(17.2341412608814,3.73638933914283E-15,43.7599999999999));
#7782=CARTESIAN_POINT('',(17.2341412608814,3.73638933914283E-15,47.84));
#7783=CARTESIAN_POINT('',(-6.1704102817713,15.5097546242523,47.84));
#7784=CARTESIAN_POINT('',(-5.3050413179275,15.9858615612549,47.84));
#7785=CARTESIAN_POINT('',(-6.46041768297903,22.5861133355441,43.76));
#7786=CARTESIAN_POINT('',(25.5,0.,41.88));
#7787=CARTESIAN_POINT('',(25.5,25.5,41.88));
#7788=CARTESIAN_POINT('',(-7.32035952808838E-15,25.5,41.88));
#7789=CARTESIAN_POINT('',(-25.5,25.5,41.88));
#7790=CARTESIAN_POINT('',(-25.5,3.12284933782575E-15,41.88));
#7791=CARTESIAN_POINT('',(-25.5,-25.5,41.88));
#7792=CARTESIAN_POINT('',(-1.35660582037399E-14,-25.5,41.88));
#7793=CARTESIAN_POINT('',(25.5,-25.5,41.88));
#7794=CARTESIAN_POINT('',(25.5,0.,41.88));
#7795=CARTESIAN_POINT('',(25.5,0.,44.52));
#7796=CARTESIAN_POINT('',(25.5,25.5,44.52));
#7797=CARTESIAN_POINT('',(-7.32035952808838E-15,25.5,44.52));
#7798=CARTESIAN_POINT('',(-25.5,25.5,44.52));
#7799=CARTESIAN_POINT('',(-25.5,3.12284933782575E-15,44.52));
#7800=CARTESIAN_POINT('',(-25.5,-25.5,44.52));
#7801=CARTESIAN_POINT('',(-1.35660582037399E-14,-25.5,44.52));
#7802=CARTESIAN_POINT('',(25.5,-25.5,44.52));
#7803=CARTESIAN_POINT('',(25.5,0.,44.52));
#7804=CARTESIAN_POINT('',(-24.472702693933,1.57009245868377E-15,47.84));
#7805=CARTESIAN_POINT('',(-24.472702693933,24.472702693933,47.84));
#7806=CARTESIAN_POINT('',(1.18241554444714E-14,24.472702693933,47.84));
#7807=CARTESIAN_POINT('',(24.472702693933,24.472702693933,47.84));
#7808=CARTESIAN_POINT('',(24.472702693933,4.56713416074476E-15,47.84));
#7809=CARTESIAN_POINT('',(24.472702693933,-24.472702693933,47.84));
#7810=CARTESIAN_POINT('',(1.78182388485934E-14,-24.472702693933,47.84));
#7811=CARTESIAN_POINT('',(-24.472702693933,-24.472702693933,47.84));
#7812=CARTESIAN_POINT('',(-24.472702693933,1.57009245868377E-15,47.84));
#7813=CARTESIAN_POINT('',(-24.472702693933,1.57009245868377E-15,43.76));
#7814=CARTESIAN_POINT('',(-24.472702693933,24.472702693933,43.76));
#7815=CARTESIAN_POINT('',(1.18241554444714E-14,24.472702693933,43.76));
#7816=CARTESIAN_POINT('',(24.472702693933,24.472702693933,43.76));
#7817=CARTESIAN_POINT('',(24.472702693933,4.56713416074476E-15,43.76));
#7818=CARTESIAN_POINT('',(24.472702693933,-24.472702693933,43.76));
#7819=CARTESIAN_POINT('',(1.78182388485934E-14,-24.472702693933,43.76));
#7820=CARTESIAN_POINT('',(-24.472702693933,-24.472702693933,43.76));
#7821=CARTESIAN_POINT('',(-24.472702693933,1.57009245868377E-15,43.76));
#7822=CARTESIAN_POINT('',(-23.6337334956313,8.38106157284369,47.84));
#7823=CARTESIAN_POINT('',(-15.9858615612535,5.30504131793111,47.84));
#7824=CARTESIAN_POINT('',(-15.5097546242513,6.1704102817742,47.84));
#7825=CARTESIAN_POINT('',(17.2341412608814,3.73638933914283E-15,43.7599999999999));
#7826=CARTESIAN_POINT('',(17.2341412608814,3.73638933914283E-15,47.84));
#7827=CARTESIAN_POINT('',(17.2341412608814,17.2341412608814,43.7599999999999));
#7828=CARTESIAN_POINT('',(17.2341412608814,17.2341412608814,47.84));
#7829=CARTESIAN_POINT('',(5.49617889506022E-15,17.2341412608814,43.7599999999999));
#7830=CARTESIAN_POINT('',(5.49617889506022E-15,17.2341412608814,47.84));
#7831=CARTESIAN_POINT('',(-17.2341412608814,17.2341412608814,43.7599999999999));
#7832=CARTESIAN_POINT('',(-17.2341412608814,17.2341412608814,47.84));
#7833=CARTESIAN_POINT('',(-17.2341412608814,5.846962932262E-15,43.7599999999999));
#7834=CARTESIAN_POINT('',(-17.2341412608814,5.846962932262E-15,47.84));
#7835=CARTESIAN_POINT('',(-17.2341412608814,-17.2341412608814,43.7599999999999));
#7836=CARTESIAN_POINT('',(-17.2341412608814,-17.2341412608814,47.84));
#7837=CARTESIAN_POINT('',(1.27503170882187E-15,-17.2341412608814,43.7599999999999));
#7838=CARTESIAN_POINT('',(1.27503170882187E-15,-17.2341412608814,47.84));
#7839=CARTESIAN_POINT('',(17.2341412608814,-17.2341412608814,43.7599999999999));
#7840=CARTESIAN_POINT('',(17.2341412608814,-17.2341412608814,47.84));
#7841=CARTESIAN_POINT('',(17.2341412608814,3.73638933914283E-15,43.7599999999999));
#7842=CARTESIAN_POINT('',(17.2341412608814,3.73638933914283E-15,47.84));
#7843=CARTESIAN_POINT('',(-13.0999267990709,10.3848649036576,47.84));
#7844=CARTESIAN_POINT('',(-12.5711543785327,11.1755646029184,43.76));
#7845=CARTESIAN_POINT('',(-16.9278655563894,16.3289706132807,43.76));
#7846=CARTESIAN_POINT('',(24.472702693933,-1.57009245868377E-15,47.84));
#7847=CARTESIAN_POINT('',(24.472702693933,-24.472702693933,47.84));
#7848=CARTESIAN_POINT('',(-1.18241554444714E-14,-24.472702693933,47.84));
#7849=CARTESIAN_POINT('',(-24.472702693933,-24.472702693933,47.84));
#7850=CARTESIAN_POINT('',(-24.472702693933,-4.56713416074476E-15,47.84));
#7851=CARTESIAN_POINT('',(-24.472702693933,24.472702693933,47.84));
#7852=CARTESIAN_POINT('',(-1.78182388485934E-14,24.472702693933,47.84));
#7853=CARTESIAN_POINT('',(24.472702693933,24.472702693933,47.84));
#7854=CARTESIAN_POINT('',(24.472702693933,-1.57009245868377E-15,47.84));
#7855=CARTESIAN_POINT('',(24.472702693933,-1.57009245868377E-15,43.76));
#7856=CARTESIAN_POINT('',(24.472702693933,-24.472702693933,43.76));
#7857=CARTESIAN_POINT('',(-1.18241554444714E-14,-24.472702693933,43.76));
#7858=CARTESIAN_POINT('',(-24.472702693933,-24.472702693933,43.76));
#7859=CARTESIAN_POINT('',(-24.472702693933,-4.56713416074476E-15,43.76));
#7860=CARTESIAN_POINT('',(-24.472702693933,24.472702693933,43.76));
#7861=CARTESIAN_POINT('',(-1.78182388485934E-14,24.472702693933,43.76));
#7862=CARTESIAN_POINT('',(24.472702693933,24.472702693933,43.76));
#7863=CARTESIAN_POINT('',(24.472702693933,-1.57009245868377E-15,43.76));
#7864=CARTESIAN_POINT('',(-22.7885381806427,-5.69928045070418,47.84));
#7865=CARTESIAN_POINT('',(-16.4966828723925,-3.39863023117326,47.84));
#7866=CARTESIAN_POINT('',(-17.6976092194407,-4.3023681515636,47.84));
#7867=CARTESIAN_POINT('',(17.2341412608814,-3.73638933914283E-15,43.7599999999999));
#7868=CARTESIAN_POINT('',(17.2341412608814,-3.73638933914283E-15,47.84));
#7869=CARTESIAN_POINT('',(17.2341412608814,17.2341412608814,43.7599999999999));
#7870=CARTESIAN_POINT('',(17.2341412608814,17.2341412608814,47.84));
#7871=CARTESIAN_POINT('',(-3.38560530194104E-15,17.2341412608814,43.7599999999999));
#7872=CARTESIAN_POINT('',(-3.38560530194104E-15,17.2341412608814,47.84));
#7873=CARTESIAN_POINT('',(-17.2341412608814,17.2341412608814,43.7599999999999));
#7874=CARTESIAN_POINT('',(-17.2341412608814,17.2341412608814,47.84));
#7875=CARTESIAN_POINT('',(-17.2341412608814,-1.62581574602366E-15,43.7599999999999));
#7876=CARTESIAN_POINT('',(-17.2341412608814,-1.62581574602366E-15,47.84));
#7877=CARTESIAN_POINT('',(-17.2341412608814,-17.2341412608814,43.7599999999999));
#7878=CARTESIAN_POINT('',(-17.2341412608814,-17.2341412608814,47.84));
#7879=CARTESIAN_POINT('',(-7.60675248817939E-15,-17.2341412608814,43.7599999999999));
#7880=CARTESIAN_POINT('',(-7.60675248817939E-15,-17.2341412608814,47.84));
#7881=CARTESIAN_POINT('',(17.2341412608814,-17.2341412608814,43.7599999999999));
#7882=CARTESIAN_POINT('',(17.2341412608814,-17.2341412608814,47.84));
#7883=CARTESIAN_POINT('',(17.2341412608814,-3.73638933914283E-15,43.7599999999999));
#7884=CARTESIAN_POINT('',(17.2341412608814,-3.73638933914283E-15,47.84));
#7885=CARTESIAN_POINT('',(-16.5154445280795,2.40857870592413,47.84));
#7886=CARTESIAN_POINT('',(-16.4966828723919,3.39863023117604,43.76));
#7887=CARTESIAN_POINT('',(-22.7885381806429,5.69928045070503,43.76));
#7888=CARTESIAN_POINT('',(-24.472702693933,1.57009245868377E-15,47.84));
#7889=CARTESIAN_POINT('',(-24.472702693933,24.472702693933,47.84));
#7890=CARTESIAN_POINT('',(1.18241554444714E-14,24.472702693933,47.84));
#7891=CARTESIAN_POINT('',(24.472702693933,24.472702693933,47.84));
#7892=CARTESIAN_POINT('',(24.472702693933,4.56713416074476E-15,47.84));
#7893=CARTESIAN_POINT('',(24.472702693933,-24.472702693933,47.84));
#7894=CARTESIAN_POINT('',(1.78182388485934E-14,-24.472702693933,47.84));
#7895=CARTESIAN_POINT('',(-24.472702693933,-24.472702693933,47.84));
#7896=CARTESIAN_POINT('',(-24.472702693933,1.57009245868377E-15,47.84));
#7897=CARTESIAN_POINT('',(-24.472702693933,1.57009245868377E-15,43.76));
#7898=CARTESIAN_POINT('',(-24.472702693933,24.472702693933,43.76));
#7899=CARTESIAN_POINT('',(1.18241554444714E-14,24.472702693933,43.76));
#7900=CARTESIAN_POINT('',(24.472702693933,24.472702693933,43.76));
#7901=CARTESIAN_POINT('',(24.472702693933,4.56713416074476E-15,43.76));
#7902=CARTESIAN_POINT('',(24.472702693933,-24.472702693933,43.76));
#7903=CARTESIAN_POINT('',(1.78182388485934E-14,-24.472702693933,43.76));
#7904=CARTESIAN_POINT('',(-24.472702693933,-24.472702693933,43.76));
#7905=CARTESIAN_POINT('',(-24.472702693933,1.57009245868377E-15,43.76));
#7906=CARTESIAN_POINT('',(-16.9278655563897,-16.3289706132804,47.84));
#7907=CARTESIAN_POINT('',(-12.5711543785355,-11.1755646029156,47.84));
#7908=CARTESIAN_POINT('',(-13.1739734585801,-12.533512432134,47.84));
#7909=CARTESIAN_POINT('',(17.2341412608814,3.73638933914283E-15,43.76));
#7910=CARTESIAN_POINT('',(17.2341412608814,3.73638933914283E-15,47.84));
#7911=CARTESIAN_POINT('',(17.2341412608814,17.2341412608814,43.76));
#7912=CARTESIAN_POINT('',(17.2341412608814,17.2341412608814,47.84));
#7913=CARTESIAN_POINT('',(5.49617889506022E-15,17.2341412608814,43.76));
#7914=CARTESIAN_POINT('',(5.49617889506022E-15,17.2341412608814,47.84));
#7915=CARTESIAN_POINT('',(-17.2341412608814,17.2341412608814,43.76));
#7916=CARTESIAN_POINT('',(-17.2341412608814,17.2341412608814,47.84));
#7917=CARTESIAN_POINT('',(-17.2341412608814,5.846962932262E-15,43.76));
#7918=CARTESIAN_POINT('',(-17.2341412608814,5.846962932262E-15,47.84));
#7919=CARTESIAN_POINT('',(-17.2341412608814,-17.2341412608814,43.76));
#7920=CARTESIAN_POINT('',(-17.2341412608814,-17.2341412608814,47.84));
#7921=CARTESIAN_POINT('',(1.27503170882187E-15,-17.2341412608814,43.76));
#7922=CARTESIAN_POINT('',(1.27503170882187E-15,-17.2341412608814,47.84));
#7923=CARTESIAN_POINT('',(17.2341412608814,-17.2341412608814,43.76));
#7924=CARTESIAN_POINT('',(17.2341412608814,-17.2341412608814,47.84));
#7925=CARTESIAN_POINT('',(17.2341412608814,3.73638933914283E-15,43.76));
#7926=CARTESIAN_POINT('',(17.2341412608814,3.73638933914283E-15,47.84));
#7927=CARTESIAN_POINT('',(-15.5097546242524,-6.17041028177113,43.76));
#7928=CARTESIAN_POINT('',(-15.9858615612549,-5.3050413179275,43.76));
#7929=CARTESIAN_POINT('',(-22.5861133355435,-6.46041768297937,47.84));
#7930=CARTESIAN_POINT('',(-24.472702693933,1.57009245868377E-15,47.84));
#7931=CARTESIAN_POINT('',(-24.472702693933,24.472702693933,47.84));
#7932=CARTESIAN_POINT('',(1.18241554444714E-14,24.472702693933,47.84));
#7933=CARTESIAN_POINT('',(24.472702693933,24.472702693933,47.84));
#7934=CARTESIAN_POINT('',(24.472702693933,4.56713416074476E-15,47.84));
#7935=CARTESIAN_POINT('',(24.472702693933,-24.472702693933,47.84));
#7936=CARTESIAN_POINT('',(1.78182388485934E-14,-24.472702693933,47.84));
#7937=CARTESIAN_POINT('',(-24.472702693933,-24.472702693933,47.84));
#7938=CARTESIAN_POINT('',(-24.472702693933,1.57009245868377E-15,47.84));
#7939=CARTESIAN_POINT('',(-24.472702693933,1.57009245868377E-15,43.76));
#7940=CARTESIAN_POINT('',(-24.472702693933,24.472702693933,43.76));
#7941=CARTESIAN_POINT('',(1.18241554444714E-14,24.472702693933,43.76));
#7942=CARTESIAN_POINT('',(24.472702693933,24.472702693933,43.76));
#7943=CARTESIAN_POINT('',(24.472702693933,4.56713416074476E-15,43.76));
#7944=CARTESIAN_POINT('',(24.472702693933,-24.472702693933,43.76));
#7945=CARTESIAN_POINT('',(1.78182388485934E-14,-24.472702693933,43.76));
#7946=CARTESIAN_POINT('',(-24.472702693933,-24.472702693933,43.76));
#7947=CARTESIAN_POINT('',(-24.472702693933,1.57009245868377E-15,43.76));
#7948=CARTESIAN_POINT('',(-6.46041768297926,-22.5861133355436,47.84));
#7949=CARTESIAN_POINT('',(-7.38342520260005,-23.7424958164701,47.84));
#7950=CARTESIAN_POINT('',(-5.12426612995699,-17.4750924908863,47.84));
#7951=CARTESIAN_POINT('',(17.2341412608814,3.73638933914283E-15,43.7599999999999));
#7952=CARTESIAN_POINT('',(17.2341412608814,3.73638933914283E-15,47.84));
#7953=CARTESIAN_POINT('',(17.2341412608814,17.2341412608814,43.7599999999999));
#7954=CARTESIAN_POINT('',(17.2341412608814,17.2341412608814,47.84));
#7955=CARTESIAN_POINT('',(5.49617889506022E-15,17.2341412608814,43.7599999999999));
#7956=CARTESIAN_POINT('',(5.49617889506022E-15,17.2341412608814,47.84));
#7957=CARTESIAN_POINT('',(-17.2341412608814,17.2341412608814,43.7599999999999));
#7958=CARTESIAN_POINT('',(-17.2341412608814,17.2341412608814,47.84));
#7959=CARTESIAN_POINT('',(-17.2341412608814,5.846962932262E-15,43.7599999999999));
#7960=CARTESIAN_POINT('',(-17.2341412608814,5.846962932262E-15,47.84));
#7961=CARTESIAN_POINT('',(-17.2341412608814,-17.2341412608814,43.7599999999999));
#7962=CARTESIAN_POINT('',(-17.2341412608814,-17.2341412608814,47.84));
#7963=CARTESIAN_POINT('',(1.27503170882187E-15,-17.2341412608814,43.7599999999999));
#7964=CARTESIAN_POINT('',(1.27503170882187E-15,-17.2341412608814,47.84));
#7965=CARTESIAN_POINT('',(17.2341412608814,-17.2341412608814,43.7599999999999));
#7966=CARTESIAN_POINT('',(17.2341412608814,-17.2341412608814,47.84));
#7967=CARTESIAN_POINT('',(17.2341412608814,3.73638933914283E-15,43.7599999999999));
#7968=CARTESIAN_POINT('',(17.2341412608814,3.73638933914283E-15,47.84));
#7969=CARTESIAN_POINT('',(-10.3848649036574,-13.0999267990709,43.76));
#7970=CARTESIAN_POINT('',(-11.1755646029184,-12.5711543785327,47.84));
#7971=CARTESIAN_POINT('',(-16.3289706132808,-16.9278655563893,47.84));
#7972=CARTESIAN_POINT('',(-15.5,-7.85046229341887E-16,46.2));
#7973=CARTESIAN_POINT('',(-15.5,15.5,46.2));
#7974=CARTESIAN_POINT('',(-3.16954731858951E-15,15.5,46.2));
#7975=CARTESIAN_POINT('',(15.5,15.5,46.2));
#7976=CARTESIAN_POINT('',(15.5,1.11315630933651E-15,46.2));
#7977=CARTESIAN_POINT('',(15.5,-15.5,46.2));
#7978=CARTESIAN_POINT('',(6.26857758767286E-16,-15.5,46.2));
#7979=CARTESIAN_POINT('',(-15.5,-15.5,46.2));
#7980=CARTESIAN_POINT('',(-15.5,-7.85046229341887E-16,46.2));
#7981=CARTESIAN_POINT('',(-15.5,-7.85046229341887E-16,45.));
#7982=CARTESIAN_POINT('',(-15.5,15.5,45.));
#7983=CARTESIAN_POINT('',(-3.16954731858951E-15,15.5,45.));
#7984=CARTESIAN_POINT('',(15.5,15.5,45.));
#7985=CARTESIAN_POINT('',(15.5,1.11315630933651E-15,45.));
#7986=CARTESIAN_POINT('',(15.5,-15.5,45.));
#7987=CARTESIAN_POINT('',(6.26857758767286E-16,-15.5,45.));
#7988=CARTESIAN_POINT('',(-15.5,-15.5,45.));
#7989=CARTESIAN_POINT('',(-15.5,-7.85046229341887E-16,45.));
#7990=CARTESIAN_POINT('',(-15.5,-7.85046229341887E-16,46.2));
#7991=CARTESIAN_POINT('',(-15.5,15.5,46.2));
#7992=CARTESIAN_POINT('',(-3.16954731858951E-15,15.5,46.2));
#7993=CARTESIAN_POINT('',(15.5,15.5,46.2));
#7994=CARTESIAN_POINT('',(15.5,1.11315630933651E-15,46.2));
#7995=CARTESIAN_POINT('',(15.5,-15.5,46.2));
#7996=CARTESIAN_POINT('',(6.26857758767286E-16,-15.5,46.2));
#7997=CARTESIAN_POINT('',(-15.5,-15.5,46.2));
#7998=CARTESIAN_POINT('',(-15.5,-7.85046229341887E-16,46.2));
#7999=CARTESIAN_POINT('',(-15.5,-7.85046229341887E-16,45.));
#8000=CARTESIAN_POINT('',(-15.5,15.5,45.));
#8001=CARTESIAN_POINT('',(-3.16954731858951E-15,15.5,45.));
#8002=CARTESIAN_POINT('',(15.5,15.5,45.));
#8003=CARTESIAN_POINT('',(15.5,1.11315630933651E-15,45.));
#8004=CARTESIAN_POINT('',(15.5,-15.5,45.));
#8005=CARTESIAN_POINT('',(6.26857758767286E-16,-15.5,45.));
#8006=CARTESIAN_POINT('',(-15.5,-15.5,45.));
#8007=CARTESIAN_POINT('',(-15.5,-7.85046229341887E-16,45.));
#8008=CARTESIAN_POINT('',(-30.48,30.48,44.2));
#8009=CARTESIAN_POINT('',(-8.61769106915603E-16,-3.7874523925671E-15,60.6999999999999));
#8010=CARTESIAN_POINT('',(-8.61769106915603E-16,-3.7874523925671E-15,60.6999999999999));
#8011=CARTESIAN_POINT('',(-8.61769106915603E-16,-3.7874523925671E-15,60.6999999999999));
#8012=CARTESIAN_POINT('',(-8.61769106915603E-16,-3.7874523925671E-15,60.6999999999999));
#8013=CARTESIAN_POINT('',(-8.61769106915603E-16,-3.7874523925671E-15,60.6999999999999));
#8014=CARTESIAN_POINT('',(-8.61769106915603E-16,-3.7874523925671E-15,60.6999999999999));
#8015=CARTESIAN_POINT('',(-8.61769106915603E-16,-3.7874523925671E-15,60.6999999999999));
#8016=CARTESIAN_POINT('',(-8.61769106915603E-16,-3.7874523925671E-15,60.6999999999999));
#8017=CARTESIAN_POINT('',(-8.61769106915603E-16,-3.7874523925671E-15,60.6999999999999));
#8018=CARTESIAN_POINT('',(17.4636215063744,-5.36794410199067,42.43));
#8019=CARTESIAN_POINT('',(12.0956774043838,-22.8315656083651,42.43));
#8020=CARTESIAN_POINT('',(-5.36794410199068,-17.4636215063744,42.43));
#8021=CARTESIAN_POINT('',(-22.8315656083651,-12.0956774043838,42.43));
#8022=CARTESIAN_POINT('',(-17.4636215063744,5.36794410199068,42.43));
#8023=CARTESIAN_POINT('',(-12.0956774043838,22.8315656083651,42.43));
#8024=CARTESIAN_POINT('',(5.36794410199067,17.4636215063744,42.43));
#8025=CARTESIAN_POINT('',(22.8315656083651,12.0956774043838,42.43));
#8026=CARTESIAN_POINT('',(17.4636215063744,-5.36794410199067,42.43));
#8027=CARTESIAN_POINT('',(-8.61769106915603E-16,-3.7874523925671E-15,60.6999999999999));
#8028=CARTESIAN_POINT('',(-8.61769106915603E-16,-3.7874523925671E-15,60.6999999999999));
#8029=CARTESIAN_POINT('',(-8.61769106915603E-16,-3.7874523925671E-15,60.6999999999999));
#8030=CARTESIAN_POINT('',(-8.61769106915603E-16,-3.7874523925671E-15,60.6999999999999));
#8031=CARTESIAN_POINT('',(-8.61769106915603E-16,-3.7874523925671E-15,60.6999999999999));
#8032=CARTESIAN_POINT('',(-8.61769106915603E-16,-3.7874523925671E-15,60.6999999999999));
#8033=CARTESIAN_POINT('',(-8.61769106915603E-16,-3.7874523925671E-15,60.6999999999999));
#8034=CARTESIAN_POINT('',(-8.61769106915603E-16,-3.7874523925671E-15,60.6999999999999));
#8035=CARTESIAN_POINT('',(-8.61769106915603E-16,-3.7874523925671E-15,60.6999999999999));
#8036=CARTESIAN_POINT('',(17.4636215063744,-5.36794410199067,42.43));
#8037=CARTESIAN_POINT('',(12.0956774043838,-22.8315656083651,42.43));
#8038=CARTESIAN_POINT('',(-5.36794410199068,-17.4636215063744,42.43));
#8039=CARTESIAN_POINT('',(-22.8315656083651,-12.0956774043838,42.43));
#8040=CARTESIAN_POINT('',(-17.4636215063744,5.36794410199068,42.43));
#8041=CARTESIAN_POINT('',(-12.0956774043838,22.8315656083651,42.43));
#8042=CARTESIAN_POINT('',(5.36794410199067,17.4636215063744,42.43));
#8043=CARTESIAN_POINT('',(22.8315656083651,12.0956774043838,42.43));
#8044=CARTESIAN_POINT('',(17.4636215063744,-5.36794410199067,42.43));
#8045=CARTESIAN_POINT('',(-1.36406717640034,3.95555555555397,45.75));
#8046=CARTESIAN_POINT('',(-5.7063298074404,-7.0667521453903,47.16));
#8047=CARTESIAN_POINT('',(-6.2991340682172,-5.73333333333324,46.2000000000002));
#8048=CARTESIAN_POINT('',(-0.398711597828964,8.96905233756536,51.5448162598383));
#8049=CARTESIAN_POINT('',(-8.05489728355289,15.1688545170017,51.564179126508));
#8050=CARTESIAN_POINT('',(-5.87482437051773,5.33672117228423,43.9772069583917));
#8051=CARTESIAN_POINT('',(2.74208147444942,6.93333333333294,47.3999999999991));
#8052=CARTESIAN_POINT('',(8.90249659375825,3.93333333333174,44.4));
#8053=CARTESIAN_POINT('',(6.28121005203409,2.09788873700752,47.6));
#8054=CARTESIAN_POINT('',(8.90249659375825,3.93333333333174,44.4));
#8055=CARTESIAN_POINT('',(8.1166546483583,-0.52339780471665,47.6));
#8056=CARTESIAN_POINT('',(8.90249659375825,3.93333333333174,44.4));
#8057=CARTESIAN_POINT('',(10.7379411900825,1.31204679160756,47.6));
#8058=CARTESIAN_POINT('',(8.90249659375825,3.93333333333174,44.4));
#8059=CARTESIAN_POINT('',(13.3592277318066,3.14749138793177,47.6));
#8060=CARTESIAN_POINT('',(8.90249659375825,3.93333333333174,44.4));
#8061=CARTESIAN_POINT('',(11.5237831354824,5.76877792965594,47.6));
#8062=CARTESIAN_POINT('',(8.90249659375825,3.93333333333174,44.4));
#8063=CARTESIAN_POINT('',(9.68833853915822,8.39006447138011,47.6));
#8064=CARTESIAN_POINT('',(8.90249659375825,3.93333333333174,44.4));
#8065=CARTESIAN_POINT('',(7.06705199743405,6.5546198750559,47.6));
#8066=CARTESIAN_POINT('',(8.90249659375825,3.93333333333174,44.4));
#8067=CARTESIAN_POINT('',(4.44576545570988,4.71917527873169,47.6));
#8068=CARTESIAN_POINT('',(8.90249659375825,3.93333333333174,44.4));
#8069=CARTESIAN_POINT('',(6.28121005203409,2.09788873700752,47.6));
#8070=CARTESIAN_POINT('',(9.09557644749448,4.36107296065074,44.4351401451369));
#8071=CARTESIAN_POINT('',(6.03926408420388,-3.93333333333333,44.4));
#8072=CARTESIAN_POINT('',(3.02227938102896,-2.86665470281288,47.6000000000001));
#8073=CARTESIAN_POINT('',(6.03926408420388,-3.93333333333333,44.4));
#8074=CARTESIAN_POINT('',(1.95560075050852,-5.8836394059878,47.6000000000001));
#8075=CARTESIAN_POINT('',(6.03926408420388,-3.93333333333333,44.4));
#8076=CARTESIAN_POINT('',(4.97258545368343,-6.95031803650825,47.6000000000001));
#8077=CARTESIAN_POINT('',(6.03926408420388,-3.93333333333333,44.4));
#8078=CARTESIAN_POINT('',(7.98957015685835,-8.01699666702869,47.6000000000001));
#8079=CARTESIAN_POINT('',(6.03926408420388,-3.93333333333333,44.4));
#8080=CARTESIAN_POINT('',(9.0562487873788,-5.00001196385378,47.6000000000001));
#8081=CARTESIAN_POINT('',(6.03926408420388,-3.93333333333333,44.4));
#8082=CARTESIAN_POINT('',(10.1229274178992,-1.98302726067886,47.6000000000001));
#8083=CARTESIAN_POINT('',(6.03926408420388,-3.93333333333333,44.4));
#8084=CARTESIAN_POINT('',(7.10594271472433,-0.916348630158409,47.6000000000001));
#8085=CARTESIAN_POINT('',(6.03926408420388,-3.93333333333333,44.4));
#8086=CARTESIAN_POINT('',(4.08895801154941,0.150330000362038,47.6000000000001));
#8087=CARTESIAN_POINT('',(6.03926408420388,-3.93333333333333,44.4));
#8088=CARTESIAN_POINT('',(3.02227938102896,-2.86665470281288,47.6000000000001));
#8089=CARTESIAN_POINT('',(6.51382875681441,-5.73333333333323,46.2000000000002));
#8090=CARTESIAN_POINT('',(0.89561600119022,-4.92633884713496,44.5539575184089));
#8091=CARTESIAN_POINT('',(-4.05462277668618E-15,9.88544787941386E-16,59.75));
#8092=CARTESIAN_POINT('',(-4.05462277668618E-15,9.88544787941386E-16,59.75));
#8093=CARTESIAN_POINT('',(-4.05462277668618E-15,9.88544787941386E-16,59.75));
#8094=CARTESIAN_POINT('',(-4.05462277668618E-15,9.88544787941386E-16,59.75));
#8095=CARTESIAN_POINT('',(-4.05462277668618E-15,9.88544787941386E-16,59.75));
#8096=CARTESIAN_POINT('',(-4.05462277668618E-15,9.88544787941386E-16,59.75));
#8097=CARTESIAN_POINT('',(-4.05462277668618E-15,9.88544787941386E-16,59.75));
#8098=CARTESIAN_POINT('',(-4.05462277668618E-15,9.88544787941386E-16,59.75));
#8099=CARTESIAN_POINT('',(-4.05462277668618E-15,9.88544787941386E-16,59.75));
#8100=CARTESIAN_POINT('',(-14.8046756950463,-0.0979926758736007,44.9449999999993));
#8101=CARTESIAN_POINT('',(-14.9026683709199,14.7066830191727,44.9449999999993));
#8102=CARTESIAN_POINT('',(-0.0979926758736062,14.8046756950463,44.9449999999993));
#8103=CARTESIAN_POINT('',(14.7066830191727,14.9026683709199,44.9449999999993));
#8104=CARTESIAN_POINT('',(14.8046756950463,0.0979926758736068,44.9449999999993));
#8105=CARTESIAN_POINT('',(14.9026683709199,-14.7066830191727,44.9449999999993));
#8106=CARTESIAN_POINT('',(0.0979926758736031,-14.8046756950463,44.9449999999993));
#8107=CARTESIAN_POINT('',(-14.7066830191727,-14.9026683709199,44.9449999999993));
#8108=CARTESIAN_POINT('',(-14.8046756950463,-0.0979926758736007,44.9449999999993));
#8109=CARTESIAN_POINT('',(-1.97921203987951,14.3514099782137,44.5546799615165));
#8110=CARTESIAN_POINT('',(-3.40836937921377,6.93333333333362,47.3999999999998));
#8111=CARTESIAN_POINT('',(-0.989627011262492,3.93333333333334,44.4));
#8112=CARTESIAN_POINT('',(-3.61091355298652,2.09788873700885,47.6000000000001));
#8113=CARTESIAN_POINT('',(-0.989627011262492,3.93333333333334,44.4));
#8114=CARTESIAN_POINT('',(-1.77546895666203,-0.523397804715178,47.6000000000001));
#8115=CARTESIAN_POINT('',(-0.989627011262492,3.93333333333334,44.4));
#8116=CARTESIAN_POINT('',(0.845817585061997,1.31204679160931,47.6000000000001));
#8117=CARTESIAN_POINT('',(-0.989627011262492,3.93333333333334,44.4));
#8118=CARTESIAN_POINT('',(3.46710412678603,3.1474913879338,47.6000000000001));
#8119=CARTESIAN_POINT('',(-0.989627011262492,3.93333333333334,44.4));
#8120=CARTESIAN_POINT('',(1.63165953046154,5.76877792965783,47.6000000000001));
#8121=CARTESIAN_POINT('',(-0.989627011262492,3.93333333333334,44.4));
#8122=CARTESIAN_POINT('',(-0.203785065862951,8.39006447138186,47.6000000000001));
#8123=CARTESIAN_POINT('',(-0.989627011262492,3.93333333333334,44.4));
#8124=CARTESIAN_POINT('',(-2.82507160758698,6.55461987505737,47.6000000000001));
#8125=CARTESIAN_POINT('',(-0.989627011262492,3.93333333333334,44.4));
#8126=CARTESIAN_POINT('',(-5.44635814931101,4.71917527873288,47.6000000000001));
#8127=CARTESIAN_POINT('',(-0.989627011262492,3.93333333333334,44.4));
#8128=CARTESIAN_POINT('',(-3.61091355298652,2.09788873700885,47.6000000000001));
#8129=CARTESIAN_POINT('',(-1.04542626743319,4.54222855964622,44.1393114181581));
#8130=CARTESIAN_POINT('',(-1.31787450498052,-5.73333333333322,46.2000000000002));
#8131=CARTESIAN_POINT('',(-4.79075641500467,5.34140028342176,49.7834805114223));
#8132=CARTESIAN_POINT('',(4.05462277668618E-15,-9.88544787941386E-16,59.75));
#8133=CARTESIAN_POINT('',(4.05462277668618E-15,-9.88544787941386E-16,59.75));
#8134=CARTESIAN_POINT('',(4.05462277668618E-15,-9.88544787941386E-16,59.75));
#8135=CARTESIAN_POINT('',(4.05462277668618E-15,-9.88544787941386E-16,59.75));
#8136=CARTESIAN_POINT('',(4.05462277668618E-15,-9.88544787941386E-16,59.75));
#8137=CARTESIAN_POINT('',(4.05462277668618E-15,-9.88544787941386E-16,59.75));
#8138=CARTESIAN_POINT('',(4.05462277668618E-15,-9.88544787941386E-16,59.75));
#8139=CARTESIAN_POINT('',(4.05462277668618E-15,-9.88544787941386E-16,59.75));
#8140=CARTESIAN_POINT('',(4.05462277668618E-15,-9.88544787941386E-16,59.75));
#8141=CARTESIAN_POINT('',(14.8027651512693,0.257233117052333,44.9449999999952));
#8142=CARTESIAN_POINT('',(15.0599982683216,-14.545532034217,44.9449999999952));
#8143=CARTESIAN_POINT('',(0.257233117052339,-14.8027651512693,44.9449999999952));
#8144=CARTESIAN_POINT('',(-14.545532034217,-15.0599982683216,44.9449999999952));
#8145=CARTESIAN_POINT('',(-14.8027651512693,-0.257233117052339,44.9449999999952));
#8146=CARTESIAN_POINT('',(-15.0599982683216,14.545532034217,44.9449999999952));
#8147=CARTESIAN_POINT('',(-0.257233117052335,14.8027651512693,44.9449999999952));
#8148=CARTESIAN_POINT('',(14.545532034217,15.0599982683216,44.9449999999952));
#8149=CARTESIAN_POINT('',(14.8027651512693,0.257233117052333,44.9449999999952));
#8150=CARTESIAN_POINT('',(5.64864746422552,-3.95555555555556,47.16));
#8151=CARTESIAN_POINT('',(6.43342405006561,4.89119658983304,47.16));
#8152=CARTESIAN_POINT('',(5.81386286209826,5.05894339450708,49.017347640412));
#8153=CARTESIAN_POINT('',(5.76240784862797,4.1555555555542,46.2000000000003));
#8154=CARTESIAN_POINT('',(4.39787926458922,5.01215228313117,44.4458443022512));
#8155=CARTESIAN_POINT('',(5.64864746422552,-2.95555555555558,47.4));
#8156=CARTESIAN_POINT('',(17.52,-25.2999999999999,44.68));
#8157=CARTESIAN_POINT('',(0.856223039112024,-0.856223039112024,42.2));
#8158=CARTESIAN_POINT('',(3.7,-14.5,42.48));
#8159=CARTESIAN_POINT('',(3.7,-3.7,42.48));
#8160=CARTESIAN_POINT('',(14.5,-3.7,42.48));
#8161=CARTESIAN_POINT('',(25.3,-3.7,42.48));
#8162=CARTESIAN_POINT('',(25.3,-14.5,42.48));
#8163=CARTESIAN_POINT('',(25.3,-25.3,42.48));
#8164=CARTESIAN_POINT('',(14.5,-25.3,42.48));
#8165=CARTESIAN_POINT('',(3.7,-25.3,42.48));
#8166=CARTESIAN_POINT('',(3.7,-14.5,42.48));
#8167=CARTESIAN_POINT('',(3.7,-14.5,40.32));
#8168=CARTESIAN_POINT('',(3.7,-3.7,40.32));
#8169=CARTESIAN_POINT('',(14.5,-3.7,40.32));
#8170=CARTESIAN_POINT('',(25.3,-3.7,40.32));
#8171=CARTESIAN_POINT('',(25.3,-14.5,40.32));
#8172=CARTESIAN_POINT('',(25.3,-25.3,40.32));
#8173=CARTESIAN_POINT('',(14.5,-25.3,40.32));
#8174=CARTESIAN_POINT('',(3.7,-25.3,40.32));
#8175=CARTESIAN_POINT('',(3.7,-14.5,40.32));
#8176=CARTESIAN_POINT('',(25.2999999999999,-17.52,44.68));
#8177=CARTESIAN_POINT('',(3.7,14.5,40.32));
#8178=CARTESIAN_POINT('',(3.7,3.7,40.32));
#8179=CARTESIAN_POINT('',(14.5,3.7,40.32));
#8180=CARTESIAN_POINT('',(25.3,3.7,40.32));
#8181=CARTESIAN_POINT('',(25.3,14.5,40.32));
#8182=CARTESIAN_POINT('',(25.3,25.3,40.32));
#8183=CARTESIAN_POINT('',(14.5,25.3,40.32));
#8184=CARTESIAN_POINT('',(3.7,25.3,40.32));
#8185=CARTESIAN_POINT('',(3.7,14.5,40.32));
#8186=CARTESIAN_POINT('',(3.7,14.5,42.48));
#8187=CARTESIAN_POINT('',(3.7,3.7,42.48));
#8188=CARTESIAN_POINT('',(14.5,3.7,42.48));
#8189=CARTESIAN_POINT('',(25.3,3.7,42.48));
#8190=CARTESIAN_POINT('',(25.3,14.5,42.48));
#8191=CARTESIAN_POINT('',(25.3,25.3,42.48));
#8192=CARTESIAN_POINT('',(14.5,25.3,42.48));
#8193=CARTESIAN_POINT('',(3.7,25.3,42.48));
#8194=CARTESIAN_POINT('',(3.7,14.5,42.48));
#8195=CARTESIAN_POINT('',(17.52,25.3,40.12));
#8196=CARTESIAN_POINT('',(-3.7,14.5,42.48));
#8197=CARTESIAN_POINT('',(-3.7,3.7,42.48));
#8198=CARTESIAN_POINT('',(-14.5,3.7,42.48));
#8199=CARTESIAN_POINT('',(-25.3,3.7,42.48));
#8200=CARTESIAN_POINT('',(-25.3,14.5,42.48));
#8201=CARTESIAN_POINT('',(-25.3,25.3,42.48));
#8202=CARTESIAN_POINT('',(-14.5,25.3,42.48));
#8203=CARTESIAN_POINT('',(-3.7,25.3,42.48));
#8204=CARTESIAN_POINT('',(-3.7,14.5,42.48));
#8205=CARTESIAN_POINT('',(-3.7,14.5,40.32));
#8206=CARTESIAN_POINT('',(-3.7,3.7,40.32));
#8207=CARTESIAN_POINT('',(-14.5,3.7,40.32));
#8208=CARTESIAN_POINT('',(-25.3,3.7,40.32));
#8209=CARTESIAN_POINT('',(-25.3,14.5,40.32));
#8210=CARTESIAN_POINT('',(-25.3,25.3,40.32));
#8211=CARTESIAN_POINT('',(-14.5,25.3,40.32));
#8212=CARTESIAN_POINT('',(-3.7,25.3,40.32));
#8213=CARTESIAN_POINT('',(-3.7,14.5,40.32));
#8214=CARTESIAN_POINT('',(-25.3,17.52,44.68));
#8215=CARTESIAN_POINT('',(-3.7,-14.5,42.48));
#8216=CARTESIAN_POINT('',(-3.7,-25.3,42.48));
#8217=CARTESIAN_POINT('',(-14.5,-25.3,42.48));
#8218=CARTESIAN_POINT('',(-25.3,-25.3,42.48));
#8219=CARTESIAN_POINT('',(-25.3,-14.5,42.48));
#8220=CARTESIAN_POINT('',(-25.3,-3.7,42.48));
#8221=CARTESIAN_POINT('',(-14.5,-3.7,42.48));
#8222=CARTESIAN_POINT('',(-3.7,-3.7,42.48));
#8223=CARTESIAN_POINT('',(-3.7,-14.5,42.48));
#8224=CARTESIAN_POINT('',(-3.7,-14.5,40.32));
#8225=CARTESIAN_POINT('',(-3.7,-25.3,40.32));
#8226=CARTESIAN_POINT('',(-14.5,-25.3,40.32));
#8227=CARTESIAN_POINT('',(-25.3,-25.3,40.32));
#8228=CARTESIAN_POINT('',(-25.3,-14.5,40.32));
#8229=CARTESIAN_POINT('',(-25.3,-3.7,40.32));
#8230=CARTESIAN_POINT('',(-14.5,-3.7,40.32));
#8231=CARTESIAN_POINT('',(-3.7,-3.7,40.32));
#8232=CARTESIAN_POINT('',(-3.7,-14.5,40.32));
#8233=CARTESIAN_POINT('',(2.5,-14.5,39.94));
#8234=CARTESIAN_POINT('',(2.5,-14.5,46.66));
#8235=CARTESIAN_POINT('',(2.5,-26.5,39.94));
#8236=CARTESIAN_POINT('',(2.5,-26.5,46.66));
#8237=CARTESIAN_POINT('',(14.5,-26.5,39.94));
#8238=CARTESIAN_POINT('',(14.5,-26.5,46.66));
#8239=CARTESIAN_POINT('',(26.5,-26.5,39.94));
#8240=CARTESIAN_POINT('',(26.5,-26.5,46.66));
#8241=CARTESIAN_POINT('',(26.5,-14.5,39.94));
#8242=CARTESIAN_POINT('',(26.5,-14.5,46.66));
#8243=CARTESIAN_POINT('',(26.5,-2.5,39.94));
#8244=CARTESIAN_POINT('',(26.5,-2.5,46.66));
#8245=CARTESIAN_POINT('',(14.5,-2.5,39.94));
#8246=CARTESIAN_POINT('',(14.5,-2.5,46.66));
#8247=CARTESIAN_POINT('',(2.5,-2.5,39.94));
#8248=CARTESIAN_POINT('',(2.5,-2.5,46.66));
#8249=CARTESIAN_POINT('',(2.5,-14.5,39.94));
#8250=CARTESIAN_POINT('',(2.5,-14.5,46.66));
#8251=CARTESIAN_POINT('',(2.5,14.5,39.94));
#8252=CARTESIAN_POINT('',(2.5,14.5,46.66));
#8253=CARTESIAN_POINT('',(2.5,2.5,39.94));
#8254=CARTESIAN_POINT('',(2.5,2.5,46.66));
#8255=CARTESIAN_POINT('',(14.5,2.5,39.94));
#8256=CARTESIAN_POINT('',(14.5,2.5,46.66));
#8257=CARTESIAN_POINT('',(26.5,2.5,39.94));
#8258=CARTESIAN_POINT('',(26.5,2.5,46.66));
#8259=CARTESIAN_POINT('',(26.5,14.5,39.94));
#8260=CARTESIAN_POINT('',(26.5,14.5,46.66));
#8261=CARTESIAN_POINT('',(26.5,26.5,39.94));
#8262=CARTESIAN_POINT('',(26.5,26.5,46.66));
#8263=CARTESIAN_POINT('',(14.5,26.5,39.94));
#8264=CARTESIAN_POINT('',(14.5,26.5,46.66));
#8265=CARTESIAN_POINT('',(2.5,26.5,39.94));
#8266=CARTESIAN_POINT('',(2.5,26.5,46.66));
#8267=CARTESIAN_POINT('',(2.5,14.5,39.94));
#8268=CARTESIAN_POINT('',(2.5,14.5,46.66));
#8269=CARTESIAN_POINT('',(17.52,26.5,46.6600000000001));
#8270=CARTESIAN_POINT('',(-2.5,14.5,39.94));
#8271=CARTESIAN_POINT('',(-2.5,14.5,46.66));
#8272=CARTESIAN_POINT('',(-2.5,26.5,39.94));
#8273=CARTESIAN_POINT('',(-2.5,26.5,46.66));
#8274=CARTESIAN_POINT('',(-14.5,26.5,39.94));
#8275=CARTESIAN_POINT('',(-14.5,26.5,46.66));
#8276=CARTESIAN_POINT('',(-26.5,26.5,39.94));
#8277=CARTESIAN_POINT('',(-26.5,26.5,46.66));
#8278=CARTESIAN_POINT('',(-26.5,14.5,39.94));
#8279=CARTESIAN_POINT('',(-26.5,14.5,46.66));
#8280=CARTESIAN_POINT('',(-26.5,2.5,39.94));
#8281=CARTESIAN_POINT('',(-26.5,2.5,46.66));
#8282=CARTESIAN_POINT('',(-14.5,2.5,39.94));
#8283=CARTESIAN_POINT('',(-14.5,2.5,46.66));
#8284=CARTESIAN_POINT('',(-2.5,2.5,39.94));
#8285=CARTESIAN_POINT('',(-2.5,2.5,46.66));
#8286=CARTESIAN_POINT('',(-2.5,14.5,39.94));
#8287=CARTESIAN_POINT('',(-2.5,14.5,46.66));
#8288=CARTESIAN_POINT('',(-31.9200000000001,31.9200000000001,40.6));
#8289=CARTESIAN_POINT('',(17.52,-26.5,39.9400000000001));
#8290=CARTESIAN_POINT('',(-2.5,-14.5,39.94));
#8291=CARTESIAN_POINT('',(-2.5,-14.5,46.66));
#8292=CARTESIAN_POINT('',(-2.5,-2.5,39.94));
#8293=CARTESIAN_POINT('',(-2.5,-2.5,46.66));
#8294=CARTESIAN_POINT('',(-14.5,-2.5,39.94));
#8295=CARTESIAN_POINT('',(-14.5,-2.5,46.66));
#8296=CARTESIAN_POINT('',(-26.5,-2.5,39.94));
#8297=CARTESIAN_POINT('',(-26.5,-2.5,46.66));
#8298=CARTESIAN_POINT('',(-26.5,-14.5,39.94));
#8299=CARTESIAN_POINT('',(-26.5,-14.5,46.66));
#8300=CARTESIAN_POINT('',(-26.5,-26.5,39.94));
#8301=CARTESIAN_POINT('',(-26.5,-26.5,46.66));
#8302=CARTESIAN_POINT('',(-14.5,-26.5,39.94));
#8303=CARTESIAN_POINT('',(-14.5,-26.5,46.66));
#8304=CARTESIAN_POINT('',(-2.5,-26.5,39.94));
#8305=CARTESIAN_POINT('',(-2.5,-26.5,46.66));
#8306=CARTESIAN_POINT('',(-2.5,-14.5,39.94));
#8307=CARTESIAN_POINT('',(-2.5,-14.5,46.66));
#8308=CARTESIAN_POINT('',(-1.36406717640034,3.95555555555397,48.79));
#8309=CARTESIAN_POINT('',(-13.061114496586,15.1749847515093,47.4));
#8310=CARTESIAN_POINT('',(-6.87796583157279,-7.94675214539029,48.14));
#8311=CARTESIAN_POINT('',(-2.50625449414434,5.16897436761099,48.14));
#8312=CARTESIAN_POINT('',(-6.34309576013038,-6.7333333333331,46.46));
#8313=CARTESIAN_POINT('',(12.55,0.,47.06));
#8314=CARTESIAN_POINT('',(12.55,12.55,47.06));
#8315=CARTESIAN_POINT('',(-3.67242623203567E-15,12.55,47.06));
#8316=CARTESIAN_POINT('',(-12.55,12.55,47.06));
#8317=CARTESIAN_POINT('',(-12.55,1.53693173292993E-15,47.06));
#8318=CARTESIAN_POINT('',(-12.55,-12.55,47.06));
#8319=CARTESIAN_POINT('',(-6.74628969789552E-15,-12.55,47.06));
#8320=CARTESIAN_POINT('',(12.55,-12.55,47.06));
#8321=CARTESIAN_POINT('',(12.55,0.,47.06));
#8322=CARTESIAN_POINT('',(12.55,0.,47.54));
#8323=CARTESIAN_POINT('',(12.55,12.55,47.54));
#8324=CARTESIAN_POINT('',(-3.67242623203567E-15,12.55,47.54));
#8325=CARTESIAN_POINT('',(-12.55,12.55,47.54));
#8326=CARTESIAN_POINT('',(-12.55,1.53693173292993E-15,47.54));
#8327=CARTESIAN_POINT('',(-12.55,-12.55,47.54));
#8328=CARTESIAN_POINT('',(-6.74628969789552E-15,-12.55,47.54));
#8329=CARTESIAN_POINT('',(12.55,-12.55,47.54));
#8330=CARTESIAN_POINT('',(12.55,0.,47.54));
#8331=CARTESIAN_POINT('',(-4.17015283864683,-14.0962902087999,48.14));
#8332=CARTESIAN_POINT('',(9.57162524096816,6.73333333333361,48.14));
#8333=CARTESIAN_POINT('',(6.10249659375821,3.93333333333175,47.54));
#8334=CARTESIAN_POINT('',(6.10249659375821,3.93333333333175,47.0599999999997));
#8335=CARTESIAN_POINT('',(6.10249659375821,6.73333333333175,47.54));
#8336=CARTESIAN_POINT('',(6.10249659375821,6.73333333333175,47.0599999999997));
#8337=CARTESIAN_POINT('',(8.90249659375821,6.73333333333175,47.54));
#8338=CARTESIAN_POINT('',(8.90249659375821,6.73333333333175,47.0599999999997));
#8339=CARTESIAN_POINT('',(11.7024965937582,6.73333333333175,47.54));
#8340=CARTESIAN_POINT('',(11.7024965937582,6.73333333333175,47.0599999999997));
#8341=CARTESIAN_POINT('',(11.7024965937582,3.93333333333175,47.54));
#8342=CARTESIAN_POINT('',(11.7024965937582,3.93333333333175,47.0599999999997));
#8343=CARTESIAN_POINT('',(11.7024965937582,1.13333333333175,47.54));
#8344=CARTESIAN_POINT('',(11.7024965937582,1.13333333333175,47.0599999999997));
#8345=CARTESIAN_POINT('',(8.90249659375821,1.13333333333175,47.54));
#8346=CARTESIAN_POINT('',(8.90249659375821,1.13333333333175,47.0599999999997));
#8347=CARTESIAN_POINT('',(6.10249659375821,1.13333333333175,47.54));
#8348=CARTESIAN_POINT('',(6.10249659375821,1.13333333333175,47.0599999999997));
#8349=CARTESIAN_POINT('',(6.10249659375821,3.93333333333175,47.54));
#8350=CARTESIAN_POINT('',(6.10249659375821,3.93333333333175,47.0599999999997));
#8351=CARTESIAN_POINT('',(11.8725637729089,3.90687352185637,48.14));
#8352=CARTESIAN_POINT('',(3.23926408420388,-3.93333333333333,47.5400000000001));
#8353=CARTESIAN_POINT('',(3.23926408420388,-3.93333333333333,47.06));
#8354=CARTESIAN_POINT('',(3.23926408420388,-1.13333333333333,47.5400000000001));
#8355=CARTESIAN_POINT('',(3.23926408420388,-1.13333333333333,47.06));
#8356=CARTESIAN_POINT('',(6.03926408420388,-1.13333333333333,47.5400000000001));
#8357=CARTESIAN_POINT('',(6.03926408420388,-1.13333333333333,47.06));
#8358=CARTESIAN_POINT('',(8.83926408420388,-1.13333333333333,47.5400000000001));
#8359=CARTESIAN_POINT('',(8.83926408420388,-1.13333333333333,47.06));
#8360=CARTESIAN_POINT('',(8.83926408420388,-3.93333333333333,47.5400000000001));
#8361=CARTESIAN_POINT('',(8.83926408420388,-3.93333333333333,47.06));
#8362=CARTESIAN_POINT('',(8.83926408420388,-6.73333333333333,47.5400000000001));
#8363=CARTESIAN_POINT('',(8.83926408420388,-6.73333333333333,47.06));
#8364=CARTESIAN_POINT('',(6.03926408420388,-6.73333333333333,47.5400000000001));
#8365=CARTESIAN_POINT('',(6.03926408420388,-6.73333333333333,47.06));
#8366=CARTESIAN_POINT('',(3.23926408420388,-6.73333333333333,47.5400000000001));
#8367=CARTESIAN_POINT('',(3.23926408420388,-6.73333333333333,47.06));
#8368=CARTESIAN_POINT('',(3.23926408420388,-3.93333333333333,47.5400000000001));
#8369=CARTESIAN_POINT('',(3.23926408420388,-3.93333333333333,47.06));
#8370=CARTESIAN_POINT('',(6.45781215375769,-6.73333333333309,46.46));
#8371=CARTESIAN_POINT('',(3.31678733436243,-6.01073593130536,48.14));
#8372=CARTESIAN_POINT('',(-12.55,0.,47.06));
#8373=CARTESIAN_POINT('',(-12.55,-12.55,47.06));
#8374=CARTESIAN_POINT('',(3.67242623203567E-15,-12.55,47.06));
#8375=CARTESIAN_POINT('',(12.55,-12.55,47.06));
#8376=CARTESIAN_POINT('',(12.55,-1.53693173292993E-15,47.06));
#8377=CARTESIAN_POINT('',(12.55,12.55,47.06));
#8378=CARTESIAN_POINT('',(6.74628969789552E-15,12.55,47.06));
#8379=CARTESIAN_POINT('',(-12.55,12.55,47.06));
#8380=CARTESIAN_POINT('',(-12.55,0.,47.06));
#8381=CARTESIAN_POINT('',(-12.55,0.,47.54));
#8382=CARTESIAN_POINT('',(-12.55,-12.55,47.54));
#8383=CARTESIAN_POINT('',(3.67242623203567E-15,-12.55,47.54));
#8384=CARTESIAN_POINT('',(12.55,-12.55,47.54));
#8385=CARTESIAN_POINT('',(12.55,-1.53693173292993E-15,47.54));
#8386=CARTESIAN_POINT('',(12.55,12.55,47.54));
#8387=CARTESIAN_POINT('',(6.74628969789552E-15,12.55,47.54));
#8388=CARTESIAN_POINT('',(-12.55,12.55,47.54));
#8389=CARTESIAN_POINT('',(-12.55,0.,47.54));
#8390=CARTESIAN_POINT('',(0.444017673367455,13.2747805291514,48.14));
#8391=CARTESIAN_POINT('',(-0.774902272896952,6.73333333333361,48.14));
#8392=CARTESIAN_POINT('',(-3.78962701126249,3.93333333333334,47.54));
#8393=CARTESIAN_POINT('',(-3.78962701126249,3.93333333333334,47.06));
#8394=CARTESIAN_POINT('',(-3.78962701126249,6.73333333333334,47.54));
#8395=CARTESIAN_POINT('',(-3.78962701126249,6.73333333333334,47.06));
#8396=CARTESIAN_POINT('',(-0.989627011262489,6.73333333333334,47.54));
#8397=CARTESIAN_POINT('',(-0.989627011262489,6.73333333333334,47.06));
#8398=CARTESIAN_POINT('',(1.81037298873751,6.73333333333334,47.54));
#8399=CARTESIAN_POINT('',(1.81037298873751,6.73333333333334,47.06));
#8400=CARTESIAN_POINT('',(1.81037298873751,3.93333333333334,47.54));
#8401=CARTESIAN_POINT('',(1.81037298873751,3.93333333333334,47.06));
#8402=CARTESIAN_POINT('',(1.81037298873751,1.13333333333334,47.54));
#8403=CARTESIAN_POINT('',(1.81037298873751,1.13333333333334,47.06));
#8404=CARTESIAN_POINT('',(-0.989627011262488,1.13333333333334,47.54));
#8405=CARTESIAN_POINT('',(-0.989627011262488,1.13333333333334,47.06));
#8406=CARTESIAN_POINT('',(-3.78962701126249,1.13333333333334,47.54));
#8407=CARTESIAN_POINT('',(-3.78962701126249,1.13333333333334,47.06));
#8408=CARTESIAN_POINT('',(-3.78962701126249,3.93333333333334,47.54));
#8409=CARTESIAN_POINT('',(-3.78962701126249,3.93333333333334,47.06));
#8410=CARTESIAN_POINT('',(2.04749599100919,4.09110788172768,48.14));
#8411=CARTESIAN_POINT('',(-1.31787450498052,-6.73333333333309,46.46));
#8412=CARTESIAN_POINT('',(3.96608007423515,3.90666666666493,47.4));
#8413=CARTESIAN_POINT('',(5.51821299006133,-3.15555555555556,48.14));
#8414=CARTESIAN_POINT('',(4.47570046970273,-3.93119658983471,48.14));
#8415=CARTESIAN_POINT('',(7.8152695796482,3.15555555555445,46.46));
#8416=CARTESIAN_POINT('',(6.9353548431497,3.93119658983323,48.14));
#8417=CARTESIAN_POINT('',(-24.3735544344804,-4.30992238989882,47.4));
#8418=CARTESIAN_POINT('',(-24.3735544344806,17.5101181686475,47.4));
#8419=CARTESIAN_POINT('',(-6.44654007477016,25.9212226499593,47.4));
#8420=CARTESIAN_POINT('',(11.9953628946633,17.5101181686531,47.4));
#8421=CARTESIAN_POINT('',(11.995362894661,-4.30992238989529,47.4));
#8422=CARTESIAN_POINT('',(-6.44654007477106,-16.0271798503715,47.4));
#8423=CARTESIAN_POINT('',(4.30992238989916,-11.9953628946632,47.4));
#8424=CARTESIAN_POINT('',(16.0271798503715,6.44654007477766,47.4));
#8425=CARTESIAN_POINT('',(4.30992238990177,24.3735544344806,47.4));
#8426=CARTESIAN_POINT('',(-17.5101181686476,24.3735544344804,47.4));
#8427=CARTESIAN_POINT('',(-25.9212226499593,6.44654007477027,47.4));
#8428=CARTESIAN_POINT('',(-17.5101181686475,-11.995362894661,47.4));
#8429=CARTESIAN_POINT('',(-14.7264751004792,13.5120459985437,47.4));
#8430=CARTESIAN_POINT('',(12.55,0.,47.0599999999999));
#8431=CARTESIAN_POINT('',(12.55,12.55,47.0599999999999));
#8432=CARTESIAN_POINT('',(-3.67242623203567E-15,12.55,47.0599999999999));
#8433=CARTESIAN_POINT('',(-12.55,12.55,47.0599999999999));
#8434=CARTESIAN_POINT('',(-12.55,1.53693173292993E-15,47.0599999999999));
#8435=CARTESIAN_POINT('',(-12.55,-12.55,47.0599999999999));
#8436=CARTESIAN_POINT('',(-6.74628969789552E-15,-12.55,47.0599999999999));
#8437=CARTESIAN_POINT('',(12.55,-12.55,47.0599999999999));
#8438=CARTESIAN_POINT('',(12.55,0.,47.0599999999999));
#8439=CARTESIAN_POINT('',(12.55,0.,47.54));
#8440=CARTESIAN_POINT('',(12.55,12.55,47.54));
#8441=CARTESIAN_POINT('',(-3.67242623203567E-15,12.55,47.54));
#8442=CARTESIAN_POINT('',(-12.55,12.55,47.54));
#8443=CARTESIAN_POINT('',(-12.55,1.53693173292993E-15,47.54));
#8444=CARTESIAN_POINT('',(-12.55,-12.55,47.54));
#8445=CARTESIAN_POINT('',(-6.74628969789552E-15,-12.55,47.54));
#8446=CARTESIAN_POINT('',(12.55,-12.55,47.54));
#8447=CARTESIAN_POINT('',(12.55,0.,47.54));
#8448=CARTESIAN_POINT('',(-11.7689487974756,-7.79542428551997,48.14));
#8449=CARTESIAN_POINT('',(3.27362630208336,-30.2472793811495,44.8475706505895));
#8450=CARTESIAN_POINT('',(-0.36735026041667,-30.9708123672606,46.7155856907369));
#8451=CARTESIAN_POINT('',(0.641195746527842,-30.2472793811495,44.8475706505895));
#8452=CARTESIAN_POINT('',(1.26743152078654,-28.6320353817216,46.76));
#8453=CARTESIAN_POINT('',(1.72514105902777,-30.5010510825384,46.76));
#8454=CARTESIAN_POINT('',(2.47830946180555,-26.1085076797607,46.76));
#8455=CARTESIAN_POINT('',(-0.522240207938523,-30.5045718904082,46.76));
#8456=CARTESIAN_POINT('',(2.50512152777765,-28.9095623672607,44.84));
#8457=CARTESIAN_POINT('',(2.73408854194713,-26.5938505617051,46.76));
#8458=CARTESIAN_POINT('',(1.12051866039003,-26.5938505617051,45.6));
#8459=CARTESIAN_POINT('',(1.12051866039003,-26.5938505617051,46.08));
#8460=CARTESIAN_POINT('',(0.689066114827276,-26.5938505621221,45.6));
#8461=CARTESIAN_POINT('',(0.689066114827276,-26.5938505621221,46.08));
#8462=CARTESIAN_POINT('',(0.356242764726402,-26.6900709038376,45.6));
#8463=CARTESIAN_POINT('',(0.356242764726402,-26.6900709038376,46.08));
#8464=CARTESIAN_POINT('',(0.122048610087405,-26.8825115868519,45.6));
#8465=CARTESIAN_POINT('',(0.122048610087405,-26.8825115868519,46.08));
#8466=CARTESIAN_POINT('',(0.122048611116637,-26.8825115860062,45.6));
#8467=CARTESIAN_POINT('',(0.122048611116637,-26.8825115860062,46.08));
#8468=CARTESIAN_POINT('',(-0.112145543985251,-27.0749522688814,45.6));
#8469=CARTESIAN_POINT('',(-0.112145543985251,-27.0749522688814,46.08));
#8470=CARTESIAN_POINT('',(-0.22924262153339,-27.3467513140303,45.6));
#8471=CARTESIAN_POINT('',(-0.22924262153339,-27.3467513140303,46.08));
#8472=CARTESIAN_POINT('',(-0.229242621527781,-27.6979087214525,45.6));
#8473=CARTESIAN_POINT('',(-0.229242621527781,-27.6979087214525,46.08));
#8474=CARTESIAN_POINT('',(-0.229242621527781,-27.6979087214525,45.6));
#8475=CARTESIAN_POINT('',(-0.229242621527781,-27.6979087214525,46.08));
#8476=CARTESIAN_POINT('',(-0.229242621524158,-27.9473589532294,45.6));
#8477=CARTESIAN_POINT('',(-0.229242621524158,-27.9473589532294,46.08));
#8478=CARTESIAN_POINT('',(-0.175311053104542,-28.155189537916,45.6));
#8479=CARTESIAN_POINT('',(-0.175311053104542,-28.155189537916,46.08));
#8480=CARTESIAN_POINT('',(-0.0674479162689362,-28.3214004755124,45.6));
#8481=CARTESIAN_POINT('',(-0.0674479162689362,-28.3214004755124,46.08));
#8482=CARTESIAN_POINT('',(-0.0674479168116306,-28.3214004746761,45.6));
#8483=CARTESIAN_POINT('',(-0.0674479168116306,-28.3214004746761,46.08));
#8484=CARTESIAN_POINT('',(0.0404152197610072,-28.4876114122807,45.6));
#8485=CARTESIAN_POINT('',(0.0404152197610072,-28.4876114122807,46.08));
#8486=CARTESIAN_POINT('',(0.203815827448222,-28.6202322167533,45.6));
#8487=CARTESIAN_POINT('',(0.203815827448222,-28.6202322167533,46.08));
#8488=CARTESIAN_POINT('',(0.42275390625001,-28.719262888094,45.6));
#8489=CARTESIAN_POINT('',(0.42275390625001,-28.719262888094,46.08));
#8490=CARTESIAN_POINT('',(1.72514105902777,-28.5298054228163,46.76));
#8491=CARTESIAN_POINT('',(2.50584418402775,-28.300122263094,46.76));
#8492=CARTESIAN_POINT('',(1.11810980902777,-28.300122263094,45.6));
#8493=CARTESIAN_POINT('',(1.11810980902777,-28.300122263094,46.08));
#8494=CARTESIAN_POINT('',(0.929148582173591,-28.300122263094,45.6));
#8495=CARTESIAN_POINT('',(0.929148582173591,-28.300122263094,46.08));
#8496=CARTESIAN_POINT('',(0.782743778931563,-28.2520790049908,45.6));
#8497=CARTESIAN_POINT('',(0.782743778931563,-28.2520790049908,46.08));
#8498=CARTESIAN_POINT('',(0.678895399301699,-28.1559924887849,45.6));
#8499=CARTESIAN_POINT('',(0.678895399301699,-28.1559924887849,46.08));
#8500=CARTESIAN_POINT('',(0.678895399311668,-28.1559924887941,45.6));
#8501=CARTESIAN_POINT('',(0.678895399311668,-28.1559924887941,46.08));
#8502=CARTESIAN_POINT('',(0.575047019669767,-28.0599059725825,45.6));
#8503=CARTESIAN_POINT('',(0.575047019669767,-28.0599059725825,46.08));
#8504=CARTESIAN_POINT('',(0.523122829852916,-27.9272851681691,45.6));
#8505=CARTESIAN_POINT('',(0.523122829852916,-27.9272851681691,46.08));
#8506=CARTESIAN_POINT('',(0.523122829861109,-27.758130075554,45.6));
#8507=CARTESIAN_POINT('',(0.523122829861109,-27.758130075554,46.08));
#8508=CARTESIAN_POINT('',(0.523122829861109,-27.758130075554,45.6));
#8509=CARTESIAN_POINT('',(0.523122829861109,-27.758130075554,46.08));
#8510=CARTESIAN_POINT('',(0.523122829868685,-27.5857631774221,45.6));
#8511=CARTESIAN_POINT('',(0.523122829868685,-27.5857631774221,46.08));
#8512=CARTESIAN_POINT('',(0.572102864592549,-27.4501982179429,45.6));
#8513=CARTESIAN_POINT('',(0.572102864592549,-27.4501982179429,46.08));
#8514=CARTESIAN_POINT('',(0.670062934032691,-27.3514351971169,45.6));
#8515=CARTESIAN_POINT('',(0.670062934032691,-27.3514351971169,46.08));
#8516=CARTESIAN_POINT('',(0.670062933807373,-27.3514351973441,45.6));
#8517=CARTESIAN_POINT('',(0.670062933807373,-27.3514351973441,46.08));
#8518=CARTESIAN_POINT('',(0.768023003054506,-27.2526721765566,45.6));
#8519=CARTESIAN_POINT('',(0.768023003054506,-27.2526721765566,46.08));
#8520=CARTESIAN_POINT('',(0.918174912452578,-27.2032906660659,45.6));
#8521=CARTESIAN_POINT('',(0.918174912452578,-27.2032906660659,46.08));
#8522=CARTESIAN_POINT('',(1.1205186620016,-27.2032906658718,45.6));
#8523=CARTESIAN_POINT('',(1.1205186620016,-27.2032906658718,46.08));
#8524=CARTESIAN_POINT('',(2.50560329873031,-27.2032906658718,44.84));
#8525=CARTESIAN_POINT('',(-0.771916232638887,-26.1085076797607,45.6));
#8526=CARTESIAN_POINT('',(0.282921006944434,-26.9736075061495,46.));
#8527=CARTESIAN_POINT('',(-2.48473307291667,-30.7331040339272,46.76));
#8528=CARTESIAN_POINT('',(-0.967161458333294,-30.2472793811495,44.8475706505895));
#8529=CARTESIAN_POINT('',(-1.75966796875001,-27.0526982179551,46.76));
#8530=CARTESIAN_POINT('',(-0.66411537929423,-27.7916439683001,44.84));
#8531=CARTESIAN_POINT('',(-0.894086371527781,-26.3520884089273,46.76));
#8532=CARTESIAN_POINT('',(-0.598359138986439,-27.2369782690913,46.76));
#8533=CARTESIAN_POINT('',(-1.67905815972222,-26.5890328533718,46.76));
#8534=CARTESIAN_POINT('',(-2.76379774305565,-26.1032082005941,45.6));
#8535=CARTESIAN_POINT('',(-35.9999999999999,-31.0000000000001,42.9405339327598));
#8536=CARTESIAN_POINT('',(-30.9999999999999,-36.0000000000001,42.));
#8537=CARTESIAN_POINT('',(-7.18823820041899,-42.9999999999999,42.));
#8538=CARTESIAN_POINT('',(-7.18823820041899,-36.9999999999998,48.));
#8539=CARTESIAN_POINT('',(-31.0000000000001,-28.6141857899217,47.9999999999999));
#8540=CARTESIAN_POINT('',(-36.0000000000001,-30.9199370614071,42.9999999999999));
#8541=CARTESIAN_POINT('',(7.18823820041898,-42.9999999999999,42.));
#8542=CARTESIAN_POINT('',(7.18823820041898,-36.9999999999999,48.));
#8543=CARTESIAN_POINT('',(35.9999999999999,-30.9199370614071,43.0000000000001));
#8544=CARTESIAN_POINT('',(30.9999999999999,-28.6141857899217,48.0000000000001));
#8545=CARTESIAN_POINT('',(30.9999999999999,-36.0000000000001,42.));
#8546=CARTESIAN_POINT('',(35.9999999999999,-31.0000000000001,42.9405339327598));
#8547=CARTESIAN_POINT('',(-31.0000000000001,26.0007550570111,47.9999999999999));
#8548=CARTESIAN_POINT('',(-36.0000000000001,26.0007550570111,42.9999999999999));
#8549=CARTESIAN_POINT('',(30.9999999999999,26.0007550570111,48.0000000000001));
#8550=CARTESIAN_POINT('',(26.0007550570111,31.,48.0000000000001));
#8551=CARTESIAN_POINT('',(-26.0007550570111,30.9999999999999,48.));
#8552=CARTESIAN_POINT('',(15.5,6.67893785601906E-16,48.));
#8553=CARTESIAN_POINT('',(-15.5,-1.60994926081217E-15,48.));
#8554=CARTESIAN_POINT('',(35.9999999999999,26.0007550570111,43.0000000000001));
#8555=CARTESIAN_POINT('',(35.9999999999999,-31.0000000000001,32.));
#8556=CARTESIAN_POINT('',(36.,-16.,32.));
#8557=CARTESIAN_POINT('',(36.0000000000001,-15.9999999999998,33.9999999999999));
#8558=CARTESIAN_POINT('',(36.0000000000001,-12.9999999999998,38.242640687119));
#8559=CARTESIAN_POINT('',(36.0000000000001,12.9999999999999,38.2426406871192));
#8560=CARTESIAN_POINT('',(36.,15.9999999999999,34.));
#8561=CARTESIAN_POINT('',(36.,16.,32.));
#8562=CARTESIAN_POINT('',(36.0000000000001,30.9999999999999,32.));
#8563=CARTESIAN_POINT('',(36.,31.,38.0007550570111));
#8564=CARTESIAN_POINT('',(7.18823820041899,-42.9999999999999,32.));
#8565=CARTESIAN_POINT('',(30.9999999999999,-36.0000000000001,32.));
#8566=CARTESIAN_POINT('',(-7.18823820041898,-42.9999999999999,32.));
#8567=CARTESIAN_POINT('',(-30.9999999999999,-36.0000000000001,32.));
#8568=CARTESIAN_POINT('',(-36.0000000000001,30.9999999999999,38.0007550570111));
#8569=CARTESIAN_POINT('',(-36.0000000000001,30.9999999999999,32.));
#8570=CARTESIAN_POINT('',(-36.,16.,32.));
#8571=CARTESIAN_POINT('',(-36.0000000000001,15.9999999999998,33.9999999999999));
#8572=CARTESIAN_POINT('',(-36.0000000000002,12.9999999999998,38.2426406871191));
#8573=CARTESIAN_POINT('',(-36.,-13.0000000000002,38.2426406871192));
#8574=CARTESIAN_POINT('',(-35.9999999999999,-16.0000000000002,34.));
#8575=CARTESIAN_POINT('',(-36.,-16.,32.));
#8576=CARTESIAN_POINT('',(-35.9999999999999,-31.0000000000001,32.));
#8577=CARTESIAN_POINT('',(0.479180931360874,-30.1715728752539,46.));
#8578=CARTESIAN_POINT('',(1.12533637152782,-28.9095623672607,46.));
#8579=CARTESIAN_POINT('',(1.72514105902777,-28.9095623672607,46.));
#8580=CARTESIAN_POINT('',(1.72514105902777,-30.1715728752539,46.));
#8581=CARTESIAN_POINT('',(-2.48473307291667,-26.5890328533718,46.));
#8582=CARTESIAN_POINT('',(-2.48473307291667,-30.1715728752539,46.));
#8583=CARTESIAN_POINT('',(-25.3650805666196,-30.1715728752538,46.));
#8584=CARTESIAN_POINT('',(-27.0612199397501,-28.4754335021231,46.));
#8585=CARTESIAN_POINT('',(-22.2486604814574,-23.6628740438304,46.));
#8586=CARTESIAN_POINT('',(-14.5,-26.5,46.));
#8587=CARTESIAN_POINT('',(14.5,-26.5,46.));
#8588=CARTESIAN_POINT('',(22.2486604814573,-23.6628740438305,46.));
#8589=CARTESIAN_POINT('',(27.0612199397501,-28.4754335021233,46.));
#8590=CARTESIAN_POINT('',(25.3650805666194,-30.1715728752538,46.));
#8591=CARTESIAN_POINT('',(2.47830946180555,-30.1715728752539,46.));
#8592=CARTESIAN_POINT('',(2.47830946180555,-26.5938505617051,46.));
#8593=CARTESIAN_POINT('',(1.12051866039002,-26.5938505617051,46.));
#8594=CARTESIAN_POINT('',(0.122048610771719,-26.8825115862896,46.));
#8595=CARTESIAN_POINT('',(-0.229242621527781,-27.6979087214525,46.));
#8596=CARTESIAN_POINT('',(-0.0674479165340863,-28.3214004751038,46.));
#8597=CARTESIAN_POINT('',(0.422753906250093,-28.7192628880941,46.));
#8598=CARTESIAN_POINT('',(-0.345978222510122,-30.1715728752539,46.));
#8599=CARTESIAN_POINT('',(-1.75966796875001,-30.1715728752539,46.));
#8600=CARTESIAN_POINT('',(-1.75966796875006,-27.4522055964275,46.));
#8601=CARTESIAN_POINT('',(-0.894086371527829,-27.7203913603164,46.));
#8602=CARTESIAN_POINT('',(-0.89408637152771,-27.1310250408718,46.));
#8603=CARTESIAN_POINT('',(-2.40684678819438,-26.5890328533718,46.));
#8604=CARTESIAN_POINT('',(8.19758571363674,3.95555555555397,48.));
#8605=CARTESIAN_POINT('',(6.0928785636288,3.95555555555385,48.));
#8606=CARTESIAN_POINT('',(3.21346959920493,-3.95555555555568,48.));
#8607=CARTESIAN_POINT('',(5.31817674922374,-3.95555555555556,48.));
#8608=CARTESIAN_POINT('',(-31.0000000000001,35.9999999999999,32.));
#8609=CARTESIAN_POINT('',(-31.0000000000001,35.9999999999999,38.0007550570111));
#8610=CARTESIAN_POINT('',(-26.0007550570111,35.9999999999999,43.));
#8611=CARTESIAN_POINT('',(26.0007550570111,36.,43.0000000000001));
#8612=CARTESIAN_POINT('',(31.,36.,38.0007550570111));
#8613=CARTESIAN_POINT('',(31.0000000000001,35.9999999999999,32.));
#8614=CARTESIAN_POINT('',(-30.1715728752537,-34.,37.3650805666196));
#8615=CARTESIAN_POINT('',(-25.3650805666195,-34.,42.1715728752538));
#8616=CARTESIAN_POINT('',(25.3650805666194,-34.,42.1715728752538));
#8617=CARTESIAN_POINT('',(30.1715728752537,-34.,37.3650805666196));
#8618=CARTESIAN_POINT('',(30.1715728752538,-34.0000000000001,32.));
#8619=CARTESIAN_POINT('',(-30.1715728752538,-34.0000000000001,32.));
#8620=CARTESIAN_POINT('',(-30.1715728752539,34.,32.));
#8621=CARTESIAN_POINT('',(30.1715728752539,34.,32.));
#8622=CARTESIAN_POINT('',(30.1715728752539,33.9999999999999,37.3650805666195));
#8623=CARTESIAN_POINT('',(25.3650805666195,33.9999999999999,42.1715728752538));
#8624=CARTESIAN_POINT('',(-25.3650805666195,33.9999999999999,42.1715728752539));
#8625=CARTESIAN_POINT('',(-30.1715728752539,33.9999999999999,37.3650805666196));
#8626=CARTESIAN_POINT('',(-34.,-25.3650805666195,42.1715728752538));
#8627=CARTESIAN_POINT('',(-34.,25.3650805666194,42.1715728752538));
#8628=CARTESIAN_POINT('',(-30.1715728752538,25.3650805666194,46.));
#8629=CARTESIAN_POINT('',(-30.1715728752538,-25.3650805666195,46.));
#8630=CARTESIAN_POINT('',(-2.48473307291667,-30.2472793811496,45.9242934941043));
#8631=CARTESIAN_POINT('',(-1.75966796875001,-30.2472793811496,45.9242934941043));
#8632=CARTESIAN_POINT('',(-0.367350260416589,-30.2119495200386,45.9596233552154));
#8633=CARTESIAN_POINT('',(-0.36735026041667,-30.2472793811496,45.9242934941043));
#8634=CARTESIAN_POINT('',(0.440418836805619,-30.2472793811496,45.9242934941042));
#8635=CARTESIAN_POINT('',(1.72514105902777,-30.2472793811496,45.9242934941042));
#8636=CARTESIAN_POINT('',(2.47830946180555,-30.2472793811496,45.9242934941042));
#8637=CARTESIAN_POINT('',(33.9999999999999,25.3650805666196,42.1715728752538));
#8638=CARTESIAN_POINT('',(33.9999999999999,-25.3650805666194,42.1715728752539));
#8639=CARTESIAN_POINT('',(30.1715728752537,-25.3650805666194,46.0000000000001));
#8640=CARTESIAN_POINT('',(30.1715728752537,25.3650805666196,46.));
#8641=CARTESIAN_POINT('',(33.9999999999999,-30.1715728752538,37.3650805666196));
#8642=CARTESIAN_POINT('',(34.,-30.1715728752539,32.));
#8643=CARTESIAN_POINT('',(-34.,-30.1715728752539,32.));
#8644=CARTESIAN_POINT('',(-33.9999999999999,-30.1715728752538,37.3650805666196));
#8645=CARTESIAN_POINT('',(25.3650805666196,30.1715728752537,46.));
#8646=CARTESIAN_POINT('',(-25.3650805666195,30.1715728752537,46.0000000000001));
#8647=CARTESIAN_POINT('',(34.0000000000001,30.1715728752538,32.));
#8648=CARTESIAN_POINT('',(34.0000000000001,30.1715728752537,37.3650805666195));
#8649=CARTESIAN_POINT('',(-34.0000000000001,30.1715728752537,37.3650805666196));
#8650=CARTESIAN_POINT('',(-34.0000000000001,30.1715728752538,32.));
#8651=CARTESIAN_POINT('',(34.0000000000001,-16.9999999999999,32.));
#8652=CARTESIAN_POINT('',(33.9999999999997,17.0000000000001,32.));
#8653=CARTESIAN_POINT('',(33.9999999999998,17.0000000000001,34.3178372451956));
#8654=CARTESIAN_POINT('',(33.9999999999999,13.517638090205,39.2426406871192));
#8655=CARTESIAN_POINT('',(33.9999999999998,-13.5176380902049,39.2426406871192));
#8656=CARTESIAN_POINT('',(34.0000000000001,-16.9999999999999,34.3178372451957));
#8657=CARTESIAN_POINT('',(33.7030151519017,-16.,29.2828427124746));
#8658=CARTESIAN_POINT('',(33.7030151519017,16.,29.2828427124746));
#8659=CARTESIAN_POINT('',(32.4858578643763,16.,30.5000000000001));
#8660=CARTESIAN_POINT('',(32.4858578643763,-16.,30.5000000000001));
#8661=CARTESIAN_POINT('',(30.3786796564417,-16.,29.7928932188136));
#8662=CARTESIAN_POINT('',(30.3786796564417,16.,29.7928932188136));
#8663=CARTESIAN_POINT('',(31.1715728752524,16.,28.999999999881));
#8664=CARTESIAN_POINT('',(31.1715728752524,-16.,28.999999999881));
#8665=CARTESIAN_POINT('',(33.9858578643762,16.,32.));
#8666=CARTESIAN_POINT('',(33.9858578643762,-16.,32.));
#8667=CARTESIAN_POINT('',(-34.8000000000017,16.,32.));
#8668=CARTESIAN_POINT('',(34.8000000000017,16.,32.));
#8669=CARTESIAN_POINT('',(34.8000000000017,-16.,32.));
#8670=CARTESIAN_POINT('',(-34.8000000000017,-16.,32.));
#8671=CARTESIAN_POINT('',(-32.9999999999997,16.0000000000001,32.));
#8672=CARTESIAN_POINT('',(-33.9858578643762,16.,32.));
#8673=CARTESIAN_POINT('',(-33.9858578643762,-16.,32.));
#8674=CARTESIAN_POINT('',(-33.0000000000001,-15.9999999999999,32.));
#8675=CARTESIAN_POINT('',(-34.0000000000001,-16.9999999999999,32.));
#8676=CARTESIAN_POINT('',(33.0000000000001,-15.9999999999999,32.));
#8677=CARTESIAN_POINT('',(32.9999999999997,16.0000000000001,32.));
#8678=CARTESIAN_POINT('',(-33.9999999999997,17.0000000000001,32.));
#8679=CARTESIAN_POINT('',(34.8000000000017,15.9999999999999,32.8));
#8680=CARTESIAN_POINT('',(34.8000000000017,-15.9999999999998,32.7999999999999));
#8681=CARTESIAN_POINT('',(-32.9999999999998,16.0000000000001,33.8284271247462));
#8682=CARTESIAN_POINT('',(-30.3786796564392,16.,31.2071067811867));
#8683=CARTESIAN_POINT('',(-30.3786796564392,16.,29.7928932188136));
#8684=CARTESIAN_POINT('',(-31.1715728752503,16.,28.9999999999002));
#8685=CARTESIAN_POINT('',(-33.5858578643779,16.,28.9999999999012));
#8686=CARTESIAN_POINT('',(-33.7030151519017,16.,29.2828427124747));
#8687=CARTESIAN_POINT('',(-32.4858578643762,16.,30.5000000000001));
#8688=CARTESIAN_POINT('',(-33.5858578643779,-16.,28.9999999999012));
#8689=CARTESIAN_POINT('',(-31.1715728752503,-16.,28.9999999999002));
#8690=CARTESIAN_POINT('',(-32.4858578643762,-16.,30.5000000000001));
#8691=CARTESIAN_POINT('',(-34.8000000000018,15.9999999999998,32.7999999999999));
#8692=CARTESIAN_POINT('',(-34.8000000000016,-16.0000000000002,32.8));
#8693=CARTESIAN_POINT('',(34.8000000000017,12.9999999999999,37.0426406871192));
#8694=CARTESIAN_POINT('',(34.8000000000018,-12.9999999999998,37.042640687119));
#8695=CARTESIAN_POINT('',(-34.8000000000018,12.9999999999998,37.0426406871191));
#8696=CARTESIAN_POINT('',(-34.8000000000016,-13.0000000000002,37.0426406871192));
#8697=CARTESIAN_POINT('',(30.3786796564418,16.,31.2071067811866));
#8698=CARTESIAN_POINT('',(30.3786796564418,-16.,31.2071067811866));
#8699=CARTESIAN_POINT('',(-30.3786796564392,-16.,29.7928932188136));
#8700=CARTESIAN_POINT('',(-30.3786796564392,-16.,31.2071067811867));
#8701=CARTESIAN_POINT('',(-33.7030151519017,-16.,29.2828427124747));
#8702=CARTESIAN_POINT('',(-33.0000000000001,-15.9999999999999,33.8284271247462));
#8703=CARTESIAN_POINT('',(33.5858578643763,16.,28.9999999998798));
#8704=CARTESIAN_POINT('',(33.5858578643763,-16.,28.9999999998798));
#8705=CARTESIAN_POINT('',(32.9999999999998,16.0000000000001,33.8284271247462));
#8706=CARTESIAN_POINT('',(33.0000000000001,-15.9999999999999,33.8284271247462));
#8707=CARTESIAN_POINT('',(33.0000000000001,-15.9999999999998,34.));
#8708=CARTESIAN_POINT('',(32.9999999999998,-12.9999999999999,38.2426406871192));
#8709=CARTESIAN_POINT('',(32.9999999999999,13.,38.2426406871192));
#8710=CARTESIAN_POINT('',(32.9999999999999,16.0000000000001,33.9999999999999));
#8711=CARTESIAN_POINT('',(-34.0000000000001,-17.,34.3178372451957));
#8712=CARTESIAN_POINT('',(-33.9999999999999,-13.5176380902051,39.2426406871194));
#8713=CARTESIAN_POINT('',(-33.9999999999999,13.5176380902051,39.2426406871194));
#8714=CARTESIAN_POINT('',(-33.9999999999997,17.0000000000002,34.3178372451957));
#8715=CARTESIAN_POINT('',(-32.9999999999997,16.0000000000002,34.));
#8716=CARTESIAN_POINT('',(-32.9999999999999,13.0000000000001,38.2426406871194));
#8717=CARTESIAN_POINT('',(-32.9999999999999,-13.0000000000001,38.2426406871194));
#8718=CARTESIAN_POINT('',(-33.0000000000001,-16.,34.));
#8719=CARTESIAN_POINT('',(-0.381935848394514,13.3445353987208,46.));
#8720=CARTESIAN_POINT('',(-0.381935848395364,13.3445353987202,46.4));
#8721=CARTESIAN_POINT('',(-0.205254212175741,-13.3484220306516,46.));
#8722=CARTESIAN_POINT('',(-0.205254212175506,-13.3484220306519,46.3999999999999));
#8723=CARTESIAN_POINT('',(-19.05,-20.,46.));
#8724=CARTESIAN_POINT('',(-20.95,-20.,46.));
#8725=CARTESIAN_POINT('',(-3.07939280030932,5.93333333333286,46.3999999999999));
#8726=CARTESIAN_POINT('',(-3.07939280030928,5.93333333333253,46.));
#8727=CARTESIAN_POINT('',(0.889758230309854,3.24929304668365,46.4000000000001));
#8728=CARTESIAN_POINT('',(-2.45244444439505,-5.93333333333323,46.4000000000001));
#8729=CARTESIAN_POINT('',(-2.45244444439506,-5.93333333333333,46.));
#8730=CARTESIAN_POINT('',(0.889758230309847,3.2492930466836,46.));
#8731=CARTESIAN_POINT('',(-5.29379909689728,-5.93333333333325,46.4));
#8732=CARTESIAN_POINT('',(-5.29379909689722,-5.93333333333339,46.));
#8733=CARTESIAN_POINT('',(-10.2398608994074,-5.93333333333323,46.4000000000002));
#8734=CARTESIAN_POINT('',(-3.37957587361524,12.915144866182,46.3999999999997));
#8735=CARTESIAN_POINT('',(-3.37957587361545,12.9151448661825,46.));
#8736=CARTESIAN_POINT('',(-10.2398608994075,-5.93333333333327,46.));
#8737=CARTESIAN_POINT('',(-7.39850624690504,-5.93333333333321,46.4));
#8738=CARTESIAN_POINT('',(-7.398506246905,-5.93333333333332,46.));
#8739=CARTESIAN_POINT('',(-3.79924504140895,3.95555555555406,46.4));
#8740=CARTESIAN_POINT('',(-3.79924504140894,3.95555555555398,46.));
#8741=CARTESIAN_POINT('',(-2.92880842767726,-13.0247679900245,46.));
#8742=CARTESIAN_POINT('',(-2.92880842767764,-13.0247679900246,46.3999999999999));
#8743=CARTESIAN_POINT('',(3.97137615222712,5.93333333333224,46.3999999999995));
#8744=CARTESIAN_POINT('',(3.97137615222709,5.93333333333177,46.));
#8745=CARTESIAN_POINT('',(8.90249659375824,5.93333333333201,46.3999999999997));
#8746=CARTESIAN_POINT('',(8.90249659375823,5.93333333333178,46.));
#8747=CARTESIAN_POINT('',(5.31817674922368,-3.95555555555555,46.4000000000001));
#8748=CARTESIAN_POINT('',(8.19758571363669,3.95555555555399,46.4000000000002));
#8749=CARTESIAN_POINT('',(8.19758571363674,3.95555555555397,46.));
#8750=CARTESIAN_POINT('',(5.31817674922374,-3.95555555555556,46.));
#8751=CARTESIAN_POINT('',(6.0928785636288,3.95555555555386,46.4000000000001));
#8752=CARTESIAN_POINT('',(6.09287856362881,3.95555555555386,46.));
#8753=CARTESIAN_POINT('',(2.49361735809877,-5.9333333333333,46.4));
#8754=CARTESIAN_POINT('',(2.49361735809877,-5.93333333333339,46.));
#8755=CARTESIAN_POINT('',(6.03926408420388,-5.93333333333328,46.4));
#8756=CARTESIAN_POINT('',(6.03926408420388,-5.93333333333333,46.));
#8757=CARTESIAN_POINT('',(10.7818818353305,3.24929304668168,46.4));
#8758=CARTESIAN_POINT('',(10.7818818353305,3.24929304668175,46.));
#8759=CARTESIAN_POINT('',(-0.989627011262484,5.93333333333295,46.3999999999998));
#8760=CARTESIAN_POINT('',(-0.989627011262488,5.93333333333275,46.));
#8761=CARTESIAN_POINT('',(15.5,-8.50668245340812E-16,46.));
#8762=CARTESIAN_POINT('',(-15.5,-9.13872298694528E-17,46.));
#8763=CARTESIAN_POINT('',(3.21346959920493,-3.95555555555568,46.));
#8764=CARTESIAN_POINT('',(7.9186493257762,-4.61737361998333,46.));
#8765=CARTESIAN_POINT('',(-1.69453789140115,3.95555555555391,46.));
#8766=CARTESIAN_POINT('',(7.91864932577619,-4.61737361998339,46.4));
#8767=CARTESIAN_POINT('',(7.9186493257762,-4.61737361998335,48.));
#8768=CARTESIAN_POINT('',(6.03926408420388,-5.93333333333333,48.));
#8769=CARTESIAN_POINT('',(2.49361735809877,-5.93333333333339,48.));
#8770=CARTESIAN_POINT('',(-0.205254212175743,-13.3484220306516,48.));
#8771=CARTESIAN_POINT('',(-0.381935848394516,13.3445353987208,48.));
#8772=CARTESIAN_POINT('',(-3.07939280030928,5.93333333333253,48.));
#8773=CARTESIAN_POINT('',(-0.989627011262489,5.93333333333275,48.));
#8774=CARTESIAN_POINT('',(0.889758230309847,3.2492930466836,48.));
#8775=CARTESIAN_POINT('',(-2.45244444439506,-5.93333333333333,48.));
#8776=CARTESIAN_POINT('',(-5.29379909689722,-5.93333333333339,48.));
#8777=CARTESIAN_POINT('',(-1.69453789140115,3.95555555555391,48.));
#8778=CARTESIAN_POINT('',(-3.79924504140894,3.95555555555398,48.));
#8779=CARTESIAN_POINT('',(-7.398506246905,-5.93333333333332,48.));
#8780=CARTESIAN_POINT('',(-10.2398608994075,-5.93333333333327,48.));
#8781=CARTESIAN_POINT('',(-3.37957587361544,12.9151448661825,48.));
#8782=CARTESIAN_POINT('',(-2.92880842767727,-13.0247679900245,48.));
#8783=CARTESIAN_POINT('',(3.97137615222709,5.93333333333177,48.));
#8784=CARTESIAN_POINT('',(8.90249659375823,5.93333333333177,48.));
#8785=CARTESIAN_POINT('',(10.7818818353305,3.24929304668175,48.));
#8786=CARTESIAN_POINT('',(15.5,-8.50668245340812E-16,47.3));
#8787=CARTESIAN_POINT('',(-15.5,-9.13872298694528E-17,47.3));
#8788=CARTESIAN_POINT('',(3.21346959920493,-3.95555555555568,47.3));
#8789=CARTESIAN_POINT('',(6.09287856362881,3.95555555555386,47.3));
#8790=CARTESIAN_POINT('',(8.19758571363674,3.95555555555398,47.3));
#8791=CARTESIAN_POINT('',(5.31817674922374,-3.95555555555556,47.3));
#8792=CARTESIAN_POINT('',(-0.205254212175739,-13.3484220306516,47.3));
#8793=CARTESIAN_POINT('',(2.49361735809877,-5.93333333333339,47.3));
#8794=CARTESIAN_POINT('',(6.03926408420388,-5.93333333333333,47.3));
#8795=CARTESIAN_POINT('',(7.9186493257762,-4.61737361998335,47.3));
#8796=CARTESIAN_POINT('',(10.7818818353305,3.24929304668175,47.3));
#8797=CARTESIAN_POINT('',(8.90249659375823,5.93333333333177,47.3));
#8798=CARTESIAN_POINT('',(3.97137615222709,5.93333333333177,47.3));
#8799=CARTESIAN_POINT('',(-2.92880842767727,-13.0247679900245,47.3));
#8800=CARTESIAN_POINT('',(-3.37957587361544,12.9151448661825,47.3));
#8801=CARTESIAN_POINT('',(-10.2398608994075,-5.93333333333327,47.3));
#8802=CARTESIAN_POINT('',(-7.398506246905,-5.93333333333332,47.3));
#8803=CARTESIAN_POINT('',(-3.79924504140894,3.95555555555398,47.3));
#8804=CARTESIAN_POINT('',(-2.94790282342896,3.95555555555395,47.3));
#8805=CARTESIAN_POINT('',(-2.54588010938126,3.95555555555398,47.3));
#8806=CARTESIAN_POINT('',(-1.69453789140115,3.95555555555391,47.3));
#8807=CARTESIAN_POINT('',(-5.29379909689722,-5.93333333333339,47.3));
#8808=CARTESIAN_POINT('',(-2.45244444439506,-5.93333333333333,47.3));
#8809=CARTESIAN_POINT('',(0.889758230309847,3.2492930466836,47.3));
#8810=CARTESIAN_POINT('',(-0.989627011262489,5.93333333333275,47.3));
#8811=CARTESIAN_POINT('',(-3.07939280030928,5.93333333333253,47.3));
#8812=CARTESIAN_POINT('',(-0.381935848394509,13.3445353987208,47.3));
#8813=CARTESIAN_POINT('',(20.95,-20.,46.));
#8814=CARTESIAN_POINT('',(19.05,-20.,46.));
#8815=CARTESIAN_POINT('',(-28.4754335021233,-27.0612199397501,46.));
#8816=CARTESIAN_POINT('',(-30.3754335021233,-28.96121993975,42.2));
#8817=CARTESIAN_POINT('',(-28.9612199397501,-30.375433502123,42.2));
#8818=CARTESIAN_POINT('',(-22.2486604814574,-23.6628740438304,42.2));
#8819=CARTESIAN_POINT('',(-23.6628740438305,-22.2486604814572,42.2));
#8820=CARTESIAN_POINT('',(-20.95,-20.,42.2));
#8821=CARTESIAN_POINT('',(-19.05,-20.,42.2));
#8822=CARTESIAN_POINT('',(-23.6628740438305,-22.2486604814573,46.));
#8823=CARTESIAN_POINT('',(-26.5,-14.5,40.6));
#8824=CARTESIAN_POINT('',(-26.5,-14.5,46.));
#8825=CARTESIAN_POINT('',(-26.5,14.5,46.));
#8826=CARTESIAN_POINT('',(-26.5,14.5,40.6));
#8827=CARTESIAN_POINT('',(28.96121993975,-30.3754335021232,42.2));
#8828=CARTESIAN_POINT('',(30.375433502123,-28.9612199397501,42.2));
#8829=CARTESIAN_POINT('',(28.4754335021231,-27.0612199397501,46.));
#8830=CARTESIAN_POINT('',(23.6628740438304,-22.2486604814574,42.2));
#8831=CARTESIAN_POINT('',(22.2486604814572,-23.6628740438305,42.2));
#8832=CARTESIAN_POINT('',(19.05,-20.,42.2));
#8833=CARTESIAN_POINT('',(20.95,-20.,42.2));
#8834=CARTESIAN_POINT('',(-3.18747549010181,-25.3,42.2));
#8835=CARTESIAN_POINT('',(-3.18747549010181,-25.3,44.2));
#8836=CARTESIAN_POINT('',(-25.3,-3.18747549010184,42.2));
#8837=CARTESIAN_POINT('',(-25.3,-3.18747549010184,44.2));
#8838=CARTESIAN_POINT('',(-14.5,-25.3,42.2));
#8839=CARTESIAN_POINT('',(-25.3,-14.5,42.2));
#8840=CARTESIAN_POINT('',(20.95,20.,46.));
#8841=CARTESIAN_POINT('',(19.05,20.,46.));
#8842=CARTESIAN_POINT('',(28.4754335021233,27.06121993975,45.9999999999999));
#8843=CARTESIAN_POINT('',(30.3754335021233,28.96121993975,42.1999999999999));
#8844=CARTESIAN_POINT('',(28.9612199397501,30.3754335021231,42.1999999999999));
#8845=CARTESIAN_POINT('',(27.0612199397501,28.4754335021231,45.9999999999999));
#8846=CARTESIAN_POINT('',(23.6628740438305,22.2486604814572,42.2));
#8847=CARTESIAN_POINT('',(23.6628740438305,22.2486604814573,46.));
#8848=CARTESIAN_POINT('',(19.05,20.,42.2));
#8849=CARTESIAN_POINT('',(20.95,20.,42.2));
#8850=CARTESIAN_POINT('',(22.2486604814574,23.6628740438303,46.));
#8851=CARTESIAN_POINT('',(22.2486604814574,23.6628740438303,42.2));
#8852=CARTESIAN_POINT('',(23.6628740438303,-22.2486604814574,46.));
#8853=CARTESIAN_POINT('',(26.5,14.5,40.6));
#8854=CARTESIAN_POINT('',(26.5,14.5,46.));
#8855=CARTESIAN_POINT('',(26.5,-14.5,46.));
#8856=CARTESIAN_POINT('',(26.5,-14.5,40.6));
#8857=CARTESIAN_POINT('',(-19.05,20.,46.));
#8858=CARTESIAN_POINT('',(-20.95,20.,46.));
#8859=CARTESIAN_POINT('',(-27.06121993975,28.4754335021232,46.));
#8860=CARTESIAN_POINT('',(14.5,26.5,46.));
#8861=CARTESIAN_POINT('',(-14.5,26.5,46.));
#8862=CARTESIAN_POINT('',(-22.2486604814573,23.6628740438305,46.));
#8863=CARTESIAN_POINT('',(-23.6628740438303,22.2486604814574,46.));
#8864=CARTESIAN_POINT('',(-28.475433502123,27.0612199397501,46.));
#8865=CARTESIAN_POINT('',(-28.96121993975,30.3754335021232,42.2));
#8866=CARTESIAN_POINT('',(-30.375433502123,28.9612199397501,42.2));
#8867=CARTESIAN_POINT('',(-22.2486604814572,23.6628740438305,42.2));
#8868=CARTESIAN_POINT('',(-20.95,20.,42.2));
#8869=CARTESIAN_POINT('',(-19.05,20.,42.2));
#8870=CARTESIAN_POINT('',(-23.6628740438303,22.2486604814574,42.2));
#8871=CARTESIAN_POINT('',(-25.3,3.18747549010184,42.2));
#8872=CARTESIAN_POINT('',(-25.3,14.5,42.2));
#8873=CARTESIAN_POINT('',(-14.5,25.3,42.2));
#8874=CARTESIAN_POINT('',(-3.18747549010184,25.3,42.2));
#8875=CARTESIAN_POINT('',(3.18747549010184,25.3,42.2));
#8876=CARTESIAN_POINT('',(14.5,25.3,42.2));
#8877=CARTESIAN_POINT('',(25.3,14.5,42.2));
#8878=CARTESIAN_POINT('',(25.3,3.1874754901018,42.2));
#8879=CARTESIAN_POINT('',(4.98470862133028,-23.9596714732501,47.4));
#8880=CARTESIAN_POINT('',(-4.9847086213302,-23.9596714732499,47.4));
#8881=CARTESIAN_POINT('',(4.98470862133028,-23.9596714732501,44.2));
#8882=CARTESIAN_POINT('',(-4.98470862133021,-23.9596714732499,44.2));
#8883=CARTESIAN_POINT('',(5.27211672898514,-23.4886296694812,47.4));
#8884=CARTESIAN_POINT('',(5.27211672898514,-23.4886296694812,44.2));
#8885=CARTESIAN_POINT('',(3.60352761804859,-17.261370330515,47.4));
#8886=CARTESIAN_POINT('',(3.60352761804859,-17.261370330515,44.2));
#8887=CARTESIAN_POINT('',(3.10741923944518,-16.9516834170043,47.4));
#8888=CARTESIAN_POINT('',(3.10741923944519,-16.9516834170043,44.2));
#8889=CARTESIAN_POINT('',(-3.10741923944818,-16.9516834170037,47.4));
#8890=CARTESIAN_POINT('',(-3.10741923944815,-16.9516834170037,44.2));
#8891=CARTESIAN_POINT('',(-3.60352761804112,-17.261370330516,47.4));
#8892=CARTESIAN_POINT('',(-3.60352761804112,-17.261370330516,44.2));
#8893=CARTESIAN_POINT('',(-5.27211672897549,-23.488629669485,47.4));
#8894=CARTESIAN_POINT('',(-5.27211672897549,-23.488629669485,44.2));
#8895=CARTESIAN_POINT('',(16.2967200331604,-18.2573298514987,47.4));
#8896=CARTESIAN_POINT('',(7.66295144008981,-23.2420384728289,47.4));
#8897=CARTESIAN_POINT('',(16.2967200331604,-18.2573298514987,44.2));
#8898=CARTESIAN_POINT('',(7.6629514400898,-23.2420384728289,44.2));
#8899=CARTESIAN_POINT('',(16.3101018537585,-17.705691629363,47.4));
#8900=CARTESIAN_POINT('',(16.3101018537585,-17.705691629363,44.2));
#8901=CARTESIAN_POINT('',(11.7514316257262,-13.1470214013329,47.4));
#8902=CARTESIAN_POINT('',(11.7514316257262,-13.1470214013329,44.2));
#8903=CARTESIAN_POINT('',(11.1669457100702,-13.1268788563146,47.4));
#8904=CARTESIAN_POINT('',(11.1669457100702,-13.1268788563146,44.2));
#8905=CARTESIAN_POINT('',(5.78473770693117,-16.2342980957609,47.4));
#8906=CARTESIAN_POINT('',(5.78473770693117,-16.2342980957609,44.2));
#8907=CARTESIAN_POINT('',(5.50993870479542,-16.7505490193785,47.4));
#8908=CARTESIAN_POINT('',(5.50993870479542,-16.7505490193785,44.2));
#8909=CARTESIAN_POINT('',(7.17852781573274,-22.9778083583465,47.4));
#8910=CARTESIAN_POINT('',(7.17852781573273,-22.9778083583465,44.2));
#8911=CARTESIAN_POINT('',(25.3,-3.18747549010181,42.2));
#8912=CARTESIAN_POINT('',(25.3,-3.18747549010181,44.2));
#8913=CARTESIAN_POINT('',(3.18747549010179,-25.3,42.2));
#8914=CARTESIAN_POINT('',(3.18747549010179,-25.3,44.2));
#8915=CARTESIAN_POINT('',(23.2420384728288,-7.66295144008959,47.4));
#8916=CARTESIAN_POINT('',(18.2573298514987,-16.2967200331603,47.4));
#8917=CARTESIAN_POINT('',(23.2420384728288,-7.6629514400896,44.2));
#8918=CARTESIAN_POINT('',(18.2573298514987,-16.2967200331603,44.2));
#8919=CARTESIAN_POINT('',(22.9778083583477,-7.17852781572242,47.4));
#8920=CARTESIAN_POINT('',(22.9778083583477,-7.17852781572242,44.2));
#8921=CARTESIAN_POINT('',(16.7505490193811,-5.50993870478879,47.4));
#8922=CARTESIAN_POINT('',(16.7505490193811,-5.50993870478879,44.2));
#8923=CARTESIAN_POINT('',(16.2342980957598,-5.78473770693433,47.4));
#8924=CARTESIAN_POINT('',(16.2342980957598,-5.78473770693432,44.2));
#8925=CARTESIAN_POINT('',(13.1268788563126,-11.1669457100726,47.4));
#8926=CARTESIAN_POINT('',(13.1268788563126,-11.1669457100726,44.2));
#8927=CARTESIAN_POINT('',(13.1470214013372,-11.7514316257204,47.4));
#8928=CARTESIAN_POINT('',(13.1470214013372,-11.7514316257204,44.2));
#8929=CARTESIAN_POINT('',(17.7056916293709,-16.3101018537521,47.4));
#8930=CARTESIAN_POINT('',(17.7056916293709,-16.3101018537521,44.2));
#8931=CARTESIAN_POINT('',(23.9596714732501,4.98470862133027,47.4));
#8932=CARTESIAN_POINT('',(23.95967147325,-4.98470862133019,47.4));
#8933=CARTESIAN_POINT('',(23.9596714732501,4.98470862133027,44.2));
#8934=CARTESIAN_POINT('',(23.95967147325,-4.98470862133019,44.2));
#8935=CARTESIAN_POINT('',(23.4886296694812,5.27211672898514,47.4));
#8936=CARTESIAN_POINT('',(23.4886296694812,5.27211672898514,44.2));
#8937=CARTESIAN_POINT('',(17.2613703305148,3.60352761804854,47.4));
#8938=CARTESIAN_POINT('',(17.2613703305148,3.60352761804855,44.2));
#8939=CARTESIAN_POINT('',(16.9516834170042,3.10741923944512,47.4));
#8940=CARTESIAN_POINT('',(16.9516834170042,3.10741923944514,44.2));
#8941=CARTESIAN_POINT('',(16.9516834170037,-3.10741923944818,47.4));
#8942=CARTESIAN_POINT('',(16.9516834170037,-3.10741923944814,44.2));
#8943=CARTESIAN_POINT('',(17.261370330516,-3.60352761804101,47.4));
#8944=CARTESIAN_POINT('',(17.2613703305161,-3.60352761804106,44.2));
#8945=CARTESIAN_POINT('',(23.4886296694851,-5.27211672897537,47.4));
#8946=CARTESIAN_POINT('',(23.4886296694851,-5.27211672897537,44.2));
#8947=CARTESIAN_POINT('',(18.2573298514988,16.2967200331604,47.4));
#8948=CARTESIAN_POINT('',(23.2420384728289,7.66295144008984,47.4));
#8949=CARTESIAN_POINT('',(18.2573298514988,16.2967200331603,44.2));
#8950=CARTESIAN_POINT('',(23.2420384728289,7.66295144008984,44.2));
#8951=CARTESIAN_POINT('',(17.7056916293631,16.3101018537585,47.4));
#8952=CARTESIAN_POINT('',(17.7056916293631,16.3101018537585,44.2));
#8953=CARTESIAN_POINT('',(13.1470214013329,11.7514316257261,47.4));
#8954=CARTESIAN_POINT('',(13.1470214013328,11.7514316257261,44.2));
#8955=CARTESIAN_POINT('',(13.1268788563147,11.16694571007,47.4));
#8956=CARTESIAN_POINT('',(13.1268788563147,11.16694571007,44.2));
#8957=CARTESIAN_POINT('',(16.2342980957607,5.78473770693119,47.4));
#8958=CARTESIAN_POINT('',(16.2342980957607,5.78473770693119,44.2));
#8959=CARTESIAN_POINT('',(16.7505490193783,5.50993870479543,47.4));
#8960=CARTESIAN_POINT('',(16.7505490193783,5.50993870479543,44.2));
#8961=CARTESIAN_POINT('',(22.9778083583464,7.17852781573279,47.4));
#8962=CARTESIAN_POINT('',(22.9778083583464,7.17852781573279,44.2));
#8963=CARTESIAN_POINT('',(3.18747549010184,25.3,44.2));
#8964=CARTESIAN_POINT('',(25.3,3.1874754901018,44.2));
#8965=CARTESIAN_POINT('',(7.66295144008971,23.2420384728291,47.4));
#8966=CARTESIAN_POINT('',(16.2967200331603,18.2573298514987,47.4));
#8967=CARTESIAN_POINT('',(7.66295144008971,23.2420384728291,44.2));
#8968=CARTESIAN_POINT('',(16.2967200331603,18.2573298514987,44.2));
#8969=CARTESIAN_POINT('',(7.17852781573305,22.9778083583465,47.4));
#8970=CARTESIAN_POINT('',(7.17852781573305,22.9778083583465,44.2));
#8971=CARTESIAN_POINT('',(5.50993870479722,16.7505490193779,47.4));
#8972=CARTESIAN_POINT('',(5.50993870479722,16.7505490193779,44.2));
#8973=CARTESIAN_POINT('',(5.7847377069343,16.2342980957598,47.4));
#8974=CARTESIAN_POINT('',(5.78473770693425,16.2342980957598,44.2));
#8975=CARTESIAN_POINT('',(11.1669457100725,13.1268788563126,47.4));
#8976=CARTESIAN_POINT('',(11.1669457100725,13.1268788563126,44.2));
#8977=CARTESIAN_POINT('',(11.7514316257202,13.1470214013373,47.4));
#8978=CARTESIAN_POINT('',(11.7514316257202,13.1470214013373,44.2));
#8979=CARTESIAN_POINT('',(16.3101018537521,17.705691629371,47.4));
#8980=CARTESIAN_POINT('',(16.3101018537521,17.705691629371,44.2));
#8981=CARTESIAN_POINT('',(-4.98470862133019,23.9596714732499,47.4));
#8982=CARTESIAN_POINT('',(4.98470862133029,23.9596714732498,47.4));
#8983=CARTESIAN_POINT('',(-4.98470862133017,23.9596714732499,44.2));
#8984=CARTESIAN_POINT('',(4.98470862133029,23.9596714732498,44.2));
#8985=CARTESIAN_POINT('',(-5.27211672897517,23.4886296694849,47.4));
#8986=CARTESIAN_POINT('',(-5.27211672897517,23.4886296694849,44.2));
#8987=CARTESIAN_POINT('',(-3.60352761803955,17.2613703305164,47.4));
#8988=CARTESIAN_POINT('',(-3.60352761803955,17.2613703305164,44.2));
#8989=CARTESIAN_POINT('',(-3.10741923944512,16.9516834170045,47.4));
#8990=CARTESIAN_POINT('',(-3.1074192394451,16.9516834170045,44.2));
#8991=CARTESIAN_POINT('',(3.10741923944822,16.9516834170038,47.4));
#8992=CARTESIAN_POINT('',(3.10741923944821,16.9516834170038,44.2));
#8993=CARTESIAN_POINT('',(3.60352761804103,17.2613703305162,47.4));
#8994=CARTESIAN_POINT('',(3.60352761804103,17.2613703305162,44.2));
#8995=CARTESIAN_POINT('',(5.27211672897546,23.4886296694849,47.4));
#8996=CARTESIAN_POINT('',(5.27211672897546,23.4886296694849,44.2));
#8997=CARTESIAN_POINT('',(-16.2967200331603,18.2573298514988,47.4));
#8998=CARTESIAN_POINT('',(-7.66295144008957,23.242038472829,47.4));
#8999=CARTESIAN_POINT('',(-16.2967200331604,18.2573298514988,44.2));
#9000=CARTESIAN_POINT('',(-7.66295144008957,23.242038472829,44.2));
#9001=CARTESIAN_POINT('',(-16.3101018537519,17.7056916293715,47.4));
#9002=CARTESIAN_POINT('',(-16.3101018537519,17.7056916293715,44.2));
#9003=CARTESIAN_POINT('',(-11.7514316257192,13.1470214013386,47.4));
#9004=CARTESIAN_POINT('',(-11.7514316257192,13.1470214013386,44.2));
#9005=CARTESIAN_POINT('',(-11.1669457100702,13.1268788563146,47.4));
#9006=CARTESIAN_POINT('',(-11.1669457100703,13.1268788563146,44.2));
#9007=CARTESIAN_POINT('',(-5.78473770693134,16.2342980957607,47.4));
#9008=CARTESIAN_POINT('',(-5.78473770693133,16.2342980957607,44.2));
#9009=CARTESIAN_POINT('',(-5.50993870479449,16.7505490193787,47.4));
#9010=CARTESIAN_POINT('',(-5.50993870479449,16.7505490193787,44.2));
#9011=CARTESIAN_POINT('',(-7.17852781573279,22.9778083583465,47.4));
#9012=CARTESIAN_POINT('',(-7.17852781573279,22.9778083583465,44.2));
#9013=CARTESIAN_POINT('',(-25.3,3.18747549010184,44.2));
#9014=CARTESIAN_POINT('',(-3.18747549010184,25.3,44.2));
#9015=CARTESIAN_POINT('',(-23.2420384728289,7.66295144008981,47.4));
#9016=CARTESIAN_POINT('',(-18.2573298514986,16.2967200331604,47.4));
#9017=CARTESIAN_POINT('',(-23.2420384728289,7.6629514400898,44.2));
#9018=CARTESIAN_POINT('',(-18.2573298514986,16.2967200331603,44.2));
#9019=CARTESIAN_POINT('',(-22.9778083583462,7.17852781573337,47.4));
#9020=CARTESIAN_POINT('',(-22.9778083583462,7.17852781573337,44.2));
#9021=CARTESIAN_POINT('',(-16.7505490193777,5.5099387047973,47.4));
#9022=CARTESIAN_POINT('',(-16.7505490193777,5.5099387047973,44.2));
#9023=CARTESIAN_POINT('',(-16.2342980957597,5.78473770693418,47.4));
#9024=CARTESIAN_POINT('',(-16.2342980957598,5.78473770693414,44.2));
#9025=CARTESIAN_POINT('',(-13.1268788563126,11.1669457100725,47.4));
#9026=CARTESIAN_POINT('',(-13.1268788563126,11.1669457100725,44.2));
#9027=CARTESIAN_POINT('',(-13.1470214013365,11.7514316257214,47.4));
#9028=CARTESIAN_POINT('',(-13.1470214013365,11.7514316257214,44.2));
#9029=CARTESIAN_POINT('',(-17.705691629371,16.3101018537521,47.4));
#9030=CARTESIAN_POINT('',(-17.705691629371,16.3101018537521,44.2));
#9031=CARTESIAN_POINT('',(-23.95967147325,-4.98470862133013,47.4));
#9032=CARTESIAN_POINT('',(-23.9596714732501,4.98470862133028,47.4));
#9033=CARTESIAN_POINT('',(-23.95967147325,-4.98470862133013,44.2));
#9034=CARTESIAN_POINT('',(-23.9596714732501,4.98470862133029,44.2));
#9035=CARTESIAN_POINT('',(-23.4886296694849,-5.2721167289751,47.4));
#9036=CARTESIAN_POINT('',(-23.4886296694849,-5.2721167289751,44.2));
#9037=CARTESIAN_POINT('',(-17.2613703305163,-3.60352761803964,47.4));
#9038=CARTESIAN_POINT('',(-17.2613703305163,-3.60352761803964,44.2));
#9039=CARTESIAN_POINT('',(-16.9516834170043,-3.10741923944517,47.4));
#9040=CARTESIAN_POINT('',(-16.9516834170043,-3.10741923944521,44.2));
#9041=CARTESIAN_POINT('',(-16.9516834170039,3.10741923944811,47.4));
#9042=CARTESIAN_POINT('',(-16.9516834170039,3.1074192394481,44.2));
#9043=CARTESIAN_POINT('',(-17.261370330516,3.60352761804221,47.4));
#9044=CARTESIAN_POINT('',(-17.261370330516,3.60352761804221,44.2));
#9045=CARTESIAN_POINT('',(-23.4886296694852,5.27211672897532,47.4));
#9046=CARTESIAN_POINT('',(-23.4886296694852,5.27211672897532,44.2));
#9047=CARTESIAN_POINT('',(-18.2573298514987,-16.2967200331604,47.4));
#9048=CARTESIAN_POINT('',(-23.2420384728289,-7.66295144008973,47.4));
#9049=CARTESIAN_POINT('',(-18.2573298514987,-16.2967200331604,44.2));
#9050=CARTESIAN_POINT('',(-23.2420384728289,-7.66295144008976,44.2));
#9051=CARTESIAN_POINT('',(-17.7056916293714,-16.3101018537518,47.4));
#9052=CARTESIAN_POINT('',(-17.7056916293714,-16.3101018537518,44.2));
#9053=CARTESIAN_POINT('',(-13.1470214013386,-11.751431625719,47.4));
#9054=CARTESIAN_POINT('',(-13.1470214013386,-11.751431625719,44.2));
#9055=CARTESIAN_POINT('',(-13.1268788563147,-11.1669457100701,47.4));
#9056=CARTESIAN_POINT('',(-13.1268788563147,-11.1669457100701,44.2));
#9057=CARTESIAN_POINT('',(-16.2342980957608,-5.78473770693124,47.4));
#9058=CARTESIAN_POINT('',(-16.2342980957608,-5.78473770693125,44.2));
#9059=CARTESIAN_POINT('',(-16.7505490193788,-5.50993870479439,47.4));
#9060=CARTESIAN_POINT('',(-16.7505490193788,-5.50993870479439,44.2));
#9061=CARTESIAN_POINT('',(-22.9778083583464,-7.17852781573297,47.4));
#9062=CARTESIAN_POINT('',(-22.9778083583464,-7.17852781573297,44.2));
#9063=CARTESIAN_POINT('',(-7.6629514400897,-23.242038472829,47.4));
#9064=CARTESIAN_POINT('',(-16.2967200331603,-18.2573298514987,47.4));
#9065=CARTESIAN_POINT('',(-7.6629514400897,-23.242038472829,44.2));
#9066=CARTESIAN_POINT('',(-16.2967200331603,-18.2573298514987,44.2));
#9067=CARTESIAN_POINT('',(-7.17852781573322,-22.9778083583463,47.4));
#9068=CARTESIAN_POINT('',(-7.17852781573322,-22.9778083583463,44.2));
#9069=CARTESIAN_POINT('',(-5.5099387047973,-16.7505490193777,47.4));
#9070=CARTESIAN_POINT('',(-5.5099387047973,-16.7505490193777,44.2));
#9071=CARTESIAN_POINT('',(-5.7847377069342,-16.2342980957597,47.4));
#9072=CARTESIAN_POINT('',(-5.78473770693421,-16.2342980957597,44.2));
#9073=CARTESIAN_POINT('',(-11.1669457100725,-13.1268788563126,47.4));
#9074=CARTESIAN_POINT('',(-11.1669457100725,-13.1268788563126,44.2));
#9075=CARTESIAN_POINT('',(-11.7514316257214,-13.1470214013364,47.4));
#9076=CARTESIAN_POINT('',(-11.7514316257214,-13.1470214013364,44.2));
#9077=CARTESIAN_POINT('',(-16.3101018537521,-17.705691629371,47.4));
#9078=CARTESIAN_POINT('',(-16.3101018537521,-17.705691629371,44.2));
#9079=CARTESIAN_POINT('',(15.5,-4.71027737605132E-16,45.2));
#9080=CARTESIAN_POINT('',(-14.8158803146581,4.55408503452958,45.2));
#9081=CARTESIAN_POINT('',(-15.5,-7.85046229341887E-16,45.2));
#9082=CARTESIAN_POINT('',(-15.7717435607651,4.84789697224117,44.2));
#9083=CARTESIAN_POINT('',(15.7717435607651,-4.84789697224117,44.2));
#9084=CARTESIAN_POINT('',(14.8158803146581,-4.55408503452958,45.2));
#9085=CARTESIAN_POINT('',(-1.69453789140123,3.95555555555401,46.3999999999999));
#9086=CARTESIAN_POINT('',(-2.54588010938135,3.95555555555408,47.1999999999999));
#9087=CARTESIAN_POINT('',(-2.94790282342895,3.95555555555402,47.2));
#9088=CARTESIAN_POINT('',(-10.5907847783921,-6.73333333333323,47.2));
#9089=CARTESIAN_POINT('',(-11.0304016975246,-6.48687595943872,46.9535426261057));
#9090=CARTESIAN_POINT('',(-6.83834021633601,-6.73333333333318,47.2));
#9091=CARTESIAN_POINT('',(-3.43311566953402,-12.0712972293621,47.1999999999999));
#9092=CARTESIAN_POINT('',(3.41121012165945,6.73333333333287,47.1999999999996));
#9093=CARTESIAN_POINT('',(-11.0780938797522,-5.8973159989438,47.2000000000001));
#9094=CARTESIAN_POINT('',(-4.69559060245801,11.6384676351359,47.1999999999994));
#9095=CARTESIAN_POINT('',(8.90249659375824,6.73333333333252,47.1999999999997));
#9096=CARTESIAN_POINT('',(11.5336359319594,2.97567693202159,47.2));
#9097=CARTESIAN_POINT('',(8.6704034224051,-4.8909897346435,47.2));
#9098=CARTESIAN_POINT('',(6.03926408420388,-6.73333333333322,47.2));
#9099=CARTESIAN_POINT('',(3.05378338866589,-6.7333333333332,47.2));
#9100=CARTESIAN_POINT('',(0.94978983163874,-12.5140081219297,47.1999999999999));
#9101=CARTESIAN_POINT('',(0.179750585346262,12.5487126721053,47.2));
#9102=CARTESIAN_POINT('',(-1.9368743949182,6.73333333333353,47.1999999999999));
#9103=CARTESIAN_POINT('',(-0.989627011262483,6.73333333333347,47.1999999999999));
#9104=CARTESIAN_POINT('',(1.64151232693883,2.97567693202374,47.2000000000001));
#9105=CARTESIAN_POINT('',(-1.89227841382676,-6.73333333333319,47.2000000000001));
#9106=CARTESIAN_POINT('',(-6.43631750228835,-6.73333333333313,47.2));
#9107=CARTESIAN_POINT('',(3.21346959920491,-3.95555555555568,46.4));
#9108=CARTESIAN_POINT('',(4.75801071865556,-3.15555555555552,47.2000000000001));
#9109=CARTESIAN_POINT('',(7.05506730824335,3.15555555555414,47.2000000000002));
#9110=CARTESIAN_POINT('',(6.65304459419596,3.15555555555403,47.2000000000001));
#9111=CARTESIAN_POINT('',(4.3559880045995,-3.15555555555562,47.2));
#9112=CARTESIAN_POINT('',(-14.5,-25.3,40.6));
#9113=CARTESIAN_POINT('',(14.5,-25.3,42.2));
#9114=CARTESIAN_POINT('',(14.5,-25.3,40.6));
#9115=CARTESIAN_POINT('',(25.3,-14.5,42.2));
#9116=CARTESIAN_POINT('',(25.3,-14.5,40.6));
#9117=CARTESIAN_POINT('',(25.3,14.5,40.6));
#9118=CARTESIAN_POINT('',(14.5,25.3,40.6));
#9119=CARTESIAN_POINT('',(-14.5,25.3,40.6));
#9120=CARTESIAN_POINT('',(-25.3,14.5,40.6));
#9121=CARTESIAN_POINT('',(-25.3,-14.5,40.6));
#9122=CARTESIAN_POINT('',(14.5,-26.5,40.6));
#9123=CARTESIAN_POINT('',(14.5,26.5,40.6));
#9124=CARTESIAN_POINT('',(-14.5,26.5,40.6));
#9125=CARTESIAN_POINT('',(-14.5,-26.5,40.6));
#9126=CARTESIAN_POINT('',(-2.54588010938127,3.95555555555399,47.4));
#9127=CARTESIAN_POINT('',(-2.94790282342895,3.95555555555394,47.4));
#9128=CARTESIAN_POINT('',(-6.4363175022883,-6.73333333333323,47.4));
#9129=CARTESIAN_POINT('',(-1.89227841382677,-6.73333333333328,47.4));
#9130=CARTESIAN_POINT('',(1.64151232693882,2.97567693202368,47.4));
#9131=CARTESIAN_POINT('',(-0.989627011262488,6.73333333333343,47.4));
#9132=CARTESIAN_POINT('',(-1.93687439491815,6.73333333333344,47.4));
#9133=CARTESIAN_POINT('',(0.179750585347179,12.5487126721058,47.4));
#9134=CARTESIAN_POINT('',(0.949789831638416,-12.5140081219294,47.4));
#9135=CARTESIAN_POINT('',(3.05378338866585,-6.73333333333326,47.4));
#9136=CARTESIAN_POINT('',(6.03926408420388,-6.73333333333325,47.4));
#9137=CARTESIAN_POINT('',(8.67040342240512,-4.89098973464346,47.4));
#9138=CARTESIAN_POINT('',(11.5336359319595,2.97567693202163,47.4));
#9139=CARTESIAN_POINT('',(8.90249659375823,6.73333333333237,47.4));
#9140=CARTESIAN_POINT('',(3.41121012165945,6.73333333333264,47.4));
#9141=CARTESIAN_POINT('',(-3.43311566953362,-12.0712972293621,47.4));
#9142=CARTESIAN_POINT('',(-10.5907847783921,-6.73333333333326,47.4));
#9143=CARTESIAN_POINT('',(-6.83834021633598,-6.73333333333328,47.4));
#9144=CARTESIAN_POINT('',(4.75801071865559,-3.15555555555551,47.4));
#9145=CARTESIAN_POINT('',(4.35598800459948,-3.1555555555556,47.4));
#9146=CARTESIAN_POINT('',(6.65304459419594,3.15555555555409,47.4));
#9147=CARTESIAN_POINT('',(7.05506730824338,3.15555555555418,47.4));
#9148=CARTESIAN_POINT('',(-11.0780938797523,-5.8973159989438,47.4));
#9149=CARTESIAN_POINT('',(-4.69559060245868,11.6384676351358,47.4));
#9150=CARTESIAN_POINT('',(1.72514105902777,-30.2472793811495,45.6));
#9151=CARTESIAN_POINT('',(2.47830946180555,-30.2472793811495,45.6));
#9152=CARTESIAN_POINT('',(-0.367350260416589,-30.2119495200386,45.6));
#9153=CARTESIAN_POINT('',(-0.36735026041667,-30.2472793811495,45.6));
#9154=CARTESIAN_POINT('',(0.44041883680564,-30.2472793811496,45.6));
#9155=CARTESIAN_POINT('',(1.12533637152782,-28.9095623672608,45.6));
#9156=CARTESIAN_POINT('',(1.72514105902777,-28.9095623672607,45.6));
#9157=CARTESIAN_POINT('',(2.47830946180555,-26.5938505617051,45.6));
#9158=CARTESIAN_POINT('',(0.422753906250093,-28.7192628880941,45.6));
#9159=CARTESIAN_POINT('',(1.12051866039002,-26.5938505617051,45.6));
#9160=CARTESIAN_POINT('',(0.12204861077172,-26.8825115862896,45.6));
#9161=CARTESIAN_POINT('',(-0.229242621527781,-27.6979087214525,45.6));
#9162=CARTESIAN_POINT('',(-0.0674479165340864,-28.3214004751038,45.6));
#9163=CARTESIAN_POINT('',(1.72514105902777,-28.300122263094,46.));
#9164=CARTESIAN_POINT('',(1.72514105902777,-27.2032906658718,46.));
#9165=CARTESIAN_POINT('',(1.72514105902777,-27.2032906658718,45.6));
#9166=CARTESIAN_POINT('',(1.72514105902777,-28.300122263094,45.6));
#9167=CARTESIAN_POINT('',(1.11810980902777,-28.300122263094,46.));
#9168=CARTESIAN_POINT('',(1.11810980902777,-28.300122263094,45.6));
#9169=CARTESIAN_POINT('',(0.678895399307571,-28.1559924887903,46.));
#9170=CARTESIAN_POINT('',(0.67889539930757,-28.1559924887903,45.6));
#9171=CARTESIAN_POINT('',(0.523122829861109,-27.758130075554,45.6));
#9172=CARTESIAN_POINT('',(0.523122829861109,-27.758130075554,46.));
#9173=CARTESIAN_POINT('',(0.670062933955942,-27.3514351971943,45.6));
#9174=CARTESIAN_POINT('',(0.670062933955942,-27.3514351971943,46.));
#9175=CARTESIAN_POINT('',(1.12051866200158,-27.2032906658718,45.6));
#9176=CARTESIAN_POINT('',(1.12051866200158,-27.2032906658718,46.));
#9177=CARTESIAN_POINT('',(-2.48473307291667,-26.5890328533718,45.6));
#9178=CARTESIAN_POINT('',(-2.48473307291667,-30.2472793811495,45.6));
#9179=CARTESIAN_POINT('',(-1.75966796875001,-30.2472793811495,45.6));
#9180=CARTESIAN_POINT('',(-1.75966796875006,-27.4522055964275,45.6));
#9181=CARTESIAN_POINT('',(-0.894086371527829,-27.7203913603164,45.6));
#9182=CARTESIAN_POINT('',(-0.89408637152771,-27.1310250408718,45.6));
#9183=CARTESIAN_POINT('',(-2.40684678819438,-26.5890328533718,45.6));
#9184=CARTESIAN_POINT('',(-30.9999999999999,-36.0000000000001,42.));
#9185=CARTESIAN_POINT('',(-20.1230223878456,-42.9999999999998,42.));
#9186=CARTESIAN_POINT('',(-7.18823820041899,-42.9999999999999,42.));
#9187=CARTESIAN_POINT('',(-7.18823820041899,-42.9999999999999,42.));
#9188=CARTESIAN_POINT('',(-7.18823820041899,-36.9999999999998,48.));
#9189=CARTESIAN_POINT('',(-7.18823820041899,-36.9999999999998,48.));
#9190=CARTESIAN_POINT('',(-20.5707397836733,-36.9999999999998,48.));
#9191=CARTESIAN_POINT('',(-31.0000000000001,-28.6141857899217,47.9999999999999));
#9192=CARTESIAN_POINT('',(-36.0000000000001,-30.9199370614071,42.9999999999999));
#9193=CARTESIAN_POINT('',(-36.,-30.9466238855138,42.9801897268405));
#9194=CARTESIAN_POINT('',(-36.,-30.9733115072309,42.9603677079227));
#9195=CARTESIAN_POINT('',(-35.9999999999999,-31.0000000000001,42.9405339327598));
#9196=CARTESIAN_POINT('',(7.18823820041898,-42.9999999999999,42.));
#9197=CARTESIAN_POINT('',(7.18823820041898,-36.9999999999999,48.));
#9198=CARTESIAN_POINT('',(7.18823820041898,-36.9999999999999,48.));
#9199=CARTESIAN_POINT('',(-7.18823820041899,-36.9999999999998,48.));
#9200=CARTESIAN_POINT('',(-7.18823820041899,-42.9999999999999,42.));
#9201=CARTESIAN_POINT('',(7.18823820041898,-42.9999999999999,42.));
#9202=CARTESIAN_POINT('',(30.9999999999999,-28.6141857899217,48.0000000000001));
#9203=CARTESIAN_POINT('',(20.5707397836732,-36.9999999999998,48.));
#9204=CARTESIAN_POINT('',(7.18823820041898,-36.9999999999999,48.));
#9205=CARTESIAN_POINT('',(7.18823820041898,-42.9999999999999,42.));
#9206=CARTESIAN_POINT('',(20.1230223878456,-42.9999999999998,42.));
#9207=CARTESIAN_POINT('',(30.9999999999999,-36.0000000000001,42.));
#9208=CARTESIAN_POINT('',(35.9999999999999,-31.0000000000001,42.9405339327598));
#9209=CARTESIAN_POINT('',(35.9999999999999,-30.9733115072309,42.9603677079227));
#9210=CARTESIAN_POINT('',(35.9999999999999,-30.9466238855138,42.9801897268406));
#9211=CARTESIAN_POINT('',(35.9999999999999,-30.9199370614071,43.0000000000001));
#9212=CARTESIAN_POINT('',(-31.0000000000001,-28.6141857899217,47.9999999999999));
#9213=CARTESIAN_POINT('',(-33.4063222499707,-29.7670614256641,45.5936777500293));
#9214=CARTESIAN_POINT('',(-36.0000000000001,-30.9199370614071,42.9999999999999));
#9215=CARTESIAN_POINT('',(-31.0000000000001,-28.6141857899217,47.9999999999999));
#9216=CARTESIAN_POINT('',(-31.0000000000001,26.0007550570111,47.9999999999999));
#9217=CARTESIAN_POINT('',(-31.0000000000001,26.0007550570111,47.9999999999999));
#9218=CARTESIAN_POINT('',(-36.0000000000001,26.0007550570111,42.9999999999999));
#9219=CARTESIAN_POINT('',(-36.0000000000001,26.0007550570111,42.9999999999999));
#9220=CARTESIAN_POINT('',(-36.0000000000001,-30.9199370614071,42.9999999999999));
#9221=CARTESIAN_POINT('',(30.9999999999999,-28.6141857899217,48.0000000000001));
#9222=CARTESIAN_POINT('',(30.9999999999999,26.0007550570111,48.0000000000001));
#9223=CARTESIAN_POINT('',(30.9999999999999,26.0007550570111,48.0000000000001));
#9224=CARTESIAN_POINT('',(26.0007550570111,31.,48.0000000000001));
#9225=CARTESIAN_POINT('',(26.0007550570111,31.,48.0000000000001));
#9226=CARTESIAN_POINT('',(-26.0007550570111,30.9999999999999,48.));
#9227=CARTESIAN_POINT('',(-26.0007550570111,30.9999999999999,48.));
#9228=CARTESIAN_POINT('',(-31.0000000000001,26.0007550570111,47.9999999999999));
#9229=CARTESIAN_POINT('',(35.9999999999999,-30.9199370614071,43.0000000000001));
#9230=CARTESIAN_POINT('',(33.4063222499731,-29.7670614256654,45.5936777500269));
#9231=CARTESIAN_POINT('',(30.9999999999999,-28.6141857899217,48.0000000000001));
#9232=CARTESIAN_POINT('',(35.9999999999999,-30.9199370614071,43.0000000000001));
#9233=CARTESIAN_POINT('',(35.9999999999999,26.0007550570111,43.0000000000001));
#9234=CARTESIAN_POINT('',(35.9999999999999,26.0007550570111,43.0000000000001));
#9235=CARTESIAN_POINT('',(30.9999999999999,26.0007550570111,48.0000000000001));
#9236=CARTESIAN_POINT('',(35.9999999999999,-31.0000000000001,42.9405339327598));
#9237=CARTESIAN_POINT('',(35.9999999999999,-31.0000000000001,32.));
#9238=CARTESIAN_POINT('',(35.9999999999999,-31.0000000000001,32.));
#9239=CARTESIAN_POINT('',(36.,-16.,32.));
#9240=CARTESIAN_POINT('',(36.,-16.,32.));
#9241=CARTESIAN_POINT('',(36.0000000000001,-15.9999999999998,33.9999999999999));
#9242=CARTESIAN_POINT('',(36.0000000000001,-12.9999999999998,38.242640687119));
#9243=CARTESIAN_POINT('',(36.0000000000001,12.9999999999999,38.2426406871192));
#9244=CARTESIAN_POINT('',(36.,15.9999999999999,34.));
#9245=CARTESIAN_POINT('',(36.,16.,32.));
#9246=CARTESIAN_POINT('',(36.,16.,32.));
#9247=CARTESIAN_POINT('',(36.0000000000001,30.9999999999999,32.));
#9248=CARTESIAN_POINT('',(36.0000000000001,30.9999999999999,32.));
#9249=CARTESIAN_POINT('',(36.,31.,38.0007550570111));
#9250=CARTESIAN_POINT('',(36.,31.,38.0007550570111));
#9251=CARTESIAN_POINT('',(35.9999999999999,26.0007550570111,43.0000000000001));
#9252=CARTESIAN_POINT('',(7.18823820041898,-42.9999999999999,42.));
#9253=CARTESIAN_POINT('',(7.18823820041899,-42.9999999999999,32.));
#9254=CARTESIAN_POINT('',(7.18823820041898,-42.9999999999999,32.));
#9255=CARTESIAN_POINT('',(20.1230223878456,-42.9999999999998,32.));
#9256=CARTESIAN_POINT('',(30.9999999999999,-36.0000000000001,32.));
#9257=CARTESIAN_POINT('',(30.9999999999999,-36.0000000000001,32.));
#9258=CARTESIAN_POINT('',(30.9999999999999,-36.0000000000001,42.));
#9259=CARTESIAN_POINT('',(-7.18823820041899,-42.9999999999999,42.));
#9260=CARTESIAN_POINT('',(-7.18823820041898,-42.9999999999999,32.));
#9261=CARTESIAN_POINT('',(-7.18823820041898,-42.9999999999999,32.));
#9262=CARTESIAN_POINT('',(7.18823820041899,-42.9999999999999,32.));
#9263=CARTESIAN_POINT('',(-30.9999999999999,-36.0000000000001,42.));
#9264=CARTESIAN_POINT('',(-30.9999999999999,-36.0000000000001,32.));
#9265=CARTESIAN_POINT('',(-30.9999999999999,-36.0000000000001,32.));
#9266=CARTESIAN_POINT('',(-20.1230223878456,-42.9999999999998,32.));
#9267=CARTESIAN_POINT('',(-7.18823820041898,-42.9999999999999,32.));
#9268=CARTESIAN_POINT('',(-36.0000000000001,30.9999999999999,38.0007550570111));
#9269=CARTESIAN_POINT('',(-36.0000000000001,30.9999999999999,32.));
#9270=CARTESIAN_POINT('',(-36.0000000000001,30.9999999999999,32.));
#9271=CARTESIAN_POINT('',(-36.,16.,32.));
#9272=CARTESIAN_POINT('',(-36.,16.,32.));
#9273=CARTESIAN_POINT('',(-36.0000000000001,15.9999999999998,33.9999999999999));
#9274=CARTESIAN_POINT('',(-36.0000000000002,12.9999999999998,38.2426406871191));
#9275=CARTESIAN_POINT('',(-36.,-13.0000000000002,38.2426406871192));
#9276=CARTESIAN_POINT('',(-35.9999999999999,-16.0000000000002,34.));
#9277=CARTESIAN_POINT('',(-36.,-16.,32.));
#9278=CARTESIAN_POINT('',(-36.,-16.,32.));
#9279=CARTESIAN_POINT('',(-35.9999999999999,-31.0000000000001,32.));
#9280=CARTESIAN_POINT('',(-35.9999999999999,-31.0000000000001,32.));
#9281=CARTESIAN_POINT('',(-35.9999999999999,-31.0000000000001,42.9405339327598));
#9282=CARTESIAN_POINT('',(-35.9999999999999,-31.0000000000001,42.9405339327598));
#9283=CARTESIAN_POINT('',(-33.5270077791955,-33.4729922208045,42.757426830144));
#9284=CARTESIAN_POINT('',(-30.9999999999999,-36.0000000000001,42.));
#9285=CARTESIAN_POINT('',(-30.9999999999999,-36.0000000000001,32.));
#9286=CARTESIAN_POINT('',(-35.9999999999999,-31.0000000000001,32.));
#9287=CARTESIAN_POINT('',(30.9999999999999,-36.0000000000001,42.));
#9288=CARTESIAN_POINT('',(33.5270077791961,-33.4729922208039,42.7574268301443));
#9289=CARTESIAN_POINT('',(35.9999999999999,-31.0000000000001,42.9405339327598));
#9290=CARTESIAN_POINT('',(35.9999999999999,-31.0000000000001,32.));
#9291=CARTESIAN_POINT('',(30.9999999999999,-36.0000000000001,32.));
#9292=CARTESIAN_POINT('',(1.12533637152782,-28.9095623672607,46.));
#9293=CARTESIAN_POINT('',(1.72514105902777,-28.9095623672607,46.));
#9294=CARTESIAN_POINT('',(1.72514105902777,-28.9095623672607,46.));
#9295=CARTESIAN_POINT('',(1.72514105902777,-30.1715728752539,46.));
#9296=CARTESIAN_POINT('',(1.72514105902777,-30.1715728752539,46.));
#9297=CARTESIAN_POINT('',(0.479180931360874,-30.1715728752539,46.));
#9298=CARTESIAN_POINT('',(-2.48473307291667,-26.5890328533718,46.));
#9299=CARTESIAN_POINT('',(-2.48473307291667,-30.1715728752539,46.));
#9300=CARTESIAN_POINT('',(-2.48473307291667,-30.1715728752539,46.));
#9301=CARTESIAN_POINT('',(-25.3650805666196,-30.1715728752538,46.));
#9302=CARTESIAN_POINT('',(-25.3650805666196,-30.1715728752538,46.));
#9303=CARTESIAN_POINT('',(-27.0612199397501,-28.4754335021231,46.));
#9304=CARTESIAN_POINT('',(-14.5,-26.5,46.));
#9305=CARTESIAN_POINT('',(14.5,-26.5,46.));
#9306=CARTESIAN_POINT('',(27.0612199397501,-28.4754335021233,46.));
#9307=CARTESIAN_POINT('',(25.3650805666194,-30.1715728752538,46.));
#9308=CARTESIAN_POINT('',(25.3650805666194,-30.1715728752538,46.));
#9309=CARTESIAN_POINT('',(2.47830946180555,-30.1715728752539,46.));
#9310=CARTESIAN_POINT('',(2.47830946180555,-30.1715728752539,46.));
#9311=CARTESIAN_POINT('',(2.47830946180555,-26.5938505617051,46.));
#9312=CARTESIAN_POINT('',(2.47830946180555,-26.5938505617051,46.));
#9313=CARTESIAN_POINT('',(1.12051866039002,-26.5938505617051,46.));
#9314=CARTESIAN_POINT('',(1.12051866039002,-26.5938505617051,46.));
#9315=CARTESIAN_POINT('',(0.689066114599075,-26.5938505622728,46.));
#9316=CARTESIAN_POINT('',(0.356242764648239,-26.690070903945,46.));
#9317=CARTESIAN_POINT('',(0.122048610771719,-26.8825115862896,46.));
#9318=CARTESIAN_POINT('',(0.122048610771719,-26.8825115862896,46.));
#9319=CARTESIAN_POINT('',(-0.112145543993106,-27.0749522691048,46.));
#9320=CARTESIAN_POINT('',(-0.229242621387258,-27.3467513140686,46.));
#9321=CARTESIAN_POINT('',(-0.229242621527781,-27.6979087214525,46.));
#9322=CARTESIAN_POINT('',(-0.229242621527781,-27.6979087214525,46.));
#9323=CARTESIAN_POINT('',(-0.229242621421279,-27.9473589532043,46.));
#9324=CARTESIAN_POINT('',(-0.175311053118202,-28.1551895376462,46.));
#9325=CARTESIAN_POINT('',(-0.0674479165340863,-28.3214004751038,46.));
#9326=CARTESIAN_POINT('',(-0.0674479165340863,-28.3214004751038,46.));
#9327=CARTESIAN_POINT('',(0.0404152200004363,-28.4876114125429,46.));
#9328=CARTESIAN_POINT('',(0.203815827595164,-28.6202322168729,46.));
#9329=CARTESIAN_POINT('',(0.422753906250093,-28.7192628880941,46.));
#9330=CARTESIAN_POINT('',(-0.345978222510122,-30.1715728752539,46.));
#9331=CARTESIAN_POINT('',(-1.75966796875001,-30.1715728752539,46.));
#9332=CARTESIAN_POINT('',(-1.75966796875001,-30.1715728752539,46.));
#9333=CARTESIAN_POINT('',(-1.75966796875006,-27.4522055964275,46.));
#9334=CARTESIAN_POINT('',(-0.894086371527829,-27.7203913603164,46.));
#9335=CARTESIAN_POINT('',(-0.89408637152771,-27.1310250408718,46.));
#9336=CARTESIAN_POINT('',(-2.40684678819438,-26.5890328533718,46.));
#9337=CARTESIAN_POINT('',(-2.48473307291667,-26.5890328533718,46.));
#9338=CARTESIAN_POINT('',(8.19758571363674,3.95555555555397,48.));
#9339=CARTESIAN_POINT('',(6.0928785636288,3.95555555555385,48.));
#9340=CARTESIAN_POINT('',(3.21346959920493,-3.95555555555568,48.));
#9341=CARTESIAN_POINT('',(5.31817674922374,-3.95555555555556,48.));
#9342=CARTESIAN_POINT('',(-31.0000000000001,35.9999999999999,32.));
#9343=CARTESIAN_POINT('',(-31.0000000000001,35.9999999999999,38.0007550570111));
#9344=CARTESIAN_POINT('',(-31.0000000000001,35.9999999999999,38.0007550570111));
#9345=CARTESIAN_POINT('',(-26.0007550570111,35.9999999999999,43.));
#9346=CARTESIAN_POINT('',(-26.0007550570111,35.9999999999999,43.));
#9347=CARTESIAN_POINT('',(26.0007550570111,36.,43.0000000000001));
#9348=CARTESIAN_POINT('',(31.,36.,38.0007550570111));
#9349=CARTESIAN_POINT('',(31.0000000000001,35.9999999999999,32.));
#9350=CARTESIAN_POINT('',(31.0000000000001,35.9999999999999,32.));
#9351=CARTESIAN_POINT('',(-31.0000000000001,35.9999999999999,32.));
#9352=CARTESIAN_POINT('',(26.0007550570111,36.,43.0000000000001));
#9353=CARTESIAN_POINT('',(26.0007550570111,31.,48.0000000000001));
#9354=CARTESIAN_POINT('',(31.0000000000001,35.9999999999999,32.));
#9355=CARTESIAN_POINT('',(36.0000000000001,30.9999999999999,32.));
#9356=CARTESIAN_POINT('',(36.,31.,38.0007550570111));
#9357=CARTESIAN_POINT('',(31.,36.,38.0007550570111));
#9358=CARTESIAN_POINT('',(26.0007550570111,36.,43.0000000000001));
#9359=CARTESIAN_POINT('',(31.,36.,38.0007550570111));
#9360=CARTESIAN_POINT('',(-36.0000000000001,30.9999999999999,32.));
#9361=CARTESIAN_POINT('',(-31.0000000000001,35.9999999999999,32.));
#9362=CARTESIAN_POINT('',(-31.0000000000001,35.9999999999999,38.0007550570111));
#9363=CARTESIAN_POINT('',(-36.0000000000001,30.9999999999999,38.0007550570111));
#9364=CARTESIAN_POINT('',(-25.3650805666195,-34.,42.1715728752538));
#9365=CARTESIAN_POINT('',(25.3650805666194,-34.,42.1715728752538));
#9366=CARTESIAN_POINT('',(25.3650805666194,-34.,42.1715728752538));
#9367=CARTESIAN_POINT('',(30.1715728752537,-34.,37.3650805666196));
#9368=CARTESIAN_POINT('',(30.1715728752537,-34.,37.3650805666196));
#9369=CARTESIAN_POINT('',(30.1715728752538,-34.0000000000001,32.));
#9370=CARTESIAN_POINT('',(30.1715728752538,-34.0000000000001,32.));
#9371=CARTESIAN_POINT('',(-30.1715728752538,-34.0000000000001,32.));
#9372=CARTESIAN_POINT('',(-30.1715728752538,-34.0000000000001,32.));
#9373=CARTESIAN_POINT('',(-30.1715728752537,-34.,37.3650805666196));
#9374=CARTESIAN_POINT('',(-30.1715728752539,34.,32.));
#9375=CARTESIAN_POINT('',(30.1715728752539,34.,32.));
#9376=CARTESIAN_POINT('',(30.1715728752539,34.,32.));
#9377=CARTESIAN_POINT('',(30.1715728752539,33.9999999999999,37.3650805666195));
#9378=CARTESIAN_POINT('',(25.3650805666195,33.9999999999999,42.1715728752538));
#9379=CARTESIAN_POINT('',(-25.3650805666195,33.9999999999999,42.1715728752539));
#9380=CARTESIAN_POINT('',(-25.3650805666195,33.9999999999999,42.1715728752539));
#9381=CARTESIAN_POINT('',(-30.1715728752539,33.9999999999999,37.3650805666196));
#9382=CARTESIAN_POINT('',(-30.1715728752539,33.9999999999999,37.3650805666196));
#9383=CARTESIAN_POINT('',(-30.1715728752539,34.,32.));
#9384=CARTESIAN_POINT('',(-34.,-25.3650805666195,42.1715728752538));
#9385=CARTESIAN_POINT('',(-34.,25.3650805666194,42.1715728752538));
#9386=CARTESIAN_POINT('',(-34.,25.3650805666194,42.1715728752538));
#9387=CARTESIAN_POINT('',(-30.1715728752538,25.3650805666194,46.));
#9388=CARTESIAN_POINT('',(-30.1715728752538,25.3650805666194,46.));
#9389=CARTESIAN_POINT('',(-30.1715728752538,-25.3650805666195,46.));
#9390=CARTESIAN_POINT('',(-30.1715728752538,-25.3650805666195,46.));
#9391=CARTESIAN_POINT('',(-34.,-25.3650805666195,42.1715728752538));
#9392=CARTESIAN_POINT('',(-2.48473307291667,-30.1715728752539,46.));
#9393=CARTESIAN_POINT('',(-2.48473307291667,-30.2472793811496,45.9242934941043));
#9394=CARTESIAN_POINT('',(-2.48473307291667,-30.2472793811496,45.9242934941043));
#9395=CARTESIAN_POINT('',(-1.75966796875001,-30.2472793811496,45.9242934941043));
#9396=CARTESIAN_POINT('',(-1.75966796875001,-30.2472793811496,45.9242934941043));
#9397=CARTESIAN_POINT('',(-1.75966796875001,-30.1715728752539,46.));
#9398=CARTESIAN_POINT('',(-0.345978222510122,-30.1715728752539,46.));
#9399=CARTESIAN_POINT('',(-0.367350260416589,-30.2119495200386,45.9596233552154));
#9400=CARTESIAN_POINT('',(-0.367350260416589,-30.2119495200386,45.9596233552154));
#9401=CARTESIAN_POINT('',(-0.36735026041667,-30.2472793811496,45.9242934941043));
#9402=CARTESIAN_POINT('',(-0.36735026041667,-30.2472793811496,45.9242934941043));
#9403=CARTESIAN_POINT('',(0.440418836805619,-30.2472793811496,45.9242934941042));
#9404=CARTESIAN_POINT('',(0.440418836805619,-30.2472793811496,45.9242934941042));
#9405=CARTESIAN_POINT('',(0.479180931360874,-30.1715728752539,46.));
#9406=CARTESIAN_POINT('',(1.72514105902777,-30.1715728752539,46.));
#9407=CARTESIAN_POINT('',(1.72514105902777,-30.2472793811496,45.9242934941042));
#9408=CARTESIAN_POINT('',(1.72514105902777,-30.2472793811496,45.9242934941042));
#9409=CARTESIAN_POINT('',(2.47830946180555,-30.2472793811496,45.9242934941042));
#9410=CARTESIAN_POINT('',(2.47830946180555,-30.2472793811496,45.9242934941042));
#9411=CARTESIAN_POINT('',(2.47830946180555,-30.1715728752539,46.));
#9412=CARTESIAN_POINT('',(25.3650805666194,-30.1715728752538,46.));
#9413=CARTESIAN_POINT('',(25.3650805666194,-34.,42.1715728752538));
#9414=CARTESIAN_POINT('',(-25.3650805666195,-34.,42.1715728752538));
#9415=CARTESIAN_POINT('',(-25.3650805666196,-30.1715728752538,46.));
#9416=CARTESIAN_POINT('',(33.9999999999999,25.3650805666196,42.1715728752538));
#9417=CARTESIAN_POINT('',(33.9999999999999,-25.3650805666194,42.1715728752539));
#9418=CARTESIAN_POINT('',(33.9999999999999,-25.3650805666194,42.1715728752539));
#9419=CARTESIAN_POINT('',(30.1715728752537,-25.3650805666194,46.0000000000001));
#9420=CARTESIAN_POINT('',(30.1715728752537,-25.3650805666194,46.0000000000001));
#9421=CARTESIAN_POINT('',(30.1715728752537,25.3650805666196,46.));
#9422=CARTESIAN_POINT('',(30.1715728752537,25.3650805666196,46.));
#9423=CARTESIAN_POINT('',(33.9999999999999,25.3650805666196,42.1715728752538));
#9424=CARTESIAN_POINT('',(30.1715728752537,-34.,37.3650805666196));
#9425=CARTESIAN_POINT('',(33.9999999999999,-30.1715728752538,37.3650805666196));
#9426=CARTESIAN_POINT('',(33.9999999999999,-30.1715728752538,37.3650805666196));
#9427=CARTESIAN_POINT('',(34.,-30.1715728752539,32.));
#9428=CARTESIAN_POINT('',(34.,-30.1715728752539,32.));
#9429=CARTESIAN_POINT('',(30.1715728752538,-34.0000000000001,32.));
#9430=CARTESIAN_POINT('',(-34.,-30.1715728752539,32.));
#9431=CARTESIAN_POINT('',(-33.9999999999999,-30.1715728752538,37.3650805666196));
#9432=CARTESIAN_POINT('',(-33.9999999999999,-30.1715728752538,37.3650805666196));
#9433=CARTESIAN_POINT('',(-30.1715728752537,-34.,37.3650805666196));
#9434=CARTESIAN_POINT('',(-30.1715728752538,-34.0000000000001,32.));
#9435=CARTESIAN_POINT('',(-34.,-30.1715728752539,32.));
#9436=CARTESIAN_POINT('',(25.3650805666195,33.9999999999999,42.1715728752538));
#9437=CARTESIAN_POINT('',(25.3650805666196,30.1715728752537,46.));
#9438=CARTESIAN_POINT('',(25.3650805666196,30.1715728752537,46.));
#9439=CARTESIAN_POINT('',(-25.3650805666195,30.1715728752537,46.0000000000001));
#9440=CARTESIAN_POINT('',(-25.3650805666195,30.1715728752537,46.0000000000001));
#9441=CARTESIAN_POINT('',(-25.3650805666195,33.9999999999999,42.1715728752539));
#9442=CARTESIAN_POINT('',(34.0000000000001,30.1715728752538,32.));
#9443=CARTESIAN_POINT('',(34.0000000000001,30.1715728752537,37.3650805666195));
#9444=CARTESIAN_POINT('',(34.0000000000001,30.1715728752537,37.3650805666195));
#9445=CARTESIAN_POINT('',(30.1715728752539,33.9999999999999,37.3650805666195));
#9446=CARTESIAN_POINT('',(30.1715728752539,34.,32.));
#9447=CARTESIAN_POINT('',(34.0000000000001,30.1715728752538,32.));
#9448=CARTESIAN_POINT('',(-30.1715728752539,33.9999999999999,37.3650805666196));
#9449=CARTESIAN_POINT('',(-34.0000000000001,30.1715728752537,37.3650805666196));
#9450=CARTESIAN_POINT('',(-34.0000000000001,30.1715728752537,37.3650805666196));
#9451=CARTESIAN_POINT('',(-34.0000000000001,30.1715728752538,32.));
#9452=CARTESIAN_POINT('',(-34.0000000000001,30.1715728752538,32.));
#9453=CARTESIAN_POINT('',(-30.1715728752539,34.,32.));
#9454=CARTESIAN_POINT('',(34.0000000000001,-16.9999999999999,32.));
#9455=CARTESIAN_POINT('',(34.,-30.1715728752539,32.));
#9456=CARTESIAN_POINT('',(33.9999999999999,25.3650805666196,42.1715728752538));
#9457=CARTESIAN_POINT('',(34.0000000000001,30.1715728752537,37.3650805666195));
#9458=CARTESIAN_POINT('',(34.0000000000001,30.1715728752538,32.));
#9459=CARTESIAN_POINT('',(33.9999999999997,17.0000000000001,32.));
#9460=CARTESIAN_POINT('',(33.9999999999997,17.0000000000001,32.));
#9461=CARTESIAN_POINT('',(33.9999999999998,17.0000000000001,34.3178372451956));
#9462=CARTESIAN_POINT('',(33.9999999999998,17.0000000000001,34.3178372451956));
#9463=CARTESIAN_POINT('',(33.9999999999999,13.517638090205,39.2426406871192));
#9464=CARTESIAN_POINT('',(33.9999999999999,13.517638090205,39.2426406871192));
#9465=CARTESIAN_POINT('',(33.9999999999998,-13.5176380902049,39.2426406871192));
#9466=CARTESIAN_POINT('',(33.9999999999998,-13.5176380902049,39.2426406871192));
#9467=CARTESIAN_POINT('',(34.0000000000001,-16.9999999999999,34.3178372451957));
#9468=CARTESIAN_POINT('',(34.0000000000001,-16.9999999999999,34.3178372451957));
#9469=CARTESIAN_POINT('',(34.0000000000001,-16.9999999999999,32.));
#9470=CARTESIAN_POINT('',(33.7030151519017,-16.,29.2828427124746));
#9471=CARTESIAN_POINT('',(33.7030151519017,16.,29.2828427124746));
#9472=CARTESIAN_POINT('',(33.7030151519017,16.,29.2828427124746));
#9473=CARTESIAN_POINT('',(32.4858578643763,16.,30.5000000000001));
#9474=CARTESIAN_POINT('',(32.4858578643763,16.,30.5000000000001));
#9475=CARTESIAN_POINT('',(32.4858578643763,-16.,30.5000000000001));
#9476=CARTESIAN_POINT('',(32.4858578643763,-16.,30.5000000000001));
#9477=CARTESIAN_POINT('',(33.7030151519017,-16.,29.2828427124746));
#9478=CARTESIAN_POINT('',(30.3786796564417,-16.,29.7928932188136));
#9479=CARTESIAN_POINT('',(30.3786796564417,16.,29.7928932188136));
#9480=CARTESIAN_POINT('',(30.3786796564417,16.,29.7928932188136));
#9481=CARTESIAN_POINT('',(31.1715728752524,16.,28.999999999881));
#9482=CARTESIAN_POINT('',(31.1715728752524,16.,28.999999999881));
#9483=CARTESIAN_POINT('',(31.1715728752524,-16.,28.999999999881));
#9484=CARTESIAN_POINT('',(31.1715728752524,-16.,28.999999999881));
#9485=CARTESIAN_POINT('',(30.3786796564417,-16.,29.7928932188136));
#9486=CARTESIAN_POINT('',(32.4858578643763,16.,30.5000000000001));
#9487=CARTESIAN_POINT('',(33.9858578643762,16.,32.));
#9488=CARTESIAN_POINT('',(33.9858578643762,16.,32.));
#9489=CARTESIAN_POINT('',(33.9858578643762,-16.,32.));
#9490=CARTESIAN_POINT('',(33.9858578643762,-16.,32.));
#9491=CARTESIAN_POINT('',(32.4858578643763,-16.,30.5000000000001));
#9492=CARTESIAN_POINT('',(-34.8000000000017,16.,32.));
#9493=CARTESIAN_POINT('',(-36.,16.,32.));
#9494=CARTESIAN_POINT('',(36.,16.,32.));
#9495=CARTESIAN_POINT('',(34.8000000000017,16.,32.));
#9496=CARTESIAN_POINT('',(34.8000000000017,16.,32.));
#9497=CARTESIAN_POINT('',(34.8000000000017,-16.,32.));
#9498=CARTESIAN_POINT('',(34.8000000000017,-16.,32.));
#9499=CARTESIAN_POINT('',(36.,-16.,32.));
#9500=CARTESIAN_POINT('',(-36.,-16.,32.));
#9501=CARTESIAN_POINT('',(-34.8000000000017,-16.,32.));
#9502=CARTESIAN_POINT('',(-34.8000000000017,-16.,32.));
#9503=CARTESIAN_POINT('',(-34.8000000000017,16.,32.));
#9504=CARTESIAN_POINT('',(-32.9999999999997,16.0000000000001,32.));
#9505=CARTESIAN_POINT('',(-33.9858578643762,16.,32.));
#9506=CARTESIAN_POINT('',(-33.9858578643762,16.,32.));
#9507=CARTESIAN_POINT('',(-33.9858578643762,-16.,32.));
#9508=CARTESIAN_POINT('',(-33.9858578643762,-16.,32.));
#9509=CARTESIAN_POINT('',(-33.0000000000001,-15.9999999999999,32.));
#9510=CARTESIAN_POINT('',(-34.0000000000001,-16.9999999999999,32.));
#9511=CARTESIAN_POINT('',(-34.,-30.1715728752539,32.));
#9512=CARTESIAN_POINT('',(33.0000000000001,-15.9999999999999,32.));
#9513=CARTESIAN_POINT('',(33.9858578643762,-16.,32.));
#9514=CARTESIAN_POINT('',(33.9858578643762,16.,32.));
#9515=CARTESIAN_POINT('',(32.9999999999997,16.0000000000001,32.));
#9516=CARTESIAN_POINT('',(-34.0000000000001,30.1715728752538,32.));
#9517=CARTESIAN_POINT('',(-33.9999999999997,17.0000000000001,32.));
#9518=CARTESIAN_POINT('',(34.8000000000017,15.9999999999999,32.8));
#9519=CARTESIAN_POINT('',(34.8000000000017,16.,32.));
#9520=CARTESIAN_POINT('',(36.,15.9999999999999,34.));
#9521=CARTESIAN_POINT('',(34.8000000000017,15.9999999999999,32.8));
#9522=CARTESIAN_POINT('',(34.8000000000017,-16.,32.));
#9523=CARTESIAN_POINT('',(34.8000000000017,-15.9999999999998,32.7999999999999));
#9524=CARTESIAN_POINT('',(34.8000000000017,-15.9999999999998,32.7999999999999));
#9525=CARTESIAN_POINT('',(36.0000000000001,-15.9999999999998,33.9999999999999));
#9526=CARTESIAN_POINT('',(-32.9999999999997,16.0000000000001,32.));
#9527=CARTESIAN_POINT('',(-32.9999999999998,16.0000000000001,33.8284271247462));
#9528=CARTESIAN_POINT('',(-30.3786796564392,16.,31.2071067811867));
#9529=CARTESIAN_POINT('',(-30.3786796564392,16.,29.7928932188136));
#9530=CARTESIAN_POINT('',(-31.1715728752503,16.,28.9999999999002));
#9531=CARTESIAN_POINT('',(-33.5858578643779,16.,28.9999999999012));
#9532=CARTESIAN_POINT('',(-33.5858578643779,-16.,28.9999999999012));
#9533=CARTESIAN_POINT('',(-33.5858578643779,16.,28.9999999999012));
#9534=CARTESIAN_POINT('',(-31.1715728752503,16.,28.9999999999002));
#9535=CARTESIAN_POINT('',(-31.1715728752503,-16.,28.9999999999002));
#9536=CARTESIAN_POINT('',(-31.1715728752503,-16.,28.9999999999002));
#9537=CARTESIAN_POINT('',(-33.5858578643779,-16.,28.9999999999012));
#9538=CARTESIAN_POINT('',(-32.4858578643762,-16.,30.5000000000001));
#9539=CARTESIAN_POINT('',(-33.9858578643762,-16.,32.));
#9540=CARTESIAN_POINT('',(-32.4858578643762,16.,30.5000000000001));
#9541=CARTESIAN_POINT('',(-33.9858578643762,16.,32.));
#9542=CARTESIAN_POINT('',(-32.4858578643762,16.,30.5000000000001));
#9543=CARTESIAN_POINT('',(-32.4858578643762,-16.,30.5000000000001));
#9544=CARTESIAN_POINT('',(-34.8000000000017,16.,32.));
#9545=CARTESIAN_POINT('',(-34.8000000000018,15.9999999999998,32.7999999999999));
#9546=CARTESIAN_POINT('',(-34.8000000000018,15.9999999999998,32.7999999999999));
#9547=CARTESIAN_POINT('',(-36.0000000000001,15.9999999999998,33.9999999999999));
#9548=CARTESIAN_POINT('',(-34.8000000000016,-16.0000000000002,32.8));
#9549=CARTESIAN_POINT('',(-34.8000000000017,-16.,32.));
#9550=CARTESIAN_POINT('',(-35.9999999999999,-16.0000000000002,34.));
#9551=CARTESIAN_POINT('',(-34.8000000000016,-16.0000000000002,32.8));
#9552=CARTESIAN_POINT('',(34.8000000000017,12.9999999999999,37.0426406871192));
#9553=CARTESIAN_POINT('',(34.8000000000018,-12.9999999999998,37.042640687119));
#9554=CARTESIAN_POINT('',(34.8000000000017,15.9999999999999,32.8));
#9555=CARTESIAN_POINT('',(34.8000000000017,12.9999999999999,37.0426406871192));
#9556=CARTESIAN_POINT('',(36.0000000000001,12.9999999999999,38.2426406871192));
#9557=CARTESIAN_POINT('',(36.,15.9999999999999,34.));
#9558=CARTESIAN_POINT('',(34.8000000000017,12.9999999999999,37.0426406871192));
#9559=CARTESIAN_POINT('',(36.0000000000001,12.9999999999999,38.2426406871192));
#9560=CARTESIAN_POINT('',(34.8000000000018,-12.9999999999998,37.042640687119));
#9561=CARTESIAN_POINT('',(36.0000000000001,-12.9999999999998,38.242640687119));
#9562=CARTESIAN_POINT('',(34.8000000000018,-12.9999999999998,37.042640687119));
#9563=CARTESIAN_POINT('',(34.8000000000017,-15.9999999999998,32.7999999999999));
#9564=CARTESIAN_POINT('',(36.0000000000001,-15.9999999999998,33.9999999999999));
#9565=CARTESIAN_POINT('',(36.0000000000001,-12.9999999999998,38.242640687119));
#9566=CARTESIAN_POINT('',(-34.8000000000016,-13.0000000000002,37.0426406871192));
#9567=CARTESIAN_POINT('',(-34.8000000000018,12.9999999999998,37.0426406871191));
#9568=CARTESIAN_POINT('',(-34.8000000000016,-16.0000000000002,32.8));
#9569=CARTESIAN_POINT('',(-34.8000000000016,-13.0000000000002,37.0426406871192));
#9570=CARTESIAN_POINT('',(-36.,-13.0000000000002,38.2426406871192));
#9571=CARTESIAN_POINT('',(-35.9999999999999,-16.0000000000002,34.));
#9572=CARTESIAN_POINT('',(-34.8000000000018,12.9999999999998,37.0426406871191));
#9573=CARTESIAN_POINT('',(-36.0000000000002,12.9999999999998,38.2426406871191));
#9574=CARTESIAN_POINT('',(-34.8000000000016,-13.0000000000002,37.0426406871192));
#9575=CARTESIAN_POINT('',(-36.,-13.0000000000002,38.2426406871192));
#9576=CARTESIAN_POINT('',(-34.8000000000018,12.9999999999998,37.0426406871191));
#9577=CARTESIAN_POINT('',(-34.8000000000018,15.9999999999998,32.7999999999999));
#9578=CARTESIAN_POINT('',(-36.0000000000001,15.9999999999998,33.9999999999999));
#9579=CARTESIAN_POINT('',(-36.0000000000002,12.9999999999998,38.2426406871191));
#9580=CARTESIAN_POINT('',(30.3786796564418,16.,31.2071067811866));
#9581=CARTESIAN_POINT('',(30.3786796564417,16.,29.7928932188136));
#9582=CARTESIAN_POINT('',(30.3786796564417,-16.,29.7928932188136));
#9583=CARTESIAN_POINT('',(30.3786796564418,-16.,31.2071067811866));
#9584=CARTESIAN_POINT('',(30.3786796564418,-16.,31.2071067811866));
#9585=CARTESIAN_POINT('',(30.3786796564418,16.,31.2071067811866));
#9586=CARTESIAN_POINT('',(-30.3786796564392,-16.,29.7928932188136));
#9587=CARTESIAN_POINT('',(-31.1715728752503,-16.,28.9999999999002));
#9588=CARTESIAN_POINT('',(-30.3786796564392,16.,29.7928932188136));
#9589=CARTESIAN_POINT('',(-31.1715728752503,16.,28.9999999999002));
#9590=CARTESIAN_POINT('',(-30.3786796564392,16.,29.7928932188136));
#9591=CARTESIAN_POINT('',(-30.3786796564392,-16.,29.7928932188136));
#9592=CARTESIAN_POINT('',(-30.3786796564392,16.,31.2071067811867));
#9593=CARTESIAN_POINT('',(-30.3786796564392,-16.,31.2071067811867));
#9594=CARTESIAN_POINT('',(-30.3786796564392,-16.,31.2071067811867));
#9595=CARTESIAN_POINT('',(-30.3786796564392,-16.,29.7928932188136));
#9596=CARTESIAN_POINT('',(-33.0000000000001,-15.9999999999999,33.8284271247462));
#9597=CARTESIAN_POINT('',(-33.0000000000001,-15.9999999999999,32.));
#9598=CARTESIAN_POINT('',(-32.4858578643762,-16.,30.5000000000001));
#9599=CARTESIAN_POINT('',(-33.7030151519017,-16.,29.2828427124747));
#9600=CARTESIAN_POINT('',(-33.7030151519017,16.,29.2828427124747));
#9601=CARTESIAN_POINT('',(-32.4858578643762,16.,30.5000000000001));
#9602=CARTESIAN_POINT('',(-33.7030151519017,16.,29.2828427124747));
#9603=CARTESIAN_POINT('',(-33.7030151519017,-16.,29.2828427124747));
#9604=CARTESIAN_POINT('',(-33.5858578643779,16.,28.9999999999012));
#9605=CARTESIAN_POINT('',(-33.7030151519017,16.,29.2828427124747));
#9606=CARTESIAN_POINT('',(-33.7030151519017,-16.,29.2828427124747));
#9607=CARTESIAN_POINT('',(-33.5858578643779,-16.,28.9999999999012));
#9608=CARTESIAN_POINT('',(33.5858578643763,16.,28.9999999998798));
#9609=CARTESIAN_POINT('',(33.5858578643763,-16.,28.9999999998798));
#9610=CARTESIAN_POINT('',(33.5858578643763,-16.,28.9999999998798));
#9611=CARTESIAN_POINT('',(31.1715728752524,-16.,28.999999999881));
#9612=CARTESIAN_POINT('',(31.1715728752524,16.,28.999999999881));
#9613=CARTESIAN_POINT('',(33.5858578643763,16.,28.9999999998798));
#9614=CARTESIAN_POINT('',(33.5858578643763,16.,28.9999999998798));
#9615=CARTESIAN_POINT('',(33.7030151519017,16.,29.2828427124746));
#9616=CARTESIAN_POINT('',(33.7030151519017,-16.,29.2828427124746));
#9617=CARTESIAN_POINT('',(33.5858578643763,-16.,28.9999999998798));
#9618=CARTESIAN_POINT('',(32.9999999999998,16.0000000000001,33.8284271247462));
#9619=CARTESIAN_POINT('',(32.9999999999997,16.0000000000001,32.));
#9620=CARTESIAN_POINT('',(33.0000000000001,-15.9999999999999,32.));
#9621=CARTESIAN_POINT('',(33.0000000000001,-15.9999999999999,33.8284271247462));
#9622=CARTESIAN_POINT('',(30.3786796564418,16.,31.2071067811866));
#9623=CARTESIAN_POINT('',(32.9999999999998,16.0000000000001,33.8284271247462));
#9624=CARTESIAN_POINT('',(33.0000000000001,-15.9999999999999,33.8284271247462));
#9625=CARTESIAN_POINT('',(30.3786796564418,-16.,31.2071067811866));
#9626=CARTESIAN_POINT('',(33.0000000000001,-15.9999999999999,33.8284271247462));
#9627=CARTESIAN_POINT('',(33.0000000000001,-15.9999999999998,34.));
#9628=CARTESIAN_POINT('',(33.0000000000001,-15.9999999999998,34.));
#9629=CARTESIAN_POINT('',(32.9999999999998,-12.9999999999999,38.2426406871192));
#9630=CARTESIAN_POINT('',(32.9999999999998,-12.9999999999999,38.2426406871192));
#9631=CARTESIAN_POINT('',(32.9999999999999,13.,38.2426406871192));
#9632=CARTESIAN_POINT('',(32.9999999999999,13.,38.2426406871192));
#9633=CARTESIAN_POINT('',(32.9999999999999,16.0000000000001,33.9999999999999));
#9634=CARTESIAN_POINT('',(32.9999999999999,16.0000000000001,33.9999999999999));
#9635=CARTESIAN_POINT('',(32.9999999999998,16.0000000000001,33.8284271247462));
#9636=CARTESIAN_POINT('',(32.9999999999998,16.0000000000001,33.8284271247462));
#9637=CARTESIAN_POINT('',(33.0000000000001,-15.9999999999999,33.8284271247462));
#9638=CARTESIAN_POINT('',(34.0000000000001,-16.9999999999999,32.));
#9639=CARTESIAN_POINT('',(33.0000000000001,-15.9999999999999,32.));
#9640=CARTESIAN_POINT('',(33.9999999999998,-13.5176380902049,39.2426406871192));
#9641=CARTESIAN_POINT('',(32.9999999999998,-12.9999999999999,38.2426406871192));
#9642=CARTESIAN_POINT('',(33.0000000000001,-15.9999999999998,34.));
#9643=CARTESIAN_POINT('',(34.0000000000001,-16.9999999999999,34.3178372451957));
#9644=CARTESIAN_POINT('',(32.9999999999999,13.,38.2426406871192));
#9645=CARTESIAN_POINT('',(33.9999999999999,13.517638090205,39.2426406871192));
#9646=CARTESIAN_POINT('',(33.9999999999998,17.0000000000001,34.3178372451956));
#9647=CARTESIAN_POINT('',(32.9999999999999,16.0000000000001,33.9999999999999));
#9648=CARTESIAN_POINT('',(32.9999999999997,16.0000000000001,32.));
#9649=CARTESIAN_POINT('',(33.9999999999997,17.0000000000001,32.));
#9650=CARTESIAN_POINT('',(-34.0000000000001,-17.,34.3178372451957));
#9651=CARTESIAN_POINT('',(-33.9999999999999,-13.5176380902051,39.2426406871194));
#9652=CARTESIAN_POINT('',(-33.9999999999999,-13.5176380902051,39.2426406871194));
#9653=CARTESIAN_POINT('',(-33.9999999999999,13.5176380902051,39.2426406871194));
#9654=CARTESIAN_POINT('',(-33.9999999999999,13.5176380902051,39.2426406871194));
#9655=CARTESIAN_POINT('',(-33.9999999999997,17.0000000000002,34.3178372451957));
#9656=CARTESIAN_POINT('',(-33.9999999999997,17.0000000000002,34.3178372451957));
#9657=CARTESIAN_POINT('',(-33.9999999999997,17.0000000000001,32.));
#9658=CARTESIAN_POINT('',(-34.,-25.3650805666195,42.1715728752538));
#9659=CARTESIAN_POINT('',(-33.9999999999999,-30.1715728752538,37.3650805666196));
#9660=CARTESIAN_POINT('',(-34.0000000000001,-16.9999999999999,32.));
#9661=CARTESIAN_POINT('',(-34.0000000000001,-17.,34.3178372451957));
#9662=CARTESIAN_POINT('',(-30.3786796564392,-16.,31.2071067811867));
#9663=CARTESIAN_POINT('',(-33.0000000000001,-15.9999999999999,33.8284271247462));
#9664=CARTESIAN_POINT('',(-32.9999999999998,16.0000000000001,33.8284271247462));
#9665=CARTESIAN_POINT('',(-30.3786796564392,16.,31.2071067811867));
#9666=CARTESIAN_POINT('',(-32.9999999999997,16.0000000000002,34.));
#9667=CARTESIAN_POINT('',(-32.9999999999999,13.0000000000001,38.2426406871194));
#9668=CARTESIAN_POINT('',(-32.9999999999999,13.0000000000001,38.2426406871194));
#9669=CARTESIAN_POINT('',(-32.9999999999999,-13.0000000000001,38.2426406871194));
#9670=CARTESIAN_POINT('',(-32.9999999999999,-13.0000000000001,38.2426406871194));
#9671=CARTESIAN_POINT('',(-33.0000000000001,-16.,34.));
#9672=CARTESIAN_POINT('',(-33.0000000000001,-16.,34.));
#9673=CARTESIAN_POINT('',(-33.0000000000001,-15.9999999999999,33.8284271247462));
#9674=CARTESIAN_POINT('',(-33.0000000000001,-15.9999999999999,33.8284271247462));
#9675=CARTESIAN_POINT('',(-32.9999999999998,16.0000000000001,33.8284271247462));
#9676=CARTESIAN_POINT('',(-32.9999999999998,16.0000000000001,33.8284271247462));
#9677=CARTESIAN_POINT('',(-32.9999999999997,16.0000000000002,34.));
#9678=CARTESIAN_POINT('',(-33.9999999999997,17.0000000000001,32.));
#9679=CARTESIAN_POINT('',(-32.9999999999997,16.0000000000001,32.));
#9680=CARTESIAN_POINT('',(-33.9999999999999,13.5176380902051,39.2426406871194));
#9681=CARTESIAN_POINT('',(-32.9999999999999,13.0000000000001,38.2426406871194));
#9682=CARTESIAN_POINT('',(-32.9999999999997,16.0000000000002,34.));
#9683=CARTESIAN_POINT('',(-33.9999999999997,17.0000000000002,34.3178372451957));
#9684=CARTESIAN_POINT('',(-32.9999999999999,-13.0000000000001,38.2426406871194));
#9685=CARTESIAN_POINT('',(-33.9999999999999,-13.5176380902051,39.2426406871194));
#9686=CARTESIAN_POINT('',(-34.0000000000001,-17.,34.3178372451957));
#9687=CARTESIAN_POINT('',(-33.0000000000001,-16.,34.));
#9688=CARTESIAN_POINT('',(-33.0000000000001,-15.9999999999999,32.));
#9689=CARTESIAN_POINT('',(-34.0000000000001,-16.9999999999999,32.));
#9690=CARTESIAN_POINT('',(-0.381935848394514,13.3445353987208,46.));
#9691=CARTESIAN_POINT('',(-0.381935848395364,13.3445353987202,46.4));
#9692=CARTESIAN_POINT('',(-0.205254212175737,-13.3484220306516,46.));
#9693=CARTESIAN_POINT('',(5.41003104421414,-13.4347663902168,46.));
#9694=CARTESIAN_POINT('',(9.39845498191617,-9.48111512180383,46.));
#9695=CARTESIAN_POINT('',(13.3868789196182,-5.52746385339083,46.));
#9696=CARTESIAN_POINT('',(13.3497075669612,0.0883621899976095,46.));
#9697=CARTESIAN_POINT('',(13.3125362143042,5.70418823338605,46.));
#9698=CARTESIAN_POINT('',(9.27212531575862,9.6046963579735,46.));
#9699=CARTESIAN_POINT('',(5.23171441721308,13.5052044825609,46.));
#9700=CARTESIAN_POINT('',(-0.381935848394509,13.3445353987208,46.));
#9701=CARTESIAN_POINT('',(-0.205254212175506,-13.3484220306519,46.3999999999999));
#9702=CARTESIAN_POINT('',(-0.205254212175741,-13.3484220306516,46.));
#9703=CARTESIAN_POINT('',(-0.381935848395359,13.3445353987202,46.4));
#9704=CARTESIAN_POINT('',(5.23171441721226,13.5052044825608,46.4));
#9705=CARTESIAN_POINT('',(9.27212531575803,9.6046963579735,46.4));
#9706=CARTESIAN_POINT('',(13.3125362143038,5.70418823338624,46.4));
#9707=CARTESIAN_POINT('',(13.349707566961,0.088362189997761,46.3999999999999));
#9708=CARTESIAN_POINT('',(13.3868789196183,-5.52746385339072,46.3999999999999));
#9709=CARTESIAN_POINT('',(9.39845498191635,-9.48111512180386,46.3999999999999));
#9710=CARTESIAN_POINT('',(5.41003104421441,-13.434766390217,46.3999999999999));
#9711=CARTESIAN_POINT('',(-0.205254212175501,-13.3484220306519,46.3999999999999));
#9712=CARTESIAN_POINT('',(-0.381935848395364,13.3445353987202,46.4));
#9713=CARTESIAN_POINT('',(-3.07939280030932,5.93333333333286,46.3999999999999));
#9714=CARTESIAN_POINT('',(-3.07939280030932,5.93333333333286,46.3999999999999));
#9715=CARTESIAN_POINT('',(-3.07939280030928,5.93333333333253,46.));
#9716=CARTESIAN_POINT('',(-3.07939280030928,5.93333333333253,46.));
#9717=CARTESIAN_POINT('',(-0.381935848394514,13.3445353987208,46.));
#9718=CARTESIAN_POINT('',(0.889758230309854,3.24929304668365,46.4000000000001));
#9719=CARTESIAN_POINT('',(-2.45244444439505,-5.93333333333323,46.4000000000001));
#9720=CARTESIAN_POINT('',(-2.45244444439505,-5.93333333333323,46.4000000000001));
#9721=CARTESIAN_POINT('',(-2.45244444439506,-5.93333333333333,46.));
#9722=CARTESIAN_POINT('',(-2.45244444439506,-5.93333333333333,46.));
#9723=CARTESIAN_POINT('',(0.889758230309847,3.2492930466836,46.));
#9724=CARTESIAN_POINT('',(0.889758230309847,3.2492930466836,46.));
#9725=CARTESIAN_POINT('',(0.889758230309854,3.24929304668365,46.4000000000001));
#9726=CARTESIAN_POINT('',(-2.45244444439505,-5.93333333333323,46.4000000000001));
#9727=CARTESIAN_POINT('',(-5.29379909689728,-5.93333333333325,46.4));
#9728=CARTESIAN_POINT('',(-5.29379909689728,-5.93333333333325,46.4));
#9729=CARTESIAN_POINT('',(-5.29379909689722,-5.93333333333339,46.));
#9730=CARTESIAN_POINT('',(-5.29379909689722,-5.93333333333339,46.));
#9731=CARTESIAN_POINT('',(-2.45244444439506,-5.93333333333333,46.));
#9732=CARTESIAN_POINT('',(-10.2398608994074,-5.93333333333323,46.4000000000002));
#9733=CARTESIAN_POINT('',(-3.37957587361524,12.915144866182,46.3999999999997));
#9734=CARTESIAN_POINT('',(-3.37957587361524,12.915144866182,46.3999999999997));
#9735=CARTESIAN_POINT('',(-3.37957587361545,12.9151448661825,46.));
#9736=CARTESIAN_POINT('',(-3.37957587361545,12.9151448661825,46.));
#9737=CARTESIAN_POINT('',(-10.2398608994075,-5.93333333333327,46.));
#9738=CARTESIAN_POINT('',(-10.2398608994075,-5.93333333333327,46.));
#9739=CARTESIAN_POINT('',(-10.2398608994074,-5.93333333333323,46.4000000000002));
#9740=CARTESIAN_POINT('',(-7.39850624690504,-5.93333333333321,46.4));
#9741=CARTESIAN_POINT('',(-10.2398608994074,-5.93333333333323,46.4000000000002));
#9742=CARTESIAN_POINT('',(-10.2398608994075,-5.93333333333327,46.));
#9743=CARTESIAN_POINT('',(-7.398506246905,-5.93333333333332,46.));
#9744=CARTESIAN_POINT('',(-7.398506246905,-5.93333333333332,46.));
#9745=CARTESIAN_POINT('',(-7.39850624690504,-5.93333333333321,46.4));
#9746=CARTESIAN_POINT('',(-3.79924504140895,3.95555555555406,46.4));
#9747=CARTESIAN_POINT('',(-7.39850624690504,-5.93333333333321,46.4));
#9748=CARTESIAN_POINT('',(-7.398506246905,-5.93333333333332,46.));
#9749=CARTESIAN_POINT('',(-3.79924504140894,3.95555555555398,46.));
#9750=CARTESIAN_POINT('',(-3.79924504140894,3.95555555555398,46.));
#9751=CARTESIAN_POINT('',(-3.79924504140895,3.95555555555406,46.4));
#9752=CARTESIAN_POINT('',(-2.92880842767726,-13.0247679900245,46.));
#9753=CARTESIAN_POINT('',(-2.92880842767764,-13.0247679900246,46.3999999999999));
#9754=CARTESIAN_POINT('',(-3.37957587361545,12.9151448661825,46.));
#9755=CARTESIAN_POINT('',(-13.5302891286872,10.2589527775707,46.));
#9756=CARTESIAN_POINT('',(-13.3479847868546,-0.231952861374059,46.));
#9757=CARTESIAN_POINT('',(-13.165680445022,-10.7228585003188,46.));
#9758=CARTESIAN_POINT('',(-2.92880842767726,-13.0247679900245,46.));
#9759=CARTESIAN_POINT('',(-2.92880842767764,-13.0247679900246,46.3999999999999));
#9760=CARTESIAN_POINT('',(-13.1656804450221,-10.7228585003186,46.3999999999999));
#9761=CARTESIAN_POINT('',(-13.3479847868545,-0.231952861374073,46.3999999999998));
#9762=CARTESIAN_POINT('',(-13.5302891286868,10.2589527775704,46.3999999999998));
#9763=CARTESIAN_POINT('',(-3.37957587361524,12.915144866182,46.3999999999997));
#9764=CARTESIAN_POINT('',(-2.92880842767764,-13.0247679900246,46.3999999999999));
#9765=CARTESIAN_POINT('',(3.97137615222712,5.93333333333224,46.3999999999995));
#9766=CARTESIAN_POINT('',(3.97137615222712,5.93333333333224,46.3999999999995));
#9767=CARTESIAN_POINT('',(3.97137615222709,5.93333333333177,46.));
#9768=CARTESIAN_POINT('',(3.97137615222709,5.93333333333177,46.));
#9769=CARTESIAN_POINT('',(-2.92880842767726,-13.0247679900245,46.));
#9770=CARTESIAN_POINT('',(3.97137615222712,5.93333333333224,46.3999999999995));
#9771=CARTESIAN_POINT('',(8.90249659375824,5.93333333333201,46.3999999999997));
#9772=CARTESIAN_POINT('',(8.90249659375824,5.93333333333201,46.3999999999997));
#9773=CARTESIAN_POINT('',(8.90249659375823,5.93333333333178,46.));
#9774=CARTESIAN_POINT('',(8.90249659375823,5.93333333333178,46.));
#9775=CARTESIAN_POINT('',(3.97137615222709,5.93333333333177,46.));
#9776=CARTESIAN_POINT('',(5.31817674922368,-3.95555555555555,46.4000000000001));
#9777=CARTESIAN_POINT('',(8.19758571363669,3.95555555555399,46.4000000000002));
#9778=CARTESIAN_POINT('',(8.19758571363669,3.95555555555399,46.4000000000002));
#9779=CARTESIAN_POINT('',(8.19758571363674,3.95555555555397,46.));
#9780=CARTESIAN_POINT('',(8.19758571363674,3.95555555555397,46.));
#9781=CARTESIAN_POINT('',(5.31817674922374,-3.95555555555556,46.));
#9782=CARTESIAN_POINT('',(5.31817674922374,-3.95555555555556,46.));
#9783=CARTESIAN_POINT('',(5.31817674922368,-3.95555555555555,46.4000000000001));
#9784=CARTESIAN_POINT('',(8.19758571363669,3.95555555555399,46.4000000000002));
#9785=CARTESIAN_POINT('',(6.0928785636288,3.95555555555386,46.4000000000001));
#9786=CARTESIAN_POINT('',(6.0928785636288,3.95555555555386,46.4000000000001));
#9787=CARTESIAN_POINT('',(6.09287856362881,3.95555555555386,46.));
#9788=CARTESIAN_POINT('',(6.09287856362881,3.95555555555386,46.));
#9789=CARTESIAN_POINT('',(8.19758571363674,3.95555555555397,46.));
#9790=CARTESIAN_POINT('',(2.49361735809877,-5.9333333333333,46.4));
#9791=CARTESIAN_POINT('',(-0.205254212175506,-13.3484220306519,46.3999999999999));
#9792=CARTESIAN_POINT('',(-0.205254212175741,-13.3484220306516,46.));
#9793=CARTESIAN_POINT('',(2.49361735809877,-5.93333333333339,46.));
#9794=CARTESIAN_POINT('',(2.49361735809877,-5.93333333333339,46.));
#9795=CARTESIAN_POINT('',(2.49361735809877,-5.9333333333333,46.4));
#9796=CARTESIAN_POINT('',(6.03926408420388,-5.93333333333328,46.4));
#9797=CARTESIAN_POINT('',(2.49361735809877,-5.9333333333333,46.4));
#9798=CARTESIAN_POINT('',(2.49361735809877,-5.93333333333339,46.));
#9799=CARTESIAN_POINT('',(6.03926408420388,-5.93333333333333,46.));
#9800=CARTESIAN_POINT('',(6.03926408420388,-5.93333333333333,46.));
#9801=CARTESIAN_POINT('',(6.03926408420388,-5.93333333333328,46.4));
#9802=CARTESIAN_POINT('',(8.90249659375824,5.93333333333201,46.3999999999997));
#9803=CARTESIAN_POINT('',(9.94363069486133,5.9333333333319,46.3999999999998));
#9804=CARTESIAN_POINT('',(10.5408006823359,5.08048620603449,46.3999999999999));
#9805=CARTESIAN_POINT('',(11.1379706698104,4.22763907873708,46.4));
#9806=CARTESIAN_POINT('',(10.7818818353305,3.24929304668168,46.4));
#9807=CARTESIAN_POINT('',(10.7818818353305,3.24929304668168,46.4));
#9808=CARTESIAN_POINT('',(10.7818818353305,3.24929304668175,46.));
#9809=CARTESIAN_POINT('',(10.7818818353305,3.24929304668175,46.));
#9810=CARTESIAN_POINT('',(11.1379706698103,4.2276390787371,46.));
#9811=CARTESIAN_POINT('',(10.5408006823358,5.08048620603443,46.));
#9812=CARTESIAN_POINT('',(9.94363069486127,5.93333333333175,46.));
#9813=CARTESIAN_POINT('',(8.90249659375823,5.93333333333178,46.));
#9814=CARTESIAN_POINT('',(-3.07939280030932,5.93333333333286,46.3999999999999));
#9815=CARTESIAN_POINT('',(-0.989627011262484,5.93333333333295,46.3999999999998));
#9816=CARTESIAN_POINT('',(-0.989627011262484,5.93333333333295,46.3999999999998));
#9817=CARTESIAN_POINT('',(-0.989627011262488,5.93333333333275,46.));
#9818=CARTESIAN_POINT('',(-0.989627011262488,5.93333333333275,46.));
#9819=CARTESIAN_POINT('',(-3.07939280030928,5.93333333333253,46.));
#9820=CARTESIAN_POINT('',(-0.989627011262488,5.93333333333275,46.));
#9821=CARTESIAN_POINT('',(0.0515070898403648,5.93333333333297,46.));
#9822=CARTESIAN_POINT('',(0.648677077314926,5.08048620603589,46.));
#9823=CARTESIAN_POINT('',(1.24584706478949,4.22763907873881,46.));
#9824=CARTESIAN_POINT('',(0.889758230309847,3.2492930466836,46.));
#9825=CARTESIAN_POINT('',(3.21346959920493,-3.95555555555568,46.));
#9826=CARTESIAN_POINT('',(5.31817674922374,-3.95555555555556,46.));
#9827=CARTESIAN_POINT('',(-1.69453789140115,3.95555555555391,46.));
#9828=CARTESIAN_POINT('',(-3.79924504140894,3.95555555555398,46.));
#9829=CARTESIAN_POINT('',(10.7818818353305,3.24929304668168,46.4));
#9830=CARTESIAN_POINT('',(7.91864932577619,-4.61737361998339,46.4));
#9831=CARTESIAN_POINT('',(7.91864932577619,-4.61737361998339,46.4));
#9832=CARTESIAN_POINT('',(7.9186493257762,-4.61737361998333,46.));
#9833=CARTESIAN_POINT('',(10.7818818353305,3.24929304668175,46.));
#9834=CARTESIAN_POINT('',(7.9186493257762,-4.61737361998333,46.));
#9835=CARTESIAN_POINT('',(7.91864932577619,-4.61737361998339,46.4));
#9836=CARTESIAN_POINT('',(7.43967916062432,-5.93333333333333,46.4));
#9837=CARTESIAN_POINT('',(6.03926408420388,-5.93333333333328,46.4));
#9838=CARTESIAN_POINT('',(7.9186493257762,-4.61737361998333,46.));
#9839=CARTESIAN_POINT('',(7.43967916062436,-5.93333333333333,46.0000000000001));
#9840=CARTESIAN_POINT('',(6.03926408420388,-5.93333333333333,46.));
#9841=CARTESIAN_POINT('',(6.03926408420388,-5.93333333333333,48.));
#9842=CARTESIAN_POINT('',(2.49361735809877,-5.93333333333339,48.));
#9843=CARTESIAN_POINT('',(-3.07939280030928,5.93333333333253,48.));
#9844=CARTESIAN_POINT('',(-0.989627011262489,5.93333333333275,48.));
#9845=CARTESIAN_POINT('',(-2.45244444439506,-5.93333333333333,48.));
#9846=CARTESIAN_POINT('',(-5.29379909689722,-5.93333333333339,48.));
#9847=CARTESIAN_POINT('',(-1.69453789140115,3.95555555555391,48.));
#9848=CARTESIAN_POINT('',(-3.79924504140894,3.95555555555398,48.));
#9849=CARTESIAN_POINT('',(-7.398506246905,-5.93333333333332,48.));
#9850=CARTESIAN_POINT('',(-10.2398608994075,-5.93333333333327,48.));
#9851=CARTESIAN_POINT('',(3.97137615222709,5.93333333333177,48.));
#9852=CARTESIAN_POINT('',(8.90249659375823,5.93333333333177,48.));
#9853=CARTESIAN_POINT('',(6.09287856362881,3.95555555555386,47.3));
#9854=CARTESIAN_POINT('',(8.19758571363674,3.95555555555398,47.3));
#9855=CARTESIAN_POINT('',(5.31817674922374,-3.95555555555556,47.3));
#9856=CARTESIAN_POINT('',(3.21346959920493,-3.95555555555568,47.3));
#9857=CARTESIAN_POINT('',(2.49361735809877,-5.93333333333339,47.3));
#9858=CARTESIAN_POINT('',(6.03926408420388,-5.93333333333333,47.3));
#9859=CARTESIAN_POINT('',(8.90249659375823,5.93333333333177,47.3));
#9860=CARTESIAN_POINT('',(3.97137615222709,5.93333333333177,47.3));
#9861=CARTESIAN_POINT('',(-10.2398608994075,-5.93333333333327,47.3));
#9862=CARTESIAN_POINT('',(-7.398506246905,-5.93333333333332,47.3));
#9863=CARTESIAN_POINT('',(-3.79924504140894,3.95555555555398,47.3));
#9864=CARTESIAN_POINT('',(-2.94790282342896,3.95555555555395,47.3));
#9865=CARTESIAN_POINT('',(-2.94790282342896,3.95555555555395,47.3));
#9866=CARTESIAN_POINT('',(-2.54588010938126,3.95555555555398,47.3));
#9867=CARTESIAN_POINT('',(-2.54588010938126,3.95555555555398,47.3));
#9868=CARTESIAN_POINT('',(-1.69453789140115,3.95555555555391,47.3));
#9869=CARTESIAN_POINT('',(-5.29379909689722,-5.93333333333339,47.3));
#9870=CARTESIAN_POINT('',(-2.45244444439506,-5.93333333333333,47.3));
#9871=CARTESIAN_POINT('',(-0.989627011262489,5.93333333333275,47.3));
#9872=CARTESIAN_POINT('',(-3.07939280030928,5.93333333333253,47.3));
#9873=CARTESIAN_POINT('',(-15.5,-7.85046229341887E-16,48.));
#9874=CARTESIAN_POINT('',(-15.5,15.5,48.));
#9875=CARTESIAN_POINT('',(-9.49101269339199E-16,15.5,48.));
#9876=CARTESIAN_POINT('',(15.5,15.5,48.));
#9877=CARTESIAN_POINT('',(15.5,-7.85046229341887E-16,48.));
#9878=CARTESIAN_POINT('',(15.5,-7.85046229341887E-16,48.));
#9879=CARTESIAN_POINT('',(15.5,-15.5,48.));
#9880=CARTESIAN_POINT('',(1.83727968903932E-15,-15.5,48.));
#9881=CARTESIAN_POINT('',(-15.5,-15.5,48.));
#9882=CARTESIAN_POINT('',(-15.5,-7.85046229341887E-16,48.));
#9883=CARTESIAN_POINT('',(-15.5,-7.85046229341887E-16,47.3));
#9884=CARTESIAN_POINT('',(-15.5,-15.5,47.3));
#9885=CARTESIAN_POINT('',(-9.49101269339199E-16,-15.5,47.3));
#9886=CARTESIAN_POINT('',(15.5,-15.5,47.3));
#9887=CARTESIAN_POINT('',(15.5,-7.85046229341887E-16,47.3));
#9888=CARTESIAN_POINT('',(15.5,-7.85046229341887E-16,47.3));
#9889=CARTESIAN_POINT('',(15.5,15.5,47.3));
#9890=CARTESIAN_POINT('',(9.49101269339199E-16,15.5,47.3));
#9891=CARTESIAN_POINT('',(-15.5,15.5,47.3));
#9892=CARTESIAN_POINT('',(-15.5,-7.85046229341887E-16,47.3));
#9893=CARTESIAN_POINT('',(15.5,6.67893785601906E-16,48.));
#9894=CARTESIAN_POINT('',(15.5,-8.50668245340812E-16,47.3));
#9895=CARTESIAN_POINT('',(-15.5,-1.60994926081217E-15,48.));
#9896=CARTESIAN_POINT('',(-15.5,-9.13872298694528E-17,47.3));
#9897=CARTESIAN_POINT('',(6.03926408420388,-5.93333333333333,48.));
#9898=CARTESIAN_POINT('',(6.03926408420388,-5.93333333333333,47.3));
#9899=CARTESIAN_POINT('',(2.49361735809877,-5.93333333333339,47.3));
#9900=CARTESIAN_POINT('',(2.49361735809877,-5.93333333333339,48.));
#9901=CARTESIAN_POINT('',(-0.205254212175739,-13.3484220306516,47.3));
#9902=CARTESIAN_POINT('',(2.49361735809877,-5.93333333333339,47.3));
#9903=CARTESIAN_POINT('',(2.49361735809877,-5.93333333333339,48.));
#9904=CARTESIAN_POINT('',(-0.205254212175743,-13.3484220306516,48.));
#9905=CARTESIAN_POINT('',(-0.205254212175738,-13.3484220306516,48.));
#9906=CARTESIAN_POINT('',(5.41003104421414,-13.4347663902168,48.));
#9907=CARTESIAN_POINT('',(9.39845498191617,-9.48111512180383,48.));
#9908=CARTESIAN_POINT('',(13.3868789196182,-5.52746385339083,48.));
#9909=CARTESIAN_POINT('',(13.3497075669612,0.0883621899976148,48.));
#9910=CARTESIAN_POINT('',(13.3125362143042,5.70418823338606,48.));
#9911=CARTESIAN_POINT('',(9.27212531575862,9.6046963579735,48.));
#9912=CARTESIAN_POINT('',(5.23171441721308,13.5052044825609,48.));
#9913=CARTESIAN_POINT('',(-0.381935848394515,13.3445353987208,48.));
#9914=CARTESIAN_POINT('',(-0.205254212175743,-13.3484220306516,48.));
#9915=CARTESIAN_POINT('',(-0.205254212175739,-13.3484220306516,47.3));
#9916=CARTESIAN_POINT('',(-0.381935848394503,13.3445353987208,47.3));
#9917=CARTESIAN_POINT('',(5.23171441721309,13.5052044825609,47.3));
#9918=CARTESIAN_POINT('',(9.27212531575863,9.6046963579735,47.3));
#9919=CARTESIAN_POINT('',(13.3125362143042,5.70418823338605,47.3));
#9920=CARTESIAN_POINT('',(13.3497075669612,0.0883621899976093,47.3));
#9921=CARTESIAN_POINT('',(13.3868789196182,-5.52746385339083,47.3));
#9922=CARTESIAN_POINT('',(9.39845498191617,-9.48111512180383,47.3));
#9923=CARTESIAN_POINT('',(5.41003104421414,-13.4347663902168,47.3));
#9924=CARTESIAN_POINT('',(-0.205254212175737,-13.3484220306516,47.3));
#9925=CARTESIAN_POINT('',(-0.381935848394509,13.3445353987208,47.3));
#9926=CARTESIAN_POINT('',(-0.381935848394516,13.3445353987208,48.));
#9927=CARTESIAN_POINT('',(-3.07939280030928,5.93333333333253,47.3));
#9928=CARTESIAN_POINT('',(-0.381935848394509,13.3445353987208,47.3));
#9929=CARTESIAN_POINT('',(-3.07939280030928,5.93333333333253,47.3));
#9930=CARTESIAN_POINT('',(-3.07939280030928,5.93333333333253,48.));
#9931=CARTESIAN_POINT('',(-0.381935848394516,13.3445353987208,48.));
#9932=CARTESIAN_POINT('',(-3.07939280030928,5.93333333333253,48.));
#9933=CARTESIAN_POINT('',(-0.989627011262489,5.93333333333275,47.3));
#9934=CARTESIAN_POINT('',(-0.989627011262489,5.93333333333275,48.));
#9935=CARTESIAN_POINT('',(0.889758230309847,3.2492930466836,47.3));
#9936=CARTESIAN_POINT('',(1.24584706478948,4.22763907873881,47.3));
#9937=CARTESIAN_POINT('',(0.648677077314924,5.08048620603589,47.3));
#9938=CARTESIAN_POINT('',(0.0515070898403639,5.93333333333297,47.3));
#9939=CARTESIAN_POINT('',(-0.989627011262488,5.93333333333275,47.3));
#9940=CARTESIAN_POINT('',(0.889758230309847,3.2492930466836,48.));
#9941=CARTESIAN_POINT('',(0.889758230309847,3.2492930466836,47.3));
#9942=CARTESIAN_POINT('',(-0.989627011262488,5.93333333333275,48.));
#9943=CARTESIAN_POINT('',(0.0515070898403637,5.93333333333296,48.));
#9944=CARTESIAN_POINT('',(0.648677077314925,5.08048620603589,48.));
#9945=CARTESIAN_POINT('',(1.24584706478949,4.22763907873881,48.));
#9946=CARTESIAN_POINT('',(0.889758230309848,3.2492930466836,48.));
#9947=CARTESIAN_POINT('',(-2.45244444439506,-5.93333333333333,47.3));
#9948=CARTESIAN_POINT('',(0.889758230309847,3.2492930466836,47.3));
#9949=CARTESIAN_POINT('',(0.889758230309847,3.2492930466836,48.));
#9950=CARTESIAN_POINT('',(-2.45244444439506,-5.93333333333333,48.));
#9951=CARTESIAN_POINT('',(-2.45244444439506,-5.93333333333333,48.));
#9952=CARTESIAN_POINT('',(-2.45244444439506,-5.93333333333333,47.3));
#9953=CARTESIAN_POINT('',(-5.29379909689722,-5.93333333333339,47.3));
#9954=CARTESIAN_POINT('',(-5.29379909689722,-5.93333333333339,48.));
#9955=CARTESIAN_POINT('',(-1.69453789140115,3.95555555555391,47.3));
#9956=CARTESIAN_POINT('',(-5.29379909689722,-5.93333333333339,47.3));
#9957=CARTESIAN_POINT('',(-5.29379909689722,-5.93333333333339,48.));
#9958=CARTESIAN_POINT('',(-1.69453789140115,3.95555555555391,48.));
#9959=CARTESIAN_POINT('',(-7.398506246905,-5.93333333333332,47.3));
#9960=CARTESIAN_POINT('',(-3.79924504140894,3.95555555555398,47.3));
#9961=CARTESIAN_POINT('',(-3.79924504140894,3.95555555555398,48.));
#9962=CARTESIAN_POINT('',(-7.398506246905,-5.93333333333332,48.));
#9963=CARTESIAN_POINT('',(-7.398506246905,-5.93333333333332,48.));
#9964=CARTESIAN_POINT('',(-7.398506246905,-5.93333333333332,47.3));
#9965=CARTESIAN_POINT('',(-10.2398608994075,-5.93333333333327,47.3));
#9966=CARTESIAN_POINT('',(-10.2398608994075,-5.93333333333327,48.));
#9967=CARTESIAN_POINT('',(-3.37957587361544,12.9151448661825,47.3));
#9968=CARTESIAN_POINT('',(-10.2398608994075,-5.93333333333327,47.3));
#9969=CARTESIAN_POINT('',(-10.2398608994075,-5.93333333333327,48.));
#9970=CARTESIAN_POINT('',(-3.37957587361544,12.9151448661825,48.));
#9971=CARTESIAN_POINT('',(-3.37957587361544,12.9151448661825,48.));
#9972=CARTESIAN_POINT('',(-13.5302891286872,10.2589527775707,48.));
#9973=CARTESIAN_POINT('',(-13.3479847868546,-0.231952861374058,48.));
#9974=CARTESIAN_POINT('',(-13.165680445022,-10.7228585003188,48.));
#9975=CARTESIAN_POINT('',(-2.92880842767727,-13.0247679900245,48.));
#9976=CARTESIAN_POINT('',(-3.37957587361544,12.9151448661825,48.));
#9977=CARTESIAN_POINT('',(-3.37957587361544,12.9151448661825,47.3));
#9978=CARTESIAN_POINT('',(-2.92880842767727,-13.0247679900245,47.3));
#9979=CARTESIAN_POINT('',(-13.165680445022,-10.7228585003188,47.3));
#9980=CARTESIAN_POINT('',(-13.3479847868546,-0.231952861374054,47.3));
#9981=CARTESIAN_POINT('',(-13.5302891286872,10.2589527775707,47.3));
#9982=CARTESIAN_POINT('',(-3.37957587361544,12.9151448661825,47.3));
#9983=CARTESIAN_POINT('',(-2.92880842767727,-13.0247679900245,47.3));
#9984=CARTESIAN_POINT('',(-2.92880842767727,-13.0247679900245,48.));
#9985=CARTESIAN_POINT('',(3.97137615222709,5.93333333333177,47.3));
#9986=CARTESIAN_POINT('',(-2.92880842767727,-13.0247679900245,47.3));
#9987=CARTESIAN_POINT('',(3.97137615222709,5.93333333333177,47.3));
#9988=CARTESIAN_POINT('',(3.97137615222709,5.93333333333177,48.));
#9989=CARTESIAN_POINT('',(-2.92880842767727,-13.0247679900245,48.));
#9990=CARTESIAN_POINT('',(3.97137615222709,5.93333333333177,48.));
#9991=CARTESIAN_POINT('',(8.90249659375823,5.93333333333177,47.3));
#9992=CARTESIAN_POINT('',(8.90249659375823,5.93333333333177,48.));
#9993=CARTESIAN_POINT('',(10.7818818353305,3.24929304668175,47.3));
#9994=CARTESIAN_POINT('',(11.1379706698103,4.2276390787371,47.3));
#9995=CARTESIAN_POINT('',(10.5408006823358,5.08048620603442,47.3));
#9996=CARTESIAN_POINT('',(9.94363069486126,5.93333333333174,47.3));
#9997=CARTESIAN_POINT('',(8.90249659375823,5.93333333333177,47.3));
#9998=CARTESIAN_POINT('',(10.7818818353305,3.24929304668175,48.));
#9999=CARTESIAN_POINT('',(10.7818818353305,3.24929304668175,47.3));
#10000=CARTESIAN_POINT('',(8.90249659375823,5.93333333333177,48.));
#10001=CARTESIAN_POINT('',(9.94363069486126,5.93333333333174,48.));
#10002=CARTESIAN_POINT('',(10.5408006823358,5.08048620603442,48.));
#10003=CARTESIAN_POINT('',(11.1379706698103,4.2276390787371,48.));
#10004=CARTESIAN_POINT('',(10.7818818353305,3.24929304668175,48.));
#10005=CARTESIAN_POINT('',(7.9186493257762,-4.61737361998335,47.3));
#10006=CARTESIAN_POINT('',(10.7818818353305,3.24929304668175,47.3));
#10007=CARTESIAN_POINT('',(10.7818818353305,3.24929304668175,48.));
#10008=CARTESIAN_POINT('',(7.9186493257762,-4.61737361998335,48.));
#10009=CARTESIAN_POINT('',(7.9186493257762,-4.61737361998335,47.3));
#10010=CARTESIAN_POINT('',(7.9186493257762,-4.61737361998335,48.));
#10011=CARTESIAN_POINT('',(6.03926408420388,-5.93333333333333,47.3));
#10012=CARTESIAN_POINT('',(7.43967916062435,-5.93333333333333,47.3));
#10013=CARTESIAN_POINT('',(7.9186493257762,-4.61737361998335,47.3));
#10014=CARTESIAN_POINT('',(7.9186493257762,-4.61737361998335,48.));
#10015=CARTESIAN_POINT('',(7.43967916062436,-5.93333333333333,48.));
#10016=CARTESIAN_POINT('',(6.03926408420388,-5.93333333333333,48.));
#10017=CARTESIAN_POINT('',(3.21346959920493,-3.95555555555568,47.3));
#10018=CARTESIAN_POINT('',(6.09287856362881,3.95555555555386,47.3));
#10019=CARTESIAN_POINT('',(6.0928785636288,3.95555555555385,48.));
#10020=CARTESIAN_POINT('',(3.21346959920493,-3.95555555555568,48.));
#10021=CARTESIAN_POINT('',(3.21346959920493,-3.95555555555568,48.));
#10022=CARTESIAN_POINT('',(3.21346959920493,-3.95555555555568,47.3));
#10023=CARTESIAN_POINT('',(5.31817674922374,-3.95555555555556,47.3));
#10024=CARTESIAN_POINT('',(5.31817674922374,-3.95555555555556,48.));
#10025=CARTESIAN_POINT('',(8.19758571363674,3.95555555555398,47.3));
#10026=CARTESIAN_POINT('',(5.31817674922374,-3.95555555555556,47.3));
#10027=CARTESIAN_POINT('',(5.31817674922374,-3.95555555555556,48.));
#10028=CARTESIAN_POINT('',(8.19758571363674,3.95555555555397,48.));
#10029=CARTESIAN_POINT('',(8.19758571363674,3.95555555555397,48.));
#10030=CARTESIAN_POINT('',(8.19758571363674,3.95555555555398,47.3));
#10031=CARTESIAN_POINT('',(6.09287856362881,3.95555555555386,47.3));
#10032=CARTESIAN_POINT('',(6.0928785636288,3.95555555555385,48.));
#10033=CARTESIAN_POINT('',(-28.4754335021233,-27.0612199397501,46.));
#10034=CARTESIAN_POINT('',(-30.3754335021233,-28.96121993975,42.2));
#10035=CARTESIAN_POINT('',(-30.3754335021233,-28.96121993975,42.2));
#10036=CARTESIAN_POINT('',(-28.9612199397501,-30.375433502123,42.2));
#10037=CARTESIAN_POINT('',(-28.9612199397501,-30.375433502123,42.2));
#10038=CARTESIAN_POINT('',(-27.0612199397501,-28.4754335021231,46.));
#10039=CARTESIAN_POINT('',(-30.1715728752537,-34.,37.3650805666196));
#10040=CARTESIAN_POINT('',(-25.3650805666195,-34.,42.1715728752538));
#10041=CARTESIAN_POINT('',(-30.1715728752538,-25.3650805666195,46.));
#10042=CARTESIAN_POINT('',(-28.4754335021233,-27.0612199397501,46.));
#10043=CARTESIAN_POINT('',(-20.95,-20.,46.));
#10044=CARTESIAN_POINT('',(-20.95,-19.05,46.));
#10045=CARTESIAN_POINT('',(-20.,-19.05,46.));
#10046=CARTESIAN_POINT('',(-19.05,-19.05,46.));
#10047=CARTESIAN_POINT('',(-19.05,-20.,46.));
#10048=CARTESIAN_POINT('',(-19.05,-20.,46.));
#10049=CARTESIAN_POINT('',(-19.05,-20.95,46.));
#10050=CARTESIAN_POINT('',(-20.,-20.95,46.));
#10051=CARTESIAN_POINT('',(-20.95,-20.95,46.));
#10052=CARTESIAN_POINT('',(-20.95,-20.,46.));
#10053=CARTESIAN_POINT('',(-20.95,-20.,42.2));
#10054=CARTESIAN_POINT('',(-20.95,-20.95,42.2));
#10055=CARTESIAN_POINT('',(-20.,-20.95,42.2));
#10056=CARTESIAN_POINT('',(-19.05,-20.95,42.2));
#10057=CARTESIAN_POINT('',(-19.05,-20.,42.2));
#10058=CARTESIAN_POINT('',(-19.05,-20.,42.2));
#10059=CARTESIAN_POINT('',(-19.05,-19.05,42.2));
#10060=CARTESIAN_POINT('',(-20.,-19.05,42.2));
#10061=CARTESIAN_POINT('',(-20.95,-19.05,42.2));
#10062=CARTESIAN_POINT('',(-20.95,-20.,42.2));
#10063=CARTESIAN_POINT('',(-19.05,-20.,46.));
#10064=CARTESIAN_POINT('',(-19.05,-20.,42.2));
#10065=CARTESIAN_POINT('',(-20.95,-20.,46.));
#10066=CARTESIAN_POINT('',(-20.95,-20.,42.2));
#10067=CARTESIAN_POINT('',(-30.3754335021233,-28.96121993975,42.2));
#10068=CARTESIAN_POINT('',(-23.6628740438305,-22.2486604814572,42.2));
#10069=CARTESIAN_POINT('',(-28.4754335021233,-27.0612199397501,46.));
#10070=CARTESIAN_POINT('',(-23.6628740438305,-22.2486604814573,46.));
#10071=CARTESIAN_POINT('',(-23.6628740438305,-22.2486604814573,46.));
#10072=CARTESIAN_POINT('',(-23.6628740438305,-22.2486604814572,42.2));
#10073=CARTESIAN_POINT('',(-26.5,-14.5,40.6));
#10074=CARTESIAN_POINT('',(-26.5,-14.5,46.));
#10075=CARTESIAN_POINT('',(-26.5,-14.5,46.));
#10076=CARTESIAN_POINT('',(-26.5,14.5,46.));
#10077=CARTESIAN_POINT('',(-26.5,14.5,46.));
#10078=CARTESIAN_POINT('',(-26.5,14.5,40.6));
#10079=CARTESIAN_POINT('',(-26.5,14.5,40.6));
#10080=CARTESIAN_POINT('',(-26.5,-14.5,40.6));
#10081=CARTESIAN_POINT('',(27.0612199397501,-28.4754335021233,46.));
#10082=CARTESIAN_POINT('',(28.96121993975,-30.3754335021232,42.2));
#10083=CARTESIAN_POINT('',(28.96121993975,-30.3754335021232,42.2));
#10084=CARTESIAN_POINT('',(30.375433502123,-28.9612199397501,42.2));
#10085=CARTESIAN_POINT('',(30.375433502123,-28.9612199397501,42.2));
#10086=CARTESIAN_POINT('',(28.4754335021231,-27.0612199397501,46.));
#10087=CARTESIAN_POINT('',(28.4754335021231,-27.0612199397501,46.));
#10088=CARTESIAN_POINT('',(30.1715728752537,-25.3650805666194,46.0000000000001));
#10089=CARTESIAN_POINT('',(33.9999999999999,-30.1715728752538,37.3650805666196));
#10090=CARTESIAN_POINT('',(33.9999999999999,-25.3650805666194,42.1715728752539));
#10091=CARTESIAN_POINT('',(19.05,-20.,46.));
#10092=CARTESIAN_POINT('',(19.05,-19.05,46.));
#10093=CARTESIAN_POINT('',(20.,-19.05,46.));
#10094=CARTESIAN_POINT('',(20.95,-19.05,46.));
#10095=CARTESIAN_POINT('',(20.95,-20.,46.));
#10096=CARTESIAN_POINT('',(20.95,-20.,46.));
#10097=CARTESIAN_POINT('',(20.95,-20.95,46.));
#10098=CARTESIAN_POINT('',(20.,-20.95,46.));
#10099=CARTESIAN_POINT('',(19.05,-20.95,46.));
#10100=CARTESIAN_POINT('',(19.05,-20.,46.));
#10101=CARTESIAN_POINT('',(19.05,-20.,42.2));
#10102=CARTESIAN_POINT('',(19.05,-20.95,42.2));
#10103=CARTESIAN_POINT('',(20.,-20.95,42.2));
#10104=CARTESIAN_POINT('',(20.95,-20.95,42.2));
#10105=CARTESIAN_POINT('',(20.95,-20.,42.2));
#10106=CARTESIAN_POINT('',(20.95,-20.,42.2));
#10107=CARTESIAN_POINT('',(20.95,-19.05,42.2));
#10108=CARTESIAN_POINT('',(20.,-19.05,42.2));
#10109=CARTESIAN_POINT('',(19.05,-19.05,42.2));
#10110=CARTESIAN_POINT('',(19.05,-20.,42.2));
#10111=CARTESIAN_POINT('',(20.95,-20.,46.));
#10112=CARTESIAN_POINT('',(20.95,-20.,42.2));
#10113=CARTESIAN_POINT('',(19.05,-20.,46.));
#10114=CARTESIAN_POINT('',(19.05,-20.,42.2));
#10115=CARTESIAN_POINT('',(28.96121993975,-30.3754335021232,42.2));
#10116=CARTESIAN_POINT('',(22.2486604814572,-23.6628740438305,42.2));
#10117=CARTESIAN_POINT('',(22.2486604814573,-23.6628740438305,46.));
#10118=CARTESIAN_POINT('',(27.0612199397501,-28.4754335021233,46.));
#10119=CARTESIAN_POINT('',(-3.18747549010181,-25.3,42.2));
#10120=CARTESIAN_POINT('',(-3.18747549010181,-25.3,44.2));
#10121=CARTESIAN_POINT('',(-25.3,-3.18747549010184,42.2));
#10122=CARTESIAN_POINT('',(-22.8258204285576,-22.8258204285576,42.2));
#10123=CARTESIAN_POINT('',(-3.18747549010181,-25.3,42.2));
#10124=CARTESIAN_POINT('',(-25.3,-3.18747549010184,44.2));
#10125=CARTESIAN_POINT('',(-25.3,-3.18747549010184,42.2));
#10126=CARTESIAN_POINT('',(-3.18747549010181,-25.3,44.2));
#10127=CARTESIAN_POINT('',(-22.8258204285576,-22.8258204285576,44.1999999999999));
#10128=CARTESIAN_POINT('',(-25.3,-3.18747549010184,44.2));
#10129=CARTESIAN_POINT('',(-3.18747549010181,-25.3,42.2));
#10130=CARTESIAN_POINT('',(-14.5,-25.3,42.2));
#10131=CARTESIAN_POINT('',(-25.3,-14.5,42.2));
#10132=CARTESIAN_POINT('',(-25.3,-3.18747549010184,42.2));
#10133=CARTESIAN_POINT('',(-27.0612199397501,-28.4754335021231,46.));
#10134=CARTESIAN_POINT('',(-22.2486604814574,-23.6628740438304,46.));
#10135=CARTESIAN_POINT('',(-22.2486604814574,-23.6628740438304,42.2));
#10136=CARTESIAN_POINT('',(-28.9612199397501,-30.375433502123,42.2));
#10137=CARTESIAN_POINT('',(28.4754335021233,27.06121993975,45.9999999999999));
#10138=CARTESIAN_POINT('',(30.3754335021233,28.96121993975,42.1999999999999));
#10139=CARTESIAN_POINT('',(30.3754335021233,28.96121993975,42.1999999999999));
#10140=CARTESIAN_POINT('',(28.9612199397501,30.3754335021231,42.1999999999999));
#10141=CARTESIAN_POINT('',(28.9612199397501,30.3754335021231,42.1999999999999));
#10142=CARTESIAN_POINT('',(27.0612199397501,28.4754335021231,45.9999999999999));
#10143=CARTESIAN_POINT('',(27.0612199397501,28.4754335021231,45.9999999999999));
#10144=CARTESIAN_POINT('',(25.3650805666196,30.1715728752537,46.));
#10145=CARTESIAN_POINT('',(30.1715728752539,33.9999999999999,37.3650805666195));
#10146=CARTESIAN_POINT('',(25.3650805666195,33.9999999999999,42.1715728752538));
#10147=CARTESIAN_POINT('',(30.1715728752537,25.3650805666196,46.));
#10148=CARTESIAN_POINT('',(28.4754335021233,27.06121993975,45.9999999999999));
#10149=CARTESIAN_POINT('',(23.6628740438305,22.2486604814572,42.2));
#10150=CARTESIAN_POINT('',(30.3754335021233,28.96121993975,42.1999999999999));
#10151=CARTESIAN_POINT('',(28.4754335021233,27.06121993975,45.9999999999999));
#10152=CARTESIAN_POINT('',(23.6628740438305,22.2486604814573,46.));
#10153=CARTESIAN_POINT('',(23.6628740438305,22.2486604814573,46.));
#10154=CARTESIAN_POINT('',(23.6628740438305,22.2486604814572,42.2));
#10155=CARTESIAN_POINT('',(19.05,20.,46.));
#10156=CARTESIAN_POINT('',(19.05,20.95,46.));
#10157=CARTESIAN_POINT('',(20.,20.95,46.));
#10158=CARTESIAN_POINT('',(20.95,20.95,46.));
#10159=CARTESIAN_POINT('',(20.95,20.,46.));
#10160=CARTESIAN_POINT('',(20.95,20.,46.));
#10161=CARTESIAN_POINT('',(20.95,19.05,46.));
#10162=CARTESIAN_POINT('',(20.,19.05,46.));
#10163=CARTESIAN_POINT('',(19.05,19.05,46.));
#10164=CARTESIAN_POINT('',(19.05,20.,46.));
#10165=CARTESIAN_POINT('',(19.05,20.,42.2));
#10166=CARTESIAN_POINT('',(19.05,19.05,42.2));
#10167=CARTESIAN_POINT('',(20.,19.05,42.2));
#10168=CARTESIAN_POINT('',(20.95,19.05,42.2));
#10169=CARTESIAN_POINT('',(20.95,20.,42.2));
#10170=CARTESIAN_POINT('',(20.95,20.,42.2));
#10171=CARTESIAN_POINT('',(20.95,20.95,42.2));
#10172=CARTESIAN_POINT('',(20.,20.95,42.2));
#10173=CARTESIAN_POINT('',(19.05,20.95,42.2));
#10174=CARTESIAN_POINT('',(19.05,20.,42.2));
#10175=CARTESIAN_POINT('',(20.95,20.,46.));
#10176=CARTESIAN_POINT('',(20.95,20.,42.2));
#10177=CARTESIAN_POINT('',(19.05,20.,46.));
#10178=CARTESIAN_POINT('',(19.05,20.,42.2));
#10179=CARTESIAN_POINT('',(22.2486604814574,23.6628740438303,46.));
#10180=CARTESIAN_POINT('',(27.0612199397501,28.4754335021231,45.9999999999999));
#10181=CARTESIAN_POINT('',(28.9612199397501,30.3754335021231,42.1999999999999));
#10182=CARTESIAN_POINT('',(22.2486604814574,23.6628740438303,42.2));
#10183=CARTESIAN_POINT('',(22.2486604814574,23.6628740438303,42.2));
#10184=CARTESIAN_POINT('',(22.2486604814574,23.6628740438303,46.));
#10185=CARTESIAN_POINT('',(23.6628740438303,-22.2486604814574,46.));
#10186=CARTESIAN_POINT('',(28.4754335021231,-27.0612199397501,46.));
#10187=CARTESIAN_POINT('',(23.6628740438304,-22.2486604814574,42.2));
#10188=CARTESIAN_POINT('',(30.375433502123,-28.9612199397501,42.2));
#10189=CARTESIAN_POINT('',(23.6628740438304,-22.2486604814574,42.2));
#10190=CARTESIAN_POINT('',(23.6628740438303,-22.2486604814574,46.));
#10191=CARTESIAN_POINT('',(26.5,14.5,40.6));
#10192=CARTESIAN_POINT('',(26.5,14.5,46.));
#10193=CARTESIAN_POINT('',(26.5,14.5,46.));
#10194=CARTESIAN_POINT('',(26.5,-14.5,46.));
#10195=CARTESIAN_POINT('',(26.5,-14.5,46.));
#10196=CARTESIAN_POINT('',(26.5,-14.5,40.6));
#10197=CARTESIAN_POINT('',(26.5,-14.5,40.6));
#10198=CARTESIAN_POINT('',(26.5,14.5,40.6));
#10199=CARTESIAN_POINT('',(-27.06121993975,28.4754335021232,46.));
#10200=CARTESIAN_POINT('',(-25.3650805666195,30.1715728752537,46.0000000000001));
#10201=CARTESIAN_POINT('',(14.5,26.5,46.));
#10202=CARTESIAN_POINT('',(-14.5,26.5,46.));
#10203=CARTESIAN_POINT('',(-30.1715728752538,25.3650805666194,46.));
#10204=CARTESIAN_POINT('',(-28.475433502123,27.0612199397501,46.));
#10205=CARTESIAN_POINT('',(-27.06121993975,28.4754335021232,46.));
#10206=CARTESIAN_POINT('',(-28.96121993975,30.3754335021232,42.2));
#10207=CARTESIAN_POINT('',(-28.96121993975,30.3754335021232,42.2));
#10208=CARTESIAN_POINT('',(-30.375433502123,28.9612199397501,42.2));
#10209=CARTESIAN_POINT('',(-30.375433502123,28.9612199397501,42.2));
#10210=CARTESIAN_POINT('',(-28.475433502123,27.0612199397501,46.));
#10211=CARTESIAN_POINT('',(-34.0000000000001,30.1715728752537,37.3650805666196));
#10212=CARTESIAN_POINT('',(-34.,25.3650805666194,42.1715728752538));
#10213=CARTESIAN_POINT('',(-22.2486604814572,23.6628740438305,42.2));
#10214=CARTESIAN_POINT('',(-28.96121993975,30.3754335021232,42.2));
#10215=CARTESIAN_POINT('',(-22.2486604814573,23.6628740438305,46.));
#10216=CARTESIAN_POINT('',(-27.06121993975,28.4754335021232,46.));
#10217=CARTESIAN_POINT('',(-22.2486604814573,23.6628740438305,46.));
#10218=CARTESIAN_POINT('',(-22.2486604814572,23.6628740438305,42.2));
#10219=CARTESIAN_POINT('',(-20.95,20.,46.));
#10220=CARTESIAN_POINT('',(-20.95,20.95,46.));
#10221=CARTESIAN_POINT('',(-20.,20.95,46.));
#10222=CARTESIAN_POINT('',(-19.05,20.95,46.));
#10223=CARTESIAN_POINT('',(-19.05,20.,46.));
#10224=CARTESIAN_POINT('',(-19.05,20.,46.));
#10225=CARTESIAN_POINT('',(-19.05,19.05,46.));
#10226=CARTESIAN_POINT('',(-20.,19.05,46.));
#10227=CARTESIAN_POINT('',(-20.95,19.05,46.));
#10228=CARTESIAN_POINT('',(-20.95,20.,46.));
#10229=CARTESIAN_POINT('',(-20.95,20.,42.2));
#10230=CARTESIAN_POINT('',(-20.95,19.05,42.2));
#10231=CARTESIAN_POINT('',(-20.,19.05,42.2));
#10232=CARTESIAN_POINT('',(-19.05,19.05,42.2));
#10233=CARTESIAN_POINT('',(-19.05,20.,42.2));
#10234=CARTESIAN_POINT('',(-19.05,20.,42.2));
#10235=CARTESIAN_POINT('',(-19.05,20.95,42.2));
#10236=CARTESIAN_POINT('',(-20.,20.95,42.2));
#10237=CARTESIAN_POINT('',(-20.95,20.95,42.2));
#10238=CARTESIAN_POINT('',(-20.95,20.,42.2));
#10239=CARTESIAN_POINT('',(-19.05,20.,46.));
#10240=CARTESIAN_POINT('',(-19.05,20.,42.2));
#10241=CARTESIAN_POINT('',(-20.95,20.,46.));
#10242=CARTESIAN_POINT('',(-20.95,20.,42.2));
#10243=CARTESIAN_POINT('',(-25.3,3.18747549010184,42.2));
#10244=CARTESIAN_POINT('',(-25.3,14.5,42.2));
#10245=CARTESIAN_POINT('',(-14.5,25.3,42.2));
#10246=CARTESIAN_POINT('',(-3.18747549010184,25.3,42.2));
#10247=CARTESIAN_POINT('',(-28.475433502123,27.0612199397501,46.));
#10248=CARTESIAN_POINT('',(-23.6628740438303,22.2486604814574,46.));
#10249=CARTESIAN_POINT('',(-23.6628740438303,22.2486604814574,42.2));
#10250=CARTESIAN_POINT('',(-30.375433502123,28.9612199397501,42.2));
#10251=CARTESIAN_POINT('',(3.18747549010184,25.3,42.2));
#10252=CARTESIAN_POINT('',(14.5,25.3,42.2));
#10253=CARTESIAN_POINT('',(25.3,14.5,42.2));
#10254=CARTESIAN_POINT('',(25.3,3.1874754901018,42.2));
#10255=CARTESIAN_POINT('',(-36.0000000000001,26.0007550570111,42.9999999999999));
#10256=CARTESIAN_POINT('',(-36.0000000000001,30.9999999999999,38.0007550570111));
#10257=CARTESIAN_POINT('',(-26.0007550570111,30.9999999999999,48.));
#10258=CARTESIAN_POINT('',(-26.0007550570111,35.9999999999999,43.));
#10259=CARTESIAN_POINT('',(4.98470862133028,-23.9596714732501,47.4));
#10260=CARTESIAN_POINT('',(1.94205047811108E-14,-24.996719083327,47.4));
#10261=CARTESIAN_POINT('',(-4.9847086213302,-23.9596714732499,47.4));
#10262=CARTESIAN_POINT('',(4.98470862133028,-23.9596714732501,44.2));
#10263=CARTESIAN_POINT('',(4.98470862133028,-23.9596714732501,47.4));
#10264=CARTESIAN_POINT('',(-4.98470862133021,-23.9596714732499,44.2));
#10265=CARTESIAN_POINT('',(1.6929284990073E-14,-24.9967190833271,44.2));
#10266=CARTESIAN_POINT('',(4.98470862133028,-23.9596714732501,44.2));
#10267=CARTESIAN_POINT('',(-4.9847086213302,-23.9596714732499,47.4));
#10268=CARTESIAN_POINT('',(-4.98470862133021,-23.9596714732499,44.2));
#10269=CARTESIAN_POINT('',(5.27211672898514,-23.4886296694812,47.4));
#10270=CARTESIAN_POINT('',(5.27211672898514,-23.4886296694812,44.2));
#10271=CARTESIAN_POINT('',(5.27211672898514,-23.4886296694812,44.2));
#10272=CARTESIAN_POINT('',(4.98470862133028,-23.9596714732501,44.2));
#10273=CARTESIAN_POINT('',(4.98470862133028,-23.9596714732501,47.4));
#10274=CARTESIAN_POINT('',(5.27211672898514,-23.4886296694812,47.4));
#10275=CARTESIAN_POINT('',(3.60352761804859,-17.261370330515,47.4));
#10276=CARTESIAN_POINT('',(3.60352761804859,-17.261370330515,44.2));
#10277=CARTESIAN_POINT('',(3.60352761804859,-17.261370330515,44.2));
#10278=CARTESIAN_POINT('',(5.27211672898514,-23.4886296694812,44.2));
#10279=CARTESIAN_POINT('',(5.27211672898514,-23.4886296694812,47.4));
#10280=CARTESIAN_POINT('',(3.60352761804859,-17.261370330515,47.4));
#10281=CARTESIAN_POINT('',(3.10741923944518,-16.9516834170043,47.4));
#10282=CARTESIAN_POINT('',(3.10741923944519,-16.9516834170043,44.2));
#10283=CARTESIAN_POINT('',(3.10741923944519,-16.9516834170043,44.2));
#10284=CARTESIAN_POINT('',(3.60352761804859,-17.261370330515,44.2));
#10285=CARTESIAN_POINT('',(3.60352761804859,-17.261370330515,47.4));
#10286=CARTESIAN_POINT('',(3.10741923944518,-16.9516834170043,47.4));
#10287=CARTESIAN_POINT('',(-3.10741923944818,-16.9516834170037,47.4));
#10288=CARTESIAN_POINT('',(-3.10741923944815,-16.9516834170037,44.2));
#10289=CARTESIAN_POINT('',(-3.10741923944815,-16.9516834170037,44.2));
#10290=CARTESIAN_POINT('',(-1.53811979785603E-12,-17.5213055655629,44.2));
#10291=CARTESIAN_POINT('',(3.10741923944519,-16.9516834170043,44.2));
#10292=CARTESIAN_POINT('',(3.10741923944518,-16.9516834170043,47.4));
#10293=CARTESIAN_POINT('',(-1.56105096968441E-12,-17.5213055655629,47.4));
#10294=CARTESIAN_POINT('',(-3.10741923944818,-16.9516834170037,47.4));
#10295=CARTESIAN_POINT('',(-3.60352761804112,-17.261370330516,47.4));
#10296=CARTESIAN_POINT('',(-3.60352761804112,-17.261370330516,44.2));
#10297=CARTESIAN_POINT('',(-3.60352761804112,-17.261370330516,44.2));
#10298=CARTESIAN_POINT('',(-3.10741923944815,-16.9516834170037,44.2));
#10299=CARTESIAN_POINT('',(-3.10741923944818,-16.9516834170037,47.4));
#10300=CARTESIAN_POINT('',(-3.60352761804112,-17.261370330516,47.4));
#10301=CARTESIAN_POINT('',(-5.27211672897549,-23.488629669485,47.4));
#10302=CARTESIAN_POINT('',(-5.27211672897549,-23.488629669485,44.2));
#10303=CARTESIAN_POINT('',(-5.27211672897549,-23.488629669485,44.2));
#10304=CARTESIAN_POINT('',(-3.60352761804112,-17.261370330516,44.2));
#10305=CARTESIAN_POINT('',(-3.60352761804112,-17.261370330516,47.4));
#10306=CARTESIAN_POINT('',(-5.27211672897549,-23.488629669485,47.4));
#10307=CARTESIAN_POINT('',(-5.27211672897549,-23.488629669485,44.2));
#10308=CARTESIAN_POINT('',(-4.98470862133021,-23.9596714732499,44.2));
#10309=CARTESIAN_POINT('',(-4.9847086213302,-23.9596714732499,47.4));
#10310=CARTESIAN_POINT('',(-5.27211672897549,-23.488629669485,47.4));
#10311=CARTESIAN_POINT('',(16.2967200331604,-18.2573298514987,47.4));
#10312=CARTESIAN_POINT('',(12.4983595416636,-21.6477937374244,47.4));
#10313=CARTESIAN_POINT('',(7.66295144008981,-23.2420384728289,47.4));
#10314=CARTESIAN_POINT('',(16.2967200331604,-18.2573298514987,44.2));
#10315=CARTESIAN_POINT('',(16.2967200331604,-18.2573298514987,47.4));
#10316=CARTESIAN_POINT('',(7.6629514400898,-23.2420384728289,44.2));
#10317=CARTESIAN_POINT('',(12.4983595416636,-21.6477937374244,44.2));
#10318=CARTESIAN_POINT('',(16.2967200331604,-18.2573298514987,44.2));
#10319=CARTESIAN_POINT('',(7.66295144008981,-23.2420384728289,47.4));
#10320=CARTESIAN_POINT('',(7.6629514400898,-23.2420384728289,44.2));
#10321=CARTESIAN_POINT('',(16.3101018537585,-17.705691629363,47.4));
#10322=CARTESIAN_POINT('',(16.3101018537585,-17.705691629363,44.2));
#10323=CARTESIAN_POINT('',(16.3101018537585,-17.705691629363,44.2));
#10324=CARTESIAN_POINT('',(16.2967200331604,-18.2573298514987,44.2));
#10325=CARTESIAN_POINT('',(16.2967200331604,-18.2573298514987,47.4));
#10326=CARTESIAN_POINT('',(16.3101018537585,-17.705691629363,47.4));
#10327=CARTESIAN_POINT('',(11.7514316257262,-13.1470214013329,47.4));
#10328=CARTESIAN_POINT('',(11.7514316257262,-13.1470214013329,44.2));
#10329=CARTESIAN_POINT('',(11.7514316257262,-13.1470214013329,44.2));
#10330=CARTESIAN_POINT('',(16.3101018537585,-17.705691629363,44.2));
#10331=CARTESIAN_POINT('',(16.3101018537585,-17.705691629363,47.4));
#10332=CARTESIAN_POINT('',(11.7514316257262,-13.1470214013329,47.4));
#10333=CARTESIAN_POINT('',(11.1669457100702,-13.1268788563146,47.4));
#10334=CARTESIAN_POINT('',(11.1669457100702,-13.1268788563146,44.2));
#10335=CARTESIAN_POINT('',(11.1669457100702,-13.1268788563146,44.2));
#10336=CARTESIAN_POINT('',(11.7514316257262,-13.1470214013329,44.2));
#10337=CARTESIAN_POINT('',(11.7514316257262,-13.1470214013329,47.4));
#10338=CARTESIAN_POINT('',(11.1669457100702,-13.1268788563146,47.4));
#10339=CARTESIAN_POINT('',(5.78473770693117,-16.2342980957609,47.4));
#10340=CARTESIAN_POINT('',(5.78473770693117,-16.2342980957609,44.2));
#10341=CARTESIAN_POINT('',(5.78473770693117,-16.2342980957609,44.2));
#10342=CARTESIAN_POINT('',(8.76065278278006,-15.173895727248,44.2));
#10343=CARTESIAN_POINT('',(11.1669457100702,-13.1268788563146,44.2));
#10344=CARTESIAN_POINT('',(11.1669457100702,-13.1268788563146,47.4));
#10345=CARTESIAN_POINT('',(8.76065278278006,-15.173895727248,47.4));
#10346=CARTESIAN_POINT('',(5.78473770693117,-16.2342980957609,47.4));
#10347=CARTESIAN_POINT('',(5.50993870479542,-16.7505490193785,47.4));
#10348=CARTESIAN_POINT('',(5.50993870479542,-16.7505490193785,44.2));
#10349=CARTESIAN_POINT('',(5.50993870479542,-16.7505490193785,44.2));
#10350=CARTESIAN_POINT('',(5.78473770693117,-16.2342980957609,44.2));
#10351=CARTESIAN_POINT('',(5.78473770693117,-16.2342980957609,47.4));
#10352=CARTESIAN_POINT('',(5.50993870479542,-16.7505490193785,47.4));
#10353=CARTESIAN_POINT('',(7.17852781573274,-22.9778083583465,47.4));
#10354=CARTESIAN_POINT('',(7.17852781573273,-22.9778083583465,44.2));
#10355=CARTESIAN_POINT('',(7.17852781573273,-22.9778083583465,44.2));
#10356=CARTESIAN_POINT('',(5.50993870479542,-16.7505490193785,44.2));
#10357=CARTESIAN_POINT('',(5.50993870479542,-16.7505490193785,47.4));
#10358=CARTESIAN_POINT('',(7.17852781573274,-22.9778083583465,47.4));
#10359=CARTESIAN_POINT('',(7.17852781573273,-22.9778083583465,44.2));
#10360=CARTESIAN_POINT('',(7.6629514400898,-23.2420384728289,44.2));
#10361=CARTESIAN_POINT('',(7.66295144008981,-23.2420384728289,47.4));
#10362=CARTESIAN_POINT('',(7.17852781573274,-22.9778083583465,47.4));
#10363=CARTESIAN_POINT('',(25.3,-3.18747549010181,42.2));
#10364=CARTESIAN_POINT('',(25.3,-3.18747549010181,44.2));
#10365=CARTESIAN_POINT('',(3.1874754901018,-25.3,42.2));
#10366=CARTESIAN_POINT('',(22.8258204285576,-22.8258204285576,42.2));
#10367=CARTESIAN_POINT('',(25.3,-3.18747549010181,42.2));
#10368=CARTESIAN_POINT('',(3.18747549010179,-25.3,44.2));
#10369=CARTESIAN_POINT('',(3.18747549010179,-25.3,42.2));
#10370=CARTESIAN_POINT('',(25.3,-3.18747549010181,44.2));
#10371=CARTESIAN_POINT('',(22.8258204285576,-22.8258204285576,44.2));
#10372=CARTESIAN_POINT('',(3.18747549010179,-25.3,44.2));
#10373=CARTESIAN_POINT('',(23.2420384728288,-7.6629514400896,47.4));
#10374=CARTESIAN_POINT('',(21.6477937374245,-12.4983595416635,47.4));
#10375=CARTESIAN_POINT('',(18.2573298514987,-16.2967200331603,47.4));
#10376=CARTESIAN_POINT('',(23.2420384728288,-7.6629514400896,44.2));
#10377=CARTESIAN_POINT('',(23.2420384728288,-7.66295144008959,47.4));
#10378=CARTESIAN_POINT('',(18.2573298514987,-16.2967200331603,44.2));
#10379=CARTESIAN_POINT('',(21.6477937374245,-12.4983595416635,44.2));
#10380=CARTESIAN_POINT('',(23.2420384728288,-7.6629514400896,44.2));
#10381=CARTESIAN_POINT('',(18.2573298514987,-16.2967200331603,47.4));
#10382=CARTESIAN_POINT('',(18.2573298514987,-16.2967200331603,44.2));
#10383=CARTESIAN_POINT('',(22.9778083583477,-7.17852781572242,47.4));
#10384=CARTESIAN_POINT('',(22.9778083583477,-7.17852781572242,44.2));
#10385=CARTESIAN_POINT('',(22.9778083583477,-7.17852781572242,44.2));
#10386=CARTESIAN_POINT('',(23.2420384728288,-7.6629514400896,44.2));
#10387=CARTESIAN_POINT('',(23.2420384728288,-7.66295144008959,47.4));
#10388=CARTESIAN_POINT('',(22.9778083583477,-7.17852781572242,47.4));
#10389=CARTESIAN_POINT('',(16.7505490193811,-5.50993870478879,47.4));
#10390=CARTESIAN_POINT('',(16.7505490193811,-5.50993870478879,44.2));
#10391=CARTESIAN_POINT('',(16.7505490193811,-5.50993870478879,44.2));
#10392=CARTESIAN_POINT('',(22.9778083583477,-7.17852781572242,44.2));
#10393=CARTESIAN_POINT('',(22.9778083583477,-7.17852781572242,47.4));
#10394=CARTESIAN_POINT('',(16.7505490193811,-5.50993870478879,47.4));
#10395=CARTESIAN_POINT('',(16.2342980957598,-5.78473770693433,47.4));
#10396=CARTESIAN_POINT('',(16.2342980957598,-5.78473770693432,44.2));
#10397=CARTESIAN_POINT('',(16.2342980957598,-5.78473770693432,44.2));
#10398=CARTESIAN_POINT('',(16.7505490193811,-5.50993870478879,44.2));
#10399=CARTESIAN_POINT('',(16.7505490193811,-5.50993870478879,47.4));
#10400=CARTESIAN_POINT('',(16.2342980957598,-5.78473770693433,47.4));
#10401=CARTESIAN_POINT('',(13.1268788563126,-11.1669457100726,47.4));
#10402=CARTESIAN_POINT('',(13.1268788563126,-11.1669457100726,44.2));
#10403=CARTESIAN_POINT('',(13.1268788563126,-11.1669457100726,44.2));
#10404=CARTESIAN_POINT('',(15.1738957272463,-8.7606527827829,44.2));
#10405=CARTESIAN_POINT('',(16.2342980957598,-5.78473770693432,44.2));
#10406=CARTESIAN_POINT('',(16.2342980957598,-5.78473770693434,47.4));
#10407=CARTESIAN_POINT('',(15.1738957272463,-8.76065278278291,47.4));
#10408=CARTESIAN_POINT('',(13.1268788563126,-11.1669457100726,47.4));
#10409=CARTESIAN_POINT('',(13.1470214013372,-11.7514316257204,47.4));
#10410=CARTESIAN_POINT('',(13.1470214013372,-11.7514316257204,44.2));
#10411=CARTESIAN_POINT('',(13.1470214013372,-11.7514316257204,44.2));
#10412=CARTESIAN_POINT('',(13.1268788563126,-11.1669457100726,44.2));
#10413=CARTESIAN_POINT('',(13.1268788563126,-11.1669457100726,47.4));
#10414=CARTESIAN_POINT('',(13.1470214013372,-11.7514316257204,47.4));
#10415=CARTESIAN_POINT('',(17.7056916293709,-16.3101018537521,47.4));
#10416=CARTESIAN_POINT('',(17.7056916293709,-16.3101018537521,44.2));
#10417=CARTESIAN_POINT('',(17.7056916293709,-16.3101018537521,44.2));
#10418=CARTESIAN_POINT('',(13.1470214013372,-11.7514316257204,44.2));
#10419=CARTESIAN_POINT('',(13.1470214013372,-11.7514316257204,47.4));
#10420=CARTESIAN_POINT('',(17.7056916293709,-16.3101018537521,47.4));
#10421=CARTESIAN_POINT('',(18.2573298514987,-16.2967200331603,44.2));
#10422=CARTESIAN_POINT('',(17.7056916293709,-16.3101018537521,44.2));
#10423=CARTESIAN_POINT('',(17.7056916293709,-16.3101018537521,47.4));
#10424=CARTESIAN_POINT('',(18.2573298514987,-16.2967200331603,47.4));
#10425=CARTESIAN_POINT('',(23.9596714732501,4.98470862133027,47.4));
#10426=CARTESIAN_POINT('',(24.9967190833271,3.6088096828905E-14,47.4));
#10427=CARTESIAN_POINT('',(23.95967147325,-4.98470862133019,47.4));
#10428=CARTESIAN_POINT('',(23.9596714732501,4.98470862133027,44.2));
#10429=CARTESIAN_POINT('',(23.9596714732501,4.98470862133027,47.4));
#10430=CARTESIAN_POINT('',(23.95967147325,-4.98470862133019,44.2));
#10431=CARTESIAN_POINT('',(24.9967190833271,3.19583829679433E-14,44.2));
#10432=CARTESIAN_POINT('',(23.9596714732501,4.98470862133027,44.2));
#10433=CARTESIAN_POINT('',(23.95967147325,-4.98470862133019,47.4));
#10434=CARTESIAN_POINT('',(23.95967147325,-4.98470862133019,44.2));
#10435=CARTESIAN_POINT('',(23.4886296694812,5.27211672898514,47.4));
#10436=CARTESIAN_POINT('',(23.4886296694812,5.27211672898514,44.2));
#10437=CARTESIAN_POINT('',(23.4886296694812,5.27211672898514,44.2));
#10438=CARTESIAN_POINT('',(23.9596714732501,4.98470862133027,44.2));
#10439=CARTESIAN_POINT('',(23.9596714732501,4.98470862133027,47.4));
#10440=CARTESIAN_POINT('',(23.4886296694812,5.27211672898514,47.4));
#10441=CARTESIAN_POINT('',(17.2613703305148,3.60352761804854,47.4));
#10442=CARTESIAN_POINT('',(17.2613703305148,3.60352761804855,44.2));
#10443=CARTESIAN_POINT('',(17.2613703305148,3.60352761804855,44.2));
#10444=CARTESIAN_POINT('',(23.4886296694812,5.27211672898514,44.2));
#10445=CARTESIAN_POINT('',(23.4886296694812,5.27211672898514,47.4));
#10446=CARTESIAN_POINT('',(17.2613703305148,3.60352761804854,47.4));
#10447=CARTESIAN_POINT('',(16.9516834170042,3.10741923944512,47.4));
#10448=CARTESIAN_POINT('',(16.9516834170042,3.10741923944514,44.2));
#10449=CARTESIAN_POINT('',(16.9516834170042,3.10741923944514,44.2));
#10450=CARTESIAN_POINT('',(17.2613703305148,3.60352761804855,44.2));
#10451=CARTESIAN_POINT('',(17.2613703305148,3.60352761804854,47.4));
#10452=CARTESIAN_POINT('',(16.9516834170042,3.10741923944512,47.4));
#10453=CARTESIAN_POINT('',(16.9516834170037,-3.10741923944818,47.4));
#10454=CARTESIAN_POINT('',(16.9516834170037,-3.10741923944814,44.2));
#10455=CARTESIAN_POINT('',(16.9516834170037,-3.10741923944814,44.2));
#10456=CARTESIAN_POINT('',(17.5213055655629,-1.54543434051537E-12,44.2));
#10457=CARTESIAN_POINT('',(16.9516834170042,3.10741923944514,44.2));
#10458=CARTESIAN_POINT('',(16.9516834170042,3.10741923944512,47.4));
#10459=CARTESIAN_POINT('',(17.5213055655629,-1.57576096147481E-12,47.4));
#10460=CARTESIAN_POINT('',(16.9516834170037,-3.10741923944818,47.4));
#10461=CARTESIAN_POINT('',(17.261370330516,-3.60352761804101,47.4));
#10462=CARTESIAN_POINT('',(17.2613703305161,-3.60352761804106,44.2));
#10463=CARTESIAN_POINT('',(17.2613703305161,-3.60352761804106,44.2));
#10464=CARTESIAN_POINT('',(16.9516834170037,-3.10741923944814,44.2));
#10465=CARTESIAN_POINT('',(16.9516834170037,-3.10741923944818,47.4));
#10466=CARTESIAN_POINT('',(17.261370330516,-3.60352761804101,47.4));
#10467=CARTESIAN_POINT('',(23.4886296694851,-5.27211672897537,47.4));
#10468=CARTESIAN_POINT('',(23.4886296694851,-5.27211672897537,44.2));
#10469=CARTESIAN_POINT('',(23.4886296694851,-5.27211672897537,44.2));
#10470=CARTESIAN_POINT('',(17.2613703305161,-3.60352761804106,44.2));
#10471=CARTESIAN_POINT('',(17.261370330516,-3.60352761804101,47.4));
#10472=CARTESIAN_POINT('',(23.4886296694851,-5.27211672897537,47.4));
#10473=CARTESIAN_POINT('',(23.4886296694851,-5.27211672897537,44.2));
#10474=CARTESIAN_POINT('',(23.95967147325,-4.98470862133019,44.2));
#10475=CARTESIAN_POINT('',(23.95967147325,-4.98470862133019,47.4));
#10476=CARTESIAN_POINT('',(23.4886296694851,-5.27211672897537,47.4));
#10477=CARTESIAN_POINT('',(18.2573298514988,16.2967200331604,47.4));
#10478=CARTESIAN_POINT('',(21.6477937374244,12.4983595416636,47.4));
#10479=CARTESIAN_POINT('',(23.2420384728289,7.66295144008984,47.4));
#10480=CARTESIAN_POINT('',(18.2573298514988,16.2967200331603,44.2));
#10481=CARTESIAN_POINT('',(18.2573298514988,16.2967200331604,47.4));
#10482=CARTESIAN_POINT('',(23.2420384728289,7.66295144008984,44.2));
#10483=CARTESIAN_POINT('',(21.6477937374245,12.4983595416635,44.2));
#10484=CARTESIAN_POINT('',(18.2573298514988,16.2967200331603,44.2));
#10485=CARTESIAN_POINT('',(23.2420384728289,7.66295144008984,47.4));
#10486=CARTESIAN_POINT('',(23.2420384728289,7.66295144008984,44.2));
#10487=CARTESIAN_POINT('',(17.7056916293631,16.3101018537585,47.4));
#10488=CARTESIAN_POINT('',(17.7056916293631,16.3101018537585,44.2));
#10489=CARTESIAN_POINT('',(17.7056916293631,16.3101018537585,44.2));
#10490=CARTESIAN_POINT('',(18.2573298514988,16.2967200331603,44.2));
#10491=CARTESIAN_POINT('',(18.2573298514988,16.2967200331604,47.4));
#10492=CARTESIAN_POINT('',(17.7056916293631,16.3101018537585,47.4));
#10493=CARTESIAN_POINT('',(13.1470214013329,11.7514316257261,47.4));
#10494=CARTESIAN_POINT('',(13.1470214013328,11.7514316257261,44.2));
#10495=CARTESIAN_POINT('',(13.1470214013328,11.7514316257261,44.2));
#10496=CARTESIAN_POINT('',(17.7056916293631,16.3101018537585,44.2));
#10497=CARTESIAN_POINT('',(17.7056916293631,16.3101018537585,47.4));
#10498=CARTESIAN_POINT('',(13.1470214013329,11.7514316257261,47.4));
#10499=CARTESIAN_POINT('',(13.1268788563147,11.16694571007,47.4));
#10500=CARTESIAN_POINT('',(13.1268788563147,11.16694571007,44.2));
#10501=CARTESIAN_POINT('',(13.1268788563147,11.16694571007,44.2));
#10502=CARTESIAN_POINT('',(13.1470214013328,11.7514316257261,44.2));
#10503=CARTESIAN_POINT('',(13.1470214013329,11.7514316257261,47.4));
#10504=CARTESIAN_POINT('',(13.1268788563147,11.16694571007,47.4));
#10505=CARTESIAN_POINT('',(16.2342980957607,5.78473770693119,47.4));
#10506=CARTESIAN_POINT('',(16.2342980957607,5.78473770693119,44.2));
#10507=CARTESIAN_POINT('',(16.2342980957607,5.78473770693119,44.2));
#10508=CARTESIAN_POINT('',(15.173895727248,8.76065278278,44.2));
#10509=CARTESIAN_POINT('',(13.1268788563147,11.16694571007,44.2));
#10510=CARTESIAN_POINT('',(13.1268788563147,11.16694571007,47.4));
#10511=CARTESIAN_POINT('',(15.173895727248,8.76065278278,47.4));
#10512=CARTESIAN_POINT('',(16.2342980957607,5.78473770693119,47.4));
#10513=CARTESIAN_POINT('',(16.7505490193783,5.50993870479543,47.4));
#10514=CARTESIAN_POINT('',(16.7505490193783,5.50993870479543,44.2));
#10515=CARTESIAN_POINT('',(16.7505490193783,5.50993870479543,44.2));
#10516=CARTESIAN_POINT('',(16.2342980957607,5.78473770693119,44.2));
#10517=CARTESIAN_POINT('',(16.2342980957607,5.78473770693119,47.4));
#10518=CARTESIAN_POINT('',(16.7505490193783,5.50993870479543,47.4));
#10519=CARTESIAN_POINT('',(22.9778083583464,7.17852781573279,47.4));
#10520=CARTESIAN_POINT('',(22.9778083583464,7.17852781573279,44.2));
#10521=CARTESIAN_POINT('',(22.9778083583464,7.17852781573279,44.2));
#10522=CARTESIAN_POINT('',(16.7505490193783,5.50993870479543,44.2));
#10523=CARTESIAN_POINT('',(16.7505490193783,5.50993870479543,47.4));
#10524=CARTESIAN_POINT('',(22.9778083583464,7.17852781573279,47.4));
#10525=CARTESIAN_POINT('',(22.9778083583464,7.17852781573279,44.2));
#10526=CARTESIAN_POINT('',(23.2420384728289,7.66295144008984,44.2));
#10527=CARTESIAN_POINT('',(23.2420384728289,7.66295144008984,47.4));
#10528=CARTESIAN_POINT('',(22.9778083583464,7.17852781573279,47.4));
#10529=CARTESIAN_POINT('',(3.18747549010184,25.3,42.2));
#10530=CARTESIAN_POINT('',(3.18747549010184,25.3,44.2));
#10531=CARTESIAN_POINT('',(25.3,3.18747549010181,42.2));
#10532=CARTESIAN_POINT('',(22.8258204285576,22.8258204285576,42.2));
#10533=CARTESIAN_POINT('',(3.18747549010184,25.3,42.2));
#10534=CARTESIAN_POINT('',(25.3,3.1874754901018,44.2));
#10535=CARTESIAN_POINT('',(25.3,3.1874754901018,42.2));
#10536=CARTESIAN_POINT('',(3.18747549010184,25.3,44.2));
#10537=CARTESIAN_POINT('',(22.8258204285576,22.8258204285576,44.2));
#10538=CARTESIAN_POINT('',(25.3,3.1874754901018,44.2));
#10539=CARTESIAN_POINT('',(7.66295144008971,23.2420384728291,47.4));
#10540=CARTESIAN_POINT('',(12.4983595416635,21.6477937374245,47.4));
#10541=CARTESIAN_POINT('',(16.2967200331603,18.2573298514987,47.4));
#10542=CARTESIAN_POINT('',(7.66295144008971,23.2420384728291,44.2));
#10543=CARTESIAN_POINT('',(7.66295144008971,23.2420384728291,47.4));
#10544=CARTESIAN_POINT('',(16.2967200331603,18.2573298514987,44.2));
#10545=CARTESIAN_POINT('',(12.4983595416635,21.6477937374245,44.2));
#10546=CARTESIAN_POINT('',(7.66295144008971,23.2420384728291,44.2));
#10547=CARTESIAN_POINT('',(16.2967200331603,18.2573298514987,47.4));
#10548=CARTESIAN_POINT('',(16.2967200331603,18.2573298514987,44.2));
#10549=CARTESIAN_POINT('',(7.17852781573305,22.9778083583465,47.4));
#10550=CARTESIAN_POINT('',(7.17852781573305,22.9778083583465,44.2));
#10551=CARTESIAN_POINT('',(7.17852781573305,22.9778083583465,44.2));
#10552=CARTESIAN_POINT('',(7.66295144008971,23.2420384728291,44.2));
#10553=CARTESIAN_POINT('',(7.66295144008971,23.2420384728291,47.4));
#10554=CARTESIAN_POINT('',(7.17852781573305,22.9778083583465,47.4));
#10555=CARTESIAN_POINT('',(5.50993870479722,16.7505490193779,47.4));
#10556=CARTESIAN_POINT('',(5.50993870479722,16.7505490193779,44.2));
#10557=CARTESIAN_POINT('',(5.50993870479722,16.7505490193779,44.2));
#10558=CARTESIAN_POINT('',(7.17852781573305,22.9778083583465,44.2));
#10559=CARTESIAN_POINT('',(7.17852781573305,22.9778083583465,47.4));
#10560=CARTESIAN_POINT('',(5.50993870479722,16.7505490193779,47.4));
#10561=CARTESIAN_POINT('',(5.7847377069343,16.2342980957598,47.4));
#10562=CARTESIAN_POINT('',(5.78473770693425,16.2342980957598,44.2));
#10563=CARTESIAN_POINT('',(5.78473770693425,16.2342980957598,44.2));
#10564=CARTESIAN_POINT('',(5.50993870479722,16.7505490193779,44.2));
#10565=CARTESIAN_POINT('',(5.50993870479722,16.7505490193779,47.4));
#10566=CARTESIAN_POINT('',(5.7847377069343,16.2342980957598,47.4));
#10567=CARTESIAN_POINT('',(11.1669457100725,13.1268788563126,47.4));
#10568=CARTESIAN_POINT('',(11.1669457100725,13.1268788563126,44.2));
#10569=CARTESIAN_POINT('',(11.1669457100725,13.1268788563126,44.2));
#10570=CARTESIAN_POINT('',(8.76065278278282,15.1738957272464,44.2));
#10571=CARTESIAN_POINT('',(5.78473770693425,16.2342980957598,44.2));
#10572=CARTESIAN_POINT('',(5.7847377069343,16.2342980957598,47.4));
#10573=CARTESIAN_POINT('',(8.76065278278285,15.1738957272464,47.4));
#10574=CARTESIAN_POINT('',(11.1669457100725,13.1268788563126,47.4));
#10575=CARTESIAN_POINT('',(11.7514316257202,13.1470214013373,47.4));
#10576=CARTESIAN_POINT('',(11.7514316257202,13.1470214013373,44.2));
#10577=CARTESIAN_POINT('',(11.7514316257202,13.1470214013373,44.2));
#10578=CARTESIAN_POINT('',(11.1669457100725,13.1268788563126,44.2));
#10579=CARTESIAN_POINT('',(11.1669457100725,13.1268788563126,47.4));
#10580=CARTESIAN_POINT('',(11.7514316257202,13.1470214013373,47.4));
#10581=CARTESIAN_POINT('',(16.3101018537521,17.705691629371,47.4));
#10582=CARTESIAN_POINT('',(16.3101018537521,17.705691629371,44.2));
#10583=CARTESIAN_POINT('',(16.3101018537521,17.705691629371,44.2));
#10584=CARTESIAN_POINT('',(11.7514316257202,13.1470214013373,44.2));
#10585=CARTESIAN_POINT('',(11.7514316257202,13.1470214013373,47.4));
#10586=CARTESIAN_POINT('',(16.3101018537521,17.705691629371,47.4));
#10587=CARTESIAN_POINT('',(16.2967200331603,18.2573298514987,44.2));
#10588=CARTESIAN_POINT('',(16.3101018537521,17.705691629371,44.2));
#10589=CARTESIAN_POINT('',(16.3101018537521,17.705691629371,47.4));
#10590=CARTESIAN_POINT('',(16.2967200331603,18.2573298514987,47.4));
#10591=CARTESIAN_POINT('',(-4.98470862133019,23.9596714732499,47.4));
#10592=CARTESIAN_POINT('',(5.77830901203567E-14,24.996719083327,47.4));
#10593=CARTESIAN_POINT('',(4.98470862133029,23.9596714732498,47.4));
#10594=CARTESIAN_POINT('',(-4.98470862133017,23.9596714732499,44.2));
#10595=CARTESIAN_POINT('',(-4.98470862133019,23.9596714732499,47.4));
#10596=CARTESIAN_POINT('',(4.98470862133029,23.9596714732499,44.2));
#10597=CARTESIAN_POINT('',(6.91370761824046E-14,24.996719083327,44.2));
#10598=CARTESIAN_POINT('',(-4.98470862133017,23.9596714732499,44.2));
#10599=CARTESIAN_POINT('',(4.98470862133029,23.9596714732498,47.4));
#10600=CARTESIAN_POINT('',(4.98470862133029,23.9596714732498,44.2));
#10601=CARTESIAN_POINT('',(-5.27211672897517,23.4886296694849,47.4));
#10602=CARTESIAN_POINT('',(-5.27211672897517,23.4886296694849,44.2));
#10603=CARTESIAN_POINT('',(-5.27211672897517,23.4886296694849,44.2));
#10604=CARTESIAN_POINT('',(-4.98470862133017,23.9596714732499,44.2));
#10605=CARTESIAN_POINT('',(-4.98470862133019,23.9596714732499,47.4));
#10606=CARTESIAN_POINT('',(-5.27211672897517,23.4886296694849,47.4));
#10607=CARTESIAN_POINT('',(-3.60352761803955,17.2613703305164,47.4));
#10608=CARTESIAN_POINT('',(-3.60352761803955,17.2613703305164,44.2));
#10609=CARTESIAN_POINT('',(-3.60352761803955,17.2613703305164,44.2));
#10610=CARTESIAN_POINT('',(-5.27211672897517,23.4886296694849,44.2));
#10611=CARTESIAN_POINT('',(-5.27211672897517,23.4886296694849,47.4));
#10612=CARTESIAN_POINT('',(-3.60352761803955,17.2613703305164,47.4));
#10613=CARTESIAN_POINT('',(-3.10741923944512,16.9516834170045,47.4));
#10614=CARTESIAN_POINT('',(-3.1074192394451,16.9516834170045,44.2));
#10615=CARTESIAN_POINT('',(-3.1074192394451,16.9516834170045,44.2));
#10616=CARTESIAN_POINT('',(-3.60352761803955,17.2613703305164,44.2));
#10617=CARTESIAN_POINT('',(-3.60352761803955,17.2613703305164,47.4));
#10618=CARTESIAN_POINT('',(-3.10741923944512,16.9516834170045,47.4));
#10619=CARTESIAN_POINT('',(3.10741923944822,16.9516834170038,47.4));
#10620=CARTESIAN_POINT('',(3.10741923944821,16.9516834170038,44.2));
#10621=CARTESIAN_POINT('',(3.10741923944821,16.9516834170038,44.2));
#10622=CARTESIAN_POINT('',(1.61628319861335E-12,17.5213055655629,44.2));
#10623=CARTESIAN_POINT('',(-3.10741923944509,16.9516834170045,44.2));
#10624=CARTESIAN_POINT('',(-3.10741923944512,16.9516834170045,47.4));
#10625=CARTESIAN_POINT('',(1.61108268278478E-12,17.5213055655629,47.4));
#10626=CARTESIAN_POINT('',(3.10741923944822,16.9516834170038,47.4));
#10627=CARTESIAN_POINT('',(3.60352761804103,17.2613703305162,47.4));
#10628=CARTESIAN_POINT('',(3.60352761804103,17.2613703305162,44.2));
#10629=CARTESIAN_POINT('',(3.60352761804103,17.2613703305162,44.2));
#10630=CARTESIAN_POINT('',(3.10741923944821,16.9516834170038,44.2));
#10631=CARTESIAN_POINT('',(3.10741923944822,16.9516834170038,47.4));
#10632=CARTESIAN_POINT('',(3.60352761804103,17.2613703305162,47.4));
#10633=CARTESIAN_POINT('',(5.27211672897546,23.4886296694849,47.4));
#10634=CARTESIAN_POINT('',(5.27211672897546,23.4886296694849,44.2));
#10635=CARTESIAN_POINT('',(5.27211672897546,23.4886296694849,44.2));
#10636=CARTESIAN_POINT('',(3.60352761804103,17.2613703305162,44.2));
#10637=CARTESIAN_POINT('',(3.60352761804103,17.2613703305162,47.4));
#10638=CARTESIAN_POINT('',(5.27211672897546,23.4886296694849,47.4));
#10639=CARTESIAN_POINT('',(5.27211672897546,23.4886296694849,44.2));
#10640=CARTESIAN_POINT('',(4.98470862133029,23.9596714732498,44.2));
#10641=CARTESIAN_POINT('',(4.98470862133029,23.9596714732498,47.4));
#10642=CARTESIAN_POINT('',(5.27211672897546,23.4886296694849,47.4));
#10643=CARTESIAN_POINT('',(-16.2967200331603,18.2573298514988,47.4));
#10644=CARTESIAN_POINT('',(-12.4983595416634,21.6477937374245,47.4));
#10645=CARTESIAN_POINT('',(-7.66295144008957,23.242038472829,47.4));
#10646=CARTESIAN_POINT('',(-16.2967200331604,18.2573298514988,44.2));
#10647=CARTESIAN_POINT('',(-16.2967200331603,18.2573298514988,47.4));
#10648=CARTESIAN_POINT('',(-7.66295144008957,23.242038472829,44.2));
#10649=CARTESIAN_POINT('',(-12.4983595416634,21.6477937374245,44.2));
#10650=CARTESIAN_POINT('',(-16.2967200331604,18.2573298514988,44.2));
#10651=CARTESIAN_POINT('',(-7.66295144008957,23.242038472829,47.4));
#10652=CARTESIAN_POINT('',(-7.66295144008957,23.242038472829,44.2));
#10653=CARTESIAN_POINT('',(-16.3101018537519,17.7056916293715,47.4));
#10654=CARTESIAN_POINT('',(-16.3101018537519,17.7056916293715,44.2));
#10655=CARTESIAN_POINT('',(-16.3101018537519,17.7056916293715,44.2));
#10656=CARTESIAN_POINT('',(-16.2967200331604,18.2573298514988,44.2));
#10657=CARTESIAN_POINT('',(-16.2967200331603,18.2573298514988,47.4));
#10658=CARTESIAN_POINT('',(-16.3101018537519,17.7056916293715,47.4));
#10659=CARTESIAN_POINT('',(-11.7514316257192,13.1470214013386,47.4));
#10660=CARTESIAN_POINT('',(-11.7514316257192,13.1470214013386,44.2));
#10661=CARTESIAN_POINT('',(-11.7514316257192,13.1470214013386,44.2));
#10662=CARTESIAN_POINT('',(-16.3101018537519,17.7056916293715,44.2));
#10663=CARTESIAN_POINT('',(-16.3101018537519,17.7056916293715,47.4));
#10664=CARTESIAN_POINT('',(-11.7514316257192,13.1470214013386,47.4));
#10665=CARTESIAN_POINT('',(-11.1669457100702,13.1268788563146,47.4));
#10666=CARTESIAN_POINT('',(-11.1669457100703,13.1268788563146,44.2));
#10667=CARTESIAN_POINT('',(-11.1669457100703,13.1268788563146,44.2));
#10668=CARTESIAN_POINT('',(-11.7514316257192,13.1470214013386,44.2));
#10669=CARTESIAN_POINT('',(-11.7514316257192,13.1470214013386,47.4));
#10670=CARTESIAN_POINT('',(-11.1669457100702,13.1268788563146,47.4));
#10671=CARTESIAN_POINT('',(-5.78473770693134,16.2342980957607,47.4));
#10672=CARTESIAN_POINT('',(-5.78473770693133,16.2342980957607,44.2));
#10673=CARTESIAN_POINT('',(-5.78473770693133,16.2342980957607,44.2));
#10674=CARTESIAN_POINT('',(-8.76065278278016,15.1738957272479,44.2));
#10675=CARTESIAN_POINT('',(-11.1669457100703,13.1268788563146,44.2));
#10676=CARTESIAN_POINT('',(-11.1669457100702,13.1268788563146,47.4));
#10677=CARTESIAN_POINT('',(-8.76065278278014,15.1738957272479,47.4));
#10678=CARTESIAN_POINT('',(-5.78473770693134,16.2342980957607,47.4));
#10679=CARTESIAN_POINT('',(-5.50993870479449,16.7505490193787,47.4));
#10680=CARTESIAN_POINT('',(-5.50993870479449,16.7505490193787,44.2));
#10681=CARTESIAN_POINT('',(-5.50993870479449,16.7505490193787,44.2));
#10682=CARTESIAN_POINT('',(-5.78473770693133,16.2342980957607,44.2));
#10683=CARTESIAN_POINT('',(-5.78473770693134,16.2342980957607,47.4));
#10684=CARTESIAN_POINT('',(-5.50993870479449,16.7505490193787,47.4));
#10685=CARTESIAN_POINT('',(-7.17852781573279,22.9778083583465,47.4));
#10686=CARTESIAN_POINT('',(-7.17852781573279,22.9778083583465,44.2));
#10687=CARTESIAN_POINT('',(-7.17852781573279,22.9778083583465,44.2));
#10688=CARTESIAN_POINT('',(-5.50993870479449,16.7505490193787,44.2));
#10689=CARTESIAN_POINT('',(-5.50993870479449,16.7505490193787,47.4));
#10690=CARTESIAN_POINT('',(-7.17852781573279,22.9778083583465,47.4));
#10691=CARTESIAN_POINT('',(-7.17852781573279,22.9778083583465,44.2));
#10692=CARTESIAN_POINT('',(-7.66295144008957,23.242038472829,44.2));
#10693=CARTESIAN_POINT('',(-7.66295144008957,23.242038472829,47.4));
#10694=CARTESIAN_POINT('',(-7.17852781573279,22.9778083583465,47.4));
#10695=CARTESIAN_POINT('',(-25.3,3.18747549010184,42.2));
#10696=CARTESIAN_POINT('',(-25.3,3.18747549010184,44.2));
#10697=CARTESIAN_POINT('',(-3.18747549010184,25.3,42.2));
#10698=CARTESIAN_POINT('',(-22.8258204285576,22.8258204285576,42.2));
#10699=CARTESIAN_POINT('',(-25.3,3.18747549010184,42.2));
#10700=CARTESIAN_POINT('',(-3.18747549010184,25.3,44.2));
#10701=CARTESIAN_POINT('',(-3.18747549010184,25.3,42.2));
#10702=CARTESIAN_POINT('',(-25.3,3.18747549010184,44.2));
#10703=CARTESIAN_POINT('',(-22.8258204285576,22.8258204285576,44.2));
#10704=CARTESIAN_POINT('',(-3.18747549010184,25.3,44.2));
#10705=CARTESIAN_POINT('',(-23.2420384728289,7.66295144008981,47.4));
#10706=CARTESIAN_POINT('',(-21.6477937374244,12.4983595416636,47.4));
#10707=CARTESIAN_POINT('',(-18.2573298514986,16.2967200331604,47.4));
#10708=CARTESIAN_POINT('',(-23.2420384728289,7.6629514400898,44.2));
#10709=CARTESIAN_POINT('',(-23.2420384728289,7.66295144008981,47.4));
#10710=CARTESIAN_POINT('',(-18.2573298514986,16.2967200331603,44.2));
#10711=CARTESIAN_POINT('',(-21.6477937374244,12.4983595416636,44.2));
#10712=CARTESIAN_POINT('',(-23.2420384728289,7.6629514400898,44.2));
#10713=CARTESIAN_POINT('',(-18.2573298514986,16.2967200331604,47.4));
#10714=CARTESIAN_POINT('',(-18.2573298514986,16.2967200331603,44.2));
#10715=CARTESIAN_POINT('',(-22.9778083583462,7.17852781573337,47.4));
#10716=CARTESIAN_POINT('',(-22.9778083583462,7.17852781573337,44.2));
#10717=CARTESIAN_POINT('',(-22.9778083583462,7.17852781573337,44.2));
#10718=CARTESIAN_POINT('',(-23.2420384728289,7.6629514400898,44.2));
#10719=CARTESIAN_POINT('',(-23.2420384728289,7.66295144008981,47.4));
#10720=CARTESIAN_POINT('',(-22.9778083583462,7.17852781573337,47.4));
#10721=CARTESIAN_POINT('',(-16.7505490193777,5.5099387047973,47.4));
#10722=CARTESIAN_POINT('',(-16.7505490193777,5.5099387047973,44.2));
#10723=CARTESIAN_POINT('',(-16.7505490193777,5.5099387047973,44.2));
#10724=CARTESIAN_POINT('',(-22.9778083583462,7.17852781573337,44.2));
#10725=CARTESIAN_POINT('',(-22.9778083583462,7.17852781573337,47.4));
#10726=CARTESIAN_POINT('',(-16.7505490193777,5.5099387047973,47.4));
#10727=CARTESIAN_POINT('',(-16.2342980957597,5.78473770693418,47.4));
#10728=CARTESIAN_POINT('',(-16.2342980957598,5.78473770693414,44.2));
#10729=CARTESIAN_POINT('',(-16.2342980957598,5.78473770693414,44.2));
#10730=CARTESIAN_POINT('',(-16.7505490193777,5.5099387047973,44.2));
#10731=CARTESIAN_POINT('',(-16.7505490193777,5.5099387047973,47.4));
#10732=CARTESIAN_POINT('',(-16.2342980957597,5.78473770693418,47.4));
#10733=CARTESIAN_POINT('',(-13.1268788563126,11.1669457100725,47.4));
#10734=CARTESIAN_POINT('',(-13.1268788563126,11.1669457100725,44.2));
#10735=CARTESIAN_POINT('',(-13.1268788563126,11.1669457100725,44.2));
#10736=CARTESIAN_POINT('',(-15.1738957272464,8.76065278278279,44.2));
#10737=CARTESIAN_POINT('',(-16.2342980957598,5.78473770693414,44.2));
#10738=CARTESIAN_POINT('',(-16.2342980957597,5.78473770693419,47.4));
#10739=CARTESIAN_POINT('',(-15.1738957272464,8.76065278278281,47.4));
#10740=CARTESIAN_POINT('',(-13.1268788563126,11.1669457100725,47.4));
#10741=CARTESIAN_POINT('',(-13.1470214013365,11.7514316257214,47.4));
#10742=CARTESIAN_POINT('',(-13.1470214013365,11.7514316257214,44.2));
#10743=CARTESIAN_POINT('',(-13.1470214013365,11.7514316257214,44.2));
#10744=CARTESIAN_POINT('',(-13.1268788563126,11.1669457100725,44.2));
#10745=CARTESIAN_POINT('',(-13.1268788563126,11.1669457100725,47.4));
#10746=CARTESIAN_POINT('',(-13.1470214013365,11.7514316257214,47.4));
#10747=CARTESIAN_POINT('',(-17.705691629371,16.3101018537521,47.4));
#10748=CARTESIAN_POINT('',(-17.705691629371,16.3101018537521,44.2));
#10749=CARTESIAN_POINT('',(-17.705691629371,16.3101018537521,44.2));
#10750=CARTESIAN_POINT('',(-13.1470214013365,11.7514316257214,44.2));
#10751=CARTESIAN_POINT('',(-13.1470214013365,11.7514316257214,47.4));
#10752=CARTESIAN_POINT('',(-17.705691629371,16.3101018537521,47.4));
#10753=CARTESIAN_POINT('',(-18.2573298514986,16.2967200331603,44.2));
#10754=CARTESIAN_POINT('',(-17.705691629371,16.3101018537521,44.2));
#10755=CARTESIAN_POINT('',(-17.705691629371,16.3101018537521,47.4));
#10756=CARTESIAN_POINT('',(-18.2573298514986,16.2967200331604,47.4));
#10757=CARTESIAN_POINT('',(-23.95967147325,-4.98470862133013,47.4));
#10758=CARTESIAN_POINT('',(-24.996719083327,6.18577577479336E-14,47.4));
#10759=CARTESIAN_POINT('',(-23.9596714732501,4.98470862133028,47.4));
#10760=CARTESIAN_POINT('',(-23.95967147325,-4.98470862133013,44.2));
#10761=CARTESIAN_POINT('',(-23.95967147325,-4.98470862133013,47.4));
#10762=CARTESIAN_POINT('',(-23.9596714732501,4.98470862133029,44.2));
#10763=CARTESIAN_POINT('',(-24.996719083327,6.91650274625838E-14,44.2));
#10764=CARTESIAN_POINT('',(-23.95967147325,-4.98470862133013,44.2));
#10765=CARTESIAN_POINT('',(-23.9596714732501,4.98470862133028,47.4));
#10766=CARTESIAN_POINT('',(-23.9596714732501,4.98470862133029,44.2));
#10767=CARTESIAN_POINT('',(-23.4886296694849,-5.2721167289751,47.4));
#10768=CARTESIAN_POINT('',(-23.4886296694849,-5.2721167289751,44.2));
#10769=CARTESIAN_POINT('',(-23.4886296694849,-5.2721167289751,44.2));
#10770=CARTESIAN_POINT('',(-23.95967147325,-4.98470862133013,44.2));
#10771=CARTESIAN_POINT('',(-23.95967147325,-4.98470862133013,47.4));
#10772=CARTESIAN_POINT('',(-23.4886296694849,-5.2721167289751,47.4));
#10773=CARTESIAN_POINT('',(-17.2613703305163,-3.60352761803964,47.4));
#10774=CARTESIAN_POINT('',(-17.2613703305163,-3.60352761803964,44.2));
#10775=CARTESIAN_POINT('',(-17.2613703305163,-3.60352761803964,44.2));
#10776=CARTESIAN_POINT('',(-23.4886296694849,-5.2721167289751,44.2));
#10777=CARTESIAN_POINT('',(-23.4886296694849,-5.2721167289751,47.4));
#10778=CARTESIAN_POINT('',(-17.2613703305163,-3.60352761803964,47.4));
#10779=CARTESIAN_POINT('',(-16.9516834170043,-3.10741923944517,47.4));
#10780=CARTESIAN_POINT('',(-16.9516834170043,-3.10741923944521,44.2));
#10781=CARTESIAN_POINT('',(-16.9516834170043,-3.10741923944521,44.2));
#10782=CARTESIAN_POINT('',(-17.2613703305163,-3.60352761803964,44.2));
#10783=CARTESIAN_POINT('',(-17.2613703305163,-3.60352761803964,47.4));
#10784=CARTESIAN_POINT('',(-16.9516834170043,-3.10741923944517,47.4));
#10785=CARTESIAN_POINT('',(-16.9516834170039,3.10741923944811,47.4));
#10786=CARTESIAN_POINT('',(-16.9516834170039,3.1074192394481,44.2));
#10787=CARTESIAN_POINT('',(-16.9516834170039,3.1074192394481,44.2));
#10788=CARTESIAN_POINT('',(-17.5213055655629,1.48468959395942E-12,44.2));
#10789=CARTESIAN_POINT('',(-16.9516834170043,-3.10741923944521,44.2));
#10790=CARTESIAN_POINT('',(-16.9516834170043,-3.10741923944517,47.4));
#10791=CARTESIAN_POINT('',(-17.5213055655629,1.50772342171141E-12,47.4));
#10792=CARTESIAN_POINT('',(-16.9516834170039,3.10741923944811,47.4));
#10793=CARTESIAN_POINT('',(-17.261370330516,3.60352761804221,47.4));
#10794=CARTESIAN_POINT('',(-17.261370330516,3.60352761804221,44.2));
#10795=CARTESIAN_POINT('',(-17.261370330516,3.60352761804221,44.2));
#10796=CARTESIAN_POINT('',(-16.9516834170039,3.1074192394481,44.2));
#10797=CARTESIAN_POINT('',(-16.9516834170039,3.10741923944811,47.4));
#10798=CARTESIAN_POINT('',(-17.261370330516,3.60352761804221,47.4));
#10799=CARTESIAN_POINT('',(-23.4886296694852,5.27211672897532,47.4));
#10800=CARTESIAN_POINT('',(-23.4886296694852,5.27211672897532,44.2));
#10801=CARTESIAN_POINT('',(-23.4886296694852,5.27211672897532,44.2));
#10802=CARTESIAN_POINT('',(-17.261370330516,3.60352761804221,44.2));
#10803=CARTESIAN_POINT('',(-17.261370330516,3.60352761804221,47.4));
#10804=CARTESIAN_POINT('',(-23.4886296694852,5.27211672897532,47.4));
#10805=CARTESIAN_POINT('',(-23.9596714732501,4.98470862133029,44.2));
#10806=CARTESIAN_POINT('',(-23.4886296694852,5.27211672897532,44.2));
#10807=CARTESIAN_POINT('',(-23.4886296694852,5.27211672897532,47.4));
#10808=CARTESIAN_POINT('',(-23.9596714732501,4.98470862133028,47.4));
#10809=CARTESIAN_POINT('',(-18.2573298514987,-16.2967200331604,47.4));
#10810=CARTESIAN_POINT('',(-21.6477937374245,-12.4983595416636,47.4));
#10811=CARTESIAN_POINT('',(-23.2420384728289,-7.66295144008973,47.4));
#10812=CARTESIAN_POINT('',(-18.2573298514987,-16.2967200331604,44.2));
#10813=CARTESIAN_POINT('',(-18.2573298514987,-16.2967200331604,47.4));
#10814=CARTESIAN_POINT('',(-23.2420384728289,-7.66295144008976,44.2));
#10815=CARTESIAN_POINT('',(-21.6477937374244,-12.4983595416636,44.2));
#10816=CARTESIAN_POINT('',(-18.2573298514987,-16.2967200331604,44.2));
#10817=CARTESIAN_POINT('',(-23.2420384728289,-7.66295144008973,47.4));
#10818=CARTESIAN_POINT('',(-23.2420384728289,-7.66295144008976,44.2));
#10819=CARTESIAN_POINT('',(-17.7056916293714,-16.3101018537518,47.4));
#10820=CARTESIAN_POINT('',(-17.7056916293714,-16.3101018537518,44.2));
#10821=CARTESIAN_POINT('',(-17.7056916293714,-16.3101018537518,44.2));
#10822=CARTESIAN_POINT('',(-18.2573298514987,-16.2967200331604,44.2));
#10823=CARTESIAN_POINT('',(-18.2573298514987,-16.2967200331604,47.4));
#10824=CARTESIAN_POINT('',(-17.7056916293714,-16.3101018537518,47.4));
#10825=CARTESIAN_POINT('',(-13.1470214013386,-11.751431625719,47.4));
#10826=CARTESIAN_POINT('',(-13.1470214013386,-11.751431625719,44.2));
#10827=CARTESIAN_POINT('',(-13.1470214013386,-11.751431625719,44.2));
#10828=CARTESIAN_POINT('',(-17.7056916293714,-16.3101018537518,44.2));
#10829=CARTESIAN_POINT('',(-17.7056916293714,-16.3101018537518,47.4));
#10830=CARTESIAN_POINT('',(-13.1470214013386,-11.751431625719,47.4));
#10831=CARTESIAN_POINT('',(-13.1268788563147,-11.1669457100701,47.4));
#10832=CARTESIAN_POINT('',(-13.1268788563147,-11.1669457100701,44.2));
#10833=CARTESIAN_POINT('',(-13.1268788563147,-11.1669457100701,44.2));
#10834=CARTESIAN_POINT('',(-13.1470214013386,-11.751431625719,44.2));
#10835=CARTESIAN_POINT('',(-13.1470214013386,-11.751431625719,47.4));
#10836=CARTESIAN_POINT('',(-13.1268788563147,-11.1669457100701,47.4));
#10837=CARTESIAN_POINT('',(-16.2342980957608,-5.78473770693124,47.4));
#10838=CARTESIAN_POINT('',(-16.2342980957608,-5.78473770693125,44.2));
#10839=CARTESIAN_POINT('',(-16.2342980957608,-5.78473770693125,44.2));
#10840=CARTESIAN_POINT('',(-15.173895727248,-8.76065278278002,44.2));
#10841=CARTESIAN_POINT('',(-13.1268788563147,-11.1669457100701,44.2));
#10842=CARTESIAN_POINT('',(-13.1268788563147,-11.1669457100701,47.4));
#10843=CARTESIAN_POINT('',(-15.173895727248,-8.76065278278002,47.4));
#10844=CARTESIAN_POINT('',(-16.2342980957608,-5.78473770693124,47.4));
#10845=CARTESIAN_POINT('',(-16.7505490193788,-5.50993870479439,47.4));
#10846=CARTESIAN_POINT('',(-16.7505490193788,-5.50993870479439,44.2));
#10847=CARTESIAN_POINT('',(-16.7505490193788,-5.50993870479439,44.2));
#10848=CARTESIAN_POINT('',(-16.2342980957608,-5.78473770693125,44.2));
#10849=CARTESIAN_POINT('',(-16.2342980957608,-5.78473770693124,47.4));
#10850=CARTESIAN_POINT('',(-16.7505490193788,-5.50993870479439,47.4));
#10851=CARTESIAN_POINT('',(-22.9778083583464,-7.17852781573297,47.4));
#10852=CARTESIAN_POINT('',(-22.9778083583464,-7.17852781573297,44.2));
#10853=CARTESIAN_POINT('',(-22.9778083583464,-7.17852781573297,44.2));
#10854=CARTESIAN_POINT('',(-16.7505490193788,-5.50993870479439,44.2));
#10855=CARTESIAN_POINT('',(-16.7505490193788,-5.50993870479439,47.4));
#10856=CARTESIAN_POINT('',(-22.9778083583464,-7.17852781573297,47.4));
#10857=CARTESIAN_POINT('',(-22.9778083583464,-7.17852781573297,44.2));
#10858=CARTESIAN_POINT('',(-23.2420384728289,-7.66295144008976,44.2));
#10859=CARTESIAN_POINT('',(-23.2420384728289,-7.66295144008973,47.4));
#10860=CARTESIAN_POINT('',(-22.9778083583464,-7.17852781573297,47.4));
#10861=CARTESIAN_POINT('',(-7.6629514400897,-23.242038472829,47.4));
#10862=CARTESIAN_POINT('',(-12.4983595416635,-21.6477937374245,47.4));
#10863=CARTESIAN_POINT('',(-16.2967200331603,-18.2573298514987,47.4));
#10864=CARTESIAN_POINT('',(-7.6629514400897,-23.242038472829,44.2));
#10865=CARTESIAN_POINT('',(-7.6629514400897,-23.242038472829,47.4));
#10866=CARTESIAN_POINT('',(-16.2967200331603,-18.2573298514987,44.2));
#10867=CARTESIAN_POINT('',(-12.4983595416635,-21.6477937374245,44.2));
#10868=CARTESIAN_POINT('',(-7.6629514400897,-23.242038472829,44.2));
#10869=CARTESIAN_POINT('',(-16.2967200331603,-18.2573298514987,47.4));
#10870=CARTESIAN_POINT('',(-16.2967200331603,-18.2573298514987,44.2));
#10871=CARTESIAN_POINT('',(-7.17852781573322,-22.9778083583463,47.4));
#10872=CARTESIAN_POINT('',(-7.17852781573322,-22.9778083583463,44.2));
#10873=CARTESIAN_POINT('',(-7.17852781573322,-22.9778083583463,44.2));
#10874=CARTESIAN_POINT('',(-7.6629514400897,-23.242038472829,44.2));
#10875=CARTESIAN_POINT('',(-7.6629514400897,-23.242038472829,47.4));
#10876=CARTESIAN_POINT('',(-7.17852781573322,-22.9778083583463,47.4));
#10877=CARTESIAN_POINT('',(-5.5099387047973,-16.7505490193777,47.4));
#10878=CARTESIAN_POINT('',(-5.5099387047973,-16.7505490193777,44.2));
#10879=CARTESIAN_POINT('',(-5.5099387047973,-16.7505490193777,44.2));
#10880=CARTESIAN_POINT('',(-7.17852781573322,-22.9778083583463,44.2));
#10881=CARTESIAN_POINT('',(-7.17852781573322,-22.9778083583463,47.4));
#10882=CARTESIAN_POINT('',(-5.5099387047973,-16.7505490193777,47.4));
#10883=CARTESIAN_POINT('',(-5.7847377069342,-16.2342980957597,47.4));
#10884=CARTESIAN_POINT('',(-5.78473770693421,-16.2342980957597,44.2));
#10885=CARTESIAN_POINT('',(-5.78473770693421,-16.2342980957597,44.2));
#10886=CARTESIAN_POINT('',(-5.5099387047973,-16.7505490193777,44.2));
#10887=CARTESIAN_POINT('',(-5.5099387047973,-16.7505490193777,47.4));
#10888=CARTESIAN_POINT('',(-5.7847377069342,-16.2342980957597,47.4));
#10889=CARTESIAN_POINT('',(-11.1669457100725,-13.1268788563126,47.4));
#10890=CARTESIAN_POINT('',(-11.1669457100725,-13.1268788563126,44.2));
#10891=CARTESIAN_POINT('',(-11.1669457100725,-13.1268788563126,44.2));
#10892=CARTESIAN_POINT('',(-8.76065278278283,-15.1738957272464,44.2));
#10893=CARTESIAN_POINT('',(-5.78473770693421,-16.2342980957597,44.2));
#10894=CARTESIAN_POINT('',(-5.7847377069342,-16.2342980957597,47.4));
#10895=CARTESIAN_POINT('',(-8.76065278278283,-15.1738957272464,47.4));
#10896=CARTESIAN_POINT('',(-11.1669457100725,-13.1268788563126,47.4));
#10897=CARTESIAN_POINT('',(-11.7514316257214,-13.1470214013364,47.4));
#10898=CARTESIAN_POINT('',(-11.7514316257214,-13.1470214013364,44.2));
#10899=CARTESIAN_POINT('',(-11.7514316257214,-13.1470214013364,44.2));
#10900=CARTESIAN_POINT('',(-11.1669457100725,-13.1268788563126,44.2));
#10901=CARTESIAN_POINT('',(-11.1669457100725,-13.1268788563126,47.4));
#10902=CARTESIAN_POINT('',(-11.7514316257214,-13.1470214013364,47.4));
#10903=CARTESIAN_POINT('',(-16.3101018537521,-17.705691629371,47.4));
#10904=CARTESIAN_POINT('',(-16.3101018537521,-17.705691629371,44.2));
#10905=CARTESIAN_POINT('',(-16.3101018537521,-17.705691629371,44.2));
#10906=CARTESIAN_POINT('',(-11.7514316257214,-13.1470214013364,44.2));
#10907=CARTESIAN_POINT('',(-11.7514316257214,-13.1470214013364,47.4));
#10908=CARTESIAN_POINT('',(-16.3101018537521,-17.705691629371,47.4));
#10909=CARTESIAN_POINT('',(-16.2967200331603,-18.2573298514987,44.2));
#10910=CARTESIAN_POINT('',(-16.3101018537521,-17.705691629371,44.2));
#10911=CARTESIAN_POINT('',(-16.3101018537521,-17.705691629371,47.4));
#10912=CARTESIAN_POINT('',(-16.2967200331603,-18.2573298514987,47.4));
#10913=CARTESIAN_POINT('',(-15.5,-7.85046229341887E-16,46.));
#10914=CARTESIAN_POINT('',(-15.5,15.5,46.));
#10915=CARTESIAN_POINT('',(-9.49101269339199E-16,15.5,46.));
#10916=CARTESIAN_POINT('',(15.5,15.5,46.));
#10917=CARTESIAN_POINT('',(15.5,-7.85046229341887E-16,46.));
#10918=CARTESIAN_POINT('',(15.5,-7.85046229341887E-16,46.));
#10919=CARTESIAN_POINT('',(15.5,-15.5,46.));
#10920=CARTESIAN_POINT('',(9.49101269339199E-16,-15.5,46.));
#10921=CARTESIAN_POINT('',(-15.5,-15.5,46.));
#10922=CARTESIAN_POINT('',(-15.5,-7.85046229341887E-16,46.));
#10923=CARTESIAN_POINT('',(15.5,1.77635683940025E-15,45.2));
#10924=CARTESIAN_POINT('',(15.5,13.3454866454407,45.2));
#10925=CARTESIAN_POINT('',(2.30259148817146,15.3280159328793,45.2));
#10926=CARTESIAN_POINT('',(-10.8948170236571,17.3105452203178,45.2));
#10927=CARTESIAN_POINT('',(-14.8158803146581,4.55408503452958,45.2));
#10928=CARTESIAN_POINT('',(15.5,-8.50668245340812E-16,46.));
#10929=CARTESIAN_POINT('',(15.5,-4.71027737605132E-16,45.2));
#10930=CARTESIAN_POINT('',(-14.8158803146581,4.55408503452958,45.2));
#10931=CARTESIAN_POINT('',(-15.5,2.32842712474617,45.2));
#10932=CARTESIAN_POINT('',(-15.5,0.,45.2));
#10933=CARTESIAN_POINT('',(-15.5,-9.13872298694528E-17,46.));
#10934=CARTESIAN_POINT('',(-15.5,-7.85046229341887E-16,45.2));
#10935=CARTESIAN_POINT('',(3.18747549010179,-25.3,44.2));
#10936=CARTESIAN_POINT('',(-3.18747549010181,-25.3,44.2));
#10937=CARTESIAN_POINT('',(25.3,3.1874754901018,44.2));
#10938=CARTESIAN_POINT('',(25.3,-3.18747549010181,44.2));
#10939=CARTESIAN_POINT('',(15.7717435607651,-4.84789697224117,44.2));
#10940=CARTESIAN_POINT('',(20.6196405330063,10.9238465885239,44.2));
#10941=CARTESIAN_POINT('',(4.84789697224117,15.7717435607651,44.2));
#10942=CARTESIAN_POINT('',(-10.9238465885239,20.6196405330062,44.2));
#10943=CARTESIAN_POINT('',(-15.7717435607651,4.84789697224117,44.2));
#10944=CARTESIAN_POINT('',(-15.7717435607651,4.84789697224116,44.2));
#10945=CARTESIAN_POINT('',(-20.6196405330062,-10.9238465885239,44.2));
#10946=CARTESIAN_POINT('',(-4.84789697224117,-15.7717435607651,44.2));
#10947=CARTESIAN_POINT('',(10.9238465885239,-20.6196405330063,44.2));
#10948=CARTESIAN_POINT('',(15.7717435607651,-4.84789697224117,44.2));
#10949=CARTESIAN_POINT('',(-15.7717435607651,4.84789697224117,44.2));
#10950=CARTESIAN_POINT('',(-14.8158803146581,4.55408503452958,45.2));
#10951=CARTESIAN_POINT('',(14.8158803146581,-4.55408503452957,45.2));
#10952=CARTESIAN_POINT('',(10.8948170236571,-17.3105452203178,45.2));
#10953=CARTESIAN_POINT('',(-2.30259148817146,-15.3280159328792,45.2));
#10954=CARTESIAN_POINT('',(-15.5,-13.3454866454407,45.2));
#10955=CARTESIAN_POINT('',(-15.5,-1.77635683940025E-15,45.2));
#10956=CARTESIAN_POINT('',(15.5,0.,45.2));
#10957=CARTESIAN_POINT('',(15.5,-2.32842712474617,45.2));
#10958=CARTESIAN_POINT('',(14.8158803146581,-4.55408503452957,45.2));
#10959=CARTESIAN_POINT('',(14.8158803146581,-4.55408503452958,45.2));
#10960=CARTESIAN_POINT('',(15.7717435607651,-4.84789697224117,44.2));
#10961=CARTESIAN_POINT('',(-2.54588010938135,3.95555555555408,47.1999999999999));
#10962=CARTESIAN_POINT('',(-2.54588010938126,3.95555555555398,47.3));
#10963=CARTESIAN_POINT('',(-2.94790282342896,3.95555555555395,47.3));
#10964=CARTESIAN_POINT('',(-2.94790282342895,3.95555555555402,47.2));
#10965=CARTESIAN_POINT('',(-1.69453789140115,3.95555555555391,46.));
#10966=CARTESIAN_POINT('',(-1.69453789140123,3.95555555555401,46.3999999999999));
#10967=CARTESIAN_POINT('',(-5.29379909689728,-5.93333333333325,46.4));
#10968=CARTESIAN_POINT('',(-1.69453789140123,3.95555555555401,46.3999999999999));
#10969=CARTESIAN_POINT('',(-5.29379909689722,-5.93333333333339,46.));
#10970=CARTESIAN_POINT('',(-1.69453789140115,3.95555555555391,46.));
#10971=CARTESIAN_POINT('',(-10.5907847783921,-6.73333333333323,47.2));
#10972=CARTESIAN_POINT('',(-10.8105932379584,-6.61261021728816,47.079276883955));
#10973=CARTESIAN_POINT('',(-11.0304016975246,-6.48687595943872,46.9535426261057));
#10974=CARTESIAN_POINT('',(-11.0304016975246,-6.48687595943872,46.9535426261057));
#10975=CARTESIAN_POINT('',(-10.2398608994074,-5.93333333333323,46.4000000000002));
#10976=CARTESIAN_POINT('',(-7.39850624690504,-5.93333333333321,46.4));
#10977=CARTESIAN_POINT('',(-6.83834021633601,-6.73333333333318,47.2));
#10978=CARTESIAN_POINT('',(-6.83834021633601,-6.73333333333318,47.2));
#10979=CARTESIAN_POINT('',(-10.5907847783921,-6.73333333333323,47.2));
#10980=CARTESIAN_POINT('',(3.41121012165945,6.73333333333287,47.1999999999996));
#10981=CARTESIAN_POINT('',(3.97137615222712,5.93333333333224,46.3999999999995));
#10982=CARTESIAN_POINT('',(-2.92880842767764,-13.0247679900246,46.3999999999999));
#10983=CARTESIAN_POINT('',(-3.19151923387455,-12.5441903855772,46.8112346271361));
#10984=CARTESIAN_POINT('',(-3.43311566953402,-12.0712972293621,47.1999999999999));
#10985=CARTESIAN_POINT('',(-11.0304016975246,-6.48687595943872,46.9535426261057));
#10986=CARTESIAN_POINT('',(-11.0574908591454,-6.19091559805908,47.080222516601));
#10987=CARTESIAN_POINT('',(-11.0780938797522,-5.8973159989438,47.2000000000001));
#10988=CARTESIAN_POINT('',(-4.69559060245801,11.6384676351359,47.1999999999994));
#10989=CARTESIAN_POINT('',(-4.06811349494849,12.2879195256278,46.832490021028));
#10990=CARTESIAN_POINT('',(-3.37957587361524,12.915144866182,46.3999999999997));
#10991=CARTESIAN_POINT('',(-2.94790282342895,3.95555555555402,47.2));
#10992=CARTESIAN_POINT('',(-3.79924504140895,3.95555555555406,46.4));
#10993=CARTESIAN_POINT('',(3.41121012165945,6.73333333333287,47.1999999999996));
#10994=CARTESIAN_POINT('',(8.90249659375824,6.73333333333252,47.1999999999997));
#10995=CARTESIAN_POINT('',(8.90249659375824,6.73333333333252,47.1999999999997));
#10996=CARTESIAN_POINT('',(8.90249659375824,5.93333333333201,46.3999999999997));
#10997=CARTESIAN_POINT('',(11.5336359319594,2.97567693202159,47.2));
#10998=CARTESIAN_POINT('',(10.7818818353305,3.24929304668168,46.4));
#10999=CARTESIAN_POINT('',(8.90249659375824,6.73333333333252,47.1999999999997));
#11000=CARTESIAN_POINT('',(10.3600843353027,6.73333333333221,47.1999999999998));
#11001=CARTESIAN_POINT('',(11.196122317767,5.53934735511572,47.1999999999999));
#11002=CARTESIAN_POINT('',(12.0321603002313,4.34536137689923,47.2));
#11003=CARTESIAN_POINT('',(11.5336359319594,2.97567693202159,47.2));
#11004=CARTESIAN_POINT('',(6.03926408420388,-6.73333333333322,47.2));
#11005=CARTESIAN_POINT('',(6.03926408420388,-5.93333333333328,46.4));
#11006=CARTESIAN_POINT('',(8.6704034224051,-4.8909897346435,47.2));
#11007=CARTESIAN_POINT('',(7.91864932577619,-4.61737361998339,46.4));
#11008=CARTESIAN_POINT('',(8.6704034224051,-4.8909897346435,47.2));
#11009=CARTESIAN_POINT('',(7.99984519119245,-6.73333333333334,47.2));
#11010=CARTESIAN_POINT('',(6.03926408420388,-6.73333333333322,47.2));
#11011=CARTESIAN_POINT('',(6.03926408420388,-6.73333333333322,47.2));
#11012=CARTESIAN_POINT('',(3.05378338866589,-6.7333333333332,47.2));
#11013=CARTESIAN_POINT('',(3.05378338866589,-6.7333333333332,47.2));
#11014=CARTESIAN_POINT('',(2.49361735809877,-5.9333333333333,46.4));
#11015=CARTESIAN_POINT('',(0.94978983163874,-12.5140081219297,47.1999999999999));
#11016=CARTESIAN_POINT('',(0.39069723052658,-12.9379237211549,46.8196124824042));
#11017=CARTESIAN_POINT('',(-0.205254212175506,-13.3484220306519,46.3999999999999));
#11018=CARTESIAN_POINT('',(0.179750585346264,12.5487126721053,47.2));
#11019=CARTESIAN_POINT('',(12.1756488513816,12.376880724764,47.2));
#11020=CARTESIAN_POINT('',(12.5440806274649,0.385410445704471,47.2));
#11021=CARTESIAN_POINT('',(12.9125124035481,-11.6060598333551,47.1999999999999));
#11022=CARTESIAN_POINT('',(0.94978983163874,-12.5140081219297,47.1999999999999));
#11023=CARTESIAN_POINT('',(-0.381935848395364,13.3445353987202,46.4));
#11024=CARTESIAN_POINT('',(-0.0924835277638581,12.9434907471223,46.8091615589857));
#11025=CARTESIAN_POINT('',(0.179750585346262,12.5487126721053,47.2));
#11026=CARTESIAN_POINT('',(-1.9368743949182,6.73333333333353,47.1999999999999));
#11027=CARTESIAN_POINT('',(-3.07939280030932,5.93333333333286,46.3999999999999));
#11028=CARTESIAN_POINT('',(-1.9368743949182,6.73333333333353,47.1999999999999));
#11029=CARTESIAN_POINT('',(-0.989627011262483,6.73333333333347,47.1999999999999));
#11030=CARTESIAN_POINT('',(-0.989627011262483,6.73333333333347,47.1999999999999));
#11031=CARTESIAN_POINT('',(-0.989627011262484,5.93333333333295,46.3999999999998));
#11032=CARTESIAN_POINT('',(1.64151232693883,2.97567693202374,47.2000000000001));
#11033=CARTESIAN_POINT('',(0.889758230309854,3.24929304668365,46.4000000000001));
#11034=CARTESIAN_POINT('',(0.889758230309854,3.24929304668365,46.4000000000001));
#11035=CARTESIAN_POINT('',(1.24584706478947,4.22763907873889,46.4000000000001));
#11036=CARTESIAN_POINT('',(0.648677077314926,5.08048620603599,46.4));
#11037=CARTESIAN_POINT('',(0.0515070898403797,5.93333333333309,46.3999999999999));
#11038=CARTESIAN_POINT('',(-0.989627011262484,5.93333333333295,46.3999999999998));
#11039=CARTESIAN_POINT('',(-0.989627011262483,6.73333333333347,47.1999999999999));
#11040=CARTESIAN_POINT('',(0.467960730281657,6.73333333333342,47.2));
#11041=CARTESIAN_POINT('',(1.303998712746,5.53934735511731,47.2));
#11042=CARTESIAN_POINT('',(2.14003669521034,4.34536137690119,47.2000000000001));
#11043=CARTESIAN_POINT('',(1.64151232693883,2.97567693202374,47.2000000000001));
#11044=CARTESIAN_POINT('',(-1.89227841382676,-6.73333333333319,47.2000000000001));
#11045=CARTESIAN_POINT('',(-2.45244444439505,-5.93333333333323,46.4000000000001));
#11046=CARTESIAN_POINT('',(-1.89227841382676,-6.73333333333319,47.2000000000001));
#11047=CARTESIAN_POINT('',(-6.43631750228835,-6.73333333333313,47.2));
#11048=CARTESIAN_POINT('',(-6.43631750228835,-6.73333333333313,47.2));
#11049=CARTESIAN_POINT('',(-5.29379909689728,-5.93333333333325,46.4));
#11050=CARTESIAN_POINT('',(-1.69453789140123,3.95555555555401,46.3999999999999));
#11051=CARTESIAN_POINT('',(-2.54588010938135,3.95555555555408,47.1999999999999));
#11052=CARTESIAN_POINT('',(-3.43311566953402,-12.0712972293621,47.1999999999999));
#11053=CARTESIAN_POINT('',(-8.02785370463555,-10.7645389873942,47.2));
#11054=CARTESIAN_POINT('',(-10.5907847783921,-6.73333333333323,47.2));
#11055=CARTESIAN_POINT('',(-11.0780938797522,-5.8973159989438,47.2000000000001));
#11056=CARTESIAN_POINT('',(-13.7054856006593,-0.961766988460773,47.2000000000001));
#11057=CARTESIAN_POINT('',(-11.7931423908725,4.29235279871136,47.1999999999998));
#11058=CARTESIAN_POINT('',(-9.88079918108575,9.54647258588348,47.1999999999996));
#11059=CARTESIAN_POINT('',(-4.69559060245801,11.6384676351359,47.1999999999994));
#11060=CARTESIAN_POINT('',(3.21346959920491,-3.95555555555568,46.4));
#11061=CARTESIAN_POINT('',(5.31817674922368,-3.95555555555555,46.4000000000001));
#11062=CARTESIAN_POINT('',(3.21346959920493,-3.95555555555568,46.));
#11063=CARTESIAN_POINT('',(3.21346959920491,-3.95555555555568,46.4));
#11064=CARTESIAN_POINT('',(3.21346959920491,-3.95555555555568,46.4));
#11065=CARTESIAN_POINT('',(6.0928785636288,3.95555555555386,46.4000000000001));
#11066=CARTESIAN_POINT('',(6.09287856362881,3.95555555555386,46.));
#11067=CARTESIAN_POINT('',(3.21346959920493,-3.95555555555568,46.));
#11068=CARTESIAN_POINT('',(7.05506730824335,3.15555555555414,47.2000000000002));
#11069=CARTESIAN_POINT('',(8.19758571363669,3.95555555555399,46.4000000000002));
#11070=CARTESIAN_POINT('',(5.31817674922368,-3.95555555555555,46.4000000000001));
#11071=CARTESIAN_POINT('',(4.75801071865556,-3.15555555555552,47.2000000000001));
#11072=CARTESIAN_POINT('',(7.05506730824335,3.15555555555414,47.2000000000002));
#11073=CARTESIAN_POINT('',(6.65304459419596,3.15555555555403,47.2000000000001));
#11074=CARTESIAN_POINT('',(6.65304459419596,3.15555555555403,47.2000000000001));
#11075=CARTESIAN_POINT('',(6.0928785636288,3.95555555555386,46.4000000000001));
#11076=CARTESIAN_POINT('',(4.3559880045995,-3.15555555555562,47.2));
#11077=CARTESIAN_POINT('',(3.21346959920491,-3.95555555555568,46.4));
#11078=CARTESIAN_POINT('',(-14.5,-25.3,40.6));
#11079=CARTESIAN_POINT('',(-14.5,-25.3,42.2));
#11080=CARTESIAN_POINT('',(3.18747549010179,-25.3,42.2));
#11081=CARTESIAN_POINT('',(14.5,-25.3,42.2));
#11082=CARTESIAN_POINT('',(14.5,-25.3,42.2));
#11083=CARTESIAN_POINT('',(14.5,-25.3,40.6));
#11084=CARTESIAN_POINT('',(14.5,-25.3,40.6));
#11085=CARTESIAN_POINT('',(-14.5,-25.3,40.6));
#11086=CARTESIAN_POINT('',(25.3,-3.18747549010181,42.2));
#11087=CARTESIAN_POINT('',(25.3,-14.5,42.2));
#11088=CARTESIAN_POINT('',(25.3,-14.5,40.6));
#11089=CARTESIAN_POINT('',(25.3,-14.5,42.2));
#11090=CARTESIAN_POINT('',(14.5,-25.3,40.6));
#11091=CARTESIAN_POINT('',(25.3,-25.3,40.6));
#11092=CARTESIAN_POINT('',(25.3,-14.5,40.6));
#11093=CARTESIAN_POINT('',(25.3,-14.5,42.2));
#11094=CARTESIAN_POINT('',(25.3,-25.3,42.2));
#11095=CARTESIAN_POINT('',(14.5,-25.3,42.2));
#11096=CARTESIAN_POINT('',(25.3,14.5,42.2));
#11097=CARTESIAN_POINT('',(25.3,14.5,40.6));
#11098=CARTESIAN_POINT('',(25.3,14.5,40.6));
#11099=CARTESIAN_POINT('',(25.3,-14.5,40.6));
#11100=CARTESIAN_POINT('',(14.5,25.3,40.6));
#11101=CARTESIAN_POINT('',(14.5,25.3,42.2));
#11102=CARTESIAN_POINT('',(25.3,14.5,40.6));
#11103=CARTESIAN_POINT('',(25.3,25.3,40.6));
#11104=CARTESIAN_POINT('',(14.5,25.3,40.6));
#11105=CARTESIAN_POINT('',(14.5,25.3,42.2));
#11106=CARTESIAN_POINT('',(25.3,25.3,42.2));
#11107=CARTESIAN_POINT('',(25.3,14.5,42.2));
#11108=CARTESIAN_POINT('',(-14.5,25.3,42.2));
#11109=CARTESIAN_POINT('',(-14.5,25.3,40.6));
#11110=CARTESIAN_POINT('',(-14.5,25.3,40.6));
#11111=CARTESIAN_POINT('',(14.5,25.3,40.6));
#11112=CARTESIAN_POINT('',(3.18747549010184,25.3,44.2));
#11113=CARTESIAN_POINT('',(-3.18747549010184,25.3,44.2));
#11114=CARTESIAN_POINT('',(-25.3,14.5,40.6));
#11115=CARTESIAN_POINT('',(-25.3,14.5,42.2));
#11116=CARTESIAN_POINT('',(-14.5,25.3,40.6));
#11117=CARTESIAN_POINT('',(-25.3,25.3,40.6));
#11118=CARTESIAN_POINT('',(-25.3,14.5,40.6));
#11119=CARTESIAN_POINT('',(-25.3,14.5,42.2));
#11120=CARTESIAN_POINT('',(-25.3,25.3,42.2));
#11121=CARTESIAN_POINT('',(-14.5,25.3,42.2));
#11122=CARTESIAN_POINT('',(-25.3,-14.5,42.2));
#11123=CARTESIAN_POINT('',(-25.3,-14.5,40.6));
#11124=CARTESIAN_POINT('',(-25.3,-14.5,40.6));
#11125=CARTESIAN_POINT('',(-25.3,14.5,40.6));
#11126=CARTESIAN_POINT('',(-25.3,3.18747549010184,44.2));
#11127=CARTESIAN_POINT('',(-25.3,-3.18747549010184,44.2));
#11128=CARTESIAN_POINT('',(-25.3,-14.5,40.6));
#11129=CARTESIAN_POINT('',(-25.3,-25.3,40.6));
#11130=CARTESIAN_POINT('',(-14.5,-25.3,40.6));
#11131=CARTESIAN_POINT('',(-14.5,-25.3,42.2));
#11132=CARTESIAN_POINT('',(-25.3,-25.3,42.2));
#11133=CARTESIAN_POINT('',(-25.3,-14.5,42.2));
#11134=CARTESIAN_POINT('',(14.5,-26.5,40.6));
#11135=CARTESIAN_POINT('',(26.5,-26.5,40.6));
#11136=CARTESIAN_POINT('',(26.5,-14.5,40.6));
#11137=CARTESIAN_POINT('',(23.6628740438303,-22.2486604814574,46.));
#11138=CARTESIAN_POINT('',(26.5,-18.8937286393573,46.));
#11139=CARTESIAN_POINT('',(26.5,-14.5,46.));
#11140=CARTESIAN_POINT('',(22.2486604814572,-23.6628740438305,42.2));
#11141=CARTESIAN_POINT('',(23.0148985022427,-23.0148985022429,42.2));
#11142=CARTESIAN_POINT('',(23.6628740438304,-22.2486604814574,42.2));
#11143=CARTESIAN_POINT('',(22.2486604814572,-23.6628740438305,42.2));
#11144=CARTESIAN_POINT('',(22.2486604814573,-23.6628740438305,46.));
#11145=CARTESIAN_POINT('',(14.5,-26.5,46.));
#11146=CARTESIAN_POINT('',(18.8937286393572,-26.5,46.));
#11147=CARTESIAN_POINT('',(22.2486604814573,-23.6628740438305,46.));
#11148=CARTESIAN_POINT('',(14.5,-26.5,46.));
#11149=CARTESIAN_POINT('',(14.5,-26.5,40.6));
#11150=CARTESIAN_POINT('',(26.5,14.5,40.6));
#11151=CARTESIAN_POINT('',(26.5,26.5,40.6));
#11152=CARTESIAN_POINT('',(14.5,26.5,40.6));
#11153=CARTESIAN_POINT('',(14.5,26.5,40.6));
#11154=CARTESIAN_POINT('',(14.5,26.5,46.));
#11155=CARTESIAN_POINT('',(22.2486604814574,23.6628740438303,46.));
#11156=CARTESIAN_POINT('',(18.8937286393573,26.5,46.));
#11157=CARTESIAN_POINT('',(14.5,26.5,46.));
#11158=CARTESIAN_POINT('',(23.6628740438305,22.2486604814572,42.2));
#11159=CARTESIAN_POINT('',(23.0148985022429,23.0148985022427,42.2));
#11160=CARTESIAN_POINT('',(22.2486604814574,23.6628740438303,42.2));
#11161=CARTESIAN_POINT('',(26.5,14.5,46.));
#11162=CARTESIAN_POINT('',(26.5,18.8937286393572,46.));
#11163=CARTESIAN_POINT('',(23.6628740438305,22.2486604814573,46.));
#11164=CARTESIAN_POINT('',(-14.5,26.5,40.6));
#11165=CARTESIAN_POINT('',(-14.5,26.5,46.));
#11166=CARTESIAN_POINT('',(14.5,26.5,40.6));
#11167=CARTESIAN_POINT('',(-14.5,26.5,40.6));
#11168=CARTESIAN_POINT('',(-14.5,26.5,40.6));
#11169=CARTESIAN_POINT('',(-26.5,26.5,40.6));
#11170=CARTESIAN_POINT('',(-26.5,14.5,40.6));
#11171=CARTESIAN_POINT('',(-23.6628740438303,22.2486604814574,46.));
#11172=CARTESIAN_POINT('',(-26.5,18.8937286393573,46.));
#11173=CARTESIAN_POINT('',(-26.5,14.5,46.));
#11174=CARTESIAN_POINT('',(-23.6628740438303,22.2486604814574,46.));
#11175=CARTESIAN_POINT('',(-23.6628740438303,22.2486604814574,42.2));
#11176=CARTESIAN_POINT('',(-22.2486604814572,23.6628740438305,42.2));
#11177=CARTESIAN_POINT('',(-23.0148985022427,23.0148985022429,42.2));
#11178=CARTESIAN_POINT('',(-23.6628740438303,22.2486604814574,42.2));
#11179=CARTESIAN_POINT('',(-14.5,26.5,46.));
#11180=CARTESIAN_POINT('',(-18.8937286393572,26.5,46.));
#11181=CARTESIAN_POINT('',(-22.2486604814573,23.6628740438305,46.));
#11182=CARTESIAN_POINT('',(14.5,-26.5,40.6));
#11183=CARTESIAN_POINT('',(-14.5,-26.5,40.6));
#11184=CARTESIAN_POINT('',(-14.5,-26.5,46.));
#11185=CARTESIAN_POINT('',(-14.5,-26.5,40.6));
#11186=CARTESIAN_POINT('',(-14.5,-26.5,40.6));
#11187=CARTESIAN_POINT('',(-26.5,-26.5,40.6));
#11188=CARTESIAN_POINT('',(-26.5,-14.5,40.6));
#11189=CARTESIAN_POINT('',(-22.2486604814574,-23.6628740438304,46.));
#11190=CARTESIAN_POINT('',(-18.8937286393573,-26.5,46.));
#11191=CARTESIAN_POINT('',(-14.5,-26.5,46.));
#11192=CARTESIAN_POINT('',(-22.2486604814574,-23.6628740438304,46.));
#11193=CARTESIAN_POINT('',(-22.2486604814574,-23.6628740438304,42.2));
#11194=CARTESIAN_POINT('',(-23.6628740438305,-22.2486604814572,42.2));
#11195=CARTESIAN_POINT('',(-23.0148985022429,-23.0148985022427,42.2));
#11196=CARTESIAN_POINT('',(-22.2486604814574,-23.6628740438304,42.2));
#11197=CARTESIAN_POINT('',(-26.5,-14.5,46.));
#11198=CARTESIAN_POINT('',(-26.5,-18.8937286393572,46.));
#11199=CARTESIAN_POINT('',(-23.6628740438305,-22.2486604814573,46.));
#11200=CARTESIAN_POINT('',(-2.54588010938127,3.95555555555399,47.4));
#11201=CARTESIAN_POINT('',(-2.94790282342895,3.95555555555394,47.4));
#11202=CARTESIAN_POINT('',(-2.94790282342895,3.95555555555394,47.4));
#11203=CARTESIAN_POINT('',(-2.94790282342896,3.95555555555395,47.3));
#11204=CARTESIAN_POINT('',(-3.79924504140894,3.95555555555398,47.3));
#11205=CARTESIAN_POINT('',(-3.79924504140894,3.95555555555398,48.));
#11206=CARTESIAN_POINT('',(-1.69453789140115,3.95555555555391,48.));
#11207=CARTESIAN_POINT('',(-1.69453789140115,3.95555555555391,47.3));
#11208=CARTESIAN_POINT('',(-2.54588010938126,3.95555555555398,47.3));
#11209=CARTESIAN_POINT('',(-2.54588010938127,3.95555555555399,47.4));
#11210=CARTESIAN_POINT('',(-6.4363175022883,-6.73333333333323,47.4));
#11211=CARTESIAN_POINT('',(-1.89227841382677,-6.73333333333328,47.4));
#11212=CARTESIAN_POINT('',(-0.989627011262488,6.73333333333343,47.4));
#11213=CARTESIAN_POINT('',(-1.93687439491815,6.73333333333344,47.4));
#11214=CARTESIAN_POINT('',(3.05378338866585,-6.73333333333326,47.4));
#11215=CARTESIAN_POINT('',(6.03926408420388,-6.73333333333325,47.4));
#11216=CARTESIAN_POINT('',(8.90249659375823,6.73333333333237,47.4));
#11217=CARTESIAN_POINT('',(3.41121012165945,6.73333333333264,47.4));
#11218=CARTESIAN_POINT('',(-10.5907847783921,-6.73333333333326,47.4));
#11219=CARTESIAN_POINT('',(-6.83834021633598,-6.73333333333328,47.4));
#11220=CARTESIAN_POINT('',(-6.43631750228835,-6.73333333333313,47.2));
#11221=CARTESIAN_POINT('',(-6.4363175022883,-6.73333333333323,47.4));
#11222=CARTESIAN_POINT('',(-2.54588010938127,3.95555555555399,47.4));
#11223=CARTESIAN_POINT('',(-6.4363175022883,-6.73333333333323,47.4));
#11224=CARTESIAN_POINT('',(-2.54588010938135,3.95555555555408,47.1999999999999));
#11225=CARTESIAN_POINT('',(-6.43631750228835,-6.73333333333313,47.2));
#11226=CARTESIAN_POINT('',(-6.83834021633598,-6.73333333333328,47.4));
#11227=CARTESIAN_POINT('',(-2.94790282342895,3.95555555555394,47.4));
#11228=CARTESIAN_POINT('',(-2.94790282342895,3.95555555555402,47.2));
#11229=CARTESIAN_POINT('',(-6.83834021633601,-6.73333333333318,47.2));
#11230=CARTESIAN_POINT('',(-6.83834021633601,-6.73333333333318,47.2));
#11231=CARTESIAN_POINT('',(-6.83834021633598,-6.73333333333328,47.4));
#11232=CARTESIAN_POINT('',(-10.5907847783921,-6.73333333333326,47.4));
#11233=CARTESIAN_POINT('',(-10.5907847783921,-6.73333333333323,47.2));
#11234=CARTESIAN_POINT('',(-3.43311566953362,-12.0712972293621,47.4));
#11235=CARTESIAN_POINT('',(-8.02785370463543,-10.7645389873944,47.4));
#11236=CARTESIAN_POINT('',(-10.5907847783921,-6.73333333333326,47.4));
#11237=CARTESIAN_POINT('',(-3.43311566953402,-12.0712972293621,47.1999999999999));
#11238=CARTESIAN_POINT('',(-3.43311566953362,-12.0712972293621,47.4));
#11239=CARTESIAN_POINT('',(3.41121012165945,6.73333333333264,47.4));
#11240=CARTESIAN_POINT('',(-3.43311566953362,-12.0712972293621,47.4));
#11241=CARTESIAN_POINT('',(3.41121012165945,6.73333333333264,47.4));
#11242=CARTESIAN_POINT('',(3.41121012165945,6.73333333333287,47.1999999999996));
#11243=CARTESIAN_POINT('',(-3.43311566953402,-12.0712972293621,47.1999999999999));
#11244=CARTESIAN_POINT('',(3.41121012165945,6.73333333333287,47.1999999999996));
#11245=CARTESIAN_POINT('',(8.90249659375824,6.73333333333252,47.1999999999997));
#11246=CARTESIAN_POINT('',(8.90249659375823,6.73333333333237,47.4));
#11247=CARTESIAN_POINT('',(11.5336359319595,2.97567693202163,47.4));
#11248=CARTESIAN_POINT('',(12.0321603002313,4.34536137689924,47.4));
#11249=CARTESIAN_POINT('',(11.1961223177669,5.53934735511569,47.4));
#11250=CARTESIAN_POINT('',(10.3600843353026,6.73333333333214,47.4));
#11251=CARTESIAN_POINT('',(8.90249659375823,6.73333333333237,47.4));
#11252=CARTESIAN_POINT('',(11.5336359319595,2.97567693202163,47.4));
#11253=CARTESIAN_POINT('',(11.5336359319594,2.97567693202159,47.2));
#11254=CARTESIAN_POINT('',(8.67040342240512,-4.89098973464346,47.4));
#11255=CARTESIAN_POINT('',(11.5336359319595,2.97567693202163,47.4));
#11256=CARTESIAN_POINT('',(11.5336359319594,2.97567693202159,47.2));
#11257=CARTESIAN_POINT('',(8.6704034224051,-4.8909897346435,47.2));
#11258=CARTESIAN_POINT('',(8.6704034224051,-4.8909897346435,47.2));
#11259=CARTESIAN_POINT('',(8.67040342240512,-4.89098973464346,47.4));
#11260=CARTESIAN_POINT('',(6.03926408420388,-6.73333333333325,47.4));
#11261=CARTESIAN_POINT('',(7.99984519119247,-6.73333333333333,47.4));
#11262=CARTESIAN_POINT('',(8.67040342240512,-4.89098973464346,47.4));
#11263=CARTESIAN_POINT('',(6.03926408420388,-6.73333333333325,47.4));
#11264=CARTESIAN_POINT('',(6.03926408420388,-6.73333333333322,47.2));
#11265=CARTESIAN_POINT('',(3.05378338866585,-6.73333333333326,47.4));
#11266=CARTESIAN_POINT('',(3.05378338866589,-6.7333333333332,47.2));
#11267=CARTESIAN_POINT('',(0.949789831638416,-12.5140081219294,47.4));
#11268=CARTESIAN_POINT('',(3.05378338866585,-6.73333333333326,47.4));
#11269=CARTESIAN_POINT('',(3.05378338866589,-6.7333333333332,47.2));
#11270=CARTESIAN_POINT('',(0.94978983163874,-12.5140081219297,47.1999999999999));
#11271=CARTESIAN_POINT('',(0.949789831638416,-12.5140081219294,47.4));
#11272=CARTESIAN_POINT('',(0.94978983163874,-12.5140081219297,47.1999999999999));
#11273=CARTESIAN_POINT('',(0.179750585347181,12.5487126721058,47.4));
#11274=CARTESIAN_POINT('',(12.1756488513823,12.3768807247636,47.4));
#11275=CARTESIAN_POINT('',(12.544080627465,0.385410445704255,47.4));
#11276=CARTESIAN_POINT('',(12.9125124035477,-11.6060598333551,47.4));
#11277=CARTESIAN_POINT('',(0.949789831638414,-12.5140081219294,47.4));
#11278=CARTESIAN_POINT('',(0.179750585346262,12.5487126721053,47.2));
#11279=CARTESIAN_POINT('',(0.179750585347179,12.5487126721058,47.4));
#11280=CARTESIAN_POINT('',(-1.93687439491815,6.73333333333344,47.4));
#11281=CARTESIAN_POINT('',(0.179750585347179,12.5487126721058,47.4));
#11282=CARTESIAN_POINT('',(-1.93687439491815,6.73333333333344,47.4));
#11283=CARTESIAN_POINT('',(-1.9368743949182,6.73333333333353,47.1999999999999));
#11284=CARTESIAN_POINT('',(0.179750585346262,12.5487126721053,47.2));
#11285=CARTESIAN_POINT('',(-1.9368743949182,6.73333333333353,47.1999999999999));
#11286=CARTESIAN_POINT('',(-0.989627011262483,6.73333333333347,47.1999999999999));
#11287=CARTESIAN_POINT('',(-0.989627011262488,6.73333333333343,47.4));
#11288=CARTESIAN_POINT('',(1.64151232693882,2.97567693202368,47.4));
#11289=CARTESIAN_POINT('',(2.14003669521036,4.34536137690113,47.4));
#11290=CARTESIAN_POINT('',(1.30399871274601,5.53934735511726,47.4));
#11291=CARTESIAN_POINT('',(0.467960730281665,6.7333333333334,47.4));
#11292=CARTESIAN_POINT('',(-0.989627011262488,6.73333333333343,47.4));
#11293=CARTESIAN_POINT('',(1.64151232693882,2.97567693202368,47.4));
#11294=CARTESIAN_POINT('',(1.64151232693883,2.97567693202374,47.2000000000001));
#11295=CARTESIAN_POINT('',(-1.89227841382677,-6.73333333333328,47.4));
#11296=CARTESIAN_POINT('',(1.64151232693882,2.97567693202368,47.4));
#11297=CARTESIAN_POINT('',(-1.89227841382677,-6.73333333333328,47.4));
#11298=CARTESIAN_POINT('',(-1.89227841382676,-6.73333333333319,47.2000000000001));
#11299=CARTESIAN_POINT('',(1.64151232693883,2.97567693202374,47.2000000000001));
#11300=CARTESIAN_POINT('',(-1.89227841382676,-6.73333333333319,47.2000000000001));
#11301=CARTESIAN_POINT('',(4.75801071865559,-3.15555555555551,47.4));
#11302=CARTESIAN_POINT('',(4.35598800459948,-3.1555555555556,47.4));
#11303=CARTESIAN_POINT('',(6.65304459419594,3.15555555555409,47.4));
#11304=CARTESIAN_POINT('',(7.05506730824338,3.15555555555418,47.4));
#11305=CARTESIAN_POINT('',(4.3559880045995,-3.15555555555562,47.2));
#11306=CARTESIAN_POINT('',(4.35598800459948,-3.1555555555556,47.4));
#11307=CARTESIAN_POINT('',(4.75801071865559,-3.15555555555551,47.4));
#11308=CARTESIAN_POINT('',(4.75801071865556,-3.15555555555552,47.2000000000001));
#11309=CARTESIAN_POINT('',(4.75801071865556,-3.15555555555552,47.2000000000001));
#11310=CARTESIAN_POINT('',(4.3559880045995,-3.15555555555562,47.2));
#11311=CARTESIAN_POINT('',(7.05506730824338,3.15555555555418,47.4));
#11312=CARTESIAN_POINT('',(4.75801071865559,-3.15555555555551,47.4));
#11313=CARTESIAN_POINT('',(7.05506730824338,3.15555555555418,47.4));
#11314=CARTESIAN_POINT('',(7.05506730824335,3.15555555555414,47.2000000000002));
#11315=CARTESIAN_POINT('',(4.75801071865556,-3.15555555555552,47.2000000000001));
#11316=CARTESIAN_POINT('',(7.05506730824335,3.15555555555414,47.2000000000002));
#11317=CARTESIAN_POINT('',(6.65304459419596,3.15555555555403,47.2000000000001));
#11318=CARTESIAN_POINT('',(6.65304459419594,3.15555555555409,47.4));
#11319=CARTESIAN_POINT('',(4.35598800459948,-3.1555555555556,47.4));
#11320=CARTESIAN_POINT('',(6.65304459419594,3.15555555555409,47.4));
#11321=CARTESIAN_POINT('',(6.65304459419596,3.15555555555403,47.2000000000001));
#11322=CARTESIAN_POINT('',(4.3559880045995,-3.15555555555562,47.2));
#11323=CARTESIAN_POINT('',(-4.69559060245868,11.6384676351358,47.4));
#11324=CARTESIAN_POINT('',(-4.69559060245801,11.6384676351359,47.1999999999994));
#11325=CARTESIAN_POINT('',(-11.0780938797523,-5.8973159989438,47.4));
#11326=CARTESIAN_POINT('',(-13.7054856006593,-0.9617669884609,47.4));
#11327=CARTESIAN_POINT('',(-11.7931423908727,4.29235279871112,47.4));
#11328=CARTESIAN_POINT('',(-9.88079918108613,9.54647258588313,47.4));
#11329=CARTESIAN_POINT('',(-4.69559060245868,11.6384676351358,47.4));
#11330=CARTESIAN_POINT('',(-11.0780938797522,-5.8973159989438,47.2000000000001));
#11331=CARTESIAN_POINT('',(-11.0780938797523,-5.8973159989438,47.4));
#11332=CARTESIAN_POINT('',(-4.69559060245868,11.6384676351358,47.4));
#11333=CARTESIAN_POINT('',(-11.0780938797523,-5.8973159989438,47.4));
#11334=CARTESIAN_POINT('',(-11.0780938797522,-5.8973159989438,47.2000000000001));
#11335=CARTESIAN_POINT('',(-4.69559060245801,11.6384676351359,47.1999999999994));
#11336=CARTESIAN_POINT('',(1.72514105902777,-30.2472793811496,45.9242934941042));
#11337=CARTESIAN_POINT('',(1.72514105902777,-30.2472793811495,45.6));
#11338=CARTESIAN_POINT('',(1.72514105902777,-30.2472793811495,45.6));
#11339=CARTESIAN_POINT('',(2.47830946180555,-30.2472793811495,45.6));
#11340=CARTESIAN_POINT('',(2.47830946180555,-30.2472793811495,45.6));
#11341=CARTESIAN_POINT('',(2.47830946180555,-30.2472793811496,45.9242934941042));
#11342=CARTESIAN_POINT('',(-0.367350260416589,-30.2119495200386,45.9596233552154));
#11343=CARTESIAN_POINT('',(-0.367350260416589,-30.2119495200386,45.6));
#11344=CARTESIAN_POINT('',(-0.367350260416589,-30.2119495200386,45.6));
#11345=CARTESIAN_POINT('',(-0.36735026041667,-30.2472793811495,45.6));
#11346=CARTESIAN_POINT('',(-0.36735026041667,-30.2472793811495,45.6));
#11347=CARTESIAN_POINT('',(-0.36735026041667,-30.2472793811496,45.9242934941043));
#11348=CARTESIAN_POINT('',(-0.36735026041667,-30.2472793811495,45.6));
#11349=CARTESIAN_POINT('',(0.44041883680564,-30.2472793811496,45.6));
#11350=CARTESIAN_POINT('',(0.44041883680564,-30.2472793811496,45.6));
#11351=CARTESIAN_POINT('',(0.440418836805619,-30.2472793811496,45.9242934941042));
#11352=CARTESIAN_POINT('',(0.44041883680564,-30.2472793811496,45.6));
#11353=CARTESIAN_POINT('',(1.12533637152782,-28.9095623672608,45.6));
#11354=CARTESIAN_POINT('',(1.12533637152782,-28.9095623672608,45.6));
#11355=CARTESIAN_POINT('',(1.12533637152782,-28.9095623672607,46.));
#11356=CARTESIAN_POINT('',(0.479180931360874,-30.1715728752539,46.));
#11357=CARTESIAN_POINT('',(1.12533637152782,-28.9095623672607,46.));
#11358=CARTESIAN_POINT('',(1.72514105902777,-28.9095623672607,46.));
#11359=CARTESIAN_POINT('',(1.72514105902777,-28.9095623672607,45.6));
#11360=CARTESIAN_POINT('',(1.72514105902777,-28.9095623672607,45.6));
#11361=CARTESIAN_POINT('',(1.72514105902777,-30.2472793811495,45.6));
#11362=CARTESIAN_POINT('',(2.47830946180555,-30.2472793811495,45.6));
#11363=CARTESIAN_POINT('',(2.47830946180555,-26.5938505617051,45.6));
#11364=CARTESIAN_POINT('',(2.47830946180555,-26.5938505617051,45.6));
#11365=CARTESIAN_POINT('',(2.47830946180555,-26.5938505617051,46.));
#11366=CARTESIAN_POINT('',(0.422753906250093,-28.7192628880941,46.));
#11367=CARTESIAN_POINT('',(-0.345978222510122,-30.1715728752539,46.));
#11368=CARTESIAN_POINT('',(0.422753906250093,-28.7192628880941,46.));
#11369=CARTESIAN_POINT('',(0.422753906250093,-28.7192628880941,45.6));
#11370=CARTESIAN_POINT('',(0.422753906250093,-28.7192628880941,45.6));
#11371=CARTESIAN_POINT('',(-0.367350260416589,-30.2119495200386,45.6));
#11372=CARTESIAN_POINT('',(1.12533637152782,-28.9095623672608,45.6));
#11373=CARTESIAN_POINT('',(1.72514105902777,-28.9095623672607,45.6));
#11374=CARTESIAN_POINT('',(2.47830946180555,-26.5938505617051,45.6));
#11375=CARTESIAN_POINT('',(1.12051866039002,-26.5938505617051,45.6));
#11376=CARTESIAN_POINT('',(1.12051866039002,-26.5938505617051,45.6));
#11377=CARTESIAN_POINT('',(1.12051866039002,-26.5938505617051,46.));
#11378=CARTESIAN_POINT('',(0.12204861077172,-26.8825115862896,45.6));
#11379=CARTESIAN_POINT('',(0.122048610771719,-26.8825115862896,46.));
#11380=CARTESIAN_POINT('',(0.12204861077172,-26.8825115862896,45.6));
#11381=CARTESIAN_POINT('',(-0.112145544100227,-27.0749522691483,45.6));
#11382=CARTESIAN_POINT('',(-0.229242621533393,-27.3467513142027,45.6));
#11383=CARTESIAN_POINT('',(-0.229242621527781,-27.6979087214525,45.6));
#11384=CARTESIAN_POINT('',(-0.229242621527781,-27.6979087214525,45.6));
#11385=CARTESIAN_POINT('',(-0.229242621527781,-27.6979087214525,46.));
#11386=CARTESIAN_POINT('',(-0.0674479165340864,-28.3214004751038,45.6));
#11387=CARTESIAN_POINT('',(-0.0674479165340863,-28.3214004751038,46.));
#11388=CARTESIAN_POINT('',(0.422753906250093,-28.7192628880941,45.6));
#11389=CARTESIAN_POINT('',(0.203815827636061,-28.6202322168383,45.6));
#11390=CARTESIAN_POINT('',(0.040415220041334,-28.4876114125082,45.6));
#11391=CARTESIAN_POINT('',(-0.0674479165340864,-28.3214004751038,45.6));
#11392=CARTESIAN_POINT('',(1.72514105902777,-28.300122263094,46.));
#11393=CARTESIAN_POINT('',(1.72514105902777,-27.2032906658718,46.));
#11394=CARTESIAN_POINT('',(1.72514105902777,-27.2032906658718,46.));
#11395=CARTESIAN_POINT('',(1.72514105902777,-27.2032906658718,45.6));
#11396=CARTESIAN_POINT('',(1.72514105902777,-27.2032906658718,45.6));
#11397=CARTESIAN_POINT('',(1.72514105902777,-28.300122263094,45.6));
#11398=CARTESIAN_POINT('',(1.72514105902777,-28.300122263094,45.6));
#11399=CARTESIAN_POINT('',(1.72514105902777,-28.300122263094,46.));
#11400=CARTESIAN_POINT('',(1.11810980902777,-28.300122263094,46.));
#11401=CARTESIAN_POINT('',(1.72514105902777,-28.300122263094,46.));
#11402=CARTESIAN_POINT('',(1.72514105902777,-28.300122263094,45.6));
#11403=CARTESIAN_POINT('',(1.11810980902777,-28.300122263094,45.6));
#11404=CARTESIAN_POINT('',(1.11810980902777,-28.300122263094,45.6));
#11405=CARTESIAN_POINT('',(1.11810980902777,-28.300122263094,46.));
#11406=CARTESIAN_POINT('',(0.67889539930757,-28.1559924887903,45.6));
#11407=CARTESIAN_POINT('',(0.678895399307571,-28.1559924887903,46.));
#11408=CARTESIAN_POINT('',(0.523122829861109,-27.758130075554,45.6));
#11409=CARTESIAN_POINT('',(0.523122829861109,-27.758130075554,46.));
#11410=CARTESIAN_POINT('',(0.523122829861109,-27.758130075554,45.6));
#11411=CARTESIAN_POINT('',(0.52312282986869,-27.5857631774671,45.6));
#11412=CARTESIAN_POINT('',(0.572102864566971,-27.4501982180137,45.6));
#11413=CARTESIAN_POINT('',(0.670062933955942,-27.3514351971943,45.6));
#11414=CARTESIAN_POINT('',(0.670062933955942,-27.3514351971943,45.6));
#11415=CARTESIAN_POINT('',(0.670062933955942,-27.3514351971943,46.));
#11416=CARTESIAN_POINT('',(0.670062933955942,-27.3514351971943,46.));
#11417=CARTESIAN_POINT('',(0.572102864566972,-27.4501982180137,46.));
#11418=CARTESIAN_POINT('',(0.523122829868691,-27.5857631774671,46.));
#11419=CARTESIAN_POINT('',(0.523122829861109,-27.758130075554,46.));
#11420=CARTESIAN_POINT('',(0.670062933955942,-27.3514351971943,45.6));
#11421=CARTESIAN_POINT('',(0.768023003206319,-27.2526721765067,45.6));
#11422=CARTESIAN_POINT('',(0.918174912554863,-27.2032906660659,45.6));
#11423=CARTESIAN_POINT('',(1.12051866200158,-27.2032906658718,45.6));
#11424=CARTESIAN_POINT('',(1.12051866200158,-27.2032906658718,45.6));
#11425=CARTESIAN_POINT('',(1.12051866200158,-27.2032906658718,46.));
#11426=CARTESIAN_POINT('',(1.12051866200158,-27.2032906658718,46.));
#11427=CARTESIAN_POINT('',(0.918174912554863,-27.2032906660659,46.));
#11428=CARTESIAN_POINT('',(0.76802300320632,-27.2526721765067,46.));
#11429=CARTESIAN_POINT('',(0.670062933955942,-27.3514351971943,46.));
#11430=CARTESIAN_POINT('',(1.72514105902777,-27.2032906658718,46.));
#11431=CARTESIAN_POINT('',(1.12051866200158,-27.2032906658718,46.));
#11432=CARTESIAN_POINT('',(1.12051866200158,-27.2032906658718,45.6));
#11433=CARTESIAN_POINT('',(1.72514105902777,-27.2032906658718,45.6));
#11434=CARTESIAN_POINT('',(-0.229242621527781,-27.6979087214525,45.6));
#11435=CARTESIAN_POINT('',(-0.22924262142128,-27.9473589532043,45.6));
#11436=CARTESIAN_POINT('',(-0.175311053118201,-28.1551895376462,45.6));
#11437=CARTESIAN_POINT('',(-0.0674479165340864,-28.3214004751038,45.6));
#11438=CARTESIAN_POINT('',(1.12051866039002,-26.5938505617051,45.6));
#11439=CARTESIAN_POINT('',(0.689066115019304,-26.5938505622728,45.6));
#11440=CARTESIAN_POINT('',(0.356242765296571,-26.6900709037576,45.6));
#11441=CARTESIAN_POINT('',(0.12204861077172,-26.8825115862896,45.6));
#11442=CARTESIAN_POINT('',(0.67889539930757,-28.1559924887903,45.6));
#11443=CARTESIAN_POINT('',(0.575047019749184,-28.0599059726202,45.6));
#11444=CARTESIAN_POINT('',(0.523122829964744,-27.9272851682854,45.6));
#11445=CARTESIAN_POINT('',(0.523122829861109,-27.758130075554,45.6));
#11446=CARTESIAN_POINT('',(1.11810980902777,-28.300122263094,45.6));
#11447=CARTESIAN_POINT('',(0.929148582176703,-28.3001222630948,45.6));
#11448=CARTESIAN_POINT('',(0.782743778936633,-28.2520790049934,45.6));
#11449=CARTESIAN_POINT('',(0.67889539930757,-28.1559924887903,45.6));
#11450=CARTESIAN_POINT('',(0.678895399307571,-28.1559924887903,46.));
#11451=CARTESIAN_POINT('',(0.782743778936635,-28.2520790049934,46.));
#11452=CARTESIAN_POINT('',(0.929148582176704,-28.3001222630948,46.));
#11453=CARTESIAN_POINT('',(1.11810980902777,-28.300122263094,46.));
#11454=CARTESIAN_POINT('',(0.523122829861109,-27.758130075554,46.));
#11455=CARTESIAN_POINT('',(0.523122829965579,-27.9272851682848,46.));
#11456=CARTESIAN_POINT('',(0.575047019750635,-28.0599059726193,46.));
#11457=CARTESIAN_POINT('',(0.678895399307571,-28.1559924887903,46.));
#11458=CARTESIAN_POINT('',(-2.48473307291667,-26.5890328533718,46.));
#11459=CARTESIAN_POINT('',(-2.48473307291667,-26.5890328533718,45.6));
#11460=CARTESIAN_POINT('',(-2.48473307291667,-26.5890328533718,45.6));
#11461=CARTESIAN_POINT('',(-2.48473307291667,-30.2472793811495,45.6));
#11462=CARTESIAN_POINT('',(-2.48473307291667,-30.2472793811495,45.6));
#11463=CARTESIAN_POINT('',(-2.48473307291667,-30.2472793811496,45.9242934941043));
#11464=CARTESIAN_POINT('',(-2.48473307291667,-30.2472793811495,45.6));
#11465=CARTESIAN_POINT('',(-1.75966796875001,-30.2472793811495,45.6));
#11466=CARTESIAN_POINT('',(-1.75966796875001,-30.2472793811495,45.6));
#11467=CARTESIAN_POINT('',(-1.75966796875001,-30.2472793811496,45.9242934941043));
#11468=CARTESIAN_POINT('',(-1.75966796875001,-30.2472793811495,45.6));
#11469=CARTESIAN_POINT('',(-1.75966796875006,-27.4522055964275,45.6));
#11470=CARTESIAN_POINT('',(-1.75966796875006,-27.4522055964275,45.6));
#11471=CARTESIAN_POINT('',(-1.75966796875006,-27.4522055964275,46.));
#11472=CARTESIAN_POINT('',(-1.75966796875006,-27.4522055964275,46.));
#11473=CARTESIAN_POINT('',(-0.894086371527829,-27.7203913603164,46.));
#11474=CARTESIAN_POINT('',(-1.75966796875006,-27.4522055964275,45.6));
#11475=CARTESIAN_POINT('',(-0.894086371527829,-27.7203913603164,45.6));
#11476=CARTESIAN_POINT('',(-0.894086371527829,-27.7203913603164,45.6));
#11477=CARTESIAN_POINT('',(-0.894086371527829,-27.7203913603164,46.));
#11478=CARTESIAN_POINT('',(-0.894086371527829,-27.7203913603164,45.6));
#11479=CARTESIAN_POINT('',(-0.89408637152771,-27.1310250408718,45.6));
#11480=CARTESIAN_POINT('',(-0.89408637152771,-27.1310250408718,45.6));
#11481=CARTESIAN_POINT('',(-0.89408637152771,-27.1310250408718,46.));
#11482=CARTESIAN_POINT('',(-0.89408637152771,-27.1310250408718,46.));
#11483=CARTESIAN_POINT('',(-2.40684678819438,-26.5890328533718,46.));
#11484=CARTESIAN_POINT('',(-0.89408637152771,-27.1310250408718,45.6));
#11485=CARTESIAN_POINT('',(-2.40684678819438,-26.5890328533718,45.6));
#11486=CARTESIAN_POINT('',(-2.40684678819438,-26.5890328533718,45.6));
#11487=CARTESIAN_POINT('',(-2.40684678819438,-26.5890328533718,46.));
#11488=CARTESIAN_POINT('',(-2.40684678819438,-26.5890328533718,45.6));
#11489=CARTESIAN_POINT('',(-2.48473307291667,-26.5890328533718,45.6));
#11490=CARTESIAN_POINT('',(0.,0.,0.));
ENDSEC;
END-ISO-10303-21;
