ISO-10303-21;
HEADER;
/* Generated by software containing ST-Developer
 * from STEP Tools, Inc. (www.steptools.com) 
 */

FILE_DESCRIPTION(
/* description */ ('STEP AP242 Edition 2'),
/* implementation_level */ '2;1');

FILE_NAME(
/* name */ 'hp_toplights_r2_Beacon.step',
/* time_stamp */ '2026-03-09T14:31:50+01:00',
/* author */ (''),
/* organization */ (''),
/* preprocessor_version */ 'ST-DEVELOPER v20.1',
/* originating_system */ 'Autodesk Translation Framework v14.24.0.0',
/* authorisation */ '');

FILE_SCHEMA (('AUTOMOTIVE_DESIGN { 1 0 10303 214 3 1 1 }'));
ENDSEC;

DATA;
#10=MECHANICAL_DESIGN_GEOMETRIC_PRESENTATION_REPRESENTATION('',(#19,#20,
#21,#22,#23,#24),#6350);
#11=SHAPE_REPRESENTATION_RELATIONSHIP('SRR','None',#6357,#12);
#12=ADVANCED_BREP_SHAPE_REPRESENTATION('',(#25,#26,#27,#28,#29,#30),#6349);
#13=TOROIDAL_SURFACE('',#3996,8.75,2.);
#14=TOROIDAL_SURFACE('',#4029,3.25,1.5);
#15=TOROIDAL_SURFACE('',#4034,1.75,1.5);
#16=TOROIDAL_SURFACE('',#4054,8.75,2.);
#17=TOROIDAL_SURFACE('',#4087,3.25,1.5);
#18=TOROIDAL_SURFACE('',#4092,1.75,1.5);
#19=STYLED_ITEM('',(#6367),#25);
#20=STYLED_ITEM('',(#6366),#26);
#21=STYLED_ITEM('',(#6366),#27);
#22=STYLED_ITEM('',(#6366),#28);
#23=STYLED_ITEM('',(#6366),#29);
#24=STYLED_ITEM('',(#6366),#30);
#25=MANIFOLD_SOLID_BREP('Toplights_r2_Beacon',#3805);
#26=MANIFOLD_SOLID_BREP('BeaconMiddlePiece',#3806);
#27=MANIFOLD_SOLID_BREP('BeaconCover',#3807);
#28=MANIFOLD_SOLID_BREP('BeaconMiddlePiece (1)',#3808);
#29=MANIFOLD_SOLID_BREP('BeaconCover (1)',#3809);
#30=MANIFOLD_SOLID_BREP('Rail',#3810);
#31=CONICAL_SURFACE('',#3874,4.,0.785398163397448);
#32=CONICAL_SURFACE('',#3876,4.,0.785398163397448);
#33=CONICAL_SURFACE('',#3893,9.875,0.124354994546761);
#34=CONICAL_SURFACE('',#3895,10.925,0.124354994546761);
#35=CONICAL_SURFACE('',#3900,9.875,0.124354994546761);
#36=CONICAL_SURFACE('',#3902,10.925,0.124354994546761);
#37=CONICAL_SURFACE('',#4004,9.55,0.785398163397451);
#38=CONICAL_SURFACE('',#4062,9.55,0.78539816339745);
#39=B_SPLINE_CURVE_WITH_KNOTS('',3,(#5340,#5341,#5342,#5343,#5344,#5345,
#5346,#5347,#5348,#5349,#5350,#5351,#5352),.UNSPECIFIED.,.F.,.F.,(4,3,2,
2,2,4),(-0.03482605344835,0.,0.0479983833403919,0.0959967666807839,0.127888853987128,
0.159780941293471),.UNSPECIFIED.);
#40=B_SPLINE_CURVE_WITH_KNOTS('',3,(#5358,#5359,#5360,#5361,#5362,#5363,
#5364,#5365,#5366,#5367,#5368,#5369),.UNSPECIFIED.,.F.,.F.,(4,2,2,2,2,4),
(0.159780948314455,0.191673034970126,0.223565121625797,0.271563503898504,
0.319561886171211,0.354387902137399),.UNSPECIFIED.);
#41=B_SPLINE_CURVE_WITH_KNOTS('',3,(#5374,#5375,#5376,#5377,#5378,#5379,
#5380,#5381,#5382,#5383,#5384,#5385,#5386),.UNSPECIFIED.,.F.,.F.,(4,3,2,
2,2,4),(-0.0348260213003888,0.,0.0479983836511448,0.0959967673022895,0.127888854867457,
0.159780942432625),.UNSPECIFIED.);
#42=B_SPLINE_CURVE_WITH_KNOTS('',3,(#5392,#5393,#5394,#5395,#5396,#5397,
#5398,#5399,#5400,#5401,#5402,#5403),.UNSPECIFIED.,.F.,.F.,(4,2,2,2,2,4),
(0.159780942432625,0.191673029997793,0.223565117562961,0.271563501214106,
0.31956188486525,0.354387905785662),.UNSPECIFIED.);
#43=FACE_BOUND('',#453,.T.);
#44=FACE_BOUND('',#454,.T.);
#45=FACE_BOUND('',#455,.T.);
#46=FACE_BOUND('',#456,.T.);
#47=FACE_BOUND('',#459,.T.);
#48=FACE_BOUND('',#462,.T.);
#49=FACE_BOUND('',#476,.T.);
#50=FACE_BOUND('',#478,.T.);
#51=FACE_BOUND('',#484,.T.);
#52=FACE_BOUND('',#486,.T.);
#53=FACE_BOUND('',#490,.T.);
#54=FACE_BOUND('',#491,.T.);
#55=FACE_BOUND('',#492,.T.);
#56=FACE_BOUND('',#493,.T.);
#57=FACE_BOUND('',#497,.T.);
#58=FACE_BOUND('',#499,.T.);
#59=FACE_BOUND('',#564,.T.);
#60=FACE_BOUND('',#583,.T.);
#61=FACE_BOUND('',#586,.T.);
#62=FACE_BOUND('',#591,.T.);
#63=FACE_BOUND('',#593,.T.);
#64=FACE_BOUND('',#606,.T.);
#65=FACE_BOUND('',#614,.T.);
#66=FACE_BOUND('',#617,.T.);
#67=FACE_BOUND('',#622,.T.);
#68=FACE_BOUND('',#624,.T.);
#69=FACE_BOUND('',#637,.T.);
#70=FACE_BOUND('',#648,.T.);
#71=FACE_BOUND('',#686,.T.);
#72=PLANE('',#3835);
#73=PLANE('',#3837);
#74=PLANE('',#3849);
#75=PLANE('',#3857);
#76=PLANE('',#3862);
#77=PLANE('',#3863);
#78=PLANE('',#3872);
#79=PLANE('',#3873);
#80=PLANE('',#3878);
#81=PLANE('',#3880);
#82=PLANE('',#3888);
#83=PLANE('',#3889);
#84=PLANE('',#3891);
#85=PLANE('',#3898);
#86=PLANE('',#3904);
#87=PLANE('',#3905);
#88=PLANE('',#3906);
#89=PLANE('',#3907);
#90=PLANE('',#3908);
#91=PLANE('',#3909);
#92=PLANE('',#3910);
#93=PLANE('',#3911);
#94=PLANE('',#3912);
#95=PLANE('',#3913);
#96=PLANE('',#3914);
#97=PLANE('',#3915);
#98=PLANE('',#3916);
#99=PLANE('',#3917);
#100=PLANE('',#3918);
#101=PLANE('',#3919);
#102=PLANE('',#3920);
#103=PLANE('',#3921);
#104=PLANE('',#3922);
#105=PLANE('',#3923);
#106=PLANE('',#3924);
#107=PLANE('',#3925);
#108=PLANE('',#3926);
#109=PLANE('',#3927);
#110=PLANE('',#3928);
#111=PLANE('',#3929);
#112=PLANE('',#3930);
#113=PLANE('',#3931);
#114=PLANE('',#3932);
#115=PLANE('',#3933);
#116=PLANE('',#3934);
#117=PLANE('',#3935);
#118=PLANE('',#3936);
#119=PLANE('',#3937);
#120=PLANE('',#3938);
#121=PLANE('',#3939);
#122=PLANE('',#3940);
#123=PLANE('',#3941);
#124=PLANE('',#3942);
#125=PLANE('',#3943);
#126=PLANE('',#3944);
#127=PLANE('',#3945);
#128=PLANE('',#3946);
#129=PLANE('',#3947);
#130=PLANE('',#3948);
#131=PLANE('',#3949);
#132=PLANE('',#3950);
#133=PLANE('',#3951);
#134=PLANE('',#3952);
#135=PLANE('',#3953);
#136=PLANE('',#3954);
#137=PLANE('',#3955);
#138=PLANE('',#3956);
#139=PLANE('',#3957);
#140=PLANE('',#3958);
#141=PLANE('',#3959);
#142=PLANE('',#3960);
#143=PLANE('',#3961);
#144=PLANE('',#3962);
#145=PLANE('',#3963);
#146=PLANE('',#3964);
#147=PLANE('',#3965);
#148=PLANE('',#3966);
#149=PLANE('',#3967);
#150=PLANE('',#3968);
#151=PLANE('',#3969);
#152=PLANE('',#3970);
#153=PLANE('',#3971);
#154=PLANE('',#3972);
#155=PLANE('',#3973);
#156=PLANE('',#3974);
#157=PLANE('',#3975);
#158=PLANE('',#3976);
#159=PLANE('',#3977);
#160=PLANE('',#3978);
#161=PLANE('',#3979);
#162=PLANE('',#3980);
#163=PLANE('',#3981);
#164=PLANE('',#3986);
#165=PLANE('',#3990);
#166=PLANE('',#3991);
#167=PLANE('',#3995);
#168=PLANE('',#4000);
#169=PLANE('',#4009);
#170=PLANE('',#4011);
#171=PLANE('',#4018);
#172=PLANE('',#4021);
#173=PLANE('',#4028);
#174=PLANE('',#4038);
#175=PLANE('',#4039);
#176=PLANE('',#4044);
#177=PLANE('',#4048);
#178=PLANE('',#4049);
#179=PLANE('',#4053);
#180=PLANE('',#4058);
#181=PLANE('',#4067);
#182=PLANE('',#4069);
#183=PLANE('',#4076);
#184=PLANE('',#4079);
#185=PLANE('',#4082);
#186=PLANE('',#4096);
#187=PLANE('',#4100);
#188=PLANE('',#4104);
#189=PLANE('',#4105);
#190=PLANE('',#4106);
#191=PLANE('',#4107);
#192=PLANE('',#4108);
#193=PLANE('',#4109);
#194=PLANE('',#4110);
#195=PLANE('',#4111);
#196=PLANE('',#4112);
#197=PLANE('',#4113);
#198=PLANE('',#4114);
#199=PLANE('',#4115);
#200=PLANE('',#4116);
#201=PLANE('',#4117);
#202=PLANE('',#4118);
#203=PLANE('',#4119);
#204=PLANE('',#4120);
#205=PLANE('',#4121);
#206=PLANE('',#4122);
#207=PLANE('',#4123);
#208=PLANE('',#4124);
#209=PLANE('',#4125);
#210=PLANE('',#4126);
#211=PLANE('',#4127);
#212=PLANE('',#4128);
#213=PLANE('',#4129);
#214=PLANE('',#4130);
#215=PLANE('',#4131);
#216=PLANE('',#4132);
#217=PLANE('',#4133);
#218=PLANE('',#4134);
#219=PLANE('',#4135);
#220=PLANE('',#4136);
#221=PLANE('',#4137);
#222=PLANE('',#4138);
#223=PLANE('',#4139);
#224=PLANE('',#4140);
#225=PLANE('',#4141);
#226=PLANE('',#4142);
#227=PLANE('',#4143);
#228=PLANE('',#4144);
#229=PLANE('',#4145);
#230=PLANE('',#4146);
#231=PLANE('',#4147);
#232=PLANE('',#4148);
#233=PLANE('',#4149);
#234=PLANE('',#4150);
#235=FACE_OUTER_BOUND('',#448,.T.);
#236=FACE_OUTER_BOUND('',#449,.T.);
#237=FACE_OUTER_BOUND('',#450,.T.);
#238=FACE_OUTER_BOUND('',#451,.T.);
#239=FACE_OUTER_BOUND('',#452,.T.);
#240=FACE_OUTER_BOUND('',#457,.T.);
#241=FACE_OUTER_BOUND('',#458,.T.);
#242=FACE_OUTER_BOUND('',#460,.T.);
#243=FACE_OUTER_BOUND('',#461,.T.);
#244=FACE_OUTER_BOUND('',#463,.T.);
#245=FACE_OUTER_BOUND('',#464,.T.);
#246=FACE_OUTER_BOUND('',#465,.T.);
#247=FACE_OUTER_BOUND('',#466,.T.);
#248=FACE_OUTER_BOUND('',#467,.T.);
#249=FACE_OUTER_BOUND('',#468,.T.);
#250=FACE_OUTER_BOUND('',#469,.T.);
#251=FACE_OUTER_BOUND('',#470,.T.);
#252=FACE_OUTER_BOUND('',#471,.T.);
#253=FACE_OUTER_BOUND('',#472,.T.);
#254=FACE_OUTER_BOUND('',#473,.T.);
#255=FACE_OUTER_BOUND('',#474,.T.);
#256=FACE_OUTER_BOUND('',#475,.T.);
#257=FACE_OUTER_BOUND('',#477,.T.);
#258=FACE_OUTER_BOUND('',#479,.T.);
#259=FACE_OUTER_BOUND('',#480,.T.);
#260=FACE_OUTER_BOUND('',#481,.T.);
#261=FACE_OUTER_BOUND('',#482,.T.);
#262=FACE_OUTER_BOUND('',#483,.T.);
#263=FACE_OUTER_BOUND('',#485,.T.);
#264=FACE_OUTER_BOUND('',#487,.T.);
#265=FACE_OUTER_BOUND('',#488,.T.);
#266=FACE_OUTER_BOUND('',#489,.T.);
#267=FACE_OUTER_BOUND('',#494,.T.);
#268=FACE_OUTER_BOUND('',#495,.T.);
#269=FACE_OUTER_BOUND('',#496,.T.);
#270=FACE_OUTER_BOUND('',#498,.T.);
#271=FACE_OUTER_BOUND('',#500,.T.);
#272=FACE_OUTER_BOUND('',#501,.T.);
#273=FACE_OUTER_BOUND('',#502,.T.);
#274=FACE_OUTER_BOUND('',#503,.T.);
#275=FACE_OUTER_BOUND('',#504,.T.);
#276=FACE_OUTER_BOUND('',#505,.T.);
#277=FACE_OUTER_BOUND('',#506,.T.);
#278=FACE_OUTER_BOUND('',#507,.T.);
#279=FACE_OUTER_BOUND('',#508,.T.);
#280=FACE_OUTER_BOUND('',#509,.T.);
#281=FACE_OUTER_BOUND('',#510,.T.);
#282=FACE_OUTER_BOUND('',#511,.T.);
#283=FACE_OUTER_BOUND('',#512,.T.);
#284=FACE_OUTER_BOUND('',#513,.T.);
#285=FACE_OUTER_BOUND('',#514,.T.);
#286=FACE_OUTER_BOUND('',#515,.T.);
#287=FACE_OUTER_BOUND('',#516,.T.);
#288=FACE_OUTER_BOUND('',#517,.T.);
#289=FACE_OUTER_BOUND('',#518,.T.);
#290=FACE_OUTER_BOUND('',#519,.T.);
#291=FACE_OUTER_BOUND('',#520,.T.);
#292=FACE_OUTER_BOUND('',#521,.T.);
#293=FACE_OUTER_BOUND('',#522,.T.);
#294=FACE_OUTER_BOUND('',#523,.T.);
#295=FACE_OUTER_BOUND('',#524,.T.);
#296=FACE_OUTER_BOUND('',#525,.T.);
#297=FACE_OUTER_BOUND('',#526,.T.);
#298=FACE_OUTER_BOUND('',#527,.T.);
#299=FACE_OUTER_BOUND('',#528,.T.);
#300=FACE_OUTER_BOUND('',#529,.T.);
#301=FACE_OUTER_BOUND('',#530,.T.);
#302=FACE_OUTER_BOUND('',#531,.T.);
#303=FACE_OUTER_BOUND('',#532,.T.);
#304=FACE_OUTER_BOUND('',#533,.T.);
#305=FACE_OUTER_BOUND('',#534,.T.);
#306=FACE_OUTER_BOUND('',#535,.T.);
#307=FACE_OUTER_BOUND('',#536,.T.);
#308=FACE_OUTER_BOUND('',#537,.T.);
#309=FACE_OUTER_BOUND('',#538,.T.);
#310=FACE_OUTER_BOUND('',#539,.T.);
#311=FACE_OUTER_BOUND('',#540,.T.);
#312=FACE_OUTER_BOUND('',#541,.T.);
#313=FACE_OUTER_BOUND('',#542,.T.);
#314=FACE_OUTER_BOUND('',#543,.T.);
#315=FACE_OUTER_BOUND('',#544,.T.);
#316=FACE_OUTER_BOUND('',#545,.T.);
#317=FACE_OUTER_BOUND('',#546,.T.);
#318=FACE_OUTER_BOUND('',#547,.T.);
#319=FACE_OUTER_BOUND('',#548,.T.);
#320=FACE_OUTER_BOUND('',#549,.T.);
#321=FACE_OUTER_BOUND('',#550,.T.);
#322=FACE_OUTER_BOUND('',#551,.T.);
#323=FACE_OUTER_BOUND('',#552,.T.);
#324=FACE_OUTER_BOUND('',#553,.T.);
#325=FACE_OUTER_BOUND('',#554,.T.);
#326=FACE_OUTER_BOUND('',#555,.T.);
#327=FACE_OUTER_BOUND('',#556,.T.);
#328=FACE_OUTER_BOUND('',#557,.T.);
#329=FACE_OUTER_BOUND('',#558,.T.);
#330=FACE_OUTER_BOUND('',#559,.T.);
#331=FACE_OUTER_BOUND('',#560,.T.);
#332=FACE_OUTER_BOUND('',#561,.T.);
#333=FACE_OUTER_BOUND('',#562,.T.);
#334=FACE_OUTER_BOUND('',#563,.T.);
#335=FACE_OUTER_BOUND('',#565,.T.);
#336=FACE_OUTER_BOUND('',#566,.T.);
#337=FACE_OUTER_BOUND('',#567,.T.);
#338=FACE_OUTER_BOUND('',#568,.T.);
#339=FACE_OUTER_BOUND('',#569,.T.);
#340=FACE_OUTER_BOUND('',#570,.T.);
#341=FACE_OUTER_BOUND('',#571,.T.);
#342=FACE_OUTER_BOUND('',#572,.T.);
#343=FACE_OUTER_BOUND('',#573,.T.);
#344=FACE_OUTER_BOUND('',#574,.T.);
#345=FACE_OUTER_BOUND('',#575,.T.);
#346=FACE_OUTER_BOUND('',#576,.T.);
#347=FACE_OUTER_BOUND('',#577,.T.);
#348=FACE_OUTER_BOUND('',#578,.T.);
#349=FACE_OUTER_BOUND('',#579,.T.);
#350=FACE_OUTER_BOUND('',#580,.T.);
#351=FACE_OUTER_BOUND('',#581,.T.);
#352=FACE_OUTER_BOUND('',#582,.T.);
#353=FACE_OUTER_BOUND('',#584,.T.);
#354=FACE_OUTER_BOUND('',#585,.T.);
#355=FACE_OUTER_BOUND('',#587,.T.);
#356=FACE_OUTER_BOUND('',#588,.T.);
#357=FACE_OUTER_BOUND('',#589,.T.);
#358=FACE_OUTER_BOUND('',#590,.T.);
#359=FACE_OUTER_BOUND('',#592,.T.);
#360=FACE_OUTER_BOUND('',#594,.T.);
#361=FACE_OUTER_BOUND('',#595,.T.);
#362=FACE_OUTER_BOUND('',#596,.T.);
#363=FACE_OUTER_BOUND('',#597,.T.);
#364=FACE_OUTER_BOUND('',#598,.T.);
#365=FACE_OUTER_BOUND('',#599,.T.);
#366=FACE_OUTER_BOUND('',#600,.T.);
#367=FACE_OUTER_BOUND('',#601,.T.);
#368=FACE_OUTER_BOUND('',#602,.T.);
#369=FACE_OUTER_BOUND('',#603,.T.);
#370=FACE_OUTER_BOUND('',#604,.T.);
#371=FACE_OUTER_BOUND('',#605,.T.);
#372=FACE_OUTER_BOUND('',#607,.T.);
#373=FACE_OUTER_BOUND('',#608,.T.);
#374=FACE_OUTER_BOUND('',#609,.T.);
#375=FACE_OUTER_BOUND('',#610,.T.);
#376=FACE_OUTER_BOUND('',#611,.T.);
#377=FACE_OUTER_BOUND('',#612,.T.);
#378=FACE_OUTER_BOUND('',#613,.T.);
#379=FACE_OUTER_BOUND('',#615,.T.);
#380=FACE_OUTER_BOUND('',#616,.T.);
#381=FACE_OUTER_BOUND('',#618,.T.);
#382=FACE_OUTER_BOUND('',#619,.T.);
#383=FACE_OUTER_BOUND('',#620,.T.);
#384=FACE_OUTER_BOUND('',#621,.T.);
#385=FACE_OUTER_BOUND('',#623,.T.);
#386=FACE_OUTER_BOUND('',#625,.T.);
#387=FACE_OUTER_BOUND('',#626,.T.);
#388=FACE_OUTER_BOUND('',#627,.T.);
#389=FACE_OUTER_BOUND('',#628,.T.);
#390=FACE_OUTER_BOUND('',#629,.T.);
#391=FACE_OUTER_BOUND('',#630,.T.);
#392=FACE_OUTER_BOUND('',#631,.T.);
#393=FACE_OUTER_BOUND('',#632,.T.);
#394=FACE_OUTER_BOUND('',#633,.T.);
#395=FACE_OUTER_BOUND('',#634,.T.);
#396=FACE_OUTER_BOUND('',#635,.T.);
#397=FACE_OUTER_BOUND('',#636,.T.);
#398=FACE_OUTER_BOUND('',#638,.T.);
#399=FACE_OUTER_BOUND('',#639,.T.);
#400=FACE_OUTER_BOUND('',#640,.T.);
#401=FACE_OUTER_BOUND('',#641,.T.);
#402=FACE_OUTER_BOUND('',#642,.T.);
#403=FACE_OUTER_BOUND('',#643,.T.);
#404=FACE_OUTER_BOUND('',#644,.T.);
#405=FACE_OUTER_BOUND('',#645,.T.);
#406=FACE_OUTER_BOUND('',#646,.T.);
#407=FACE_OUTER_BOUND('',#647,.T.);
#408=FACE_OUTER_BOUND('',#649,.T.);
#409=FACE_OUTER_BOUND('',#650,.T.);
#410=FACE_OUTER_BOUND('',#651,.T.);
#411=FACE_OUTER_BOUND('',#652,.T.);
#412=FACE_OUTER_BOUND('',#653,.T.);
#413=FACE_OUTER_BOUND('',#654,.T.);
#414=FACE_OUTER_BOUND('',#655,.T.);
#415=FACE_OUTER_BOUND('',#656,.T.);
#416=FACE_OUTER_BOUND('',#657,.T.);
#417=FACE_OUTER_BOUND('',#658,.T.);
#418=FACE_OUTER_BOUND('',#659,.T.);
#419=FACE_OUTER_BOUND('',#660,.T.);
#420=FACE_OUTER_BOUND('',#661,.T.);
#421=FACE_OUTER_BOUND('',#662,.T.);
#422=FACE_OUTER_BOUND('',#663,.T.);
#423=FACE_OUTER_BOUND('',#664,.T.);
#424=FACE_OUTER_BOUND('',#665,.T.);
#425=FACE_OUTER_BOUND('',#666,.T.);
#426=FACE_OUTER_BOUND('',#667,.T.);
#427=FACE_OUTER_BOUND('',#668,.T.);
#428=FACE_OUTER_BOUND('',#669,.T.);
#429=FACE_OUTER_BOUND('',#670,.T.);
#430=FACE_OUTER_BOUND('',#671,.T.);
#431=FACE_OUTER_BOUND('',#672,.T.);
#432=FACE_OUTER_BOUND('',#673,.T.);
#433=FACE_OUTER_BOUND('',#674,.T.);
#434=FACE_OUTER_BOUND('',#675,.T.);
#435=FACE_OUTER_BOUND('',#676,.T.);
#436=FACE_OUTER_BOUND('',#677,.T.);
#437=FACE_OUTER_BOUND('',#678,.T.);
#438=FACE_OUTER_BOUND('',#679,.T.);
#439=FACE_OUTER_BOUND('',#680,.T.);
#440=FACE_OUTER_BOUND('',#681,.T.);
#441=FACE_OUTER_BOUND('',#682,.T.);
#442=FACE_OUTER_BOUND('',#683,.T.);
#443=FACE_OUTER_BOUND('',#684,.T.);
#444=FACE_OUTER_BOUND('',#685,.T.);
#445=FACE_OUTER_BOUND('',#687,.T.);
#446=FACE_OUTER_BOUND('',#688,.T.);
#447=FACE_OUTER_BOUND('',#689,.T.);
#448=EDGE_LOOP('',(#2496,#2497,#2498,#2499));
#449=EDGE_LOOP('',(#2500,#2501,#2502,#2503));
#450=EDGE_LOOP('',(#2504,#2505,#2506,#2507,#2508,#2509,#2510,#2511));
#451=EDGE_LOOP('',(#2512,#2513,#2514,#2515,#2516));
#452=EDGE_LOOP('',(#2517,#2518,#2519,#2520,#2521,#2522,#2523,#2524));
#453=EDGE_LOOP('',(#2525));
#454=EDGE_LOOP('',(#2526));
#455=EDGE_LOOP('',(#2527,#2528,#2529,#2530,#2531,#2532,#2533));
#456=EDGE_LOOP('',(#2534,#2535,#2536,#2537,#2538,#2539,#2540));
#457=EDGE_LOOP('',(#2541,#2542,#2543,#2544));
#458=EDGE_LOOP('',(#2545,#2546,#2547,#2548,#2549,#2550));
#459=EDGE_LOOP('',(#2551));
#460=EDGE_LOOP('',(#2552,#2553,#2554,#2555));
#461=EDGE_LOOP('',(#2556,#2557,#2558,#2559,#2560,#2561));
#462=EDGE_LOOP('',(#2562));
#463=EDGE_LOOP('',(#2563,#2564,#2565,#2566,#2567,#2568));
#464=EDGE_LOOP('',(#2569,#2570,#2571,#2572,#2573,#2574));
#465=EDGE_LOOP('',(#2575,#2576,#2577,#2578,#2579));
#466=EDGE_LOOP('',(#2580,#2581,#2582,#2583));
#467=EDGE_LOOP('',(#2584,#2585,#2586,#2587,#2588));
#468=EDGE_LOOP('',(#2589,#2590,#2591,#2592,#2593));
#469=EDGE_LOOP('',(#2594,#2595,#2596,#2597));
#470=EDGE_LOOP('',(#2598,#2599,#2600,#2601,#2602));
#471=EDGE_LOOP('',(#2603,#2604,#2605,#2606,#2607,#2608));
#472=EDGE_LOOP('',(#2609,#2610,#2611,#2612,#2613,#2614));
#473=EDGE_LOOP('',(#2615,#2616,#2617,#2618,#2619,#2620,#2621,#2622));
#474=EDGE_LOOP('',(#2623,#2624,#2625,#2626,#2627,#2628,#2629,#2630));
#475=EDGE_LOOP('',(#2631));
#476=EDGE_LOOP('',(#2632));
#477=EDGE_LOOP('',(#2633));
#478=EDGE_LOOP('',(#2634));
#479=EDGE_LOOP('',(#2635,#2636,#2637,#2638));
#480=EDGE_LOOP('',(#2639,#2640,#2641,#2642));
#481=EDGE_LOOP('',(#2643,#2644,#2645,#2646,#2647,#2648,#2649,#2650));
#482=EDGE_LOOP('',(#2651,#2652,#2653,#2654,#2655));
#483=EDGE_LOOP('',(#2656));
#484=EDGE_LOOP('',(#2657));
#485=EDGE_LOOP('',(#2658));
#486=EDGE_LOOP('',(#2659));
#487=EDGE_LOOP('',(#2660,#2661,#2662,#2663));
#488=EDGE_LOOP('',(#2664,#2665,#2666,#2667));
#489=EDGE_LOOP('',(#2668,#2669,#2670,#2671,#2672,#2673,#2674,#2675));
#490=EDGE_LOOP('',(#2676));
#491=EDGE_LOOP('',(#2677));
#492=EDGE_LOOP('',(#2678));
#493=EDGE_LOOP('',(#2679));
#494=EDGE_LOOP('',(#2680,#2681,#2682,#2683));
#495=EDGE_LOOP('',(#2684,#2685,#2686,#2687));
#496=EDGE_LOOP('',(#2688));
#497=EDGE_LOOP('',(#2689));
#498=EDGE_LOOP('',(#2690));
#499=EDGE_LOOP('',(#2691));
#500=EDGE_LOOP('',(#2692,#2693,#2694,#2695,#2696,#2697));
#501=EDGE_LOOP('',(#2698,#2699,#2700,#2701));
#502=EDGE_LOOP('',(#2702,#2703,#2704,#2705));
#503=EDGE_LOOP('',(#2706,#2707,#2708,#2709,#2710,#2711));
#504=EDGE_LOOP('',(#2712,#2713,#2714,#2715));
#505=EDGE_LOOP('',(#2716,#2717,#2718,#2719));
#506=EDGE_LOOP('',(#2720,#2721,#2722,#2723));
#507=EDGE_LOOP('',(#2724,#2725,#2726,#2727));
#508=EDGE_LOOP('',(#2728,#2729,#2730,#2731));
#509=EDGE_LOOP('',(#2732,#2733,#2734,#2735,#2736,#2737));
#510=EDGE_LOOP('',(#2738,#2739,#2740,#2741));
#511=EDGE_LOOP('',(#2742,#2743,#2744,#2745,#2746,#2747));
#512=EDGE_LOOP('',(#2748,#2749,#2750,#2751));
#513=EDGE_LOOP('',(#2752,#2753,#2754,#2755,#2756,#2757));
#514=EDGE_LOOP('',(#2758,#2759,#2760,#2761));
#515=EDGE_LOOP('',(#2762,#2763,#2764,#2765,#2766,#2767));
#516=EDGE_LOOP('',(#2768,#2769,#2770,#2771));
#517=EDGE_LOOP('',(#2772,#2773,#2774,#2775));
#518=EDGE_LOOP('',(#2776,#2777,#2778,#2779));
#519=EDGE_LOOP('',(#2780,#2781,#2782,#2783));
#520=EDGE_LOOP('',(#2784,#2785,#2786,#2787));
#521=EDGE_LOOP('',(#2788,#2789,#2790,#2791));
#522=EDGE_LOOP('',(#2792,#2793,#2794,#2795));
#523=EDGE_LOOP('',(#2796,#2797,#2798,#2799));
#524=EDGE_LOOP('',(#2800,#2801,#2802,#2803));
#525=EDGE_LOOP('',(#2804,#2805,#2806,#2807));
#526=EDGE_LOOP('',(#2808,#2809,#2810,#2811));
#527=EDGE_LOOP('',(#2812,#2813,#2814,#2815));
#528=EDGE_LOOP('',(#2816,#2817,#2818,#2819));
#529=EDGE_LOOP('',(#2820,#2821,#2822,#2823));
#530=EDGE_LOOP('',(#2824,#2825,#2826,#2827));
#531=EDGE_LOOP('',(#2828,#2829,#2830,#2831,#2832,#2833));
#532=EDGE_LOOP('',(#2834,#2835,#2836,#2837,#2838,#2839));
#533=EDGE_LOOP('',(#2840,#2841,#2842,#2843,#2844,#2845));
#534=EDGE_LOOP('',(#2846,#2847,#2848,#2849));
#535=EDGE_LOOP('',(#2850,#2851,#2852,#2853));
#536=EDGE_LOOP('',(#2854,#2855,#2856,#2857,#2858,#2859));
#537=EDGE_LOOP('',(#2860,#2861,#2862,#2863));
#538=EDGE_LOOP('',(#2864,#2865,#2866,#2867));
#539=EDGE_LOOP('',(#2868,#2869,#2870,#2871,#2872,#2873));
#540=EDGE_LOOP('',(#2874,#2875,#2876,#2877));
#541=EDGE_LOOP('',(#2878,#2879,#2880,#2881,#2882,#2883,#2884,#2885,#2886,
#2887,#2888,#2889));
#542=EDGE_LOOP('',(#2890,#2891,#2892,#2893));
#543=EDGE_LOOP('',(#2894,#2895,#2896,#2897,#2898,#2899));
#544=EDGE_LOOP('',(#2900,#2901,#2902,#2903));
#545=EDGE_LOOP('',(#2904,#2905,#2906,#2907,#2908,#2909,#2910,#2911,#2912,
#2913,#2914,#2915));
#546=EDGE_LOOP('',(#2916,#2917,#2918,#2919));
#547=EDGE_LOOP('',(#2920,#2921,#2922,#2923,#2924,#2925,#2926,#2927,#2928));
#548=EDGE_LOOP('',(#2929,#2930,#2931,#2932));
#549=EDGE_LOOP('',(#2933,#2934,#2935,#2936,#2937,#2938,#2939,#2940,#2941));
#550=EDGE_LOOP('',(#2942,#2943,#2944,#2945,#2946,#2947,#2948,#2949,#2950));
#551=EDGE_LOOP('',(#2951,#2952,#2953,#2954));
#552=EDGE_LOOP('',(#2955,#2956,#2957,#2958,#2959,#2960,#2961,#2962,#2963));
#553=EDGE_LOOP('',(#2964,#2965,#2966,#2967,#2968));
#554=EDGE_LOOP('',(#2969,#2970,#2971,#2972));
#555=EDGE_LOOP('',(#2973,#2974,#2975,#2976));
#556=EDGE_LOOP('',(#2977,#2978,#2979,#2980));
#557=EDGE_LOOP('',(#2981,#2982,#2983,#2984,#2985));
#558=EDGE_LOOP('',(#2986,#2987,#2988,#2989));
#559=EDGE_LOOP('',(#2990,#2991,#2992,#2993));
#560=EDGE_LOOP('',(#2994,#2995,#2996,#2997));
#561=EDGE_LOOP('',(#2998,#2999,#3000,#3001,#3002));
#562=EDGE_LOOP('',(#3003,#3004,#3005,#3006,#3007));
#563=EDGE_LOOP('',(#3008,#3009,#3010,#3011,#3012,#3013,#3014,#3015,#3016,
#3017,#3018,#3019,#3020,#3021,#3022,#3023));
#564=EDGE_LOOP('',(#3024,#3025,#3026,#3027,#3028,#3029,#3030,#3031,#3032,
#3033,#3034,#3035,#3036,#3037,#3038,#3039,#3040,#3041,#3042,#3043));
#565=EDGE_LOOP('',(#3044,#3045,#3046,#3047));
#566=EDGE_LOOP('',(#3048,#3049,#3050,#3051));
#567=EDGE_LOOP('',(#3052,#3053,#3054,#3055,#3056,#3057,#3058,#3059,#3060,
#3061,#3062,#3063));
#568=EDGE_LOOP('',(#3064,#3065,#3066,#3067,#3068,#3069));
#569=EDGE_LOOP('',(#3070,#3071,#3072,#3073));
#570=EDGE_LOOP('',(#3074,#3075,#3076,#3077,#3078,#3079,#3080,#3081,#3082,
#3083,#3084,#3085));
#571=EDGE_LOOP('',(#3086,#3087,#3088,#3089));
#572=EDGE_LOOP('',(#3090,#3091,#3092,#3093,#3094,#3095));
#573=EDGE_LOOP('',(#3096,#3097,#3098,#3099));
#574=EDGE_LOOP('',(#3100,#3101,#3102,#3103,#3104,#3105));
#575=EDGE_LOOP('',(#3106,#3107,#3108,#3109,#3110,#3111));
#576=EDGE_LOOP('',(#3112,#3113,#3114,#3115,#3116,#3117));
#577=EDGE_LOOP('',(#3118,#3119,#3120,#3121));
#578=EDGE_LOOP('',(#3122,#3123,#3124,#3125,#3126,#3127,#3128,#3129));
#579=EDGE_LOOP('',(#3130,#3131,#3132,#3133));
#580=EDGE_LOOP('',(#3134,#3135,#3136,#3137));
#581=EDGE_LOOP('',(#3138,#3139,#3140,#3141,#3142,#3143,#3144,#3145));
#582=EDGE_LOOP('',(#3146));
#583=EDGE_LOOP('',(#3147));
#584=EDGE_LOOP('',(#3148,#3149,#3150,#3151));
#585=EDGE_LOOP('',(#3152));
#586=EDGE_LOOP('',(#3153));
#587=EDGE_LOOP('',(#3154,#3155,#3156,#3157));
#588=EDGE_LOOP('',(#3158,#3159,#3160,#3161));
#589=EDGE_LOOP('',(#3162,#3163,#3164,#3165));
#590=EDGE_LOOP('',(#3166));
#591=EDGE_LOOP('',(#3167));
#592=EDGE_LOOP('',(#3168,#3169,#3170,#3171,#3172,#3173,#3174));
#593=EDGE_LOOP('',(#3175));
#594=EDGE_LOOP('',(#3176,#3177,#3178,#3179));
#595=EDGE_LOOP('',(#3180,#3181,#3182,#3183,#3184,#3185,#3186,#3187));
#596=EDGE_LOOP('',(#3188,#3189,#3190,#3191));
#597=EDGE_LOOP('',(#3192,#3193,#3194,#3195));
#598=EDGE_LOOP('',(#3196,#3197,#3198,#3199));
#599=EDGE_LOOP('',(#3200,#3201,#3202,#3203));
#600=EDGE_LOOP('',(#3204,#3205,#3206,#3207,#3208,#3209));
#601=EDGE_LOOP('',(#3210,#3211,#3212,#3213));
#602=EDGE_LOOP('',(#3214,#3215,#3216,#3217));
#603=EDGE_LOOP('',(#3218,#3219,#3220,#3221));
#604=EDGE_LOOP('',(#3222,#3223,#3224,#3225));
#605=EDGE_LOOP('',(#3226));
#606=EDGE_LOOP('',(#3227));
#607=EDGE_LOOP('',(#3228,#3229,#3230,#3231,#3232,#3233));
#608=EDGE_LOOP('',(#3234,#3235,#3236,#3237));
#609=EDGE_LOOP('',(#3238,#3239,#3240,#3241,#3242,#3243,#3244,#3245));
#610=EDGE_LOOP('',(#3246,#3247,#3248,#3249));
#611=EDGE_LOOP('',(#3250,#3251,#3252,#3253));
#612=EDGE_LOOP('',(#3254,#3255,#3256,#3257,#3258,#3259,#3260,#3261));
#613=EDGE_LOOP('',(#3262));
#614=EDGE_LOOP('',(#3263));
#615=EDGE_LOOP('',(#3264,#3265,#3266,#3267));
#616=EDGE_LOOP('',(#3268));
#617=EDGE_LOOP('',(#3269));
#618=EDGE_LOOP('',(#3270,#3271,#3272,#3273));
#619=EDGE_LOOP('',(#3274,#3275,#3276,#3277));
#620=EDGE_LOOP('',(#3278,#3279,#3280,#3281));
#621=EDGE_LOOP('',(#3282));
#622=EDGE_LOOP('',(#3283));
#623=EDGE_LOOP('',(#3284,#3285,#3286,#3287,#3288,#3289,#3290));
#624=EDGE_LOOP('',(#3291));
#625=EDGE_LOOP('',(#3292,#3293,#3294,#3295));
#626=EDGE_LOOP('',(#3296,#3297,#3298,#3299,#3300,#3301,#3302,#3303));
#627=EDGE_LOOP('',(#3304,#3305,#3306,#3307));
#628=EDGE_LOOP('',(#3308,#3309,#3310,#3311));
#629=EDGE_LOOP('',(#3312,#3313,#3314,#3315,#3316,#3317));
#630=EDGE_LOOP('',(#3318,#3319,#3320,#3321));
#631=EDGE_LOOP('',(#3322,#3323,#3324,#3325));
#632=EDGE_LOOP('',(#3326,#3327,#3328,#3329));
#633=EDGE_LOOP('',(#3330,#3331,#3332,#3333));
#634=EDGE_LOOP('',(#3334,#3335,#3336,#3337));
#635=EDGE_LOOP('',(#3338,#3339,#3340,#3341));
#636=EDGE_LOOP('',(#3342));
#637=EDGE_LOOP('',(#3343));
#638=EDGE_LOOP('',(#3344,#3345,#3346,#3347));
#639=EDGE_LOOP('',(#3348));
#640=EDGE_LOOP('',(#3349,#3350,#3351,#3352));
#641=EDGE_LOOP('',(#3353));
#642=EDGE_LOOP('',(#3354,#3355,#3356,#3357));
#643=EDGE_LOOP('',(#3358,#3359,#3360,#3361));
#644=EDGE_LOOP('',(#3362,#3363,#3364,#3365));
#645=EDGE_LOOP('',(#3366,#3367,#3368,#3369));
#646=EDGE_LOOP('',(#3370,#3371,#3372,#3373));
#647=EDGE_LOOP('',(#3374,#3375,#3376,#3377,#3378,#3379,#3380,#3381));
#648=EDGE_LOOP('',(#3382));
#649=EDGE_LOOP('',(#3383,#3384,#3385,#3386));
#650=EDGE_LOOP('',(#3387,#3388,#3389,#3390));
#651=EDGE_LOOP('',(#3391,#3392,#3393,#3394));
#652=EDGE_LOOP('',(#3395,#3396,#3397,#3398));
#653=EDGE_LOOP('',(#3399,#3400,#3401));
#654=EDGE_LOOP('',(#3402,#3403,#3404));
#655=EDGE_LOOP('',(#3405,#3406,#3407,#3408));
#656=EDGE_LOOP('',(#3409,#3410,#3411));
#657=EDGE_LOOP('',(#3412,#3413,#3414,#3415));
#658=EDGE_LOOP('',(#3416,#3417,#3418));
#659=EDGE_LOOP('',(#3419,#3420,#3421,#3422));
#660=EDGE_LOOP('',(#3423,#3424,#3425));
#661=EDGE_LOOP('',(#3426,#3427,#3428));
#662=EDGE_LOOP('',(#3429,#3430,#3431,#3432));
#663=EDGE_LOOP('',(#3433,#3434,#3435,#3436));
#664=EDGE_LOOP('',(#3437,#3438,#3439));
#665=EDGE_LOOP('',(#3440,#3441,#3442,#3443));
#666=EDGE_LOOP('',(#3444,#3445,#3446));
#667=EDGE_LOOP('',(#3447,#3448,#3449,#3450));
#668=EDGE_LOOP('',(#3451,#3452,#3453,#3454));
#669=EDGE_LOOP('',(#3455,#3456,#3457,#3458));
#670=EDGE_LOOP('',(#3459,#3460,#3461,#3462));
#671=EDGE_LOOP('',(#3463,#3464,#3465,#3466));
#672=EDGE_LOOP('',(#3467,#3468,#3469,#3470));
#673=EDGE_LOOP('',(#3471,#3472,#3473,#3474));
#674=EDGE_LOOP('',(#3475,#3476,#3477,#3478));
#675=EDGE_LOOP('',(#3479,#3480,#3481,#3482));
#676=EDGE_LOOP('',(#3483,#3484,#3485,#3486,#3487,#3488,#3489,#3490,#3491,
#3492,#3493,#3494));
#677=EDGE_LOOP('',(#3495,#3496,#3497,#3498));
#678=EDGE_LOOP('',(#3499,#3500,#3501,#3502));
#679=EDGE_LOOP('',(#3503,#3504,#3505,#3506));
#680=EDGE_LOOP('',(#3507,#3508,#3509,#3510));
#681=EDGE_LOOP('',(#3511,#3512,#3513,#3514));
#682=EDGE_LOOP('',(#3515,#3516,#3517,#3518));
#683=EDGE_LOOP('',(#3519,#3520,#3521,#3522));
#684=EDGE_LOOP('',(#3523,#3524,#3525,#3526));
#685=EDGE_LOOP('',(#3527,#3528,#3529,#3530,#3531,#3532,#3533,#3534));
#686=EDGE_LOOP('',(#3535));
#687=EDGE_LOOP('',(#3536,#3537,#3538,#3539));
#688=EDGE_LOOP('',(#3540,#3541,#3542,#3543,#3544,#3545,#3546,#3547,#3548,
#3549,#3550,#3551));
#689=EDGE_LOOP('',(#3552,#3553,#3554,#3555));
#690=LINE('',#5224,#1102);
#691=LINE('',#5230,#1103);
#692=LINE('',#5236,#1104);
#693=LINE('',#5240,#1105);
#694=LINE('',#5244,#1106);
#695=LINE('',#5248,#1107);
#696=LINE('',#5251,#1108);
#697=LINE('',#5255,#1109);
#698=LINE('',#5257,#1110);
#699=LINE('',#5259,#1111);
#700=LINE('',#5261,#1112);
#701=LINE('',#5263,#1113);
#702=LINE('',#5265,#1114);
#703=LINE('',#5267,#1115);
#704=LINE('',#5268,#1116);
#705=LINE('',#5270,#1117);
#706=LINE('',#5272,#1118);
#707=LINE('',#5282,#1119);
#708=LINE('',#5292,#1120);
#709=LINE('',#5298,#1121);
#710=LINE('',#5299,#1122);
#711=LINE('',#5304,#1123);
#712=LINE('',#5306,#1124);
#713=LINE('',#5317,#1125);
#714=LINE('',#5320,#1126);
#715=LINE('',#5325,#1127);
#716=LINE('',#5327,#1128);
#717=LINE('',#5334,#1129);
#718=LINE('',#5336,#1130);
#719=LINE('',#5339,#1131);
#720=LINE('',#5356,#1132);
#721=LINE('',#5371,#1133);
#722=LINE('',#5373,#1134);
#723=LINE('',#5390,#1135);
#724=LINE('',#5404,#1136);
#725=LINE('',#5407,#1137);
#726=LINE('',#5408,#1138);
#727=LINE('',#5411,#1139);
#728=LINE('',#5412,#1140);
#729=LINE('',#5415,#1141);
#730=LINE('',#5419,#1142);
#731=LINE('',#5428,#1143);
#732=LINE('',#5430,#1144);
#733=LINE('',#5435,#1145);
#734=LINE('',#5447,#1146);
#735=LINE('',#5453,#1147);
#736=LINE('',#5458,#1148);
#737=LINE('',#5460,#1149);
#738=LINE('',#5462,#1150);
#739=LINE('',#5464,#1151);
#740=LINE('',#5466,#1152);
#741=LINE('',#5468,#1153);
#742=LINE('',#5470,#1154);
#743=LINE('',#5471,#1155);
#744=LINE('',#5476,#1156);
#745=LINE('',#5480,#1157);
#746=LINE('',#5486,#1158);
#747=LINE('',#5488,#1159);
#748=LINE('',#5490,#1160);
#749=LINE('',#5492,#1161);
#750=LINE('',#5493,#1162);
#751=LINE('',#5496,#1163);
#752=LINE('',#5497,#1164);
#753=LINE('',#5500,#1165);
#754=LINE('',#5501,#1166);
#755=LINE('',#5504,#1167);
#756=LINE('',#5506,#1168);
#757=LINE('',#5508,#1169);
#758=LINE('',#5509,#1170);
#759=LINE('',#5512,#1171);
#760=LINE('',#5514,#1172);
#761=LINE('',#5515,#1173);
#762=LINE('',#5518,#1174);
#763=LINE('',#5520,#1175);
#764=LINE('',#5521,#1176);
#765=LINE('',#5525,#1177);
#766=LINE('',#5527,#1178);
#767=LINE('',#5529,#1179);
#768=LINE('',#5530,#1180);
#769=LINE('',#5534,#1181);
#770=LINE('',#5535,#1182);
#771=LINE('',#5536,#1183);
#772=LINE('',#5539,#1184);
#773=LINE('',#5541,#1185);
#774=LINE('',#5542,#1186);
#775=LINE('',#5545,#1187);
#776=LINE('',#5547,#1188);
#777=LINE('',#5549,#1189);
#778=LINE('',#5550,#1190);
#779=LINE('',#5553,#1191);
#780=LINE('',#5554,#1192);
#781=LINE('',#5557,#1193);
#782=LINE('',#5559,#1194);
#783=LINE('',#5561,#1195);
#784=LINE('',#5562,#1196);
#785=LINE('',#5565,#1197);
#786=LINE('',#5566,#1198);
#787=LINE('',#5569,#1199);
#788=LINE('',#5571,#1200);
#789=LINE('',#5573,#1201);
#790=LINE('',#5574,#1202);
#791=LINE('',#5577,#1203);
#792=LINE('',#5578,#1204);
#793=LINE('',#5581,#1205);
#794=LINE('',#5583,#1206);
#795=LINE('',#5584,#1207);
#796=LINE('',#5588,#1208);
#797=LINE('',#5590,#1209);
#798=LINE('',#5592,#1210);
#799=LINE('',#5593,#1211);
#800=LINE('',#5597,#1212);
#801=LINE('',#5598,#1213);
#802=LINE('',#5599,#1214);
#803=LINE('',#5602,#1215);
#804=LINE('',#5604,#1216);
#805=LINE('',#5605,#1217);
#806=LINE('',#5609,#1218);
#807=LINE('',#5611,#1219);
#808=LINE('',#5613,#1220);
#809=LINE('',#5614,#1221);
#810=LINE('',#5617,#1222);
#811=LINE('',#5619,#1223);
#812=LINE('',#5620,#1224);
#813=LINE('',#5623,#1225);
#814=LINE('',#5625,#1226);
#815=LINE('',#5626,#1227);
#816=LINE('',#5630,#1228);
#817=LINE('',#5631,#1229);
#818=LINE('',#5632,#1230);
#819=LINE('',#5635,#1231);
#820=LINE('',#5637,#1232);
#821=LINE('',#5638,#1233);
#822=LINE('',#5642,#1234);
#823=LINE('',#5643,#1235);
#824=LINE('',#5644,#1236);
#825=LINE('',#5648,#1237);
#826=LINE('',#5650,#1238);
#827=LINE('',#5652,#1239);
#828=LINE('',#5653,#1240);
#829=LINE('',#5656,#1241);
#830=LINE('',#5658,#1242);
#831=LINE('',#5659,#1243);
#832=LINE('',#5662,#1244);
#833=LINE('',#5664,#1245);
#834=LINE('',#5665,#1246);
#835=LINE('',#5669,#1247);
#836=LINE('',#5670,#1248);
#837=LINE('',#5671,#1249);
#838=LINE('',#5674,#1250);
#839=LINE('',#5676,#1251);
#840=LINE('',#5677,#1252);
#841=LINE('',#5681,#1253);
#842=LINE('',#5682,#1254);
#843=LINE('',#5683,#1255);
#844=LINE('',#5686,#1256);
#845=LINE('',#5688,#1257);
#846=LINE('',#5690,#1258);
#847=LINE('',#5692,#1259);
#848=LINE('',#5693,#1260);
#849=LINE('',#5696,#1261);
#850=LINE('',#5698,#1262);
#851=LINE('',#5700,#1263);
#852=LINE('',#5702,#1264);
#853=LINE('',#5703,#1265);
#854=LINE('',#5706,#1266);
#855=LINE('',#5708,#1267);
#856=LINE('',#5709,#1268);
#857=LINE('',#5712,#1269);
#858=LINE('',#5713,#1270);
#859=LINE('',#5717,#1271);
#860=LINE('',#5718,#1272);
#861=LINE('',#5719,#1273);
#862=LINE('',#5722,#1274);
#863=LINE('',#5723,#1275);
#864=LINE('',#5726,#1276);
#865=LINE('',#5727,#1277);
#866=LINE('',#5730,#1278);
#867=LINE('',#5732,#1279);
#868=LINE('',#5733,#1280);
#869=LINE('',#5736,#1281);
#870=LINE('',#5737,#1282);
#871=LINE('',#5740,#1283);
#872=LINE('',#5741,#1284);
#873=LINE('',#5744,#1285);
#874=LINE('',#5745,#1286);
#875=LINE('',#5746,#1287);
#876=LINE('',#5749,#1288);
#877=LINE('',#5750,#1289);
#878=LINE('',#5753,#1290);
#879=LINE('',#5754,#1291);
#880=LINE('',#5757,#1292);
#881=LINE('',#5758,#1293);
#882=LINE('',#5761,#1294);
#883=LINE('',#5762,#1295);
#884=LINE('',#5763,#1296);
#885=LINE('',#5765,#1297);
#886=LINE('',#5768,#1298);
#887=LINE('',#5770,#1299);
#888=LINE('',#5771,#1300);
#889=LINE('',#5774,#1301);
#890=LINE('',#5775,#1302);
#891=LINE('',#5778,#1303);
#892=LINE('',#5779,#1304);
#893=LINE('',#5783,#1305);
#894=LINE('',#5784,#1306);
#895=LINE('',#5785,#1307);
#896=LINE('',#5788,#1308);
#897=LINE('',#5789,#1309);
#898=LINE('',#5792,#1310);
#899=LINE('',#5793,#1311);
#900=LINE('',#5796,#1312);
#901=LINE('',#5798,#1313);
#902=LINE('',#5799,#1314);
#903=LINE('',#5802,#1315);
#904=LINE('',#5803,#1316);
#905=LINE('',#5806,#1317);
#906=LINE('',#5807,#1318);
#907=LINE('',#5810,#1319);
#908=LINE('',#5811,#1320);
#909=LINE('',#5814,#1321);
#910=LINE('',#5815,#1322);
#911=LINE('',#5819,#1323);
#912=LINE('',#5820,#1324);
#913=LINE('',#5821,#1325);
#914=LINE('',#5824,#1326);
#915=LINE('',#5825,#1327);
#916=LINE('',#5828,#1328);
#917=LINE('',#5829,#1329);
#918=LINE('',#5832,#1330);
#919=LINE('',#5833,#1331);
#920=LINE('',#5836,#1332);
#921=LINE('',#5837,#1333);
#922=LINE('',#5840,#1334);
#923=LINE('',#5842,#1335);
#924=LINE('',#5844,#1336);
#925=LINE('',#5846,#1337);
#926=LINE('',#5847,#1338);
#927=LINE('',#5849,#1339);
#928=LINE('',#5851,#1340);
#929=LINE('',#5853,#1341);
#930=LINE('',#5855,#1342);
#931=LINE('',#5856,#1343);
#932=LINE('',#5859,#1344);
#933=LINE('',#5861,#1345);
#934=LINE('',#5862,#1346);
#935=LINE('',#5864,#1347);
#936=LINE('',#5865,#1348);
#937=LINE('',#5868,#1349);
#938=LINE('',#5869,#1350);
#939=LINE('',#5871,#1351);
#940=LINE('',#5873,#1352);
#941=LINE('',#5874,#1353);
#942=LINE('',#5877,#1354);
#943=LINE('',#5878,#1355);
#944=LINE('',#5880,#1356);
#945=LINE('',#5881,#1357);
#946=LINE('',#5883,#1358);
#947=LINE('',#5886,#1359);
#948=LINE('',#5894,#1360);
#949=LINE('',#5900,#1361);
#950=LINE('',#5904,#1362);
#951=LINE('',#5906,#1363);
#952=LINE('',#5907,#1364);
#953=LINE('',#5911,#1365);
#954=LINE('',#5913,#1366);
#955=LINE('',#5917,#1367);
#956=LINE('',#5918,#1368);
#957=LINE('',#5924,#1369);
#958=LINE('',#5937,#1370);
#959=LINE('',#5943,#1371);
#960=LINE('',#5947,#1372);
#961=LINE('',#5955,#1373);
#962=LINE('',#5961,#1374);
#963=LINE('',#5971,#1375);
#964=LINE('',#5973,#1376);
#965=LINE('',#5974,#1377);
#966=LINE('',#5976,#1378);
#967=LINE('',#5978,#1379);
#968=LINE('',#5982,#1380);
#969=LINE('',#5983,#1381);
#970=LINE('',#5987,#1382);
#971=LINE('',#5990,#1383);
#972=LINE('',#6002,#1384);
#973=LINE('',#6008,#1385);
#974=LINE('',#6015,#1386);
#975=LINE('',#6021,#1387);
#976=LINE('',#6025,#1388);
#977=LINE('',#6027,#1389);
#978=LINE('',#6028,#1390);
#979=LINE('',#6032,#1391);
#980=LINE('',#6034,#1392);
#981=LINE('',#6038,#1393);
#982=LINE('',#6039,#1394);
#983=LINE('',#6045,#1395);
#984=LINE('',#6058,#1396);
#985=LINE('',#6064,#1397);
#986=LINE('',#6068,#1398);
#987=LINE('',#6076,#1399);
#988=LINE('',#6082,#1400);
#989=LINE('',#6092,#1401);
#990=LINE('',#6094,#1402);
#991=LINE('',#6095,#1403);
#992=LINE('',#6097,#1404);
#993=LINE('',#6099,#1405);
#994=LINE('',#6103,#1406);
#995=LINE('',#6104,#1407);
#996=LINE('',#6107,#1408);
#997=LINE('',#6114,#1409);
#998=LINE('',#6123,#1410);
#999=LINE('',#6129,#1411);
#1000=LINE('',#6135,#1412);
#1001=LINE('',#6142,#1413);
#1002=LINE('',#6148,#1414);
#1003=LINE('',#6150,#1415);
#1004=LINE('',#6152,#1416);
#1005=LINE('',#6153,#1417);
#1006=LINE('',#6156,#1418);
#1007=LINE('',#6158,#1419);
#1008=LINE('',#6159,#1420);
#1009=LINE('',#6163,#1421);
#1010=LINE('',#6165,#1422);
#1011=LINE('',#6167,#1423);
#1012=LINE('',#6168,#1424);
#1013=LINE('',#6171,#1425);
#1014=LINE('',#6173,#1426);
#1015=LINE('',#6174,#1427);
#1016=LINE('',#6176,#1428);
#1017=LINE('',#6177,#1429);
#1018=LINE('',#6180,#1430);
#1019=LINE('',#6182,#1431);
#1020=LINE('',#6184,#1432);
#1021=LINE('',#6186,#1433);
#1022=LINE('',#6188,#1434);
#1023=LINE('',#6190,#1435);
#1024=LINE('',#6191,#1436);
#1025=LINE('',#6194,#1437);
#1026=LINE('',#6195,#1438);
#1027=LINE('',#6198,#1439);
#1028=LINE('',#6199,#1440);
#1029=LINE('',#6202,#1441);
#1030=LINE('',#6203,#1442);
#1031=LINE('',#6206,#1443);
#1032=LINE('',#6207,#1444);
#1033=LINE('',#6211,#1445);
#1034=LINE('',#6213,#1446);
#1035=LINE('',#6214,#1447);
#1036=LINE('',#6218,#1448);
#1037=LINE('',#6220,#1449);
#1038=LINE('',#6221,#1450);
#1039=LINE('',#6223,#1451);
#1040=LINE('',#6224,#1452);
#1041=LINE('',#6228,#1453);
#1042=LINE('',#6230,#1454);
#1043=LINE('',#6231,#1455);
#1044=LINE('',#6233,#1456);
#1045=LINE('',#6234,#1457);
#1046=LINE('',#6238,#1458);
#1047=LINE('',#6240,#1459);
#1048=LINE('',#6241,#1460);
#1049=LINE('',#6243,#1461);
#1050=LINE('',#6244,#1462);
#1051=LINE('',#6248,#1463);
#1052=LINE('',#6250,#1464);
#1053=LINE('',#6251,#1465);
#1054=LINE('',#6255,#1466);
#1055=LINE('',#6257,#1467);
#1056=LINE('',#6258,#1468);
#1057=LINE('',#6260,#1469);
#1058=LINE('',#6261,#1470);
#1059=LINE('',#6263,#1471);
#1060=LINE('',#6264,#1472);
#1061=LINE('',#6268,#1473);
#1062=LINE('',#6270,#1474);
#1063=LINE('',#6271,#1475);
#1064=LINE('',#6273,#1476);
#1065=LINE('',#6274,#1477);
#1066=LINE('',#6278,#1478);
#1067=LINE('',#6280,#1479);
#1068=LINE('',#6281,#1480);
#1069=LINE('',#6283,#1481);
#1070=LINE('',#6284,#1482);
#1071=LINE('',#6286,#1483);
#1072=LINE('',#6287,#1484);
#1073=LINE('',#6289,#1485);
#1074=LINE('',#6290,#1486);
#1075=LINE('',#6292,#1487);
#1076=LINE('',#6293,#1488);
#1077=LINE('',#6295,#1489);
#1078=LINE('',#6296,#1490);
#1079=LINE('',#6298,#1491);
#1080=LINE('',#6299,#1492);
#1081=LINE('',#6303,#1493);
#1082=LINE('',#6304,#1494);
#1083=LINE('',#6305,#1495);
#1084=LINE('',#6309,#1496);
#1085=LINE('',#6310,#1497);
#1086=LINE('',#6311,#1498);
#1087=LINE('',#6314,#1499);
#1088=LINE('',#6321,#1500);
#1089=LINE('',#6322,#1501);
#1090=LINE('',#6323,#1502);
#1091=LINE('',#6326,#1503);
#1092=LINE('',#6327,#1504);
#1093=LINE('',#6330,#1505);
#1094=LINE('',#6331,#1506);
#1095=LINE('',#6333,#1507);
#1096=LINE('',#6336,#1508);
#1097=LINE('',#6338,#1509);
#1098=LINE('',#6339,#1510);
#1099=LINE('',#6341,#1511);
#1100=LINE('',#6342,#1512);
#1101=LINE('',#6343,#1513);
#1102=VECTOR('',#4157,1.75);
#1103=VECTOR('',#4164,1.75);
#1104=VECTOR('',#4171,8.5);
#1105=VECTOR('',#4174,10.);
#1106=VECTOR('',#4177,10.);
#1107=VECTOR('',#4182,10.);
#1108=VECTOR('',#4185,10.);
#1109=VECTOR('',#4188,10.);
#1110=VECTOR('',#4189,10.);
#1111=VECTOR('',#4190,10.);
#1112=VECTOR('',#4191,10.);
#1113=VECTOR('',#4192,10.);
#1114=VECTOR('',#4193,10.);
#1115=VECTOR('',#4194,10.);
#1116=VECTOR('',#4195,10.);
#1117=VECTOR('',#4196,10.);
#1118=VECTOR('',#4197,10.);
#1119=VECTOR('',#4206,10.);
#1120=VECTOR('',#4215,10.);
#1121=VECTOR('',#4222,10.);
#1122=VECTOR('',#4223,10.);
#1123=VECTOR('',#4228,10.);
#1124=VECTOR('',#4229,10.);
#1125=VECTOR('',#4240,10.);
#1126=VECTOR('',#4243,10.);
#1127=VECTOR('',#4248,10.);
#1128=VECTOR('',#4249,10.);
#1129=VECTOR('',#4258,10.);
#1130=VECTOR('',#4261,10.);
#1131=VECTOR('',#4264,10.);
#1132=VECTOR('',#4269,10.);
#1133=VECTOR('',#4274,10.);
#1134=VECTOR('',#4275,10.);
#1135=VECTOR('',#4280,10.);
#1136=VECTOR('',#4283,10.);
#1137=VECTOR('',#4286,10.);
#1138=VECTOR('',#4287,10.);
#1139=VECTOR('',#4290,10.);
#1140=VECTOR('',#4291,10.);
#1141=VECTOR('',#4294,4.);
#1142=VECTOR('',#4299,4.);
#1143=VECTOR('',#4312,1.5);
#1144=VECTOR('',#4315,1.5);
#1145=VECTOR('',#4320,8.5);
#1146=VECTOR('',#4337,9.875);
#1147=VECTOR('',#4344,10.925);
#1148=VECTOR('',#4349,1000.);
#1149=VECTOR('',#4350,1000.);
#1150=VECTOR('',#4351,1000.);
#1151=VECTOR('',#4352,1000.);
#1152=VECTOR('',#4353,1000.);
#1153=VECTOR('',#4354,1000.);
#1154=VECTOR('',#4355,1000.);
#1155=VECTOR('',#4356,1000.);
#1156=VECTOR('',#4361,9.875);
#1157=VECTOR('',#4366,10.925);
#1158=VECTOR('',#4375,1000.);
#1159=VECTOR('',#4376,1000.);
#1160=VECTOR('',#4377,1000.);
#1161=VECTOR('',#4378,1000.);
#1162=VECTOR('',#4379,1000.);
#1163=VECTOR('',#4382,1000.);
#1164=VECTOR('',#4383,1000.);
#1165=VECTOR('',#4386,1000.);
#1166=VECTOR('',#4387,1000.);
#1167=VECTOR('',#4390,1000.);
#1168=VECTOR('',#4391,1000.);
#1169=VECTOR('',#4392,1000.);
#1170=VECTOR('',#4393,1000.);
#1171=VECTOR('',#4396,1000.);
#1172=VECTOR('',#4397,1000.);
#1173=VECTOR('',#4398,1000.);
#1174=VECTOR('',#4401,1000.);
#1175=VECTOR('',#4402,1000.);
#1176=VECTOR('',#4403,1000.);
#1177=VECTOR('',#4406,1000.);
#1178=VECTOR('',#4407,1000.);
#1179=VECTOR('',#4408,1000.);
#1180=VECTOR('',#4409,1000.);
#1181=VECTOR('',#4412,1000.);
#1182=VECTOR('',#4413,1000.);
#1183=VECTOR('',#4414,1000.);
#1184=VECTOR('',#4417,1000.);
#1185=VECTOR('',#4418,1000.);
#1186=VECTOR('',#4419,1000.);
#1187=VECTOR('',#4422,1000.);
#1188=VECTOR('',#4423,1000.);
#1189=VECTOR('',#4424,1000.);
#1190=VECTOR('',#4425,1000.);
#1191=VECTOR('',#4428,1000.);
#1192=VECTOR('',#4429,1000.);
#1193=VECTOR('',#4432,1000.);
#1194=VECTOR('',#4433,1000.);
#1195=VECTOR('',#4434,1000.);
#1196=VECTOR('',#4435,1000.);
#1197=VECTOR('',#4438,1000.);
#1198=VECTOR('',#4439,1000.);
#1199=VECTOR('',#4442,1000.);
#1200=VECTOR('',#4443,1000.);
#1201=VECTOR('',#4444,1000.);
#1202=VECTOR('',#4445,1000.);
#1203=VECTOR('',#4448,1000.);
#1204=VECTOR('',#4449,1000.);
#1205=VECTOR('',#4452,1000.);
#1206=VECTOR('',#4453,1000.);
#1207=VECTOR('',#4454,1000.);
#1208=VECTOR('',#4457,1000.);
#1209=VECTOR('',#4458,1000.);
#1210=VECTOR('',#4459,1000.);
#1211=VECTOR('',#4460,1000.);
#1212=VECTOR('',#4463,1000.);
#1213=VECTOR('',#4464,1000.);
#1214=VECTOR('',#4465,1000.);
#1215=VECTOR('',#4468,1000.);
#1216=VECTOR('',#4469,1000.);
#1217=VECTOR('',#4470,1000.);
#1218=VECTOR('',#4473,1000.);
#1219=VECTOR('',#4474,1000.);
#1220=VECTOR('',#4475,1000.);
#1221=VECTOR('',#4476,1000.);
#1222=VECTOR('',#4479,1000.);
#1223=VECTOR('',#4480,1000.);
#1224=VECTOR('',#4481,1000.);
#1225=VECTOR('',#4484,1000.);
#1226=VECTOR('',#4485,1000.);
#1227=VECTOR('',#4486,1000.);
#1228=VECTOR('',#4489,1000.);
#1229=VECTOR('',#4490,1000.);
#1230=VECTOR('',#4491,1000.);
#1231=VECTOR('',#4494,1000.);
#1232=VECTOR('',#4495,1000.);
#1233=VECTOR('',#4496,1000.);
#1234=VECTOR('',#4499,1000.);
#1235=VECTOR('',#4500,1000.);
#1236=VECTOR('',#4501,1000.);
#1237=VECTOR('',#4504,1000.);
#1238=VECTOR('',#4505,1000.);
#1239=VECTOR('',#4506,1000.);
#1240=VECTOR('',#4507,1000.);
#1241=VECTOR('',#4510,1000.);
#1242=VECTOR('',#4511,1000.);
#1243=VECTOR('',#4512,1000.);
#1244=VECTOR('',#4515,1000.);
#1245=VECTOR('',#4516,1000.);
#1246=VECTOR('',#4517,1000.);
#1247=VECTOR('',#4520,1000.);
#1248=VECTOR('',#4521,1000.);
#1249=VECTOR('',#4522,1000.);
#1250=VECTOR('',#4525,1000.);
#1251=VECTOR('',#4526,1000.);
#1252=VECTOR('',#4527,1000.);
#1253=VECTOR('',#4530,1000.);
#1254=VECTOR('',#4531,1000.);
#1255=VECTOR('',#4532,1000.);
#1256=VECTOR('',#4535,1000.);
#1257=VECTOR('',#4536,1000.);
#1258=VECTOR('',#4537,1000.);
#1259=VECTOR('',#4538,1000.);
#1260=VECTOR('',#4539,1000.);
#1261=VECTOR('',#4542,1000.);
#1262=VECTOR('',#4543,1000.);
#1263=VECTOR('',#4544,1000.);
#1264=VECTOR('',#4545,1000.);
#1265=VECTOR('',#4546,1000.);
#1266=VECTOR('',#4549,1000.);
#1267=VECTOR('',#4550,1000.);
#1268=VECTOR('',#4551,1000.);
#1269=VECTOR('',#4554,1000.);
#1270=VECTOR('',#4555,1000.);
#1271=VECTOR('',#4558,1000.);
#1272=VECTOR('',#4559,1000.);
#1273=VECTOR('',#4560,1000.);
#1274=VECTOR('',#4563,1000.);
#1275=VECTOR('',#4564,1000.);
#1276=VECTOR('',#4567,1000.);
#1277=VECTOR('',#4568,1000.);
#1278=VECTOR('',#4571,1000.);
#1279=VECTOR('',#4572,1000.);
#1280=VECTOR('',#4573,1000.);
#1281=VECTOR('',#4576,1000.);
#1282=VECTOR('',#4577,1000.);
#1283=VECTOR('',#4580,1000.);
#1284=VECTOR('',#4581,1000.);
#1285=VECTOR('',#4584,1000.);
#1286=VECTOR('',#4585,1000.);
#1287=VECTOR('',#4586,1000.);
#1288=VECTOR('',#4589,1000.);
#1289=VECTOR('',#4590,1000.);
#1290=VECTOR('',#4593,1000.);
#1291=VECTOR('',#4594,1000.);
#1292=VECTOR('',#4597,1000.);
#1293=VECTOR('',#4598,1000.);
#1294=VECTOR('',#4601,1000.);
#1295=VECTOR('',#4602,1000.);
#1296=VECTOR('',#4603,1000.);
#1297=VECTOR('',#4606,1000.);
#1298=VECTOR('',#4609,1000.);
#1299=VECTOR('',#4610,1000.);
#1300=VECTOR('',#4611,1000.);
#1301=VECTOR('',#4614,1000.);
#1302=VECTOR('',#4615,1000.);
#1303=VECTOR('',#4618,1000.);
#1304=VECTOR('',#4619,1000.);
#1305=VECTOR('',#4622,1000.);
#1306=VECTOR('',#4623,1000.);
#1307=VECTOR('',#4624,1000.);
#1308=VECTOR('',#4627,1000.);
#1309=VECTOR('',#4628,1000.);
#1310=VECTOR('',#4631,1000.);
#1311=VECTOR('',#4632,1000.);
#1312=VECTOR('',#4635,1000.);
#1313=VECTOR('',#4636,1000.);
#1314=VECTOR('',#4637,999.999999999999);
#1315=VECTOR('',#4640,1000.);
#1316=VECTOR('',#4641,1000.);
#1317=VECTOR('',#4644,1000.);
#1318=VECTOR('',#4645,1000.);
#1319=VECTOR('',#4648,1000.);
#1320=VECTOR('',#4649,1000.);
#1321=VECTOR('',#4652,1000.);
#1322=VECTOR('',#4653,1000.);
#1323=VECTOR('',#4656,1000.);
#1324=VECTOR('',#4657,1000.);
#1325=VECTOR('',#4658,999.999999999999);
#1326=VECTOR('',#4661,1000.);
#1327=VECTOR('',#4662,1000.);
#1328=VECTOR('',#4665,1000.);
#1329=VECTOR('',#4666,999.999999999999);
#1330=VECTOR('',#4669,1000.);
#1331=VECTOR('',#4670,1000.);
#1332=VECTOR('',#4673,1000.);
#1333=VECTOR('',#4674,1000.);
#1334=VECTOR('',#4677,1000.);
#1335=VECTOR('',#4678,1000.);
#1336=VECTOR('',#4679,1000.);
#1337=VECTOR('',#4680,1000.);
#1338=VECTOR('',#4681,1000.);
#1339=VECTOR('',#4682,1000.);
#1340=VECTOR('',#4683,1000.);
#1341=VECTOR('',#4684,1000.);
#1342=VECTOR('',#4685,1000.);
#1343=VECTOR('',#4686,1000.);
#1344=VECTOR('',#4689,1000.);
#1345=VECTOR('',#4690,1000.);
#1346=VECTOR('',#4691,1000.);
#1347=VECTOR('',#4694,1000.);
#1348=VECTOR('',#4695,1000.);
#1349=VECTOR('',#4698,1000.);
#1350=VECTOR('',#4699,1000.);
#1351=VECTOR('',#4702,1000.);
#1352=VECTOR('',#4703,1000.);
#1353=VECTOR('',#4704,1000.);
#1354=VECTOR('',#4707,1000.);
#1355=VECTOR('',#4708,1000.);
#1356=VECTOR('',#4711,1000.);
#1357=VECTOR('',#4712,1000.);
#1358=VECTOR('',#4715,1000.);
#1359=VECTOR('',#4720,1000.);
#1360=VECTOR('',#4729,10.);
#1361=VECTOR('',#4734,10.);
#1362=VECTOR('',#4739,10.);
#1363=VECTOR('',#4740,10.);
#1364=VECTOR('',#4741,10.);
#1365=VECTOR('',#4746,7.5);
#1366=VECTOR('',#4747,10.);
#1367=VECTOR('',#4752,10.);
#1368=VECTOR('',#4753,10.);
#1369=VECTOR('',#4762,6.3);
#1370=VECTOR('',#4779,10.55);
#1371=VECTOR('',#4786,9.55);
#1372=VECTOR('',#4791,10.15);
#1373=VECTOR('',#4800,10.);
#1374=VECTOR('',#4805,10.);
#1375=VECTOR('',#4816,10.);
#1376=VECTOR('',#4817,10.);
#1377=VECTOR('',#4818,10.);
#1378=VECTOR('',#4821,6.1);
#1379=VECTOR('',#4822,10.);
#1380=VECTOR('',#4827,10.);
#1381=VECTOR('',#4828,10.);
#1382=VECTOR('',#4833,10.);
#1383=VECTOR('',#4836,10.);
#1384=VECTOR('',#4855,1.75);
#1385=VECTOR('',#4864,3.25);
#1386=VECTOR('',#4871,10.);
#1387=VECTOR('',#4876,10.);
#1388=VECTOR('',#4881,10.);
#1389=VECTOR('',#4882,10.);
#1390=VECTOR('',#4883,10.);
#1391=VECTOR('',#4888,7.5);
#1392=VECTOR('',#4889,10.);
#1393=VECTOR('',#4894,10.);
#1394=VECTOR('',#4895,10.);
#1395=VECTOR('',#4904,6.3);
#1396=VECTOR('',#4921,10.55);
#1397=VECTOR('',#4928,9.55);
#1398=VECTOR('',#4933,10.15);
#1399=VECTOR('',#4942,10.);
#1400=VECTOR('',#4947,10.);
#1401=VECTOR('',#4958,10.);
#1402=VECTOR('',#4959,10.);
#1403=VECTOR('',#4960,10.);
#1404=VECTOR('',#4963,6.1);
#1405=VECTOR('',#4964,10.);
#1406=VECTOR('',#4969,10.);
#1407=VECTOR('',#4970,10.);
#1408=VECTOR('',#4973,10.);
#1409=VECTOR('',#4984,10.);
#1410=VECTOR('',#4997,1.75);
#1411=VECTOR('',#5006,3.25);
#1412=VECTOR('',#5013,1.5);
#1413=VECTOR('',#5022,1.5);
#1414=VECTOR('',#5029,10.);
#1415=VECTOR('',#5030,10.);
#1416=VECTOR('',#5031,10.);
#1417=VECTOR('',#5032,10.);
#1418=VECTOR('',#5035,10.);
#1419=VECTOR('',#5036,10.);
#1420=VECTOR('',#5037,10.);
#1421=VECTOR('',#5040,10.);
#1422=VECTOR('',#5041,10.);
#1423=VECTOR('',#5042,10.);
#1424=VECTOR('',#5043,10.);
#1425=VECTOR('',#5046,10.);
#1426=VECTOR('',#5047,10.);
#1427=VECTOR('',#5048,10.);
#1428=VECTOR('',#5051,10.);
#1429=VECTOR('',#5052,10.);
#1430=VECTOR('',#5055,10.);
#1431=VECTOR('',#5056,10.);
#1432=VECTOR('',#5057,10.);
#1433=VECTOR('',#5058,10.);
#1434=VECTOR('',#5059,10.);
#1435=VECTOR('',#5060,10.);
#1436=VECTOR('',#5061,10.);
#1437=VECTOR('',#5064,10.);
#1438=VECTOR('',#5065,10.);
#1439=VECTOR('',#5068,10.);
#1440=VECTOR('',#5069,10.);
#1441=VECTOR('',#5072,10.);
#1442=VECTOR('',#5073,10.);
#1443=VECTOR('',#5076,10.);
#1444=VECTOR('',#5077,10.);
#1445=VECTOR('',#5080,10.);
#1446=VECTOR('',#5081,10.);
#1447=VECTOR('',#5082,10.);
#1448=VECTOR('',#5085,10.);
#1449=VECTOR('',#5086,10.);
#1450=VECTOR('',#5087,10.);
#1451=VECTOR('',#5090,10.);
#1452=VECTOR('',#5091,10.);
#1453=VECTOR('',#5094,10.);
#1454=VECTOR('',#5095,10.);
#1455=VECTOR('',#5096,10.);
#1456=VECTOR('',#5099,10.);
#1457=VECTOR('',#5100,10.);
#1458=VECTOR('',#5103,10.);
#1459=VECTOR('',#5104,10.);
#1460=VECTOR('',#5105,10.);
#1461=VECTOR('',#5108,10.);
#1462=VECTOR('',#5109,10.);
#1463=VECTOR('',#5112,10.);
#1464=VECTOR('',#5113,10.);
#1465=VECTOR('',#5114,10.);
#1466=VECTOR('',#5117,10.);
#1467=VECTOR('',#5118,10.);
#1468=VECTOR('',#5119,10.);
#1469=VECTOR('',#5122,10.);
#1470=VECTOR('',#5123,10.);
#1471=VECTOR('',#5126,10.);
#1472=VECTOR('',#5127,10.);
#1473=VECTOR('',#5130,10.);
#1474=VECTOR('',#5131,10.);
#1475=VECTOR('',#5132,10.);
#1476=VECTOR('',#5135,10.);
#1477=VECTOR('',#5136,10.);
#1478=VECTOR('',#5139,10.);
#1479=VECTOR('',#5140,10.);
#1480=VECTOR('',#5141,10.);
#1481=VECTOR('',#5144,10.);
#1482=VECTOR('',#5145,10.);
#1483=VECTOR('',#5148,10.);
#1484=VECTOR('',#5149,10.);
#1485=VECTOR('',#5152,10.);
#1486=VECTOR('',#5153,10.);
#1487=VECTOR('',#5156,10.);
#1488=VECTOR('',#5157,10.);
#1489=VECTOR('',#5160,10.);
#1490=VECTOR('',#5161,10.);
#1491=VECTOR('',#5164,10.);
#1492=VECTOR('',#5165,10.);
#1493=VECTOR('',#5168,10.);
#1494=VECTOR('',#5169,10.);
#1495=VECTOR('',#5170,10.);
#1496=VECTOR('',#5173,10.);
#1497=VECTOR('',#5174,10.);
#1498=VECTOR('',#5175,10.);
#1499=VECTOR('',#5180,10.);
#1500=VECTOR('',#5189,10.);
#1501=VECTOR('',#5190,10.);
#1502=VECTOR('',#5191,10.);
#1503=VECTOR('',#5194,10.);
#1504=VECTOR('',#5195,10.);
#1505=VECTOR('',#5198,10.);
#1506=VECTOR('',#5199,10.);
#1507=VECTOR('',#5202,10.);
#1508=VECTOR('',#5205,10.);
#1509=VECTOR('',#5206,10.);
#1510=VECTOR('',#5207,10.);
#1511=VECTOR('',#5210,10.);
#1512=VECTOR('',#5211,10.);
#1513=VECTOR('',#5212,10.);
#1514=CIRCLE('',#3825,1.75);
#1515=CIRCLE('',#3826,1.75);
#1516=CIRCLE('',#3828,1.75);
#1517=CIRCLE('',#3829,1.75);
#1518=CIRCLE('',#3831,8.5);
#1519=CIRCLE('',#3832,8.5);
#1520=CIRCLE('',#3833,8.5);
#1521=CIRCLE('',#3834,8.5);
#1522=CIRCLE('',#3836,7.5);
#1523=CIRCLE('',#3838,1.);
#1524=CIRCLE('',#3839,5.);
#1525=CIRCLE('',#3840,5.);
#1526=CIRCLE('',#3841,1.);
#1527=CIRCLE('',#3842,1.);
#1528=CIRCLE('',#3843,5.);
#1529=CIRCLE('',#3844,5.);
#1530=CIRCLE('',#3845,1.);
#1531=CIRCLE('',#3846,8.5);
#1532=CIRCLE('',#3848,7.5);
#1533=CIRCLE('',#3850,0.999999999999999);
#1534=CIRCLE('',#3851,1.);
#1535=CIRCLE('',#3852,3.85);
#1536=CIRCLE('',#3853,1.5);
#1537=CIRCLE('',#3855,7.5);
#1538=CIRCLE('',#3856,7.5);
#1539=CIRCLE('',#3858,1.);
#1540=CIRCLE('',#3859,1.);
#1541=CIRCLE('',#3860,3.85);
#1542=CIRCLE('',#3861,1.5);
#1543=CIRCLE('',#3866,3.85);
#1544=CIRCLE('',#3870,3.85);
#1545=CIRCLE('',#3875,3.);
#1546=CIRCLE('',#3877,3.);
#1547=CIRCLE('',#3879,1.5);
#1548=CIRCLE('',#3881,1.5);
#1549=CIRCLE('',#3885,8.5);
#1550=CIRCLE('',#3886,8.5);
#1551=CIRCLE('',#3887,8.5);
#1552=CIRCLE('',#3890,9.75);
#1553=CIRCLE('',#3892,9.75);
#1554=CIRCLE('',#3894,10.);
#1555=CIRCLE('',#3896,11.05);
#1556=CIRCLE('',#3897,10.8);
#1557=CIRCLE('',#3899,11.05);
#1558=CIRCLE('',#3901,10.);
#1559=CIRCLE('',#3903,10.8);
#1560=CIRCLE('',#3982,7.5);
#1561=CIRCLE('',#3983,6.3);
#1562=CIRCLE('',#3984,6.3);
#1563=CIRCLE('',#3985,7.5);
#1564=CIRCLE('',#3988,7.5);
#1565=CIRCLE('',#3989,7.5);
#1566=CIRCLE('',#3992,6.3);
#1567=CIRCLE('',#3994,6.3);
#1568=CIRCLE('',#3997,10.75);
#1569=CIRCLE('',#3998,2.);
#1570=CIRCLE('',#3999,8.75);
#1571=CIRCLE('',#4001,3.25);
#1572=CIRCLE('',#4003,10.75);
#1573=CIRCLE('',#4005,9.05);
#1574=CIRCLE('',#4006,10.05);
#1575=CIRCLE('',#4008,10.05);
#1576=CIRCLE('',#4010,6.1);
#1577=CIRCLE('',#4012,6.1);
#1578=CIRCLE('',#4013,6.1);
#1579=CIRCLE('',#4014,1.);
#1580=CIRCLE('',#4015,3.85);
#1581=CIRCLE('',#4016,1.);
#1582=CIRCLE('',#4017,1.75);
#1583=CIRCLE('',#4020,6.1);
#1584=CIRCLE('',#4023,1.);
#1585=CIRCLE('',#4025,1.);
#1586=CIRCLE('',#4027,3.85);
#1587=CIRCLE('',#4030,2.5);
#1588=CIRCLE('',#4031,1.5);
#1589=CIRCLE('',#4032,1.75);
#1590=CIRCLE('',#4035,1.5);
#1591=CIRCLE('',#4036,3.25);
#1592=CIRCLE('',#4040,7.5);
#1593=CIRCLE('',#4041,6.3);
#1594=CIRCLE('',#4042,6.3);
#1595=CIRCLE('',#4043,7.5);
#1596=CIRCLE('',#4046,7.5);
#1597=CIRCLE('',#4047,7.5);
#1598=CIRCLE('',#4050,6.3);
#1599=CIRCLE('',#4052,6.3);
#1600=CIRCLE('',#4055,10.75);
#1601=CIRCLE('',#4056,2.);
#1602=CIRCLE('',#4057,8.75);
#1603=CIRCLE('',#4059,3.25);
#1604=CIRCLE('',#4061,10.75);
#1605=CIRCLE('',#4063,9.05);
#1606=CIRCLE('',#4064,10.05);
#1607=CIRCLE('',#4066,10.05);
#1608=CIRCLE('',#4068,6.1);
#1609=CIRCLE('',#4070,6.1);
#1610=CIRCLE('',#4071,6.1);
#1611=CIRCLE('',#4072,1.);
#1612=CIRCLE('',#4073,3.85);
#1613=CIRCLE('',#4074,1.);
#1614=CIRCLE('',#4075,1.75);
#1615=CIRCLE('',#4078,6.1);
#1616=CIRCLE('',#4081,1.);
#1617=CIRCLE('',#4083,3.85);
#1618=CIRCLE('',#4084,1.);
#1619=CIRCLE('',#4088,2.5);
#1620=CIRCLE('',#4089,1.5);
#1621=CIRCLE('',#4090,1.75);
#1622=CIRCLE('',#4093,1.5);
#1623=CIRCLE('',#4094,3.25);
#1624=CIRCLE('',#4098,1.5);
#1625=CIRCLE('',#4099,1.5);
#1626=CIRCLE('',#4102,1.5);
#1627=CIRCLE('',#4103,1.5);
#1628=VERTEX_POINT('',#5221);
#1629=VERTEX_POINT('',#5223);
#1630=VERTEX_POINT('',#5227);
#1631=VERTEX_POINT('',#5229);
#1632=VERTEX_POINT('',#5233);
#1633=VERTEX_POINT('',#5235);
#1634=VERTEX_POINT('',#5237);
#1635=VERTEX_POINT('',#5239);
#1636=VERTEX_POINT('',#5241);
#1637=VERTEX_POINT('',#5243);
#1638=VERTEX_POINT('',#5247);
#1639=VERTEX_POINT('',#5249);
#1640=VERTEX_POINT('',#5253);
#1641=VERTEX_POINT('',#5254);
#1642=VERTEX_POINT('',#5256);
#1643=VERTEX_POINT('',#5258);
#1644=VERTEX_POINT('',#5260);
#1645=VERTEX_POINT('',#5262);
#1646=VERTEX_POINT('',#5264);
#1647=VERTEX_POINT('',#5266);
#1648=VERTEX_POINT('',#5269);
#1649=VERTEX_POINT('',#5271);
#1650=VERTEX_POINT('',#5273);
#1651=VERTEX_POINT('',#5275);
#1652=VERTEX_POINT('',#5277);
#1653=VERTEX_POINT('',#5280);
#1654=VERTEX_POINT('',#5281);
#1655=VERTEX_POINT('',#5283);
#1656=VERTEX_POINT('',#5285);
#1657=VERTEX_POINT('',#5287);
#1658=VERTEX_POINT('',#5289);
#1659=VERTEX_POINT('',#5291);
#1660=VERTEX_POINT('',#5295);
#1661=VERTEX_POINT('',#5296);
#1662=VERTEX_POINT('',#5301);
#1663=VERTEX_POINT('',#5302);
#1664=VERTEX_POINT('',#5305);
#1665=VERTEX_POINT('',#5307);
#1666=VERTEX_POINT('',#5310);
#1667=VERTEX_POINT('',#5313);
#1668=VERTEX_POINT('',#5314);
#1669=VERTEX_POINT('',#5316);
#1670=VERTEX_POINT('',#5318);
#1671=VERTEX_POINT('',#5322);
#1672=VERTEX_POINT('',#5323);
#1673=VERTEX_POINT('',#5326);
#1674=VERTEX_POINT('',#5328);
#1675=VERTEX_POINT('',#5331);
#1676=VERTEX_POINT('',#5338);
#1677=VERTEX_POINT('',#5354);
#1678=VERTEX_POINT('',#5372);
#1679=VERTEX_POINT('',#5388);
#1680=VERTEX_POINT('',#5406);
#1681=VERTEX_POINT('',#5410);
#1682=VERTEX_POINT('',#5414);
#1683=VERTEX_POINT('',#5418);
#1684=VERTEX_POINT('',#5422);
#1685=VERTEX_POINT('',#5425);
#1686=VERTEX_POINT('',#5432);
#1687=VERTEX_POINT('',#5434);
#1688=VERTEX_POINT('',#5440);
#1689=VERTEX_POINT('',#5443);
#1690=VERTEX_POINT('',#5446);
#1691=VERTEX_POINT('',#5450);
#1692=VERTEX_POINT('',#5452);
#1693=VERTEX_POINT('',#5456);
#1694=VERTEX_POINT('',#5457);
#1695=VERTEX_POINT('',#5459);
#1696=VERTEX_POINT('',#5461);
#1697=VERTEX_POINT('',#5463);
#1698=VERTEX_POINT('',#5465);
#1699=VERTEX_POINT('',#5467);
#1700=VERTEX_POINT('',#5469);
#1701=VERTEX_POINT('',#5472);
#1702=VERTEX_POINT('',#5475);
#1703=VERTEX_POINT('',#5479);
#1704=VERTEX_POINT('',#5485);
#1705=VERTEX_POINT('',#5487);
#1706=VERTEX_POINT('',#5489);
#1707=VERTEX_POINT('',#5491);
#1708=VERTEX_POINT('',#5495);
#1709=VERTEX_POINT('',#5499);
#1710=VERTEX_POINT('',#5503);
#1711=VERTEX_POINT('',#5505);
#1712=VERTEX_POINT('',#5507);
#1713=VERTEX_POINT('',#5511);
#1714=VERTEX_POINT('',#5513);
#1715=VERTEX_POINT('',#5517);
#1716=VERTEX_POINT('',#5519);
#1717=VERTEX_POINT('',#5523);
#1718=VERTEX_POINT('',#5524);
#1719=VERTEX_POINT('',#5526);
#1720=VERTEX_POINT('',#5528);
#1721=VERTEX_POINT('',#5532);
#1722=VERTEX_POINT('',#5533);
#1723=VERTEX_POINT('',#5538);
#1724=VERTEX_POINT('',#5540);
#1725=VERTEX_POINT('',#5544);
#1726=VERTEX_POINT('',#5546);
#1727=VERTEX_POINT('',#5548);
#1728=VERTEX_POINT('',#5552);
#1729=VERTEX_POINT('',#5556);
#1730=VERTEX_POINT('',#5558);
#1731=VERTEX_POINT('',#5560);
#1732=VERTEX_POINT('',#5564);
#1733=VERTEX_POINT('',#5568);
#1734=VERTEX_POINT('',#5570);
#1735=VERTEX_POINT('',#5572);
#1736=VERTEX_POINT('',#5576);
#1737=VERTEX_POINT('',#5580);
#1738=VERTEX_POINT('',#5582);
#1739=VERTEX_POINT('',#5586);
#1740=VERTEX_POINT('',#5587);
#1741=VERTEX_POINT('',#5589);
#1742=VERTEX_POINT('',#5591);
#1743=VERTEX_POINT('',#5595);
#1744=VERTEX_POINT('',#5596);
#1745=VERTEX_POINT('',#5601);
#1746=VERTEX_POINT('',#5603);
#1747=VERTEX_POINT('',#5607);
#1748=VERTEX_POINT('',#5608);
#1749=VERTEX_POINT('',#5610);
#1750=VERTEX_POINT('',#5612);
#1751=VERTEX_POINT('',#5616);
#1752=VERTEX_POINT('',#5618);
#1753=VERTEX_POINT('',#5622);
#1754=VERTEX_POINT('',#5624);
#1755=VERTEX_POINT('',#5628);
#1756=VERTEX_POINT('',#5629);
#1757=VERTEX_POINT('',#5634);
#1758=VERTEX_POINT('',#5636);
#1759=VERTEX_POINT('',#5640);
#1760=VERTEX_POINT('',#5641);
#1761=VERTEX_POINT('',#5646);
#1762=VERTEX_POINT('',#5647);
#1763=VERTEX_POINT('',#5649);
#1764=VERTEX_POINT('',#5651);
#1765=VERTEX_POINT('',#5655);
#1766=VERTEX_POINT('',#5657);
#1767=VERTEX_POINT('',#5661);
#1768=VERTEX_POINT('',#5663);
#1769=VERTEX_POINT('',#5667);
#1770=VERTEX_POINT('',#5668);
#1771=VERTEX_POINT('',#5673);
#1772=VERTEX_POINT('',#5675);
#1773=VERTEX_POINT('',#5679);
#1774=VERTEX_POINT('',#5680);
#1775=VERTEX_POINT('',#5685);
#1776=VERTEX_POINT('',#5687);
#1777=VERTEX_POINT('',#5689);
#1778=VERTEX_POINT('',#5691);
#1779=VERTEX_POINT('',#5695);
#1780=VERTEX_POINT('',#5697);
#1781=VERTEX_POINT('',#5699);
#1782=VERTEX_POINT('',#5701);
#1783=VERTEX_POINT('',#5705);
#1784=VERTEX_POINT('',#5707);
#1785=VERTEX_POINT('',#5711);
#1786=VERTEX_POINT('',#5715);
#1787=VERTEX_POINT('',#5716);
#1788=VERTEX_POINT('',#5721);
#1789=VERTEX_POINT('',#5725);
#1790=VERTEX_POINT('',#5729);
#1791=VERTEX_POINT('',#5731);
#1792=VERTEX_POINT('',#5735);
#1793=VERTEX_POINT('',#5739);
#1794=VERTEX_POINT('',#5743);
#1795=VERTEX_POINT('',#5748);
#1796=VERTEX_POINT('',#5752);
#1797=VERTEX_POINT('',#5756);
#1798=VERTEX_POINT('',#5760);
#1799=VERTEX_POINT('',#5767);
#1800=VERTEX_POINT('',#5769);
#1801=VERTEX_POINT('',#5773);
#1802=VERTEX_POINT('',#5777);
#1803=VERTEX_POINT('',#5781);
#1804=VERTEX_POINT('',#5782);
#1805=VERTEX_POINT('',#5787);
#1806=VERTEX_POINT('',#5791);
#1807=VERTEX_POINT('',#5795);
#1808=VERTEX_POINT('',#5797);
#1809=VERTEX_POINT('',#5801);
#1810=VERTEX_POINT('',#5805);
#1811=VERTEX_POINT('',#5809);
#1812=VERTEX_POINT('',#5813);
#1813=VERTEX_POINT('',#5817);
#1814=VERTEX_POINT('',#5818);
#1815=VERTEX_POINT('',#5823);
#1816=VERTEX_POINT('',#5827);
#1817=VERTEX_POINT('',#5831);
#1818=VERTEX_POINT('',#5835);
#1819=VERTEX_POINT('',#5839);
#1820=VERTEX_POINT('',#5841);
#1821=VERTEX_POINT('',#5843);
#1822=VERTEX_POINT('',#5845);
#1823=VERTEX_POINT('',#5848);
#1824=VERTEX_POINT('',#5850);
#1825=VERTEX_POINT('',#5852);
#1826=VERTEX_POINT('',#5854);
#1827=VERTEX_POINT('',#5858);
#1828=VERTEX_POINT('',#5860);
#1829=VERTEX_POINT('',#5867);
#1830=VERTEX_POINT('',#5872);
#1831=VERTEX_POINT('',#5876);
#1832=VERTEX_POINT('',#5890);
#1833=VERTEX_POINT('',#5891);
#1834=VERTEX_POINT('',#5893);
#1835=VERTEX_POINT('',#5895);
#1836=VERTEX_POINT('',#5897);
#1837=VERTEX_POINT('',#5899);
#1838=VERTEX_POINT('',#5903);
#1839=VERTEX_POINT('',#5905);
#1840=VERTEX_POINT('',#5909);
#1841=VERTEX_POINT('',#5912);
#1842=VERTEX_POINT('',#5916);
#1843=VERTEX_POINT('',#5922);
#1844=VERTEX_POINT('',#5927);
#1845=VERTEX_POINT('',#5929);
#1846=VERTEX_POINT('',#5933);
#1847=VERTEX_POINT('',#5936);
#1848=VERTEX_POINT('',#5940);
#1849=VERTEX_POINT('',#5942);
#1850=VERTEX_POINT('',#5946);
#1851=VERTEX_POINT('',#5950);
#1852=VERTEX_POINT('',#5953);
#1853=VERTEX_POINT('',#5954);
#1854=VERTEX_POINT('',#5956);
#1855=VERTEX_POINT('',#5958);
#1856=VERTEX_POINT('',#5960);
#1857=VERTEX_POINT('',#5962);
#1858=VERTEX_POINT('',#5964);
#1859=VERTEX_POINT('',#5967);
#1860=VERTEX_POINT('',#5970);
#1861=VERTEX_POINT('',#5972);
#1862=VERTEX_POINT('',#5977);
#1863=VERTEX_POINT('',#5981);
#1864=VERTEX_POINT('',#5985);
#1865=VERTEX_POINT('',#5989);
#1866=VERTEX_POINT('',#5996);
#1867=VERTEX_POINT('',#5998);
#1868=VERTEX_POINT('',#6004);
#1869=VERTEX_POINT('',#6011);
#1870=VERTEX_POINT('',#6012);
#1871=VERTEX_POINT('',#6014);
#1872=VERTEX_POINT('',#6016);
#1873=VERTEX_POINT('',#6018);
#1874=VERTEX_POINT('',#6020);
#1875=VERTEX_POINT('',#6024);
#1876=VERTEX_POINT('',#6026);
#1877=VERTEX_POINT('',#6030);
#1878=VERTEX_POINT('',#6033);
#1879=VERTEX_POINT('',#6037);
#1880=VERTEX_POINT('',#6043);
#1881=VERTEX_POINT('',#6048);
#1882=VERTEX_POINT('',#6050);
#1883=VERTEX_POINT('',#6054);
#1884=VERTEX_POINT('',#6057);
#1885=VERTEX_POINT('',#6061);
#1886=VERTEX_POINT('',#6063);
#1887=VERTEX_POINT('',#6067);
#1888=VERTEX_POINT('',#6071);
#1889=VERTEX_POINT('',#6074);
#1890=VERTEX_POINT('',#6075);
#1891=VERTEX_POINT('',#6077);
#1892=VERTEX_POINT('',#6079);
#1893=VERTEX_POINT('',#6081);
#1894=VERTEX_POINT('',#6083);
#1895=VERTEX_POINT('',#6085);
#1896=VERTEX_POINT('',#6088);
#1897=VERTEX_POINT('',#6091);
#1898=VERTEX_POINT('',#6093);
#1899=VERTEX_POINT('',#6098);
#1900=VERTEX_POINT('',#6102);
#1901=VERTEX_POINT('',#6106);
#1902=VERTEX_POINT('',#6110);
#1903=VERTEX_POINT('',#6117);
#1904=VERTEX_POINT('',#6119);
#1905=VERTEX_POINT('',#6125);
#1906=VERTEX_POINT('',#6132);
#1907=VERTEX_POINT('',#6134);
#1908=VERTEX_POINT('',#6139);
#1909=VERTEX_POINT('',#6141);
#1910=VERTEX_POINT('',#6146);
#1911=VERTEX_POINT('',#6147);
#1912=VERTEX_POINT('',#6149);
#1913=VERTEX_POINT('',#6151);
#1914=VERTEX_POINT('',#6155);
#1915=VERTEX_POINT('',#6157);
#1916=VERTEX_POINT('',#6161);
#1917=VERTEX_POINT('',#6162);
#1918=VERTEX_POINT('',#6164);
#1919=VERTEX_POINT('',#6166);
#1920=VERTEX_POINT('',#6170);
#1921=VERTEX_POINT('',#6172);
#1922=VERTEX_POINT('',#6179);
#1923=VERTEX_POINT('',#6181);
#1924=VERTEX_POINT('',#6183);
#1925=VERTEX_POINT('',#6185);
#1926=VERTEX_POINT('',#6187);
#1927=VERTEX_POINT('',#6189);
#1928=VERTEX_POINT('',#6193);
#1929=VERTEX_POINT('',#6197);
#1930=VERTEX_POINT('',#6201);
#1931=VERTEX_POINT('',#6205);
#1932=VERTEX_POINT('',#6209);
#1933=VERTEX_POINT('',#6210);
#1934=VERTEX_POINT('',#6212);
#1935=VERTEX_POINT('',#6216);
#1936=VERTEX_POINT('',#6217);
#1937=VERTEX_POINT('',#6219);
#1938=VERTEX_POINT('',#6226);
#1939=VERTEX_POINT('',#6227);
#1940=VERTEX_POINT('',#6229);
#1941=VERTEX_POINT('',#6236);
#1942=VERTEX_POINT('',#6237);
#1943=VERTEX_POINT('',#6239);
#1944=VERTEX_POINT('',#6246);
#1945=VERTEX_POINT('',#6247);
#1946=VERTEX_POINT('',#6249);
#1947=VERTEX_POINT('',#6253);
#1948=VERTEX_POINT('',#6254);
#1949=VERTEX_POINT('',#6256);
#1950=VERTEX_POINT('',#6266);
#1951=VERTEX_POINT('',#6267);
#1952=VERTEX_POINT('',#6269);
#1953=VERTEX_POINT('',#6276);
#1954=VERTEX_POINT('',#6277);
#1955=VERTEX_POINT('',#6279);
#1956=VERTEX_POINT('',#6301);
#1957=VERTEX_POINT('',#6302);
#1958=VERTEX_POINT('',#6307);
#1959=VERTEX_POINT('',#6308);
#1960=VERTEX_POINT('',#6319);
#1961=VERTEX_POINT('',#6320);
#1962=VERTEX_POINT('',#6325);
#1963=VERTEX_POINT('',#6329);
#1964=VERTEX_POINT('',#6335);
#1965=VERTEX_POINT('',#6337);
#1966=EDGE_CURVE('',#1628,#1628,#1514,.T.);
#1967=EDGE_CURVE('',#1628,#1629,#690,.T.);
#1968=EDGE_CURVE('',#1629,#1629,#1515,.T.);
#1969=EDGE_CURVE('',#1630,#1630,#1516,.T.);
#1970=EDGE_CURVE('',#1630,#1631,#691,.T.);
#1971=EDGE_CURVE('',#1631,#1631,#1517,.T.);
#1972=EDGE_CURVE('',#1632,#1632,#1518,.T.);
#1973=EDGE_CURVE('',#1632,#1633,#692,.T.);
#1974=EDGE_CURVE('',#1633,#1634,#1519,.T.);
#1975=EDGE_CURVE('',#1634,#1635,#693,.T.);
#1976=EDGE_CURVE('',#1636,#1635,#1520,.T.);
#1977=EDGE_CURVE('',#1637,#1636,#694,.T.);
#1978=EDGE_CURVE('',#1637,#1633,#1521,.T.);
#1979=EDGE_CURVE('',#1637,#1638,#695,.T.);
#1980=EDGE_CURVE('',#1638,#1639,#1522,.T.);
#1981=EDGE_CURVE('',#1639,#1634,#696,.T.);
#1982=EDGE_CURVE('',#1640,#1641,#697,.F.);
#1983=EDGE_CURVE('',#1642,#1640,#698,.T.);
#1984=EDGE_CURVE('',#1643,#1642,#699,.F.);
#1985=EDGE_CURVE('',#1644,#1643,#700,.T.);
#1986=EDGE_CURVE('',#1645,#1644,#701,.F.);
#1987=EDGE_CURVE('',#1646,#1645,#702,.T.);
#1988=EDGE_CURVE('',#1647,#1646,#703,.F.);
#1989=EDGE_CURVE('',#1641,#1647,#704,.T.);
#1990=EDGE_CURVE('',#1648,#1636,#705,.T.);
#1991=EDGE_CURVE('',#1635,#1649,#706,.T.);
#1992=EDGE_CURVE('',#1649,#1650,#1523,.T.);
#1993=EDGE_CURVE('',#1651,#1650,#1524,.T.);
#1994=EDGE_CURVE('',#1652,#1651,#1525,.T.);
#1995=EDGE_CURVE('',#1652,#1648,#1526,.T.);
#1996=EDGE_CURVE('',#1653,#1654,#707,.T.);
#1997=EDGE_CURVE('',#1654,#1655,#1527,.T.);
#1998=EDGE_CURVE('',#1656,#1655,#1528,.T.);
#1999=EDGE_CURVE('',#1657,#1656,#1529,.T.);
#2000=EDGE_CURVE('',#1657,#1658,#1530,.T.);
#2001=EDGE_CURVE('',#1658,#1659,#708,.T.);
#2002=EDGE_CURVE('',#1659,#1653,#1531,.T.);
#2003=EDGE_CURVE('',#1660,#1661,#1532,.T.);
#2004=EDGE_CURVE('',#1639,#1661,#709,.T.);
#2005=EDGE_CURVE('',#1638,#1660,#710,.T.);
#2006=EDGE_CURVE('',#1662,#1663,#1533,.T.);
#2007=EDGE_CURVE('',#1661,#1662,#711,.T.);
#2008=EDGE_CURVE('',#1664,#1660,#712,.T.);
#2009=EDGE_CURVE('',#1665,#1664,#1534,.T.);
#2010=EDGE_CURVE('',#1663,#1665,#1535,.T.);
#2011=EDGE_CURVE('',#1666,#1666,#1536,.T.);
#2012=EDGE_CURVE('',#1667,#1668,#1537,.T.);
#2013=EDGE_CURVE('',#1669,#1668,#713,.T.);
#2014=EDGE_CURVE('',#1670,#1669,#1538,.T.);
#2015=EDGE_CURVE('',#1670,#1667,#714,.T.);
#2016=EDGE_CURVE('',#1671,#1672,#1539,.T.);
#2017=EDGE_CURVE('',#1668,#1671,#715,.T.);
#2018=EDGE_CURVE('',#1673,#1667,#716,.T.);
#2019=EDGE_CURVE('',#1674,#1673,#1540,.T.);
#2020=EDGE_CURVE('',#1672,#1674,#1541,.T.);
#2021=EDGE_CURVE('',#1675,#1675,#1542,.T.);
#2022=EDGE_CURVE('',#1664,#1648,#717,.T.);
#2023=EDGE_CURVE('',#1662,#1649,#718,.T.);
#2024=EDGE_CURVE('',#1663,#1676,#719,.T.);
#2025=EDGE_CURVE('',#1650,#1676,#39,.T.);
#2026=EDGE_CURVE('',#1676,#1677,#1543,.T.);
#2027=EDGE_CURVE('',#1665,#1677,#720,.T.);
#2028=EDGE_CURVE('',#1677,#1652,#40,.T.);
#2029=EDGE_CURVE('',#1671,#1654,#721,.T.);
#2030=EDGE_CURVE('',#1672,#1678,#722,.T.);
#2031=EDGE_CURVE('',#1655,#1678,#41,.T.);
#2032=EDGE_CURVE('',#1678,#1679,#1544,.T.);
#2033=EDGE_CURVE('',#1674,#1679,#723,.T.);
#2034=EDGE_CURVE('',#1679,#1657,#42,.T.);
#2035=EDGE_CURVE('',#1673,#1658,#724,.T.);
#2036=EDGE_CURVE('',#1680,#1653,#725,.T.);
#2037=EDGE_CURVE('',#1669,#1680,#726,.T.);
#2038=EDGE_CURVE('',#1681,#1670,#727,.T.);
#2039=EDGE_CURVE('',#1681,#1659,#728,.T.);
#2040=EDGE_CURVE('',#1656,#1682,#729,.T.);
#2041=EDGE_CURVE('',#1682,#1682,#1545,.T.);
#2042=EDGE_CURVE('',#1651,#1683,#730,.T.);
#2043=EDGE_CURVE('',#1683,#1683,#1546,.T.);
#2044=EDGE_CURVE('',#1684,#1684,#1547,.T.);
#2045=EDGE_CURVE('',#1685,#1685,#1548,.T.);
#2046=EDGE_CURVE('',#1684,#1675,#731,.T.);
#2047=EDGE_CURVE('',#1685,#1666,#732,.T.);
#2048=EDGE_CURVE('',#1686,#1686,#1549,.T.);
#2049=EDGE_CURVE('',#1686,#1687,#733,.T.);
#2050=EDGE_CURVE('',#1687,#1680,#1550,.T.);
#2051=EDGE_CURVE('',#1681,#1687,#1551,.T.);
#2052=EDGE_CURVE('',#1688,#1688,#1552,.T.);
#2053=EDGE_CURVE('',#1689,#1689,#1553,.T.);
#2054=EDGE_CURVE('',#1689,#1690,#734,.T.);
#2055=EDGE_CURVE('',#1690,#1690,#1554,.T.);
#2056=EDGE_CURVE('',#1691,#1691,#1555,.T.);
#2057=EDGE_CURVE('',#1691,#1692,#735,.T.);
#2058=EDGE_CURVE('',#1692,#1692,#1556,.T.);
#2059=EDGE_CURVE('',#1693,#1694,#736,.T.);
#2060=EDGE_CURVE('',#1695,#1693,#737,.T.);
#2061=EDGE_CURVE('',#1696,#1695,#738,.T.);
#2062=EDGE_CURVE('',#1697,#1696,#739,.T.);
#2063=EDGE_CURVE('',#1698,#1697,#740,.T.);
#2064=EDGE_CURVE('',#1699,#1698,#741,.T.);
#2065=EDGE_CURVE('',#1700,#1699,#742,.T.);
#2066=EDGE_CURVE('',#1694,#1700,#743,.T.);
#2067=EDGE_CURVE('',#1701,#1701,#1557,.T.);
#2068=EDGE_CURVE('',#1688,#1702,#744,.T.);
#2069=EDGE_CURVE('',#1702,#1702,#1558,.T.);
#2070=EDGE_CURVE('',#1701,#1703,#745,.T.);
#2071=EDGE_CURVE('',#1703,#1703,#1559,.T.);
#2072=EDGE_CURVE('',#1704,#1643,#746,.T.);
#2073=EDGE_CURVE('',#1705,#1704,#747,.T.);
#2074=EDGE_CURVE('',#1706,#1705,#748,.T.);
#2075=EDGE_CURVE('',#1707,#1706,#749,.T.);
#2076=EDGE_CURVE('',#1644,#1707,#750,.T.);
#2077=EDGE_CURVE('',#1708,#1707,#751,.T.);
#2078=EDGE_CURVE('',#1708,#1645,#752,.T.);
#2079=EDGE_CURVE('',#1642,#1709,#753,.T.);
#2080=EDGE_CURVE('',#1704,#1709,#754,.T.);
#2081=EDGE_CURVE('',#1710,#1640,#755,.T.);
#2082=EDGE_CURVE('',#1711,#1710,#756,.T.);
#2083=EDGE_CURVE('',#1712,#1711,#757,.T.);
#2084=EDGE_CURVE('',#1709,#1712,#758,.T.);
#2085=EDGE_CURVE('',#1646,#1713,#759,.T.);
#2086=EDGE_CURVE('',#1714,#1713,#760,.T.);
#2087=EDGE_CURVE('',#1714,#1647,#761,.T.);
#2088=EDGE_CURVE('',#1715,#1694,#762,.T.);
#2089=EDGE_CURVE('',#1700,#1716,#763,.T.);
#2090=EDGE_CURVE('',#1716,#1715,#764,.T.);
#2091=EDGE_CURVE('',#1717,#1718,#765,.T.);
#2092=EDGE_CURVE('',#1717,#1719,#766,.T.);
#2093=EDGE_CURVE('',#1719,#1720,#767,.T.);
#2094=EDGE_CURVE('',#1720,#1718,#768,.T.);
#2095=EDGE_CURVE('',#1721,#1722,#769,.T.);
#2096=EDGE_CURVE('',#1718,#1721,#770,.T.);
#2097=EDGE_CURVE('',#1722,#1720,#771,.T.);
#2098=EDGE_CURVE('',#1721,#1723,#772,.T.);
#2099=EDGE_CURVE('',#1722,#1724,#773,.T.);
#2100=EDGE_CURVE('',#1724,#1723,#774,.T.);
#2101=EDGE_CURVE('',#1693,#1725,#775,.T.);
#2102=EDGE_CURVE('',#1715,#1726,#776,.T.);
#2103=EDGE_CURVE('',#1727,#1726,#777,.T.);
#2104=EDGE_CURVE('',#1727,#1725,#778,.T.);
#2105=EDGE_CURVE('',#1728,#1695,#779,.T.);
#2106=EDGE_CURVE('',#1725,#1728,#780,.T.);
#2107=EDGE_CURVE('',#1696,#1729,#781,.T.);
#2108=EDGE_CURVE('',#1728,#1730,#782,.T.);
#2109=EDGE_CURVE('',#1731,#1730,#783,.T.);
#2110=EDGE_CURVE('',#1731,#1729,#784,.T.);
#2111=EDGE_CURVE('',#1732,#1697,#785,.T.);
#2112=EDGE_CURVE('',#1729,#1732,#786,.T.);
#2113=EDGE_CURVE('',#1732,#1733,#787,.T.);
#2114=EDGE_CURVE('',#1734,#1733,#788,.T.);
#2115=EDGE_CURVE('',#1734,#1735,#789,.T.);
#2116=EDGE_CURVE('',#1698,#1735,#790,.T.);
#2117=EDGE_CURVE('',#1736,#1699,#791,.T.);
#2118=EDGE_CURVE('',#1735,#1736,#792,.T.);
#2119=EDGE_CURVE('',#1736,#1737,#793,.T.);
#2120=EDGE_CURVE('',#1738,#1737,#794,.T.);
#2121=EDGE_CURVE('',#1738,#1716,#795,.T.);
#2122=EDGE_CURVE('',#1739,#1740,#796,.T.);
#2123=EDGE_CURVE('',#1739,#1741,#797,.T.);
#2124=EDGE_CURVE('',#1741,#1742,#798,.T.);
#2125=EDGE_CURVE('',#1742,#1740,#799,.T.);
#2126=EDGE_CURVE('',#1743,#1744,#800,.T.);
#2127=EDGE_CURVE('',#1740,#1743,#801,.T.);
#2128=EDGE_CURVE('',#1744,#1742,#802,.T.);
#2129=EDGE_CURVE('',#1743,#1745,#803,.T.);
#2130=EDGE_CURVE('',#1744,#1746,#804,.T.);
#2131=EDGE_CURVE('',#1746,#1745,#805,.T.);
#2132=EDGE_CURVE('',#1747,#1748,#806,.T.);
#2133=EDGE_CURVE('',#1747,#1749,#807,.T.);
#2134=EDGE_CURVE('',#1749,#1750,#808,.T.);
#2135=EDGE_CURVE('',#1750,#1748,#809,.T.);
#2136=EDGE_CURVE('',#1751,#1747,#810,.T.);
#2137=EDGE_CURVE('',#1748,#1752,#811,.T.);
#2138=EDGE_CURVE('',#1752,#1751,#812,.T.);
#2139=EDGE_CURVE('',#1753,#1752,#813,.T.);
#2140=EDGE_CURVE('',#1753,#1754,#814,.T.);
#2141=EDGE_CURVE('',#1751,#1754,#815,.T.);
#2142=EDGE_CURVE('',#1755,#1756,#816,.T.);
#2143=EDGE_CURVE('',#1754,#1755,#817,.T.);
#2144=EDGE_CURVE('',#1756,#1753,#818,.T.);
#2145=EDGE_CURVE('',#1757,#1755,#819,.T.);
#2146=EDGE_CURVE('',#1756,#1758,#820,.T.);
#2147=EDGE_CURVE('',#1758,#1757,#821,.T.);
#2148=EDGE_CURVE('',#1759,#1760,#822,.T.);
#2149=EDGE_CURVE('',#1757,#1759,#823,.T.);
#2150=EDGE_CURVE('',#1760,#1758,#824,.T.);
#2151=EDGE_CURVE('',#1761,#1762,#825,.T.);
#2152=EDGE_CURVE('',#1761,#1763,#826,.T.);
#2153=EDGE_CURVE('',#1763,#1764,#827,.T.);
#2154=EDGE_CURVE('',#1764,#1762,#828,.T.);
#2155=EDGE_CURVE('',#1762,#1765,#829,.T.);
#2156=EDGE_CURVE('',#1765,#1766,#830,.T.);
#2157=EDGE_CURVE('',#1766,#1761,#831,.T.);
#2158=EDGE_CURVE('',#1765,#1767,#832,.T.);
#2159=EDGE_CURVE('',#1768,#1767,#833,.T.);
#2160=EDGE_CURVE('',#1768,#1766,#834,.T.);
#2161=EDGE_CURVE('',#1769,#1770,#835,.T.);
#2162=EDGE_CURVE('',#1769,#1768,#836,.T.);
#2163=EDGE_CURVE('',#1767,#1770,#837,.T.);
#2164=EDGE_CURVE('',#1770,#1771,#838,.T.);
#2165=EDGE_CURVE('',#1771,#1772,#839,.T.);
#2166=EDGE_CURVE('',#1772,#1769,#840,.T.);
#2167=EDGE_CURVE('',#1773,#1774,#841,.T.);
#2168=EDGE_CURVE('',#1773,#1772,#842,.T.);
#2169=EDGE_CURVE('',#1771,#1774,#843,.T.);
#2170=EDGE_CURVE('',#1775,#1774,#844,.T.);
#2171=EDGE_CURVE('',#1776,#1775,#845,.T.);
#2172=EDGE_CURVE('',#1777,#1776,#846,.T.);
#2173=EDGE_CURVE('',#1778,#1777,#847,.T.);
#2174=EDGE_CURVE('',#1773,#1778,#848,.T.);
#2175=EDGE_CURVE('',#1779,#1760,#849,.T.);
#2176=EDGE_CURVE('',#1780,#1779,#850,.T.);
#2177=EDGE_CURVE('',#1781,#1780,#851,.T.);
#2178=EDGE_CURVE('',#1782,#1781,#852,.T.);
#2179=EDGE_CURVE('',#1759,#1782,#853,.T.);
#2180=EDGE_CURVE('',#1783,#1745,#854,.T.);
#2181=EDGE_CURVE('',#1784,#1783,#855,.T.);
#2182=EDGE_CURVE('',#1739,#1784,#856,.T.);
#2183=EDGE_CURVE('',#1785,#1784,#857,.T.);
#2184=EDGE_CURVE('',#1741,#1785,#858,.T.);
#2185=EDGE_CURVE('',#1786,#1787,#859,.T.);
#2186=EDGE_CURVE('',#1787,#1738,#860,.T.);
#2187=EDGE_CURVE('',#1737,#1786,#861,.T.);
#2188=EDGE_CURVE('',#1788,#1787,#862,.T.);
#2189=EDGE_CURVE('',#1726,#1788,#863,.T.);
#2190=EDGE_CURVE('',#1788,#1789,#864,.T.);
#2191=EDGE_CURVE('',#1789,#1727,#865,.T.);
#2192=EDGE_CURVE('',#1790,#1724,#866,.T.);
#2193=EDGE_CURVE('',#1791,#1790,#867,.T.);
#2194=EDGE_CURVE('',#1723,#1791,#868,.T.);
#2195=EDGE_CURVE('',#1792,#1791,#869,.T.);
#2196=EDGE_CURVE('',#1792,#1717,#870,.T.);
#2197=EDGE_CURVE('',#1793,#1792,#871,.T.);
#2198=EDGE_CURVE('',#1719,#1793,#872,.T.);
#2199=EDGE_CURVE('',#1794,#1793,#873,.T.);
#2200=EDGE_CURVE('',#1730,#1794,#874,.T.);
#2201=EDGE_CURVE('',#1790,#1789,#875,.T.);
#2202=EDGE_CURVE('',#1794,#1795,#876,.T.);
#2203=EDGE_CURVE('',#1795,#1731,#877,.T.);
#2204=EDGE_CURVE('',#1733,#1796,#878,.T.);
#2205=EDGE_CURVE('',#1796,#1795,#879,.T.);
#2206=EDGE_CURVE('',#1796,#1797,#880,.T.);
#2207=EDGE_CURVE('',#1797,#1734,#881,.T.);
#2208=EDGE_CURVE('',#1798,#1746,#882,.T.);
#2209=EDGE_CURVE('',#1786,#1785,#883,.T.);
#2210=EDGE_CURVE('',#1798,#1797,#884,.T.);
#2211=EDGE_CURVE('',#1783,#1798,#885,.T.);
#2212=EDGE_CURVE('',#1759,#1799,#886,.T.);
#2213=EDGE_CURVE('',#1799,#1800,#887,.T.);
#2214=EDGE_CURVE('',#1749,#1800,#888,.T.);
#2215=EDGE_CURVE('',#1800,#1801,#889,.T.);
#2216=EDGE_CURVE('',#1801,#1750,#890,.T.);
#2217=EDGE_CURVE('',#1801,#1802,#891,.T.);
#2218=EDGE_CURVE('',#1802,#1760,#892,.T.);
#2219=EDGE_CURVE('',#1803,#1804,#893,.T.);
#2220=EDGE_CURVE('',#1763,#1804,#894,.T.);
#2221=EDGE_CURVE('',#1773,#1803,#895,.T.);
#2222=EDGE_CURVE('',#1804,#1805,#896,.T.);
#2223=EDGE_CURVE('',#1805,#1764,#897,.T.);
#2224=EDGE_CURVE('',#1806,#1774,#898,.T.);
#2225=EDGE_CURVE('',#1805,#1806,#899,.T.);
#2226=EDGE_CURVE('',#1806,#1807,#900,.T.);
#2227=EDGE_CURVE('',#1808,#1807,#901,.T.);
#2228=EDGE_CURVE('',#1775,#1808,#902,.T.);
#2229=EDGE_CURVE('',#1809,#1808,#903,.T.);
#2230=EDGE_CURVE('',#1776,#1809,#904,.T.);
#2231=EDGE_CURVE('',#1810,#1809,#905,.T.);
#2232=EDGE_CURVE('',#1777,#1810,#906,.T.);
#2233=EDGE_CURVE('',#1811,#1810,#907,.T.);
#2234=EDGE_CURVE('',#1778,#1811,#908,.T.);
#2235=EDGE_CURVE('',#1812,#1811,#909,.T.);
#2236=EDGE_CURVE('',#1812,#1803,#910,.T.);
#2237=EDGE_CURVE('',#1813,#1814,#911,.T.);
#2238=EDGE_CURVE('',#1780,#1813,#912,.T.);
#2239=EDGE_CURVE('',#1779,#1814,#913,.T.);
#2240=EDGE_CURVE('',#1815,#1813,#914,.T.);
#2241=EDGE_CURVE('',#1781,#1815,#915,.T.);
#2242=EDGE_CURVE('',#1816,#1815,#916,.T.);
#2243=EDGE_CURVE('',#1782,#1816,#917,.T.);
#2244=EDGE_CURVE('',#1817,#1816,#918,.T.);
#2245=EDGE_CURVE('',#1817,#1799,#919,.T.);
#2246=EDGE_CURVE('',#1802,#1818,#920,.T.);
#2247=EDGE_CURVE('',#1814,#1818,#921,.T.);
#2248=EDGE_CURVE('',#1812,#1819,#922,.T.);
#2249=EDGE_CURVE('',#1819,#1820,#923,.T.);
#2250=EDGE_CURVE('',#1820,#1821,#924,.T.);
#2251=EDGE_CURVE('',#1821,#1822,#925,.T.);
#2252=EDGE_CURVE('',#1822,#1818,#926,.T.);
#2253=EDGE_CURVE('',#1817,#1823,#927,.T.);
#2254=EDGE_CURVE('',#1823,#1824,#928,.T.);
#2255=EDGE_CURVE('',#1824,#1825,#929,.T.);
#2256=EDGE_CURVE('',#1825,#1826,#930,.T.);
#2257=EDGE_CURVE('',#1826,#1807,#931,.T.);
#2258=EDGE_CURVE('',#1827,#1819,#932,.T.);
#2259=EDGE_CURVE('',#1827,#1828,#933,.T.);
#2260=EDGE_CURVE('',#1820,#1828,#934,.T.);
#2261=EDGE_CURVE('',#1712,#1825,#935,.T.);
#2262=EDGE_CURVE('',#1826,#1711,#936,.T.);
#2263=EDGE_CURVE('',#1710,#1829,#937,.T.);
#2264=EDGE_CURVE('',#1829,#1827,#938,.T.);
#2265=EDGE_CURVE('',#1828,#1714,#939,.T.);
#2266=EDGE_CURVE('',#1713,#1830,#940,.T.);
#2267=EDGE_CURVE('',#1830,#1821,#941,.T.);
#2268=EDGE_CURVE('',#1830,#1831,#942,.T.);
#2269=EDGE_CURVE('',#1822,#1831,#943,.T.);
#2270=EDGE_CURVE('',#1831,#1708,#944,.T.);
#2271=EDGE_CURVE('',#1706,#1823,#945,.T.);
#2272=EDGE_CURVE('',#1824,#1705,#946,.T.);
#2273=EDGE_CURVE('',#1641,#1829,#947,.T.);
#2274=EDGE_CURVE('',#1832,#1833,#1560,.T.);
#2275=EDGE_CURVE('',#1834,#1832,#948,.T.);
#2276=EDGE_CURVE('',#1835,#1834,#1561,.T.);
#2277=EDGE_CURVE('',#1836,#1835,#1562,.T.);
#2278=EDGE_CURVE('',#1837,#1836,#949,.T.);
#2279=EDGE_CURVE('',#1833,#1837,#1563,.T.);
#2280=EDGE_CURVE('',#1838,#1832,#950,.T.);
#2281=EDGE_CURVE('',#1838,#1839,#951,.T.);
#2282=EDGE_CURVE('',#1834,#1839,#952,.T.);
#2283=EDGE_CURVE('',#1840,#1840,#1564,.T.);
#2284=EDGE_CURVE('',#1840,#1833,#953,.T.);
#2285=EDGE_CURVE('',#1837,#1841,#954,.T.);
#2286=EDGE_CURVE('',#1841,#1838,#1565,.T.);
#2287=EDGE_CURVE('',#1842,#1836,#955,.T.);
#2288=EDGE_CURVE('',#1842,#1841,#956,.T.);
#2289=EDGE_CURVE('',#1839,#1842,#1566,.T.);
#2290=EDGE_CURVE('',#1843,#1843,#1567,.T.);
#2291=EDGE_CURVE('',#1843,#1835,#957,.T.);
#2292=EDGE_CURVE('',#1844,#1844,#1568,.T.);
#2293=EDGE_CURVE('',#1844,#1845,#1569,.T.);
#2294=EDGE_CURVE('',#1845,#1845,#1570,.T.);
#2295=EDGE_CURVE('',#1846,#1846,#1571,.T.);
#2296=EDGE_CURVE('',#1844,#1847,#958,.T.);
#2297=EDGE_CURVE('',#1847,#1847,#1572,.F.);
#2298=EDGE_CURVE('',#1848,#1848,#1573,.T.);
#2299=EDGE_CURVE('',#1848,#1849,#959,.T.);
#2300=EDGE_CURVE('',#1849,#1849,#1574,.T.);
#2301=EDGE_CURVE('',#1849,#1850,#960,.T.);
#2302=EDGE_CURVE('',#1850,#1850,#1575,.F.);
#2303=EDGE_CURVE('',#1851,#1851,#1576,.T.);
#2304=EDGE_CURVE('',#1852,#1853,#961,.T.);
#2305=EDGE_CURVE('',#1854,#1852,#1577,.T.);
#2306=EDGE_CURVE('',#1855,#1854,#1578,.T.);
#2307=EDGE_CURVE('',#1856,#1855,#962,.T.);
#2308=EDGE_CURVE('',#1857,#1856,#1579,.T.);
#2309=EDGE_CURVE('',#1858,#1857,#1580,.T.);
#2310=EDGE_CURVE('',#1853,#1858,#1581,.T.);
#2311=EDGE_CURVE('',#1859,#1859,#1582,.T.);
#2312=EDGE_CURVE('',#1860,#1855,#963,.T.);
#2313=EDGE_CURVE('',#1860,#1861,#964,.T.);
#2314=EDGE_CURVE('',#1856,#1861,#965,.T.);
#2315=EDGE_CURVE('',#1854,#1851,#966,.T.);
#2316=EDGE_CURVE('',#1852,#1862,#967,.T.);
#2317=EDGE_CURVE('',#1862,#1860,#1583,.T.);
#2318=EDGE_CURVE('',#1863,#1853,#968,.T.);
#2319=EDGE_CURVE('',#1863,#1862,#969,.T.);
#2320=EDGE_CURVE('',#1864,#1861,#1584,.T.);
#2321=EDGE_CURVE('',#1864,#1857,#970,.T.);
#2322=EDGE_CURVE('',#1858,#1865,#971,.T.);
#2323=EDGE_CURVE('',#1863,#1865,#1585,.T.);
#2324=EDGE_CURVE('',#1864,#1865,#1586,.T.);
#2325=EDGE_CURVE('',#1866,#1866,#1587,.T.);
#2326=EDGE_CURVE('',#1866,#1867,#1588,.T.);
#2327=EDGE_CURVE('',#1867,#1867,#1589,.T.);
#2328=EDGE_CURVE('',#1867,#1859,#972,.T.);
#2329=EDGE_CURVE('',#1866,#1868,#1590,.T.);
#2330=EDGE_CURVE('',#1868,#1868,#1591,.T.);
#2331=EDGE_CURVE('',#1846,#1868,#973,.T.);
#2332=EDGE_CURVE('',#1869,#1870,#1592,.T.);
#2333=EDGE_CURVE('',#1871,#1869,#974,.T.);
#2334=EDGE_CURVE('',#1872,#1871,#1593,.T.);
#2335=EDGE_CURVE('',#1873,#1872,#1594,.T.);
#2336=EDGE_CURVE('',#1874,#1873,#975,.T.);
#2337=EDGE_CURVE('',#1870,#1874,#1595,.T.);
#2338=EDGE_CURVE('',#1875,#1869,#976,.T.);
#2339=EDGE_CURVE('',#1875,#1876,#977,.T.);
#2340=EDGE_CURVE('',#1871,#1876,#978,.T.);
#2341=EDGE_CURVE('',#1877,#1877,#1596,.T.);
#2342=EDGE_CURVE('',#1877,#1870,#979,.T.);
#2343=EDGE_CURVE('',#1874,#1878,#980,.T.);
#2344=EDGE_CURVE('',#1878,#1875,#1597,.T.);
#2345=EDGE_CURVE('',#1879,#1873,#981,.T.);
#2346=EDGE_CURVE('',#1879,#1878,#982,.T.);
#2347=EDGE_CURVE('',#1876,#1879,#1598,.T.);
#2348=EDGE_CURVE('',#1880,#1880,#1599,.T.);
#2349=EDGE_CURVE('',#1880,#1872,#983,.T.);
#2350=EDGE_CURVE('',#1881,#1881,#1600,.T.);
#2351=EDGE_CURVE('',#1881,#1882,#1601,.T.);
#2352=EDGE_CURVE('',#1882,#1882,#1602,.T.);
#2353=EDGE_CURVE('',#1883,#1883,#1603,.T.);
#2354=EDGE_CURVE('',#1881,#1884,#984,.T.);
#2355=EDGE_CURVE('',#1884,#1884,#1604,.F.);
#2356=EDGE_CURVE('',#1885,#1885,#1605,.T.);
#2357=EDGE_CURVE('',#1885,#1886,#985,.T.);
#2358=EDGE_CURVE('',#1886,#1886,#1606,.T.);
#2359=EDGE_CURVE('',#1886,#1887,#986,.T.);
#2360=EDGE_CURVE('',#1887,#1887,#1607,.F.);
#2361=EDGE_CURVE('',#1888,#1888,#1608,.T.);
#2362=EDGE_CURVE('',#1889,#1890,#987,.T.);
#2363=EDGE_CURVE('',#1891,#1889,#1609,.T.);
#2364=EDGE_CURVE('',#1892,#1891,#1610,.T.);
#2365=EDGE_CURVE('',#1893,#1892,#988,.T.);
#2366=EDGE_CURVE('',#1894,#1893,#1611,.T.);
#2367=EDGE_CURVE('',#1895,#1894,#1612,.T.);
#2368=EDGE_CURVE('',#1890,#1895,#1613,.T.);
#2369=EDGE_CURVE('',#1896,#1896,#1614,.T.);
#2370=EDGE_CURVE('',#1897,#1892,#989,.T.);
#2371=EDGE_CURVE('',#1897,#1898,#990,.T.);
#2372=EDGE_CURVE('',#1893,#1898,#991,.T.);
#2373=EDGE_CURVE('',#1891,#1888,#992,.T.);
#2374=EDGE_CURVE('',#1889,#1899,#993,.T.);
#2375=EDGE_CURVE('',#1899,#1897,#1615,.T.);
#2376=EDGE_CURVE('',#1900,#1890,#994,.T.);
#2377=EDGE_CURVE('',#1900,#1899,#995,.T.);
#2378=EDGE_CURVE('',#1895,#1901,#996,.T.);
#2379=EDGE_CURVE('',#1900,#1901,#1616,.T.);
#2380=EDGE_CURVE('',#1902,#1901,#1617,.T.);
#2381=EDGE_CURVE('',#1902,#1898,#1618,.T.);
#2382=EDGE_CURVE('',#1902,#1894,#997,.T.);
#2383=EDGE_CURVE('',#1903,#1903,#1619,.T.);
#2384=EDGE_CURVE('',#1903,#1904,#1620,.T.);
#2385=EDGE_CURVE('',#1904,#1904,#1621,.T.);
#2386=EDGE_CURVE('',#1904,#1896,#998,.T.);
#2387=EDGE_CURVE('',#1903,#1905,#1622,.T.);
#2388=EDGE_CURVE('',#1905,#1905,#1623,.T.);
#2389=EDGE_CURVE('',#1883,#1905,#999,.T.);
#2390=EDGE_CURVE('',#1906,#1906,#1624,.T.);
#2391=EDGE_CURVE('',#1906,#1907,#1000,.T.);
#2392=EDGE_CURVE('',#1907,#1907,#1625,.T.);
#2393=EDGE_CURVE('',#1908,#1908,#1626,.T.);
#2394=EDGE_CURVE('',#1908,#1909,#1001,.T.);
#2395=EDGE_CURVE('',#1909,#1909,#1627,.T.);
#2396=EDGE_CURVE('',#1910,#1911,#1002,.T.);
#2397=EDGE_CURVE('',#1911,#1912,#1003,.T.);
#2398=EDGE_CURVE('',#1912,#1913,#1004,.T.);
#2399=EDGE_CURVE('',#1913,#1910,#1005,.T.);
#2400=EDGE_CURVE('',#1913,#1914,#1006,.T.);
#2401=EDGE_CURVE('',#1914,#1915,#1007,.T.);
#2402=EDGE_CURVE('',#1915,#1910,#1008,.T.);
#2403=EDGE_CURVE('',#1916,#1917,#1009,.T.);
#2404=EDGE_CURVE('',#1917,#1918,#1010,.T.);
#2405=EDGE_CURVE('',#1918,#1919,#1011,.T.);
#2406=EDGE_CURVE('',#1919,#1916,#1012,.T.);
#2407=EDGE_CURVE('',#1917,#1920,#1013,.T.);
#2408=EDGE_CURVE('',#1920,#1921,#1014,.T.);
#2409=EDGE_CURVE('',#1921,#1918,#1015,.T.);
#2410=EDGE_CURVE('',#1914,#1916,#1016,.T.);
#2411=EDGE_CURVE('',#1919,#1915,#1017,.T.);
#2412=EDGE_CURVE('',#1911,#1922,#1018,.T.);
#2413=EDGE_CURVE('',#1923,#1922,#1019,.T.);
#2414=EDGE_CURVE('',#1924,#1923,#1020,.T.);
#2415=EDGE_CURVE('',#1925,#1924,#1021,.T.);
#2416=EDGE_CURVE('',#1926,#1925,#1022,.T.);
#2417=EDGE_CURVE('',#1927,#1926,#1023,.T.);
#2418=EDGE_CURVE('',#1912,#1927,#1024,.T.);
#2419=EDGE_CURVE('',#1910,#1928,#1025,.T.);
#2420=EDGE_CURVE('',#1922,#1928,#1026,.T.);
#2421=EDGE_CURVE('',#1915,#1929,#1027,.T.);
#2422=EDGE_CURVE('',#1928,#1929,#1028,.T.);
#2423=EDGE_CURVE('',#1919,#1930,#1029,.T.);
#2424=EDGE_CURVE('',#1929,#1930,#1030,.T.);
#2425=EDGE_CURVE('',#1918,#1931,#1031,.T.);
#2426=EDGE_CURVE('',#1930,#1931,#1032,.T.);
#2427=EDGE_CURVE('',#1932,#1933,#1033,.T.);
#2428=EDGE_CURVE('',#1934,#1932,#1034,.T.);
#2429=EDGE_CURVE('',#1933,#1934,#1035,.T.);
#2430=EDGE_CURVE('',#1935,#1936,#1036,.T.);
#2431=EDGE_CURVE('',#1937,#1935,#1037,.T.);
#2432=EDGE_CURVE('',#1936,#1937,#1038,.T.);
#2433=EDGE_CURVE('',#1935,#1934,#1039,.T.);
#2434=EDGE_CURVE('',#1932,#1937,#1040,.T.);
#2435=EDGE_CURVE('',#1938,#1939,#1041,.T.);
#2436=EDGE_CURVE('',#1940,#1938,#1042,.T.);
#2437=EDGE_CURVE('',#1939,#1940,#1043,.T.);
#2438=EDGE_CURVE('',#1934,#1940,#1044,.T.);
#2439=EDGE_CURVE('',#1938,#1933,#1045,.T.);
#2440=EDGE_CURVE('',#1941,#1942,#1046,.T.);
#2441=EDGE_CURVE('',#1943,#1941,#1047,.T.);
#2442=EDGE_CURVE('',#1942,#1943,#1048,.T.);
#2443=EDGE_CURVE('',#1937,#1943,#1049,.T.);
#2444=EDGE_CURVE('',#1941,#1936,#1050,.T.);
#2445=EDGE_CURVE('',#1944,#1945,#1051,.T.);
#2446=EDGE_CURVE('',#1946,#1944,#1052,.T.);
#2447=EDGE_CURVE('',#1945,#1946,#1053,.T.);
#2448=EDGE_CURVE('',#1947,#1948,#1054,.T.);
#2449=EDGE_CURVE('',#1949,#1947,#1055,.T.);
#2450=EDGE_CURVE('',#1948,#1949,#1056,.T.);
#2451=EDGE_CURVE('',#1947,#1942,#1057,.T.);
#2452=EDGE_CURVE('',#1943,#1949,#1058,.T.);
#2453=EDGE_CURVE('',#1926,#1948,#1059,.T.);
#2454=EDGE_CURVE('',#1949,#1927,#1060,.T.);
#2455=EDGE_CURVE('',#1950,#1951,#1061,.T.);
#2456=EDGE_CURVE('',#1952,#1950,#1062,.T.);
#2457=EDGE_CURVE('',#1951,#1952,#1063,.T.);
#2458=EDGE_CURVE('',#1942,#1952,#1064,.T.);
#2459=EDGE_CURVE('',#1950,#1941,#1065,.T.);
#2460=EDGE_CURVE('',#1953,#1954,#1066,.T.);
#2461=EDGE_CURVE('',#1955,#1953,#1067,.T.);
#2462=EDGE_CURVE('',#1954,#1955,#1068,.T.);
#2463=EDGE_CURVE('',#1952,#1955,#1069,.T.);
#2464=EDGE_CURVE('',#1953,#1951,#1070,.T.);
#2465=EDGE_CURVE('',#1955,#1947,#1071,.T.);
#2466=EDGE_CURVE('',#1948,#1954,#1072,.T.);
#2467=EDGE_CURVE('',#1924,#1953,#1073,.T.);
#2468=EDGE_CURVE('',#1954,#1925,#1074,.T.);
#2469=EDGE_CURVE('',#1951,#1946,#1075,.T.);
#2470=EDGE_CURVE('',#1944,#1950,#1076,.T.);
#2471=EDGE_CURVE('',#1940,#1945,#1077,.T.);
#2472=EDGE_CURVE('',#1946,#1939,#1078,.T.);
#2473=EDGE_CURVE('',#1945,#1935,#1079,.T.);
#2474=EDGE_CURVE('',#1936,#1944,#1080,.T.);
#2475=EDGE_CURVE('',#1956,#1957,#1081,.T.);
#2476=EDGE_CURVE('',#1957,#1938,#1082,.T.);
#2477=EDGE_CURVE('',#1939,#1956,#1083,.T.);
#2478=EDGE_CURVE('',#1958,#1959,#1084,.T.);
#2479=EDGE_CURVE('',#1959,#1932,#1085,.T.);
#2480=EDGE_CURVE('',#1933,#1958,#1086,.T.);
#2481=EDGE_CURVE('',#1959,#1920,#1087,.T.);
#2482=EDGE_CURVE('',#1960,#1961,#1088,.T.);
#2483=EDGE_CURVE('',#1961,#1930,#1089,.T.);
#2484=EDGE_CURVE('',#1931,#1960,#1090,.T.);
#2485=EDGE_CURVE('',#1962,#1923,#1091,.T.);
#2486=EDGE_CURVE('',#1928,#1962,#1092,.T.);
#2487=EDGE_CURVE('',#1963,#1962,#1093,.T.);
#2488=EDGE_CURVE('',#1929,#1963,#1094,.T.);
#2489=EDGE_CURVE('',#1961,#1963,#1095,.T.);
#2490=EDGE_CURVE('',#1931,#1964,#1096,.T.);
#2491=EDGE_CURVE('',#1964,#1965,#1097,.T.);
#2492=EDGE_CURVE('',#1965,#1960,#1098,.T.);
#2493=EDGE_CURVE('',#1957,#1958,#1099,.T.);
#2494=EDGE_CURVE('',#1965,#1956,#1100,.T.);
#2495=EDGE_CURVE('',#1964,#1921,#1101,.T.);
#2496=ORIENTED_EDGE('',*,*,#1966,.F.);
#2497=ORIENTED_EDGE('',*,*,#1967,.T.);
#2498=ORIENTED_EDGE('',*,*,#1968,.F.);
#2499=ORIENTED_EDGE('',*,*,#1967,.F.);
#2500=ORIENTED_EDGE('',*,*,#1969,.F.);
#2501=ORIENTED_EDGE('',*,*,#1970,.T.);
#2502=ORIENTED_EDGE('',*,*,#1971,.F.);
#2503=ORIENTED_EDGE('',*,*,#1970,.F.);
#2504=ORIENTED_EDGE('',*,*,#1972,.F.);
#2505=ORIENTED_EDGE('',*,*,#1973,.T.);
#2506=ORIENTED_EDGE('',*,*,#1974,.T.);
#2507=ORIENTED_EDGE('',*,*,#1975,.T.);
#2508=ORIENTED_EDGE('',*,*,#1976,.F.);
#2509=ORIENTED_EDGE('',*,*,#1977,.F.);
#2510=ORIENTED_EDGE('',*,*,#1978,.T.);
#2511=ORIENTED_EDGE('',*,*,#1973,.F.);
#2512=ORIENTED_EDGE('',*,*,#1979,.T.);
#2513=ORIENTED_EDGE('',*,*,#1980,.T.);
#2514=ORIENTED_EDGE('',*,*,#1981,.T.);
#2515=ORIENTED_EDGE('',*,*,#1974,.F.);
#2516=ORIENTED_EDGE('',*,*,#1978,.F.);
#2517=ORIENTED_EDGE('',*,*,#1982,.F.);
#2518=ORIENTED_EDGE('',*,*,#1983,.F.);
#2519=ORIENTED_EDGE('',*,*,#1984,.F.);
#2520=ORIENTED_EDGE('',*,*,#1985,.F.);
#2521=ORIENTED_EDGE('',*,*,#1986,.F.);
#2522=ORIENTED_EDGE('',*,*,#1987,.F.);
#2523=ORIENTED_EDGE('',*,*,#1988,.F.);
#2524=ORIENTED_EDGE('',*,*,#1989,.F.);
#2525=ORIENTED_EDGE('',*,*,#1966,.T.);
#2526=ORIENTED_EDGE('',*,*,#1969,.T.);
#2527=ORIENTED_EDGE('',*,*,#1990,.T.);
#2528=ORIENTED_EDGE('',*,*,#1976,.T.);
#2529=ORIENTED_EDGE('',*,*,#1991,.T.);
#2530=ORIENTED_EDGE('',*,*,#1992,.T.);
#2531=ORIENTED_EDGE('',*,*,#1993,.F.);
#2532=ORIENTED_EDGE('',*,*,#1994,.F.);
#2533=ORIENTED_EDGE('',*,*,#1995,.T.);
#2534=ORIENTED_EDGE('',*,*,#1996,.T.);
#2535=ORIENTED_EDGE('',*,*,#1997,.T.);
#2536=ORIENTED_EDGE('',*,*,#1998,.F.);
#2537=ORIENTED_EDGE('',*,*,#1999,.F.);
#2538=ORIENTED_EDGE('',*,*,#2000,.T.);
#2539=ORIENTED_EDGE('',*,*,#2001,.T.);
#2540=ORIENTED_EDGE('',*,*,#2002,.T.);
#2541=ORIENTED_EDGE('',*,*,#2003,.T.);
#2542=ORIENTED_EDGE('',*,*,#2004,.F.);
#2543=ORIENTED_EDGE('',*,*,#1980,.F.);
#2544=ORIENTED_EDGE('',*,*,#2005,.T.);
#2545=ORIENTED_EDGE('',*,*,#2006,.F.);
#2546=ORIENTED_EDGE('',*,*,#2007,.F.);
#2547=ORIENTED_EDGE('',*,*,#2003,.F.);
#2548=ORIENTED_EDGE('',*,*,#2008,.F.);
#2549=ORIENTED_EDGE('',*,*,#2009,.F.);
#2550=ORIENTED_EDGE('',*,*,#2010,.F.);
#2551=ORIENTED_EDGE('',*,*,#2011,.F.);
#2552=ORIENTED_EDGE('',*,*,#2012,.T.);
#2553=ORIENTED_EDGE('',*,*,#2013,.F.);
#2554=ORIENTED_EDGE('',*,*,#2014,.F.);
#2555=ORIENTED_EDGE('',*,*,#2015,.T.);
#2556=ORIENTED_EDGE('',*,*,#2016,.F.);
#2557=ORIENTED_EDGE('',*,*,#2017,.F.);
#2558=ORIENTED_EDGE('',*,*,#2012,.F.);
#2559=ORIENTED_EDGE('',*,*,#2018,.F.);
#2560=ORIENTED_EDGE('',*,*,#2019,.F.);
#2561=ORIENTED_EDGE('',*,*,#2020,.F.);
#2562=ORIENTED_EDGE('',*,*,#2021,.F.);
#2563=ORIENTED_EDGE('',*,*,#1990,.F.);
#2564=ORIENTED_EDGE('',*,*,#2022,.F.);
#2565=ORIENTED_EDGE('',*,*,#2008,.T.);
#2566=ORIENTED_EDGE('',*,*,#2005,.F.);
#2567=ORIENTED_EDGE('',*,*,#1979,.F.);
#2568=ORIENTED_EDGE('',*,*,#1977,.T.);
#2569=ORIENTED_EDGE('',*,*,#1991,.F.);
#2570=ORIENTED_EDGE('',*,*,#1975,.F.);
#2571=ORIENTED_EDGE('',*,*,#1981,.F.);
#2572=ORIENTED_EDGE('',*,*,#2004,.T.);
#2573=ORIENTED_EDGE('',*,*,#2007,.T.);
#2574=ORIENTED_EDGE('',*,*,#2023,.T.);
#2575=ORIENTED_EDGE('',*,*,#1992,.F.);
#2576=ORIENTED_EDGE('',*,*,#2023,.F.);
#2577=ORIENTED_EDGE('',*,*,#2006,.T.);
#2578=ORIENTED_EDGE('',*,*,#2024,.T.);
#2579=ORIENTED_EDGE('',*,*,#2025,.F.);
#2580=ORIENTED_EDGE('',*,*,#2026,.F.);
#2581=ORIENTED_EDGE('',*,*,#2024,.F.);
#2582=ORIENTED_EDGE('',*,*,#2010,.T.);
#2583=ORIENTED_EDGE('',*,*,#2027,.T.);
#2584=ORIENTED_EDGE('',*,*,#1995,.F.);
#2585=ORIENTED_EDGE('',*,*,#2028,.F.);
#2586=ORIENTED_EDGE('',*,*,#2027,.F.);
#2587=ORIENTED_EDGE('',*,*,#2009,.T.);
#2588=ORIENTED_EDGE('',*,*,#2022,.T.);
#2589=ORIENTED_EDGE('',*,*,#1997,.F.);
#2590=ORIENTED_EDGE('',*,*,#2029,.F.);
#2591=ORIENTED_EDGE('',*,*,#2016,.T.);
#2592=ORIENTED_EDGE('',*,*,#2030,.T.);
#2593=ORIENTED_EDGE('',*,*,#2031,.F.);
#2594=ORIENTED_EDGE('',*,*,#2032,.F.);
#2595=ORIENTED_EDGE('',*,*,#2030,.F.);
#2596=ORIENTED_EDGE('',*,*,#2020,.T.);
#2597=ORIENTED_EDGE('',*,*,#2033,.T.);
#2598=ORIENTED_EDGE('',*,*,#2034,.F.);
#2599=ORIENTED_EDGE('',*,*,#2033,.F.);
#2600=ORIENTED_EDGE('',*,*,#2019,.T.);
#2601=ORIENTED_EDGE('',*,*,#2035,.T.);
#2602=ORIENTED_EDGE('',*,*,#2000,.F.);
#2603=ORIENTED_EDGE('',*,*,#1996,.F.);
#2604=ORIENTED_EDGE('',*,*,#2036,.F.);
#2605=ORIENTED_EDGE('',*,*,#2037,.F.);
#2606=ORIENTED_EDGE('',*,*,#2013,.T.);
#2607=ORIENTED_EDGE('',*,*,#2017,.T.);
#2608=ORIENTED_EDGE('',*,*,#2029,.T.);
#2609=ORIENTED_EDGE('',*,*,#2001,.F.);
#2610=ORIENTED_EDGE('',*,*,#2035,.F.);
#2611=ORIENTED_EDGE('',*,*,#2018,.T.);
#2612=ORIENTED_EDGE('',*,*,#2015,.F.);
#2613=ORIENTED_EDGE('',*,*,#2038,.F.);
#2614=ORIENTED_EDGE('',*,*,#2039,.T.);
#2615=ORIENTED_EDGE('',*,*,#2031,.T.);
#2616=ORIENTED_EDGE('',*,*,#2032,.T.);
#2617=ORIENTED_EDGE('',*,*,#2034,.T.);
#2618=ORIENTED_EDGE('',*,*,#1999,.T.);
#2619=ORIENTED_EDGE('',*,*,#2040,.T.);
#2620=ORIENTED_EDGE('',*,*,#2041,.F.);
#2621=ORIENTED_EDGE('',*,*,#2040,.F.);
#2622=ORIENTED_EDGE('',*,*,#1998,.T.);
#2623=ORIENTED_EDGE('',*,*,#2028,.T.);
#2624=ORIENTED_EDGE('',*,*,#1994,.T.);
#2625=ORIENTED_EDGE('',*,*,#2042,.T.);
#2626=ORIENTED_EDGE('',*,*,#2043,.F.);
#2627=ORIENTED_EDGE('',*,*,#2042,.F.);
#2628=ORIENTED_EDGE('',*,*,#1993,.T.);
#2629=ORIENTED_EDGE('',*,*,#2025,.T.);
#2630=ORIENTED_EDGE('',*,*,#2026,.T.);
#2631=ORIENTED_EDGE('',*,*,#2041,.T.);
#2632=ORIENTED_EDGE('',*,*,#2044,.T.);
#2633=ORIENTED_EDGE('',*,*,#2043,.T.);
#2634=ORIENTED_EDGE('',*,*,#2045,.T.);
#2635=ORIENTED_EDGE('',*,*,#2044,.F.);
#2636=ORIENTED_EDGE('',*,*,#2046,.T.);
#2637=ORIENTED_EDGE('',*,*,#2021,.T.);
#2638=ORIENTED_EDGE('',*,*,#2046,.F.);
#2639=ORIENTED_EDGE('',*,*,#2045,.F.);
#2640=ORIENTED_EDGE('',*,*,#2047,.T.);
#2641=ORIENTED_EDGE('',*,*,#2011,.T.);
#2642=ORIENTED_EDGE('',*,*,#2047,.F.);
#2643=ORIENTED_EDGE('',*,*,#2048,.F.);
#2644=ORIENTED_EDGE('',*,*,#2049,.T.);
#2645=ORIENTED_EDGE('',*,*,#2050,.T.);
#2646=ORIENTED_EDGE('',*,*,#2036,.T.);
#2647=ORIENTED_EDGE('',*,*,#2002,.F.);
#2648=ORIENTED_EDGE('',*,*,#2039,.F.);
#2649=ORIENTED_EDGE('',*,*,#2051,.T.);
#2650=ORIENTED_EDGE('',*,*,#2049,.F.);
#2651=ORIENTED_EDGE('',*,*,#2037,.T.);
#2652=ORIENTED_EDGE('',*,*,#2050,.F.);
#2653=ORIENTED_EDGE('',*,*,#2051,.F.);
#2654=ORIENTED_EDGE('',*,*,#2038,.T.);
#2655=ORIENTED_EDGE('',*,*,#2014,.T.);
#2656=ORIENTED_EDGE('',*,*,#2052,.F.);
#2657=ORIENTED_EDGE('',*,*,#2048,.T.);
#2658=ORIENTED_EDGE('',*,*,#2053,.F.);
#2659=ORIENTED_EDGE('',*,*,#1972,.T.);
#2660=ORIENTED_EDGE('',*,*,#2053,.T.);
#2661=ORIENTED_EDGE('',*,*,#2054,.T.);
#2662=ORIENTED_EDGE('',*,*,#2055,.T.);
#2663=ORIENTED_EDGE('',*,*,#2054,.F.);
#2664=ORIENTED_EDGE('',*,*,#2056,.T.);
#2665=ORIENTED_EDGE('',*,*,#2057,.T.);
#2666=ORIENTED_EDGE('',*,*,#2058,.T.);
#2667=ORIENTED_EDGE('',*,*,#2057,.F.);
#2668=ORIENTED_EDGE('',*,*,#2059,.F.);
#2669=ORIENTED_EDGE('',*,*,#2060,.F.);
#2670=ORIENTED_EDGE('',*,*,#2061,.F.);
#2671=ORIENTED_EDGE('',*,*,#2062,.F.);
#2672=ORIENTED_EDGE('',*,*,#2063,.F.);
#2673=ORIENTED_EDGE('',*,*,#2064,.F.);
#2674=ORIENTED_EDGE('',*,*,#2065,.F.);
#2675=ORIENTED_EDGE('',*,*,#2066,.F.);
#2676=ORIENTED_EDGE('',*,*,#1968,.T.);
#2677=ORIENTED_EDGE('',*,*,#1971,.T.);
#2678=ORIENTED_EDGE('',*,*,#2067,.F.);
#2679=ORIENTED_EDGE('',*,*,#2056,.F.);
#2680=ORIENTED_EDGE('',*,*,#2052,.T.);
#2681=ORIENTED_EDGE('',*,*,#2068,.T.);
#2682=ORIENTED_EDGE('',*,*,#2069,.T.);
#2683=ORIENTED_EDGE('',*,*,#2068,.F.);
#2684=ORIENTED_EDGE('',*,*,#2067,.T.);
#2685=ORIENTED_EDGE('',*,*,#2070,.T.);
#2686=ORIENTED_EDGE('',*,*,#2071,.T.);
#2687=ORIENTED_EDGE('',*,*,#2070,.F.);
#2688=ORIENTED_EDGE('',*,*,#2071,.F.);
#2689=ORIENTED_EDGE('',*,*,#2069,.F.);
#2690=ORIENTED_EDGE('',*,*,#2058,.F.);
#2691=ORIENTED_EDGE('',*,*,#2055,.F.);
#2692=ORIENTED_EDGE('',*,*,#1985,.T.);
#2693=ORIENTED_EDGE('',*,*,#2072,.F.);
#2694=ORIENTED_EDGE('',*,*,#2073,.F.);
#2695=ORIENTED_EDGE('',*,*,#2074,.F.);
#2696=ORIENTED_EDGE('',*,*,#2075,.F.);
#2697=ORIENTED_EDGE('',*,*,#2076,.F.);
#2698=ORIENTED_EDGE('',*,*,#1986,.T.);
#2699=ORIENTED_EDGE('',*,*,#2076,.T.);
#2700=ORIENTED_EDGE('',*,*,#2077,.F.);
#2701=ORIENTED_EDGE('',*,*,#2078,.T.);
#2702=ORIENTED_EDGE('',*,*,#1984,.T.);
#2703=ORIENTED_EDGE('',*,*,#2079,.T.);
#2704=ORIENTED_EDGE('',*,*,#2080,.F.);
#2705=ORIENTED_EDGE('',*,*,#2072,.T.);
#2706=ORIENTED_EDGE('',*,*,#1983,.T.);
#2707=ORIENTED_EDGE('',*,*,#2081,.F.);
#2708=ORIENTED_EDGE('',*,*,#2082,.F.);
#2709=ORIENTED_EDGE('',*,*,#2083,.F.);
#2710=ORIENTED_EDGE('',*,*,#2084,.F.);
#2711=ORIENTED_EDGE('',*,*,#2079,.F.);
#2712=ORIENTED_EDGE('',*,*,#1988,.T.);
#2713=ORIENTED_EDGE('',*,*,#2085,.T.);
#2714=ORIENTED_EDGE('',*,*,#2086,.F.);
#2715=ORIENTED_EDGE('',*,*,#2087,.T.);
#2716=ORIENTED_EDGE('',*,*,#2088,.T.);
#2717=ORIENTED_EDGE('',*,*,#2066,.T.);
#2718=ORIENTED_EDGE('',*,*,#2089,.T.);
#2719=ORIENTED_EDGE('',*,*,#2090,.T.);
#2720=ORIENTED_EDGE('',*,*,#2091,.F.);
#2721=ORIENTED_EDGE('',*,*,#2092,.T.);
#2722=ORIENTED_EDGE('',*,*,#2093,.T.);
#2723=ORIENTED_EDGE('',*,*,#2094,.T.);
#2724=ORIENTED_EDGE('',*,*,#2095,.F.);
#2725=ORIENTED_EDGE('',*,*,#2096,.F.);
#2726=ORIENTED_EDGE('',*,*,#2094,.F.);
#2727=ORIENTED_EDGE('',*,*,#2097,.F.);
#2728=ORIENTED_EDGE('',*,*,#2098,.F.);
#2729=ORIENTED_EDGE('',*,*,#2095,.T.);
#2730=ORIENTED_EDGE('',*,*,#2099,.T.);
#2731=ORIENTED_EDGE('',*,*,#2100,.T.);
#2732=ORIENTED_EDGE('',*,*,#2101,.F.);
#2733=ORIENTED_EDGE('',*,*,#2059,.T.);
#2734=ORIENTED_EDGE('',*,*,#2088,.F.);
#2735=ORIENTED_EDGE('',*,*,#2102,.T.);
#2736=ORIENTED_EDGE('',*,*,#2103,.F.);
#2737=ORIENTED_EDGE('',*,*,#2104,.T.);
#2738=ORIENTED_EDGE('',*,*,#2105,.T.);
#2739=ORIENTED_EDGE('',*,*,#2060,.T.);
#2740=ORIENTED_EDGE('',*,*,#2101,.T.);
#2741=ORIENTED_EDGE('',*,*,#2106,.T.);
#2742=ORIENTED_EDGE('',*,*,#2107,.F.);
#2743=ORIENTED_EDGE('',*,*,#2061,.T.);
#2744=ORIENTED_EDGE('',*,*,#2105,.F.);
#2745=ORIENTED_EDGE('',*,*,#2108,.T.);
#2746=ORIENTED_EDGE('',*,*,#2109,.F.);
#2747=ORIENTED_EDGE('',*,*,#2110,.T.);
#2748=ORIENTED_EDGE('',*,*,#2111,.T.);
#2749=ORIENTED_EDGE('',*,*,#2062,.T.);
#2750=ORIENTED_EDGE('',*,*,#2107,.T.);
#2751=ORIENTED_EDGE('',*,*,#2112,.T.);
#2752=ORIENTED_EDGE('',*,*,#2111,.F.);
#2753=ORIENTED_EDGE('',*,*,#2113,.T.);
#2754=ORIENTED_EDGE('',*,*,#2114,.F.);
#2755=ORIENTED_EDGE('',*,*,#2115,.T.);
#2756=ORIENTED_EDGE('',*,*,#2116,.F.);
#2757=ORIENTED_EDGE('',*,*,#2063,.T.);
#2758=ORIENTED_EDGE('',*,*,#2117,.T.);
#2759=ORIENTED_EDGE('',*,*,#2064,.T.);
#2760=ORIENTED_EDGE('',*,*,#2116,.T.);
#2761=ORIENTED_EDGE('',*,*,#2118,.T.);
#2762=ORIENTED_EDGE('',*,*,#2089,.F.);
#2763=ORIENTED_EDGE('',*,*,#2065,.T.);
#2764=ORIENTED_EDGE('',*,*,#2117,.F.);
#2765=ORIENTED_EDGE('',*,*,#2119,.T.);
#2766=ORIENTED_EDGE('',*,*,#2120,.F.);
#2767=ORIENTED_EDGE('',*,*,#2121,.T.);
#2768=ORIENTED_EDGE('',*,*,#2122,.F.);
#2769=ORIENTED_EDGE('',*,*,#2123,.T.);
#2770=ORIENTED_EDGE('',*,*,#2124,.T.);
#2771=ORIENTED_EDGE('',*,*,#2125,.T.);
#2772=ORIENTED_EDGE('',*,*,#2126,.F.);
#2773=ORIENTED_EDGE('',*,*,#2127,.F.);
#2774=ORIENTED_EDGE('',*,*,#2125,.F.);
#2775=ORIENTED_EDGE('',*,*,#2128,.F.);
#2776=ORIENTED_EDGE('',*,*,#2129,.F.);
#2777=ORIENTED_EDGE('',*,*,#2126,.T.);
#2778=ORIENTED_EDGE('',*,*,#2130,.T.);
#2779=ORIENTED_EDGE('',*,*,#2131,.T.);
#2780=ORIENTED_EDGE('',*,*,#2132,.F.);
#2781=ORIENTED_EDGE('',*,*,#2133,.T.);
#2782=ORIENTED_EDGE('',*,*,#2134,.T.);
#2783=ORIENTED_EDGE('',*,*,#2135,.T.);
#2784=ORIENTED_EDGE('',*,*,#2136,.T.);
#2785=ORIENTED_EDGE('',*,*,#2132,.T.);
#2786=ORIENTED_EDGE('',*,*,#2137,.T.);
#2787=ORIENTED_EDGE('',*,*,#2138,.T.);
#2788=ORIENTED_EDGE('',*,*,#2138,.F.);
#2789=ORIENTED_EDGE('',*,*,#2139,.F.);
#2790=ORIENTED_EDGE('',*,*,#2140,.T.);
#2791=ORIENTED_EDGE('',*,*,#2141,.F.);
#2792=ORIENTED_EDGE('',*,*,#2142,.F.);
#2793=ORIENTED_EDGE('',*,*,#2143,.F.);
#2794=ORIENTED_EDGE('',*,*,#2140,.F.);
#2795=ORIENTED_EDGE('',*,*,#2144,.F.);
#2796=ORIENTED_EDGE('',*,*,#2145,.T.);
#2797=ORIENTED_EDGE('',*,*,#2142,.T.);
#2798=ORIENTED_EDGE('',*,*,#2146,.T.);
#2799=ORIENTED_EDGE('',*,*,#2147,.T.);
#2800=ORIENTED_EDGE('',*,*,#2148,.F.);
#2801=ORIENTED_EDGE('',*,*,#2149,.F.);
#2802=ORIENTED_EDGE('',*,*,#2147,.F.);
#2803=ORIENTED_EDGE('',*,*,#2150,.F.);
#2804=ORIENTED_EDGE('',*,*,#2151,.F.);
#2805=ORIENTED_EDGE('',*,*,#2152,.T.);
#2806=ORIENTED_EDGE('',*,*,#2153,.T.);
#2807=ORIENTED_EDGE('',*,*,#2154,.T.);
#2808=ORIENTED_EDGE('',*,*,#2155,.T.);
#2809=ORIENTED_EDGE('',*,*,#2156,.T.);
#2810=ORIENTED_EDGE('',*,*,#2157,.T.);
#2811=ORIENTED_EDGE('',*,*,#2151,.T.);
#2812=ORIENTED_EDGE('',*,*,#2156,.F.);
#2813=ORIENTED_EDGE('',*,*,#2158,.T.);
#2814=ORIENTED_EDGE('',*,*,#2159,.F.);
#2815=ORIENTED_EDGE('',*,*,#2160,.T.);
#2816=ORIENTED_EDGE('',*,*,#2161,.F.);
#2817=ORIENTED_EDGE('',*,*,#2162,.T.);
#2818=ORIENTED_EDGE('',*,*,#2159,.T.);
#2819=ORIENTED_EDGE('',*,*,#2163,.T.);
#2820=ORIENTED_EDGE('',*,*,#2164,.T.);
#2821=ORIENTED_EDGE('',*,*,#2165,.T.);
#2822=ORIENTED_EDGE('',*,*,#2166,.T.);
#2823=ORIENTED_EDGE('',*,*,#2161,.T.);
#2824=ORIENTED_EDGE('',*,*,#2167,.F.);
#2825=ORIENTED_EDGE('',*,*,#2168,.T.);
#2826=ORIENTED_EDGE('',*,*,#2165,.F.);
#2827=ORIENTED_EDGE('',*,*,#2169,.T.);
#2828=ORIENTED_EDGE('',*,*,#2170,.F.);
#2829=ORIENTED_EDGE('',*,*,#2171,.F.);
#2830=ORIENTED_EDGE('',*,*,#2172,.F.);
#2831=ORIENTED_EDGE('',*,*,#2173,.F.);
#2832=ORIENTED_EDGE('',*,*,#2174,.F.);
#2833=ORIENTED_EDGE('',*,*,#2167,.T.);
#2834=ORIENTED_EDGE('',*,*,#2175,.F.);
#2835=ORIENTED_EDGE('',*,*,#2176,.F.);
#2836=ORIENTED_EDGE('',*,*,#2177,.F.);
#2837=ORIENTED_EDGE('',*,*,#2178,.F.);
#2838=ORIENTED_EDGE('',*,*,#2179,.F.);
#2839=ORIENTED_EDGE('',*,*,#2148,.T.);
#2840=ORIENTED_EDGE('',*,*,#2129,.T.);
#2841=ORIENTED_EDGE('',*,*,#2180,.F.);
#2842=ORIENTED_EDGE('',*,*,#2181,.F.);
#2843=ORIENTED_EDGE('',*,*,#2182,.F.);
#2844=ORIENTED_EDGE('',*,*,#2122,.T.);
#2845=ORIENTED_EDGE('',*,*,#2127,.T.);
#2846=ORIENTED_EDGE('',*,*,#2123,.F.);
#2847=ORIENTED_EDGE('',*,*,#2182,.T.);
#2848=ORIENTED_EDGE('',*,*,#2183,.F.);
#2849=ORIENTED_EDGE('',*,*,#2184,.F.);
#2850=ORIENTED_EDGE('',*,*,#2185,.T.);
#2851=ORIENTED_EDGE('',*,*,#2186,.T.);
#2852=ORIENTED_EDGE('',*,*,#2120,.T.);
#2853=ORIENTED_EDGE('',*,*,#2187,.T.);
#2854=ORIENTED_EDGE('',*,*,#2186,.F.);
#2855=ORIENTED_EDGE('',*,*,#2188,.F.);
#2856=ORIENTED_EDGE('',*,*,#2189,.F.);
#2857=ORIENTED_EDGE('',*,*,#2102,.F.);
#2858=ORIENTED_EDGE('',*,*,#2090,.F.);
#2859=ORIENTED_EDGE('',*,*,#2121,.F.);
#2860=ORIENTED_EDGE('',*,*,#2190,.T.);
#2861=ORIENTED_EDGE('',*,*,#2191,.T.);
#2862=ORIENTED_EDGE('',*,*,#2103,.T.);
#2863=ORIENTED_EDGE('',*,*,#2189,.T.);
#2864=ORIENTED_EDGE('',*,*,#2100,.F.);
#2865=ORIENTED_EDGE('',*,*,#2192,.F.);
#2866=ORIENTED_EDGE('',*,*,#2193,.F.);
#2867=ORIENTED_EDGE('',*,*,#2194,.F.);
#2868=ORIENTED_EDGE('',*,*,#2098,.T.);
#2869=ORIENTED_EDGE('',*,*,#2194,.T.);
#2870=ORIENTED_EDGE('',*,*,#2195,.F.);
#2871=ORIENTED_EDGE('',*,*,#2196,.T.);
#2872=ORIENTED_EDGE('',*,*,#2091,.T.);
#2873=ORIENTED_EDGE('',*,*,#2096,.T.);
#2874=ORIENTED_EDGE('',*,*,#2092,.F.);
#2875=ORIENTED_EDGE('',*,*,#2196,.F.);
#2876=ORIENTED_EDGE('',*,*,#2197,.F.);
#2877=ORIENTED_EDGE('',*,*,#2198,.F.);
#2878=ORIENTED_EDGE('',*,*,#2198,.T.);
#2879=ORIENTED_EDGE('',*,*,#2199,.F.);
#2880=ORIENTED_EDGE('',*,*,#2200,.F.);
#2881=ORIENTED_EDGE('',*,*,#2108,.F.);
#2882=ORIENTED_EDGE('',*,*,#2106,.F.);
#2883=ORIENTED_EDGE('',*,*,#2104,.F.);
#2884=ORIENTED_EDGE('',*,*,#2191,.F.);
#2885=ORIENTED_EDGE('',*,*,#2201,.F.);
#2886=ORIENTED_EDGE('',*,*,#2192,.T.);
#2887=ORIENTED_EDGE('',*,*,#2099,.F.);
#2888=ORIENTED_EDGE('',*,*,#2097,.T.);
#2889=ORIENTED_EDGE('',*,*,#2093,.F.);
#2890=ORIENTED_EDGE('',*,*,#2202,.T.);
#2891=ORIENTED_EDGE('',*,*,#2203,.T.);
#2892=ORIENTED_EDGE('',*,*,#2109,.T.);
#2893=ORIENTED_EDGE('',*,*,#2200,.T.);
#2894=ORIENTED_EDGE('',*,*,#2204,.F.);
#2895=ORIENTED_EDGE('',*,*,#2113,.F.);
#2896=ORIENTED_EDGE('',*,*,#2112,.F.);
#2897=ORIENTED_EDGE('',*,*,#2110,.F.);
#2898=ORIENTED_EDGE('',*,*,#2203,.F.);
#2899=ORIENTED_EDGE('',*,*,#2205,.F.);
#2900=ORIENTED_EDGE('',*,*,#2206,.T.);
#2901=ORIENTED_EDGE('',*,*,#2207,.T.);
#2902=ORIENTED_EDGE('',*,*,#2114,.T.);
#2903=ORIENTED_EDGE('',*,*,#2204,.T.);
#2904=ORIENTED_EDGE('',*,*,#2208,.T.);
#2905=ORIENTED_EDGE('',*,*,#2130,.F.);
#2906=ORIENTED_EDGE('',*,*,#2128,.T.);
#2907=ORIENTED_EDGE('',*,*,#2124,.F.);
#2908=ORIENTED_EDGE('',*,*,#2184,.T.);
#2909=ORIENTED_EDGE('',*,*,#2209,.F.);
#2910=ORIENTED_EDGE('',*,*,#2187,.F.);
#2911=ORIENTED_EDGE('',*,*,#2119,.F.);
#2912=ORIENTED_EDGE('',*,*,#2118,.F.);
#2913=ORIENTED_EDGE('',*,*,#2115,.F.);
#2914=ORIENTED_EDGE('',*,*,#2207,.F.);
#2915=ORIENTED_EDGE('',*,*,#2210,.F.);
#2916=ORIENTED_EDGE('',*,*,#2131,.F.);
#2917=ORIENTED_EDGE('',*,*,#2208,.F.);
#2918=ORIENTED_EDGE('',*,*,#2211,.F.);
#2919=ORIENTED_EDGE('',*,*,#2180,.T.);
#2920=ORIENTED_EDGE('',*,*,#2212,.T.);
#2921=ORIENTED_EDGE('',*,*,#2213,.T.);
#2922=ORIENTED_EDGE('',*,*,#2214,.F.);
#2923=ORIENTED_EDGE('',*,*,#2133,.F.);
#2924=ORIENTED_EDGE('',*,*,#2136,.F.);
#2925=ORIENTED_EDGE('',*,*,#2141,.T.);
#2926=ORIENTED_EDGE('',*,*,#2143,.T.);
#2927=ORIENTED_EDGE('',*,*,#2145,.F.);
#2928=ORIENTED_EDGE('',*,*,#2149,.T.);
#2929=ORIENTED_EDGE('',*,*,#2134,.F.);
#2930=ORIENTED_EDGE('',*,*,#2214,.T.);
#2931=ORIENTED_EDGE('',*,*,#2215,.T.);
#2932=ORIENTED_EDGE('',*,*,#2216,.T.);
#2933=ORIENTED_EDGE('',*,*,#2217,.T.);
#2934=ORIENTED_EDGE('',*,*,#2218,.T.);
#2935=ORIENTED_EDGE('',*,*,#2150,.T.);
#2936=ORIENTED_EDGE('',*,*,#2146,.F.);
#2937=ORIENTED_EDGE('',*,*,#2144,.T.);
#2938=ORIENTED_EDGE('',*,*,#2139,.T.);
#2939=ORIENTED_EDGE('',*,*,#2137,.F.);
#2940=ORIENTED_EDGE('',*,*,#2135,.F.);
#2941=ORIENTED_EDGE('',*,*,#2216,.F.);
#2942=ORIENTED_EDGE('',*,*,#2219,.T.);
#2943=ORIENTED_EDGE('',*,*,#2220,.F.);
#2944=ORIENTED_EDGE('',*,*,#2152,.F.);
#2945=ORIENTED_EDGE('',*,*,#2157,.F.);
#2946=ORIENTED_EDGE('',*,*,#2160,.F.);
#2947=ORIENTED_EDGE('',*,*,#2162,.F.);
#2948=ORIENTED_EDGE('',*,*,#2166,.F.);
#2949=ORIENTED_EDGE('',*,*,#2168,.F.);
#2950=ORIENTED_EDGE('',*,*,#2221,.T.);
#2951=ORIENTED_EDGE('',*,*,#2153,.F.);
#2952=ORIENTED_EDGE('',*,*,#2220,.T.);
#2953=ORIENTED_EDGE('',*,*,#2222,.T.);
#2954=ORIENTED_EDGE('',*,*,#2223,.T.);
#2955=ORIENTED_EDGE('',*,*,#2224,.T.);
#2956=ORIENTED_EDGE('',*,*,#2169,.F.);
#2957=ORIENTED_EDGE('',*,*,#2164,.F.);
#2958=ORIENTED_EDGE('',*,*,#2163,.F.);
#2959=ORIENTED_EDGE('',*,*,#2158,.F.);
#2960=ORIENTED_EDGE('',*,*,#2155,.F.);
#2961=ORIENTED_EDGE('',*,*,#2154,.F.);
#2962=ORIENTED_EDGE('',*,*,#2223,.F.);
#2963=ORIENTED_EDGE('',*,*,#2225,.T.);
#2964=ORIENTED_EDGE('',*,*,#2170,.T.);
#2965=ORIENTED_EDGE('',*,*,#2224,.F.);
#2966=ORIENTED_EDGE('',*,*,#2226,.T.);
#2967=ORIENTED_EDGE('',*,*,#2227,.F.);
#2968=ORIENTED_EDGE('',*,*,#2228,.F.);
#2969=ORIENTED_EDGE('',*,*,#2229,.F.);
#2970=ORIENTED_EDGE('',*,*,#2230,.F.);
#2971=ORIENTED_EDGE('',*,*,#2171,.T.);
#2972=ORIENTED_EDGE('',*,*,#2228,.T.);
#2973=ORIENTED_EDGE('',*,*,#2172,.T.);
#2974=ORIENTED_EDGE('',*,*,#2230,.T.);
#2975=ORIENTED_EDGE('',*,*,#2231,.F.);
#2976=ORIENTED_EDGE('',*,*,#2232,.F.);
#2977=ORIENTED_EDGE('',*,*,#2173,.T.);
#2978=ORIENTED_EDGE('',*,*,#2232,.T.);
#2979=ORIENTED_EDGE('',*,*,#2233,.F.);
#2980=ORIENTED_EDGE('',*,*,#2234,.F.);
#2981=ORIENTED_EDGE('',*,*,#2235,.F.);
#2982=ORIENTED_EDGE('',*,*,#2236,.T.);
#2983=ORIENTED_EDGE('',*,*,#2221,.F.);
#2984=ORIENTED_EDGE('',*,*,#2174,.T.);
#2985=ORIENTED_EDGE('',*,*,#2234,.T.);
#2986=ORIENTED_EDGE('',*,*,#2237,.F.);
#2987=ORIENTED_EDGE('',*,*,#2238,.F.);
#2988=ORIENTED_EDGE('',*,*,#2176,.T.);
#2989=ORIENTED_EDGE('',*,*,#2239,.T.);
#2990=ORIENTED_EDGE('',*,*,#2240,.F.);
#2991=ORIENTED_EDGE('',*,*,#2241,.F.);
#2992=ORIENTED_EDGE('',*,*,#2177,.T.);
#2993=ORIENTED_EDGE('',*,*,#2238,.T.);
#2994=ORIENTED_EDGE('',*,*,#2178,.T.);
#2995=ORIENTED_EDGE('',*,*,#2241,.T.);
#2996=ORIENTED_EDGE('',*,*,#2242,.F.);
#2997=ORIENTED_EDGE('',*,*,#2243,.F.);
#2998=ORIENTED_EDGE('',*,*,#2244,.F.);
#2999=ORIENTED_EDGE('',*,*,#2245,.T.);
#3000=ORIENTED_EDGE('',*,*,#2212,.F.);
#3001=ORIENTED_EDGE('',*,*,#2179,.T.);
#3002=ORIENTED_EDGE('',*,*,#2243,.T.);
#3003=ORIENTED_EDGE('',*,*,#2175,.T.);
#3004=ORIENTED_EDGE('',*,*,#2218,.F.);
#3005=ORIENTED_EDGE('',*,*,#2246,.T.);
#3006=ORIENTED_EDGE('',*,*,#2247,.F.);
#3007=ORIENTED_EDGE('',*,*,#2239,.F.);
#3008=ORIENTED_EDGE('',*,*,#2211,.T.);
#3009=ORIENTED_EDGE('',*,*,#2210,.T.);
#3010=ORIENTED_EDGE('',*,*,#2206,.F.);
#3011=ORIENTED_EDGE('',*,*,#2205,.T.);
#3012=ORIENTED_EDGE('',*,*,#2202,.F.);
#3013=ORIENTED_EDGE('',*,*,#2199,.T.);
#3014=ORIENTED_EDGE('',*,*,#2197,.T.);
#3015=ORIENTED_EDGE('',*,*,#2195,.T.);
#3016=ORIENTED_EDGE('',*,*,#2193,.T.);
#3017=ORIENTED_EDGE('',*,*,#2201,.T.);
#3018=ORIENTED_EDGE('',*,*,#2190,.F.);
#3019=ORIENTED_EDGE('',*,*,#2188,.T.);
#3020=ORIENTED_EDGE('',*,*,#2185,.F.);
#3021=ORIENTED_EDGE('',*,*,#2209,.T.);
#3022=ORIENTED_EDGE('',*,*,#2183,.T.);
#3023=ORIENTED_EDGE('',*,*,#2181,.T.);
#3024=ORIENTED_EDGE('',*,*,#2226,.F.);
#3025=ORIENTED_EDGE('',*,*,#2225,.F.);
#3026=ORIENTED_EDGE('',*,*,#2222,.F.);
#3027=ORIENTED_EDGE('',*,*,#2219,.F.);
#3028=ORIENTED_EDGE('',*,*,#2236,.F.);
#3029=ORIENTED_EDGE('',*,*,#2248,.T.);
#3030=ORIENTED_EDGE('',*,*,#2249,.T.);
#3031=ORIENTED_EDGE('',*,*,#2250,.T.);
#3032=ORIENTED_EDGE('',*,*,#2251,.T.);
#3033=ORIENTED_EDGE('',*,*,#2252,.T.);
#3034=ORIENTED_EDGE('',*,*,#2246,.F.);
#3035=ORIENTED_EDGE('',*,*,#2217,.F.);
#3036=ORIENTED_EDGE('',*,*,#2215,.F.);
#3037=ORIENTED_EDGE('',*,*,#2213,.F.);
#3038=ORIENTED_EDGE('',*,*,#2245,.F.);
#3039=ORIENTED_EDGE('',*,*,#2253,.T.);
#3040=ORIENTED_EDGE('',*,*,#2254,.T.);
#3041=ORIENTED_EDGE('',*,*,#2255,.T.);
#3042=ORIENTED_EDGE('',*,*,#2256,.T.);
#3043=ORIENTED_EDGE('',*,*,#2257,.T.);
#3044=ORIENTED_EDGE('',*,*,#2249,.F.);
#3045=ORIENTED_EDGE('',*,*,#2258,.F.);
#3046=ORIENTED_EDGE('',*,*,#2259,.T.);
#3047=ORIENTED_EDGE('',*,*,#2260,.F.);
#3048=ORIENTED_EDGE('',*,*,#2256,.F.);
#3049=ORIENTED_EDGE('',*,*,#2261,.F.);
#3050=ORIENTED_EDGE('',*,*,#2083,.T.);
#3051=ORIENTED_EDGE('',*,*,#2262,.F.);
#3052=ORIENTED_EDGE('',*,*,#2235,.T.);
#3053=ORIENTED_EDGE('',*,*,#2233,.T.);
#3054=ORIENTED_EDGE('',*,*,#2231,.T.);
#3055=ORIENTED_EDGE('',*,*,#2229,.T.);
#3056=ORIENTED_EDGE('',*,*,#2227,.T.);
#3057=ORIENTED_EDGE('',*,*,#2257,.F.);
#3058=ORIENTED_EDGE('',*,*,#2262,.T.);
#3059=ORIENTED_EDGE('',*,*,#2082,.T.);
#3060=ORIENTED_EDGE('',*,*,#2263,.T.);
#3061=ORIENTED_EDGE('',*,*,#2264,.T.);
#3062=ORIENTED_EDGE('',*,*,#2258,.T.);
#3063=ORIENTED_EDGE('',*,*,#2248,.F.);
#3064=ORIENTED_EDGE('',*,*,#2260,.T.);
#3065=ORIENTED_EDGE('',*,*,#2265,.T.);
#3066=ORIENTED_EDGE('',*,*,#2086,.T.);
#3067=ORIENTED_EDGE('',*,*,#2266,.T.);
#3068=ORIENTED_EDGE('',*,*,#2267,.T.);
#3069=ORIENTED_EDGE('',*,*,#2250,.F.);
#3070=ORIENTED_EDGE('',*,*,#2251,.F.);
#3071=ORIENTED_EDGE('',*,*,#2267,.F.);
#3072=ORIENTED_EDGE('',*,*,#2268,.T.);
#3073=ORIENTED_EDGE('',*,*,#2269,.F.);
#3074=ORIENTED_EDGE('',*,*,#2247,.T.);
#3075=ORIENTED_EDGE('',*,*,#2252,.F.);
#3076=ORIENTED_EDGE('',*,*,#2269,.T.);
#3077=ORIENTED_EDGE('',*,*,#2270,.T.);
#3078=ORIENTED_EDGE('',*,*,#2077,.T.);
#3079=ORIENTED_EDGE('',*,*,#2075,.T.);
#3080=ORIENTED_EDGE('',*,*,#2271,.T.);
#3081=ORIENTED_EDGE('',*,*,#2253,.F.);
#3082=ORIENTED_EDGE('',*,*,#2244,.T.);
#3083=ORIENTED_EDGE('',*,*,#2242,.T.);
#3084=ORIENTED_EDGE('',*,*,#2240,.T.);
#3085=ORIENTED_EDGE('',*,*,#2237,.T.);
#3086=ORIENTED_EDGE('',*,*,#2254,.F.);
#3087=ORIENTED_EDGE('',*,*,#2271,.F.);
#3088=ORIENTED_EDGE('',*,*,#2074,.T.);
#3089=ORIENTED_EDGE('',*,*,#2272,.F.);
#3090=ORIENTED_EDGE('',*,*,#2261,.T.);
#3091=ORIENTED_EDGE('',*,*,#2255,.F.);
#3092=ORIENTED_EDGE('',*,*,#2272,.T.);
#3093=ORIENTED_EDGE('',*,*,#2073,.T.);
#3094=ORIENTED_EDGE('',*,*,#2080,.T.);
#3095=ORIENTED_EDGE('',*,*,#2084,.T.);
#3096=ORIENTED_EDGE('',*,*,#1982,.T.);
#3097=ORIENTED_EDGE('',*,*,#2273,.T.);
#3098=ORIENTED_EDGE('',*,*,#2263,.F.);
#3099=ORIENTED_EDGE('',*,*,#2081,.T.);
#3100=ORIENTED_EDGE('',*,*,#1989,.T.);
#3101=ORIENTED_EDGE('',*,*,#2087,.F.);
#3102=ORIENTED_EDGE('',*,*,#2265,.F.);
#3103=ORIENTED_EDGE('',*,*,#2259,.F.);
#3104=ORIENTED_EDGE('',*,*,#2264,.F.);
#3105=ORIENTED_EDGE('',*,*,#2273,.F.);
#3106=ORIENTED_EDGE('',*,*,#1987,.T.);
#3107=ORIENTED_EDGE('',*,*,#2078,.F.);
#3108=ORIENTED_EDGE('',*,*,#2270,.F.);
#3109=ORIENTED_EDGE('',*,*,#2268,.F.);
#3110=ORIENTED_EDGE('',*,*,#2266,.F.);
#3111=ORIENTED_EDGE('',*,*,#2085,.F.);
#3112=ORIENTED_EDGE('',*,*,#2274,.F.);
#3113=ORIENTED_EDGE('',*,*,#2275,.F.);
#3114=ORIENTED_EDGE('',*,*,#2276,.F.);
#3115=ORIENTED_EDGE('',*,*,#2277,.F.);
#3116=ORIENTED_EDGE('',*,*,#2278,.F.);
#3117=ORIENTED_EDGE('',*,*,#2279,.F.);
#3118=ORIENTED_EDGE('',*,*,#2275,.T.);
#3119=ORIENTED_EDGE('',*,*,#2280,.F.);
#3120=ORIENTED_EDGE('',*,*,#2281,.T.);
#3121=ORIENTED_EDGE('',*,*,#2282,.F.);
#3122=ORIENTED_EDGE('',*,*,#2283,.T.);
#3123=ORIENTED_EDGE('',*,*,#2284,.T.);
#3124=ORIENTED_EDGE('',*,*,#2279,.T.);
#3125=ORIENTED_EDGE('',*,*,#2285,.T.);
#3126=ORIENTED_EDGE('',*,*,#2286,.T.);
#3127=ORIENTED_EDGE('',*,*,#2280,.T.);
#3128=ORIENTED_EDGE('',*,*,#2274,.T.);
#3129=ORIENTED_EDGE('',*,*,#2284,.F.);
#3130=ORIENTED_EDGE('',*,*,#2278,.T.);
#3131=ORIENTED_EDGE('',*,*,#2287,.F.);
#3132=ORIENTED_EDGE('',*,*,#2288,.T.);
#3133=ORIENTED_EDGE('',*,*,#2285,.F.);
#3134=ORIENTED_EDGE('',*,*,#2289,.F.);
#3135=ORIENTED_EDGE('',*,*,#2281,.F.);
#3136=ORIENTED_EDGE('',*,*,#2286,.F.);
#3137=ORIENTED_EDGE('',*,*,#2288,.F.);
#3138=ORIENTED_EDGE('',*,*,#2290,.F.);
#3139=ORIENTED_EDGE('',*,*,#2291,.T.);
#3140=ORIENTED_EDGE('',*,*,#2276,.T.);
#3141=ORIENTED_EDGE('',*,*,#2282,.T.);
#3142=ORIENTED_EDGE('',*,*,#2289,.T.);
#3143=ORIENTED_EDGE('',*,*,#2287,.T.);
#3144=ORIENTED_EDGE('',*,*,#2277,.T.);
#3145=ORIENTED_EDGE('',*,*,#2291,.F.);
#3146=ORIENTED_EDGE('',*,*,#2283,.F.);
#3147=ORIENTED_EDGE('',*,*,#2290,.T.);
#3148=ORIENTED_EDGE('',*,*,#2292,.T.);
#3149=ORIENTED_EDGE('',*,*,#2293,.T.);
#3150=ORIENTED_EDGE('',*,*,#2294,.T.);
#3151=ORIENTED_EDGE('',*,*,#2293,.F.);
#3152=ORIENTED_EDGE('',*,*,#2294,.F.);
#3153=ORIENTED_EDGE('',*,*,#2295,.T.);
#3154=ORIENTED_EDGE('',*,*,#2292,.F.);
#3155=ORIENTED_EDGE('',*,*,#2296,.T.);
#3156=ORIENTED_EDGE('',*,*,#2297,.T.);
#3157=ORIENTED_EDGE('',*,*,#2296,.F.);
#3158=ORIENTED_EDGE('',*,*,#2298,.T.);
#3159=ORIENTED_EDGE('',*,*,#2299,.T.);
#3160=ORIENTED_EDGE('',*,*,#2300,.T.);
#3161=ORIENTED_EDGE('',*,*,#2299,.F.);
#3162=ORIENTED_EDGE('',*,*,#2300,.F.);
#3163=ORIENTED_EDGE('',*,*,#2301,.T.);
#3164=ORIENTED_EDGE('',*,*,#2302,.T.);
#3165=ORIENTED_EDGE('',*,*,#2301,.F.);
#3166=ORIENTED_EDGE('',*,*,#2298,.F.);
#3167=ORIENTED_EDGE('',*,*,#2303,.T.);
#3168=ORIENTED_EDGE('',*,*,#2304,.F.);
#3169=ORIENTED_EDGE('',*,*,#2305,.F.);
#3170=ORIENTED_EDGE('',*,*,#2306,.F.);
#3171=ORIENTED_EDGE('',*,*,#2307,.F.);
#3172=ORIENTED_EDGE('',*,*,#2308,.F.);
#3173=ORIENTED_EDGE('',*,*,#2309,.F.);
#3174=ORIENTED_EDGE('',*,*,#2310,.F.);
#3175=ORIENTED_EDGE('',*,*,#2311,.F.);
#3176=ORIENTED_EDGE('',*,*,#2307,.T.);
#3177=ORIENTED_EDGE('',*,*,#2312,.F.);
#3178=ORIENTED_EDGE('',*,*,#2313,.T.);
#3179=ORIENTED_EDGE('',*,*,#2314,.F.);
#3180=ORIENTED_EDGE('',*,*,#2306,.T.);
#3181=ORIENTED_EDGE('',*,*,#2315,.T.);
#3182=ORIENTED_EDGE('',*,*,#2303,.F.);
#3183=ORIENTED_EDGE('',*,*,#2315,.F.);
#3184=ORIENTED_EDGE('',*,*,#2305,.T.);
#3185=ORIENTED_EDGE('',*,*,#2316,.T.);
#3186=ORIENTED_EDGE('',*,*,#2317,.T.);
#3187=ORIENTED_EDGE('',*,*,#2312,.T.);
#3188=ORIENTED_EDGE('',*,*,#2304,.T.);
#3189=ORIENTED_EDGE('',*,*,#2318,.F.);
#3190=ORIENTED_EDGE('',*,*,#2319,.T.);
#3191=ORIENTED_EDGE('',*,*,#2316,.F.);
#3192=ORIENTED_EDGE('',*,*,#2308,.T.);
#3193=ORIENTED_EDGE('',*,*,#2314,.T.);
#3194=ORIENTED_EDGE('',*,*,#2320,.F.);
#3195=ORIENTED_EDGE('',*,*,#2321,.T.);
#3196=ORIENTED_EDGE('',*,*,#2310,.T.);
#3197=ORIENTED_EDGE('',*,*,#2322,.T.);
#3198=ORIENTED_EDGE('',*,*,#2323,.F.);
#3199=ORIENTED_EDGE('',*,*,#2318,.T.);
#3200=ORIENTED_EDGE('',*,*,#2309,.T.);
#3201=ORIENTED_EDGE('',*,*,#2321,.F.);
#3202=ORIENTED_EDGE('',*,*,#2324,.T.);
#3203=ORIENTED_EDGE('',*,*,#2322,.F.);
#3204=ORIENTED_EDGE('',*,*,#2320,.T.);
#3205=ORIENTED_EDGE('',*,*,#2313,.F.);
#3206=ORIENTED_EDGE('',*,*,#2317,.F.);
#3207=ORIENTED_EDGE('',*,*,#2319,.F.);
#3208=ORIENTED_EDGE('',*,*,#2323,.T.);
#3209=ORIENTED_EDGE('',*,*,#2324,.F.);
#3210=ORIENTED_EDGE('',*,*,#2325,.T.);
#3211=ORIENTED_EDGE('',*,*,#2326,.T.);
#3212=ORIENTED_EDGE('',*,*,#2327,.T.);
#3213=ORIENTED_EDGE('',*,*,#2326,.F.);
#3214=ORIENTED_EDGE('',*,*,#2327,.F.);
#3215=ORIENTED_EDGE('',*,*,#2328,.T.);
#3216=ORIENTED_EDGE('',*,*,#2311,.T.);
#3217=ORIENTED_EDGE('',*,*,#2328,.F.);
#3218=ORIENTED_EDGE('',*,*,#2325,.F.);
#3219=ORIENTED_EDGE('',*,*,#2329,.T.);
#3220=ORIENTED_EDGE('',*,*,#2330,.T.);
#3221=ORIENTED_EDGE('',*,*,#2329,.F.);
#3222=ORIENTED_EDGE('',*,*,#2295,.F.);
#3223=ORIENTED_EDGE('',*,*,#2331,.T.);
#3224=ORIENTED_EDGE('',*,*,#2330,.F.);
#3225=ORIENTED_EDGE('',*,*,#2331,.F.);
#3226=ORIENTED_EDGE('',*,*,#2297,.F.);
#3227=ORIENTED_EDGE('',*,*,#2302,.F.);
#3228=ORIENTED_EDGE('',*,*,#2332,.F.);
#3229=ORIENTED_EDGE('',*,*,#2333,.F.);
#3230=ORIENTED_EDGE('',*,*,#2334,.F.);
#3231=ORIENTED_EDGE('',*,*,#2335,.F.);
#3232=ORIENTED_EDGE('',*,*,#2336,.F.);
#3233=ORIENTED_EDGE('',*,*,#2337,.F.);
#3234=ORIENTED_EDGE('',*,*,#2333,.T.);
#3235=ORIENTED_EDGE('',*,*,#2338,.F.);
#3236=ORIENTED_EDGE('',*,*,#2339,.T.);
#3237=ORIENTED_EDGE('',*,*,#2340,.F.);
#3238=ORIENTED_EDGE('',*,*,#2341,.T.);
#3239=ORIENTED_EDGE('',*,*,#2342,.T.);
#3240=ORIENTED_EDGE('',*,*,#2337,.T.);
#3241=ORIENTED_EDGE('',*,*,#2343,.T.);
#3242=ORIENTED_EDGE('',*,*,#2344,.T.);
#3243=ORIENTED_EDGE('',*,*,#2338,.T.);
#3244=ORIENTED_EDGE('',*,*,#2332,.T.);
#3245=ORIENTED_EDGE('',*,*,#2342,.F.);
#3246=ORIENTED_EDGE('',*,*,#2336,.T.);
#3247=ORIENTED_EDGE('',*,*,#2345,.F.);
#3248=ORIENTED_EDGE('',*,*,#2346,.T.);
#3249=ORIENTED_EDGE('',*,*,#2343,.F.);
#3250=ORIENTED_EDGE('',*,*,#2347,.F.);
#3251=ORIENTED_EDGE('',*,*,#2339,.F.);
#3252=ORIENTED_EDGE('',*,*,#2344,.F.);
#3253=ORIENTED_EDGE('',*,*,#2346,.F.);
#3254=ORIENTED_EDGE('',*,*,#2348,.F.);
#3255=ORIENTED_EDGE('',*,*,#2349,.T.);
#3256=ORIENTED_EDGE('',*,*,#2334,.T.);
#3257=ORIENTED_EDGE('',*,*,#2340,.T.);
#3258=ORIENTED_EDGE('',*,*,#2347,.T.);
#3259=ORIENTED_EDGE('',*,*,#2345,.T.);
#3260=ORIENTED_EDGE('',*,*,#2335,.T.);
#3261=ORIENTED_EDGE('',*,*,#2349,.F.);
#3262=ORIENTED_EDGE('',*,*,#2341,.F.);
#3263=ORIENTED_EDGE('',*,*,#2348,.T.);
#3264=ORIENTED_EDGE('',*,*,#2350,.T.);
#3265=ORIENTED_EDGE('',*,*,#2351,.T.);
#3266=ORIENTED_EDGE('',*,*,#2352,.T.);
#3267=ORIENTED_EDGE('',*,*,#2351,.F.);
#3268=ORIENTED_EDGE('',*,*,#2352,.F.);
#3269=ORIENTED_EDGE('',*,*,#2353,.T.);
#3270=ORIENTED_EDGE('',*,*,#2350,.F.);
#3271=ORIENTED_EDGE('',*,*,#2354,.T.);
#3272=ORIENTED_EDGE('',*,*,#2355,.T.);
#3273=ORIENTED_EDGE('',*,*,#2354,.F.);
#3274=ORIENTED_EDGE('',*,*,#2356,.T.);
#3275=ORIENTED_EDGE('',*,*,#2357,.T.);
#3276=ORIENTED_EDGE('',*,*,#2358,.T.);
#3277=ORIENTED_EDGE('',*,*,#2357,.F.);
#3278=ORIENTED_EDGE('',*,*,#2358,.F.);
#3279=ORIENTED_EDGE('',*,*,#2359,.T.);
#3280=ORIENTED_EDGE('',*,*,#2360,.T.);
#3281=ORIENTED_EDGE('',*,*,#2359,.F.);
#3282=ORIENTED_EDGE('',*,*,#2356,.F.);
#3283=ORIENTED_EDGE('',*,*,#2361,.T.);
#3284=ORIENTED_EDGE('',*,*,#2362,.F.);
#3285=ORIENTED_EDGE('',*,*,#2363,.F.);
#3286=ORIENTED_EDGE('',*,*,#2364,.F.);
#3287=ORIENTED_EDGE('',*,*,#2365,.F.);
#3288=ORIENTED_EDGE('',*,*,#2366,.F.);
#3289=ORIENTED_EDGE('',*,*,#2367,.F.);
#3290=ORIENTED_EDGE('',*,*,#2368,.F.);
#3291=ORIENTED_EDGE('',*,*,#2369,.F.);
#3292=ORIENTED_EDGE('',*,*,#2365,.T.);
#3293=ORIENTED_EDGE('',*,*,#2370,.F.);
#3294=ORIENTED_EDGE('',*,*,#2371,.T.);
#3295=ORIENTED_EDGE('',*,*,#2372,.F.);
#3296=ORIENTED_EDGE('',*,*,#2364,.T.);
#3297=ORIENTED_EDGE('',*,*,#2373,.T.);
#3298=ORIENTED_EDGE('',*,*,#2361,.F.);
#3299=ORIENTED_EDGE('',*,*,#2373,.F.);
#3300=ORIENTED_EDGE('',*,*,#2363,.T.);
#3301=ORIENTED_EDGE('',*,*,#2374,.T.);
#3302=ORIENTED_EDGE('',*,*,#2375,.T.);
#3303=ORIENTED_EDGE('',*,*,#2370,.T.);
#3304=ORIENTED_EDGE('',*,*,#2362,.T.);
#3305=ORIENTED_EDGE('',*,*,#2376,.F.);
#3306=ORIENTED_EDGE('',*,*,#2377,.T.);
#3307=ORIENTED_EDGE('',*,*,#2374,.F.);
#3308=ORIENTED_EDGE('',*,*,#2368,.T.);
#3309=ORIENTED_EDGE('',*,*,#2378,.T.);
#3310=ORIENTED_EDGE('',*,*,#2379,.F.);
#3311=ORIENTED_EDGE('',*,*,#2376,.T.);
#3312=ORIENTED_EDGE('',*,*,#2379,.T.);
#3313=ORIENTED_EDGE('',*,*,#2380,.F.);
#3314=ORIENTED_EDGE('',*,*,#2381,.T.);
#3315=ORIENTED_EDGE('',*,*,#2371,.F.);
#3316=ORIENTED_EDGE('',*,*,#2375,.F.);
#3317=ORIENTED_EDGE('',*,*,#2377,.F.);
#3318=ORIENTED_EDGE('',*,*,#2367,.T.);
#3319=ORIENTED_EDGE('',*,*,#2382,.F.);
#3320=ORIENTED_EDGE('',*,*,#2380,.T.);
#3321=ORIENTED_EDGE('',*,*,#2378,.F.);
#3322=ORIENTED_EDGE('',*,*,#2366,.T.);
#3323=ORIENTED_EDGE('',*,*,#2372,.T.);
#3324=ORIENTED_EDGE('',*,*,#2381,.F.);
#3325=ORIENTED_EDGE('',*,*,#2382,.T.);
#3326=ORIENTED_EDGE('',*,*,#2383,.T.);
#3327=ORIENTED_EDGE('',*,*,#2384,.T.);
#3328=ORIENTED_EDGE('',*,*,#2385,.T.);
#3329=ORIENTED_EDGE('',*,*,#2384,.F.);
#3330=ORIENTED_EDGE('',*,*,#2385,.F.);
#3331=ORIENTED_EDGE('',*,*,#2386,.T.);
#3332=ORIENTED_EDGE('',*,*,#2369,.T.);
#3333=ORIENTED_EDGE('',*,*,#2386,.F.);
#3334=ORIENTED_EDGE('',*,*,#2383,.F.);
#3335=ORIENTED_EDGE('',*,*,#2387,.T.);
#3336=ORIENTED_EDGE('',*,*,#2388,.T.);
#3337=ORIENTED_EDGE('',*,*,#2387,.F.);
#3338=ORIENTED_EDGE('',*,*,#2353,.F.);
#3339=ORIENTED_EDGE('',*,*,#2389,.T.);
#3340=ORIENTED_EDGE('',*,*,#2388,.F.);
#3341=ORIENTED_EDGE('',*,*,#2389,.F.);
#3342=ORIENTED_EDGE('',*,*,#2355,.F.);
#3343=ORIENTED_EDGE('',*,*,#2360,.F.);
#3344=ORIENTED_EDGE('',*,*,#2390,.F.);
#3345=ORIENTED_EDGE('',*,*,#2391,.T.);
#3346=ORIENTED_EDGE('',*,*,#2392,.T.);
#3347=ORIENTED_EDGE('',*,*,#2391,.F.);
#3348=ORIENTED_EDGE('',*,*,#2392,.F.);
#3349=ORIENTED_EDGE('',*,*,#2393,.F.);
#3350=ORIENTED_EDGE('',*,*,#2394,.T.);
#3351=ORIENTED_EDGE('',*,*,#2395,.T.);
#3352=ORIENTED_EDGE('',*,*,#2394,.F.);
#3353=ORIENTED_EDGE('',*,*,#2395,.F.);
#3354=ORIENTED_EDGE('',*,*,#2396,.T.);
#3355=ORIENTED_EDGE('',*,*,#2397,.T.);
#3356=ORIENTED_EDGE('',*,*,#2398,.T.);
#3357=ORIENTED_EDGE('',*,*,#2399,.T.);
#3358=ORIENTED_EDGE('',*,*,#2400,.T.);
#3359=ORIENTED_EDGE('',*,*,#2401,.T.);
#3360=ORIENTED_EDGE('',*,*,#2402,.T.);
#3361=ORIENTED_EDGE('',*,*,#2399,.F.);
#3362=ORIENTED_EDGE('',*,*,#2403,.T.);
#3363=ORIENTED_EDGE('',*,*,#2404,.T.);
#3364=ORIENTED_EDGE('',*,*,#2405,.T.);
#3365=ORIENTED_EDGE('',*,*,#2406,.T.);
#3366=ORIENTED_EDGE('',*,*,#2407,.T.);
#3367=ORIENTED_EDGE('',*,*,#2408,.T.);
#3368=ORIENTED_EDGE('',*,*,#2409,.T.);
#3369=ORIENTED_EDGE('',*,*,#2404,.F.);
#3370=ORIENTED_EDGE('',*,*,#2410,.T.);
#3371=ORIENTED_EDGE('',*,*,#2406,.F.);
#3372=ORIENTED_EDGE('',*,*,#2411,.T.);
#3373=ORIENTED_EDGE('',*,*,#2401,.F.);
#3374=ORIENTED_EDGE('',*,*,#2397,.F.);
#3375=ORIENTED_EDGE('',*,*,#2412,.T.);
#3376=ORIENTED_EDGE('',*,*,#2413,.F.);
#3377=ORIENTED_EDGE('',*,*,#2414,.F.);
#3378=ORIENTED_EDGE('',*,*,#2415,.F.);
#3379=ORIENTED_EDGE('',*,*,#2416,.F.);
#3380=ORIENTED_EDGE('',*,*,#2417,.F.);
#3381=ORIENTED_EDGE('',*,*,#2418,.F.);
#3382=ORIENTED_EDGE('',*,*,#2393,.T.);
#3383=ORIENTED_EDGE('',*,*,#2396,.F.);
#3384=ORIENTED_EDGE('',*,*,#2419,.T.);
#3385=ORIENTED_EDGE('',*,*,#2420,.F.);
#3386=ORIENTED_EDGE('',*,*,#2412,.F.);
#3387=ORIENTED_EDGE('',*,*,#2402,.F.);
#3388=ORIENTED_EDGE('',*,*,#2421,.T.);
#3389=ORIENTED_EDGE('',*,*,#2422,.F.);
#3390=ORIENTED_EDGE('',*,*,#2419,.F.);
#3391=ORIENTED_EDGE('',*,*,#2411,.F.);
#3392=ORIENTED_EDGE('',*,*,#2423,.T.);
#3393=ORIENTED_EDGE('',*,*,#2424,.F.);
#3394=ORIENTED_EDGE('',*,*,#2421,.F.);
#3395=ORIENTED_EDGE('',*,*,#2405,.F.);
#3396=ORIENTED_EDGE('',*,*,#2425,.T.);
#3397=ORIENTED_EDGE('',*,*,#2426,.F.);
#3398=ORIENTED_EDGE('',*,*,#2423,.F.);
#3399=ORIENTED_EDGE('',*,*,#2427,.F.);
#3400=ORIENTED_EDGE('',*,*,#2428,.F.);
#3401=ORIENTED_EDGE('',*,*,#2429,.F.);
#3402=ORIENTED_EDGE('',*,*,#2430,.F.);
#3403=ORIENTED_EDGE('',*,*,#2431,.F.);
#3404=ORIENTED_EDGE('',*,*,#2432,.F.);
#3405=ORIENTED_EDGE('',*,*,#2431,.T.);
#3406=ORIENTED_EDGE('',*,*,#2433,.T.);
#3407=ORIENTED_EDGE('',*,*,#2428,.T.);
#3408=ORIENTED_EDGE('',*,*,#2434,.T.);
#3409=ORIENTED_EDGE('',*,*,#2435,.F.);
#3410=ORIENTED_EDGE('',*,*,#2436,.F.);
#3411=ORIENTED_EDGE('',*,*,#2437,.F.);
#3412=ORIENTED_EDGE('',*,*,#2429,.T.);
#3413=ORIENTED_EDGE('',*,*,#2438,.T.);
#3414=ORIENTED_EDGE('',*,*,#2436,.T.);
#3415=ORIENTED_EDGE('',*,*,#2439,.T.);
#3416=ORIENTED_EDGE('',*,*,#2440,.F.);
#3417=ORIENTED_EDGE('',*,*,#2441,.F.);
#3418=ORIENTED_EDGE('',*,*,#2442,.F.);
#3419=ORIENTED_EDGE('',*,*,#2432,.T.);
#3420=ORIENTED_EDGE('',*,*,#2443,.T.);
#3421=ORIENTED_EDGE('',*,*,#2441,.T.);
#3422=ORIENTED_EDGE('',*,*,#2444,.T.);
#3423=ORIENTED_EDGE('',*,*,#2445,.F.);
#3424=ORIENTED_EDGE('',*,*,#2446,.F.);
#3425=ORIENTED_EDGE('',*,*,#2447,.F.);
#3426=ORIENTED_EDGE('',*,*,#2448,.F.);
#3427=ORIENTED_EDGE('',*,*,#2449,.F.);
#3428=ORIENTED_EDGE('',*,*,#2450,.F.);
#3429=ORIENTED_EDGE('',*,*,#2449,.T.);
#3430=ORIENTED_EDGE('',*,*,#2451,.T.);
#3431=ORIENTED_EDGE('',*,*,#2442,.T.);
#3432=ORIENTED_EDGE('',*,*,#2452,.T.);
#3433=ORIENTED_EDGE('',*,*,#2417,.T.);
#3434=ORIENTED_EDGE('',*,*,#2453,.T.);
#3435=ORIENTED_EDGE('',*,*,#2450,.T.);
#3436=ORIENTED_EDGE('',*,*,#2454,.T.);
#3437=ORIENTED_EDGE('',*,*,#2455,.F.);
#3438=ORIENTED_EDGE('',*,*,#2456,.F.);
#3439=ORIENTED_EDGE('',*,*,#2457,.F.);
#3440=ORIENTED_EDGE('',*,*,#2440,.T.);
#3441=ORIENTED_EDGE('',*,*,#2458,.T.);
#3442=ORIENTED_EDGE('',*,*,#2456,.T.);
#3443=ORIENTED_EDGE('',*,*,#2459,.T.);
#3444=ORIENTED_EDGE('',*,*,#2460,.F.);
#3445=ORIENTED_EDGE('',*,*,#2461,.F.);
#3446=ORIENTED_EDGE('',*,*,#2462,.F.);
#3447=ORIENTED_EDGE('',*,*,#2457,.T.);
#3448=ORIENTED_EDGE('',*,*,#2463,.T.);
#3449=ORIENTED_EDGE('',*,*,#2461,.T.);
#3450=ORIENTED_EDGE('',*,*,#2464,.T.);
#3451=ORIENTED_EDGE('',*,*,#2462,.T.);
#3452=ORIENTED_EDGE('',*,*,#2465,.T.);
#3453=ORIENTED_EDGE('',*,*,#2448,.T.);
#3454=ORIENTED_EDGE('',*,*,#2466,.T.);
#3455=ORIENTED_EDGE('',*,*,#2415,.T.);
#3456=ORIENTED_EDGE('',*,*,#2467,.T.);
#3457=ORIENTED_EDGE('',*,*,#2460,.T.);
#3458=ORIENTED_EDGE('',*,*,#2468,.T.);
#3459=ORIENTED_EDGE('',*,*,#2455,.T.);
#3460=ORIENTED_EDGE('',*,*,#2469,.T.);
#3461=ORIENTED_EDGE('',*,*,#2446,.T.);
#3462=ORIENTED_EDGE('',*,*,#2470,.T.);
#3463=ORIENTED_EDGE('',*,*,#2437,.T.);
#3464=ORIENTED_EDGE('',*,*,#2471,.T.);
#3465=ORIENTED_EDGE('',*,*,#2447,.T.);
#3466=ORIENTED_EDGE('',*,*,#2472,.T.);
#3467=ORIENTED_EDGE('',*,*,#2445,.T.);
#3468=ORIENTED_EDGE('',*,*,#2473,.T.);
#3469=ORIENTED_EDGE('',*,*,#2430,.T.);
#3470=ORIENTED_EDGE('',*,*,#2474,.T.);
#3471=ORIENTED_EDGE('',*,*,#2475,.T.);
#3472=ORIENTED_EDGE('',*,*,#2476,.T.);
#3473=ORIENTED_EDGE('',*,*,#2435,.T.);
#3474=ORIENTED_EDGE('',*,*,#2477,.T.);
#3475=ORIENTED_EDGE('',*,*,#2478,.T.);
#3476=ORIENTED_EDGE('',*,*,#2479,.T.);
#3477=ORIENTED_EDGE('',*,*,#2427,.T.);
#3478=ORIENTED_EDGE('',*,*,#2480,.T.);
#3479=ORIENTED_EDGE('',*,*,#2468,.F.);
#3480=ORIENTED_EDGE('',*,*,#2466,.F.);
#3481=ORIENTED_EDGE('',*,*,#2453,.F.);
#3482=ORIENTED_EDGE('',*,*,#2416,.T.);
#3483=ORIENTED_EDGE('',*,*,#2398,.F.);
#3484=ORIENTED_EDGE('',*,*,#2418,.T.);
#3485=ORIENTED_EDGE('',*,*,#2454,.F.);
#3486=ORIENTED_EDGE('',*,*,#2452,.F.);
#3487=ORIENTED_EDGE('',*,*,#2443,.F.);
#3488=ORIENTED_EDGE('',*,*,#2434,.F.);
#3489=ORIENTED_EDGE('',*,*,#2479,.F.);
#3490=ORIENTED_EDGE('',*,*,#2481,.T.);
#3491=ORIENTED_EDGE('',*,*,#2407,.F.);
#3492=ORIENTED_EDGE('',*,*,#2403,.F.);
#3493=ORIENTED_EDGE('',*,*,#2410,.F.);
#3494=ORIENTED_EDGE('',*,*,#2400,.F.);
#3495=ORIENTED_EDGE('',*,*,#2433,.F.);
#3496=ORIENTED_EDGE('',*,*,#2473,.F.);
#3497=ORIENTED_EDGE('',*,*,#2471,.F.);
#3498=ORIENTED_EDGE('',*,*,#2438,.F.);
#3499=ORIENTED_EDGE('',*,*,#2444,.F.);
#3500=ORIENTED_EDGE('',*,*,#2459,.F.);
#3501=ORIENTED_EDGE('',*,*,#2470,.F.);
#3502=ORIENTED_EDGE('',*,*,#2474,.F.);
#3503=ORIENTED_EDGE('',*,*,#2451,.F.);
#3504=ORIENTED_EDGE('',*,*,#2465,.F.);
#3505=ORIENTED_EDGE('',*,*,#2463,.F.);
#3506=ORIENTED_EDGE('',*,*,#2458,.F.);
#3507=ORIENTED_EDGE('',*,*,#2482,.T.);
#3508=ORIENTED_EDGE('',*,*,#2483,.T.);
#3509=ORIENTED_EDGE('',*,*,#2426,.T.);
#3510=ORIENTED_EDGE('',*,*,#2484,.T.);
#3511=ORIENTED_EDGE('',*,*,#2485,.T.);
#3512=ORIENTED_EDGE('',*,*,#2413,.T.);
#3513=ORIENTED_EDGE('',*,*,#2420,.T.);
#3514=ORIENTED_EDGE('',*,*,#2486,.T.);
#3515=ORIENTED_EDGE('',*,*,#2487,.T.);
#3516=ORIENTED_EDGE('',*,*,#2486,.F.);
#3517=ORIENTED_EDGE('',*,*,#2422,.T.);
#3518=ORIENTED_EDGE('',*,*,#2488,.T.);
#3519=ORIENTED_EDGE('',*,*,#2489,.T.);
#3520=ORIENTED_EDGE('',*,*,#2488,.F.);
#3521=ORIENTED_EDGE('',*,*,#2424,.T.);
#3522=ORIENTED_EDGE('',*,*,#2483,.F.);
#3523=ORIENTED_EDGE('',*,*,#2490,.T.);
#3524=ORIENTED_EDGE('',*,*,#2491,.T.);
#3525=ORIENTED_EDGE('',*,*,#2492,.T.);
#3526=ORIENTED_EDGE('',*,*,#2484,.F.);
#3527=ORIENTED_EDGE('',*,*,#2408,.F.);
#3528=ORIENTED_EDGE('',*,*,#2481,.F.);
#3529=ORIENTED_EDGE('',*,*,#2478,.F.);
#3530=ORIENTED_EDGE('',*,*,#2493,.F.);
#3531=ORIENTED_EDGE('',*,*,#2475,.F.);
#3532=ORIENTED_EDGE('',*,*,#2494,.F.);
#3533=ORIENTED_EDGE('',*,*,#2491,.F.);
#3534=ORIENTED_EDGE('',*,*,#2495,.T.);
#3535=ORIENTED_EDGE('',*,*,#2390,.T.);
#3536=ORIENTED_EDGE('',*,*,#2409,.F.);
#3537=ORIENTED_EDGE('',*,*,#2495,.F.);
#3538=ORIENTED_EDGE('',*,*,#2490,.F.);
#3539=ORIENTED_EDGE('',*,*,#2425,.F.);
#3540=ORIENTED_EDGE('',*,*,#2467,.F.);
#3541=ORIENTED_EDGE('',*,*,#2414,.T.);
#3542=ORIENTED_EDGE('',*,*,#2485,.F.);
#3543=ORIENTED_EDGE('',*,*,#2487,.F.);
#3544=ORIENTED_EDGE('',*,*,#2489,.F.);
#3545=ORIENTED_EDGE('',*,*,#2482,.F.);
#3546=ORIENTED_EDGE('',*,*,#2492,.F.);
#3547=ORIENTED_EDGE('',*,*,#2494,.T.);
#3548=ORIENTED_EDGE('',*,*,#2477,.F.);
#3549=ORIENTED_EDGE('',*,*,#2472,.F.);
#3550=ORIENTED_EDGE('',*,*,#2469,.F.);
#3551=ORIENTED_EDGE('',*,*,#2464,.F.);
#3552=ORIENTED_EDGE('',*,*,#2476,.F.);
#3553=ORIENTED_EDGE('',*,*,#2493,.T.);
#3554=ORIENTED_EDGE('',*,*,#2480,.F.);
#3555=ORIENTED_EDGE('',*,*,#2439,.F.);
#3556=CYLINDRICAL_SURFACE('',#3824,1.75);
#3557=CYLINDRICAL_SURFACE('',#3827,1.75);
#3558=CYLINDRICAL_SURFACE('',#3830,8.5);
#3559=CYLINDRICAL_SURFACE('',#3847,7.5);
#3560=CYLINDRICAL_SURFACE('',#3854,7.5);
#3561=CYLINDRICAL_SURFACE('',#3864,1.);
#3562=CYLINDRICAL_SURFACE('',#3865,3.85);
#3563=CYLINDRICAL_SURFACE('',#3867,1.);
#3564=CYLINDRICAL_SURFACE('',#3868,1.);
#3565=CYLINDRICAL_SURFACE('',#3869,3.85);
#3566=CYLINDRICAL_SURFACE('',#3871,1.);
#3567=CYLINDRICAL_SURFACE('',#3882,1.5);
#3568=CYLINDRICAL_SURFACE('',#3883,1.5);
#3569=CYLINDRICAL_SURFACE('',#3884,8.5);
#3570=CYLINDRICAL_SURFACE('',#3987,7.5);
#3571=CYLINDRICAL_SURFACE('',#3993,6.3);
#3572=CYLINDRICAL_SURFACE('',#4002,10.75);
#3573=CYLINDRICAL_SURFACE('',#4007,10.05);
#3574=CYLINDRICAL_SURFACE('',#4019,6.1);
#3575=CYLINDRICAL_SURFACE('',#4022,1.);
#3576=CYLINDRICAL_SURFACE('',#4024,1.);
#3577=CYLINDRICAL_SURFACE('',#4026,3.85);
#3578=CYLINDRICAL_SURFACE('',#4033,1.75);
#3579=CYLINDRICAL_SURFACE('',#4037,3.25);
#3580=CYLINDRICAL_SURFACE('',#4045,7.5);
#3581=CYLINDRICAL_SURFACE('',#4051,6.3);
#3582=CYLINDRICAL_SURFACE('',#4060,10.75);
#3583=CYLINDRICAL_SURFACE('',#4065,10.05);
#3584=CYLINDRICAL_SURFACE('',#4077,6.1);
#3585=CYLINDRICAL_SURFACE('',#4080,1.);
#3586=CYLINDRICAL_SURFACE('',#4085,3.85);
#3587=CYLINDRICAL_SURFACE('',#4086,1.);
#3588=CYLINDRICAL_SURFACE('',#4091,1.75);
#3589=CYLINDRICAL_SURFACE('',#4095,3.25);
#3590=CYLINDRICAL_SURFACE('',#4097,1.5);
#3591=CYLINDRICAL_SURFACE('',#4101,1.5);
#3592=ADVANCED_FACE('',(#235),#3556,.F.);
#3593=ADVANCED_FACE('',(#236),#3557,.F.);
#3594=ADVANCED_FACE('',(#237),#3558,.F.);
#3595=ADVANCED_FACE('',(#238),#72,.T.);
#3596=ADVANCED_FACE('',(#239,#43,#44,#45,#46),#73,.T.);
#3597=ADVANCED_FACE('',(#240),#3559,.T.);
#3598=ADVANCED_FACE('',(#241,#47),#74,.T.);
#3599=ADVANCED_FACE('',(#242),#3560,.T.);
#3600=ADVANCED_FACE('',(#243,#48),#75,.T.);
#3601=ADVANCED_FACE('',(#244),#76,.F.);
#3602=ADVANCED_FACE('',(#245),#77,.F.);
#3603=ADVANCED_FACE('',(#246),#3561,.F.);
#3604=ADVANCED_FACE('',(#247),#3562,.T.);
#3605=ADVANCED_FACE('',(#248),#3563,.F.);
#3606=ADVANCED_FACE('',(#249),#3564,.F.);
#3607=ADVANCED_FACE('',(#250),#3565,.T.);
#3608=ADVANCED_FACE('',(#251),#3566,.F.);
#3609=ADVANCED_FACE('',(#252),#78,.F.);
#3610=ADVANCED_FACE('',(#253),#79,.F.);
#3611=ADVANCED_FACE('',(#254),#31,.T.);
#3612=ADVANCED_FACE('',(#255),#32,.T.);
#3613=ADVANCED_FACE('',(#256,#49),#80,.T.);
#3614=ADVANCED_FACE('',(#257,#50),#81,.T.);
#3615=ADVANCED_FACE('',(#258),#3567,.F.);
#3616=ADVANCED_FACE('',(#259),#3568,.F.);
#3617=ADVANCED_FACE('',(#260),#3569,.F.);
#3618=ADVANCED_FACE('',(#261),#82,.T.);
#3619=ADVANCED_FACE('',(#262,#51),#83,.T.);
#3620=ADVANCED_FACE('',(#263,#52),#84,.T.);
#3621=ADVANCED_FACE('',(#264),#33,.T.);
#3622=ADVANCED_FACE('',(#265),#34,.F.);
#3623=ADVANCED_FACE('',(#266,#53,#54,#55,#56),#85,.T.);
#3624=ADVANCED_FACE('',(#267),#35,.T.);
#3625=ADVANCED_FACE('',(#268),#36,.F.);
#3626=ADVANCED_FACE('',(#269,#57),#86,.T.);
#3627=ADVANCED_FACE('',(#270,#58),#87,.T.);
#3628=ADVANCED_FACE('',(#271),#88,.T.);
#3629=ADVANCED_FACE('',(#272),#89,.F.);
#3630=ADVANCED_FACE('',(#273),#90,.F.);
#3631=ADVANCED_FACE('',(#274),#91,.T.);
#3632=ADVANCED_FACE('',(#275),#92,.F.);
#3633=ADVANCED_FACE('',(#276),#93,.T.);
#3634=ADVANCED_FACE('',(#277),#94,.T.);
#3635=ADVANCED_FACE('',(#278),#95,.F.);
#3636=ADVANCED_FACE('',(#279),#96,.T.);
#3637=ADVANCED_FACE('',(#280),#97,.F.);
#3638=ADVANCED_FACE('',(#281),#98,.T.);
#3639=ADVANCED_FACE('',(#282),#99,.F.);
#3640=ADVANCED_FACE('',(#283),#100,.T.);
#3641=ADVANCED_FACE('',(#284),#101,.F.);
#3642=ADVANCED_FACE('',(#285),#102,.T.);
#3643=ADVANCED_FACE('',(#286),#103,.F.);
#3644=ADVANCED_FACE('',(#287),#104,.T.);
#3645=ADVANCED_FACE('',(#288),#105,.T.);
#3646=ADVANCED_FACE('',(#289),#106,.T.);
#3647=ADVANCED_FACE('',(#290),#107,.T.);
#3648=ADVANCED_FACE('',(#291),#108,.T.);
#3649=ADVANCED_FACE('',(#292),#109,.T.);
#3650=ADVANCED_FACE('',(#293),#110,.T.);
#3651=ADVANCED_FACE('',(#294),#111,.T.);
#3652=ADVANCED_FACE('',(#295),#112,.T.);
#3653=ADVANCED_FACE('',(#296),#113,.F.);
#3654=ADVANCED_FACE('',(#297),#114,.T.);
#3655=ADVANCED_FACE('',(#298),#115,.T.);
#3656=ADVANCED_FACE('',(#299),#116,.F.);
#3657=ADVANCED_FACE('',(#300),#117,.T.);
#3658=ADVANCED_FACE('',(#301),#118,.F.);
#3659=ADVANCED_FACE('',(#302),#119,.F.);
#3660=ADVANCED_FACE('',(#303),#120,.T.);
#3661=ADVANCED_FACE('',(#304),#121,.T.);
#3662=ADVANCED_FACE('',(#305),#122,.F.);
#3663=ADVANCED_FACE('',(#306),#123,.T.);
#3664=ADVANCED_FACE('',(#307),#124,.T.);
#3665=ADVANCED_FACE('',(#308),#125,.T.);
#3666=ADVANCED_FACE('',(#309),#126,.F.);
#3667=ADVANCED_FACE('',(#310),#127,.F.);
#3668=ADVANCED_FACE('',(#311),#128,.F.);
#3669=ADVANCED_FACE('',(#312),#129,.T.);
#3670=ADVANCED_FACE('',(#313),#130,.T.);
#3671=ADVANCED_FACE('',(#314),#131,.T.);
#3672=ADVANCED_FACE('',(#315),#132,.T.);
#3673=ADVANCED_FACE('',(#316),#133,.T.);
#3674=ADVANCED_FACE('',(#317),#134,.F.);
#3675=ADVANCED_FACE('',(#318),#135,.T.);
#3676=ADVANCED_FACE('',(#319),#136,.T.);
#3677=ADVANCED_FACE('',(#320),#137,.T.);
#3678=ADVANCED_FACE('',(#321),#138,.T.);
#3679=ADVANCED_FACE('',(#322),#139,.F.);
#3680=ADVANCED_FACE('',(#323),#140,.T.);
#3681=ADVANCED_FACE('',(#324),#141,.T.);
#3682=ADVANCED_FACE('',(#325),#142,.T.);
#3683=ADVANCED_FACE('',(#326),#143,.T.);
#3684=ADVANCED_FACE('',(#327),#144,.T.);
#3685=ADVANCED_FACE('',(#328),#145,.T.);
#3686=ADVANCED_FACE('',(#329),#146,.T.);
#3687=ADVANCED_FACE('',(#330),#147,.T.);
#3688=ADVANCED_FACE('',(#331),#148,.T.);
#3689=ADVANCED_FACE('',(#332),#149,.T.);
#3690=ADVANCED_FACE('',(#333),#150,.T.);
#3691=ADVANCED_FACE('',(#334,#59),#151,.F.);
#3692=ADVANCED_FACE('',(#335),#152,.F.);
#3693=ADVANCED_FACE('',(#336),#153,.F.);
#3694=ADVANCED_FACE('',(#337),#154,.F.);
#3695=ADVANCED_FACE('',(#338),#155,.F.);
#3696=ADVANCED_FACE('',(#339),#156,.F.);
#3697=ADVANCED_FACE('',(#340),#157,.F.);
#3698=ADVANCED_FACE('',(#341),#158,.F.);
#3699=ADVANCED_FACE('',(#342),#159,.F.);
#3700=ADVANCED_FACE('',(#343),#160,.F.);
#3701=ADVANCED_FACE('',(#344),#161,.T.);
#3702=ADVANCED_FACE('',(#345),#162,.T.);
#3703=ADVANCED_FACE('',(#346),#163,.T.);
#3704=ADVANCED_FACE('',(#347),#164,.F.);
#3705=ADVANCED_FACE('',(#348),#3570,.T.);
#3706=ADVANCED_FACE('',(#349),#165,.F.);
#3707=ADVANCED_FACE('',(#350),#166,.T.);
#3708=ADVANCED_FACE('',(#351),#3571,.F.);
#3709=ADVANCED_FACE('',(#352,#60),#167,.F.);
#3710=ADVANCED_FACE('',(#353),#13,.T.);
#3711=ADVANCED_FACE('',(#354,#61),#168,.T.);
#3712=ADVANCED_FACE('',(#355),#3572,.T.);
#3713=ADVANCED_FACE('',(#356),#37,.F.);
#3714=ADVANCED_FACE('',(#357),#3573,.F.);
#3715=ADVANCED_FACE('',(#358,#62),#169,.F.);
#3716=ADVANCED_FACE('',(#359,#63),#170,.T.);
#3717=ADVANCED_FACE('',(#360),#171,.F.);
#3718=ADVANCED_FACE('',(#361),#3574,.T.);
#3719=ADVANCED_FACE('',(#362),#172,.F.);
#3720=ADVANCED_FACE('',(#363),#3575,.F.);
#3721=ADVANCED_FACE('',(#364),#3576,.F.);
#3722=ADVANCED_FACE('',(#365),#3577,.T.);
#3723=ADVANCED_FACE('',(#366),#173,.T.);
#3724=ADVANCED_FACE('',(#367),#14,.T.);
#3725=ADVANCED_FACE('',(#368),#3578,.F.);
#3726=ADVANCED_FACE('',(#369),#15,.F.);
#3727=ADVANCED_FACE('',(#370),#3579,.F.);
#3728=ADVANCED_FACE('',(#371,#64),#174,.F.);
#3729=ADVANCED_FACE('',(#372),#175,.T.);
#3730=ADVANCED_FACE('',(#373),#176,.F.);
#3731=ADVANCED_FACE('',(#374),#3580,.T.);
#3732=ADVANCED_FACE('',(#375),#177,.F.);
#3733=ADVANCED_FACE('',(#376),#178,.T.);
#3734=ADVANCED_FACE('',(#377),#3581,.F.);
#3735=ADVANCED_FACE('',(#378,#65),#179,.F.);
#3736=ADVANCED_FACE('',(#379),#16,.T.);
#3737=ADVANCED_FACE('',(#380,#66),#180,.T.);
#3738=ADVANCED_FACE('',(#381),#3582,.T.);
#3739=ADVANCED_FACE('',(#382),#38,.F.);
#3740=ADVANCED_FACE('',(#383),#3583,.F.);
#3741=ADVANCED_FACE('',(#384,#67),#181,.F.);
#3742=ADVANCED_FACE('',(#385,#68),#182,.T.);
#3743=ADVANCED_FACE('',(#386),#183,.F.);
#3744=ADVANCED_FACE('',(#387),#3584,.T.);
#3745=ADVANCED_FACE('',(#388),#184,.F.);
#3746=ADVANCED_FACE('',(#389),#3585,.F.);
#3747=ADVANCED_FACE('',(#390),#185,.T.);
#3748=ADVANCED_FACE('',(#391),#3586,.T.);
#3749=ADVANCED_FACE('',(#392),#3587,.F.);
#3750=ADVANCED_FACE('',(#393),#17,.T.);
#3751=ADVANCED_FACE('',(#394),#3588,.F.);
#3752=ADVANCED_FACE('',(#395),#18,.F.);
#3753=ADVANCED_FACE('',(#396),#3589,.F.);
#3754=ADVANCED_FACE('',(#397,#69),#186,.F.);
#3755=ADVANCED_FACE('',(#398),#3590,.F.);
#3756=ADVANCED_FACE('',(#399),#187,.T.);
#3757=ADVANCED_FACE('',(#400),#3591,.F.);
#3758=ADVANCED_FACE('',(#401),#188,.T.);
#3759=ADVANCED_FACE('',(#402),#189,.T.);
#3760=ADVANCED_FACE('',(#403),#190,.T.);
#3761=ADVANCED_FACE('',(#404),#191,.T.);
#3762=ADVANCED_FACE('',(#405),#192,.T.);
#3763=ADVANCED_FACE('',(#406),#193,.T.);
#3764=ADVANCED_FACE('',(#407,#70),#194,.F.);
#3765=ADVANCED_FACE('',(#408),#195,.F.);
#3766=ADVANCED_FACE('',(#409),#196,.F.);
#3767=ADVANCED_FACE('',(#410),#197,.F.);
#3768=ADVANCED_FACE('',(#411),#198,.F.);
#3769=ADVANCED_FACE('',(#412),#199,.T.);
#3770=ADVANCED_FACE('',(#413),#200,.T.);
#3771=ADVANCED_FACE('',(#414),#201,.T.);
#3772=ADVANCED_FACE('',(#415),#202,.T.);
#3773=ADVANCED_FACE('',(#416),#203,.T.);
#3774=ADVANCED_FACE('',(#417),#204,.T.);
#3775=ADVANCED_FACE('',(#418),#205,.T.);
#3776=ADVANCED_FACE('',(#419),#206,.T.);
#3777=ADVANCED_FACE('',(#420),#207,.T.);
#3778=ADVANCED_FACE('',(#421),#208,.T.);
#3779=ADVANCED_FACE('',(#422),#209,.T.);
#3780=ADVANCED_FACE('',(#423),#210,.T.);
#3781=ADVANCED_FACE('',(#424),#211,.T.);
#3782=ADVANCED_FACE('',(#425),#212,.T.);
#3783=ADVANCED_FACE('',(#426),#213,.T.);
#3784=ADVANCED_FACE('',(#427),#214,.T.);
#3785=ADVANCED_FACE('',(#428),#215,.T.);
#3786=ADVANCED_FACE('',(#429),#216,.T.);
#3787=ADVANCED_FACE('',(#430),#217,.T.);
#3788=ADVANCED_FACE('',(#431),#218,.T.);
#3789=ADVANCED_FACE('',(#432),#219,.T.);
#3790=ADVANCED_FACE('',(#433),#220,.T.);
#3791=ADVANCED_FACE('',(#434),#221,.T.);
#3792=ADVANCED_FACE('',(#435),#222,.T.);
#3793=ADVANCED_FACE('',(#436),#223,.T.);
#3794=ADVANCED_FACE('',(#437),#224,.T.);
#3795=ADVANCED_FACE('',(#438),#225,.T.);
#3796=ADVANCED_FACE('',(#439),#226,.T.);
#3797=ADVANCED_FACE('',(#440),#227,.T.);
#3798=ADVANCED_FACE('',(#441),#228,.T.);
#3799=ADVANCED_FACE('',(#442),#229,.T.);
#3800=ADVANCED_FACE('',(#443),#230,.T.);
#3801=ADVANCED_FACE('',(#444,#71),#231,.F.);
#3802=ADVANCED_FACE('',(#445),#232,.F.);
#3803=ADVANCED_FACE('',(#446),#233,.T.);
#3804=ADVANCED_FACE('',(#447),#234,.T.);
#3805=CLOSED_SHELL('',(#3592,#3593,#3594,#3595,#3596,#3597,#3598,#3599,
#3600,#3601,#3602,#3603,#3604,#3605,#3606,#3607,#3608,#3609,#3610,#3611,
#3612,#3613,#3614,#3615,#3616,#3617,#3618,#3619,#3620,#3621,#3622,#3623,
#3624,#3625,#3626,#3627,#3628,#3629,#3630,#3631,#3632,#3633,#3634,#3635,
#3636,#3637,#3638,#3639,#3640,#3641,#3642,#3643,#3644,#3645,#3646,#3647,
#3648,#3649,#3650,#3651,#3652,#3653,#3654,#3655,#3656,#3657,#3658,#3659,
#3660,#3661,#3662,#3663,#3664,#3665,#3666,#3667,#3668,#3669,#3670,#3671,
#3672,#3673,#3674,#3675,#3676,#3677,#3678,#3679,#3680,#3681,#3682,#3683,
#3684,#3685,#3686,#3687,#3688,#3689,#3690,#3691,#3692,#3693,#3694,#3695,
#3696,#3697,#3698,#3699,#3700,#3701,#3702));
#3806=CLOSED_SHELL('',(#3703,#3704,#3705,#3706,#3707,#3708,#3709));
#3807=CLOSED_SHELL('',(#3710,#3711,#3712,#3713,#3714,#3715,#3716,#3717,
#3718,#3719,#3720,#3721,#3722,#3723,#3724,#3725,#3726,#3727,#3728));
#3808=CLOSED_SHELL('',(#3729,#3730,#3731,#3732,#3733,#3734,#3735));
#3809=CLOSED_SHELL('',(#3736,#3737,#3738,#3739,#3740,#3741,#3742,#3743,
#3744,#3745,#3746,#3747,#3748,#3749,#3750,#3751,#3752,#3753,#3754));
#3810=CLOSED_SHELL('',(#3755,#3756,#3757,#3758,#3759,#3760,#3761,#3762,
#3763,#3764,#3765,#3766,#3767,#3768,#3769,#3770,#3771,#3772,#3773,#3774,
#3775,#3776,#3777,#3778,#3779,#3780,#3781,#3782,#3783,#3784,#3785,#3786,
#3787,#3788,#3789,#3790,#3791,#3792,#3793,#3794,#3795,#3796,#3797,#3798,
#3799,#3800,#3801,#3802,#3803,#3804));
#3811=DERIVED_UNIT_ELEMENT(#3813,1.);
#3812=DERIVED_UNIT_ELEMENT(#6352,-3.);
#3813=(
MASS_UNIT()
NAMED_UNIT(*)
SI_UNIT(.KILO.,.GRAM.)
);
#3814=DERIVED_UNIT((#3811,#3812));
#3815=MEASURE_REPRESENTATION_ITEM('density measure',
POSITIVE_RATIO_MEASURE(7850.),#3814);
#3816=PROPERTY_DEFINITION_REPRESENTATION(#3821,#3818);
#3817=PROPERTY_DEFINITION_REPRESENTATION(#3822,#3819);
#3818=REPRESENTATION('material name',(#3820),#6349);
#3819=REPRESENTATION('density',(#3815),#6349);
#3820=DESCRIPTIVE_REPRESENTATION_ITEM('Stahl','Stahl');
#3821=PROPERTY_DEFINITION('material property','material name',#6359);
#3822=PROPERTY_DEFINITION('material property','density of part',#6359);
#3823=AXIS2_PLACEMENT_3D('',#5219,#4151,#4152);
#3824=AXIS2_PLACEMENT_3D('',#5220,#4153,#4154);
#3825=AXIS2_PLACEMENT_3D('',#5222,#4155,#4156);
#3826=AXIS2_PLACEMENT_3D('',#5225,#4158,#4159);
#3827=AXIS2_PLACEMENT_3D('',#5226,#4160,#4161);
#3828=AXIS2_PLACEMENT_3D('',#5228,#4162,#4163);
#3829=AXIS2_PLACEMENT_3D('',#5231,#4165,#4166);
#3830=AXIS2_PLACEMENT_3D('',#5232,#4167,#4168);
#3831=AXIS2_PLACEMENT_3D('',#5234,#4169,#4170);
#3832=AXIS2_PLACEMENT_3D('',#5238,#4172,#4173);
#3833=AXIS2_PLACEMENT_3D('',#5242,#4175,#4176);
#3834=AXIS2_PLACEMENT_3D('',#5245,#4178,#4179);
#3835=AXIS2_PLACEMENT_3D('',#5246,#4180,#4181);
#3836=AXIS2_PLACEMENT_3D('',#5250,#4183,#4184);
#3837=AXIS2_PLACEMENT_3D('',#5252,#4186,#4187);
#3838=AXIS2_PLACEMENT_3D('',#5274,#4198,#4199);
#3839=AXIS2_PLACEMENT_3D('',#5276,#4200,#4201);
#3840=AXIS2_PLACEMENT_3D('',#5278,#4202,#4203);
#3841=AXIS2_PLACEMENT_3D('',#5279,#4204,#4205);
#3842=AXIS2_PLACEMENT_3D('',#5284,#4207,#4208);
#3843=AXIS2_PLACEMENT_3D('',#5286,#4209,#4210);
#3844=AXIS2_PLACEMENT_3D('',#5288,#4211,#4212);
#3845=AXIS2_PLACEMENT_3D('',#5290,#4213,#4214);
#3846=AXIS2_PLACEMENT_3D('',#5293,#4216,#4217);
#3847=AXIS2_PLACEMENT_3D('',#5294,#4218,#4219);
#3848=AXIS2_PLACEMENT_3D('',#5297,#4220,#4221);
#3849=AXIS2_PLACEMENT_3D('',#5300,#4224,#4225);
#3850=AXIS2_PLACEMENT_3D('',#5303,#4226,#4227);
#3851=AXIS2_PLACEMENT_3D('',#5308,#4230,#4231);
#3852=AXIS2_PLACEMENT_3D('',#5309,#4232,#4233);
#3853=AXIS2_PLACEMENT_3D('',#5311,#4234,#4235);
#3854=AXIS2_PLACEMENT_3D('',#5312,#4236,#4237);
#3855=AXIS2_PLACEMENT_3D('',#5315,#4238,#4239);
#3856=AXIS2_PLACEMENT_3D('',#5319,#4241,#4242);
#3857=AXIS2_PLACEMENT_3D('',#5321,#4244,#4245);
#3858=AXIS2_PLACEMENT_3D('',#5324,#4246,#4247);
#3859=AXIS2_PLACEMENT_3D('',#5329,#4250,#4251);
#3860=AXIS2_PLACEMENT_3D('',#5330,#4252,#4253);
#3861=AXIS2_PLACEMENT_3D('',#5332,#4254,#4255);
#3862=AXIS2_PLACEMENT_3D('',#5333,#4256,#4257);
#3863=AXIS2_PLACEMENT_3D('',#5335,#4259,#4260);
#3864=AXIS2_PLACEMENT_3D('',#5337,#4262,#4263);
#3865=AXIS2_PLACEMENT_3D('',#5353,#4265,#4266);
#3866=AXIS2_PLACEMENT_3D('',#5355,#4267,#4268);
#3867=AXIS2_PLACEMENT_3D('',#5357,#4270,#4271);
#3868=AXIS2_PLACEMENT_3D('',#5370,#4272,#4273);
#3869=AXIS2_PLACEMENT_3D('',#5387,#4276,#4277);
#3870=AXIS2_PLACEMENT_3D('',#5389,#4278,#4279);
#3871=AXIS2_PLACEMENT_3D('',#5391,#4281,#4282);
#3872=AXIS2_PLACEMENT_3D('',#5405,#4284,#4285);
#3873=AXIS2_PLACEMENT_3D('',#5409,#4288,#4289);
#3874=AXIS2_PLACEMENT_3D('',#5413,#4292,#4293);
#3875=AXIS2_PLACEMENT_3D('',#5416,#4295,#4296);
#3876=AXIS2_PLACEMENT_3D('',#5417,#4297,#4298);
#3877=AXIS2_PLACEMENT_3D('',#5420,#4300,#4301);
#3878=AXIS2_PLACEMENT_3D('',#5421,#4302,#4303);
#3879=AXIS2_PLACEMENT_3D('',#5423,#4304,#4305);
#3880=AXIS2_PLACEMENT_3D('',#5424,#4306,#4307);
#3881=AXIS2_PLACEMENT_3D('',#5426,#4308,#4309);
#3882=AXIS2_PLACEMENT_3D('',#5427,#4310,#4311);
#3883=AXIS2_PLACEMENT_3D('',#5429,#4313,#4314);
#3884=AXIS2_PLACEMENT_3D('',#5431,#4316,#4317);
#3885=AXIS2_PLACEMENT_3D('',#5433,#4318,#4319);
#3886=AXIS2_PLACEMENT_3D('',#5436,#4321,#4322);
#3887=AXIS2_PLACEMENT_3D('',#5437,#4323,#4324);
#3888=AXIS2_PLACEMENT_3D('',#5438,#4325,#4326);
#3889=AXIS2_PLACEMENT_3D('',#5439,#4327,#4328);
#3890=AXIS2_PLACEMENT_3D('',#5441,#4329,#4330);
#3891=AXIS2_PLACEMENT_3D('',#5442,#4331,#4332);
#3892=AXIS2_PLACEMENT_3D('',#5444,#4333,#4334);
#3893=AXIS2_PLACEMENT_3D('',#5445,#4335,#4336);
#3894=AXIS2_PLACEMENT_3D('',#5448,#4338,#4339);
#3895=AXIS2_PLACEMENT_3D('',#5449,#4340,#4341);
#3896=AXIS2_PLACEMENT_3D('',#5451,#4342,#4343);
#3897=AXIS2_PLACEMENT_3D('',#5454,#4345,#4346);
#3898=AXIS2_PLACEMENT_3D('',#5455,#4347,#4348);
#3899=AXIS2_PLACEMENT_3D('',#5473,#4357,#4358);
#3900=AXIS2_PLACEMENT_3D('',#5474,#4359,#4360);
#3901=AXIS2_PLACEMENT_3D('',#5477,#4362,#4363);
#3902=AXIS2_PLACEMENT_3D('',#5478,#4364,#4365);
#3903=AXIS2_PLACEMENT_3D('',#5481,#4367,#4368);
#3904=AXIS2_PLACEMENT_3D('',#5482,#4369,#4370);
#3905=AXIS2_PLACEMENT_3D('',#5483,#4371,#4372);
#3906=AXIS2_PLACEMENT_3D('',#5484,#4373,#4374);
#3907=AXIS2_PLACEMENT_3D('',#5494,#4380,#4381);
#3908=AXIS2_PLACEMENT_3D('',#5498,#4384,#4385);
#3909=AXIS2_PLACEMENT_3D('',#5502,#4388,#4389);
#3910=AXIS2_PLACEMENT_3D('',#5510,#4394,#4395);
#3911=AXIS2_PLACEMENT_3D('',#5516,#4399,#4400);
#3912=AXIS2_PLACEMENT_3D('',#5522,#4404,#4405);
#3913=AXIS2_PLACEMENT_3D('',#5531,#4410,#4411);
#3914=AXIS2_PLACEMENT_3D('',#5537,#4415,#4416);
#3915=AXIS2_PLACEMENT_3D('',#5543,#4420,#4421);
#3916=AXIS2_PLACEMENT_3D('',#5551,#4426,#4427);
#3917=AXIS2_PLACEMENT_3D('',#5555,#4430,#4431);
#3918=AXIS2_PLACEMENT_3D('',#5563,#4436,#4437);
#3919=AXIS2_PLACEMENT_3D('',#5567,#4440,#4441);
#3920=AXIS2_PLACEMENT_3D('',#5575,#4446,#4447);
#3921=AXIS2_PLACEMENT_3D('',#5579,#4450,#4451);
#3922=AXIS2_PLACEMENT_3D('',#5585,#4455,#4456);
#3923=AXIS2_PLACEMENT_3D('',#5594,#4461,#4462);
#3924=AXIS2_PLACEMENT_3D('',#5600,#4466,#4467);
#3925=AXIS2_PLACEMENT_3D('',#5606,#4471,#4472);
#3926=AXIS2_PLACEMENT_3D('',#5615,#4477,#4478);
#3927=AXIS2_PLACEMENT_3D('',#5621,#4482,#4483);
#3928=AXIS2_PLACEMENT_3D('',#5627,#4487,#4488);
#3929=AXIS2_PLACEMENT_3D('',#5633,#4492,#4493);
#3930=AXIS2_PLACEMENT_3D('',#5639,#4497,#4498);
#3931=AXIS2_PLACEMENT_3D('',#5645,#4502,#4503);
#3932=AXIS2_PLACEMENT_3D('',#5654,#4508,#4509);
#3933=AXIS2_PLACEMENT_3D('',#5660,#4513,#4514);
#3934=AXIS2_PLACEMENT_3D('',#5666,#4518,#4519);
#3935=AXIS2_PLACEMENT_3D('',#5672,#4523,#4524);
#3936=AXIS2_PLACEMENT_3D('',#5678,#4528,#4529);
#3937=AXIS2_PLACEMENT_3D('',#5684,#4533,#4534);
#3938=AXIS2_PLACEMENT_3D('',#5694,#4540,#4541);
#3939=AXIS2_PLACEMENT_3D('',#5704,#4547,#4548);
#3940=AXIS2_PLACEMENT_3D('',#5710,#4552,#4553);
#3941=AXIS2_PLACEMENT_3D('',#5714,#4556,#4557);
#3942=AXIS2_PLACEMENT_3D('',#5720,#4561,#4562);
#3943=AXIS2_PLACEMENT_3D('',#5724,#4565,#4566);
#3944=AXIS2_PLACEMENT_3D('',#5728,#4569,#4570);
#3945=AXIS2_PLACEMENT_3D('',#5734,#4574,#4575);
#3946=AXIS2_PLACEMENT_3D('',#5738,#4578,#4579);
#3947=AXIS2_PLACEMENT_3D('',#5742,#4582,#4583);
#3948=AXIS2_PLACEMENT_3D('',#5747,#4587,#4588);
#3949=AXIS2_PLACEMENT_3D('',#5751,#4591,#4592);
#3950=AXIS2_PLACEMENT_3D('',#5755,#4595,#4596);
#3951=AXIS2_PLACEMENT_3D('',#5759,#4599,#4600);
#3952=AXIS2_PLACEMENT_3D('',#5764,#4604,#4605);
#3953=AXIS2_PLACEMENT_3D('',#5766,#4607,#4608);
#3954=AXIS2_PLACEMENT_3D('',#5772,#4612,#4613);
#3955=AXIS2_PLACEMENT_3D('',#5776,#4616,#4617);
#3956=AXIS2_PLACEMENT_3D('',#5780,#4620,#4621);
#3957=AXIS2_PLACEMENT_3D('',#5786,#4625,#4626);
#3958=AXIS2_PLACEMENT_3D('',#5790,#4629,#4630);
#3959=AXIS2_PLACEMENT_3D('',#5794,#4633,#4634);
#3960=AXIS2_PLACEMENT_3D('',#5800,#4638,#4639);
#3961=AXIS2_PLACEMENT_3D('',#5804,#4642,#4643);
#3962=AXIS2_PLACEMENT_3D('',#5808,#4646,#4647);
#3963=AXIS2_PLACEMENT_3D('',#5812,#4650,#4651);
#3964=AXIS2_PLACEMENT_3D('',#5816,#4654,#4655);
#3965=AXIS2_PLACEMENT_3D('',#5822,#4659,#4660);
#3966=AXIS2_PLACEMENT_3D('',#5826,#4663,#4664);
#3967=AXIS2_PLACEMENT_3D('',#5830,#4667,#4668);
#3968=AXIS2_PLACEMENT_3D('',#5834,#4671,#4672);
#3969=AXIS2_PLACEMENT_3D('',#5838,#4675,#4676);
#3970=AXIS2_PLACEMENT_3D('',#5857,#4687,#4688);
#3971=AXIS2_PLACEMENT_3D('',#5863,#4692,#4693);
#3972=AXIS2_PLACEMENT_3D('',#5866,#4696,#4697);
#3973=AXIS2_PLACEMENT_3D('',#5870,#4700,#4701);
#3974=AXIS2_PLACEMENT_3D('',#5875,#4705,#4706);
#3975=AXIS2_PLACEMENT_3D('',#5879,#4709,#4710);
#3976=AXIS2_PLACEMENT_3D('',#5882,#4713,#4714);
#3977=AXIS2_PLACEMENT_3D('',#5884,#4716,#4717);
#3978=AXIS2_PLACEMENT_3D('',#5885,#4718,#4719);
#3979=AXIS2_PLACEMENT_3D('',#5887,#4721,#4722);
#3980=AXIS2_PLACEMENT_3D('',#5888,#4723,#4724);
#3981=AXIS2_PLACEMENT_3D('',#5889,#4725,#4726);
#3982=AXIS2_PLACEMENT_3D('',#5892,#4727,#4728);
#3983=AXIS2_PLACEMENT_3D('',#5896,#4730,#4731);
#3984=AXIS2_PLACEMENT_3D('',#5898,#4732,#4733);
#3985=AXIS2_PLACEMENT_3D('',#5901,#4735,#4736);
#3986=AXIS2_PLACEMENT_3D('',#5902,#4737,#4738);
#3987=AXIS2_PLACEMENT_3D('',#5908,#4742,#4743);
#3988=AXIS2_PLACEMENT_3D('',#5910,#4744,#4745);
#3989=AXIS2_PLACEMENT_3D('',#5914,#4748,#4749);
#3990=AXIS2_PLACEMENT_3D('',#5915,#4750,#4751);
#3991=AXIS2_PLACEMENT_3D('',#5919,#4754,#4755);
#3992=AXIS2_PLACEMENT_3D('',#5920,#4756,#4757);
#3993=AXIS2_PLACEMENT_3D('',#5921,#4758,#4759);
#3994=AXIS2_PLACEMENT_3D('',#5923,#4760,#4761);
#3995=AXIS2_PLACEMENT_3D('',#5925,#4763,#4764);
#3996=AXIS2_PLACEMENT_3D('',#5926,#4765,#4766);
#3997=AXIS2_PLACEMENT_3D('',#5928,#4767,#4768);
#3998=AXIS2_PLACEMENT_3D('',#5930,#4769,#4770);
#3999=AXIS2_PLACEMENT_3D('',#5931,#4771,#4772);
#4000=AXIS2_PLACEMENT_3D('',#5932,#4773,#4774);
#4001=AXIS2_PLACEMENT_3D('',#5934,#4775,#4776);
#4002=AXIS2_PLACEMENT_3D('',#5935,#4777,#4778);
#4003=AXIS2_PLACEMENT_3D('',#5938,#4780,#4781);
#4004=AXIS2_PLACEMENT_3D('',#5939,#4782,#4783);
#4005=AXIS2_PLACEMENT_3D('',#5941,#4784,#4785);
#4006=AXIS2_PLACEMENT_3D('',#5944,#4787,#4788);
#4007=AXIS2_PLACEMENT_3D('',#5945,#4789,#4790);
#4008=AXIS2_PLACEMENT_3D('',#5948,#4792,#4793);
#4009=AXIS2_PLACEMENT_3D('',#5949,#4794,#4795);
#4010=AXIS2_PLACEMENT_3D('',#5951,#4796,#4797);
#4011=AXIS2_PLACEMENT_3D('',#5952,#4798,#4799);
#4012=AXIS2_PLACEMENT_3D('',#5957,#4801,#4802);
#4013=AXIS2_PLACEMENT_3D('',#5959,#4803,#4804);
#4014=AXIS2_PLACEMENT_3D('',#5963,#4806,#4807);
#4015=AXIS2_PLACEMENT_3D('',#5965,#4808,#4809);
#4016=AXIS2_PLACEMENT_3D('',#5966,#4810,#4811);
#4017=AXIS2_PLACEMENT_3D('',#5968,#4812,#4813);
#4018=AXIS2_PLACEMENT_3D('',#5969,#4814,#4815);
#4019=AXIS2_PLACEMENT_3D('',#5975,#4819,#4820);
#4020=AXIS2_PLACEMENT_3D('',#5979,#4823,#4824);
#4021=AXIS2_PLACEMENT_3D('',#5980,#4825,#4826);
#4022=AXIS2_PLACEMENT_3D('',#5984,#4829,#4830);
#4023=AXIS2_PLACEMENT_3D('',#5986,#4831,#4832);
#4024=AXIS2_PLACEMENT_3D('',#5988,#4834,#4835);
#4025=AXIS2_PLACEMENT_3D('',#5991,#4837,#4838);
#4026=AXIS2_PLACEMENT_3D('',#5992,#4839,#4840);
#4027=AXIS2_PLACEMENT_3D('',#5993,#4841,#4842);
#4028=AXIS2_PLACEMENT_3D('',#5994,#4843,#4844);
#4029=AXIS2_PLACEMENT_3D('',#5995,#4845,#4846);
#4030=AXIS2_PLACEMENT_3D('',#5997,#4847,#4848);
#4031=AXIS2_PLACEMENT_3D('',#5999,#4849,#4850);
#4032=AXIS2_PLACEMENT_3D('',#6000,#4851,#4852);
#4033=AXIS2_PLACEMENT_3D('',#6001,#4853,#4854);
#4034=AXIS2_PLACEMENT_3D('',#6003,#4856,#4857);
#4035=AXIS2_PLACEMENT_3D('',#6005,#4858,#4859);
#4036=AXIS2_PLACEMENT_3D('',#6006,#4860,#4861);
#4037=AXIS2_PLACEMENT_3D('',#6007,#4862,#4863);
#4038=AXIS2_PLACEMENT_3D('',#6009,#4865,#4866);
#4039=AXIS2_PLACEMENT_3D('',#6010,#4867,#4868);
#4040=AXIS2_PLACEMENT_3D('',#6013,#4869,#4870);
#4041=AXIS2_PLACEMENT_3D('',#6017,#4872,#4873);
#4042=AXIS2_PLACEMENT_3D('',#6019,#4874,#4875);
#4043=AXIS2_PLACEMENT_3D('',#6022,#4877,#4878);
#4044=AXIS2_PLACEMENT_3D('',#6023,#4879,#4880);
#4045=AXIS2_PLACEMENT_3D('',#6029,#4884,#4885);
#4046=AXIS2_PLACEMENT_3D('',#6031,#4886,#4887);
#4047=AXIS2_PLACEMENT_3D('',#6035,#4890,#4891);
#4048=AXIS2_PLACEMENT_3D('',#6036,#4892,#4893);
#4049=AXIS2_PLACEMENT_3D('',#6040,#4896,#4897);
#4050=AXIS2_PLACEMENT_3D('',#6041,#4898,#4899);
#4051=AXIS2_PLACEMENT_3D('',#6042,#4900,#4901);
#4052=AXIS2_PLACEMENT_3D('',#6044,#4902,#4903);
#4053=AXIS2_PLACEMENT_3D('',#6046,#4905,#4906);
#4054=AXIS2_PLACEMENT_3D('',#6047,#4907,#4908);
#4055=AXIS2_PLACEMENT_3D('',#6049,#4909,#4910);
#4056=AXIS2_PLACEMENT_3D('',#6051,#4911,#4912);
#4057=AXIS2_PLACEMENT_3D('',#6052,#4913,#4914);
#4058=AXIS2_PLACEMENT_3D('',#6053,#4915,#4916);
#4059=AXIS2_PLACEMENT_3D('',#6055,#4917,#4918);
#4060=AXIS2_PLACEMENT_3D('',#6056,#4919,#4920);
#4061=AXIS2_PLACEMENT_3D('',#6059,#4922,#4923);
#4062=AXIS2_PLACEMENT_3D('',#6060,#4924,#4925);
#4063=AXIS2_PLACEMENT_3D('',#6062,#4926,#4927);
#4064=AXIS2_PLACEMENT_3D('',#6065,#4929,#4930);
#4065=AXIS2_PLACEMENT_3D('',#6066,#4931,#4932);
#4066=AXIS2_PLACEMENT_3D('',#6069,#4934,#4935);
#4067=AXIS2_PLACEMENT_3D('',#6070,#4936,#4937);
#4068=AXIS2_PLACEMENT_3D('',#6072,#4938,#4939);
#4069=AXIS2_PLACEMENT_3D('',#6073,#4940,#4941);
#4070=AXIS2_PLACEMENT_3D('',#6078,#4943,#4944);
#4071=AXIS2_PLACEMENT_3D('',#6080,#4945,#4946);
#4072=AXIS2_PLACEMENT_3D('',#6084,#4948,#4949);
#4073=AXIS2_PLACEMENT_3D('',#6086,#4950,#4951);
#4074=AXIS2_PLACEMENT_3D('',#6087,#4952,#4953);
#4075=AXIS2_PLACEMENT_3D('',#6089,#4954,#4955);
#4076=AXIS2_PLACEMENT_3D('',#6090,#4956,#4957);
#4077=AXIS2_PLACEMENT_3D('',#6096,#4961,#4962);
#4078=AXIS2_PLACEMENT_3D('',#6100,#4965,#4966);
#4079=AXIS2_PLACEMENT_3D('',#6101,#4967,#4968);
#4080=AXIS2_PLACEMENT_3D('',#6105,#4971,#4972);
#4081=AXIS2_PLACEMENT_3D('',#6108,#4974,#4975);
#4082=AXIS2_PLACEMENT_3D('',#6109,#4976,#4977);
#4083=AXIS2_PLACEMENT_3D('',#6111,#4978,#4979);
#4084=AXIS2_PLACEMENT_3D('',#6112,#4980,#4981);
#4085=AXIS2_PLACEMENT_3D('',#6113,#4982,#4983);
#4086=AXIS2_PLACEMENT_3D('',#6115,#4985,#4986);
#4087=AXIS2_PLACEMENT_3D('',#6116,#4987,#4988);
#4088=AXIS2_PLACEMENT_3D('',#6118,#4989,#4990);
#4089=AXIS2_PLACEMENT_3D('',#6120,#4991,#4992);
#4090=AXIS2_PLACEMENT_3D('',#6121,#4993,#4994);
#4091=AXIS2_PLACEMENT_3D('',#6122,#4995,#4996);
#4092=AXIS2_PLACEMENT_3D('',#6124,#4998,#4999);
#4093=AXIS2_PLACEMENT_3D('',#6126,#5000,#5001);
#4094=AXIS2_PLACEMENT_3D('',#6127,#5002,#5003);
#4095=AXIS2_PLACEMENT_3D('',#6128,#5004,#5005);
#4096=AXIS2_PLACEMENT_3D('',#6130,#5007,#5008);
#4097=AXIS2_PLACEMENT_3D('',#6131,#5009,#5010);
#4098=AXIS2_PLACEMENT_3D('',#6133,#5011,#5012);
#4099=AXIS2_PLACEMENT_3D('',#6136,#5014,#5015);
#4100=AXIS2_PLACEMENT_3D('',#6137,#5016,#5017);
#4101=AXIS2_PLACEMENT_3D('',#6138,#5018,#5019);
#4102=AXIS2_PLACEMENT_3D('',#6140,#5020,#5021);
#4103=AXIS2_PLACEMENT_3D('',#6143,#5023,#5024);
#4104=AXIS2_PLACEMENT_3D('',#6144,#5025,#5026);
#4105=AXIS2_PLACEMENT_3D('',#6145,#5027,#5028);
#4106=AXIS2_PLACEMENT_3D('',#6154,#5033,#5034);
#4107=AXIS2_PLACEMENT_3D('',#6160,#5038,#5039);
#4108=AXIS2_PLACEMENT_3D('',#6169,#5044,#5045);
#4109=AXIS2_PLACEMENT_3D('',#6175,#5049,#5050);
#4110=AXIS2_PLACEMENT_3D('',#6178,#5053,#5054);
#4111=AXIS2_PLACEMENT_3D('',#6192,#5062,#5063);
#4112=AXIS2_PLACEMENT_3D('',#6196,#5066,#5067);
#4113=AXIS2_PLACEMENT_3D('',#6200,#5070,#5071);
#4114=AXIS2_PLACEMENT_3D('',#6204,#5074,#5075);
#4115=AXIS2_PLACEMENT_3D('',#6208,#5078,#5079);
#4116=AXIS2_PLACEMENT_3D('',#6215,#5083,#5084);
#4117=AXIS2_PLACEMENT_3D('',#6222,#5088,#5089);
#4118=AXIS2_PLACEMENT_3D('',#6225,#5092,#5093);
#4119=AXIS2_PLACEMENT_3D('',#6232,#5097,#5098);
#4120=AXIS2_PLACEMENT_3D('',#6235,#5101,#5102);
#4121=AXIS2_PLACEMENT_3D('',#6242,#5106,#5107);
#4122=AXIS2_PLACEMENT_3D('',#6245,#5110,#5111);
#4123=AXIS2_PLACEMENT_3D('',#6252,#5115,#5116);
#4124=AXIS2_PLACEMENT_3D('',#6259,#5120,#5121);
#4125=AXIS2_PLACEMENT_3D('',#6262,#5124,#5125);
#4126=AXIS2_PLACEMENT_3D('',#6265,#5128,#5129);
#4127=AXIS2_PLACEMENT_3D('',#6272,#5133,#5134);
#4128=AXIS2_PLACEMENT_3D('',#6275,#5137,#5138);
#4129=AXIS2_PLACEMENT_3D('',#6282,#5142,#5143);
#4130=AXIS2_PLACEMENT_3D('',#6285,#5146,#5147);
#4131=AXIS2_PLACEMENT_3D('',#6288,#5150,#5151);
#4132=AXIS2_PLACEMENT_3D('',#6291,#5154,#5155);
#4133=AXIS2_PLACEMENT_3D('',#6294,#5158,#5159);
#4134=AXIS2_PLACEMENT_3D('',#6297,#5162,#5163);
#4135=AXIS2_PLACEMENT_3D('',#6300,#5166,#5167);
#4136=AXIS2_PLACEMENT_3D('',#6306,#5171,#5172);
#4137=AXIS2_PLACEMENT_3D('',#6312,#5176,#5177);
#4138=AXIS2_PLACEMENT_3D('',#6313,#5178,#5179);
#4139=AXIS2_PLACEMENT_3D('',#6315,#5181,#5182);
#4140=AXIS2_PLACEMENT_3D('',#6316,#5183,#5184);
#4141=AXIS2_PLACEMENT_3D('',#6317,#5185,#5186);
#4142=AXIS2_PLACEMENT_3D('',#6318,#5187,#5188);
#4143=AXIS2_PLACEMENT_3D('',#6324,#5192,#5193);
#4144=AXIS2_PLACEMENT_3D('',#6328,#5196,#5197);
#4145=AXIS2_PLACEMENT_3D('',#6332,#5200,#5201);
#4146=AXIS2_PLACEMENT_3D('',#6334,#5203,#5204);
#4147=AXIS2_PLACEMENT_3D('',#6340,#5208,#5209);
#4148=AXIS2_PLACEMENT_3D('',#6344,#5213,#5214);
#4149=AXIS2_PLACEMENT_3D('',#6345,#5215,#5216);
#4150=AXIS2_PLACEMENT_3D('',#6346,#5217,#5218);
#4151=DIRECTION('axis',(0.,0.,1.));
#4152=DIRECTION('refdir',(1.,0.,0.));
#4153=DIRECTION('center_axis',(0.,0.,1.));
#4154=DIRECTION('ref_axis',(1.,0.,0.));
#4155=DIRECTION('center_axis',(0.,0.,1.));
#4156=DIRECTION('ref_axis',(1.,0.,0.));
#4157=DIRECTION('',(0.,0.,1.));
#4158=DIRECTION('center_axis',(0.,0.,-1.));
#4159=DIRECTION('ref_axis',(1.,0.,0.));
#4160=DIRECTION('center_axis',(0.,0.,1.));
#4161=DIRECTION('ref_axis',(1.,0.,0.));
#4162=DIRECTION('center_axis',(0.,0.,1.));
#4163=DIRECTION('ref_axis',(1.,0.,0.));
#4164=DIRECTION('',(0.,0.,1.));
#4165=DIRECTION('center_axis',(0.,0.,-1.));
#4166=DIRECTION('ref_axis',(1.,0.,0.));
#4167=DIRECTION('center_axis',(0.,0.,-1.));
#4168=DIRECTION('ref_axis',(-1.,0.,0.));
#4169=DIRECTION('center_axis',(0.,0.,-1.));
#4170=DIRECTION('ref_axis',(-1.,0.,0.));
#4171=DIRECTION('',(0.,0.,-1.));
#4172=DIRECTION('center_axis',(0.,0.,-1.));
#4173=DIRECTION('ref_axis',(-1.,0.,0.));
#4174=DIRECTION('',(0.,0.,-1.));
#4175=DIRECTION('center_axis',(0.,0.,1.));
#4176=DIRECTION('ref_axis',(-1.,0.,0.));
#4177=DIRECTION('',(0.,0.,-1.));
#4178=DIRECTION('center_axis',(0.,0.,-1.));
#4179=DIRECTION('ref_axis',(-1.,0.,0.));
#4180=DIRECTION('center_axis',(0.,0.,1.));
#4181=DIRECTION('ref_axis',(-1.,0.,0.));
#4182=DIRECTION('',(0.,-1.,0.));
#4183=DIRECTION('center_axis',(0.,0.,-1.));
#4184=DIRECTION('ref_axis',(-1.,0.,0.));
#4185=DIRECTION('',(0.,1.,0.));
#4186=DIRECTION('center_axis',(0.,0.,-1.));
#4187=DIRECTION('ref_axis',(-1.,0.,0.));
#4188=DIRECTION('',(0.,1.,0.));
#4189=DIRECTION('',(-0.707106781186548,-0.707106781186548,0.));
#4190=DIRECTION('',(1.,0.,0.));
#4191=DIRECTION('',(-0.707106781186548,0.707106781186548,0.));
#4192=DIRECTION('',(0.,-1.,0.));
#4193=DIRECTION('',(0.707106781186548,0.707106781186548,0.));
#4194=DIRECTION('',(-1.,0.,0.));
#4195=DIRECTION('',(0.707106781186548,-0.707106781186548,0.));
#4196=DIRECTION('',(0.,1.,0.));
#4197=DIRECTION('',(0.,-1.,0.));
#4198=DIRECTION('center_axis',(0.,0.,1.));
#4199=DIRECTION('ref_axis',(0.515463969756646,-0.856911253212793,0.));
#4200=DIRECTION('center_axis',(0.,0.,-1.));
#4201=DIRECTION('ref_axis',(1.,0.,0.));
#4202=DIRECTION('center_axis',(0.,0.,-1.));
#4203=DIRECTION('ref_axis',(1.,0.,0.));
#4204=DIRECTION('center_axis',(0.,0.,1.));
#4205=DIRECTION('ref_axis',(1.,0.,0.));
#4206=DIRECTION('',(-1.79268471920637E-15,-1.,0.));
#4207=DIRECTION('center_axis',(0.,0.,1.));
#4208=DIRECTION('ref_axis',(0.515463917525773,-0.856911284631602,0.));
#4209=DIRECTION('center_axis',(0.,0.,-1.));
#4210=DIRECTION('ref_axis',(1.,0.,0.));
#4211=DIRECTION('center_axis',(0.,0.,-1.));
#4212=DIRECTION('ref_axis',(1.,0.,0.));
#4213=DIRECTION('center_axis',(0.,0.,1.));
#4214=DIRECTION('ref_axis',(1.,0.,0.));
#4215=DIRECTION('',(0.,1.,0.));
#4216=DIRECTION('center_axis',(0.,0.,1.));
#4217=DIRECTION('ref_axis',(-1.,0.,0.));
#4218=DIRECTION('center_axis',(0.,0.,1.));
#4219=DIRECTION('ref_axis',(-6.12323399573676E-17,-1.,0.));
#4220=DIRECTION('center_axis',(0.,0.,-1.));
#4221=DIRECTION('ref_axis',(-1.,0.,0.));
#4222=DIRECTION('',(0.,0.,1.));
#4223=DIRECTION('',(0.,0.,1.));
#4224=DIRECTION('center_axis',(0.,0.,1.));
#4225=DIRECTION('ref_axis',(1.,0.,0.));
#4226=DIRECTION('center_axis',(0.,0.,1.));
#4227=DIRECTION('ref_axis',(-1.,0.,0.));
#4228=DIRECTION('',(0.,-1.,0.));
#4229=DIRECTION('',(0.,1.,0.));
#4230=DIRECTION('center_axis',(0.,0.,1.));
#4231=DIRECTION('ref_axis',(-0.5154638652949,-0.856911316050407,0.));
#4232=DIRECTION('center_axis',(0.,0.,-1.));
#4233=DIRECTION('ref_axis',(0.515463865294899,0.856911316050408,0.));
#4234=DIRECTION('center_axis',(0.,0.,1.));
#4235=DIRECTION('ref_axis',(-1.,0.,0.));
#4236=DIRECTION('center_axis',(0.,0.,1.));
#4237=DIRECTION('ref_axis',(-5.0532154980743E-16,-1.,0.));
#4238=DIRECTION('center_axis',(0.,0.,-1.));
#4239=DIRECTION('ref_axis',(-1.,0.,0.));
#4240=DIRECTION('',(0.,0.,1.));
#4241=DIRECTION('center_axis',(0.,0.,-1.));
#4242=DIRECTION('ref_axis',(-1.,0.,0.));
#4243=DIRECTION('',(0.,0.,1.));
#4244=DIRECTION('center_axis',(0.,0.,1.));
#4245=DIRECTION('ref_axis',(1.,0.,0.));
#4246=DIRECTION('center_axis',(0.,0.,1.));
#4247=DIRECTION('ref_axis',(-1.,-1.11022302462516E-15,0.));
#4248=DIRECTION('',(-1.79268471920637E-15,-1.,0.));
#4249=DIRECTION('',(-8.96342359603186E-16,1.,0.));
#4250=DIRECTION('center_axis',(0.,0.,1.));
#4251=DIRECTION('ref_axis',(-0.515463917525771,-0.856911284631604,0.));
#4252=DIRECTION('center_axis',(0.,0.,-1.));
#4253=DIRECTION('ref_axis',(0.515463917525773,0.856911284631602,0.));
#4254=DIRECTION('center_axis',(0.,0.,1.));
#4255=DIRECTION('ref_axis',(-1.,0.,0.));
#4256=DIRECTION('center_axis',(1.,0.,0.));
#4257=DIRECTION('ref_axis',(0.,-1.,0.));
#4258=DIRECTION('',(0.,0.,-1.));
#4259=DIRECTION('center_axis',(-1.,0.,0.));
#4260=DIRECTION('ref_axis',(0.,1.,0.));
#4261=DIRECTION('',(0.,0.,-1.));
#4262=DIRECTION('center_axis',(0.,0.,-1.));
#4263=DIRECTION('ref_axis',(0.515463969756646,-0.856911253212793,0.));
#4264=DIRECTION('',(0.,0.,-1.));
#4265=DIRECTION('center_axis',(0.,0.,-1.));
#4266=DIRECTION('ref_axis',(-0.515463969756647,0.856911253212792,0.));
#4267=DIRECTION('center_axis',(0.,0.,-1.));
#4268=DIRECTION('ref_axis',(-0.515463969756647,0.856911253212792,0.));
#4269=DIRECTION('',(0.,0.,-1.));
#4270=DIRECTION('center_axis',(0.,0.,-1.));
#4271=DIRECTION('ref_axis',(1.,0.,0.));
#4272=DIRECTION('center_axis',(0.,0.,-1.));
#4273=DIRECTION('ref_axis',(0.515463917525773,-0.856911284631602,0.));
#4274=DIRECTION('',(0.,0.,-1.));
#4275=DIRECTION('',(0.,0.,-1.));
#4276=DIRECTION('center_axis',(0.,0.,-1.));
#4277=DIRECTION('ref_axis',(-0.515463917525773,0.856911284631603,0.));
#4278=DIRECTION('center_axis',(0.,0.,-1.));
#4279=DIRECTION('ref_axis',(-0.515463917525773,0.856911284631603,0.));
#4280=DIRECTION('',(0.,0.,-1.));
#4281=DIRECTION('center_axis',(0.,0.,-1.));
#4282=DIRECTION('ref_axis',(1.,0.,0.));
#4283=DIRECTION('',(0.,0.,-1.));
#4284=DIRECTION('center_axis',(-1.,1.79268471920637E-15,0.));
#4285=DIRECTION('ref_axis',(1.79268471920637E-15,1.,0.));
#4286=DIRECTION('',(0.,0.,-1.));
#4287=DIRECTION('',(0.,1.,0.));
#4288=DIRECTION('center_axis',(1.,0.,0.));
#4289=DIRECTION('ref_axis',(0.,-1.,0.));
#4290=DIRECTION('',(4.36313815139815E-16,-1.,0.));
#4291=DIRECTION('',(0.,0.,-1.));
#4292=DIRECTION('center_axis',(0.,0.,1.));
#4293=DIRECTION('ref_axis',(1.,0.,0.));
#4294=DIRECTION('',(0.707106781186547,8.65956056235493E-17,-0.707106781186548));
#4295=DIRECTION('center_axis',(0.,0.,-1.));
#4296=DIRECTION('ref_axis',(1.,0.,0.));
#4297=DIRECTION('center_axis',(0.,0.,1.));
#4298=DIRECTION('ref_axis',(1.,0.,0.));
#4299=DIRECTION('',(0.707106781186548,8.65956056235493E-17,-0.707106781186548));
#4300=DIRECTION('center_axis',(0.,0.,-1.));
#4301=DIRECTION('ref_axis',(1.,0.,0.));
#4302=DIRECTION('center_axis',(0.,0.,-1.));
#4303=DIRECTION('ref_axis',(1.,0.,0.));
#4304=DIRECTION('center_axis',(0.,0.,1.));
#4305=DIRECTION('ref_axis',(1.,0.,0.));
#4306=DIRECTION('center_axis',(0.,0.,-1.));
#4307=DIRECTION('ref_axis',(1.,0.,0.));
#4308=DIRECTION('center_axis',(0.,0.,1.));
#4309=DIRECTION('ref_axis',(1.,0.,0.));
#4310=DIRECTION('center_axis',(0.,0.,1.));
#4311=DIRECTION('ref_axis',(1.,0.,0.));
#4312=DIRECTION('',(0.,0.,1.));
#4313=DIRECTION('center_axis',(0.,0.,1.));
#4314=DIRECTION('ref_axis',(1.,0.,0.));
#4315=DIRECTION('',(0.,0.,1.));
#4316=DIRECTION('center_axis',(0.,0.,-1.));
#4317=DIRECTION('ref_axis',(-1.,0.,0.));
#4318=DIRECTION('center_axis',(0.,0.,-1.));
#4319=DIRECTION('ref_axis',(-1.,0.,0.));
#4320=DIRECTION('',(0.,0.,-1.));
#4321=DIRECTION('center_axis',(0.,0.,-1.));
#4322=DIRECTION('ref_axis',(-1.,0.,0.));
#4323=DIRECTION('center_axis',(0.,0.,-1.));
#4324=DIRECTION('ref_axis',(-1.,0.,0.));
#4325=DIRECTION('center_axis',(0.,0.,1.));
#4326=DIRECTION('ref_axis',(-1.,0.,0.));
#4327=DIRECTION('center_axis',(0.,0.,1.));
#4328=DIRECTION('ref_axis',(1.,0.,0.));
#4329=DIRECTION('center_axis',(0.,0.,-1.));
#4330=DIRECTION('ref_axis',(-1.,0.,0.));
#4331=DIRECTION('center_axis',(0.,0.,1.));
#4332=DIRECTION('ref_axis',(1.,0.,0.));
#4333=DIRECTION('center_axis',(0.,0.,-1.));
#4334=DIRECTION('ref_axis',(-1.,0.,0.));
#4335=DIRECTION('center_axis',(0.,0.,-1.));
#4336=DIRECTION('ref_axis',(-1.,0.,0.));
#4337=DIRECTION('',(0.124034734589208,1.51898740697766E-17,-0.992277876713668));
#4338=DIRECTION('center_axis',(0.,0.,1.));
#4339=DIRECTION('ref_axis',(-1.,0.,0.));
#4340=DIRECTION('center_axis',(0.,0.,1.));
#4341=DIRECTION('ref_axis',(-1.,0.,0.));
#4342=DIRECTION('center_axis',(0.,0.,1.));
#4343=DIRECTION('ref_axis',(-1.,0.,0.));
#4344=DIRECTION('',(-0.124034734589208,-1.51898740697765E-17,-0.992277876713668));
#4345=DIRECTION('center_axis',(0.,0.,-1.));
#4346=DIRECTION('ref_axis',(-1.,0.,0.));
#4347=DIRECTION('center_axis',(0.,0.,1.));
#4348=DIRECTION('ref_axis',(1.,0.,0.));
#4349=DIRECTION('',(-0.707106781186547,-0.707106781186548,0.));
#4350=DIRECTION('',(0.,-1.,0.));
#4351=DIRECTION('',(0.707106781186548,-0.707106781186547,0.));
#4352=DIRECTION('',(1.,0.,0.));
#4353=DIRECTION('',(0.707106781186547,0.707106781186548,0.));
#4354=DIRECTION('',(0.,1.,0.));
#4355=DIRECTION('',(-0.707106781186548,0.707106781186547,0.));
#4356=DIRECTION('',(-1.,0.,0.));
#4357=DIRECTION('center_axis',(0.,0.,1.));
#4358=DIRECTION('ref_axis',(-1.,0.,0.));
#4359=DIRECTION('center_axis',(0.,0.,-1.));
#4360=DIRECTION('ref_axis',(-1.,0.,0.));
#4361=DIRECTION('',(0.124034734589208,1.51898740697765E-17,-0.992277876713668));
#4362=DIRECTION('center_axis',(0.,0.,1.));
#4363=DIRECTION('ref_axis',(-1.,0.,0.));
#4364=DIRECTION('center_axis',(0.,0.,1.));
#4365=DIRECTION('ref_axis',(-1.,0.,0.));
#4366=DIRECTION('',(-0.124034734589208,-1.51898740697765E-17,-0.992277876713668));
#4367=DIRECTION('center_axis',(0.,0.,-1.));
#4368=DIRECTION('ref_axis',(-1.,0.,0.));
#4369=DIRECTION('center_axis',(0.,0.,1.));
#4370=DIRECTION('ref_axis',(-1.,0.,0.));
#4371=DIRECTION('center_axis',(0.,0.,1.));
#4372=DIRECTION('ref_axis',(-1.,0.,0.));
#4373=DIRECTION('center_axis',(-0.577350269189626,-0.577350269189626,-0.577350269189626));
#4374=DIRECTION('ref_axis',(-0.707106781186548,3.05311331771918E-16,0.707106781186547));
#4375=DIRECTION('',(1.92296268638356E-16,-0.707106781186548,0.707106781186548));
#4376=DIRECTION('',(-0.707106781186548,0.,0.707106781186547));
#4377=DIRECTION('',(-0.707106781186548,0.707106781186548,-4.80740671595891E-16));
#4378=DIRECTION('',(0.,0.707106781186547,-0.707106781186548));
#4379=DIRECTION('',(0.707106781186548,2.88444402957534E-16,-0.707106781186548));
#4380=DIRECTION('center_axis',(0.707106781186548,0.,0.707106781186548));
#4381=DIRECTION('ref_axis',(0.707106781186547,0.,-0.707106781186547));
#4382=DIRECTION('',(0.,1.,0.));
#4383=DIRECTION('',(-0.707106781186548,-1.92296268638356E-16,0.707106781186548));
#4384=DIRECTION('center_axis',(0.,0.707106781186548,0.707106781186548));
#4385=DIRECTION('ref_axis',(1.,0.,0.));
#4386=DIRECTION('',(-2.88444402957534E-16,0.707106781186548,-0.707106781186548));
#4387=DIRECTION('',(-1.,0.,0.));
#4388=DIRECTION('center_axis',(0.577350269189626,-0.577350269189626,-0.577350269189626));
#4389=DIRECTION('ref_axis',(-0.707106781186547,3.05311331771918E-16,-0.707106781186548));
#4390=DIRECTION('',(0.707106781186548,1.92296268638356E-16,0.707106781186548));
#4391=DIRECTION('',(0.,-0.707106781186548,0.707106781186547));
#4392=DIRECTION('',(-0.707106781186548,-0.707106781186548,-4.80740671595891E-16));
#4393=DIRECTION('',(-0.707106781186547,0.,-0.707106781186548));
#4394=DIRECTION('center_axis',(0.,-0.707106781186548,0.707106781186548));
#4395=DIRECTION('ref_axis',(1.,0.,0.));
#4396=DIRECTION('',(2.88444402957534E-16,-0.707106781186548,-0.707106781186548));
#4397=DIRECTION('',(1.,0.,0.));
#4398=DIRECTION('',(-1.92296268638356E-16,0.707106781186548,0.707106781186548));
#4399=DIRECTION('center_axis',(0.,-0.707106781186548,0.707106781186548));
#4400=DIRECTION('ref_axis',(1.,0.,0.));
#4401=DIRECTION('',(0.,0.707106781186548,0.707106781186548));
#4402=DIRECTION('',(0.,-0.707106781186548,-0.707106781186548));
#4403=DIRECTION('',(1.,0.,0.));
#4404=DIRECTION('center_axis',(0.499999999999992,-0.707106781186547,-0.500000000000009));
#4405=DIRECTION('ref_axis',(-0.70710678118656,-3.60822483003176E-16,-0.707106781186535));
#4406=DIRECTION('',(-6.79869977755236E-15,-0.577350269189637,0.816496580927718));
#4407=DIRECTION('',(0.707106781186559,0.,0.707106781186535));
#4408=DIRECTION('',(0.,-0.577350269189633,0.816496580927721));
#4409=DIRECTION('',(-0.70710678118656,0.,-0.707106781186535));
#4410=DIRECTION('center_axis',(-0.707106781186535,0.,0.70710678118656));
#4411=DIRECTION('ref_axis',(0.70710678118656,0.,0.707106781186535));
#4412=DIRECTION('',(0.70710678118656,0.,0.707106781186535));
#4413=DIRECTION('',(0.,-1.,0.));
#4414=DIRECTION('',(0.,1.,0.));
#4415=DIRECTION('center_axis',(0.499999999999992,0.707106781186547,-0.500000000000009));
#4416=DIRECTION('ref_axis',(-0.70710678118656,3.60822483003176E-16,-0.707106781186535));
#4417=DIRECTION('',(6.79869977755236E-15,-0.577350269189637,-0.816496580927718));
#4418=DIRECTION('',(0.,-0.577350269189633,-0.816496580927721));
#4419=DIRECTION('',(-0.707106781186559,0.,-0.707106781186535));
#4420=DIRECTION('center_axis',(-0.577350269189626,0.577350269189626,-0.577350269189626));
#4421=DIRECTION('ref_axis',(-0.707106781186547,3.05311331771918E-16,0.707106781186548));
#4422=DIRECTION('',(0.707106781186548,0.,-0.707106781186548));
#4423=DIRECTION('',(0.707106781186547,0.,-0.707106781186548));
#4424=DIRECTION('',(-0.707106781186548,-0.707106781186548,0.));
#4425=DIRECTION('',(0.,0.707106781186548,0.707106781186547));
#4426=DIRECTION('center_axis',(0.707106781186548,0.,0.707106781186548));
#4427=DIRECTION('ref_axis',(0.707106781186547,0.,-0.707106781186547));
#4428=DIRECTION('',(-0.707106781186548,0.,0.707106781186548));
#4429=DIRECTION('',(0.,1.,0.));
#4430=DIRECTION('center_axis',(-0.577350269189626,-0.577350269189626,-0.577350269189626));
#4431=DIRECTION('ref_axis',(-0.707106781186548,3.05311331771918E-16,0.707106781186547));
#4432=DIRECTION('',(0.,0.707106781186548,-0.707106781186548));
#4433=DIRECTION('',(0.,0.707106781186547,-0.707106781186548));
#4434=DIRECTION('',(0.707106781186548,-0.707106781186548,0.));
#4435=DIRECTION('',(-0.707106781186548,0.,0.707106781186547));
#4436=DIRECTION('center_axis',(0.,0.707106781186548,0.707106781186548));
#4437=DIRECTION('ref_axis',(1.,0.,0.));
#4438=DIRECTION('',(0.,-0.707106781186548,0.707106781186548));
#4439=DIRECTION('',(-1.,0.,0.));
#4440=DIRECTION('center_axis',(0.577350269189626,-0.577350269189626,-0.577350269189626));
#4441=DIRECTION('ref_axis',(-0.707106781186547,3.05311331771918E-16,-0.707106781186548));
#4442=DIRECTION('',(-0.707106781186547,0.,-0.707106781186548));
#4443=DIRECTION('',(0.707106781186548,0.707106781186548,0.));
#4444=DIRECTION('',(0.,-0.707106781186548,0.707106781186547));
#4445=DIRECTION('',(-0.707106781186548,0.,-0.707106781186548));
#4446=DIRECTION('center_axis',(-0.707106781186548,0.,0.707106781186548));
#4447=DIRECTION('ref_axis',(0.707106781186547,0.,0.707106781186547));
#4448=DIRECTION('',(0.707106781186548,0.,0.707106781186548));
#4449=DIRECTION('',(0.,-1.,0.));
#4450=DIRECTION('center_axis',(0.577350269189626,0.577350269189626,-0.577350269189626));
#4451=DIRECTION('ref_axis',(-0.707106781186548,3.05311331771918E-16,-0.707106781186547));
#4452=DIRECTION('',(0.,-0.707106781186547,-0.707106781186548));
#4453=DIRECTION('',(-0.707106781186548,0.707106781186548,0.));
#4454=DIRECTION('',(0.707106781186548,0.,0.707106781186547));
#4455=DIRECTION('center_axis',(-0.499999999999991,0.707106781186548,-0.500000000000009));
#4456=DIRECTION('ref_axis',(-0.70710678118656,1.66533453693773E-16,0.707106781186535));
#4457=DIRECTION('',(6.79869977755238E-15,0.577350269189635,0.816496580927719));
#4458=DIRECTION('',(-0.70710678118656,0.,0.707106781186535));
#4459=DIRECTION('',(0.,0.577350269189632,0.816496580927722));
#4460=DIRECTION('',(0.70710678118656,0.,-0.707106781186535));
#4461=DIRECTION('center_axis',(-0.707106781186535,0.,-0.70710678118656));
#4462=DIRECTION('ref_axis',(-0.70710678118656,0.,0.707106781186535));
#4463=DIRECTION('',(-0.70710678118656,0.,0.707106781186535));
#4464=DIRECTION('',(0.,1.,0.));
#4465=DIRECTION('',(0.,-1.,0.));
#4466=DIRECTION('center_axis',(-0.499999999999991,-0.707106781186548,-0.500000000000009));
#4467=DIRECTION('ref_axis',(-0.70710678118656,-1.66533453693773E-16,0.707106781186535));
#4468=DIRECTION('',(-6.79869977755238E-15,0.577350269189635,-0.816496580927719));
#4469=DIRECTION('',(0.,0.577350269189632,-0.816496580927722));
#4470=DIRECTION('',(0.70710678118656,0.,-0.707106781186535));
#4471=DIRECTION('center_axis',(0.707106781186562,0.,0.707106781186533));
#4472=DIRECTION('ref_axis',(0.707106781186533,0.,-0.707106781186562));
#4473=DIRECTION('',(0.,-1.,0.));
#4474=DIRECTION('',(-0.707106781186533,0.,0.707106781186562));
#4475=DIRECTION('',(0.,-1.,0.));
#4476=DIRECTION('',(0.707106781186533,0.,-0.707106781186562));
#4477=DIRECTION('center_axis',(0.923879532511163,0.,-0.38268343236539));
#4478=DIRECTION('ref_axis',(-0.38268343236539,0.,-0.923879532511163));
#4479=DIRECTION('',(0.38268343236539,0.,0.923879532511163));
#4480=DIRECTION('',(-0.38268343236539,0.,-0.923879532511163));
#4481=DIRECTION('',(0.,1.,0.));
#4482=DIRECTION('center_axis',(-5.99775319216899E-13,0.,-1.));
#4483=DIRECTION('ref_axis',(-1.,0.,5.99775319216899E-13));
#4484=DIRECTION('',(1.,0.,-5.99775319216899E-13));
#4485=DIRECTION('',(0.,1.,0.));
#4486=DIRECTION('',(-1.,0.,5.99775319216899E-13));
#4487=DIRECTION('center_axis',(-0.707106781186535,0.,-0.70710678118656));
#4488=DIRECTION('ref_axis',(-0.70710678118656,0.,0.707106781186535));
#4489=DIRECTION('',(0.,-1.,0.));
#4490=DIRECTION('',(-0.70710678118656,0.,0.707106781186535));
#4491=DIRECTION('',(0.70710678118656,0.,-0.707106781186535));
#4492=DIRECTION('center_axis',(-1.,0.,-6.28036983473517E-15));
#4493=DIRECTION('ref_axis',(-6.28036983473517E-15,0.,1.));
#4494=DIRECTION('',(6.28036983473517E-15,0.,-1.));
#4495=DIRECTION('',(-6.28036983473517E-15,0.,1.));
#4496=DIRECTION('',(0.,1.,0.));
#4497=DIRECTION('center_axis',(-0.707106781186546,0.,0.707106781186549));
#4498=DIRECTION('ref_axis',(0.707106781186549,0.,0.707106781186546));
#4499=DIRECTION('',(0.,-1.,0.));
#4500=DIRECTION('',(0.707106781186549,0.,0.707106781186546));
#4501=DIRECTION('',(-0.707106781186549,0.,-0.707106781186546));
#4502=DIRECTION('center_axis',(0.707106781186562,0.,-0.707106781186533));
#4503=DIRECTION('ref_axis',(-0.707106781186533,0.,-0.707106781186562));
#4504=DIRECTION('',(0.,1.,0.));
#4505=DIRECTION('',(0.707106781186533,0.,0.707106781186562));
#4506=DIRECTION('',(0.,1.,0.));
#4507=DIRECTION('',(-0.707106781186533,0.,-0.707106781186562));
#4508=DIRECTION('center_axis',(-0.923879532511166,0.,-0.382683432365382));
#4509=DIRECTION('ref_axis',(-0.382683432365382,0.,0.923879532511166));
#4510=DIRECTION('',(0.382683432365383,0.,-0.923879532511165));
#4511=DIRECTION('',(0.,-1.,0.));
#4512=DIRECTION('',(-0.382683432365383,0.,0.923879532511165));
#4513=DIRECTION('center_axis',(-5.99775319216899E-13,0.,-1.));
#4514=DIRECTION('ref_axis',(-1.,0.,5.99775319216899E-13));
#4515=DIRECTION('',(1.,0.,-5.99775319216899E-13));
#4516=DIRECTION('',(0.,1.,0.));
#4517=DIRECTION('',(-1.,0.,5.99775319216899E-13));
#4518=DIRECTION('center_axis',(-0.707106781186535,0.,0.70710678118656));
#4519=DIRECTION('ref_axis',(0.70710678118656,0.,0.707106781186535));
#4520=DIRECTION('',(0.,1.,0.));
#4521=DIRECTION('',(-0.70710678118656,0.,-0.707106781186535));
#4522=DIRECTION('',(0.70710678118656,0.,0.707106781186535));
#4523=DIRECTION('center_axis',(1.,0.,-6.28036983473517E-15));
#4524=DIRECTION('ref_axis',(-6.28036983473517E-15,0.,-1.));
#4525=DIRECTION('',(6.28036983473517E-15,0.,1.));
#4526=DIRECTION('',(0.,-1.,0.));
#4527=DIRECTION('',(-6.28036983473517E-15,0.,-1.));
#4528=DIRECTION('center_axis',(-0.707106781186546,0.,-0.707106781186549));
#4529=DIRECTION('ref_axis',(-0.707106781186549,0.,0.707106781186546));
#4530=DIRECTION('',(0.,1.,0.));
#4531=DIRECTION('',(0.707106781186549,0.,-0.707106781186546));
#4532=DIRECTION('',(-0.707106781186549,0.,0.707106781186546));
#4533=DIRECTION('center_axis',(-1.,0.,0.));
#4534=DIRECTION('ref_axis',(0.,0.,1.));
#4535=DIRECTION('',(0.,0.,-1.));
#4536=DIRECTION('',(0.,0.577350269189634,-0.81649658092772));
#4537=DIRECTION('',(0.,1.,0.));
#4538=DIRECTION('',(0.,0.577350269189633,0.816496580927721));
#4539=DIRECTION('',(0.,0.,1.));
#4540=DIRECTION('center_axis',(-1.,0.,0.));
#4541=DIRECTION('ref_axis',(0.,0.,1.));
#4542=DIRECTION('',(0.,0.,-1.));
#4543=DIRECTION('',(0.,-0.577350269189633,-0.816496580927721));
#4544=DIRECTION('',(0.,-1.,0.));
#4545=DIRECTION('',(0.,-0.577350269189634,0.81649658092772));
#4546=DIRECTION('',(0.,0.,1.));
#4547=DIRECTION('center_axis',(-1.,0.,8.32667268468848E-15));
#4548=DIRECTION('ref_axis',(8.32667268468848E-15,0.,1.));
#4549=DIRECTION('',(8.32667268468848E-15,0.,1.));
#4550=DIRECTION('',(0.,1.,0.));
#4551=DIRECTION('',(-8.32667268468848E-15,0.,-1.));
#4552=DIRECTION('center_axis',(0.,-1.,0.));
#4553=DIRECTION('ref_axis',(0.,0.,-1.));
#4554=DIRECTION('',(1.,0.,0.));
#4555=DIRECTION('',(0.,0.,-1.));
#4556=DIRECTION('center_axis',(-0.707106781186548,-0.707106781186548,0.));
#4557=DIRECTION('ref_axis',(0.,0.,1.));
#4558=DIRECTION('',(0.707106781186548,-0.707106781186548,0.));
#4559=DIRECTION('',(0.,0.,1.));
#4560=DIRECTION('',(0.,0.,-1.));
#4561=DIRECTION('center_axis',(0.,-1.,0.));
#4562=DIRECTION('ref_axis',(1.,0.,0.));
#4563=DIRECTION('',(-1.,0.,0.));
#4564=DIRECTION('',(0.,0.,-1.));
#4565=DIRECTION('center_axis',(0.707106781186548,-0.707106781186548,0.));
#4566=DIRECTION('ref_axis',(0.,0.,-1.));
#4567=DIRECTION('',(0.707106781186548,0.707106781186548,0.));
#4568=DIRECTION('',(0.,0.,1.));
#4569=DIRECTION('center_axis',(0.,-1.,0.));
#4570=DIRECTION('ref_axis',(0.,0.,-1.));
#4571=DIRECTION('',(0.,0.,1.));
#4572=DIRECTION('',(1.,0.,0.));
#4573=DIRECTION('',(8.32667268468848E-15,0.,-1.));
#4574=DIRECTION('center_axis',(-1.,0.,-8.32667268468848E-15));
#4575=DIRECTION('ref_axis',(-8.32667268468848E-15,0.,1.));
#4576=DIRECTION('',(0.,-1.,0.));
#4577=DIRECTION('',(-8.32667268468848E-15,0.,1.));
#4578=DIRECTION('center_axis',(0.,1.,0.));
#4579=DIRECTION('ref_axis',(0.,0.,1.));
#4580=DIRECTION('',(-1.,0.,0.));
#4581=DIRECTION('',(0.,0.,-1.));
#4582=DIRECTION('center_axis',(1.,0.,0.));
#4583=DIRECTION('ref_axis',(0.,1.,0.));
#4584=DIRECTION('',(0.,-1.,0.));
#4585=DIRECTION('',(0.,0.,-1.));
#4586=DIRECTION('',(0.,-1.,0.));
#4587=DIRECTION('center_axis',(0.707106781186548,0.707106781186548,0.));
#4588=DIRECTION('ref_axis',(0.,0.,-1.));
#4589=DIRECTION('',(-0.707106781186548,0.707106781186548,0.));
#4590=DIRECTION('',(0.,0.,1.));
#4591=DIRECTION('center_axis',(0.,1.,0.));
#4592=DIRECTION('ref_axis',(-1.,0.,0.));
#4593=DIRECTION('',(0.,0.,-1.));
#4594=DIRECTION('',(1.,0.,0.));
#4595=DIRECTION('center_axis',(-0.707106781186548,0.707106781186548,0.));
#4596=DIRECTION('ref_axis',(0.,0.,1.));
#4597=DIRECTION('',(-0.707106781186548,-0.707106781186548,0.));
#4598=DIRECTION('',(0.,0.,1.));
#4599=DIRECTION('center_axis',(-1.,0.,0.));
#4600=DIRECTION('ref_axis',(0.,-1.,0.));
#4601=DIRECTION('',(0.,0.,1.));
#4602=DIRECTION('',(0.,1.,0.));
#4603=DIRECTION('',(0.,1.,0.));
#4604=DIRECTION('center_axis',(0.,1.,0.));
#4605=DIRECTION('ref_axis',(0.,0.,1.));
#4606=DIRECTION('',(-1.,0.,0.));
#4607=DIRECTION('center_axis',(0.,1.,0.));
#4608=DIRECTION('ref_axis',(0.,0.,1.));
#4609=DIRECTION('',(0.,0.,-1.));
#4610=DIRECTION('',(1.,0.,0.));
#4611=DIRECTION('',(0.70710678118656,0.,0.707106781186535));
#4612=DIRECTION('center_axis',(0.707106781186535,0.,-0.70710678118656));
#4613=DIRECTION('ref_axis',(-0.70710678118656,0.,-0.707106781186535));
#4614=DIRECTION('',(0.,-1.,0.));
#4615=DIRECTION('',(-0.70710678118656,0.,-0.707106781186535));
#4616=DIRECTION('center_axis',(0.,-1.,0.));
#4617=DIRECTION('ref_axis',(0.,0.,-1.));
#4618=DIRECTION('',(-1.,0.,0.));
#4619=DIRECTION('',(0.,0.,1.));
#4620=DIRECTION('center_axis',(0.,-1.,0.));
#4621=DIRECTION('ref_axis',(0.,0.,-1.));
#4622=DIRECTION('',(-1.,0.,0.));
#4623=DIRECTION('',(-0.70710678118656,0.,0.707106781186535));
#4624=DIRECTION('',(0.,0.,-1.));
#4625=DIRECTION('center_axis',(0.707106781186535,0.,0.70710678118656));
#4626=DIRECTION('ref_axis',(0.70710678118656,0.,-0.707106781186535));
#4627=DIRECTION('',(0.,1.,0.));
#4628=DIRECTION('',(0.70710678118656,0.,-0.707106781186535));
#4629=DIRECTION('center_axis',(0.,1.,0.));
#4630=DIRECTION('ref_axis',(0.,0.,1.));
#4631=DIRECTION('',(0.,0.,1.));
#4632=DIRECTION('',(1.,0.,0.));
#4633=DIRECTION('center_axis',(0.707106781186548,0.707106781186548,0.));
#4634=DIRECTION('ref_axis',(0.,0.,-1.));
#4635=DIRECTION('',(-0.707106781186548,0.707106781186548,0.));
#4636=DIRECTION('',(0.,0.,-1.));
#4637=DIRECTION('',(-0.689897948556635,0.689897948556635,0.219275263435464));
#4638=DIRECTION('center_axis',(0.707106781186546,0.577350269189623,0.408248290463869));
#4639=DIRECTION('ref_axis',(0.500000000000006,1.66533453693774E-16,-0.866025403784435));
#4640=DIRECTION('',(0.,0.577350269189634,-0.81649658092772));
#4641=DIRECTION('',(-0.664023331817194,0.343723769333435,0.664023331817194));
#4642=DIRECTION('center_axis',(0.707106781186548,0.,0.707106781186548));
#4643=DIRECTION('ref_axis',(0.707106781186547,0.,-0.707106781186547));
#4644=DIRECTION('',(0.,1.,0.));
#4645=DIRECTION('',(-0.664023331817195,-0.343723769333434,0.664023331817195));
#4646=DIRECTION('center_axis',(0.707106781186546,-0.577350269189624,0.408248290463869));
#4647=DIRECTION('ref_axis',(0.500000000000006,3.05311331771918E-16,-0.866025403784435));
#4648=DIRECTION('',(0.,0.577350269189633,0.816496580927721));
#4649=DIRECTION('',(-0.689897948556636,-0.689897948556636,0.219275263435461));
#4650=DIRECTION('center_axis',(0.707106781186548,-0.707106781186548,0.));
#4651=DIRECTION('ref_axis',(0.,0.,-1.));
#4652=DIRECTION('',(0.,0.,1.));
#4653=DIRECTION('',(0.707106781186548,0.707106781186548,0.));
#4654=DIRECTION('center_axis',(-0.707106781186546,-0.577350269189623,0.408248290463869));
#4655=DIRECTION('ref_axis',(0.500000000000006,1.66533453693774E-16,0.866025403784435));
#4656=DIRECTION('',(0.,-0.577350269189633,-0.816496580927721));
#4657=DIRECTION('',(0.664023331817194,-0.343723769333435,0.664023331817194));
#4658=DIRECTION('',(0.689897948556635,-0.689897948556635,0.219275263435464));
#4659=DIRECTION('center_axis',(-0.707106781186548,0.,0.707106781186548));
#4660=DIRECTION('ref_axis',(0.707106781186547,0.,0.707106781186547));
#4661=DIRECTION('',(0.,-1.,0.));
#4662=DIRECTION('',(0.664023331817195,0.343723769333434,0.664023331817195));
#4663=DIRECTION('center_axis',(-0.707106781186546,0.577350269189623,0.408248290463869));
#4664=DIRECTION('ref_axis',(0.500000000000006,-1.66533453693774E-16,0.866025403784435));
#4665=DIRECTION('',(0.,-0.577350269189634,0.81649658092772));
#4666=DIRECTION('',(0.689897948556635,0.689897948556635,0.219275263435464));
#4667=DIRECTION('center_axis',(-0.707106781186548,0.707106781186548,0.));
#4668=DIRECTION('ref_axis',(0.,0.,1.));
#4669=DIRECTION('',(0.,0.,1.));
#4670=DIRECTION('',(-0.707106781186548,-0.707106781186548,0.));
#4671=DIRECTION('center_axis',(-0.707106781186548,-0.707106781186548,0.));
#4672=DIRECTION('ref_axis',(0.,0.,1.));
#4673=DIRECTION('',(0.707106781186548,-0.707106781186548,0.));
#4674=DIRECTION('',(0.,0.,-1.));
#4675=DIRECTION('center_axis',(0.,0.,1.));
#4676=DIRECTION('ref_axis',(1.,0.,0.));
#4677=DIRECTION('',(0.,-1.,0.));
#4678=DIRECTION('',(0.707106781186548,-0.707106781186548,0.));
#4679=DIRECTION('',(1.,0.,0.));
#4680=DIRECTION('',(0.707106781186548,0.707106781186548,0.));
#4681=DIRECTION('',(0.,1.,0.));
#4682=DIRECTION('',(0.,1.,0.));
#4683=DIRECTION('',(-0.707106781186548,0.707106781186548,0.));
#4684=DIRECTION('',(-1.,0.,0.));
#4685=DIRECTION('',(-0.707106781186548,-0.707106781186548,0.));
#4686=DIRECTION('',(0.,-1.,0.));
#4687=DIRECTION('center_axis',(-0.707106781186548,-0.707106781186548,0.));
#4688=DIRECTION('ref_axis',(0.,0.,1.));
#4689=DIRECTION('',(0.,0.,-1.));
#4690=DIRECTION('',(0.707106781186548,-0.707106781186548,-4.80740671595891E-16));
#4691=DIRECTION('',(0.,0.,1.));
#4692=DIRECTION('center_axis',(-0.707106781186548,0.707106781186548,0.));
#4693=DIRECTION('ref_axis',(0.,0.,1.));
#4694=DIRECTION('',(0.,0.,-1.));
#4695=DIRECTION('',(0.,0.,1.));
#4696=DIRECTION('center_axis',(-1.,0.,0.));
#4697=DIRECTION('ref_axis',(0.,-1.,0.));
#4698=DIRECTION('',(0.,-1.,0.));
#4699=DIRECTION('',(0.,-0.707106781186547,-0.707106781186548));
#4700=DIRECTION('center_axis',(0.,-1.,0.));
#4701=DIRECTION('ref_axis',(1.,0.,0.));
#4702=DIRECTION('',(0.707106781186548,0.,0.707106781186547));
#4703=DIRECTION('',(0.707106781186547,0.,-0.707106781186548));
#4704=DIRECTION('',(0.,0.,-1.));
#4705=DIRECTION('center_axis',(0.707106781186548,-0.707106781186548,0.));
#4706=DIRECTION('ref_axis',(0.,0.,-1.));
#4707=DIRECTION('',(0.707106781186548,0.707106781186548,-4.80740671595891E-16));
#4708=DIRECTION('',(0.,0.,1.));
#4709=DIRECTION('center_axis',(1.,0.,0.));
#4710=DIRECTION('ref_axis',(0.,1.,0.));
#4711=DIRECTION('',(0.,0.707106781186548,0.707106781186547));
#4712=DIRECTION('',(0.,0.,-1.));
#4713=DIRECTION('center_axis',(0.707106781186548,0.707106781186548,0.));
#4714=DIRECTION('ref_axis',(0.,0.,-1.));
#4715=DIRECTION('',(0.,0.,1.));
#4716=DIRECTION('center_axis',(0.,1.,0.));
#4717=DIRECTION('ref_axis',(-1.,0.,0.));
#4718=DIRECTION('center_axis',(-0.707106781186548,0.,0.707106781186548));
#4719=DIRECTION('ref_axis',(0.707106781186547,0.,0.707106781186547));
#4720=DIRECTION('',(-0.707106781186548,-2.88444402957534E-16,-0.707106781186548));
#4721=DIRECTION('center_axis',(0.577350269189626,0.577350269189626,-0.577350269189626));
#4722=DIRECTION('ref_axis',(-0.707106781186548,3.05311331771918E-16,-0.707106781186547));
#4723=DIRECTION('center_axis',(-0.577350269189626,0.577350269189626,-0.577350269189626));
#4724=DIRECTION('ref_axis',(-0.707106781186547,3.05311331771918E-16,0.707106781186548));
#4725=DIRECTION('center_axis',(0.,0.,-1.));
#4726=DIRECTION('ref_axis',(1.,0.,0.));
#4727=DIRECTION('center_axis',(0.,0.,1.));
#4728=DIRECTION('ref_axis',(-1.,0.,0.));
#4729=DIRECTION('',(0.,1.,0.));
#4730=DIRECTION('center_axis',(0.,0.,-1.));
#4731=DIRECTION('ref_axis',(-1.,0.,0.));
#4732=DIRECTION('center_axis',(0.,0.,-1.));
#4733=DIRECTION('ref_axis',(-1.,0.,0.));
#4734=DIRECTION('',(0.,-1.,0.));
#4735=DIRECTION('center_axis',(0.,0.,1.));
#4736=DIRECTION('ref_axis',(-1.,0.,0.));
#4737=DIRECTION('center_axis',(-1.,0.,0.));
#4738=DIRECTION('ref_axis',(0.,-1.,0.));
#4739=DIRECTION('',(0.,0.,-1.));
#4740=DIRECTION('',(0.,-1.,0.));
#4741=DIRECTION('',(0.,0.,1.));
#4742=DIRECTION('center_axis',(0.,0.,1.));
#4743=DIRECTION('ref_axis',(-1.,0.,0.));
#4744=DIRECTION('center_axis',(0.,0.,-1.));
#4745=DIRECTION('ref_axis',(-1.,0.,0.));
#4746=DIRECTION('',(0.,0.,-1.));
#4747=DIRECTION('',(0.,0.,1.));
#4748=DIRECTION('center_axis',(0.,0.,1.));
#4749=DIRECTION('ref_axis',(-1.,0.,0.));
#4750=DIRECTION('center_axis',(1.,0.,0.));
#4751=DIRECTION('ref_axis',(0.,1.,0.));
#4752=DIRECTION('',(0.,0.,-1.));
#4753=DIRECTION('',(0.,1.,0.));
#4754=DIRECTION('center_axis',(0.,0.,-1.));
#4755=DIRECTION('ref_axis',(1.,0.,0.));
#4756=DIRECTION('center_axis',(0.,0.,-1.));
#4757=DIRECTION('ref_axis',(-1.,0.,0.));
#4758=DIRECTION('center_axis',(0.,0.,-1.));
#4759=DIRECTION('ref_axis',(-1.,0.,0.));
#4760=DIRECTION('center_axis',(0.,0.,-1.));
#4761=DIRECTION('ref_axis',(-1.,0.,0.));
#4762=DIRECTION('',(0.,0.,-1.));
#4763=DIRECTION('center_axis',(0.,0.,-1.));
#4764=DIRECTION('ref_axis',(-1.,0.,0.));
#4765=DIRECTION('center_axis',(0.,0.,-1.));
#4766=DIRECTION('ref_axis',(-1.,0.,0.));
#4767=DIRECTION('center_axis',(0.,0.,1.));
#4768=DIRECTION('ref_axis',(-1.,0.,0.));
#4769=DIRECTION('center_axis',(-1.03276560430247E-16,-1.,0.));
#4770=DIRECTION('ref_axis',(1.,-1.03276560430247E-16,0.));
#4771=DIRECTION('center_axis',(0.,0.,-1.));
#4772=DIRECTION('ref_axis',(-1.,0.,0.));
#4773=DIRECTION('center_axis',(0.,0.,1.));
#4774=DIRECTION('ref_axis',(-1.,0.,0.));
#4775=DIRECTION('center_axis',(0.,0.,-1.));
#4776=DIRECTION('ref_axis',(-1.,0.,0.));
#4777=DIRECTION('center_axis',(0.,0.,1.));
#4778=DIRECTION('ref_axis',(-1.,0.,0.));
#4779=DIRECTION('',(0.,0.,-1.));
#4780=DIRECTION('center_axis',(0.,0.,-1.));
#4781=DIRECTION('ref_axis',(-1.,0.,0.));
#4782=DIRECTION('center_axis',(0.,0.,-1.));
#4783=DIRECTION('ref_axis',(-1.,0.,0.));
#4784=DIRECTION('center_axis',(0.,0.,1.));
#4785=DIRECTION('ref_axis',(-1.,0.,0.));
#4786=DIRECTION('',(0.707106781186549,8.65956056235495E-17,-0.707106781186546));
#4787=DIRECTION('center_axis',(0.,0.,-1.));
#4788=DIRECTION('ref_axis',(-1.,0.,0.));
#4789=DIRECTION('center_axis',(0.,0.,1.));
#4790=DIRECTION('ref_axis',(-1.,0.,0.));
#4791=DIRECTION('',(0.,0.,-1.));
#4792=DIRECTION('center_axis',(0.,0.,1.));
#4793=DIRECTION('ref_axis',(-1.,0.,0.));
#4794=DIRECTION('center_axis',(0.,0.,1.));
#4795=DIRECTION('ref_axis',(-1.,0.,0.));
#4796=DIRECTION('center_axis',(0.,0.,1.));
#4797=DIRECTION('ref_axis',(1.,0.,0.));
#4798=DIRECTION('center_axis',(0.,0.,-1.));
#4799=DIRECTION('ref_axis',(-1.,0.,0.));
#4800=DIRECTION('',(0.,-1.,0.));
#4801=DIRECTION('center_axis',(0.,0.,1.));
#4802=DIRECTION('ref_axis',(1.,0.,0.));
#4803=DIRECTION('center_axis',(0.,0.,1.));
#4804=DIRECTION('ref_axis',(1.,0.,0.));
#4805=DIRECTION('',(0.,1.,0.));
#4806=DIRECTION('center_axis',(0.,0.,-1.));
#4807=DIRECTION('ref_axis',(-0.492207315302314,-0.870478005904163,0.));
#4808=DIRECTION('center_axis',(0.,0.,1.));
#4809=DIRECTION('ref_axis',(1.,0.,0.));
#4810=DIRECTION('center_axis',(0.,0.,-1.));
#4811=DIRECTION('ref_axis',(0.492207315302314,-0.870478005904163,0.));
#4812=DIRECTION('center_axis',(0.,0.,-1.));
#4813=DIRECTION('ref_axis',(-1.,0.,0.));
#4814=DIRECTION('center_axis',(-1.,0.,0.));
#4815=DIRECTION('ref_axis',(0.,-1.,0.));
#4816=DIRECTION('',(0.,0.,-1.));
#4817=DIRECTION('',(0.,-1.,0.));
#4818=DIRECTION('',(0.,0.,1.));
#4819=DIRECTION('center_axis',(0.,0.,-1.));
#4820=DIRECTION('ref_axis',(1.,0.,0.));
#4821=DIRECTION('',(0.,0.,1.));
#4822=DIRECTION('',(0.,0.,1.));
#4823=DIRECTION('center_axis',(0.,0.,1.));
#4824=DIRECTION('ref_axis',(1.,0.,0.));
#4825=DIRECTION('center_axis',(1.,0.,0.));
#4826=DIRECTION('ref_axis',(0.,1.,0.));
#4827=DIRECTION('',(0.,0.,-1.));
#4828=DIRECTION('',(0.,1.,0.));
#4829=DIRECTION('center_axis',(0.,0.,1.));
#4830=DIRECTION('ref_axis',(-0.492207315302314,-0.870478005904163,0.));
#4831=DIRECTION('center_axis',(0.,0.,-1.));
#4832=DIRECTION('ref_axis',(-0.492207315302314,-0.870478005904163,0.));
#4833=DIRECTION('',(0.,0.,-1.));
#4834=DIRECTION('center_axis',(0.,0.,1.));
#4835=DIRECTION('ref_axis',(0.492207315302314,-0.870478005904163,0.));
#4836=DIRECTION('',(0.,0.,1.));
#4837=DIRECTION('center_axis',(0.,0.,-1.));
#4838=DIRECTION('ref_axis',(0.492207315302314,-0.870478005904163,0.));
#4839=DIRECTION('center_axis',(0.,0.,1.));
#4840=DIRECTION('ref_axis',(1.,0.,0.));
#4841=DIRECTION('center_axis',(0.,0.,-1.));
#4842=DIRECTION('ref_axis',(1.,0.,0.));
#4843=DIRECTION('center_axis',(0.,0.,-1.));
#4844=DIRECTION('ref_axis',(1.,0.,0.));
#4845=DIRECTION('center_axis',(0.,0.,-1.));
#4846=DIRECTION('ref_axis',(-1.,0.,0.));
#4847=DIRECTION('center_axis',(0.,0.,1.));
#4848=DIRECTION('ref_axis',(-1.,0.,0.));
#4849=DIRECTION('center_axis',(-2.3373116307898E-16,-1.,0.));
#4850=DIRECTION('ref_axis',(1.,-2.3373116307898E-16,0.));
#4851=DIRECTION('center_axis',(0.,0.,-1.));
#4852=DIRECTION('ref_axis',(-1.,0.,0.));
#4853=DIRECTION('center_axis',(0.,0.,-1.));
#4854=DIRECTION('ref_axis',(-1.,0.,0.));
#4855=DIRECTION('',(0.,0.,-1.));
#4856=DIRECTION('center_axis',(0.,0.,-1.));
#4857=DIRECTION('ref_axis',(-1.,0.,0.));
#4858=DIRECTION('center_axis',(0.,-1.,0.));
#4859=DIRECTION('ref_axis',(1.,0.,0.));
#4860=DIRECTION('center_axis',(0.,0.,1.));
#4861=DIRECTION('ref_axis',(-1.,0.,0.));
#4862=DIRECTION('center_axis',(0.,0.,-1.));
#4863=DIRECTION('ref_axis',(-1.,0.,0.));
#4864=DIRECTION('',(0.,0.,-1.));
#4865=DIRECTION('center_axis',(0.,0.,1.));
#4866=DIRECTION('ref_axis',(-1.,0.,0.));
#4867=DIRECTION('center_axis',(0.,0.,-1.));
#4868=DIRECTION('ref_axis',(1.,0.,0.));
#4869=DIRECTION('center_axis',(0.,0.,1.));
#4870=DIRECTION('ref_axis',(-1.,0.,0.));
#4871=DIRECTION('',(0.,1.,0.));
#4872=DIRECTION('center_axis',(0.,0.,-1.));
#4873=DIRECTION('ref_axis',(-1.,0.,0.));
#4874=DIRECTION('center_axis',(0.,0.,-1.));
#4875=DIRECTION('ref_axis',(-1.,0.,0.));
#4876=DIRECTION('',(0.,-1.,0.));
#4877=DIRECTION('center_axis',(0.,0.,1.));
#4878=DIRECTION('ref_axis',(-1.,0.,0.));
#4879=DIRECTION('center_axis',(-1.,0.,0.));
#4880=DIRECTION('ref_axis',(0.,-1.,0.));
#4881=DIRECTION('',(0.,0.,-1.));
#4882=DIRECTION('',(0.,-1.,0.));
#4883=DIRECTION('',(0.,0.,1.));
#4884=DIRECTION('center_axis',(0.,0.,1.));
#4885=DIRECTION('ref_axis',(-1.,0.,0.));
#4886=DIRECTION('center_axis',(0.,0.,-1.));
#4887=DIRECTION('ref_axis',(-1.,0.,0.));
#4888=DIRECTION('',(0.,0.,-1.));
#4889=DIRECTION('',(0.,0.,1.));
#4890=DIRECTION('center_axis',(0.,0.,1.));
#4891=DIRECTION('ref_axis',(-1.,0.,0.));
#4892=DIRECTION('center_axis',(1.,0.,0.));
#4893=DIRECTION('ref_axis',(0.,1.,0.));
#4894=DIRECTION('',(0.,0.,-1.));
#4895=DIRECTION('',(0.,1.,0.));
#4896=DIRECTION('center_axis',(0.,0.,-1.));
#4897=DIRECTION('ref_axis',(1.,0.,0.));
#4898=DIRECTION('center_axis',(0.,0.,-1.));
#4899=DIRECTION('ref_axis',(-1.,0.,0.));
#4900=DIRECTION('center_axis',(0.,0.,-1.));
#4901=DIRECTION('ref_axis',(-1.,0.,0.));
#4902=DIRECTION('center_axis',(0.,0.,-1.));
#4903=DIRECTION('ref_axis',(-1.,0.,0.));
#4904=DIRECTION('',(0.,0.,-1.));
#4905=DIRECTION('center_axis',(0.,0.,-1.));
#4906=DIRECTION('ref_axis',(-1.,0.,0.));
#4907=DIRECTION('center_axis',(0.,0.,-1.));
#4908=DIRECTION('ref_axis',(-1.,0.,0.));
#4909=DIRECTION('center_axis',(0.,0.,1.));
#4910=DIRECTION('ref_axis',(-1.,0.,0.));
#4911=DIRECTION('center_axis',(-1.03276560430247E-16,-1.,0.));
#4912=DIRECTION('ref_axis',(1.,-1.03276560430247E-16,0.));
#4913=DIRECTION('center_axis',(0.,0.,-1.));
#4914=DIRECTION('ref_axis',(-1.,0.,0.));
#4915=DIRECTION('center_axis',(0.,0.,1.));
#4916=DIRECTION('ref_axis',(-1.,0.,0.));
#4917=DIRECTION('center_axis',(0.,0.,-1.));
#4918=DIRECTION('ref_axis',(-1.,0.,0.));
#4919=DIRECTION('center_axis',(0.,0.,1.));
#4920=DIRECTION('ref_axis',(-1.,0.,0.));
#4921=DIRECTION('',(0.,0.,-1.));
#4922=DIRECTION('center_axis',(0.,0.,-1.));
#4923=DIRECTION('ref_axis',(-1.,0.,0.));
#4924=DIRECTION('center_axis',(0.,0.,-1.));
#4925=DIRECTION('ref_axis',(-1.,0.,0.));
#4926=DIRECTION('center_axis',(0.,0.,1.));
#4927=DIRECTION('ref_axis',(-1.,0.,0.));
#4928=DIRECTION('',(0.707106781186549,8.65956056235495E-17,-0.707106781186546));
#4929=DIRECTION('center_axis',(0.,0.,-1.));
#4930=DIRECTION('ref_axis',(-1.,0.,0.));
#4931=DIRECTION('center_axis',(0.,0.,1.));
#4932=DIRECTION('ref_axis',(-1.,0.,0.));
#4933=DIRECTION('',(0.,0.,-1.));
#4934=DIRECTION('center_axis',(0.,0.,1.));
#4935=DIRECTION('ref_axis',(-1.,0.,0.));
#4936=DIRECTION('center_axis',(0.,0.,1.));
#4937=DIRECTION('ref_axis',(-1.,0.,0.));
#4938=DIRECTION('center_axis',(0.,0.,1.));
#4939=DIRECTION('ref_axis',(1.,0.,0.));
#4940=DIRECTION('center_axis',(0.,0.,-1.));
#4941=DIRECTION('ref_axis',(-1.,0.,0.));
#4942=DIRECTION('',(0.,-1.,0.));
#4943=DIRECTION('center_axis',(0.,0.,1.));
#4944=DIRECTION('ref_axis',(1.,0.,0.));
#4945=DIRECTION('center_axis',(0.,0.,1.));
#4946=DIRECTION('ref_axis',(1.,0.,0.));
#4947=DIRECTION('',(0.,1.,0.));
#4948=DIRECTION('center_axis',(0.,0.,-1.));
#4949=DIRECTION('ref_axis',(-0.492207288773415,-0.870478020904793,0.));
#4950=DIRECTION('center_axis',(0.,0.,1.));
#4951=DIRECTION('ref_axis',(1.,0.,0.));
#4952=DIRECTION('center_axis',(0.,0.,-1.));
#4953=DIRECTION('ref_axis',(0.492207341831216,-0.870477990903532,0.));
#4954=DIRECTION('center_axis',(0.,0.,-1.));
#4955=DIRECTION('ref_axis',(-1.,0.,0.));
#4956=DIRECTION('center_axis',(-1.,0.,0.));
#4957=DIRECTION('ref_axis',(0.,-1.,0.));
#4958=DIRECTION('',(0.,0.,-1.));
#4959=DIRECTION('',(0.,-1.,0.));
#4960=DIRECTION('',(0.,0.,1.));
#4961=DIRECTION('center_axis',(0.,0.,-1.));
#4962=DIRECTION('ref_axis',(1.,0.,0.));
#4963=DIRECTION('',(0.,0.,1.));
#4964=DIRECTION('',(0.,0.,1.));
#4965=DIRECTION('center_axis',(0.,0.,1.));
#4966=DIRECTION('ref_axis',(1.,0.,0.));
#4967=DIRECTION('center_axis',(1.,0.,0.));
#4968=DIRECTION('ref_axis',(0.,1.,0.));
#4969=DIRECTION('',(0.,0.,-1.));
#4970=DIRECTION('',(0.,1.,0.));
#4971=DIRECTION('center_axis',(0.,0.,1.));
#4972=DIRECTION('ref_axis',(0.492207341831216,-0.870477990903532,0.));
#4973=DIRECTION('',(0.,0.,1.));
#4974=DIRECTION('center_axis',(0.,0.,-1.));
#4975=DIRECTION('ref_axis',(0.492207341831216,-0.870477990903532,0.));
#4976=DIRECTION('center_axis',(0.,0.,-1.));
#4977=DIRECTION('ref_axis',(1.,0.,0.));
#4978=DIRECTION('center_axis',(0.,0.,-1.));
#4979=DIRECTION('ref_axis',(1.,0.,0.));
#4980=DIRECTION('center_axis',(0.,0.,-1.));
#4981=DIRECTION('ref_axis',(-0.492207288773415,-0.870478020904793,0.));
#4982=DIRECTION('center_axis',(0.,0.,1.));
#4983=DIRECTION('ref_axis',(1.,0.,0.));
#4984=DIRECTION('',(0.,0.,-1.));
#4985=DIRECTION('center_axis',(0.,0.,1.));
#4986=DIRECTION('ref_axis',(-0.492207288773415,-0.870478020904793,0.));
#4987=DIRECTION('center_axis',(0.,0.,-1.));
#4988=DIRECTION('ref_axis',(-1.,0.,0.));
#4989=DIRECTION('center_axis',(0.,0.,1.));
#4990=DIRECTION('ref_axis',(-1.,0.,0.));
#4991=DIRECTION('center_axis',(-2.3373116307898E-16,-1.,0.));
#4992=DIRECTION('ref_axis',(1.,-2.3373116307898E-16,0.));
#4993=DIRECTION('center_axis',(0.,0.,-1.));
#4994=DIRECTION('ref_axis',(-1.,0.,0.));
#4995=DIRECTION('center_axis',(0.,0.,-1.));
#4996=DIRECTION('ref_axis',(-1.,0.,0.));
#4997=DIRECTION('',(0.,0.,-1.));
#4998=DIRECTION('center_axis',(0.,0.,-1.));
#4999=DIRECTION('ref_axis',(-1.,0.,0.));
#5000=DIRECTION('center_axis',(0.,-1.,0.));
#5001=DIRECTION('ref_axis',(1.,0.,0.));
#5002=DIRECTION('center_axis',(0.,0.,1.));
#5003=DIRECTION('ref_axis',(-1.,0.,0.));
#5004=DIRECTION('center_axis',(0.,0.,-1.));
#5005=DIRECTION('ref_axis',(-1.,0.,0.));
#5006=DIRECTION('',(0.,0.,-1.));
#5007=DIRECTION('center_axis',(0.,0.,1.));
#5008=DIRECTION('ref_axis',(-1.,0.,0.));
#5009=DIRECTION('center_axis',(0.,0.,1.));
#5010=DIRECTION('ref_axis',(1.,0.,0.));
#5011=DIRECTION('center_axis',(0.,0.,1.));
#5012=DIRECTION('ref_axis',(1.,0.,0.));
#5013=DIRECTION('',(0.,0.,1.));
#5014=DIRECTION('center_axis',(0.,0.,1.));
#5015=DIRECTION('ref_axis',(1.,0.,0.));
#5016=DIRECTION('center_axis',(0.,0.,-1.));
#5017=DIRECTION('ref_axis',(1.,0.,0.));
#5018=DIRECTION('center_axis',(0.,0.,1.));
#5019=DIRECTION('ref_axis',(1.,0.,0.));
#5020=DIRECTION('center_axis',(0.,0.,1.));
#5021=DIRECTION('ref_axis',(1.,0.,0.));
#5022=DIRECTION('',(0.,0.,1.));
#5023=DIRECTION('center_axis',(0.,0.,1.));
#5024=DIRECTION('ref_axis',(1.,0.,0.));
#5025=DIRECTION('center_axis',(0.,0.,-1.));
#5026=DIRECTION('ref_axis',(1.,0.,0.));
#5027=DIRECTION('center_axis',(0.707106781186548,-0.707106781186547,-1.5670765282418E-15));
#5028=DIRECTION('ref_axis',(-2.2161808795161E-15,0.,-1.));
#5029=DIRECTION('',(0.,2.2161808795161E-15,-1.));
#5030=DIRECTION('',(0.707106781186547,0.707106781186548,0.));
#5031=DIRECTION('',(0.,-2.2161808795161E-15,1.));
#5032=DIRECTION('',(-0.661335502539425,-0.661335502539428,-0.353936019870609));
#5033=DIRECTION('center_axis',(0.707106781186553,-0.392232270276365,-0.588348405414548));
#5034=DIRECTION('ref_axis',(-0.639602149066826,0.,-0.768706114785812));
#5035=DIRECTION('',(0.,-0.832050294337844,0.554700196225229));
#5036=DIRECTION('',(-0.691437764350645,-0.209350510053276,-0.691437764350643));
#5037=DIRECTION('',(0.,0.832050294337844,-0.554700196225229));
#5038=DIRECTION('center_axis',(0.707106781186549,0.392232270276367,-0.588348405414551));
#5039=DIRECTION('ref_axis',(-0.63960214906683,0.,-0.768706114785809));
#5040=DIRECTION('',(0.,-0.832050294337844,-0.554700196225229));
#5041=DIRECTION('',(-0.661335502539428,0.661335502539428,-0.353936019870604));
#5042=DIRECTION('',(0.,0.832050294337844,0.554700196225229));
#5043=DIRECTION('',(0.691437764350647,-0.209350510053262,0.691437764350645));
#5044=DIRECTION('center_axis',(0.707106781186548,0.707106781186547,0.));
#5045=DIRECTION('ref_axis',(0.,0.,-1.));
#5046=DIRECTION('',(0.,0.,-1.));
#5047=DIRECTION('',(-0.707106781186547,0.707106781186548,0.));
#5048=DIRECTION('',(0.,0.,1.));
#5049=DIRECTION('center_axis',(0.707106781186546,0.,-0.707106781186549));
#5050=DIRECTION('ref_axis',(-0.707106781186549,0.,-0.707106781186546));
#5051=DIRECTION('',(0.,-1.,0.));
#5052=DIRECTION('',(0.,1.,0.));
#5053=DIRECTION('center_axis',(0.,0.,1.));
#5054=DIRECTION('ref_axis',(-1.,0.,0.));
#5055=DIRECTION('',(-1.,0.,0.));
#5056=DIRECTION('',(0.707106781186547,-0.707106781186548,0.));
#5057=DIRECTION('',(0.,-1.,0.));
#5058=DIRECTION('',(-0.707106781186547,-0.707106781186548,0.));
#5059=DIRECTION('',(-1.,0.,0.));
#5060=DIRECTION('',(-0.707106781186547,0.707106781186548,0.));
#5061=DIRECTION('',(0.,1.,0.));
#5062=DIRECTION('center_axis',(0.,1.,2.2161808795161E-15));
#5063=DIRECTION('ref_axis',(0.,2.2161808795161E-15,-1.));
#5064=DIRECTION('',(-1.,0.,0.));
#5065=DIRECTION('',(0.,-2.2161808795161E-15,1.));
#5066=DIRECTION('center_axis',(0.,0.554700196225229,0.832050294337844));
#5067=DIRECTION('ref_axis',(0.,0.832050294337844,-0.554700196225229));
#5068=DIRECTION('',(-1.,0.,0.));
#5069=DIRECTION('',(0.,-0.832050294337844,0.554700196225229));
#5070=DIRECTION('center_axis',(0.,0.,1.));
#5071=DIRECTION('ref_axis',(0.,1.,0.));
#5072=DIRECTION('',(-1.,0.,0.));
#5073=DIRECTION('',(0.,-1.,0.));
#5074=DIRECTION('center_axis',(0.,-0.554700196225229,0.832050294337844));
#5075=DIRECTION('ref_axis',(0.,0.832050294337844,0.554700196225229));
#5076=DIRECTION('',(-1.,0.,0.));
#5077=DIRECTION('',(0.,-0.832050294337844,-0.554700196225229));
#5078=DIRECTION('center_axis',(0.552204683065713,-0.735059673337589,0.39339199868977));
#5079=DIRECTION('ref_axis',(0.580222118946786,0.,-0.814458281733878));
#5080=DIRECTION('',(-0.671753312982628,-0.671753312982629,-0.31224185016382));
#5081=DIRECTION('',(0.671753312982629,0.112820771193009,-0.732133157345218));
#5082=DIRECTION('',(0.,0.471857925532025,0.881674598767943));
#5083=DIRECTION('center_axis',(0.602574923715867,-0.231265809040187,0.763819079938309));
#5084=DIRECTION('ref_axis',(0.785102741785271,0.,-0.619365550253846));
#5085=DIRECTION('',(0.,0.957092026489053,0.28978414868843));
#5086=DIRECTION('',(-0.634218342260773,-0.719727421391865,0.282417303359081));
#5087=DIRECTION('',(0.63421834226077,-0.44219247922144,-0.634218342260768));
#5088=DIRECTION('center_axis',(0.707106781186545,-0.39223227027637,0.588348405414554));
#5089=DIRECTION('ref_axis',(0.639602149066834,0.,-0.768706114785805));
#5090=DIRECTION('',(0.,-0.832050294337844,-0.554700196225229));
#5091=DIRECTION('',(0.,0.832050294337844,0.554700196225229));
#5092=DIRECTION('center_axis',(-0.552204683065716,-0.735059673337588,0.39339199868977));
#5093=DIRECTION('ref_axis',(0.580222118946784,0.,0.81445828173388));
#5094=DIRECTION('',(-0.67175331298263,0.67175331298263,0.312241850163814));
#5095=DIRECTION('',(0.,-0.471857925532025,-0.881674598767943));
#5096=DIRECTION('',(0.671753312982626,-0.112820771193009,0.73213315734522));
#5097=DIRECTION('center_axis',(0.,-0.881674598767943,0.471857925532025));
#5098=DIRECTION('ref_axis',(0.,-0.471857925532025,-0.881674598767943));
#5099=DIRECTION('',(-1.,0.,0.));
#5100=DIRECTION('',(1.,0.,0.));
#5101=DIRECTION('center_axis',(0.602574923715869,0.231265809040187,0.763819079938308));
#5102=DIRECTION('ref_axis',(0.78510274178527,0.,-0.619365550253848));
#5103=DIRECTION('',(0.,0.957092026489053,-0.28978414868843));
#5104=DIRECTION('',(-0.634218342260773,-0.442192479221433,0.63421834226077));
#5105=DIRECTION('',(0.634218342260769,-0.719727421391869,-0.282417303359079));
#5106=DIRECTION('center_axis',(0.707106781186546,0.,0.707106781186549));
#5107=DIRECTION('ref_axis',(0.707106781186549,0.,-0.707106781186546));
#5108=DIRECTION('',(0.,1.,0.));
#5109=DIRECTION('',(0.,-1.,0.));
#5110=DIRECTION('center_axis',(-0.602574923715869,-0.231265809040187,0.763819079938308));
#5111=DIRECTION('ref_axis',(0.78510274178527,0.,0.619365550253848));
#5112=DIRECTION('',(0.,-0.957092026489053,-0.28978414868843));
#5113=DIRECTION('',(0.634218342260773,0.442192479221433,0.63421834226077));
#5114=DIRECTION('',(-0.634218342260769,0.719727421391869,-0.282417303359079));
#5115=DIRECTION('center_axis',(0.552204683065717,0.735059673337586,0.393391998689771));
#5116=DIRECTION('ref_axis',(0.580222118946784,0.,-0.81445828173388));
#5117=DIRECTION('',(0.,0.471857925532025,-0.881674598767943));
#5118=DIRECTION('',(-0.671753312982626,0.112820771193009,0.73213315734522));
#5119=DIRECTION('',(0.67175331298263,-0.67175331298263,0.312241850163814));
#5120=DIRECTION('center_axis',(0.707106781186548,0.392232270276367,0.588348405414551));
#5121=DIRECTION('ref_axis',(0.63960214906683,0.,-0.768706114785808));
#5122=DIRECTION('',(0.,-0.832050294337844,0.554700196225229));
#5123=DIRECTION('',(0.,0.832050294337844,-0.554700196225229));
#5124=DIRECTION('center_axis',(0.707106781186548,0.707106781186547,0.));
#5125=DIRECTION('ref_axis',(0.,0.,-1.));
#5126=DIRECTION('',(0.,0.,1.));
#5127=DIRECTION('',(0.,0.,-1.));
#5128=DIRECTION('center_axis',(-0.602574923715867,0.231265809040187,0.763819079938309));
#5129=DIRECTION('ref_axis',(0.785102741785271,0.,0.619365550253846));
#5130=DIRECTION('',(-0.63421834226077,0.44219247922144,-0.634218342260768));
#5131=DIRECTION('',(0.,-0.957092026489053,0.28978414868843));
#5132=DIRECTION('',(0.634218342260773,0.719727421391865,0.282417303359081));
#5133=DIRECTION('center_axis',(0.,0.28978414868843,0.957092026489053));
#5134=DIRECTION('ref_axis',(1.,0.,0.));
#5135=DIRECTION('',(-1.,0.,0.));
#5136=DIRECTION('',(1.,0.,0.));
#5137=DIRECTION('center_axis',(-0.552204683065713,0.735059673337589,0.39339199868977));
#5138=DIRECTION('ref_axis',(0.580222118946786,0.,0.814458281733878));
#5139=DIRECTION('',(0.671753312982628,0.671753312982629,-0.31224185016382));
#5140=DIRECTION('',(-0.671753312982629,-0.112820771193009,-0.732133157345218));
#5141=DIRECTION('',(0.,-0.471857925532025,0.881674598767943));
#5142=DIRECTION('center_axis',(-0.707106781186545,0.39223227027637,0.588348405414554));
#5143=DIRECTION('ref_axis',(0.639602149066834,0.,0.768706114785805));
#5144=DIRECTION('',(0.,0.832050294337844,-0.554700196225229));
#5145=DIRECTION('',(0.,-0.832050294337844,0.554700196225229));
#5146=DIRECTION('center_axis',(0.,0.881674598767943,0.471857925532025));
#5147=DIRECTION('ref_axis',(0.,-0.471857925532025,0.881674598767943));
#5148=DIRECTION('',(1.,0.,0.));
#5149=DIRECTION('',(-1.,0.,0.));
#5150=DIRECTION('center_axis',(-0.707106781186548,0.707106781186547,0.));
#5151=DIRECTION('ref_axis',(0.,0.,1.));
#5152=DIRECTION('',(0.,0.,1.));
#5153=DIRECTION('',(0.,0.,-1.));
#5154=DIRECTION('center_axis',(-0.707106781186546,0.,0.707106781186549));
#5155=DIRECTION('ref_axis',(0.707106781186549,0.,0.707106781186546));
#5156=DIRECTION('',(0.,-1.,0.));
#5157=DIRECTION('',(0.,1.,0.));
#5158=DIRECTION('center_axis',(-0.707106781186548,-0.392232270276367,0.588348405414551));
#5159=DIRECTION('ref_axis',(0.63960214906683,0.,0.768706114785808));
#5160=DIRECTION('',(0.,0.832050294337844,0.554700196225229));
#5161=DIRECTION('',(0.,-0.832050294337844,-0.554700196225229));
#5162=DIRECTION('center_axis',(0.,-0.28978414868843,0.957092026489053));
#5163=DIRECTION('ref_axis',(1.,0.,0.));
#5164=DIRECTION('',(1.,0.,0.));
#5165=DIRECTION('',(-1.,0.,0.));
#5166=DIRECTION('center_axis',(-0.707106781186548,-0.707106781186547,0.));
#5167=DIRECTION('ref_axis',(0.,0.,1.));
#5168=DIRECTION('',(0.707106781186547,-0.707106781186548,0.));
#5169=DIRECTION('',(0.,0.,1.));
#5170=DIRECTION('',(0.,0.,-1.));
#5171=DIRECTION('center_axis',(0.707106781186548,-0.707106781186547,0.));
#5172=DIRECTION('ref_axis',(0.,0.,-1.));
#5173=DIRECTION('',(0.707106781186547,0.707106781186548,0.));
#5174=DIRECTION('',(0.,0.,1.));
#5175=DIRECTION('',(0.,0.,-1.));
#5176=DIRECTION('center_axis',(0.,1.,0.));
#5177=DIRECTION('ref_axis',(-1.,0.,0.));
#5178=DIRECTION('center_axis',(1.,0.,0.));
#5179=DIRECTION('ref_axis',(0.,1.,0.));
#5180=DIRECTION('',(0.,1.,0.));
#5181=DIRECTION('center_axis',(0.,-0.554700196225229,0.832050294337844));
#5182=DIRECTION('ref_axis',(1.,0.,0.));
#5183=DIRECTION('center_axis',(0.,0.,1.));
#5184=DIRECTION('ref_axis',(1.,0.,0.));
#5185=DIRECTION('center_axis',(0.,0.554700196225229,0.832050294337844));
#5186=DIRECTION('ref_axis',(1.,0.,0.));
#5187=DIRECTION('center_axis',(-0.707106781186548,0.392232270276367,-0.588348405414551));
#5188=DIRECTION('ref_axis',(-0.63960214906683,0.,0.768706114785808));
#5189=DIRECTION('',(0.,0.832050294337844,0.554700196225229));
#5190=DIRECTION('',(0.691437764350648,0.209350510053257,-0.691437764350646));
#5191=DIRECTION('',(-0.661335502539429,-0.66133550253943,0.353936019870599));
#5192=DIRECTION('center_axis',(-0.707106781186548,-0.707106781186547,-1.5670765282418E-15));
#5193=DIRECTION('ref_axis',(-2.2161808795161E-15,0.,1.));
#5194=DIRECTION('',(0.,2.2161808795161E-15,-1.));
#5195=DIRECTION('',(-0.661335502539426,0.661335502539427,0.353936019870609));
#5196=DIRECTION('center_axis',(-0.707106781186553,-0.392232270276365,-0.588348405414548));
#5197=DIRECTION('ref_axis',(-0.639602149066825,0.,0.768706114785812));
#5198=DIRECTION('',(0.,0.832050294337844,-0.554700196225229));
#5199=DIRECTION('',(-0.691437764350646,0.209350510053271,0.691437764350644));
#5200=DIRECTION('center_axis',(-0.707106781186546,0.,-0.707106781186549));
#5201=DIRECTION('ref_axis',(-0.707106781186549,0.,0.707106781186546));
#5202=DIRECTION('',(0.,1.,0.));
#5203=DIRECTION('center_axis',(-0.707106781186548,0.707106781186547,0.));
#5204=DIRECTION('ref_axis',(0.,0.,1.));
#5205=DIRECTION('',(0.,0.,-1.));
#5206=DIRECTION('',(-0.707106781186547,-0.707106781186548,0.));
#5207=DIRECTION('',(0.,0.,1.));
#5208=DIRECTION('center_axis',(0.,0.,1.));
#5209=DIRECTION('ref_axis',(-1.,0.,0.));
#5210=DIRECTION('',(1.,0.,0.));
#5211=DIRECTION('',(0.,-1.,0.));
#5212=DIRECTION('',(1.,0.,0.));
#5213=DIRECTION('center_axis',(0.,-1.,0.));
#5214=DIRECTION('ref_axis',(0.,0.,1.));
#5215=DIRECTION('center_axis',(-1.,0.,0.));
#5216=DIRECTION('ref_axis',(0.,-1.,0.));
#5217=DIRECTION('center_axis',(0.,-1.,0.));
#5218=DIRECTION('ref_axis',(1.,0.,0.));
#5219=CARTESIAN_POINT('',(0.,0.,0.));
#5220=CARTESIAN_POINT('Origin',(-2.77555756156289E-16,24.3358994113243,
45.));
#5221=CARTESIAN_POINT('',(-1.75,24.3358994113243,45.));
#5222=CARTESIAN_POINT('Origin',(-2.77555756156289E-16,24.3358994113243,
45.));
#5223=CARTESIAN_POINT('',(-1.75,24.3358994113243,48.));
#5224=CARTESIAN_POINT('',(-1.75,24.3358994113243,45.));
#5225=CARTESIAN_POINT('Origin',(-2.77555756156289E-16,24.3358994113243,
48.));
#5226=CARTESIAN_POINT('Origin',(2.77555756156289E-16,-24.3358994113243,
45.));
#5227=CARTESIAN_POINT('',(-1.75,-24.3358994113243,45.));
#5228=CARTESIAN_POINT('Origin',(2.77555756156289E-16,-24.3358994113243,
45.));
#5229=CARTESIAN_POINT('',(-1.75,-24.3358994113243,48.));
#5230=CARTESIAN_POINT('',(-1.75,-24.3358994113243,45.));
#5231=CARTESIAN_POINT('Origin',(2.77555756156289E-16,-24.3358994113243,
48.));
#5232=CARTESIAN_POINT('Origin',(17.,-8.,48.));
#5233=CARTESIAN_POINT('',(25.5,-8.,48.));
#5234=CARTESIAN_POINT('Origin',(17.,-8.,48.));
#5235=CARTESIAN_POINT('',(25.5,-8.,46.));
#5236=CARTESIAN_POINT('',(25.5,-8.,48.));
#5237=CARTESIAN_POINT('',(13.5,-0.254033307585165,46.));
#5238=CARTESIAN_POINT('Origin',(17.,-8.,46.));
#5239=CARTESIAN_POINT('',(13.5,-0.254033307585165,45.));
#5240=CARTESIAN_POINT('',(13.5,-0.254033307585165,48.));
#5241=CARTESIAN_POINT('',(20.5,-0.254033307585168,45.));
#5242=CARTESIAN_POINT('Origin',(17.,-8.,45.));
#5243=CARTESIAN_POINT('',(20.5,-0.254033307585165,46.));
#5244=CARTESIAN_POINT('',(20.5,-0.254033307585168,48.));
#5245=CARTESIAN_POINT('Origin',(17.,-8.,46.));
#5246=CARTESIAN_POINT('Origin',(17.,-8.,46.));
#5247=CARTESIAN_POINT('',(20.5,-1.3667504192892,46.));
#5248=CARTESIAN_POINT('',(20.5,-4.12701665379258,46.));
#5249=CARTESIAN_POINT('',(13.5,-1.3667504192892,46.));
#5250=CARTESIAN_POINT('Origin',(17.,-8.,46.));
#5251=CARTESIAN_POINT('',(13.5,-4.6833752096446,46.));
#5252=CARTESIAN_POINT('Origin',(0.,0.,45.));
#5253=CARTESIAN_POINT('',(-31.1715728752538,25.3650805666195,45.));
#5254=CARTESIAN_POINT('',(-31.1715728752538,-25.3650805666195,45.));
#5255=CARTESIAN_POINT('',(-31.1715728752538,9.,45.));
#5256=CARTESIAN_POINT('',(-25.3650805666195,31.1715728752538,45.));
#5257=CARTESIAN_POINT('',(-27.0183267209368,29.5183267209368,45.));
#5258=CARTESIAN_POINT('',(25.3650805666195,31.1715728752538,45.));
#5259=CARTESIAN_POINT('',(9.,31.1715728752538,45.));
#5260=CARTESIAN_POINT('',(31.1715728752538,25.3650805666195,45.));
#5261=CARTESIAN_POINT('',(29.5183267209368,27.0183267209368,45.));
#5262=CARTESIAN_POINT('',(31.1715728752538,-25.3650805666195,45.));
#5263=CARTESIAN_POINT('',(31.1715728752538,-9.,45.));
#5264=CARTESIAN_POINT('',(25.3650805666195,-31.1715728752538,45.));
#5265=CARTESIAN_POINT('',(27.0183267209368,-29.5183267209368,45.));
#5266=CARTESIAN_POINT('',(-25.3650805666195,-31.1715728752538,45.));
#5267=CARTESIAN_POINT('',(-9.,-31.1715728752538,45.));
#5268=CARTESIAN_POINT('',(-29.5183267209368,-27.0183267209368,45.));
#5269=CARTESIAN_POINT('',(20.5,-3.84398023636481,45.));
#5270=CARTESIAN_POINT('',(20.5,-0.683375209644601,45.));
#5271=CARTESIAN_POINT('',(13.5,-3.84398054112724,45.));
#5272=CARTESIAN_POINT('',(13.5,-1.92199027056362,45.));
#5273=CARTESIAN_POINT('',(13.6187528734611,-4.31663633762932,45.));
#5274=CARTESIAN_POINT('Origin',(14.5,-3.84398054112724,45.));
#5275=CARTESIAN_POINT('',(12.,-8.,45.));
#5276=CARTESIAN_POINT('Origin',(17.,-8.,45.));
#5277=CARTESIAN_POINT('',(20.3812470170081,-4.31663623708245,45.));
#5278=CARTESIAN_POINT('Origin',(17.,-8.,45.));
#5279=CARTESIAN_POINT('Origin',(19.5,-3.84398023636481,45.));
#5280=CARTESIAN_POINT('',(-20.5,-0.254033307585164,45.));
#5281=CARTESIAN_POINT('',(-20.5,-3.84398026953673,45.));
#5282=CARTESIAN_POINT('',(-20.5,-1.92199013476834,45.));
#5283=CARTESIAN_POINT('',(-20.38124702893,-4.3166362480265,45.));
#5284=CARTESIAN_POINT('Origin',(-19.5,-3.84398026953673,45.));
#5285=CARTESIAN_POINT('',(-22.,-8.,45.));
#5286=CARTESIAN_POINT('Origin',(-17.,-8.,45.));
#5287=CARTESIAN_POINT('',(-13.61875297107,-4.3166362480265,45.));
#5288=CARTESIAN_POINT('Origin',(-17.,-8.,45.));
#5289=CARTESIAN_POINT('',(-13.5,-3.84398026953673,45.));
#5290=CARTESIAN_POINT('Origin',(-14.5,-3.84398026953673,45.));
#5291=CARTESIAN_POINT('',(-13.5,-0.254033307585166,45.));
#5292=CARTESIAN_POINT('',(-13.5,-0.683375209644601,45.));
#5293=CARTESIAN_POINT('Origin',(-17.,-8.,45.));
#5294=CARTESIAN_POINT('Origin',(17.,-8.,46.));
#5295=CARTESIAN_POINT('',(20.5,-1.3667504192892,48.));
#5296=CARTESIAN_POINT('',(13.5,-1.3667504192892,48.));
#5297=CARTESIAN_POINT('Origin',(17.,-8.,48.));
#5298=CARTESIAN_POINT('',(13.5,-1.3667504192892,46.));
#5299=CARTESIAN_POINT('',(20.5,-1.3667504192892,46.));
#5300=CARTESIAN_POINT('Origin',(0.,-8.4333752096446,48.));
#5301=CARTESIAN_POINT('',(13.5,-3.84398054112724,48.));
#5302=CARTESIAN_POINT('',(15.0154639697566,-4.70089179434004,48.));
#5303=CARTESIAN_POINT('Origin',(14.5,-3.84398054112724,48.));
#5304=CARTESIAN_POINT('',(13.5,-6.13867787538592,48.));
#5305=CARTESIAN_POINT('',(20.5,-3.84398023636481,48.));
#5306=CARTESIAN_POINT('',(20.5,-4.9000628144669,48.));
#5307=CARTESIAN_POINT('',(18.9845361347051,-4.70089155241522,48.));
#5308=CARTESIAN_POINT('Origin',(19.5,-3.84398023636481,48.));
#5309=CARTESIAN_POINT('Origin',(17.0000002533197,-8.00000011920929,48.));
#5310=CARTESIAN_POINT('',(15.5,-8.,48.));
#5311=CARTESIAN_POINT('Origin',(17.,-8.,48.));
#5312=CARTESIAN_POINT('Origin',(-17.,-8.,46.));
#5313=CARTESIAN_POINT('',(-13.5,-1.3667504192892,48.));
#5314=CARTESIAN_POINT('',(-20.5,-1.3667504192892,48.));
#5315=CARTESIAN_POINT('Origin',(-17.,-8.,48.));
#5316=CARTESIAN_POINT('',(-20.5,-1.3667504192892,46.));
#5317=CARTESIAN_POINT('',(-20.5,-1.3667504192892,46.));
#5318=CARTESIAN_POINT('',(-13.5,-1.3667504192892,46.));
#5319=CARTESIAN_POINT('Origin',(-17.,-8.,46.));
#5320=CARTESIAN_POINT('',(-13.5,-1.3667504192892,46.));
#5321=CARTESIAN_POINT('Origin',(0.,-8.4333752096446,48.));
#5322=CARTESIAN_POINT('',(-20.5,-3.84398026953673,48.));
#5323=CARTESIAN_POINT('',(-18.9845360824742,-4.70089155416833,48.));
#5324=CARTESIAN_POINT('Origin',(-19.5,-3.84398026953672,48.));
#5325=CARTESIAN_POINT('',(-20.5,-6.13867773959064,48.));
#5326=CARTESIAN_POINT('',(-13.5,-3.84398026953673,48.));
#5327=CARTESIAN_POINT('',(-13.5,-4.90006281446691,48.));
#5328=CARTESIAN_POINT('',(-15.0154639175258,-4.70089155416833,48.));
#5329=CARTESIAN_POINT('Origin',(-14.5,-3.84398026953672,48.));
#5330=CARTESIAN_POINT('Origin',(-17.,-8.,48.));
#5331=CARTESIAN_POINT('',(-18.5,-8.,48.));
#5332=CARTESIAN_POINT('Origin',(-17.,-8.,48.));
#5333=CARTESIAN_POINT('Origin',(20.5,-1.3667504192892,45.));
#5334=CARTESIAN_POINT('',(20.5,-3.84398023636481,45.));
#5335=CARTESIAN_POINT('Origin',(13.5,-3.84398054112724,45.));
#5336=CARTESIAN_POINT('',(13.5,-3.84398054112724,45.));
#5337=CARTESIAN_POINT('Origin',(14.5,-3.84398054112724,45.));
#5338=CARTESIAN_POINT('',(15.0154639697566,-4.70089179434004,43.849999767271));
#5339=CARTESIAN_POINT('',(15.0154639697566,-4.70089179434004,45.));
#5340=CARTESIAN_POINT('Ctrl Pts',(13.6187528734611,-4.31663633762932,45.));
#5341=CARTESIAN_POINT('Ctrl Pts',(13.6606592777987,-4.39476909021454,44.9141025498073));
#5342=CARTESIAN_POINT('Ctrl Pts',(13.7118762497547,-4.46494674960428,44.8278731632118));
#5343=CARTESIAN_POINT('Ctrl Pts',(13.7677824932658,-4.52505140589243,44.7457873680275));
#5344=CARTESIAN_POINT('Ctrl Pts',(13.8448342703541,-4.60788957006569,44.6326540935409));
#5345=CARTESIAN_POINT('Ctrl Pts',(13.9432553639973,-4.68419672901416,44.5095547630989));
#5346=CARTESIAN_POINT('Ctrl Pts',(14.1694679910073,-4.79617617959215,44.2748384262764));
#5347=CARTESIAN_POINT('Ctrl Pts',(14.2971337888823,-4.83204401767552,44.1631935902784));
#5348=CARTESIAN_POINT('Ctrl Pts',(14.5162832086556,-4.8476873172551,44.0127098883417));
#5349=CARTESIAN_POINT('Ctrl Pts',(14.6170192469254,-4.8425949545915,43.9545603205933));
#5350=CARTESIAN_POINT('Ctrl Pts',(14.8209836784132,-4.7968151885906,43.8728863024041));
#5351=CARTESIAN_POINT('Ctrl Pts',(14.9243683121647,-4.75568921437947,43.849999767271));
#5352=CARTESIAN_POINT('Ctrl Pts',(15.0154639422605,-4.70089181087999,43.849999767271));
#5353=CARTESIAN_POINT('Origin',(17.0000002533197,-8.00000011920929,45.));
#5354=CARTESIAN_POINT('',(18.9845361347051,-4.70089155241522,43.8500000284254));
#5355=CARTESIAN_POINT('Origin',(17.0000002533197,-8.00000011920929,43.85));
#5356=CARTESIAN_POINT('',(18.9845361347051,-4.70089155241522,45.));
#5357=CARTESIAN_POINT('Origin',(19.5,-3.84398023636481,45.));
#5358=CARTESIAN_POINT('Ctrl Pts',(18.9845361347051,-4.70089155241522,43.8500000284254));
#5359=CARTESIAN_POINT('Ctrl Pts',(19.0756317705523,-4.75568894823175,43.8500000361159));
#5360=CARTESIAN_POINT('Ctrl Pts',(19.1790163543045,-4.79681489495757,43.8728865636457));
#5361=CARTESIAN_POINT('Ctrl Pts',(19.3829807893268,-4.84259465417995,43.9545605822698));
#5362=CARTESIAN_POINT('Ctrl Pts',(19.483716828782,-4.84768701317568,44.0127101503813));
#5363=CARTESIAN_POINT('Ctrl Pts',(19.7028662498794,-4.83204370509626,44.1631938532763));
#5364=CARTESIAN_POINT('Ctrl Pts',(19.8305320473237,-4.79617586164624,44.2748386899387));
#5365=CARTESIAN_POINT('Ctrl Pts',(20.0567446713816,-4.68419640094744,44.5095550282964));
#5366=CARTESIAN_POINT('Ctrl Pts',(20.1551657624969,-4.60788923725032,44.632654359608));
#5367=CARTESIAN_POINT('Ctrl Pts',(20.2881237188839,-4.46494647328703,44.8278733441768));
#5368=CARTESIAN_POINT('Ctrl Pts',(20.3393406407381,-4.39476889386759,44.9141026387081));
#5369=CARTESIAN_POINT('Ctrl Pts',(20.3812470170081,-4.31663623708245,45.));
#5370=CARTESIAN_POINT('Origin',(-19.5,-3.84398026953673,45.));
#5371=CARTESIAN_POINT('',(-20.5,-3.84398026953673,45.));
#5372=CARTESIAN_POINT('',(-18.9845360824742,-4.70089155416833,43.85));
#5373=CARTESIAN_POINT('',(-18.9845360824742,-4.70089155416833,45.));
#5374=CARTESIAN_POINT('Ctrl Pts',(-20.38124702893,-4.31663624802649,45.));
#5375=CARTESIAN_POINT('Ctrl Pts',(-20.3393406493589,-4.39476891569789,44.9141026285272));
#5376=CARTESIAN_POINT('Ctrl Pts',(-20.288123722841,-4.46494650277842,44.8278733252777));
#5377=CARTESIAN_POINT('Ctrl Pts',(-20.2322175332797,-4.52505110576291,44.7457876058669));
#5378=CARTESIAN_POINT('Ctrl Pts',(-20.1551657589212,-4.60788927347566,44.6326543306478));
#5379=CARTESIAN_POINT('Ctrl Pts',(-20.0567446675308,-4.68419643665591,44.5095549994309));
#5380=CARTESIAN_POINT('Ctrl Pts',(-19.8305320431516,-4.7961758962531,44.2748386612403));
#5381=CARTESIAN_POINT('Ctrl Pts',(-19.7028662456604,-4.832043739119,44.1631938246503));
#5382=CARTESIAN_POINT('Ctrl Pts',(-19.4837168247071,-4.84768704627325,44.0127101218595));
#5383=CARTESIAN_POINT('Ctrl Pts',(-19.3829807853809,-4.8425946868783,43.9545605537876));
#5384=CARTESIAN_POINT('Ctrl Pts',(-19.1790163507433,-4.79681492691811,43.8728865352108));
#5385=CARTESIAN_POINT('Ctrl Pts',(-19.0756317148911,-4.75568895548305,43.85));
#5386=CARTESIAN_POINT('Ctrl Pts',(-18.9845360824742,-4.70089155416833,43.85));
#5387=CARTESIAN_POINT('Origin',(-17.,-8.,45.));
#5388=CARTESIAN_POINT('',(-15.0154639175258,-4.70089155416833,43.85));
#5389=CARTESIAN_POINT('Origin',(-17.,-8.,43.85));
#5390=CARTESIAN_POINT('',(-15.0154639175258,-4.70089155416833,45.));
#5391=CARTESIAN_POINT('Origin',(-14.5,-3.84398026953673,45.));
#5392=CARTESIAN_POINT('Ctrl Pts',(-15.0154639175258,-4.70089155416833,43.85));
#5393=CARTESIAN_POINT('Ctrl Pts',(-14.9243682851089,-4.75568895548305,43.85));
#5394=CARTESIAN_POINT('Ctrl Pts',(-14.8209836492567,-4.79681492691811,43.8728865352108));
#5395=CARTESIAN_POINT('Ctrl Pts',(-14.6170192146191,-4.8425946868783,43.9545605537876));
#5396=CARTESIAN_POINT('Ctrl Pts',(-14.5162831752929,-4.84768704627326,44.0127101218595));
#5397=CARTESIAN_POINT('Ctrl Pts',(-14.2971337543396,-4.832043739119,44.1631938246503));
#5398=CARTESIAN_POINT('Ctrl Pts',(-14.1694679568484,-4.7961758962531,44.2748386612403));
#5399=CARTESIAN_POINT('Ctrl Pts',(-13.9432553324692,-4.68419643665591,44.5095549994309));
#5400=CARTESIAN_POINT('Ctrl Pts',(-13.8448342410788,-4.60788927347567,44.6326543306478));
#5401=CARTESIAN_POINT('Ctrl Pts',(-13.7118762777689,-4.46494650343421,44.8278733243821));
#5402=CARTESIAN_POINT('Ctrl Pts',(-13.660659350365,-4.39476891518296,44.9141026290933));
#5403=CARTESIAN_POINT('Ctrl Pts',(-13.61875297107,-4.3166362480265,45.));
#5404=CARTESIAN_POINT('',(-13.5,-3.84398026953673,45.));
#5405=CARTESIAN_POINT('Origin',(-20.5,-3.84398026953673,45.));
#5406=CARTESIAN_POINT('',(-20.5,-0.254033307585164,46.));
#5407=CARTESIAN_POINT('',(-20.5,-0.254033307585164,48.));
#5408=CARTESIAN_POINT('',(-20.5,-4.6833752096446,46.));
#5409=CARTESIAN_POINT('Origin',(-13.5,-1.3667504192892,45.));
#5410=CARTESIAN_POINT('',(-13.5,-0.254033307585166,46.));
#5411=CARTESIAN_POINT('',(-13.5,-4.12701665379258,46.));
#5412=CARTESIAN_POINT('',(-13.5,-0.254033307585166,48.));
#5413=CARTESIAN_POINT('Origin',(-17.,-8.,44.));
#5414=CARTESIAN_POINT('',(-20.,-8.,43.));
#5415=CARTESIAN_POINT('',(-21.,-8.,44.));
#5416=CARTESIAN_POINT('Origin',(-17.,-8.,43.));
#5417=CARTESIAN_POINT('Origin',(17.,-8.,44.));
#5418=CARTESIAN_POINT('',(14.,-8.,43.));
#5419=CARTESIAN_POINT('',(13.,-8.,44.));
#5420=CARTESIAN_POINT('Origin',(17.,-8.,43.));
#5421=CARTESIAN_POINT('Origin',(-17.,-8.,43.));
#5422=CARTESIAN_POINT('',(-18.5,-8.,43.));
#5423=CARTESIAN_POINT('Origin',(-17.,-8.,43.));
#5424=CARTESIAN_POINT('Origin',(17.,-8.,43.));
#5425=CARTESIAN_POINT('',(15.5,-8.,43.));
#5426=CARTESIAN_POINT('Origin',(17.,-8.,43.));
#5427=CARTESIAN_POINT('Origin',(-17.,-8.,45.));
#5428=CARTESIAN_POINT('',(-18.5,-8.,45.));
#5429=CARTESIAN_POINT('Origin',(17.,-8.,45.));
#5430=CARTESIAN_POINT('',(15.5,-8.,45.));
#5431=CARTESIAN_POINT('Origin',(-17.,-8.,48.));
#5432=CARTESIAN_POINT('',(-8.5,-8.,48.));
#5433=CARTESIAN_POINT('Origin',(-17.,-8.,48.));
#5434=CARTESIAN_POINT('',(-8.5,-8.,46.));
#5435=CARTESIAN_POINT('',(-8.5,-8.,48.));
#5436=CARTESIAN_POINT('Origin',(-17.,-8.,46.));
#5437=CARTESIAN_POINT('Origin',(-17.,-8.,46.));
#5438=CARTESIAN_POINT('Origin',(-17.,-8.,46.));
#5439=CARTESIAN_POINT('Origin',(0.,0.,48.));
#5440=CARTESIAN_POINT('',(-7.25,-8.,48.));
#5441=CARTESIAN_POINT('Origin',(-17.,-8.,48.));
#5442=CARTESIAN_POINT('Origin',(0.,0.,48.));
#5443=CARTESIAN_POINT('',(26.75,-8.,48.));
#5444=CARTESIAN_POINT('Origin',(17.,-8.,48.));
#5445=CARTESIAN_POINT('Origin',(17.,-8.,47.));
#5446=CARTESIAN_POINT('',(27.,-8.,46.));
#5447=CARTESIAN_POINT('',(26.875,-8.,47.));
#5448=CARTESIAN_POINT('Origin',(17.,-8.,46.));
#5449=CARTESIAN_POINT('Origin',(17.,-8.,47.));
#5450=CARTESIAN_POINT('',(28.05,-8.,48.));
#5451=CARTESIAN_POINT('Origin',(17.,-8.,48.));
#5452=CARTESIAN_POINT('',(27.8,-8.,46.));
#5453=CARTESIAN_POINT('',(27.925,-8.,47.));
#5454=CARTESIAN_POINT('Origin',(17.,-8.,46.));
#5455=CARTESIAN_POINT('Origin',(0.,0.,48.));
#5456=CARTESIAN_POINT('',(31.,-26.0007550570111,48.));
#5457=CARTESIAN_POINT('',(26.0007550570111,-31.,48.));
#5458=CARTESIAN_POINT('',(27.2503775285056,-29.7503775285056,48.));
#5459=CARTESIAN_POINT('',(31.,26.0007550570111,48.));
#5460=CARTESIAN_POINT('',(31.,-18.,48.));
#5461=CARTESIAN_POINT('',(26.0007550570111,31.,48.));
#5462=CARTESIAN_POINT('',(29.7503775285056,27.2503775285056,48.));
#5463=CARTESIAN_POINT('',(-26.0007550570111,31.,48.));
#5464=CARTESIAN_POINT('',(18.,31.,48.));
#5465=CARTESIAN_POINT('',(-31.,26.0007550570111,48.));
#5466=CARTESIAN_POINT('',(-27.2503775285056,29.7503775285056,48.));
#5467=CARTESIAN_POINT('',(-31.,-26.0007550570111,48.));
#5468=CARTESIAN_POINT('',(-31.,18.,48.));
#5469=CARTESIAN_POINT('',(-26.0007550570111,-31.,48.));
#5470=CARTESIAN_POINT('',(-29.7503775285056,-27.2503775285056,48.));
#5471=CARTESIAN_POINT('',(-18.,-31.,48.));
#5472=CARTESIAN_POINT('',(-5.95,-8.,48.));
#5473=CARTESIAN_POINT('Origin',(-17.,-8.,48.));
#5474=CARTESIAN_POINT('Origin',(-17.,-8.,47.));
#5475=CARTESIAN_POINT('',(-7.,-8.,46.));
#5476=CARTESIAN_POINT('',(-7.125,-8.,47.));
#5477=CARTESIAN_POINT('Origin',(-17.,-8.,46.));
#5478=CARTESIAN_POINT('Origin',(-17.,-8.,47.));
#5479=CARTESIAN_POINT('',(-6.2,-8.,46.));
#5480=CARTESIAN_POINT('',(-6.075,-8.,47.));
#5481=CARTESIAN_POINT('Origin',(-17.,-8.,46.));
#5482=CARTESIAN_POINT('Origin',(-17.,-8.,46.));
#5483=CARTESIAN_POINT('Origin',(17.,-8.,46.));
#5484=CARTESIAN_POINT('Origin',(34.8452994616208,29.8452994616208,36.8460545186319));
#5485=CARTESIAN_POINT('',(25.3650805666195,34.,42.1715728752538));
#5486=CARTESIAN_POINT('',(25.3650805666195,33.3355976733741,42.8359752018797));
#5487=CARTESIAN_POINT('',(30.1715728752538,34.,37.3650805666196));
#5488=CARTESIAN_POINT('',(34.2681379566839,34.,33.2685154851895));
#5489=CARTESIAN_POINT('',(34.,30.1715728752538,37.3650805666196));
#5490=CARTESIAN_POINT('',(33.3357864376269,30.8357864376269,37.3650805666196));
#5491=CARTESIAN_POINT('',(34.,25.3650805666196,42.1715728752538));
#5492=CARTESIAN_POINT('',(34.,15.0181379566839,52.5185154851895));
#5493=CARTESIAN_POINT('',(34.5855976733741,25.3650805666195,41.5859752018797));
#5494=CARTESIAN_POINT('Origin',(32.0857864376269,-18.,44.0857864376269));
#5495=CARTESIAN_POINT('',(34.,-25.3650805666195,42.1715728752538));
#5496=CARTESIAN_POINT('',(34.,-27.,42.1715728752538));
#5497=CARTESIAN_POINT('',(33.3355976733741,-25.3650805666195,42.8359752018797));
#5498=CARTESIAN_POINT('Origin',(18.,32.0857864376269,44.0857864376269));
#5499=CARTESIAN_POINT('',(-25.3650805666195,34.,42.1715728752538));
#5500=CARTESIAN_POINT('',(-25.3650805666195,34.5855976733741,41.5859752018797));
#5501=CARTESIAN_POINT('',(27.,34.,42.1715728752538));
#5502=CARTESIAN_POINT('Origin',(-29.8452994616208,34.8452994616208,36.8460545186319));
#5503=CARTESIAN_POINT('',(-34.,25.3650805666195,42.1715728752538));
#5504=CARTESIAN_POINT('',(-33.3355976733741,25.3650805666195,42.8359752018797));
#5505=CARTESIAN_POINT('',(-34.,30.1715728752538,37.3650805666196));
#5506=CARTESIAN_POINT('',(-34.,34.2681379566839,33.2685154851895));
#5507=CARTESIAN_POINT('',(-30.1715728752538,34.,37.3650805666196));
#5508=CARTESIAN_POINT('',(-30.8357864376269,33.3357864376269,37.3650805666196));
#5509=CARTESIAN_POINT('',(-15.0181379566839,34.,52.5185154851895));
#5510=CARTESIAN_POINT('Origin',(-18.,-32.0857864376269,44.0857864376269));
#5511=CARTESIAN_POINT('',(25.3650805666195,-34.,42.1715728752538));
#5512=CARTESIAN_POINT('',(25.3650805666195,-34.5855976733741,41.5859752018797));
#5513=CARTESIAN_POINT('',(-25.3650805666195,-34.,42.1715728752538));
#5514=CARTESIAN_POINT('',(-27.,-34.,42.1715728752538));
#5515=CARTESIAN_POINT('',(-25.3650805666195,-33.3355976733741,42.8359752018797));
#5516=CARTESIAN_POINT('Origin',(-18.,-33.5,45.5));
#5517=CARTESIAN_POINT('',(26.0007550570111,-36.,43.));
#5518=CARTESIAN_POINT('',(26.0007550570111,-36.,43.));
#5519=CARTESIAN_POINT('',(-26.0007550570111,-36.,43.));
#5520=CARTESIAN_POINT('',(-26.0007550570111,-31.,48.));
#5521=CARTESIAN_POINT('',(-18.,-36.,43.));
#5522=CARTESIAN_POINT('Origin',(34.6893398282202,14.5,34.8106601717798));
#5523=CARTESIAN_POINT('',(34.8,16.,32.8));
#5524=CARTESIAN_POINT('',(34.8,13.,37.0426406871192));
#5525=CARTESIAN_POINT('',(34.8,12.7979779942739,37.3283429475148));
#5526=CARTESIAN_POINT('',(36.,16.,34.));
#5527=CARTESIAN_POINT('',(35.75,16.,33.75));
#5528=CARTESIAN_POINT('',(36.,13.,38.2426406871192));
#5529=CARTESIAN_POINT('',(36.,7.36366341922299,46.2136243217534));
#5530=CARTESIAN_POINT('',(33.6286796564404,13.,35.8713203435597));
#5531=CARTESIAN_POINT('Origin',(32.6786796564404,0.,34.9213203435597));
#5532=CARTESIAN_POINT('',(34.8,-13.,37.0426406871192));
#5533=CARTESIAN_POINT('',(36.,-13.,38.2426406871192));
#5534=CARTESIAN_POINT('',(33.6286796564404,-13.,35.8713203435597));
#5535=CARTESIAN_POINT('',(34.8,0.,37.0426406871192));
#5536=CARTESIAN_POINT('',(36.,-18.,38.2426406871192));
#5537=CARTESIAN_POINT('Origin',(34.6893398282202,-14.5,34.8106601717798));
#5538=CARTESIAN_POINT('',(34.8,-16.,32.8));
#5539=CARTESIAN_POINT('',(34.8,-12.7979779942739,37.3283429475148));
#5540=CARTESIAN_POINT('',(36.,-16.,34.));
#5541=CARTESIAN_POINT('',(36.,-19.3636634192233,29.2430615732762));
#5542=CARTESIAN_POINT('',(35.75,-16.,33.75));
#5543=CARTESIAN_POINT('Origin',(31.,-36.,38.0007550570111));
#5544=CARTESIAN_POINT('',(36.,-26.0007550570111,43.));
#5545=CARTESIAN_POINT('',(31.,-26.0007550570111,48.));
#5546=CARTESIAN_POINT('',(31.,-36.,38.0007550570111));
#5547=CARTESIAN_POINT('',(15.7501887642528,-36.,53.2505662927584));
#5548=CARTESIAN_POINT('',(36.,-31.,38.0007550570111));
#5549=CARTESIAN_POINT('',(36.,-31.,38.0007550570111));
#5550=CARTESIAN_POINT('',(36.,-35.0001887642528,34.0005662927583));
#5551=CARTESIAN_POINT('Origin',(33.5,-18.,45.5));
#5552=CARTESIAN_POINT('',(36.,26.0007550570111,43.));
#5553=CARTESIAN_POINT('',(36.,26.0007550570111,43.));
#5554=CARTESIAN_POINT('',(36.,-18.,43.));
#5555=CARTESIAN_POINT('Origin',(36.,31.,38.0007550570111));
#5556=CARTESIAN_POINT('',(26.0007550570111,36.,43.));
#5557=CARTESIAN_POINT('',(26.0007550570111,31.,48.));
#5558=CARTESIAN_POINT('',(36.,31.,38.0007550570111));
#5559=CARTESIAN_POINT('',(36.,15.7501887642528,53.2505662927584));
#5560=CARTESIAN_POINT('',(31.,36.,38.0007550570111));
#5561=CARTESIAN_POINT('',(31.,36.,38.0007550570111));
#5562=CARTESIAN_POINT('',(35.0001887642528,36.,34.0005662927583));
#5563=CARTESIAN_POINT('Origin',(18.,33.5,45.5));
#5564=CARTESIAN_POINT('',(-26.0007550570111,36.,43.));
#5565=CARTESIAN_POINT('',(-26.0007550570111,36.,43.));
#5566=CARTESIAN_POINT('',(18.,36.,43.));
#5567=CARTESIAN_POINT('Origin',(-31.,36.,38.0007550570111));
#5568=CARTESIAN_POINT('',(-31.,36.,38.0007550570111));
#5569=CARTESIAN_POINT('',(-15.7501887642528,36.,53.2505662927584));
#5570=CARTESIAN_POINT('',(-36.,31.,38.0007550570111));
#5571=CARTESIAN_POINT('',(-36.,31.,38.0007550570111));
#5572=CARTESIAN_POINT('',(-36.,26.0007550570111,43.));
#5573=CARTESIAN_POINT('',(-36.,35.0001887642528,34.0005662927583));
#5574=CARTESIAN_POINT('',(-31.,26.0007550570111,48.));
#5575=CARTESIAN_POINT('Origin',(-33.5,18.,45.5));
#5576=CARTESIAN_POINT('',(-36.,-26.0007550570111,43.));
#5577=CARTESIAN_POINT('',(-36.,-26.0007550570111,43.));
#5578=CARTESIAN_POINT('',(-36.,18.,43.));
#5579=CARTESIAN_POINT('Origin',(-36.,-31.,38.0007550570111));
#5580=CARTESIAN_POINT('',(-36.,-31.,38.0007550570111));
#5581=CARTESIAN_POINT('',(-36.,-15.7501887642528,53.2505662927584));
#5582=CARTESIAN_POINT('',(-31.,-36.,38.0007550570111));
#5583=CARTESIAN_POINT('',(-31.,-36.,38.0007550570111));
#5584=CARTESIAN_POINT('',(-35.0001887642528,-36.,34.0005662927583));
#5585=CARTESIAN_POINT('Origin',(-34.6893398282202,-14.5,34.8106601717798));
#5586=CARTESIAN_POINT('',(-34.8,-16.,32.8));
#5587=CARTESIAN_POINT('',(-34.8,-13.,37.0426406871192));
#5588=CARTESIAN_POINT('',(-34.8,-12.7979779942739,37.3283429475148));
#5589=CARTESIAN_POINT('',(-36.,-16.,34.));
#5590=CARTESIAN_POINT('',(-35.75,-16.,33.75));
#5591=CARTESIAN_POINT('',(-36.,-13.,38.2426406871192));
#5592=CARTESIAN_POINT('',(-36.,-7.36366341922302,46.2136243217534));
#5593=CARTESIAN_POINT('',(-33.6286796564404,-13.,35.8713203435597));
#5594=CARTESIAN_POINT('Origin',(-32.6786796564404,0.,34.9213203435597));
#5595=CARTESIAN_POINT('',(-34.8,13.,37.0426406871192));
#5596=CARTESIAN_POINT('',(-36.,13.,38.2426406871192));
#5597=CARTESIAN_POINT('',(-33.6286796564404,13.,35.8713203435597));
#5598=CARTESIAN_POINT('',(-34.8,0.,37.0426406871192));
#5599=CARTESIAN_POINT('',(-36.,18.,38.2426406871192));
#5600=CARTESIAN_POINT('Origin',(-34.6893398282202,14.5,34.8106601717798));
#5601=CARTESIAN_POINT('',(-34.8,16.,32.8));
#5602=CARTESIAN_POINT('',(-34.8,12.7979779942739,37.3283429475148));
#5603=CARTESIAN_POINT('',(-36.,16.,34.));
#5604=CARTESIAN_POINT('',(-36.,19.3636634192233,29.2430615732762));
#5605=CARTESIAN_POINT('',(-35.75,16.,33.75));
#5606=CARTESIAN_POINT('Origin',(32.4929289321881,0.,30.4929289321882));
#5607=CARTESIAN_POINT('',(33.7030151519016,16.,29.2828427124746));
#5608=CARTESIAN_POINT('',(33.7030151519016,-16.,29.2828427124746));
#5609=CARTESIAN_POINT('',(33.7030151519016,0.,29.2828427124746));
#5610=CARTESIAN_POINT('',(32.4858578643763,16.,30.5));
#5611=CARTESIAN_POINT('',(32.2233221510016,16.,30.7625357133747));
#5612=CARTESIAN_POINT('',(32.4858578643763,-16.,30.5));
#5613=CARTESIAN_POINT('',(32.4858578643763,0.,30.5));
#5614=CARTESIAN_POINT('',(32.2233221510016,-16.,30.7625357133747));
#5615=CARTESIAN_POINT('Origin',(33.644436508139,0.,29.1414213562374));
#5616=CARTESIAN_POINT('',(33.5858578643763,16.,29.));
#5617=CARTESIAN_POINT('',(34.0753895205726,16.,30.1818339635994));
#5618=CARTESIAN_POINT('',(33.5858578643763,-16.,29.));
#5619=CARTESIAN_POINT('',(34.0753895205726,-16.,30.1818339635994));
#5620=CARTESIAN_POINT('',(33.5858578643763,0.,29.));
#5621=CARTESIAN_POINT('Origin',(34.,0.,29.));
#5622=CARTESIAN_POINT('',(31.1715728752524,-16.,29.0000000000017));
#5623=CARTESIAN_POINT('',(34.,-16.,29.));
#5624=CARTESIAN_POINT('',(31.1715728752524,16.,29.0000000000017));
#5625=CARTESIAN_POINT('',(31.1715728752524,0.,29.0000000000017));
#5626=CARTESIAN_POINT('',(34.,16.,29.));
#5627=CARTESIAN_POINT('Origin',(31.1715728752524,0.,29.0000000000017));
#5628=CARTESIAN_POINT('',(30.3786796564405,16.,29.7928932188136));
#5629=CARTESIAN_POINT('',(30.3786796564405,-16.,29.7928932188136));
#5630=CARTESIAN_POINT('',(30.3786796564405,0.,29.7928932188136));
#5631=CARTESIAN_POINT('',(31.1715728752524,16.,29.0000000000017));
#5632=CARTESIAN_POINT('',(31.1715728752524,-16.,29.0000000000017));
#5633=CARTESIAN_POINT('Origin',(30.3786796564405,0.,30.5));
#5634=CARTESIAN_POINT('',(30.3786796564405,16.,31.2071067811866));
#5635=CARTESIAN_POINT('',(30.3786796564405,16.,31.2071067811866));
#5636=CARTESIAN_POINT('',(30.3786796564405,-16.,31.2071067811866));
#5637=CARTESIAN_POINT('',(30.3786796564405,-16.,31.2071067811866));
#5638=CARTESIAN_POINT('',(30.3786796564405,0.,31.2071067811866));
#5639=CARTESIAN_POINT('Origin',(29.6715728752539,0.,30.5));
#5640=CARTESIAN_POINT('',(33.,16.,33.8284271247462));
#5641=CARTESIAN_POINT('',(33.,-16.,33.8284271247462));
#5642=CARTESIAN_POINT('',(33.,0.,33.8284271247462));
#5643=CARTESIAN_POINT('',(29.6715728752539,16.,30.5));
#5644=CARTESIAN_POINT('',(29.6715728752539,-16.,30.5));
#5645=CARTESIAN_POINT('Origin',(-32.4929289321881,0.,30.4929289321882));
#5646=CARTESIAN_POINT('',(-33.7030151519016,-16.,29.2828427124746));
#5647=CARTESIAN_POINT('',(-33.7030151519016,16.,29.2828427124746));
#5648=CARTESIAN_POINT('',(-33.7030151519016,0.,29.2828427124746));
#5649=CARTESIAN_POINT('',(-32.4858578643762,-16.,30.5));
#5650=CARTESIAN_POINT('',(-32.4929289321881,-16.,30.4929289321882));
#5651=CARTESIAN_POINT('',(-32.4858578643762,16.,30.5));
#5652=CARTESIAN_POINT('',(-32.4858578643763,0.,30.5));
#5653=CARTESIAN_POINT('',(-32.4929289321881,16.,30.4929289321882));
#5654=CARTESIAN_POINT('Origin',(-33.644436508139,0.,29.1414213562374));
#5655=CARTESIAN_POINT('',(-33.5858578643763,16.,29.));
#5656=CARTESIAN_POINT('',(-33.644436508139,16.,29.1414213562374));
#5657=CARTESIAN_POINT('',(-33.5858578643763,-16.,29.));
#5658=CARTESIAN_POINT('',(-33.585857864393,0.,29.0000000000406));
#5659=CARTESIAN_POINT('',(-33.644436508139,-16.,29.1414213562374));
#5660=CARTESIAN_POINT('Origin',(34.,0.,29.));
#5661=CARTESIAN_POINT('',(-31.1715728752524,16.,29.0000000000017));
#5662=CARTESIAN_POINT('',(34.,16.,29.));
#5663=CARTESIAN_POINT('',(-31.1715728752524,-16.,29.0000000000017));
#5664=CARTESIAN_POINT('',(-31.171572875215,0.,29.0000000000391));
#5665=CARTESIAN_POINT('',(34.,-16.,29.));
#5666=CARTESIAN_POINT('Origin',(-31.1715728752524,0.,29.0000000000017));
#5667=CARTESIAN_POINT('',(-30.3786796564405,-16.,29.7928932188136));
#5668=CARTESIAN_POINT('',(-30.3786796564405,16.,29.7928932188136));
#5669=CARTESIAN_POINT('',(-30.3786796564405,0.,29.7928932188136));
#5670=CARTESIAN_POINT('',(-31.1715728752524,-16.,29.0000000000017));
#5671=CARTESIAN_POINT('',(-31.1715728752524,16.,29.0000000000017));
#5672=CARTESIAN_POINT('Origin',(-30.3786796564405,0.,30.5));
#5673=CARTESIAN_POINT('',(-30.3786796564405,16.,31.2071067811867));
#5674=CARTESIAN_POINT('',(-30.3786796564405,16.,30.5));
#5675=CARTESIAN_POINT('',(-30.3786796564405,-16.,31.2071067811867));
#5676=CARTESIAN_POINT('',(-30.3786796564405,0.,31.2071067811866));
#5677=CARTESIAN_POINT('',(-30.3786796564405,-16.,30.5));
#5678=CARTESIAN_POINT('Origin',(-29.6715728752539,0.,30.5));
#5679=CARTESIAN_POINT('',(-33.,-16.,33.8284271247462));
#5680=CARTESIAN_POINT('',(-33.,16.,33.8284271247462));
#5681=CARTESIAN_POINT('',(-33.,0.,33.8284271247462));
#5682=CARTESIAN_POINT('',(-29.6715728752539,-16.,30.5));
#5683=CARTESIAN_POINT('',(-29.6715728752539,16.,30.5));
#5684=CARTESIAN_POINT('Origin',(-33.,0.,35.6213203435596));
#5685=CARTESIAN_POINT('',(-33.,16.,34.));
#5686=CARTESIAN_POINT('',(-33.,16.,34.9695787943777));
#5687=CARTESIAN_POINT('',(-33.,13.,38.2426406871192));
#5688=CARTESIAN_POINT('',(-33.,11.3017552181697,40.6443214898129));
#5689=CARTESIAN_POINT('',(-33.,-13.,38.2426406871192));
#5690=CARTESIAN_POINT('',(-33.,-6.75881904510252,38.2426406871192));
#5691=CARTESIAN_POINT('',(-33.,-16.,34.));
#5692=CARTESIAN_POINT('',(-33.,-13.0429361730672,38.1819197688512));
#5693=CARTESIAN_POINT('',(-33.,-16.,33.8106601717798));
#5694=CARTESIAN_POINT('Origin',(33.,0.,35.6213203435596));
#5695=CARTESIAN_POINT('',(33.,-16.,34.));
#5696=CARTESIAN_POINT('',(33.,-16.,33.8106601717798));
#5697=CARTESIAN_POINT('',(33.,-13.,38.2426406871192));
#5698=CARTESIAN_POINT('',(33.,-13.0429361730672,38.1819197688512));
#5699=CARTESIAN_POINT('',(33.,13.,38.2426406871192));
#5700=CARTESIAN_POINT('',(33.,-6.75881904510252,38.2426406871192));
#5701=CARTESIAN_POINT('',(33.,16.,34.));
#5702=CARTESIAN_POINT('',(33.,11.3017552181697,40.6443214898129));
#5703=CARTESIAN_POINT('',(33.,16.,34.9695787943777));
#5704=CARTESIAN_POINT('Origin',(-34.8,0.,32.));
#5705=CARTESIAN_POINT('',(-34.8,16.,32.));
#5706=CARTESIAN_POINT('',(-34.8,16.,31.9142135623736));
#5707=CARTESIAN_POINT('',(-34.8,-16.,32.));
#5708=CARTESIAN_POINT('',(-34.8,0.,32.));
#5709=CARTESIAN_POINT('',(-34.8,-16.,31.9142135623736));
#5710=CARTESIAN_POINT('Origin',(32.835786437627,-16.,31.9142135623731));
#5711=CARTESIAN_POINT('',(-36.,-16.,32.));
#5712=CARTESIAN_POINT('',(0.,-16.,32.));
#5713=CARTESIAN_POINT('',(-36.,-16.,32.));
#5714=CARTESIAN_POINT('Origin',(-33.5,-33.5,32.));
#5715=CARTESIAN_POINT('',(-36.,-31.,32.));
#5716=CARTESIAN_POINT('',(-31.,-36.,32.));
#5717=CARTESIAN_POINT('',(-33.5,-33.5,32.));
#5718=CARTESIAN_POINT('',(-31.,-36.,32.));
#5719=CARTESIAN_POINT('',(-36.,-31.,32.));
#5720=CARTESIAN_POINT('Origin',(-36.,-36.,32.));
#5721=CARTESIAN_POINT('',(31.,-36.,32.));
#5722=CARTESIAN_POINT('',(-18.,-36.,32.));
#5723=CARTESIAN_POINT('',(31.,-36.,32.));
#5724=CARTESIAN_POINT('Origin',(33.5,-33.5,32.));
#5725=CARTESIAN_POINT('',(36.,-31.,32.));
#5726=CARTESIAN_POINT('',(33.5,-33.5,32.));
#5727=CARTESIAN_POINT('',(36.,-31.,32.));
#5728=CARTESIAN_POINT('Origin',(32.835786437627,-16.,31.9142135623731));
#5729=CARTESIAN_POINT('',(36.,-16.,32.));
#5730=CARTESIAN_POINT('',(36.,-16.,32.));
#5731=CARTESIAN_POINT('',(34.8,-16.,32.));
#5732=CARTESIAN_POINT('',(0.,-16.,32.));
#5733=CARTESIAN_POINT('',(34.8,-16.,32.));
#5734=CARTESIAN_POINT('Origin',(34.8,0.,32.));
#5735=CARTESIAN_POINT('',(34.8,16.,32.));
#5736=CARTESIAN_POINT('',(34.8,0.,32.));
#5737=CARTESIAN_POINT('',(34.8,16.,32.));
#5738=CARTESIAN_POINT('Origin',(32.835786437627,16.,31.9142135623731));
#5739=CARTESIAN_POINT('',(36.,16.,32.));
#5740=CARTESIAN_POINT('',(0.,16.,32.));
#5741=CARTESIAN_POINT('',(36.,16.,32.));
#5742=CARTESIAN_POINT('Origin',(36.,-36.,32.));
#5743=CARTESIAN_POINT('',(36.,31.,32.));
#5744=CARTESIAN_POINT('',(36.,-18.,32.));
#5745=CARTESIAN_POINT('',(36.,31.,32.));
#5746=CARTESIAN_POINT('',(36.,-18.,32.));
#5747=CARTESIAN_POINT('Origin',(33.5,33.5,32.));
#5748=CARTESIAN_POINT('',(31.,36.,32.));
#5749=CARTESIAN_POINT('',(33.5,33.5,32.));
#5750=CARTESIAN_POINT('',(31.,36.,32.));
#5751=CARTESIAN_POINT('Origin',(36.,36.,32.));
#5752=CARTESIAN_POINT('',(-31.,36.,32.));
#5753=CARTESIAN_POINT('',(-31.,36.,32.));
#5754=CARTESIAN_POINT('',(18.,36.,32.));
#5755=CARTESIAN_POINT('Origin',(-33.5,33.5,32.));
#5756=CARTESIAN_POINT('',(-36.,31.,32.));
#5757=CARTESIAN_POINT('',(-33.5,33.5,32.));
#5758=CARTESIAN_POINT('',(-36.,31.,32.));
#5759=CARTESIAN_POINT('Origin',(-36.,36.,32.));
#5760=CARTESIAN_POINT('',(-36.,16.,32.));
#5761=CARTESIAN_POINT('',(-36.,16.,32.));
#5762=CARTESIAN_POINT('',(-36.,18.,32.));
#5763=CARTESIAN_POINT('',(-36.,18.,32.));
#5764=CARTESIAN_POINT('Origin',(32.835786437627,16.,31.9142135623731));
#5765=CARTESIAN_POINT('',(0.,16.,32.));
#5766=CARTESIAN_POINT('Origin',(32.835786437627,16.,31.9142135623731));
#5767=CARTESIAN_POINT('',(33.,16.,32.));
#5768=CARTESIAN_POINT('',(33.,16.,33.7677669529663));
#5769=CARTESIAN_POINT('',(33.9858578643763,16.,32.));
#5770=CARTESIAN_POINT('',(33.4178932188135,16.,32.));
#5771=CARTESIAN_POINT('',(34.6804289321881,16.,32.6945710678119));
#5772=CARTESIAN_POINT('Origin',(35.9929289321881,0.,34.0070710678118));
#5773=CARTESIAN_POINT('',(33.9858578643763,-16.,32.));
#5774=CARTESIAN_POINT('',(33.9858578643763,0.,32.));
#5775=CARTESIAN_POINT('',(34.6804289321881,-16.,32.6945710678119));
#5776=CARTESIAN_POINT('Origin',(32.835786437627,-16.,31.9142135623731));
#5777=CARTESIAN_POINT('',(33.,-16.,32.));
#5778=CARTESIAN_POINT('',(33.4178932188135,-16.,32.));
#5779=CARTESIAN_POINT('',(33.,-16.,33.7677669529663));
#5780=CARTESIAN_POINT('Origin',(32.835786437627,-16.,31.9142135623731));
#5781=CARTESIAN_POINT('',(-33.,-16.,32.));
#5782=CARTESIAN_POINT('',(-33.9858578643762,-16.,32.));
#5783=CARTESIAN_POINT('',(32.835786437627,-16.,32.));
#5784=CARTESIAN_POINT('',(-35.9929289321881,-16.,34.0070710678118));
#5785=CARTESIAN_POINT('',(-33.,-16.,31.9142135623731));
#5786=CARTESIAN_POINT('Origin',(-35.9929289321881,0.,34.0070710678118));
#5787=CARTESIAN_POINT('',(-33.9858578643762,16.,32.));
#5788=CARTESIAN_POINT('',(-33.9858578643763,0.,32.));
#5789=CARTESIAN_POINT('',(-35.9929289321881,16.,34.0070710678118));
#5790=CARTESIAN_POINT('Origin',(32.835786437627,16.,31.9142135623731));
#5791=CARTESIAN_POINT('',(-33.,16.,32.));
#5792=CARTESIAN_POINT('',(-33.,16.,31.9142135623731));
#5793=CARTESIAN_POINT('',(32.835786437627,16.,32.));
#5794=CARTESIAN_POINT('Origin',(-33.5,16.5,34.9695787943777));
#5795=CARTESIAN_POINT('',(-34.,17.,32.));
#5796=CARTESIAN_POINT('',(-21.,4.,32.));
#5797=CARTESIAN_POINT('',(-34.,17.,34.3178372451957));
#5798=CARTESIAN_POINT('',(-34.,17.,33.1589186225979));
#5799=CARTESIAN_POINT('',(-33.,16.,34.));
#5800=CARTESIAN_POINT('Origin',(-33.5,11.7100035086335,40.9329966244077));
#5801=CARTESIAN_POINT('',(-34.,13.517638090205,39.2426406871192));
#5802=CARTESIAN_POINT('',(-34.,18.9718051896908,31.5292836035774));
#5803=CARTESIAN_POINT('',(-33.,13.,38.2426406871192));
#5804=CARTESIAN_POINT('Origin',(-33.5,-6.75881904510252,38.7426406871192));
#5805=CARTESIAN_POINT('',(-34.,-13.517638090205,39.2426406871192));
#5806=CARTESIAN_POINT('',(-34.,11.2411809548975,39.2426406871192));
#5807=CARTESIAN_POINT('',(-33.,-13.,38.2426406871192));
#5808=CARTESIAN_POINT('Origin',(-33.5,-13.451184463531,38.470594903446));
#5809=CARTESIAN_POINT('',(-34.,-17.,34.3178372451957));
#5810=CARTESIAN_POINT('',(-34.,-8.712986144588,46.0374446310929));
#5811=CARTESIAN_POINT('',(-33.,-16.,34.));
#5812=CARTESIAN_POINT('Origin',(-33.5,-16.5,33.8106601717798));
#5813=CARTESIAN_POINT('',(-34.,-17.,32.));
#5814=CARTESIAN_POINT('',(-34.,-17.,32.));
#5815=CARTESIAN_POINT('',(-21.,-4.,32.));
#5816=CARTESIAN_POINT('Origin',(33.5,-13.451184463531,38.470594903446));
#5817=CARTESIAN_POINT('',(34.,-13.517638090205,39.2426406871192));
#5818=CARTESIAN_POINT('',(34.,-17.,34.3178372451957));
#5819=CARTESIAN_POINT('',(34.,-20.7129861445883,29.0668818826157));
#5820=CARTESIAN_POINT('',(33.,-13.,38.2426406871192));
#5821=CARTESIAN_POINT('',(33.,-16.,34.));
#5822=CARTESIAN_POINT('Origin',(33.5,-6.75881904510252,38.7426406871192));
#5823=CARTESIAN_POINT('',(34.,13.517638090205,39.2426406871192));
#5824=CARTESIAN_POINT('',(34.,-24.7588190451025,39.2426406871192));
#5825=CARTESIAN_POINT('',(33.,13.,38.2426406871192));
#5826=CARTESIAN_POINT('Origin',(33.5,11.7100035086335,40.9329966244077));
#5827=CARTESIAN_POINT('',(34.,17.,34.3178372451957));
#5828=CARTESIAN_POINT('',(34.,6.97180518969049,48.4998463520546));
#5829=CARTESIAN_POINT('',(33.,16.,34.));
#5830=CARTESIAN_POINT('Origin',(33.5,16.5,34.9695787943777));
#5831=CARTESIAN_POINT('',(34.,17.,32.));
#5832=CARTESIAN_POINT('',(34.,17.,33.1589186225979));
#5833=CARTESIAN_POINT('',(21.,4.,32.));
#5834=CARTESIAN_POINT('Origin',(33.5,-16.5,33.8106601717798));
#5835=CARTESIAN_POINT('',(34.,-17.,32.));
#5836=CARTESIAN_POINT('',(21.,-4.,32.));
#5837=CARTESIAN_POINT('',(34.,-17.,32.));
#5838=CARTESIAN_POINT('Origin',(0.,0.,32.));
#5839=CARTESIAN_POINT('',(-34.,-30.1715728752538,32.));
#5840=CARTESIAN_POINT('',(-34.,18.,32.));
#5841=CARTESIAN_POINT('',(-30.1715728752538,-34.,32.));
#5842=CARTESIAN_POINT('',(-32.0857864376269,-32.0857864376269,32.));
#5843=CARTESIAN_POINT('',(30.1715728752538,-34.,32.));
#5844=CARTESIAN_POINT('',(-18.,-34.,32.));
#5845=CARTESIAN_POINT('',(34.,-30.1715728752538,32.));
#5846=CARTESIAN_POINT('',(32.0857864376269,-32.0857864376269,32.));
#5847=CARTESIAN_POINT('',(34.,-18.,32.));
#5848=CARTESIAN_POINT('',(34.,30.1715728752538,32.));
#5849=CARTESIAN_POINT('',(34.,-18.,32.));
#5850=CARTESIAN_POINT('',(30.1715728752538,34.,32.));
#5851=CARTESIAN_POINT('',(32.0857864376269,32.0857864376269,32.));
#5852=CARTESIAN_POINT('',(-30.1715728752538,34.,32.));
#5853=CARTESIAN_POINT('',(18.,34.,32.));
#5854=CARTESIAN_POINT('',(-34.,30.1715728752538,32.));
#5855=CARTESIAN_POINT('',(-32.0857864376269,32.0857864376269,32.));
#5856=CARTESIAN_POINT('',(-34.,18.,32.));
#5857=CARTESIAN_POINT('Origin',(-32.0857864376269,-32.0857864376269,32.));
#5858=CARTESIAN_POINT('',(-34.,-30.1715728752538,37.3650805666196));
#5859=CARTESIAN_POINT('',(-34.,-30.1715728752538,32.));
#5860=CARTESIAN_POINT('',(-30.1715728752538,-34.,37.3650805666196));
#5861=CARTESIAN_POINT('',(-33.3357864376269,-30.8357864376269,37.3650805666196));
#5862=CARTESIAN_POINT('',(-30.1715728752538,-34.,32.));
#5863=CARTESIAN_POINT('Origin',(-32.0857864376269,32.0857864376269,32.));
#5864=CARTESIAN_POINT('',(-30.1715728752538,34.,32.));
#5865=CARTESIAN_POINT('',(-34.,30.1715728752538,32.));
#5866=CARTESIAN_POINT('Origin',(-34.,36.,32.));
#5867=CARTESIAN_POINT('',(-34.,-25.3650805666196,42.1715728752538));
#5868=CARTESIAN_POINT('',(-34.,27.,42.1715728752538));
#5869=CARTESIAN_POINT('',(-34.,-15.0181379566839,52.5185154851895));
#5870=CARTESIAN_POINT('Origin',(-36.,-34.,32.));
#5871=CARTESIAN_POINT('',(-34.2681379566839,-34.,33.2685154851895));
#5872=CARTESIAN_POINT('',(30.1715728752538,-34.,37.3650805666196));
#5873=CARTESIAN_POINT('',(15.0181379566839,-34.,52.5185154851895));
#5874=CARTESIAN_POINT('',(30.1715728752538,-34.,32.));
#5875=CARTESIAN_POINT('Origin',(32.0857864376269,-32.0857864376269,32.));
#5876=CARTESIAN_POINT('',(34.,-30.1715728752538,37.3650805666196));
#5877=CARTESIAN_POINT('',(30.8357864376269,-33.3357864376269,37.3650805666196));
#5878=CARTESIAN_POINT('',(34.,-30.1715728752538,32.));
#5879=CARTESIAN_POINT('Origin',(34.,-36.,32.));
#5880=CARTESIAN_POINT('',(34.,-34.2681379566839,33.2685154851895));
#5881=CARTESIAN_POINT('',(34.,30.1715728752538,32.));
#5882=CARTESIAN_POINT('Origin',(32.0857864376269,32.0857864376269,32.));
#5883=CARTESIAN_POINT('',(30.1715728752538,34.,32.));
#5884=CARTESIAN_POINT('Origin',(36.,34.,32.));
#5885=CARTESIAN_POINT('Origin',(-32.0857864376269,18.,44.0857864376269));
#5886=CARTESIAN_POINT('',(-34.5855976733741,-25.3650805666195,41.5859752018797));
#5887=CARTESIAN_POINT('Origin',(-34.8452994616208,-29.8452994616208,36.8460545186319));
#5888=CARTESIAN_POINT('Origin',(29.8452994616208,-34.8452994616208,36.8460545186319));
#5889=CARTESIAN_POINT('Origin',(-17.,-8.4333752096446,48.));
#5890=CARTESIAN_POINT('',(-20.5,-1.3667504192892,48.));
#5891=CARTESIAN_POINT('',(-9.5,-8.,48.));
#5892=CARTESIAN_POINT('Origin',(-17.,-8.,48.));
#5893=CARTESIAN_POINT('',(-20.5,-2.76167965851649,48.));
#5894=CARTESIAN_POINT('',(-20.5,-1.9666876048223,48.));
#5895=CARTESIAN_POINT('',(-10.7,-8.,48.));
#5896=CARTESIAN_POINT('Origin',(-17.,-8.,48.));
#5897=CARTESIAN_POINT('',(-13.5,-2.76167965851648,48.));
#5898=CARTESIAN_POINT('Origin',(-17.,-8.,48.));
#5899=CARTESIAN_POINT('',(-13.5,-1.3667504192892,48.));
#5900=CARTESIAN_POINT('',(-13.5,-7.41473685820503,48.));
#5901=CARTESIAN_POINT('Origin',(-17.,-8.,48.));
#5902=CARTESIAN_POINT('Origin',(-20.5,4.5,45.));
#5903=CARTESIAN_POINT('',(-20.5,-1.3667504192892,56.));
#5904=CARTESIAN_POINT('',(-20.5,-1.3667504192892,48.));
#5905=CARTESIAN_POINT('',(-20.5,-2.76167965851648,56.));
#5906=CARTESIAN_POINT('',(-20.5,-20.5,56.));
#5907=CARTESIAN_POINT('',(-20.5,-2.76167965851648,58.));
#5908=CARTESIAN_POINT('Origin',(-17.,-8.,48.));
#5909=CARTESIAN_POINT('',(-9.5,-8.,58.));
#5910=CARTESIAN_POINT('Origin',(-17.,-8.,58.));
#5911=CARTESIAN_POINT('',(-9.5,-8.,48.));
#5912=CARTESIAN_POINT('',(-13.5,-1.3667504192892,56.));
#5913=CARTESIAN_POINT('',(-13.5,-1.3667504192892,48.));
#5914=CARTESIAN_POINT('Origin',(-17.,-8.,56.));
#5915=CARTESIAN_POINT('Origin',(-13.5,-6.39609850676546,45.));
#5916=CARTESIAN_POINT('',(-13.5,-2.76167965851648,56.));
#5917=CARTESIAN_POINT('',(-13.5,-2.76167965851648,58.));
#5918=CARTESIAN_POINT('',(-13.5,4.5,56.));
#5919=CARTESIAN_POINT('Origin',(-17.,-0.948049253382731,56.));
#5920=CARTESIAN_POINT('Origin',(-17.,-8.,56.));
#5921=CARTESIAN_POINT('Origin',(-17.,-8.,58.));
#5922=CARTESIAN_POINT('',(-10.7,-8.,58.));
#5923=CARTESIAN_POINT('Origin',(-17.,-8.,58.));
#5924=CARTESIAN_POINT('',(-10.7,-8.,58.));
#5925=CARTESIAN_POINT('Origin',(0.,-8.,58.));
#5926=CARTESIAN_POINT('Origin',(-17.,-8.,57.));
#5927=CARTESIAN_POINT('',(-6.25,-8.,57.));
#5928=CARTESIAN_POINT('Origin',(-17.,-8.,57.));
#5929=CARTESIAN_POINT('',(-8.25,-8.,59.));
#5930=CARTESIAN_POINT('Origin',(-8.25,-8.,57.));
#5931=CARTESIAN_POINT('Origin',(-17.,-8.,59.));
#5932=CARTESIAN_POINT('Origin',(-17.,-8.,59.));
#5933=CARTESIAN_POINT('',(-13.75,-8.,59.));
#5934=CARTESIAN_POINT('Origin',(-17.,-8.,59.));
#5935=CARTESIAN_POINT('Origin',(-17.,-8.,46.));
#5936=CARTESIAN_POINT('',(-6.25,-8.,46.));
#5937=CARTESIAN_POINT('',(-6.25,-8.,46.));
#5938=CARTESIAN_POINT('Origin',(-17.,-8.,46.));
#5939=CARTESIAN_POINT('Origin',(-17.,-8.,57.5));
#5940=CARTESIAN_POINT('',(-7.95000000000001,-8.,58.));
#5941=CARTESIAN_POINT('Origin',(-17.,-8.,58.));
#5942=CARTESIAN_POINT('',(-6.95,-8.,57.));
#5943=CARTESIAN_POINT('',(-7.45000000000001,-8.,57.5));
#5944=CARTESIAN_POINT('Origin',(-17.,-8.,57.));
#5945=CARTESIAN_POINT('Origin',(-17.,-8.,46.));
#5946=CARTESIAN_POINT('',(-6.95,-8.,46.));
#5947=CARTESIAN_POINT('',(-6.95,-8.,46.));
#5948=CARTESIAN_POINT('Origin',(-17.,-8.,46.));
#5949=CARTESIAN_POINT('Origin',(-17.,-8.,58.));
#5950=CARTESIAN_POINT('',(-23.1,-8.,58.));
#5951=CARTESIAN_POINT('Origin',(-17.,-8.,58.));
#5952=CARTESIAN_POINT('Origin',(0.,-8.,48.));
#5953=CARTESIAN_POINT('',(-13.5,-3.00400160128128,48.));
#5954=CARTESIAN_POINT('',(-13.5,-3.84398026953673,48.));
#5955=CARTESIAN_POINT('',(-13.5,-7.19804925338273,48.));
#5956=CARTESIAN_POINT('',(-23.1,-8.,48.));
#5957=CARTESIAN_POINT('Origin',(-17.,-8.,48.));
#5958=CARTESIAN_POINT('',(-20.5,-3.00400160128128,48.));
#5959=CARTESIAN_POINT('Origin',(-17.,-8.,48.));
#5960=CARTESIAN_POINT('',(-20.5,-3.84398026953673,48.));
#5961=CARTESIAN_POINT('',(-20.5,-1.75,48.));
#5962=CARTESIAN_POINT('',(-18.9845360824742,-4.70089155416833,48.));
#5963=CARTESIAN_POINT('Origin',(-19.5,-3.84398026953673,48.));
#5964=CARTESIAN_POINT('',(-15.0154639175258,-4.70089155416833,48.));
#5965=CARTESIAN_POINT('Origin',(-17.,-8.,48.));
#5966=CARTESIAN_POINT('Origin',(-14.5,-3.84398026953673,48.));
#5967=CARTESIAN_POINT('',(-15.25,-8.,48.));
#5968=CARTESIAN_POINT('Origin',(-17.,-8.,48.));
#5969=CARTESIAN_POINT('Origin',(-20.5,4.5,45.));
#5970=CARTESIAN_POINT('',(-20.5,-3.00400160128128,56.));
#5971=CARTESIAN_POINT('',(-20.5,-3.00400160128128,58.));
#5972=CARTESIAN_POINT('',(-20.5,-3.84398026953673,56.));
#5973=CARTESIAN_POINT('',(-20.5,-20.5,56.));
#5974=CARTESIAN_POINT('',(-20.5,-3.84398026953673,45.));
#5975=CARTESIAN_POINT('Origin',(-17.,-8.,58.));
#5976=CARTESIAN_POINT('',(-23.1,-8.,58.));
#5977=CARTESIAN_POINT('',(-13.5,-3.00400160128128,56.));
#5978=CARTESIAN_POINT('',(-13.5,-3.00400160128128,58.));
#5979=CARTESIAN_POINT('Origin',(-17.,-8.,56.));
#5980=CARTESIAN_POINT('Origin',(-13.5,-6.39609850676546,45.));
#5981=CARTESIAN_POINT('',(-13.5,-3.84398026953673,56.));
#5982=CARTESIAN_POINT('',(-13.5,-3.84398026953673,45.));
#5983=CARTESIAN_POINT('',(-13.5,4.5,56.));
#5984=CARTESIAN_POINT('Origin',(-19.5,-3.84398026953673,45.));
#5985=CARTESIAN_POINT('',(-18.9845360824742,-4.70089155416833,56.));
#5986=CARTESIAN_POINT('Origin',(-19.5,-3.84398026953673,56.));
#5987=CARTESIAN_POINT('',(-18.9845360824742,-4.70089155416833,45.));
#5988=CARTESIAN_POINT('Origin',(-14.5,-3.84398026953673,45.));
#5989=CARTESIAN_POINT('',(-15.0154639175258,-4.70089155416833,56.));
#5990=CARTESIAN_POINT('',(-15.0154639175258,-4.70089155416833,45.));
#5991=CARTESIAN_POINT('Origin',(-14.5,-3.84398026953673,56.));
#5992=CARTESIAN_POINT('Origin',(-17.,-8.,45.));
#5993=CARTESIAN_POINT('Origin',(-17.,-8.,56.));
#5994=CARTESIAN_POINT('Origin',(-17.,-0.948049253382731,56.));
#5995=CARTESIAN_POINT('Origin',(-17.,-8.,51.9019237886467));
#5996=CARTESIAN_POINT('',(-14.5,-8.,53.2009618943233));
#5997=CARTESIAN_POINT('Origin',(-17.,-8.,53.2009618943233));
#5998=CARTESIAN_POINT('',(-15.25,-8.,51.9019237886467));
#5999=CARTESIAN_POINT('Origin',(-13.75,-8.,51.9019237886467));
#6000=CARTESIAN_POINT('Origin',(-17.,-8.,51.9019237886467));
#6001=CARTESIAN_POINT('Origin',(-17.,-8.,53.));
#6002=CARTESIAN_POINT('',(-15.25,-8.,53.));
#6003=CARTESIAN_POINT('Origin',(-17.,-8.,54.5));
#6004=CARTESIAN_POINT('',(-13.75,-8.,54.5));
#6005=CARTESIAN_POINT('Origin',(-15.25,-8.,54.5));
#6006=CARTESIAN_POINT('Origin',(-17.,-8.,54.5));
#6007=CARTESIAN_POINT('Origin',(-17.,-8.,59.));
#6008=CARTESIAN_POINT('',(-13.75,-8.,59.));
#6009=CARTESIAN_POINT('Origin',(-17.,-8.,46.));
#6010=CARTESIAN_POINT('Origin',(17.,-8.4333752096446,48.));
#6011=CARTESIAN_POINT('',(13.5,-1.3667504192892,48.));
#6012=CARTESIAN_POINT('',(24.5,-8.,48.));
#6013=CARTESIAN_POINT('Origin',(17.,-8.,48.));
#6014=CARTESIAN_POINT('',(13.5,-2.76167965851649,48.));
#6015=CARTESIAN_POINT('',(13.5,-1.9666876048223,48.));
#6016=CARTESIAN_POINT('',(23.3,-8.,48.));
#6017=CARTESIAN_POINT('Origin',(17.,-8.,48.));
#6018=CARTESIAN_POINT('',(20.5,-2.76167965851648,48.));
#6019=CARTESIAN_POINT('Origin',(17.,-8.,48.));
#6020=CARTESIAN_POINT('',(20.5,-1.3667504192892,48.));
#6021=CARTESIAN_POINT('',(20.5,-7.41473664141523,48.));
#6022=CARTESIAN_POINT('Origin',(17.,-8.,48.));
#6023=CARTESIAN_POINT('Origin',(13.5,4.5,45.));
#6024=CARTESIAN_POINT('',(13.5,-1.3667504192892,56.));
#6025=CARTESIAN_POINT('',(13.5,-1.3667504192892,48.));
#6026=CARTESIAN_POINT('',(13.5,-2.76167965851648,56.));
#6027=CARTESIAN_POINT('',(13.5,-20.5,56.));
#6028=CARTESIAN_POINT('',(13.5,-2.76167965851648,58.));
#6029=CARTESIAN_POINT('Origin',(17.,-8.,48.));
#6030=CARTESIAN_POINT('',(24.5,-8.,58.));
#6031=CARTESIAN_POINT('Origin',(17.,-8.,58.));
#6032=CARTESIAN_POINT('',(24.5,-8.,48.));
#6033=CARTESIAN_POINT('',(20.5,-1.3667504192892,56.));
#6034=CARTESIAN_POINT('',(20.5,-1.3667504192892,48.));
#6035=CARTESIAN_POINT('Origin',(17.,-8.,56.));
#6036=CARTESIAN_POINT('Origin',(20.5,-6.39609807318586,45.));
#6037=CARTESIAN_POINT('',(20.5,-2.76167965851648,56.));
#6038=CARTESIAN_POINT('',(20.5,-2.76167965851648,58.));
#6039=CARTESIAN_POINT('',(20.5,4.5,56.));
#6040=CARTESIAN_POINT('Origin',(17.,-0.948049589381921,56.));
#6041=CARTESIAN_POINT('Origin',(17.,-8.,56.));
#6042=CARTESIAN_POINT('Origin',(17.,-8.,58.));
#6043=CARTESIAN_POINT('',(23.3,-8.,58.));
#6044=CARTESIAN_POINT('Origin',(17.,-8.,58.));
#6045=CARTESIAN_POINT('',(23.3,-8.,58.));
#6046=CARTESIAN_POINT('Origin',(0.,-8.,58.));
#6047=CARTESIAN_POINT('Origin',(17.,-8.,57.));
#6048=CARTESIAN_POINT('',(27.75,-8.,57.));
#6049=CARTESIAN_POINT('Origin',(17.,-8.,57.));
#6050=CARTESIAN_POINT('',(25.75,-8.,59.));
#6051=CARTESIAN_POINT('Origin',(25.75,-8.,57.));
#6052=CARTESIAN_POINT('Origin',(17.,-8.,59.));
#6053=CARTESIAN_POINT('Origin',(17.,-8.,59.));
#6054=CARTESIAN_POINT('',(20.2500002533197,-8.00000011920929,59.));
#6055=CARTESIAN_POINT('Origin',(17.0000002533197,-8.00000011920929,59.));
#6056=CARTESIAN_POINT('Origin',(17.,-8.,46.));
#6057=CARTESIAN_POINT('',(27.75,-8.,46.));
#6058=CARTESIAN_POINT('',(27.75,-8.,46.));
#6059=CARTESIAN_POINT('Origin',(17.,-8.,46.));
#6060=CARTESIAN_POINT('Origin',(17.,-8.,57.5));
#6061=CARTESIAN_POINT('',(26.05,-8.,58.));
#6062=CARTESIAN_POINT('Origin',(17.,-8.,58.));
#6063=CARTESIAN_POINT('',(27.05,-8.,57.));
#6064=CARTESIAN_POINT('',(26.55,-8.,57.5));
#6065=CARTESIAN_POINT('Origin',(17.,-8.,57.));
#6066=CARTESIAN_POINT('Origin',(17.,-8.,46.));
#6067=CARTESIAN_POINT('',(27.05,-8.,46.));
#6068=CARTESIAN_POINT('',(27.05,-8.,46.));
#6069=CARTESIAN_POINT('Origin',(17.,-8.,46.));
#6070=CARTESIAN_POINT('Origin',(17.,-8.,58.));
#6071=CARTESIAN_POINT('',(10.9,-8.,58.));
#6072=CARTESIAN_POINT('Origin',(17.,-8.,58.));
#6073=CARTESIAN_POINT('Origin',(0.,-8.,48.));
#6074=CARTESIAN_POINT('',(20.5,-3.00400160128128,48.));
#6075=CARTESIAN_POINT('',(20.5,-3.84398023636481,48.));
#6076=CARTESIAN_POINT('',(20.5,-7.19804903659293,48.));
#6077=CARTESIAN_POINT('',(10.9,-8.,48.));
#6078=CARTESIAN_POINT('Origin',(17.,-8.,48.));
#6079=CARTESIAN_POINT('',(13.5,-3.00400160128128,48.));
#6080=CARTESIAN_POINT('Origin',(17.,-8.,48.));
#6081=CARTESIAN_POINT('',(13.5,-3.84398054112724,48.));
#6082=CARTESIAN_POINT('',(13.5,-1.75,48.));
#6083=CARTESIAN_POINT('',(15.0154639697566,-4.70089179434004,48.));
#6084=CARTESIAN_POINT('Origin',(14.5,-3.84398054112724,48.));
#6085=CARTESIAN_POINT('',(18.9845361347051,-4.70089155241522,48.));
#6086=CARTESIAN_POINT('Origin',(17.0000002533197,-8.00000011920929,48.));
#6087=CARTESIAN_POINT('Origin',(19.5,-3.84398023636481,48.));
#6088=CARTESIAN_POINT('',(18.7500002533197,-8.00000011920929,48.));
#6089=CARTESIAN_POINT('Origin',(17.0000002533197,-8.00000011920929,48.));
#6090=CARTESIAN_POINT('Origin',(13.5,4.5,45.));
#6091=CARTESIAN_POINT('',(13.5,-3.00400160128128,56.));
#6092=CARTESIAN_POINT('',(13.5,-3.00400160128128,58.));
#6093=CARTESIAN_POINT('',(13.5,-3.84398054112725,56.));
#6094=CARTESIAN_POINT('',(13.5,-20.5,56.));
#6095=CARTESIAN_POINT('',(13.5,-3.84398054112724,45.));
#6096=CARTESIAN_POINT('Origin',(17.,-8.,58.));
#6097=CARTESIAN_POINT('',(10.9,-8.,58.));
#6098=CARTESIAN_POINT('',(20.5,-3.00400160128128,56.));
#6099=CARTESIAN_POINT('',(20.5,-3.00400160128128,58.));
#6100=CARTESIAN_POINT('Origin',(17.,-8.,56.));
#6101=CARTESIAN_POINT('Origin',(20.5,-6.39609807318586,45.));
#6102=CARTESIAN_POINT('',(20.5,-3.84398023636481,56.));
#6103=CARTESIAN_POINT('',(20.5,-3.84398023636481,45.));
#6104=CARTESIAN_POINT('',(20.5,4.5,56.));
#6105=CARTESIAN_POINT('Origin',(19.5,-3.84398023636481,45.));
#6106=CARTESIAN_POINT('',(18.9845361347051,-4.70089155241522,56.));
#6107=CARTESIAN_POINT('',(18.9845361347051,-4.70089155241522,45.));
#6108=CARTESIAN_POINT('Origin',(19.5,-3.84398023636481,56.));
#6109=CARTESIAN_POINT('Origin',(17.,-0.948049589381921,56.));
#6110=CARTESIAN_POINT('',(15.0154639697566,-4.70089179434004,56.));
#6111=CARTESIAN_POINT('Origin',(17.0000002533197,-8.00000011920929,56.));
#6112=CARTESIAN_POINT('Origin',(14.5,-3.84398054112724,56.));
#6113=CARTESIAN_POINT('Origin',(17.0000002533197,-8.00000011920929,45.));
#6114=CARTESIAN_POINT('',(15.0154639697566,-4.70089179434004,45.));
#6115=CARTESIAN_POINT('Origin',(14.5,-3.84398054112724,45.));
#6116=CARTESIAN_POINT('Origin',(17.0000002533197,-8.00000011920929,51.9019237886467));
#6117=CARTESIAN_POINT('',(19.5000002533197,-8.00000011920929,53.2009618943233));
#6118=CARTESIAN_POINT('Origin',(17.0000002533197,-8.00000011920929,53.2009618943233));
#6119=CARTESIAN_POINT('',(18.7500002533197,-8.00000011920929,51.9019237886467));
#6120=CARTESIAN_POINT('Origin',(20.2500002533197,-8.00000011920929,51.9019237886467));
#6121=CARTESIAN_POINT('Origin',(17.0000002533197,-8.00000011920929,51.9019237886467));
#6122=CARTESIAN_POINT('Origin',(17.0000002533197,-8.00000011920929,53.));
#6123=CARTESIAN_POINT('',(18.7500002533197,-8.00000011920929,53.));
#6124=CARTESIAN_POINT('Origin',(17.0000002533197,-8.00000011920929,54.5));
#6125=CARTESIAN_POINT('',(20.2500002533197,-8.00000011920929,54.5));
#6126=CARTESIAN_POINT('Origin',(18.7500002533197,-8.00000011920929,54.5));
#6127=CARTESIAN_POINT('Origin',(17.0000002533197,-8.00000011920929,54.5));
#6128=CARTESIAN_POINT('Origin',(17.0000002533197,-8.00000011920929,59.));
#6129=CARTESIAN_POINT('',(20.2500002533197,-8.00000011920929,59.));
#6130=CARTESIAN_POINT('Origin',(17.,-8.,46.));
#6131=CARTESIAN_POINT('Origin',(2.77555756156289E-16,-24.3358994113243,
45.));
#6132=CARTESIAN_POINT('',(-1.5,-24.3358994113243,48.));
#6133=CARTESIAN_POINT('Origin',(2.77555756156289E-16,-24.3358994113243,
48.));
#6134=CARTESIAN_POINT('',(-1.5,-24.3358994113243,52.));
#6135=CARTESIAN_POINT('',(-1.5,-24.3358994113243,45.));
#6136=CARTESIAN_POINT('Origin',(2.77555756156289E-16,-24.3358994113243,
52.));
#6137=CARTESIAN_POINT('Origin',(2.77555756156289E-16,-24.3358994113243,
52.));
#6138=CARTESIAN_POINT('Origin',(-2.77555756156289E-16,24.3358994113243,
45.));
#6139=CARTESIAN_POINT('',(-1.5,24.3358994113243,48.));
#6140=CARTESIAN_POINT('Origin',(-2.77555756156289E-16,24.3358994113243,
48.));
#6141=CARTESIAN_POINT('',(-1.5,24.3358994113243,52.));
#6142=CARTESIAN_POINT('',(-1.5,24.3358994113243,45.));
#6143=CARTESIAN_POINT('Origin',(-2.77555756156289E-16,24.3358994113243,
52.));
#6144=CARTESIAN_POINT('Origin',(-2.77555756156289E-16,24.3358994113243,
52.));
#6145=CARTESIAN_POINT('Origin',(4.,20.1717988226486,50.0038491169865));
#6146=CARTESIAN_POINT('',(3.5,19.6717988226486,52.0076982339729));
#6147=CARTESIAN_POINT('',(3.5,19.6717988226486,48.));
#6148=CARTESIAN_POINT('',(3.5,19.6717988226486,50.0038491169865));
#6149=CARTESIAN_POINT('',(4.5,20.6717988226486,48.));
#6150=CARTESIAN_POINT('',(-2.04294970566216,14.1288491169865,48.));
#6151=CARTESIAN_POINT('',(4.5,20.6717988226486,52.5428819924609));
#6152=CARTESIAN_POINT('',(4.5,20.6717988226486,50.0038491169865));
#6153=CARTESIAN_POINT('',(4.5,20.6717988226486,52.5428819924609));
#6154=CARTESIAN_POINT('Origin',(4.,1.78184567316401,64.53525887954));
#6155=CARTESIAN_POINT('',(4.5,15.4861218113401,56.));
#6156=CARTESIAN_POINT('',(4.5,2.05919577127663,64.9512840267089));
#6157=CARTESIAN_POINT('',(3.5,15.183346173608,55.));
#6158=CARTESIAN_POINT('',(4.5,15.4861218113401,56.));
#6159=CARTESIAN_POINT('',(3.5,1.50449557505139,64.1192337323711));
#6160=CARTESIAN_POINT('Origin',(4.,-24.1029950746074,49.6544926119111));
#6161=CARTESIAN_POINT('',(4.5,-15.48612181134,56.));
#6162=CARTESIAN_POINT('',(4.5,-20.6717988226486,52.5428819924609));
#6163=CARTESIAN_POINT('',(4.5,-24.38034517272,50.07051775908));
#6164=CARTESIAN_POINT('',(3.5,-19.6717988226486,52.0076982339729));
#6165=CARTESIAN_POINT('',(4.5,-20.6717988226486,52.5428819924609));
#6166=CARTESIAN_POINT('',(3.5,-15.183346173608,55.));
#6167=CARTESIAN_POINT('',(3.5,-23.8256449764948,49.2384674647422));
#6168=CARTESIAN_POINT('',(3.5,-15.183346173608,55.));
#6169=CARTESIAN_POINT('Origin',(4.,-20.1717988226486,48.));
#6170=CARTESIAN_POINT('',(4.5,-20.6717988226486,48.));
#6171=CARTESIAN_POINT('',(4.5,-20.6717988226486,48.));
#6172=CARTESIAN_POINT('',(3.5,-19.6717988226486,48.));
#6173=CARTESIAN_POINT('',(-2.04294970566216,-14.1288491169865,48.));
#6174=CARTESIAN_POINT('',(3.5,-19.6717988226486,48.));
#6175=CARTESIAN_POINT('Origin',(4.,-22.091673086804,55.5));
#6176=CARTESIAN_POINT('',(4.5,-22.091673086804,56.));
#6177=CARTESIAN_POINT('',(3.5,-22.091673086804,55.));
#6178=CARTESIAN_POINT('Origin',(0.,0.,48.));
#6179=CARTESIAN_POINT('',(-3.5,19.6717988226486,48.));
#6180=CARTESIAN_POINT('',(2.25,19.6717988226486,48.));
#6181=CARTESIAN_POINT('',(-4.5,20.6717988226486,48.));
#6182=CARTESIAN_POINT('',(2.04294970566216,14.1288491169865,48.));
#6183=CARTESIAN_POINT('',(-4.5,28.,48.));
#6184=CARTESIAN_POINT('',(-4.5,29.,48.));
#6185=CARTESIAN_POINT('',(-3.5,29.,48.));
#6186=CARTESIAN_POINT('',(-10.125,22.375,48.));
#6187=CARTESIAN_POINT('',(3.5,29.,48.));
#6188=CARTESIAN_POINT('',(4.5,29.,48.));
#6189=CARTESIAN_POINT('',(4.5,28.,48.));
#6190=CARTESIAN_POINT('',(10.125,22.375,48.));
#6191=CARTESIAN_POINT('',(4.5,-29.,48.));
#6192=CARTESIAN_POINT('Origin',(4.5,19.6717988226486,52.0076982339729));
#6193=CARTESIAN_POINT('',(-3.5,19.6717988226486,52.0076982339729));
#6194=CARTESIAN_POINT('',(4.5,19.6717988226486,52.0076982339729));
#6195=CARTESIAN_POINT('',(-3.5,19.6717988226486,50.0038491169865));
#6196=CARTESIAN_POINT('Origin',(4.5,15.183346173608,55.));
#6197=CARTESIAN_POINT('',(-3.5,15.183346173608,55.));
#6198=CARTESIAN_POINT('',(4.5,15.183346173608,55.));
#6199=CARTESIAN_POINT('',(-3.5,21.5814186519745,50.7346183477557));
#6200=CARTESIAN_POINT('Origin',(4.5,-15.183346173608,55.));
#6201=CARTESIAN_POINT('',(-3.5,-15.183346173608,55.));
#6202=CARTESIAN_POINT('',(4.5,-15.183346173608,55.));
#6203=CARTESIAN_POINT('',(-3.5,6.90832691319599,55.));
#6204=CARTESIAN_POINT('Origin',(4.5,-19.6717988226486,52.0076982339729));
#6205=CARTESIAN_POINT('',(-3.5,-19.6717988226486,52.0076982339729));
#6206=CARTESIAN_POINT('',(4.5,-19.6717988226486,52.0076982339729));
#6207=CARTESIAN_POINT('',(-3.5,-3.74872189957169,62.6230828493575));
#6208=CARTESIAN_POINT('Origin',(3.5,-28.1679497056622,53.5547001962252));
#6209=CARTESIAN_POINT('',(4.5,-28.,52.464816241512));
#6210=CARTESIAN_POINT('',(3.5,-29.,52.));
#6211=CARTESIAN_POINT('',(4.5,-28.,52.464816241512));
#6212=CARTESIAN_POINT('',(3.5,-28.1679497056622,53.5547001962252));
#6213=CARTESIAN_POINT('',(3.5,-28.1679497056622,53.5547001962252));
#6214=CARTESIAN_POINT('',(3.5,-29.,52.));
#6215=CARTESIAN_POINT('Origin',(4.5,-16.697224362268,60.));
#6216=CARTESIAN_POINT('',(3.5,-17.8320502943378,60.4452998037748));
#6217=CARTESIAN_POINT('',(3.5,-16.,61.));
#6218=CARTESIAN_POINT('',(3.5,-17.8320502943378,60.4452998037748));
#6219=CARTESIAN_POINT('',(4.5,-16.697224362268,60.));
#6220=CARTESIAN_POINT('',(4.5,-16.697224362268,60.));
#6221=CARTESIAN_POINT('',(3.5,-16.,61.));
#6222=CARTESIAN_POINT('Origin',(4.,-26.8764960557335,53.8147440836003));
#6223=CARTESIAN_POINT('',(3.5,-27.1538461538462,54.2307692307692));
#6224=CARTESIAN_POINT('',(4.5,-26.5991459576209,53.3987189364314));
#6225=CARTESIAN_POINT('Origin',(-3.5,-28.1679497056622,53.5547001962252));
#6226=CARTESIAN_POINT('',(-3.5,-29.,52.));
#6227=CARTESIAN_POINT('',(-4.5,-28.,52.464816241512));
#6228=CARTESIAN_POINT('',(-3.5,-29.,52.));
#6229=CARTESIAN_POINT('',(-3.5,-28.1679497056622,53.5547001962252));
#6230=CARTESIAN_POINT('',(-3.5,-28.1679497056622,53.5547001962252));
#6231=CARTESIAN_POINT('',(-4.5,-28.,52.464816241512));
#6232=CARTESIAN_POINT('Origin',(-3.375,-28.5839748528311,52.7773500981126));
#6233=CARTESIAN_POINT('',(-3.375,-28.1679497056622,53.5547001962252));
#6234=CARTESIAN_POINT('',(-3.375,-29.,52.));
#6235=CARTESIAN_POINT('Origin',(4.5,16.697224362268,60.));
#6236=CARTESIAN_POINT('',(3.5,16.,61.));
#6237=CARTESIAN_POINT('',(3.5,17.8320502943378,60.4452998037748));
#6238=CARTESIAN_POINT('',(3.5,16.,61.));
#6239=CARTESIAN_POINT('',(4.5,16.697224362268,60.));
#6240=CARTESIAN_POINT('',(4.5,16.697224362268,60.));
#6241=CARTESIAN_POINT('',(3.5,17.8320502943378,60.4452998037748));
#6242=CARTESIAN_POINT('Origin',(4.,-14.5,60.5));
#6243=CARTESIAN_POINT('',(4.5,-14.5,60.));
#6244=CARTESIAN_POINT('',(3.5,-14.5,61.));
#6245=CARTESIAN_POINT('Origin',(-4.5,-16.697224362268,60.));
#6246=CARTESIAN_POINT('',(-3.5,-16.,61.));
#6247=CARTESIAN_POINT('',(-3.5,-17.8320502943378,60.4452998037748));
#6248=CARTESIAN_POINT('',(-3.5,-16.,61.));
#6249=CARTESIAN_POINT('',(-4.5,-16.697224362268,60.));
#6250=CARTESIAN_POINT('',(-4.5,-16.697224362268,60.));
#6251=CARTESIAN_POINT('',(-3.5,-17.8320502943378,60.4452998037748));
#6252=CARTESIAN_POINT('Origin',(4.5,28.,52.464816241512));
#6253=CARTESIAN_POINT('',(3.5,28.1679497056622,53.5547001962252));
#6254=CARTESIAN_POINT('',(3.5,29.,52.));
#6255=CARTESIAN_POINT('',(3.5,28.1679497056622,53.5547001962252));
#6256=CARTESIAN_POINT('',(4.5,28.,52.464816241512));
#6257=CARTESIAN_POINT('',(4.5,28.,52.464816241512));
#6258=CARTESIAN_POINT('',(3.5,29.,52.));
#6259=CARTESIAN_POINT('Origin',(4.,6.79957297881046,67.1993594682157));
#6260=CARTESIAN_POINT('',(3.5,7.07692307692307,67.6153846153846));
#6261=CARTESIAN_POINT('',(4.5,6.52222288069784,66.7833343210468));
#6262=CARTESIAN_POINT('Origin',(4.,28.5,48.));
#6263=CARTESIAN_POINT('',(3.5,29.,48.));
#6264=CARTESIAN_POINT('',(4.5,28.,48.));
#6265=CARTESIAN_POINT('Origin',(-3.5,17.8320502943378,60.4452998037748));
#6266=CARTESIAN_POINT('',(-3.5,16.,61.));
#6267=CARTESIAN_POINT('',(-4.5,16.697224362268,60.));
#6268=CARTESIAN_POINT('',(-3.5,16.,61.));
#6269=CARTESIAN_POINT('',(-3.5,17.8320502943378,60.4452998037748));
#6270=CARTESIAN_POINT('',(-3.5,17.8320502943378,60.4452998037748));
#6271=CARTESIAN_POINT('',(-4.5,16.697224362268,60.));
#6272=CARTESIAN_POINT('Origin',(1.125,16.9160251471689,60.7226499018874));
#6273=CARTESIAN_POINT('',(1.125,17.8320502943378,60.4452998037748));
#6274=CARTESIAN_POINT('',(1.125,16.,61.));
#6275=CARTESIAN_POINT('Origin',(-3.5,28.1679497056622,53.5547001962252));
#6276=CARTESIAN_POINT('',(-4.5,28.,52.464816241512));
#6277=CARTESIAN_POINT('',(-3.5,29.,52.));
#6278=CARTESIAN_POINT('',(-4.5,28.,52.464816241512));
#6279=CARTESIAN_POINT('',(-3.5,28.1679497056622,53.5547001962252));
#6280=CARTESIAN_POINT('',(-3.5,28.1679497056622,53.5547001962252));
#6281=CARTESIAN_POINT('',(-3.5,29.,52.));
#6282=CARTESIAN_POINT('Origin',(-4.,26.8764960557335,53.8147440836003));
#6283=CARTESIAN_POINT('',(-3.5,27.1538461538462,54.2307692307692));
#6284=CARTESIAN_POINT('',(-4.5,26.5991459576209,53.3987189364314));
#6285=CARTESIAN_POINT('Origin',(3.375,28.5839748528311,52.7773500981126));
#6286=CARTESIAN_POINT('',(3.375,28.1679497056622,53.5547001962252));
#6287=CARTESIAN_POINT('',(3.375,29.,52.));
#6288=CARTESIAN_POINT('Origin',(-4.,28.5,48.));
#6289=CARTESIAN_POINT('',(-4.5,28.,48.));
#6290=CARTESIAN_POINT('',(-3.5,29.,48.));
#6291=CARTESIAN_POINT('Origin',(-4.,14.5,60.5));
#6292=CARTESIAN_POINT('',(-4.5,14.5,60.));
#6293=CARTESIAN_POINT('',(-3.5,14.5,61.));
#6294=CARTESIAN_POINT('Origin',(-4.,-6.79957297881046,67.1993594682157));
#6295=CARTESIAN_POINT('',(-3.5,-7.07692307692307,67.6153846153846));
#6296=CARTESIAN_POINT('',(-4.5,-6.52222288069784,66.7833343210468));
#6297=CARTESIAN_POINT('Origin',(-1.125,-16.9160251471689,60.7226499018874));
#6298=CARTESIAN_POINT('',(-1.125,-17.8320502943378,60.4452998037748));
#6299=CARTESIAN_POINT('',(-1.125,-16.,61.));
#6300=CARTESIAN_POINT('Origin',(-4.,-28.5,48.));
#6301=CARTESIAN_POINT('',(-4.5,-28.,48.));
#6302=CARTESIAN_POINT('',(-3.5,-29.,48.));
#6303=CARTESIAN_POINT('',(-10.125,-22.375,48.));
#6304=CARTESIAN_POINT('',(-3.5,-29.,48.));
#6305=CARTESIAN_POINT('',(-4.5,-28.,48.));
#6306=CARTESIAN_POINT('Origin',(4.,-28.5,48.));
#6307=CARTESIAN_POINT('',(3.5,-29.,48.));
#6308=CARTESIAN_POINT('',(4.5,-28.,48.));
#6309=CARTESIAN_POINT('',(10.125,-22.375,48.));
#6310=CARTESIAN_POINT('',(4.5,-28.,48.));
#6311=CARTESIAN_POINT('',(3.5,-29.,48.));
#6312=CARTESIAN_POINT('Origin',(4.5,29.,48.));
#6313=CARTESIAN_POINT('Origin',(4.5,-29.,48.));
#6314=CARTESIAN_POINT('',(4.5,-29.,48.));
#6315=CARTESIAN_POINT('Origin',(-2.25,-23.,57.));
#6316=CARTESIAN_POINT('Origin',(0.,0.,61.));
#6317=CARTESIAN_POINT('Origin',(2.25,23.,57.));
#6318=CARTESIAN_POINT('Origin',(-4.,-4.02607199768431,63.0391079965265));
#6319=CARTESIAN_POINT('',(-4.5,-20.6717988226486,52.5428819924609));
#6320=CARTESIAN_POINT('',(-4.5,-15.48612181134,56.));
#6321=CARTESIAN_POINT('',(-4.5,-4.30342209579692,63.4551331436954));
#6322=CARTESIAN_POINT('',(-4.5,-15.48612181134,56.));
#6323=CARTESIAN_POINT('',(-3.5,-19.6717988226486,52.0076982339729));
#6324=CARTESIAN_POINT('Origin',(-4.,20.1717988226486,50.0038491169865));
#6325=CARTESIAN_POINT('',(-4.5,20.6717988226486,52.5428819924609));
#6326=CARTESIAN_POINT('',(-4.5,20.6717988226486,50.0038491169865));
#6327=CARTESIAN_POINT('',(-3.5,19.6717988226486,52.0076982339729));
#6328=CARTESIAN_POINT('Origin',(-4.,21.8587687500871,51.1506434949246));
#6329=CARTESIAN_POINT('',(-4.5,15.4861218113401,56.));
#6330=CARTESIAN_POINT('',(-4.5,22.1361188481997,51.5666686420936));
#6331=CARTESIAN_POINT('',(-3.5,15.183346173608,55.));
#6332=CARTESIAN_POINT('Origin',(-4.,6.90832691319599,55.5));
#6333=CARTESIAN_POINT('',(-4.5,6.90832691319599,56.));
#6334=CARTESIAN_POINT('Origin',(-4.,-20.1717988226486,48.));
#6335=CARTESIAN_POINT('',(-3.5,-19.6717988226486,48.));
#6336=CARTESIAN_POINT('',(-3.5,-19.6717988226486,48.));
#6337=CARTESIAN_POINT('',(-4.5,-20.6717988226486,48.));
#6338=CARTESIAN_POINT('',(2.04294970566216,-14.1288491169865,48.));
#6339=CARTESIAN_POINT('',(-4.5,-20.6717988226486,48.));
#6340=CARTESIAN_POINT('Origin',(0.,0.,48.));
#6341=CARTESIAN_POINT('',(-4.5,-29.,48.));
#6342=CARTESIAN_POINT('',(-4.5,29.,48.));
#6343=CARTESIAN_POINT('',(2.25,-19.6717988226486,48.));
#6344=CARTESIAN_POINT('Origin',(4.5,-19.6717988226486,48.));
#6345=CARTESIAN_POINT('Origin',(-4.5,29.,48.));
#6346=CARTESIAN_POINT('Origin',(-4.5,-29.,48.));
#6347=UNCERTAINTY_MEASURE_WITH_UNIT(LENGTH_MEASURE(0.01),#6351,
'DISTANCE_ACCURACY_VALUE',
'Maximum model space distance between geometric entities at asserted c
onnectivities');
#6348=UNCERTAINTY_MEASURE_WITH_UNIT(LENGTH_MEASURE(0.01),#6351,
'DISTANCE_ACCURACY_VALUE',
'Maximum model space distance between geometric entities at asserted c
onnectivities');
#6349=(
GEOMETRIC_REPRESENTATION_CONTEXT(3)
GLOBAL_UNCERTAINTY_ASSIGNED_CONTEXT((#6347))
GLOBAL_UNIT_ASSIGNED_CONTEXT((#6351,#6353,#6354))
REPRESENTATION_CONTEXT('','3D')
);
#6350=(
GEOMETRIC_REPRESENTATION_CONTEXT(3)
GLOBAL_UNCERTAINTY_ASSIGNED_CONTEXT((#6348))
GLOBAL_UNIT_ASSIGNED_CONTEXT((#6351,#6353,#6354))
REPRESENTATION_CONTEXT('','3D')
);
#6351=(
LENGTH_UNIT()
NAMED_UNIT(*)
SI_UNIT(.MILLI.,.METRE.)
);
#6352=(
LENGTH_UNIT()
NAMED_UNIT(*)
SI_UNIT($,.METRE.)
);
#6353=(
NAMED_UNIT(*)
PLANE_ANGLE_UNIT()
SI_UNIT($,.RADIAN.)
);
#6354=(
NAMED_UNIT(*)
SI_UNIT($,.STERADIAN.)
SOLID_ANGLE_UNIT()
);
#6355=SHAPE_DEFINITION_REPRESENTATION(#6356,#6357);
#6356=PRODUCT_DEFINITION_SHAPE('',$,#6359);
#6357=SHAPE_REPRESENTATION('',(#3823),#6349);
#6358=PRODUCT_DEFINITION_CONTEXT('part definition',#6363,'design');
#6359=PRODUCT_DEFINITION('Toplights','hp_toplights_r2 v2',#6360,#6358);
#6360=PRODUCT_DEFINITION_FORMATION('',$,#6365);
#6361=PRODUCT_RELATED_PRODUCT_CATEGORY('hp_toplights_r2 v2',
'hp_toplights_r2 v2',(#6365));
#6362=APPLICATION_PROTOCOL_DEFINITION('international standard',
'automotive_design',2009,#6363);
#6363=APPLICATION_CONTEXT(
'Core Data for Automotive Mechanical Design Process');
#6364=PRODUCT_CONTEXT('part definition',#6363,'mechanical');
#6365=PRODUCT('Toplights','hp_toplights_r2 v2','STEP AP242 Edition 2',(#6364));
#6366=PRESENTATION_STYLE_ASSIGNMENT((#6368));
#6367=PRESENTATION_STYLE_ASSIGNMENT((#6369));
#6368=SURFACE_STYLE_USAGE(.BOTH.,#6370);
#6369=SURFACE_STYLE_USAGE(.BOTH.,#6371);
#6370=SURFACE_SIDE_STYLE('',(#6372));
#6371=SURFACE_SIDE_STYLE('',(#6373));
#6372=SURFACE_STYLE_FILL_AREA(#6374);
#6373=SURFACE_STYLE_FILL_AREA(#6375);
#6374=FILL_AREA_STYLE('Stahl - satiniert',(#6376));
#6375=FILL_AREA_STYLE('Opaque(246,246,243)',(#6377));
#6376=FILL_AREA_STYLE_COLOUR('Stahl - satiniert',#6378);
#6377=FILL_AREA_STYLE_COLOUR('Opaque(246,246,243)',#6379);
#6378=COLOUR_RGB('Stahl - satiniert',0.627450980392157,0.627450980392157,
0.627450980392157);
#6379=COLOUR_RGB('Opaque(246,246,243)',0.964705882352941,0.964705882352941,
0.952941176470588);
ENDSEC;
END-ISO-10303-21;
