ISO-10303-21;
HEADER;
/* Generated by software containing ST-Developer
 * from STEP Tools, Inc. (www.steptools.com) 
 */
/* OPTION: using custom renumber hook */

FILE_DESCRIPTION(
/* description */ ('STEP AP242',
'CAx-IF Rec.Pracs.---Representation and Presentation of Product Manufa
cturing Information (PMI)---4.0---2014-10-13',
'CAx-IF Rec.Pracs.---3D Tessellated Geometry---0.4---2014-09-14','2;1'),

/* implementation_level */ '2;1');

FILE_NAME(
/* name */ '68e8ebb19e371477fd9ddd47',
/* time_stamp */ '2025-10-10T11:19:14Z',
/* author */ (''),
/* organization */ (''),
/* preprocessor_version */ 'ST-DEVELOPER v20',
/* originating_system */ 'ONSHAPE BY PTC INC, 1.204',
/* authorisation */ '  ');

FILE_SCHEMA (('AP242_MANAGED_MODEL_BASED_3D_ENGINEERING_MIM_LF { 1 0 10303 442 1 1 4 }'));
ENDSEC;

DATA;
#10=SHAPE_REPRESENTATION_RELATIONSHIP('','',#4542,#11);
#11=ADVANCED_BREP_SHAPE_REPRESENTATION('',(#4540),#7379);
#12=CONICAL_SURFACE('',#4834,0.016,0.785398163397451);
#13=CYLINDRICAL_SURFACE('',#4624,0.00095);
#14=CYLINDRICAL_SURFACE('',#4631,0.00095);
#15=CYLINDRICAL_SURFACE('',#4634,0.0255);
#16=CYLINDRICAL_SURFACE('',#4644,0.00095);
#17=CYLINDRICAL_SURFACE('',#4664,0.00095);
#18=CYLINDRICAL_SURFACE('',#4679,0.024472702693933);
#19=CYLINDRICAL_SURFACE('',#4685,0.0172341412608814);
#20=CYLINDRICAL_SURFACE('',#4691,0.024472702693933);
#21=CYLINDRICAL_SURFACE('',#4697,0.0172341412608814);
#22=CYLINDRICAL_SURFACE('',#4703,0.0255);
#23=CYLINDRICAL_SURFACE('',#4706,0.024472702693933);
#24=CYLINDRICAL_SURFACE('',#4712,0.0172341412608814);
#25=CYLINDRICAL_SURFACE('',#4718,0.024472702693933);
#26=CYLINDRICAL_SURFACE('',#4724,0.0172341412608814);
#27=CYLINDRICAL_SURFACE('',#4730,0.024472702693933);
#28=CYLINDRICAL_SURFACE('',#4736,0.0172341412608814);
#29=CYLINDRICAL_SURFACE('',#4742,0.0255);
#30=CYLINDRICAL_SURFACE('',#4744,0.024472702693933);
#31=CYLINDRICAL_SURFACE('',#4750,0.0172341412608814);
#32=CYLINDRICAL_SURFACE('',#4756,0.024472702693933);
#33=CYLINDRICAL_SURFACE('',#4762,0.0172341412608814);
#34=CYLINDRICAL_SURFACE('',#4768,0.024472702693933);
#35=CYLINDRICAL_SURFACE('',#4774,0.0172341412608814);
#36=CYLINDRICAL_SURFACE('',#4780,0.0255);
#37=CYLINDRICAL_SURFACE('',#4782,0.024472702693933);
#38=CYLINDRICAL_SURFACE('',#4788,0.0172341412608814);
#39=CYLINDRICAL_SURFACE('',#4794,0.024472702693933);
#40=CYLINDRICAL_SURFACE('',#4800,0.0172341412608814);
#41=CYLINDRICAL_SURFACE('',#4806,0.024472702693933);
#42=CYLINDRICAL_SURFACE('',#4812,0.0172341412608814);
#43=CYLINDRICAL_SURFACE('',#4818,0.024472702693933);
#44=CYLINDRICAL_SURFACE('',#4824,0.0172341412608814);
#45=CYLINDRICAL_SURFACE('',#4830,0.0155);
#46=CYLINDRICAL_SURFACE('',#4838,0.0108);
#47=CYLINDRICAL_SURFACE('',#4841,0.0108);
#48=CYLINDRICAL_SURFACE('',#4844,0.0108);
#49=CYLINDRICAL_SURFACE('',#4847,0.0108);
#50=CYLINDRICAL_SURFACE('',#4849,0.012);
#51=CYLINDRICAL_SURFACE('',#4851,0.012);
#52=CYLINDRICAL_SURFACE('',#4854,0.012);
#53=CYLINDRICAL_SURFACE('',#4859,0.012);
#54=CIRCLE('',#4616,0.00095);
#55=CIRCLE('',#4618,0.0155);
#56=CIRCLE('',#4620,0.00095);
#57=CIRCLE('',#4623,0.012);
#58=CIRCLE('',#4625,0.00095);
#59=CIRCLE('',#4630,0.012);
#60=CIRCLE('',#4632,0.00095);
#61=CIRCLE('',#4635,0.0255);
#62=CIRCLE('',#4636,0.0255);
#63=CIRCLE('',#4638,0.0108);
#64=CIRCLE('',#4641,0.00095);
#65=CIRCLE('',#4645,0.00095);
#66=CIRCLE('',#4648,0.012);
#67=CIRCLE('',#4650,0.012);
#68=CIRCLE('',#4651,0.012);
#69=CIRCLE('',#4655,0.00095);
#70=CIRCLE('',#4657,0.012);
#71=CIRCLE('',#4658,0.012);
#72=CIRCLE('',#4660,0.012);
#73=CIRCLE('',#4661,0.012);
#74=CIRCLE('',#4665,0.00095);
#75=CIRCLE('',#4667,0.012);
#76=CIRCLE('',#4669,0.0108);
#77=CIRCLE('',#4670,0.0255);
#78=CIRCLE('',#4673,0.0108);
#79=CIRCLE('',#4674,0.0255);
#80=CIRCLE('',#4676,0.012);
#81=CIRCLE('',#4677,0.012);
#82=CIRCLE('',#4680,0.024472702693933);
#83=CIRCLE('',#4681,0.024472702693933);
#84=CIRCLE('',#4686,0.0172341412608814);
#85=CIRCLE('',#4687,0.0172341412608814);
#86=CIRCLE('',#4692,0.024472702693933);
#87=CIRCLE('',#4693,0.024472702693933);
#88=CIRCLE('',#4698,0.0172341412608814);
#89=CIRCLE('',#4699,0.0172341412608814);
#90=CIRCLE('',#4704,0.0255);
#91=CIRCLE('',#4705,0.0255);
#92=CIRCLE('',#4707,0.024472702693933);
#93=CIRCLE('',#4708,0.024472702693933);
#94=CIRCLE('',#4713,0.0172341412608814);
#95=CIRCLE('',#4714,0.0172341412608814);
#96=CIRCLE('',#4719,0.024472702693933);
#97=CIRCLE('',#4720,0.024472702693933);
#98=CIRCLE('',#4725,0.0172341412608814);
#99=CIRCLE('',#4726,0.0172341412608814);
#100=CIRCLE('',#4731,0.024472702693933);
#101=CIRCLE('',#4732,0.024472702693933);
#102=CIRCLE('',#4737,0.0172341412608814);
#103=CIRCLE('',#4738,0.0172341412608814);
#104=CIRCLE('',#4743,0.0255);
#105=CIRCLE('',#4745,0.024472702693933);
#106=CIRCLE('',#4746,0.024472702693933);
#107=CIRCLE('',#4751,0.0172341412608814);
#108=CIRCLE('',#4752,0.0172341412608814);
#109=CIRCLE('',#4757,0.024472702693933);
#110=CIRCLE('',#4758,0.024472702693933);
#111=CIRCLE('',#4763,0.0172341412608814);
#112=CIRCLE('',#4764,0.0172341412608814);
#113=CIRCLE('',#4769,0.024472702693933);
#114=CIRCLE('',#4770,0.024472702693933);
#115=CIRCLE('',#4775,0.0172341412608814);
#116=CIRCLE('',#4776,0.0172341412608814);
#117=CIRCLE('',#4781,0.0255);
#118=CIRCLE('',#4783,0.024472702693933);
#119=CIRCLE('',#4784,0.024472702693933);
#120=CIRCLE('',#4789,0.0172341412608814);
#121=CIRCLE('',#4790,0.0172341412608814);
#122=CIRCLE('',#4795,0.024472702693933);
#123=CIRCLE('',#4796,0.024472702693933);
#124=CIRCLE('',#4801,0.0172341412608814);
#125=CIRCLE('',#4802,0.0172341412608814);
#126=CIRCLE('',#4807,0.024472702693933);
#127=CIRCLE('',#4808,0.024472702693933);
#128=CIRCLE('',#4813,0.0172341412608814);
#129=CIRCLE('',#4814,0.0172341412608814);
#130=CIRCLE('',#4819,0.024472702693933);
#131=CIRCLE('',#4820,0.024472702693933);
#132=CIRCLE('',#4825,0.0172341412608814);
#133=CIRCLE('',#4826,0.0172341412608814);
#134=CIRCLE('',#4831,0.0155);
#135=CIRCLE('',#4833,0.0165);
#136=CIRCLE('',#4837,0.0108);
#137=CIRCLE('',#4839,0.0108);
#138=CIRCLE('',#4842,0.0108);
#139=CIRCLE('',#4845,0.0108);
#140=CIRCLE('',#4848,0.0108);
#141=CIRCLE('',#4850,0.012);
#142=CIRCLE('',#4852,0.012);
#143=CIRCLE('',#4855,0.012);
#144=CIRCLE('',#4857,0.012);
#145=ORIENTED_EDGE('',*,*,#1419,.F.);
#146=ORIENTED_EDGE('',*,*,#1420,.F.);
#147=ORIENTED_EDGE('',*,*,#1421,.F.);
#148=ORIENTED_EDGE('',*,*,#1422,.F.);
#149=ORIENTED_EDGE('',*,*,#1423,.F.);
#150=ORIENTED_EDGE('',*,*,#1424,.F.);
#151=ORIENTED_EDGE('',*,*,#1425,.F.);
#152=ORIENTED_EDGE('',*,*,#1426,.F.);
#153=ORIENTED_EDGE('',*,*,#1427,.F.);
#154=ORIENTED_EDGE('',*,*,#1428,.F.);
#155=ORIENTED_EDGE('',*,*,#1429,.F.);
#156=ORIENTED_EDGE('',*,*,#1430,.F.);
#157=ORIENTED_EDGE('',*,*,#1431,.F.);
#158=ORIENTED_EDGE('',*,*,#1432,.F.);
#159=ORIENTED_EDGE('',*,*,#1433,.T.);
#160=ORIENTED_EDGE('',*,*,#1434,.F.);
#161=ORIENTED_EDGE('',*,*,#1435,.F.);
#162=ORIENTED_EDGE('',*,*,#1436,.F.);
#163=ORIENTED_EDGE('',*,*,#1437,.F.);
#164=ORIENTED_EDGE('',*,*,#1438,.F.);
#165=ORIENTED_EDGE('',*,*,#1439,.F.);
#166=ORIENTED_EDGE('',*,*,#1440,.F.);
#167=ORIENTED_EDGE('',*,*,#1441,.T.);
#168=ORIENTED_EDGE('',*,*,#1442,.F.);
#169=ORIENTED_EDGE('',*,*,#1443,.T.);
#170=ORIENTED_EDGE('',*,*,#1444,.F.);
#171=ORIENTED_EDGE('',*,*,#1445,.F.);
#172=ORIENTED_EDGE('',*,*,#1446,.F.);
#173=ORIENTED_EDGE('',*,*,#1447,.F.);
#174=ORIENTED_EDGE('',*,*,#1448,.F.);
#175=ORIENTED_EDGE('',*,*,#1449,.F.);
#176=ORIENTED_EDGE('',*,*,#1450,.F.);
#177=ORIENTED_EDGE('',*,*,#1451,.T.);
#178=ORIENTED_EDGE('',*,*,#1424,.T.);
#179=ORIENTED_EDGE('',*,*,#1452,.T.);
#180=ORIENTED_EDGE('',*,*,#1453,.T.);
#181=ORIENTED_EDGE('',*,*,#1454,.T.);
#182=ORIENTED_EDGE('',*,*,#1426,.T.);
#183=ORIENTED_EDGE('',*,*,#1455,.T.);
#184=ORIENTED_EDGE('',*,*,#1431,.T.);
#185=ORIENTED_EDGE('',*,*,#1456,.T.);
#186=ORIENTED_EDGE('',*,*,#1420,.T.);
#187=ORIENTED_EDGE('',*,*,#1457,.T.);
#188=ORIENTED_EDGE('',*,*,#1437,.T.);
#189=ORIENTED_EDGE('',*,*,#1458,.T.);
#190=ORIENTED_EDGE('',*,*,#1439,.T.);
#191=ORIENTED_EDGE('',*,*,#1459,.T.);
#192=ORIENTED_EDGE('',*,*,#1429,.T.);
#193=ORIENTED_EDGE('',*,*,#1457,.F.);
#194=ORIENTED_EDGE('',*,*,#1419,.T.);
#195=ORIENTED_EDGE('',*,*,#1454,.F.);
#196=ORIENTED_EDGE('',*,*,#1430,.T.);
#197=ORIENTED_EDGE('',*,*,#1459,.F.);
#198=ORIENTED_EDGE('',*,*,#1438,.T.);
#199=ORIENTED_EDGE('',*,*,#1460,.T.);
#200=ORIENTED_EDGE('',*,*,#1427,.T.);
#201=ORIENTED_EDGE('',*,*,#1461,.T.);
#202=ORIENTED_EDGE('',*,*,#1462,.T.);
#203=ORIENTED_EDGE('',*,*,#1455,.F.);
#204=ORIENTED_EDGE('',*,*,#1425,.T.);
#205=ORIENTED_EDGE('',*,*,#1451,.F.);
#206=ORIENTED_EDGE('',*,*,#1463,.T.);
#207=ORIENTED_EDGE('',*,*,#1461,.F.);
#208=ORIENTED_EDGE('',*,*,#1432,.T.);
#209=ORIENTED_EDGE('',*,*,#1464,.T.);
#210=ORIENTED_EDGE('',*,*,#1422,.T.);
#211=ORIENTED_EDGE('',*,*,#1465,.T.);
#212=ORIENTED_EDGE('',*,*,#1447,.T.);
#213=ORIENTED_EDGE('',*,*,#1466,.T.);
#214=ORIENTED_EDGE('',*,*,#1449,.T.);
#215=ORIENTED_EDGE('',*,*,#1467,.T.);
#216=ORIENTED_EDGE('',*,*,#1435,.T.);
#217=ORIENTED_EDGE('',*,*,#1465,.F.);
#218=ORIENTED_EDGE('',*,*,#1421,.T.);
#219=ORIENTED_EDGE('',*,*,#1456,.F.);
#220=ORIENTED_EDGE('',*,*,#1436,.T.);
#221=ORIENTED_EDGE('',*,*,#1467,.F.);
#222=ORIENTED_EDGE('',*,*,#1448,.T.);
#223=ORIENTED_EDGE('',*,*,#1468,.T.);
#224=ORIENTED_EDGE('',*,*,#1469,.T.);
#225=ORIENTED_EDGE('',*,*,#1470,.T.);
#226=ORIENTED_EDGE('',*,*,#1445,.T.);
#227=ORIENTED_EDGE('',*,*,#1471,.T.);
#228=ORIENTED_EDGE('',*,*,#1472,.T.);
#229=ORIENTED_EDGE('',*,*,#1473,.T.);
#230=ORIENTED_EDGE('',*,*,#1474,.T.);
#231=ORIENTED_EDGE('',*,*,#1475,.T.);
#232=ORIENTED_EDGE('',*,*,#1476,.F.);
#233=ORIENTED_EDGE('',*,*,#1477,.T.);
#234=ORIENTED_EDGE('',*,*,#1478,.F.);
#235=ORIENTED_EDGE('',*,*,#1479,.T.);
#236=ORIENTED_EDGE('',*,*,#1480,.T.);
#237=ORIENTED_EDGE('',*,*,#1481,.T.);
#238=ORIENTED_EDGE('',*,*,#1482,.T.);
#239=ORIENTED_EDGE('',*,*,#1483,.T.);
#240=ORIENTED_EDGE('',*,*,#1484,.F.);
#241=ORIENTED_EDGE('',*,*,#1485,.T.);
#242=ORIENTED_EDGE('',*,*,#1486,.F.);
#243=ORIENTED_EDGE('',*,*,#1487,.T.);
#244=ORIENTED_EDGE('',*,*,#1473,.F.);
#245=ORIENTED_EDGE('',*,*,#1488,.T.);
#246=ORIENTED_EDGE('',*,*,#1489,.F.);
#247=ORIENTED_EDGE('',*,*,#1490,.T.);
#248=ORIENTED_EDGE('',*,*,#1491,.F.);
#249=ORIENTED_EDGE('',*,*,#1492,.T.);
#250=ORIENTED_EDGE('',*,*,#1493,.F.);
#251=ORIENTED_EDGE('',*,*,#1494,.F.);
#252=ORIENTED_EDGE('',*,*,#1475,.F.);
#253=ORIENTED_EDGE('',*,*,#1495,.T.);
#254=ORIENTED_EDGE('',*,*,#1496,.F.);
#255=ORIENTED_EDGE('',*,*,#1497,.F.);
#256=ORIENTED_EDGE('',*,*,#1498,.F.);
#257=ORIENTED_EDGE('',*,*,#1499,.T.);
#258=ORIENTED_EDGE('',*,*,#1471,.F.);
#259=ORIENTED_EDGE('',*,*,#1500,.T.);
#260=ORIENTED_EDGE('',*,*,#1481,.F.);
#261=ORIENTED_EDGE('',*,*,#1501,.T.);
#262=ORIENTED_EDGE('',*,*,#1502,.F.);
#263=ORIENTED_EDGE('',*,*,#1503,.F.);
#264=ORIENTED_EDGE('',*,*,#1504,.F.);
#265=ORIENTED_EDGE('',*,*,#1505,.T.);
#266=ORIENTED_EDGE('',*,*,#1479,.F.);
#267=ORIENTED_EDGE('',*,*,#1506,.F.);
#268=ORIENTED_EDGE('',*,*,#1477,.F.);
#269=ORIENTED_EDGE('',*,*,#1507,.T.);
#270=ORIENTED_EDGE('',*,*,#1508,.F.);
#271=ORIENTED_EDGE('',*,*,#1509,.T.);
#272=ORIENTED_EDGE('',*,*,#1510,.F.);
#273=ORIENTED_EDGE('',*,*,#1496,.T.);
#274=ORIENTED_EDGE('',*,*,#1511,.T.);
#275=ORIENTED_EDGE('',*,*,#1491,.T.);
#276=ORIENTED_EDGE('',*,*,#1512,.T.);
#277=ORIENTED_EDGE('',*,*,#1504,.T.);
#278=ORIENTED_EDGE('',*,*,#1513,.F.);
#279=ORIENTED_EDGE('',*,*,#1514,.T.);
#280=ORIENTED_EDGE('',*,*,#1515,.T.);
#281=ORIENTED_EDGE('',*,*,#1516,.T.);
#282=ORIENTED_EDGE('',*,*,#1517,.T.);
#283=ORIENTED_EDGE('',*,*,#1518,.F.);
#284=ORIENTED_EDGE('',*,*,#1519,.T.);
#285=ORIENTED_EDGE('',*,*,#1520,.T.);
#286=ORIENTED_EDGE('',*,*,#1521,.T.);
#287=ORIENTED_EDGE('',*,*,#1522,.F.);
#288=ORIENTED_EDGE('',*,*,#1523,.F.);
#289=ORIENTED_EDGE('',*,*,#1524,.F.);
#290=ORIENTED_EDGE('',*,*,#1525,.F.);
#291=ORIENTED_EDGE('',*,*,#1520,.F.);
#292=ORIENTED_EDGE('',*,*,#1526,.T.);
#293=ORIENTED_EDGE('',*,*,#1527,.T.);
#294=ORIENTED_EDGE('',*,*,#1528,.T.);
#295=ORIENTED_EDGE('',*,*,#1529,.F.);
#296=ORIENTED_EDGE('',*,*,#1530,.F.);
#297=ORIENTED_EDGE('',*,*,#1531,.F.);
#298=ORIENTED_EDGE('',*,*,#1532,.F.);
#299=ORIENTED_EDGE('',*,*,#1533,.F.);
#300=ORIENTED_EDGE('',*,*,#1534,.T.);
#301=ORIENTED_EDGE('',*,*,#1497,.T.);
#302=ORIENTED_EDGE('',*,*,#1476,.T.);
#303=ORIENTED_EDGE('',*,*,#1494,.T.);
#304=ORIENTED_EDGE('',*,*,#1510,.T.);
#305=ORIENTED_EDGE('',*,*,#1535,.F.);
#306=ORIENTED_EDGE('',*,*,#1536,.F.);
#307=ORIENTED_EDGE('',*,*,#1527,.F.);
#308=ORIENTED_EDGE('',*,*,#1537,.F.);
#309=ORIENTED_EDGE('',*,*,#1538,.F.);
#310=ORIENTED_EDGE('',*,*,#1513,.T.);
#311=ORIENTED_EDGE('',*,*,#1503,.T.);
#312=ORIENTED_EDGE('',*,*,#1478,.T.);
#313=ORIENTED_EDGE('',*,*,#1506,.T.);
#314=ORIENTED_EDGE('',*,*,#1539,.T.);
#315=ORIENTED_EDGE('',*,*,#1540,.T.);
#316=ORIENTED_EDGE('',*,*,#1541,.T.);
#317=ORIENTED_EDGE('',*,*,#1468,.F.);
#318=ORIENTED_EDGE('',*,*,#1450,.T.);
#319=ORIENTED_EDGE('',*,*,#1466,.F.);
#320=ORIENTED_EDGE('',*,*,#1434,.T.);
#321=ORIENTED_EDGE('',*,*,#1542,.T.);
#322=ORIENTED_EDGE('',*,*,#1543,.T.);
#323=ORIENTED_EDGE('',*,*,#1544,.T.);
#324=ORIENTED_EDGE('',*,*,#1440,.T.);
#325=ORIENTED_EDGE('',*,*,#1458,.F.);
#326=ORIENTED_EDGE('',*,*,#1428,.T.);
#327=ORIENTED_EDGE('',*,*,#1460,.F.);
#328=ORIENTED_EDGE('',*,*,#1545,.T.);
#329=ORIENTED_EDGE('',*,*,#1546,.T.);
#330=ORIENTED_EDGE('',*,*,#1547,.T.);
#331=ORIENTED_EDGE('',*,*,#1548,.F.);
#332=ORIENTED_EDGE('',*,*,#1549,.F.);
#333=ORIENTED_EDGE('',*,*,#1542,.F.);
#334=ORIENTED_EDGE('',*,*,#1433,.F.);
#335=ORIENTED_EDGE('',*,*,#1550,.F.);
#336=ORIENTED_EDGE('',*,*,#1441,.F.);
#337=ORIENTED_EDGE('',*,*,#1544,.F.);
#338=ORIENTED_EDGE('',*,*,#1551,.F.);
#339=ORIENTED_EDGE('',*,*,#1552,.T.);
#340=ORIENTED_EDGE('',*,*,#1553,.F.);
#341=ORIENTED_EDGE('',*,*,#1554,.F.);
#342=ORIENTED_EDGE('',*,*,#1555,.F.);
#343=ORIENTED_EDGE('',*,*,#1556,.F.);
#344=ORIENTED_EDGE('',*,*,#1557,.F.);
#345=ORIENTED_EDGE('',*,*,#1558,.F.);
#346=ORIENTED_EDGE('',*,*,#1559,.F.);
#347=ORIENTED_EDGE('',*,*,#1530,.T.);
#348=ORIENTED_EDGE('',*,*,#1560,.F.);
#349=ORIENTED_EDGE('',*,*,#1556,.T.);
#350=ORIENTED_EDGE('',*,*,#1561,.F.);
#351=ORIENTED_EDGE('',*,*,#1562,.T.);
#352=ORIENTED_EDGE('',*,*,#1563,.F.);
#353=ORIENTED_EDGE('',*,*,#1564,.T.);
#354=ORIENTED_EDGE('',*,*,#1531,.T.);
#355=ORIENTED_EDGE('',*,*,#1559,.T.);
#356=ORIENTED_EDGE('',*,*,#1565,.T.);
#357=ORIENTED_EDGE('',*,*,#1566,.F.);
#358=ORIENTED_EDGE('',*,*,#1567,.T.);
#359=ORIENTED_EDGE('',*,*,#1568,.F.);
#360=ORIENTED_EDGE('',*,*,#1569,.T.);
#361=ORIENTED_EDGE('',*,*,#1545,.F.);
#362=ORIENTED_EDGE('',*,*,#1462,.F.);
#363=ORIENTED_EDGE('',*,*,#1463,.F.);
#364=ORIENTED_EDGE('',*,*,#1453,.F.);
#365=ORIENTED_EDGE('',*,*,#1570,.F.);
#366=ORIENTED_EDGE('',*,*,#1469,.F.);
#367=ORIENTED_EDGE('',*,*,#1541,.F.);
#368=ORIENTED_EDGE('',*,*,#1571,.F.);
#369=ORIENTED_EDGE('',*,*,#1565,.F.);
#370=ORIENTED_EDGE('',*,*,#1540,.F.);
#371=ORIENTED_EDGE('',*,*,#1572,.T.);
#372=ORIENTED_EDGE('',*,*,#1573,.F.);
#373=ORIENTED_EDGE('',*,*,#1574,.T.);
#374=ORIENTED_EDGE('',*,*,#1546,.F.);
#375=ORIENTED_EDGE('',*,*,#1569,.F.);
#376=ORIENTED_EDGE('',*,*,#1575,.T.);
#377=ORIENTED_EDGE('',*,*,#1551,.T.);
#378=ORIENTED_EDGE('',*,*,#1543,.F.);
#379=ORIENTED_EDGE('',*,*,#1549,.T.);
#380=ORIENTED_EDGE('',*,*,#1576,.T.);
#381=ORIENTED_EDGE('',*,*,#1577,.T.);
#382=ORIENTED_EDGE('',*,*,#1576,.F.);
#383=ORIENTED_EDGE('',*,*,#1548,.T.);
#384=ORIENTED_EDGE('',*,*,#1444,.T.);
#385=ORIENTED_EDGE('',*,*,#1578,.T.);
#386=ORIENTED_EDGE('',*,*,#1579,.F.);
#387=ORIENTED_EDGE('',*,*,#1577,.F.);
#388=ORIENTED_EDGE('',*,*,#1578,.F.);
#389=ORIENTED_EDGE('',*,*,#1443,.F.);
#390=ORIENTED_EDGE('',*,*,#1575,.F.);
#391=ORIENTED_EDGE('',*,*,#1579,.T.);
#392=ORIENTED_EDGE('',*,*,#1442,.T.);
#393=ORIENTED_EDGE('',*,*,#1550,.T.);
#394=ORIENTED_EDGE('',*,*,#1580,.T.);
#395=ORIENTED_EDGE('',*,*,#1572,.F.);
#396=ORIENTED_EDGE('',*,*,#1547,.F.);
#397=ORIENTED_EDGE('',*,*,#1574,.F.);
#398=ORIENTED_EDGE('',*,*,#1581,.T.);
#399=ORIENTED_EDGE('',*,*,#1582,.T.);
#400=ORIENTED_EDGE('',*,*,#1581,.F.);
#401=ORIENTED_EDGE('',*,*,#1573,.T.);
#402=ORIENTED_EDGE('',*,*,#1568,.T.);
#403=ORIENTED_EDGE('',*,*,#1583,.T.);
#404=ORIENTED_EDGE('',*,*,#1584,.F.);
#405=ORIENTED_EDGE('',*,*,#1582,.F.);
#406=ORIENTED_EDGE('',*,*,#1583,.F.);
#407=ORIENTED_EDGE('',*,*,#1567,.F.);
#408=ORIENTED_EDGE('',*,*,#1580,.F.);
#409=ORIENTED_EDGE('',*,*,#1584,.T.);
#410=ORIENTED_EDGE('',*,*,#1566,.T.);
#411=ORIENTED_EDGE('',*,*,#1571,.T.);
#412=ORIENTED_EDGE('',*,*,#1585,.T.);
#413=ORIENTED_EDGE('',*,*,#1522,.T.);
#414=ORIENTED_EDGE('',*,*,#1586,.T.);
#415=ORIENTED_EDGE('',*,*,#1587,.T.);
#416=ORIENTED_EDGE('',*,*,#1588,.F.);
#417=ORIENTED_EDGE('',*,*,#1589,.T.);
#418=ORIENTED_EDGE('',*,*,#1561,.T.);
#419=ORIENTED_EDGE('',*,*,#1555,.T.);
#420=ORIENTED_EDGE('',*,*,#1554,.T.);
#421=ORIENTED_EDGE('',*,*,#1590,.T.);
#422=ORIENTED_EDGE('',*,*,#1591,.T.);
#423=ORIENTED_EDGE('',*,*,#1588,.T.);
#424=ORIENTED_EDGE('',*,*,#1532,.T.);
#425=ORIENTED_EDGE('',*,*,#1564,.F.);
#426=ORIENTED_EDGE('',*,*,#1592,.F.);
#427=ORIENTED_EDGE('',*,*,#1593,.F.);
#428=ORIENTED_EDGE('',*,*,#1562,.F.);
#429=ORIENTED_EDGE('',*,*,#1589,.F.);
#430=ORIENTED_EDGE('',*,*,#1591,.F.);
#431=ORIENTED_EDGE('',*,*,#1594,.F.);
#432=ORIENTED_EDGE('',*,*,#1595,.T.);
#433=ORIENTED_EDGE('',*,*,#1596,.F.);
#434=ORIENTED_EDGE('',*,*,#1592,.T.);
#435=ORIENTED_EDGE('',*,*,#1563,.T.);
#436=ORIENTED_EDGE('',*,*,#1558,.T.);
#437=ORIENTED_EDGE('',*,*,#1557,.T.);
#438=ORIENTED_EDGE('',*,*,#1560,.T.);
#439=ORIENTED_EDGE('',*,*,#1593,.T.);
#440=ORIENTED_EDGE('',*,*,#1596,.T.);
#441=ORIENTED_EDGE('',*,*,#1597,.F.);
#442=ORIENTED_EDGE('',*,*,#1598,.F.);
#443=ORIENTED_EDGE('',*,*,#1524,.T.);
#444=ORIENTED_EDGE('',*,*,#1599,.F.);
#445=ORIENTED_EDGE('',*,*,#1600,.T.);
#446=ORIENTED_EDGE('',*,*,#1518,.T.);
#447=ORIENTED_EDGE('',*,*,#1601,.T.);
#448=ORIENTED_EDGE('',*,*,#1597,.T.);
#449=ORIENTED_EDGE('',*,*,#1602,.T.);
#450=ORIENTED_EDGE('',*,*,#1537,.T.);
#451=ORIENTED_EDGE('',*,*,#1526,.F.);
#452=ORIENTED_EDGE('',*,*,#1519,.F.);
#453=ORIENTED_EDGE('',*,*,#1600,.F.);
#454=ORIENTED_EDGE('',*,*,#1599,.T.);
#455=ORIENTED_EDGE('',*,*,#1523,.T.);
#456=ORIENTED_EDGE('',*,*,#1585,.F.);
#457=ORIENTED_EDGE('',*,*,#1603,.T.);
#458=ORIENTED_EDGE('',*,*,#1536,.T.);
#459=ORIENTED_EDGE('',*,*,#1604,.T.);
#460=ORIENTED_EDGE('',*,*,#1605,.T.);
#461=ORIENTED_EDGE('',*,*,#1586,.F.);
#462=ORIENTED_EDGE('',*,*,#1525,.T.);
#463=ORIENTED_EDGE('',*,*,#1598,.T.);
#464=ORIENTED_EDGE('',*,*,#1601,.F.);
#465=ORIENTED_EDGE('',*,*,#1521,.F.);
#466=ORIENTED_EDGE('',*,*,#1528,.F.);
#467=ORIENTED_EDGE('',*,*,#1606,.F.);
#468=ORIENTED_EDGE('',*,*,#1603,.F.);
#469=ORIENTED_EDGE('',*,*,#1587,.F.);
#470=ORIENTED_EDGE('',*,*,#1605,.F.);
#471=ORIENTED_EDGE('',*,*,#1607,.F.);
#472=ORIENTED_EDGE('',*,*,#1608,.F.);
#473=ORIENTED_EDGE('',*,*,#1609,.F.);
#474=ORIENTED_EDGE('',*,*,#1610,.F.);
#475=ORIENTED_EDGE('',*,*,#1611,.F.);
#476=ORIENTED_EDGE('',*,*,#1606,.T.);
#477=ORIENTED_EDGE('',*,*,#1607,.T.);
#478=ORIENTED_EDGE('',*,*,#1604,.F.);
#479=ORIENTED_EDGE('',*,*,#1535,.T.);
#480=ORIENTED_EDGE('',*,*,#1509,.F.);
#481=ORIENTED_EDGE('',*,*,#1612,.F.);
#482=ORIENTED_EDGE('',*,*,#1517,.F.);
#483=ORIENTED_EDGE('',*,*,#1613,.F.);
#484=ORIENTED_EDGE('',*,*,#1608,.T.);
#485=ORIENTED_EDGE('',*,*,#1612,.T.);
#486=ORIENTED_EDGE('',*,*,#1516,.F.);
#487=ORIENTED_EDGE('',*,*,#1614,.F.);
#488=ORIENTED_EDGE('',*,*,#1609,.T.);
#489=ORIENTED_EDGE('',*,*,#1613,.T.);
#490=ORIENTED_EDGE('',*,*,#1610,.T.);
#491=ORIENTED_EDGE('',*,*,#1614,.T.);
#492=ORIENTED_EDGE('',*,*,#1515,.F.);
#493=ORIENTED_EDGE('',*,*,#1615,.F.);
#494=ORIENTED_EDGE('',*,*,#1514,.F.);
#495=ORIENTED_EDGE('',*,*,#1538,.T.);
#496=ORIENTED_EDGE('',*,*,#1602,.F.);
#497=ORIENTED_EDGE('',*,*,#1611,.T.);
#498=ORIENTED_EDGE('',*,*,#1615,.T.);
#499=ORIENTED_EDGE('',*,*,#1616,.T.);
#500=ORIENTED_EDGE('',*,*,#1617,.T.);
#501=ORIENTED_EDGE('',*,*,#1618,.T.);
#502=ORIENTED_EDGE('',*,*,#1619,.T.);
#503=ORIENTED_EDGE('',*,*,#1620,.T.);
#504=ORIENTED_EDGE('',*,*,#1539,.F.);
#505=ORIENTED_EDGE('',*,*,#1508,.T.);
#506=ORIENTED_EDGE('',*,*,#1621,.T.);
#507=ORIENTED_EDGE('',*,*,#1484,.T.);
#508=ORIENTED_EDGE('',*,*,#1622,.T.);
#509=ORIENTED_EDGE('',*,*,#1498,.T.);
#510=ORIENTED_EDGE('',*,*,#1534,.F.);
#511=ORIENTED_EDGE('',*,*,#1623,.F.);
#512=ORIENTED_EDGE('',*,*,#1594,.T.);
#513=ORIENTED_EDGE('',*,*,#1590,.F.);
#514=ORIENTED_EDGE('',*,*,#1553,.T.);
#515=ORIENTED_EDGE('',*,*,#1624,.F.);
#516=ORIENTED_EDGE('',*,*,#1625,.F.);
#517=ORIENTED_EDGE('',*,*,#1626,.F.);
#518=ORIENTED_EDGE('',*,*,#1627,.F.);
#519=ORIENTED_EDGE('',*,*,#1628,.F.);
#520=ORIENTED_EDGE('',*,*,#1623,.T.);
#521=ORIENTED_EDGE('',*,*,#1624,.T.);
#522=ORIENTED_EDGE('',*,*,#1552,.F.);
#523=ORIENTED_EDGE('',*,*,#1529,.T.);
#524=ORIENTED_EDGE('',*,*,#1620,.F.);
#525=ORIENTED_EDGE('',*,*,#1629,.F.);
#526=ORIENTED_EDGE('',*,*,#1619,.F.);
#527=ORIENTED_EDGE('',*,*,#1630,.F.);
#528=ORIENTED_EDGE('',*,*,#1625,.T.);
#529=ORIENTED_EDGE('',*,*,#1629,.T.);
#530=ORIENTED_EDGE('',*,*,#1626,.T.);
#531=ORIENTED_EDGE('',*,*,#1630,.T.);
#532=ORIENTED_EDGE('',*,*,#1618,.F.);
#533=ORIENTED_EDGE('',*,*,#1631,.F.);
#534=ORIENTED_EDGE('',*,*,#1627,.T.);
#535=ORIENTED_EDGE('',*,*,#1631,.T.);
#536=ORIENTED_EDGE('',*,*,#1617,.F.);
#537=ORIENTED_EDGE('',*,*,#1632,.F.);
#538=ORIENTED_EDGE('',*,*,#1616,.F.);
#539=ORIENTED_EDGE('',*,*,#1533,.T.);
#540=ORIENTED_EDGE('',*,*,#1595,.F.);
#541=ORIENTED_EDGE('',*,*,#1628,.T.);
#542=ORIENTED_EDGE('',*,*,#1632,.T.);
#543=ORIENTED_EDGE('',*,*,#1633,.T.);
#544=ORIENTED_EDGE('',*,*,#1634,.T.);
#545=ORIENTED_EDGE('',*,*,#1635,.T.);
#546=ORIENTED_EDGE('',*,*,#1636,.T.);
#547=ORIENTED_EDGE('',*,*,#1637,.T.);
#548=ORIENTED_EDGE('',*,*,#1638,.T.);
#549=ORIENTED_EDGE('',*,*,#1639,.F.);
#550=ORIENTED_EDGE('',*,*,#1488,.F.);
#551=ORIENTED_EDGE('',*,*,#1472,.F.);
#552=ORIENTED_EDGE('',*,*,#1499,.F.);
#553=ORIENTED_EDGE('',*,*,#1622,.F.);
#554=ORIENTED_EDGE('',*,*,#1483,.F.);
#555=ORIENTED_EDGE('',*,*,#1640,.F.);
#556=ORIENTED_EDGE('',*,*,#1641,.T.);
#557=ORIENTED_EDGE('',*,*,#1637,.F.);
#558=ORIENTED_EDGE('',*,*,#1642,.T.);
#559=ORIENTED_EDGE('',*,*,#1643,.T.);
#560=ORIENTED_EDGE('',*,*,#1633,.F.);
#561=ORIENTED_EDGE('',*,*,#1644,.F.);
#562=ORIENTED_EDGE('',*,*,#1642,.F.);
#563=ORIENTED_EDGE('',*,*,#1636,.F.);
#564=ORIENTED_EDGE('',*,*,#1645,.F.);
#565=ORIENTED_EDGE('',*,*,#1646,.T.);
#566=ORIENTED_EDGE('',*,*,#1647,.F.);
#567=ORIENTED_EDGE('',*,*,#1648,.F.);
#568=ORIENTED_EDGE('',*,*,#1649,.F.);
#569=ORIENTED_EDGE('',*,*,#1650,.F.);
#570=ORIENTED_EDGE('',*,*,#1651,.T.);
#571=ORIENTED_EDGE('',*,*,#1652,.T.);
#572=ORIENTED_EDGE('',*,*,#1653,.T.);
#573=ORIENTED_EDGE('',*,*,#1654,.F.);
#574=ORIENTED_EDGE('',*,*,#1492,.F.);
#575=ORIENTED_EDGE('',*,*,#1511,.F.);
#576=ORIENTED_EDGE('',*,*,#1495,.F.);
#577=ORIENTED_EDGE('',*,*,#1474,.F.);
#578=ORIENTED_EDGE('',*,*,#1487,.F.);
#579=ORIENTED_EDGE('',*,*,#1655,.F.);
#580=ORIENTED_EDGE('',*,*,#1656,.T.);
#581=ORIENTED_EDGE('',*,*,#1652,.F.);
#582=ORIENTED_EDGE('',*,*,#1657,.T.);
#583=ORIENTED_EDGE('',*,*,#1658,.T.);
#584=ORIENTED_EDGE('',*,*,#1635,.F.);
#585=ORIENTED_EDGE('',*,*,#1659,.F.);
#586=ORIENTED_EDGE('',*,*,#1657,.F.);
#587=ORIENTED_EDGE('',*,*,#1651,.F.);
#588=ORIENTED_EDGE('',*,*,#1660,.F.);
#589=ORIENTED_EDGE('',*,*,#1661,.T.);
#590=ORIENTED_EDGE('',*,*,#1662,.T.);
#591=ORIENTED_EDGE('',*,*,#1663,.T.);
#592=ORIENTED_EDGE('',*,*,#1664,.F.);
#593=ORIENTED_EDGE('',*,*,#1665,.T.);
#594=ORIENTED_EDGE('',*,*,#1644,.T.);
#595=ORIENTED_EDGE('',*,*,#1666,.T.);
#596=ORIENTED_EDGE('',*,*,#1667,.T.);
#597=ORIENTED_EDGE('',*,*,#1664,.T.);
#598=ORIENTED_EDGE('',*,*,#1668,.T.);
#599=ORIENTED_EDGE('',*,*,#1669,.F.);
#600=ORIENTED_EDGE('',*,*,#1638,.F.);
#601=ORIENTED_EDGE('',*,*,#1641,.F.);
#602=ORIENTED_EDGE('',*,*,#1670,.T.);
#603=ORIENTED_EDGE('',*,*,#1671,.T.);
#604=ORIENTED_EDGE('',*,*,#1672,.T.);
#605=ORIENTED_EDGE('',*,*,#1673,.T.);
#606=ORIENTED_EDGE('',*,*,#1674,.T.);
#607=ORIENTED_EDGE('',*,*,#1675,.F.);
#608=ORIENTED_EDGE('',*,*,#1501,.F.);
#609=ORIENTED_EDGE('',*,*,#1480,.F.);
#610=ORIENTED_EDGE('',*,*,#1505,.F.);
#611=ORIENTED_EDGE('',*,*,#1512,.F.);
#612=ORIENTED_EDGE('',*,*,#1490,.F.);
#613=ORIENTED_EDGE('',*,*,#1676,.F.);
#614=ORIENTED_EDGE('',*,*,#1677,.F.);
#615=ORIENTED_EDGE('',*,*,#1672,.F.);
#616=ORIENTED_EDGE('',*,*,#1678,.F.);
#617=ORIENTED_EDGE('',*,*,#1679,.T.);
#618=ORIENTED_EDGE('',*,*,#1671,.F.);
#619=ORIENTED_EDGE('',*,*,#1680,.F.);
#620=ORIENTED_EDGE('',*,*,#1681,.F.);
#621=ORIENTED_EDGE('',*,*,#1674,.F.);
#622=ORIENTED_EDGE('',*,*,#1682,.T.);
#623=ORIENTED_EDGE('',*,*,#1683,.T.);
#624=ORIENTED_EDGE('',*,*,#1677,.T.);
#625=ORIENTED_EDGE('',*,*,#1684,.T.);
#626=ORIENTED_EDGE('',*,*,#1682,.F.);
#627=ORIENTED_EDGE('',*,*,#1673,.F.);
#628=ORIENTED_EDGE('',*,*,#1685,.T.);
#629=ORIENTED_EDGE('',*,*,#1686,.T.);
#630=ORIENTED_EDGE('',*,*,#1660,.T.);
#631=ORIENTED_EDGE('',*,*,#1655,.T.);
#632=ORIENTED_EDGE('',*,*,#1489,.T.);
#633=ORIENTED_EDGE('',*,*,#1639,.T.);
#634=ORIENTED_EDGE('',*,*,#1669,.T.);
#635=ORIENTED_EDGE('',*,*,#1687,.T.);
#636=ORIENTED_EDGE('',*,*,#1688,.F.);
#637=ORIENTED_EDGE('',*,*,#1653,.F.);
#638=ORIENTED_EDGE('',*,*,#1656,.F.);
#639=ORIENTED_EDGE('',*,*,#1689,.T.);
#640=ORIENTED_EDGE('',*,*,#1690,.F.);
#641=ORIENTED_EDGE('',*,*,#1691,.F.);
#642=ORIENTED_EDGE('',*,*,#1692,.F.);
#643=ORIENTED_EDGE('',*,*,#1693,.F.);
#644=ORIENTED_EDGE('',*,*,#1694,.T.);
#645=ORIENTED_EDGE('',*,*,#1695,.T.);
#646=ORIENTED_EDGE('',*,*,#1696,.T.);
#647=ORIENTED_EDGE('',*,*,#1502,.T.);
#648=ORIENTED_EDGE('',*,*,#1675,.T.);
#649=ORIENTED_EDGE('',*,*,#1681,.T.);
#650=ORIENTED_EDGE('',*,*,#1697,.T.);
#651=ORIENTED_EDGE('',*,*,#1698,.T.);
#652=ORIENTED_EDGE('',*,*,#1699,.T.);
#653=ORIENTED_EDGE('',*,*,#1700,.T.);
#654=ORIENTED_EDGE('',*,*,#1701,.T.);
#655=ORIENTED_EDGE('',*,*,#1648,.T.);
#656=ORIENTED_EDGE('',*,*,#1702,.T.);
#657=ORIENTED_EDGE('',*,*,#1645,.T.);
#658=ORIENTED_EDGE('',*,*,#1640,.T.);
#659=ORIENTED_EDGE('',*,*,#1486,.T.);
#660=ORIENTED_EDGE('',*,*,#1703,.T.);
#661=ORIENTED_EDGE('',*,*,#1704,.T.);
#662=ORIENTED_EDGE('',*,*,#1705,.T.);
#663=ORIENTED_EDGE('',*,*,#1706,.T.);
#664=ORIENTED_EDGE('',*,*,#1703,.F.);
#665=ORIENTED_EDGE('',*,*,#1485,.F.);
#666=ORIENTED_EDGE('',*,*,#1621,.F.);
#667=ORIENTED_EDGE('',*,*,#1507,.F.);
#668=ORIENTED_EDGE('',*,*,#1482,.F.);
#669=ORIENTED_EDGE('',*,*,#1500,.F.);
#670=ORIENTED_EDGE('',*,*,#1696,.F.);
#671=ORIENTED_EDGE('',*,*,#1707,.F.);
#672=ORIENTED_EDGE('',*,*,#1704,.F.);
#673=ORIENTED_EDGE('',*,*,#1695,.F.);
#674=ORIENTED_EDGE('',*,*,#1708,.T.);
#675=ORIENTED_EDGE('',*,*,#1694,.F.);
#676=ORIENTED_EDGE('',*,*,#1709,.F.);
#677=ORIENTED_EDGE('',*,*,#1710,.F.);
#678=ORIENTED_EDGE('',*,*,#1705,.F.);
#679=ORIENTED_EDGE('',*,*,#1707,.T.);
#680=ORIENTED_EDGE('',*,*,#1711,.T.);
#681=ORIENTED_EDGE('',*,*,#1709,.T.);
#682=ORIENTED_EDGE('',*,*,#1712,.T.);
#683=ORIENTED_EDGE('',*,*,#1713,.F.);
#684=ORIENTED_EDGE('',*,*,#1714,.T.);
#685=ORIENTED_EDGE('',*,*,#1715,.F.);
#686=ORIENTED_EDGE('',*,*,#1700,.F.);
#687=ORIENTED_EDGE('',*,*,#1706,.F.);
#688=ORIENTED_EDGE('',*,*,#1710,.T.);
#689=ORIENTED_EDGE('',*,*,#1716,.T.);
#690=ORIENTED_EDGE('',*,*,#1680,.T.);
#691=ORIENTED_EDGE('',*,*,#1717,.T.);
#692=ORIENTED_EDGE('',*,*,#1718,.T.);
#693=ORIENTED_EDGE('',*,*,#1719,.T.);
#694=ORIENTED_EDGE('',*,*,#1720,.F.);
#695=ORIENTED_EDGE('',*,*,#1691,.T.);
#696=ORIENTED_EDGE('',*,*,#1721,.T.);
#697=ORIENTED_EDGE('',*,*,#1678,.T.);
#698=ORIENTED_EDGE('',*,*,#1676,.T.);
#699=ORIENTED_EDGE('',*,*,#1493,.T.);
#700=ORIENTED_EDGE('',*,*,#1654,.T.);
#701=ORIENTED_EDGE('',*,*,#1688,.T.);
#702=ORIENTED_EDGE('',*,*,#1722,.T.);
#703=ORIENTED_EDGE('',*,*,#1464,.F.);
#704=ORIENTED_EDGE('',*,*,#1446,.T.);
#705=ORIENTED_EDGE('',*,*,#1470,.F.);
#706=ORIENTED_EDGE('',*,*,#1570,.T.);
#707=ORIENTED_EDGE('',*,*,#1452,.F.);
#708=ORIENTED_EDGE('',*,*,#1423,.T.);
#709=ORIENTED_EDGE('',*,*,#1723,.F.);
#710=ORIENTED_EDGE('',*,*,#1724,.T.);
#711=ORIENTED_EDGE('',*,*,#1725,.F.);
#712=ORIENTED_EDGE('',*,*,#1726,.F.);
#713=ORIENTED_EDGE('',*,*,#1727,.T.);
#714=ORIENTED_EDGE('',*,*,#1728,.T.);
#715=ORIENTED_EDGE('',*,*,#1725,.T.);
#716=ORIENTED_EDGE('',*,*,#1729,.T.);
#717=ORIENTED_EDGE('',*,*,#1730,.F.);
#718=ORIENTED_EDGE('',*,*,#1731,.F.);
#719=ORIENTED_EDGE('',*,*,#1727,.F.);
#720=ORIENTED_EDGE('',*,*,#1732,.T.);
#721=ORIENTED_EDGE('',*,*,#1733,.T.);
#722=ORIENTED_EDGE('',*,*,#1734,.T.);
#723=ORIENTED_EDGE('',*,*,#1730,.T.);
#724=ORIENTED_EDGE('',*,*,#1735,.T.);
#725=ORIENTED_EDGE('',*,*,#1736,.F.);
#726=ORIENTED_EDGE('',*,*,#1737,.F.);
#727=ORIENTED_EDGE('',*,*,#1733,.F.);
#728=ORIENTED_EDGE('',*,*,#1738,.T.);
#729=ORIENTED_EDGE('',*,*,#1739,.T.);
#730=ORIENTED_EDGE('',*,*,#1740,.T.);
#731=ORIENTED_EDGE('',*,*,#1736,.T.);
#732=ORIENTED_EDGE('',*,*,#1741,.T.);
#733=ORIENTED_EDGE('',*,*,#1742,.F.);
#734=ORIENTED_EDGE('',*,*,#1743,.F.);
#735=ORIENTED_EDGE('',*,*,#1739,.F.);
#736=ORIENTED_EDGE('',*,*,#1744,.T.);
#737=ORIENTED_EDGE('',*,*,#1723,.T.);
#738=ORIENTED_EDGE('',*,*,#1745,.T.);
#739=ORIENTED_EDGE('',*,*,#1742,.T.);
#740=ORIENTED_EDGE('',*,*,#1746,.T.);
#741=ORIENTED_EDGE('',*,*,#1747,.F.);
#742=ORIENTED_EDGE('',*,*,#1748,.T.);
#743=ORIENTED_EDGE('',*,*,#1749,.F.);
#744=ORIENTED_EDGE('',*,*,#1750,.F.);
#745=ORIENTED_EDGE('',*,*,#1751,.T.);
#746=ORIENTED_EDGE('',*,*,#1752,.T.);
#747=ORIENTED_EDGE('',*,*,#1749,.T.);
#748=ORIENTED_EDGE('',*,*,#1753,.T.);
#749=ORIENTED_EDGE('',*,*,#1754,.F.);
#750=ORIENTED_EDGE('',*,*,#1755,.F.);
#751=ORIENTED_EDGE('',*,*,#1751,.F.);
#752=ORIENTED_EDGE('',*,*,#1756,.T.);
#753=ORIENTED_EDGE('',*,*,#1757,.T.);
#754=ORIENTED_EDGE('',*,*,#1758,.T.);
#755=ORIENTED_EDGE('',*,*,#1754,.T.);
#756=ORIENTED_EDGE('',*,*,#1759,.T.);
#757=ORIENTED_EDGE('',*,*,#1760,.F.);
#758=ORIENTED_EDGE('',*,*,#1761,.F.);
#759=ORIENTED_EDGE('',*,*,#1757,.F.);
#760=ORIENTED_EDGE('',*,*,#1762,.T.);
#761=ORIENTED_EDGE('',*,*,#1763,.T.);
#762=ORIENTED_EDGE('',*,*,#1764,.T.);
#763=ORIENTED_EDGE('',*,*,#1760,.T.);
#764=ORIENTED_EDGE('',*,*,#1765,.T.);
#765=ORIENTED_EDGE('',*,*,#1766,.F.);
#766=ORIENTED_EDGE('',*,*,#1767,.F.);
#767=ORIENTED_EDGE('',*,*,#1763,.F.);
#768=ORIENTED_EDGE('',*,*,#1768,.T.);
#769=ORIENTED_EDGE('',*,*,#1747,.T.);
#770=ORIENTED_EDGE('',*,*,#1769,.T.);
#771=ORIENTED_EDGE('',*,*,#1766,.T.);
#772=ORIENTED_EDGE('',*,*,#1770,.T.);
#773=ORIENTED_EDGE('',*,*,#1771,.T.);
#774=ORIENTED_EDGE('',*,*,#1772,.T.);
#775=ORIENTED_EDGE('',*,*,#1773,.F.);
#776=ORIENTED_EDGE('',*,*,#1774,.T.);
#777=ORIENTED_EDGE('',*,*,#1775,.F.);
#778=ORIENTED_EDGE('',*,*,#1776,.T.);
#779=ORIENTED_EDGE('',*,*,#1777,.F.);
#780=ORIENTED_EDGE('',*,*,#1778,.F.);
#781=ORIENTED_EDGE('',*,*,#1779,.T.);
#782=ORIENTED_EDGE('',*,*,#1780,.T.);
#783=ORIENTED_EDGE('',*,*,#1777,.T.);
#784=ORIENTED_EDGE('',*,*,#1781,.T.);
#785=ORIENTED_EDGE('',*,*,#1782,.F.);
#786=ORIENTED_EDGE('',*,*,#1783,.F.);
#787=ORIENTED_EDGE('',*,*,#1779,.F.);
#788=ORIENTED_EDGE('',*,*,#1784,.T.);
#789=ORIENTED_EDGE('',*,*,#1785,.T.);
#790=ORIENTED_EDGE('',*,*,#1786,.T.);
#791=ORIENTED_EDGE('',*,*,#1782,.T.);
#792=ORIENTED_EDGE('',*,*,#1787,.T.);
#793=ORIENTED_EDGE('',*,*,#1788,.F.);
#794=ORIENTED_EDGE('',*,*,#1789,.F.);
#795=ORIENTED_EDGE('',*,*,#1785,.F.);
#796=ORIENTED_EDGE('',*,*,#1790,.T.);
#797=ORIENTED_EDGE('',*,*,#1791,.T.);
#798=ORIENTED_EDGE('',*,*,#1792,.T.);
#799=ORIENTED_EDGE('',*,*,#1788,.T.);
#800=ORIENTED_EDGE('',*,*,#1793,.T.);
#801=ORIENTED_EDGE('',*,*,#1794,.F.);
#802=ORIENTED_EDGE('',*,*,#1795,.F.);
#803=ORIENTED_EDGE('',*,*,#1791,.F.);
#804=ORIENTED_EDGE('',*,*,#1796,.T.);
#805=ORIENTED_EDGE('',*,*,#1775,.T.);
#806=ORIENTED_EDGE('',*,*,#1797,.T.);
#807=ORIENTED_EDGE('',*,*,#1794,.T.);
#808=ORIENTED_EDGE('',*,*,#1798,.T.);
#809=ORIENTED_EDGE('',*,*,#1799,.F.);
#810=ORIENTED_EDGE('',*,*,#1800,.T.);
#811=ORIENTED_EDGE('',*,*,#1801,.F.);
#812=ORIENTED_EDGE('',*,*,#1802,.F.);
#813=ORIENTED_EDGE('',*,*,#1803,.T.);
#814=ORIENTED_EDGE('',*,*,#1804,.T.);
#815=ORIENTED_EDGE('',*,*,#1801,.T.);
#816=ORIENTED_EDGE('',*,*,#1805,.T.);
#817=ORIENTED_EDGE('',*,*,#1806,.F.);
#818=ORIENTED_EDGE('',*,*,#1807,.F.);
#819=ORIENTED_EDGE('',*,*,#1803,.F.);
#820=ORIENTED_EDGE('',*,*,#1808,.T.);
#821=ORIENTED_EDGE('',*,*,#1809,.T.);
#822=ORIENTED_EDGE('',*,*,#1810,.T.);
#823=ORIENTED_EDGE('',*,*,#1806,.T.);
#824=ORIENTED_EDGE('',*,*,#1811,.T.);
#825=ORIENTED_EDGE('',*,*,#1812,.F.);
#826=ORIENTED_EDGE('',*,*,#1813,.F.);
#827=ORIENTED_EDGE('',*,*,#1809,.F.);
#828=ORIENTED_EDGE('',*,*,#1814,.T.);
#829=ORIENTED_EDGE('',*,*,#1815,.T.);
#830=ORIENTED_EDGE('',*,*,#1816,.T.);
#831=ORIENTED_EDGE('',*,*,#1812,.T.);
#832=ORIENTED_EDGE('',*,*,#1817,.T.);
#833=ORIENTED_EDGE('',*,*,#1818,.F.);
#834=ORIENTED_EDGE('',*,*,#1819,.F.);
#835=ORIENTED_EDGE('',*,*,#1815,.F.);
#836=ORIENTED_EDGE('',*,*,#1820,.T.);
#837=ORIENTED_EDGE('',*,*,#1799,.T.);
#838=ORIENTED_EDGE('',*,*,#1821,.T.);
#839=ORIENTED_EDGE('',*,*,#1818,.T.);
#840=ORIENTED_EDGE('',*,*,#1822,.T.);
#841=ORIENTED_EDGE('',*,*,#1823,.F.);
#842=ORIENTED_EDGE('',*,*,#1824,.T.);
#843=ORIENTED_EDGE('',*,*,#1825,.F.);
#844=ORIENTED_EDGE('',*,*,#1826,.F.);
#845=ORIENTED_EDGE('',*,*,#1827,.T.);
#846=ORIENTED_EDGE('',*,*,#1828,.T.);
#847=ORIENTED_EDGE('',*,*,#1825,.T.);
#848=ORIENTED_EDGE('',*,*,#1829,.T.);
#849=ORIENTED_EDGE('',*,*,#1830,.F.);
#850=ORIENTED_EDGE('',*,*,#1831,.F.);
#851=ORIENTED_EDGE('',*,*,#1827,.F.);
#852=ORIENTED_EDGE('',*,*,#1832,.T.);
#853=ORIENTED_EDGE('',*,*,#1833,.T.);
#854=ORIENTED_EDGE('',*,*,#1834,.T.);
#855=ORIENTED_EDGE('',*,*,#1830,.T.);
#856=ORIENTED_EDGE('',*,*,#1835,.T.);
#857=ORIENTED_EDGE('',*,*,#1836,.F.);
#858=ORIENTED_EDGE('',*,*,#1837,.F.);
#859=ORIENTED_EDGE('',*,*,#1833,.F.);
#860=ORIENTED_EDGE('',*,*,#1838,.T.);
#861=ORIENTED_EDGE('',*,*,#1839,.T.);
#862=ORIENTED_EDGE('',*,*,#1840,.T.);
#863=ORIENTED_EDGE('',*,*,#1836,.T.);
#864=ORIENTED_EDGE('',*,*,#1841,.T.);
#865=ORIENTED_EDGE('',*,*,#1842,.F.);
#866=ORIENTED_EDGE('',*,*,#1843,.F.);
#867=ORIENTED_EDGE('',*,*,#1839,.F.);
#868=ORIENTED_EDGE('',*,*,#1844,.T.);
#869=ORIENTED_EDGE('',*,*,#1823,.T.);
#870=ORIENTED_EDGE('',*,*,#1845,.T.);
#871=ORIENTED_EDGE('',*,*,#1842,.T.);
#872=ORIENTED_EDGE('',*,*,#1846,.T.);
#873=ORIENTED_EDGE('',*,*,#1847,.T.);
#874=ORIENTED_EDGE('',*,*,#1848,.F.);
#875=ORIENTED_EDGE('',*,*,#1719,.F.);
#876=ORIENTED_EDGE('',*,*,#1849,.T.);
#877=ORIENTED_EDGE('',*,*,#1850,.F.);
#878=ORIENTED_EDGE('',*,*,#1851,.T.);
#879=ORIENTED_EDGE('',*,*,#1852,.F.);
#880=ORIENTED_EDGE('',*,*,#1853,.F.);
#881=ORIENTED_EDGE('',*,*,#1854,.T.);
#882=ORIENTED_EDGE('',*,*,#1855,.T.);
#883=ORIENTED_EDGE('',*,*,#1852,.T.);
#884=ORIENTED_EDGE('',*,*,#1856,.T.);
#885=ORIENTED_EDGE('',*,*,#1857,.F.);
#886=ORIENTED_EDGE('',*,*,#1858,.F.);
#887=ORIENTED_EDGE('',*,*,#1854,.F.);
#888=ORIENTED_EDGE('',*,*,#1859,.T.);
#889=ORIENTED_EDGE('',*,*,#1860,.T.);
#890=ORIENTED_EDGE('',*,*,#1861,.T.);
#891=ORIENTED_EDGE('',*,*,#1857,.T.);
#892=ORIENTED_EDGE('',*,*,#1862,.T.);
#893=ORIENTED_EDGE('',*,*,#1863,.F.);
#894=ORIENTED_EDGE('',*,*,#1864,.F.);
#895=ORIENTED_EDGE('',*,*,#1860,.F.);
#896=ORIENTED_EDGE('',*,*,#1865,.T.);
#897=ORIENTED_EDGE('',*,*,#1866,.T.);
#898=ORIENTED_EDGE('',*,*,#1867,.T.);
#899=ORIENTED_EDGE('',*,*,#1863,.T.);
#900=ORIENTED_EDGE('',*,*,#1868,.T.);
#901=ORIENTED_EDGE('',*,*,#1869,.F.);
#902=ORIENTED_EDGE('',*,*,#1870,.F.);
#903=ORIENTED_EDGE('',*,*,#1866,.F.);
#904=ORIENTED_EDGE('',*,*,#1871,.T.);
#905=ORIENTED_EDGE('',*,*,#1850,.T.);
#906=ORIENTED_EDGE('',*,*,#1872,.T.);
#907=ORIENTED_EDGE('',*,*,#1869,.T.);
#908=ORIENTED_EDGE('',*,*,#1873,.T.);
#909=ORIENTED_EDGE('',*,*,#1874,.F.);
#910=ORIENTED_EDGE('',*,*,#1875,.T.);
#911=ORIENTED_EDGE('',*,*,#1876,.F.);
#912=ORIENTED_EDGE('',*,*,#1877,.F.);
#913=ORIENTED_EDGE('',*,*,#1878,.T.);
#914=ORIENTED_EDGE('',*,*,#1879,.T.);
#915=ORIENTED_EDGE('',*,*,#1876,.T.);
#916=ORIENTED_EDGE('',*,*,#1880,.T.);
#917=ORIENTED_EDGE('',*,*,#1881,.F.);
#918=ORIENTED_EDGE('',*,*,#1882,.F.);
#919=ORIENTED_EDGE('',*,*,#1878,.F.);
#920=ORIENTED_EDGE('',*,*,#1883,.T.);
#921=ORIENTED_EDGE('',*,*,#1884,.T.);
#922=ORIENTED_EDGE('',*,*,#1885,.T.);
#923=ORIENTED_EDGE('',*,*,#1881,.T.);
#924=ORIENTED_EDGE('',*,*,#1886,.T.);
#925=ORIENTED_EDGE('',*,*,#1887,.F.);
#926=ORIENTED_EDGE('',*,*,#1888,.F.);
#927=ORIENTED_EDGE('',*,*,#1884,.F.);
#928=ORIENTED_EDGE('',*,*,#1889,.T.);
#929=ORIENTED_EDGE('',*,*,#1890,.T.);
#930=ORIENTED_EDGE('',*,*,#1891,.T.);
#931=ORIENTED_EDGE('',*,*,#1887,.T.);
#932=ORIENTED_EDGE('',*,*,#1892,.T.);
#933=ORIENTED_EDGE('',*,*,#1893,.F.);
#934=ORIENTED_EDGE('',*,*,#1894,.F.);
#935=ORIENTED_EDGE('',*,*,#1890,.F.);
#936=ORIENTED_EDGE('',*,*,#1895,.T.);
#937=ORIENTED_EDGE('',*,*,#1874,.T.);
#938=ORIENTED_EDGE('',*,*,#1896,.T.);
#939=ORIENTED_EDGE('',*,*,#1893,.T.);
#940=ORIENTED_EDGE('',*,*,#1897,.T.);
#941=ORIENTED_EDGE('',*,*,#1898,.F.);
#942=ORIENTED_EDGE('',*,*,#1899,.T.);
#943=ORIENTED_EDGE('',*,*,#1900,.F.);
#944=ORIENTED_EDGE('',*,*,#1901,.F.);
#945=ORIENTED_EDGE('',*,*,#1902,.T.);
#946=ORIENTED_EDGE('',*,*,#1903,.T.);
#947=ORIENTED_EDGE('',*,*,#1900,.T.);
#948=ORIENTED_EDGE('',*,*,#1904,.T.);
#949=ORIENTED_EDGE('',*,*,#1905,.F.);
#950=ORIENTED_EDGE('',*,*,#1906,.F.);
#951=ORIENTED_EDGE('',*,*,#1902,.F.);
#952=ORIENTED_EDGE('',*,*,#1907,.T.);
#953=ORIENTED_EDGE('',*,*,#1908,.T.);
#954=ORIENTED_EDGE('',*,*,#1909,.T.);
#955=ORIENTED_EDGE('',*,*,#1905,.T.);
#956=ORIENTED_EDGE('',*,*,#1910,.T.);
#957=ORIENTED_EDGE('',*,*,#1911,.F.);
#958=ORIENTED_EDGE('',*,*,#1912,.F.);
#959=ORIENTED_EDGE('',*,*,#1908,.F.);
#960=ORIENTED_EDGE('',*,*,#1913,.T.);
#961=ORIENTED_EDGE('',*,*,#1914,.T.);
#962=ORIENTED_EDGE('',*,*,#1915,.T.);
#963=ORIENTED_EDGE('',*,*,#1911,.T.);
#964=ORIENTED_EDGE('',*,*,#1916,.T.);
#965=ORIENTED_EDGE('',*,*,#1917,.F.);
#966=ORIENTED_EDGE('',*,*,#1918,.F.);
#967=ORIENTED_EDGE('',*,*,#1914,.F.);
#968=ORIENTED_EDGE('',*,*,#1919,.T.);
#969=ORIENTED_EDGE('',*,*,#1898,.T.);
#970=ORIENTED_EDGE('',*,*,#1920,.T.);
#971=ORIENTED_EDGE('',*,*,#1917,.T.);
#972=ORIENTED_EDGE('',*,*,#1921,.T.);
#973=ORIENTED_EDGE('',*,*,#1922,.T.);
#974=ORIENTED_EDGE('',*,*,#1923,.F.);
#975=ORIENTED_EDGE('',*,*,#1714,.F.);
#976=ORIENTED_EDGE('',*,*,#1924,.F.);
#977=ORIENTED_EDGE('',*,*,#1925,.F.);
#978=ORIENTED_EDGE('',*,*,#1926,.T.);
#979=ORIENTED_EDGE('',*,*,#1927,.F.);
#980=ORIENTED_EDGE('',*,*,#1928,.F.);
#981=ORIENTED_EDGE('',*,*,#1929,.T.);
#982=ORIENTED_EDGE('',*,*,#1930,.T.);
#983=ORIENTED_EDGE('',*,*,#1927,.T.);
#984=ORIENTED_EDGE('',*,*,#1931,.T.);
#985=ORIENTED_EDGE('',*,*,#1932,.F.);
#986=ORIENTED_EDGE('',*,*,#1933,.F.);
#987=ORIENTED_EDGE('',*,*,#1929,.F.);
#988=ORIENTED_EDGE('',*,*,#1934,.T.);
#989=ORIENTED_EDGE('',*,*,#1935,.T.);
#990=ORIENTED_EDGE('',*,*,#1936,.T.);
#991=ORIENTED_EDGE('',*,*,#1932,.T.);
#992=ORIENTED_EDGE('',*,*,#1937,.T.);
#993=ORIENTED_EDGE('',*,*,#1938,.F.);
#994=ORIENTED_EDGE('',*,*,#1939,.F.);
#995=ORIENTED_EDGE('',*,*,#1935,.F.);
#996=ORIENTED_EDGE('',*,*,#1940,.T.);
#997=ORIENTED_EDGE('',*,*,#1941,.T.);
#998=ORIENTED_EDGE('',*,*,#1942,.T.);
#999=ORIENTED_EDGE('',*,*,#1938,.T.);
#1000=ORIENTED_EDGE('',*,*,#1943,.T.);
#1001=ORIENTED_EDGE('',*,*,#1944,.F.);
#1002=ORIENTED_EDGE('',*,*,#1945,.F.);
#1003=ORIENTED_EDGE('',*,*,#1941,.F.);
#1004=ORIENTED_EDGE('',*,*,#1946,.T.);
#1005=ORIENTED_EDGE('',*,*,#1925,.T.);
#1006=ORIENTED_EDGE('',*,*,#1947,.T.);
#1007=ORIENTED_EDGE('',*,*,#1944,.T.);
#1008=ORIENTED_EDGE('',*,*,#1948,.T.);
#1009=ORIENTED_EDGE('',*,*,#1949,.F.);
#1010=ORIENTED_EDGE('',*,*,#1950,.T.);
#1011=ORIENTED_EDGE('',*,*,#1951,.F.);
#1012=ORIENTED_EDGE('',*,*,#1952,.F.);
#1013=ORIENTED_EDGE('',*,*,#1953,.T.);
#1014=ORIENTED_EDGE('',*,*,#1954,.T.);
#1015=ORIENTED_EDGE('',*,*,#1951,.T.);
#1016=ORIENTED_EDGE('',*,*,#1955,.T.);
#1017=ORIENTED_EDGE('',*,*,#1956,.F.);
#1018=ORIENTED_EDGE('',*,*,#1957,.F.);
#1019=ORIENTED_EDGE('',*,*,#1953,.F.);
#1020=ORIENTED_EDGE('',*,*,#1958,.T.);
#1021=ORIENTED_EDGE('',*,*,#1959,.T.);
#1022=ORIENTED_EDGE('',*,*,#1960,.T.);
#1023=ORIENTED_EDGE('',*,*,#1956,.T.);
#1024=ORIENTED_EDGE('',*,*,#1961,.T.);
#1025=ORIENTED_EDGE('',*,*,#1962,.F.);
#1026=ORIENTED_EDGE('',*,*,#1963,.F.);
#1027=ORIENTED_EDGE('',*,*,#1959,.F.);
#1028=ORIENTED_EDGE('',*,*,#1964,.T.);
#1029=ORIENTED_EDGE('',*,*,#1965,.T.);
#1030=ORIENTED_EDGE('',*,*,#1966,.T.);
#1031=ORIENTED_EDGE('',*,*,#1962,.T.);
#1032=ORIENTED_EDGE('',*,*,#1967,.T.);
#1033=ORIENTED_EDGE('',*,*,#1968,.F.);
#1034=ORIENTED_EDGE('',*,*,#1969,.F.);
#1035=ORIENTED_EDGE('',*,*,#1965,.F.);
#1036=ORIENTED_EDGE('',*,*,#1970,.T.);
#1037=ORIENTED_EDGE('',*,*,#1949,.T.);
#1038=ORIENTED_EDGE('',*,*,#1971,.T.);
#1039=ORIENTED_EDGE('',*,*,#1968,.T.);
#1040=ORIENTED_EDGE('',*,*,#1972,.T.);
#1041=ORIENTED_EDGE('',*,*,#1973,.F.);
#1042=ORIENTED_EDGE('',*,*,#1974,.T.);
#1043=ORIENTED_EDGE('',*,*,#1975,.F.);
#1044=ORIENTED_EDGE('',*,*,#1976,.F.);
#1045=ORIENTED_EDGE('',*,*,#1977,.T.);
#1046=ORIENTED_EDGE('',*,*,#1978,.T.);
#1047=ORIENTED_EDGE('',*,*,#1975,.T.);
#1048=ORIENTED_EDGE('',*,*,#1979,.T.);
#1049=ORIENTED_EDGE('',*,*,#1980,.F.);
#1050=ORIENTED_EDGE('',*,*,#1981,.F.);
#1051=ORIENTED_EDGE('',*,*,#1977,.F.);
#1052=ORIENTED_EDGE('',*,*,#1982,.T.);
#1053=ORIENTED_EDGE('',*,*,#1983,.T.);
#1054=ORIENTED_EDGE('',*,*,#1984,.T.);
#1055=ORIENTED_EDGE('',*,*,#1980,.T.);
#1056=ORIENTED_EDGE('',*,*,#1985,.T.);
#1057=ORIENTED_EDGE('',*,*,#1986,.F.);
#1058=ORIENTED_EDGE('',*,*,#1987,.F.);
#1059=ORIENTED_EDGE('',*,*,#1983,.F.);
#1060=ORIENTED_EDGE('',*,*,#1988,.T.);
#1061=ORIENTED_EDGE('',*,*,#1989,.T.);
#1062=ORIENTED_EDGE('',*,*,#1990,.T.);
#1063=ORIENTED_EDGE('',*,*,#1986,.T.);
#1064=ORIENTED_EDGE('',*,*,#1991,.T.);
#1065=ORIENTED_EDGE('',*,*,#1992,.F.);
#1066=ORIENTED_EDGE('',*,*,#1993,.F.);
#1067=ORIENTED_EDGE('',*,*,#1989,.F.);
#1068=ORIENTED_EDGE('',*,*,#1994,.T.);
#1069=ORIENTED_EDGE('',*,*,#1973,.T.);
#1070=ORIENTED_EDGE('',*,*,#1995,.T.);
#1071=ORIENTED_EDGE('',*,*,#1992,.T.);
#1072=ORIENTED_EDGE('',*,*,#1996,.T.);
#1073=ORIENTED_EDGE('',*,*,#1997,.F.);
#1074=ORIENTED_EDGE('',*,*,#1998,.T.);
#1075=ORIENTED_EDGE('',*,*,#1999,.F.);
#1076=ORIENTED_EDGE('',*,*,#2000,.F.);
#1077=ORIENTED_EDGE('',*,*,#2001,.T.);
#1078=ORIENTED_EDGE('',*,*,#2002,.T.);
#1079=ORIENTED_EDGE('',*,*,#1999,.T.);
#1080=ORIENTED_EDGE('',*,*,#2003,.T.);
#1081=ORIENTED_EDGE('',*,*,#2004,.F.);
#1082=ORIENTED_EDGE('',*,*,#2005,.F.);
#1083=ORIENTED_EDGE('',*,*,#2001,.F.);
#1084=ORIENTED_EDGE('',*,*,#2006,.T.);
#1085=ORIENTED_EDGE('',*,*,#2007,.T.);
#1086=ORIENTED_EDGE('',*,*,#2008,.T.);
#1087=ORIENTED_EDGE('',*,*,#2004,.T.);
#1088=ORIENTED_EDGE('',*,*,#2009,.T.);
#1089=ORIENTED_EDGE('',*,*,#2010,.F.);
#1090=ORIENTED_EDGE('',*,*,#2011,.F.);
#1091=ORIENTED_EDGE('',*,*,#2007,.F.);
#1092=ORIENTED_EDGE('',*,*,#2012,.T.);
#1093=ORIENTED_EDGE('',*,*,#2013,.T.);
#1094=ORIENTED_EDGE('',*,*,#2014,.T.);
#1095=ORIENTED_EDGE('',*,*,#2010,.T.);
#1096=ORIENTED_EDGE('',*,*,#2015,.T.);
#1097=ORIENTED_EDGE('',*,*,#2016,.F.);
#1098=ORIENTED_EDGE('',*,*,#2017,.F.);
#1099=ORIENTED_EDGE('',*,*,#2013,.F.);
#1100=ORIENTED_EDGE('',*,*,#2018,.T.);
#1101=ORIENTED_EDGE('',*,*,#1997,.T.);
#1102=ORIENTED_EDGE('',*,*,#2019,.T.);
#1103=ORIENTED_EDGE('',*,*,#2016,.T.);
#1104=ORIENTED_EDGE('',*,*,#2020,.T.);
#1105=ORIENTED_EDGE('',*,*,#1634,.F.);
#1106=ORIENTED_EDGE('',*,*,#2021,.F.);
#1107=ORIENTED_EDGE('',*,*,#2022,.F.);
#1108=ORIENTED_EDGE('',*,*,#2000,.T.);
#1109=ORIENTED_EDGE('',*,*,#2002,.F.);
#1110=ORIENTED_EDGE('',*,*,#2005,.T.);
#1111=ORIENTED_EDGE('',*,*,#2008,.F.);
#1112=ORIENTED_EDGE('',*,*,#2011,.T.);
#1113=ORIENTED_EDGE('',*,*,#2014,.F.);
#1114=ORIENTED_EDGE('',*,*,#2017,.T.);
#1115=ORIENTED_EDGE('',*,*,#2019,.F.);
#1116=ORIENTED_EDGE('',*,*,#1976,.T.);
#1117=ORIENTED_EDGE('',*,*,#1978,.F.);
#1118=ORIENTED_EDGE('',*,*,#1981,.T.);
#1119=ORIENTED_EDGE('',*,*,#1984,.F.);
#1120=ORIENTED_EDGE('',*,*,#1987,.T.);
#1121=ORIENTED_EDGE('',*,*,#1990,.F.);
#1122=ORIENTED_EDGE('',*,*,#1993,.T.);
#1123=ORIENTED_EDGE('',*,*,#1995,.F.);
#1124=ORIENTED_EDGE('',*,*,#1952,.T.);
#1125=ORIENTED_EDGE('',*,*,#1954,.F.);
#1126=ORIENTED_EDGE('',*,*,#1957,.T.);
#1127=ORIENTED_EDGE('',*,*,#1960,.F.);
#1128=ORIENTED_EDGE('',*,*,#1963,.T.);
#1129=ORIENTED_EDGE('',*,*,#1966,.F.);
#1130=ORIENTED_EDGE('',*,*,#1969,.T.);
#1131=ORIENTED_EDGE('',*,*,#1971,.F.);
#1132=ORIENTED_EDGE('',*,*,#1928,.T.);
#1133=ORIENTED_EDGE('',*,*,#1930,.F.);
#1134=ORIENTED_EDGE('',*,*,#1933,.T.);
#1135=ORIENTED_EDGE('',*,*,#1936,.F.);
#1136=ORIENTED_EDGE('',*,*,#1939,.T.);
#1137=ORIENTED_EDGE('',*,*,#1942,.F.);
#1138=ORIENTED_EDGE('',*,*,#1945,.T.);
#1139=ORIENTED_EDGE('',*,*,#1947,.F.);
#1140=ORIENTED_EDGE('',*,*,#1901,.T.);
#1141=ORIENTED_EDGE('',*,*,#1903,.F.);
#1142=ORIENTED_EDGE('',*,*,#1906,.T.);
#1143=ORIENTED_EDGE('',*,*,#1909,.F.);
#1144=ORIENTED_EDGE('',*,*,#1912,.T.);
#1145=ORIENTED_EDGE('',*,*,#1915,.F.);
#1146=ORIENTED_EDGE('',*,*,#1918,.T.);
#1147=ORIENTED_EDGE('',*,*,#1920,.F.);
#1148=ORIENTED_EDGE('',*,*,#1877,.T.);
#1149=ORIENTED_EDGE('',*,*,#1879,.F.);
#1150=ORIENTED_EDGE('',*,*,#1882,.T.);
#1151=ORIENTED_EDGE('',*,*,#1885,.F.);
#1152=ORIENTED_EDGE('',*,*,#1888,.T.);
#1153=ORIENTED_EDGE('',*,*,#1891,.F.);
#1154=ORIENTED_EDGE('',*,*,#1894,.T.);
#1155=ORIENTED_EDGE('',*,*,#1896,.F.);
#1156=ORIENTED_EDGE('',*,*,#1853,.T.);
#1157=ORIENTED_EDGE('',*,*,#1855,.F.);
#1158=ORIENTED_EDGE('',*,*,#1858,.T.);
#1159=ORIENTED_EDGE('',*,*,#1861,.F.);
#1160=ORIENTED_EDGE('',*,*,#1864,.T.);
#1161=ORIENTED_EDGE('',*,*,#1867,.F.);
#1162=ORIENTED_EDGE('',*,*,#1870,.T.);
#1163=ORIENTED_EDGE('',*,*,#1872,.F.);
#1164=ORIENTED_EDGE('',*,*,#1826,.T.);
#1165=ORIENTED_EDGE('',*,*,#1828,.F.);
#1166=ORIENTED_EDGE('',*,*,#1831,.T.);
#1167=ORIENTED_EDGE('',*,*,#1834,.F.);
#1168=ORIENTED_EDGE('',*,*,#1837,.T.);
#1169=ORIENTED_EDGE('',*,*,#1840,.F.);
#1170=ORIENTED_EDGE('',*,*,#1843,.T.);
#1171=ORIENTED_EDGE('',*,*,#1845,.F.);
#1172=ORIENTED_EDGE('',*,*,#1802,.T.);
#1173=ORIENTED_EDGE('',*,*,#1804,.F.);
#1174=ORIENTED_EDGE('',*,*,#1807,.T.);
#1175=ORIENTED_EDGE('',*,*,#1810,.F.);
#1176=ORIENTED_EDGE('',*,*,#1813,.T.);
#1177=ORIENTED_EDGE('',*,*,#1816,.F.);
#1178=ORIENTED_EDGE('',*,*,#1819,.T.);
#1179=ORIENTED_EDGE('',*,*,#1821,.F.);
#1180=ORIENTED_EDGE('',*,*,#1778,.T.);
#1181=ORIENTED_EDGE('',*,*,#1780,.F.);
#1182=ORIENTED_EDGE('',*,*,#1783,.T.);
#1183=ORIENTED_EDGE('',*,*,#1786,.F.);
#1184=ORIENTED_EDGE('',*,*,#1789,.T.);
#1185=ORIENTED_EDGE('',*,*,#1792,.F.);
#1186=ORIENTED_EDGE('',*,*,#1795,.T.);
#1187=ORIENTED_EDGE('',*,*,#1797,.F.);
#1188=ORIENTED_EDGE('',*,*,#1750,.T.);
#1189=ORIENTED_EDGE('',*,*,#1752,.F.);
#1190=ORIENTED_EDGE('',*,*,#1755,.T.);
#1191=ORIENTED_EDGE('',*,*,#1758,.F.);
#1192=ORIENTED_EDGE('',*,*,#1761,.T.);
#1193=ORIENTED_EDGE('',*,*,#1764,.F.);
#1194=ORIENTED_EDGE('',*,*,#1767,.T.);
#1195=ORIENTED_EDGE('',*,*,#1769,.F.);
#1196=ORIENTED_EDGE('',*,*,#1726,.T.);
#1197=ORIENTED_EDGE('',*,*,#1728,.F.);
#1198=ORIENTED_EDGE('',*,*,#1731,.T.);
#1199=ORIENTED_EDGE('',*,*,#1734,.F.);
#1200=ORIENTED_EDGE('',*,*,#1737,.T.);
#1201=ORIENTED_EDGE('',*,*,#1740,.F.);
#1202=ORIENTED_EDGE('',*,*,#1743,.T.);
#1203=ORIENTED_EDGE('',*,*,#1745,.F.);
#1204=ORIENTED_EDGE('',*,*,#2023,.F.);
#1205=ORIENTED_EDGE('',*,*,#1662,.F.);
#1206=ORIENTED_EDGE('',*,*,#2024,.F.);
#1207=ORIENTED_EDGE('',*,*,#1922,.F.);
#1208=ORIENTED_EDGE('',*,*,#2025,.F.);
#1209=ORIENTED_EDGE('',*,*,#1847,.F.);
#1210=ORIENTED_EDGE('',*,*,#2026,.F.);
#1211=ORIENTED_EDGE('',*,*,#1771,.F.);
#1212=ORIENTED_EDGE('',*,*,#2021,.T.);
#1213=ORIENTED_EDGE('',*,*,#2022,.T.);
#1214=ORIENTED_EDGE('',*,*,#2027,.F.);
#1215=ORIENTED_EDGE('',*,*,#1668,.F.);
#1216=ORIENTED_EDGE('',*,*,#1663,.F.);
#1217=ORIENTED_EDGE('',*,*,#2023,.T.);
#1218=ORIENTED_EDGE('',*,*,#1774,.F.);
#1219=ORIENTED_EDGE('',*,*,#2028,.F.);
#1220=ORIENTED_EDGE('',*,*,#2029,.F.);
#1221=ORIENTED_EDGE('',*,*,#2030,.F.);
#1222=ORIENTED_EDGE('',*,*,#1659,.T.);
#1223=ORIENTED_EDGE('',*,*,#2031,.T.);
#1224=ORIENTED_EDGE('',*,*,#2028,.T.);
#1225=ORIENTED_EDGE('',*,*,#1773,.T.);
#1226=ORIENTED_EDGE('',*,*,#2032,.T.);
#1227=ORIENTED_EDGE('',*,*,#2031,.F.);
#1228=ORIENTED_EDGE('',*,*,#2033,.T.);
#1229=ORIENTED_EDGE('',*,*,#2034,.T.);
#1230=ORIENTED_EDGE('',*,*,#2029,.T.);
#1231=ORIENTED_EDGE('',*,*,#2035,.F.);
#1232=ORIENTED_EDGE('',*,*,#2036,.F.);
#1233=ORIENTED_EDGE('',*,*,#2033,.F.);
#1234=ORIENTED_EDGE('',*,*,#2032,.F.);
#1235=ORIENTED_EDGE('',*,*,#1772,.F.);
#1236=ORIENTED_EDGE('',*,*,#2026,.T.);
#1237=ORIENTED_EDGE('',*,*,#1849,.F.);
#1238=ORIENTED_EDGE('',*,*,#1718,.F.);
#1239=ORIENTED_EDGE('',*,*,#1717,.F.);
#1240=ORIENTED_EDGE('',*,*,#2037,.T.);
#1241=ORIENTED_EDGE('',*,*,#2038,.T.);
#1242=ORIENTED_EDGE('',*,*,#2035,.T.);
#1243=ORIENTED_EDGE('',*,*,#2039,.F.);
#1244=ORIENTED_EDGE('',*,*,#2040,.F.);
#1245=ORIENTED_EDGE('',*,*,#2037,.F.);
#1246=ORIENTED_EDGE('',*,*,#1720,.T.);
#1247=ORIENTED_EDGE('',*,*,#1848,.T.);
#1248=ORIENTED_EDGE('',*,*,#2025,.T.);
#1249=ORIENTED_EDGE('',*,*,#1924,.T.);
#1250=ORIENTED_EDGE('',*,*,#1713,.T.);
#1251=ORIENTED_EDGE('',*,*,#1712,.F.);
#1252=ORIENTED_EDGE('',*,*,#2041,.T.);
#1253=ORIENTED_EDGE('',*,*,#2042,.T.);
#1254=ORIENTED_EDGE('',*,*,#2039,.T.);
#1255=ORIENTED_EDGE('',*,*,#2043,.F.);
#1256=ORIENTED_EDGE('',*,*,#2044,.F.);
#1257=ORIENTED_EDGE('',*,*,#2041,.F.);
#1258=ORIENTED_EDGE('',*,*,#1715,.T.);
#1259=ORIENTED_EDGE('',*,*,#1923,.T.);
#1260=ORIENTED_EDGE('',*,*,#2024,.T.);
#1261=ORIENTED_EDGE('',*,*,#1665,.F.);
#1262=ORIENTED_EDGE('',*,*,#1667,.F.);
#1263=ORIENTED_EDGE('',*,*,#1666,.F.);
#1264=ORIENTED_EDGE('',*,*,#2027,.T.);
#1265=ORIENTED_EDGE('',*,*,#2045,.T.);
#1266=ORIENTED_EDGE('',*,*,#2043,.T.);
#1267=ORIENTED_EDGE('',*,*,#2046,.T.);
#1268=ORIENTED_EDGE('',*,*,#1692,.T.);
#1269=ORIENTED_EDGE('',*,*,#1722,.F.);
#1270=ORIENTED_EDGE('',*,*,#1689,.F.);
#1271=ORIENTED_EDGE('',*,*,#1658,.F.);
#1272=ORIENTED_EDGE('',*,*,#1661,.F.);
#1273=ORIENTED_EDGE('',*,*,#1686,.F.);
#1274=ORIENTED_EDGE('',*,*,#2047,.T.);
#1275=ORIENTED_EDGE('',*,*,#2048,.T.);
#1276=ORIENTED_EDGE('',*,*,#2049,.T.);
#1277=ORIENTED_EDGE('',*,*,#1697,.F.);
#1278=ORIENTED_EDGE('',*,*,#1683,.F.);
#1279=ORIENTED_EDGE('',*,*,#1684,.F.);
#1280=ORIENTED_EDGE('',*,*,#1679,.F.);
#1281=ORIENTED_EDGE('',*,*,#1721,.F.);
#1282=ORIENTED_EDGE('',*,*,#1690,.T.);
#1283=ORIENTED_EDGE('',*,*,#2050,.F.);
#1284=ORIENTED_EDGE('',*,*,#1698,.F.);
#1285=ORIENTED_EDGE('',*,*,#2049,.F.);
#1286=ORIENTED_EDGE('',*,*,#2051,.F.);
#1287=ORIENTED_EDGE('',*,*,#2052,.T.);
#1288=ORIENTED_EDGE('',*,*,#1649,.T.);
#1289=ORIENTED_EDGE('',*,*,#1701,.F.);
#1290=ORIENTED_EDGE('',*,*,#1716,.F.);
#1291=ORIENTED_EDGE('',*,*,#1711,.F.);
#1292=ORIENTED_EDGE('',*,*,#1708,.F.);
#1293=ORIENTED_EDGE('',*,*,#1699,.F.);
#1294=ORIENTED_EDGE('',*,*,#2050,.T.);
#1295=ORIENTED_EDGE('',*,*,#2036,.T.);
#1296=ORIENTED_EDGE('',*,*,#2038,.F.);
#1297=ORIENTED_EDGE('',*,*,#2040,.T.);
#1298=ORIENTED_EDGE('',*,*,#2042,.F.);
#1299=ORIENTED_EDGE('',*,*,#2044,.T.);
#1300=ORIENTED_EDGE('',*,*,#2045,.F.);
#1301=ORIENTED_EDGE('',*,*,#2030,.T.);
#1302=ORIENTED_EDGE('',*,*,#2034,.F.);
#1303=ORIENTED_EDGE('',*,*,#2053,.F.);
#1304=ORIENTED_EDGE('',*,*,#1650,.T.);
#1305=ORIENTED_EDGE('',*,*,#2052,.F.);
#1306=ORIENTED_EDGE('',*,*,#2051,.T.);
#1307=ORIENTED_EDGE('',*,*,#2048,.F.);
#1308=ORIENTED_EDGE('',*,*,#1693,.T.);
#1309=ORIENTED_EDGE('',*,*,#2046,.F.);
#1310=ORIENTED_EDGE('',*,*,#2054,.T.);
#1311=ORIENTED_EDGE('',*,*,#2055,.F.);
#1312=ORIENTED_EDGE('',*,*,#2054,.F.);
#1313=ORIENTED_EDGE('',*,*,#2047,.F.);
#1314=ORIENTED_EDGE('',*,*,#1685,.F.);
#1315=ORIENTED_EDGE('',*,*,#2053,.T.);
#1316=ORIENTED_EDGE('',*,*,#2055,.T.);
#1317=ORIENTED_EDGE('',*,*,#1687,.F.);
#1318=ORIENTED_EDGE('',*,*,#1670,.F.);
#1319=ORIENTED_EDGE('',*,*,#1643,.F.);
#1320=ORIENTED_EDGE('',*,*,#1646,.F.);
#1321=ORIENTED_EDGE('',*,*,#1702,.F.);
#1322=ORIENTED_EDGE('',*,*,#1647,.T.);
#1323=ORIENTED_EDGE('',*,*,#1996,.F.);
#1324=ORIENTED_EDGE('',*,*,#1994,.F.);
#1325=ORIENTED_EDGE('',*,*,#1991,.F.);
#1326=ORIENTED_EDGE('',*,*,#1988,.F.);
#1327=ORIENTED_EDGE('',*,*,#1985,.F.);
#1328=ORIENTED_EDGE('',*,*,#1982,.F.);
#1329=ORIENTED_EDGE('',*,*,#1979,.F.);
#1330=ORIENTED_EDGE('',*,*,#1974,.F.);
#1331=ORIENTED_EDGE('',*,*,#1948,.F.);
#1332=ORIENTED_EDGE('',*,*,#1946,.F.);
#1333=ORIENTED_EDGE('',*,*,#1943,.F.);
#1334=ORIENTED_EDGE('',*,*,#1940,.F.);
#1335=ORIENTED_EDGE('',*,*,#1937,.F.);
#1336=ORIENTED_EDGE('',*,*,#1934,.F.);
#1337=ORIENTED_EDGE('',*,*,#1931,.F.);
#1338=ORIENTED_EDGE('',*,*,#1926,.F.);
#1339=ORIENTED_EDGE('',*,*,#1897,.F.);
#1340=ORIENTED_EDGE('',*,*,#1895,.F.);
#1341=ORIENTED_EDGE('',*,*,#1892,.F.);
#1342=ORIENTED_EDGE('',*,*,#1889,.F.);
#1343=ORIENTED_EDGE('',*,*,#1886,.F.);
#1344=ORIENTED_EDGE('',*,*,#1883,.F.);
#1345=ORIENTED_EDGE('',*,*,#1880,.F.);
#1346=ORIENTED_EDGE('',*,*,#1875,.F.);
#1347=ORIENTED_EDGE('',*,*,#1846,.F.);
#1348=ORIENTED_EDGE('',*,*,#1844,.F.);
#1349=ORIENTED_EDGE('',*,*,#1841,.F.);
#1350=ORIENTED_EDGE('',*,*,#1838,.F.);
#1351=ORIENTED_EDGE('',*,*,#1835,.F.);
#1352=ORIENTED_EDGE('',*,*,#1832,.F.);
#1353=ORIENTED_EDGE('',*,*,#1829,.F.);
#1354=ORIENTED_EDGE('',*,*,#1824,.F.);
#1355=ORIENTED_EDGE('',*,*,#1798,.F.);
#1356=ORIENTED_EDGE('',*,*,#1796,.F.);
#1357=ORIENTED_EDGE('',*,*,#1793,.F.);
#1358=ORIENTED_EDGE('',*,*,#1790,.F.);
#1359=ORIENTED_EDGE('',*,*,#1787,.F.);
#1360=ORIENTED_EDGE('',*,*,#1784,.F.);
#1361=ORIENTED_EDGE('',*,*,#1781,.F.);
#1362=ORIENTED_EDGE('',*,*,#1776,.F.);
#1363=ORIENTED_EDGE('',*,*,#1746,.F.);
#1364=ORIENTED_EDGE('',*,*,#1744,.F.);
#1365=ORIENTED_EDGE('',*,*,#1741,.F.);
#1366=ORIENTED_EDGE('',*,*,#1738,.F.);
#1367=ORIENTED_EDGE('',*,*,#1735,.F.);
#1368=ORIENTED_EDGE('',*,*,#1732,.F.);
#1369=ORIENTED_EDGE('',*,*,#1729,.F.);
#1370=ORIENTED_EDGE('',*,*,#1724,.F.);
#1371=ORIENTED_EDGE('',*,*,#1770,.F.);
#1372=ORIENTED_EDGE('',*,*,#1768,.F.);
#1373=ORIENTED_EDGE('',*,*,#1765,.F.);
#1374=ORIENTED_EDGE('',*,*,#1762,.F.);
#1375=ORIENTED_EDGE('',*,*,#1759,.F.);
#1376=ORIENTED_EDGE('',*,*,#1756,.F.);
#1377=ORIENTED_EDGE('',*,*,#1753,.F.);
#1378=ORIENTED_EDGE('',*,*,#1748,.F.);
#1379=ORIENTED_EDGE('',*,*,#1822,.F.);
#1380=ORIENTED_EDGE('',*,*,#1820,.F.);
#1381=ORIENTED_EDGE('',*,*,#1817,.F.);
#1382=ORIENTED_EDGE('',*,*,#1814,.F.);
#1383=ORIENTED_EDGE('',*,*,#1811,.F.);
#1384=ORIENTED_EDGE('',*,*,#1808,.F.);
#1385=ORIENTED_EDGE('',*,*,#1805,.F.);
#1386=ORIENTED_EDGE('',*,*,#1800,.F.);
#1387=ORIENTED_EDGE('',*,*,#1873,.F.);
#1388=ORIENTED_EDGE('',*,*,#1871,.F.);
#1389=ORIENTED_EDGE('',*,*,#1868,.F.);
#1390=ORIENTED_EDGE('',*,*,#1865,.F.);
#1391=ORIENTED_EDGE('',*,*,#1862,.F.);
#1392=ORIENTED_EDGE('',*,*,#1859,.F.);
#1393=ORIENTED_EDGE('',*,*,#1856,.F.);
#1394=ORIENTED_EDGE('',*,*,#1851,.F.);
#1395=ORIENTED_EDGE('',*,*,#1921,.F.);
#1396=ORIENTED_EDGE('',*,*,#1919,.F.);
#1397=ORIENTED_EDGE('',*,*,#1916,.F.);
#1398=ORIENTED_EDGE('',*,*,#1913,.F.);
#1399=ORIENTED_EDGE('',*,*,#1910,.F.);
#1400=ORIENTED_EDGE('',*,*,#1907,.F.);
#1401=ORIENTED_EDGE('',*,*,#1904,.F.);
#1402=ORIENTED_EDGE('',*,*,#1899,.F.);
#1403=ORIENTED_EDGE('',*,*,#1972,.F.);
#1404=ORIENTED_EDGE('',*,*,#1970,.F.);
#1405=ORIENTED_EDGE('',*,*,#1967,.F.);
#1406=ORIENTED_EDGE('',*,*,#1964,.F.);
#1407=ORIENTED_EDGE('',*,*,#1961,.F.);
#1408=ORIENTED_EDGE('',*,*,#1958,.F.);
#1409=ORIENTED_EDGE('',*,*,#1955,.F.);
#1410=ORIENTED_EDGE('',*,*,#1950,.F.);
#1411=ORIENTED_EDGE('',*,*,#2020,.F.);
#1412=ORIENTED_EDGE('',*,*,#2018,.F.);
#1413=ORIENTED_EDGE('',*,*,#2015,.F.);
#1414=ORIENTED_EDGE('',*,*,#2012,.F.);
#1415=ORIENTED_EDGE('',*,*,#2009,.F.);
#1416=ORIENTED_EDGE('',*,*,#2006,.F.);
#1417=ORIENTED_EDGE('',*,*,#2003,.F.);
#1418=ORIENTED_EDGE('',*,*,#1998,.F.);
#1419=EDGE_CURVE('',#2056,#2057,#2483,.T.);
#1420=EDGE_CURVE('',#2058,#2056,#2484,.T.);
#1421=EDGE_CURVE('',#2059,#2058,#2485,.T.);
#1422=EDGE_CURVE('',#2060,#2059,#2486,.T.);
#1423=EDGE_CURVE('',#2061,#2060,#2487,.T.);
#1424=EDGE_CURVE('',#2062,#2061,#2488,.T.);
#1425=EDGE_CURVE('',#2063,#2062,#2489,.T.);
#1426=EDGE_CURVE('',#2057,#2063,#2490,.T.);
#1427=EDGE_CURVE('',#2064,#2065,#2491,.T.);
#1428=EDGE_CURVE('',#2066,#2064,#2492,.T.);
#1429=EDGE_CURVE('',#2067,#2066,#2493,.T.);
#1430=EDGE_CURVE('',#2068,#2067,#2494,.T.);
#1431=EDGE_CURVE('',#2069,#2068,#2495,.T.);
#1432=EDGE_CURVE('',#2065,#2069,#2496,.T.);
#1433=EDGE_CURVE('',#2070,#2071,#2497,.T.);
#1434=EDGE_CURVE('',#2072,#2071,#2498,.T.);
#1435=EDGE_CURVE('',#2073,#2072,#2499,.T.);
#1436=EDGE_CURVE('',#2074,#2073,#2500,.T.);
#1437=EDGE_CURVE('',#2075,#2074,#2501,.T.);
#1438=EDGE_CURVE('',#2076,#2075,#2502,.T.);
#1439=EDGE_CURVE('',#2077,#2076,#2503,.T.);
#1440=EDGE_CURVE('',#2078,#2077,#2504,.T.);
#1441=EDGE_CURVE('',#2078,#2079,#2505,.T.);
#1442=EDGE_CURVE('',#2080,#2079,#2506,.T.);
#1443=EDGE_CURVE('',#2080,#2081,#2507,.T.);
#1444=EDGE_CURVE('',#2070,#2081,#2508,.T.);
#1445=EDGE_CURVE('',#2082,#2083,#2509,.T.);
#1446=EDGE_CURVE('',#2084,#2082,#2510,.T.);
#1447=EDGE_CURVE('',#2085,#2084,#2511,.T.);
#1448=EDGE_CURVE('',#2086,#2085,#2512,.T.);
#1449=EDGE_CURVE('',#2087,#2086,#2513,.T.);
#1450=EDGE_CURVE('',#2083,#2087,#2514,.T.);
#1451=EDGE_CURVE('',#2088,#2062,#2515,.T.);
#1452=EDGE_CURVE('',#2061,#2089,#2516,.T.);
#1453=EDGE_CURVE('',#2089,#2088,#2517,.T.);
#1454=EDGE_CURVE('',#2068,#2057,#2518,.T.);
#1455=EDGE_CURVE('',#2063,#2069,#2519,.T.);
#1456=EDGE_CURVE('',#2074,#2058,#2520,.T.);
#1457=EDGE_CURVE('',#2056,#2075,#2521,.T.);
#1458=EDGE_CURVE('',#2066,#2077,#2522,.T.);
#1459=EDGE_CURVE('',#2076,#2067,#2523,.T.);
#1460=EDGE_CURVE('',#2090,#2064,#2524,.T.);
#1461=EDGE_CURVE('',#2065,#2091,#2525,.T.);
#1462=EDGE_CURVE('',#2091,#2090,#2526,.T.);
#1463=EDGE_CURVE('',#2088,#2091,#2527,.T.);
#1464=EDGE_CURVE('',#2084,#2060,#2528,.T.);
#1465=EDGE_CURVE('',#2059,#2085,#2529,.T.);
#1466=EDGE_CURVE('',#2072,#2087,#2530,.T.);
#1467=EDGE_CURVE('',#2086,#2073,#2531,.T.);
#1468=EDGE_CURVE('',#2083,#2092,#2532,.T.);
#1469=EDGE_CURVE('',#2092,#2093,#2533,.T.);
#1470=EDGE_CURVE('',#2093,#2082,#2534,.T.);
#1471=EDGE_CURVE('',#2094,#2095,#2535,.T.);
#1472=EDGE_CURVE('',#2095,#2096,#2536,.T.);
#1473=EDGE_CURVE('',#2096,#2097,#2537,.T.);
#1474=EDGE_CURVE('',#2097,#2098,#2538,.T.);
#1475=EDGE_CURVE('',#2098,#2099,#2539,.T.);
#1476=EDGE_CURVE('',#2094,#2099,#2540,.T.);
#1477=EDGE_CURVE('',#2100,#2101,#2541,.T.);
#1478=EDGE_CURVE('',#2102,#2101,#2542,.T.);
#1479=EDGE_CURVE('',#2102,#2103,#2543,.T.);
#1480=EDGE_CURVE('',#2103,#2104,#2544,.T.);
#1481=EDGE_CURVE('',#2104,#2105,#2545,.T.);
#1482=EDGE_CURVE('',#2105,#2100,#2546,.T.);
#1483=EDGE_CURVE('',#2106,#2107,#2547,.T.);
#1484=EDGE_CURVE('',#2108,#2107,#2548,.T.);
#1485=EDGE_CURVE('',#2108,#2109,#2549,.T.);
#1486=EDGE_CURVE('',#2106,#2109,#2550,.T.);
#1487=EDGE_CURVE('',#2110,#2097,#2551,.T.);
#1488=EDGE_CURVE('',#2096,#2111,#2552,.T.);
#1489=EDGE_CURVE('',#2110,#2111,#2553,.T.);
#1490=EDGE_CURVE('',#2112,#2113,#2554,.T.);
#1491=EDGE_CURVE('',#2114,#2113,#2555,.T.);
#1492=EDGE_CURVE('',#2114,#2115,#2556,.T.);
#1493=EDGE_CURVE('',#2112,#2115,#2557,.T.);
#1494=EDGE_CURVE('',#2099,#2116,#2558,.T.);
#1495=EDGE_CURVE('',#2098,#2117,#2559,.T.);
#1496=EDGE_CURVE('',#2116,#2117,#2560,.T.);
#1497=EDGE_CURVE('',#2118,#2094,#2561,.T.);
#1498=EDGE_CURVE('',#2119,#2118,#2562,.T.);
#1499=EDGE_CURVE('',#2119,#2095,#2563,.T.);
#1500=EDGE_CURVE('',#2120,#2105,#2564,.T.);
#1501=EDGE_CURVE('',#2104,#2121,#2565,.T.);
#1502=EDGE_CURVE('',#2120,#2121,#2566,.T.);
#1503=EDGE_CURVE('',#2122,#2102,#2567,.T.);
#1504=EDGE_CURVE('',#2123,#2122,#2568,.T.);
#1505=EDGE_CURVE('',#2123,#2103,#2569,.T.);
#1506=EDGE_CURVE('',#2101,#2124,#2570,.T.);
#1507=EDGE_CURVE('',#2100,#2125,#2571,.T.);
#1508=EDGE_CURVE('',#2124,#2125,#2572,.T.);
#1509=EDGE_CURVE('',#2126,#2127,#2573,.T.);
#1510=EDGE_CURVE('',#2116,#2127,#2574,.T.);
#1511=EDGE_CURVE('',#2117,#2114,#2575,.T.);
#1512=EDGE_CURVE('',#2113,#2123,#2576,.T.);
#1513=EDGE_CURVE('',#2128,#2122,#2577,.T.);
#1514=EDGE_CURVE('',#2128,#2129,#2578,.T.);
#1515=EDGE_CURVE('',#2129,#2130,#2579,.T.);
#1516=EDGE_CURVE('',#2130,#2131,#2580,.T.);
#1517=EDGE_CURVE('',#2131,#2126,#2581,.T.);
#1518=EDGE_CURVE('',#2132,#2133,#2582,.T.);
#1519=EDGE_CURVE('',#2132,#2134,#2583,.T.);
#1520=EDGE_CURVE('',#2134,#2135,#2584,.T.);
#1521=EDGE_CURVE('',#2135,#2133,#2585,.T.);
#1522=EDGE_CURVE('',#2136,#2137,#2586,.T.);
#1523=EDGE_CURVE('',#2138,#2136,#2587,.T.);
#1524=EDGE_CURVE('',#2139,#2138,#2588,.T.);
#1525=EDGE_CURVE('',#2137,#2139,#2589,.T.);
#1526=EDGE_CURVE('',#2134,#2140,#2590,.T.);
#1527=EDGE_CURVE('',#2140,#2141,#2591,.T.);
#1528=EDGE_CURVE('',#2141,#2135,#2592,.T.);
#1529=EDGE_CURVE('',#2142,#2143,#2593,.T.);
#1530=EDGE_CURVE('',#2144,#2142,#2594,.T.);
#1531=EDGE_CURVE('',#2145,#2144,#2595,.T.);
#1532=EDGE_CURVE('',#2146,#2145,#2596,.T.);
#1533=EDGE_CURVE('',#2147,#2146,#2597,.T.);
#1534=EDGE_CURVE('',#2147,#2118,#2598,.T.);
#1535=EDGE_CURVE('',#2148,#2127,#2599,.T.);
#1536=EDGE_CURVE('',#2141,#2148,#2600,.T.);
#1537=EDGE_CURVE('',#2149,#2140,#2601,.T.);
#1538=EDGE_CURVE('',#2128,#2149,#2602,.T.);
#1539=EDGE_CURVE('',#2124,#2143,#2603,.T.);
#1540=EDGE_CURVE('',#2150,#2151,#2604,.T.);
#1541=EDGE_CURVE('',#2151,#2092,#2605,.T.);
#1542=EDGE_CURVE('',#2071,#2152,#2606,.T.);
#1543=EDGE_CURVE('',#2152,#2153,#2607,.T.);
#1544=EDGE_CURVE('',#2153,#2078,#2608,.T.);
#1545=EDGE_CURVE('',#2090,#2154,#2609,.T.);
#1546=EDGE_CURVE('',#2154,#2155,#2610,.T.);
#1547=EDGE_CURVE('',#2155,#2150,#2611,.T.);
#1548=EDGE_CURVE('',#2156,#2070,#2612,.T.);
#1549=EDGE_CURVE('',#2152,#2156,#2613,.T.);
#1550=EDGE_CURVE('',#2079,#2157,#2614,.T.);
#1551=EDGE_CURVE('',#2157,#2153,#2615,.T.);
#1552=EDGE_CURVE('',#2142,#2158,#2616,.T.);
#1553=EDGE_CURVE('',#2159,#2158,#2617,.T.);
#1554=EDGE_CURVE('',#2160,#2159,#2618,.T.);
#1555=EDGE_CURVE('',#2161,#2160,#2619,.T.);
#1556=EDGE_CURVE('',#2162,#2161,#2620,.T.);
#1557=EDGE_CURVE('',#2163,#2162,#2621,.T.);
#1558=EDGE_CURVE('',#2164,#2163,#2622,.T.);
#1559=EDGE_CURVE('',#2144,#2164,#2623,.T.);
#1560=EDGE_CURVE('',#2162,#2165,#2624,.T.);
#1561=EDGE_CURVE('',#2166,#2161,#2625,.T.);
#1562=EDGE_CURVE('',#2166,#2165,#2626,.T.);
#1563=EDGE_CURVE('',#2167,#2164,#2627,.T.);
#1564=EDGE_CURVE('',#2167,#2145,#2628,.T.);
#1565=EDGE_CURVE('',#2151,#2168,#2629,.T.);
#1566=EDGE_CURVE('',#2169,#2168,#2630,.T.);
#1567=EDGE_CURVE('',#2169,#2170,#2631,.T.);
#1568=EDGE_CURVE('',#2171,#2170,#2632,.T.);
#1569=EDGE_CURVE('',#2171,#2154,#2633,.T.);
#1570=EDGE_CURVE('',#2093,#2089,#2634,.T.);
#1571=EDGE_CURVE('',#2168,#2172,#2635,.T.);
#1572=EDGE_CURVE('',#2150,#2172,#2636,.T.);
#1573=EDGE_CURVE('',#2173,#2171,#2637,.T.);
#1574=EDGE_CURVE('',#2173,#2155,#2638,.T.);
#1575=EDGE_CURVE('',#2174,#2157,#2639,.T.);
#1576=EDGE_CURVE('',#2156,#2175,#2640,.T.);
#1577=EDGE_CURVE('',#2175,#2174,#2641,.T.);
#1578=EDGE_CURVE('',#2081,#2175,#2642,.T.);
#1579=EDGE_CURVE('',#2174,#2080,#2643,.T.);
#1580=EDGE_CURVE('',#2176,#2172,#2644,.T.);
#1581=EDGE_CURVE('',#2173,#2177,#2645,.T.);
#1582=EDGE_CURVE('',#2177,#2176,#2646,.T.);
#1583=EDGE_CURVE('',#2170,#2177,#2647,.T.);
#1584=EDGE_CURVE('',#2176,#2169,#2648,.T.);
#1585=EDGE_CURVE('',#2178,#2136,#2649,.T.);
#1586=EDGE_CURVE('',#2137,#2179,#2650,.T.);
#1587=EDGE_CURVE('',#2179,#2178,#2651,.T.);
#1588=EDGE_CURVE('',#2180,#2160,#2652,.T.);
#1589=EDGE_CURVE('',#2180,#2166,#2653,.T.);
#1590=EDGE_CURVE('',#2159,#2181,#2654,.T.);
#1591=EDGE_CURVE('',#2181,#2180,#2655,.T.);
#1592=EDGE_CURVE('',#2182,#2167,#2656,.T.);
#1593=EDGE_CURVE('',#2165,#2182,#2657,.T.);
#1594=EDGE_CURVE('',#2183,#2181,#2658,.T.);
#1595=EDGE_CURVE('',#2183,#2146,#2659,.T.);
#1596=EDGE_CURVE('',#2182,#2163,#2660,.T.);
#1597=EDGE_CURVE('',#2184,#2185,#2661,.T.);
#1598=EDGE_CURVE('',#2139,#2184,#2662,.T.);
#1599=EDGE_CURVE('',#2185,#2138,#2663,.T.);
#1600=EDGE_CURVE('',#2185,#2132,#2664,.T.);
#1601=EDGE_CURVE('',#2133,#2184,#2665,.T.);
#1602=EDGE_CURVE('',#2186,#2149,#2666,.T.);
#1603=EDGE_CURVE('',#2178,#2186,#2667,.T.);
#1604=EDGE_CURVE('',#2148,#2187,#2668,.T.);
#1605=EDGE_CURVE('',#2187,#2179,#2669,.T.);
#1606=EDGE_CURVE('',#2186,#2187,#2670,.T.);
#1607=EDGE_CURVE('',#2188,#2187,#2671,.T.);
#1608=EDGE_CURVE('',#2189,#2188,#2672,.T.);
#1609=EDGE_CURVE('',#2190,#2189,#2673,.T.);
#1610=EDGE_CURVE('',#2191,#2190,#2674,.T.);
#1611=EDGE_CURVE('',#2186,#2191,#2675,.T.);
#1612=EDGE_CURVE('',#2188,#2126,#2676,.T.);
#1613=EDGE_CURVE('',#2189,#2131,#2677,.T.);
#1614=EDGE_CURVE('',#2190,#2130,#2678,.T.);
#1615=EDGE_CURVE('',#2191,#2129,#2679,.T.);
#1616=EDGE_CURVE('',#2147,#2192,#2680,.T.);
#1617=EDGE_CURVE('',#2192,#2193,#2681,.T.);
#1618=EDGE_CURVE('',#2193,#2194,#2682,.T.);
#1619=EDGE_CURVE('',#2194,#2195,#2683,.T.);
#1620=EDGE_CURVE('',#2195,#2143,#2684,.T.);
#1621=EDGE_CURVE('',#2125,#2108,#2685,.T.);
#1622=EDGE_CURVE('',#2107,#2119,#2686,.T.);
#1623=EDGE_CURVE('',#2183,#2158,#2687,.T.);
#1624=EDGE_CURVE('',#2196,#2158,#2688,.T.);
#1625=EDGE_CURVE('',#2197,#2196,#2689,.T.);
#1626=EDGE_CURVE('',#2198,#2197,#2690,.T.);
#1627=EDGE_CURVE('',#2199,#2198,#2691,.T.);
#1628=EDGE_CURVE('',#2183,#2199,#2692,.T.);
#1629=EDGE_CURVE('',#2196,#2195,#2693,.T.);
#1630=EDGE_CURVE('',#2197,#2194,#2694,.T.);
#1631=EDGE_CURVE('',#2198,#2193,#2695,.T.);
#1632=EDGE_CURVE('',#2199,#2192,#2696,.T.);
#1633=EDGE_CURVE('',#2200,#2200,#54,.T.);
#1634=EDGE_CURVE('',#2201,#2201,#55,.T.);
#1635=EDGE_CURVE('',#2202,#2202,#56,.T.);
#1636=EDGE_CURVE('',#2203,#2204,#2697,.T.);
#1637=EDGE_CURVE('',#2204,#2205,#2698,.T.);
#1638=EDGE_CURVE('',#2205,#2206,#2699,.T.);
#1639=EDGE_CURVE('',#2111,#2206,#2700,.T.);
#1640=EDGE_CURVE('',#2203,#2106,#2701,.T.);
#1641=EDGE_CURVE('',#2207,#2205,#2702,.T.);
#1642=EDGE_CURVE('',#2204,#2208,#2703,.T.);
#1643=EDGE_CURVE('',#2208,#2207,#57,.T.);
#1644=EDGE_CURVE('',#2209,#2209,#58,.T.);
#1645=EDGE_CURVE('',#2210,#2203,#2704,.T.);
#1646=EDGE_CURVE('',#2210,#2208,#2705,.T.);
#1647=EDGE_CURVE('',#2211,#2212,#2706,.T.);
#1648=EDGE_CURVE('',#2213,#2211,#2707,.T.);
#1649=EDGE_CURVE('',#2214,#2213,#2708,.T.);
#1650=EDGE_CURVE('',#2212,#2214,#2709,.T.);
#1651=EDGE_CURVE('',#2215,#2216,#2710,.T.);
#1652=EDGE_CURVE('',#2216,#2217,#2711,.T.);
#1653=EDGE_CURVE('',#2217,#2218,#2712,.T.);
#1654=EDGE_CURVE('',#2115,#2218,#2713,.T.);
#1655=EDGE_CURVE('',#2215,#2110,#2714,.T.);
#1656=EDGE_CURVE('',#2219,#2217,#2715,.T.);
#1657=EDGE_CURVE('',#2216,#2220,#2716,.T.);
#1658=EDGE_CURVE('',#2220,#2219,#59,.T.);
#1659=EDGE_CURVE('',#2221,#2221,#60,.T.);
#1660=EDGE_CURVE('',#2222,#2215,#2717,.T.);
#1661=EDGE_CURVE('',#2222,#2220,#2718,.T.);
#1662=EDGE_CURVE('',#2223,#2224,#61,.T.);
#1663=EDGE_CURVE('',#2224,#2225,#2719,.F.);
#1664=EDGE_CURVE('',#2226,#2225,#62,.T.);
#1665=EDGE_CURVE('',#2226,#2223,#2720,.T.);
#1666=EDGE_CURVE('',#2227,#2228,#63,.T.);
#1667=EDGE_CURVE('',#2228,#2226,#2721,.T.);
#1668=EDGE_CURVE('',#2225,#2227,#2722,.T.);
#1669=EDGE_CURVE('',#2206,#2229,#2723,.T.);
#1670=EDGE_CURVE('',#2207,#2229,#2724,.T.);
#1671=EDGE_CURVE('',#2230,#2230,#64,.T.);
#1672=EDGE_CURVE('',#2231,#2232,#2725,.T.);
#1673=EDGE_CURVE('',#2232,#2233,#2726,.T.);
#1674=EDGE_CURVE('',#2233,#2234,#2727,.T.);
#1675=EDGE_CURVE('',#2121,#2234,#2728,.T.);
#1676=EDGE_CURVE('',#2231,#2112,#2729,.T.);
#1677=EDGE_CURVE('',#2232,#2235,#2730,.T.);
#1678=EDGE_CURVE('',#2236,#2231,#2731,.T.);
#1679=EDGE_CURVE('',#2236,#2235,#2732,.T.);
#1680=EDGE_CURVE('',#2237,#2237,#65,.T.);
#1681=EDGE_CURVE('',#2234,#2238,#2733,.T.);
#1682=EDGE_CURVE('',#2233,#2239,#2734,.T.);
#1683=EDGE_CURVE('',#2239,#2238,#2735,.T.);
#1684=EDGE_CURVE('',#2235,#2239,#66,.T.);
#1685=EDGE_CURVE('',#2240,#2241,#2736,.T.);
#1686=EDGE_CURVE('',#2241,#2222,#67,.T.);
#1687=EDGE_CURVE('',#2229,#2240,#68,.T.);
#1688=EDGE_CURVE('',#2218,#2242,#2737,.T.);
#1689=EDGE_CURVE('',#2219,#2242,#2738,.T.);
#1690=EDGE_CURVE('',#2243,#2244,#2739,.T.);
#1691=EDGE_CURVE('',#2245,#2243,#2740,.T.);
#1692=EDGE_CURVE('',#2246,#2245,#2741,.T.);
#1693=EDGE_CURVE('',#2244,#2246,#2742,.T.);
#1694=EDGE_CURVE('',#2247,#2247,#69,.T.);
#1695=EDGE_CURVE('',#2248,#2249,#2743,.T.);
#1696=EDGE_CURVE('',#2249,#2120,#2744,.T.);
#1697=EDGE_CURVE('',#2238,#2250,#70,.T.);
#1698=EDGE_CURVE('',#2250,#2251,#2745,.T.);
#1699=EDGE_CURVE('',#2251,#2248,#71,.T.);
#1700=EDGE_CURVE('',#2252,#2253,#2746,.T.);
#1701=EDGE_CURVE('',#2253,#2213,#72,.T.);
#1702=EDGE_CURVE('',#2211,#2210,#73,.T.);
#1703=EDGE_CURVE('',#2109,#2252,#2747,.T.);
#1704=EDGE_CURVE('',#2249,#2254,#2748,.T.);
#1705=EDGE_CURVE('',#2254,#2255,#2749,.T.);
#1706=EDGE_CURVE('',#2255,#2252,#2750,.T.);
#1707=EDGE_CURVE('',#2254,#2256,#2751,.T.);
#1708=EDGE_CURVE('',#2248,#2256,#2752,.T.);
#1709=EDGE_CURVE('',#2257,#2257,#74,.T.);
#1710=EDGE_CURVE('',#2255,#2258,#2753,.T.);
#1711=EDGE_CURVE('',#2256,#2258,#75,.T.);
#1712=EDGE_CURVE('',#2259,#2260,#76,.T.);
#1713=EDGE_CURVE('',#2261,#2260,#2754,.T.);
#1714=EDGE_CURVE('',#2261,#2262,#77,.T.);
#1715=EDGE_CURVE('',#2259,#2262,#2755,.T.);
#1716=EDGE_CURVE('',#2258,#2253,#2756,.T.);
#1717=EDGE_CURVE('',#2263,#2264,#78,.T.);
#1718=EDGE_CURVE('',#2264,#2265,#2757,.T.);
#1719=EDGE_CURVE('',#2265,#2266,#79,.T.);
#1720=EDGE_CURVE('',#2263,#2266,#2758,.T.);
#1721=EDGE_CURVE('',#2243,#2236,#80,.T.);
#1722=EDGE_CURVE('',#2242,#2245,#81,.T.);
#1723=EDGE_CURVE('',#2267,#2268,#2759,.T.);
#1724=EDGE_CURVE('',#2267,#2269,#82,.T.);
#1725=EDGE_CURVE('',#2270,#2269,#2760,.T.);
#1726=EDGE_CURVE('',#2268,#2270,#83,.T.);
#1727=EDGE_CURVE('',#2271,#2272,#2761,.T.);
#1728=EDGE_CURVE('',#2272,#2270,#2762,.T.);
#1729=EDGE_CURVE('',#2269,#2271,#2763,.T.);
#1730=EDGE_CURVE('',#2273,#2274,#2764,.T.);
#1731=EDGE_CURVE('',#2272,#2273,#2765,.T.);
#1732=EDGE_CURVE('',#2271,#2274,#2766,.T.);
#1733=EDGE_CURVE('',#2275,#2276,#2767,.T.);
#1734=EDGE_CURVE('',#2276,#2273,#2768,.T.);
#1735=EDGE_CURVE('',#2274,#2275,#2769,.T.);
#1736=EDGE_CURVE('',#2277,#2278,#2770,.T.);
#1737=EDGE_CURVE('',#2276,#2277,#84,.T.);
#1738=EDGE_CURVE('',#2275,#2278,#85,.T.);
#1739=EDGE_CURVE('',#2279,#2280,#2771,.T.);
#1740=EDGE_CURVE('',#2280,#2277,#2772,.T.);
#1741=EDGE_CURVE('',#2278,#2279,#2773,.T.);
#1742=EDGE_CURVE('',#2281,#2282,#2774,.T.);
#1743=EDGE_CURVE('',#2280,#2281,#2775,.T.);
#1744=EDGE_CURVE('',#2279,#2282,#2776,.T.);
#1745=EDGE_CURVE('',#2268,#2281,#2777,.T.);
#1746=EDGE_CURVE('',#2282,#2267,#2778,.T.);
#1747=EDGE_CURVE('',#2283,#2284,#2779,.T.);
#1748=EDGE_CURVE('',#2283,#2285,#86,.T.);
#1749=EDGE_CURVE('',#2286,#2285,#2780,.T.);
#1750=EDGE_CURVE('',#2284,#2286,#87,.T.);
#1751=EDGE_CURVE('',#2287,#2288,#2781,.T.);
#1752=EDGE_CURVE('',#2288,#2286,#2782,.T.);
#1753=EDGE_CURVE('',#2285,#2287,#2783,.T.);
#1754=EDGE_CURVE('',#2289,#2290,#2784,.T.);
#1755=EDGE_CURVE('',#2288,#2289,#2785,.T.);
#1756=EDGE_CURVE('',#2287,#2290,#2786,.T.);
#1757=EDGE_CURVE('',#2291,#2292,#2787,.T.);
#1758=EDGE_CURVE('',#2292,#2289,#2788,.T.);
#1759=EDGE_CURVE('',#2290,#2291,#2789,.T.);
#1760=EDGE_CURVE('',#2293,#2294,#2790,.T.);
#1761=EDGE_CURVE('',#2292,#2293,#88,.T.);
#1762=EDGE_CURVE('',#2291,#2294,#89,.T.);
#1763=EDGE_CURVE('',#2295,#2296,#2791,.T.);
#1764=EDGE_CURVE('',#2296,#2293,#2792,.T.);
#1765=EDGE_CURVE('',#2294,#2295,#2793,.T.);
#1766=EDGE_CURVE('',#2297,#2298,#2794,.T.);
#1767=EDGE_CURVE('',#2296,#2297,#2795,.T.);
#1768=EDGE_CURVE('',#2295,#2298,#2796,.T.);
#1769=EDGE_CURVE('',#2284,#2297,#2797,.T.);
#1770=EDGE_CURVE('',#2298,#2283,#2798,.T.);
#1771=EDGE_CURVE('',#2299,#2300,#90,.T.);
#1772=EDGE_CURVE('',#2300,#2301,#2799,.F.);
#1773=EDGE_CURVE('',#2302,#2301,#91,.T.);
#1774=EDGE_CURVE('',#2302,#2299,#2800,.T.);
#1775=EDGE_CURVE('',#2303,#2304,#2801,.T.);
#1776=EDGE_CURVE('',#2303,#2305,#92,.T.);
#1777=EDGE_CURVE('',#2306,#2305,#2802,.T.);
#1778=EDGE_CURVE('',#2304,#2306,#93,.T.);
#1779=EDGE_CURVE('',#2307,#2308,#2803,.T.);
#1780=EDGE_CURVE('',#2308,#2306,#2804,.T.);
#1781=EDGE_CURVE('',#2305,#2307,#2805,.T.);
#1782=EDGE_CURVE('',#2309,#2310,#2806,.T.);
#1783=EDGE_CURVE('',#2308,#2309,#2807,.T.);
#1784=EDGE_CURVE('',#2307,#2310,#2808,.T.);
#1785=EDGE_CURVE('',#2311,#2312,#2809,.T.);
#1786=EDGE_CURVE('',#2312,#2309,#2810,.T.);
#1787=EDGE_CURVE('',#2310,#2311,#2811,.T.);
#1788=EDGE_CURVE('',#2313,#2314,#2812,.T.);
#1789=EDGE_CURVE('',#2312,#2313,#94,.T.);
#1790=EDGE_CURVE('',#2311,#2314,#95,.T.);
#1791=EDGE_CURVE('',#2315,#2316,#2813,.T.);
#1792=EDGE_CURVE('',#2316,#2313,#2814,.T.);
#1793=EDGE_CURVE('',#2314,#2315,#2815,.T.);
#1794=EDGE_CURVE('',#2317,#2318,#2816,.T.);
#1795=EDGE_CURVE('',#2316,#2317,#2817,.T.);
#1796=EDGE_CURVE('',#2315,#2318,#2818,.T.);
#1797=EDGE_CURVE('',#2304,#2317,#2819,.T.);
#1798=EDGE_CURVE('',#2318,#2303,#2820,.T.);
#1799=EDGE_CURVE('',#2319,#2320,#2821,.T.);
#1800=EDGE_CURVE('',#2319,#2321,#96,.T.);
#1801=EDGE_CURVE('',#2322,#2321,#2822,.T.);
#1802=EDGE_CURVE('',#2320,#2322,#97,.T.);
#1803=EDGE_CURVE('',#2323,#2324,#2823,.T.);
#1804=EDGE_CURVE('',#2324,#2322,#2824,.T.);
#1805=EDGE_CURVE('',#2321,#2323,#2825,.T.);
#1806=EDGE_CURVE('',#2325,#2326,#2826,.T.);
#1807=EDGE_CURVE('',#2324,#2325,#2827,.T.);
#1808=EDGE_CURVE('',#2323,#2326,#2828,.T.);
#1809=EDGE_CURVE('',#2327,#2328,#2829,.T.);
#1810=EDGE_CURVE('',#2328,#2325,#2830,.T.);
#1811=EDGE_CURVE('',#2326,#2327,#2831,.T.);
#1812=EDGE_CURVE('',#2329,#2330,#2832,.T.);
#1813=EDGE_CURVE('',#2328,#2329,#98,.T.);
#1814=EDGE_CURVE('',#2327,#2330,#99,.T.);
#1815=EDGE_CURVE('',#2331,#2332,#2833,.T.);
#1816=EDGE_CURVE('',#2332,#2329,#2834,.T.);
#1817=EDGE_CURVE('',#2330,#2331,#2835,.T.);
#1818=EDGE_CURVE('',#2333,#2334,#2836,.T.);
#1819=EDGE_CURVE('',#2332,#2333,#2837,.T.);
#1820=EDGE_CURVE('',#2331,#2334,#2838,.T.);
#1821=EDGE_CURVE('',#2320,#2333,#2839,.T.);
#1822=EDGE_CURVE('',#2334,#2319,#2840,.T.);
#1823=EDGE_CURVE('',#2335,#2336,#2841,.T.);
#1824=EDGE_CURVE('',#2335,#2337,#100,.T.);
#1825=EDGE_CURVE('',#2338,#2337,#2842,.T.);
#1826=EDGE_CURVE('',#2336,#2338,#101,.T.);
#1827=EDGE_CURVE('',#2339,#2340,#2843,.T.);
#1828=EDGE_CURVE('',#2340,#2338,#2844,.T.);
#1829=EDGE_CURVE('',#2337,#2339,#2845,.T.);
#1830=EDGE_CURVE('',#2341,#2342,#2846,.T.);
#1831=EDGE_CURVE('',#2340,#2341,#2847,.T.);
#1832=EDGE_CURVE('',#2339,#2342,#2848,.T.);
#1833=EDGE_CURVE('',#2343,#2344,#2849,.T.);
#1834=EDGE_CURVE('',#2344,#2341,#2850,.T.);
#1835=EDGE_CURVE('',#2342,#2343,#2851,.T.);
#1836=EDGE_CURVE('',#2345,#2346,#2852,.T.);
#1837=EDGE_CURVE('',#2344,#2345,#102,.T.);
#1838=EDGE_CURVE('',#2343,#2346,#103,.T.);
#1839=EDGE_CURVE('',#2347,#2348,#2853,.T.);
#1840=EDGE_CURVE('',#2348,#2345,#2854,.T.);
#1841=EDGE_CURVE('',#2346,#2347,#2855,.T.);
#1842=EDGE_CURVE('',#2349,#2350,#2856,.T.);
#1843=EDGE_CURVE('',#2348,#2349,#2857,.T.);
#1844=EDGE_CURVE('',#2347,#2350,#2858,.T.);
#1845=EDGE_CURVE('',#2336,#2349,#2859,.T.);
#1846=EDGE_CURVE('',#2350,#2335,#2860,.T.);
#1847=EDGE_CURVE('',#2351,#2352,#104,.T.);
#1848=EDGE_CURVE('',#2266,#2352,#2861,.T.);
#1849=EDGE_CURVE('',#2265,#2351,#2862,.T.);
#1850=EDGE_CURVE('',#2353,#2354,#2863,.T.);
#1851=EDGE_CURVE('',#2353,#2355,#105,.T.);
#1852=EDGE_CURVE('',#2356,#2355,#2864,.T.);
#1853=EDGE_CURVE('',#2354,#2356,#106,.T.);
#1854=EDGE_CURVE('',#2357,#2358,#2865,.T.);
#1855=EDGE_CURVE('',#2358,#2356,#2866,.T.);
#1856=EDGE_CURVE('',#2355,#2357,#2867,.T.);
#1857=EDGE_CURVE('',#2359,#2360,#2868,.T.);
#1858=EDGE_CURVE('',#2358,#2359,#2869,.T.);
#1859=EDGE_CURVE('',#2357,#2360,#2870,.T.);
#1860=EDGE_CURVE('',#2361,#2362,#2871,.T.);
#1861=EDGE_CURVE('',#2362,#2359,#2872,.T.);
#1862=EDGE_CURVE('',#2360,#2361,#2873,.T.);
#1863=EDGE_CURVE('',#2363,#2364,#2874,.T.);
#1864=EDGE_CURVE('',#2362,#2363,#107,.T.);
#1865=EDGE_CURVE('',#2361,#2364,#108,.T.);
#1866=EDGE_CURVE('',#2365,#2366,#2875,.T.);
#1867=EDGE_CURVE('',#2366,#2363,#2876,.T.);
#1868=EDGE_CURVE('',#2364,#2365,#2877,.T.);
#1869=EDGE_CURVE('',#2367,#2368,#2878,.T.);
#1870=EDGE_CURVE('',#2366,#2367,#2879,.T.);
#1871=EDGE_CURVE('',#2365,#2368,#2880,.T.);
#1872=EDGE_CURVE('',#2354,#2367,#2881,.T.);
#1873=EDGE_CURVE('',#2368,#2353,#2882,.T.);
#1874=EDGE_CURVE('',#2369,#2370,#2883,.T.);
#1875=EDGE_CURVE('',#2369,#2371,#109,.T.);
#1876=EDGE_CURVE('',#2372,#2371,#2884,.T.);
#1877=EDGE_CURVE('',#2370,#2372,#110,.T.);
#1878=EDGE_CURVE('',#2373,#2374,#2885,.T.);
#1879=EDGE_CURVE('',#2374,#2372,#2886,.T.);
#1880=EDGE_CURVE('',#2371,#2373,#2887,.T.);
#1881=EDGE_CURVE('',#2375,#2376,#2888,.T.);
#1882=EDGE_CURVE('',#2374,#2375,#2889,.T.);
#1883=EDGE_CURVE('',#2373,#2376,#2890,.T.);
#1884=EDGE_CURVE('',#2377,#2378,#2891,.T.);
#1885=EDGE_CURVE('',#2378,#2375,#2892,.T.);
#1886=EDGE_CURVE('',#2376,#2377,#2893,.T.);
#1887=EDGE_CURVE('',#2379,#2380,#2894,.T.);
#1888=EDGE_CURVE('',#2378,#2379,#111,.T.);
#1889=EDGE_CURVE('',#2377,#2380,#112,.T.);
#1890=EDGE_CURVE('',#2381,#2382,#2895,.T.);
#1891=EDGE_CURVE('',#2382,#2379,#2896,.T.);
#1892=EDGE_CURVE('',#2380,#2381,#2897,.T.);
#1893=EDGE_CURVE('',#2383,#2384,#2898,.T.);
#1894=EDGE_CURVE('',#2382,#2383,#2899,.T.);
#1895=EDGE_CURVE('',#2381,#2384,#2900,.T.);
#1896=EDGE_CURVE('',#2370,#2383,#2901,.T.);
#1897=EDGE_CURVE('',#2384,#2369,#2902,.T.);
#1898=EDGE_CURVE('',#2385,#2386,#2903,.T.);
#1899=EDGE_CURVE('',#2385,#2387,#113,.T.);
#1900=EDGE_CURVE('',#2388,#2387,#2904,.T.);
#1901=EDGE_CURVE('',#2386,#2388,#114,.T.);
#1902=EDGE_CURVE('',#2389,#2390,#2905,.T.);
#1903=EDGE_CURVE('',#2390,#2388,#2906,.T.);
#1904=EDGE_CURVE('',#2387,#2389,#2907,.T.);
#1905=EDGE_CURVE('',#2391,#2392,#2908,.T.);
#1906=EDGE_CURVE('',#2390,#2391,#2909,.T.);
#1907=EDGE_CURVE('',#2389,#2392,#2910,.T.);
#1908=EDGE_CURVE('',#2393,#2394,#2911,.T.);
#1909=EDGE_CURVE('',#2394,#2391,#2912,.T.);
#1910=EDGE_CURVE('',#2392,#2393,#2913,.T.);
#1911=EDGE_CURVE('',#2395,#2396,#2914,.T.);
#1912=EDGE_CURVE('',#2394,#2395,#115,.T.);
#1913=EDGE_CURVE('',#2393,#2396,#116,.T.);
#1914=EDGE_CURVE('',#2397,#2398,#2915,.T.);
#1915=EDGE_CURVE('',#2398,#2395,#2916,.T.);
#1916=EDGE_CURVE('',#2396,#2397,#2917,.T.);
#1917=EDGE_CURVE('',#2399,#2400,#2918,.T.);
#1918=EDGE_CURVE('',#2398,#2399,#2919,.T.);
#1919=EDGE_CURVE('',#2397,#2400,#2920,.T.);
#1920=EDGE_CURVE('',#2386,#2399,#2921,.T.);
#1921=EDGE_CURVE('',#2400,#2385,#2922,.T.);
#1922=EDGE_CURVE('',#2401,#2402,#117,.T.);
#1923=EDGE_CURVE('',#2262,#2402,#2923,.T.);
#1924=EDGE_CURVE('',#2401,#2261,#2924,.F.);
#1925=EDGE_CURVE('',#2403,#2404,#2925,.T.);
#1926=EDGE_CURVE('',#2403,#2405,#118,.T.);
#1927=EDGE_CURVE('',#2406,#2405,#2926,.T.);
#1928=EDGE_CURVE('',#2404,#2406,#119,.T.);
#1929=EDGE_CURVE('',#2407,#2408,#2927,.T.);
#1930=EDGE_CURVE('',#2408,#2406,#2928,.T.);
#1931=EDGE_CURVE('',#2405,#2407,#2929,.T.);
#1932=EDGE_CURVE('',#2409,#2410,#2930,.T.);
#1933=EDGE_CURVE('',#2408,#2409,#2931,.T.);
#1934=EDGE_CURVE('',#2407,#2410,#2932,.T.);
#1935=EDGE_CURVE('',#2411,#2412,#2933,.T.);
#1936=EDGE_CURVE('',#2412,#2409,#2934,.T.);
#1937=EDGE_CURVE('',#2410,#2411,#2935,.T.);
#1938=EDGE_CURVE('',#2413,#2414,#2936,.T.);
#1939=EDGE_CURVE('',#2412,#2413,#120,.T.);
#1940=EDGE_CURVE('',#2411,#2414,#121,.T.);
#1941=EDGE_CURVE('',#2415,#2416,#2937,.T.);
#1942=EDGE_CURVE('',#2416,#2413,#2938,.T.);
#1943=EDGE_CURVE('',#2414,#2415,#2939,.T.);
#1944=EDGE_CURVE('',#2417,#2418,#2940,.T.);
#1945=EDGE_CURVE('',#2416,#2417,#2941,.T.);
#1946=EDGE_CURVE('',#2415,#2418,#2942,.T.);
#1947=EDGE_CURVE('',#2404,#2417,#2943,.T.);
#1948=EDGE_CURVE('',#2418,#2403,#2944,.T.);
#1949=EDGE_CURVE('',#2419,#2420,#2945,.T.);
#1950=EDGE_CURVE('',#2419,#2421,#122,.T.);
#1951=EDGE_CURVE('',#2422,#2421,#2946,.T.);
#1952=EDGE_CURVE('',#2420,#2422,#123,.T.);
#1953=EDGE_CURVE('',#2423,#2424,#2947,.T.);
#1954=EDGE_CURVE('',#2424,#2422,#2948,.T.);
#1955=EDGE_CURVE('',#2421,#2423,#2949,.T.);
#1956=EDGE_CURVE('',#2425,#2426,#2950,.T.);
#1957=EDGE_CURVE('',#2424,#2425,#2951,.T.);
#1958=EDGE_CURVE('',#2423,#2426,#2952,.T.);
#1959=EDGE_CURVE('',#2427,#2428,#2953,.T.);
#1960=EDGE_CURVE('',#2428,#2425,#2954,.T.);
#1961=EDGE_CURVE('',#2426,#2427,#2955,.T.);
#1962=EDGE_CURVE('',#2429,#2430,#2956,.T.);
#1963=EDGE_CURVE('',#2428,#2429,#124,.T.);
#1964=EDGE_CURVE('',#2427,#2430,#125,.T.);
#1965=EDGE_CURVE('',#2431,#2432,#2957,.T.);
#1966=EDGE_CURVE('',#2432,#2429,#2958,.T.);
#1967=EDGE_CURVE('',#2430,#2431,#2959,.T.);
#1968=EDGE_CURVE('',#2433,#2434,#2960,.T.);
#1969=EDGE_CURVE('',#2432,#2433,#2961,.T.);
#1970=EDGE_CURVE('',#2431,#2434,#2962,.T.);
#1971=EDGE_CURVE('',#2420,#2433,#2963,.T.);
#1972=EDGE_CURVE('',#2434,#2419,#2964,.T.);
#1973=EDGE_CURVE('',#2435,#2436,#2965,.T.);
#1974=EDGE_CURVE('',#2435,#2437,#126,.T.);
#1975=EDGE_CURVE('',#2438,#2437,#2966,.T.);
#1976=EDGE_CURVE('',#2436,#2438,#127,.T.);
#1977=EDGE_CURVE('',#2439,#2440,#2967,.T.);
#1978=EDGE_CURVE('',#2440,#2438,#2968,.T.);
#1979=EDGE_CURVE('',#2437,#2439,#2969,.T.);
#1980=EDGE_CURVE('',#2441,#2442,#2970,.T.);
#1981=EDGE_CURVE('',#2440,#2441,#2971,.T.);
#1982=EDGE_CURVE('',#2439,#2442,#2972,.T.);
#1983=EDGE_CURVE('',#2443,#2444,#2973,.T.);
#1984=EDGE_CURVE('',#2444,#2441,#2974,.T.);
#1985=EDGE_CURVE('',#2442,#2443,#2975,.T.);
#1986=EDGE_CURVE('',#2445,#2446,#2976,.T.);
#1987=EDGE_CURVE('',#2444,#2445,#128,.T.);
#1988=EDGE_CURVE('',#2443,#2446,#129,.T.);
#1989=EDGE_CURVE('',#2447,#2448,#2977,.T.);
#1990=EDGE_CURVE('',#2448,#2445,#2978,.T.);
#1991=EDGE_CURVE('',#2446,#2447,#2979,.T.);
#1992=EDGE_CURVE('',#2449,#2450,#2980,.T.);
#1993=EDGE_CURVE('',#2448,#2449,#2981,.T.);
#1994=EDGE_CURVE('',#2447,#2450,#2982,.T.);
#1995=EDGE_CURVE('',#2436,#2449,#2983,.T.);
#1996=EDGE_CURVE('',#2450,#2435,#2984,.T.);
#1997=EDGE_CURVE('',#2451,#2452,#2985,.T.);
#1998=EDGE_CURVE('',#2451,#2453,#130,.T.);
#1999=EDGE_CURVE('',#2454,#2453,#2986,.T.);
#2000=EDGE_CURVE('',#2452,#2454,#131,.T.);
#2001=EDGE_CURVE('',#2455,#2456,#2987,.T.);
#2002=EDGE_CURVE('',#2456,#2454,#2988,.T.);
#2003=EDGE_CURVE('',#2453,#2455,#2989,.T.);
#2004=EDGE_CURVE('',#2457,#2458,#2990,.T.);
#2005=EDGE_CURVE('',#2456,#2457,#2991,.T.);
#2006=EDGE_CURVE('',#2455,#2458,#2992,.T.);
#2007=EDGE_CURVE('',#2459,#2460,#2993,.T.);
#2008=EDGE_CURVE('',#2460,#2457,#2994,.T.);
#2009=EDGE_CURVE('',#2458,#2459,#2995,.T.);
#2010=EDGE_CURVE('',#2461,#2462,#2996,.T.);
#2011=EDGE_CURVE('',#2460,#2461,#132,.T.);
#2012=EDGE_CURVE('',#2459,#2462,#133,.T.);
#2013=EDGE_CURVE('',#2463,#2464,#2997,.T.);
#2014=EDGE_CURVE('',#2464,#2461,#2998,.T.);
#2015=EDGE_CURVE('',#2462,#2463,#2999,.T.);
#2016=EDGE_CURVE('',#2465,#2466,#3000,.T.);
#2017=EDGE_CURVE('',#2464,#2465,#3001,.T.);
#2018=EDGE_CURVE('',#2463,#2466,#3002,.T.);
#2019=EDGE_CURVE('',#2452,#2465,#3003,.T.);
#2020=EDGE_CURVE('',#2466,#2451,#3004,.T.);
#2021=EDGE_CURVE('',#2467,#2467,#134,.T.);
#2022=EDGE_CURVE('',#2468,#2468,#135,.T.);
#2023=EDGE_CURVE('',#2224,#2299,#3005,.T.);
#2024=EDGE_CURVE('',#2402,#2223,#3006,.T.);
#2025=EDGE_CURVE('',#2352,#2401,#3007,.T.);
#2026=EDGE_CURVE('',#2300,#2351,#3008,.T.);
#2027=EDGE_CURVE('',#2227,#2469,#3009,.T.);
#2028=EDGE_CURVE('',#2470,#2302,#3010,.T.);
#2029=EDGE_CURVE('',#2471,#2470,#3011,.F.);
#2030=EDGE_CURVE('',#2469,#2471,#3012,.T.);
#2031=EDGE_CURVE('',#2472,#2470,#136,.T.);
#2032=EDGE_CURVE('',#2301,#2472,#3013,.T.);
#2033=EDGE_CURVE('',#2472,#2473,#3014,.T.);
#2034=EDGE_CURVE('',#2473,#2471,#137,.T.);
#2035=EDGE_CURVE('',#2474,#2264,#3015,.T.);
#2036=EDGE_CURVE('',#2473,#2474,#3016,.T.);
#2037=EDGE_CURVE('',#2263,#2475,#3017,.F.);
#2038=EDGE_CURVE('',#2475,#2474,#138,.T.);
#2039=EDGE_CURVE('',#2476,#2260,#3018,.F.);
#2040=EDGE_CURVE('',#2475,#2476,#3019,.T.);
#2041=EDGE_CURVE('',#2259,#2477,#3020,.T.);
#2042=EDGE_CURVE('',#2477,#2476,#139,.T.);
#2043=EDGE_CURVE('',#2478,#2228,#3021,.F.);
#2044=EDGE_CURVE('',#2477,#2478,#3022,.T.);
#2045=EDGE_CURVE('',#2469,#2478,#140,.T.);
#2046=EDGE_CURVE('',#2479,#2246,#141,.T.);
#2047=EDGE_CURVE('',#2241,#2479,#3023,.T.);
#2048=EDGE_CURVE('',#2244,#2480,#142,.T.);
#2049=EDGE_CURVE('',#2480,#2250,#3024,.T.);
#2050=EDGE_CURVE('',#2251,#2481,#3025,.T.);
#2051=EDGE_CURVE('',#2481,#2480,#3026,.T.);
#2052=EDGE_CURVE('',#2481,#2214,#143,.T.);
#2053=EDGE_CURVE('',#2212,#2482,#144,.T.);
#2054=EDGE_CURVE('',#2479,#2482,#3027,.T.);
#2055=EDGE_CURVE('',#2482,#2240,#3028,.T.);
#2056=VERTEX_POINT('',#6079);
#2057=VERTEX_POINT('',#6080);
#2058=VERTEX_POINT('',#6082);
#2059=VERTEX_POINT('',#6084);
#2060=VERTEX_POINT('',#6086);
#2061=VERTEX_POINT('',#6088);
#2062=VERTEX_POINT('',#6090);
#2063=VERTEX_POINT('',#6092);
#2064=VERTEX_POINT('',#6096);
#2065=VERTEX_POINT('',#6097);
#2066=VERTEX_POINT('',#6099);
#2067=VERTEX_POINT('',#6101);
#2068=VERTEX_POINT('',#6103);
#2069=VERTEX_POINT('',#6105);
#2070=VERTEX_POINT('',#6109);
#2071=VERTEX_POINT('',#6110);
#2072=VERTEX_POINT('',#6112);
#2073=VERTEX_POINT('',#6114);
#2074=VERTEX_POINT('',#6116);
#2075=VERTEX_POINT('',#6118);
#2076=VERTEX_POINT('',#6120);
#2077=VERTEX_POINT('',#6122);
#2078=VERTEX_POINT('',#6124);
#2079=VERTEX_POINT('',#6126);
#2080=VERTEX_POINT('',#6128);
#2081=VERTEX_POINT('',#6130);
#2082=VERTEX_POINT('',#6134);
#2083=VERTEX_POINT('',#6135);
#2084=VERTEX_POINT('',#6137);
#2085=VERTEX_POINT('',#6139);
#2086=VERTEX_POINT('',#6141);
#2087=VERTEX_POINT('',#6143);
#2088=VERTEX_POINT('',#6147);
#2089=VERTEX_POINT('',#6149);
#2090=VERTEX_POINT('',#6163);
#2091=VERTEX_POINT('',#6165);
#2092=VERTEX_POINT('',#6178);
#2093=VERTEX_POINT('',#6180);
#2094=VERTEX_POINT('',#6184);
#2095=VERTEX_POINT('',#6185);
#2096=VERTEX_POINT('',#6187);
#2097=VERTEX_POINT('',#6189);
#2098=VERTEX_POINT('',#6191);
#2099=VERTEX_POINT('',#6193);
#2100=VERTEX_POINT('',#6197);
#2101=VERTEX_POINT('',#6198);
#2102=VERTEX_POINT('',#6200);
#2103=VERTEX_POINT('',#6202);
#2104=VERTEX_POINT('',#6204);
#2105=VERTEX_POINT('',#6206);
#2106=VERTEX_POINT('',#6210);
#2107=VERTEX_POINT('',#6211);
#2108=VERTEX_POINT('',#6213);
#2109=VERTEX_POINT('',#6215);
#2110=VERTEX_POINT('',#6219);
#2111=VERTEX_POINT('',#6221);
#2112=VERTEX_POINT('',#6225);
#2113=VERTEX_POINT('',#6226);
#2114=VERTEX_POINT('',#6228);
#2115=VERTEX_POINT('',#6230);
#2116=VERTEX_POINT('',#6234);
#2117=VERTEX_POINT('',#6236);
#2118=VERTEX_POINT('',#6240);
#2119=VERTEX_POINT('',#6242);
#2120=VERTEX_POINT('',#6246);
#2121=VERTEX_POINT('',#6248);
#2122=VERTEX_POINT('',#6252);
#2123=VERTEX_POINT('',#6254);
#2124=VERTEX_POINT('',#6258);
#2125=VERTEX_POINT('',#6260);
#2126=VERTEX_POINT('',#6264);
#2127=VERTEX_POINT('',#6265);
#2128=VERTEX_POINT('',#6270);
#2129=VERTEX_POINT('',#6272);
#2130=VERTEX_POINT('',#6274);
#2131=VERTEX_POINT('',#6276);
#2132=VERTEX_POINT('',#6280);
#2133=VERTEX_POINT('',#6281);
#2134=VERTEX_POINT('',#6283);
#2135=VERTEX_POINT('',#6285);
#2136=VERTEX_POINT('',#6289);
#2137=VERTEX_POINT('',#6290);
#2138=VERTEX_POINT('',#6292);
#2139=VERTEX_POINT('',#6294);
#2140=VERTEX_POINT('',#6298);
#2141=VERTEX_POINT('',#6300);
#2142=VERTEX_POINT('',#6304);
#2143=VERTEX_POINT('',#6305);
#2144=VERTEX_POINT('',#6307);
#2145=VERTEX_POINT('',#6309);
#2146=VERTEX_POINT('',#6311);
#2147=VERTEX_POINT('',#6313);
#2148=VERTEX_POINT('',#6316);
#2149=VERTEX_POINT('',#6319);
#2150=VERTEX_POINT('',#6323);
#2151=VERTEX_POINT('',#6324);
#2152=VERTEX_POINT('',#6327);
#2153=VERTEX_POINT('',#6329);
#2154=VERTEX_POINT('',#6332);
#2155=VERTEX_POINT('',#6334);
#2156=VERTEX_POINT('',#6338);
#2157=VERTEX_POINT('',#6342);
#2158=VERTEX_POINT('',#6346);
#2159=VERTEX_POINT('',#6348);
#2160=VERTEX_POINT('',#6350);
#2161=VERTEX_POINT('',#6352);
#2162=VERTEX_POINT('',#6354);
#2163=VERTEX_POINT('',#6356);
#2164=VERTEX_POINT('',#6358);
#2165=VERTEX_POINT('',#6362);
#2166=VERTEX_POINT('',#6364);
#2167=VERTEX_POINT('',#6368);
#2168=VERTEX_POINT('',#6372);
#2169=VERTEX_POINT('',#6374);
#2170=VERTEX_POINT('',#6376);
#2171=VERTEX_POINT('',#6378);
#2172=VERTEX_POINT('',#6383);
#2173=VERTEX_POINT('',#6387);
#2174=VERTEX_POINT('',#6391);
#2175=VERTEX_POINT('',#6393);
#2176=VERTEX_POINT('',#6402);
#2177=VERTEX_POINT('',#6404);
#2178=VERTEX_POINT('',#6413);
#2179=VERTEX_POINT('',#6415);
#2180=VERTEX_POINT('',#6419);
#2181=VERTEX_POINT('',#6423);
#2182=VERTEX_POINT('',#6427);
#2183=VERTEX_POINT('',#6430);
#2184=VERTEX_POINT('',#6437);
#2185=VERTEX_POINT('',#6438);
#2186=VERTEX_POINT('',#6446);
#2187=VERTEX_POINT('',#6450);
#2188=VERTEX_POINT('',#6456);
#2189=VERTEX_POINT('',#6458);
#2190=VERTEX_POINT('',#6460);
#2191=VERTEX_POINT('',#6462);
#2192=VERTEX_POINT('',#6475);
#2193=VERTEX_POINT('',#6477);
#2194=VERTEX_POINT('',#6479);
#2195=VERTEX_POINT('',#6481);
#2196=VERTEX_POINT('',#6489);
#2197=VERTEX_POINT('',#6491);
#2198=VERTEX_POINT('',#6493);
#2199=VERTEX_POINT('',#6495);
#2200=VERTEX_POINT('',#6508);
#2201=VERTEX_POINT('',#6511);
#2202=VERTEX_POINT('',#6514);
#2203=VERTEX_POINT('',#6517);
#2204=VERTEX_POINT('',#6518);
#2205=VERTEX_POINT('',#6520);
#2206=VERTEX_POINT('',#6522);
#2207=VERTEX_POINT('',#6527);
#2208=VERTEX_POINT('',#6529);
#2209=VERTEX_POINT('',#6533);
#2210=VERTEX_POINT('',#6536);
#2211=VERTEX_POINT('',#6540);
#2212=VERTEX_POINT('',#6541);
#2213=VERTEX_POINT('',#6543);
#2214=VERTEX_POINT('',#6545);
#2215=VERTEX_POINT('',#6549);
#2216=VERTEX_POINT('',#6550);
#2217=VERTEX_POINT('',#6552);
#2218=VERTEX_POINT('',#6554);
#2219=VERTEX_POINT('',#6559);
#2220=VERTEX_POINT('',#6561);
#2221=VERTEX_POINT('',#6565);
#2222=VERTEX_POINT('',#6568);
#2223=VERTEX_POINT('',#6572);
#2224=VERTEX_POINT('',#6573);
#2225=VERTEX_POINT('',#6575);
#2226=VERTEX_POINT('',#6577);
#2227=VERTEX_POINT('',#6581);
#2228=VERTEX_POINT('',#6582);
#2229=VERTEX_POINT('',#6587);
#2230=VERTEX_POINT('',#6591);
#2231=VERTEX_POINT('',#6594);
#2232=VERTEX_POINT('',#6595);
#2233=VERTEX_POINT('',#6597);
#2234=VERTEX_POINT('',#6599);
#2235=VERTEX_POINT('',#6604);
#2236=VERTEX_POINT('',#6606);
#2237=VERTEX_POINT('',#6610);
#2238=VERTEX_POINT('',#6613);
#2239=VERTEX_POINT('',#6615);
#2240=VERTEX_POINT('',#6621);
#2241=VERTEX_POINT('',#6622);
#2242=VERTEX_POINT('',#6627);
#2243=VERTEX_POINT('',#6631);
#2244=VERTEX_POINT('',#6632);
#2245=VERTEX_POINT('',#6634);
#2246=VERTEX_POINT('',#6636);
#2247=VERTEX_POINT('',#6640);
#2248=VERTEX_POINT('',#6643);
#2249=VERTEX_POINT('',#6644);
#2250=VERTEX_POINT('',#6647);
#2251=VERTEX_POINT('',#6649);
#2252=VERTEX_POINT('',#6653);
#2253=VERTEX_POINT('',#6654);
#2254=VERTEX_POINT('',#6660);
#2255=VERTEX_POINT('',#6662);
#2256=VERTEX_POINT('',#6666);
#2257=VERTEX_POINT('',#6670);
#2258=VERTEX_POINT('',#6673);
#2259=VERTEX_POINT('',#6677);
#2260=VERTEX_POINT('',#6678);
#2261=VERTEX_POINT('',#6680);
#2262=VERTEX_POINT('',#6682);
#2263=VERTEX_POINT('',#6688);
#2264=VERTEX_POINT('',#6689);
#2265=VERTEX_POINT('',#6691);
#2266=VERTEX_POINT('',#6693);
#2267=VERTEX_POINT('',#6701);
#2268=VERTEX_POINT('',#6702);
#2269=VERTEX_POINT('',#6704);
#2270=VERTEX_POINT('',#6706);
#2271=VERTEX_POINT('',#6710);
#2272=VERTEX_POINT('',#6711);
#2273=VERTEX_POINT('',#6716);
#2274=VERTEX_POINT('',#6717);
#2275=VERTEX_POINT('',#6722);
#2276=VERTEX_POINT('',#6723);
#2277=VERTEX_POINT('',#6728);
#2278=VERTEX_POINT('',#6729);
#2279=VERTEX_POINT('',#6734);
#2280=VERTEX_POINT('',#6735);
#2281=VERTEX_POINT('',#6740);
#2282=VERTEX_POINT('',#6741);
#2283=VERTEX_POINT('',#6749);
#2284=VERTEX_POINT('',#6750);
#2285=VERTEX_POINT('',#6752);
#2286=VERTEX_POINT('',#6754);
#2287=VERTEX_POINT('',#6758);
#2288=VERTEX_POINT('',#6759);
#2289=VERTEX_POINT('',#6764);
#2290=VERTEX_POINT('',#6765);
#2291=VERTEX_POINT('',#6770);
#2292=VERTEX_POINT('',#6771);
#2293=VERTEX_POINT('',#6776);
#2294=VERTEX_POINT('',#6777);
#2295=VERTEX_POINT('',#6782);
#2296=VERTEX_POINT('',#6783);
#2297=VERTEX_POINT('',#6788);
#2298=VERTEX_POINT('',#6789);
#2299=VERTEX_POINT('',#6797);
#2300=VERTEX_POINT('',#6798);
#2301=VERTEX_POINT('',#6800);
#2302=VERTEX_POINT('',#6802);
#2303=VERTEX_POINT('',#6806);
#2304=VERTEX_POINT('',#6807);
#2305=VERTEX_POINT('',#6809);
#2306=VERTEX_POINT('',#6811);
#2307=VERTEX_POINT('',#6815);
#2308=VERTEX_POINT('',#6816);
#2309=VERTEX_POINT('',#6821);
#2310=VERTEX_POINT('',#6822);
#2311=VERTEX_POINT('',#6827);
#2312=VERTEX_POINT('',#6828);
#2313=VERTEX_POINT('',#6833);
#2314=VERTEX_POINT('',#6834);
#2315=VERTEX_POINT('',#6839);
#2316=VERTEX_POINT('',#6840);
#2317=VERTEX_POINT('',#6845);
#2318=VERTEX_POINT('',#6846);
#2319=VERTEX_POINT('',#6854);
#2320=VERTEX_POINT('',#6855);
#2321=VERTEX_POINT('',#6857);
#2322=VERTEX_POINT('',#6859);
#2323=VERTEX_POINT('',#6863);
#2324=VERTEX_POINT('',#6864);
#2325=VERTEX_POINT('',#6869);
#2326=VERTEX_POINT('',#6870);
#2327=VERTEX_POINT('',#6875);
#2328=VERTEX_POINT('',#6876);
#2329=VERTEX_POINT('',#6881);
#2330=VERTEX_POINT('',#6882);
#2331=VERTEX_POINT('',#6887);
#2332=VERTEX_POINT('',#6888);
#2333=VERTEX_POINT('',#6893);
#2334=VERTEX_POINT('',#6894);
#2335=VERTEX_POINT('',#6902);
#2336=VERTEX_POINT('',#6903);
#2337=VERTEX_POINT('',#6905);
#2338=VERTEX_POINT('',#6907);
#2339=VERTEX_POINT('',#6911);
#2340=VERTEX_POINT('',#6912);
#2341=VERTEX_POINT('',#6917);
#2342=VERTEX_POINT('',#6918);
#2343=VERTEX_POINT('',#6923);
#2344=VERTEX_POINT('',#6924);
#2345=VERTEX_POINT('',#6929);
#2346=VERTEX_POINT('',#6930);
#2347=VERTEX_POINT('',#6935);
#2348=VERTEX_POINT('',#6936);
#2349=VERTEX_POINT('',#6941);
#2350=VERTEX_POINT('',#6942);
#2351=VERTEX_POINT('',#6950);
#2352=VERTEX_POINT('',#6951);
#2353=VERTEX_POINT('',#6956);
#2354=VERTEX_POINT('',#6957);
#2355=VERTEX_POINT('',#6959);
#2356=VERTEX_POINT('',#6961);
#2357=VERTEX_POINT('',#6965);
#2358=VERTEX_POINT('',#6966);
#2359=VERTEX_POINT('',#6971);
#2360=VERTEX_POINT('',#6972);
#2361=VERTEX_POINT('',#6977);
#2362=VERTEX_POINT('',#6978);
#2363=VERTEX_POINT('',#6983);
#2364=VERTEX_POINT('',#6984);
#2365=VERTEX_POINT('',#6989);
#2366=VERTEX_POINT('',#6990);
#2367=VERTEX_POINT('',#6995);
#2368=VERTEX_POINT('',#6996);
#2369=VERTEX_POINT('',#7004);
#2370=VERTEX_POINT('',#7005);
#2371=VERTEX_POINT('',#7007);
#2372=VERTEX_POINT('',#7009);
#2373=VERTEX_POINT('',#7013);
#2374=VERTEX_POINT('',#7014);
#2375=VERTEX_POINT('',#7019);
#2376=VERTEX_POINT('',#7020);
#2377=VERTEX_POINT('',#7025);
#2378=VERTEX_POINT('',#7026);
#2379=VERTEX_POINT('',#7031);
#2380=VERTEX_POINT('',#7032);
#2381=VERTEX_POINT('',#7037);
#2382=VERTEX_POINT('',#7038);
#2383=VERTEX_POINT('',#7043);
#2384=VERTEX_POINT('',#7044);
#2385=VERTEX_POINT('',#7052);
#2386=VERTEX_POINT('',#7053);
#2387=VERTEX_POINT('',#7055);
#2388=VERTEX_POINT('',#7057);
#2389=VERTEX_POINT('',#7061);
#2390=VERTEX_POINT('',#7062);
#2391=VERTEX_POINT('',#7067);
#2392=VERTEX_POINT('',#7068);
#2393=VERTEX_POINT('',#7073);
#2394=VERTEX_POINT('',#7074);
#2395=VERTEX_POINT('',#7079);
#2396=VERTEX_POINT('',#7080);
#2397=VERTEX_POINT('',#7085);
#2398=VERTEX_POINT('',#7086);
#2399=VERTEX_POINT('',#7091);
#2400=VERTEX_POINT('',#7092);
#2401=VERTEX_POINT('',#7100);
#2402=VERTEX_POINT('',#7101);
#2403=VERTEX_POINT('',#7106);
#2404=VERTEX_POINT('',#7107);
#2405=VERTEX_POINT('',#7109);
#2406=VERTEX_POINT('',#7111);
#2407=VERTEX_POINT('',#7115);
#2408=VERTEX_POINT('',#7116);
#2409=VERTEX_POINT('',#7121);
#2410=VERTEX_POINT('',#7122);
#2411=VERTEX_POINT('',#7127);
#2412=VERTEX_POINT('',#7128);
#2413=VERTEX_POINT('',#7133);
#2414=VERTEX_POINT('',#7134);
#2415=VERTEX_POINT('',#7139);
#2416=VERTEX_POINT('',#7140);
#2417=VERTEX_POINT('',#7145);
#2418=VERTEX_POINT('',#7146);
#2419=VERTEX_POINT('',#7154);
#2420=VERTEX_POINT('',#7155);
#2421=VERTEX_POINT('',#7157);
#2422=VERTEX_POINT('',#7159);
#2423=VERTEX_POINT('',#7163);
#2424=VERTEX_POINT('',#7164);
#2425=VERTEX_POINT('',#7169);
#2426=VERTEX_POINT('',#7170);
#2427=VERTEX_POINT('',#7175);
#2428=VERTEX_POINT('',#7176);
#2429=VERTEX_POINT('',#7181);
#2430=VERTEX_POINT('',#7182);
#2431=VERTEX_POINT('',#7187);
#2432=VERTEX_POINT('',#7188);
#2433=VERTEX_POINT('',#7193);
#2434=VERTEX_POINT('',#7194);
#2435=VERTEX_POINT('',#7202);
#2436=VERTEX_POINT('',#7203);
#2437=VERTEX_POINT('',#7205);
#2438=VERTEX_POINT('',#7207);
#2439=VERTEX_POINT('',#7211);
#2440=VERTEX_POINT('',#7212);
#2441=VERTEX_POINT('',#7217);
#2442=VERTEX_POINT('',#7218);
#2443=VERTEX_POINT('',#7223);
#2444=VERTEX_POINT('',#7224);
#2445=VERTEX_POINT('',#7229);
#2446=VERTEX_POINT('',#7230);
#2447=VERTEX_POINT('',#7235);
#2448=VERTEX_POINT('',#7236);
#2449=VERTEX_POINT('',#7241);
#2450=VERTEX_POINT('',#7242);
#2451=VERTEX_POINT('',#7250);
#2452=VERTEX_POINT('',#7251);
#2453=VERTEX_POINT('',#7253);
#2454=VERTEX_POINT('',#7255);
#2455=VERTEX_POINT('',#7259);
#2456=VERTEX_POINT('',#7260);
#2457=VERTEX_POINT('',#7265);
#2458=VERTEX_POINT('',#7266);
#2459=VERTEX_POINT('',#7271);
#2460=VERTEX_POINT('',#7272);
#2461=VERTEX_POINT('',#7277);
#2462=VERTEX_POINT('',#7278);
#2463=VERTEX_POINT('',#7283);
#2464=VERTEX_POINT('',#7284);
#2465=VERTEX_POINT('',#7289);
#2466=VERTEX_POINT('',#7290);
#2467=VERTEX_POINT('',#7298);
#2468=VERTEX_POINT('',#7301);
#2469=VERTEX_POINT('',#7309);
#2470=VERTEX_POINT('',#7311);
#2471=VERTEX_POINT('',#7313);
#2472=VERTEX_POINT('',#7317);
#2473=VERTEX_POINT('',#7321);
#2474=VERTEX_POINT('',#7325);
#2475=VERTEX_POINT('',#7329);
#2476=VERTEX_POINT('',#7333);
#2477=VERTEX_POINT('',#7337);
#2478=VERTEX_POINT('',#7341);
#2479=VERTEX_POINT('',#7347);
#2480=VERTEX_POINT('',#7351);
#2481=VERTEX_POINT('',#7355);
#2482=VERTEX_POINT('',#7361);
#2483=LINE('',#6078,#3029);
#2484=LINE('',#6081,#3030);
#2485=LINE('',#6083,#3031);
#2486=LINE('',#6085,#3032);
#2487=LINE('',#6087,#3033);
#2488=LINE('',#6089,#3034);
#2489=LINE('',#6091,#3035);
#2490=LINE('',#6093,#3036);
#2491=LINE('',#6095,#3037);
#2492=LINE('',#6098,#3038);
#2493=LINE('',#6100,#3039);
#2494=LINE('',#6102,#3040);
#2495=LINE('',#6104,#3041);
#2496=LINE('',#6106,#3042);
#2497=LINE('',#6108,#3043);
#2498=LINE('',#6111,#3044);
#2499=LINE('',#6113,#3045);
#2500=LINE('',#6115,#3046);
#2501=LINE('',#6117,#3047);
#2502=LINE('',#6119,#3048);
#2503=LINE('',#6121,#3049);
#2504=LINE('',#6123,#3050);
#2505=LINE('',#6125,#3051);
#2506=LINE('',#6127,#3052);
#2507=LINE('',#6129,#3053);
#2508=LINE('',#6131,#3054);
#2509=LINE('',#6133,#3055);
#2510=LINE('',#6136,#3056);
#2511=LINE('',#6138,#3057);
#2512=LINE('',#6140,#3058);
#2513=LINE('',#6142,#3059);
#2514=LINE('',#6144,#3060);
#2515=LINE('',#6146,#3061);
#2516=LINE('',#6148,#3062);
#2517=LINE('',#6150,#3063);
#2518=LINE('',#6152,#3064);
#2519=LINE('',#6153,#3065);
#2520=LINE('',#6155,#3066);
#2521=LINE('',#6156,#3067);
#2522=LINE('',#6158,#3068);
#2523=LINE('',#6159,#3069);
#2524=LINE('',#6162,#3070);
#2525=LINE('',#6164,#3071);
#2526=LINE('',#6166,#3072);
#2527=LINE('',#6168,#3073);
#2528=LINE('',#6170,#3074);
#2529=LINE('',#6171,#3075);
#2530=LINE('',#6173,#3076);
#2531=LINE('',#6174,#3077);
#2532=LINE('',#6177,#3078);
#2533=LINE('',#6179,#3079);
#2534=LINE('',#6181,#3080);
#2535=LINE('',#6183,#3081);
#2536=LINE('',#6186,#3082);
#2537=LINE('',#6188,#3083);
#2538=LINE('',#6190,#3084);
#2539=LINE('',#6192,#3085);
#2540=LINE('',#6194,#3086);
#2541=LINE('',#6196,#3087);
#2542=LINE('',#6199,#3088);
#2543=LINE('',#6201,#3089);
#2544=LINE('',#6203,#3090);
#2545=LINE('',#6205,#3091);
#2546=LINE('',#6207,#3092);
#2547=LINE('',#6209,#3093);
#2548=LINE('',#6212,#3094);
#2549=LINE('',#6214,#3095);
#2550=LINE('',#6216,#3096);
#2551=LINE('',#6218,#3097);
#2552=LINE('',#6220,#3098);
#2553=LINE('',#6222,#3099);
#2554=LINE('',#6224,#3100);
#2555=LINE('',#6227,#3101);
#2556=LINE('',#6229,#3102);
#2557=LINE('',#6231,#3103);
#2558=LINE('',#6233,#3104);
#2559=LINE('',#6235,#3105);
#2560=LINE('',#6237,#3106);
#2561=LINE('',#6239,#3107);
#2562=LINE('',#6241,#3108);
#2563=LINE('',#6243,#3109);
#2564=LINE('',#6245,#3110);
#2565=LINE('',#6247,#3111);
#2566=LINE('',#6249,#3112);
#2567=LINE('',#6251,#3113);
#2568=LINE('',#6253,#3114);
#2569=LINE('',#6255,#3115);
#2570=LINE('',#6257,#3116);
#2571=LINE('',#6259,#3117);
#2572=LINE('',#6261,#3118);
#2573=LINE('',#6263,#3119);
#2574=LINE('',#6266,#3120);
#2575=LINE('',#6267,#3121);
#2576=LINE('',#6268,#3122);
#2577=LINE('',#6269,#3123);
#2578=LINE('',#6271,#3124);
#2579=LINE('',#6273,#3125);
#2580=LINE('',#6275,#3126);
#2581=LINE('',#6277,#3127);
#2582=LINE('',#6279,#3128);
#2583=LINE('',#6282,#3129);
#2584=LINE('',#6284,#3130);
#2585=LINE('',#6286,#3131);
#2586=LINE('',#6288,#3132);
#2587=LINE('',#6291,#3133);
#2588=LINE('',#6293,#3134);
#2589=LINE('',#6295,#3135);
#2590=LINE('',#6297,#3136);
#2591=LINE('',#6299,#3137);
#2592=LINE('',#6301,#3138);
#2593=LINE('',#6303,#3139);
#2594=LINE('',#6306,#3140);
#2595=LINE('',#6308,#3141);
#2596=LINE('',#6310,#3142);
#2597=LINE('',#6312,#3143);
#2598=LINE('',#6314,#3144);
#2599=LINE('',#6315,#3145);
#2600=LINE('',#6317,#3146);
#2601=LINE('',#6318,#3147);
#2602=LINE('',#6320,#3148);
#2603=LINE('',#6321,#3149);
#2604=LINE('',#6322,#3150);
#2605=LINE('',#6325,#3151);
#2606=LINE('',#6326,#3152);
#2607=LINE('',#6328,#3153);
#2608=LINE('',#6330,#3154);
#2609=LINE('',#6331,#3155);
#2610=LINE('',#6333,#3156);
#2611=LINE('',#6335,#3157);
#2612=LINE('',#6337,#3158);
#2613=LINE('',#6339,#3159);
#2614=LINE('',#6341,#3160);
#2615=LINE('',#6343,#3161);
#2616=LINE('',#6345,#3162);
#2617=LINE('',#6347,#3163);
#2618=LINE('',#6349,#3164);
#2619=LINE('',#6351,#3165);
#2620=LINE('',#6353,#3166);
#2621=LINE('',#6355,#3167);
#2622=LINE('',#6357,#3168);
#2623=LINE('',#6359,#3169);
#2624=LINE('',#6361,#3170);
#2625=LINE('',#6363,#3171);
#2626=LINE('',#6365,#3172);
#2627=LINE('',#6367,#3173);
#2628=LINE('',#6369,#3174);
#2629=LINE('',#6371,#3175);
#2630=LINE('',#6373,#3176);
#2631=LINE('',#6375,#3177);
#2632=LINE('',#6377,#3178);
#2633=LINE('',#6379,#3179);
#2634=LINE('',#6380,#3180);
#2635=LINE('',#6382,#3181);
#2636=LINE('',#6384,#3182);
#2637=LINE('',#6386,#3183);
#2638=LINE('',#6388,#3184);
#2639=LINE('',#6390,#3185);
#2640=LINE('',#6392,#3186);
#2641=LINE('',#6394,#3187);
#2642=LINE('',#6396,#3188);
#2643=LINE('',#6398,#3189);
#2644=LINE('',#6401,#3190);
#2645=LINE('',#6403,#3191);
#2646=LINE('',#6405,#3192);
#2647=LINE('',#6407,#3193);
#2648=LINE('',#6409,#3194);
#2649=LINE('',#6412,#3195);
#2650=LINE('',#6414,#3196);
#2651=LINE('',#6416,#3197);
#2652=LINE('',#6418,#3198);
#2653=LINE('',#6420,#3199);
#2654=LINE('',#6422,#3200);
#2655=LINE('',#6424,#3201);
#2656=LINE('',#6426,#3202);
#2657=LINE('',#6428,#3203);
#2658=LINE('',#6429,#3204);
#2659=LINE('',#6431,#3205);
#2660=LINE('',#6433,#3206);
#2661=LINE('',#6436,#3207);
#2662=LINE('',#6439,#3208);
#2663=LINE('',#6440,#3209);
#2664=LINE('',#6442,#3210);
#2665=LINE('',#6443,#3211);
#2666=LINE('',#6445,#3212);
#2667=LINE('',#6447,#3213);
#2668=LINE('',#6449,#3214);
#2669=LINE('',#6451,#3215);
#2670=LINE('',#6453,#3216);
#2671=LINE('',#6455,#3217);
#2672=LINE('',#6457,#3218);
#2673=LINE('',#6459,#3219);
#2674=LINE('',#6461,#3220);
#2675=LINE('',#6463,#3221);
#2676=LINE('',#6465,#3222);
#2677=LINE('',#6467,#3223);
#2678=LINE('',#6469,#3224);
#2679=LINE('',#6471,#3225);
#2680=LINE('',#6474,#3226);
#2681=LINE('',#6476,#3227);
#2682=LINE('',#6478,#3228);
#2683=LINE('',#6480,#3229);
#2684=LINE('',#6482,#3230);
#2685=LINE('',#6483,#3231);
#2686=LINE('',#6484,#3232);
#2687=LINE('',#6486,#3233);
#2688=LINE('',#6488,#3234);
#2689=LINE('',#6490,#3235);
#2690=LINE('',#6492,#3236);
#2691=LINE('',#6494,#3237);
#2692=LINE('',#6496,#3238);
#2693=LINE('',#6498,#3239);
#2694=LINE('',#6500,#3240);
#2695=LINE('',#6502,#3241);
#2696=LINE('',#6504,#3242);
#2697=LINE('',#6516,#3243);
#2698=LINE('',#6519,#3244);
#2699=LINE('',#6521,#3245);
#2700=LINE('',#6523,#3246);
#2701=LINE('',#6524,#3247);
#2702=LINE('',#6526,#3248);
#2703=LINE('',#6528,#3249);
#2704=LINE('',#6535,#3250);
#2705=LINE('',#6537,#3251);
#2706=LINE('',#6539,#3252);
#2707=LINE('',#6542,#3253);
#2708=LINE('',#6544,#3254);
#2709=LINE('',#6546,#3255);
#2710=LINE('',#6548,#3256);
#2711=LINE('',#6551,#3257);
#2712=LINE('',#6553,#3258);
#2713=LINE('',#6555,#3259);
#2714=LINE('',#6556,#3260);
#2715=LINE('',#6558,#3261);
#2716=LINE('',#6560,#3262);
#2717=LINE('',#6567,#3263);
#2718=LINE('',#6569,#3264);
#2719=LINE('',#6574,#3265);
#2720=LINE('',#6578,#3266);
#2721=LINE('',#6583,#3267);
#2722=LINE('',#6584,#3268);
#2723=LINE('',#6586,#3269);
#2724=LINE('',#6588,#3270);
#2725=LINE('',#6593,#3271);
#2726=LINE('',#6596,#3272);
#2727=LINE('',#6598,#3273);
#2728=LINE('',#6600,#3274);
#2729=LINE('',#6601,#3275);
#2730=LINE('',#6603,#3276);
#2731=LINE('',#6605,#3277);
#2732=LINE('',#6607,#3278);
#2733=LINE('',#6612,#3279);
#2734=LINE('',#6614,#3280);
#2735=LINE('',#6616,#3281);
#2736=LINE('',#6620,#3282);
#2737=LINE('',#6626,#3283);
#2738=LINE('',#6628,#3284);
#2739=LINE('',#6630,#3285);
#2740=LINE('',#6633,#3286);
#2741=LINE('',#6635,#3287);
#2742=LINE('',#6637,#3288);
#2743=LINE('',#6642,#3289);
#2744=LINE('',#6645,#3290);
#2745=LINE('',#6648,#3291);
#2746=LINE('',#6652,#3292);
#2747=LINE('',#6657,#3293);
#2748=LINE('',#6659,#3294);
#2749=LINE('',#6661,#3295);
#2750=LINE('',#6663,#3296);
#2751=LINE('',#6665,#3297);
#2752=LINE('',#6667,#3298);
#2753=LINE('',#6672,#3299);
#2754=LINE('',#6679,#3300);
#2755=LINE('',#6683,#3301);
#2756=LINE('',#6685,#3302);
#2757=LINE('',#6690,#3303);
#2758=LINE('',#6694,#3304);
#2759=LINE('',#6700,#3305);
#2760=LINE('',#6705,#3306);
#2761=LINE('',#6709,#3307);
#2762=LINE('',#6712,#3308);
#2763=LINE('',#6713,#3309);
#2764=LINE('',#6715,#3310);
#2765=LINE('',#6718,#3311);
#2766=LINE('',#6719,#3312);
#2767=LINE('',#6721,#3313);
#2768=LINE('',#6724,#3314);
#2769=LINE('',#6725,#3315);
#2770=LINE('',#6727,#3316);
#2771=LINE('',#6733,#3317);
#2772=LINE('',#6736,#3318);
#2773=LINE('',#6737,#3319);
#2774=LINE('',#6739,#3320);
#2775=LINE('',#6742,#3321);
#2776=LINE('',#6743,#3322);
#2777=LINE('',#6745,#3323);
#2778=LINE('',#6746,#3324);
#2779=LINE('',#6748,#3325);
#2780=LINE('',#6753,#3326);
#2781=LINE('',#6757,#3327);
#2782=LINE('',#6760,#3328);
#2783=LINE('',#6761,#3329);
#2784=LINE('',#6763,#3330);
#2785=LINE('',#6766,#3331);
#2786=LINE('',#6767,#3332);
#2787=LINE('',#6769,#3333);
#2788=LINE('',#6772,#3334);
#2789=LINE('',#6773,#3335);
#2790=LINE('',#6775,#3336);
#2791=LINE('',#6781,#3337);
#2792=LINE('',#6784,#3338);
#2793=LINE('',#6785,#3339);
#2794=LINE('',#6787,#3340);
#2795=LINE('',#6790,#3341);
#2796=LINE('',#6791,#3342);
#2797=LINE('',#6793,#3343);
#2798=LINE('',#6794,#3344);
#2799=LINE('',#6799,#3345);
#2800=LINE('',#6803,#3346);
#2801=LINE('',#6805,#3347);
#2802=LINE('',#6810,#3348);
#2803=LINE('',#6814,#3349);
#2804=LINE('',#6817,#3350);
#2805=LINE('',#6818,#3351);
#2806=LINE('',#6820,#3352);
#2807=LINE('',#6823,#3353);
#2808=LINE('',#6824,#3354);
#2809=LINE('',#6826,#3355);
#2810=LINE('',#6829,#3356);
#2811=LINE('',#6830,#3357);
#2812=LINE('',#6832,#3358);
#2813=LINE('',#6838,#3359);
#2814=LINE('',#6841,#3360);
#2815=LINE('',#6842,#3361);
#2816=LINE('',#6844,#3362);
#2817=LINE('',#6847,#3363);
#2818=LINE('',#6848,#3364);
#2819=LINE('',#6850,#3365);
#2820=LINE('',#6851,#3366);
#2821=LINE('',#6853,#3367);
#2822=LINE('',#6858,#3368);
#2823=LINE('',#6862,#3369);
#2824=LINE('',#6865,#3370);
#2825=LINE('',#6866,#3371);
#2826=LINE('',#6868,#3372);
#2827=LINE('',#6871,#3373);
#2828=LINE('',#6872,#3374);
#2829=LINE('',#6874,#3375);
#2830=LINE('',#6877,#3376);
#2831=LINE('',#6878,#3377);
#2832=LINE('',#6880,#3378);
#2833=LINE('',#6886,#3379);
#2834=LINE('',#6889,#3380);
#2835=LINE('',#6890,#3381);
#2836=LINE('',#6892,#3382);
#2837=LINE('',#6895,#3383);
#2838=LINE('',#6896,#3384);
#2839=LINE('',#6898,#3385);
#2840=LINE('',#6899,#3386);
#2841=LINE('',#6901,#3387);
#2842=LINE('',#6906,#3388);
#2843=LINE('',#6910,#3389);
#2844=LINE('',#6913,#3390);
#2845=LINE('',#6914,#3391);
#2846=LINE('',#6916,#3392);
#2847=LINE('',#6919,#3393);
#2848=LINE('',#6920,#3394);
#2849=LINE('',#6922,#3395);
#2850=LINE('',#6925,#3396);
#2851=LINE('',#6926,#3397);
#2852=LINE('',#6928,#3398);
#2853=LINE('',#6934,#3399);
#2854=LINE('',#6937,#3400);
#2855=LINE('',#6938,#3401);
#2856=LINE('',#6940,#3402);
#2857=LINE('',#6943,#3403);
#2858=LINE('',#6944,#3404);
#2859=LINE('',#6946,#3405);
#2860=LINE('',#6947,#3406);
#2861=LINE('',#6952,#3407);
#2862=LINE('',#6953,#3408);
#2863=LINE('',#6955,#3409);
#2864=LINE('',#6960,#3410);
#2865=LINE('',#6964,#3411);
#2866=LINE('',#6967,#3412);
#2867=LINE('',#6968,#3413);
#2868=LINE('',#6970,#3414);
#2869=LINE('',#6973,#3415);
#2870=LINE('',#6974,#3416);
#2871=LINE('',#6976,#3417);
#2872=LINE('',#6979,#3418);
#2873=LINE('',#6980,#3419);
#2874=LINE('',#6982,#3420);
#2875=LINE('',#6988,#3421);
#2876=LINE('',#6991,#3422);
#2877=LINE('',#6992,#3423);
#2878=LINE('',#6994,#3424);
#2879=LINE('',#6997,#3425);
#2880=LINE('',#6998,#3426);
#2881=LINE('',#7000,#3427);
#2882=LINE('',#7001,#3428);
#2883=LINE('',#7003,#3429);
#2884=LINE('',#7008,#3430);
#2885=LINE('',#7012,#3431);
#2886=LINE('',#7015,#3432);
#2887=LINE('',#7016,#3433);
#2888=LINE('',#7018,#3434);
#2889=LINE('',#7021,#3435);
#2890=LINE('',#7022,#3436);
#2891=LINE('',#7024,#3437);
#2892=LINE('',#7027,#3438);
#2893=LINE('',#7028,#3439);
#2894=LINE('',#7030,#3440);
#2895=LINE('',#7036,#3441);
#2896=LINE('',#7039,#3442);
#2897=LINE('',#7040,#3443);
#2898=LINE('',#7042,#3444);
#2899=LINE('',#7045,#3445);
#2900=LINE('',#7046,#3446);
#2901=LINE('',#7048,#3447);
#2902=LINE('',#7049,#3448);
#2903=LINE('',#7051,#3449);
#2904=LINE('',#7056,#3450);
#2905=LINE('',#7060,#3451);
#2906=LINE('',#7063,#3452);
#2907=LINE('',#7064,#3453);
#2908=LINE('',#7066,#3454);
#2909=LINE('',#7069,#3455);
#2910=LINE('',#7070,#3456);
#2911=LINE('',#7072,#3457);
#2912=LINE('',#7075,#3458);
#2913=LINE('',#7076,#3459);
#2914=LINE('',#7078,#3460);
#2915=LINE('',#7084,#3461);
#2916=LINE('',#7087,#3462);
#2917=LINE('',#7088,#3463);
#2918=LINE('',#7090,#3464);
#2919=LINE('',#7093,#3465);
#2920=LINE('',#7094,#3466);
#2921=LINE('',#7096,#3467);
#2922=LINE('',#7097,#3468);
#2923=LINE('',#7102,#3469);
#2924=LINE('',#7103,#3470);
#2925=LINE('',#7105,#3471);
#2926=LINE('',#7110,#3472);
#2927=LINE('',#7114,#3473);
#2928=LINE('',#7117,#3474);
#2929=LINE('',#7118,#3475);
#2930=LINE('',#7120,#3476);
#2931=LINE('',#7123,#3477);
#2932=LINE('',#7124,#3478);
#2933=LINE('',#7126,#3479);
#2934=LINE('',#7129,#3480);
#2935=LINE('',#7130,#3481);
#2936=LINE('',#7132,#3482);
#2937=LINE('',#7138,#3483);
#2938=LINE('',#7141,#3484);
#2939=LINE('',#7142,#3485);
#2940=LINE('',#7144,#3486);
#2941=LINE('',#7147,#3487);
#2942=LINE('',#7148,#3488);
#2943=LINE('',#7150,#3489);
#2944=LINE('',#7151,#3490);
#2945=LINE('',#7153,#3491);
#2946=LINE('',#7158,#3492);
#2947=LINE('',#7162,#3493);
#2948=LINE('',#7165,#3494);
#2949=LINE('',#7166,#3495);
#2950=LINE('',#7168,#3496);
#2951=LINE('',#7171,#3497);
#2952=LINE('',#7172,#3498);
#2953=LINE('',#7174,#3499);
#2954=LINE('',#7177,#3500);
#2955=LINE('',#7178,#3501);
#2956=LINE('',#7180,#3502);
#2957=LINE('',#7186,#3503);
#2958=LINE('',#7189,#3504);
#2959=LINE('',#7190,#3505);
#2960=LINE('',#7192,#3506);
#2961=LINE('',#7195,#3507);
#2962=LINE('',#7196,#3508);
#2963=LINE('',#7198,#3509);
#2964=LINE('',#7199,#3510);
#2965=LINE('',#7201,#3511);
#2966=LINE('',#7206,#3512);
#2967=LINE('',#7210,#3513);
#2968=LINE('',#7213,#3514);
#2969=LINE('',#7214,#3515);
#2970=LINE('',#7216,#3516);
#2971=LINE('',#7219,#3517);
#2972=LINE('',#7220,#3518);
#2973=LINE('',#7222,#3519);
#2974=LINE('',#7225,#3520);
#2975=LINE('',#7226,#3521);
#2976=LINE('',#7228,#3522);
#2977=LINE('',#7234,#3523);
#2978=LINE('',#7237,#3524);
#2979=LINE('',#7238,#3525);
#2980=LINE('',#7240,#3526);
#2981=LINE('',#7243,#3527);
#2982=LINE('',#7244,#3528);
#2983=LINE('',#7246,#3529);
#2984=LINE('',#7247,#3530);
#2985=LINE('',#7249,#3531);
#2986=LINE('',#7254,#3532);
#2987=LINE('',#7258,#3533);
#2988=LINE('',#7261,#3534);
#2989=LINE('',#7262,#3535);
#2990=LINE('',#7264,#3536);
#2991=LINE('',#7267,#3537);
#2992=LINE('',#7268,#3538);
#2993=LINE('',#7270,#3539);
#2994=LINE('',#7273,#3540);
#2995=LINE('',#7274,#3541);
#2996=LINE('',#7276,#3542);
#2997=LINE('',#7282,#3543);
#2998=LINE('',#7285,#3544);
#2999=LINE('',#7286,#3545);
#3000=LINE('',#7288,#3546);
#3001=LINE('',#7291,#3547);
#3002=LINE('',#7292,#3548);
#3003=LINE('',#7294,#3549);
#3004=LINE('',#7295,#3550);
#3005=LINE('',#7302,#3551);
#3006=LINE('',#7303,#3552);
#3007=LINE('',#7304,#3553);
#3008=LINE('',#7305,#3554);
#3009=LINE('',#7308,#3555);
#3010=LINE('',#7310,#3556);
#3011=LINE('',#7312,#3557);
#3012=LINE('',#7314,#3558);
#3013=LINE('',#7318,#3559);
#3014=LINE('',#7320,#3560);
#3015=LINE('',#7324,#3561);
#3016=LINE('',#7326,#3562);
#3017=LINE('',#7328,#3563);
#3018=LINE('',#7332,#3564);
#3019=LINE('',#7334,#3565);
#3020=LINE('',#7336,#3566);
#3021=LINE('',#7340,#3567);
#3022=LINE('',#7342,#3568);
#3023=LINE('',#7348,#3569);
#3024=LINE('',#7352,#3570);
#3025=LINE('',#7354,#3571);
#3026=LINE('',#7356,#3572);
#3027=LINE('',#7362,#3573);
#3028=LINE('',#7364,#3574);
#3029=VECTOR('',#4876,1.);
#3030=VECTOR('',#4877,1.);
#3031=VECTOR('',#4878,1.);
#3032=VECTOR('',#4879,1.);
#3033=VECTOR('',#4880,1.);
#3034=VECTOR('',#4881,1.);
#3035=VECTOR('',#4882,1.);
#3036=VECTOR('',#4883,1.);
#3037=VECTOR('',#4886,1.);
#3038=VECTOR('',#4887,1.);
#3039=VECTOR('',#4888,1.);
#3040=VECTOR('',#4889,1.);
#3041=VECTOR('',#4890,1.);
#3042=VECTOR('',#4891,1.);
#3043=VECTOR('',#4894,1.);
#3044=VECTOR('',#4895,1.);
#3045=VECTOR('',#4896,1.);
#3046=VECTOR('',#4897,1.);
#3047=VECTOR('',#4898,1.);
#3048=VECTOR('',#4899,1.);
#3049=VECTOR('',#4900,1.);
#3050=VECTOR('',#4901,1.);
#3051=VECTOR('',#4902,1.);
#3052=VECTOR('',#4903,1.);
#3053=VECTOR('',#4904,1.);
#3054=VECTOR('',#4905,1.);
#3055=VECTOR('',#4908,1.);
#3056=VECTOR('',#4909,1.);
#3057=VECTOR('',#4910,1.);
#3058=VECTOR('',#4911,1.);
#3059=VECTOR('',#4912,1.);
#3060=VECTOR('',#4913,1.);
#3061=VECTOR('',#4916,1.);
#3062=VECTOR('',#4917,1.);
#3063=VECTOR('',#4918,1.);
#3064=VECTOR('',#4921,1.);
#3065=VECTOR('',#4922,1.);
#3066=VECTOR('',#4925,1.);
#3067=VECTOR('',#4926,1.);
#3068=VECTOR('',#4929,1.);
#3069=VECTOR('',#4930,1.);
#3070=VECTOR('',#4935,1.);
#3071=VECTOR('',#4936,1.);
#3072=VECTOR('',#4937,1.);
#3073=VECTOR('',#4940,1.);
#3074=VECTOR('',#4943,1.);
#3075=VECTOR('',#4944,1.);
#3076=VECTOR('',#4947,1.);
#3077=VECTOR('',#4948,1.);
#3078=VECTOR('',#4953,1.);
#3079=VECTOR('',#4954,1.);
#3080=VECTOR('',#4955,1.);
#3081=VECTOR('',#4958,1.);
#3082=VECTOR('',#4959,1.);
#3083=VECTOR('',#4960,1.);
#3084=VECTOR('',#4961,1.);
#3085=VECTOR('',#4962,1.);
#3086=VECTOR('',#4963,1.);
#3087=VECTOR('',#4966,1.);
#3088=VECTOR('',#4967,1.);
#3089=VECTOR('',#4968,1.);
#3090=VECTOR('',#4969,1.);
#3091=VECTOR('',#4970,1.);
#3092=VECTOR('',#4971,1.);
#3093=VECTOR('',#4974,1.);
#3094=VECTOR('',#4975,1.);
#3095=VECTOR('',#4976,1.);
#3096=VECTOR('',#4977,1.);
#3097=VECTOR('',#4980,1.);
#3098=VECTOR('',#4981,1.);
#3099=VECTOR('',#4982,1.);
#3100=VECTOR('',#4985,1.);
#3101=VECTOR('',#4986,1.);
#3102=VECTOR('',#4987,1.);
#3103=VECTOR('',#4988,1.);
#3104=VECTOR('',#4991,1.);
#3105=VECTOR('',#4992,1.);
#3106=VECTOR('',#4993,1.);
#3107=VECTOR('',#4996,1.);
#3108=VECTOR('',#4997,1.);
#3109=VECTOR('',#4998,1.);
#3110=VECTOR('',#5001,1.);
#3111=VECTOR('',#5002,1.);
#3112=VECTOR('',#5003,1.);
#3113=VECTOR('',#5006,1.);
#3114=VECTOR('',#5007,1.);
#3115=VECTOR('',#5008,1.);
#3116=VECTOR('',#5011,1.);
#3117=VECTOR('',#5012,1.);
#3118=VECTOR('',#5013,1.);
#3119=VECTOR('',#5016,1.);
#3120=VECTOR('',#5017,1.);
#3121=VECTOR('',#5018,1.);
#3122=VECTOR('',#5019,1.);
#3123=VECTOR('',#5020,1.);
#3124=VECTOR('',#5021,1.);
#3125=VECTOR('',#5022,1.);
#3126=VECTOR('',#5023,1.);
#3127=VECTOR('',#5024,1.);
#3128=VECTOR('',#5027,1.);
#3129=VECTOR('',#5028,1.);
#3130=VECTOR('',#5029,1.);
#3131=VECTOR('',#5030,1.);
#3132=VECTOR('',#5033,1.);
#3133=VECTOR('',#5034,1.);
#3134=VECTOR('',#5035,1.);
#3135=VECTOR('',#5036,1.);
#3136=VECTOR('',#5039,1.);
#3137=VECTOR('',#5040,1.);
#3138=VECTOR('',#5041,1.);
#3139=VECTOR('',#5044,1.);
#3140=VECTOR('',#5045,1.);
#3141=VECTOR('',#5046,1.);
#3142=VECTOR('',#5047,1.);
#3143=VECTOR('',#5048,1.);
#3144=VECTOR('',#5049,1.);
#3145=VECTOR('',#5050,1.);
#3146=VECTOR('',#5051,1.);
#3147=VECTOR('',#5052,1.);
#3148=VECTOR('',#5053,1.);
#3149=VECTOR('',#5054,1.);
#3150=VECTOR('',#5055,1.);
#3151=VECTOR('',#5056,1.);
#3152=VECTOR('',#5057,1.);
#3153=VECTOR('',#5058,1.);
#3154=VECTOR('',#5059,1.);
#3155=VECTOR('',#5060,1.);
#3156=VECTOR('',#5061,1.);
#3157=VECTOR('',#5062,1.);
#3158=VECTOR('',#5065,1.);
#3159=VECTOR('',#5066,1.);
#3160=VECTOR('',#5069,1.);
#3161=VECTOR('',#5070,1.);
#3162=VECTOR('',#5073,1.);
#3163=VECTOR('',#5074,1.);
#3164=VECTOR('',#5075,1.);
#3165=VECTOR('',#5076,1.);
#3166=VECTOR('',#5077,1.);
#3167=VECTOR('',#5078,1.);
#3168=VECTOR('',#5079,1.);
#3169=VECTOR('',#5080,1.);
#3170=VECTOR('',#5083,1.);
#3171=VECTOR('',#5084,1.);
#3172=VECTOR('',#5085,1.);
#3173=VECTOR('',#5088,1.);
#3174=VECTOR('',#5089,1.);
#3175=VECTOR('',#5092,1.);
#3176=VECTOR('',#5093,1.);
#3177=VECTOR('',#5094,1.);
#3178=VECTOR('',#5095,1.);
#3179=VECTOR('',#5096,1.);
#3180=VECTOR('',#5097,1.);
#3181=VECTOR('',#5100,1.);
#3182=VECTOR('',#5101,1.);
#3183=VECTOR('',#5104,1.);
#3184=VECTOR('',#5105,1.);
#3185=VECTOR('',#5108,1.);
#3186=VECTOR('',#5109,1.);
#3187=VECTOR('',#5110,1.);
#3188=VECTOR('',#5113,1.);
#3189=VECTOR('',#5116,1.);
#3190=VECTOR('',#5121,1.);
#3191=VECTOR('',#5122,1.);
#3192=VECTOR('',#5123,1.);
#3193=VECTOR('',#5126,1.);
#3194=VECTOR('',#5129,1.);
#3195=VECTOR('',#5134,1.);
#3196=VECTOR('',#5135,1.);
#3197=VECTOR('',#5136,1.);
#3198=VECTOR('',#5139,1.);
#3199=VECTOR('',#5140,1.);
#3200=VECTOR('',#5143,1.);
#3201=VECTOR('',#5144,1.);
#3202=VECTOR('',#5147,1.);
#3203=VECTOR('',#5148,1.);
#3204=VECTOR('',#5149,1.);
#3205=VECTOR('',#5150,1.);
#3206=VECTOR('',#5153,1.);
#3207=VECTOR('',#5158,1.);
#3208=VECTOR('',#5159,1.);
#3209=VECTOR('',#5160,1.);
#3210=VECTOR('',#5163,1.);
#3211=VECTOR('',#5164,1.);
#3212=VECTOR('',#5167,1.);
#3213=VECTOR('',#5168,1.);
#3214=VECTOR('',#5171,1.);
#3215=VECTOR('',#5172,1.);
#3216=VECTOR('',#5175,1.);
#3217=VECTOR('',#5178,1.);
#3218=VECTOR('',#5179,1.);
#3219=VECTOR('',#5180,1.);
#3220=VECTOR('',#5181,1.);
#3221=VECTOR('',#5182,1.);
#3222=VECTOR('',#5185,1.);
#3223=VECTOR('',#5188,1.);
#3224=VECTOR('',#5191,1.);
#3225=VECTOR('',#5194,1.);
#3226=VECTOR('',#5199,1.);
#3227=VECTOR('',#5200,1.);
#3228=VECTOR('',#5201,1.);
#3229=VECTOR('',#5202,1.);
#3230=VECTOR('',#5203,1.);
#3231=VECTOR('',#5204,1.);
#3232=VECTOR('',#5205,1.);
#3233=VECTOR('',#5208,1.);
#3234=VECTOR('',#5211,1.);
#3235=VECTOR('',#5212,1.);
#3236=VECTOR('',#5213,1.);
#3237=VECTOR('',#5214,1.);
#3238=VECTOR('',#5215,1.);
#3239=VECTOR('',#5218,1.);
#3240=VECTOR('',#5221,1.);
#3241=VECTOR('',#5224,1.);
#3242=VECTOR('',#5227,1.);
#3243=VECTOR('',#5244,1.);
#3244=VECTOR('',#5245,1.);
#3245=VECTOR('',#5246,1.);
#3246=VECTOR('',#5247,1.);
#3247=VECTOR('',#5248,1.);
#3248=VECTOR('',#5251,1.);
#3249=VECTOR('',#5252,1.);
#3250=VECTOR('',#5261,1.);
#3251=VECTOR('',#5262,1.);
#3252=VECTOR('',#5265,1.);
#3253=VECTOR('',#5266,1.);
#3254=VECTOR('',#5267,1.);
#3255=VECTOR('',#5268,1.);
#3256=VECTOR('',#5271,1.);
#3257=VECTOR('',#5272,1.);
#3258=VECTOR('',#5273,1.);
#3259=VECTOR('',#5274,1.);
#3260=VECTOR('',#5275,1.);
#3261=VECTOR('',#5278,1.);
#3262=VECTOR('',#5279,1.);
#3263=VECTOR('',#5288,1.);
#3264=VECTOR('',#5289,1.);
#3265=VECTOR('',#5294,1.);
#3266=VECTOR('',#5297,1.);
#3267=VECTOR('',#5302,1.);
#3268=VECTOR('',#5303,1.);
#3269=VECTOR('',#5306,1.);
#3270=VECTOR('',#5307,1.);
#3271=VECTOR('',#5314,1.);
#3272=VECTOR('',#5315,1.);
#3273=VECTOR('',#5316,1.);
#3274=VECTOR('',#5317,1.);
#3275=VECTOR('',#5318,1.);
#3276=VECTOR('',#5321,1.);
#3277=VECTOR('',#5322,1.);
#3278=VECTOR('',#5323,1.);
#3279=VECTOR('',#5330,1.);
#3280=VECTOR('',#5331,1.);
#3281=VECTOR('',#5332,1.);
#3282=VECTOR('',#5339,1.);
#3283=VECTOR('',#5346,1.);
#3284=VECTOR('',#5347,1.);
#3285=VECTOR('',#5350,1.);
#3286=VECTOR('',#5351,1.);
#3287=VECTOR('',#5352,1.);
#3288=VECTOR('',#5353,1.);
#3289=VECTOR('',#5360,1.);
#3290=VECTOR('',#5361,1.);
#3291=VECTOR('',#5364,1.);
#3292=VECTOR('',#5369,1.);
#3293=VECTOR('',#5374,1.);
#3294=VECTOR('',#5377,1.);
#3295=VECTOR('',#5378,1.);
#3296=VECTOR('',#5379,1.);
#3297=VECTOR('',#5382,1.);
#3298=VECTOR('',#5383,1.);
#3299=VECTOR('',#5390,1.);
#3300=VECTOR('',#5397,1.);
#3301=VECTOR('',#5400,1.);
#3302=VECTOR('',#5403,1.);
#3303=VECTOR('',#5408,1.);
#3304=VECTOR('',#5411,1.);
#3305=VECTOR('',#5422,1.);
#3306=VECTOR('',#5425,1.);
#3307=VECTOR('',#5430,1.);
#3308=VECTOR('',#5431,1.);
#3309=VECTOR('',#5432,1.);
#3310=VECTOR('',#5435,1.);
#3311=VECTOR('',#5436,1.);
#3312=VECTOR('',#5437,1.);
#3313=VECTOR('',#5440,1.);
#3314=VECTOR('',#5441,1.);
#3315=VECTOR('',#5442,1.);
#3316=VECTOR('',#5445,1.);
#3317=VECTOR('',#5452,1.);
#3318=VECTOR('',#5453,1.);
#3319=VECTOR('',#5454,1.);
#3320=VECTOR('',#5457,1.);
#3321=VECTOR('',#5458,1.);
#3322=VECTOR('',#5459,1.);
#3323=VECTOR('',#5462,1.);
#3324=VECTOR('',#5463,1.);
#3325=VECTOR('',#5466,1.);
#3326=VECTOR('',#5469,1.);
#3327=VECTOR('',#5474,1.);
#3328=VECTOR('',#5475,1.);
#3329=VECTOR('',#5476,1.);
#3330=VECTOR('',#5479,1.);
#3331=VECTOR('',#5480,1.);
#3332=VECTOR('',#5481,1.);
#3333=VECTOR('',#5484,1.);
#3334=VECTOR('',#5485,1.);
#3335=VECTOR('',#5486,1.);
#3336=VECTOR('',#5489,1.);
#3337=VECTOR('',#5496,1.);
#3338=VECTOR('',#5497,1.);
#3339=VECTOR('',#5498,1.);
#3340=VECTOR('',#5501,1.);
#3341=VECTOR('',#5502,1.);
#3342=VECTOR('',#5503,1.);
#3343=VECTOR('',#5506,1.);
#3344=VECTOR('',#5507,1.);
#3345=VECTOR('',#5512,1.);
#3346=VECTOR('',#5515,1.);
#3347=VECTOR('',#5518,1.);
#3348=VECTOR('',#5521,1.);
#3349=VECTOR('',#5526,1.);
#3350=VECTOR('',#5527,1.);
#3351=VECTOR('',#5528,1.);
#3352=VECTOR('',#5531,1.);
#3353=VECTOR('',#5532,1.);
#3354=VECTOR('',#5533,1.);
#3355=VECTOR('',#5536,1.);
#3356=VECTOR('',#5537,1.);
#3357=VECTOR('',#5538,1.);
#3358=VECTOR('',#5541,1.);
#3359=VECTOR('',#5548,1.);
#3360=VECTOR('',#5549,1.);
#3361=VECTOR('',#5550,1.);
#3362=VECTOR('',#5553,1.);
#3363=VECTOR('',#5554,1.);
#3364=VECTOR('',#5555,1.);
#3365=VECTOR('',#5558,1.);
#3366=VECTOR('',#5559,1.);
#3367=VECTOR('',#5562,1.);
#3368=VECTOR('',#5565,1.);
#3369=VECTOR('',#5570,1.);
#3370=VECTOR('',#5571,1.);
#3371=VECTOR('',#5572,1.);
#3372=VECTOR('',#5575,1.);
#3373=VECTOR('',#5576,1.);
#3374=VECTOR('',#5577,1.);
#3375=VECTOR('',#5580,1.);
#3376=VECTOR('',#5581,1.);
#3377=VECTOR('',#5582,1.);
#3378=VECTOR('',#5585,1.);
#3379=VECTOR('',#5592,1.);
#3380=VECTOR('',#5593,1.);
#3381=VECTOR('',#5594,1.);
#3382=VECTOR('',#5597,1.);
#3383=VECTOR('',#5598,1.);
#3384=VECTOR('',#5599,1.);
#3385=VECTOR('',#5602,1.);
#3386=VECTOR('',#5603,1.);
#3387=VECTOR('',#5606,1.);
#3388=VECTOR('',#5609,1.);
#3389=VECTOR('',#5614,1.);
#3390=VECTOR('',#5615,1.);
#3391=VECTOR('',#5616,1.);
#3392=VECTOR('',#5619,1.);
#3393=VECTOR('',#5620,1.);
#3394=VECTOR('',#5621,1.);
#3395=VECTOR('',#5624,1.);
#3396=VECTOR('',#5625,1.);
#3397=VECTOR('',#5626,1.);
#3398=VECTOR('',#5629,1.);
#3399=VECTOR('',#5636,1.);
#3400=VECTOR('',#5637,1.);
#3401=VECTOR('',#5638,1.);
#3402=VECTOR('',#5641,1.);
#3403=VECTOR('',#5642,1.);
#3404=VECTOR('',#5643,1.);
#3405=VECTOR('',#5646,1.);
#3406=VECTOR('',#5647,1.);
#3407=VECTOR('',#5652,1.);
#3408=VECTOR('',#5653,1.);
#3409=VECTOR('',#5656,1.);
#3410=VECTOR('',#5659,1.);
#3411=VECTOR('',#5664,1.);
#3412=VECTOR('',#5665,1.);
#3413=VECTOR('',#5666,1.);
#3414=VECTOR('',#5669,1.);
#3415=VECTOR('',#5670,1.);
#3416=VECTOR('',#5671,1.);
#3417=VECTOR('',#5674,1.);
#3418=VECTOR('',#5675,1.);
#3419=VECTOR('',#5676,1.);
#3420=VECTOR('',#5679,1.);
#3421=VECTOR('',#5686,1.);
#3422=VECTOR('',#5687,1.);
#3423=VECTOR('',#5688,1.);
#3424=VECTOR('',#5691,1.);
#3425=VECTOR('',#5692,1.);
#3426=VECTOR('',#5693,1.);
#3427=VECTOR('',#5696,1.);
#3428=VECTOR('',#5697,1.);
#3429=VECTOR('',#5700,1.);
#3430=VECTOR('',#5703,1.);
#3431=VECTOR('',#5708,1.);
#3432=VECTOR('',#5709,1.);
#3433=VECTOR('',#5710,1.);
#3434=VECTOR('',#5713,1.);
#3435=VECTOR('',#5714,1.);
#3436=VECTOR('',#5715,1.);
#3437=VECTOR('',#5718,1.);
#3438=VECTOR('',#5719,1.);
#3439=VECTOR('',#5720,1.);
#3440=VECTOR('',#5723,1.);
#3441=VECTOR('',#5730,1.);
#3442=VECTOR('',#5731,1.);
#3443=VECTOR('',#5732,1.);
#3444=VECTOR('',#5735,1.);
#3445=VECTOR('',#5736,1.);
#3446=VECTOR('',#5737,1.);
#3447=VECTOR('',#5740,1.);
#3448=VECTOR('',#5741,1.);
#3449=VECTOR('',#5744,1.);
#3450=VECTOR('',#5747,1.);
#3451=VECTOR('',#5752,1.);
#3452=VECTOR('',#5753,1.);
#3453=VECTOR('',#5754,1.);
#3454=VECTOR('',#5757,1.);
#3455=VECTOR('',#5758,1.);
#3456=VECTOR('',#5759,1.);
#3457=VECTOR('',#5762,1.);
#3458=VECTOR('',#5763,1.);
#3459=VECTOR('',#5764,1.);
#3460=VECTOR('',#5767,1.);
#3461=VECTOR('',#5774,1.);
#3462=VECTOR('',#5775,1.);
#3463=VECTOR('',#5776,1.);
#3464=VECTOR('',#5779,1.);
#3465=VECTOR('',#5780,1.);
#3466=VECTOR('',#5781,1.);
#3467=VECTOR('',#5784,1.);
#3468=VECTOR('',#5785,1.);
#3469=VECTOR('',#5790,1.);
#3470=VECTOR('',#5791,1.);
#3471=VECTOR('',#5794,1.);
#3472=VECTOR('',#5797,1.);
#3473=VECTOR('',#5802,1.);
#3474=VECTOR('',#5803,1.);
#3475=VECTOR('',#5804,1.);
#3476=VECTOR('',#5807,1.);
#3477=VECTOR('',#5808,1.);
#3478=VECTOR('',#5809,1.);
#3479=VECTOR('',#5812,1.);
#3480=VECTOR('',#5813,1.);
#3481=VECTOR('',#5814,1.);
#3482=VECTOR('',#5817,1.);
#3483=VECTOR('',#5824,1.);
#3484=VECTOR('',#5825,1.);
#3485=VECTOR('',#5826,1.);
#3486=VECTOR('',#5829,1.);
#3487=VECTOR('',#5830,1.);
#3488=VECTOR('',#5831,1.);
#3489=VECTOR('',#5834,1.);
#3490=VECTOR('',#5835,1.);
#3491=VECTOR('',#5838,1.);
#3492=VECTOR('',#5841,1.);
#3493=VECTOR('',#5846,1.);
#3494=VECTOR('',#5847,1.);
#3495=VECTOR('',#5848,1.);
#3496=VECTOR('',#5851,1.);
#3497=VECTOR('',#5852,1.);
#3498=VECTOR('',#5853,1.);
#3499=VECTOR('',#5856,1.);
#3500=VECTOR('',#5857,1.);
#3501=VECTOR('',#5858,1.);
#3502=VECTOR('',#5861,1.);
#3503=VECTOR('',#5868,1.);
#3504=VECTOR('',#5869,1.);
#3505=VECTOR('',#5870,1.);
#3506=VECTOR('',#5873,1.);
#3507=VECTOR('',#5874,1.);
#3508=VECTOR('',#5875,1.);
#3509=VECTOR('',#5878,1.);
#3510=VECTOR('',#5879,1.);
#3511=VECTOR('',#5882,1.);
#3512=VECTOR('',#5885,1.);
#3513=VECTOR('',#5890,1.);
#3514=VECTOR('',#5891,1.);
#3515=VECTOR('',#5892,1.);
#3516=VECTOR('',#5895,1.);
#3517=VECTOR('',#5896,1.);
#3518=VECTOR('',#5897,1.);
#3519=VECTOR('',#5900,1.);
#3520=VECTOR('',#5901,1.);
#3521=VECTOR('',#5902,1.);
#3522=VECTOR('',#5905,1.);
#3523=VECTOR('',#5912,1.);
#3524=VECTOR('',#5913,1.);
#3525=VECTOR('',#5914,1.);
#3526=VECTOR('',#5917,1.);
#3527=VECTOR('',#5918,1.);
#3528=VECTOR('',#5919,1.);
#3529=VECTOR('',#5922,1.);
#3530=VECTOR('',#5923,1.);
#3531=VECTOR('',#5926,1.);
#3532=VECTOR('',#5929,1.);
#3533=VECTOR('',#5934,1.);
#3534=VECTOR('',#5935,1.);
#3535=VECTOR('',#5936,1.);
#3536=VECTOR('',#5939,1.);
#3537=VECTOR('',#5940,1.);
#3538=VECTOR('',#5941,1.);
#3539=VECTOR('',#5944,1.);
#3540=VECTOR('',#5945,1.);
#3541=VECTOR('',#5946,1.);
#3542=VECTOR('',#5949,1.);
#3543=VECTOR('',#5956,1.);
#3544=VECTOR('',#5957,1.);
#3545=VECTOR('',#5958,1.);
#3546=VECTOR('',#5961,1.);
#3547=VECTOR('',#5962,1.);
#3548=VECTOR('',#5963,1.);
#3549=VECTOR('',#5966,1.);
#3550=VECTOR('',#5967,1.);
#3551=VECTOR('',#5976,1.);
#3552=VECTOR('',#5977,1.);
#3553=VECTOR('',#5978,1.);
#3554=VECTOR('',#5979,1.);
#3555=VECTOR('',#5984,1.);
#3556=VECTOR('',#5985,1.);
#3557=VECTOR('',#5986,1.);
#3558=VECTOR('',#5987,1.);
#3559=VECTOR('',#5992,1.);
#3560=VECTOR('',#5995,1.);
#3561=VECTOR('',#6000,1.);
#3562=VECTOR('',#6001,1.);
#3563=VECTOR('',#6004,1.);
#3564=VECTOR('',#6009,1.);
#3565=VECTOR('',#6010,1.);
#3566=VECTOR('',#6013,1.);
#3567=VECTOR('',#6018,1.);
#3568=VECTOR('',#6019,1.);
#3569=VECTOR('',#6028,1.);
#3570=VECTOR('',#6033,1.);
#3571=VECTOR('',#6036,1.);
#3572=VECTOR('',#6037,1.);
#3573=VECTOR('',#6046,1.);
#3574=VECTOR('',#6049,1.);
#3575=EDGE_LOOP('',(#145,#146,#147,#148,#149,#150,#151,#152));
#3576=EDGE_LOOP('',(#153,#154,#155,#156,#157,#158));
#3577=EDGE_LOOP('',(#159,#160,#161,#162,#163,#164,#165,#166,#167,#168,#169,
#170));
#3578=EDGE_LOOP('',(#171,#172,#173,#174,#175,#176));
#3579=EDGE_LOOP('',(#177,#178,#179,#180));
#3580=EDGE_LOOP('',(#181,#182,#183,#184));
#3581=EDGE_LOOP('',(#185,#186,#187,#188));
#3582=EDGE_LOOP('',(#189,#190,#191,#192));
#3583=EDGE_LOOP('',(#193,#194,#195,#196,#197,#198));
#3584=EDGE_LOOP('',(#199,#200,#201,#202));
#3585=EDGE_LOOP('',(#203,#204,#205,#206,#207,#208));
#3586=EDGE_LOOP('',(#209,#210,#211,#212));
#3587=EDGE_LOOP('',(#213,#214,#215,#216));
#3588=EDGE_LOOP('',(#217,#218,#219,#220,#221,#222));
#3589=EDGE_LOOP('',(#223,#224,#225,#226));
#3590=EDGE_LOOP('',(#227,#228,#229,#230,#231,#232));
#3591=EDGE_LOOP('',(#233,#234,#235,#236,#237,#238));
#3592=EDGE_LOOP('',(#239,#240,#241,#242));
#3593=EDGE_LOOP('',(#243,#244,#245,#246));
#3594=EDGE_LOOP('',(#247,#248,#249,#250));
#3595=EDGE_LOOP('',(#251,#252,#253,#254));
#3596=EDGE_LOOP('',(#255,#256,#257,#258));
#3597=EDGE_LOOP('',(#259,#260,#261,#262));
#3598=EDGE_LOOP('',(#263,#264,#265,#266));
#3599=EDGE_LOOP('',(#267,#268,#269,#270));
#3600=EDGE_LOOP('',(#271,#272,#273,#274,#275,#276,#277,#278,#279,#280,#281,
#282));
#3601=EDGE_LOOP('',(#283,#284,#285,#286));
#3602=EDGE_LOOP('',(#287,#288,#289,#290));
#3603=EDGE_LOOP('',(#291,#292,#293,#294));
#3604=EDGE_LOOP('',(#295,#296,#297,#298,#299,#300,#301,#302,#303,#304,#305,
#306,#307,#308,#309,#310,#311,#312,#313,#314));
#3605=EDGE_LOOP('',(#315,#316,#317,#318,#319,#320,#321,#322,#323,#324,#325,
#326,#327,#328,#329,#330));
#3606=EDGE_LOOP('',(#331,#332,#333,#334));
#3607=EDGE_LOOP('',(#335,#336,#337,#338));
#3608=EDGE_LOOP('',(#339,#340,#341,#342,#343,#344,#345,#346,#347));
#3609=EDGE_LOOP('',(#348,#349,#350,#351));
#3610=EDGE_LOOP('',(#352,#353,#354,#355));
#3611=EDGE_LOOP('',(#356,#357,#358,#359,#360,#361,#362,#363,#364,#365,#366,
#367));
#3612=EDGE_LOOP('',(#368,#369,#370,#371));
#3613=EDGE_LOOP('',(#372,#373,#374,#375));
#3614=EDGE_LOOP('',(#376,#377,#378,#379,#380,#381));
#3615=EDGE_LOOP('',(#382,#383,#384,#385));
#3616=EDGE_LOOP('',(#386,#387,#388,#389));
#3617=EDGE_LOOP('',(#390,#391,#392,#393));
#3618=EDGE_LOOP('',(#394,#395,#396,#397,#398,#399));
#3619=EDGE_LOOP('',(#400,#401,#402,#403));
#3620=EDGE_LOOP('',(#404,#405,#406,#407));
#3621=EDGE_LOOP('',(#408,#409,#410,#411));
#3622=EDGE_LOOP('',(#412,#413,#414,#415));
#3623=EDGE_LOOP('',(#416,#417,#418,#419));
#3624=EDGE_LOOP('',(#420,#421,#422,#423));
#3625=EDGE_LOOP('',(#424,#425,#426,#427,#428,#429,#430,#431,#432));
#3626=EDGE_LOOP('',(#433,#434,#435,#436));
#3627=EDGE_LOOP('',(#437,#438,#439,#440));
#3628=EDGE_LOOP('',(#441,#442,#443,#444));
#3629=EDGE_LOOP('',(#445,#446,#447,#448));
#3630=EDGE_LOOP('',(#449,#450,#451,#452,#453,#454,#455,#456,#457));
#3631=EDGE_LOOP('',(#458,#459,#460,#461,#462,#463,#464,#465,#466));
#3632=EDGE_LOOP('',(#467,#468,#469,#470));
#3633=EDGE_LOOP('',(#471,#472,#473,#474,#475,#476));
#3634=EDGE_LOOP('',(#477,#478,#479,#480,#481));
#3635=EDGE_LOOP('',(#482,#483,#484,#485));
#3636=EDGE_LOOP('',(#486,#487,#488,#489));
#3637=EDGE_LOOP('',(#490,#491,#492,#493));
#3638=EDGE_LOOP('',(#494,#495,#496,#497,#498));
#3639=EDGE_LOOP('',(#499,#500,#501,#502,#503,#504,#505,#506,#507,#508,#509,
#510));
#3640=EDGE_LOOP('',(#511,#512,#513,#514));
#3641=EDGE_LOOP('',(#515,#516,#517,#518,#519,#520));
#3642=EDGE_LOOP('',(#521,#522,#523,#524,#525));
#3643=EDGE_LOOP('',(#526,#527,#528,#529));
#3644=EDGE_LOOP('',(#530,#531,#532,#533));
#3645=EDGE_LOOP('',(#534,#535,#536,#537));
#3646=EDGE_LOOP('',(#538,#539,#540,#541,#542));
#3647=EDGE_LOOP('',(#543));
#3648=EDGE_LOOP('',(#544));
#3649=EDGE_LOOP('',(#545));
#3650=EDGE_LOOP('',(#546,#547,#548,#549,#550,#551,#552,#553,#554,#555));
#3651=EDGE_LOOP('',(#556,#557,#558,#559));
#3652=EDGE_LOOP('',(#560));
#3653=EDGE_LOOP('',(#561));
#3654=EDGE_LOOP('',(#562,#563,#564,#565));
#3655=EDGE_LOOP('',(#566,#567,#568,#569));
#3656=EDGE_LOOP('',(#570,#571,#572,#573,#574,#575,#576,#577,#578,#579));
#3657=EDGE_LOOP('',(#580,#581,#582,#583));
#3658=EDGE_LOOP('',(#584));
#3659=EDGE_LOOP('',(#585));
#3660=EDGE_LOOP('',(#586,#587,#588,#589));
#3661=EDGE_LOOP('',(#590,#591,#592,#593));
#3662=EDGE_LOOP('',(#594));
#3663=EDGE_LOOP('',(#595,#596,#597,#598));
#3664=EDGE_LOOP('',(#599,#600,#601,#602));
#3665=EDGE_LOOP('',(#603));
#3666=EDGE_LOOP('',(#604,#605,#606,#607,#608,#609,#610,#611,#612,#613));
#3667=EDGE_LOOP('',(#614,#615,#616,#617));
#3668=EDGE_LOOP('',(#618));
#3669=EDGE_LOOP('',(#619));
#3670=EDGE_LOOP('',(#620,#621,#622,#623));
#3671=EDGE_LOOP('',(#624,#625,#626,#627));
#3672=EDGE_LOOP('',(#628,#629,#630,#631,#632,#633,#634,#635));
#3673=EDGE_LOOP('',(#636,#637,#638,#639));
#3674=EDGE_LOOP('',(#640,#641,#642,#643));
#3675=EDGE_LOOP('',(#644));
#3676=EDGE_LOOP('',(#645,#646,#647,#648,#649,#650,#651,#652));
#3677=EDGE_LOOP('',(#653,#654,#655,#656,#657,#658,#659,#660));
#3678=EDGE_LOOP('',(#661,#662,#663,#664,#665,#666,#667,#668,#669,#670));
#3679=EDGE_LOOP('',(#671,#672,#673,#674));
#3680=EDGE_LOOP('',(#675));
#3681=EDGE_LOOP('',(#676));
#3682=EDGE_LOOP('',(#677,#678,#679,#680));
#3683=EDGE_LOOP('',(#681));
#3684=EDGE_LOOP('',(#682,#683,#684,#685));
#3685=EDGE_LOOP('',(#686,#687,#688,#689));
#3686=EDGE_LOOP('',(#690));
#3687=EDGE_LOOP('',(#691,#692,#693,#694));
#3688=EDGE_LOOP('',(#695,#696,#697,#698,#699,#700,#701,#702));
#3689=EDGE_LOOP('',(#703,#704,#705,#706,#707,#708));
#3690=EDGE_LOOP('',(#709,#710,#711,#712));
#3691=EDGE_LOOP('',(#713,#714,#715,#716));
#3692=EDGE_LOOP('',(#717,#718,#719,#720));
#3693=EDGE_LOOP('',(#721,#722,#723,#724));
#3694=EDGE_LOOP('',(#725,#726,#727,#728));
#3695=EDGE_LOOP('',(#729,#730,#731,#732));
#3696=EDGE_LOOP('',(#733,#734,#735,#736));
#3697=EDGE_LOOP('',(#737,#738,#739,#740));
#3698=EDGE_LOOP('',(#741,#742,#743,#744));
#3699=EDGE_LOOP('',(#745,#746,#747,#748));
#3700=EDGE_LOOP('',(#749,#750,#751,#752));
#3701=EDGE_LOOP('',(#753,#754,#755,#756));
#3702=EDGE_LOOP('',(#757,#758,#759,#760));
#3703=EDGE_LOOP('',(#761,#762,#763,#764));
#3704=EDGE_LOOP('',(#765,#766,#767,#768));
#3705=EDGE_LOOP('',(#769,#770,#771,#772));
#3706=EDGE_LOOP('',(#773,#774,#775,#776));
#3707=EDGE_LOOP('',(#777,#778,#779,#780));
#3708=EDGE_LOOP('',(#781,#782,#783,#784));
#3709=EDGE_LOOP('',(#785,#786,#787,#788));
#3710=EDGE_LOOP('',(#789,#790,#791,#792));
#3711=EDGE_LOOP('',(#793,#794,#795,#796));
#3712=EDGE_LOOP('',(#797,#798,#799,#800));
#3713=EDGE_LOOP('',(#801,#802,#803,#804));
#3714=EDGE_LOOP('',(#805,#806,#807,#808));
#3715=EDGE_LOOP('',(#809,#810,#811,#812));
#3716=EDGE_LOOP('',(#813,#814,#815,#816));
#3717=EDGE_LOOP('',(#817,#818,#819,#820));
#3718=EDGE_LOOP('',(#821,#822,#823,#824));
#3719=EDGE_LOOP('',(#825,#826,#827,#828));
#3720=EDGE_LOOP('',(#829,#830,#831,#832));
#3721=EDGE_LOOP('',(#833,#834,#835,#836));
#3722=EDGE_LOOP('',(#837,#838,#839,#840));
#3723=EDGE_LOOP('',(#841,#842,#843,#844));
#3724=EDGE_LOOP('',(#845,#846,#847,#848));
#3725=EDGE_LOOP('',(#849,#850,#851,#852));
#3726=EDGE_LOOP('',(#853,#854,#855,#856));
#3727=EDGE_LOOP('',(#857,#858,#859,#860));
#3728=EDGE_LOOP('',(#861,#862,#863,#864));
#3729=EDGE_LOOP('',(#865,#866,#867,#868));
#3730=EDGE_LOOP('',(#869,#870,#871,#872));
#3731=EDGE_LOOP('',(#873,#874,#875,#876));
#3732=EDGE_LOOP('',(#877,#878,#879,#880));
#3733=EDGE_LOOP('',(#881,#882,#883,#884));
#3734=EDGE_LOOP('',(#885,#886,#887,#888));
#3735=EDGE_LOOP('',(#889,#890,#891,#892));
#3736=EDGE_LOOP('',(#893,#894,#895,#896));
#3737=EDGE_LOOP('',(#897,#898,#899,#900));
#3738=EDGE_LOOP('',(#901,#902,#903,#904));
#3739=EDGE_LOOP('',(#905,#906,#907,#908));
#3740=EDGE_LOOP('',(#909,#910,#911,#912));
#3741=EDGE_LOOP('',(#913,#914,#915,#916));
#3742=EDGE_LOOP('',(#917,#918,#919,#920));
#3743=EDGE_LOOP('',(#921,#922,#923,#924));
#3744=EDGE_LOOP('',(#925,#926,#927,#928));
#3745=EDGE_LOOP('',(#929,#930,#931,#932));
#3746=EDGE_LOOP('',(#933,#934,#935,#936));
#3747=EDGE_LOOP('',(#937,#938,#939,#940));
#3748=EDGE_LOOP('',(#941,#942,#943,#944));
#3749=EDGE_LOOP('',(#945,#946,#947,#948));
#3750=EDGE_LOOP('',(#949,#950,#951,#952));
#3751=EDGE_LOOP('',(#953,#954,#955,#956));
#3752=EDGE_LOOP('',(#957,#958,#959,#960));
#3753=EDGE_LOOP('',(#961,#962,#963,#964));
#3754=EDGE_LOOP('',(#965,#966,#967,#968));
#3755=EDGE_LOOP('',(#969,#970,#971,#972));
#3756=EDGE_LOOP('',(#973,#974,#975,#976));
#3757=EDGE_LOOP('',(#977,#978,#979,#980));
#3758=EDGE_LOOP('',(#981,#982,#983,#984));
#3759=EDGE_LOOP('',(#985,#986,#987,#988));
#3760=EDGE_LOOP('',(#989,#990,#991,#992));
#3761=EDGE_LOOP('',(#993,#994,#995,#996));
#3762=EDGE_LOOP('',(#997,#998,#999,#1000));
#3763=EDGE_LOOP('',(#1001,#1002,#1003,#1004));
#3764=EDGE_LOOP('',(#1005,#1006,#1007,#1008));
#3765=EDGE_LOOP('',(#1009,#1010,#1011,#1012));
#3766=EDGE_LOOP('',(#1013,#1014,#1015,#1016));
#3767=EDGE_LOOP('',(#1017,#1018,#1019,#1020));
#3768=EDGE_LOOP('',(#1021,#1022,#1023,#1024));
#3769=EDGE_LOOP('',(#1025,#1026,#1027,#1028));
#3770=EDGE_LOOP('',(#1029,#1030,#1031,#1032));
#3771=EDGE_LOOP('',(#1033,#1034,#1035,#1036));
#3772=EDGE_LOOP('',(#1037,#1038,#1039,#1040));
#3773=EDGE_LOOP('',(#1041,#1042,#1043,#1044));
#3774=EDGE_LOOP('',(#1045,#1046,#1047,#1048));
#3775=EDGE_LOOP('',(#1049,#1050,#1051,#1052));
#3776=EDGE_LOOP('',(#1053,#1054,#1055,#1056));
#3777=EDGE_LOOP('',(#1057,#1058,#1059,#1060));
#3778=EDGE_LOOP('',(#1061,#1062,#1063,#1064));
#3779=EDGE_LOOP('',(#1065,#1066,#1067,#1068));
#3780=EDGE_LOOP('',(#1069,#1070,#1071,#1072));
#3781=EDGE_LOOP('',(#1073,#1074,#1075,#1076));
#3782=EDGE_LOOP('',(#1077,#1078,#1079,#1080));
#3783=EDGE_LOOP('',(#1081,#1082,#1083,#1084));
#3784=EDGE_LOOP('',(#1085,#1086,#1087,#1088));
#3785=EDGE_LOOP('',(#1089,#1090,#1091,#1092));
#3786=EDGE_LOOP('',(#1093,#1094,#1095,#1096));
#3787=EDGE_LOOP('',(#1097,#1098,#1099,#1100));
#3788=EDGE_LOOP('',(#1101,#1102,#1103,#1104));
#3789=EDGE_LOOP('',(#1105));
#3790=EDGE_LOOP('',(#1106));
#3791=EDGE_LOOP('',(#1107));
#3792=EDGE_LOOP('',(#1108,#1109,#1110,#1111,#1112,#1113,#1114,#1115));
#3793=EDGE_LOOP('',(#1116,#1117,#1118,#1119,#1120,#1121,#1122,#1123));
#3794=EDGE_LOOP('',(#1124,#1125,#1126,#1127,#1128,#1129,#1130,#1131));
#3795=EDGE_LOOP('',(#1132,#1133,#1134,#1135,#1136,#1137,#1138,#1139));
#3796=EDGE_LOOP('',(#1140,#1141,#1142,#1143,#1144,#1145,#1146,#1147));
#3797=EDGE_LOOP('',(#1148,#1149,#1150,#1151,#1152,#1153,#1154,#1155));
#3798=EDGE_LOOP('',(#1156,#1157,#1158,#1159,#1160,#1161,#1162,#1163));
#3799=EDGE_LOOP('',(#1164,#1165,#1166,#1167,#1168,#1169,#1170,#1171));
#3800=EDGE_LOOP('',(#1172,#1173,#1174,#1175,#1176,#1177,#1178,#1179));
#3801=EDGE_LOOP('',(#1180,#1181,#1182,#1183,#1184,#1185,#1186,#1187));
#3802=EDGE_LOOP('',(#1188,#1189,#1190,#1191,#1192,#1193,#1194,#1195));
#3803=EDGE_LOOP('',(#1196,#1197,#1198,#1199,#1200,#1201,#1202,#1203));
#3804=EDGE_LOOP('',(#1204,#1205,#1206,#1207,#1208,#1209,#1210,#1211));
#3805=EDGE_LOOP('',(#1212));
#3806=EDGE_LOOP('',(#1213));
#3807=EDGE_LOOP('',(#1214,#1215,#1216,#1217,#1218,#1219,#1220,#1221));
#3808=EDGE_LOOP('',(#1222));
#3809=EDGE_LOOP('',(#1223,#1224,#1225,#1226));
#3810=EDGE_LOOP('',(#1227,#1228,#1229,#1230));
#3811=EDGE_LOOP('',(#1231,#1232,#1233,#1234,#1235,#1236,#1237,#1238));
#3812=EDGE_LOOP('',(#1239,#1240,#1241,#1242));
#3813=EDGE_LOOP('',(#1243,#1244,#1245,#1246,#1247,#1248,#1249,#1250));
#3814=EDGE_LOOP('',(#1251,#1252,#1253,#1254));
#3815=EDGE_LOOP('',(#1255,#1256,#1257,#1258,#1259,#1260,#1261,#1262));
#3816=EDGE_LOOP('',(#1263,#1264,#1265,#1266));
#3817=EDGE_LOOP('',(#1267,#1268,#1269,#1270,#1271,#1272,#1273,#1274));
#3818=EDGE_LOOP('',(#1275,#1276,#1277,#1278,#1279,#1280,#1281,#1282));
#3819=EDGE_LOOP('',(#1283,#1284,#1285,#1286));
#3820=EDGE_LOOP('',(#1287,#1288,#1289,#1290,#1291,#1292,#1293,#1294));
#3821=EDGE_LOOP('',(#1295,#1296,#1297,#1298,#1299,#1300,#1301,#1302));
#3822=EDGE_LOOP('',(#1303,#1304,#1305,#1306,#1307,#1308,#1309,#1310));
#3823=EDGE_LOOP('',(#1311,#1312,#1313,#1314));
#3824=EDGE_LOOP('',(#1315,#1316,#1317,#1318,#1319,#1320,#1321,#1322));
#3825=EDGE_LOOP('',(#1323,#1324,#1325,#1326,#1327,#1328,#1329,#1330));
#3826=EDGE_LOOP('',(#1331,#1332,#1333,#1334,#1335,#1336,#1337,#1338));
#3827=EDGE_LOOP('',(#1339,#1340,#1341,#1342,#1343,#1344,#1345,#1346));
#3828=EDGE_LOOP('',(#1347,#1348,#1349,#1350,#1351,#1352,#1353,#1354));
#3829=EDGE_LOOP('',(#1355,#1356,#1357,#1358,#1359,#1360,#1361,#1362));
#3830=EDGE_LOOP('',(#1363,#1364,#1365,#1366,#1367,#1368,#1369,#1370));
#3831=EDGE_LOOP('',(#1371,#1372,#1373,#1374,#1375,#1376,#1377,#1378));
#3832=EDGE_LOOP('',(#1379,#1380,#1381,#1382,#1383,#1384,#1385,#1386));
#3833=EDGE_LOOP('',(#1387,#1388,#1389,#1390,#1391,#1392,#1393,#1394));
#3834=EDGE_LOOP('',(#1395,#1396,#1397,#1398,#1399,#1400,#1401,#1402));
#3835=EDGE_LOOP('',(#1403,#1404,#1405,#1406,#1407,#1408,#1409,#1410));
#3836=EDGE_LOOP('',(#1411,#1412,#1413,#1414,#1415,#1416,#1417,#1418));
#3837=FACE_BOUND('',#3575,.T.);
#3838=FACE_BOUND('',#3576,.T.);
#3839=FACE_BOUND('',#3577,.T.);
#3840=FACE_BOUND('',#3578,.T.);
#3841=FACE_BOUND('',#3579,.T.);
#3842=FACE_BOUND('',#3580,.T.);
#3843=FACE_BOUND('',#3581,.T.);
#3844=FACE_BOUND('',#3582,.T.);
#3845=FACE_BOUND('',#3583,.T.);
#3846=FACE_BOUND('',#3584,.T.);
#3847=FACE_BOUND('',#3585,.T.);
#3848=FACE_BOUND('',#3586,.T.);
#3849=FACE_BOUND('',#3587,.T.);
#3850=FACE_BOUND('',#3588,.T.);
#3851=FACE_BOUND('',#3589,.T.);
#3852=FACE_BOUND('',#3590,.T.);
#3853=FACE_BOUND('',#3591,.T.);
#3854=FACE_BOUND('',#3592,.T.);
#3855=FACE_BOUND('',#3593,.T.);
#3856=FACE_BOUND('',#3594,.T.);
#3857=FACE_BOUND('',#3595,.T.);
#3858=FACE_BOUND('',#3596,.T.);
#3859=FACE_BOUND('',#3597,.T.);
#3860=FACE_BOUND('',#3598,.T.);
#3861=FACE_BOUND('',#3599,.T.);
#3862=FACE_BOUND('',#3600,.T.);
#3863=FACE_BOUND('',#3601,.T.);
#3864=FACE_BOUND('',#3602,.T.);
#3865=FACE_BOUND('',#3603,.T.);
#3866=FACE_BOUND('',#3604,.T.);
#3867=FACE_BOUND('',#3605,.T.);
#3868=FACE_BOUND('',#3606,.T.);
#3869=FACE_BOUND('',#3607,.T.);
#3870=FACE_BOUND('',#3608,.T.);
#3871=FACE_BOUND('',#3609,.T.);
#3872=FACE_BOUND('',#3610,.T.);
#3873=FACE_BOUND('',#3611,.T.);
#3874=FACE_BOUND('',#3612,.T.);
#3875=FACE_BOUND('',#3613,.T.);
#3876=FACE_BOUND('',#3614,.T.);
#3877=FACE_BOUND('',#3615,.T.);
#3878=FACE_BOUND('',#3616,.T.);
#3879=FACE_BOUND('',#3617,.T.);
#3880=FACE_BOUND('',#3618,.T.);
#3881=FACE_BOUND('',#3619,.T.);
#3882=FACE_BOUND('',#3620,.T.);
#3883=FACE_BOUND('',#3621,.T.);
#3884=FACE_BOUND('',#3622,.T.);
#3885=FACE_BOUND('',#3623,.T.);
#3886=FACE_BOUND('',#3624,.T.);
#3887=FACE_BOUND('',#3625,.T.);
#3888=FACE_BOUND('',#3626,.T.);
#3889=FACE_BOUND('',#3627,.T.);
#3890=FACE_BOUND('',#3628,.T.);
#3891=FACE_BOUND('',#3629,.T.);
#3892=FACE_BOUND('',#3630,.T.);
#3893=FACE_BOUND('',#3631,.T.);
#3894=FACE_BOUND('',#3632,.T.);
#3895=FACE_BOUND('',#3633,.T.);
#3896=FACE_BOUND('',#3634,.T.);
#3897=FACE_BOUND('',#3635,.T.);
#3898=FACE_BOUND('',#3636,.T.);
#3899=FACE_BOUND('',#3637,.T.);
#3900=FACE_BOUND('',#3638,.T.);
#3901=FACE_BOUND('',#3639,.T.);
#3902=FACE_BOUND('',#3640,.T.);
#3903=FACE_BOUND('',#3641,.T.);
#3904=FACE_BOUND('',#3642,.T.);
#3905=FACE_BOUND('',#3643,.T.);
#3906=FACE_BOUND('',#3644,.T.);
#3907=FACE_BOUND('',#3645,.T.);
#3908=FACE_BOUND('',#3646,.T.);
#3909=FACE_BOUND('',#3647,.T.);
#3910=FACE_BOUND('',#3648,.T.);
#3911=FACE_BOUND('',#3649,.T.);
#3912=FACE_BOUND('',#3650,.T.);
#3913=FACE_BOUND('',#3651,.T.);
#3914=FACE_BOUND('',#3652,.T.);
#3915=FACE_BOUND('',#3653,.T.);
#3916=FACE_BOUND('',#3654,.T.);
#3917=FACE_BOUND('',#3655,.T.);
#3918=FACE_BOUND('',#3656,.T.);
#3919=FACE_BOUND('',#3657,.T.);
#3920=FACE_BOUND('',#3658,.T.);
#3921=FACE_BOUND('',#3659,.T.);
#3922=FACE_BOUND('',#3660,.T.);
#3923=FACE_BOUND('',#3661,.T.);
#3924=FACE_BOUND('',#3662,.T.);
#3925=FACE_BOUND('',#3663,.T.);
#3926=FACE_BOUND('',#3664,.T.);
#3927=FACE_BOUND('',#3665,.T.);
#3928=FACE_BOUND('',#3666,.T.);
#3929=FACE_BOUND('',#3667,.T.);
#3930=FACE_BOUND('',#3668,.T.);
#3931=FACE_BOUND('',#3669,.T.);
#3932=FACE_BOUND('',#3670,.T.);
#3933=FACE_BOUND('',#3671,.T.);
#3934=FACE_BOUND('',#3672,.T.);
#3935=FACE_BOUND('',#3673,.T.);
#3936=FACE_BOUND('',#3674,.T.);
#3937=FACE_BOUND('',#3675,.T.);
#3938=FACE_BOUND('',#3676,.T.);
#3939=FACE_BOUND('',#3677,.T.);
#3940=FACE_BOUND('',#3678,.T.);
#3941=FACE_BOUND('',#3679,.T.);
#3942=FACE_BOUND('',#3680,.T.);
#3943=FACE_BOUND('',#3681,.T.);
#3944=FACE_BOUND('',#3682,.T.);
#3945=FACE_BOUND('',#3683,.T.);
#3946=FACE_BOUND('',#3684,.T.);
#3947=FACE_BOUND('',#3685,.T.);
#3948=FACE_BOUND('',#3686,.T.);
#3949=FACE_BOUND('',#3687,.T.);
#3950=FACE_BOUND('',#3688,.T.);
#3951=FACE_BOUND('',#3689,.T.);
#3952=FACE_BOUND('',#3690,.T.);
#3953=FACE_BOUND('',#3691,.T.);
#3954=FACE_BOUND('',#3692,.T.);
#3955=FACE_BOUND('',#3693,.T.);
#3956=FACE_BOUND('',#3694,.T.);
#3957=FACE_BOUND('',#3695,.T.);
#3958=FACE_BOUND('',#3696,.T.);
#3959=FACE_BOUND('',#3697,.T.);
#3960=FACE_BOUND('',#3698,.T.);
#3961=FACE_BOUND('',#3699,.T.);
#3962=FACE_BOUND('',#3700,.T.);
#3963=FACE_BOUND('',#3701,.T.);
#3964=FACE_BOUND('',#3702,.T.);
#3965=FACE_BOUND('',#3703,.T.);
#3966=FACE_BOUND('',#3704,.T.);
#3967=FACE_BOUND('',#3705,.T.);
#3968=FACE_BOUND('',#3706,.T.);
#3969=FACE_BOUND('',#3707,.T.);
#3970=FACE_BOUND('',#3708,.T.);
#3971=FACE_BOUND('',#3709,.T.);
#3972=FACE_BOUND('',#3710,.T.);
#3973=FACE_BOUND('',#3711,.T.);
#3974=FACE_BOUND('',#3712,.T.);
#3975=FACE_BOUND('',#3713,.T.);
#3976=FACE_BOUND('',#3714,.T.);
#3977=FACE_BOUND('',#3715,.T.);
#3978=FACE_BOUND('',#3716,.T.);
#3979=FACE_BOUND('',#3717,.T.);
#3980=FACE_BOUND('',#3718,.T.);
#3981=FACE_BOUND('',#3719,.T.);
#3982=FACE_BOUND('',#3720,.T.);
#3983=FACE_BOUND('',#3721,.T.);
#3984=FACE_BOUND('',#3722,.T.);
#3985=FACE_BOUND('',#3723,.T.);
#3986=FACE_BOUND('',#3724,.T.);
#3987=FACE_BOUND('',#3725,.T.);
#3988=FACE_BOUND('',#3726,.T.);
#3989=FACE_BOUND('',#3727,.T.);
#3990=FACE_BOUND('',#3728,.T.);
#3991=FACE_BOUND('',#3729,.T.);
#3992=FACE_BOUND('',#3730,.T.);
#3993=FACE_BOUND('',#3731,.T.);
#3994=FACE_BOUND('',#3732,.T.);
#3995=FACE_BOUND('',#3733,.T.);
#3996=FACE_BOUND('',#3734,.T.);
#3997=FACE_BOUND('',#3735,.T.);
#3998=FACE_BOUND('',#3736,.T.);
#3999=FACE_BOUND('',#3737,.T.);
#4000=FACE_BOUND('',#3738,.T.);
#4001=FACE_BOUND('',#3739,.T.);
#4002=FACE_BOUND('',#3740,.T.);
#4003=FACE_BOUND('',#3741,.T.);
#4004=FACE_BOUND('',#3742,.T.);
#4005=FACE_BOUND('',#3743,.T.);
#4006=FACE_BOUND('',#3744,.T.);
#4007=FACE_BOUND('',#3745,.T.);
#4008=FACE_BOUND('',#3746,.T.);
#4009=FACE_BOUND('',#3747,.T.);
#4010=FACE_BOUND('',#3748,.T.);
#4011=FACE_BOUND('',#3749,.T.);
#4012=FACE_BOUND('',#3750,.T.);
#4013=FACE_BOUND('',#3751,.T.);
#4014=FACE_BOUND('',#3752,.T.);
#4015=FACE_BOUND('',#3753,.T.);
#4016=FACE_BOUND('',#3754,.T.);
#4017=FACE_BOUND('',#3755,.T.);
#4018=FACE_BOUND('',#3756,.T.);
#4019=FACE_BOUND('',#3757,.T.);
#4020=FACE_BOUND('',#3758,.T.);
#4021=FACE_BOUND('',#3759,.T.);
#4022=FACE_BOUND('',#3760,.T.);
#4023=FACE_BOUND('',#3761,.T.);
#4024=FACE_BOUND('',#3762,.T.);
#4025=FACE_BOUND('',#3763,.T.);
#4026=FACE_BOUND('',#3764,.T.);
#4027=FACE_BOUND('',#3765,.T.);
#4028=FACE_BOUND('',#3766,.T.);
#4029=FACE_BOUND('',#3767,.T.);
#4030=FACE_BOUND('',#3768,.T.);
#4031=FACE_BOUND('',#3769,.T.);
#4032=FACE_BOUND('',#3770,.T.);
#4033=FACE_BOUND('',#3771,.T.);
#4034=FACE_BOUND('',#3772,.T.);
#4035=FACE_BOUND('',#3773,.T.);
#4036=FACE_BOUND('',#3774,.T.);
#4037=FACE_BOUND('',#3775,.T.);
#4038=FACE_BOUND('',#3776,.T.);
#4039=FACE_BOUND('',#3777,.T.);
#4040=FACE_BOUND('',#3778,.T.);
#4041=FACE_BOUND('',#3779,.T.);
#4042=FACE_BOUND('',#3780,.T.);
#4043=FACE_BOUND('',#3781,.T.);
#4044=FACE_BOUND('',#3782,.T.);
#4045=FACE_BOUND('',#3783,.T.);
#4046=FACE_BOUND('',#3784,.T.);
#4047=FACE_BOUND('',#3785,.T.);
#4048=FACE_BOUND('',#3786,.T.);
#4049=FACE_BOUND('',#3787,.T.);
#4050=FACE_BOUND('',#3788,.T.);
#4051=FACE_BOUND('',#3789,.T.);
#4052=FACE_BOUND('',#3790,.T.);
#4053=FACE_BOUND('',#3791,.T.);
#4054=FACE_BOUND('',#3792,.T.);
#4055=FACE_BOUND('',#3793,.T.);
#4056=FACE_BOUND('',#3794,.T.);
#4057=FACE_BOUND('',#3795,.T.);
#4058=FACE_BOUND('',#3796,.T.);
#4059=FACE_BOUND('',#3797,.T.);
#4060=FACE_BOUND('',#3798,.T.);
#4061=FACE_BOUND('',#3799,.T.);
#4062=FACE_BOUND('',#3800,.T.);
#4063=FACE_BOUND('',#3801,.T.);
#4064=FACE_BOUND('',#3802,.T.);
#4065=FACE_BOUND('',#3803,.T.);
#4066=FACE_BOUND('',#3804,.T.);
#4067=FACE_BOUND('',#3805,.T.);
#4068=FACE_BOUND('',#3806,.T.);
#4069=FACE_BOUND('',#3807,.T.);
#4070=FACE_BOUND('',#3808,.T.);
#4071=FACE_BOUND('',#3809,.T.);
#4072=FACE_BOUND('',#3810,.T.);
#4073=FACE_BOUND('',#3811,.T.);
#4074=FACE_BOUND('',#3812,.T.);
#4075=FACE_BOUND('',#3813,.T.);
#4076=FACE_BOUND('',#3814,.T.);
#4077=FACE_BOUND('',#3815,.T.);
#4078=FACE_BOUND('',#3816,.T.);
#4079=FACE_BOUND('',#3817,.T.);
#4080=FACE_BOUND('',#3818,.T.);
#4081=FACE_BOUND('',#3819,.T.);
#4082=FACE_BOUND('',#3820,.T.);
#4083=FACE_BOUND('',#3821,.T.);
#4084=FACE_BOUND('',#3822,.T.);
#4085=FACE_BOUND('',#3823,.T.);
#4086=FACE_BOUND('',#3824,.T.);
#4087=FACE_BOUND('',#3825,.T.);
#4088=FACE_BOUND('',#3826,.T.);
#4089=FACE_BOUND('',#3827,.T.);
#4090=FACE_BOUND('',#3828,.T.);
#4091=FACE_BOUND('',#3829,.T.);
#4092=FACE_BOUND('',#3830,.T.);
#4093=FACE_BOUND('',#3831,.T.);
#4094=FACE_BOUND('',#3832,.T.);
#4095=FACE_BOUND('',#3833,.T.);
#4096=FACE_BOUND('',#3834,.T.);
#4097=FACE_BOUND('',#3835,.T.);
#4098=FACE_BOUND('',#3836,.T.);
#4099=PLANE('',#4544);
#4100=PLANE('',#4545);
#4101=PLANE('',#4546);
#4102=PLANE('',#4547);
#4103=PLANE('',#4548);
#4104=PLANE('',#4549);
#4105=PLANE('',#4550);
#4106=PLANE('',#4551);
#4107=PLANE('',#4552);
#4108=PLANE('',#4553);
#4109=PLANE('',#4554);
#4110=PLANE('',#4555);
#4111=PLANE('',#4556);
#4112=PLANE('',#4557);
#4113=PLANE('',#4558);
#4114=PLANE('',#4559);
#4115=PLANE('',#4560);
#4116=PLANE('',#4561);
#4117=PLANE('',#4562);
#4118=PLANE('',#4563);
#4119=PLANE('',#4564);
#4120=PLANE('',#4565);
#4121=PLANE('',#4566);
#4122=PLANE('',#4567);
#4123=PLANE('',#4568);
#4124=PLANE('',#4569);
#4125=PLANE('',#4570);
#4126=PLANE('',#4571);
#4127=PLANE('',#4572);
#4128=PLANE('',#4573);
#4129=PLANE('',#4574);
#4130=PLANE('',#4575);
#4131=PLANE('',#4576);
#4132=PLANE('',#4577);
#4133=PLANE('',#4578);
#4134=PLANE('',#4579);
#4135=PLANE('',#4580);
#4136=PLANE('',#4581);
#4137=PLANE('',#4582);
#4138=PLANE('',#4583);
#4139=PLANE('',#4584);
#4140=PLANE('',#4585);
#4141=PLANE('',#4586);
#4142=PLANE('',#4587);
#4143=PLANE('',#4588);
#4144=PLANE('',#4589);
#4145=PLANE('',#4590);
#4146=PLANE('',#4591);
#4147=PLANE('',#4592);
#4148=PLANE('',#4593);
#4149=PLANE('',#4594);
#4150=PLANE('',#4595);
#4151=PLANE('',#4596);
#4152=PLANE('',#4597);
#4153=PLANE('',#4598);
#4154=PLANE('',#4599);
#4155=PLANE('',#4600);
#4156=PLANE('',#4601);
#4157=PLANE('',#4602);
#4158=PLANE('',#4603);
#4159=PLANE('',#4604);
#4160=PLANE('',#4605);
#4161=PLANE('',#4606);
#4162=PLANE('',#4607);
#4163=PLANE('',#4608);
#4164=PLANE('',#4609);
#4165=PLANE('',#4610);
#4166=PLANE('',#4611);
#4167=PLANE('',#4612);
#4168=PLANE('',#4613);
#4169=PLANE('',#4614);
#4170=PLANE('',#4615);
#4171=PLANE('',#4617);
#4172=PLANE('',#4619);
#4173=PLANE('',#4621);
#4174=PLANE('',#4622);
#4175=PLANE('',#4626);
#4176=PLANE('',#4627);
#4177=PLANE('',#4628);
#4178=PLANE('',#4629);
#4179=PLANE('',#4633);
#4180=PLANE('',#4637);
#4181=PLANE('',#4639);
#4182=PLANE('',#4640);
#4183=PLANE('',#4642);
#4184=PLANE('',#4643);
#4185=PLANE('',#4646);
#4186=PLANE('',#4647);
#4187=PLANE('',#4649);
#4188=PLANE('',#4652);
#4189=PLANE('',#4653);
#4190=PLANE('',#4654);
#4191=PLANE('',#4656);
#4192=PLANE('',#4659);
#4193=PLANE('',#4662);
#4194=PLANE('',#4663);
#4195=PLANE('',#4666);
#4196=PLANE('',#4668);
#4197=PLANE('',#4671);
#4198=PLANE('',#4672);
#4199=PLANE('',#4675);
#4200=PLANE('',#4678);
#4201=PLANE('',#4682);
#4202=PLANE('',#4683);
#4203=PLANE('',#4684);
#4204=PLANE('',#4688);
#4205=PLANE('',#4689);
#4206=PLANE('',#4690);
#4207=PLANE('',#4694);
#4208=PLANE('',#4695);
#4209=PLANE('',#4696);
#4210=PLANE('',#4700);
#4211=PLANE('',#4701);
#4212=PLANE('',#4702);
#4213=PLANE('',#4709);
#4214=PLANE('',#4710);
#4215=PLANE('',#4711);
#4216=PLANE('',#4715);
#4217=PLANE('',#4716);
#4218=PLANE('',#4717);
#4219=PLANE('',#4721);
#4220=PLANE('',#4722);
#4221=PLANE('',#4723);
#4222=PLANE('',#4727);
#4223=PLANE('',#4728);
#4224=PLANE('',#4729);
#4225=PLANE('',#4733);
#4226=PLANE('',#4734);
#4227=PLANE('',#4735);
#4228=PLANE('',#4739);
#4229=PLANE('',#4740);
#4230=PLANE('',#4741);
#4231=PLANE('',#4747);
#4232=PLANE('',#4748);
#4233=PLANE('',#4749);
#4234=PLANE('',#4753);
#4235=PLANE('',#4754);
#4236=PLANE('',#4755);
#4237=PLANE('',#4759);
#4238=PLANE('',#4760);
#4239=PLANE('',#4761);
#4240=PLANE('',#4765);
#4241=PLANE('',#4766);
#4242=PLANE('',#4767);
#4243=PLANE('',#4771);
#4244=PLANE('',#4772);
#4245=PLANE('',#4773);
#4246=PLANE('',#4777);
#4247=PLANE('',#4778);
#4248=PLANE('',#4779);
#4249=PLANE('',#4785);
#4250=PLANE('',#4786);
#4251=PLANE('',#4787);
#4252=PLANE('',#4791);
#4253=PLANE('',#4792);
#4254=PLANE('',#4793);
#4255=PLANE('',#4797);
#4256=PLANE('',#4798);
#4257=PLANE('',#4799);
#4258=PLANE('',#4803);
#4259=PLANE('',#4804);
#4260=PLANE('',#4805);
#4261=PLANE('',#4809);
#4262=PLANE('',#4810);
#4263=PLANE('',#4811);
#4264=PLANE('',#4815);
#4265=PLANE('',#4816);
#4266=PLANE('',#4817);
#4267=PLANE('',#4821);
#4268=PLANE('',#4822);
#4269=PLANE('',#4823);
#4270=PLANE('',#4827);
#4271=PLANE('',#4828);
#4272=PLANE('',#4829);
#4273=PLANE('',#4832);
#4274=PLANE('',#4835);
#4275=PLANE('',#4836);
#4276=PLANE('',#4840);
#4277=PLANE('',#4843);
#4278=PLANE('',#4846);
#4279=PLANE('',#4853);
#4280=PLANE('',#4856);
#4281=PLANE('',#4858);
#4282=PLANE('',#4860);
#4283=PLANE('',#4861);
#4284=PLANE('',#4862);
#4285=PLANE('',#4863);
#4286=PLANE('',#4864);
#4287=PLANE('',#4865);
#4288=PLANE('',#4866);
#4289=PLANE('',#4867);
#4290=PLANE('',#4868);
#4291=PLANE('',#4869);
#4292=PLANE('',#4870);
#4293=PLANE('',#4871);
#4294=ADVANCED_FACE('',(#3837),#4099,.T.);
#4295=ADVANCED_FACE('',(#3838),#4100,.T.);
#4296=ADVANCED_FACE('',(#3839),#4101,.T.);
#4297=ADVANCED_FACE('',(#3840),#4102,.T.);
#4298=ADVANCED_FACE('',(#3841),#4103,.T.);
#4299=ADVANCED_FACE('',(#3842),#4104,.T.);
#4300=ADVANCED_FACE('',(#3843),#4105,.T.);
#4301=ADVANCED_FACE('',(#3844),#4106,.T.);
#4302=ADVANCED_FACE('',(#3845),#4107,.F.);
#4303=ADVANCED_FACE('',(#3846),#4108,.T.);
#4304=ADVANCED_FACE('',(#3847),#4109,.F.);
#4305=ADVANCED_FACE('',(#3848),#4110,.T.);
#4306=ADVANCED_FACE('',(#3849),#4111,.T.);
#4307=ADVANCED_FACE('',(#3850),#4112,.F.);
#4308=ADVANCED_FACE('',(#3851),#4113,.T.);
#4309=ADVANCED_FACE('',(#3852),#4114,.F.);
#4310=ADVANCED_FACE('',(#3853),#4115,.F.);
#4311=ADVANCED_FACE('',(#3854),#4116,.F.);
#4312=ADVANCED_FACE('',(#3855),#4117,.F.);
#4313=ADVANCED_FACE('',(#3856),#4118,.F.);
#4314=ADVANCED_FACE('',(#3857),#4119,.F.);
#4315=ADVANCED_FACE('',(#3858),#4120,.F.);
#4316=ADVANCED_FACE('',(#3859),#4121,.F.);
#4317=ADVANCED_FACE('',(#3860),#4122,.F.);
#4318=ADVANCED_FACE('',(#3861),#4123,.F.);
#4319=ADVANCED_FACE('',(#3862),#4124,.F.);
#4320=ADVANCED_FACE('',(#3863),#4125,.T.);
#4321=ADVANCED_FACE('',(#3864),#4126,.T.);
#4322=ADVANCED_FACE('',(#3865),#4127,.T.);
#4323=ADVANCED_FACE('',(#3866,#3867),#4128,.F.);
#4324=ADVANCED_FACE('',(#3868),#4129,.F.);
#4325=ADVANCED_FACE('',(#3869),#4130,.F.);
#4326=ADVANCED_FACE('',(#3870),#4131,.T.);
#4327=ADVANCED_FACE('',(#3871),#4132,.T.);
#4328=ADVANCED_FACE('',(#3872),#4133,.F.);
#4329=ADVANCED_FACE('',(#3873),#4134,.T.);
#4330=ADVANCED_FACE('',(#3874),#4135,.F.);
#4331=ADVANCED_FACE('',(#3875),#4136,.F.);
#4332=ADVANCED_FACE('',(#3876),#4137,.F.);
#4333=ADVANCED_FACE('',(#3877),#4138,.T.);
#4334=ADVANCED_FACE('',(#3878),#4139,.F.);
#4335=ADVANCED_FACE('',(#3879),#4140,.T.);
#4336=ADVANCED_FACE('',(#3880),#4141,.T.);
#4337=ADVANCED_FACE('',(#3881),#4142,.T.);
#4338=ADVANCED_FACE('',(#3882),#4143,.T.);
#4339=ADVANCED_FACE('',(#3883),#4144,.T.);
#4340=ADVANCED_FACE('',(#3884),#4145,.T.);
#4341=ADVANCED_FACE('',(#3885),#4146,.F.);
#4342=ADVANCED_FACE('',(#3886),#4147,.T.);
#4343=ADVANCED_FACE('',(#3887),#4148,.T.);
#4344=ADVANCED_FACE('',(#3888),#4149,.F.);
#4345=ADVANCED_FACE('',(#3889),#4150,.T.);
#4346=ADVANCED_FACE('',(#3890),#4151,.T.);
#4347=ADVANCED_FACE('',(#3891),#4152,.T.);
#4348=ADVANCED_FACE('',(#3892),#4153,.T.);
#4349=ADVANCED_FACE('',(#3893),#4154,.T.);
#4350=ADVANCED_FACE('',(#3894),#4155,.T.);
#4351=ADVANCED_FACE('',(#3895),#4156,.T.);
#4352=ADVANCED_FACE('',(#3896),#4157,.T.);
#4353=ADVANCED_FACE('',(#3897),#4158,.T.);
#4354=ADVANCED_FACE('',(#3898),#4159,.T.);
#4355=ADVANCED_FACE('',(#3899),#4160,.T.);
#4356=ADVANCED_FACE('',(#3900),#4161,.T.);
#4357=ADVANCED_FACE('',(#3901),#4162,.F.);
#4358=ADVANCED_FACE('',(#3902),#4163,.F.);
#4359=ADVANCED_FACE('',(#3903),#4164,.F.);
#4360=ADVANCED_FACE('',(#3904),#4165,.T.);
#4361=ADVANCED_FACE('',(#3905),#4166,.T.);
#4362=ADVANCED_FACE('',(#3906),#4167,.T.);
#4363=ADVANCED_FACE('',(#3907),#4168,.T.);
#4364=ADVANCED_FACE('',(#3908),#4169,.T.);
#4365=ADVANCED_FACE('',(#3909),#4170,.F.);
#4366=ADVANCED_FACE('',(#3910),#4171,.F.);
#4367=ADVANCED_FACE('',(#3911),#4172,.F.);
#4368=ADVANCED_FACE('',(#3912),#4173,.T.);
#4369=ADVANCED_FACE('',(#3913),#4174,.T.);
#4370=ADVANCED_FACE('',(#3914,#3915),#13,.F.);
#4371=ADVANCED_FACE('',(#3916),#4175,.T.);
#4372=ADVANCED_FACE('',(#3917),#4176,.T.);
#4373=ADVANCED_FACE('',(#3918),#4177,.T.);
#4374=ADVANCED_FACE('',(#3919),#4178,.T.);
#4375=ADVANCED_FACE('',(#3920,#3921),#14,.F.);
#4376=ADVANCED_FACE('',(#3922),#4179,.T.);
#4377=ADVANCED_FACE('',(#3923),#15,.F.);
#4378=ADVANCED_FACE('',(#3924,#3925),#4180,.T.);
#4379=ADVANCED_FACE('',(#3926),#4181,.T.);
#4380=ADVANCED_FACE('',(#3927),#4182,.F.);
#4381=ADVANCED_FACE('',(#3928),#4183,.T.);
#4382=ADVANCED_FACE('',(#3929),#4184,.T.);
#4383=ADVANCED_FACE('',(#3930,#3931),#16,.F.);
#4384=ADVANCED_FACE('',(#3932),#4185,.T.);
#4385=ADVANCED_FACE('',(#3933),#4186,.T.);
#4386=ADVANCED_FACE('',(#3934),#4187,.F.);
#4387=ADVANCED_FACE('',(#3935),#4188,.T.);
#4388=ADVANCED_FACE('',(#3936),#4189,.T.);
#4389=ADVANCED_FACE('',(#3937),#4190,.F.);
#4390=ADVANCED_FACE('',(#3938),#4191,.F.);
#4391=ADVANCED_FACE('',(#3939),#4192,.F.);
#4392=ADVANCED_FACE('',(#3940),#4193,.T.);
#4393=ADVANCED_FACE('',(#3941),#4194,.T.);
#4394=ADVANCED_FACE('',(#3942,#3943),#17,.F.);
#4395=ADVANCED_FACE('',(#3944),#4195,.T.);
#4396=ADVANCED_FACE('',(#3945,#3946),#4196,.T.);
#4397=ADVANCED_FACE('',(#3947),#4197,.T.);
#4398=ADVANCED_FACE('',(#3948,#3949),#4198,.T.);
#4399=ADVANCED_FACE('',(#3950),#4199,.F.);
#4400=ADVANCED_FACE('',(#3951),#4200,.F.);
#4401=ADVANCED_FACE('',(#3952),#18,.F.);
#4402=ADVANCED_FACE('',(#3953),#4201,.T.);
#4403=ADVANCED_FACE('',(#3954),#4202,.T.);
#4404=ADVANCED_FACE('',(#3955),#4203,.T.);
#4405=ADVANCED_FACE('',(#3956),#19,.T.);
#4406=ADVANCED_FACE('',(#3957),#4204,.T.);
#4407=ADVANCED_FACE('',(#3958),#4205,.T.);
#4408=ADVANCED_FACE('',(#3959),#4206,.T.);
#4409=ADVANCED_FACE('',(#3960),#20,.F.);
#4410=ADVANCED_FACE('',(#3961),#4207,.T.);
#4411=ADVANCED_FACE('',(#3962),#4208,.T.);
#4412=ADVANCED_FACE('',(#3963),#4209,.T.);
#4413=ADVANCED_FACE('',(#3964),#21,.T.);
#4414=ADVANCED_FACE('',(#3965),#4210,.T.);
#4415=ADVANCED_FACE('',(#3966),#4211,.T.);
#4416=ADVANCED_FACE('',(#3967),#4212,.T.);
#4417=ADVANCED_FACE('',(#3968),#22,.F.);
#4418=ADVANCED_FACE('',(#3969),#23,.F.);
#4419=ADVANCED_FACE('',(#3970),#4213,.T.);
#4420=ADVANCED_FACE('',(#3971),#4214,.T.);
#4421=ADVANCED_FACE('',(#3972),#4215,.T.);
#4422=ADVANCED_FACE('',(#3973),#24,.T.);
#4423=ADVANCED_FACE('',(#3974),#4216,.T.);
#4424=ADVANCED_FACE('',(#3975),#4217,.T.);
#4425=ADVANCED_FACE('',(#3976),#4218,.T.);
#4426=ADVANCED_FACE('',(#3977),#25,.F.);
#4427=ADVANCED_FACE('',(#3978),#4219,.T.);
#4428=ADVANCED_FACE('',(#3979),#4220,.T.);
#4429=ADVANCED_FACE('',(#3980),#4221,.T.);
#4430=ADVANCED_FACE('',(#3981),#26,.T.);
#4431=ADVANCED_FACE('',(#3982),#4222,.T.);
#4432=ADVANCED_FACE('',(#3983),#4223,.T.);
#4433=ADVANCED_FACE('',(#3984),#4224,.T.);
#4434=ADVANCED_FACE('',(#3985),#27,.F.);
#4435=ADVANCED_FACE('',(#3986),#4225,.T.);
#4436=ADVANCED_FACE('',(#3987),#4226,.T.);
#4437=ADVANCED_FACE('',(#3988),#4227,.T.);
#4438=ADVANCED_FACE('',(#3989),#28,.T.);
#4439=ADVANCED_FACE('',(#3990),#4228,.T.);
#4440=ADVANCED_FACE('',(#3991),#4229,.T.);
#4441=ADVANCED_FACE('',(#3992),#4230,.T.);
#4442=ADVANCED_FACE('',(#3993),#29,.F.);
#4443=ADVANCED_FACE('',(#3994),#30,.F.);
#4444=ADVANCED_FACE('',(#3995),#4231,.T.);
#4445=ADVANCED_FACE('',(#3996),#4232,.T.);
#4446=ADVANCED_FACE('',(#3997),#4233,.T.);
#4447=ADVANCED_FACE('',(#3998),#31,.T.);
#4448=ADVANCED_FACE('',(#3999),#4234,.T.);
#4449=ADVANCED_FACE('',(#4000),#4235,.T.);
#4450=ADVANCED_FACE('',(#4001),#4236,.T.);
#4451=ADVANCED_FACE('',(#4002),#32,.F.);
#4452=ADVANCED_FACE('',(#4003),#4237,.T.);
#4453=ADVANCED_FACE('',(#4004),#4238,.T.);
#4454=ADVANCED_FACE('',(#4005),#4239,.T.);
#4455=ADVANCED_FACE('',(#4006),#33,.T.);
#4456=ADVANCED_FACE('',(#4007),#4240,.T.);
#4457=ADVANCED_FACE('',(#4008),#4241,.T.);
#4458=ADVANCED_FACE('',(#4009),#4242,.T.);
#4459=ADVANCED_FACE('',(#4010),#34,.F.);
#4460=ADVANCED_FACE('',(#4011),#4243,.T.);
#4461=ADVANCED_FACE('',(#4012),#4244,.T.);
#4462=ADVANCED_FACE('',(#4013),#4245,.T.);
#4463=ADVANCED_FACE('',(#4014),#35,.T.);
#4464=ADVANCED_FACE('',(#4015),#4246,.T.);
#4465=ADVANCED_FACE('',(#4016),#4247,.T.);
#4466=ADVANCED_FACE('',(#4017),#4248,.T.);
#4467=ADVANCED_FACE('',(#4018),#36,.F.);
#4468=ADVANCED_FACE('',(#4019),#37,.F.);
#4469=ADVANCED_FACE('',(#4020),#4249,.T.);
#4470=ADVANCED_FACE('',(#4021),#4250,.T.);
#4471=ADVANCED_FACE('',(#4022),#4251,.T.);
#4472=ADVANCED_FACE('',(#4023),#38,.T.);
#4473=ADVANCED_FACE('',(#4024),#4252,.T.);
#4474=ADVANCED_FACE('',(#4025),#4253,.T.);
#4475=ADVANCED_FACE('',(#4026),#4254,.T.);
#4476=ADVANCED_FACE('',(#4027),#39,.F.);
#4477=ADVANCED_FACE('',(#4028),#4255,.T.);
#4478=ADVANCED_FACE('',(#4029),#4256,.T.);
#4479=ADVANCED_FACE('',(#4030),#4257,.T.);
#4480=ADVANCED_FACE('',(#4031),#40,.T.);
#4481=ADVANCED_FACE('',(#4032),#4258,.T.);
#4482=ADVANCED_FACE('',(#4033),#4259,.T.);
#4483=ADVANCED_FACE('',(#4034),#4260,.T.);
#4484=ADVANCED_FACE('',(#4035),#41,.F.);
#4485=ADVANCED_FACE('',(#4036),#4261,.T.);
#4486=ADVANCED_FACE('',(#4037),#4262,.T.);
#4487=ADVANCED_FACE('',(#4038),#4263,.T.);
#4488=ADVANCED_FACE('',(#4039),#42,.T.);
#4489=ADVANCED_FACE('',(#4040),#4264,.T.);
#4490=ADVANCED_FACE('',(#4041),#4265,.T.);
#4491=ADVANCED_FACE('',(#4042),#4266,.T.);
#4492=ADVANCED_FACE('',(#4043),#43,.F.);
#4493=ADVANCED_FACE('',(#4044),#4267,.T.);
#4494=ADVANCED_FACE('',(#4045),#4268,.T.);
#4495=ADVANCED_FACE('',(#4046),#4269,.T.);
#4496=ADVANCED_FACE('',(#4047),#44,.T.);
#4497=ADVANCED_FACE('',(#4048),#4270,.T.);
#4498=ADVANCED_FACE('',(#4049),#4271,.T.);
#4499=ADVANCED_FACE('',(#4050),#4272,.T.);
#4500=ADVANCED_FACE('',(#4051,#4052),#45,.F.);
#4501=ADVANCED_FACE('',(#4053,#4054,#4055,#4056,#4057,#4058,#4059,#4060,
#4061,#4062,#4063,#4064,#4065,#4066),#4273,.T.);
#4502=ADVANCED_FACE('',(#4067,#4068),#12,.F.);
#4503=ADVANCED_FACE('',(#4069),#4274,.T.);
#4504=ADVANCED_FACE('',(#4070,#4071),#4275,.T.);
#4505=ADVANCED_FACE('',(#4072),#46,.F.);
#4506=ADVANCED_FACE('',(#4073),#4276,.T.);
#4507=ADVANCED_FACE('',(#4074),#47,.F.);
#4508=ADVANCED_FACE('',(#4075),#4277,.T.);
#4509=ADVANCED_FACE('',(#4076),#48,.F.);
#4510=ADVANCED_FACE('',(#4077),#4278,.T.);
#4511=ADVANCED_FACE('',(#4078),#49,.F.);
#4512=ADVANCED_FACE('',(#4079),#50,.T.);
#4513=ADVANCED_FACE('',(#4080),#51,.T.);
#4514=ADVANCED_FACE('',(#4081),#4279,.T.);
#4515=ADVANCED_FACE('',(#4082),#52,.T.);
#4516=ADVANCED_FACE('',(#4083,#4084),#4280,.T.);
#4517=ADVANCED_FACE('',(#4085),#4281,.T.);
#4518=ADVANCED_FACE('',(#4086),#53,.T.);
#4519=ADVANCED_FACE('',(#4087),#4282,.T.);
#4520=ADVANCED_FACE('',(#4088),#4283,.T.);
#4521=ADVANCED_FACE('',(#4089),#4284,.T.);
#4522=ADVANCED_FACE('',(#4090),#4285,.T.);
#4523=ADVANCED_FACE('',(#4091),#4286,.T.);
#4524=ADVANCED_FACE('',(#4092),#4287,.T.);
#4525=ADVANCED_FACE('',(#4093),#4288,.T.);
#4526=ADVANCED_FACE('',(#4094),#4289,.T.);
#4527=ADVANCED_FACE('',(#4095),#4290,.T.);
#4528=ADVANCED_FACE('',(#4096),#4291,.T.);
#4529=ADVANCED_FACE('',(#4097),#4292,.T.);
#4530=ADVANCED_FACE('',(#4098),#4293,.T.);
#4531=CLOSED_SHELL('',(#4294,#4295,#4296,#4297,#4298,#4299,#4300,#4301,
#4302,#4303,#4304,#4305,#4306,#4307,#4308,#4309,#4310,#4311,#4312,#4313,
#4314,#4315,#4316,#4317,#4318,#4319,#4320,#4321,#4322,#4323,#4324,#4325,
#4326,#4327,#4328,#4329,#4330,#4331,#4332,#4333,#4334,#4335,#4336,#4337,
#4338,#4339,#4340,#4341,#4342,#4343,#4344,#4345,#4346,#4347,#4348,#4349,
#4350,#4351,#4352,#4353,#4354,#4355,#4356,#4357,#4358,#4359,#4360,#4361,
#4362,#4363,#4364,#4365,#4366,#4367,#4368,#4369,#4370,#4371,#4372,#4373,
#4374,#4375,#4376,#4377,#4378,#4379,#4380,#4381,#4382,#4383,#4384,#4385,
#4386,#4387,#4388,#4389,#4390,#4391,#4392,#4393,#4394,#4395,#4396,#4397,
#4398,#4399,#4400,#4401,#4402,#4403,#4404,#4405,#4406,#4407,#4408,#4409,
#4410,#4411,#4412,#4413,#4414,#4415,#4416,#4417,#4418,#4419,#4420,#4421,
#4422,#4423,#4424,#4425,#4426,#4427,#4428,#4429,#4430,#4431,#4432,#4433,
#4434,#4435,#4436,#4437,#4438,#4439,#4440,#4441,#4442,#4443,#4444,#4445,
#4446,#4447,#4448,#4449,#4450,#4451,#4452,#4453,#4454,#4455,#4456,#4457,
#4458,#4459,#4460,#4461,#4462,#4463,#4464,#4465,#4466,#4467,#4468,#4469,
#4470,#4471,#4472,#4473,#4474,#4475,#4476,#4477,#4478,#4479,#4480,#4481,
#4482,#4483,#4484,#4485,#4486,#4487,#4488,#4489,#4490,#4491,#4492,#4493,
#4494,#4495,#4496,#4497,#4498,#4499,#4500,#4501,#4502,#4503,#4504,#4505,
#4506,#4507,#4508,#4509,#4510,#4511,#4512,#4513,#4514,#4515,#4516,#4517,
#4518,#4519,#4520,#4521,#4522,#4523,#4524,#4525,#4526,#4527,#4528,#4529,
#4530));
#4532=STYLED_ITEM('',(#4533),#4540);
#4533=PRESENTATION_STYLE_ASSIGNMENT((#4534));
#4534=SURFACE_STYLE_USAGE(.BOTH.,#4535);
#4535=SURFACE_SIDE_STYLE('',(#4536));
#4536=SURFACE_STYLE_FILL_AREA(#4537);
#4537=FILL_AREA_STYLE('',(#4538));
#4538=FILL_AREA_STYLE_COLOUR('',#4539);
#4539=COLOUR_RGB('',0.964705882352941,0.964705882352941,0.952941176470588);
#4540=MANIFOLD_SOLID_BREP('Toplights',#4531);
#4541=SHAPE_DEFINITION_REPRESENTATION(#7384,#4542);
#4542=SHAPE_REPRESENTATION('Toplights',(#4543),#7379);
#4543=AXIS2_PLACEMENT_3D('',#6076,#4872,#4873);
#4544=AXIS2_PLACEMENT_3D('',#6077,#4874,#4875);
#4545=AXIS2_PLACEMENT_3D('',#6094,#4884,#4885);
#4546=AXIS2_PLACEMENT_3D('',#6107,#4892,#4893);
#4547=AXIS2_PLACEMENT_3D('',#6132,#4906,#4907);
#4548=AXIS2_PLACEMENT_3D('',#6145,#4914,#4915);
#4549=AXIS2_PLACEMENT_3D('',#6151,#4919,#4920);
#4550=AXIS2_PLACEMENT_3D('',#6154,#4923,#4924);
#4551=AXIS2_PLACEMENT_3D('',#6157,#4927,#4928);
#4552=AXIS2_PLACEMENT_3D('',#6160,#4931,#4932);
#4553=AXIS2_PLACEMENT_3D('',#6161,#4933,#4934);
#4554=AXIS2_PLACEMENT_3D('',#6167,#4938,#4939);
#4555=AXIS2_PLACEMENT_3D('',#6169,#4941,#4942);
#4556=AXIS2_PLACEMENT_3D('',#6172,#4945,#4946);
#4557=AXIS2_PLACEMENT_3D('',#6175,#4949,#4950);
#4558=AXIS2_PLACEMENT_3D('',#6176,#4951,#4952);
#4559=AXIS2_PLACEMENT_3D('',#6182,#4956,#4957);
#4560=AXIS2_PLACEMENT_3D('',#6195,#4964,#4965);
#4561=AXIS2_PLACEMENT_3D('',#6208,#4972,#4973);
#4562=AXIS2_PLACEMENT_3D('',#6217,#4978,#4979);
#4563=AXIS2_PLACEMENT_3D('',#6223,#4983,#4984);
#4564=AXIS2_PLACEMENT_3D('',#6232,#4989,#4990);
#4565=AXIS2_PLACEMENT_3D('',#6238,#4994,#4995);
#4566=AXIS2_PLACEMENT_3D('',#6244,#4999,#5000);
#4567=AXIS2_PLACEMENT_3D('',#6250,#5004,#5005);
#4568=AXIS2_PLACEMENT_3D('',#6256,#5009,#5010);
#4569=AXIS2_PLACEMENT_3D('',#6262,#5014,#5015);
#4570=AXIS2_PLACEMENT_3D('',#6278,#5025,#5026);
#4571=AXIS2_PLACEMENT_3D('',#6287,#5031,#5032);
#4572=AXIS2_PLACEMENT_3D('',#6296,#5037,#5038);
#4573=AXIS2_PLACEMENT_3D('',#6302,#5042,#5043);
#4574=AXIS2_PLACEMENT_3D('',#6336,#5063,#5064);
#4575=AXIS2_PLACEMENT_3D('',#6340,#5067,#5068);
#4576=AXIS2_PLACEMENT_3D('',#6344,#5071,#5072);
#4577=AXIS2_PLACEMENT_3D('',#6360,#5081,#5082);
#4578=AXIS2_PLACEMENT_3D('',#6366,#5086,#5087);
#4579=AXIS2_PLACEMENT_3D('',#6370,#5090,#5091);
#4580=AXIS2_PLACEMENT_3D('',#6381,#5098,#5099);
#4581=AXIS2_PLACEMENT_3D('',#6385,#5102,#5103);
#4582=AXIS2_PLACEMENT_3D('',#6389,#5106,#5107);
#4583=AXIS2_PLACEMENT_3D('',#6395,#5111,#5112);
#4584=AXIS2_PLACEMENT_3D('',#6397,#5114,#5115);
#4585=AXIS2_PLACEMENT_3D('',#6399,#5117,#5118);
#4586=AXIS2_PLACEMENT_3D('',#6400,#5119,#5120);
#4587=AXIS2_PLACEMENT_3D('',#6406,#5124,#5125);
#4588=AXIS2_PLACEMENT_3D('',#6408,#5127,#5128);
#4589=AXIS2_PLACEMENT_3D('',#6410,#5130,#5131);
#4590=AXIS2_PLACEMENT_3D('',#6411,#5132,#5133);
#4591=AXIS2_PLACEMENT_3D('',#6417,#5137,#5138);
#4592=AXIS2_PLACEMENT_3D('',#6421,#5141,#5142);
#4593=AXIS2_PLACEMENT_3D('',#6425,#5145,#5146);
#4594=AXIS2_PLACEMENT_3D('',#6432,#5151,#5152);
#4595=AXIS2_PLACEMENT_3D('',#6434,#5154,#5155);
#4596=AXIS2_PLACEMENT_3D('',#6435,#5156,#5157);
#4597=AXIS2_PLACEMENT_3D('',#6441,#5161,#5162);
#4598=AXIS2_PLACEMENT_3D('',#6444,#5165,#5166);
#4599=AXIS2_PLACEMENT_3D('',#6448,#5169,#5170);
#4600=AXIS2_PLACEMENT_3D('',#6452,#5173,#5174);
#4601=AXIS2_PLACEMENT_3D('',#6454,#5176,#5177);
#4602=AXIS2_PLACEMENT_3D('',#6464,#5183,#5184);
#4603=AXIS2_PLACEMENT_3D('',#6466,#5186,#5187);
#4604=AXIS2_PLACEMENT_3D('',#6468,#5189,#5190);
#4605=AXIS2_PLACEMENT_3D('',#6470,#5192,#5193);
#4606=AXIS2_PLACEMENT_3D('',#6472,#5195,#5196);
#4607=AXIS2_PLACEMENT_3D('',#6473,#5197,#5198);
#4608=AXIS2_PLACEMENT_3D('',#6485,#5206,#5207);
#4609=AXIS2_PLACEMENT_3D('',#6487,#5209,#5210);
#4610=AXIS2_PLACEMENT_3D('',#6497,#5216,#5217);
#4611=AXIS2_PLACEMENT_3D('',#6499,#5219,#5220);
#4612=AXIS2_PLACEMENT_3D('',#6501,#5222,#5223);
#4613=AXIS2_PLACEMENT_3D('',#6503,#5225,#5226);
#4614=AXIS2_PLACEMENT_3D('',#6505,#5228,#5229);
#4615=AXIS2_PLACEMENT_3D('',#6506,#5230,#5231);
#4616=AXIS2_PLACEMENT_3D('',#6507,#5232,#5233);
#4617=AXIS2_PLACEMENT_3D('',#6509,#5234,#5235);
#4618=AXIS2_PLACEMENT_3D('',#6510,#5236,#5237);
#4619=AXIS2_PLACEMENT_3D('',#6512,#5238,#5239);
#4620=AXIS2_PLACEMENT_3D('',#6513,#5240,#5241);
#4621=AXIS2_PLACEMENT_3D('',#6515,#5242,#5243);
#4622=AXIS2_PLACEMENT_3D('',#6525,#5249,#5250);
#4623=AXIS2_PLACEMENT_3D('',#6530,#5253,#5254);
#4624=AXIS2_PLACEMENT_3D('',#6531,#5255,#5256);
#4625=AXIS2_PLACEMENT_3D('',#6532,#5257,#5258);
#4626=AXIS2_PLACEMENT_3D('',#6534,#5259,#5260);
#4627=AXIS2_PLACEMENT_3D('',#6538,#5263,#5264);
#4628=AXIS2_PLACEMENT_3D('',#6547,#5269,#5270);
#4629=AXIS2_PLACEMENT_3D('',#6557,#5276,#5277);
#4630=AXIS2_PLACEMENT_3D('',#6562,#5280,#5281);
#4631=AXIS2_PLACEMENT_3D('',#6563,#5282,#5283);
#4632=AXIS2_PLACEMENT_3D('',#6564,#5284,#5285);
#4633=AXIS2_PLACEMENT_3D('',#6566,#5286,#5287);
#4634=AXIS2_PLACEMENT_3D('',#6570,#5290,#5291);
#4635=AXIS2_PLACEMENT_3D('',#6571,#5292,#5293);
#4636=AXIS2_PLACEMENT_3D('',#6576,#5295,#5296);
#4637=AXIS2_PLACEMENT_3D('',#6579,#5298,#5299);
#4638=AXIS2_PLACEMENT_3D('',#6580,#5300,#5301);
#4639=AXIS2_PLACEMENT_3D('',#6585,#5304,#5305);
#4640=AXIS2_PLACEMENT_3D('',#6589,#5308,#5309);
#4641=AXIS2_PLACEMENT_3D('',#6590,#5310,#5311);
#4642=AXIS2_PLACEMENT_3D('',#6592,#5312,#5313);
#4643=AXIS2_PLACEMENT_3D('',#6602,#5319,#5320);
#4644=AXIS2_PLACEMENT_3D('',#6608,#5324,#5325);
#4645=AXIS2_PLACEMENT_3D('',#6609,#5326,#5327);
#4646=AXIS2_PLACEMENT_3D('',#6611,#5328,#5329);
#4647=AXIS2_PLACEMENT_3D('',#6617,#5333,#5334);
#4648=AXIS2_PLACEMENT_3D('',#6618,#5335,#5336);
#4649=AXIS2_PLACEMENT_3D('',#6619,#5337,#5338);
#4650=AXIS2_PLACEMENT_3D('',#6623,#5340,#5341);
#4651=AXIS2_PLACEMENT_3D('',#6624,#5342,#5343);
#4652=AXIS2_PLACEMENT_3D('',#6625,#5344,#5345);
#4653=AXIS2_PLACEMENT_3D('',#6629,#5348,#5349);
#4654=AXIS2_PLACEMENT_3D('',#6638,#5354,#5355);
#4655=AXIS2_PLACEMENT_3D('',#6639,#5356,#5357);
#4656=AXIS2_PLACEMENT_3D('',#6641,#5358,#5359);
#4657=AXIS2_PLACEMENT_3D('',#6646,#5362,#5363);
#4658=AXIS2_PLACEMENT_3D('',#6650,#5365,#5366);
#4659=AXIS2_PLACEMENT_3D('',#6651,#5367,#5368);
#4660=AXIS2_PLACEMENT_3D('',#6655,#5370,#5371);
#4661=AXIS2_PLACEMENT_3D('',#6656,#5372,#5373);
#4662=AXIS2_PLACEMENT_3D('',#6658,#5375,#5376);
#4663=AXIS2_PLACEMENT_3D('',#6664,#5380,#5381);
#4664=AXIS2_PLACEMENT_3D('',#6668,#5384,#5385);
#4665=AXIS2_PLACEMENT_3D('',#6669,#5386,#5387);
#4666=AXIS2_PLACEMENT_3D('',#6671,#5388,#5389);
#4667=AXIS2_PLACEMENT_3D('',#6674,#5391,#5392);
#4668=AXIS2_PLACEMENT_3D('',#6675,#5393,#5394);
#4669=AXIS2_PLACEMENT_3D('',#6676,#5395,#5396);
#4670=AXIS2_PLACEMENT_3D('',#6681,#5398,#5399);
#4671=AXIS2_PLACEMENT_3D('',#6684,#5401,#5402);
#4672=AXIS2_PLACEMENT_3D('',#6686,#5404,#5405);
#4673=AXIS2_PLACEMENT_3D('',#6687,#5406,#5407);
#4674=AXIS2_PLACEMENT_3D('',#6692,#5409,#5410);
#4675=AXIS2_PLACEMENT_3D('',#6695,#5412,#5413);
#4676=AXIS2_PLACEMENT_3D('',#6696,#5414,#5415);
#4677=AXIS2_PLACEMENT_3D('',#6697,#5416,#5417);
#4678=AXIS2_PLACEMENT_3D('',#6698,#5418,#5419);
#4679=AXIS2_PLACEMENT_3D('',#6699,#5420,#5421);
#4680=AXIS2_PLACEMENT_3D('',#6703,#5423,#5424);
#4681=AXIS2_PLACEMENT_3D('',#6707,#5426,#5427);
#4682=AXIS2_PLACEMENT_3D('',#6708,#5428,#5429);
#4683=AXIS2_PLACEMENT_3D('',#6714,#5433,#5434);
#4684=AXIS2_PLACEMENT_3D('',#6720,#5438,#5439);
#4685=AXIS2_PLACEMENT_3D('',#6726,#5443,#5444);
#4686=AXIS2_PLACEMENT_3D('',#6730,#5446,#5447);
#4687=AXIS2_PLACEMENT_3D('',#6731,#5448,#5449);
#4688=AXIS2_PLACEMENT_3D('',#6732,#5450,#5451);
#4689=AXIS2_PLACEMENT_3D('',#6738,#5455,#5456);
#4690=AXIS2_PLACEMENT_3D('',#6744,#5460,#5461);
#4691=AXIS2_PLACEMENT_3D('',#6747,#5464,#5465);
#4692=AXIS2_PLACEMENT_3D('',#6751,#5467,#5468);
#4693=AXIS2_PLACEMENT_3D('',#6755,#5470,#5471);
#4694=AXIS2_PLACEMENT_3D('',#6756,#5472,#5473);
#4695=AXIS2_PLACEMENT_3D('',#6762,#5477,#5478);
#4696=AXIS2_PLACEMENT_3D('',#6768,#5482,#5483);
#4697=AXIS2_PLACEMENT_3D('',#6774,#5487,#5488);
#4698=AXIS2_PLACEMENT_3D('',#6778,#5490,#5491);
#4699=AXIS2_PLACEMENT_3D('',#6779,#5492,#5493);
#4700=AXIS2_PLACEMENT_3D('',#6780,#5494,#5495);
#4701=AXIS2_PLACEMENT_3D('',#6786,#5499,#5500);
#4702=AXIS2_PLACEMENT_3D('',#6792,#5504,#5505);
#4703=AXIS2_PLACEMENT_3D('',#6795,#5508,#5509);
#4704=AXIS2_PLACEMENT_3D('',#6796,#5510,#5511);
#4705=AXIS2_PLACEMENT_3D('',#6801,#5513,#5514);
#4706=AXIS2_PLACEMENT_3D('',#6804,#5516,#5517);
#4707=AXIS2_PLACEMENT_3D('',#6808,#5519,#5520);
#4708=AXIS2_PLACEMENT_3D('',#6812,#5522,#5523);
#4709=AXIS2_PLACEMENT_3D('',#6813,#5524,#5525);
#4710=AXIS2_PLACEMENT_3D('',#6819,#5529,#5530);
#4711=AXIS2_PLACEMENT_3D('',#6825,#5534,#5535);
#4712=AXIS2_PLACEMENT_3D('',#6831,#5539,#5540);
#4713=AXIS2_PLACEMENT_3D('',#6835,#5542,#5543);
#4714=AXIS2_PLACEMENT_3D('',#6836,#5544,#5545);
#4715=AXIS2_PLACEMENT_3D('',#6837,#5546,#5547);
#4716=AXIS2_PLACEMENT_3D('',#6843,#5551,#5552);
#4717=AXIS2_PLACEMENT_3D('',#6849,#5556,#5557);
#4718=AXIS2_PLACEMENT_3D('',#6852,#5560,#5561);
#4719=AXIS2_PLACEMENT_3D('',#6856,#5563,#5564);
#4720=AXIS2_PLACEMENT_3D('',#6860,#5566,#5567);
#4721=AXIS2_PLACEMENT_3D('',#6861,#5568,#5569);
#4722=AXIS2_PLACEMENT_3D('',#6867,#5573,#5574);
#4723=AXIS2_PLACEMENT_3D('',#6873,#5578,#5579);
#4724=AXIS2_PLACEMENT_3D('',#6879,#5583,#5584);
#4725=AXIS2_PLACEMENT_3D('',#6883,#5586,#5587);
#4726=AXIS2_PLACEMENT_3D('',#6884,#5588,#5589);
#4727=AXIS2_PLACEMENT_3D('',#6885,#5590,#5591);
#4728=AXIS2_PLACEMENT_3D('',#6891,#5595,#5596);
#4729=AXIS2_PLACEMENT_3D('',#6897,#5600,#5601);
#4730=AXIS2_PLACEMENT_3D('',#6900,#5604,#5605);
#4731=AXIS2_PLACEMENT_3D('',#6904,#5607,#5608);
#4732=AXIS2_PLACEMENT_3D('',#6908,#5610,#5611);
#4733=AXIS2_PLACEMENT_3D('',#6909,#5612,#5613);
#4734=AXIS2_PLACEMENT_3D('',#6915,#5617,#5618);
#4735=AXIS2_PLACEMENT_3D('',#6921,#5622,#5623);
#4736=AXIS2_PLACEMENT_3D('',#6927,#5627,#5628);
#4737=AXIS2_PLACEMENT_3D('',#6931,#5630,#5631);
#4738=AXIS2_PLACEMENT_3D('',#6932,#5632,#5633);
#4739=AXIS2_PLACEMENT_3D('',#6933,#5634,#5635);
#4740=AXIS2_PLACEMENT_3D('',#6939,#5639,#5640);
#4741=AXIS2_PLACEMENT_3D('',#6945,#5644,#5645);
#4742=AXIS2_PLACEMENT_3D('',#6948,#5648,#5649);
#4743=AXIS2_PLACEMENT_3D('',#6949,#5650,#5651);
#4744=AXIS2_PLACEMENT_3D('',#6954,#5654,#5655);
#4745=AXIS2_PLACEMENT_3D('',#6958,#5657,#5658);
#4746=AXIS2_PLACEMENT_3D('',#6962,#5660,#5661);
#4747=AXIS2_PLACEMENT_3D('',#6963,#5662,#5663);
#4748=AXIS2_PLACEMENT_3D('',#6969,#5667,#5668);
#4749=AXIS2_PLACEMENT_3D('',#6975,#5672,#5673);
#4750=AXIS2_PLACEMENT_3D('',#6981,#5677,#5678);
#4751=AXIS2_PLACEMENT_3D('',#6985,#5680,#5681);
#4752=AXIS2_PLACEMENT_3D('',#6986,#5682,#5683);
#4753=AXIS2_PLACEMENT_3D('',#6987,#5684,#5685);
#4754=AXIS2_PLACEMENT_3D('',#6993,#5689,#5690);
#4755=AXIS2_PLACEMENT_3D('',#6999,#5694,#5695);
#4756=AXIS2_PLACEMENT_3D('',#7002,#5698,#5699);
#4757=AXIS2_PLACEMENT_3D('',#7006,#5701,#5702);
#4758=AXIS2_PLACEMENT_3D('',#7010,#5704,#5705);
#4759=AXIS2_PLACEMENT_3D('',#7011,#5706,#5707);
#4760=AXIS2_PLACEMENT_3D('',#7017,#5711,#5712);
#4761=AXIS2_PLACEMENT_3D('',#7023,#5716,#5717);
#4762=AXIS2_PLACEMENT_3D('',#7029,#5721,#5722);
#4763=AXIS2_PLACEMENT_3D('',#7033,#5724,#5725);
#4764=AXIS2_PLACEMENT_3D('',#7034,#5726,#5727);
#4765=AXIS2_PLACEMENT_3D('',#7035,#5728,#5729);
#4766=AXIS2_PLACEMENT_3D('',#7041,#5733,#5734);
#4767=AXIS2_PLACEMENT_3D('',#7047,#5738,#5739);
#4768=AXIS2_PLACEMENT_3D('',#7050,#5742,#5743);
#4769=AXIS2_PLACEMENT_3D('',#7054,#5745,#5746);
#4770=AXIS2_PLACEMENT_3D('',#7058,#5748,#5749);
#4771=AXIS2_PLACEMENT_3D('',#7059,#5750,#5751);
#4772=AXIS2_PLACEMENT_3D('',#7065,#5755,#5756);
#4773=AXIS2_PLACEMENT_3D('',#7071,#5760,#5761);
#4774=AXIS2_PLACEMENT_3D('',#7077,#5765,#5766);
#4775=AXIS2_PLACEMENT_3D('',#7081,#5768,#5769);
#4776=AXIS2_PLACEMENT_3D('',#7082,#5770,#5771);
#4777=AXIS2_PLACEMENT_3D('',#7083,#5772,#5773);
#4778=AXIS2_PLACEMENT_3D('',#7089,#5777,#5778);
#4779=AXIS2_PLACEMENT_3D('',#7095,#5782,#5783);
#4780=AXIS2_PLACEMENT_3D('',#7098,#5786,#5787);
#4781=AXIS2_PLACEMENT_3D('',#7099,#5788,#5789);
#4782=AXIS2_PLACEMENT_3D('',#7104,#5792,#5793);
#4783=AXIS2_PLACEMENT_3D('',#7108,#5795,#5796);
#4784=AXIS2_PLACEMENT_3D('',#7112,#5798,#5799);
#4785=AXIS2_PLACEMENT_3D('',#7113,#5800,#5801);
#4786=AXIS2_PLACEMENT_3D('',#7119,#5805,#5806);
#4787=AXIS2_PLACEMENT_3D('',#7125,#5810,#5811);
#4788=AXIS2_PLACEMENT_3D('',#7131,#5815,#5816);
#4789=AXIS2_PLACEMENT_3D('',#7135,#5818,#5819);
#4790=AXIS2_PLACEMENT_3D('',#7136,#5820,#5821);
#4791=AXIS2_PLACEMENT_3D('',#7137,#5822,#5823);
#4792=AXIS2_PLACEMENT_3D('',#7143,#5827,#5828);
#4793=AXIS2_PLACEMENT_3D('',#7149,#5832,#5833);
#4794=AXIS2_PLACEMENT_3D('',#7152,#5836,#5837);
#4795=AXIS2_PLACEMENT_3D('',#7156,#5839,#5840);
#4796=AXIS2_PLACEMENT_3D('',#7160,#5842,#5843);
#4797=AXIS2_PLACEMENT_3D('',#7161,#5844,#5845);
#4798=AXIS2_PLACEMENT_3D('',#7167,#5849,#5850);
#4799=AXIS2_PLACEMENT_3D('',#7173,#5854,#5855);
#4800=AXIS2_PLACEMENT_3D('',#7179,#5859,#5860);
#4801=AXIS2_PLACEMENT_3D('',#7183,#5862,#5863);
#4802=AXIS2_PLACEMENT_3D('',#7184,#5864,#5865);
#4803=AXIS2_PLACEMENT_3D('',#7185,#5866,#5867);
#4804=AXIS2_PLACEMENT_3D('',#7191,#5871,#5872);
#4805=AXIS2_PLACEMENT_3D('',#7197,#5876,#5877);
#4806=AXIS2_PLACEMENT_3D('',#7200,#5880,#5881);
#4807=AXIS2_PLACEMENT_3D('',#7204,#5883,#5884);
#4808=AXIS2_PLACEMENT_3D('',#7208,#5886,#5887);
#4809=AXIS2_PLACEMENT_3D('',#7209,#5888,#5889);
#4810=AXIS2_PLACEMENT_3D('',#7215,#5893,#5894);
#4811=AXIS2_PLACEMENT_3D('',#7221,#5898,#5899);
#4812=AXIS2_PLACEMENT_3D('',#7227,#5903,#5904);
#4813=AXIS2_PLACEMENT_3D('',#7231,#5906,#5907);
#4814=AXIS2_PLACEMENT_3D('',#7232,#5908,#5909);
#4815=AXIS2_PLACEMENT_3D('',#7233,#5910,#5911);
#4816=AXIS2_PLACEMENT_3D('',#7239,#5915,#5916);
#4817=AXIS2_PLACEMENT_3D('',#7245,#5920,#5921);
#4818=AXIS2_PLACEMENT_3D('',#7248,#5924,#5925);
#4819=AXIS2_PLACEMENT_3D('',#7252,#5927,#5928);
#4820=AXIS2_PLACEMENT_3D('',#7256,#5930,#5931);
#4821=AXIS2_PLACEMENT_3D('',#7257,#5932,#5933);
#4822=AXIS2_PLACEMENT_3D('',#7263,#5937,#5938);
#4823=AXIS2_PLACEMENT_3D('',#7269,#5942,#5943);
#4824=AXIS2_PLACEMENT_3D('',#7275,#5947,#5948);
#4825=AXIS2_PLACEMENT_3D('',#7279,#5950,#5951);
#4826=AXIS2_PLACEMENT_3D('',#7280,#5952,#5953);
#4827=AXIS2_PLACEMENT_3D('',#7281,#5954,#5955);
#4828=AXIS2_PLACEMENT_3D('',#7287,#5959,#5960);
#4829=AXIS2_PLACEMENT_3D('',#7293,#5964,#5965);
#4830=AXIS2_PLACEMENT_3D('',#7296,#5968,#5969);
#4831=AXIS2_PLACEMENT_3D('',#7297,#5970,#5971);
#4832=AXIS2_PLACEMENT_3D('',#7299,#5972,#5973);
#4833=AXIS2_PLACEMENT_3D('',#7300,#5974,#5975);
#4834=AXIS2_PLACEMENT_3D('',#7306,#5980,#5981);
#4835=AXIS2_PLACEMENT_3D('',#7307,#5982,#5983);
#4836=AXIS2_PLACEMENT_3D('',#7315,#5988,#5989);
#4837=AXIS2_PLACEMENT_3D('',#7316,#5990,#5991);
#4838=AXIS2_PLACEMENT_3D('',#7319,#5993,#5994);
#4839=AXIS2_PLACEMENT_3D('',#7322,#5996,#5997);
#4840=AXIS2_PLACEMENT_3D('',#7323,#5998,#5999);
#4841=AXIS2_PLACEMENT_3D('',#7327,#6002,#6003);
#4842=AXIS2_PLACEMENT_3D('',#7330,#6005,#6006);
#4843=AXIS2_PLACEMENT_3D('',#7331,#6007,#6008);
#4844=AXIS2_PLACEMENT_3D('',#7335,#6011,#6012);
#4845=AXIS2_PLACEMENT_3D('',#7338,#6014,#6015);
#4846=AXIS2_PLACEMENT_3D('',#7339,#6016,#6017);
#4847=AXIS2_PLACEMENT_3D('',#7343,#6020,#6021);
#4848=AXIS2_PLACEMENT_3D('',#7344,#6022,#6023);
#4849=AXIS2_PLACEMENT_3D('',#7345,#6024,#6025);
#4850=AXIS2_PLACEMENT_3D('',#7346,#6026,#6027);
#4851=AXIS2_PLACEMENT_3D('',#7349,#6029,#6030);
#4852=AXIS2_PLACEMENT_3D('',#7350,#6031,#6032);
#4853=AXIS2_PLACEMENT_3D('',#7353,#6034,#6035);
#4854=AXIS2_PLACEMENT_3D('',#7357,#6038,#6039);
#4855=AXIS2_PLACEMENT_3D('',#7358,#6040,#6041);
#4856=AXIS2_PLACEMENT_3D('',#7359,#6042,#6043);
#4857=AXIS2_PLACEMENT_3D('',#7360,#6044,#6045);
#4858=AXIS2_PLACEMENT_3D('',#7363,#6047,#6048);
#4859=AXIS2_PLACEMENT_3D('',#7365,#6050,#6051);
#4860=AXIS2_PLACEMENT_3D('',#7366,#6052,#6053);
#4861=AXIS2_PLACEMENT_3D('',#7367,#6054,#6055);
#4862=AXIS2_PLACEMENT_3D('',#7368,#6056,#6057);
#4863=AXIS2_PLACEMENT_3D('',#7369,#6058,#6059);
#4864=AXIS2_PLACEMENT_3D('',#7370,#6060,#6061);
#4865=AXIS2_PLACEMENT_3D('',#7371,#6062,#6063);
#4866=AXIS2_PLACEMENT_3D('',#7372,#6064,#6065);
#4867=AXIS2_PLACEMENT_3D('',#7373,#6066,#6067);
#4868=AXIS2_PLACEMENT_3D('',#7374,#6068,#6069);
#4869=AXIS2_PLACEMENT_3D('',#7375,#6070,#6071);
#4870=AXIS2_PLACEMENT_3D('',#7376,#6072,#6073);
#4871=AXIS2_PLACEMENT_3D('',#7377,#6074,#6075);
#4872=DIRECTION('',(0.,0.,1.));
#4873=DIRECTION('',(1.,0.,0.));
#4874=DIRECTION('',(0.,0.,1.));
#4875=DIRECTION('',(1.,0.,0.));
#4876=DIRECTION('',(-0.707106781186547,-0.707106781186548,0.));
#4877=DIRECTION('',(0.,-1.,0.));
#4878=DIRECTION('',(0.707106781186548,-0.707106781186547,0.));
#4879=DIRECTION('',(1.,0.,0.));
#4880=DIRECTION('',(0.707106781186547,0.707106781186548,0.));
#4881=DIRECTION('',(0.,1.,0.));
#4882=DIRECTION('',(-0.707106781186548,0.707106781186547,0.));
#4883=DIRECTION('',(-1.,0.,0.));
#4884=DIRECTION('',(0.,-1.,0.));
#4885=DIRECTION('',(1.,0.,0.));
#4886=DIRECTION('',(0.,0.,1.));
#4887=DIRECTION('',(-1.,0.,0.));
#4888=DIRECTION('',(0.,0.,-1.));
#4889=DIRECTION('',(0.707106781186547,0.,-0.707106781186548));
#4890=DIRECTION('',(1.,0.,0.));
#4891=DIRECTION('',(0.707106781186548,0.,0.707106781186547));
#4892=DIRECTION('',(1.,0.,0.));
#4893=DIRECTION('',(0.,1.,0.));
#4894=DIRECTION('',(0.,0.,-1.));
#4895=DIRECTION('',(0.,-1.,0.));
#4896=DIRECTION('',(0.,0.,-1.));
#4897=DIRECTION('',(0.,0.707106781186547,-0.707106781186548));
#4898=DIRECTION('',(0.,1.,0.));
#4899=DIRECTION('',(0.,0.707106781186548,0.707106781186547));
#4900=DIRECTION('',(0.,0.,1.));
#4901=DIRECTION('',(0.,-1.,0.));
#4902=DIRECTION('',(0.,0.,1.));
#4903=DIRECTION('',(0.,-0.577350269189633,-0.816496580927721));
#4904=DIRECTION('',(0.,1.,0.));
#4905=DIRECTION('',(0.,-0.577350269189633,0.816496580927721));
#4906=DIRECTION('',(0.,1.,0.));
#4907=DIRECTION('',(-1.,0.,0.));
#4908=DIRECTION('',(0.,0.,-1.));
#4909=DIRECTION('',(-0.707106781186547,0.,-0.707106781186548));
#4910=DIRECTION('',(-1.,0.,0.));
#4911=DIRECTION('',(-0.707106781186548,0.,0.707106781186547));
#4912=DIRECTION('',(0.,0.,1.));
#4913=DIRECTION('',(1.,0.,0.));
#4914=DIRECTION('',(-0.707106781186548,0.,0.707106781186548));
#4915=DIRECTION('',(0.707106781186548,0.,0.707106781186548));
#4916=DIRECTION('',(0.707106781186548,0.,0.707106781186548));
#4917=DIRECTION('',(-0.707106781186548,0.,-0.707106781186548));
#4918=DIRECTION('',(0.,-1.,0.));
#4919=DIRECTION('',(0.,-0.707106781186548,0.707106781186548));
#4920=DIRECTION('',(1.,0.,0.));
#4921=DIRECTION('',(0.,0.707106781186548,0.707106781186548));
#4922=DIRECTION('',(0.,-0.707106781186548,-0.707106781186548));
#4923=DIRECTION('',(0.707106781186548,0.,0.707106781186548));
#4924=DIRECTION('',(0.707106781186548,0.,-0.707106781186548));
#4925=DIRECTION('',(-0.707106781186548,0.,0.707106781186548));
#4926=DIRECTION('',(0.707106781186548,0.,-0.707106781186548));
#4927=DIRECTION('',(0.707106781186548,-0.707106781186548,0.));
#4928=DIRECTION('',(0.,0.,-1.));
#4929=DIRECTION('',(0.707106781186548,0.707106781186548,0.));
#4930=DIRECTION('',(-0.707106781186548,-0.707106781186548,0.));
#4931=DIRECTION('',(-0.577350269189626,0.577350269189626,-0.577350269189626));
#4932=DIRECTION('',(-0.707106781186547,0.,0.707106781186548));
#4933=DIRECTION('',(-0.707106781186548,-0.707106781186548,0.));
#4934=DIRECTION('',(0.,0.,1.));
#4935=DIRECTION('',(0.707106781186548,-0.707106781186548,0.));
#4936=DIRECTION('',(-0.707106781186548,0.707106781186548,0.));
#4937=DIRECTION('',(0.,0.,-1.));
#4938=DIRECTION('',(0.577350269189626,0.577350269189626,-0.577350269189626));
#4939=DIRECTION('',(-0.707106781186548,0.,-0.707106781186547));
#4940=DIRECTION('',(0.,-0.707106781186547,-0.707106781186548));
#4941=DIRECTION('',(0.,0.707106781186548,0.707106781186548));
#4942=DIRECTION('',(1.,0.,0.));
#4943=DIRECTION('',(0.,-0.707106781186548,0.707106781186548));
#4944=DIRECTION('',(0.,0.707106781186548,-0.707106781186548));
#4945=DIRECTION('',(0.707106781186548,0.707106781186548,0.));
#4946=DIRECTION('',(0.,0.,-1.));
#4947=DIRECTION('',(-0.707106781186548,0.707106781186548,0.));
#4948=DIRECTION('',(0.707106781186548,-0.707106781186548,0.));
#4949=DIRECTION('',(-0.577350269189626,-0.577350269189626,-0.577350269189626));
#4950=DIRECTION('',(-0.707106781186548,0.,0.707106781186547));
#4951=DIRECTION('',(-0.707106781186548,0.707106781186548,0.));
#4952=DIRECTION('',(0.,0.,1.));
#4953=DIRECTION('',(-0.707106781186548,-0.707106781186548,0.));
#4954=DIRECTION('',(0.,0.,1.));
#4955=DIRECTION('',(0.707106781186548,0.707106781186548,0.));
#4956=DIRECTION('',(0.,-1.,0.));
#4957=DIRECTION('',(1.,0.,0.));
#4958=DIRECTION('',(0.,0.,1.));
#4959=DIRECTION('',(0.707106781186548,0.,0.707106781186548));
#4960=DIRECTION('',(1.,0.,0.));
#4961=DIRECTION('',(0.707106781186548,0.,-0.707106781186548));
#4962=DIRECTION('',(0.,0.,-1.));
#4963=DIRECTION('',(1.,0.,0.));
#4964=DIRECTION('',(0.,1.,0.));
#4965=DIRECTION('',(-1.,0.,0.));
#4966=DIRECTION('',(0.,0.,-1.));
#4967=DIRECTION('',(-1.,0.,0.));
#4968=DIRECTION('',(0.,0.,1.));
#4969=DIRECTION('',(-0.707106781186548,0.,0.707106781186548));
#4970=DIRECTION('',(-1.,0.,0.));
#4971=DIRECTION('',(-0.707106781186548,0.,-0.707106781186548));
#4972=DIRECTION('',(-0.707106781186548,0.,0.707106781186548));
#4973=DIRECTION('',(0.707106781186548,0.,0.707106781186548));
#4974=DIRECTION('',(-0.707106781186548,0.,-0.707106781186548));
#4975=DIRECTION('',(0.,-1.,0.));
#4976=DIRECTION('',(0.707106781186548,0.,0.707106781186548));
#4977=DIRECTION('',(0.,1.,0.));
#4978=DIRECTION('',(0.,-0.707106781186548,0.707106781186548));
#4979=DIRECTION('',(1.,0.,0.));
#4980=DIRECTION('',(0.,-0.707106781186548,-0.707106781186548));
#4981=DIRECTION('',(0.,0.707106781186548,0.707106781186548));
#4982=DIRECTION('',(-1.,0.,0.));
#4983=DIRECTION('',(0.707106781186548,0.,0.707106781186548));
#4984=DIRECTION('',(0.707106781186548,0.,-0.707106781186548));
#4985=DIRECTION('',(0.707106781186548,0.,-0.707106781186548));
#4986=DIRECTION('',(0.,1.,0.));
#4987=DIRECTION('',(-0.707106781186548,0.,0.707106781186548));
#4988=DIRECTION('',(0.,-1.,0.));
#4989=DIRECTION('',(0.707106781186548,-0.707106781186548,0.));
#4990=DIRECTION('',(0.,0.,-1.));
#4991=DIRECTION('',(0.707106781186548,0.707106781186548,0.));
#4992=DIRECTION('',(0.707106781186548,0.707106781186548,0.));
#4993=DIRECTION('',(0.,0.,1.));
#4994=DIRECTION('',(-0.707106781186548,-0.707106781186548,0.));
#4995=DIRECTION('',(0.,0.,1.));
#4996=DIRECTION('',(0.707106781186548,-0.707106781186548,0.));
#4997=DIRECTION('',(0.,0.,-1.));
#4998=DIRECTION('',(0.707106781186548,-0.707106781186548,0.));
#4999=DIRECTION('',(0.,0.707106781186548,0.707106781186548));
#5000=DIRECTION('',(1.,0.,0.));
#5001=DIRECTION('',(0.,0.707106781186548,-0.707106781186548));
#5002=DIRECTION('',(0.,-0.707106781186548,0.707106781186548));
#5003=DIRECTION('',(1.,0.,0.));
#5004=DIRECTION('',(0.707106781186548,0.707106781186548,0.));
#5005=DIRECTION('',(0.,0.,-1.));
#5006=DIRECTION('',(-0.707106781186548,0.707106781186548,0.));
#5007=DIRECTION('',(0.,0.,-1.));
#5008=DIRECTION('',(-0.707106781186548,0.707106781186548,0.));
#5009=DIRECTION('',(-0.707106781186548,0.707106781186548,0.));
#5010=DIRECTION('',(0.,0.,1.));
#5011=DIRECTION('',(-0.707106781186548,-0.707106781186548,0.));
#5012=DIRECTION('',(-0.707106781186548,-0.707106781186548,0.));
#5013=DIRECTION('',(0.,0.,1.));
#5014=DIRECTION('',(1.,0.,0.));
#5015=DIRECTION('',(0.,1.,0.));
#5016=DIRECTION('',(0.,0.,-1.));
#5017=DIRECTION('',(0.,1.,0.));
#5018=DIRECTION('',(0.,0.707106781186548,0.707106781186548));
#5019=DIRECTION('',(0.,0.707106781186548,-0.707106781186548));
#5020=DIRECTION('',(0.,1.,0.));
#5021=DIRECTION('',(0.,0.,1.));
#5022=DIRECTION('',(0.,-0.577350269189633,0.816496580927721));
#5023=DIRECTION('',(0.,-1.,0.));
#5024=DIRECTION('',(0.,-0.577350269189633,-0.816496580927721));
#5025=DIRECTION('',(0.707106781186562,0.,0.707106781186533));
#5026=DIRECTION('',(0.707106781186533,0.,-0.707106781186562));
#5027=DIRECTION('',(0.,-1.,0.));
#5028=DIRECTION('',(-0.707106781186533,0.,0.707106781186562));
#5029=DIRECTION('',(0.,-1.,0.));
#5030=DIRECTION('',(0.707106781186533,0.,-0.707106781186562));
#5031=DIRECTION('',(-0.707106781186535,0.,-0.70710678118656));
#5032=DIRECTION('',(-0.70710678118656,0.,0.707106781186535));
#5033=DIRECTION('',(0.,-1.,0.));
#5034=DIRECTION('',(-0.70710678118656,0.,0.707106781186535));
#5035=DIRECTION('',(0.,1.,0.));
#5036=DIRECTION('',(0.70710678118656,0.,-0.707106781186535));
#5037=DIRECTION('',(0.707106781186535,0.,-0.70710678118656));
#5038=DIRECTION('',(-0.70710678118656,0.,-0.707106781186535));
#5039=DIRECTION('',(0.70710678118656,0.,0.707106781186535));
#5040=DIRECTION('',(0.,-1.,0.));
#5041=DIRECTION('',(-0.70710678118656,0.,-0.707106781186535));
#5042=DIRECTION('',(0.,0.,1.));
#5043=DIRECTION('',(1.,0.,0.));
#5044=DIRECTION('',(-0.707106781186548,0.707106781186548,0.));
#5045=DIRECTION('',(1.,0.,0.));
#5046=DIRECTION('',(0.,1.,0.));
#5047=DIRECTION('',(-1.,0.,0.));
#5048=DIRECTION('',(0.707106781186548,0.707106781186548,0.));
#5049=DIRECTION('',(0.,-1.,0.));
#5050=DIRECTION('',(0.707106781186548,-0.707106781186548,0.));
#5051=DIRECTION('',(-1.,0.,0.));
#5052=DIRECTION('',(1.,0.,0.));
#5053=DIRECTION('',(-0.707106781186548,-0.707106781186548,0.));
#5054=DIRECTION('',(0.,-1.,0.));
#5055=DIRECTION('',(-1.,0.,0.));
#5056=DIRECTION('',(0.,1.,0.));
#5057=DIRECTION('',(-1.,0.,0.));
#5058=DIRECTION('',(0.,-1.,0.));
#5059=DIRECTION('',(1.,0.,0.));
#5060=DIRECTION('',(0.,1.,0.));
#5061=DIRECTION('',(1.,0.,0.));
#5062=DIRECTION('',(0.,1.,0.));
#5063=DIRECTION('',(0.,1.,0.));
#5064=DIRECTION('',(0.,0.,1.));
#5065=DIRECTION('',(0.70710678118656,0.,0.707106781186536));
#5066=DIRECTION('',(-8.32667268468848E-15,0.,1.));
#5067=DIRECTION('',(0.,-1.,0.));
#5068=DIRECTION('',(0.,0.,-1.));
#5069=DIRECTION('',(-0.70710678118656,0.,-0.707106781186536));
#5070=DIRECTION('',(8.32667268468848E-15,0.,-1.));
#5071=DIRECTION('',(0.,1.,0.));
#5072=DIRECTION('',(0.,0.,1.));
#5073=DIRECTION('',(0.,0.,1.));
#5074=DIRECTION('',(-0.707106781186549,0.,0.707106781186546));
#5075=DIRECTION('',(6.28036983473517E-15,0.,1.));
#5076=DIRECTION('',(0.70710678118656,0.,0.707106781186535));
#5077=DIRECTION('',(1.,0.,-5.99775319216899E-13));
#5078=DIRECTION('',(0.382683432365383,0.,-0.923879532511166));
#5079=DIRECTION('',(-0.707106781186533,0.,-0.707106781186562));
#5080=DIRECTION('',(0.70710678118656,0.,-0.707106781186535));
#5081=DIRECTION('',(-5.99775319216899E-13,0.,-1.));
#5082=DIRECTION('',(-1.,0.,5.99775319216899E-13));
#5083=DIRECTION('',(0.,-1.,0.));
#5084=DIRECTION('',(0.,1.,0.));
#5085=DIRECTION('',(-1.,0.,5.99775319216899E-13));
#5086=DIRECTION('',(0.707106781186535,0.,0.70710678118656));
#5087=DIRECTION('',(0.70710678118656,0.,-0.707106781186535));
#5088=DIRECTION('',(0.,1.,0.));
#5089=DIRECTION('',(-0.70710678118656,0.,0.707106781186535));
#5090=DIRECTION('',(-1.,0.,0.));
#5091=DIRECTION('',(0.,-1.,0.));
#5092=DIRECTION('',(0.,0.,1.));
#5093=DIRECTION('',(0.,0.577350269189632,-0.816496580927722));
#5094=DIRECTION('',(0.,-1.,0.));
#5095=DIRECTION('',(0.,0.577350269189632,0.816496580927722));
#5096=DIRECTION('',(0.,0.,-1.));
#5097=DIRECTION('',(0.,-0.707106781186548,0.707106781186547));
#5098=DIRECTION('',(0.,1.,0.));
#5099=DIRECTION('',(0.,0.,1.));
#5100=DIRECTION('',(0.70710678118656,0.,-0.707106781186535));
#5101=DIRECTION('',(8.32667268468848E-15,0.,1.));
#5102=DIRECTION('',(0.,-1.,0.));
#5103=DIRECTION('',(0.,0.,-1.));
#5104=DIRECTION('',(-0.70710678118656,0.,0.707106781186535));
#5105=DIRECTION('',(-8.32667268468848E-15,0.,-1.));
#5106=DIRECTION('',(-1.,0.,-8.32667268468848E-15));
#5107=DIRECTION('',(-8.32667268468848E-15,0.,1.));
#5108=DIRECTION('',(6.79869977755237E-15,-0.577350269189637,-0.816496580927719));
#5109=DIRECTION('',(-6.79869977755237E-15,-0.577350269189637,0.816496580927719));
#5110=DIRECTION('',(0.,-1.,0.));
#5111=DIRECTION('',(0.499999999999992,-0.707106781186547,-0.500000000000009));
#5112=DIRECTION('',(-0.70710678118656,0.,-0.707106781186535));
#5113=DIRECTION('',(-0.70710678118656,0.,-0.707106781186535));
#5114=DIRECTION('',(-0.707106781186535,0.,0.70710678118656));
#5115=DIRECTION('',(0.70710678118656,0.,0.707106781186535));
#5116=DIRECTION('',(0.70710678118656,0.,0.707106781186535));
#5117=DIRECTION('',(0.499999999999992,0.707106781186547,-0.500000000000009));
#5118=DIRECTION('',(-0.70710678118656,0.,-0.707106781186535));
#5119=DIRECTION('',(-1.,0.,8.32667268468848E-15));
#5120=DIRECTION('',(8.32667268468848E-15,0.,1.));
#5121=DIRECTION('',(-6.79869977755238E-15,0.577350269189635,-0.816496580927719));
#5122=DIRECTION('',(6.79869977755238E-15,0.577350269189635,0.816496580927719));
#5123=DIRECTION('',(0.,1.,0.));
#5124=DIRECTION('',(-0.499999999999991,0.707106781186548,-0.500000000000009));
#5125=DIRECTION('',(-0.70710678118656,0.,0.707106781186535));
#5126=DIRECTION('',(0.70710678118656,0.,-0.707106781186535));
#5127=DIRECTION('',(-0.707106781186535,0.,-0.70710678118656));
#5128=DIRECTION('',(-0.70710678118656,0.,0.707106781186535));
#5129=DIRECTION('',(-0.70710678118656,0.,0.707106781186535));
#5130=DIRECTION('',(-0.499999999999991,-0.707106781186548,-0.500000000000009));
#5131=DIRECTION('',(-0.70710678118656,0.,0.707106781186535));
#5132=DIRECTION('',(-1.,0.,-6.28036983473517E-15));
#5133=DIRECTION('',(-6.28036983473517E-15,0.,1.));
#5134=DIRECTION('',(6.28036983473517E-15,0.,-1.));
#5135=DIRECTION('',(-6.28036983473517E-15,0.,1.));
#5136=DIRECTION('',(0.,1.,0.));
#5137=DIRECTION('',(-0.707106781186535,0.,0.70710678118656));
#5138=DIRECTION('',(0.70710678118656,0.,0.707106781186535));
#5139=DIRECTION('',(0.,1.,0.));
#5140=DIRECTION('',(-0.70710678118656,0.,-0.707106781186535));
#5141=DIRECTION('',(1.,0.,-6.28036983473517E-15));
#5142=DIRECTION('',(-6.28036983473517E-15,0.,-1.));
#5143=DIRECTION('',(0.,-1.,0.));
#5144=DIRECTION('',(-6.28036983473517E-15,0.,-1.));
#5145=DIRECTION('',(0.,-1.,0.));
#5146=DIRECTION('',(0.,0.,-1.));
#5147=DIRECTION('',(0.707106781186533,0.,0.707106781186562));
#5148=DIRECTION('',(-0.382683432365383,0.,0.923879532511166));
#5149=DIRECTION('',(0.707106781186549,0.,-0.707106781186546));
#5150=DIRECTION('',(0.,0.,-1.));
#5151=DIRECTION('',(0.707106781186562,0.,-0.707106781186533));
#5152=DIRECTION('',(-0.707106781186533,0.,-0.707106781186562));
#5153=DIRECTION('',(0.,1.,0.));
#5154=DIRECTION('',(-0.923879532511165,0.,-0.382683432365382));
#5155=DIRECTION('',(-0.382683432365382,0.,0.923879532511165));
#5156=DIRECTION('',(-5.99775319216899E-13,0.,-1.));
#5157=DIRECTION('',(-1.,0.,5.99775319216899E-13));
#5158=DIRECTION('',(0.,1.,0.));
#5159=DIRECTION('',(1.,0.,-5.99775319216899E-13));
#5160=DIRECTION('',(-1.,0.,5.99775319216899E-13));
#5161=DIRECTION('',(0.923879532511163,0.,-0.38268343236539));
#5162=DIRECTION('',(-0.38268343236539,0.,-0.923879532511162));
#5163=DIRECTION('',(0.38268343236539,0.,0.923879532511163));
#5164=DIRECTION('',(-0.38268343236539,0.,-0.923879532511163));
#5165=DIRECTION('',(0.,1.,0.));
#5166=DIRECTION('',(0.,0.,1.));
#5167=DIRECTION('',(0.,0.,-1.));
#5168=DIRECTION('',(0.707106781186549,0.,0.707106781186546));
#5169=DIRECTION('',(0.,-1.,0.));
#5170=DIRECTION('',(0.,0.,-1.));
#5171=DIRECTION('',(0.,0.,1.));
#5172=DIRECTION('',(-0.707106781186549,0.,-0.707106781186546));
#5173=DIRECTION('',(-0.707106781186546,0.,0.707106781186549));
#5174=DIRECTION('',(0.707106781186549,0.,0.707106781186546));
#5175=DIRECTION('',(0.,-1.,0.));
#5176=DIRECTION('',(-1.,0.,0.));
#5177=DIRECTION('',(0.,0.,1.));
#5178=DIRECTION('',(0.,0.,-1.));
#5179=DIRECTION('',(0.,-0.577350269189633,-0.816496580927721));
#5180=DIRECTION('',(0.,-1.,0.));
#5181=DIRECTION('',(0.,-0.577350269189634,0.81649658092772));
#5182=DIRECTION('',(0.,0.,1.));
#5183=DIRECTION('',(-0.707106781186548,-0.707106781186548,0.));
#5184=DIRECTION('',(0.,0.,1.));
#5185=DIRECTION('',(0.689897948556635,-0.689897948556635,0.219275263435464));
#5186=DIRECTION('',(-0.707106781186546,-0.577350269189623,0.408248290463869));
#5187=DIRECTION('',(0.500000000000006,0.,0.866025403784435));
#5188=DIRECTION('',(0.664023331817194,-0.343723769333435,0.664023331817194));
#5189=DIRECTION('',(-0.707106781186548,0.,0.707106781186548));
#5190=DIRECTION('',(0.707106781186548,0.,0.707106781186548));
#5191=DIRECTION('',(0.664023331817195,0.343723769333434,0.664023331817195));
#5192=DIRECTION('',(-0.707106781186546,0.577350269189623,0.408248290463869));
#5193=DIRECTION('',(0.500000000000006,0.,0.866025403784435));
#5194=DIRECTION('',(0.689897948556635,0.689897948556635,0.219275263435464));
#5195=DIRECTION('',(-0.707106781186548,0.707106781186548,0.));
#5196=DIRECTION('',(0.,0.,1.));
#5197=DIRECTION('',(-1.,0.,0.));
#5198=DIRECTION('',(0.,-1.,0.));
#5199=DIRECTION('',(0.,0.,1.));
#5200=DIRECTION('',(0.,0.577350269189633,0.816496580927721));
#5201=DIRECTION('',(0.,1.,0.));
#5202=DIRECTION('',(0.,0.577350269189633,-0.816496580927721));
#5203=DIRECTION('',(0.,0.,-1.));
#5204=DIRECTION('',(0.,-0.707106781186548,0.707106781186548));
#5205=DIRECTION('',(0.,-0.707106781186548,-0.707106781186548));
#5206=DIRECTION('',(-0.707106781186546,0.,-0.707106781186549));
#5207=DIRECTION('',(-0.707106781186549,0.,0.707106781186546));
#5208=DIRECTION('',(0.,1.,0.));
#5209=DIRECTION('',(-1.,0.,0.));
#5210=DIRECTION('',(0.,0.,1.));
#5211=DIRECTION('',(0.,0.,-1.));
#5212=DIRECTION('',(0.,0.577350269189634,-0.81649658092772));
#5213=DIRECTION('',(0.,1.,0.));
#5214=DIRECTION('',(0.,0.577350269189633,0.816496580927721));
#5215=DIRECTION('',(0.,0.,1.));
#5216=DIRECTION('',(0.707106781186548,0.707106781186548,0.));
#5217=DIRECTION('',(0.,0.,-1.));
#5218=DIRECTION('',(-0.689897948556635,0.689897948556635,0.219275263435464));
#5219=DIRECTION('',(0.707106781186546,0.577350269189623,0.408248290463869));
#5220=DIRECTION('',(0.500000000000006,0.,-0.866025403784435));
#5221=DIRECTION('',(-0.664023331817194,0.343723769333435,0.664023331817194));
#5222=DIRECTION('',(0.707106781186548,0.,0.707106781186548));
#5223=DIRECTION('',(0.707106781186548,0.,-0.707106781186548));
#5224=DIRECTION('',(-0.664023331817195,-0.343723769333434,0.664023331817195));
#5225=DIRECTION('',(0.707106781186546,-0.577350269189624,0.408248290463869));
#5226=DIRECTION('',(0.500000000000007,0.,-0.866025403784435));
#5227=DIRECTION('',(-0.689897948556636,-0.689897948556636,0.219275263435461));
#5228=DIRECTION('',(0.707106781186548,-0.707106781186548,0.));
#5229=DIRECTION('',(0.,0.,-1.));
#5230=DIRECTION('',(0.,0.,1.));
#5231=DIRECTION('',(1.,0.,0.));
#5232=DIRECTION('',(0.,0.,-1.));
#5233=DIRECTION('',(1.,0.,0.));
#5234=DIRECTION('',(0.,0.,1.));
#5235=DIRECTION('',(1.,0.,0.));
#5236=DIRECTION('',(0.,0.,-1.));
#5237=DIRECTION('',(1.,0.,0.));
#5238=DIRECTION('',(0.,0.,1.));
#5239=DIRECTION('',(1.,0.,0.));
#5240=DIRECTION('',(0.,0.,-1.));
#5241=DIRECTION('',(6.12323399573677E-17,1.,0.));
#5242=DIRECTION('',(0.577350269189626,0.577350269189626,-0.577350269189626));
#5243=DIRECTION('',(-0.707106781186548,0.,-0.707106781186547));
#5244=DIRECTION('',(-0.408248290463863,-0.408248290463864,-0.816496580927726));
#5245=DIRECTION('',(0.707106781186548,-0.707106781186548,0.));
#5246=DIRECTION('',(0.408248290463863,0.408248290463864,0.816496580927726));
#5247=DIRECTION('',(-0.707106781186548,0.707106781186548,0.));
#5248=DIRECTION('',(-0.707106781186548,0.707106781186548,0.));
#5249=DIRECTION('',(0.,0.,-1.));
#5250=DIRECTION('',(6.12323399573677E-17,1.,0.));
#5251=DIRECTION('',(-0.707106781186547,-0.707106781186548,0.));
#5252=DIRECTION('',(0.707106781186547,0.707106781186548,0.));
#5253=DIRECTION('',(0.,0.,1.));
#5254=DIRECTION('',(-1.,0.,0.));
#5255=DIRECTION('',(0.,0.,-1.));
#5256=DIRECTION('',(1.,0.,0.));
#5257=DIRECTION('',(0.,0.,1.));
#5258=DIRECTION('',(-1.,0.,0.));
#5259=DIRECTION('',(-0.707106781186548,0.707106781186547,0.));
#5260=DIRECTION('',(0.707106781186547,0.707106781186548,0.));
#5261=DIRECTION('',(-0.707106781186547,-0.707106781186548,0.));
#5262=DIRECTION('',(0.,0.,-1.));
#5263=DIRECTION('',(-1.,0.,0.));
#5264=DIRECTION('',(0.,1.,0.));
#5265=DIRECTION('',(0.,0.,-1.));
#5266=DIRECTION('',(0.,-1.,0.));
#5267=DIRECTION('',(0.,0.,1.));
#5268=DIRECTION('',(6.12323399573677E-17,1.,0.));
#5269=DIRECTION('',(-0.577350269189626,0.577350269189626,-0.577350269189626));
#5270=DIRECTION('',(-0.707106781186547,0.,0.707106781186548));
#5271=DIRECTION('',(0.408248290463864,-0.408248290463863,-0.816496580927726));
#5272=DIRECTION('',(0.707106781186548,0.707106781186548,0.));
#5273=DIRECTION('',(-0.408248290463864,0.408248290463863,0.816496580927726));
#5274=DIRECTION('',(-0.707106781186548,-0.707106781186548,0.));
#5275=DIRECTION('',(-0.707106781186548,-0.707106781186548,0.));
#5276=DIRECTION('',(0.,0.,-1.));
#5277=DIRECTION('',(6.12323399573677E-17,1.,0.));
#5278=DIRECTION('',(0.707106781186548,-0.707106781186547,0.));
#5279=DIRECTION('',(-0.707106781186548,0.707106781186547,0.));
#5280=DIRECTION('',(0.,0.,1.));
#5281=DIRECTION('',(0.707106781186547,-0.707106781186548,0.));
#5282=DIRECTION('',(0.,0.,-1.));
#5283=DIRECTION('',(6.12323399573677E-17,1.,0.));
#5284=DIRECTION('',(0.,0.,1.));
#5285=DIRECTION('',(6.12323399573677E-17,1.,0.));
#5286=DIRECTION('',(-0.707106781186547,-0.707106781186548,0.));
#5287=DIRECTION('',(-0.707106781186548,0.707106781186547,0.));
#5288=DIRECTION('',(0.707106781186548,-0.707106781186547,0.));
#5289=DIRECTION('',(0.,0.,-1.));
#5290=DIRECTION('',(0.,0.,1.));
#5291=DIRECTION('',(1.,0.,0.));
#5292=DIRECTION('',(0.,0.,1.));
#5293=DIRECTION('',(1.,0.,0.));
#5294=DIRECTION('',(0.,0.,1.));
#5295=DIRECTION('',(0.,0.,1.));
#5296=DIRECTION('',(-1.,0.,0.));
#5297=DIRECTION('',(0.,0.,1.));
#5298=DIRECTION('',(0.,0.,-1.));
#5299=DIRECTION('',(6.12323399573677E-17,1.,0.));
#5300=DIRECTION('',(0.,0.,-1.));
#5301=DIRECTION('',(-1.,0.,0.));
#5302=DIRECTION('',(6.12323399573677E-17,1.,0.));
#5303=DIRECTION('',(-1.,1.22464679914735E-16,0.));
#5304=DIRECTION('',(0.707106781186548,-0.707106781186547,0.));
#5305=DIRECTION('',(-0.707106781186547,-0.707106781186548,0.));
#5306=DIRECTION('',(0.707106781186547,0.707106781186548,0.));
#5307=DIRECTION('',(0.,0.,1.));
#5308=DIRECTION('',(0.,0.,1.));
#5309=DIRECTION('',(1.,0.,0.));
#5310=DIRECTION('',(0.,0.,-1.));
#5311=DIRECTION('',(-1.,1.22464679914735E-16,0.));
#5312=DIRECTION('',(-0.577350269189626,-0.577350269189626,-0.577350269189626));
#5313=DIRECTION('',(-0.707106781186548,0.,0.707106781186547));
#5314=DIRECTION('',(0.408248290463863,0.408248290463864,-0.816496580927726));
#5315=DIRECTION('',(-0.707106781186548,0.707106781186548,0.));
#5316=DIRECTION('',(-0.408248290463863,-0.408248290463864,0.816496580927726));
#5317=DIRECTION('',(0.707106781186548,-0.707106781186548,0.));
#5318=DIRECTION('',(0.707106781186548,-0.707106781186548,0.));
#5319=DIRECTION('',(0.707106781186548,-0.707106781186547,0.));
#5320=DIRECTION('',(-0.707106781186547,-0.707106781186548,0.));
#5321=DIRECTION('',(-0.707106781186547,-0.707106781186548,0.));
#5322=DIRECTION('',(0.707106781186547,0.707106781186548,0.));
#5323=DIRECTION('',(0.,0.,-1.));
#5324=DIRECTION('',(0.,0.,-1.));
#5325=DIRECTION('',(-1.,1.22464679914735E-16,0.));
#5326=DIRECTION('',(0.,0.,1.));
#5327=DIRECTION('',(-1.,0.,0.));
#5328=DIRECTION('',(-0.707106781186548,0.707106781186547,0.));
#5329=DIRECTION('',(0.707106781186547,0.707106781186548,0.));
#5330=DIRECTION('',(-0.707106781186547,-0.707106781186548,0.));
#5331=DIRECTION('',(-0.707106781186547,-0.707106781186548,0.));
#5332=DIRECTION('',(0.,0.,1.));
#5333=DIRECTION('',(0.,0.,-1.));
#5334=DIRECTION('',(6.12323399573677E-17,1.,0.));
#5335=DIRECTION('',(0.,0.,1.));
#5336=DIRECTION('',(-1.,0.,0.));
#5337=DIRECTION('',(0.,0.,1.));
#5338=DIRECTION('',(1.,0.,0.));
#5339=DIRECTION('',(1.,-6.12323399573677E-17,0.));
#5340=DIRECTION('',(0.,0.,1.));
#5341=DIRECTION('',(1.,0.,0.));
#5342=DIRECTION('',(0.,0.,1.));
#5343=DIRECTION('',(1.,0.,0.));
#5344=DIRECTION('',(0.707106781186547,0.707106781186548,0.));
#5345=DIRECTION('',(0.707106781186548,-0.707106781186547,0.));
#5346=DIRECTION('',(-0.707106781186548,0.707106781186547,0.));
#5347=DIRECTION('',(0.,0.,1.));
#5348=DIRECTION('',(1.,-1.22464679914735E-16,0.));
#5349=DIRECTION('',(-1.22464679914735E-16,-1.,0.));
#5350=DIRECTION('',(0.,0.,-1.));
#5351=DIRECTION('',(1.22464679914735E-16,1.,0.));
#5352=DIRECTION('',(0.,0.,1.));
#5353=DIRECTION('',(0.,-1.,0.));
#5354=DIRECTION('',(0.,0.,1.));
#5355=DIRECTION('',(1.,0.,0.));
#5356=DIRECTION('',(0.,0.,-1.));
#5357=DIRECTION('',(-1.83697019872103E-16,-1.,0.));
#5358=DIRECTION('',(0.,0.,1.));
#5359=DIRECTION('',(1.,0.,0.));
#5360=DIRECTION('',(-0.707106781186548,0.707106781186547,0.));
#5361=DIRECTION('',(0.707106781186548,0.707106781186548,0.));
#5362=DIRECTION('',(0.,0.,1.));
#5363=DIRECTION('',(1.,0.,0.));
#5364=DIRECTION('',(-1.,0.,0.));
#5365=DIRECTION('',(0.,0.,1.));
#5366=DIRECTION('',(1.,0.,0.));
#5367=DIRECTION('',(0.,0.,1.));
#5368=DIRECTION('',(1.,0.,0.));
#5369=DIRECTION('',(0.707106781186548,-0.707106781186547,0.));
#5370=DIRECTION('',(0.,0.,1.));
#5371=DIRECTION('',(1.,0.,0.));
#5372=DIRECTION('',(0.,0.,1.));
#5373=DIRECTION('',(1.,0.,0.));
#5374=DIRECTION('',(0.707106781186548,0.707106781186548,0.));
#5375=DIRECTION('',(0.577350269189626,-0.577350269189626,-0.577350269189626));
#5376=DIRECTION('',(-0.707106781186547,0.,-0.707106781186548));
#5377=DIRECTION('',(-0.408248290463864,0.408248290463863,-0.816496580927726));
#5378=DIRECTION('',(-0.707106781186548,-0.707106781186548,0.));
#5379=DIRECTION('',(0.408248290463864,-0.408248290463863,0.816496580927726));
#5380=DIRECTION('',(0.707106781186547,0.707106781186548,0.));
#5381=DIRECTION('',(0.707106781186548,-0.707106781186547,0.));
#5382=DIRECTION('',(0.707106781186548,-0.707106781186547,0.));
#5383=DIRECTION('',(0.,0.,-1.));
#5384=DIRECTION('',(0.,0.,-1.));
#5385=DIRECTION('',(-1.83697019872103E-16,-1.,0.));
#5386=DIRECTION('',(0.,0.,1.));
#5387=DIRECTION('',(-1.,0.,0.));
#5388=DIRECTION('',(0.,0.,-1.));
#5389=DIRECTION('',(6.12323399573677E-17,1.,0.));
#5390=DIRECTION('',(0.707106781186548,-0.707106781186547,0.));
#5391=DIRECTION('',(0.,0.,1.));
#5392=DIRECTION('',(-1.,0.,0.));
#5393=DIRECTION('',(0.,0.,-1.));
#5394=DIRECTION('',(6.12323399573677E-17,1.,0.));
#5395=DIRECTION('',(0.,0.,-1.));
#5396=DIRECTION('',(-1.,0.,0.));
#5397=DIRECTION('',(-1.,0.,0.));
#5398=DIRECTION('',(0.,0.,1.));
#5399=DIRECTION('',(-1.,0.,0.));
#5400=DIRECTION('',(-6.12323399573677E-17,-1.,0.));
#5401=DIRECTION('',(-0.707106781186547,-0.707106781186548,0.));
#5402=DIRECTION('',(-0.707106781186548,0.707106781186547,0.));
#5403=DIRECTION('',(0.,0.,1.));
#5404=DIRECTION('',(0.,0.,-1.));
#5405=DIRECTION('',(6.12323399573677E-17,1.,0.));
#5406=DIRECTION('',(0.,0.,-1.));
#5407=DIRECTION('',(-1.,0.,0.));
#5408=DIRECTION('',(-1.83697019872103E-16,-1.,0.));
#5409=DIRECTION('',(0.,0.,1.));
#5410=DIRECTION('',(-1.,0.,0.));
#5411=DIRECTION('',(-1.,0.,0.));
#5412=DIRECTION('',(0.,0.,1.));
#5413=DIRECTION('',(1.,0.,0.));
#5414=DIRECTION('',(0.,0.,1.));
#5415=DIRECTION('',(1.,0.,0.));
#5416=DIRECTION('',(0.,0.,1.));
#5417=DIRECTION('',(1.,0.,0.));
#5418=DIRECTION('',(0.577350269189626,-0.577350269189626,-0.577350269189626));
#5419=DIRECTION('',(-0.707106781186547,0.,-0.707106781186548));
#5420=DIRECTION('',(0.,0.,-1.));
#5421=DIRECTION('',(-0.297558284626217,-0.95470365415154,0.));
#5422=DIRECTION('',(0.,0.,-1.));
#5423=DIRECTION('',(0.,0.,1.));
#5424=DIRECTION('',(-1.,0.,0.));
#5425=DIRECTION('',(0.,0.,1.));
#5426=DIRECTION('',(0.,0.,1.));
#5427=DIRECTION('',(-1.,0.,0.));
#5428=DIRECTION('',(-0.853645106279842,0.520855097435435,0.));
#5429=DIRECTION('',(0.,0.,1.));
#5430=DIRECTION('',(0.,0.,-1.));
#5431=DIRECTION('',(-0.520855097435435,-0.853645106279842,0.));
#5432=DIRECTION('',(0.520855097435435,0.853645106279842,0.));
#5433=DIRECTION('',(-0.965925826288955,-0.258819045102944,0.));
#5434=DIRECTION('',(-0.258819045102944,0.965925826288955,0.));
#5435=DIRECTION('',(0.,0.,1.));
#5436=DIRECTION('',(-0.258819045102944,0.965925826288955,0.));
#5437=DIRECTION('',(-0.258819045102944,0.965925826288955,0.));
#5438=DIRECTION('',(-0.529530605225128,-0.848290833458614,0.));
#5439=DIRECTION('',(0.,0.,1.));
#5440=DIRECTION('',(0.,0.,-1.));
#5441=DIRECTION('',(0.848290833458614,-0.529530605225128,0.));
#5442=DIRECTION('',(-0.848290833458614,0.529530605225128,0.));
#5443=DIRECTION('',(0.,0.,-1.));
#5444=DIRECTION('',(-0.313703537931877,-0.949520979383301,0.));
#5445=DIRECTION('',(0.,0.,1.));
#5446=DIRECTION('',(0.,0.,-1.));
#5447=DIRECTION('',(-1.,0.,0.));
#5448=DIRECTION('',(0.,0.,-1.));
#5449=DIRECTION('',(-1.,0.,0.));
#5450=DIRECTION('',(0.529530605225285,-0.848290833458516,0.));
#5451=DIRECTION('',(0.,0.,-1.));
#5452=DIRECTION('',(0.,0.,-1.));
#5453=DIRECTION('',(0.848290833458516,0.529530605225285,0.));
#5454=DIRECTION('',(-0.848290833458516,-0.529530605225285,0.));
#5455=DIRECTION('',(0.965925826289066,-0.258819045102531,0.));
#5456=DIRECTION('',(-0.25881904510253,-0.965925826289066,0.));
#5457=DIRECTION('',(0.,0.,1.));
#5458=DIRECTION('',(-0.258819045102531,-0.965925826289066,0.));
#5459=DIRECTION('',(-0.258819045102531,-0.965925826289066,0.));
#5460=DIRECTION('',(0.853645106279738,0.520855097435606,0.));
#5461=DIRECTION('',(0.,0.,-1.));
#5462=DIRECTION('',(-0.520855097435606,0.853645106279738,0.));
#5463=DIRECTION('',(0.520855097435606,-0.853645106279738,0.));
#5464=DIRECTION('',(0.,0.,-1.));
#5465=DIRECTION('',(-0.297558284626217,-0.95470365415154,0.));
#5466=DIRECTION('',(0.,0.,-1.));
#5467=DIRECTION('',(0.,0.,1.));
#5468=DIRECTION('',(-1.,0.,0.));
#5469=DIRECTION('',(0.,0.,1.));
#5470=DIRECTION('',(0.,0.,1.));
#5471=DIRECTION('',(-1.,0.,0.));
#5472=DIRECTION('',(-0.999705896572328,0.0242511929297768,0.));
#5473=DIRECTION('',(0.,0.,1.));
#5474=DIRECTION('',(0.,0.,-1.));
#5475=DIRECTION('',(-0.0242511929297768,-0.999705896572328,0.));
#5476=DIRECTION('',(0.0242511929297768,0.999705896572328,0.));
#5477=DIRECTION('',(-0.707106781186238,-0.707106781186857,0.));
#5478=DIRECTION('',(-0.707106781186857,0.707106781186238,0.));
#5479=DIRECTION('',(0.,0.,1.));
#5480=DIRECTION('',(-0.707106781186857,0.707106781186238,0.));
#5481=DIRECTION('',(-0.707106781186857,0.707106781186238,0.));
#5482=DIRECTION('',(-0.0344415394770083,-0.999406714185198,0.));
#5483=DIRECTION('',(0.,0.,-1.));
#5484=DIRECTION('',(0.,0.,-1.));
#5485=DIRECTION('',(0.999406714185198,-0.0344415394770083,0.));
#5486=DIRECTION('',(-0.999406714185198,0.0344415394770083,0.));
#5487=DIRECTION('',(0.,0.,-1.));
#5488=DIRECTION('',(-0.313703537931877,-0.949520979383301,0.));
#5489=DIRECTION('',(0.,0.,1.));
#5490=DIRECTION('',(0.,0.,-1.));
#5491=DIRECTION('',(-1.,0.,0.));
#5492=DIRECTION('',(0.,0.,-1.));
#5493=DIRECTION('',(-1.,0.,0.));
#5494=DIRECTION('',(0.8827323729357,-0.469876108959913,0.));
#5495=DIRECTION('',(0.,0.,-1.));
#5496=DIRECTION('',(0.,0.,-1.));
#5497=DIRECTION('',(0.469876108959913,0.8827323729357,0.));
#5498=DIRECTION('',(-0.469876108959913,-0.8827323729357,0.));
#5499=DIRECTION('',(0.965925826289071,0.258819045102511,0.));
#5500=DIRECTION('',(0.258819045102511,-0.965925826289071,0.));
#5501=DIRECTION('',(0.,0.,1.));
#5502=DIRECTION('',(0.258819045102511,-0.965925826289071,0.));
#5503=DIRECTION('',(0.258819045102511,-0.965925826289071,0.));
#5504=DIRECTION('',(0.478850799136716,0.877896299209724,0.));
#5505=DIRECTION('',(0.,0.,1.));
#5506=DIRECTION('',(-0.877896299209724,0.478850799136716,0.));
#5507=DIRECTION('',(0.877896299209724,-0.478850799136716,0.));
#5508=DIRECTION('',(0.,0.,1.));
#5509=DIRECTION('',(1.,0.,0.));
#5510=DIRECTION('',(0.,0.,1.));
#5511=DIRECTION('',(1.,0.,0.));
#5512=DIRECTION('',(0.,0.,1.));
#5513=DIRECTION('',(0.,0.,1.));
#5514=DIRECTION('',(6.12323399573677E-17,1.,0.));
#5515=DIRECTION('',(0.,0.,1.));
#5516=DIRECTION('',(0.,0.,-1.));
#5517=DIRECTION('',(-0.297558284626217,-0.95470365415154,0.));
#5518=DIRECTION('',(0.,0.,-1.));
#5519=DIRECTION('',(0.,0.,1.));
#5520=DIRECTION('',(-1.,0.,0.));
#5521=DIRECTION('',(0.,0.,1.));
#5522=DIRECTION('',(0.,0.,1.));
#5523=DIRECTION('',(-1.,0.,0.));
#5524=DIRECTION('',(-0.877896299209624,-0.478850799136899,0.));
#5525=DIRECTION('',(0.,0.,1.));
#5526=DIRECTION('',(0.,0.,-1.));
#5527=DIRECTION('',(0.478850799136899,-0.877896299209624,0.));
#5528=DIRECTION('',(-0.478850799136899,0.877896299209624,0.));
#5529=DIRECTION('',(-0.258819045102097,-0.965925826289182,0.));
#5530=DIRECTION('',(-0.965925826289182,0.258819045102097,0.));
#5531=DIRECTION('',(0.,0.,1.));
#5532=DIRECTION('',(-0.965925826289182,0.258819045102097,0.));
#5533=DIRECTION('',(-0.965925826289182,0.258819045102097,0.));
#5534=DIRECTION('',(0.469876108960067,-0.882732372935618,0.));
#5535=DIRECTION('',(0.,0.,-1.));
#5536=DIRECTION('',(0.,0.,-1.));
#5537=DIRECTION('',(0.882732372935618,0.469876108960067,0.));
#5538=DIRECTION('',(-0.882732372935618,-0.469876108960067,0.));
#5539=DIRECTION('',(0.,0.,-1.));
#5540=DIRECTION('',(-0.313703537931877,-0.949520979383301,0.));
#5541=DIRECTION('',(0.,0.,1.));
#5542=DIRECTION('',(0.,0.,-1.));
#5543=DIRECTION('',(-1.,0.,0.));
#5544=DIRECTION('',(0.,0.,-1.));
#5545=DIRECTION('',(-1.,0.,0.));
#5546=DIRECTION('',(0.999406714185192,0.0344415394771907,0.));
#5547=DIRECTION('',(0.,0.,-1.));
#5548=DIRECTION('',(0.,0.,-1.));
#5549=DIRECTION('',(-0.0344415394771907,0.999406714185192,0.));
#5550=DIRECTION('',(0.0344415394771907,-0.999406714185192,0.));
#5551=DIRECTION('',(0.707106781186555,0.707106781186541,0.));
#5552=DIRECTION('',(0.707106781186541,-0.707106781186555,0.));
#5553=DIRECTION('',(0.,0.,1.));
#5554=DIRECTION('',(0.707106781186541,-0.707106781186555,0.));
#5555=DIRECTION('',(0.707106781186541,-0.707106781186555,0.));
#5556=DIRECTION('',(-0.0242511929299894,0.999705896572323,0.));
#5557=DIRECTION('',(0.,0.,1.));
#5558=DIRECTION('',(-0.999705896572323,-0.0242511929299894,0.));
#5559=DIRECTION('',(0.999705896572323,0.0242511929299894,0.));
#5560=DIRECTION('',(0.,0.,-1.));
#5561=DIRECTION('',(-0.297558284626217,-0.95470365415154,0.));
#5562=DIRECTION('',(0.,0.,-1.));
#5563=DIRECTION('',(0.,0.,1.));
#5564=DIRECTION('',(-1.,0.,0.));
#5565=DIRECTION('',(0.,0.,1.));
#5566=DIRECTION('',(0.,0.,1.));
#5567=DIRECTION('',(-1.,0.,0.));
#5568=DIRECTION('',(-0.520855097435435,-0.853645106279842,0.));
#5569=DIRECTION('',(0.,0.,1.));
#5570=DIRECTION('',(0.,0.,-1.));
#5571=DIRECTION('',(0.853645106279842,-0.520855097435435,0.));
#5572=DIRECTION('',(-0.853645106279842,0.520855097435435,0.));
#5573=DIRECTION('',(0.258819045102944,-0.965925826288955,0.));
#5574=DIRECTION('',(-0.965925826288955,-0.258819045102944,0.));
#5575=DIRECTION('',(0.,0.,1.));
#5576=DIRECTION('',(-0.965925826288955,-0.258819045102944,0.));
#5577=DIRECTION('',(-0.965925826288955,-0.258819045102944,0.));
#5578=DIRECTION('',(0.848290833458614,-0.529530605225128,0.));
#5579=DIRECTION('',(0.,0.,-1.));
#5580=DIRECTION('',(0.,0.,-1.));
#5581=DIRECTION('',(0.529530605225128,0.848290833458614,0.));
#5582=DIRECTION('',(-0.529530605225128,-0.848290833458614,0.));
#5583=DIRECTION('',(0.,0.,-1.));
#5584=DIRECTION('',(-0.313703537931877,-0.949520979383301,0.));
#5585=DIRECTION('',(0.,0.,1.));
#5586=DIRECTION('',(0.,0.,-1.));
#5587=DIRECTION('',(-1.,0.,0.));
#5588=DIRECTION('',(0.,0.,-1.));
#5589=DIRECTION('',(-1.,0.,0.));
#5590=DIRECTION('',(0.848290833458516,0.529530605225285,0.));
#5591=DIRECTION('',(0.,0.,-1.));
#5592=DIRECTION('',(0.,0.,-1.));
#5593=DIRECTION('',(-0.529530605225285,0.848290833458516,0.));
#5594=DIRECTION('',(0.529530605225285,-0.848290833458516,0.));
#5595=DIRECTION('',(0.258819045102531,0.965925826289066,0.));
#5596=DIRECTION('',(0.965925826289066,-0.258819045102531,0.));
#5597=DIRECTION('',(0.,0.,1.));
#5598=DIRECTION('',(0.965925826289066,-0.258819045102531,0.));
#5599=DIRECTION('',(0.965925826289066,-0.258819045102531,0.));
#5600=DIRECTION('',(-0.520855097435606,0.853645106279738,0.));
#5601=DIRECTION('',(0.,0.,1.));
#5602=DIRECTION('',(-0.853645106279738,-0.520855097435606,0.));
#5603=DIRECTION('',(0.853645106279738,0.520855097435606,0.));
#5604=DIRECTION('',(0.,0.,-1.));
#5605=DIRECTION('',(-0.297558284626217,-0.95470365415154,0.));
#5606=DIRECTION('',(0.,0.,-1.));
#5607=DIRECTION('',(0.,0.,1.));
#5608=DIRECTION('',(-1.,0.,0.));
#5609=DIRECTION('',(0.,0.,1.));
#5610=DIRECTION('',(0.,0.,1.));
#5611=DIRECTION('',(-1.,0.,0.));
#5612=DIRECTION('',(-0.0242511929297807,-0.999705896572328,0.));
#5613=DIRECTION('',(0.,0.,-1.));
#5614=DIRECTION('',(0.,0.,-1.));
#5615=DIRECTION('',(0.999705896572328,-0.0242511929297807,0.));
#5616=DIRECTION('',(-0.999705896572328,0.0242511929297807,0.));
#5617=DIRECTION('',(0.707106781186857,-0.707106781186238,0.));
#5618=DIRECTION('',(-0.707106781186238,-0.707106781186857,0.));
#5619=DIRECTION('',(0.,0.,1.));
#5620=DIRECTION('',(-0.707106781186238,-0.707106781186857,0.));
#5621=DIRECTION('',(-0.707106781186238,-0.707106781186857,0.));
#5622=DIRECTION('',(0.999406714185198,-0.0344415394770043,0.));
#5623=DIRECTION('',(0.,0.,-1.));
#5624=DIRECTION('',(0.,0.,-1.));
#5625=DIRECTION('',(0.0344415394770043,0.999406714185198,0.));
#5626=DIRECTION('',(-0.0344415394770043,-0.999406714185198,0.));
#5627=DIRECTION('',(0.,0.,-1.));
#5628=DIRECTION('',(-0.313703537931877,-0.949520979383301,0.));
#5629=DIRECTION('',(0.,0.,1.));
#5630=DIRECTION('',(0.,0.,-1.));
#5631=DIRECTION('',(-1.,0.,0.));
#5632=DIRECTION('',(0.,0.,-1.));
#5633=DIRECTION('',(-1.,0.,0.));
#5634=DIRECTION('',(0.469876108959907,0.882732372935703,0.));
#5635=DIRECTION('',(0.,0.,1.));
#5636=DIRECTION('',(0.,0.,-1.));
#5637=DIRECTION('',(-0.882732372935703,0.469876108959907,0.));
#5638=DIRECTION('',(0.882732372935703,-0.469876108959907,0.));
#5639=DIRECTION('',(-0.258819045102511,0.965925826289071,0.));
#5640=DIRECTION('',(0.965925826289071,0.258819045102511,0.));
#5641=DIRECTION('',(0.,0.,1.));
#5642=DIRECTION('',(0.965925826289071,0.258819045102511,0.));
#5643=DIRECTION('',(0.965925826289071,0.258819045102511,0.));
#5644=DIRECTION('',(-0.877896299209722,0.478850799136719,0.));
#5645=DIRECTION('',(0.,0.,1.));
#5646=DIRECTION('',(-0.478850799136719,-0.877896299209722,0.));
#5647=DIRECTION('',(0.478850799136719,0.877896299209722,0.));
#5648=DIRECTION('',(0.,0.,1.));
#5649=DIRECTION('',(1.,0.,0.));
#5650=DIRECTION('',(0.,0.,1.));
#5651=DIRECTION('',(1.,0.,0.));
#5652=DIRECTION('',(0.,0.,1.));
#5653=DIRECTION('',(0.,0.,1.));
#5654=DIRECTION('',(0.,0.,-1.));
#5655=DIRECTION('',(-0.297558284626217,-0.95470365415154,0.));
#5656=DIRECTION('',(0.,0.,-1.));
#5657=DIRECTION('',(0.,0.,1.));
#5658=DIRECTION('',(-1.,0.,0.));
#5659=DIRECTION('',(0.,0.,1.));
#5660=DIRECTION('',(0.,0.,1.));
#5661=DIRECTION('',(-1.,0.,0.));
#5662=DIRECTION('',(0.478850799136911,-0.877896299209617,0.));
#5663=DIRECTION('',(0.,0.,-1.));
#5664=DIRECTION('',(0.,0.,-1.));
#5665=DIRECTION('',(0.877896299209617,0.478850799136911,0.));
#5666=DIRECTION('',(-0.877896299209617,-0.478850799136911,0.));
#5667=DIRECTION('',(0.965925826289066,-0.258819045102531,0.));
#5668=DIRECTION('',(-0.25881904510253,-0.965925826289066,0.));
#5669=DIRECTION('',(0.,0.,1.));
#5670=DIRECTION('',(-0.25881904510253,-0.965925826289066,0.));
#5671=DIRECTION('',(-0.25881904510253,-0.965925826289066,0.));
#5672=DIRECTION('',(0.882732372935619,0.469876108960066,0.));
#5673=DIRECTION('',(0.,0.,-1.));
#5674=DIRECTION('',(0.,0.,-1.));
#5675=DIRECTION('',(-0.469876108960066,0.882732372935619,0.));
#5676=DIRECTION('',(0.469876108960066,-0.882732372935619,0.));
#5677=DIRECTION('',(0.,0.,-1.));
#5678=DIRECTION('',(-0.313703537931877,-0.949520979383301,0.));
#5679=DIRECTION('',(0.,0.,1.));
#5680=DIRECTION('',(0.,0.,-1.));
#5681=DIRECTION('',(-1.,0.,0.));
#5682=DIRECTION('',(0.,0.,-1.));
#5683=DIRECTION('',(-1.,0.,0.));
#5684=DIRECTION('',(-0.0344415394771868,0.999406714185192,0.));
#5685=DIRECTION('',(0.,0.,1.));
#5686=DIRECTION('',(0.,0.,-1.));
#5687=DIRECTION('',(-0.999406714185192,-0.0344415394771868,0.));
#5688=DIRECTION('',(0.999406714185192,0.0344415394771868,0.));
#5689=DIRECTION('',(-0.70710678118654,0.707106781186555,0.));
#5690=DIRECTION('',(0.707106781186555,0.70710678118654,0.));
#5691=DIRECTION('',(0.,0.,1.));
#5692=DIRECTION('',(0.707106781186555,0.70710678118654,0.));
#5693=DIRECTION('',(0.707106781186555,0.70710678118654,0.));
#5694=DIRECTION('',(-0.999705896572323,-0.0242511929299891,0.));
#5695=DIRECTION('',(0.,0.,1.));
#5696=DIRECTION('',(0.0242511929299891,-0.999705896572323,0.));
#5697=DIRECTION('',(-0.0242511929299891,0.999705896572323,0.));
#5698=DIRECTION('',(0.,0.,-1.));
#5699=DIRECTION('',(-0.297558284626217,-0.95470365415154,0.));
#5700=DIRECTION('',(0.,0.,-1.));
#5701=DIRECTION('',(0.,0.,1.));
#5702=DIRECTION('',(-1.,0.,0.));
#5703=DIRECTION('',(0.,0.,1.));
#5704=DIRECTION('',(0.,0.,1.));
#5705=DIRECTION('',(-1.,0.,0.));
#5706=DIRECTION('',(0.853645106279842,-0.520855097435435,0.));
#5707=DIRECTION('',(0.,0.,-1.));
#5708=DIRECTION('',(0.,0.,-1.));
#5709=DIRECTION('',(0.520855097435435,0.853645106279842,0.));
#5710=DIRECTION('',(-0.520855097435435,-0.853645106279842,0.));
#5711=DIRECTION('',(0.965925826289071,0.258819045102511,0.));
#5712=DIRECTION('',(0.258819045102511,-0.965925826289071,0.));
#5713=DIRECTION('',(0.,0.,1.));
#5714=DIRECTION('',(0.258819045102511,-0.965925826289071,0.));
#5715=DIRECTION('',(0.258819045102511,-0.965925826289071,0.));
#5716=DIRECTION('',(0.529530605225129,0.848290833458613,0.));
#5717=DIRECTION('',(0.,0.,-1.));
#5718=DIRECTION('',(0.,0.,-1.));
#5719=DIRECTION('',(-0.848290833458613,0.529530605225129,0.));
#5720=DIRECTION('',(0.848290833458613,-0.529530605225129,0.));
#5721=DIRECTION('',(0.,0.,-1.));
#5722=DIRECTION('',(-0.313703537931877,-0.949520979383301,0.));
#5723=DIRECTION('',(0.,0.,1.));
#5724=DIRECTION('',(0.,0.,-1.));
#5725=DIRECTION('',(-1.,0.,0.));
#5726=DIRECTION('',(0.,0.,-1.));
#5727=DIRECTION('',(-1.,0.,0.));
#5728=DIRECTION('',(-0.529530605225285,0.848290833458516,0.));
#5729=DIRECTION('',(0.,0.,1.));
#5730=DIRECTION('',(0.,0.,-1.));
#5731=DIRECTION('',(-0.848290833458516,-0.529530605225285,0.));
#5732=DIRECTION('',(0.848290833458516,0.529530605225285,0.));
#5733=DIRECTION('',(-0.965925826289066,0.258819045102531,0.));
#5734=DIRECTION('',(0.258819045102531,0.965925826289066,0.));
#5735=DIRECTION('',(0.,0.,1.));
#5736=DIRECTION('',(0.258819045102531,0.965925826289066,0.));
#5737=DIRECTION('',(0.258819045102531,0.965925826289066,0.));
#5738=DIRECTION('',(-0.853645106279739,-0.520855097435605,0.));
#5739=DIRECTION('',(0.,0.,1.));
#5740=DIRECTION('',(0.520855097435605,-0.853645106279739,0.));
#5741=DIRECTION('',(-0.520855097435605,0.853645106279739,0.));
#5742=DIRECTION('',(0.,0.,-1.));
#5743=DIRECTION('',(-0.297558284626217,-0.95470365415154,0.));
#5744=DIRECTION('',(0.,0.,-1.));
#5745=DIRECTION('',(0.,0.,1.));
#5746=DIRECTION('',(-1.,0.,0.));
#5747=DIRECTION('',(0.,0.,1.));
#5748=DIRECTION('',(0.,0.,1.));
#5749=DIRECTION('',(-1.,0.,0.));
#5750=DIRECTION('',(0.999705896572328,-0.0242511929297846,0.));
#5751=DIRECTION('',(0.,0.,-1.));
#5752=DIRECTION('',(0.,0.,-1.));
#5753=DIRECTION('',(0.0242511929297846,0.999705896572328,0.));
#5754=DIRECTION('',(-0.0242511929297846,-0.999705896572328,0.));
#5755=DIRECTION('',(0.707106781186555,0.707106781186541,0.));
#5756=DIRECTION('',(0.707106781186541,-0.707106781186555,0.));
#5757=DIRECTION('',(0.,0.,1.));
#5758=DIRECTION('',(0.70710678118654,-0.707106781186555,0.));
#5759=DIRECTION('',(0.707106781186541,-0.707106781186555,0.));
#5760=DIRECTION('',(0.0344415394770044,0.999406714185198,0.));
#5761=DIRECTION('',(0.,0.,1.));
#5762=DIRECTION('',(0.,0.,-1.));
#5763=DIRECTION('',(-0.999406714185198,0.0344415394770044,0.));
#5764=DIRECTION('',(0.999406714185198,-0.0344415394770044,0.));
#5765=DIRECTION('',(0.,0.,-1.));
#5766=DIRECTION('',(-0.313703537931877,-0.949520979383301,0.));
#5767=DIRECTION('',(0.,0.,1.));
#5768=DIRECTION('',(0.,0.,-1.));
#5769=DIRECTION('',(-1.,0.,0.));
#5770=DIRECTION('',(0.,0.,-1.));
#5771=DIRECTION('',(-1.,0.,0.));
#5772=DIRECTION('',(-0.882732372935703,0.469876108959908,0.));
#5773=DIRECTION('',(0.,0.,1.));
#5774=DIRECTION('',(0.,0.,-1.));
#5775=DIRECTION('',(-0.469876108959908,-0.882732372935703,0.));
#5776=DIRECTION('',(0.469876108959908,0.882732372935703,0.));
#5777=DIRECTION('',(-0.965925826288955,-0.258819045102944,0.));
#5778=DIRECTION('',(-0.258819045102944,0.965925826288955,0.));
#5779=DIRECTION('',(0.,0.,1.));
#5780=DIRECTION('',(-0.258819045102944,0.965925826288955,0.));
#5781=DIRECTION('',(-0.258819045102944,0.965925826288955,0.));
#5782=DIRECTION('',(-0.478850799136718,-0.877896299209723,0.));
#5783=DIRECTION('',(0.,0.,-1.));
#5784=DIRECTION('',(0.877896299209723,-0.478850799136718,0.));
#5785=DIRECTION('',(-0.877896299209723,0.478850799136718,0.));
#5786=DIRECTION('',(0.,0.,1.));
#5787=DIRECTION('',(1.,0.,0.));
#5788=DIRECTION('',(0.,0.,1.));
#5789=DIRECTION('',(1.,0.,0.));
#5790=DIRECTION('',(0.,0.,1.));
#5791=DIRECTION('',(0.,0.,1.));
#5792=DIRECTION('',(0.,0.,-1.));
#5793=DIRECTION('',(-0.297558284626217,-0.95470365415154,0.));
#5794=DIRECTION('',(0.,0.,-1.));
#5795=DIRECTION('',(0.,0.,1.));
#5796=DIRECTION('',(-1.,0.,0.));
#5797=DIRECTION('',(0.,0.,1.));
#5798=DIRECTION('',(0.,0.,1.));
#5799=DIRECTION('',(-1.,0.,0.));
#5800=DIRECTION('',(0.877896299209624,0.478850799136898,0.));
#5801=DIRECTION('',(0.,0.,-1.));
#5802=DIRECTION('',(0.,0.,-1.));
#5803=DIRECTION('',(-0.478850799136898,0.877896299209624,0.));
#5804=DIRECTION('',(0.478850799136898,-0.877896299209624,0.));
#5805=DIRECTION('',(0.258819045102531,0.965925826289066,0.));
#5806=DIRECTION('',(0.965925826289066,-0.258819045102531,0.));
#5807=DIRECTION('',(0.,0.,1.));
#5808=DIRECTION('',(0.965925826289066,-0.258819045102531,0.));
#5809=DIRECTION('',(0.965925826289066,-0.258819045102531,0.));
#5810=DIRECTION('',(-0.469876108960063,0.882732372935621,0.));
#5811=DIRECTION('',(0.,0.,1.));
#5812=DIRECTION('',(0.,0.,-1.));
#5813=DIRECTION('',(-0.882732372935621,-0.469876108960063,0.));
#5814=DIRECTION('',(0.882732372935621,0.469876108960063,0.));
#5815=DIRECTION('',(0.,0.,-1.));
#5816=DIRECTION('',(-0.313703537931877,-0.949520979383301,0.));
#5817=DIRECTION('',(0.,0.,1.));
#5818=DIRECTION('',(0.,0.,-1.));
#5819=DIRECTION('',(-1.,0.,0.));
#5820=DIRECTION('',(0.,0.,-1.));
#5821=DIRECTION('',(-1.,0.,0.));
#5822=DIRECTION('',(-0.999406714185192,-0.0344415394771868,0.));
#5823=DIRECTION('',(0.,0.,1.));
#5824=DIRECTION('',(0.,0.,-1.));
#5825=DIRECTION('',(0.0344415394771868,-0.999406714185192,0.));
#5826=DIRECTION('',(-0.0344415394771868,0.999406714185192,0.));
#5827=DIRECTION('',(-0.707106781186238,-0.707106781186857,0.));
#5828=DIRECTION('',(-0.707106781186857,0.707106781186238,0.));
#5829=DIRECTION('',(0.,0.,1.));
#5830=DIRECTION('',(-0.707106781186857,0.707106781186238,0.));
#5831=DIRECTION('',(-0.707106781186857,0.707106781186238,0.));
#5832=DIRECTION('',(0.0242511929299852,-0.999705896572323,0.));
#5833=DIRECTION('',(0.,0.,-1.));
#5834=DIRECTION('',(0.999705896572323,0.0242511929299851,0.));
#5835=DIRECTION('',(-0.999705896572323,-0.0242511929299851,0.));
#5836=DIRECTION('',(0.,0.,-1.));
#5837=DIRECTION('',(-0.297558284626217,-0.95470365415154,0.));
#5838=DIRECTION('',(0.,0.,-1.));
#5839=DIRECTION('',(0.,0.,1.));
#5840=DIRECTION('',(-1.,0.,0.));
#5841=DIRECTION('',(0.,0.,1.));
#5842=DIRECTION('',(0.,0.,1.));
#5843=DIRECTION('',(-1.,0.,0.));
#5844=DIRECTION('',(0.520855097435434,0.853645106279843,0.));
#5845=DIRECTION('',(0.,0.,-1.));
#5846=DIRECTION('',(0.,0.,-1.));
#5847=DIRECTION('',(-0.853645106279843,0.520855097435434,0.));
#5848=DIRECTION('',(0.853645106279843,-0.520855097435434,0.));
#5849=DIRECTION('',(-0.258819045102511,0.965925826289071,0.));
#5850=DIRECTION('',(0.965925826289071,0.258819045102511,0.));
#5851=DIRECTION('',(0.,0.,1.));
#5852=DIRECTION('',(0.965925826289071,0.258819045102511,0.));
#5853=DIRECTION('',(0.965925826289071,0.258819045102511,0.));
#5854=DIRECTION('',(-0.848290833458614,0.529530605225128,0.));
#5855=DIRECTION('',(0.,0.,1.));
#5856=DIRECTION('',(0.,0.,-1.));
#5857=DIRECTION('',(-0.529530605225128,-0.848290833458614,0.));
#5858=DIRECTION('',(0.529530605225128,0.848290833458614,0.));
#5859=DIRECTION('',(0.,0.,-1.));
#5860=DIRECTION('',(-0.313703537931877,-0.949520979383301,0.));
#5861=DIRECTION('',(0.,0.,1.));
#5862=DIRECTION('',(0.,0.,-1.));
#5863=DIRECTION('',(-1.,0.,0.));
#5864=DIRECTION('',(0.,0.,-1.));
#5865=DIRECTION('',(-1.,0.,0.));
#5866=DIRECTION('',(-0.848290833458516,-0.529530605225284,0.));
#5867=DIRECTION('',(0.,0.,1.));
#5868=DIRECTION('',(0.,0.,-1.));
#5869=DIRECTION('',(0.529530605225284,-0.848290833458516,0.));
#5870=DIRECTION('',(-0.529530605225284,0.848290833458516,0.));
#5871=DIRECTION('',(-0.258819045102097,-0.965925826289182,0.));
#5872=DIRECTION('',(-0.965925826289182,0.258819045102097,0.));
#5873=DIRECTION('',(0.,0.,1.));
#5874=DIRECTION('',(-0.965925826289182,0.258819045102097,0.));
#5875=DIRECTION('',(-0.965925826289182,0.258819045102097,0.));
#5876=DIRECTION('',(0.520855097435607,-0.853645106279738,0.));
#5877=DIRECTION('',(0.,0.,-1.));
#5878=DIRECTION('',(0.853645106279738,0.520855097435607,0.));
#5879=DIRECTION('',(-0.853645106279738,-0.520855097435607,0.));
#5880=DIRECTION('',(0.,0.,-1.));
#5881=DIRECTION('',(-0.297558284626217,-0.95470365415154,0.));
#5882=DIRECTION('',(0.,0.,-1.));
#5883=DIRECTION('',(0.,0.,1.));
#5884=DIRECTION('',(-1.,0.,0.));
#5885=DIRECTION('',(0.,0.,1.));
#5886=DIRECTION('',(0.,0.,1.));
#5887=DIRECTION('',(-1.,0.,0.));
#5888=DIRECTION('',(0.0242511929297807,0.999705896572328,0.));
#5889=DIRECTION('',(0.,0.,1.));
#5890=DIRECTION('',(0.,0.,-1.));
#5891=DIRECTION('',(-0.999705896572328,0.0242511929297807,0.));
#5892=DIRECTION('',(0.999705896572328,-0.0242511929297807,0.));
#5893=DIRECTION('',(-0.70710678118654,0.707106781186555,0.));
#5894=DIRECTION('',(0.707106781186555,0.70710678118654,0.));
#5895=DIRECTION('',(0.,0.,1.));
#5896=DIRECTION('',(0.707106781186555,0.70710678118654,0.));
#5897=DIRECTION('',(0.707106781186555,0.70710678118654,0.));
#5898=DIRECTION('',(-0.999406714185198,0.0344415394770009,0.));
#5899=DIRECTION('',(0.,0.,1.));
#5900=DIRECTION('',(0.,0.,-1.));
#5901=DIRECTION('',(-0.0344415394770009,-0.999406714185198,0.));
#5902=DIRECTION('',(0.0344415394770009,0.999406714185198,0.));
#5903=DIRECTION('',(0.,0.,-1.));
#5904=DIRECTION('',(-0.313703537931877,-0.949520979383301,0.));
#5905=DIRECTION('',(0.,0.,1.));
#5906=DIRECTION('',(0.,0.,-1.));
#5907=DIRECTION('',(-1.,0.,0.));
#5908=DIRECTION('',(0.,0.,-1.));
#5909=DIRECTION('',(-1.,0.,0.));
#5910=DIRECTION('',(-0.469876108959908,-0.882732372935703,0.));
#5911=DIRECTION('',(0.,0.,-1.));
#5912=DIRECTION('',(0.,0.,-1.));
#5913=DIRECTION('',(0.882732372935703,-0.469876108959908,0.));
#5914=DIRECTION('',(-0.882732372935703,0.469876108959908,0.));
#5915=DIRECTION('',(0.258819045102944,-0.965925826288955,0.));
#5916=DIRECTION('',(-0.965925826288955,-0.258819045102944,0.));
#5917=DIRECTION('',(0.,0.,1.));
#5918=DIRECTION('',(-0.965925826288955,-0.258819045102944,0.));
#5919=DIRECTION('',(-0.965925826288955,-0.258819045102944,0.));
#5920=DIRECTION('',(0.877896299209724,-0.478850799136716,0.));
#5921=DIRECTION('',(0.,0.,-1.));
#5922=DIRECTION('',(0.478850799136716,0.877896299209724,0.));
#5923=DIRECTION('',(-0.478850799136716,-0.877896299209724,0.));
#5924=DIRECTION('',(0.,0.,-1.));
#5925=DIRECTION('',(-0.297558284626217,-0.95470365415154,0.));
#5926=DIRECTION('',(0.,0.,-1.));
#5927=DIRECTION('',(0.,0.,1.));
#5928=DIRECTION('',(-0.297558284626217,-0.95470365415154,0.));
#5929=DIRECTION('',(0.,0.,1.));
#5930=DIRECTION('',(0.,0.,1.));
#5931=DIRECTION('',(-0.297558284626217,-0.95470365415154,0.));
#5932=DIRECTION('',(-0.478850799136898,0.877896299209624,0.));
#5933=DIRECTION('',(0.,0.,1.));
#5934=DIRECTION('',(0.,0.,-1.));
#5935=DIRECTION('',(-0.877896299209624,-0.478850799136898,0.));
#5936=DIRECTION('',(0.877896299209624,0.478850799136898,0.));
#5937=DIRECTION('',(-0.965925826289066,0.258819045102531,0.));
#5938=DIRECTION('',(0.258819045102531,0.965925826289066,0.));
#5939=DIRECTION('',(0.,0.,1.));
#5940=DIRECTION('',(0.258819045102531,0.965925826289066,0.));
#5941=DIRECTION('',(0.258819045102531,0.965925826289066,0.));
#5942=DIRECTION('',(-0.882732372935621,-0.469876108960063,0.));
#5943=DIRECTION('',(0.,0.,1.));
#5944=DIRECTION('',(0.,0.,-1.));
#5945=DIRECTION('',(0.469876108960063,-0.882732372935621,0.));
#5946=DIRECTION('',(-0.469876108960063,0.882732372935621,0.));
#5947=DIRECTION('',(0.,0.,-1.));
#5948=DIRECTION('',(-0.313703537931877,-0.949520979383301,0.));
#5949=DIRECTION('',(0.,0.,1.));
#5950=DIRECTION('',(0.,0.,-1.));
#5951=DIRECTION('',(-0.313703537931877,-0.949520979383301,0.));
#5952=DIRECTION('',(0.,0.,-1.));
#5953=DIRECTION('',(-0.313703537931877,-0.949520979383301,0.));
#5954=DIRECTION('',(0.0344415394771868,-0.999406714185192,0.));
#5955=DIRECTION('',(0.,0.,-1.));
#5956=DIRECTION('',(0.,0.,-1.));
#5957=DIRECTION('',(0.999406714185192,0.0344415394771868,0.));
#5958=DIRECTION('',(-0.999406714185192,-0.0344415394771868,0.));
#5959=DIRECTION('',(0.707106781186857,-0.707106781186238,0.));
#5960=DIRECTION('',(-0.707106781186238,-0.707106781186857,0.));
#5961=DIRECTION('',(0.,0.,1.));
#5962=DIRECTION('',(-0.707106781186238,-0.707106781186857,0.));
#5963=DIRECTION('',(-0.707106781186238,-0.707106781186857,0.));
#5964=DIRECTION('',(0.999705896572323,0.0242511929299852,0.));
#5965=DIRECTION('',(0.,0.,-1.));
#5966=DIRECTION('',(-0.0242511929299851,0.999705896572323,0.));
#5967=DIRECTION('',(0.0242511929299851,-0.999705896572323,0.));
#5968=DIRECTION('',(0.,0.,-1.));
#5969=DIRECTION('',(1.,0.,0.));
#5970=DIRECTION('',(0.,0.,1.));
#5971=DIRECTION('',(1.,0.,0.));
#5972=DIRECTION('',(0.,0.,-1.));
#5973=DIRECTION('',(1.,0.,0.));
#5974=DIRECTION('',(0.,0.,-1.));
#5975=DIRECTION('',(1.,0.,0.));
#5976=DIRECTION('',(1.,-1.22464679914735E-16,0.));
#5977=DIRECTION('',(-6.12323399573677E-17,-1.,0.));
#5978=DIRECTION('',(-1.,0.,0.));
#5979=DIRECTION('',(1.83697019872103E-16,1.,0.));
#5980=DIRECTION('',(0.,0.,-1.));
#5981=DIRECTION('',(1.,0.,0.));
#5982=DIRECTION('',(1.22464679914735E-16,1.,0.));
#5983=DIRECTION('',(1.,-1.22464679914735E-16,0.));
#5984=DIRECTION('',(0.,0.,-1.));
#5985=DIRECTION('',(-1.,1.22464679914735E-16,0.));
#5986=DIRECTION('',(0.,0.,-1.));
#5987=DIRECTION('',(1.,-1.22464679914735E-16,0.));
#5988=DIRECTION('',(0.,0.,-1.));
#5989=DIRECTION('',(6.12323399573677E-17,1.,0.));
#5990=DIRECTION('',(0.,0.,-1.));
#5991=DIRECTION('',(-1.,0.,0.));
#5992=DIRECTION('',(-1.83697019872103E-16,-1.,0.));
#5993=DIRECTION('',(0.,0.,-1.));
#5994=DIRECTION('',(0.707106781186548,-0.707106781186548,0.));
#5995=DIRECTION('',(0.,0.,-1.));
#5996=DIRECTION('',(0.,0.,-1.));
#5997=DIRECTION('',(-1.,0.,0.));
#5998=DIRECTION('',(-1.,1.83697019872103E-16,0.));
#5999=DIRECTION('',(1.83697019872103E-16,1.,0.));
#6000=DIRECTION('',(0.,0.,1.));
#6001=DIRECTION('',(1.83697019872103E-16,1.,0.));
#6002=DIRECTION('',(0.,0.,1.));
#6003=DIRECTION('',(0.707106781186548,0.707106781186547,0.));
#6004=DIRECTION('',(0.,0.,1.));
#6005=DIRECTION('',(0.,0.,-1.));
#6006=DIRECTION('',(-1.,0.,0.));
#6007=DIRECTION('',(0.,-1.,0.));
#6008=DIRECTION('',(-1.,0.,0.));
#6009=DIRECTION('',(0.,0.,-1.));
#6010=DIRECTION('',(-1.,0.,0.));
#6011=DIRECTION('',(0.,0.,-1.));
#6012=DIRECTION('',(-0.707106781186548,0.707106781186548,0.));
#6013=DIRECTION('',(0.,0.,-1.));
#6014=DIRECTION('',(0.,0.,-1.));
#6015=DIRECTION('',(-1.,0.,0.));
#6016=DIRECTION('',(1.,-6.12323399573677E-17,0.));
#6017=DIRECTION('',(-6.12323399573677E-17,-1.,0.));
#6018=DIRECTION('',(0.,0.,-1.));
#6019=DIRECTION('',(-6.12323399573677E-17,-1.,0.));
#6020=DIRECTION('',(0.,0.,-1.));
#6021=DIRECTION('',(-0.707106781186547,-0.707106781186548,0.));
#6022=DIRECTION('',(0.,0.,-1.));
#6023=DIRECTION('',(-1.,0.,0.));
#6024=DIRECTION('',(0.,0.,-1.));
#6025=DIRECTION('',(0.707106781186547,-0.707106781186548,0.));
#6026=DIRECTION('',(0.,0.,1.));
#6027=DIRECTION('',(0.707106781186547,-0.707106781186548,0.));
#6028=DIRECTION('',(0.,0.,-1.));
#6029=DIRECTION('',(0.,0.,-1.));
#6030=DIRECTION('',(0.707106781186548,0.707106781186547,0.));
#6031=DIRECTION('',(0.,0.,1.));
#6032=DIRECTION('',(0.707106781186548,0.707106781186547,0.));
#6033=DIRECTION('',(0.,0.,1.));
#6034=DIRECTION('',(0.,1.,0.));
#6035=DIRECTION('',(1.,0.,0.));
#6036=DIRECTION('',(0.,0.,-1.));
#6037=DIRECTION('',(1.,0.,0.));
#6038=DIRECTION('',(0.,0.,-1.));
#6039=DIRECTION('',(-0.707106781186548,0.707106781186548,0.));
#6040=DIRECTION('',(0.,0.,1.));
#6041=DIRECTION('',(-0.707106781186548,0.707106781186548,0.));
#6042=DIRECTION('',(0.,0.,-1.));
#6043=DIRECTION('',(-1.,0.,0.));
#6044=DIRECTION('',(0.,0.,1.));
#6045=DIRECTION('',(-0.707106781186548,-0.707106781186548,0.));
#6046=DIRECTION('',(-1.,1.22464679914735E-16,0.));
#6047=DIRECTION('',(-6.12323399573677E-17,-1.,0.));
#6048=DIRECTION('',(-1.,6.12323399573677E-17,0.));
#6049=DIRECTION('',(0.,0.,1.));
#6050=DIRECTION('',(0.,0.,-1.));
#6051=DIRECTION('',(-0.707106781186548,-0.707106781186548,0.));
#6052=DIRECTION('',(0.,0.,-1.));
#6053=DIRECTION('',(1.,0.,0.));
#6054=DIRECTION('',(0.,0.,-1.));
#6055=DIRECTION('',(1.,0.,0.));
#6056=DIRECTION('',(0.,0.,-1.));
#6057=DIRECTION('',(1.,0.,0.));
#6058=DIRECTION('',(0.,0.,-1.));
#6059=DIRECTION('',(1.,0.,0.));
#6060=DIRECTION('',(0.,0.,-1.));
#6061=DIRECTION('',(1.,0.,0.));
#6062=DIRECTION('',(0.,0.,-1.));
#6063=DIRECTION('',(1.,0.,0.));
#6064=DIRECTION('',(0.,0.,-1.));
#6065=DIRECTION('',(1.,0.,0.));
#6066=DIRECTION('',(0.,0.,-1.));
#6067=DIRECTION('',(1.,0.,0.));
#6068=DIRECTION('',(0.,0.,-1.));
#6069=DIRECTION('',(1.,0.,0.));
#6070=DIRECTION('',(0.,0.,-1.));
#6071=DIRECTION('',(1.,0.,0.));
#6072=DIRECTION('',(0.,0.,-1.));
#6073=DIRECTION('',(1.,0.,0.));
#6074=DIRECTION('',(0.,0.,-1.));
#6075=DIRECTION('',(1.,0.,0.));
#6076=CARTESIAN_POINT('',(0.,0.,0.));
#6077=CARTESIAN_POINT('',(0.,0.,0.048));
#6078=CARTESIAN_POINT('',(0.0272503775285056,-0.0297503775285056,0.048));
#6079=CARTESIAN_POINT('',(0.031,-0.0260007550570111,0.048));
#6080=CARTESIAN_POINT('',(0.0260007550570111,-0.031,0.048));
#6081=CARTESIAN_POINT('',(0.031,-0.018,0.048));
#6082=CARTESIAN_POINT('',(0.031,0.0260007550570111,0.048));
#6083=CARTESIAN_POINT('',(0.0297503775285056,0.0272503775285056,0.048));
#6084=CARTESIAN_POINT('',(0.0260007550570111,0.031,0.048));
#6085=CARTESIAN_POINT('',(0.018,0.031,0.048));
#6086=CARTESIAN_POINT('',(-0.0260007550570111,0.031,0.048));
#6087=CARTESIAN_POINT('',(-0.0272503775285056,0.0297503775285056,0.048));
#6088=CARTESIAN_POINT('',(-0.031,0.0260007550570111,0.048));
#6089=CARTESIAN_POINT('',(-0.031,0.018,0.048));
#6090=CARTESIAN_POINT('',(-0.031,-0.0260007550570111,0.048));
#6091=CARTESIAN_POINT('',(-0.0297503775285056,-0.0272503775285056,0.048));
#6092=CARTESIAN_POINT('',(-0.0260007550570111,-0.031,0.048));
#6093=CARTESIAN_POINT('',(-0.018,-0.031,0.048));
#6094=CARTESIAN_POINT('',(-0.036,-0.036,0.032));
#6095=CARTESIAN_POINT('',(-0.031,-0.036,0.032));
#6096=CARTESIAN_POINT('',(-0.031,-0.036,0.032));
#6097=CARTESIAN_POINT('',(-0.031,-0.036,0.0380007550570111));
#6098=CARTESIAN_POINT('',(-0.018,-0.036,0.032));
#6099=CARTESIAN_POINT('',(0.031,-0.036,0.032));
#6100=CARTESIAN_POINT('',(0.031,-0.036,0.032));
#6101=CARTESIAN_POINT('',(0.031,-0.036,0.0380007550570111));
#6102=CARTESIAN_POINT('',(0.0157501887642528,-0.036,0.0532505662927584));
#6103=CARTESIAN_POINT('',(0.0260007550570111,-0.036,0.043));
#6104=CARTESIAN_POINT('',(-0.018,-0.036,0.043));
#6105=CARTESIAN_POINT('',(-0.0260007550570111,-0.036,0.043));
#6106=CARTESIAN_POINT('',(-0.0350001887642528,-0.036,0.0340005662927583));
#6107=CARTESIAN_POINT('',(0.036,-0.036,0.032));
#6108=CARTESIAN_POINT('',(0.036,0.016,0.032));
#6109=CARTESIAN_POINT('',(0.036,0.016,0.034));
#6110=CARTESIAN_POINT('',(0.036,0.016,0.032));
#6111=CARTESIAN_POINT('',(0.036,-0.018,0.032));
#6112=CARTESIAN_POINT('',(0.036,0.031,0.032));
#6113=CARTESIAN_POINT('',(0.036,0.031,0.032));
#6114=CARTESIAN_POINT('',(0.036,0.031,0.0380007550570111));
#6115=CARTESIAN_POINT('',(0.036,0.0157501887642528,0.0532505662927584));
#6116=CARTESIAN_POINT('',(0.036,0.0260007550570111,0.043));
#6117=CARTESIAN_POINT('',(0.036,-0.018,0.043));
#6118=CARTESIAN_POINT('',(0.036,-0.0260007550570111,0.043));
#6119=CARTESIAN_POINT('',(0.036,-0.0350001887642528,0.0340005662927583));
#6120=CARTESIAN_POINT('',(0.036,-0.031,0.0380007550570111));
#6121=CARTESIAN_POINT('',(0.036,-0.031,0.032));
#6122=CARTESIAN_POINT('',(0.036,-0.031,0.032));
#6123=CARTESIAN_POINT('',(0.036,-0.018,0.032));
#6124=CARTESIAN_POINT('',(0.036,-0.016,0.032));
#6125=CARTESIAN_POINT('',(0.036,-0.016,0.032));
#6126=CARTESIAN_POINT('',(0.036,-0.016,0.034));
#6127=CARTESIAN_POINT('',(0.036,-0.0193636634192233,0.0292430615732762));
#6128=CARTESIAN_POINT('',(0.036,-0.013,0.0382426406871192));
#6129=CARTESIAN_POINT('',(0.036,-0.018,0.0382426406871192));
#6130=CARTESIAN_POINT('',(0.036,0.013,0.0382426406871192));
#6131=CARTESIAN_POINT('',(0.036,0.00736366341922299,0.0462136243217534));
#6132=CARTESIAN_POINT('',(0.036,0.036,0.032));
#6133=CARTESIAN_POINT('',(-0.031,0.036,0.032));
#6134=CARTESIAN_POINT('',(-0.031,0.036,0.0380007550570111));
#6135=CARTESIAN_POINT('',(-0.031,0.036,0.032));
#6136=CARTESIAN_POINT('',(-0.0157501887642528,0.036,0.0532505662927584));
#6137=CARTESIAN_POINT('',(-0.0260007550570111,0.036,0.043));
#6138=CARTESIAN_POINT('',(0.018,0.036,0.043));
#6139=CARTESIAN_POINT('',(0.0260007550570111,0.036,0.043));
#6140=CARTESIAN_POINT('',(0.0350001887642528,0.036,0.0340005662927583));
#6141=CARTESIAN_POINT('',(0.031,0.036,0.0380007550570111));
#6142=CARTESIAN_POINT('',(0.031,0.036,0.032));
#6143=CARTESIAN_POINT('',(0.031,0.036,0.032));
#6144=CARTESIAN_POINT('',(0.018,0.036,0.032));
#6145=CARTESIAN_POINT('',(-0.0335,0.018,0.0455));
#6146=CARTESIAN_POINT('',(-0.036,-0.0260007550570111,0.043));
#6147=CARTESIAN_POINT('',(-0.036,-0.0260007550570111,0.043));
#6148=CARTESIAN_POINT('',(-0.031,0.0260007550570111,0.048));
#6149=CARTESIAN_POINT('',(-0.036,0.0260007550570111,0.043));
#6150=CARTESIAN_POINT('',(-0.036,0.018,0.043));
#6151=CARTESIAN_POINT('',(-0.018,-0.0335,0.0455));
#6152=CARTESIAN_POINT('',(0.0260007550570111,-0.036,0.043));
#6153=CARTESIAN_POINT('',(-0.0260007550570111,-0.031,0.048));
#6154=CARTESIAN_POINT('',(0.0335,-0.018,0.0455));
#6155=CARTESIAN_POINT('',(0.036,0.0260007550570111,0.043));
#6156=CARTESIAN_POINT('',(0.031,-0.0260007550570111,0.048));
#6157=CARTESIAN_POINT('',(0.0335,-0.0335,0.032));
#6158=CARTESIAN_POINT('',(0.0335,-0.0335,0.032));
#6159=CARTESIAN_POINT('',(0.036,-0.031,0.0380007550570111));
#6160=CARTESIAN_POINT('',(0.031,-0.036,0.0380007550570111));
#6161=CARTESIAN_POINT('',(-0.0335,-0.0335,0.032));
#6162=CARTESIAN_POINT('',(-0.0335,-0.0335,0.032));
#6163=CARTESIAN_POINT('',(-0.036,-0.031,0.032));
#6164=CARTESIAN_POINT('',(-0.031,-0.036,0.0380007550570111));
#6165=CARTESIAN_POINT('',(-0.036,-0.031,0.0380007550570111));
#6166=CARTESIAN_POINT('',(-0.036,-0.031,0.032));
#6167=CARTESIAN_POINT('',(-0.036,-0.031,0.0380007550570111));
#6168=CARTESIAN_POINT('',(-0.036,-0.0157501887642528,0.0532505662927584));
#6169=CARTESIAN_POINT('',(0.018,0.0335,0.0455));
#6170=CARTESIAN_POINT('',(-0.0260007550570111,0.036,0.043));
#6171=CARTESIAN_POINT('',(0.0260007550570111,0.031,0.048));
#6172=CARTESIAN_POINT('',(0.0335,0.0335,0.032));
#6173=CARTESIAN_POINT('',(0.0335,0.0335,0.032));
#6174=CARTESIAN_POINT('',(0.031,0.036,0.0380007550570111));
#6175=CARTESIAN_POINT('',(0.036,0.031,0.0380007550570111));
#6176=CARTESIAN_POINT('',(-0.0335,0.0335,0.032));
#6177=CARTESIAN_POINT('',(-0.0335,0.0335,0.032));
#6178=CARTESIAN_POINT('',(-0.036,0.031,0.032));
#6179=CARTESIAN_POINT('',(-0.036,0.031,0.032));
#6180=CARTESIAN_POINT('',(-0.036,0.031,0.0380007550570111));
#6181=CARTESIAN_POINT('',(-0.036,0.031,0.0380007550570111));
#6182=CARTESIAN_POINT('',(-0.036,-0.0333,0.032));
#6183=CARTESIAN_POINT('',(-0.0298816233815926,-0.0333,0.032));
#6184=CARTESIAN_POINT('',(-0.0298816233815926,-0.0333,0.032));
#6185=CARTESIAN_POINT('',(-0.0298816233815926,-0.0333,0.0371425944949826));
#6186=CARTESIAN_POINT('',(-0.0355121089382876,-0.0333,0.0315121089382877));
#6187=CARTESIAN_POINT('',(-0.0251425944949826,-0.0333,0.0418816233815926));
#6188=CARTESIAN_POINT('',(-0.018,-0.0333,0.0418816233815926));
#6189=CARTESIAN_POINT('',(0.0251425944949826,-0.0333,0.0418816233815926));
#6190=CARTESIAN_POINT('',(-0.000487891061712355,-0.0333,0.0675121089382876));
#6191=CARTESIAN_POINT('',(0.0298816233815926,-0.0333,0.0371425944949826));
#6192=CARTESIAN_POINT('',(0.0298816233815926,-0.0333,0.032));
#6193=CARTESIAN_POINT('',(0.0298816233815926,-0.0333,0.032));
#6194=CARTESIAN_POINT('',(0.,-0.0333,0.032));
#6195=CARTESIAN_POINT('',(0.036,0.0333,0.032));
#6196=CARTESIAN_POINT('',(-0.0298816233815926,0.0333,0.032));
#6197=CARTESIAN_POINT('',(-0.0298816233815926,0.0333,0.0371425944949826));
#6198=CARTESIAN_POINT('',(-0.0298816233815926,0.0333,0.032));
#6199=CARTESIAN_POINT('',(0.,0.0333,0.032));
#6200=CARTESIAN_POINT('',(0.0298816233815926,0.0333,0.032));
#6201=CARTESIAN_POINT('',(0.0298816233815926,0.0333,0.032));
#6202=CARTESIAN_POINT('',(0.0298816233815926,0.0333,0.0371425944949826));
#6203=CARTESIAN_POINT('',(0.0355121089382876,0.0333,0.0315121089382877));
#6204=CARTESIAN_POINT('',(0.0251425944949826,0.0333,0.0418816233815926));
#6205=CARTESIAN_POINT('',(0.018,0.0333,0.0418816233815926));
#6206=CARTESIAN_POINT('',(-0.0251425944949826,0.0333,0.0418816233815926));
#6207=CARTESIAN_POINT('',(0.000487891061712355,0.0333,0.0675121089382876));
#6208=CARTESIAN_POINT('',(-0.0315908116907963,0.018,0.0435908116907963));
#6209=CARTESIAN_POINT('',(-0.0315908116907963,-0.0251425944949826,0.0435908116907963));
#6210=CARTESIAN_POINT('',(-0.0298816233815926,-0.0251425944949826,0.0453));
#6211=CARTESIAN_POINT('',(-0.0333,-0.0251425944949826,0.0418816233815926));
#6212=CARTESIAN_POINT('',(-0.0333,0.018,0.0418816233815926));
#6213=CARTESIAN_POINT('',(-0.0333,0.0251425944949826,0.0418816233815926));
#6214=CARTESIAN_POINT('',(-0.0315908116907963,0.0251425944949826,0.0435908116907963));
#6215=CARTESIAN_POINT('',(-0.0298816233815926,0.0251425944949826,0.0453));
#6216=CARTESIAN_POINT('',(-0.0298816233815926,0.018,0.0453));
#6217=CARTESIAN_POINT('',(-0.018,-0.0315908116907963,0.0435908116907963));
#6218=CARTESIAN_POINT('',(0.0251425944949826,-0.0315908116907963,0.0435908116907963));
#6219=CARTESIAN_POINT('',(0.0251425944949826,-0.0298816233815926,0.0453));
#6220=CARTESIAN_POINT('',(-0.0251425944949826,-0.0315908116907963,0.0435908116907963));
#6221=CARTESIAN_POINT('',(-0.0251425944949826,-0.0298816233815926,0.0453));
#6222=CARTESIAN_POINT('',(-0.018,-0.0298816233815926,0.0453));
#6223=CARTESIAN_POINT('',(0.0315908116907963,-0.018,0.0435908116907963));
#6224=CARTESIAN_POINT('',(0.0315908116907963,0.0251425944949826,0.0435908116907963));
#6225=CARTESIAN_POINT('',(0.0298816233815926,0.0251425944949826,0.0453));
#6226=CARTESIAN_POINT('',(0.0333,0.0251425944949826,0.0418816233815926));
#6227=CARTESIAN_POINT('',(0.0333,-0.018,0.0418816233815926));
#6228=CARTESIAN_POINT('',(0.0333,-0.0251425944949826,0.0418816233815926));
#6229=CARTESIAN_POINT('',(0.0315908116907963,-0.0251425944949826,0.0435908116907963));
#6230=CARTESIAN_POINT('',(0.0298816233815926,-0.0251425944949826,0.0453));
#6231=CARTESIAN_POINT('',(0.0298816233815926,-0.018,0.0453));
#6232=CARTESIAN_POINT('',(0.0315908116907963,-0.0315908116907963,0.032));
#6233=CARTESIAN_POINT('',(0.0315908116907963,-0.0315908116907963,0.032));
#6234=CARTESIAN_POINT('',(0.0333,-0.0298816233815926,0.032));
#6235=CARTESIAN_POINT('',(0.0315908116907963,-0.0315908116907963,0.0371425944949826));
#6236=CARTESIAN_POINT('',(0.0333,-0.0298816233815926,0.0371425944949826));
#6237=CARTESIAN_POINT('',(0.0333,-0.0298816233815926,0.032));
#6238=CARTESIAN_POINT('',(-0.0315908116907963,-0.0315908116907963,0.032));
#6239=CARTESIAN_POINT('',(-0.0315908116907963,-0.0315908116907963,0.032));
#6240=CARTESIAN_POINT('',(-0.0333,-0.0298816233815926,0.032));
#6241=CARTESIAN_POINT('',(-0.0333,-0.0298816233815926,0.032));
#6242=CARTESIAN_POINT('',(-0.0333,-0.0298816233815926,0.0371425944949826));
#6243=CARTESIAN_POINT('',(-0.0315908116907963,-0.0315908116907963,0.0371425944949826));
#6244=CARTESIAN_POINT('',(0.018,0.0315908116907963,0.0435908116907963));
#6245=CARTESIAN_POINT('',(-0.0251425944949826,0.0315908116907963,0.0435908116907963));
#6246=CARTESIAN_POINT('',(-0.0251425944949826,0.0298816233815926,0.0453));
#6247=CARTESIAN_POINT('',(0.0251425944949826,0.0315908116907963,0.0435908116907963));
#6248=CARTESIAN_POINT('',(0.0251425944949826,0.0298816233815926,0.0453));
#6249=CARTESIAN_POINT('',(0.018,0.0298816233815926,0.0453));
#6250=CARTESIAN_POINT('',(0.0315908116907963,0.0315908116907963,0.032));
#6251=CARTESIAN_POINT('',(0.0315908116907963,0.0315908116907963,0.032));
#6252=CARTESIAN_POINT('',(0.0333,0.0298816233815926,0.032));
#6253=CARTESIAN_POINT('',(0.0333,0.0298816233815926,0.032));
#6254=CARTESIAN_POINT('',(0.0333,0.0298816233815926,0.0371425944949826));
#6255=CARTESIAN_POINT('',(0.0315908116907963,0.0315908116907963,0.0371425944949826));
#6256=CARTESIAN_POINT('',(-0.0315908116907963,0.0315908116907963,0.032));
#6257=CARTESIAN_POINT('',(-0.0315908116907963,0.0315908116907963,0.032));
#6258=CARTESIAN_POINT('',(-0.0333,0.0298816233815926,0.032));
#6259=CARTESIAN_POINT('',(-0.0315908116907963,0.0315908116907963,0.0371425944949826));
#6260=CARTESIAN_POINT('',(-0.0333,0.0298816233815926,0.0371425944949826));
#6261=CARTESIAN_POINT('',(-0.0333,0.0298816233815926,0.032));
#6262=CARTESIAN_POINT('',(0.0333,-0.036,0.032));
#6263=CARTESIAN_POINT('',(0.0333,-0.0163,0.032));
#6264=CARTESIAN_POINT('',(0.0333,-0.0163,0.0340953511735587));
#6265=CARTESIAN_POINT('',(0.0333,-0.0163,0.032));
#6266=CARTESIAN_POINT('',(0.0333,0.,0.032));
#6267=CARTESIAN_POINT('',(0.0333,-0.0355121089382876,0.0315121089382877));
#6268=CARTESIAN_POINT('',(0.0333,-0.000487891061712355,0.0675121089382876));
#6269=CARTESIAN_POINT('',(0.0333,0.,0.032));
#6270=CARTESIAN_POINT('',(0.0333,0.0163,0.032));
#6271=CARTESIAN_POINT('',(0.0333,0.0163,0.032));
#6272=CARTESIAN_POINT('',(0.0333,0.0163,0.0340953511735587));
#6273=CARTESIAN_POINT('',(0.0333,-0.000145575317473452,0.0573529068285573));
#6274=CARTESIAN_POINT('',(0.0333,0.0131552914270615,0.0385426406871192));
#6275=CARTESIAN_POINT('',(0.0333,-0.036,0.0385426406871192));
#6276=CARTESIAN_POINT('',(0.0333,-0.0131552914270615,0.0385426406871192));
#6277=CARTESIAN_POINT('',(0.0333,-0.0238544246825272,0.0234117813316028));
#6278=CARTESIAN_POINT('',(0.0324929289321881,0.,0.0304929289321882));
#6279=CARTESIAN_POINT('',(0.0337030151519016,0.,0.0292828427124746));
#6280=CARTESIAN_POINT('',(0.0337030151519016,0.016,0.0292828427124746));
#6281=CARTESIAN_POINT('',(0.0337030151519016,-0.016,0.0292828427124746));
#6282=CARTESIAN_POINT('',(0.0322233221510016,0.016,0.0307625357133747));
#6283=CARTESIAN_POINT('',(0.0324858578643763,0.016,0.0305));
#6284=CARTESIAN_POINT('',(0.0324858578643763,0.,0.0305));
#6285=CARTESIAN_POINT('',(0.0324858578643763,-0.016,0.0305));
#6286=CARTESIAN_POINT('',(0.0322233221510016,-0.016,0.0307625357133747));
#6287=CARTESIAN_POINT('',(0.0311715728752524,0.,0.0290000000000017));
#6288=CARTESIAN_POINT('',(0.0303786796564405,0.,0.0297928932188136));
#6289=CARTESIAN_POINT('',(0.0303786796564405,0.016,0.0297928932188136));
#6290=CARTESIAN_POINT('',(0.0303786796564405,-0.016,0.0297928932188136));
#6291=CARTESIAN_POINT('',(0.0311715728752524,0.016,0.0290000000000017));
#6292=CARTESIAN_POINT('',(0.0311715728752524,0.016,0.0290000000000017));
#6293=CARTESIAN_POINT('',(0.0311715728752524,0.,0.0290000000000017));
#6294=CARTESIAN_POINT('',(0.0311715728752524,-0.016,0.0290000000000017));
#6295=CARTESIAN_POINT('',(0.0311715728752524,-0.016,0.0290000000000017));
#6296=CARTESIAN_POINT('',(0.0359929289321881,0.,0.0340070710678118));
#6297=CARTESIAN_POINT('',(0.0346804289321881,0.016,0.0326945710678119));
#6298=CARTESIAN_POINT('',(0.0339858578643763,0.016,0.032));
#6299=CARTESIAN_POINT('',(0.0339858578643763,0.,0.032));
#6300=CARTESIAN_POINT('',(0.0339858578643763,-0.016,0.032));
#6301=CARTESIAN_POINT('',(0.0346804289321881,-0.016,0.0326945710678119));
#6302=CARTESIAN_POINT('',(0.,0.,0.032));
#6303=CARTESIAN_POINT('',(-0.021,0.004,0.032));
#6304=CARTESIAN_POINT('',(-0.033,0.016,0.032));
#6305=CARTESIAN_POINT('',(-0.0333,0.0163,0.032));
#6306=CARTESIAN_POINT('',(0.032835786437627,0.016,0.032));
#6307=CARTESIAN_POINT('',(-0.0339858578643762,0.016,0.032));
#6308=CARTESIAN_POINT('',(-0.0339858578643763,0.,0.032));
#6309=CARTESIAN_POINT('',(-0.0339858578643762,-0.016,0.032));
#6310=CARTESIAN_POINT('',(0.032835786437627,-0.016,0.032));
#6311=CARTESIAN_POINT('',(-0.033,-0.016,0.032));
#6312=CARTESIAN_POINT('',(-0.021,-0.004,0.032));
#6313=CARTESIAN_POINT('',(-0.0333,-0.0163,0.032));
#6314=CARTESIAN_POINT('',(-0.0333,0.,0.032));
#6315=CARTESIAN_POINT('',(0.021,-0.004,0.032));
#6316=CARTESIAN_POINT('',(0.033,-0.016,0.032));
#6317=CARTESIAN_POINT('',(0.0334178932188135,-0.016,0.032));
#6318=CARTESIAN_POINT('',(0.0334178932188135,0.016,0.032));
#6319=CARTESIAN_POINT('',(0.033,0.016,0.032));
#6320=CARTESIAN_POINT('',(0.021,0.004,0.032));
#6321=CARTESIAN_POINT('',(-0.0333,0.,0.032));
#6322=CARTESIAN_POINT('',(0.,0.016,0.032));
#6323=CARTESIAN_POINT('',(-0.0348,0.016,0.032));
#6324=CARTESIAN_POINT('',(-0.036,0.016,0.032));
#6325=CARTESIAN_POINT('',(-0.036,0.018,0.032));
#6326=CARTESIAN_POINT('',(0.,0.016,0.032));
#6327=CARTESIAN_POINT('',(0.0348,0.016,0.032));
#6328=CARTESIAN_POINT('',(0.0348,0.,0.032));
#6329=CARTESIAN_POINT('',(0.0348,-0.016,0.032));
#6330=CARTESIAN_POINT('',(0.,-0.016,0.032));
#6331=CARTESIAN_POINT('',(-0.036,0.018,0.032));
#6332=CARTESIAN_POINT('',(-0.036,-0.016,0.032));
#6333=CARTESIAN_POINT('',(0.,-0.016,0.032));
#6334=CARTESIAN_POINT('',(-0.0348,-0.016,0.032));
#6335=CARTESIAN_POINT('',(-0.0348,0.,0.032));
#6336=CARTESIAN_POINT('',(0.032835786437627,0.016,0.0319142135623731));
#6337=CARTESIAN_POINT('',(0.03575,0.016,0.03375));
#6338=CARTESIAN_POINT('',(0.0348,0.016,0.0328));
#6339=CARTESIAN_POINT('',(0.0348,0.016,0.032));
#6340=CARTESIAN_POINT('',(0.032835786437627,-0.016,0.0319142135623731));
#6341=CARTESIAN_POINT('',(0.03575,-0.016,0.03375));
#6342=CARTESIAN_POINT('',(0.0348,-0.016,0.0328));
#6343=CARTESIAN_POINT('',(0.0348,-0.016,0.032));
#6344=CARTESIAN_POINT('',(0.032835786437627,0.016,0.0319142135623731));
#6345=CARTESIAN_POINT('',(-0.033,0.016,0.0319142135623731));
#6346=CARTESIAN_POINT('',(-0.033,0.016,0.0338284271247462));
#6347=CARTESIAN_POINT('',(-0.0296715728752539,0.016,0.0305));
#6348=CARTESIAN_POINT('',(-0.0303786796564405,0.016,0.0312071067811867));
#6349=CARTESIAN_POINT('',(-0.0303786796564405,0.016,0.0305));
#6350=CARTESIAN_POINT('',(-0.0303786796564405,0.016,0.0297928932188136));
#6351=CARTESIAN_POINT('',(-0.0311715728752524,0.016,0.0290000000000017));
#6352=CARTESIAN_POINT('',(-0.0311715728752524,0.016,0.0290000000000017));
#6353=CARTESIAN_POINT('',(0.034,0.016,0.029));
#6354=CARTESIAN_POINT('',(-0.0335858578643763,0.016,0.029));
#6355=CARTESIAN_POINT('',(-0.033644436508139,0.016,0.0291414213562374));
#6356=CARTESIAN_POINT('',(-0.0337030151519016,0.016,0.0292828427124746));
#6357=CARTESIAN_POINT('',(-0.0324929289321881,0.016,0.0304929289321882));
#6358=CARTESIAN_POINT('',(-0.0324858578643762,0.016,0.0305));
#6359=CARTESIAN_POINT('',(-0.0359929289321881,0.016,0.0340070710678118));
#6360=CARTESIAN_POINT('',(0.034,0.,0.029));
#6361=CARTESIAN_POINT('',(-0.033585857864393,0.,0.0290000000000406));
#6362=CARTESIAN_POINT('',(-0.0335858578643763,-0.016,0.029));
#6363=CARTESIAN_POINT('',(-0.031171572875215,0.,0.0290000000000391));
#6364=CARTESIAN_POINT('',(-0.0311715728752524,-0.016,0.0290000000000017));
#6365=CARTESIAN_POINT('',(0.034,-0.016,0.029));
#6366=CARTESIAN_POINT('',(-0.0359929289321881,0.,0.0340070710678118));
#6367=CARTESIAN_POINT('',(-0.0324858578643763,0.,0.0305));
#6368=CARTESIAN_POINT('',(-0.0324858578643762,-0.016,0.0305));
#6369=CARTESIAN_POINT('',(-0.0359929289321881,-0.016,0.0340070710678118));
#6370=CARTESIAN_POINT('',(-0.036,0.036,0.032));
#6371=CARTESIAN_POINT('',(-0.036,0.016,0.032));
#6372=CARTESIAN_POINT('',(-0.036,0.016,0.034));
#6373=CARTESIAN_POINT('',(-0.036,0.0193636634192233,0.0292430615732762));
#6374=CARTESIAN_POINT('',(-0.036,0.013,0.0382426406871192));
#6375=CARTESIAN_POINT('',(-0.036,0.018,0.0382426406871192));
#6376=CARTESIAN_POINT('',(-0.036,-0.013,0.0382426406871192));
#6377=CARTESIAN_POINT('',(-0.036,-0.00736366341922302,0.0462136243217534));
#6378=CARTESIAN_POINT('',(-0.036,-0.016,0.034));
#6379=CARTESIAN_POINT('',(-0.036,-0.016,0.032));
#6380=CARTESIAN_POINT('',(-0.036,0.0350001887642528,0.0340005662927583));
#6381=CARTESIAN_POINT('',(0.032835786437627,0.016,0.0319142135623731));
#6382=CARTESIAN_POINT('',(-0.03575,0.016,0.03375));
#6383=CARTESIAN_POINT('',(-0.0348,0.016,0.0328));
#6384=CARTESIAN_POINT('',(-0.0348,0.016,0.0319142135623736));
#6385=CARTESIAN_POINT('',(0.032835786437627,-0.016,0.0319142135623731));
#6386=CARTESIAN_POINT('',(-0.03575,-0.016,0.03375));
#6387=CARTESIAN_POINT('',(-0.0348,-0.016,0.0328));
#6388=CARTESIAN_POINT('',(-0.0348,-0.016,0.0319142135623736));
#6389=CARTESIAN_POINT('',(0.0348,0.,0.032));
#6390=CARTESIAN_POINT('',(0.0348,-0.0127979779942739,0.0373283429475148));
#6391=CARTESIAN_POINT('',(0.0348,-0.013,0.0370426406871192));
#6392=CARTESIAN_POINT('',(0.0348,0.0127979779942739,0.0373283429475148));
#6393=CARTESIAN_POINT('',(0.0348,0.013,0.0370426406871192));
#6394=CARTESIAN_POINT('',(0.0348,0.,0.0370426406871192));
#6395=CARTESIAN_POINT('',(0.0346893398282202,0.0145,0.0348106601717798));
#6396=CARTESIAN_POINT('',(0.0336286796564404,0.013,0.0358713203435597));
#6397=CARTESIAN_POINT('',(0.0326786796564404,0.,0.0349213203435597));
#6398=CARTESIAN_POINT('',(0.0336286796564404,-0.013,0.0358713203435597));
#6399=CARTESIAN_POINT('',(0.0346893398282202,-0.0145,0.0348106601717798));
#6400=CARTESIAN_POINT('',(-0.0348,0.,0.032));
#6401=CARTESIAN_POINT('',(-0.0348,0.0127979779942739,0.0373283429475148));
#6402=CARTESIAN_POINT('',(-0.0348,0.013,0.0370426406871192));
#6403=CARTESIAN_POINT('',(-0.0348,-0.0127979779942739,0.0373283429475148));
#6404=CARTESIAN_POINT('',(-0.0348,-0.013,0.0370426406871192));
#6405=CARTESIAN_POINT('',(-0.0348,0.,0.0370426406871192));
#6406=CARTESIAN_POINT('',(-0.0346893398282202,-0.0145,0.0348106601717798));
#6407=CARTESIAN_POINT('',(-0.0336286796564404,-0.013,0.0358713203435597));
#6408=CARTESIAN_POINT('',(-0.0326786796564404,0.,0.0349213203435597));
#6409=CARTESIAN_POINT('',(-0.0336286796564404,0.013,0.0358713203435597));
#6410=CARTESIAN_POINT('',(-0.0346893398282202,0.0145,0.0348106601717798));
#6411=CARTESIAN_POINT('',(0.0303786796564405,0.,0.0305));
#6412=CARTESIAN_POINT('',(0.0303786796564405,0.016,0.0312071067811866));
#6413=CARTESIAN_POINT('',(0.0303786796564405,0.016,0.0312071067811866));
#6414=CARTESIAN_POINT('',(0.0303786796564405,-0.016,0.0312071067811866));
#6415=CARTESIAN_POINT('',(0.0303786796564405,-0.016,0.0312071067811866));
#6416=CARTESIAN_POINT('',(0.0303786796564405,0.,0.0312071067811866));
#6417=CARTESIAN_POINT('',(-0.0311715728752524,0.,0.0290000000000017));
#6418=CARTESIAN_POINT('',(-0.0303786796564405,0.,0.0297928932188136));
#6419=CARTESIAN_POINT('',(-0.0303786796564405,-0.016,0.0297928932188136));
#6420=CARTESIAN_POINT('',(-0.0311715728752524,-0.016,0.0290000000000017));
#6421=CARTESIAN_POINT('',(-0.0303786796564405,0.,0.0305));
#6422=CARTESIAN_POINT('',(-0.0303786796564405,0.,0.0312071067811866));
#6423=CARTESIAN_POINT('',(-0.0303786796564405,-0.016,0.0312071067811867));
#6424=CARTESIAN_POINT('',(-0.0303786796564405,-0.016,0.0305));
#6425=CARTESIAN_POINT('',(0.032835786437627,-0.016,0.0319142135623731));
#6426=CARTESIAN_POINT('',(-0.0324929289321881,-0.016,0.0304929289321882));
#6427=CARTESIAN_POINT('',(-0.0337030151519016,-0.016,0.0292828427124746));
#6428=CARTESIAN_POINT('',(-0.033644436508139,-0.016,0.0291414213562374));
#6429=CARTESIAN_POINT('',(-0.0296715728752539,-0.016,0.0305));
#6430=CARTESIAN_POINT('',(-0.033,-0.016,0.0338284271247462));
#6431=CARTESIAN_POINT('',(-0.033,-0.016,0.0319142135623731));
#6432=CARTESIAN_POINT('',(-0.0324929289321881,0.,0.0304929289321882));
#6433=CARTESIAN_POINT('',(-0.0337030151519016,0.,0.0292828427124746));
#6434=CARTESIAN_POINT('',(-0.033644436508139,0.,0.0291414213562374));
#6435=CARTESIAN_POINT('',(0.034,0.,0.029));
#6436=CARTESIAN_POINT('',(0.0335858578643763,0.,0.029));
#6437=CARTESIAN_POINT('',(0.0335858578643763,-0.016,0.029));
#6438=CARTESIAN_POINT('',(0.0335858578643763,0.016,0.029));
#6439=CARTESIAN_POINT('',(0.034,-0.016,0.029));
#6440=CARTESIAN_POINT('',(0.034,0.016,0.029));
#6441=CARTESIAN_POINT('',(0.033644436508139,0.,0.0291414213562374));
#6442=CARTESIAN_POINT('',(0.0340753895205726,0.016,0.0301818339635994));
#6443=CARTESIAN_POINT('',(0.0340753895205726,-0.016,0.0301818339635994));
#6444=CARTESIAN_POINT('',(0.032835786437627,0.016,0.0319142135623731));
#6445=CARTESIAN_POINT('',(0.033,0.016,0.0337677669529663));
#6446=CARTESIAN_POINT('',(0.033,0.016,0.0338284271247462));
#6447=CARTESIAN_POINT('',(0.0296715728752539,0.016,0.0305));
#6448=CARTESIAN_POINT('',(0.032835786437627,-0.016,0.0319142135623731));
#6449=CARTESIAN_POINT('',(0.033,-0.016,0.0337677669529663));
#6450=CARTESIAN_POINT('',(0.033,-0.016,0.0338284271247462));
#6451=CARTESIAN_POINT('',(0.0296715728752539,-0.016,0.0305));
#6452=CARTESIAN_POINT('',(0.0296715728752539,0.,0.0305));
#6453=CARTESIAN_POINT('',(0.033,0.,0.0338284271247462));
#6454=CARTESIAN_POINT('',(0.033,0.,0.0356213203435596));
#6455=CARTESIAN_POINT('',(0.033,-0.016,0.0338106601717798));
#6456=CARTESIAN_POINT('',(0.033,-0.016,0.034));
#6457=CARTESIAN_POINT('',(0.033,-0.0130429361730672,0.0381819197688512));
#6458=CARTESIAN_POINT('',(0.033,-0.013,0.0382426406871192));
#6459=CARTESIAN_POINT('',(0.033,-0.00675881904510252,0.0382426406871192));
#6460=CARTESIAN_POINT('',(0.033,0.013,0.0382426406871192));
#6461=CARTESIAN_POINT('',(0.033,0.0113017552181697,0.0406443214898129));
#6462=CARTESIAN_POINT('',(0.033,0.016,0.034));
#6463=CARTESIAN_POINT('',(0.033,0.016,0.0349695787943777));
#6464=CARTESIAN_POINT('',(0.0335,-0.0165,0.0338106601717798));
#6465=CARTESIAN_POINT('',(0.033,-0.016,0.034));
#6466=CARTESIAN_POINT('',(0.0335,-0.013451184463531,0.038470594903446));
#6467=CARTESIAN_POINT('',(0.033,-0.013,0.0382426406871192));
#6468=CARTESIAN_POINT('',(0.0335,-0.00675881904510252,0.0387426406871192));
#6469=CARTESIAN_POINT('',(0.033,0.013,0.0382426406871192));
#6470=CARTESIAN_POINT('',(0.0335,0.0117100035086335,0.0409329966244077));
#6471=CARTESIAN_POINT('',(0.033,0.016,0.034));
#6472=CARTESIAN_POINT('',(0.0335,0.0165,0.0349695787943777));
#6473=CARTESIAN_POINT('',(-0.0333,0.036,0.032));
#6474=CARTESIAN_POINT('',(-0.0333,-0.0163,0.032));
#6475=CARTESIAN_POINT('',(-0.0333,-0.0163,0.0340953511735587));
#6476=CARTESIAN_POINT('',(-0.0333,0.000145575317473397,0.0573529068285573));
#6477=CARTESIAN_POINT('',(-0.0333,-0.0131552914270615,0.0385426406871192));
#6478=CARTESIAN_POINT('',(-0.0333,0.036,0.0385426406871192));
#6479=CARTESIAN_POINT('',(-0.0333,0.0131552914270615,0.0385426406871192));
#6480=CARTESIAN_POINT('',(-0.0333,0.0238544246825272,0.0234117813316028));
#6481=CARTESIAN_POINT('',(-0.0333,0.0163,0.0340953511735587));
#6482=CARTESIAN_POINT('',(-0.0333,0.0163,0.032));
#6483=CARTESIAN_POINT('',(-0.0333,0.0355121089382876,0.0315121089382877));
#6484=CARTESIAN_POINT('',(-0.0333,0.000487891061712355,0.0675121089382876));
#6485=CARTESIAN_POINT('',(-0.0296715728752539,0.,0.0305));
#6486=CARTESIAN_POINT('',(-0.033,0.,0.0338284271247462));
#6487=CARTESIAN_POINT('',(-0.033,0.,0.0356213203435596));
#6488=CARTESIAN_POINT('',(-0.033,0.016,0.0349695787943777));
#6489=CARTESIAN_POINT('',(-0.033,0.016,0.034));
#6490=CARTESIAN_POINT('',(-0.033,0.0113017552181697,0.0406443214898129));
#6491=CARTESIAN_POINT('',(-0.033,0.013,0.0382426406871192));
#6492=CARTESIAN_POINT('',(-0.033,-0.00675881904510252,0.0382426406871192));
#6493=CARTESIAN_POINT('',(-0.033,-0.013,0.0382426406871192));
#6494=CARTESIAN_POINT('',(-0.033,-0.0130429361730672,0.0381819197688512));
#6495=CARTESIAN_POINT('',(-0.033,-0.016,0.034));
#6496=CARTESIAN_POINT('',(-0.033,-0.016,0.0338106601717798));
#6497=CARTESIAN_POINT('',(-0.0335,0.0165,0.0349695787943777));
#6498=CARTESIAN_POINT('',(-0.033,0.016,0.034));
#6499=CARTESIAN_POINT('',(-0.0335,0.0117100035086335,0.0409329966244077));
#6500=CARTESIAN_POINT('',(-0.033,0.013,0.0382426406871192));
#6501=CARTESIAN_POINT('',(-0.0335,-0.00675881904510252,0.0387426406871192));
#6502=CARTESIAN_POINT('',(-0.033,-0.013,0.0382426406871192));
#6503=CARTESIAN_POINT('',(-0.0335,-0.013451184463531,0.038470594903446));
#6504=CARTESIAN_POINT('',(-0.033,-0.016,0.034));
#6505=CARTESIAN_POINT('',(-0.0335,-0.0165,0.0338106601717798));
#6506=CARTESIAN_POINT('',(0.,0.,0.046));
#6507=CARTESIAN_POINT('',(-0.02,-0.02,0.046));
#6508=CARTESIAN_POINT('',(-0.01905,-0.02,0.046));
#6509=CARTESIAN_POINT('',(0.,0.,0.046));
#6510=CARTESIAN_POINT('',(0.,0.,0.046));
#6511=CARTESIAN_POINT('',(0.0155,0.,0.046));
#6512=CARTESIAN_POINT('',(0.,0.,0.046));
#6513=CARTESIAN_POINT('',(0.02,-0.02,0.046));
#6514=CARTESIAN_POINT('',(0.02,-0.01905,0.046));
#6515=CARTESIAN_POINT('',(-0.0344411542731881,-0.029441154273188,0.0364419093301991));
#6516=CARTESIAN_POINT('',(-0.0112254838832792,-0.00981127032090615,0.0792874636723899));
#6517=CARTESIAN_POINT('',(-0.0282192157194742,-0.0268050021571011,0.0453));
#6518=CARTESIAN_POINT('',(-0.0297692157194742,-0.0283550021571011,0.0422));
#6519=CARTESIAN_POINT('',(-0.00928227995160665,-0.0488419379249687,0.0422));
#6520=CARTESIAN_POINT('',(-0.0283550021571011,-0.0297692157194742,0.0422));
#6521=CARTESIAN_POINT('',(-0.00670570369846294,-0.008119917260836,0.0854985969172764));
#6522=CARTESIAN_POINT('',(-0.0268050021571011,-0.0282192157194742,0.0453));
#6523=CARTESIAN_POINT('',(-0.0275121089382876,-0.0275121089382876,0.0453));
#6524=CARTESIAN_POINT('',(-0.0275121089382876,-0.0275121089382876,0.0453));
#6525=CARTESIAN_POINT('',(0.019779828986681,-0.019779828986681,0.0422));
#6526=CARTESIAN_POINT('',(0.000707106781186507,-0.000707106781186535,0.0422));
#6527=CARTESIAN_POINT('',(-0.0222486604814573,-0.0236628740438305,0.0422));
#6528=CARTESIAN_POINT('',(-0.000707106781186549,0.000707106781186517,0.0422));
#6529=CARTESIAN_POINT('',(-0.0236628740438304,-0.0222486604814573,0.0422));
#6530=CARTESIAN_POINT('',(-0.0145,-0.0145,0.0422));
#6531=CARTESIAN_POINT('',(-0.02,-0.02,0.046));
#6532=CARTESIAN_POINT('',(-0.02,-0.02,0.0422));
#6533=CARTESIAN_POINT('',(-0.02095,-0.02,0.0422));
#6534=CARTESIAN_POINT('',(0.0220619797891107,0.0234761933514838,0.046));
#6535=CARTESIAN_POINT('',(-0.000707106781186534,0.000707106781186533,0.0453));
#6536=CARTESIAN_POINT('',(-0.0236628740438304,-0.0222486604814573,0.0453));
#6537=CARTESIAN_POINT('',(-0.0236628740438304,-0.0222486604814573,0.046));
#6538=CARTESIAN_POINT('',(-0.0265,0.0245,0.046));
#6539=CARTESIAN_POINT('',(-0.0265,-0.0145,0.046));
#6540=CARTESIAN_POINT('',(-0.0265,-0.0145,0.0453));
#6541=CARTESIAN_POINT('',(-0.0265,-0.0145,0.0406));
#6542=CARTESIAN_POINT('',(-0.0265,0.,0.0453));
#6543=CARTESIAN_POINT('',(-0.0265,0.0145,0.0453));
#6544=CARTESIAN_POINT('',(-0.0265,0.0145,0.046));
#6545=CARTESIAN_POINT('',(-0.0265,0.0145,0.0406));
#6546=CARTESIAN_POINT('',(-0.0265,0.0265,0.0406));
#6547=CARTESIAN_POINT('',(0.029441154273188,-0.0344411542731881,0.0364419093301991));
#6548=CARTESIAN_POINT('',(0.00981127032090615,-0.0112254838832792,0.0792874636723899));
#6549=CARTESIAN_POINT('',(0.0268050021571011,-0.0282192157194742,0.0453));
#6550=CARTESIAN_POINT('',(0.0283550021571011,-0.0297692157194742,0.0422));
#6551=CARTESIAN_POINT('',(0.0290621089382877,-0.0290621089382877,0.0422));
#6552=CARTESIAN_POINT('',(0.0297692157194742,-0.0283550021571011,0.0422));
#6553=CARTESIAN_POINT('',(0.008119917260836,-0.00670570369846294,0.0854985969172764));
#6554=CARTESIAN_POINT('',(0.0282192157194742,-0.0268050021571011,0.0453));
#6555=CARTESIAN_POINT('',(0.0275121089382876,-0.0275121089382876,0.0453));
#6556=CARTESIAN_POINT('',(0.0275121089382876,-0.0275121089382876,0.0453));
#6557=CARTESIAN_POINT('',(0.019779828986681,-0.019779828986681,0.0422));
#6558=CARTESIAN_POINT('',(0.0204869357678676,-0.0190727222054944,0.0422));
#6559=CARTESIAN_POINT('',(0.0236628740438305,-0.0222486604814573,0.0422));
#6560=CARTESIAN_POINT('',(0.0190727222054945,-0.0204869357678675,0.0422));
#6561=CARTESIAN_POINT('',(0.0222486604814573,-0.0236628740438304,0.0422));
#6562=CARTESIAN_POINT('',(0.0145,-0.0145,0.0422));
#6563=CARTESIAN_POINT('',(0.02,-0.02,0.046));
#6564=CARTESIAN_POINT('',(0.02,-0.02,0.0422));
#6565=CARTESIAN_POINT('',(0.02,-0.01905,0.0422));
#6566=CARTESIAN_POINT('',(-0.0234761933514838,0.0220619797891107,0.046));
#6567=CARTESIAN_POINT('',(-0.000707106781186533,-0.000707106781186534,0.0453));
#6568=CARTESIAN_POINT('',(0.0222486604814573,-0.0236628740438304,0.0453));
#6569=CARTESIAN_POINT('',(0.0222486604814573,-0.0236628740438304,0.046));
#6570=CARTESIAN_POINT('',(0.,0.,0.046));
#6571=CARTESIAN_POINT('',(0.,0.,0.0442));
#6572=CARTESIAN_POINT('',(-0.0253,-0.00318747549010184,0.0442));
#6573=CARTESIAN_POINT('',(-0.00318747549010181,-0.0253,0.0442));
#6574=CARTESIAN_POINT('',(-0.00318747549010181,-0.0253,0.046));
#6575=CARTESIAN_POINT('',(-0.00318747549010181,-0.0253,0.0422));
#6576=CARTESIAN_POINT('',(0.,0.,0.0422));
#6577=CARTESIAN_POINT('',(-0.0253,-0.00318747549010184,0.0422));
#6578=CARTESIAN_POINT('',(-0.0253,-0.00318747549010184,0.046));
#6579=CARTESIAN_POINT('',(0.019779828986681,-0.019779828986681,0.0422));
#6580=CARTESIAN_POINT('',(-0.0145,-0.0145,0.0422));
#6581=CARTESIAN_POINT('',(-0.0145,-0.0253,0.0422));
#6582=CARTESIAN_POINT('',(-0.0253,-0.0145,0.0422));
#6583=CARTESIAN_POINT('',(-0.0253,0.0265,0.0422));
#6584=CARTESIAN_POINT('',(-0.0265,-0.0253,0.0422));
#6585=CARTESIAN_POINT('',(0.0327928932188134,0.0313786796564404,0.046));
#6586=CARTESIAN_POINT('',(0.000707106781186524,-0.000707106781186523,0.0453));
#6587=CARTESIAN_POINT('',(-0.0222486604814573,-0.0236628740438304,0.0453));
#6588=CARTESIAN_POINT('',(-0.0222486604814573,-0.0236628740438304,0.046));
#6589=CARTESIAN_POINT('',(0.,0.,0.046));
#6590=CARTESIAN_POINT('',(0.02,0.02,0.046));
#6591=CARTESIAN_POINT('',(0.01905,0.02,0.046));
#6592=CARTESIAN_POINT('',(0.0344411542731881,0.029441154273188,0.0364419093301991));
#6593=CARTESIAN_POINT('',(0.0295104415525873,0.0280962279902142,0.0427175483337738));
#6594=CARTESIAN_POINT('',(0.0282192157194742,0.0268050021571011,0.0453));
#6595=CARTESIAN_POINT('',(0.0297692157194742,0.0283550021571011,0.0422));
#6596=CARTESIAN_POINT('',(0.0488419379249687,0.00928227995160665,0.0422));
#6597=CARTESIAN_POINT('',(0.0283550021571011,0.0297692157194742,0.0422));
#6598=CARTESIAN_POINT('',(0.0249906613677709,0.0264048749301441,0.0489286815786603));
#6599=CARTESIAN_POINT('',(0.0268050021571011,0.0282192157194742,0.0453));
#6600=CARTESIAN_POINT('',(0.0275121089382876,0.0275121089382876,0.0453));
#6601=CARTESIAN_POINT('',(0.0275121089382876,0.0275121089382876,0.0453));
#6602=CARTESIAN_POINT('',(0.0327928932188134,0.0313786796564404,0.046));
#6603=CARTESIAN_POINT('',(0.000707106781186507,-0.000707106781186535,0.0422));
#6604=CARTESIAN_POINT('',(0.0236628740438304,0.0222486604814573,0.0422));
#6605=CARTESIAN_POINT('',(0.000707106781186524,-0.000707106781186523,0.0453));
#6606=CARTESIAN_POINT('',(0.0236628740438304,0.0222486604814573,0.0453));
#6607=CARTESIAN_POINT('',(0.0236628740438304,0.0222486604814573,0.046));
#6608=CARTESIAN_POINT('',(0.02,0.02,0.046));
#6609=CARTESIAN_POINT('',(0.02,0.02,0.0422));
#6610=CARTESIAN_POINT('',(0.01905,0.02,0.0422));
#6611=CARTESIAN_POINT('',(0.0220619797891107,0.0234761933514838,0.046));
#6612=CARTESIAN_POINT('',(-0.000707106781186534,0.000707106781186533,0.0453));
#6613=CARTESIAN_POINT('',(0.0222486604814573,0.0236628740438304,0.0453));
#6614=CARTESIAN_POINT('',(0.0220619797891107,0.0234761933514838,0.0422));
#6615=CARTESIAN_POINT('',(0.0222486604814573,0.0236628740438304,0.0422));
#6616=CARTESIAN_POINT('',(0.0222486604814573,0.0236628740438304,0.046));
#6617=CARTESIAN_POINT('',(0.019779828986681,-0.019779828986681,0.0422));
#6618=CARTESIAN_POINT('',(0.0145,0.0145,0.0422));
#6619=CARTESIAN_POINT('',(0.,0.,0.0453));
#6620=CARTESIAN_POINT('',(-1.62265700887024E-18,-0.0265,0.0453));
#6621=CARTESIAN_POINT('',(-0.0145,-0.0265,0.0453));
#6622=CARTESIAN_POINT('',(0.0145,-0.0265,0.0453));
#6623=CARTESIAN_POINT('',(0.0145,-0.0145,0.0453));
#6624=CARTESIAN_POINT('',(-0.0145,-0.0145,0.0453));
#6625=CARTESIAN_POINT('',(-0.0313786796564404,0.0327928932188134,0.046));
#6626=CARTESIAN_POINT('',(0.000707106781186523,0.000707106781186524,0.0453));
#6627=CARTESIAN_POINT('',(0.0236628740438304,-0.0222486604814573,0.0453));
#6628=CARTESIAN_POINT('',(0.0236628740438304,-0.0222486604814573,0.046));
#6629=CARTESIAN_POINT('',(0.0265,-0.0245,0.046));
#6630=CARTESIAN_POINT('',(0.0265,0.0145,0.046));
#6631=CARTESIAN_POINT('',(0.0265,0.0145,0.0453));
#6632=CARTESIAN_POINT('',(0.0265,0.0145,0.0406));
#6633=CARTESIAN_POINT('',(0.0265,-3.24531401774048E-18,0.0453));
#6634=CARTESIAN_POINT('',(0.0265,-0.0145,0.0453));
#6635=CARTESIAN_POINT('',(0.0265,-0.0145,0.046));
#6636=CARTESIAN_POINT('',(0.0265,-0.0145,0.0406));
#6637=CARTESIAN_POINT('',(0.0265,0.0245,0.0406));
#6638=CARTESIAN_POINT('',(0.,0.,0.046));
#6639=CARTESIAN_POINT('',(-0.02,0.02,0.046));
#6640=CARTESIAN_POINT('',(-0.02,0.01905,0.046));
#6641=CARTESIAN_POINT('',(0.,0.,0.0453));
#6642=CARTESIAN_POINT('',(0.000707106781186523,0.000707106781186524,0.0453));
#6643=CARTESIAN_POINT('',(-0.0222486604814573,0.0236628740438304,0.0453));
#6644=CARTESIAN_POINT('',(-0.0268050021571011,0.0282192157194742,0.0453));
#6645=CARTESIAN_POINT('',(-0.0275121089382876,0.0275121089382876,0.0453));
#6646=CARTESIAN_POINT('',(0.0145,0.0145,0.0453));
#6647=CARTESIAN_POINT('',(0.0145,0.0265,0.0453));
#6648=CARTESIAN_POINT('',(0.,0.0265,0.0453));
#6649=CARTESIAN_POINT('',(-0.0145,0.0265,0.0453));
#6650=CARTESIAN_POINT('',(-0.0145,0.0145,0.0453));
#6651=CARTESIAN_POINT('',(0.,0.,0.0453));
#6652=CARTESIAN_POINT('',(-0.000707106781186533,-0.000707106781186534,0.0453));
#6653=CARTESIAN_POINT('',(-0.0282192157194742,0.0268050021571011,0.0453));
#6654=CARTESIAN_POINT('',(-0.0236628740438304,0.0222486604814573,0.0453));
#6655=CARTESIAN_POINT('',(-0.0145,0.0145,0.0453));
#6656=CARTESIAN_POINT('',(-0.0145,-0.0145,0.0453));
#6657=CARTESIAN_POINT('',(-0.0275121089382876,0.0275121089382876,0.0453));
#6658=CARTESIAN_POINT('',(-0.029441154273188,0.0344411542731881,0.0364419093301991));
#6659=CARTESIAN_POINT('',(-0.0280962279902142,0.0295104415525873,0.0427175483337738));
#6660=CARTESIAN_POINT('',(-0.0283550021571011,0.0297692157194742,0.0422));
#6661=CARTESIAN_POINT('',(-0.0290621089382877,0.0290621089382877,0.0422));
#6662=CARTESIAN_POINT('',(-0.0297692157194742,0.0283550021571011,0.0422));
#6663=CARTESIAN_POINT('',(-0.0264048749301441,0.0249906613677709,0.0489286815786603));
#6664=CARTESIAN_POINT('',(-0.0313786796564404,0.0327928932188134,0.046));
#6665=CARTESIAN_POINT('',(0.0204869357678676,-0.0190727222054944,0.0422));
#6666=CARTESIAN_POINT('',(-0.0222486604814573,0.0236628740438304,0.0422));
#6667=CARTESIAN_POINT('',(-0.0222486604814573,0.0236628740438304,0.046));
#6668=CARTESIAN_POINT('',(-0.02,0.02,0.046));
#6669=CARTESIAN_POINT('',(-0.02,0.02,0.0422));
#6670=CARTESIAN_POINT('',(-0.02095,0.02,0.0422));
#6671=CARTESIAN_POINT('',(0.019779828986681,-0.019779828986681,0.0422));
#6672=CARTESIAN_POINT('',(-0.0234761933514838,0.0220619797891107,0.0422));
#6673=CARTESIAN_POINT('',(-0.0236628740438304,0.0222486604814573,0.0422));
#6674=CARTESIAN_POINT('',(-0.0145,0.0145,0.0422));
#6675=CARTESIAN_POINT('',(0.019779828986681,-0.019779828986681,0.0422));
#6676=CARTESIAN_POINT('',(-0.0145,0.0145,0.0422));
#6677=CARTESIAN_POINT('',(-0.0253,0.0145,0.0422));
#6678=CARTESIAN_POINT('',(-0.0145,0.0253,0.0422));
#6679=CARTESIAN_POINT('',(0.019779828986681,0.0253,0.0422));
#6680=CARTESIAN_POINT('',(-0.00318747549010184,0.0253,0.0422));
#6681=CARTESIAN_POINT('',(0.,0.,0.0422));
#6682=CARTESIAN_POINT('',(-0.0253,0.00318747549010184,0.0422));
#6683=CARTESIAN_POINT('',(-0.0253,-0.019779828986681,0.0422));
#6684=CARTESIAN_POINT('',(-0.0234761933514838,0.0220619797891107,0.046));
#6685=CARTESIAN_POINT('',(-0.0236628740438304,0.0222486604814573,0.046));
#6686=CARTESIAN_POINT('',(0.019779828986681,-0.019779828986681,0.0422));
#6687=CARTESIAN_POINT('',(0.0145,0.0145,0.0422));
#6688=CARTESIAN_POINT('',(0.0145,0.0253,0.0422));
#6689=CARTESIAN_POINT('',(0.0253,0.0145,0.0422));
#6690=CARTESIAN_POINT('',(0.0253,-0.0265,0.0422));
#6691=CARTESIAN_POINT('',(0.0253,0.0031874754901018,0.0422));
#6692=CARTESIAN_POINT('',(0.,0.,0.0422));
#6693=CARTESIAN_POINT('',(0.00318747549010184,0.0253,0.0422));
#6694=CARTESIAN_POINT('',(0.019779828986681,0.0253,0.0422));
#6695=CARTESIAN_POINT('',(0.,0.,0.0453));
#6696=CARTESIAN_POINT('',(0.0145,0.0145,0.0453));
#6697=CARTESIAN_POINT('',(0.0145,-0.0145,0.0453));
#6698=CARTESIAN_POINT('',(-0.031,0.036,0.0380007550570111));
#6699=CARTESIAN_POINT('',(0.,0.,0.0472));
#6700=CARTESIAN_POINT('',(-0.00498470862133026,-0.02395967147325,0.0472));
#6701=CARTESIAN_POINT('',(-0.00498470862133026,-0.02395967147325,0.0474));
#6702=CARTESIAN_POINT('',(-0.00498470862133026,-0.02395967147325,0.0442));
#6703=CARTESIAN_POINT('',(0.,0.,0.0474));
#6704=CARTESIAN_POINT('',(0.0049847086213303,-0.02395967147325,0.0474));
#6705=CARTESIAN_POINT('',(0.00498470862133028,-0.02395967147325,0.0472));
#6706=CARTESIAN_POINT('',(0.0049847086213303,-0.02395967147325,0.0442));
#6707=CARTESIAN_POINT('',(0.,0.,0.0442));
#6708=CARTESIAN_POINT('',(0.00512841267515272,-0.0237241505713675,0.0472));
#6709=CARTESIAN_POINT('',(0.00527211672899042,-0.02348862966946,0.0472));
#6710=CARTESIAN_POINT('',(0.00527211672897516,-0.023488629669485,0.0474));
#6711=CARTESIAN_POINT('',(0.00527211672897517,-0.023488629669485,0.0442));
#6712=CARTESIAN_POINT('',(0.0052082458739657,-0.0235933095374199,0.0442));
#6713=CARTESIAN_POINT('',(0.00970694908254891,-0.0162202493571103,0.0474));
#6714=CARTESIAN_POINT('',(-0.00540641108675348,0.0163641786888639,0.0472));
#6715=CARTESIAN_POINT('',(0.00360352761806221,-0.0172613703305306,0.0472));
#6716=CARTESIAN_POINT('',(0.00360352761803942,-0.0172613703305164,0.0442));
#6717=CARTESIAN_POINT('',(0.00360352761803942,-0.0172613703305164,0.0474));
#6718=CARTESIAN_POINT('',(0.00410577574507421,-0.0191357858585425,0.0442));
#6719=CARTESIAN_POINT('',(-0.00540641108675348,0.0163641786888639,0.0474));
#6720=CARTESIAN_POINT('',(0.00335547342874223,-0.0171065268737604,0.0472));
#6721=CARTESIAN_POINT('',(0.00310741923944504,-0.0169516834170044,0.0472));
#6722=CARTESIAN_POINT('',(0.00310741923944505,-0.0169516834170044,0.0474));
#6723=CARTESIAN_POINT('',(0.00310741923944508,-0.0169516834170044,0.0442));
#6724=CARTESIAN_POINT('',(0.00285103508486892,-0.0167916401262036,0.0442));
#6725=CARTESIAN_POINT('',(-0.00169391281239196,-0.0139545364869473,0.0474));
#6726=CARTESIAN_POINT('',(0.,0.,0.0472));
#6727=CARTESIAN_POINT('',(-0.00310741923944814,-0.0169516834170038,0.0472));
#6728=CARTESIAN_POINT('',(-0.00310741923944812,-0.0169516834170038,0.0442));
#6729=CARTESIAN_POINT('',(-0.00310741923944818,-0.0169516834170038,0.0474));
#6730=CARTESIAN_POINT('',(0.,0.,0.0442));
#6731=CARTESIAN_POINT('',(0.,0.,0.0474));
#6732=CARTESIAN_POINT('',(-0.00335547342874518,-0.0171065268737598,0.0472));
#6733=CARTESIAN_POINT('',(-0.00360352761803911,-0.0172613703305139,0.0472));
#6734=CARTESIAN_POINT('',(-0.00360352761804225,-0.0172613703305158,0.0474));
#6735=CARTESIAN_POINT('',(-0.00360352761804226,-0.0172613703305158,0.0442));
#6736=CARTESIAN_POINT('',(-0.00285103508487135,-0.0167916401262026,0.0442));
#6737=CARTESIAN_POINT('',(0.00169391281239036,-0.0139545364869445,0.0474));
#6738=CARTESIAN_POINT('',(0.00728205543377412,0.0233641786888621,0.0472));
#6739=CARTESIAN_POINT('',(-0.00527211672897554,-0.0234886296694846,0.0472));
#6740=CARTESIAN_POINT('',(-0.00527211672897529,-0.023488629669485,0.0442));
#6741=CARTESIAN_POINT('',(-0.00527211672897529,-0.023488629669485,0.0474));
#6742=CARTESIAN_POINT('',(-0.00410577574505653,-0.0191357858585491,0.0442));
#6743=CARTESIAN_POINT('',(0.00728205543377412,0.0233641786888621,0.0474));
#6744=CARTESIAN_POINT('',(-0.00512841267515277,-0.0237241505713675,0.0472));
#6745=CARTESIAN_POINT('',(-0.00520824587396544,-0.0235933095374204,0.0442));
#6746=CARTESIAN_POINT('',(-0.00970694908254958,-0.0162202493571126,0.0474));
#6747=CARTESIAN_POINT('',(0.,0.,0.0472));
#6748=CARTESIAN_POINT('',(0.00766295144008966,-0.023242038472829,0.0472));
#6749=CARTESIAN_POINT('',(0.00766295144008974,-0.023242038472829,0.0474));
#6750=CARTESIAN_POINT('',(0.00766295144008974,-0.023242038472829,0.0442));
#6751=CARTESIAN_POINT('',(0.,0.,0.0474));
#6752=CARTESIAN_POINT('',(0.0162967200331604,-0.0182573298514987,0.0474));
#6753=CARTESIAN_POINT('',(0.0162967200331603,-0.0182573298514987,0.0472));
#6754=CARTESIAN_POINT('',(0.0162967200331604,-0.0182573298514987,0.0442));
#6755=CARTESIAN_POINT('',(0.,0.,0.0442));
#6756=CARTESIAN_POINT('',(0.0163034109434561,-0.017981510740435,0.0472));
#6757=CARTESIAN_POINT('',(0.0163101018537526,-0.017705691629342,0.0472));
#6758=CARTESIAN_POINT('',(0.0163101018537519,-0.0177056916293713,0.0474));
#6759=CARTESIAN_POINT('',(0.0163101018537519,-0.0177056916293713,0.0442));
#6760=CARTESIAN_POINT('',(0.0162712886797176,-0.0193056854547931,0.0442));
#6761=CARTESIAN_POINT('',(0.0165165891772845,-0.00919367345770118,0.0474));
#6762=CARTESIAN_POINT('',(-0.0128641786888623,0.0114685889132473,0.0472));
#6763=CARTESIAN_POINT('',(0.011751431625746,-0.0131470214013394,0.0472));
#6764=CARTESIAN_POINT('',(0.0117514316257191,-0.0131470214013385,0.0442));
#6765=CARTESIAN_POINT('',(0.0117514316257191,-0.0131470214013385,0.0474));
#6766=CARTESIAN_POINT('',(0.00942016768906828,-0.0108157574646638,0.0442));
#6767=CARTESIAN_POINT('',(-0.0128641786888623,0.0114685889132473,0.0474));
#6768=CARTESIAN_POINT('',(0.0114591886678946,-0.0131369501288266,0.0472));
#6769=CARTESIAN_POINT('',(0.0111669457100701,-0.0131268788563147,0.0472));
#6770=CARTESIAN_POINT('',(0.0111669457100702,-0.0131268788563146,0.0474));
#6771=CARTESIAN_POINT('',(0.0111669457100702,-0.0131268788563146,0.0442));
#6772=CARTESIAN_POINT('',(0.00585856817648709,-0.0129439416278702,0.0442));
#6773=CARTESIAN_POINT('',(0.00551029671614621,-0.0129319395019291,0.0474));
#6774=CARTESIAN_POINT('',(0.,0.,0.0472));
#6775=CARTESIAN_POINT('',(0.00578473770693131,-0.0162342980957608,0.0472));
#6776=CARTESIAN_POINT('',(0.00578473770693129,-0.0162342980957608,0.0442));
#6777=CARTESIAN_POINT('',(0.00578473770693129,-0.0162342980957608,0.0474));
#6778=CARTESIAN_POINT('',(0.,0.,0.0442));
#6779=CARTESIAN_POINT('',(0.,0.,0.0474));
#6780=CARTESIAN_POINT('',(0.00564733820586289,-0.0164924235575698,0.0472));
#6781=CARTESIAN_POINT('',(0.00550993870479623,-0.0167505490193755,0.0472));
#6782=CARTESIAN_POINT('',(0.00550993870479447,-0.0167505490193788,0.0474));
#6783=CARTESIAN_POINT('',(0.00550993870479447,-0.0167505490193788,0.0442));
#6784=CARTESIAN_POINT('',(0.00424756333387922,-0.0191221094912875,0.0442));
#6785=CARTESIAN_POINT('',(0.00844423977079829,-0.0112380266895357,0.0474));
#6786=CARTESIAN_POINT('',(-0.00537564434701616,0.0238750000000006,0.0472));
#6787=CARTESIAN_POINT('',(0.00717852781573255,-0.0229778083583463,0.0472));
#6788=CARTESIAN_POINT('',(0.00717852781573296,-0.0229778083583465,0.0442));
#6789=CARTESIAN_POINT('',(0.00717852781573297,-0.0229778083583465,0.0474));
#6790=CARTESIAN_POINT('',(0.00601218683181363,-0.0186249645474109,0.0442));
#6791=CARTESIAN_POINT('',(-0.00537564434701616,0.0238750000000006,0.0474));
#6792=CARTESIAN_POINT('',(0.00742073962791136,-0.0231099234155878,0.0472));
#6793=CARTESIAN_POINT('',(0.00395706289084152,-0.0212206520119035,0.0442));
#6794=CARTESIAN_POINT('',(-0.000296339820173674,-0.0189006225402525,0.0474));
#6795=CARTESIAN_POINT('',(0.,0.,0.046));
#6796=CARTESIAN_POINT('',(0.,0.,0.0442));
#6797=CARTESIAN_POINT('',(0.0031874754901018,-0.0253,0.0442));
#6798=CARTESIAN_POINT('',(0.0253,-0.00318747549010181,0.0442));
#6799=CARTESIAN_POINT('',(0.0253,-0.00318747549010181,0.046));
#6800=CARTESIAN_POINT('',(0.0253,-0.00318747549010181,0.0422));
#6801=CARTESIAN_POINT('',(0.,0.,0.0422));
#6802=CARTESIAN_POINT('',(0.0031874754901018,-0.0253,0.0422));
#6803=CARTESIAN_POINT('',(0.0031874754901018,-0.0253,0.046));
#6804=CARTESIAN_POINT('',(0.,0.,0.0472));
#6805=CARTESIAN_POINT('',(0.0182573298514987,-0.0162967200331604,0.0472));
#6806=CARTESIAN_POINT('',(0.0182573298514987,-0.0162967200331603,0.0474));
#6807=CARTESIAN_POINT('',(0.0182573298514987,-0.0162967200331603,0.0442));
#6808=CARTESIAN_POINT('',(0.,0.,0.0474));
#6809=CARTESIAN_POINT('',(0.023242038472829,-0.00766295144008967,0.0474));
#6810=CARTESIAN_POINT('',(0.023242038472829,-0.00766295144008973,0.0472));
#6811=CARTESIAN_POINT('',(0.023242038472829,-0.00766295144008969,0.0442));
#6812=CARTESIAN_POINT('',(0.,0.,0.0442));
#6813=CARTESIAN_POINT('',(0.0231099234155877,-0.00742073962791141,0.0472));
#6814=CARTESIAN_POINT('',(0.0229778083583324,-0.00717852781570733,0.0472));
#6815=CARTESIAN_POINT('',(0.0229778083583465,-0.00717852781573311,0.0474));
#6816=CARTESIAN_POINT('',(0.0229778083583465,-0.0071785278157331,0.0442));
#6817=CARTESIAN_POINT('',(0.0231540252512664,-0.00750159328504308,0.0442));
#6818=CARTESIAN_POINT('',(0.0189006225402501,0.000296339820174291,0.0474));
#6819=CARTESIAN_POINT('',(-0.0168750000000008,0.0035000000000016,0.0472));
#6820=CARTESIAN_POINT('',(0.0167505490194016,-0.00550993870478459,0.0472));
#6821=CARTESIAN_POINT('',(0.0167505490193779,-0.00550993870479723,0.0442));
#6822=CARTESIAN_POINT('',(0.0167505490193779,-0.00550993870479724,0.0474));
#6823=CARTESIAN_POINT('',(0.0048035706328613,-0.00230875549412465,0.0442));
#6824=CARTESIAN_POINT('',(-0.0168750000000008,0.0035000000000016,0.0474));
#6825=CARTESIAN_POINT('',(0.0164924235575688,-0.00564733820586573,0.0472));
#6826=CARTESIAN_POINT('',(0.0162342980957598,-0.00578473770693423,0.0472));
#6827=CARTESIAN_POINT('',(0.0162342980957597,-0.00578473770693425,0.0474));
#6828=CARTESIAN_POINT('',(0.0162342980957597,-0.00578473770693422,0.0442));
#6829=CARTESIAN_POINT('',(0.00704135025261712,-0.0106781195459208,0.0442));
#6830=CARTESIAN_POINT('',(0.0112380266895372,-0.00844423977080101,0.0474));
#6831=CARTESIAN_POINT('',(0.,0.,0.0472));
#6832=CARTESIAN_POINT('',(0.0131268788563126,-0.0111669457100725,0.0472));
#6833=CARTESIAN_POINT('',(0.0131268788563126,-0.0111669457100725,0.0442));
#6834=CARTESIAN_POINT('',(0.0131268788563126,-0.0111669457100725,0.0474));
#6835=CARTESIAN_POINT('',(0.,0.,0.0442));
#6836=CARTESIAN_POINT('',(0.,0.,0.0474));
#6837=CARTESIAN_POINT('',(0.0131369501288246,-0.0114591886678969,0.0472));
#6838=CARTESIAN_POINT('',(0.0131470214013364,-0.0117514316257176,0.0472));
#6839=CARTESIAN_POINT('',(0.0131470214013365,-0.0117514316257213,0.0474));
#6840=CARTESIAN_POINT('',(0.0131470214013365,-0.0117514316257213,0.0442));
#6841=CARTESIAN_POINT('',(0.0132802109622687,-0.0156162571670752,0.0442));
#6842=CARTESIAN_POINT('',(0.012931939501926,-0.00551029671614626,0.0474));
#6843=CARTESIAN_POINT('',(-0.0165929445662265,0.0179885343418459,0.0472));
#6844=CARTESIAN_POINT('',(0.0177056916293708,-0.0163101018537521,0.0472));
#6845=CARTESIAN_POINT('',(0.0177056916293712,-0.016310101853752,0.0442));
#6846=CARTESIAN_POINT('',(0.0177056916293712,-0.016310101853752,0.0474));
#6847=CARTESIAN_POINT('',(0.0108157574646797,-0.00942016768906083,0.0442));
#6848=CARTESIAN_POINT('',(-0.0165929445662265,0.0179885343418459,0.0474));
#6849=CARTESIAN_POINT('',(0.017981510740435,-0.0163034109434562,0.0472));
#6850=CARTESIAN_POINT('',(0.00894837296013399,-0.0165225397570646,0.0442));
#6851=CARTESIAN_POINT('',(0.00919367345770299,-0.0165165891772863,0.0474));
#6852=CARTESIAN_POINT('',(0.,0.,0.0472));
#6853=CARTESIAN_POINT('',(0.02395967147325,-0.00498470862133026,0.0472));
#6854=CARTESIAN_POINT('',(0.02395967147325,-0.00498470862133026,0.0474));
#6855=CARTESIAN_POINT('',(0.02395967147325,-0.00498470862133026,0.0442));
#6856=CARTESIAN_POINT('',(0.,0.,0.0474));
#6857=CARTESIAN_POINT('',(0.02395967147325,0.0049847086213303,0.0474));
#6858=CARTESIAN_POINT('',(0.02395967147325,0.00498470862133028,0.0472));
#6859=CARTESIAN_POINT('',(0.02395967147325,0.00498470862133029,0.0442));
#6860=CARTESIAN_POINT('',(0.,0.,0.0442));
#6861=CARTESIAN_POINT('',(0.0237241505713675,0.00512841267515272,0.0472));
#6862=CARTESIAN_POINT('',(0.02348862966946,0.00527211672899042,0.0472));
#6863=CARTESIAN_POINT('',(0.023488629669485,0.00527211672897516,0.0474));
#6864=CARTESIAN_POINT('',(0.023488629669485,0.00527211672897517,0.0442));
#6865=CARTESIAN_POINT('',(0.0207189525656935,0.00696204668598837,0.0442));
#6866=CARTESIAN_POINT('',(0.0162202493571103,0.00970694908254891,0.0474));
#6867=CARTESIAN_POINT('',(-0.0163641786888639,-0.00540641108675347,0.0472));
#6868=CARTESIAN_POINT('',(0.0172613703305306,0.00360352761806222,0.0472));
#6869=CARTESIAN_POINT('',(0.0172613703305164,0.00360352761803943,0.0442));
#6870=CARTESIAN_POINT('',(0.0172613703305164,0.00360352761803942,0.0474));
#6871=CARTESIAN_POINT('',(-0.00480357063287584,-0.00230875549413331,0.0442));
#6872=CARTESIAN_POINT('',(-0.0163641786888639,-0.00540641108675347,0.0474));
#6873=CARTESIAN_POINT('',(0.0171065268737604,0.00335547342874223,0.0472));
#6874=CARTESIAN_POINT('',(0.0169516834170044,0.00310741923944504,0.0472));
#6875=CARTESIAN_POINT('',(0.0169516834170044,0.00310741923944505,0.0474));
#6876=CARTESIAN_POINT('',(0.0169516834170044,0.00310741923944509,0.0442));
#6877=CARTESIAN_POINT('',(0.00940958858968636,-0.00897477175000576,0.0442));
#6878=CARTESIAN_POINT('',(0.0139545364869473,-0.00169391281239196,0.0474));
#6879=CARTESIAN_POINT('',(0.,0.,0.0472));
#6880=CARTESIAN_POINT('',(0.0169516834170038,-0.00310741923944815,0.0472));
#6881=CARTESIAN_POINT('',(0.0169516834170038,-0.00310741923944811,0.0442));
#6882=CARTESIAN_POINT('',(0.0169516834170038,-0.00310741923944818,0.0474));
#6883=CARTESIAN_POINT('',(0.,0.,0.0442));
#6884=CARTESIAN_POINT('',(0.,0.,0.0474));
#6885=CARTESIAN_POINT('',(0.0171065268737598,-0.00335547342874519,0.0472));
#6886=CARTESIAN_POINT('',(0.0172613703305139,-0.00360352761803911,0.0472));
#6887=CARTESIAN_POINT('',(0.0172613703305158,-0.00360352761804225,0.0474));
#6888=CARTESIAN_POINT('',(0.0172613703305159,-0.00360352761804227,0.0442));
#6889=CARTESIAN_POINT('',(0.0184994843842063,-0.00558694612522175,0.0442));
#6890=CARTESIAN_POINT('',(0.0139545364869445,0.00169391281239036,0.0474));
#6891=CARTESIAN_POINT('',(-0.0233641786888621,0.00728205543377412,0.0472));
#6892=CARTESIAN_POINT('',(0.0234886296694846,-0.00527211672897554,0.0472));
#6893=CARTESIAN_POINT('',(0.023488629669485,-0.00527211672897529,0.0442));
#6894=CARTESIAN_POINT('',(0.023488629669485,-0.00527211672897529,0.0474));
#6895=CARTESIAN_POINT('',(0.00531439194400447,-0.000402344407381711,0.0442));
#6896=CARTESIAN_POINT('',(-0.0233641786888621,0.00728205543377412,0.0474));
#6897=CARTESIAN_POINT('',(0.0237241505713675,-0.00512841267515277,0.0472));
#6898=CARTESIAN_POINT('',(0.0117215461485285,-0.0124518514791119,0.0442));
#6899=CARTESIAN_POINT('',(0.0162202493571126,-0.00970694908254958,0.0474));
#6900=CARTESIAN_POINT('',(0.,0.,0.0472));
#6901=CARTESIAN_POINT('',(0.023242038472829,0.00766295144008965,0.0472));
#6902=CARTESIAN_POINT('',(0.023242038472829,0.00766295144008971,0.0474));
#6903=CARTESIAN_POINT('',(0.023242038472829,0.00766295144008971,0.0442));
#6904=CARTESIAN_POINT('',(0.,0.,0.0474));
#6905=CARTESIAN_POINT('',(0.0182573298514987,0.0162967200331604,0.0474));
#6906=CARTESIAN_POINT('',(0.0182573298514987,0.0162967200331603,0.0472));
#6907=CARTESIAN_POINT('',(0.0182573298514988,0.0162967200331604,0.0442));
#6908=CARTESIAN_POINT('',(0.,0.,0.0442));
#6909=CARTESIAN_POINT('',(0.017981510740435,0.0163034109434561,0.0472));
#6910=CARTESIAN_POINT('',(0.017705691629342,0.0163101018537526,0.0472));
#6911=CARTESIAN_POINT('',(0.0177056916293713,0.0163101018537519,0.0474));
#6912=CARTESIAN_POINT('',(0.0177056916293713,0.0163101018537519,0.0442));
#6913=CARTESIAN_POINT('',(0.00943897395526809,0.0165106385975063,0.0442));
#6914=CARTESIAN_POINT('',(0.00919367345770121,0.0165165891772845,0.0474));
#6915=CARTESIAN_POINT('',(-0.0114685889132473,-0.0128641786888623,0.0472));
#6916=CARTESIAN_POINT('',(0.0131470214013394,0.011751431625746,0.0472));
#6917=CARTESIAN_POINT('',(0.0131470214013385,0.0117514316257191,0.0442));
#6918=CARTESIAN_POINT('',(0.0131470214013385,0.0117514316257192,0.0474));
#6919=CARTESIAN_POINT('',(-0.00942016768906767,-0.0108157574646809,0.0442));
#6920=CARTESIAN_POINT('',(-0.0114685889132473,-0.0128641786888623,0.0474));
#6921=CARTESIAN_POINT('',(0.0131369501288266,0.0114591886678946,0.0472));
#6922=CARTESIAN_POINT('',(0.0131268788563147,0.0111669457100701,0.0472));
#6923=CARTESIAN_POINT('',(0.0131268788563146,0.0111669457100701,0.0474));
#6924=CARTESIAN_POINT('',(0.0131268788563146,0.0111669457100701,0.0442));
#6925=CARTESIAN_POINT('',(0.0125836680415883,-0.00459566373478279,0.0442));
#6926=CARTESIAN_POINT('',(0.0129319395019292,0.00551029671614623,0.0474));
#6927=CARTESIAN_POINT('',(0.,0.,0.0472));
#6928=CARTESIAN_POINT('',(0.0162342980957608,0.00578473770693131,0.0472));
#6929=CARTESIAN_POINT('',(0.0162342980957608,0.0057847377069313,0.0442));
#6930=CARTESIAN_POINT('',(0.0162342980957608,0.00578473770693131,0.0474));
#6931=CARTESIAN_POINT('',(0.,0.,0.0442));
#6932=CARTESIAN_POINT('',(0.,0.,0.0474));
#6933=CARTESIAN_POINT('',(0.0164924235575698,0.00564733820586289,0.0472));
#6934=CARTESIAN_POINT('',(0.0167505490193755,0.00550993870479623,0.0472));
#6935=CARTESIAN_POINT('',(0.0167505490193788,0.00550993870479448,0.0474));
#6936=CARTESIAN_POINT('',(0.0167505490193788,0.00550993870479448,0.0442));
#6937=CARTESIAN_POINT('',(0.0154347031264547,0.00621035999567999,0.0442));
#6938=CARTESIAN_POINT('',(0.0112380266895357,0.00844423977079827,0.0474));
#6939=CARTESIAN_POINT('',(-0.0238750000000006,-0.00537564434701616,0.0472));
#6940=CARTESIAN_POINT('',(0.0229778083583463,0.00717852781573255,0.0472));
#6941=CARTESIAN_POINT('',(0.0229778083583465,0.00717852781573297,0.0442));
#6942=CARTESIAN_POINT('',(0.0229778083583465,0.00717852781573297,0.0474));
#6943=CARTESIAN_POINT('',(-0.00531439194400409,-0.000402344407381506,0.0442));
#6944=CARTESIAN_POINT('',(-0.0238750000000006,-0.00537564434701616,0.0474));
#6945=CARTESIAN_POINT('',(0.0231099234155878,0.00742073962791135,0.0472));
#6946=CARTESIAN_POINT('',(0.0146472198292373,-0.0080942729253928,0.0442));
#6947=CARTESIAN_POINT('',(0.0189006225402525,-0.000296339820173687,0.0474));
#6948=CARTESIAN_POINT('',(0.,0.,0.046));
#6949=CARTESIAN_POINT('',(0.,0.,0.0442));
#6950=CARTESIAN_POINT('',(0.0253,0.0031874754901018,0.0442));
#6951=CARTESIAN_POINT('',(0.00318747549010184,0.0253,0.0442));
#6952=CARTESIAN_POINT('',(0.00318747549010184,0.0253,0.046));
#6953=CARTESIAN_POINT('',(0.0253,0.0031874754901018,0.046));
#6954=CARTESIAN_POINT('',(0.,0.,0.0472));
#6955=CARTESIAN_POINT('',(0.0162967200331604,0.0182573298514987,0.0472));
#6956=CARTESIAN_POINT('',(0.0162967200331603,0.0182573298514987,0.0474));
#6957=CARTESIAN_POINT('',(0.0162967200331603,0.0182573298514987,0.0442));
#6958=CARTESIAN_POINT('',(0.,0.,0.0474));
#6959=CARTESIAN_POINT('',(0.00766295144008969,0.023242038472829,0.0474));
#6960=CARTESIAN_POINT('',(0.00766295144008972,0.023242038472829,0.0472));
#6961=CARTESIAN_POINT('',(0.00766295144008971,0.023242038472829,0.0442));
#6962=CARTESIAN_POINT('',(0.,0.,0.0442));
#6963=CARTESIAN_POINT('',(0.00742073962791141,0.0231099234155877,0.0472));
#6964=CARTESIAN_POINT('',(0.0071785278157331,0.0229778083583465,0.0472));
#6965=CARTESIAN_POINT('',(0.0071785278157331,0.0229778083583465,0.0474));
#6966=CARTESIAN_POINT('',(0.0071785278157331,0.0229778083583465,0.0442));
#6967=CARTESIAN_POINT('',(-0.00454974253119074,0.016580593068597,0.0442));
#6968=CARTESIAN_POINT('',(-0.000296339820174333,0.0189006225402499,0.0474));
#6969=CARTESIAN_POINT('',(0.00728205543377412,0.0233641786888621,0.0472));
#6970=CARTESIAN_POINT('',(0.00550993870479723,0.0167505490193779,0.0472));
#6971=CARTESIAN_POINT('',(0.00550993870479723,0.0167505490193779,0.0442));
#6972=CARTESIAN_POINT('',(0.00550993870479723,0.0167505490193779,0.0474));
#6973=CARTESIAN_POINT('',(0.00728205543377412,0.0233641786888621,0.0442));
#6974=CARTESIAN_POINT('',(0.00411763048857643,0.0115543840166464,0.0474));
#6975=CARTESIAN_POINT('',(0.00564733820586574,0.0164924235575688,0.0472));
#6976=CARTESIAN_POINT('',(0.00578473770693424,0.0162342980957598,0.0472));
#6977=CARTESIAN_POINT('',(0.00578473770693425,0.0162342980957597,0.0474));
#6978=CARTESIAN_POINT('',(0.00578473770693419,0.0162342980957598,0.0442));
#6979=CARTESIAN_POINT('',(0.012640916207721,0.00335394388778681,0.0442));
#6980=CARTESIAN_POINT('',(0.00844423977080101,0.0112380266895372,0.0474));
#6981=CARTESIAN_POINT('',(0.,0.,0.0472));
#6982=CARTESIAN_POINT('',(0.0111669457100725,0.0131268788563126,0.0472));
#6983=CARTESIAN_POINT('',(0.0111669457100725,0.0131268788563126,0.0442));
#6984=CARTESIAN_POINT('',(0.0111669457100725,0.0131268788563126,0.0474));
#6985=CARTESIAN_POINT('',(0.,0.,0.0442));
#6986=CARTESIAN_POINT('',(0.,0.,0.0474));
#6987=CARTESIAN_POINT('',(0.0114591886678969,0.0131369501288246,0.0472));
#6988=CARTESIAN_POINT('',(0.0117514316257176,0.0131470214013364,0.0472));
#6989=CARTESIAN_POINT('',(0.0117514316257213,0.0131470214013365,0.0474));
#6990=CARTESIAN_POINT('',(0.0117514316257213,0.0131470214013365,0.0442));
#6991=CARTESIAN_POINT('',(0.0051620252558036,0.0129199373759848,0.0442));
#6992=CARTESIAN_POINT('',(0.00551029671614628,0.012931939501926,0.0474));
#6993=CARTESIAN_POINT('',(-0.017988534341846,-0.0165929445662265,0.0472));
#6994=CARTESIAN_POINT('',(0.0163101018537521,0.0177056916293708,0.0472));
#6995=CARTESIAN_POINT('',(0.016310101853752,0.0177056916293712,0.0442));
#6996=CARTESIAN_POINT('',(0.016310101853752,0.0177056916293712,0.0474));
#6997=CARTESIAN_POINT('',(-0.0108157574646797,-0.00942016768906036,0.0442));
#6998=CARTESIAN_POINT('',(-0.017988534341846,-0.0165929445662265,0.0474));
#6999=CARTESIAN_POINT('',(0.0163034109434562,0.017981510740435,0.0472));
#7000=CARTESIAN_POINT('',(0.0167618896748553,-0.000918338539388881,0.0442));
#7001=CARTESIAN_POINT('',(0.0165165891772863,0.00919367345770298,0.0474));
#7002=CARTESIAN_POINT('',(0.,0.,0.0472));
#7003=CARTESIAN_POINT('',(0.00498470862133026,0.02395967147325,0.0472));
#7004=CARTESIAN_POINT('',(0.00498470862133027,0.02395967147325,0.0474));
#7005=CARTESIAN_POINT('',(0.00498470862133026,0.02395967147325,0.0442));
#7006=CARTESIAN_POINT('',(0.,0.,0.0474));
#7007=CARTESIAN_POINT('',(-0.0049847086213303,0.02395967147325,0.0474));
#7008=CARTESIAN_POINT('',(-0.00498470862133026,0.02395967147325,0.0472));
#7009=CARTESIAN_POINT('',(-0.00498470862133027,0.02395967147325,0.0442));
#7010=CARTESIAN_POINT('',(0.,0.,0.0442));
#7011=CARTESIAN_POINT('',(-0.00512841267515271,0.0237241505713675,0.0472));
#7012=CARTESIAN_POINT('',(-0.00527211672897516,0.023488629669485,0.0472));
#7013=CARTESIAN_POINT('',(-0.00527211672897516,0.023488629669485,0.0474));
#7014=CARTESIAN_POINT('',(-0.00527211672897516,0.023488629669485,0.0442));
#7015=CARTESIAN_POINT('',(-0.0142056522911321,0.00884718917680067,0.0442));
#7016=CARTESIAN_POINT('',(-0.00970694908254891,0.0162202493571103,0.0474));
#7017=CARTESIAN_POINT('',(-0.00537564434701616,0.0238750000000006,0.0472));
#7018=CARTESIAN_POINT('',(-0.00360352761803941,0.0172613703305164,0.0472));
#7019=CARTESIAN_POINT('',(-0.00360352761803941,0.0172613703305164,0.0442));
#7020=CARTESIAN_POINT('',(-0.00360352761803941,0.0172613703305164,0.0474));
#7021=CARTESIAN_POINT('',(-0.00537564434701616,0.0238750000000006,0.0442));
#7022=CARTESIAN_POINT('',(-0.00221121940181871,0.0120652053277849,0.0474));
#7023=CARTESIAN_POINT('',(-0.00335547342874223,0.0171065268737604,0.0472));
#7024=CARTESIAN_POINT('',(-0.00310741923944504,0.0169516834170044,0.0472));
#7025=CARTESIAN_POINT('',(-0.00310741923944511,0.0169516834170044,0.0474));
#7026=CARTESIAN_POINT('',(-0.00310741923944507,0.0169516834170044,0.0442));
#7027=CARTESIAN_POINT('',(0.00623886070965286,0.0111174328476909,0.0442));
#7028=CARTESIAN_POINT('',(0.00169391281239197,0.0139545364869472,0.0474));
#7029=CARTESIAN_POINT('',(0.,0.,0.0472));
#7030=CARTESIAN_POINT('',(0.00310741923944815,0.0169516834170038,0.0472));
#7031=CARTESIAN_POINT('',(0.00310741923944817,0.0169516834170038,0.0442));
#7032=CARTESIAN_POINT('',(0.00310741923944818,0.0169516834170038,0.0474));
#7033=CARTESIAN_POINT('',(0.,0.,0.0442));
#7034=CARTESIAN_POINT('',(0.,0.,0.0474));
#7035=CARTESIAN_POINT('',(0.00335547342874519,0.0171065268737598,0.0472));
#7036=CARTESIAN_POINT('',(0.00360352761803911,0.0172613703305139,0.0472));
#7037=CARTESIAN_POINT('',(0.00360352761804225,0.0172613703305158,0.0474));
#7038=CARTESIAN_POINT('',(0.00360352761804225,0.0172613703305158,0.0442));
#7039=CARTESIAN_POINT('',(-0.00623886070965207,0.0111174328476865,0.0442));
#7040=CARTESIAN_POINT('',(-0.00169391281239036,0.0139545364869445,0.0474));
#7041=CARTESIAN_POINT('',(-0.00728205543377412,-0.0233641786888621,0.0472));
#7042=CARTESIAN_POINT('',(0.00527211672897554,0.0234886296694846,0.0472));
#7043=CARTESIAN_POINT('',(0.00527211672897529,0.023488629669485,0.0442));
#7044=CARTESIAN_POINT('',(0.00527211672897529,0.023488629669485,0.0474));
#7045=CARTESIAN_POINT('',(-0.00601218683181399,-0.0186249645474106,0.0442));
#7046=CARTESIAN_POINT('',(-0.00728205543377412,-0.0233641786888621,0.0474));
#7047=CARTESIAN_POINT('',(0.00512841267515277,0.0237241505713675,0.0472));
#7048=CARTESIAN_POINT('',(0.0142056522911337,0.0088471891768048,0.0442));
#7049=CARTESIAN_POINT('',(0.00970694908254958,0.0162202493571126,0.0474));
#7050=CARTESIAN_POINT('',(0.,0.,0.0472));
#7051=CARTESIAN_POINT('',(-0.00766295144008965,0.023242038472829,0.0472));
#7052=CARTESIAN_POINT('',(-0.00766295144008971,0.023242038472829,0.0474));
#7053=CARTESIAN_POINT('',(-0.0076629514400897,0.023242038472829,0.0442));
#7054=CARTESIAN_POINT('',(0.,0.,0.0474));
#7055=CARTESIAN_POINT('',(-0.0162967200331603,0.0182573298514987,0.0474));
#7056=CARTESIAN_POINT('',(-0.0162967200331603,0.0182573298514987,0.0472));
#7057=CARTESIAN_POINT('',(-0.0162967200331604,0.0182573298514987,0.0442));
#7058=CARTESIAN_POINT('',(0.,0.,0.0442));
#7059=CARTESIAN_POINT('',(-0.0163034109434561,0.017981510740435,0.0472));
#7060=CARTESIAN_POINT('',(-0.0163101018537519,0.0177056916293713,0.0472));
#7061=CARTESIAN_POINT('',(-0.0163101018537519,0.0177056916293713,0.0474));
#7062=CARTESIAN_POINT('',(-0.0163101018537519,0.0177056916293713,0.0442));
#7063=CARTESIAN_POINT('',(-0.0167618896748515,-0.000918338539390712,0.0442));
#7064=CARTESIAN_POINT('',(-0.0165165891772845,0.00919367345770125,0.0474));
#7065=CARTESIAN_POINT('',(-0.0165929445662265,0.0179885343418459,0.0472));
#7066=CARTESIAN_POINT('',(-0.0117514316257191,0.0131470214013385,0.0472));
#7067=CARTESIAN_POINT('',(-0.0117514316257191,0.0131470214013385,0.0442));
#7068=CARTESIAN_POINT('',(-0.0117514316257191,0.0131470214013385,0.0474));
#7069=CARTESIAN_POINT('',(-0.0165929445662265,0.0179885343418459,0.0442));
#7070=CARTESIAN_POINT('',(-0.00794757483920849,0.00934316461482774,0.0474));
#7071=CARTESIAN_POINT('',(-0.0114591886678946,0.0131369501288265,0.0472));
#7072=CARTESIAN_POINT('',(-0.0111669457100702,0.0131268788563146,0.0472));
#7073=CARTESIAN_POINT('',(-0.0111669457100701,0.0131268788563146,0.0474));
#7074=CARTESIAN_POINT('',(-0.0111669457100702,0.0131268788563146,0.0442));
#7075=CARTESIAN_POINT('',(-0.00516202525580539,0.012919937375988,0.0442));
#7076=CARTESIAN_POINT('',(-0.00551029671614623,0.0129319395019292,0.0474));
#7077=CARTESIAN_POINT('',(0.,0.,0.0472));
#7078=CARTESIAN_POINT('',(-0.00578473770693131,0.0162342980957608,0.0472));
#7079=CARTESIAN_POINT('',(-0.00578473770693129,0.0162342980957608,0.0442));
#7080=CARTESIAN_POINT('',(-0.0057847377069313,0.0162342980957608,0.0474));
#7081=CARTESIAN_POINT('',(0.,0.,0.0442));
#7082=CARTESIAN_POINT('',(0.,0.,0.0474));
#7083=CARTESIAN_POINT('',(-0.00564733820586289,0.0164924235575698,0.0472));
#7084=CARTESIAN_POINT('',(-0.00550993870479447,0.0167505490193788,0.0472));
#7085=CARTESIAN_POINT('',(-0.00550993870479447,0.0167505490193788,0.0474));
#7086=CARTESIAN_POINT('',(-0.00550993870479447,0.0167505490193788,0.0442));
#7087=CARTESIAN_POINT('',(-0.0126409162077173,0.00335394388778382,0.0442));
#7088=CARTESIAN_POINT('',(-0.00844423977079827,0.0112380266895357,0.0474));
#7089=CARTESIAN_POINT('',(-0.00540641108675348,0.0163641786888639,0.0472));
#7090=CARTESIAN_POINT('',(-0.00717852781573297,0.0229778083583465,0.0472));
#7091=CARTESIAN_POINT('',(-0.00717852781573297,0.0229778083583465,0.0442));
#7092=CARTESIAN_POINT('',(-0.00717852781573297,0.0229778083583465,0.0474));
#7093=CARTESIAN_POINT('',(-0.00540641108675348,0.0163641786888639,0.0442));
#7094=CARTESIAN_POINT('',(-0.00317980831506101,0.00805438401664849,0.0474));
#7095=CARTESIAN_POINT('',(-0.00742073962791135,0.0231099234155878,0.0472));
#7096=CARTESIAN_POINT('',(0.00454974253118889,0.0165805930686015,0.0442));
#7097=CARTESIAN_POINT('',(0.000296339820173687,0.0189006225402525,0.0474));
#7098=CARTESIAN_POINT('',(0.,0.,0.046));
#7099=CARTESIAN_POINT('',(0.,0.,0.0442));
#7100=CARTESIAN_POINT('',(-0.00318747549010184,0.0253,0.0442));
#7101=CARTESIAN_POINT('',(-0.0253,0.00318747549010184,0.0442));
#7102=CARTESIAN_POINT('',(-0.0253,0.00318747549010184,0.046));
#7103=CARTESIAN_POINT('',(-0.00318747549010184,0.0253,0.046));
#7104=CARTESIAN_POINT('',(0.,0.,0.0472));
#7105=CARTESIAN_POINT('',(-0.0182573298514987,0.0162967200331604,0.0472));
#7106=CARTESIAN_POINT('',(-0.0182573298514987,0.0162967200331604,0.0474));
#7107=CARTESIAN_POINT('',(-0.0182573298514987,0.0162967200331603,0.0442));
#7108=CARTESIAN_POINT('',(0.,0.,0.0474));
#7109=CARTESIAN_POINT('',(-0.023242038472829,0.00766295144008968,0.0474));
#7110=CARTESIAN_POINT('',(-0.023242038472829,0.00766295144008973,0.0472));
#7111=CARTESIAN_POINT('',(-0.023242038472829,0.00766295144008966,0.0442));
#7112=CARTESIAN_POINT('',(0.,0.,0.0442));
#7113=CARTESIAN_POINT('',(-0.0231099234155877,0.00742073962791142,0.0472));
#7114=CARTESIAN_POINT('',(-0.0229778083583465,0.00717852781573311,0.0472));
#7115=CARTESIAN_POINT('',(-0.0229778083583465,0.00717852781573311,0.0474));
#7116=CARTESIAN_POINT('',(-0.0229778083583465,0.00717852781573311,0.0442));
#7117=CARTESIAN_POINT('',(-0.0146472198292338,-0.00809427292539166,0.0442));
#7118=CARTESIAN_POINT('',(-0.0189006225402501,-0.000296339820174282,0.0474));
#7119=CARTESIAN_POINT('',(-0.0233641786888621,0.00728205543377412,0.0472));
#7120=CARTESIAN_POINT('',(-0.0167505490193779,0.00550993870479723,0.0472));
#7121=CARTESIAN_POINT('',(-0.0167505490193779,0.00550993870479723,0.0442));
#7122=CARTESIAN_POINT('',(-0.0167505490193779,0.00550993870479723,0.0474));
#7123=CARTESIAN_POINT('',(-0.0233641786888621,0.00728205543377412,0.0442));
#7124=CARTESIAN_POINT('',(-0.0115543840166464,0.00411763048857643,0.0474));
#7125=CARTESIAN_POINT('',(-0.0164924235575688,0.00564733820586574,0.0472));
#7126=CARTESIAN_POINT('',(-0.0162342980957598,0.00578473770693424,0.0472));
#7127=CARTESIAN_POINT('',(-0.0162342980957597,0.00578473770693423,0.0474));
#7128=CARTESIAN_POINT('',(-0.0162342980957598,0.00578473770693421,0.0442));
#7129=CARTESIAN_POINT('',(-0.0154347031264571,0.00621035999568123,0.0442));
#7130=CARTESIAN_POINT('',(-0.0112380266895371,0.008444239770801,0.0474));
#7131=CARTESIAN_POINT('',(0.,0.,0.0472));
#7132=CARTESIAN_POINT('',(-0.0131268788563126,0.0111669457100725,0.0472));
#7133=CARTESIAN_POINT('',(-0.0131268788563126,0.0111669457100725,0.0442));
#7134=CARTESIAN_POINT('',(-0.0131268788563126,0.0111669457100725,0.0474));
#7135=CARTESIAN_POINT('',(0.,0.,0.0442));
#7136=CARTESIAN_POINT('',(0.,0.,0.0474));
#7137=CARTESIAN_POINT('',(-0.0131369501288246,0.0114591886678969,0.0472));
#7138=CARTESIAN_POINT('',(-0.0131470214013365,0.0117514316257213,0.0472));
#7139=CARTESIAN_POINT('',(-0.0131470214013365,0.0117514316257213,0.0474));
#7140=CARTESIAN_POINT('',(-0.0131470214013365,0.0117514316257213,0.0442));
#7141=CARTESIAN_POINT('',(-0.0125836680415833,-0.00459566373478262,0.0442));
#7142=CARTESIAN_POINT('',(-0.012931939501926,0.00551029671614628,0.0474));
#7143=CARTESIAN_POINT('',(-0.0128641786888623,0.0114685889132473,0.0472));
#7144=CARTESIAN_POINT('',(-0.0177056916293712,0.016310101853752,0.0472));
#7145=CARTESIAN_POINT('',(-0.0177056916293712,0.016310101853752,0.0442));
#7146=CARTESIAN_POINT('',(-0.0177056916293712,0.016310101853752,0.0474));
#7147=CARTESIAN_POINT('',(-0.0128641786888623,0.0114685889132473,0.0442));
#7148=CARTESIAN_POINT('',(-0.00678098678833207,0.00538539701272243,0.0474));
#7149=CARTESIAN_POINT('',(-0.017981510740435,0.0163034109434562,0.0472));
#7150=CARTESIAN_POINT('',(-0.00943897395527189,0.016510638597508,0.0442));
#7151=CARTESIAN_POINT('',(-0.00919367345770295,0.0165165891772863,0.0474));
#7152=CARTESIAN_POINT('',(0.,0.,0.0472));
#7153=CARTESIAN_POINT('',(-0.02395967147325,0.00498470862133026,0.0472));
#7154=CARTESIAN_POINT('',(-0.02395967147325,0.00498470862133025,0.0474));
#7155=CARTESIAN_POINT('',(-0.02395967147325,0.00498470862133028,0.0442));
#7156=CARTESIAN_POINT('',(0.,0.,0.0474));
#7157=CARTESIAN_POINT('',(-0.02395967147325,-0.00498470862133031,0.0474));
#7158=CARTESIAN_POINT('',(-0.02395967147325,-0.00498470862133026,0.0472));
#7159=CARTESIAN_POINT('',(-0.02395967147325,-0.00498470862133029,0.0442));
#7160=CARTESIAN_POINT('',(0.,0.,0.0442));
#7161=CARTESIAN_POINT('',(-0.0237241505713675,-0.00512841267515271,0.0472));
#7162=CARTESIAN_POINT('',(-0.023488629669485,-0.00527211672897516,0.0472));
#7163=CARTESIAN_POINT('',(-0.023488629669485,-0.00527211672897516,0.0474));
#7164=CARTESIAN_POINT('',(-0.023488629669485,-0.00527211672897516,0.0442));
#7165=CARTESIAN_POINT('',(-0.0117215461485271,-0.0124518514791094,0.0442));
#7166=CARTESIAN_POINT('',(-0.0162202493571103,-0.0097069490825489,0.0474));
#7167=CARTESIAN_POINT('',(-0.0238750000000006,-0.00537564434701616,0.0472));
#7168=CARTESIAN_POINT('',(-0.0172613703305164,-0.00360352761803941,0.0472));
#7169=CARTESIAN_POINT('',(-0.0172613703305164,-0.00360352761803941,0.0442));
#7170=CARTESIAN_POINT('',(-0.0172613703305164,-0.00360352761803941,0.0474));
#7171=CARTESIAN_POINT('',(-0.0238750000000006,-0.00537564434701616,0.0442));
#7172=CARTESIAN_POINT('',(-0.0120652053277849,-0.00221121940181871,0.0474));
#7173=CARTESIAN_POINT('',(-0.0171065268737604,-0.00335547342874223,0.0472));
#7174=CARTESIAN_POINT('',(-0.0169516834170044,-0.00310741923944504,0.0472));
#7175=CARTESIAN_POINT('',(-0.0169516834170044,-0.00310741923944504,0.0474));
#7176=CARTESIAN_POINT('',(-0.0169516834170044,-0.00310741923944511,0.0442));
#7177=CARTESIAN_POINT('',(-0.0184994843842081,-0.00558694612522183,0.0442));
#7178=CARTESIAN_POINT('',(-0.0139545364869473,0.00169391281239197,0.0474));
#7179=CARTESIAN_POINT('',(0.,0.,0.0472));
#7180=CARTESIAN_POINT('',(-0.0169516834170038,0.00310741923944815,0.0472));
#7181=CARTESIAN_POINT('',(-0.0169516834170038,0.00310741923944816,0.0442));
#7182=CARTESIAN_POINT('',(-0.0169516834170038,0.00310741923944819,0.0474));
#7183=CARTESIAN_POINT('',(0.,0.,0.0442));
#7184=CARTESIAN_POINT('',(0.,0.,0.0474));
#7185=CARTESIAN_POINT('',(-0.0171065268737598,0.00335547342874519,0.0472));
#7186=CARTESIAN_POINT('',(-0.0172613703305158,0.00360352761804225,0.0472));
#7187=CARTESIAN_POINT('',(-0.0172613703305158,0.00360352761804225,0.0474));
#7188=CARTESIAN_POINT('',(-0.0172613703305158,0.00360352761804225,0.0442));
#7189=CARTESIAN_POINT('',(-0.00940958858968284,-0.00897477175000247,0.0442));
#7190=CARTESIAN_POINT('',(-0.0139545364869445,-0.00169391281239036,0.0474));
#7191=CARTESIAN_POINT('',(-0.0168750000000008,0.0035000000000016,0.0472));
#7192=CARTESIAN_POINT('',(-0.023488629669485,0.00527211672897529,0.0472));
#7193=CARTESIAN_POINT('',(-0.023488629669485,0.00527211672897529,0.0442));
#7194=CARTESIAN_POINT('',(-0.023488629669485,0.00527211672897529,0.0474));
#7195=CARTESIAN_POINT('',(-0.0168750000000008,0.0035000000000016,0.0442));
#7196=CARTESIAN_POINT('',(-0.00856520532778344,0.00127339722831642,0.0474));
#7197=CARTESIAN_POINT('',(-0.0237241505713675,0.00512841267515277,0.0472));
#7198=CARTESIAN_POINT('',(-0.0207189525656968,0.00696204668598724,0.0442));
#7199=CARTESIAN_POINT('',(-0.0162202493571126,0.00970694908254958,0.0474));
#7200=CARTESIAN_POINT('',(0.,0.,0.0472));
#7201=CARTESIAN_POINT('',(-0.023242038472829,-0.00766295144008965,0.0472));
#7202=CARTESIAN_POINT('',(-0.023242038472829,-0.00766295144008966,0.0474));
#7203=CARTESIAN_POINT('',(-0.023242038472829,-0.00766295144008972,0.0442));
#7204=CARTESIAN_POINT('',(0.,0.,0.0474));
#7205=CARTESIAN_POINT('',(-0.0182573298514987,-0.0162967200331604,0.0474));
#7206=CARTESIAN_POINT('',(-0.0182573298514987,-0.0162967200331603,0.0472));
#7207=CARTESIAN_POINT('',(-0.0182573298514987,-0.0162967200331604,0.0442));
#7208=CARTESIAN_POINT('',(0.,0.,0.0442));
#7209=CARTESIAN_POINT('',(-0.0179815107404351,-0.0163034109434561,0.0472));
#7210=CARTESIAN_POINT('',(-0.0177056916293713,-0.0163101018537519,0.0472));
#7211=CARTESIAN_POINT('',(-0.0177056916293713,-0.0163101018537519,0.0474));
#7212=CARTESIAN_POINT('',(-0.0177056916293713,-0.0163101018537519,0.0442));
#7213=CARTESIAN_POINT('',(-0.00894837296013434,-0.0165225397570627,0.0442));
#7214=CARTESIAN_POINT('',(-0.00919367345770122,-0.0165165891772845,0.0474));
#7215=CARTESIAN_POINT('',(-0.017988534341846,-0.0165929445662265,0.0472));
#7216=CARTESIAN_POINT('',(-0.0131470214013385,-0.0117514316257191,0.0472));
#7217=CARTESIAN_POINT('',(-0.0131470214013385,-0.0117514316257191,0.0442));
#7218=CARTESIAN_POINT('',(-0.0131470214013385,-0.0117514316257191,0.0474));
#7219=CARTESIAN_POINT('',(-0.017988534341846,-0.0165929445662265,0.0442));
#7220=CARTESIAN_POINT('',(-0.00934316461482775,-0.00794757483920848,0.0474));
#7221=CARTESIAN_POINT('',(-0.0131369501288266,-0.0114591886678946,0.0472));
#7222=CARTESIAN_POINT('',(-0.0131268788563147,-0.0111669457100701,0.0472));
#7223=CARTESIAN_POINT('',(-0.0131268788563147,-0.0111669457100701,0.0474));
#7224=CARTESIAN_POINT('',(-0.0131268788563147,-0.0111669457100701,0.0442));
#7225=CARTESIAN_POINT('',(-0.01328021096227,-0.0156162571670753,0.0442));
#7226=CARTESIAN_POINT('',(-0.0129319395019292,-0.00551029671614625,0.0474));
#7227=CARTESIAN_POINT('',(0.,0.,0.0472));
#7228=CARTESIAN_POINT('',(-0.0162342980957608,-0.0057847377069313,0.0472));
#7229=CARTESIAN_POINT('',(-0.0162342980957608,-0.00578473770693132,0.0442));
#7230=CARTESIAN_POINT('',(-0.0162342980957608,-0.00578473770693129,0.0474));
#7231=CARTESIAN_POINT('',(0.,0.,0.0442));
#7232=CARTESIAN_POINT('',(0.,0.,0.0474));
#7233=CARTESIAN_POINT('',(-0.0164924235575698,-0.00564733820586288,0.0472));
#7234=CARTESIAN_POINT('',(-0.0167505490193788,-0.00550993870479446,0.0472));
#7235=CARTESIAN_POINT('',(-0.0167505490193788,-0.00550993870479446,0.0474));
#7236=CARTESIAN_POINT('',(-0.0167505490193788,-0.00550993870479446,0.0442));
#7237=CARTESIAN_POINT('',(-0.00704135025261664,-0.0106781195459166,0.0442));
#7238=CARTESIAN_POINT('',(-0.0112380266895357,-0.00844423977079826,0.0474));
#7239=CARTESIAN_POINT('',(-0.0163641786888639,-0.00540641108675347,0.0472));
#7240=CARTESIAN_POINT('',(-0.0229778083583465,-0.00717852781573296,0.0472));
#7241=CARTESIAN_POINT('',(-0.0229778083583465,-0.00717852781573296,0.0442));
#7242=CARTESIAN_POINT('',(-0.0229778083583465,-0.00717852781573296,0.0474));
#7243=CARTESIAN_POINT('',(-0.0163641786888639,-0.00540641108675347,0.0442));
#7244=CARTESIAN_POINT('',(-0.00805438401664849,-0.003179808315061,0.0474));
#7245=CARTESIAN_POINT('',(-0.0231099234155878,-0.00742073962791134,0.0472));
#7246=CARTESIAN_POINT('',(-0.0231540252512677,-0.00750159328504546,0.0442));
#7247=CARTESIAN_POINT('',(-0.0189006225402526,0.000296339820173683,0.0474));
#7248=CARTESIAN_POINT('',(0.,0.,0.0472));
#7249=CARTESIAN_POINT('',(-0.0162967200331603,-0.0182573298514988,0.0472));
#7250=CARTESIAN_POINT('',(-0.0162967200331603,-0.0182573298514988,0.0474));
#7251=CARTESIAN_POINT('',(-0.0162967200331603,-0.0182573298514988,0.0442));
#7252=CARTESIAN_POINT('',(0.,0.,0.0474));
#7253=CARTESIAN_POINT('',(-0.00766295144008973,-0.023242038472829,0.0474));
#7254=CARTESIAN_POINT('',(-0.00766295144008973,-0.023242038472829,0.0472));
#7255=CARTESIAN_POINT('',(-0.00766295144008973,-0.023242038472829,0.0442));
#7256=CARTESIAN_POINT('',(0.,0.,0.0442));
#7257=CARTESIAN_POINT('',(-0.00742073962791142,-0.0231099234155877,0.0472));
#7258=CARTESIAN_POINT('',(-0.00717852781573311,-0.0229778083583465,0.0472));
#7259=CARTESIAN_POINT('',(-0.00717852781573311,-0.0229778083583465,0.0474));
#7260=CARTESIAN_POINT('',(-0.00717852781573311,-0.0229778083583465,0.0442));
#7261=CARTESIAN_POINT('',(-0.00395706289084205,-0.0212206520119028,0.0442));
#7262=CARTESIAN_POINT('',(0.000296339820174282,-0.0189006225402501,0.0474));
#7263=CARTESIAN_POINT('',(-0.00728205543377412,-0.0233641786888621,0.0472));
#7264=CARTESIAN_POINT('',(-0.00550993870479723,-0.0167505490193779,0.0472));
#7265=CARTESIAN_POINT('',(-0.00550993870479723,-0.0167505490193779,0.0442));
#7266=CARTESIAN_POINT('',(-0.00550993870479723,-0.0167505490193779,0.0474));
#7267=CARTESIAN_POINT('',(-0.00728205543377412,-0.0233641786888621,0.0442));
#7268=CARTESIAN_POINT('',(-0.00411763048857643,-0.0115543840166464,0.0474));
#7269=CARTESIAN_POINT('',(-0.00564733820586574,-0.0164924235575688,0.0472));
#7270=CARTESIAN_POINT('',(-0.00578473770693425,-0.0162342980957597,0.0472));
#7271=CARTESIAN_POINT('',(-0.00578473770693425,-0.0162342980957597,0.0474));
#7272=CARTESIAN_POINT('',(-0.00578473770693425,-0.0162342980957597,0.0442));
#7273=CARTESIAN_POINT('',(-0.00424756333388098,-0.0191221094912875,0.0442));
#7274=CARTESIAN_POINT('',(-0.008444239770801,-0.0112380266895371,0.0474));
#7275=CARTESIAN_POINT('',(0.,0.,0.0472));
#7276=CARTESIAN_POINT('',(-0.0111669457100725,-0.0131268788563126,0.0472));
#7277=CARTESIAN_POINT('',(-0.0111669457100725,-0.0131268788563126,0.0442));
#7278=CARTESIAN_POINT('',(-0.0111669457100725,-0.0131268788563126,0.0474));
#7279=CARTESIAN_POINT('',(0.,0.,0.0442));
#7280=CARTESIAN_POINT('',(0.,0.,0.0474));
#7281=CARTESIAN_POINT('',(-0.0114591886678969,-0.0131369501288246,0.0472));
#7282=CARTESIAN_POINT('',(-0.0117514316257213,-0.0131470214013365,0.0472));
#7283=CARTESIAN_POINT('',(-0.0117514316257213,-0.0131470214013365,0.0474));
#7284=CARTESIAN_POINT('',(-0.0117514316257213,-0.0131470214013365,0.0442));
#7285=CARTESIAN_POINT('',(-0.00585856817648897,-0.0129439416278673,0.0442));
#7286=CARTESIAN_POINT('',(-0.00551029671614628,-0.012931939501926,0.0474));
#7287=CARTESIAN_POINT('',(-0.0114685889132473,-0.0128641786888623,0.0472));
#7288=CARTESIAN_POINT('',(-0.016310101853752,-0.0177056916293712,0.0472));
#7289=CARTESIAN_POINT('',(-0.016310101853752,-0.0177056916293712,0.0442));
#7290=CARTESIAN_POINT('',(-0.016310101853752,-0.0177056916293712,0.0474));
#7291=CARTESIAN_POINT('',(-0.0114685889132473,-0.0128641786888623,0.0442));
#7292=CARTESIAN_POINT('',(-0.00538539701272243,-0.00678098678833207,0.0474));
#7293=CARTESIAN_POINT('',(-0.0163034109434562,-0.017981510740435,0.0472));
#7294=CARTESIAN_POINT('',(-0.0162712886797174,-0.0193056854547948,0.0442));
#7295=CARTESIAN_POINT('',(-0.0165165891772863,-0.00919367345770295,0.0474));
#7296=CARTESIAN_POINT('',(0.,0.,0.0472));
#7297=CARTESIAN_POINT('',(0.,0.,0.0452));
#7298=CARTESIAN_POINT('',(0.0155,0.,0.0452));
#7299=CARTESIAN_POINT('',(-3.33066907387547E-18,-0.0202359251537403,0.0442));
#7300=CARTESIAN_POINT('',(0.,0.,0.0442));
#7301=CARTESIAN_POINT('',(0.0165,0.,0.0442));
#7302=CARTESIAN_POINT('',(-3.95083937898693E-18,-0.0253,0.0442));
#7303=CARTESIAN_POINT('',(-0.0253,-0.0202359251537403,0.0442));
#7304=CARTESIAN_POINT('',(-3.33066907387547E-18,0.0253,0.0442));
#7305=CARTESIAN_POINT('',(0.0253,-0.0202359251537403,0.0442));
#7306=CARTESIAN_POINT('',(0.,0.,0.0447));
#7307=CARTESIAN_POINT('',(-0.0265,-0.0253,0.046));
#7308=CARTESIAN_POINT('',(-0.0145,-0.0253,0.046));
#7309=CARTESIAN_POINT('',(-0.0145,-0.0253,0.0406));
#7310=CARTESIAN_POINT('',(-0.0265,-0.0253,0.0422));
#7311=CARTESIAN_POINT('',(0.0145,-0.0253,0.0422));
#7312=CARTESIAN_POINT('',(0.0145,-0.0253,0.046));
#7313=CARTESIAN_POINT('',(0.0145,-0.0253,0.0406));
#7314=CARTESIAN_POINT('',(-6.22120573966854E-18,-0.0253,0.0406));
#7315=CARTESIAN_POINT('',(0.019779828986681,-0.019779828986681,0.0422));
#7316=CARTESIAN_POINT('',(0.0145,-0.0145,0.0422));
#7317=CARTESIAN_POINT('',(0.0253,-0.0145,0.0422));
#7318=CARTESIAN_POINT('',(0.0253,-0.0265,0.0422));
#7319=CARTESIAN_POINT('',(0.0145,-0.0145,0.046));
#7320=CARTESIAN_POINT('',(0.0253,-0.0145,0.046));
#7321=CARTESIAN_POINT('',(0.0253,-0.0145,0.0406));
#7322=CARTESIAN_POINT('',(0.0145,-0.0145,0.0406));
#7323=CARTESIAN_POINT('',(0.0253,-0.0265,0.046));
#7324=CARTESIAN_POINT('',(0.0253,0.0145,0.046));
#7325=CARTESIAN_POINT('',(0.0253,0.0145,0.0406));
#7326=CARTESIAN_POINT('',(0.0253,0.0255,0.0406));
#7327=CARTESIAN_POINT('',(0.0145,0.0145,0.046));
#7328=CARTESIAN_POINT('',(0.0145,0.0253,0.046));
#7329=CARTESIAN_POINT('',(0.0145,0.0253,0.0406));
#7330=CARTESIAN_POINT('',(0.0145,0.0145,0.0406));
#7331=CARTESIAN_POINT('',(0.0265,0.0253,0.046));
#7332=CARTESIAN_POINT('',(-0.0145,0.0253,0.046));
#7333=CARTESIAN_POINT('',(-0.0145,0.0253,0.0406));
#7334=CARTESIAN_POINT('',(0.,0.0253,0.0406));
#7335=CARTESIAN_POINT('',(-0.0145,0.0145,0.046));
#7336=CARTESIAN_POINT('',(-0.0253,0.0145,0.046));
#7337=CARTESIAN_POINT('',(-0.0253,0.0145,0.0406));
#7338=CARTESIAN_POINT('',(-0.0145,0.0145,0.0406));
#7339=CARTESIAN_POINT('',(-0.0253,0.0265,0.046));
#7340=CARTESIAN_POINT('',(-0.0253,-0.0145,0.046));
#7341=CARTESIAN_POINT('',(-0.0253,-0.0145,0.0406));
#7342=CARTESIAN_POINT('',(-0.0253,0.0255,0.0406));
#7343=CARTESIAN_POINT('',(-0.0145,-0.0145,0.046));
#7344=CARTESIAN_POINT('',(-0.0145,-0.0145,0.0406));
#7345=CARTESIAN_POINT('',(0.0145,-0.0145,0.046));
#7346=CARTESIAN_POINT('',(0.0145,-0.0145,0.0406));
#7347=CARTESIAN_POINT('',(0.0145,-0.0265,0.0406));
#7348=CARTESIAN_POINT('',(0.0145,-0.0265,0.046));
#7349=CARTESIAN_POINT('',(0.0145,0.0145,0.046));
#7350=CARTESIAN_POINT('',(0.0145,0.0145,0.0406));
#7351=CARTESIAN_POINT('',(0.0145,0.0265,0.0406));
#7352=CARTESIAN_POINT('',(0.0145,0.0265,0.046));
#7353=CARTESIAN_POINT('',(-0.0265,0.0265,0.046));
#7354=CARTESIAN_POINT('',(-0.0145,0.0265,0.046));
#7355=CARTESIAN_POINT('',(-0.0145,0.0265,0.0406));
#7356=CARTESIAN_POINT('',(0.0265,0.0265,0.0406));
#7357=CARTESIAN_POINT('',(-0.0145,0.0145,0.046));
#7358=CARTESIAN_POINT('',(-0.0145,0.0145,0.0406));
#7359=CARTESIAN_POINT('',(0.,0.0255,0.0406));
#7360=CARTESIAN_POINT('',(-0.0145,-0.0145,0.0406));
#7361=CARTESIAN_POINT('',(-0.0145,-0.0265,0.0406));
#7362=CARTESIAN_POINT('',(-0.0265,-0.0265,0.0406));
#7363=CARTESIAN_POINT('',(-0.0245,-0.0265,0.046));
#7364=CARTESIAN_POINT('',(-0.0145,-0.0265,0.046));
#7365=CARTESIAN_POINT('',(-0.0145,-0.0145,0.046));
#7366=CARTESIAN_POINT('',(0.,0.,0.0474));
#7367=CARTESIAN_POINT('',(0.,0.,0.0474));
#7368=CARTESIAN_POINT('',(0.,0.,0.0474));
#7369=CARTESIAN_POINT('',(0.,0.,0.0474));
#7370=CARTESIAN_POINT('',(0.,0.,0.0474));
#7371=CARTESIAN_POINT('',(0.,0.,0.0474));
#7372=CARTESIAN_POINT('',(0.,0.,0.0474));
#7373=CARTESIAN_POINT('',(0.,0.,0.0474));
#7374=CARTESIAN_POINT('',(0.,0.,0.0474));
#7375=CARTESIAN_POINT('',(0.,0.,0.0474));
#7376=CARTESIAN_POINT('',(0.,0.,0.0474));
#7377=CARTESIAN_POINT('',(0.,0.,0.0474));
#7378=MECHANICAL_DESIGN_GEOMETRIC_PRESENTATION_REPRESENTATION('',(#4532),
#7379);
#7379=(
GEOMETRIC_REPRESENTATION_CONTEXT(3)
GLOBAL_UNCERTAINTY_ASSIGNED_CONTEXT((#7380))
GLOBAL_UNIT_ASSIGNED_CONTEXT((#7383,#7382,#7381))
REPRESENTATION_CONTEXT('Toplights','TOP_LEVEL_ASSEMBLY_PART')
);
#7380=UNCERTAINTY_MEASURE_WITH_UNIT(LENGTH_MEASURE(1.E-6),#7383,
'DISTANCE_ACCURACY_VALUE','Maximum Tolerance applied to model');
#7381=(
NAMED_UNIT(*)
SI_UNIT($,.STERADIAN.)
SOLID_ANGLE_UNIT()
);
#7382=(
NAMED_UNIT(*)
PLANE_ANGLE_UNIT()
SI_UNIT($,.RADIAN.)
);
#7383=(
LENGTH_UNIT()
NAMED_UNIT(*)
SI_UNIT($,.METRE.)
);
#7384=PRODUCT_DEFINITION_SHAPE('','',#7385);
#7385=PRODUCT_DEFINITION('','',#7387,#7386);
#7386=PRODUCT_DEFINITION_CONTEXT('',#7393,'design');
#7387=PRODUCT_DEFINITION_FORMATION_WITH_SPECIFIED_SOURCE('','',#7389,
 .NOT_KNOWN.);
#7388=PRODUCT_RELATED_PRODUCT_CATEGORY('','',(#7389));
#7389=PRODUCT('Toplights','Toplights','Toplights',(#7391));
#7390=PRODUCT_CATEGORY('','');
#7391=PRODUCT_CONTEXT('',#7393,'mechanical');
#7392=APPLICATION_PROTOCOL_DEFINITION('international standard',
'ap242_managed_model_based_3d_engineering',2011,#7393);
#7393=APPLICATION_CONTEXT('managed model based 3d engineering');
ENDSEC;
END-ISO-10303-21;
